model,selection_candidate_metabolites,raw_transcript_genes,expression_signatures,interaction_count,pca_requested_components,pca_training_rank,pca_rank_capped,raw_metabolites,selected_metabolites,selected_signatures,empty_training_features,constant_training_features,transform_learned_parameters,representation_dimension,coefficient_count,target,repeat,outer_fold,selected_alpha,training_samples,test_samples,training_groups,test_groups,target_center,target_scale,training_target_constant,split_digest,elapsed_seconds
direct_neighbor_ridge,0,0,0,0,0,0,False,15,"[""NADP"", ""alanine"", ""arginine"", ""betaine"", ""dimethylglycine"", ""glutamate"", ""glutamine"", ""homocysteine"", ""ornithine"", ""oxalate"", ""proline"", ""sarcosine"", ""serine"", ""uridine"", ""xanthine""]",[],0,0,30,15,16,AMP,0,0,10.0,697,179,16,2,5.876602736441894,0.3500566287910305,False,db1ab3680dcfc2deb10e2511ec28b70b27966d5a436d724be48267bcbf200acf,0.1479644700884819
direct_neighbor_ridge,0,0,0,0,0,0,False,15,"[""NADP"", ""alanine"", ""arginine"", ""betaine"", ""dimethylglycine"", ""glutamate"", ""glutamine"", ""homocysteine"", ""ornithine"", ""oxalate"", ""proline"", ""sarcosine"", ""serine"", ""uridine"", ""xanthine""]",[],0,0,30,15,16,AMP,0,1,0.1,705,171,13,5,6.0308758873758865,0.5084438756529834,False,32d2e2f547f707a9f12d899e65a934275c9f49020e10d214973126d05910ec9c,0.10379288694821298
direct_neighbor_ridge,0,0,0,0,0,0,False,15,"[""NADP"", ""alanine"", ""arginine"", ""betaine"", ""dimethylglycine"", ""glutamate"", ""glutamine"", ""homocysteine"", ""ornithine"", ""oxalate"", ""proline"", ""sarcosine"", ""serine"", ""uridine"", ""xanthine""]",[],0,0,30,15,16,AMP,0,2,0.1,700,176,13,5,6.004757570571429,0.5031283164328217,False,659dce4f66bf4ee0228513d024a4e287e9f1aa3957152332b1483ab0af67cb42,0.08799465908668935
direct_neighbor_ridge,0,0,0,0,0,0,False,15,"[""NADP"", ""alanine"", ""arginine"", ""betaine"", ""dimethylglycine"", ""glutamate"", ""glutamine"", ""homocysteine"", ""ornithine"", ""oxalate"", ""proline"", ""sarcosine"", ""serine"", ""uridine"", ""xanthine""]",[],0,0,30,15,16,AMP,0,3,0.1,702,174,13,5,6.036753952706553,0.5105127136917674,False,9492e163b6ef19b0563b1ce8302b8e8794e2e4c9c8031c62ff9774a3f63f6f58,0.09358696197159588
direct_neighbor_ridge,0,0,0,0,0,0,False,15,"[""NADP"", ""alanine"", ""arginine"", ""betaine"", ""dimethylglycine"", ""glutamate"", ""glutamine"", ""homocysteine"", ""ornithine"", ""oxalate"", ""proline"", ""sarcosine"", ""serine"", ""uridine"", ""xanthine""]",[],0,0,30,15,16,AMP,0,4,0.1,700,176,17,1,6.003706712428572,0.5019081462358086,False,cf9883e99ee1b956d01c2cb42a4d284b982ce23065d3616a5e1cced359e41fb5,0.08214766695164144
direct_neighbor_ridge,0,0,0,0,0,0,False,15,"[""NADP"", ""alanine"", ""arginine"", ""betaine"", ""dimethylglycine"", ""glutamate"", ""glutamine"", ""homocysteine"", ""ornithine"", ""oxalate"", ""proline"", ""sarcosine"", ""serine"", ""uridine"", ""xanthine""]",[],0,0,30,15,16,AMP,1,0,0.1,705,171,13,5,6.0308758873758865,0.5084438756529834,False,32d2e2f547f707a9f12d899e65a934275c9f49020e10d214973126d05910ec9c,0.06480665598064661
direct_neighbor_ridge,0,0,0,0,0,0,False,15,"[""NADP"", ""alanine"", ""arginine"", ""betaine"", ""dimethylglycine"", ""glutamate"", ""glutamine"", ""homocysteine"", ""ornithine"", ""oxalate"", ""proline"", ""sarcosine"", ""serine"", ""uridine"", ""xanthine""]",[],0,0,30,15,16,AMP,1,1,0.1,700,176,17,1,6.003706712428572,0.5019081462358086,False,cf9883e99ee1b956d01c2cb42a4d284b982ce23065d3616a5e1cced359e41fb5,0.06436453689821064
direct_neighbor_ridge,0,0,0,0,0,0,False,15,"[""NADP"", ""alanine"", ""arginine"", ""betaine"", ""dimethylglycine"", ""glutamate"", ""glutamine"", ""homocysteine"", ""ornithine"", ""oxalate"", ""proline"", ""sarcosine"", ""serine"", ""uridine"", ""xanthine""]",[],0,0,30,15,16,AMP,1,2,100.0,697,179,16,2,5.876602736441894,0.3500566287910305,False,db1ab3680dcfc2deb10e2511ec28b70b27966d5a436d724be48267bcbf200acf,0.05740815005265176
direct_neighbor_ridge,0,0,0,0,0,0,False,15,"[""NADP"", ""alanine"", ""arginine"", ""betaine"", ""dimethylglycine"", ""glutamate"", ""glutamine"", ""homocysteine"", ""ornithine"", ""oxalate"", ""proline"", ""sarcosine"", ""serine"", ""uridine"", ""xanthine""]",[],0,0,30,15,16,AMP,1,3,10.0,700,176,13,5,6.004757570571429,0.5031283164328217,False,659dce4f66bf4ee0228513d024a4e287e9f1aa3957152332b1483ab0af67cb42,0.055638086050748825
direct_neighbor_ridge,0,0,0,0,0,0,False,15,"[""NADP"", ""alanine"", ""arginine"", ""betaine"", ""dimethylglycine"", ""glutamate"", ""glutamine"", ""homocysteine"", ""ornithine"", ""oxalate"", ""proline"", ""sarcosine"", ""serine"", ""uridine"", ""xanthine""]",[],0,0,30,15,16,AMP,1,4,10.0,702,174,13,5,6.036753952706553,0.5105127136917674,False,9492e163b6ef19b0563b1ce8302b8e8794e2e4c9c8031c62ff9774a3f63f6f58,0.05760458903387189
direct_neighbor_ridge,0,0,0,0,0,0,False,5,"[""NAD"", ""aconitate"", ""adenine"", ""citrulline"", ""ornithine""]",[],0,0,10,5,6,CMP,0,0,10.0,697,179,16,2,5.881799451219512,0.3375083671874914,False,db1ab3680dcfc2deb10e2511ec28b70b27966d5a436d724be48267bcbf200acf,0.06842117104679346
direct_neighbor_ridge,0,0,0,0,0,0,False,5,"[""NAD"", ""aconitate"", ""adenine"", ""citrulline"", ""ornithine""]",[],0,0,10,5,6,CMP,0,1,10.0,705,171,13,5,6.017746583404255,0.47245130631595555,False,32d2e2f547f707a9f12d899e65a934275c9f49020e10d214973126d05910ec9c,0.0653974439483136
direct_neighbor_ridge,0,0,0,0,0,0,False,5,"[""NAD"", ""aconitate"", ""adenine"", ""citrulline"", ""ornithine""]",[],0,0,10,5,6,CMP,0,2,10.0,700,176,13,5,6.0109321772857145,0.461104447843522,False,659dce4f66bf4ee0228513d024a4e287e9f1aa3957152332b1483ab0af67cb42,0.06145308609120548
direct_neighbor_ridge,0,0,0,0,0,0,False,5,"[""NAD"", ""aconitate"", ""adenine"", ""citrulline"", ""ornithine""]",[],0,0,10,5,6,CMP,0,3,100.0,702,174,13,5,6.029179082051282,0.46845959043845226,False,9492e163b6ef19b0563b1ce8302b8e8794e2e4c9c8031c62ff9774a3f63f6f58,0.06274275411851704
direct_neighbor_ridge,0,0,0,0,0,0,False,5,"[""NAD"", ""aconitate"", ""adenine"", ""citrulline"", ""ornithine""]",[],0,0,10,5,6,CMP,0,4,0.1,700,176,17,1,5.992087687857143,0.4681468933552064,False,cf9883e99ee1b956d01c2cb42a4d284b982ce23065d3616a5e1cced359e41fb5,0.06676611490547657
direct_neighbor_ridge,0,0,0,0,0,0,False,5,"[""NAD"", ""aconitate"", ""adenine"", ""citrulline"", ""ornithine""]",[],0,0,10,5,6,CMP,1,0,10.0,705,171,13,5,6.017746583404255,0.47245130631595555,False,32d2e2f547f707a9f12d899e65a934275c9f49020e10d214973126d05910ec9c,0.06055543618276715
direct_neighbor_ridge,0,0,0,0,0,0,False,5,"[""NAD"", ""aconitate"", ""adenine"", ""citrulline"", ""ornithine""]",[],0,0,10,5,6,CMP,1,1,0.1,700,176,17,1,5.992087687857143,0.4681468933552064,False,cf9883e99ee1b956d01c2cb42a4d284b982ce23065d3616a5e1cced359e41fb5,0.0668707680888474
direct_neighbor_ridge,0,0,0,0,0,0,False,5,"[""NAD"", ""aconitate"", ""adenine"", ""citrulline"", ""ornithine""]",[],0,0,10,5,6,CMP,1,2,100.0,697,179,16,2,5.881799451219512,0.3375083671874914,False,db1ab3680dcfc2deb10e2511ec28b70b27966d5a436d724be48267bcbf200acf,0.0684787081554532
direct_neighbor_ridge,0,0,0,0,0,0,False,5,"[""NAD"", ""aconitate"", ""adenine"", ""citrulline"", ""ornithine""]",[],0,0,10,5,6,CMP,1,3,0.1,700,176,13,5,6.0109321772857145,0.461104447843522,False,659dce4f66bf4ee0228513d024a4e287e9f1aa3957152332b1483ab0af67cb42,0.06216868106275797
direct_neighbor_ridge,0,0,0,0,0,0,False,5,"[""NAD"", ""aconitate"", ""adenine"", ""citrulline"", ""ornithine""]",[],0,0,10,5,6,CMP,1,4,0.1,702,174,13,5,6.029179082051282,0.46845959043845226,False,9492e163b6ef19b0563b1ce8302b8e8794e2e4c9c8031c62ff9774a3f63f6f58,0.07352960295975208
direct_neighbor_ridge,0,0,0,0,0,0,False,5,"[""NAD"", ""aspartate"", ""betaine"", ""glutamate"", ""taurocholate""]",[],0,0,10,5,6,GMP,0,0,0.1,697,179,16,2,5.9022510956958385,0.3718471387264023,False,db1ab3680dcfc2deb10e2511ec28b70b27966d5a436d724be48267bcbf200acf,0.04939896101132035
direct_neighbor_ridge,0,0,0,0,0,0,False,5,"[""NAD"", ""aspartate"", ""betaine"", ""glutamate"", ""taurocholate""]",[],0,0,10,5,6,GMP,0,1,100.0,705,171,13,5,6.010947650212766,0.46377983172504383,False,32d2e2f547f707a9f12d899e65a934275c9f49020e10d214973126d05910ec9c,0.0527858620043844
direct_neighbor_ridge,0,0,0,0,0,0,False,5,"[""NAD"", ""aspartate"", ""betaine"", ""glutamate"", ""taurocholate""]",[],0,0,10,5,6,GMP,0,2,100.0,700,176,13,5,5.9920470568571425,0.45731235719204294,False,659dce4f66bf4ee0228513d024a4e287e9f1aa3957152332b1483ab0af67cb42,0.05080049205571413
direct_neighbor_ridge,0,0,0,0,0,0,False,5,"[""NAD"", ""aspartate"", ""betaine"", ""glutamate"", ""taurocholate""]",[],0,0,10,5,6,GMP,0,3,10.0,702,174,13,5,6.020292437606837,0.468773552378771,False,9492e163b6ef19b0563b1ce8302b8e8794e2e4c9c8031c62ff9774a3f63f6f58,0.05233262898400426
direct_neighbor_ridge,0,0,0,0,0,0,False,5,"[""NAD"", ""aspartate"", ""betaine"", ""glutamate"", ""taurocholate""]",[],0,0,10,5,6,GMP,0,4,100.0,700,176,17,1,5.976454316428572,0.4636214295380626,False,cf9883e99ee1b956d01c2cb42a4d284b982ce23065d3616a5e1cced359e41fb5,0.058090178994461894
direct_neighbor_ridge,0,0,0,0,0,0,False,5,"[""NAD"", ""aspartate"", ""betaine"", ""glutamate"", ""taurocholate""]",[],0,0,10,5,6,GMP,1,0,100.0,705,171,13,5,6.010947650212766,0.46377983172504383,False,32d2e2f547f707a9f12d899e65a934275c9f49020e10d214973126d05910ec9c,0.05675376579165459
direct_neighbor_ridge,0,0,0,0,0,0,False,5,"[""NAD"", ""aspartate"", ""betaine"", ""glutamate"", ""taurocholate""]",[],0,0,10,5,6,GMP,1,1,100.0,700,176,17,1,5.976454316428572,0.4636214295380626,False,cf9883e99ee1b956d01c2cb42a4d284b982ce23065d3616a5e1cced359e41fb5,0.05598028004169464
direct_neighbor_ridge,0,0,0,0,0,0,False,5,"[""NAD"", ""aspartate"", ""betaine"", ""glutamate"", ""taurocholate""]",[],0,0,10,5,6,GMP,1,2,10.0,697,179,16,2,5.9022510956958385,0.3718471387264023,False,db1ab3680dcfc2deb10e2511ec28b70b27966d5a436d724be48267bcbf200acf,0.05666714091785252
direct_neighbor_ridge,0,0,0,0,0,0,False,5,"[""NAD"", ""aspartate"", ""betaine"", ""glutamate"", ""taurocholate""]",[],0,0,10,5,6,GMP,1,3,100.0,700,176,13,5,5.9920470568571425,0.45731235719204294,False,659dce4f66bf4ee0228513d024a4e287e9f1aa3957152332b1483ab0af67cb42,0.056592388078570366
direct_neighbor_ridge,0,0,0,0,0,0,False,5,"[""NAD"", ""aspartate"", ""betaine"", ""glutamate"", ""taurocholate""]",[],0,0,10,5,6,GMP,1,4,10.0,702,174,13,5,6.020292437606837,0.468773552378771,False,9492e163b6ef19b0563b1ce8302b8e8794e2e4c9c8031c62ff9774a3f63f6f58,0.058800010941922665
direct_neighbor_ridge,0,0,0,0,0,0,False,15,"[""asparagine"", ""aspartate"", ""carnosine"", ""citrulline"", ""dimethylglycine"", ""glucuronate"", ""glutamine"", ""glycine"", ""histidine"", ""homocysteine"", ""kynurenine"", ""methionine"", ""phenylalanine"", ""sarcosine"", ""uridine""]",[],0,0,30,15,16,NAD,0,0,100.0,697,179,16,2,5.8592628566714495,0.273737772496672,False,db1ab3680dcfc2deb10e2511ec28b70b27966d5a436d724be48267bcbf200acf,0.07866548094898462
direct_neighbor_ridge,0,0,0,0,0,0,False,15,"[""asparagine"", ""aspartate"", ""carnosine"", ""citrulline"", ""dimethylglycine"", ""glucuronate"", ""glutamine"", ""glycine"", ""histidine"", ""homocysteine"", ""kynurenine"", ""methionine"", ""phenylalanine"", ""sarcosine"", ""uridine""]",[],0,0,30,15,16,NAD,0,1,100.0,705,171,13,5,5.83252649248227,0.3166483062230965,False,32d2e2f547f707a9f12d899e65a934275c9f49020e10d214973126d05910ec9c,0.06711052800528705
direct_neighbor_ridge,0,0,0,0,0,0,False,15,"[""asparagine"", ""aspartate"", ""carnosine"", ""citrulline"", ""dimethylglycine"", ""glucuronate"", ""glutamine"", ""glycine"", ""histidine"", ""homocysteine"", ""kynurenine"", ""methionine"", ""phenylalanine"", ""sarcosine"", ""uridine""]",[],0,0,30,15,16,NAD,0,2,1.0,700,176,13,5,5.829537320142857,0.3140293000367684,False,659dce4f66bf4ee0228513d024a4e287e9f1aa3957152332b1483ab0af67cb42,0.1445013869088143
direct_neighbor_ridge,0,0,0,0,0,0,False,15,"[""asparagine"", ""aspartate"", ""carnosine"", ""citrulline"", ""dimethylglycine"", ""glucuronate"", ""glutamine"", ""glycine"", ""histidine"", ""homocysteine"", ""kynurenine"", ""methionine"", ""phenylalanine"", ""sarcosine"", ""uridine""]",[],0,0,30,15,16,NAD,0,3,10.0,702,174,13,5,5.849133417236467,0.30221474081553895,False,9492e163b6ef19b0563b1ce8302b8e8794e2e4c9c8031c62ff9774a3f63f6f58,0.07631181785836816
direct_neighbor_ridge,0,0,0,0,0,0,False,15,"[""asparagine"", ""aspartate"", ""carnosine"", ""citrulline"", ""dimethylglycine"", ""glucuronate"", ""glutamine"", ""glycine"", ""histidine"", ""homocysteine"", ""kynurenine"", ""methionine"", ""phenylalanine"", ""sarcosine"", ""uridine""]",[],0,0,30,15,16,NAD,0,4,100.0,700,176,17,1,5.835856427857143,0.30880467410775864,False,cf9883e99ee1b956d01c2cb42a4d284b982ce23065d3616a5e1cced359e41fb5,0.0777580770663917
direct_neighbor_ridge,0,0,0,0,0,0,False,15,"[""asparagine"", ""aspartate"", ""carnosine"", ""citrulline"", ""dimethylglycine"", ""glucuronate"", ""glutamine"", ""glycine"", ""histidine"", ""homocysteine"", ""kynurenine"", ""methionine"", ""phenylalanine"", ""sarcosine"", ""uridine""]",[],0,0,30,15,16,NAD,1,0,100.0,705,171,13,5,5.83252649248227,0.3166483062230965,False,32d2e2f547f707a9f12d899e65a934275c9f49020e10d214973126d05910ec9c,0.07691210089251399
direct_neighbor_ridge,0,0,0,0,0,0,False,15,"[""asparagine"", ""aspartate"", ""carnosine"", ""citrulline"", ""dimethylglycine"", ""glucuronate"", ""glutamine"", ""glycine"", ""histidine"", ""homocysteine"", ""kynurenine"", ""methionine"", ""phenylalanine"", ""sarcosine"", ""uridine""]",[],0,0,30,15,16,NAD,1,1,100.0,700,176,17,1,5.835856427857143,0.30880467410775864,False,cf9883e99ee1b956d01c2cb42a4d284b982ce23065d3616a5e1cced359e41fb5,0.08108814503066242
direct_neighbor_ridge,0,0,0,0,0,0,False,15,"[""asparagine"", ""aspartate"", ""carnosine"", ""citrulline"", ""dimethylglycine"", ""glucuronate"", ""glutamine"", ""glycine"", ""histidine"", ""homocysteine"", ""kynurenine"", ""methionine"", ""phenylalanine"", ""sarcosine"", ""uridine""]",[],0,0,30,15,16,NAD,1,2,100.0,697,179,16,2,5.8592628566714495,0.273737772496672,False,db1ab3680dcfc2deb10e2511ec28b70b27966d5a436d724be48267bcbf200acf,0.07423946703784168
direct_neighbor_ridge,0,0,0,0,0,0,False,15,"[""asparagine"", ""aspartate"", ""carnosine"", ""citrulline"", ""dimethylglycine"", ""glucuronate"", ""glutamine"", ""glycine"", ""histidine"", ""homocysteine"", ""kynurenine"", ""methionine"", ""phenylalanine"", ""sarcosine"", ""uridine""]",[],0,0,30,15,16,NAD,1,3,10.0,700,176,13,5,5.829537320142857,0.3140293000367684,False,659dce4f66bf4ee0228513d024a4e287e9f1aa3957152332b1483ab0af67cb42,0.07441210793331265
direct_neighbor_ridge,0,0,0,0,0,0,False,15,"[""asparagine"", ""aspartate"", ""carnosine"", ""citrulline"", ""dimethylglycine"", ""glucuronate"", ""glutamine"", ""glycine"", ""histidine"", ""homocysteine"", ""kynurenine"", ""methionine"", ""phenylalanine"", ""sarcosine"", ""uridine""]",[],0,0,30,15,16,NAD,1,4,100.0,702,174,13,5,5.849133417236467,0.30221474081553895,False,9492e163b6ef19b0563b1ce8302b8e8794e2e4c9c8031c62ff9774a3f63f6f58,0.08038923516869545
direct_neighbor_ridge,0,0,0,0,0,0,False,19,"[""AMP"", ""CMP"", ""aconitate"", ""alanine"", ""aspartate"", ""glycine"", ""histidine"", ""homocysteine"", ""hypoxanthine"", ""isoleucine"", ""leucine"", ""ornithine"", ""serine"", ""taurine"", ""urate"", ""uridine"", ""valine"", ""xanthine"", ""xanthosine""]",[],0,0,38,19,20,NADP,0,0,100.0,697,179,16,2,5.964262021233859,0.3620365863705779,False,db1ab3680dcfc2deb10e2511ec28b70b27966d5a436d724be48267bcbf200acf,0.07402199786156416
direct_neighbor_ridge,0,0,0,0,0,0,False,19,"[""AMP"", ""CMP"", ""aconitate"", ""alanine"", ""aspartate"", ""glycine"", ""histidine"", ""homocysteine"", ""hypoxanthine"", ""isoleucine"", ""leucine"", ""ornithine"", ""serine"", ""taurine"", ""urate"", ""uridine"", ""valine"", ""xanthine"", ""xanthosine""]",[],0,0,38,19,20,NADP,0,1,100.0,705,171,13,5,5.924742738723404,0.373625630639,False,32d2e2f547f707a9f12d899e65a934275c9f49020e10d214973126d05910ec9c,0.09046006202697754
direct_neighbor_ridge,0,0,0,0,0,0,False,19,"[""AMP"", ""CMP"", ""aconitate"", ""alanine"", ""aspartate"", ""glycine"", ""histidine"", ""homocysteine"", ""hypoxanthine"", ""isoleucine"", ""leucine"", ""ornithine"", ""serine"", ""taurine"", ""urate"", ""uridine"", ""valine"", ""xanthine"", ""xanthosine""]",[],0,0,38,19,20,NADP,0,2,100.0,700,176,13,5,5.893307024142857,0.36362936668919077,False,659dce4f66bf4ee0228513d024a4e287e9f1aa3957152332b1483ab0af67cb42,0.06729740300215781
direct_neighbor_ridge,0,0,0,0,0,0,False,19,"[""AMP"", ""CMP"", ""aconitate"", ""alanine"", ""aspartate"", ""glycine"", ""histidine"", ""homocysteine"", ""hypoxanthine"", ""isoleucine"", ""leucine"", ""ornithine"", ""serine"", ""taurine"", ""urate"", ""uridine"", ""valine"", ""xanthine"", ""xanthosine""]",[],0,0,38,19,20,NADP,0,3,100.0,702,174,13,5,5.922061383618234,0.3605050337536695,False,9492e163b6ef19b0563b1ce8302b8e8794e2e4c9c8031c62ff9774a3f63f6f58,0.07000973494723439
direct_neighbor_ridge,0,0,0,0,0,0,False,19,"[""AMP"", ""CMP"", ""aconitate"", ""alanine"", ""aspartate"", ""glycine"", ""histidine"", ""homocysteine"", ""hypoxanthine"", ""isoleucine"", ""leucine"", ""ornithine"", ""serine"", ""taurine"", ""urate"", ""uridine"", ""valine"", ""xanthine"", ""xanthosine""]",[],0,0,38,19,20,NADP,0,4,100.0,700,176,17,1,5.8943222774285715,0.34709365585279683,False,cf9883e99ee1b956d01c2cb42a4d284b982ce23065d3616a5e1cced359e41fb5,0.0652175028808415
direct_neighbor_ridge,0,0,0,0,0,0,False,19,"[""AMP"", ""CMP"", ""aconitate"", ""alanine"", ""aspartate"", ""glycine"", ""histidine"", ""homocysteine"", ""hypoxanthine"", ""isoleucine"", ""leucine"", ""ornithine"", ""serine"", ""taurine"", ""urate"", ""uridine"", ""valine"", ""xanthine"", ""xanthosine""]",[],0,0,38,19,20,NADP,1,0,100.0,705,171,13,5,5.924742738723404,0.373625630639,False,32d2e2f547f707a9f12d899e65a934275c9f49020e10d214973126d05910ec9c,0.0705225218553096
direct_neighbor_ridge,0,0,0,0,0,0,False,19,"[""AMP"", ""CMP"", ""aconitate"", ""alanine"", ""aspartate"", ""glycine"", ""histidine"", ""homocysteine"", ""hypoxanthine"", ""isoleucine"", ""leucine"", ""ornithine"", ""serine"", ""taurine"", ""urate"", ""uridine"", ""valine"", ""xanthine"", ""xanthosine""]",[],0,0,38,19,20,NADP,1,1,100.0,700,176,17,1,5.8943222774285715,0.34709365585279683,False,cf9883e99ee1b956d01c2cb42a4d284b982ce23065d3616a5e1cced359e41fb5,0.07069045398384333
direct_neighbor_ridge,0,0,0,0,0,0,False,19,"[""AMP"", ""CMP"", ""aconitate"", ""alanine"", ""aspartate"", ""glycine"", ""histidine"", ""homocysteine"", ""hypoxanthine"", ""isoleucine"", ""leucine"", ""ornithine"", ""serine"", ""taurine"", ""urate"", ""uridine"", ""valine"", ""xanthine"", ""xanthosine""]",[],0,0,38,19,20,NADP,1,2,100.0,697,179,16,2,5.964262021233859,0.3620365863705779,False,db1ab3680dcfc2deb10e2511ec28b70b27966d5a436d724be48267bcbf200acf,0.06726098898798227
direct_neighbor_ridge,0,0,0,0,0,0,False,19,"[""AMP"", ""CMP"", ""aconitate"", ""alanine"", ""aspartate"", ""glycine"", ""histidine"", ""homocysteine"", ""hypoxanthine"", ""isoleucine"", ""leucine"", ""ornithine"", ""serine"", ""taurine"", ""urate"", ""uridine"", ""valine"", ""xanthine"", ""xanthosine""]",[],0,0,38,19,20,NADP,1,3,100.0,700,176,13,5,5.893307024142857,0.36362936668919077,False,659dce4f66bf4ee0228513d024a4e287e9f1aa3957152332b1483ab0af67cb42,0.08015513396821916
direct_neighbor_ridge,0,0,0,0,0,0,False,19,"[""AMP"", ""CMP"", ""aconitate"", ""alanine"", ""aspartate"", ""glycine"", ""histidine"", ""homocysteine"", ""hypoxanthine"", ""isoleucine"", ""leucine"", ""ornithine"", ""serine"", ""taurine"", ""urate"", ""uridine"", ""valine"", ""xanthine"", ""xanthosine""]",[],0,0,38,19,20,NADP,1,4,100.0,702,174,13,5,5.922061383618234,0.3605050337536695,False,9492e163b6ef19b0563b1ce8302b8e8794e2e4c9c8031c62ff9774a3f63f6f58,0.06896543991751969
direct_neighbor_ridge,0,0,0,0,0,0,False,5,"[""alanine"", ""betaine"", ""glutamate"", ""hypoxanthine"", ""kynurenine""]",[],0,0,10,5,6,UMP,0,0,100.0,697,179,16,2,5.8803286489239595,0.3673249774248067,False,db1ab3680dcfc2deb10e2511ec28b70b27966d5a436d724be48267bcbf200acf,0.054193926975131035
direct_neighbor_ridge,0,0,0,0,0,0,False,5,"[""alanine"", ""betaine"", ""glutamate"", ""hypoxanthine"", ""kynurenine""]",[],0,0,10,5,6,UMP,0,1,100.0,705,171,13,5,6.046802519858156,0.5194126213200596,False,32d2e2f547f707a9f12d899e65a934275c9f49020e10d214973126d05910ec9c,0.05537875206209719
direct_neighbor_ridge,0,0,0,0,0,0,False,5,"[""alanine"", ""betaine"", ""glutamate"", ""hypoxanthine"", ""kynurenine""]",[],0,0,10,5,6,UMP,0,2,100.0,700,176,13,5,6.0201290528571425,0.508479905148374,False,659dce4f66bf4ee0228513d024a4e287e9f1aa3957152332b1483ab0af67cb42,0.05697613302618265
direct_neighbor_ridge,0,0,0,0,0,0,False,5,"[""alanine"", ""betaine"", ""glutamate"", ""hypoxanthine"", ""kynurenine""]",[],0,0,10,5,6,UMP,0,3,10.0,702,174,13,5,6.04453301980057,0.5234043492380395,False,9492e163b6ef19b0563b1ce8302b8e8794e2e4c9c8031c62ff9774a3f63f6f58,0.05529912514612079
direct_neighbor_ridge,0,0,0,0,0,0,False,5,"[""alanine"", ""betaine"", ""glutamate"", ""hypoxanthine"", ""kynurenine""]",[],0,0,10,5,6,UMP,0,4,100.0,700,176,17,1,6.0070047598571445,0.5168236538621338,False,cf9883e99ee1b956d01c2cb42a4d284b982ce23065d3616a5e1cced359e41fb5,0.05269180703908205
direct_neighbor_ridge,0,0,0,0,0,0,False,5,"[""alanine"", ""betaine"", ""glutamate"", ""hypoxanthine"", ""kynurenine""]",[],0,0,10,5,6,UMP,1,0,100.0,705,171,13,5,6.046802519858156,0.5194126213200596,False,32d2e2f547f707a9f12d899e65a934275c9f49020e10d214973126d05910ec9c,0.06525616394355893
direct_neighbor_ridge,0,0,0,0,0,0,False,5,"[""alanine"", ""betaine"", ""glutamate"", ""hypoxanthine"", ""kynurenine""]",[],0,0,10,5,6,UMP,1,1,100.0,700,176,17,1,6.0070047598571445,0.5168236538621338,False,cf9883e99ee1b956d01c2cb42a4d284b982ce23065d3616a5e1cced359e41fb5,0.05660207103937864
direct_neighbor_ridge,0,0,0,0,0,0,False,5,"[""alanine"", ""betaine"", ""glutamate"", ""hypoxanthine"", ""kynurenine""]",[],0,0,10,5,6,UMP,1,2,100.0,697,179,16,2,5.8803286489239595,0.3673249774248067,False,db1ab3680dcfc2deb10e2511ec28b70b27966d5a436d724be48267bcbf200acf,0.06325409607961774
direct_neighbor_ridge,0,0,0,0,0,0,False,5,"[""alanine"", ""betaine"", ""glutamate"", ""hypoxanthine"", ""kynurenine""]",[],0,0,10,5,6,UMP,1,3,100.0,700,176,13,5,6.0201290528571425,0.508479905148374,False,659dce4f66bf4ee0228513d024a4e287e9f1aa3957152332b1483ab0af67cb42,0.08259760309010744
direct_neighbor_ridge,0,0,0,0,0,0,False,5,"[""alanine"", ""betaine"", ""glutamate"", ""hypoxanthine"", ""kynurenine""]",[],0,0,10,5,6,UMP,1,4,0.1,702,174,13,5,6.04453301980057,0.5234043492380395,False,9492e163b6ef19b0563b1ce8302b8e8794e2e4c9c8031c62ff9774a3f63f6f58,0.06225901679135859
direct_neighbor_ridge,0,0,0,0,0,0,False,1,"[""uridine""]",[],0,0,2,1,2,acetylcholine,0,0,100.0,697,179,16,2,5.659545420659971,0.9034786933874055,False,db1ab3680dcfc2deb10e2511ec28b70b27966d5a436d724be48267bcbf200acf,0.09068992198444903
direct_neighbor_ridge,0,0,0,0,0,0,False,1,"[""uridine""]",[],0,0,2,1,2,acetylcholine,0,1,100.0,705,171,13,5,5.700987920851063,0.901549377737082,False,32d2e2f547f707a9f12d899e65a934275c9f49020e10d214973126d05910ec9c,0.06564352009445429
direct_neighbor_ridge,0,0,0,0,0,0,False,1,"[""uridine""]",[],0,0,2,1,2,acetylcholine,0,2,100.0,700,176,13,5,5.708044984285714,0.9098811471364079,False,659dce4f66bf4ee0228513d024a4e287e9f1aa3957152332b1483ab0af67cb42,0.06408635689876974
direct_neighbor_ridge,0,0,0,0,0,0,False,1,"[""uridine""]",[],0,0,2,1,2,acetylcholine,0,3,100.0,702,174,13,5,5.713083329344729,0.9000553995988789,False,9492e163b6ef19b0563b1ce8302b8e8794e2e4c9c8031c62ff9774a3f63f6f58,0.07502197590656579
direct_neighbor_ridge,0,0,0,0,0,0,False,1,"[""uridine""]",[],0,0,2,1,2,acetylcholine,0,4,100.0,700,176,17,1,5.586330824285715,0.8863693262476297,False,cf9883e99ee1b956d01c2cb42a4d284b982ce23065d3616a5e1cced359e41fb5,0.0779791190288961
direct_neighbor_ridge,0,0,0,0,0,0,False,1,"[""uridine""]",[],0,0,2,1,2,acetylcholine,1,0,100.0,705,171,13,5,5.700987920851063,0.901549377737082,False,32d2e2f547f707a9f12d899e65a934275c9f49020e10d214973126d05910ec9c,0.0682308569084853
direct_neighbor_ridge,0,0,0,0,0,0,False,1,"[""uridine""]",[],0,0,2,1,2,acetylcholine,1,1,100.0,700,176,17,1,5.586330824285715,0.8863693262476297,False,cf9883e99ee1b956d01c2cb42a4d284b982ce23065d3616a5e1cced359e41fb5,0.06630938011221588
direct_neighbor_ridge,0,0,0,0,0,0,False,1,"[""uridine""]",[],0,0,2,1,2,acetylcholine,1,2,100.0,697,179,16,2,5.659545420659971,0.9034786933874055,False,db1ab3680dcfc2deb10e2511ec28b70b27966d5a436d724be48267bcbf200acf,0.07332138298079371
direct_neighbor_ridge,0,0,0,0,0,0,False,1,"[""uridine""]",[],0,0,2,1,2,acetylcholine,1,3,100.0,700,176,13,5,5.708044984285714,0.9098811471364079,False,659dce4f66bf4ee0228513d024a4e287e9f1aa3957152332b1483ab0af67cb42,0.06835524295456707
direct_neighbor_ridge,0,0,0,0,0,0,False,1,"[""uridine""]",[],0,0,2,1,2,acetylcholine,1,4,100.0,702,174,13,5,5.713083329344729,0.9000553995988789,False,9492e163b6ef19b0563b1ce8302b8e8794e2e4c9c8031c62ff9774a3f63f6f58,0.05480477400124073
direct_neighbor_ridge,0,0,0,0,0,0,False,2,"[""adenosine"", ""glucuronate""]",[],0,0,4,2,3,aconitate,0,0,0.1,697,179,16,2,5.869085316068866,0.29352602161706304,False,db1ab3680dcfc2deb10e2511ec28b70b27966d5a436d724be48267bcbf200acf,0.05282428697682917
direct_neighbor_ridge,0,0,0,0,0,0,False,2,"[""adenosine"", ""glucuronate""]",[],0,0,4,2,3,aconitate,0,1,10.0,705,171,13,5,5.80245032141844,0.31475097153342196,False,32d2e2f547f707a9f12d899e65a934275c9f49020e10d214973126d05910ec9c,0.06325597106479108
direct_neighbor_ridge,0,0,0,0,0,0,False,2,"[""adenosine"", ""glucuronate""]",[],0,0,4,2,3,aconitate,0,2,0.1,700,176,13,5,5.810027651857142,0.305354314605211,False,659dce4f66bf4ee0228513d024a4e287e9f1aa3957152332b1483ab0af67cb42,0.06692319898866117
direct_neighbor_ridge,0,0,0,0,0,0,False,2,"[""adenosine"", ""glucuronate""]",[],0,0,4,2,3,aconitate,0,3,10.0,702,174,13,5,5.8194074274928775,0.30426103660559667,False,9492e163b6ef19b0563b1ce8302b8e8794e2e4c9c8031c62ff9774a3f63f6f58,0.06543865194544196
direct_neighbor_ridge,0,0,0,0,0,0,False,2,"[""adenosine"", ""glucuronate""]",[],0,0,4,2,3,aconitate,0,4,0.1,700,176,17,1,5.833991273857143,0.3116707085063351,False,cf9883e99ee1b956d01c2cb42a4d284b982ce23065d3616a5e1cced359e41fb5,0.0706932230386883
direct_neighbor_ridge,0,0,0,0,0,0,False,2,"[""adenosine"", ""glucuronate""]",[],0,0,4,2,3,aconitate,1,0,10.0,705,171,13,5,5.80245032141844,0.31475097153342196,False,32d2e2f547f707a9f12d899e65a934275c9f49020e10d214973126d05910ec9c,0.05502714007161558
direct_neighbor_ridge,0,0,0,0,0,0,False,2,"[""adenosine"", ""glucuronate""]",[],0,0,4,2,3,aconitate,1,1,0.1,700,176,17,1,5.833991273857143,0.3116707085063351,False,cf9883e99ee1b956d01c2cb42a4d284b982ce23065d3616a5e1cced359e41fb5,0.05059321108274162
direct_neighbor_ridge,0,0,0,0,0,0,False,2,"[""adenosine"", ""glucuronate""]",[],0,0,4,2,3,aconitate,1,2,0.1,697,179,16,2,5.869085316068866,0.29352602161706304,False,db1ab3680dcfc2deb10e2511ec28b70b27966d5a436d724be48267bcbf200acf,0.050588905811309814
direct_neighbor_ridge,0,0,0,0,0,0,False,2,"[""adenosine"", ""glucuronate""]",[],0,0,4,2,3,aconitate,1,3,10.0,700,176,13,5,5.810027651857142,0.305354314605211,False,659dce4f66bf4ee0228513d024a4e287e9f1aa3957152332b1483ab0af67cb42,0.04358337400481105
direct_neighbor_ridge,0,0,0,0,0,0,False,2,"[""adenosine"", ""glucuronate""]",[],0,0,4,2,3,aconitate,1,4,100.0,702,174,13,5,5.8194074274928775,0.30426103660559667,False,9492e163b6ef19b0563b1ce8302b8e8794e2e4c9c8031c62ff9774a3f63f6f58,0.04534915601834655
direct_neighbor_ridge,0,0,0,0,0,0,False,2,"[""NAD"", ""xanthine""]",[],0,0,4,2,3,adenine,0,0,0.1,697,179,16,2,5.874204923529412,0.34214960869733474,False,db1ab3680dcfc2deb10e2511ec28b70b27966d5a436d724be48267bcbf200acf,0.05575293302536011
direct_neighbor_ridge,0,0,0,0,0,0,False,2,"[""NAD"", ""xanthine""]",[],0,0,4,2,3,adenine,0,1,0.1,705,171,13,5,5.9312896307801415,0.3566075982980052,False,32d2e2f547f707a9f12d899e65a934275c9f49020e10d214973126d05910ec9c,0.061020541936159134
direct_neighbor_ridge,0,0,0,0,0,0,False,2,"[""NAD"", ""xanthine""]",[],0,0,4,2,3,adenine,0,2,0.1,700,176,13,5,5.925568285714287,0.3546125934251921,False,659dce4f66bf4ee0228513d024a4e287e9f1aa3957152332b1483ab0af67cb42,0.07607414294034243
direct_neighbor_ridge,0,0,0,0,0,0,False,2,"[""NAD"", ""xanthine""]",[],0,0,4,2,3,adenine,0,3,0.1,702,174,13,5,5.939394801851851,0.3634544913962929,False,9492e163b6ef19b0563b1ce8302b8e8794e2e4c9c8031c62ff9774a3f63f6f58,0.11568716098554432
direct_neighbor_ridge,0,0,0,0,0,0,False,2,"[""NAD"", ""xanthine""]",[],0,0,4,2,3,adenine,0,4,0.1,700,176,17,1,5.922040124714285,0.3757034409504105,False,cf9883e99ee1b956d01c2cb42a4d284b982ce23065d3616a5e1cced359e41fb5,0.057346498128026724
direct_neighbor_ridge,0,0,0,0,0,0,False,2,"[""NAD"", ""xanthine""]",[],0,0,4,2,3,adenine,1,0,0.1,705,171,13,5,5.9312896307801415,0.3566075982980052,False,32d2e2f547f707a9f12d899e65a934275c9f49020e10d214973126d05910ec9c,0.06889848201535642
direct_neighbor_ridge,0,0,0,0,0,0,False,2,"[""NAD"", ""xanthine""]",[],0,0,4,2,3,adenine,1,1,0.1,700,176,17,1,5.922040124714285,0.3757034409504105,False,cf9883e99ee1b956d01c2cb42a4d284b982ce23065d3616a5e1cced359e41fb5,0.055509649915620685
direct_neighbor_ridge,0,0,0,0,0,0,False,2,"[""NAD"", ""xanthine""]",[],0,0,4,2,3,adenine,1,2,0.1,697,179,16,2,5.874204923529412,0.34214960869733474,False,db1ab3680dcfc2deb10e2511ec28b70b27966d5a436d724be48267bcbf200acf,0.05962364515289664
direct_neighbor_ridge,0,0,0,0,0,0,False,2,"[""NAD"", ""xanthine""]",[],0,0,4,2,3,adenine,1,3,0.1,700,176,13,5,5.925568285714287,0.3546125934251921,False,659dce4f66bf4ee0228513d024a4e287e9f1aa3957152332b1483ab0af67cb42,0.0646765111014247
direct_neighbor_ridge,0,0,0,0,0,0,False,2,"[""NAD"", ""xanthine""]",[],0,0,4,2,3,adenine,1,4,0.1,702,174,13,5,5.939394801851851,0.3634544913962929,False,9492e163b6ef19b0563b1ce8302b8e8794e2e4c9c8031c62ff9774a3f63f6f58,0.05506491381675005
direct_neighbor_ridge,0,0,0,0,0,0,False,4,"[""UMP"", ""aconitate"", ""glutamate"", ""tyrosine""]",[],0,0,8,4,5,adenosine,0,0,10.0,697,179,16,2,5.889763096987087,0.5899105462602858,False,db1ab3680dcfc2deb10e2511ec28b70b27966d5a436d724be48267bcbf200acf,0.06744423415511847
direct_neighbor_ridge,0,0,0,0,0,0,False,4,"[""UMP"", ""aconitate"", ""glutamate"", ""tyrosine""]",[],0,0,8,4,5,adenosine,0,1,100.0,705,171,13,5,5.826710083829787,0.5566391017151358,False,32d2e2f547f707a9f12d899e65a934275c9f49020e10d214973126d05910ec9c,0.05738898296840489
direct_neighbor_ridge,0,0,0,0,0,0,False,4,"[""UMP"", ""aconitate"", ""glutamate"", ""tyrosine""]",[],0,0,8,4,5,adenosine,0,2,100.0,700,176,13,5,5.880261045142857,0.564616432252999,False,659dce4f66bf4ee0228513d024a4e287e9f1aa3957152332b1483ab0af67cb42,0.06742074899375439
direct_neighbor_ridge,0,0,0,0,0,0,False,4,"[""UMP"", ""aconitate"", ""glutamate"", ""tyrosine""]",[],0,0,8,4,5,adenosine,0,3,100.0,702,174,13,5,5.8464648170940166,0.5743075987654248,False,9492e163b6ef19b0563b1ce8302b8e8794e2e4c9c8031c62ff9774a3f63f6f58,0.07006958406418562
direct_neighbor_ridge,0,0,0,0,0,0,False,4,"[""UMP"", ""aconitate"", ""glutamate"", ""tyrosine""]",[],0,0,8,4,5,adenosine,0,4,100.0,700,176,17,1,5.822932310714286,0.5820115277556642,False,cf9883e99ee1b956d01c2cb42a4d284b982ce23065d3616a5e1cced359e41fb5,0.056766274850815535
direct_neighbor_ridge,0,0,0,0,0,0,False,4,"[""UMP"", ""aconitate"", ""glutamate"", ""tyrosine""]",[],0,0,8,4,5,adenosine,1,0,100.0,705,171,13,5,5.826710083829787,0.5566391017151358,False,32d2e2f547f707a9f12d899e65a934275c9f49020e10d214973126d05910ec9c,0.049889242043718696
direct_neighbor_ridge,0,0,0,0,0,0,False,4,"[""UMP"", ""aconitate"", ""glutamate"", ""tyrosine""]",[],0,0,8,4,5,adenosine,1,1,100.0,700,176,17,1,5.822932310714286,0.5820115277556642,False,cf9883e99ee1b956d01c2cb42a4d284b982ce23065d3616a5e1cced359e41fb5,0.057699694065377116
direct_neighbor_ridge,0,0,0,0,0,0,False,4,"[""UMP"", ""aconitate"", ""glutamate"", ""tyrosine""]",[],0,0,8,4,5,adenosine,1,2,10.0,697,179,16,2,5.889763096987087,0.5899105462602858,False,db1ab3680dcfc2deb10e2511ec28b70b27966d5a436d724be48267bcbf200acf,0.07544042891822755
direct_neighbor_ridge,0,0,0,0,0,0,False,4,"[""UMP"", ""aconitate"", ""glutamate"", ""tyrosine""]",[],0,0,8,4,5,adenosine,1,3,100.0,700,176,13,5,5.880261045142857,0.564616432252999,False,659dce4f66bf4ee0228513d024a4e287e9f1aa3957152332b1483ab0af67cb42,0.0711561671923846
direct_neighbor_ridge,0,0,0,0,0,0,False,4,"[""UMP"", ""aconitate"", ""glutamate"", ""tyrosine""]",[],0,0,8,4,5,adenosine,1,4,100.0,702,174,13,5,5.8464648170940166,0.5743075987654248,False,9492e163b6ef19b0563b1ce8302b8e8794e2e4c9c8031c62ff9774a3f63f6f58,0.06725688115693629
direct_neighbor_ridge,0,0,0,0,0,0,False,5,"[""NAD"", ""aconitate"", ""adenosine"", ""beta-alanine"", ""histidine""]",[],0,0,10,5,6,alanine,0,0,1.0,697,179,16,2,5.909789567575323,0.3726797820270718,False,db1ab3680dcfc2deb10e2511ec28b70b27966d5a436d724be48267bcbf200acf,0.07195146707817912
direct_neighbor_ridge,0,0,0,0,0,0,False,5,"[""NAD"", ""aconitate"", ""adenosine"", ""beta-alanine"", ""histidine""]",[],0,0,10,5,6,alanine,0,1,10.0,705,171,13,5,5.858488998156029,0.3904771460922022,False,32d2e2f547f707a9f12d899e65a934275c9f49020e10d214973126d05910ec9c,0.06537332013249397
direct_neighbor_ridge,0,0,0,0,0,0,False,5,"[""NAD"", ""aconitate"", ""adenosine"", ""beta-alanine"", ""histidine""]",[],0,0,10,5,6,alanine,0,2,0.1,700,176,13,5,5.822541076857142,0.38433692877401887,False,659dce4f66bf4ee0228513d024a4e287e9f1aa3957152332b1483ab0af67cb42,0.06800701515749097
direct_neighbor_ridge,0,0,0,0,0,0,False,5,"[""NAD"", ""aconitate"", ""adenosine"", ""beta-alanine"", ""histidine""]",[],0,0,10,5,6,alanine,0,3,10.0,702,174,13,5,5.857928736894587,0.3876645862607939,False,9492e163b6ef19b0563b1ce8302b8e8794e2e4c9c8031c62ff9774a3f63f6f58,0.06291511096060276
direct_neighbor_ridge,0,0,0,0,0,0,False,5,"[""NAD"", ""aconitate"", ""adenosine"", ""beta-alanine"", ""histidine""]",[],0,0,10,5,6,alanine,0,4,100.0,700,176,17,1,5.8615306351428575,0.38301923456583287,False,cf9883e99ee1b956d01c2cb42a4d284b982ce23065d3616a5e1cced359e41fb5,0.058016955852508545
direct_neighbor_ridge,0,0,0,0,0,0,False,5,"[""NAD"", ""aconitate"", ""adenosine"", ""beta-alanine"", ""histidine""]",[],0,0,10,5,6,alanine,1,0,10.0,705,171,13,5,5.858488998156029,0.3904771460922022,False,32d2e2f547f707a9f12d899e65a934275c9f49020e10d214973126d05910ec9c,0.06068407790735364
direct_neighbor_ridge,0,0,0,0,0,0,False,5,"[""NAD"", ""aconitate"", ""adenosine"", ""beta-alanine"", ""histidine""]",[],0,0,10,5,6,alanine,1,1,100.0,700,176,17,1,5.8615306351428575,0.38301923456583287,False,cf9883e99ee1b956d01c2cb42a4d284b982ce23065d3616a5e1cced359e41fb5,0.056974055944010615
direct_neighbor_ridge,0,0,0,0,0,0,False,5,"[""NAD"", ""aconitate"", ""adenosine"", ""beta-alanine"", ""histidine""]",[],0,0,10,5,6,alanine,1,2,10.0,697,179,16,2,5.909789567575323,0.3726797820270718,False,db1ab3680dcfc2deb10e2511ec28b70b27966d5a436d724be48267bcbf200acf,0.05835694307461381
direct_neighbor_ridge,0,0,0,0,0,0,False,5,"[""NAD"", ""aconitate"", ""adenosine"", ""beta-alanine"", ""histidine""]",[],0,0,10,5,6,alanine,1,3,1.0,700,176,13,5,5.822541076857142,0.38433692877401887,False,659dce4f66bf4ee0228513d024a4e287e9f1aa3957152332b1483ab0af67cb42,0.061580903828144073
direct_neighbor_ridge,0,0,0,0,0,0,False,5,"[""NAD"", ""aconitate"", ""adenosine"", ""beta-alanine"", ""histidine""]",[],0,0,10,5,6,alanine,1,4,10.0,702,174,13,5,5.857928736894587,0.3876645862607939,False,9492e163b6ef19b0563b1ce8302b8e8794e2e4c9c8031c62ff9774a3f63f6f58,0.057534781051799655
direct_neighbor_ridge,0,0,0,0,0,0,False,4,"[""NAD"", ""alanine"", ""beta-alanine"", ""homocysteine""]",[],0,0,8,4,5,arginine,0,0,100.0,697,179,16,2,5.863509545050215,0.2892319453010906,False,db1ab3680dcfc2deb10e2511ec28b70b27966d5a436d724be48267bcbf200acf,0.05570580204948783
direct_neighbor_ridge,0,0,0,0,0,0,False,4,"[""NAD"", ""alanine"", ""beta-alanine"", ""homocysteine""]",[],0,0,8,4,5,arginine,0,1,100.0,705,171,13,5,5.815171706666666,0.31845379830911313,False,32d2e2f547f707a9f12d899e65a934275c9f49020e10d214973126d05910ec9c,0.062369700986891985
direct_neighbor_ridge,0,0,0,0,0,0,False,4,"[""NAD"", ""alanine"", ""beta-alanine"", ""homocysteine""]",[],0,0,8,4,5,arginine,0,2,100.0,700,176,13,5,5.805769005428571,0.30185736890451725,False,659dce4f66bf4ee0228513d024a4e287e9f1aa3957152332b1483ab0af67cb42,0.060519048012793064
direct_neighbor_ridge,0,0,0,0,0,0,False,4,"[""NAD"", ""alanine"", ""beta-alanine"", ""homocysteine""]",[],0,0,8,4,5,arginine,0,3,100.0,702,174,13,5,5.817618240883191,0.30757781466220807,False,9492e163b6ef19b0563b1ce8302b8e8794e2e4c9c8031c62ff9774a3f63f6f58,0.05836382997222245
direct_neighbor_ridge,0,0,0,0,0,0,False,4,"[""NAD"", ""alanine"", ""beta-alanine"", ""homocysteine""]",[],0,0,8,4,5,arginine,0,4,100.0,700,176,17,1,5.814149637428571,0.29315784153849683,False,cf9883e99ee1b956d01c2cb42a4d284b982ce23065d3616a5e1cced359e41fb5,0.08245160500518978
direct_neighbor_ridge,0,0,0,0,0,0,False,4,"[""NAD"", ""alanine"", ""beta-alanine"", ""homocysteine""]",[],0,0,8,4,5,arginine,1,0,100.0,705,171,13,5,5.815171706666666,0.31845379830911313,False,32d2e2f547f707a9f12d899e65a934275c9f49020e10d214973126d05910ec9c,0.06392331211827695
direct_neighbor_ridge,0,0,0,0,0,0,False,4,"[""NAD"", ""alanine"", ""beta-alanine"", ""homocysteine""]",[],0,0,8,4,5,arginine,1,1,100.0,700,176,17,1,5.814149637428571,0.29315784153849683,False,cf9883e99ee1b956d01c2cb42a4d284b982ce23065d3616a5e1cced359e41fb5,0.06669006193988025
direct_neighbor_ridge,0,0,0,0,0,0,False,4,"[""NAD"", ""alanine"", ""beta-alanine"", ""homocysteine""]",[],0,0,8,4,5,arginine,1,2,100.0,697,179,16,2,5.863509545050215,0.2892319453010906,False,db1ab3680dcfc2deb10e2511ec28b70b27966d5a436d724be48267bcbf200acf,0.05566373304463923
direct_neighbor_ridge,0,0,0,0,0,0,False,4,"[""NAD"", ""alanine"", ""beta-alanine"", ""homocysteine""]",[],0,0,8,4,5,arginine,1,3,100.0,700,176,13,5,5.805769005428571,0.30185736890451725,False,659dce4f66bf4ee0228513d024a4e287e9f1aa3957152332b1483ab0af67cb42,0.08807879989035428
direct_neighbor_ridge,0,0,0,0,0,0,False,4,"[""NAD"", ""alanine"", ""beta-alanine"", ""homocysteine""]",[],0,0,8,4,5,arginine,1,4,100.0,702,174,13,5,5.817618240883191,0.30757781466220807,False,9492e163b6ef19b0563b1ce8302b8e8794e2e4c9c8031c62ff9774a3f63f6f58,0.0661288050469011
direct_neighbor_ridge,0,0,0,0,0,0,False,1,"[""homocysteine""]",[],0,0,2,1,2,asparagine,0,0,100.0,697,179,16,2,5.770933249067432,0.5547028758197723,False,db1ab3680dcfc2deb10e2511ec28b70b27966d5a436d724be48267bcbf200acf,0.05575939919799566
direct_neighbor_ridge,0,0,0,0,0,0,False,1,"[""homocysteine""]",[],0,0,2,1,2,asparagine,0,1,0.1,705,171,13,5,5.822742776737589,0.5073316430090837,False,32d2e2f547f707a9f12d899e65a934275c9f49020e10d214973126d05910ec9c,0.05270326905883849
direct_neighbor_ridge,0,0,0,0,0,0,False,1,"[""homocysteine""]",[],0,0,2,1,2,asparagine,0,2,100.0,700,176,13,5,5.760654128285714,0.5062160501130749,False,659dce4f66bf4ee0228513d024a4e287e9f1aa3957152332b1483ab0af67cb42,0.055640439968556166
direct_neighbor_ridge,0,0,0,0,0,0,False,1,"[""homocysteine""]",[],0,0,2,1,2,asparagine,0,3,0.1,702,174,13,5,5.834951135327635,0.4986691932677111,False,9492e163b6ef19b0563b1ce8302b8e8794e2e4c9c8031c62ff9774a3f63f6f58,0.09875695290975273
direct_neighbor_ridge,0,0,0,0,0,0,False,1,"[""homocysteine""]",[],0,0,2,1,2,asparagine,0,4,0.1,700,176,17,1,5.7793045951428565,0.5296973350103227,False,cf9883e99ee1b956d01c2cb42a4d284b982ce23065d3616a5e1cced359e41fb5,0.06840072898194194
direct_neighbor_ridge,0,0,0,0,0,0,False,1,"[""homocysteine""]",[],0,0,2,1,2,asparagine,1,0,0.1,705,171,13,5,5.822742776737589,0.5073316430090837,False,32d2e2f547f707a9f12d899e65a934275c9f49020e10d214973126d05910ec9c,0.05177572509273887
direct_neighbor_ridge,0,0,0,0,0,0,False,1,"[""homocysteine""]",[],0,0,2,1,2,asparagine,1,1,100.0,700,176,17,1,5.7793045951428565,0.5296973350103227,False,cf9883e99ee1b956d01c2cb42a4d284b982ce23065d3616a5e1cced359e41fb5,0.04891496594063938
direct_neighbor_ridge,0,0,0,0,0,0,False,1,"[""homocysteine""]",[],0,0,2,1,2,asparagine,1,2,0.1,697,179,16,2,5.770933249067432,0.5547028758197723,False,db1ab3680dcfc2deb10e2511ec28b70b27966d5a436d724be48267bcbf200acf,0.054027687991037965
direct_neighbor_ridge,0,0,0,0,0,0,False,1,"[""homocysteine""]",[],0,0,2,1,2,asparagine,1,3,100.0,700,176,13,5,5.760654128285714,0.5062160501130749,False,659dce4f66bf4ee0228513d024a4e287e9f1aa3957152332b1483ab0af67cb42,0.04863067204132676
direct_neighbor_ridge,0,0,0,0,0,0,False,1,"[""homocysteine""]",[],0,0,2,1,2,asparagine,1,4,0.1,702,174,13,5,5.834951135327635,0.4986691932677111,False,9492e163b6ef19b0563b1ce8302b8e8794e2e4c9c8031c62ff9774a3f63f6f58,0.051680953009054065
direct_neighbor_ridge,0,0,0,0,0,0,False,5,"[""NAD"", ""NADP"", ""glycine"", ""homocysteine"", ""thymidine""]",[],0,0,10,5,6,aspartate,0,0,100.0,697,179,16,2,5.880295525824964,0.31459989253788373,False,db1ab3680dcfc2deb10e2511ec28b70b27966d5a436d724be48267bcbf200acf,0.05772011401131749
direct_neighbor_ridge,0,0,0,0,0,0,False,5,"[""NAD"", ""NADP"", ""glycine"", ""homocysteine"", ""thymidine""]",[],0,0,10,5,6,aspartate,0,1,100.0,705,171,13,5,5.874632417021277,0.31483712856725005,False,32d2e2f547f707a9f12d899e65a934275c9f49020e10d214973126d05910ec9c,0.0560803129337728
direct_neighbor_ridge,0,0,0,0,0,0,False,5,"[""NAD"", ""NADP"", ""glycine"", ""homocysteine"", ""thymidine""]",[],0,0,10,5,6,aspartate,0,2,100.0,700,176,13,5,5.847491705857142,0.3070662955662841,False,659dce4f66bf4ee0228513d024a4e287e9f1aa3957152332b1483ab0af67cb42,0.07012970512732863
direct_neighbor_ridge,0,0,0,0,0,0,False,5,"[""NAD"", ""NADP"", ""glycine"", ""homocysteine"", ""thymidine""]",[],0,0,10,5,6,aspartate,0,3,100.0,702,174,13,5,5.891541375356125,0.30470940794430695,False,9492e163b6ef19b0563b1ce8302b8e8794e2e4c9c8031c62ff9774a3f63f6f58,0.0550609789788723
direct_neighbor_ridge,0,0,0,0,0,0,False,5,"[""NAD"", ""NADP"", ""glycine"", ""homocysteine"", ""thymidine""]",[],0,0,10,5,6,aspartate,0,4,100.0,700,176,17,1,5.858449629857143,0.3205310760569602,False,cf9883e99ee1b956d01c2cb42a4d284b982ce23065d3616a5e1cced359e41fb5,0.05379198701120913
direct_neighbor_ridge,0,0,0,0,0,0,False,5,"[""NAD"", ""NADP"", ""glycine"", ""homocysteine"", ""thymidine""]",[],0,0,10,5,6,aspartate,1,0,100.0,705,171,13,5,5.874632417021277,0.31483712856725005,False,32d2e2f547f707a9f12d899e65a934275c9f49020e10d214973126d05910ec9c,0.055378366028890014
direct_neighbor_ridge,0,0,0,0,0,0,False,5,"[""NAD"", ""NADP"", ""glycine"", ""homocysteine"", ""thymidine""]",[],0,0,10,5,6,aspartate,1,1,100.0,700,176,17,1,5.858449629857143,0.3205310760569602,False,cf9883e99ee1b956d01c2cb42a4d284b982ce23065d3616a5e1cced359e41fb5,0.054730992997065187
direct_neighbor_ridge,0,0,0,0,0,0,False,5,"[""NAD"", ""NADP"", ""glycine"", ""homocysteine"", ""thymidine""]",[],0,0,10,5,6,aspartate,1,2,100.0,697,179,16,2,5.880295525824964,0.31459989253788373,False,db1ab3680dcfc2deb10e2511ec28b70b27966d5a436d724be48267bcbf200acf,0.05926159000955522
direct_neighbor_ridge,0,0,0,0,0,0,False,5,"[""NAD"", ""NADP"", ""glycine"", ""homocysteine"", ""thymidine""]",[],0,0,10,5,6,aspartate,1,3,100.0,700,176,13,5,5.847491705857142,0.3070662955662841,False,659dce4f66bf4ee0228513d024a4e287e9f1aa3957152332b1483ab0af67cb42,0.10498552210628986
direct_neighbor_ridge,0,0,0,0,0,0,False,5,"[""NAD"", ""NADP"", ""glycine"", ""homocysteine"", ""thymidine""]",[],0,0,10,5,6,aspartate,1,4,100.0,702,174,13,5,5.891541375356125,0.30470940794430695,False,9492e163b6ef19b0563b1ce8302b8e8794e2e4c9c8031c62ff9774a3f63f6f58,0.12499842699617147
direct_neighbor_ridge,0,0,0,0,0,0,False,7,"[""GMP"", ""alanine"", ""glycine"", ""homocysteine"", ""hypoxanthine"", ""leucine"", ""ornithine""]",[],0,0,14,7,8,beta-alanine,0,0,100.0,697,179,16,2,5.89606564619799,0.38552157905093615,False,db1ab3680dcfc2deb10e2511ec28b70b27966d5a436d724be48267bcbf200acf,0.08093408402055502
direct_neighbor_ridge,0,0,0,0,0,0,False,7,"[""GMP"", ""alanine"", ""glycine"", ""homocysteine"", ""hypoxanthine"", ""leucine"", ""ornithine""]",[],0,0,14,7,8,beta-alanine,0,1,100.0,705,171,13,5,5.88588785106383,0.37906560080676954,False,32d2e2f547f707a9f12d899e65a934275c9f49020e10d214973126d05910ec9c,0.08570353593677282
direct_neighbor_ridge,0,0,0,0,0,0,False,7,"[""GMP"", ""alanine"", ""glycine"", ""homocysteine"", ""hypoxanthine"", ""leucine"", ""ornithine""]",[],0,0,14,7,8,beta-alanine,0,2,100.0,700,176,13,5,5.858867382571429,0.37488335636279413,False,659dce4f66bf4ee0228513d024a4e287e9f1aa3957152332b1483ab0af67cb42,0.08762211003340781
direct_neighbor_ridge,0,0,0,0,0,0,False,7,"[""GMP"", ""alanine"", ""glycine"", ""homocysteine"", ""hypoxanthine"", ""leucine"", ""ornithine""]",[],0,0,14,7,8,beta-alanine,0,3,10.0,702,174,13,5,5.889754005413106,0.3645264448798111,False,9492e163b6ef19b0563b1ce8302b8e8794e2e4c9c8031c62ff9774a3f63f6f58,0.07573794899508357
direct_neighbor_ridge,0,0,0,0,0,0,False,7,"[""GMP"", ""alanine"", ""glycine"", ""homocysteine"", ""hypoxanthine"", ""leucine"", ""ornithine""]",[],0,0,14,7,8,beta-alanine,0,4,100.0,700,176,17,1,5.876934778285714,0.37122422318563114,False,cf9883e99ee1b956d01c2cb42a4d284b982ce23065d3616a5e1cced359e41fb5,0.06645699101500213
direct_neighbor_ridge,0,0,0,0,0,0,False,7,"[""GMP"", ""alanine"", ""glycine"", ""homocysteine"", ""hypoxanthine"", ""leucine"", ""ornithine""]",[],0,0,14,7,8,beta-alanine,1,0,100.0,705,171,13,5,5.88588785106383,0.37906560080676954,False,32d2e2f547f707a9f12d899e65a934275c9f49020e10d214973126d05910ec9c,0.11106675607152283
direct_neighbor_ridge,0,0,0,0,0,0,False,7,"[""GMP"", ""alanine"", ""glycine"", ""homocysteine"", ""hypoxanthine"", ""leucine"", ""ornithine""]",[],0,0,14,7,8,beta-alanine,1,1,10.0,700,176,17,1,5.876934778285714,0.37122422318563114,False,cf9883e99ee1b956d01c2cb42a4d284b982ce23065d3616a5e1cced359e41fb5,0.08533713081851602
direct_neighbor_ridge,0,0,0,0,0,0,False,7,"[""GMP"", ""alanine"", ""glycine"", ""homocysteine"", ""hypoxanthine"", ""leucine"", ""ornithine""]",[],0,0,14,7,8,beta-alanine,1,2,10.0,697,179,16,2,5.89606564619799,0.38552157905093615,False,db1ab3680dcfc2deb10e2511ec28b70b27966d5a436d724be48267bcbf200acf,0.08949901210144162
direct_neighbor_ridge,0,0,0,0,0,0,False,7,"[""GMP"", ""alanine"", ""glycine"", ""homocysteine"", ""hypoxanthine"", ""leucine"", ""ornithine""]",[],0,0,14,7,8,beta-alanine,1,3,100.0,700,176,13,5,5.858867382571429,0.37488335636279413,False,659dce4f66bf4ee0228513d024a4e287e9f1aa3957152332b1483ab0af67cb42,0.08543791784904897
direct_neighbor_ridge,0,0,0,0,0,0,False,7,"[""GMP"", ""alanine"", ""glycine"", ""homocysteine"", ""hypoxanthine"", ""leucine"", ""ornithine""]",[],0,0,14,7,8,beta-alanine,1,4,10.0,702,174,13,5,5.889754005413106,0.3645264448798111,False,9492e163b6ef19b0563b1ce8302b8e8794e2e4c9c8031c62ff9774a3f63f6f58,0.09218924399465322
direct_neighbor_ridge,0,0,0,0,0,0,False,5,"[""AMP"", ""GMP"", ""UMP"", ""adenosine"", ""glutamate""]",[],0,0,10,5,6,betaine,0,0,10.0,697,179,16,2,5.8714377137733145,0.18159899344090086,False,db1ab3680dcfc2deb10e2511ec28b70b27966d5a436d724be48267bcbf200acf,0.05951410089619458
direct_neighbor_ridge,0,0,0,0,0,0,False,5,"[""AMP"", ""GMP"", ""UMP"", ""adenosine"", ""glutamate""]",[],0,0,10,5,6,betaine,0,1,100.0,705,171,13,5,5.844790105815603,0.2090158756680175,False,32d2e2f547f707a9f12d899e65a934275c9f49020e10d214973126d05910ec9c,0.07185304211452603
direct_neighbor_ridge,0,0,0,0,0,0,False,5,"[""AMP"", ""GMP"", ""UMP"", ""adenosine"", ""glutamate""]",[],0,0,10,5,6,betaine,0,2,10.0,700,176,13,5,5.823641747,0.19709735634486064,False,659dce4f66bf4ee0228513d024a4e287e9f1aa3957152332b1483ab0af67cb42,0.07203820790164173
direct_neighbor_ridge,0,0,0,0,0,0,False,5,"[""AMP"", ""GMP"", ""UMP"", ""adenosine"", ""glutamate""]",[],0,0,10,5,6,betaine,0,3,100.0,702,174,13,5,5.841853994301995,0.20015594660079908,False,9492e163b6ef19b0563b1ce8302b8e8794e2e4c9c8031c62ff9774a3f63f6f58,0.08208738802932203
direct_neighbor_ridge,0,0,0,0,0,0,False,5,"[""AMP"", ""GMP"", ""UMP"", ""adenosine"", ""glutamate""]",[],0,0,10,5,6,betaine,0,4,100.0,700,176,17,1,5.841625063428572,0.19284290121241865,False,cf9883e99ee1b956d01c2cb42a4d284b982ce23065d3616a5e1cced359e41fb5,0.08388993493281305
direct_neighbor_ridge,0,0,0,0,0,0,False,5,"[""AMP"", ""GMP"", ""UMP"", ""adenosine"", ""glutamate""]",[],0,0,10,5,6,betaine,1,0,100.0,705,171,13,5,5.844790105815603,0.2090158756680175,False,32d2e2f547f707a9f12d899e65a934275c9f49020e10d214973126d05910ec9c,0.060678224079310894
direct_neighbor_ridge,0,0,0,0,0,0,False,5,"[""AMP"", ""GMP"", ""UMP"", ""adenosine"", ""glutamate""]",[],0,0,10,5,6,betaine,1,1,10.0,700,176,17,1,5.841625063428572,0.19284290121241865,False,cf9883e99ee1b956d01c2cb42a4d284b982ce23065d3616a5e1cced359e41fb5,0.07398840389214456
direct_neighbor_ridge,0,0,0,0,0,0,False,5,"[""AMP"", ""GMP"", ""UMP"", ""adenosine"", ""glutamate""]",[],0,0,10,5,6,betaine,1,2,0.1,697,179,16,2,5.8714377137733145,0.18159899344090086,False,db1ab3680dcfc2deb10e2511ec28b70b27966d5a436d724be48267bcbf200acf,0.0656666539143771
direct_neighbor_ridge,0,0,0,0,0,0,False,5,"[""AMP"", ""GMP"", ""UMP"", ""adenosine"", ""glutamate""]",[],0,0,10,5,6,betaine,1,3,10.0,700,176,13,5,5.823641747,0.19709735634486064,False,659dce4f66bf4ee0228513d024a4e287e9f1aa3957152332b1483ab0af67cb42,0.060711551923304796
direct_neighbor_ridge,0,0,0,0,0,0,False,5,"[""AMP"", ""GMP"", ""UMP"", ""adenosine"", ""glutamate""]",[],0,0,10,5,6,betaine,1,4,100.0,702,174,13,5,5.841853994301995,0.20015594660079908,False,9492e163b6ef19b0563b1ce8302b8e8794e2e4c9c8031c62ff9774a3f63f6f58,0.0693342371378094
direct_neighbor_ridge,0,0,0,0,0,0,False,1,"[""NAD""]",[],0,0,2,1,2,cAMP,0,0,0.1,697,179,16,2,5.950858155093256,0.2858460941092765,False,db1ab3680dcfc2deb10e2511ec28b70b27966d5a436d724be48267bcbf200acf,0.052717562997713685
direct_neighbor_ridge,0,0,0,0,0,0,False,1,"[""NAD""]",[],0,0,2,1,2,cAMP,0,1,100.0,705,171,13,5,5.9900215581560285,0.2949595974021159,False,32d2e2f547f707a9f12d899e65a934275c9f49020e10d214973126d05910ec9c,0.055804997915402055
direct_neighbor_ridge,0,0,0,0,0,0,False,1,"[""NAD""]",[],0,0,2,1,2,cAMP,0,2,100.0,700,176,13,5,5.979318919714286,0.3061051247886878,False,659dce4f66bf4ee0228513d024a4e287e9f1aa3957152332b1483ab0af67cb42,0.05835381103679538
direct_neighbor_ridge,0,0,0,0,0,0,False,1,"[""NAD""]",[],0,0,2,1,2,cAMP,0,3,100.0,702,174,13,5,5.992108657692308,0.3013222098747822,False,9492e163b6ef19b0563b1ce8302b8e8794e2e4c9c8031c62ff9774a3f63f6f58,0.05459052789956331
direct_neighbor_ridge,0,0,0,0,0,0,False,1,"[""NAD""]",[],0,0,2,1,2,cAMP,0,4,0.1,700,176,17,1,6.001160348428571,0.2957637599772958,False,cf9883e99ee1b956d01c2cb42a4d284b982ce23065d3616a5e1cced359e41fb5,0.05264075589366257
direct_neighbor_ridge,0,0,0,0,0,0,False,1,"[""NAD""]",[],0,0,2,1,2,cAMP,1,0,100.0,705,171,13,5,5.9900215581560285,0.2949595974021159,False,32d2e2f547f707a9f12d899e65a934275c9f49020e10d214973126d05910ec9c,0.05899287899956107
direct_neighbor_ridge,0,0,0,0,0,0,False,1,"[""NAD""]",[],0,0,2,1,2,cAMP,1,1,0.1,700,176,17,1,6.001160348428571,0.2957637599772958,False,cf9883e99ee1b956d01c2cb42a4d284b982ce23065d3616a5e1cced359e41fb5,0.07430882891640067
direct_neighbor_ridge,0,0,0,0,0,0,False,1,"[""NAD""]",[],0,0,2,1,2,cAMP,1,2,0.1,697,179,16,2,5.950858155093256,0.2858460941092765,False,db1ab3680dcfc2deb10e2511ec28b70b27966d5a436d724be48267bcbf200acf,0.08463137783110142
direct_neighbor_ridge,0,0,0,0,0,0,False,1,"[""NAD""]",[],0,0,2,1,2,cAMP,1,3,0.1,700,176,13,5,5.979318919714286,0.3061051247886878,False,659dce4f66bf4ee0228513d024a4e287e9f1aa3957152332b1483ab0af67cb42,0.11861431202851236
direct_neighbor_ridge,0,0,0,0,0,0,False,1,"[""NAD""]",[],0,0,2,1,2,cAMP,1,4,100.0,702,174,13,5,5.992108657692308,0.3013222098747822,False,9492e163b6ef19b0563b1ce8302b8e8794e2e4c9c8031c62ff9774a3f63f6f58,0.06036361283622682
direct_neighbor_ridge,0,0,0,0,0,0,False,3,"[""NAD"", ""glycine"", ""taurine""]",[],0,0,6,3,4,carnosine,0,0,100.0,697,179,16,2,5.848187210903874,0.3346815694032456,False,db1ab3680dcfc2deb10e2511ec28b70b27966d5a436d724be48267bcbf200acf,0.08991966908797622
direct_neighbor_ridge,0,0,0,0,0,0,False,3,"[""NAD"", ""glycine"", ""taurine""]",[],0,0,6,3,4,carnosine,0,1,100.0,705,171,13,5,5.717911871205674,0.4169635505808757,False,32d2e2f547f707a9f12d899e65a934275c9f49020e10d214973126d05910ec9c,0.053820095025002956
direct_neighbor_ridge,0,0,0,0,0,0,False,3,"[""NAD"", ""glycine"", ""taurine""]",[],0,0,6,3,4,carnosine,0,2,100.0,700,176,13,5,5.728871635,0.406759957033559,False,659dce4f66bf4ee0228513d024a4e287e9f1aa3957152332b1483ab0af67cb42,0.057579825166612864
direct_neighbor_ridge,0,0,0,0,0,0,False,3,"[""NAD"", ""glycine"", ""taurine""]",[],0,0,6,3,4,carnosine,0,3,100.0,702,174,13,5,5.720513488319089,0.41215713156509043,False,9492e163b6ef19b0563b1ce8302b8e8794e2e4c9c8031c62ff9774a3f63f6f58,0.06324553419835865
direct_neighbor_ridge,0,0,0,0,0,0,False,3,"[""NAD"", ""glycine"", ""taurine""]",[],0,0,6,3,4,carnosine,0,4,100.0,700,176,17,1,5.747184804428572,0.40402742531557306,False,cf9883e99ee1b956d01c2cb42a4d284b982ce23065d3616a5e1cced359e41fb5,0.05528478207997978
direct_neighbor_ridge,0,0,0,0,0,0,False,3,"[""NAD"", ""glycine"", ""taurine""]",[],0,0,6,3,4,carnosine,1,0,100.0,705,171,13,5,5.717911871205674,0.4169635505808757,False,32d2e2f547f707a9f12d899e65a934275c9f49020e10d214973126d05910ec9c,0.05767359398305416
direct_neighbor_ridge,0,0,0,0,0,0,False,3,"[""NAD"", ""glycine"", ""taurine""]",[],0,0,6,3,4,carnosine,1,1,100.0,700,176,17,1,5.747184804428572,0.40402742531557306,False,cf9883e99ee1b956d01c2cb42a4d284b982ce23065d3616a5e1cced359e41fb5,0.0629859168548137
direct_neighbor_ridge,0,0,0,0,0,0,False,3,"[""NAD"", ""glycine"", ""taurine""]",[],0,0,6,3,4,carnosine,1,2,100.0,697,179,16,2,5.848187210903874,0.3346815694032456,False,db1ab3680dcfc2deb10e2511ec28b70b27966d5a436d724be48267bcbf200acf,0.06175041710957885
direct_neighbor_ridge,0,0,0,0,0,0,False,3,"[""NAD"", ""glycine"", ""taurine""]",[],0,0,6,3,4,carnosine,1,3,100.0,700,176,13,5,5.728871635,0.406759957033559,False,659dce4f66bf4ee0228513d024a4e287e9f1aa3957152332b1483ab0af67cb42,0.06831095111556351
direct_neighbor_ridge,0,0,0,0,0,0,False,3,"[""NAD"", ""glycine"", ""taurine""]",[],0,0,6,3,4,carnosine,1,4,100.0,702,174,13,5,5.720513488319089,0.41215713156509043,False,9492e163b6ef19b0563b1ce8302b8e8794e2e4c9c8031c62ff9774a3f63f6f58,0.05748569220304489
direct_neighbor_ridge,0,0,0,0,0,0,False,3,"[""arginine"", ""glutamate"", ""guanosine""]",[],0,0,6,3,4,choline,0,0,0.1,697,179,16,2,5.8239385981348635,0.338166872104974,False,db1ab3680dcfc2deb10e2511ec28b70b27966d5a436d724be48267bcbf200acf,0.08078716392628849
direct_neighbor_ridge,0,0,0,0,0,0,False,3,"[""arginine"", ""glutamate"", ""guanosine""]",[],0,0,6,3,4,choline,0,1,0.1,705,171,13,5,5.859232645531915,0.32003460065194833,False,32d2e2f547f707a9f12d899e65a934275c9f49020e10d214973126d05910ec9c,0.05491213500499725
direct_neighbor_ridge,0,0,0,0,0,0,False,3,"[""arginine"", ""glutamate"", ""guanosine""]",[],0,0,6,3,4,choline,0,2,100.0,700,176,13,5,5.867582237714285,0.32489858486978823,False,659dce4f66bf4ee0228513d024a4e287e9f1aa3957152332b1483ab0af67cb42,0.0676757120527327
direct_neighbor_ridge,0,0,0,0,0,0,False,3,"[""arginine"", ""glutamate"", ""guanosine""]",[],0,0,6,3,4,choline,0,3,100.0,702,174,13,5,5.8625390531339026,0.3226075591600372,False,9492e163b6ef19b0563b1ce8302b8e8794e2e4c9c8031c62ff9774a3f63f6f58,0.052121530985459685
direct_neighbor_ridge,0,0,0,0,0,0,False,3,"[""arginine"", ""glutamate"", ""guanosine""]",[],0,0,6,3,4,choline,0,4,100.0,700,176,17,1,5.852284691285713,0.32270601790601433,False,cf9883e99ee1b956d01c2cb42a4d284b982ce23065d3616a5e1cced359e41fb5,0.048957196064293385
direct_neighbor_ridge,0,0,0,0,0,0,False,3,"[""arginine"", ""glutamate"", ""guanosine""]",[],0,0,6,3,4,choline,1,0,0.1,705,171,13,5,5.859232645531915,0.32003460065194833,False,32d2e2f547f707a9f12d899e65a934275c9f49020e10d214973126d05910ec9c,0.0526376380585134
direct_neighbor_ridge,0,0,0,0,0,0,False,3,"[""arginine"", ""glutamate"", ""guanosine""]",[],0,0,6,3,4,choline,1,1,100.0,700,176,17,1,5.852284691285713,0.32270601790601433,False,cf9883e99ee1b956d01c2cb42a4d284b982ce23065d3616a5e1cced359e41fb5,0.05362507817335427
direct_neighbor_ridge,0,0,0,0,0,0,False,3,"[""arginine"", ""glutamate"", ""guanosine""]",[],0,0,6,3,4,choline,1,2,0.1,697,179,16,2,5.8239385981348635,0.338166872104974,False,db1ab3680dcfc2deb10e2511ec28b70b27966d5a436d724be48267bcbf200acf,0.05796103994362056
direct_neighbor_ridge,0,0,0,0,0,0,False,3,"[""arginine"", ""glutamate"", ""guanosine""]",[],0,0,6,3,4,choline,1,3,0.1,700,176,13,5,5.867582237714285,0.32489858486978823,False,659dce4f66bf4ee0228513d024a4e287e9f1aa3957152332b1483ab0af67cb42,0.05462933983653784
direct_neighbor_ridge,0,0,0,0,0,0,False,3,"[""arginine"", ""glutamate"", ""guanosine""]",[],0,0,6,3,4,choline,1,4,100.0,702,174,13,5,5.8625390531339026,0.3226075591600372,False,9492e163b6ef19b0563b1ce8302b8e8794e2e4c9c8031c62ff9774a3f63f6f58,0.05434360704384744
direct_neighbor_ridge,0,0,0,0,0,0,False,2,"[""adenine"", ""adenosine""]",[],0,0,4,2,3,citrate,0,0,100.0,697,179,16,2,5.856802146628407,0.28662588456419313,False,db1ab3680dcfc2deb10e2511ec28b70b27966d5a436d724be48267bcbf200acf,0.05045635509304702
direct_neighbor_ridge,0,0,0,0,0,0,False,2,"[""adenine"", ""adenosine""]",[],0,0,4,2,3,citrate,0,1,0.1,705,171,13,5,5.791562419007092,0.33160955849208257,False,32d2e2f547f707a9f12d899e65a934275c9f49020e10d214973126d05910ec9c,0.05029842909425497
direct_neighbor_ridge,0,0,0,0,0,0,False,2,"[""adenine"", ""adenosine""]",[],0,0,4,2,3,citrate,0,2,10.0,700,176,13,5,5.796659042428571,0.3209738076981834,False,659dce4f66bf4ee0228513d024a4e287e9f1aa3957152332b1483ab0af67cb42,0.05062903696671128
direct_neighbor_ridge,0,0,0,0,0,0,False,2,"[""adenine"", ""adenosine""]",[],0,0,4,2,3,citrate,0,3,100.0,702,174,13,5,5.816074590598291,0.3172362249439492,False,9492e163b6ef19b0563b1ce8302b8e8794e2e4c9c8031c62ff9774a3f63f6f58,0.05236692796461284
direct_neighbor_ridge,0,0,0,0,0,0,False,2,"[""adenine"", ""adenosine""]",[],0,0,4,2,3,citrate,0,4,100.0,700,176,17,1,5.8187439961428575,0.3243083616569265,False,cf9883e99ee1b956d01c2cb42a4d284b982ce23065d3616a5e1cced359e41fb5,0.049460792914032936
direct_neighbor_ridge,0,0,0,0,0,0,False,2,"[""adenine"", ""adenosine""]",[],0,0,4,2,3,citrate,1,0,0.1,705,171,13,5,5.791562419007092,0.33160955849208257,False,32d2e2f547f707a9f12d899e65a934275c9f49020e10d214973126d05910ec9c,0.05074426392093301
direct_neighbor_ridge,0,0,0,0,0,0,False,2,"[""adenine"", ""adenosine""]",[],0,0,4,2,3,citrate,1,1,100.0,700,176,17,1,5.8187439961428575,0.3243083616569265,False,cf9883e99ee1b956d01c2cb42a4d284b982ce23065d3616a5e1cced359e41fb5,0.0483244601637125
direct_neighbor_ridge,0,0,0,0,0,0,False,2,"[""adenine"", ""adenosine""]",[],0,0,4,2,3,citrate,1,2,100.0,697,179,16,2,5.856802146628407,0.28662588456419313,False,db1ab3680dcfc2deb10e2511ec28b70b27966d5a436d724be48267bcbf200acf,0.0516898010391742
direct_neighbor_ridge,0,0,0,0,0,0,False,2,"[""adenine"", ""adenosine""]",[],0,0,4,2,3,citrate,1,3,100.0,700,176,13,5,5.796659042428571,0.3209738076981834,False,659dce4f66bf4ee0228513d024a4e287e9f1aa3957152332b1483ab0af67cb42,0.05079421610571444
direct_neighbor_ridge,0,0,0,0,0,0,False,2,"[""adenine"", ""adenosine""]",[],0,0,4,2,3,citrate,1,4,10.0,702,174,13,5,5.816074590598291,0.3172362249439492,False,9492e163b6ef19b0563b1ce8302b8e8794e2e4c9c8031c62ff9774a3f63f6f58,0.048723017796874046
direct_neighbor_ridge,0,0,0,0,0,0,False,5,"[""CMP"", ""GMP"", ""NAD"", ""adenosine"", ""glutamate""]",[],0,0,10,5,6,citrulline,0,0,100.0,697,179,16,2,5.850244435150646,0.2837581540578788,False,db1ab3680dcfc2deb10e2511ec28b70b27966d5a436d724be48267bcbf200acf,0.08580992603674531
direct_neighbor_ridge,0,0,0,0,0,0,False,5,"[""CMP"", ""GMP"", ""NAD"", ""adenosine"", ""glutamate""]",[],0,0,10,5,6,citrulline,0,1,100.0,705,171,13,5,5.795729869078015,0.31706795344862154,False,32d2e2f547f707a9f12d899e65a934275c9f49020e10d214973126d05910ec9c,0.06166061898693442
direct_neighbor_ridge,0,0,0,0,0,0,False,5,"[""CMP"", ""GMP"", ""NAD"", ""adenosine"", ""glutamate""]",[],0,0,10,5,6,citrulline,0,2,100.0,700,176,13,5,5.808392116714286,0.30975075225231685,False,659dce4f66bf4ee0228513d024a4e287e9f1aa3957152332b1483ab0af67cb42,0.06017264607362449
direct_neighbor_ridge,0,0,0,0,0,0,False,5,"[""CMP"", ""GMP"", ""NAD"", ""adenosine"", ""glutamate""]",[],0,0,10,5,6,citrulline,0,3,10.0,702,174,13,5,5.80420118960114,0.30130689878614486,False,9492e163b6ef19b0563b1ce8302b8e8794e2e4c9c8031c62ff9774a3f63f6f58,0.062228929018601775
direct_neighbor_ridge,0,0,0,0,0,0,False,5,"[""CMP"", ""GMP"", ""NAD"", ""adenosine"", ""glutamate""]",[],0,0,10,5,6,citrulline,0,4,100.0,700,176,17,1,5.817242098,0.2998443205544627,False,cf9883e99ee1b956d01c2cb42a4d284b982ce23065d3616a5e1cced359e41fb5,0.06372087099589407
direct_neighbor_ridge,0,0,0,0,0,0,False,5,"[""CMP"", ""GMP"", ""NAD"", ""adenosine"", ""glutamate""]",[],0,0,10,5,6,citrulline,1,0,100.0,705,171,13,5,5.795729869078015,0.31706795344862154,False,32d2e2f547f707a9f12d899e65a934275c9f49020e10d214973126d05910ec9c,0.10202967212535441
direct_neighbor_ridge,0,0,0,0,0,0,False,5,"[""CMP"", ""GMP"", ""NAD"", ""adenosine"", ""glutamate""]",[],0,0,10,5,6,citrulline,1,1,10.0,700,176,17,1,5.817242098,0.2998443205544627,False,cf9883e99ee1b956d01c2cb42a4d284b982ce23065d3616a5e1cced359e41fb5,0.07055404409766197
direct_neighbor_ridge,0,0,0,0,0,0,False,5,"[""CMP"", ""GMP"", ""NAD"", ""adenosine"", ""glutamate""]",[],0,0,10,5,6,citrulline,1,2,100.0,697,179,16,2,5.850244435150646,0.2837581540578788,False,db1ab3680dcfc2deb10e2511ec28b70b27966d5a436d724be48267bcbf200acf,0.06659966288134456
direct_neighbor_ridge,0,0,0,0,0,0,False,5,"[""CMP"", ""GMP"", ""NAD"", ""adenosine"", ""glutamate""]",[],0,0,10,5,6,citrulline,1,3,100.0,700,176,13,5,5.808392116714286,0.30975075225231685,False,659dce4f66bf4ee0228513d024a4e287e9f1aa3957152332b1483ab0af67cb42,0.07474513398483396
direct_neighbor_ridge,0,0,0,0,0,0,False,5,"[""CMP"", ""GMP"", ""NAD"", ""adenosine"", ""glutamate""]",[],0,0,10,5,6,citrulline,1,4,10.0,702,174,13,5,5.80420118960114,0.30130689878614486,False,9492e163b6ef19b0563b1ce8302b8e8794e2e4c9c8031c62ff9774a3f63f6f58,0.06291597010567784
direct_neighbor_ridge,0,0,0,0,0,0,False,2,"[""dimethylglycine"", ""proline""]",[],0,0,4,2,3,cytidine,0,0,100.0,697,179,16,2,5.821940568292683,0.4881534049700528,False,db1ab3680dcfc2deb10e2511ec28b70b27966d5a436d724be48267bcbf200acf,0.05713315401226282
direct_neighbor_ridge,0,0,0,0,0,0,False,2,"[""dimethylglycine"", ""proline""]",[],0,0,4,2,3,cytidine,0,1,100.0,705,171,13,5,5.9433197194326235,0.5687678071111162,False,32d2e2f547f707a9f12d899e65a934275c9f49020e10d214973126d05910ec9c,0.059781199088320136
direct_neighbor_ridge,0,0,0,0,0,0,False,2,"[""dimethylglycine"", ""proline""]",[],0,0,4,2,3,cytidine,0,2,100.0,700,176,13,5,5.986364081142857,0.5599634922930096,False,659dce4f66bf4ee0228513d024a4e287e9f1aa3957152332b1483ab0af67cb42,0.06515377317555249
direct_neighbor_ridge,0,0,0,0,0,0,False,2,"[""dimethylglycine"", ""proline""]",[],0,0,4,2,3,cytidine,0,3,10.0,702,174,13,5,5.943676573361824,0.5762399457215668,False,9492e163b6ef19b0563b1ce8302b8e8794e2e4c9c8031c62ff9774a3f63f6f58,0.05984550016000867
direct_neighbor_ridge,0,0,0,0,0,0,False,2,"[""dimethylglycine"", ""proline""]",[],0,0,4,2,3,cytidine,0,4,100.0,700,176,17,1,5.943439289714285,0.5728846534204469,False,cf9883e99ee1b956d01c2cb42a4d284b982ce23065d3616a5e1cced359e41fb5,0.05952388606965542
direct_neighbor_ridge,0,0,0,0,0,0,False,2,"[""dimethylglycine"", ""proline""]",[],0,0,4,2,3,cytidine,1,0,100.0,705,171,13,5,5.9433197194326235,0.5687678071111162,False,32d2e2f547f707a9f12d899e65a934275c9f49020e10d214973126d05910ec9c,0.05562773486599326
direct_neighbor_ridge,0,0,0,0,0,0,False,2,"[""dimethylglycine"", ""proline""]",[],0,0,4,2,3,cytidine,1,1,100.0,700,176,17,1,5.943439289714285,0.5728846534204469,False,cf9883e99ee1b956d01c2cb42a4d284b982ce23065d3616a5e1cced359e41fb5,0.04943226696923375
direct_neighbor_ridge,0,0,0,0,0,0,False,2,"[""dimethylglycine"", ""proline""]",[],0,0,4,2,3,cytidine,1,2,10.0,697,179,16,2,5.821940568292683,0.4881534049700528,False,db1ab3680dcfc2deb10e2511ec28b70b27966d5a436d724be48267bcbf200acf,0.06282778596505523
direct_neighbor_ridge,0,0,0,0,0,0,False,2,"[""dimethylglycine"", ""proline""]",[],0,0,4,2,3,cytidine,1,3,100.0,700,176,13,5,5.986364081142857,0.5599634922930096,False,659dce4f66bf4ee0228513d024a4e287e9f1aa3957152332b1483ab0af67cb42,0.0620266639161855
direct_neighbor_ridge,0,0,0,0,0,0,False,2,"[""dimethylglycine"", ""proline""]",[],0,0,4,2,3,cytidine,1,4,10.0,702,174,13,5,5.943676573361824,0.5762399457215668,False,9492e163b6ef19b0563b1ce8302b8e8794e2e4c9c8031c62ff9774a3f63f6f58,0.06287390692159534
direct_neighbor_ridge,0,0,0,0,0,0,False,5,"[""CMP"", ""NAD"", ""aspartate"", ""phenylalanine"", ""proline""]",[],0,0,10,5,6,dimethylglycine,0,0,100.0,697,179,16,2,5.842713994691535,0.2412852905128361,False,db1ab3680dcfc2deb10e2511ec28b70b27966d5a436d724be48267bcbf200acf,0.0591997189912945
direct_neighbor_ridge,0,0,0,0,0,0,False,5,"[""CMP"", ""NAD"", ""aspartate"", ""phenylalanine"", ""proline""]",[],0,0,10,5,6,dimethylglycine,0,1,10.0,705,171,13,5,5.7773420750354605,0.2754153009172702,False,32d2e2f547f707a9f12d899e65a934275c9f49020e10d214973126d05910ec9c,0.05676464410498738
direct_neighbor_ridge,0,0,0,0,0,0,False,5,"[""CMP"", ""NAD"", ""aspartate"", ""phenylalanine"", ""proline""]",[],0,0,10,5,6,dimethylglycine,0,2,100.0,700,176,13,5,5.776686067571429,0.2684533693166957,False,659dce4f66bf4ee0228513d024a4e287e9f1aa3957152332b1483ab0af67cb42,0.055804727133363485
direct_neighbor_ridge,0,0,0,0,0,0,False,5,"[""CMP"", ""NAD"", ""aspartate"", ""phenylalanine"", ""proline""]",[],0,0,10,5,6,dimethylglycine,0,3,10.0,702,174,13,5,5.778814191452991,0.2645452231216455,False,9492e163b6ef19b0563b1ce8302b8e8794e2e4c9c8031c62ff9774a3f63f6f58,0.059874030062928796
direct_neighbor_ridge,0,0,0,0,0,0,False,5,"[""CMP"", ""NAD"", ""aspartate"", ""phenylalanine"", ""proline""]",[],0,0,10,5,6,dimethylglycine,0,4,10.0,700,176,17,1,5.798933204428572,0.25781198933068716,False,cf9883e99ee1b956d01c2cb42a4d284b982ce23065d3616a5e1cced359e41fb5,0.07100648595951498
direct_neighbor_ridge,0,0,0,0,0,0,False,5,"[""CMP"", ""NAD"", ""aspartate"", ""phenylalanine"", ""proline""]",[],0,0,10,5,6,dimethylglycine,1,0,10.0,705,171,13,5,5.7773420750354605,0.2754153009172702,False,32d2e2f547f707a9f12d899e65a934275c9f49020e10d214973126d05910ec9c,0.07361120893619955
direct_neighbor_ridge,0,0,0,0,0,0,False,5,"[""CMP"", ""NAD"", ""aspartate"", ""phenylalanine"", ""proline""]",[],0,0,10,5,6,dimethylglycine,1,1,10.0,700,176,17,1,5.798933204428572,0.25781198933068716,False,cf9883e99ee1b956d01c2cb42a4d284b982ce23065d3616a5e1cced359e41fb5,0.06074894708581269
direct_neighbor_ridge,0,0,0,0,0,0,False,5,"[""CMP"", ""NAD"", ""aspartate"", ""phenylalanine"", ""proline""]",[],0,0,10,5,6,dimethylglycine,1,2,100.0,697,179,16,2,5.842713994691535,0.2412852905128361,False,db1ab3680dcfc2deb10e2511ec28b70b27966d5a436d724be48267bcbf200acf,0.059257011860609055
direct_neighbor_ridge,0,0,0,0,0,0,False,5,"[""CMP"", ""NAD"", ""aspartate"", ""phenylalanine"", ""proline""]",[],0,0,10,5,6,dimethylglycine,1,3,10.0,700,176,13,5,5.776686067571429,0.2684533693166957,False,659dce4f66bf4ee0228513d024a4e287e9f1aa3957152332b1483ab0af67cb42,0.058320037089288235
direct_neighbor_ridge,0,0,0,0,0,0,False,5,"[""CMP"", ""NAD"", ""aspartate"", ""phenylalanine"", ""proline""]",[],0,0,10,5,6,dimethylglycine,1,4,10.0,702,174,13,5,5.778814191452991,0.2645452231216455,False,9492e163b6ef19b0563b1ce8302b8e8794e2e4c9c8031c62ff9774a3f63f6f58,0.06266168900765479
direct_neighbor_ridge,0,0,0,0,0,0,False,2,"[""AMP"", ""urate""]",[],0,0,4,2,3,glucuronate,0,0,100.0,697,179,16,2,5.875591368579626,0.21436797356403015,False,db1ab3680dcfc2deb10e2511ec28b70b27966d5a436d724be48267bcbf200acf,0.05560253909789026
direct_neighbor_ridge,0,0,0,0,0,0,False,2,"[""AMP"", ""urate""]",[],0,0,4,2,3,glucuronate,0,1,100.0,705,171,13,5,5.8372711251063825,0.264059395571085,False,32d2e2f547f707a9f12d899e65a934275c9f49020e10d214973126d05910ec9c,0.060371563071385026
direct_neighbor_ridge,0,0,0,0,0,0,False,2,"[""AMP"", ""urate""]",[],0,0,4,2,3,glucuronate,0,2,0.1,700,176,13,5,5.841330032428572,0.2627256409648469,False,659dce4f66bf4ee0228513d024a4e287e9f1aa3957152332b1483ab0af67cb42,0.07228503003716469
direct_neighbor_ridge,0,0,0,0,0,0,False,2,"[""AMP"", ""urate""]",[],0,0,4,2,3,glucuronate,0,3,10.0,702,174,13,5,5.840461464102564,0.26023183008970724,False,9492e163b6ef19b0563b1ce8302b8e8794e2e4c9c8031c62ff9774a3f63f6f58,0.06564335292205215
direct_neighbor_ridge,0,0,0,0,0,0,False,2,"[""AMP"", ""urate""]",[],0,0,4,2,3,glucuronate,0,4,100.0,700,176,17,1,5.853340806857143,0.2561959379747985,False,cf9883e99ee1b956d01c2cb42a4d284b982ce23065d3616a5e1cced359e41fb5,0.06778509705327451
direct_neighbor_ridge,0,0,0,0,0,0,False,2,"[""AMP"", ""urate""]",[],0,0,4,2,3,glucuronate,1,0,100.0,705,171,13,5,5.8372711251063825,0.264059395571085,False,32d2e2f547f707a9f12d899e65a934275c9f49020e10d214973126d05910ec9c,0.05648661497980356
direct_neighbor_ridge,0,0,0,0,0,0,False,2,"[""AMP"", ""urate""]",[],0,0,4,2,3,glucuronate,1,1,100.0,700,176,17,1,5.853340806857143,0.2561959379747985,False,cf9883e99ee1b956d01c2cb42a4d284b982ce23065d3616a5e1cced359e41fb5,0.06354745686985552
direct_neighbor_ridge,0,0,0,0,0,0,False,2,"[""AMP"", ""urate""]",[],0,0,4,2,3,glucuronate,1,2,100.0,697,179,16,2,5.875591368579626,0.21436797356403015,False,db1ab3680dcfc2deb10e2511ec28b70b27966d5a436d724be48267bcbf200acf,0.055637429002672434
direct_neighbor_ridge,0,0,0,0,0,0,False,2,"[""AMP"", ""urate""]",[],0,0,4,2,3,glucuronate,1,3,0.1,700,176,13,5,5.841330032428572,0.2627256409648469,False,659dce4f66bf4ee0228513d024a4e287e9f1aa3957152332b1483ab0af67cb42,0.10519733210094273
direct_neighbor_ridge,0,0,0,0,0,0,False,2,"[""AMP"", ""urate""]",[],0,0,4,2,3,glucuronate,1,4,10.0,702,174,13,5,5.840461464102564,0.26023183008970724,False,9492e163b6ef19b0563b1ce8302b8e8794e2e4c9c8031c62ff9774a3f63f6f58,0.05029130517505109
direct_neighbor_ridge,0,0,0,0,0,0,False,15,"[""AMP"", ""CMP"", ""GMP"", ""UMP"", ""adenine"", ""arginine"", ""betaine"", ""cAMP"", ""citrate"", ""citrulline"", ""dimethylglycine"", ""isocitrate"", ""lysine"", ""sarcosine"", ""thymine""]",[],0,0,30,15,16,glutamate,0,0,100.0,697,179,16,2,5.837754748206599,0.22300075523157906,False,db1ab3680dcfc2deb10e2511ec28b70b27966d5a436d724be48267bcbf200acf,0.05059084598906338
direct_neighbor_ridge,0,0,0,0,0,0,False,15,"[""AMP"", ""CMP"", ""GMP"", ""UMP"", ""adenine"", ""arginine"", ""betaine"", ""cAMP"", ""citrate"", ""citrulline"", ""dimethylglycine"", ""isocitrate"", ""lysine"", ""sarcosine"", ""thymine""]",[],0,0,30,15,16,glutamate,0,1,100.0,705,171,13,5,5.856274995319149,0.23737426526109665,False,32d2e2f547f707a9f12d899e65a934275c9f49020e10d214973126d05910ec9c,0.06159634701907635
direct_neighbor_ridge,0,0,0,0,0,0,False,15,"[""AMP"", ""CMP"", ""GMP"", ""UMP"", ""adenine"", ""arginine"", ""betaine"", ""cAMP"", ""citrate"", ""citrulline"", ""dimethylglycine"", ""isocitrate"", ""lysine"", ""sarcosine"", ""thymine""]",[],0,0,30,15,16,glutamate,0,2,100.0,700,176,13,5,5.877516673,0.23263179623229843,False,659dce4f66bf4ee0228513d024a4e287e9f1aa3957152332b1483ab0af67cb42,0.0684027278330177
direct_neighbor_ridge,0,0,0,0,0,0,False,15,"[""AMP"", ""CMP"", ""GMP"", ""UMP"", ""adenine"", ""arginine"", ""betaine"", ""cAMP"", ""citrate"", ""citrulline"", ""dimethylglycine"", ""isocitrate"", ""lysine"", ""sarcosine"", ""thymine""]",[],0,0,30,15,16,glutamate,0,3,100.0,702,174,13,5,5.872189215954415,0.2121533254343439,False,9492e163b6ef19b0563b1ce8302b8e8794e2e4c9c8031c62ff9774a3f63f6f58,0.06733996397815645
direct_neighbor_ridge,0,0,0,0,0,0,False,15,"[""AMP"", ""CMP"", ""GMP"", ""UMP"", ""adenine"", ""arginine"", ""betaine"", ""cAMP"", ""citrate"", ""citrulline"", ""dimethylglycine"", ""isocitrate"", ""lysine"", ""sarcosine"", ""thymine""]",[],0,0,30,15,16,glutamate,0,4,100.0,700,176,17,1,5.8762459510000005,0.2365122296350026,False,cf9883e99ee1b956d01c2cb42a4d284b982ce23065d3616a5e1cced359e41fb5,0.06998084904626012
direct_neighbor_ridge,0,0,0,0,0,0,False,15,"[""AMP"", ""CMP"", ""GMP"", ""UMP"", ""adenine"", ""arginine"", ""betaine"", ""cAMP"", ""citrate"", ""citrulline"", ""dimethylglycine"", ""isocitrate"", ""lysine"", ""sarcosine"", ""thymine""]",[],0,0,30,15,16,glutamate,1,0,100.0,705,171,13,5,5.856274995319149,0.23737426526109665,False,32d2e2f547f707a9f12d899e65a934275c9f49020e10d214973126d05910ec9c,0.07232214999385178
direct_neighbor_ridge,0,0,0,0,0,0,False,15,"[""AMP"", ""CMP"", ""GMP"", ""UMP"", ""adenine"", ""arginine"", ""betaine"", ""cAMP"", ""citrate"", ""citrulline"", ""dimethylglycine"", ""isocitrate"", ""lysine"", ""sarcosine"", ""thymine""]",[],0,0,30,15,16,glutamate,1,1,100.0,700,176,17,1,5.8762459510000005,0.2365122296350026,False,cf9883e99ee1b956d01c2cb42a4d284b982ce23065d3616a5e1cced359e41fb5,0.062371710082516074
direct_neighbor_ridge,0,0,0,0,0,0,False,15,"[""AMP"", ""CMP"", ""GMP"", ""UMP"", ""adenine"", ""arginine"", ""betaine"", ""cAMP"", ""citrate"", ""citrulline"", ""dimethylglycine"", ""isocitrate"", ""lysine"", ""sarcosine"", ""thymine""]",[],0,0,30,15,16,glutamate,1,2,100.0,697,179,16,2,5.837754748206599,0.22300075523157906,False,db1ab3680dcfc2deb10e2511ec28b70b27966d5a436d724be48267bcbf200acf,0.06711935182102025
direct_neighbor_ridge,0,0,0,0,0,0,False,15,"[""AMP"", ""CMP"", ""GMP"", ""UMP"", ""adenine"", ""arginine"", ""betaine"", ""cAMP"", ""citrate"", ""citrulline"", ""dimethylglycine"", ""isocitrate"", ""lysine"", ""sarcosine"", ""thymine""]",[],0,0,30,15,16,glutamate,1,3,100.0,700,176,13,5,5.877516673,0.23263179623229843,False,659dce4f66bf4ee0228513d024a4e287e9f1aa3957152332b1483ab0af67cb42,0.06778262299485505
direct_neighbor_ridge,0,0,0,0,0,0,False,15,"[""AMP"", ""CMP"", ""GMP"", ""UMP"", ""adenine"", ""arginine"", ""betaine"", ""cAMP"", ""citrate"", ""citrulline"", ""dimethylglycine"", ""isocitrate"", ""lysine"", ""sarcosine"", ""thymine""]",[],0,0,30,15,16,glutamate,1,4,100.0,702,174,13,5,5.872189215954415,0.2121533254343439,False,9492e163b6ef19b0563b1ce8302b8e8794e2e4c9c8031c62ff9774a3f63f6f58,0.06476867804303765
direct_neighbor_ridge,0,0,0,0,0,0,False,2,"[""AMP"", ""UMP""]",[],0,0,4,2,3,glutamine,0,0,10.0,697,179,16,2,5.792856942180775,0.4999001304148671,False,db1ab3680dcfc2deb10e2511ec28b70b27966d5a436d724be48267bcbf200acf,0.04655677289701998
direct_neighbor_ridge,0,0,0,0,0,0,False,2,"[""AMP"", ""UMP""]",[],0,0,4,2,3,glutamine,0,1,10.0,705,171,13,5,5.730142647375887,0.517307750185761,False,32d2e2f547f707a9f12d899e65a934275c9f49020e10d214973126d05910ec9c,0.04676794400438666
direct_neighbor_ridge,0,0,0,0,0,0,False,2,"[""AMP"", ""UMP""]",[],0,0,4,2,3,glutamine,0,2,100.0,700,176,13,5,5.760236144285714,0.5055726521798546,False,659dce4f66bf4ee0228513d024a4e287e9f1aa3957152332b1483ab0af67cb42,0.050946976989507675
direct_neighbor_ridge,0,0,0,0,0,0,False,2,"[""AMP"", ""UMP""]",[],0,0,4,2,3,glutamine,0,3,100.0,702,174,13,5,5.749858374216524,0.5089141907702129,False,9492e163b6ef19b0563b1ce8302b8e8794e2e4c9c8031c62ff9774a3f63f6f58,0.060937887988984585
direct_neighbor_ridge,0,0,0,0,0,0,False,2,"[""AMP"", ""UMP""]",[],0,0,4,2,3,glutamine,0,4,10.0,700,176,17,1,5.742727689142857,0.5229622387958501,False,cf9883e99ee1b956d01c2cb42a4d284b982ce23065d3616a5e1cced359e41fb5,0.058144373120740056
direct_neighbor_ridge,0,0,0,0,0,0,False,2,"[""AMP"", ""UMP""]",[],0,0,4,2,3,glutamine,1,0,10.0,705,171,13,5,5.730142647375887,0.517307750185761,False,32d2e2f547f707a9f12d899e65a934275c9f49020e10d214973126d05910ec9c,0.06430369103327394
direct_neighbor_ridge,0,0,0,0,0,0,False,2,"[""AMP"", ""UMP""]",[],0,0,4,2,3,glutamine,1,1,10.0,700,176,17,1,5.742727689142857,0.5229622387958501,False,cf9883e99ee1b956d01c2cb42a4d284b982ce23065d3616a5e1cced359e41fb5,0.04723950498737395
direct_neighbor_ridge,0,0,0,0,0,0,False,2,"[""AMP"", ""UMP""]",[],0,0,4,2,3,glutamine,1,2,10.0,697,179,16,2,5.792856942180775,0.4999001304148671,False,db1ab3680dcfc2deb10e2511ec28b70b27966d5a436d724be48267bcbf200acf,0.04909934988245368
direct_neighbor_ridge,0,0,0,0,0,0,False,2,"[""AMP"", ""UMP""]",[],0,0,4,2,3,glutamine,1,3,0.1,700,176,13,5,5.760236144285714,0.5055726521798546,False,659dce4f66bf4ee0228513d024a4e287e9f1aa3957152332b1483ab0af67cb42,0.06270820391364396
direct_neighbor_ridge,0,0,0,0,0,0,False,2,"[""AMP"", ""UMP""]",[],0,0,4,2,3,glutamine,1,4,10.0,702,174,13,5,5.749858374216524,0.5089141907702129,False,9492e163b6ef19b0563b1ce8302b8e8794e2e4c9c8031c62ff9774a3f63f6f58,0.05727885290980339
direct_neighbor_ridge,0,0,0,0,0,0,False,9,"[""CMP"", ""NAD"", ""NADP"", ""adenosine"", ""histidine"", ""homocysteine"", ""kynurenine"", ""uracil"", ""xanthine""]",[],0,0,18,9,10,glycine,0,0,100.0,697,179,16,2,5.901400717790531,0.3232334686793832,False,db1ab3680dcfc2deb10e2511ec28b70b27966d5a436d724be48267bcbf200acf,0.06938397302292287
direct_neighbor_ridge,0,0,0,0,0,0,False,9,"[""CMP"", ""NAD"", ""NADP"", ""adenosine"", ""histidine"", ""homocysteine"", ""kynurenine"", ""uracil"", ""xanthine""]",[],0,0,18,9,10,glycine,0,1,100.0,705,171,13,5,5.891562820992907,0.30388093169523356,False,32d2e2f547f707a9f12d899e65a934275c9f49020e10d214973126d05910ec9c,0.06880903989076614
direct_neighbor_ridge,0,0,0,0,0,0,False,9,"[""CMP"", ""NAD"", ""NADP"", ""adenosine"", ""histidine"", ""homocysteine"", ""kynurenine"", ""uracil"", ""xanthine""]",[],0,0,18,9,10,glycine,0,2,100.0,700,176,13,5,5.895880774285714,0.3016342641672332,False,659dce4f66bf4ee0228513d024a4e287e9f1aa3957152332b1483ab0af67cb42,0.07507069292478263
direct_neighbor_ridge,0,0,0,0,0,0,False,9,"[""CMP"", ""NAD"", ""NADP"", ""adenosine"", ""histidine"", ""homocysteine"", ""kynurenine"", ""uracil"", ""xanthine""]",[],0,0,18,9,10,glycine,0,3,10.0,702,174,13,5,5.919905869658121,0.29925995925495313,False,9492e163b6ef19b0563b1ce8302b8e8794e2e4c9c8031c62ff9774a3f63f6f58,0.0418185000307858
direct_neighbor_ridge,0,0,0,0,0,0,False,9,"[""CMP"", ""NAD"", ""NADP"", ""adenosine"", ""histidine"", ""homocysteine"", ""kynurenine"", ""uracil"", ""xanthine""]",[],0,0,18,9,10,glycine,0,4,10.0,700,176,17,1,5.911124145142858,0.31233130965412215,False,cf9883e99ee1b956d01c2cb42a4d284b982ce23065d3616a5e1cced359e41fb5,0.047633790876716375
direct_neighbor_ridge,0,0,0,0,0,0,False,9,"[""CMP"", ""NAD"", ""NADP"", ""adenosine"", ""histidine"", ""homocysteine"", ""kynurenine"", ""uracil"", ""xanthine""]",[],0,0,18,9,10,glycine,1,0,100.0,705,171,13,5,5.891562820992907,0.30388093169523356,False,32d2e2f547f707a9f12d899e65a934275c9f49020e10d214973126d05910ec9c,0.07059161202050745
direct_neighbor_ridge,0,0,0,0,0,0,False,9,"[""CMP"", ""NAD"", ""NADP"", ""adenosine"", ""histidine"", ""homocysteine"", ""kynurenine"", ""uracil"", ""xanthine""]",[],0,0,18,9,10,glycine,1,1,100.0,700,176,17,1,5.911124145142858,0.31233130965412215,False,cf9883e99ee1b956d01c2cb42a4d284b982ce23065d3616a5e1cced359e41fb5,0.06981055298820138
direct_neighbor_ridge,0,0,0,0,0,0,False,9,"[""CMP"", ""NAD"", ""NADP"", ""adenosine"", ""histidine"", ""homocysteine"", ""kynurenine"", ""uracil"", ""xanthine""]",[],0,0,18,9,10,glycine,1,2,100.0,697,179,16,2,5.901400717790531,0.3232334686793832,False,db1ab3680dcfc2deb10e2511ec28b70b27966d5a436d724be48267bcbf200acf,0.0660861439537257
direct_neighbor_ridge,0,0,0,0,0,0,False,9,"[""CMP"", ""NAD"", ""NADP"", ""adenosine"", ""histidine"", ""homocysteine"", ""kynurenine"", ""uracil"", ""xanthine""]",[],0,0,18,9,10,glycine,1,3,100.0,700,176,13,5,5.895880774285714,0.3016342641672332,False,659dce4f66bf4ee0228513d024a4e287e9f1aa3957152332b1483ab0af67cb42,0.0758653269149363
direct_neighbor_ridge,0,0,0,0,0,0,False,9,"[""CMP"", ""NAD"", ""NADP"", ""adenosine"", ""histidine"", ""homocysteine"", ""kynurenine"", ""uracil"", ""xanthine""]",[],0,0,18,9,10,glycine,1,4,10.0,702,174,13,5,5.919905869658121,0.29925995925495313,False,9492e163b6ef19b0563b1ce8302b8e8794e2e4c9c8031c62ff9774a3f63f6f58,0.06139697111211717
direct_neighbor_ridge,0,0,0,0,0,0,False,1,"[""CMP""]",[],0,0,2,1,2,guanosine,0,0,0.1,697,179,16,2,5.952859866857963,0.40817502232841674,False,db1ab3680dcfc2deb10e2511ec28b70b27966d5a436d724be48267bcbf200acf,0.05010152282193303
direct_neighbor_ridge,0,0,0,0,0,0,False,1,"[""CMP""]",[],0,0,2,1,2,guanosine,0,1,10.0,705,171,13,5,5.946455211205673,0.3930879666913112,False,32d2e2f547f707a9f12d899e65a934275c9f49020e10d214973126d05910ec9c,0.05018019117414951
direct_neighbor_ridge,0,0,0,0,0,0,False,1,"[""CMP""]",[],0,0,2,1,2,guanosine,0,2,100.0,700,176,13,5,6.008024284285714,0.39823813293836846,False,659dce4f66bf4ee0228513d024a4e287e9f1aa3957152332b1483ab0af67cb42,0.050686377100646496
direct_neighbor_ridge,0,0,0,0,0,0,False,1,"[""CMP""]",[],0,0,2,1,2,guanosine,0,3,1.0,702,174,13,5,5.9592625129629635,0.3946489909296684,False,9492e163b6ef19b0563b1ce8302b8e8794e2e4c9c8031c62ff9774a3f63f6f58,0.05555617390200496
direct_neighbor_ridge,0,0,0,0,0,0,False,1,"[""CMP""]",[],0,0,2,1,2,guanosine,0,4,100.0,700,176,17,1,5.964684184857142,0.4006223332620162,False,cf9883e99ee1b956d01c2cb42a4d284b982ce23065d3616a5e1cced359e41fb5,0.06341696018353105
direct_neighbor_ridge,0,0,0,0,0,0,False,1,"[""CMP""]",[],0,0,2,1,2,guanosine,1,0,10.0,705,171,13,5,5.946455211205673,0.3930879666913112,False,32d2e2f547f707a9f12d899e65a934275c9f49020e10d214973126d05910ec9c,0.05558553081937134
direct_neighbor_ridge,0,0,0,0,0,0,False,1,"[""CMP""]",[],0,0,2,1,2,guanosine,1,1,100.0,700,176,17,1,5.964684184857142,0.4006223332620162,False,cf9883e99ee1b956d01c2cb42a4d284b982ce23065d3616a5e1cced359e41fb5,0.07408052892424166
direct_neighbor_ridge,0,0,0,0,0,0,False,1,"[""CMP""]",[],0,0,2,1,2,guanosine,1,2,0.1,697,179,16,2,5.952859866857963,0.40817502232841674,False,db1ab3680dcfc2deb10e2511ec28b70b27966d5a436d724be48267bcbf200acf,0.07068070699460804
direct_neighbor_ridge,0,0,0,0,0,0,False,1,"[""CMP""]",[],0,0,2,1,2,guanosine,1,3,0.1,700,176,13,5,6.008024284285714,0.39823813293836846,False,659dce4f66bf4ee0228513d024a4e287e9f1aa3957152332b1483ab0af67cb42,0.1091299089603126
direct_neighbor_ridge,0,0,0,0,0,0,False,1,"[""CMP""]",[],0,0,2,1,2,guanosine,1,4,0.1,702,174,13,5,5.9592625129629635,0.3946489909296684,False,9492e163b6ef19b0563b1ce8302b8e8794e2e4c9c8031c62ff9774a3f63f6f58,0.05007934104651213
direct_neighbor_ridge,0,0,0,0,0,0,False,3,"[""glutamate"", ""glycine"", ""hypoxanthine""]",[],0,0,6,3,4,histidine,0,0,100.0,697,179,16,2,5.873915259110474,0.3291920204680799,False,db1ab3680dcfc2deb10e2511ec28b70b27966d5a436d724be48267bcbf200acf,0.05397429410368204
direct_neighbor_ridge,0,0,0,0,0,0,False,3,"[""glutamate"", ""glycine"", ""hypoxanthine""]",[],0,0,6,3,4,histidine,0,1,100.0,705,171,13,5,5.74606351574468,0.3834823875863205,False,32d2e2f547f707a9f12d899e65a934275c9f49020e10d214973126d05910ec9c,0.05445616808719933
direct_neighbor_ridge,0,0,0,0,0,0,False,3,"[""glutamate"", ""glycine"", ""hypoxanthine""]",[],0,0,6,3,4,histidine,0,2,100.0,700,176,13,5,5.773813457,0.3766527889621979,False,659dce4f66bf4ee0228513d024a4e287e9f1aa3957152332b1483ab0af67cb42,0.05220034392550588
direct_neighbor_ridge,0,0,0,0,0,0,False,3,"[""glutamate"", ""glycine"", ""hypoxanthine""]",[],0,0,6,3,4,histidine,0,3,100.0,702,174,13,5,5.75916735968661,0.38002427826007085,False,9492e163b6ef19b0563b1ce8302b8e8794e2e4c9c8031c62ff9774a3f63f6f58,0.047256642021238804
direct_neighbor_ridge,0,0,0,0,0,0,False,3,"[""glutamate"", ""glycine"", ""hypoxanthine""]",[],0,0,6,3,4,histidine,0,4,100.0,700,176,17,1,5.783386876285714,0.3699975084983585,False,cf9883e99ee1b956d01c2cb42a4d284b982ce23065d3616a5e1cced359e41fb5,0.05031233397312462
direct_neighbor_ridge,0,0,0,0,0,0,False,3,"[""glutamate"", ""glycine"", ""hypoxanthine""]",[],0,0,6,3,4,histidine,1,0,100.0,705,171,13,5,5.74606351574468,0.3834823875863205,False,32d2e2f547f707a9f12d899e65a934275c9f49020e10d214973126d05910ec9c,0.06539822299964726
direct_neighbor_ridge,0,0,0,0,0,0,False,3,"[""glutamate"", ""glycine"", ""hypoxanthine""]",[],0,0,6,3,4,histidine,1,1,100.0,700,176,17,1,5.783386876285714,0.3699975084983585,False,cf9883e99ee1b956d01c2cb42a4d284b982ce23065d3616a5e1cced359e41fb5,0.056388523895293474
direct_neighbor_ridge,0,0,0,0,0,0,False,3,"[""glutamate"", ""glycine"", ""hypoxanthine""]",[],0,0,6,3,4,histidine,1,2,100.0,697,179,16,2,5.873915259110474,0.3291920204680799,False,db1ab3680dcfc2deb10e2511ec28b70b27966d5a436d724be48267bcbf200acf,0.06329421699047089
direct_neighbor_ridge,0,0,0,0,0,0,False,3,"[""glutamate"", ""glycine"", ""hypoxanthine""]",[],0,0,6,3,4,histidine,1,3,100.0,700,176,13,5,5.773813457,0.3766527889621979,False,659dce4f66bf4ee0228513d024a4e287e9f1aa3957152332b1483ab0af67cb42,0.06375814089551568
direct_neighbor_ridge,0,0,0,0,0,0,False,3,"[""glutamate"", ""glycine"", ""hypoxanthine""]",[],0,0,6,3,4,histidine,1,4,100.0,702,174,13,5,5.75916735968661,0.38002427826007085,False,9492e163b6ef19b0563b1ce8302b8e8794e2e4c9c8031c62ff9774a3f63f6f58,0.06659932900220156
direct_neighbor_ridge,0,0,0,0,0,0,False,5,"[""CMP"", ""arginine"", ""ornithine"", ""phenylalanine"", ""xanthine""]",[],0,0,10,5,6,homocysteine,0,0,100.0,697,179,16,2,5.966777393113342,0.42813016520146235,False,db1ab3680dcfc2deb10e2511ec28b70b27966d5a436d724be48267bcbf200acf,0.07670953287743032
direct_neighbor_ridge,0,0,0,0,0,0,False,5,"[""CMP"", ""arginine"", ""ornithine"", ""phenylalanine"", ""xanthine""]",[],0,0,10,5,6,homocysteine,0,1,100.0,705,171,13,5,5.930638070921986,0.4218160003765535,False,32d2e2f547f707a9f12d899e65a934275c9f49020e10d214973126d05910ec9c,0.08141389791853726
direct_neighbor_ridge,0,0,0,0,0,0,False,5,"[""CMP"", ""arginine"", ""ornithine"", ""phenylalanine"", ""xanthine""]",[],0,0,10,5,6,homocysteine,0,2,100.0,700,176,13,5,5.9298201530000005,0.4180998034350187,False,659dce4f66bf4ee0228513d024a4e287e9f1aa3957152332b1483ab0af67cb42,0.06052463687956333
direct_neighbor_ridge,0,0,0,0,0,0,False,5,"[""CMP"", ""arginine"", ""ornithine"", ""phenylalanine"", ""xanthine""]",[],0,0,10,5,6,homocysteine,0,3,100.0,702,174,13,5,5.9377934,0.4372468572375198,False,9492e163b6ef19b0563b1ce8302b8e8794e2e4c9c8031c62ff9774a3f63f6f58,0.061402225168421865
direct_neighbor_ridge,0,0,0,0,0,0,False,5,"[""CMP"", ""arginine"", ""ornithine"", ""phenylalanine"", ""xanthine""]",[],0,0,10,5,6,homocysteine,0,4,100.0,700,176,17,1,5.941327949571429,0.4304566272401467,False,cf9883e99ee1b956d01c2cb42a4d284b982ce23065d3616a5e1cced359e41fb5,0.10235779103823006
direct_neighbor_ridge,0,0,0,0,0,0,False,5,"[""CMP"", ""arginine"", ""ornithine"", ""phenylalanine"", ""xanthine""]",[],0,0,10,5,6,homocysteine,1,0,100.0,705,171,13,5,5.930638070921986,0.4218160003765535,False,32d2e2f547f707a9f12d899e65a934275c9f49020e10d214973126d05910ec9c,0.05457871383987367
direct_neighbor_ridge,0,0,0,0,0,0,False,5,"[""CMP"", ""arginine"", ""ornithine"", ""phenylalanine"", ""xanthine""]",[],0,0,10,5,6,homocysteine,1,1,100.0,700,176,17,1,5.941327949571429,0.4304566272401467,False,cf9883e99ee1b956d01c2cb42a4d284b982ce23065d3616a5e1cced359e41fb5,0.05510338814929128
direct_neighbor_ridge,0,0,0,0,0,0,False,5,"[""CMP"", ""arginine"", ""ornithine"", ""phenylalanine"", ""xanthine""]",[],0,0,10,5,6,homocysteine,1,2,100.0,697,179,16,2,5.966777393113342,0.42813016520146235,False,db1ab3680dcfc2deb10e2511ec28b70b27966d5a436d724be48267bcbf200acf,0.057846734998747706
direct_neighbor_ridge,0,0,0,0,0,0,False,5,"[""CMP"", ""arginine"", ""ornithine"", ""phenylalanine"", ""xanthine""]",[],0,0,10,5,6,homocysteine,1,3,100.0,700,176,13,5,5.9298201530000005,0.4180998034350187,False,659dce4f66bf4ee0228513d024a4e287e9f1aa3957152332b1483ab0af67cb42,0.049730432918295264
direct_neighbor_ridge,0,0,0,0,0,0,False,5,"[""CMP"", ""arginine"", ""ornithine"", ""phenylalanine"", ""xanthine""]",[],0,0,10,5,6,homocysteine,1,4,100.0,702,174,13,5,5.9377934,0.4372468572375198,False,9492e163b6ef19b0563b1ce8302b8e8794e2e4c9c8031c62ff9774a3f63f6f58,0.06806911993771791
direct_neighbor_ridge,0,0,0,0,0,0,False,3,"[""arginine"", ""glutamate"", ""malate""]",[],0,0,6,3,4,hypoxanthine,0,0,100.0,697,179,16,2,5.849323068723098,0.623036540019427,False,db1ab3680dcfc2deb10e2511ec28b70b27966d5a436d724be48267bcbf200acf,0.1161660070065409
direct_neighbor_ridge,0,0,0,0,0,0,False,3,"[""arginine"", ""glutamate"", ""malate""]",[],0,0,6,3,4,hypoxanthine,0,1,100.0,705,171,13,5,5.959764552482269,0.6436309456644432,False,32d2e2f547f707a9f12d899e65a934275c9f49020e10d214973126d05910ec9c,0.05917998403310776
direct_neighbor_ridge,0,0,0,0,0,0,False,3,"[""arginine"", ""glutamate"", ""malate""]",[],0,0,6,3,4,hypoxanthine,0,2,100.0,700,176,13,5,5.962295129857141,0.6325694182712881,False,659dce4f66bf4ee0228513d024a4e287e9f1aa3957152332b1483ab0af67cb42,0.046272038016468287
direct_neighbor_ridge,0,0,0,0,0,0,False,3,"[""arginine"", ""glutamate"", ""malate""]",[],0,0,6,3,4,hypoxanthine,0,3,100.0,702,174,13,5,5.94913957094017,0.6410585826307021,False,9492e163b6ef19b0563b1ce8302b8e8794e2e4c9c8031c62ff9774a3f63f6f58,0.043442364083603024
direct_neighbor_ridge,0,0,0,0,0,0,False,3,"[""arginine"", ""glutamate"", ""malate""]",[],0,0,6,3,4,hypoxanthine,0,4,100.0,700,176,17,1,5.912266724999999,0.6370004092718197,False,cf9883e99ee1b956d01c2cb42a4d284b982ce23065d3616a5e1cced359e41fb5,0.04980621696449816
direct_neighbor_ridge,0,0,0,0,0,0,False,3,"[""arginine"", ""glutamate"", ""malate""]",[],0,0,6,3,4,hypoxanthine,1,0,100.0,705,171,13,5,5.959764552482269,0.6436309456644432,False,32d2e2f547f707a9f12d899e65a934275c9f49020e10d214973126d05910ec9c,0.05485742609016597
direct_neighbor_ridge,0,0,0,0,0,0,False,3,"[""arginine"", ""glutamate"", ""malate""]",[],0,0,6,3,4,hypoxanthine,1,1,100.0,700,176,17,1,5.912266724999999,0.6370004092718197,False,cf9883e99ee1b956d01c2cb42a4d284b982ce23065d3616a5e1cced359e41fb5,0.07209067698568106
direct_neighbor_ridge,0,0,0,0,0,0,False,3,"[""arginine"", ""glutamate"", ""malate""]",[],0,0,6,3,4,hypoxanthine,1,2,100.0,697,179,16,2,5.849323068723098,0.623036540019427,False,db1ab3680dcfc2deb10e2511ec28b70b27966d5a436d724be48267bcbf200acf,0.06034892285242677
direct_neighbor_ridge,0,0,0,0,0,0,False,3,"[""arginine"", ""glutamate"", ""malate""]",[],0,0,6,3,4,hypoxanthine,1,3,100.0,700,176,13,5,5.962295129857141,0.6325694182712881,False,659dce4f66bf4ee0228513d024a4e287e9f1aa3957152332b1483ab0af67cb42,0.06369338417425752
direct_neighbor_ridge,0,0,0,0,0,0,False,3,"[""arginine"", ""glutamate"", ""malate""]",[],0,0,6,3,4,hypoxanthine,1,4,100.0,702,174,13,5,5.94913957094017,0.6410585826307021,False,9492e163b6ef19b0563b1ce8302b8e8794e2e4c9c8031c62ff9774a3f63f6f58,0.06909160292707384
direct_neighbor_ridge,0,0,0,0,0,0,False,2,"[""phenylalanine"", ""sarcosine""]",[],0,0,4,2,3,inosine,0,0,0.1,697,179,16,2,5.938844414203731,0.33789854266326597,False,db1ab3680dcfc2deb10e2511ec28b70b27966d5a436d724be48267bcbf200acf,0.059300320921465755
direct_neighbor_ridge,0,0,0,0,0,0,False,2,"[""phenylalanine"", ""sarcosine""]",[],0,0,4,2,3,inosine,0,1,100.0,705,171,13,5,5.956673833900711,0.3555685434234304,False,32d2e2f547f707a9f12d899e65a934275c9f49020e10d214973126d05910ec9c,0.05310079292394221
direct_neighbor_ridge,0,0,0,0,0,0,False,2,"[""phenylalanine"", ""sarcosine""]",[],0,0,4,2,3,inosine,0,2,100.0,700,176,13,5,5.990979952571428,0.3427823190075909,False,659dce4f66bf4ee0228513d024a4e287e9f1aa3957152332b1483ab0af67cb42,0.05055311298929155
direct_neighbor_ridge,0,0,0,0,0,0,False,2,"[""phenylalanine"", ""sarcosine""]",[],0,0,4,2,3,inosine,0,3,100.0,702,174,13,5,5.955585952849004,0.353629138206935,False,9492e163b6ef19b0563b1ce8302b8e8794e2e4c9c8031c62ff9774a3f63f6f58,0.05732370191253722
direct_neighbor_ridge,0,0,0,0,0,0,False,2,"[""phenylalanine"", ""sarcosine""]",[],0,0,4,2,3,inosine,0,4,100.0,700,176,17,1,5.959558305571428,0.3363091904878781,False,cf9883e99ee1b956d01c2cb42a4d284b982ce23065d3616a5e1cced359e41fb5,0.0576828271150589
direct_neighbor_ridge,0,0,0,0,0,0,False,2,"[""phenylalanine"", ""sarcosine""]",[],0,0,4,2,3,inosine,1,0,100.0,705,171,13,5,5.956673833900711,0.3555685434234304,False,32d2e2f547f707a9f12d899e65a934275c9f49020e10d214973126d05910ec9c,0.04873167001642287
direct_neighbor_ridge,0,0,0,0,0,0,False,2,"[""phenylalanine"", ""sarcosine""]",[],0,0,4,2,3,inosine,1,1,100.0,700,176,17,1,5.959558305571428,0.3363091904878781,False,cf9883e99ee1b956d01c2cb42a4d284b982ce23065d3616a5e1cced359e41fb5,0.0529599750880152
direct_neighbor_ridge,0,0,0,0,0,0,False,2,"[""phenylalanine"", ""sarcosine""]",[],0,0,4,2,3,inosine,1,2,10.0,697,179,16,2,5.938844414203731,0.33789854266326597,False,db1ab3680dcfc2deb10e2511ec28b70b27966d5a436d724be48267bcbf200acf,0.05083740106783807
direct_neighbor_ridge,0,0,0,0,0,0,False,2,"[""phenylalanine"", ""sarcosine""]",[],0,0,4,2,3,inosine,1,3,100.0,700,176,13,5,5.990979952571428,0.3427823190075909,False,659dce4f66bf4ee0228513d024a4e287e9f1aa3957152332b1483ab0af67cb42,0.0389490679372102
direct_neighbor_ridge,0,0,0,0,0,0,False,2,"[""phenylalanine"", ""sarcosine""]",[],0,0,4,2,3,inosine,1,4,100.0,702,174,13,5,5.955585952849004,0.353629138206935,False,9492e163b6ef19b0563b1ce8302b8e8794e2e4c9c8031c62ff9774a3f63f6f58,0.03901251102797687
direct_neighbor_ridge,0,0,0,0,0,0,False,2,"[""citrate"", ""ornithine""]",[],0,0,4,2,3,inositol,0,0,0.1,697,179,16,2,5.888768051936872,0.3085624695175605,False,db1ab3680dcfc2deb10e2511ec28b70b27966d5a436d724be48267bcbf200acf,0.055682015139609575
direct_neighbor_ridge,0,0,0,0,0,0,False,2,"[""citrate"", ""ornithine""]",[],0,0,4,2,3,inositol,0,1,0.1,705,171,13,5,5.914651623971631,0.30612678425281226,False,32d2e2f547f707a9f12d899e65a934275c9f49020e10d214973126d05910ec9c,0.05289480509236455
direct_neighbor_ridge,0,0,0,0,0,0,False,2,"[""citrate"", ""ornithine""]",[],0,0,4,2,3,inositol,0,2,0.1,700,176,13,5,5.883116619857143,0.31208583026363,False,659dce4f66bf4ee0228513d024a4e287e9f1aa3957152332b1483ab0af67cb42,0.052150784060359
direct_neighbor_ridge,0,0,0,0,0,0,False,2,"[""citrate"", ""ornithine""]",[],0,0,4,2,3,inositol,0,3,0.1,702,174,13,5,5.90932381937322,0.30743427904961906,False,9492e163b6ef19b0563b1ce8302b8e8794e2e4c9c8031c62ff9774a3f63f6f58,0.05685390601865947
direct_neighbor_ridge,0,0,0,0,0,0,False,2,"[""citrate"", ""ornithine""]",[],0,0,4,2,3,inositol,0,4,10.0,700,176,17,1,5.901945362571428,0.3203548605400837,False,cf9883e99ee1b956d01c2cb42a4d284b982ce23065d3616a5e1cced359e41fb5,0.05495770089328289
direct_neighbor_ridge,0,0,0,0,0,0,False,2,"[""citrate"", ""ornithine""]",[],0,0,4,2,3,inositol,1,0,0.1,705,171,13,5,5.914651623971631,0.30612678425281226,False,32d2e2f547f707a9f12d899e65a934275c9f49020e10d214973126d05910ec9c,0.05654190410859883
direct_neighbor_ridge,0,0,0,0,0,0,False,2,"[""citrate"", ""ornithine""]",[],0,0,4,2,3,inositol,1,1,10.0,700,176,17,1,5.901945362571428,0.3203548605400837,False,cf9883e99ee1b956d01c2cb42a4d284b982ce23065d3616a5e1cced359e41fb5,0.05121427495032549
direct_neighbor_ridge,0,0,0,0,0,0,False,2,"[""citrate"", ""ornithine""]",[],0,0,4,2,3,inositol,1,2,0.1,697,179,16,2,5.888768051936872,0.3085624695175605,False,db1ab3680dcfc2deb10e2511ec28b70b27966d5a436d724be48267bcbf200acf,0.04502496495842934
direct_neighbor_ridge,0,0,0,0,0,0,False,2,"[""citrate"", ""ornithine""]",[],0,0,4,2,3,inositol,1,3,0.1,700,176,13,5,5.883116619857143,0.31208583026363,False,659dce4f66bf4ee0228513d024a4e287e9f1aa3957152332b1483ab0af67cb42,0.050020283088088036
direct_neighbor_ridge,0,0,0,0,0,0,False,2,"[""citrate"", ""ornithine""]",[],0,0,4,2,3,inositol,1,4,0.1,702,174,13,5,5.90932381937322,0.30743427904961906,False,9492e163b6ef19b0563b1ce8302b8e8794e2e4c9c8031c62ff9774a3f63f6f58,0.07191619207151234
direct_neighbor_ridge,0,0,0,0,0,0,False,4,"[""AMP"", ""glutamate"", ""glutamine"", ""malate""]",[],0,0,8,4,5,isocitrate,0,0,10.0,697,179,16,2,5.851803350502152,0.2874344660326567,False,db1ab3680dcfc2deb10e2511ec28b70b27966d5a436d724be48267bcbf200acf,0.05111074191518128
direct_neighbor_ridge,0,0,0,0,0,0,False,4,"[""AMP"", ""glutamate"", ""glutamine"", ""malate""]",[],0,0,8,4,5,isocitrate,0,1,0.1,705,171,13,5,5.801671359148936,0.3220998150747993,False,32d2e2f547f707a9f12d899e65a934275c9f49020e10d214973126d05910ec9c,0.049215700943022966
direct_neighbor_ridge,0,0,0,0,0,0,False,4,"[""AMP"", ""glutamate"", ""glutamine"", ""malate""]",[],0,0,8,4,5,isocitrate,0,2,0.1,700,176,13,5,5.819626022285714,0.3125991244461808,False,659dce4f66bf4ee0228513d024a4e287e9f1aa3957152332b1483ab0af67cb42,0.059213906060904264
direct_neighbor_ridge,0,0,0,0,0,0,False,4,"[""AMP"", ""glutamate"", ""glutamine"", ""malate""]",[],0,0,8,4,5,isocitrate,0,3,0.1,702,174,13,5,5.813583703703704,0.31261532643959306,False,9492e163b6ef19b0563b1ce8302b8e8794e2e4c9c8031c62ff9774a3f63f6f58,0.06068384903483093
direct_neighbor_ridge,0,0,0,0,0,0,False,4,"[""AMP"", ""glutamate"", ""glutamine"", ""malate""]",[],0,0,8,4,5,isocitrate,0,4,0.1,700,176,17,1,5.8259869698571425,0.3181488605265445,False,cf9883e99ee1b956d01c2cb42a4d284b982ce23065d3616a5e1cced359e41fb5,0.055953248869627714
direct_neighbor_ridge,0,0,0,0,0,0,False,4,"[""AMP"", ""glutamate"", ""glutamine"", ""malate""]",[],0,0,8,4,5,isocitrate,1,0,0.1,705,171,13,5,5.801671359148936,0.3220998150747993,False,32d2e2f547f707a9f12d899e65a934275c9f49020e10d214973126d05910ec9c,0.05703172506764531
direct_neighbor_ridge,0,0,0,0,0,0,False,4,"[""AMP"", ""glutamate"", ""glutamine"", ""malate""]",[],0,0,8,4,5,isocitrate,1,1,1.0,700,176,17,1,5.8259869698571425,0.3181488605265445,False,cf9883e99ee1b956d01c2cb42a4d284b982ce23065d3616a5e1cced359e41fb5,0.06021209293976426
direct_neighbor_ridge,0,0,0,0,0,0,False,4,"[""AMP"", ""glutamate"", ""glutamine"", ""malate""]",[],0,0,8,4,5,isocitrate,1,2,10.0,697,179,16,2,5.851803350502152,0.2874344660326567,False,db1ab3680dcfc2deb10e2511ec28b70b27966d5a436d724be48267bcbf200acf,0.06180033111013472
direct_neighbor_ridge,0,0,0,0,0,0,False,4,"[""AMP"", ""glutamate"", ""glutamine"", ""malate""]",[],0,0,8,4,5,isocitrate,1,3,0.1,700,176,13,5,5.819626022285714,0.3125991244461808,False,659dce4f66bf4ee0228513d024a4e287e9f1aa3957152332b1483ab0af67cb42,0.056784670101478696
direct_neighbor_ridge,0,0,0,0,0,0,False,4,"[""AMP"", ""glutamate"", ""glutamine"", ""malate""]",[],0,0,8,4,5,isocitrate,1,4,0.1,702,174,13,5,5.813583703703704,0.31261532643959306,False,9492e163b6ef19b0563b1ce8302b8e8794e2e4c9c8031c62ff9774a3f63f6f58,0.05398660898208618
direct_neighbor_ridge,0,0,0,0,0,0,False,1,"[""AMP""]",[],0,0,2,1,2,isoleucine,0,0,100.0,697,179,16,2,5.817292354949784,0.35729730334085963,False,db1ab3680dcfc2deb10e2511ec28b70b27966d5a436d724be48267bcbf200acf,0.054536416893824935
direct_neighbor_ridge,0,0,0,0,0,0,False,1,"[""AMP""]",[],0,0,2,1,2,isoleucine,0,1,0.1,705,171,13,5,5.704429871063829,0.3843932156639209,False,32d2e2f547f707a9f12d899e65a934275c9f49020e10d214973126d05910ec9c,0.053280221996828914
direct_neighbor_ridge,0,0,0,0,0,0,False,1,"[""AMP""]",[],0,0,2,1,2,isoleucine,0,2,0.1,700,176,13,5,5.724266333285715,0.38201203949617024,False,659dce4f66bf4ee0228513d024a4e287e9f1aa3957152332b1483ab0af67cb42,0.04696941911242902
direct_neighbor_ridge,0,0,0,0,0,0,False,1,"[""AMP""]",[],0,0,2,1,2,isoleucine,0,3,0.1,702,174,13,5,5.717218183618233,0.3896156708274436,False,9492e163b6ef19b0563b1ce8302b8e8794e2e4c9c8031c62ff9774a3f63f6f58,0.04103966802358627
direct_neighbor_ridge,0,0,0,0,0,0,False,1,"[""AMP""]",[],0,0,2,1,2,isoleucine,0,4,0.1,700,176,17,1,5.740546115571429,0.36965045572416955,False,cf9883e99ee1b956d01c2cb42a4d284b982ce23065d3616a5e1cced359e41fb5,0.04346111789345741
direct_neighbor_ridge,0,0,0,0,0,0,False,1,"[""AMP""]",[],0,0,2,1,2,isoleucine,1,0,0.1,705,171,13,5,5.704429871063829,0.3843932156639209,False,32d2e2f547f707a9f12d899e65a934275c9f49020e10d214973126d05910ec9c,0.04161501699127257
direct_neighbor_ridge,0,0,0,0,0,0,False,1,"[""AMP""]",[],0,0,2,1,2,isoleucine,1,1,0.1,700,176,17,1,5.740546115571429,0.36965045572416955,False,cf9883e99ee1b956d01c2cb42a4d284b982ce23065d3616a5e1cced359e41fb5,0.03871061000972986
direct_neighbor_ridge,0,0,0,0,0,0,False,1,"[""AMP""]",[],0,0,2,1,2,isoleucine,1,2,100.0,697,179,16,2,5.817292354949784,0.35729730334085963,False,db1ab3680dcfc2deb10e2511ec28b70b27966d5a436d724be48267bcbf200acf,0.042386159067973495
direct_neighbor_ridge,0,0,0,0,0,0,False,1,"[""AMP""]",[],0,0,2,1,2,isoleucine,1,3,0.1,700,176,13,5,5.724266333285715,0.38201203949617024,False,659dce4f66bf4ee0228513d024a4e287e9f1aa3957152332b1483ab0af67cb42,0.03853874001652002
direct_neighbor_ridge,0,0,0,0,0,0,False,1,"[""AMP""]",[],0,0,2,1,2,isoleucine,1,4,0.1,702,174,13,5,5.717218183618233,0.3896156708274436,False,9492e163b6ef19b0563b1ce8302b8e8794e2e4c9c8031c62ff9774a3f63f6f58,0.05198517185635865
direct_neighbor_ridge,0,0,0,0,0,0,False,3,"[""AMP"", ""NAD"", ""homocysteine""]",[],0,0,6,3,4,kynurenine,0,0,100.0,697,179,16,2,5.934133664705882,0.43781396467582306,False,db1ab3680dcfc2deb10e2511ec28b70b27966d5a436d724be48267bcbf200acf,0.05943663278594613
direct_neighbor_ridge,0,0,0,0,0,0,False,3,"[""AMP"", ""NAD"", ""homocysteine""]",[],0,0,6,3,4,kynurenine,0,1,100.0,705,171,13,5,5.926552404964539,0.42337591229378796,False,32d2e2f547f707a9f12d899e65a934275c9f49020e10d214973126d05910ec9c,0.06242376589216292
direct_neighbor_ridge,0,0,0,0,0,0,False,3,"[""AMP"", ""NAD"", ""homocysteine""]",[],0,0,6,3,4,kynurenine,0,2,100.0,700,176,13,5,5.9390966704285715,0.43616254118090847,False,659dce4f66bf4ee0228513d024a4e287e9f1aa3957152332b1483ab0af67cb42,0.06126071698963642
direct_neighbor_ridge,0,0,0,0,0,0,False,3,"[""AMP"", ""NAD"", ""homocysteine""]",[],0,0,6,3,4,kynurenine,0,3,100.0,702,174,13,5,5.952286661396012,0.4239211231682899,False,9492e163b6ef19b0563b1ce8302b8e8794e2e4c9c8031c62ff9774a3f63f6f58,0.058014800073578954
direct_neighbor_ridge,0,0,0,0,0,0,False,3,"[""AMP"", ""NAD"", ""homocysteine""]",[],0,0,6,3,4,kynurenine,0,4,100.0,700,176,17,1,5.939905379142859,0.44267273159479614,False,cf9883e99ee1b956d01c2cb42a4d284b982ce23065d3616a5e1cced359e41fb5,0.058011102955788374
direct_neighbor_ridge,0,0,0,0,0,0,False,3,"[""AMP"", ""NAD"", ""homocysteine""]",[],0,0,6,3,4,kynurenine,1,0,100.0,705,171,13,5,5.926552404964539,0.42337591229378796,False,32d2e2f547f707a9f12d899e65a934275c9f49020e10d214973126d05910ec9c,0.055875871097669005
direct_neighbor_ridge,0,0,0,0,0,0,False,3,"[""AMP"", ""NAD"", ""homocysteine""]",[],0,0,6,3,4,kynurenine,1,1,100.0,700,176,17,1,5.939905379142859,0.44267273159479614,False,cf9883e99ee1b956d01c2cb42a4d284b982ce23065d3616a5e1cced359e41fb5,0.054763659136369824
direct_neighbor_ridge,0,0,0,0,0,0,False,3,"[""AMP"", ""NAD"", ""homocysteine""]",[],0,0,6,3,4,kynurenine,1,2,100.0,697,179,16,2,5.934133664705882,0.43781396467582306,False,db1ab3680dcfc2deb10e2511ec28b70b27966d5a436d724be48267bcbf200acf,0.053383989026769996
direct_neighbor_ridge,0,0,0,0,0,0,False,3,"[""AMP"", ""NAD"", ""homocysteine""]",[],0,0,6,3,4,kynurenine,1,3,100.0,700,176,13,5,5.9390966704285715,0.43616254118090847,False,659dce4f66bf4ee0228513d024a4e287e9f1aa3957152332b1483ab0af67cb42,0.052605298114940524
direct_neighbor_ridge,0,0,0,0,0,0,False,3,"[""AMP"", ""NAD"", ""homocysteine""]",[],0,0,6,3,4,kynurenine,1,4,100.0,702,174,13,5,5.952286661396012,0.4239211231682899,False,9492e163b6ef19b0563b1ce8302b8e8794e2e4c9c8031c62ff9774a3f63f6f58,0.05359225510619581
direct_neighbor_ridge,0,0,0,0,0,0,False,3,"[""AMP"", ""beta-alanine"", ""isocitrate""]",[],0,0,6,3,4,leucine,0,0,100.0,697,179,16,2,5.831542355954089,0.2951264468207581,False,db1ab3680dcfc2deb10e2511ec28b70b27966d5a436d724be48267bcbf200acf,0.044595693005248904
direct_neighbor_ridge,0,0,0,0,0,0,False,3,"[""AMP"", ""beta-alanine"", ""isocitrate""]",[],0,0,6,3,4,leucine,0,1,10.0,705,171,13,5,5.71278935716312,0.3461939858441402,False,32d2e2f547f707a9f12d899e65a934275c9f49020e10d214973126d05910ec9c,0.04655871004797518
direct_neighbor_ridge,0,0,0,0,0,0,False,3,"[""AMP"", ""beta-alanine"", ""isocitrate""]",[],0,0,6,3,4,leucine,0,2,10.0,700,176,13,5,5.738065795428572,0.3490973408490637,False,659dce4f66bf4ee0228513d024a4e287e9f1aa3957152332b1483ab0af67cb42,0.042179692070931196
direct_neighbor_ridge,0,0,0,0,0,0,False,3,"[""AMP"", ""beta-alanine"", ""isocitrate""]",[],0,0,6,3,4,leucine,0,3,1.0,702,174,13,5,5.729321187321937,0.341575517760423,False,9492e163b6ef19b0563b1ce8302b8e8794e2e4c9c8031c62ff9774a3f63f6f58,0.04034687206149101
direct_neighbor_ridge,0,0,0,0,0,0,False,3,"[""AMP"", ""beta-alanine"", ""isocitrate""]",[],0,0,6,3,4,leucine,0,4,0.1,700,176,17,1,5.747189129714286,0.3342929822214523,False,cf9883e99ee1b956d01c2cb42a4d284b982ce23065d3616a5e1cced359e41fb5,0.04891373007558286
direct_neighbor_ridge,0,0,0,0,0,0,False,3,"[""AMP"", ""beta-alanine"", ""isocitrate""]",[],0,0,6,3,4,leucine,1,0,10.0,705,171,13,5,5.71278935716312,0.3461939858441402,False,32d2e2f547f707a9f12d899e65a934275c9f49020e10d214973126d05910ec9c,0.04812107910402119
direct_neighbor_ridge,0,0,0,0,0,0,False,3,"[""AMP"", ""beta-alanine"", ""isocitrate""]",[],0,0,6,3,4,leucine,1,1,0.1,700,176,17,1,5.747189129714286,0.3342929822214523,False,cf9883e99ee1b956d01c2cb42a4d284b982ce23065d3616a5e1cced359e41fb5,0.04717576992698014
direct_neighbor_ridge,0,0,0,0,0,0,False,3,"[""AMP"", ""beta-alanine"", ""isocitrate""]",[],0,0,6,3,4,leucine,1,2,100.0,697,179,16,2,5.831542355954089,0.2951264468207581,False,db1ab3680dcfc2deb10e2511ec28b70b27966d5a436d724be48267bcbf200acf,0.04999150102958083
direct_neighbor_ridge,0,0,0,0,0,0,False,3,"[""AMP"", ""beta-alanine"", ""isocitrate""]",[],0,0,6,3,4,leucine,1,3,10.0,700,176,13,5,5.738065795428572,0.3490973408490637,False,659dce4f66bf4ee0228513d024a4e287e9f1aa3957152332b1483ab0af67cb42,0.05975713697262108
direct_neighbor_ridge,0,0,0,0,0,0,False,3,"[""AMP"", ""beta-alanine"", ""isocitrate""]",[],0,0,6,3,4,leucine,1,4,10.0,702,174,13,5,5.729321187321937,0.341575517760423,False,9492e163b6ef19b0563b1ce8302b8e8794e2e4c9c8031c62ff9774a3f63f6f58,0.05936919990926981
direct_neighbor_ridge,0,0,0,0,0,0,False,1,"[""NAD""]",[],0,0,2,1,2,lysine,0,0,100.0,697,179,16,2,5.934322607747489,0.4071035682376424,False,db1ab3680dcfc2deb10e2511ec28b70b27966d5a436d724be48267bcbf200acf,0.05778667610138655
direct_neighbor_ridge,0,0,0,0,0,0,False,1,"[""NAD""]",[],0,0,2,1,2,lysine,0,1,100.0,705,171,13,5,5.763875533617021,0.4753635421432698,False,32d2e2f547f707a9f12d899e65a934275c9f49020e10d214973126d05910ec9c,0.07846747897565365
direct_neighbor_ridge,0,0,0,0,0,0,False,1,"[""NAD""]",[],0,0,2,1,2,lysine,0,2,100.0,700,176,13,5,5.818256463428571,0.4878590191417011,False,659dce4f66bf4ee0228513d024a4e287e9f1aa3957152332b1483ab0af67cb42,0.06392621388658881
direct_neighbor_ridge,0,0,0,0,0,0,False,1,"[""NAD""]",[],0,0,2,1,2,lysine,0,3,100.0,702,174,13,5,5.772962760683761,0.4814261181271888,False,9492e163b6ef19b0563b1ce8302b8e8794e2e4c9c8031c62ff9774a3f63f6f58,0.05802731099538505
direct_neighbor_ridge,0,0,0,0,0,0,False,1,"[""NAD""]",[],0,0,2,1,2,lysine,0,4,100.0,700,176,17,1,5.809447613714285,0.47990437809288217,False,cf9883e99ee1b956d01c2cb42a4d284b982ce23065d3616a5e1cced359e41fb5,0.0497673200443387
direct_neighbor_ridge,0,0,0,0,0,0,False,1,"[""NAD""]",[],0,0,2,1,2,lysine,1,0,100.0,705,171,13,5,5.763875533617021,0.4753635421432698,False,32d2e2f547f707a9f12d899e65a934275c9f49020e10d214973126d05910ec9c,0.038413736037909985
direct_neighbor_ridge,0,0,0,0,0,0,False,1,"[""NAD""]",[],0,0,2,1,2,lysine,1,1,100.0,700,176,17,1,5.809447613714285,0.47990437809288217,False,cf9883e99ee1b956d01c2cb42a4d284b982ce23065d3616a5e1cced359e41fb5,0.04393718112260103
direct_neighbor_ridge,0,0,0,0,0,0,False,1,"[""NAD""]",[],0,0,2,1,2,lysine,1,2,100.0,697,179,16,2,5.934322607747489,0.4071035682376424,False,db1ab3680dcfc2deb10e2511ec28b70b27966d5a436d724be48267bcbf200acf,0.043125877156853676
direct_neighbor_ridge,0,0,0,0,0,0,False,1,"[""NAD""]",[],0,0,2,1,2,lysine,1,3,0.1,700,176,13,5,5.818256463428571,0.4878590191417011,False,659dce4f66bf4ee0228513d024a4e287e9f1aa3957152332b1483ab0af67cb42,0.042081458028405905
direct_neighbor_ridge,0,0,0,0,0,0,False,1,"[""NAD""]",[],0,0,2,1,2,lysine,1,4,100.0,702,174,13,5,5.772962760683761,0.4814261181271888,False,9492e163b6ef19b0563b1ce8302b8e8794e2e4c9c8031c62ff9774a3f63f6f58,0.048865608870983124
direct_neighbor_ridge,0,0,0,0,0,0,False,2,"[""AMP"", ""glutamate""]",[],0,0,4,2,3,malate,0,0,10.0,697,179,16,2,5.84539932697274,0.2374032760953075,False,db1ab3680dcfc2deb10e2511ec28b70b27966d5a436d724be48267bcbf200acf,0.05112280207686126
direct_neighbor_ridge,0,0,0,0,0,0,False,2,"[""AMP"", ""glutamate""]",[],0,0,4,2,3,malate,0,1,100.0,705,171,13,5,5.832756050070921,0.27493887360433295,False,32d2e2f547f707a9f12d899e65a934275c9f49020e10d214973126d05910ec9c,0.05201765685342252
direct_neighbor_ridge,0,0,0,0,0,0,False,2,"[""AMP"", ""glutamate""]",[],0,0,4,2,3,malate,0,2,100.0,700,176,13,5,5.831384746571429,0.2691691871484761,False,659dce4f66bf4ee0228513d024a4e287e9f1aa3957152332b1483ab0af67cb42,0.05162173812277615
direct_neighbor_ridge,0,0,0,0,0,0,False,2,"[""AMP"", ""glutamate""]",[],0,0,4,2,3,malate,0,3,100.0,702,174,13,5,5.846637076923078,0.260711235793023,False,9492e163b6ef19b0563b1ce8302b8e8794e2e4c9c8031c62ff9774a3f63f6f58,0.051699012983590364
direct_neighbor_ridge,0,0,0,0,0,0,False,2,"[""AMP"", ""glutamate""]",[],0,0,4,2,3,malate,0,4,100.0,700,176,17,1,5.840662609714286,0.2716781962373946,False,cf9883e99ee1b956d01c2cb42a4d284b982ce23065d3616a5e1cced359e41fb5,0.05160363996401429
direct_neighbor_ridge,0,0,0,0,0,0,False,2,"[""AMP"", ""glutamate""]",[],0,0,4,2,3,malate,1,0,100.0,705,171,13,5,5.832756050070921,0.27493887360433295,False,32d2e2f547f707a9f12d899e65a934275c9f49020e10d214973126d05910ec9c,0.10426327004097402
direct_neighbor_ridge,0,0,0,0,0,0,False,2,"[""AMP"", ""glutamate""]",[],0,0,4,2,3,malate,1,1,100.0,700,176,17,1,5.840662609714286,0.2716781962373946,False,cf9883e99ee1b956d01c2cb42a4d284b982ce23065d3616a5e1cced359e41fb5,0.04998198803514242
direct_neighbor_ridge,0,0,0,0,0,0,False,2,"[""AMP"", ""glutamate""]",[],0,0,4,2,3,malate,1,2,10.0,697,179,16,2,5.84539932697274,0.2374032760953075,False,db1ab3680dcfc2deb10e2511ec28b70b27966d5a436d724be48267bcbf200acf,0.05382233206182718
direct_neighbor_ridge,0,0,0,0,0,0,False,2,"[""AMP"", ""glutamate""]",[],0,0,4,2,3,malate,1,3,100.0,700,176,13,5,5.831384746571429,0.2691691871484761,False,659dce4f66bf4ee0228513d024a4e287e9f1aa3957152332b1483ab0af67cb42,0.05211583501659334
direct_neighbor_ridge,0,0,0,0,0,0,False,2,"[""AMP"", ""glutamate""]",[],0,0,4,2,3,malate,1,4,100.0,702,174,13,5,5.846637076923078,0.260711235793023,False,9492e163b6ef19b0563b1ce8302b8e8794e2e4c9c8031c62ff9774a3f63f6f58,0.053503300063312054
direct_neighbor_ridge,0,0,0,0,0,0,False,4,"[""AMP"", ""GMP"", ""UMP"", ""aspartate""]",[],0,0,8,4,5,methionine,0,0,100.0,697,179,16,2,5.844706393113342,0.3516238559885935,False,db1ab3680dcfc2deb10e2511ec28b70b27966d5a436d724be48267bcbf200acf,0.05671295593492687
direct_neighbor_ridge,0,0,0,0,0,0,False,4,"[""AMP"", ""GMP"", ""UMP"", ""aspartate""]",[],0,0,8,4,5,methionine,0,1,100.0,705,171,13,5,5.710732257446809,0.4029734963810446,False,32d2e2f547f707a9f12d899e65a934275c9f49020e10d214973126d05910ec9c,0.05829844996333122
direct_neighbor_ridge,0,0,0,0,0,0,False,4,"[""AMP"", ""GMP"", ""UMP"", ""aspartate""]",[],0,0,8,4,5,methionine,0,2,100.0,700,176,13,5,5.740705925428571,0.3974252920124316,False,659dce4f66bf4ee0228513d024a4e287e9f1aa3957152332b1483ab0af67cb42,0.054479226004332304
direct_neighbor_ridge,0,0,0,0,0,0,False,4,"[""AMP"", ""GMP"", ""UMP"", ""aspartate""]",[],0,0,8,4,5,methionine,0,3,100.0,702,174,13,5,5.726730337464388,0.3991828927493059,False,9492e163b6ef19b0563b1ce8302b8e8794e2e4c9c8031c62ff9774a3f63f6f58,0.060997509863227606
direct_neighbor_ridge,0,0,0,0,0,0,False,4,"[""AMP"", ""GMP"", ""UMP"", ""aspartate""]",[],0,0,8,4,5,methionine,0,4,10.0,700,176,17,1,5.751831437428572,0.3837665333034442,False,cf9883e99ee1b956d01c2cb42a4d284b982ce23065d3616a5e1cced359e41fb5,0.055552960839122534
direct_neighbor_ridge,0,0,0,0,0,0,False,4,"[""AMP"", ""GMP"", ""UMP"", ""aspartate""]",[],0,0,8,4,5,methionine,1,0,100.0,705,171,13,5,5.710732257446809,0.4029734963810446,False,32d2e2f547f707a9f12d899e65a934275c9f49020e10d214973126d05910ec9c,0.05486233299598098
direct_neighbor_ridge,0,0,0,0,0,0,False,4,"[""AMP"", ""GMP"", ""UMP"", ""aspartate""]",[],0,0,8,4,5,methionine,1,1,10.0,700,176,17,1,5.751831437428572,0.3837665333034442,False,cf9883e99ee1b956d01c2cb42a4d284b982ce23065d3616a5e1cced359e41fb5,0.05633027502335608
direct_neighbor_ridge,0,0,0,0,0,0,False,4,"[""AMP"", ""GMP"", ""UMP"", ""aspartate""]",[],0,0,8,4,5,methionine,1,2,100.0,697,179,16,2,5.844706393113342,0.3516238559885935,False,db1ab3680dcfc2deb10e2511ec28b70b27966d5a436d724be48267bcbf200acf,0.05540360510349274
direct_neighbor_ridge,0,0,0,0,0,0,False,4,"[""AMP"", ""GMP"", ""UMP"", ""aspartate""]",[],0,0,8,4,5,methionine,1,3,100.0,700,176,13,5,5.740705925428571,0.3974252920124316,False,659dce4f66bf4ee0228513d024a4e287e9f1aa3957152332b1483ab0af67cb42,0.06007551588118076
direct_neighbor_ridge,0,0,0,0,0,0,False,4,"[""AMP"", ""GMP"", ""UMP"", ""aspartate""]",[],0,0,8,4,5,methionine,1,4,100.0,702,174,13,5,5.726730337464388,0.3991828927493059,False,9492e163b6ef19b0563b1ce8302b8e8794e2e4c9c8031c62ff9774a3f63f6f58,0.056728817988187075
direct_neighbor_ridge,0,0,0,0,0,0,False,5,"[""NAD"", ""alanine"", ""beta-alanine"", ""valine"", ""xanthine""]",[],0,0,10,5,6,ornithine,0,0,10.0,697,179,16,2,5.901764725107604,0.37091255999449113,False,db1ab3680dcfc2deb10e2511ec28b70b27966d5a436d724be48267bcbf200acf,0.08646948705427349
direct_neighbor_ridge,0,0,0,0,0,0,False,5,"[""NAD"", ""alanine"", ""beta-alanine"", ""valine"", ""xanthine""]",[],0,0,10,5,6,ornithine,0,1,10.0,705,171,13,5,5.868419232765957,0.39189021898334747,False,32d2e2f547f707a9f12d899e65a934275c9f49020e10d214973126d05910ec9c,0.05933736590668559
direct_neighbor_ridge,0,0,0,0,0,0,False,5,"[""NAD"", ""alanine"", ""beta-alanine"", ""valine"", ""xanthine""]",[],0,0,10,5,6,ornithine,0,2,10.0,700,176,13,5,5.857476163,0.37685730093351216,False,659dce4f66bf4ee0228513d024a4e287e9f1aa3957152332b1483ab0af67cb42,0.06450502504594624
direct_neighbor_ridge,0,0,0,0,0,0,False,5,"[""NAD"", ""alanine"", ""beta-alanine"", ""valine"", ""xanthine""]",[],0,0,10,5,6,ornithine,0,3,10.0,702,174,13,5,5.870326695584046,0.38229349463561557,False,9492e163b6ef19b0563b1ce8302b8e8794e2e4c9c8031c62ff9774a3f63f6f58,0.05336468992754817
direct_neighbor_ridge,0,0,0,0,0,0,False,5,"[""NAD"", ""alanine"", ""beta-alanine"", ""valine"", ""xanthine""]",[],0,0,10,5,6,ornithine,0,4,10.0,700,176,17,1,5.861688638714287,0.3763700504060924,False,cf9883e99ee1b956d01c2cb42a4d284b982ce23065d3616a5e1cced359e41fb5,0.05892345495522022
direct_neighbor_ridge,0,0,0,0,0,0,False,5,"[""NAD"", ""alanine"", ""beta-alanine"", ""valine"", ""xanthine""]",[],0,0,10,5,6,ornithine,1,0,10.0,705,171,13,5,5.868419232765957,0.39189021898334747,False,32d2e2f547f707a9f12d899e65a934275c9f49020e10d214973126d05910ec9c,0.06614878005348146
direct_neighbor_ridge,0,0,0,0,0,0,False,5,"[""NAD"", ""alanine"", ""beta-alanine"", ""valine"", ""xanthine""]",[],0,0,10,5,6,ornithine,1,1,10.0,700,176,17,1,5.861688638714287,0.3763700504060924,False,cf9883e99ee1b956d01c2cb42a4d284b982ce23065d3616a5e1cced359e41fb5,0.05624687997624278
direct_neighbor_ridge,0,0,0,0,0,0,False,5,"[""NAD"", ""alanine"", ""beta-alanine"", ""valine"", ""xanthine""]",[],0,0,10,5,6,ornithine,1,2,10.0,697,179,16,2,5.901764725107604,0.37091255999449113,False,db1ab3680dcfc2deb10e2511ec28b70b27966d5a436d724be48267bcbf200acf,0.06088030990213156
direct_neighbor_ridge,0,0,0,0,0,0,False,5,"[""NAD"", ""alanine"", ""beta-alanine"", ""valine"", ""xanthine""]",[],0,0,10,5,6,ornithine,1,3,10.0,700,176,13,5,5.857476163,0.37685730093351216,False,659dce4f66bf4ee0228513d024a4e287e9f1aa3957152332b1483ab0af67cb42,0.07081940700300038
direct_neighbor_ridge,0,0,0,0,0,0,False,5,"[""NAD"", ""alanine"", ""beta-alanine"", ""valine"", ""xanthine""]",[],0,0,10,5,6,ornithine,1,4,10.0,702,174,13,5,5.870326695584046,0.38229349463561557,False,9492e163b6ef19b0563b1ce8302b8e8794e2e4c9c8031c62ff9774a3f63f6f58,0.06894312496297061
direct_neighbor_ridge,0,0,0,0,0,0,False,1,"[""glutamate""]",[],0,0,2,1,2,oxalate,0,0,100.0,697,179,16,2,5.8571481606886655,0.19123230688172624,False,db1ab3680dcfc2deb10e2511ec28b70b27966d5a436d724be48267bcbf200acf,0.04692890611477196
direct_neighbor_ridge,0,0,0,0,0,0,False,1,"[""glutamate""]",[],0,0,2,1,2,oxalate,0,1,100.0,705,171,13,5,5.943317970496454,0.24685378640027086,False,32d2e2f547f707a9f12d899e65a934275c9f49020e10d214973126d05910ec9c,0.05110718891955912
direct_neighbor_ridge,0,0,0,0,0,0,False,1,"[""glutamate""]",[],0,0,2,1,2,oxalate,0,2,100.0,700,176,13,5,5.94393518457143,0.24464424725957237,False,659dce4f66bf4ee0228513d024a4e287e9f1aa3957152332b1483ab0af67cb42,0.050049493089318275
direct_neighbor_ridge,0,0,0,0,0,0,False,1,"[""glutamate""]",[],0,0,2,1,2,oxalate,0,3,100.0,702,174,13,5,5.932151932336182,0.24734399059798892,False,9492e163b6ef19b0563b1ce8302b8e8794e2e4c9c8031c62ff9774a3f63f6f58,0.05758733185939491
direct_neighbor_ridge,0,0,0,0,0,0,False,1,"[""glutamate""]",[],0,0,2,1,2,oxalate,0,4,100.0,700,176,17,1,5.923174090142856,0.23355041846191812,False,cf9883e99ee1b956d01c2cb42a4d284b982ce23065d3616a5e1cced359e41fb5,0.06198708317242563
direct_neighbor_ridge,0,0,0,0,0,0,False,1,"[""glutamate""]",[],0,0,2,1,2,oxalate,1,0,100.0,705,171,13,5,5.943317970496454,0.24685378640027086,False,32d2e2f547f707a9f12d899e65a934275c9f49020e10d214973126d05910ec9c,0.055159917101264
direct_neighbor_ridge,0,0,0,0,0,0,False,1,"[""glutamate""]",[],0,0,2,1,2,oxalate,1,1,100.0,700,176,17,1,5.923174090142856,0.23355041846191812,False,cf9883e99ee1b956d01c2cb42a4d284b982ce23065d3616a5e1cced359e41fb5,0.04877611203119159
direct_neighbor_ridge,0,0,0,0,0,0,False,1,"[""glutamate""]",[],0,0,2,1,2,oxalate,1,2,100.0,697,179,16,2,5.8571481606886655,0.19123230688172624,False,db1ab3680dcfc2deb10e2511ec28b70b27966d5a436d724be48267bcbf200acf,0.05227092490531504
direct_neighbor_ridge,0,0,0,0,0,0,False,1,"[""glutamate""]",[],0,0,2,1,2,oxalate,1,3,100.0,700,176,13,5,5.94393518457143,0.24464424725957237,False,659dce4f66bf4ee0228513d024a4e287e9f1aa3957152332b1483ab0af67cb42,0.04906722507439554
direct_neighbor_ridge,0,0,0,0,0,0,False,1,"[""glutamate""]",[],0,0,2,1,2,oxalate,1,4,100.0,702,174,13,5,5.932151932336182,0.24734399059798892,False,9492e163b6ef19b0563b1ce8302b8e8794e2e4c9c8031c62ff9774a3f63f6f58,0.0485892619471997
direct_neighbor_ridge,0,0,0,0,0,0,False,4,"[""NAD"", ""NADP"", ""malate"", ""uridine""]",[],0,0,8,4,5,phenylalanine,0,0,100.0,697,179,16,2,5.936915044619799,0.38787707730618587,False,db1ab3680dcfc2deb10e2511ec28b70b27966d5a436d724be48267bcbf200acf,0.053959551034495234
direct_neighbor_ridge,0,0,0,0,0,0,False,4,"[""NAD"", ""NADP"", ""malate"", ""uridine""]",[],0,0,8,4,5,phenylalanine,0,1,100.0,705,171,13,5,5.785095450496454,0.4305034051315013,False,32d2e2f547f707a9f12d899e65a934275c9f49020e10d214973126d05910ec9c,0.05454742209985852
direct_neighbor_ridge,0,0,0,0,0,0,False,4,"[""NAD"", ""NADP"", ""malate"", ""uridine""]",[],0,0,8,4,5,phenylalanine,0,2,100.0,700,176,13,5,5.836019977714286,0.43676103299292846,False,659dce4f66bf4ee0228513d024a4e287e9f1aa3957152332b1483ab0af67cb42,0.05795484688133001
direct_neighbor_ridge,0,0,0,0,0,0,False,4,"[""NAD"", ""NADP"", ""malate"", ""uridine""]",[],0,0,8,4,5,phenylalanine,0,3,100.0,702,174,13,5,5.804011151994302,0.4357928814395778,False,9492e163b6ef19b0563b1ce8302b8e8794e2e4c9c8031c62ff9774a3f63f6f58,0.052550461841747165
direct_neighbor_ridge,0,0,0,0,0,0,False,4,"[""NAD"", ""NADP"", ""malate"", ""uridine""]",[],0,0,8,4,5,phenylalanine,0,4,100.0,700,176,17,1,5.839300081428571,0.43520662066993177,False,cf9883e99ee1b956d01c2cb42a4d284b982ce23065d3616a5e1cced359e41fb5,0.050912072183564305
direct_neighbor_ridge,0,0,0,0,0,0,False,4,"[""NAD"", ""NADP"", ""malate"", ""uridine""]",[],0,0,8,4,5,phenylalanine,1,0,100.0,705,171,13,5,5.785095450496454,0.4305034051315013,False,32d2e2f547f707a9f12d899e65a934275c9f49020e10d214973126d05910ec9c,0.053054001880809665
direct_neighbor_ridge,0,0,0,0,0,0,False,4,"[""NAD"", ""NADP"", ""malate"", ""uridine""]",[],0,0,8,4,5,phenylalanine,1,1,100.0,700,176,17,1,5.839300081428571,0.43520662066993177,False,cf9883e99ee1b956d01c2cb42a4d284b982ce23065d3616a5e1cced359e41fb5,0.05476999096572399
direct_neighbor_ridge,0,0,0,0,0,0,False,4,"[""NAD"", ""NADP"", ""malate"", ""uridine""]",[],0,0,8,4,5,phenylalanine,1,2,100.0,697,179,16,2,5.936915044619799,0.38787707730618587,False,db1ab3680dcfc2deb10e2511ec28b70b27966d5a436d724be48267bcbf200acf,0.054121407913044095
direct_neighbor_ridge,0,0,0,0,0,0,False,4,"[""NAD"", ""NADP"", ""malate"", ""uridine""]",[],0,0,8,4,5,phenylalanine,1,3,100.0,700,176,13,5,5.836019977714286,0.43676103299292846,False,659dce4f66bf4ee0228513d024a4e287e9f1aa3957152332b1483ab0af67cb42,0.055814489955082536
direct_neighbor_ridge,0,0,0,0,0,0,False,4,"[""NAD"", ""NADP"", ""malate"", ""uridine""]",[],0,0,8,4,5,phenylalanine,1,4,100.0,702,174,13,5,5.804011151994302,0.4357928814395778,False,9492e163b6ef19b0563b1ce8302b8e8794e2e4c9c8031c62ff9774a3f63f6f58,0.05455628898926079
direct_neighbor_ridge,0,0,0,0,0,0,False,3,"[""AMP"", ""beta-alanine"", ""glutamate""]",[],0,0,6,3,4,proline,0,0,0.1,697,179,16,2,5.845378479196557,0.2597836119794736,False,db1ab3680dcfc2deb10e2511ec28b70b27966d5a436d724be48267bcbf200acf,0.05688951280899346
direct_neighbor_ridge,0,0,0,0,0,0,False,3,"[""AMP"", ""beta-alanine"", ""glutamate""]",[],0,0,6,3,4,proline,0,1,10.0,705,171,13,5,5.842336137872341,0.2589631265461561,False,32d2e2f547f707a9f12d899e65a934275c9f49020e10d214973126d05910ec9c,0.07448498206213117
direct_neighbor_ridge,0,0,0,0,0,0,False,3,"[""AMP"", ""beta-alanine"", ""glutamate""]",[],0,0,6,3,4,proline,0,2,0.1,700,176,13,5,5.830172965428571,0.2636424283030725,False,659dce4f66bf4ee0228513d024a4e287e9f1aa3957152332b1483ab0af67cb42,0.0730343870818615
direct_neighbor_ridge,0,0,0,0,0,0,False,3,"[""AMP"", ""beta-alanine"", ""glutamate""]",[],0,0,6,3,4,proline,0,3,0.1,702,174,13,5,5.858766810683761,0.2529611541886748,False,9492e163b6ef19b0563b1ce8302b8e8794e2e4c9c8031c62ff9774a3f63f6f58,0.06577383796684444
direct_neighbor_ridge,0,0,0,0,0,0,False,3,"[""AMP"", ""beta-alanine"", ""glutamate""]",[],0,0,6,3,4,proline,0,4,1.0,700,176,17,1,5.847336737571429,0.2643426691214404,False,cf9883e99ee1b956d01c2cb42a4d284b982ce23065d3616a5e1cced359e41fb5,0.0625922679901123
direct_neighbor_ridge,0,0,0,0,0,0,False,3,"[""AMP"", ""beta-alanine"", ""glutamate""]",[],0,0,6,3,4,proline,1,0,10.0,705,171,13,5,5.842336137872341,0.2589631265461561,False,32d2e2f547f707a9f12d899e65a934275c9f49020e10d214973126d05910ec9c,0.05288722785189748
direct_neighbor_ridge,0,0,0,0,0,0,False,3,"[""AMP"", ""beta-alanine"", ""glutamate""]",[],0,0,6,3,4,proline,1,1,1.0,700,176,17,1,5.847336737571429,0.2643426691214404,False,cf9883e99ee1b956d01c2cb42a4d284b982ce23065d3616a5e1cced359e41fb5,0.05433665914461017
direct_neighbor_ridge,0,0,0,0,0,0,False,3,"[""AMP"", ""beta-alanine"", ""glutamate""]",[],0,0,6,3,4,proline,1,2,0.1,697,179,16,2,5.845378479196557,0.2597836119794736,False,db1ab3680dcfc2deb10e2511ec28b70b27966d5a436d724be48267bcbf200acf,0.053727722028270364
direct_neighbor_ridge,0,0,0,0,0,0,False,3,"[""AMP"", ""beta-alanine"", ""glutamate""]",[],0,0,6,3,4,proline,1,3,0.1,700,176,13,5,5.830172965428571,0.2636424283030725,False,659dce4f66bf4ee0228513d024a4e287e9f1aa3957152332b1483ab0af67cb42,0.05271479091607034
direct_neighbor_ridge,0,0,0,0,0,0,False,3,"[""AMP"", ""beta-alanine"", ""glutamate""]",[],0,0,6,3,4,proline,1,4,0.1,702,174,13,5,5.858766810683761,0.2529611541886748,False,9492e163b6ef19b0563b1ce8302b8e8794e2e4c9c8031c62ff9774a3f63f6f58,0.05237608216702938
direct_neighbor_ridge,0,0,0,0,0,0,False,1,"[""UMP""]",[],0,0,2,1,2,putrescine,0,0,10.0,697,179,16,2,5.834476610903874,0.34981390103904925,False,db1ab3680dcfc2deb10e2511ec28b70b27966d5a436d724be48267bcbf200acf,0.06252818694338202
direct_neighbor_ridge,0,0,0,0,0,0,False,1,"[""UMP""]",[],0,0,2,1,2,putrescine,0,1,100.0,705,171,13,5,5.86676280468085,0.34453860408251974,False,32d2e2f547f707a9f12d899e65a934275c9f49020e10d214973126d05910ec9c,0.06820769794285297
direct_neighbor_ridge,0,0,0,0,0,0,False,1,"[""UMP""]",[],0,0,2,1,2,putrescine,0,2,100.0,700,176,13,5,5.834921169142857,0.3603584147236382,False,659dce4f66bf4ee0228513d024a4e287e9f1aa3957152332b1483ab0af67cb42,0.06358426506631076
direct_neighbor_ridge,0,0,0,0,0,0,False,1,"[""UMP""]",[],0,0,2,1,2,putrescine,0,3,0.1,702,174,13,5,5.858962787749288,0.360190081438807,False,9492e163b6ef19b0563b1ce8302b8e8794e2e4c9c8031c62ff9774a3f63f6f58,0.0582646990660578
direct_neighbor_ridge,0,0,0,0,0,0,False,1,"[""UMP""]",[],0,0,2,1,2,putrescine,0,4,100.0,700,176,17,1,5.842789945571428,0.34901274084762085,False,cf9883e99ee1b956d01c2cb42a4d284b982ce23065d3616a5e1cced359e41fb5,0.0557727818377316
direct_neighbor_ridge,0,0,0,0,0,0,False,1,"[""UMP""]",[],0,0,2,1,2,putrescine,1,0,100.0,705,171,13,5,5.86676280468085,0.34453860408251974,False,32d2e2f547f707a9f12d899e65a934275c9f49020e10d214973126d05910ec9c,0.07248236192390323
direct_neighbor_ridge,0,0,0,0,0,0,False,1,"[""UMP""]",[],0,0,2,1,2,putrescine,1,1,100.0,700,176,17,1,5.842789945571428,0.34901274084762085,False,cf9883e99ee1b956d01c2cb42a4d284b982ce23065d3616a5e1cced359e41fb5,0.057956450153142214
direct_neighbor_ridge,0,0,0,0,0,0,False,1,"[""UMP""]",[],0,0,2,1,2,putrescine,1,2,100.0,697,179,16,2,5.834476610903874,0.34981390103904925,False,db1ab3680dcfc2deb10e2511ec28b70b27966d5a436d724be48267bcbf200acf,0.06744214915670455
direct_neighbor_ridge,0,0,0,0,0,0,False,1,"[""UMP""]",[],0,0,2,1,2,putrescine,1,3,100.0,700,176,13,5,5.834921169142857,0.3603584147236382,False,659dce4f66bf4ee0228513d024a4e287e9f1aa3957152332b1483ab0af67cb42,0.06595552316866815
direct_neighbor_ridge,0,0,0,0,0,0,False,1,"[""UMP""]",[],0,0,2,1,2,putrescine,1,4,10.0,702,174,13,5,5.858962787749288,0.360190081438807,False,9492e163b6ef19b0563b1ce8302b8e8794e2e4c9c8031c62ff9774a3f63f6f58,0.06448641908355057
direct_neighbor_ridge,0,0,0,0,0,0,False,3,"[""CMP"", ""NAD"", ""beta-alanine""]",[],0,0,6,3,4,sarcosine,0,0,100.0,697,179,16,2,5.9369144758967005,0.2599483145796618,False,db1ab3680dcfc2deb10e2511ec28b70b27966d5a436d724be48267bcbf200acf,0.06533935805782676
direct_neighbor_ridge,0,0,0,0,0,0,False,3,"[""CMP"", ""NAD"", ""beta-alanine""]",[],0,0,6,3,4,sarcosine,0,1,100.0,705,171,13,5,5.9332476963120575,0.2541831682725793,False,32d2e2f547f707a9f12d899e65a934275c9f49020e10d214973126d05910ec9c,0.060549953021109104
direct_neighbor_ridge,0,0,0,0,0,0,False,3,"[""CMP"", ""NAD"", ""beta-alanine""]",[],0,0,6,3,4,sarcosine,0,2,100.0,700,176,13,5,5.912223672428571,0.24962732851458677,False,659dce4f66bf4ee0228513d024a4e287e9f1aa3957152332b1483ab0af67cb42,0.05652152909897268
direct_neighbor_ridge,0,0,0,0,0,0,False,3,"[""CMP"", ""NAD"", ""beta-alanine""]",[],0,0,6,3,4,sarcosine,0,3,10.0,702,174,13,5,5.933046833618233,0.2506930619362083,False,9492e163b6ef19b0563b1ce8302b8e8794e2e4c9c8031c62ff9774a3f63f6f58,0.05912783509120345
direct_neighbor_ridge,0,0,0,0,0,0,False,3,"[""CMP"", ""NAD"", ""beta-alanine""]",[],0,0,6,3,4,sarcosine,0,4,100.0,700,176,17,1,5.933609104142857,0.2533006462103011,False,cf9883e99ee1b956d01c2cb42a4d284b982ce23065d3616a5e1cced359e41fb5,0.06592661188915372
direct_neighbor_ridge,0,0,0,0,0,0,False,3,"[""CMP"", ""NAD"", ""beta-alanine""]",[],0,0,6,3,4,sarcosine,1,0,100.0,705,171,13,5,5.9332476963120575,0.2541831682725793,False,32d2e2f547f707a9f12d899e65a934275c9f49020e10d214973126d05910ec9c,0.04950195690616965
direct_neighbor_ridge,0,0,0,0,0,0,False,3,"[""CMP"", ""NAD"", ""beta-alanine""]",[],0,0,6,3,4,sarcosine,1,1,100.0,700,176,17,1,5.933609104142857,0.2533006462103011,False,cf9883e99ee1b956d01c2cb42a4d284b982ce23065d3616a5e1cced359e41fb5,0.04845358897000551
direct_neighbor_ridge,0,0,0,0,0,0,False,3,"[""CMP"", ""NAD"", ""beta-alanine""]",[],0,0,6,3,4,sarcosine,1,2,100.0,697,179,16,2,5.9369144758967005,0.2599483145796618,False,db1ab3680dcfc2deb10e2511ec28b70b27966d5a436d724be48267bcbf200acf,0.05767290899530053
direct_neighbor_ridge,0,0,0,0,0,0,False,3,"[""CMP"", ""NAD"", ""beta-alanine""]",[],0,0,6,3,4,sarcosine,1,3,100.0,700,176,13,5,5.912223672428571,0.24962732851458677,False,659dce4f66bf4ee0228513d024a4e287e9f1aa3957152332b1483ab0af67cb42,0.04372386005707085
direct_neighbor_ridge,0,0,0,0,0,0,False,3,"[""CMP"", ""NAD"", ""beta-alanine""]",[],0,0,6,3,4,sarcosine,1,4,10.0,702,174,13,5,5.933046833618233,0.2506930619362083,False,9492e163b6ef19b0563b1ce8302b8e8794e2e4c9c8031c62ff9774a3f63f6f58,0.05177544406615198
direct_neighbor_ridge,0,0,0,0,0,0,False,4,"[""beta-alanine"", ""citrulline"", ""kynurenine"", ""ornithine""]",[],0,0,8,4,5,serine,0,0,10.0,697,179,16,2,5.8674860375896705,0.40389784825569003,False,db1ab3680dcfc2deb10e2511ec28b70b27966d5a436d724be48267bcbf200acf,0.04462885390967131
direct_neighbor_ridge,0,0,0,0,0,0,False,4,"[""beta-alanine"", ""citrulline"", ""kynurenine"", ""ornithine""]",[],0,0,8,4,5,serine,0,1,100.0,705,171,13,5,5.829443674326242,0.40077940544884644,False,32d2e2f547f707a9f12d899e65a934275c9f49020e10d214973126d05910ec9c,0.04388121794909239
direct_neighbor_ridge,0,0,0,0,0,0,False,4,"[""beta-alanine"", ""citrulline"", ""kynurenine"", ""ornithine""]",[],0,0,8,4,5,serine,0,2,100.0,700,176,13,5,5.840584020857143,0.40234808993882604,False,659dce4f66bf4ee0228513d024a4e287e9f1aa3957152332b1483ab0af67cb42,0.06157528795301914
direct_neighbor_ridge,0,0,0,0,0,0,False,4,"[""beta-alanine"", ""citrulline"", ""kynurenine"", ""ornithine""]",[],0,0,8,4,5,serine,0,3,100.0,702,174,13,5,5.833095458831909,0.401278310400293,False,9492e163b6ef19b0563b1ce8302b8e8794e2e4c9c8031c62ff9774a3f63f6f58,0.0625575389713049
direct_neighbor_ridge,0,0,0,0,0,0,False,4,"[""beta-alanine"", ""citrulline"", ""kynurenine"", ""ornithine""]",[],0,0,8,4,5,serine,0,4,100.0,700,176,17,1,5.839002695285714,0.3967722698628182,False,cf9883e99ee1b956d01c2cb42a4d284b982ce23065d3616a5e1cced359e41fb5,0.05778166791424155
direct_neighbor_ridge,0,0,0,0,0,0,False,4,"[""beta-alanine"", ""citrulline"", ""kynurenine"", ""ornithine""]",[],0,0,8,4,5,serine,1,0,100.0,705,171,13,5,5.829443674326242,0.40077940544884644,False,32d2e2f547f707a9f12d899e65a934275c9f49020e10d214973126d05910ec9c,0.05586664308793843
direct_neighbor_ridge,0,0,0,0,0,0,False,4,"[""beta-alanine"", ""citrulline"", ""kynurenine"", ""ornithine""]",[],0,0,8,4,5,serine,1,1,100.0,700,176,17,1,5.839002695285714,0.3967722698628182,False,cf9883e99ee1b956d01c2cb42a4d284b982ce23065d3616a5e1cced359e41fb5,0.06335515598766506
direct_neighbor_ridge,0,0,0,0,0,0,False,4,"[""beta-alanine"", ""citrulline"", ""kynurenine"", ""ornithine""]",[],0,0,8,4,5,serine,1,2,100.0,697,179,16,2,5.8674860375896705,0.40389784825569003,False,db1ab3680dcfc2deb10e2511ec28b70b27966d5a436d724be48267bcbf200acf,0.06620077299885452
direct_neighbor_ridge,0,0,0,0,0,0,False,4,"[""beta-alanine"", ""citrulline"", ""kynurenine"", ""ornithine""]",[],0,0,8,4,5,serine,1,3,100.0,700,176,13,5,5.840584020857143,0.40234808993882604,False,659dce4f66bf4ee0228513d024a4e287e9f1aa3957152332b1483ab0af67cb42,0.09260571515187621
direct_neighbor_ridge,0,0,0,0,0,0,False,4,"[""beta-alanine"", ""citrulline"", ""kynurenine"", ""ornithine""]",[],0,0,8,4,5,serine,1,4,100.0,702,174,13,5,5.833095458831909,0.401278310400293,False,9492e163b6ef19b0563b1ce8302b8e8794e2e4c9c8031c62ff9774a3f63f6f58,0.05113953910768032
direct_neighbor_ridge,0,0,0,0,0,0,False,3,"[""NADP"", ""glutamate"", ""xanthosine""]",[],0,0,6,3,4,taurine,0,0,10.0,697,179,16,2,5.794030961836442,0.41554377802074033,False,db1ab3680dcfc2deb10e2511ec28b70b27966d5a436d724be48267bcbf200acf,0.05812655086629093
direct_neighbor_ridge,0,0,0,0,0,0,False,3,"[""NADP"", ""glutamate"", ""xanthosine""]",[],0,0,6,3,4,taurine,0,1,100.0,705,171,13,5,5.861509952340425,0.41422394247227196,False,32d2e2f547f707a9f12d899e65a934275c9f49020e10d214973126d05910ec9c,0.05486350995488465
direct_neighbor_ridge,0,0,0,0,0,0,False,3,"[""NADP"", ""glutamate"", ""xanthosine""]",[],0,0,6,3,4,taurine,0,2,100.0,700,176,13,5,5.818380698285715,0.4283518066690608,False,659dce4f66bf4ee0228513d024a4e287e9f1aa3957152332b1483ab0af67cb42,0.06459452607668936
direct_neighbor_ridge,0,0,0,0,0,0,False,3,"[""NADP"", ""glutamate"", ""xanthosine""]",[],0,0,6,3,4,taurine,0,3,100.0,702,174,13,5,5.834618115099715,0.4193170364031223,False,9492e163b6ef19b0563b1ce8302b8e8794e2e4c9c8031c62ff9774a3f63f6f58,0.04697491298429668
direct_neighbor_ridge,0,0,0,0,0,0,False,3,"[""NADP"", ""glutamate"", ""xanthosine""]",[],0,0,6,3,4,taurine,0,4,100.0,700,176,17,1,5.827953608571429,0.4264426525650688,False,cf9883e99ee1b956d01c2cb42a4d284b982ce23065d3616a5e1cced359e41fb5,0.05239516799338162
direct_neighbor_ridge,0,0,0,0,0,0,False,3,"[""NADP"", ""glutamate"", ""xanthosine""]",[],0,0,6,3,4,taurine,1,0,100.0,705,171,13,5,5.861509952340425,0.41422394247227196,False,32d2e2f547f707a9f12d899e65a934275c9f49020e10d214973126d05910ec9c,0.05777146201580763
direct_neighbor_ridge,0,0,0,0,0,0,False,3,"[""NADP"", ""glutamate"", ""xanthosine""]",[],0,0,6,3,4,taurine,1,1,100.0,700,176,17,1,5.827953608571429,0.4264426525650688,False,cf9883e99ee1b956d01c2cb42a4d284b982ce23065d3616a5e1cced359e41fb5,0.051549820927903056
direct_neighbor_ridge,0,0,0,0,0,0,False,3,"[""NADP"", ""glutamate"", ""xanthosine""]",[],0,0,6,3,4,taurine,1,2,1.0,697,179,16,2,5.794030961836442,0.41554377802074033,False,db1ab3680dcfc2deb10e2511ec28b70b27966d5a436d724be48267bcbf200acf,0.05609907512553036
direct_neighbor_ridge,0,0,0,0,0,0,False,3,"[""NADP"", ""glutamate"", ""xanthosine""]",[],0,0,6,3,4,taurine,1,3,100.0,700,176,13,5,5.818380698285715,0.4283518066690608,False,659dce4f66bf4ee0228513d024a4e287e9f1aa3957152332b1483ab0af67cb42,0.05653628893196583
direct_neighbor_ridge,0,0,0,0,0,0,False,3,"[""NADP"", ""glutamate"", ""xanthosine""]",[],0,0,6,3,4,taurine,1,4,100.0,702,174,13,5,5.834618115099715,0.4193170364031223,False,9492e163b6ef19b0563b1ce8302b8e8794e2e4c9c8031c62ff9774a3f63f6f58,0.0544955269433558
direct_neighbor_ridge,0,0,0,0,0,0,False,1,"[""uridine""]",[],0,0,2,1,2,taurocholate,0,0,100.0,697,179,16,2,5.911435611764705,0.34414844738965594,False,db1ab3680dcfc2deb10e2511ec28b70b27966d5a436d724be48267bcbf200acf,0.04494787100702524
direct_neighbor_ridge,0,0,0,0,0,0,False,1,"[""uridine""]",[],0,0,2,1,2,taurocholate,0,1,100.0,705,171,13,5,5.878043725106383,0.3820486809030721,False,32d2e2f547f707a9f12d899e65a934275c9f49020e10d214973126d05910ec9c,0.0499200529884547
direct_neighbor_ridge,0,0,0,0,0,0,False,1,"[""uridine""]",[],0,0,2,1,2,taurocholate,0,2,100.0,700,176,13,5,5.887844617428572,0.374976441178634,False,659dce4f66bf4ee0228513d024a4e287e9f1aa3957152332b1483ab0af67cb42,0.04991374909877777
direct_neighbor_ridge,0,0,0,0,0,0,False,1,"[""uridine""]",[],0,0,2,1,2,taurocholate,0,3,100.0,702,174,13,5,5.889667015669515,0.38335104763913297,False,9492e163b6ef19b0563b1ce8302b8e8794e2e4c9c8031c62ff9774a3f63f6f58,0.05379438982345164
direct_neighbor_ridge,0,0,0,0,0,0,False,1,"[""uridine""]",[],0,0,2,1,2,taurocholate,0,4,100.0,700,176,17,1,5.9090318879999995,0.3790101357978578,False,cf9883e99ee1b956d01c2cb42a4d284b982ce23065d3616a5e1cced359e41fb5,0.054292967077344656
direct_neighbor_ridge,0,0,0,0,0,0,False,1,"[""uridine""]",[],0,0,2,1,2,taurocholate,1,0,100.0,705,171,13,5,5.878043725106383,0.3820486809030721,False,32d2e2f547f707a9f12d899e65a934275c9f49020e10d214973126d05910ec9c,0.05434918194077909
direct_neighbor_ridge,0,0,0,0,0,0,False,1,"[""uridine""]",[],0,0,2,1,2,taurocholate,1,1,100.0,700,176,17,1,5.9090318879999995,0.3790101357978578,False,cf9883e99ee1b956d01c2cb42a4d284b982ce23065d3616a5e1cced359e41fb5,0.05680416594259441
direct_neighbor_ridge,0,0,0,0,0,0,False,1,"[""uridine""]",[],0,0,2,1,2,taurocholate,1,2,100.0,697,179,16,2,5.911435611764705,0.34414844738965594,False,db1ab3680dcfc2deb10e2511ec28b70b27966d5a436d724be48267bcbf200acf,0.042124235071241856
direct_neighbor_ridge,0,0,0,0,0,0,False,1,"[""uridine""]",[],0,0,2,1,2,taurocholate,1,3,100.0,700,176,13,5,5.887844617428572,0.374976441178634,False,659dce4f66bf4ee0228513d024a4e287e9f1aa3957152332b1483ab0af67cb42,0.041749669006094337
direct_neighbor_ridge,0,0,0,0,0,0,False,1,"[""uridine""]",[],0,0,2,1,2,taurocholate,1,4,100.0,702,174,13,5,5.889667015669515,0.38335104763913297,False,9492e163b6ef19b0563b1ce8302b8e8794e2e4c9c8031c62ff9774a3f63f6f58,0.05327844596467912
direct_neighbor_ridge,0,0,0,0,0,0,False,1,"[""histidine""]",[],0,0,2,1,2,thymidine,0,0,100.0,697,179,16,2,5.962375816929699,0.5300513139536057,False,db1ab3680dcfc2deb10e2511ec28b70b27966d5a436d724be48267bcbf200acf,0.0745731950737536
direct_neighbor_ridge,0,0,0,0,0,0,False,1,"[""histidine""]",[],0,0,2,1,2,thymidine,0,1,0.1,705,171,13,5,5.908778622553192,0.5600769326427631,False,32d2e2f547f707a9f12d899e65a934275c9f49020e10d214973126d05910ec9c,0.09005298092961311
direct_neighbor_ridge,0,0,0,0,0,0,False,1,"[""histidine""]",[],0,0,2,1,2,thymidine,0,2,0.1,700,176,13,5,5.909023223714285,0.557115820969454,False,659dce4f66bf4ee0228513d024a4e287e9f1aa3957152332b1483ab0af67cb42,0.060929086059331894
direct_neighbor_ridge,0,0,0,0,0,0,False,1,"[""histidine""]",[],0,0,2,1,2,thymidine,0,3,0.1,702,174,13,5,5.886195089173788,0.5399623589888455,False,9492e163b6ef19b0563b1ce8302b8e8794e2e4c9c8031c62ff9774a3f63f6f58,0.059070185059681535
direct_neighbor_ridge,0,0,0,0,0,0,False,1,"[""histidine""]",[],0,0,2,1,2,thymidine,0,4,100.0,700,176,17,1,5.899427595285714,0.5575419702739152,False,cf9883e99ee1b956d01c2cb42a4d284b982ce23065d3616a5e1cced359e41fb5,0.0516670539509505
direct_neighbor_ridge,0,0,0,0,0,0,False,1,"[""histidine""]",[],0,0,2,1,2,thymidine,1,0,0.1,705,171,13,5,5.908778622553192,0.5600769326427631,False,32d2e2f547f707a9f12d899e65a934275c9f49020e10d214973126d05910ec9c,0.050114157842472196
direct_neighbor_ridge,0,0,0,0,0,0,False,1,"[""histidine""]",[],0,0,2,1,2,thymidine,1,1,100.0,700,176,17,1,5.899427595285714,0.5575419702739152,False,cf9883e99ee1b956d01c2cb42a4d284b982ce23065d3616a5e1cced359e41fb5,0.05347456899471581
direct_neighbor_ridge,0,0,0,0,0,0,False,1,"[""histidine""]",[],0,0,2,1,2,thymidine,1,2,10.0,697,179,16,2,5.962375816929699,0.5300513139536057,False,db1ab3680dcfc2deb10e2511ec28b70b27966d5a436d724be48267bcbf200acf,0.06596552394330502
direct_neighbor_ridge,0,0,0,0,0,0,False,1,"[""histidine""]",[],0,0,2,1,2,thymidine,1,3,0.1,700,176,13,5,5.909023223714285,0.557115820969454,False,659dce4f66bf4ee0228513d024a4e287e9f1aa3957152332b1483ab0af67cb42,0.06388289202004671
direct_neighbor_ridge,0,0,0,0,0,0,False,1,"[""histidine""]",[],0,0,2,1,2,thymidine,1,4,0.1,702,174,13,5,5.886195089173788,0.5399623589888455,False,9492e163b6ef19b0563b1ce8302b8e8794e2e4c9c8031c62ff9774a3f63f6f58,0.059949357993900776
direct_neighbor_ridge,0,0,0,0,0,0,False,3,"[""AMP"", ""glutamate"", ""putrescine""]",[],0,0,6,3,4,thymine,0,0,100.0,697,179,16,2,5.970911329268292,0.3295812339804376,False,db1ab3680dcfc2deb10e2511ec28b70b27966d5a436d724be48267bcbf200acf,0.05514716589823365
direct_neighbor_ridge,0,0,0,0,0,0,False,3,"[""AMP"", ""glutamate"", ""putrescine""]",[],0,0,6,3,4,thymine,0,1,100.0,705,171,13,5,5.980005672765958,0.33619117341695987,False,32d2e2f547f707a9f12d899e65a934275c9f49020e10d214973126d05910ec9c,0.07512491312809289
direct_neighbor_ridge,0,0,0,0,0,0,False,3,"[""AMP"", ""glutamate"", ""putrescine""]",[],0,0,6,3,4,thymine,0,2,100.0,700,176,13,5,5.969867460571427,0.3276358116038228,False,659dce4f66bf4ee0228513d024a4e287e9f1aa3957152332b1483ab0af67cb42,0.0631849099881947
direct_neighbor_ridge,0,0,0,0,0,0,False,3,"[""AMP"", ""glutamate"", ""putrescine""]",[],0,0,6,3,4,thymine,0,3,100.0,702,174,13,5,5.9758683723646735,0.32288297218963347,False,9492e163b6ef19b0563b1ce8302b8e8794e2e4c9c8031c62ff9774a3f63f6f58,0.05320992600172758
direct_neighbor_ridge,0,0,0,0,0,0,False,3,"[""AMP"", ""glutamate"", ""putrescine""]",[],0,0,6,3,4,thymine,0,4,100.0,700,176,17,1,5.984653504571428,0.3365079394697031,False,cf9883e99ee1b956d01c2cb42a4d284b982ce23065d3616a5e1cced359e41fb5,0.05669117090292275
direct_neighbor_ridge,0,0,0,0,0,0,False,3,"[""AMP"", ""glutamate"", ""putrescine""]",[],0,0,6,3,4,thymine,1,0,100.0,705,171,13,5,5.980005672765958,0.33619117341695987,False,32d2e2f547f707a9f12d899e65a934275c9f49020e10d214973126d05910ec9c,0.06825816095806658
direct_neighbor_ridge,0,0,0,0,0,0,False,3,"[""AMP"", ""glutamate"", ""putrescine""]",[],0,0,6,3,4,thymine,1,1,100.0,700,176,17,1,5.984653504571428,0.3365079394697031,False,cf9883e99ee1b956d01c2cb42a4d284b982ce23065d3616a5e1cced359e41fb5,0.056475149001926184
direct_neighbor_ridge,0,0,0,0,0,0,False,3,"[""AMP"", ""glutamate"", ""putrescine""]",[],0,0,6,3,4,thymine,1,2,100.0,697,179,16,2,5.970911329268292,0.3295812339804376,False,db1ab3680dcfc2deb10e2511ec28b70b27966d5a436d724be48267bcbf200acf,0.05962978093884885
direct_neighbor_ridge,0,0,0,0,0,0,False,3,"[""AMP"", ""glutamate"", ""putrescine""]",[],0,0,6,3,4,thymine,1,3,100.0,700,176,13,5,5.969867460571427,0.3276358116038228,False,659dce4f66bf4ee0228513d024a4e287e9f1aa3957152332b1483ab0af67cb42,0.07332867896184325
direct_neighbor_ridge,0,0,0,0,0,0,False,3,"[""AMP"", ""glutamate"", ""putrescine""]",[],0,0,6,3,4,thymine,1,4,100.0,702,174,13,5,5.9758683723646735,0.32288297218963347,False,9492e163b6ef19b0563b1ce8302b8e8794e2e4c9c8031c62ff9774a3f63f6f58,0.05197051609866321
direct_neighbor_ridge,0,0,0,0,0,0,False,1,"[""glutamate""]",[],0,0,2,1,2,thyroxine,0,0,100.0,697,179,16,2,5.855241731850789,0.22628691761232106,False,db1ab3680dcfc2deb10e2511ec28b70b27966d5a436d724be48267bcbf200acf,0.036514620995149016
direct_neighbor_ridge,0,0,0,0,0,0,False,1,"[""glutamate""]",[],0,0,2,1,2,thyroxine,0,1,100.0,705,171,13,5,5.7866734052482265,0.25824962552561564,False,32d2e2f547f707a9f12d899e65a934275c9f49020e10d214973126d05910ec9c,0.04744973103515804
direct_neighbor_ridge,0,0,0,0,0,0,False,1,"[""glutamate""]",[],0,0,2,1,2,thyroxine,0,2,100.0,700,176,13,5,5.796167202571429,0.25031687531324254,False,659dce4f66bf4ee0228513d024a4e287e9f1aa3957152332b1483ab0af67cb42,0.05160960694774985
direct_neighbor_ridge,0,0,0,0,0,0,False,1,"[""glutamate""]",[],0,0,2,1,2,thyroxine,0,3,100.0,702,174,13,5,5.787326907122507,0.2531773542850331,False,9492e163b6ef19b0563b1ce8302b8e8794e2e4c9c8031c62ff9774a3f63f6f58,0.049895561998710036
direct_neighbor_ridge,0,0,0,0,0,0,False,1,"[""glutamate""]",[],0,0,2,1,2,thyroxine,0,4,100.0,700,176,17,1,5.803289504,0.2563724684382436,False,cf9883e99ee1b956d01c2cb42a4d284b982ce23065d3616a5e1cced359e41fb5,0.047991607105359435
direct_neighbor_ridge,0,0,0,0,0,0,False,1,"[""glutamate""]",[],0,0,2,1,2,thyroxine,1,0,100.0,705,171,13,5,5.7866734052482265,0.25824962552561564,False,32d2e2f547f707a9f12d899e65a934275c9f49020e10d214973126d05910ec9c,0.041385432006791234
direct_neighbor_ridge,0,0,0,0,0,0,False,1,"[""glutamate""]",[],0,0,2,1,2,thyroxine,1,1,100.0,700,176,17,1,5.803289504,0.2563724684382436,False,cf9883e99ee1b956d01c2cb42a4d284b982ce23065d3616a5e1cced359e41fb5,0.04994319984689355
direct_neighbor_ridge,0,0,0,0,0,0,False,1,"[""glutamate""]",[],0,0,2,1,2,thyroxine,1,2,100.0,697,179,16,2,5.855241731850789,0.22628691761232106,False,db1ab3680dcfc2deb10e2511ec28b70b27966d5a436d724be48267bcbf200acf,0.054057352943345904
direct_neighbor_ridge,0,0,0,0,0,0,False,1,"[""glutamate""]",[],0,0,2,1,2,thyroxine,1,3,100.0,700,176,13,5,5.796167202571429,0.25031687531324254,False,659dce4f66bf4ee0228513d024a4e287e9f1aa3957152332b1483ab0af67cb42,0.05192275787703693
direct_neighbor_ridge,0,0,0,0,0,0,False,1,"[""glutamate""]",[],0,0,2,1,2,thyroxine,1,4,100.0,702,174,13,5,5.787326907122507,0.2531773542850331,False,9492e163b6ef19b0563b1ce8302b8e8794e2e4c9c8031c62ff9774a3f63f6f58,0.05380448792129755
direct_neighbor_ridge,0,0,0,0,0,0,False,1,"[""glutamate""]",[],0,0,2,1,2,trimethylamine-N-oxide,0,0,100.0,697,179,16,2,5.856797537302725,0.2547969015671801,False,db1ab3680dcfc2deb10e2511ec28b70b27966d5a436d724be48267bcbf200acf,0.05299801402725279
direct_neighbor_ridge,0,0,0,0,0,0,False,1,"[""glutamate""]",[],0,0,2,1,2,trimethylamine-N-oxide,0,1,100.0,705,171,13,5,5.919379167092199,0.2899780925131509,False,32d2e2f547f707a9f12d899e65a934275c9f49020e10d214973126d05910ec9c,0.05067204195074737
direct_neighbor_ridge,0,0,0,0,0,0,False,1,"[""glutamate""]",[],0,0,2,1,2,trimethylamine-N-oxide,0,2,100.0,700,176,13,5,5.927241334714285,0.2901267256784374,False,659dce4f66bf4ee0228513d024a4e287e9f1aa3957152332b1483ab0af67cb42,0.051816466031596065
direct_neighbor_ridge,0,0,0,0,0,0,False,1,"[""glutamate""]",[],0,0,2,1,2,trimethylamine-N-oxide,0,3,100.0,702,174,13,5,5.907509206410257,0.2903992841751525,False,9492e163b6ef19b0563b1ce8302b8e8794e2e4c9c8031c62ff9774a3f63f6f58,0.0516636511310935
direct_neighbor_ridge,0,0,0,0,0,0,False,1,"[""glutamate""]",[],0,0,2,1,2,trimethylamine-N-oxide,0,4,100.0,700,176,17,1,5.932823168142856,0.22097707794343013,False,cf9883e99ee1b956d01c2cb42a4d284b982ce23065d3616a5e1cced359e41fb5,0.053186916979029775
direct_neighbor_ridge,0,0,0,0,0,0,False,1,"[""glutamate""]",[],0,0,2,1,2,trimethylamine-N-oxide,1,0,100.0,705,171,13,5,5.919379167092199,0.2899780925131509,False,32d2e2f547f707a9f12d899e65a934275c9f49020e10d214973126d05910ec9c,0.052816715091466904
direct_neighbor_ridge,0,0,0,0,0,0,False,1,"[""glutamate""]",[],0,0,2,1,2,trimethylamine-N-oxide,1,1,100.0,700,176,17,1,5.932823168142856,0.22097707794343013,False,cf9883e99ee1b956d01c2cb42a4d284b982ce23065d3616a5e1cced359e41fb5,0.0711456888820976
direct_neighbor_ridge,0,0,0,0,0,0,False,1,"[""glutamate""]",[],0,0,2,1,2,trimethylamine-N-oxide,1,2,100.0,697,179,16,2,5.856797537302725,0.2547969015671801,False,db1ab3680dcfc2deb10e2511ec28b70b27966d5a436d724be48267bcbf200acf,0.053623560117557645
direct_neighbor_ridge,0,0,0,0,0,0,False,1,"[""glutamate""]",[],0,0,2,1,2,trimethylamine-N-oxide,1,3,100.0,700,176,13,5,5.927241334714285,0.2901267256784374,False,659dce4f66bf4ee0228513d024a4e287e9f1aa3957152332b1483ab0af67cb42,0.05176737206056714
direct_neighbor_ridge,0,0,0,0,0,0,False,1,"[""glutamate""]",[],0,0,2,1,2,trimethylamine-N-oxide,1,4,100.0,702,174,13,5,5.907509206410257,0.2903992841751525,False,9492e163b6ef19b0563b1ce8302b8e8794e2e4c9c8031c62ff9774a3f63f6f58,0.05132832005620003
direct_neighbor_ridge,0,0,0,0,0,0,False,2,"[""AMP"", ""methionine""]",[],0,0,4,2,3,tyrosine,0,0,0.1,697,179,16,2,5.917222123959827,0.3722744418302163,False,db1ab3680dcfc2deb10e2511ec28b70b27966d5a436d724be48267bcbf200acf,0.05572576401755214
direct_neighbor_ridge,0,0,0,0,0,0,False,2,"[""AMP"", ""methionine""]",[],0,0,4,2,3,tyrosine,0,1,1.0,705,171,13,5,5.773517087092199,0.41759768808280395,False,32d2e2f547f707a9f12d899e65a934275c9f49020e10d214973126d05910ec9c,0.07435767794959247
direct_neighbor_ridge,0,0,0,0,0,0,False,2,"[""AMP"", ""methionine""]",[],0,0,4,2,3,tyrosine,0,2,0.1,700,176,13,5,5.814119894,0.4182054905141444,False,659dce4f66bf4ee0228513d024a4e287e9f1aa3957152332b1483ab0af67cb42,0.05526050599291921
direct_neighbor_ridge,0,0,0,0,0,0,False,2,"[""AMP"", ""methionine""]",[],0,0,4,2,3,tyrosine,0,3,0.1,702,174,13,5,5.791375897720797,0.4207102216982868,False,9492e163b6ef19b0563b1ce8302b8e8794e2e4c9c8031c62ff9774a3f63f6f58,0.0638605379499495
direct_neighbor_ridge,0,0,0,0,0,0,False,2,"[""AMP"", ""methionine""]",[],0,0,4,2,3,tyrosine,0,4,10.0,700,176,17,1,5.8235101828571425,0.4117771377078516,False,cf9883e99ee1b956d01c2cb42a4d284b982ce23065d3616a5e1cced359e41fb5,0.05301992013119161
direct_neighbor_ridge,0,0,0,0,0,0,False,2,"[""AMP"", ""methionine""]",[],0,0,4,2,3,tyrosine,1,0,1.0,705,171,13,5,5.773517087092199,0.41759768808280395,False,32d2e2f547f707a9f12d899e65a934275c9f49020e10d214973126d05910ec9c,0.05256436695344746
direct_neighbor_ridge,0,0,0,0,0,0,False,2,"[""AMP"", ""methionine""]",[],0,0,4,2,3,tyrosine,1,1,10.0,700,176,17,1,5.8235101828571425,0.4117771377078516,False,cf9883e99ee1b956d01c2cb42a4d284b982ce23065d3616a5e1cced359e41fb5,0.06920344987884164
direct_neighbor_ridge,0,0,0,0,0,0,False,2,"[""AMP"", ""methionine""]",[],0,0,4,2,3,tyrosine,1,2,0.1,697,179,16,2,5.917222123959827,0.3722744418302163,False,db1ab3680dcfc2deb10e2511ec28b70b27966d5a436d724be48267bcbf200acf,0.07143074693158269
direct_neighbor_ridge,0,0,0,0,0,0,False,2,"[""AMP"", ""methionine""]",[],0,0,4,2,3,tyrosine,1,3,0.1,700,176,13,5,5.814119894,0.4182054905141444,False,659dce4f66bf4ee0228513d024a4e287e9f1aa3957152332b1483ab0af67cb42,0.07086682482622564
direct_neighbor_ridge,0,0,0,0,0,0,False,2,"[""AMP"", ""methionine""]",[],0,0,4,2,3,tyrosine,1,4,0.1,702,174,13,5,5.791375897720797,0.4207102216982868,False,9492e163b6ef19b0563b1ce8302b8e8794e2e4c9c8031c62ff9774a3f63f6f58,0.07833119994029403
direct_neighbor_ridge,0,0,0,0,0,0,False,3,"[""CMP"", ""NAD"", ""histidine""]",[],0,0,6,3,4,uracil,0,0,100.0,697,179,16,2,5.845100508608321,0.3159661360177283,False,db1ab3680dcfc2deb10e2511ec28b70b27966d5a436d724be48267bcbf200acf,0.07030718098394573
direct_neighbor_ridge,0,0,0,0,0,0,False,3,"[""CMP"", ""NAD"", ""histidine""]",[],0,0,6,3,4,uracil,0,1,100.0,705,171,13,5,5.727848015744681,0.3774054832536749,False,32d2e2f547f707a9f12d899e65a934275c9f49020e10d214973126d05910ec9c,0.06797115015797317
direct_neighbor_ridge,0,0,0,0,0,0,False,3,"[""CMP"", ""NAD"", ""histidine""]",[],0,0,6,3,4,uracil,0,2,10.0,700,176,13,5,5.735356466142857,0.3695420163498155,False,659dce4f66bf4ee0228513d024a4e287e9f1aa3957152332b1483ab0af67cb42,0.07614750298671424
direct_neighbor_ridge,0,0,0,0,0,0,False,3,"[""CMP"", ""NAD"", ""histidine""]",[],0,0,6,3,4,uracil,0,3,10.0,702,174,13,5,5.759301471225071,0.37150365774601596,False,9492e163b6ef19b0563b1ce8302b8e8794e2e4c9c8031c62ff9774a3f63f6f58,0.0699767170008272
direct_neighbor_ridge,0,0,0,0,0,0,False,3,"[""CMP"", ""NAD"", ""histidine""]",[],0,0,6,3,4,uracil,0,4,100.0,700,176,17,1,5.755836698428571,0.3648126906194723,False,cf9883e99ee1b956d01c2cb42a4d284b982ce23065d3616a5e1cced359e41fb5,0.06565931788645685
direct_neighbor_ridge,0,0,0,0,0,0,False,3,"[""CMP"", ""NAD"", ""histidine""]",[],0,0,6,3,4,uracil,1,0,100.0,705,171,13,5,5.727848015744681,0.3774054832536749,False,32d2e2f547f707a9f12d899e65a934275c9f49020e10d214973126d05910ec9c,0.06928712595254183
direct_neighbor_ridge,0,0,0,0,0,0,False,3,"[""CMP"", ""NAD"", ""histidine""]",[],0,0,6,3,4,uracil,1,1,100.0,700,176,17,1,5.755836698428571,0.3648126906194723,False,cf9883e99ee1b956d01c2cb42a4d284b982ce23065d3616a5e1cced359e41fb5,0.0550426640547812
direct_neighbor_ridge,0,0,0,0,0,0,False,3,"[""CMP"", ""NAD"", ""histidine""]",[],0,0,6,3,4,uracil,1,2,100.0,697,179,16,2,5.845100508608321,0.3159661360177283,False,db1ab3680dcfc2deb10e2511ec28b70b27966d5a436d724be48267bcbf200acf,0.061987887835130095
direct_neighbor_ridge,0,0,0,0,0,0,False,3,"[""CMP"", ""NAD"", ""histidine""]",[],0,0,6,3,4,uracil,1,3,100.0,700,176,13,5,5.735356466142857,0.3695420163498155,False,659dce4f66bf4ee0228513d024a4e287e9f1aa3957152332b1483ab0af67cb42,0.12605045712552965
direct_neighbor_ridge,0,0,0,0,0,0,False,3,"[""CMP"", ""NAD"", ""histidine""]",[],0,0,6,3,4,uracil,1,4,10.0,702,174,13,5,5.759301471225071,0.37150365774601596,False,9492e163b6ef19b0563b1ce8302b8e8794e2e4c9c8031c62ff9774a3f63f6f58,0.06800921796821058
direct_neighbor_ridge,0,0,0,0,0,0,False,2,"[""glutamate"", ""isocitrate""]",[],0,0,4,2,3,urate,0,0,100.0,697,179,16,2,5.797735194404591,0.4578812329363871,False,db1ab3680dcfc2deb10e2511ec28b70b27966d5a436d724be48267bcbf200acf,0.23308510496281087
direct_neighbor_ridge,0,0,0,0,0,0,False,2,"[""glutamate"", ""isocitrate""]",[],0,0,4,2,3,urate,0,1,0.1,705,171,13,5,5.702445728226951,0.4768405401686225,False,32d2e2f547f707a9f12d899e65a934275c9f49020e10d214973126d05910ec9c,0.09647960006259382
direct_neighbor_ridge,0,0,0,0,0,0,False,2,"[""glutamate"", ""isocitrate""]",[],0,0,4,2,3,urate,0,2,0.1,700,176,13,5,5.725258205285715,0.4738774760521925,False,659dce4f66bf4ee0228513d024a4e287e9f1aa3957152332b1483ab0af67cb42,0.09099487098865211
direct_neighbor_ridge,0,0,0,0,0,0,False,2,"[""glutamate"", ""isocitrate""]",[],0,0,4,2,3,urate,0,3,0.1,702,174,13,5,5.714262068091168,0.47434052084248074,False,9492e163b6ef19b0563b1ce8302b8e8794e2e4c9c8031c62ff9774a3f63f6f58,0.08206275687552989
direct_neighbor_ridge,0,0,0,0,0,0,False,2,"[""glutamate"", ""isocitrate""]",[],0,0,4,2,3,urate,0,4,100.0,700,176,17,1,5.757721383428571,0.4403424910616518,False,cf9883e99ee1b956d01c2cb42a4d284b982ce23065d3616a5e1cced359e41fb5,0.05483688600361347
direct_neighbor_ridge,0,0,0,0,0,0,False,2,"[""glutamate"", ""isocitrate""]",[],0,0,4,2,3,urate,1,0,0.1,705,171,13,5,5.702445728226951,0.4768405401686225,False,32d2e2f547f707a9f12d899e65a934275c9f49020e10d214973126d05910ec9c,0.09993562893941998
direct_neighbor_ridge,0,0,0,0,0,0,False,2,"[""glutamate"", ""isocitrate""]",[],0,0,4,2,3,urate,1,1,10.0,700,176,17,1,5.757721383428571,0.4403424910616518,False,cf9883e99ee1b956d01c2cb42a4d284b982ce23065d3616a5e1cced359e41fb5,0.09045956819318235
direct_neighbor_ridge,0,0,0,0,0,0,False,2,"[""glutamate"", ""isocitrate""]",[],0,0,4,2,3,urate,1,2,100.0,697,179,16,2,5.797735194404591,0.4578812329363871,False,db1ab3680dcfc2deb10e2511ec28b70b27966d5a436d724be48267bcbf200acf,0.05296090291813016
direct_neighbor_ridge,0,0,0,0,0,0,False,2,"[""glutamate"", ""isocitrate""]",[],0,0,4,2,3,urate,1,3,10.0,700,176,13,5,5.725258205285715,0.4738774760521925,False,659dce4f66bf4ee0228513d024a4e287e9f1aa3957152332b1483ab0af67cb42,0.05621737102046609
direct_neighbor_ridge,0,0,0,0,0,0,False,2,"[""glutamate"", ""isocitrate""]",[],0,0,4,2,3,urate,1,4,0.1,702,174,13,5,5.714262068091168,0.47434052084248074,False,9492e163b6ef19b0563b1ce8302b8e8794e2e4c9c8031c62ff9774a3f63f6f58,0.05585211701691151
direct_neighbor_ridge,0,0,0,0,0,0,False,3,"[""choline"", ""citrate"", ""homocysteine""]",[],0,0,6,3,4,uridine,0,0,100.0,697,179,16,2,5.8853204464849345,0.41578380381128677,False,db1ab3680dcfc2deb10e2511ec28b70b27966d5a436d724be48267bcbf200acf,0.06535118795000017
direct_neighbor_ridge,0,0,0,0,0,0,False,3,"[""choline"", ""citrate"", ""homocysteine""]",[],0,0,6,3,4,uridine,0,1,100.0,705,171,13,5,5.912085544539007,0.5282150813484331,False,32d2e2f547f707a9f12d899e65a934275c9f49020e10d214973126d05910ec9c,0.06927809701301157
direct_neighbor_ridge,0,0,0,0,0,0,False,3,"[""choline"", ""citrate"", ""homocysteine""]",[],0,0,6,3,4,uridine,0,2,100.0,700,176,13,5,5.909856147857143,0.5147179309281458,False,659dce4f66bf4ee0228513d024a4e287e9f1aa3957152332b1483ab0af67cb42,0.05967235495336354
direct_neighbor_ridge,0,0,0,0,0,0,False,3,"[""choline"", ""citrate"", ""homocysteine""]",[],0,0,6,3,4,uridine,0,3,100.0,702,174,13,5,5.934038315811966,0.5230206325839802,False,9492e163b6ef19b0563b1ce8302b8e8794e2e4c9c8031c62ff9774a3f63f6f58,0.06058910093270242
direct_neighbor_ridge,0,0,0,0,0,0,False,3,"[""choline"", ""citrate"", ""homocysteine""]",[],0,0,6,3,4,uridine,0,4,100.0,700,176,17,1,5.898471694142857,0.5131303828795306,False,cf9883e99ee1b956d01c2cb42a4d284b982ce23065d3616a5e1cced359e41fb5,0.051133912056684494
direct_neighbor_ridge,0,0,0,0,0,0,False,3,"[""choline"", ""citrate"", ""homocysteine""]",[],0,0,6,3,4,uridine,1,0,100.0,705,171,13,5,5.912085544539007,0.5282150813484331,False,32d2e2f547f707a9f12d899e65a934275c9f49020e10d214973126d05910ec9c,0.05663846991956234
direct_neighbor_ridge,0,0,0,0,0,0,False,3,"[""choline"", ""citrate"", ""homocysteine""]",[],0,0,6,3,4,uridine,1,1,100.0,700,176,17,1,5.898471694142857,0.5131303828795306,False,cf9883e99ee1b956d01c2cb42a4d284b982ce23065d3616a5e1cced359e41fb5,0.0604508810210973
direct_neighbor_ridge,0,0,0,0,0,0,False,3,"[""choline"", ""citrate"", ""homocysteine""]",[],0,0,6,3,4,uridine,1,2,100.0,697,179,16,2,5.8853204464849345,0.41578380381128677,False,db1ab3680dcfc2deb10e2511ec28b70b27966d5a436d724be48267bcbf200acf,0.05043311510235071
direct_neighbor_ridge,0,0,0,0,0,0,False,3,"[""choline"", ""citrate"", ""homocysteine""]",[],0,0,6,3,4,uridine,1,3,100.0,700,176,13,5,5.909856147857143,0.5147179309281458,False,659dce4f66bf4ee0228513d024a4e287e9f1aa3957152332b1483ab0af67cb42,0.05237984098494053
direct_neighbor_ridge,0,0,0,0,0,0,False,3,"[""choline"", ""citrate"", ""homocysteine""]",[],0,0,6,3,4,uridine,1,4,100.0,702,174,13,5,5.934038315811966,0.5230206325839802,False,9492e163b6ef19b0563b1ce8302b8e8794e2e4c9c8031c62ff9774a3f63f6f58,0.05939314211718738
direct_neighbor_ridge,0,0,0,0,0,0,False,1,"[""AMP""]",[],0,0,2,1,2,valine,0,0,0.1,697,179,16,2,5.952121997417504,0.36407681708229,False,db1ab3680dcfc2deb10e2511ec28b70b27966d5a436d724be48267bcbf200acf,0.049326094100251794
direct_neighbor_ridge,0,0,0,0,0,0,False,1,"[""AMP""]",[],0,0,2,1,2,valine,0,1,0.1,705,171,13,5,5.8379196573049645,0.3773248284035181,False,32d2e2f547f707a9f12d899e65a934275c9f49020e10d214973126d05910ec9c,0.053664817940443754
direct_neighbor_ridge,0,0,0,0,0,0,False,1,"[""AMP""]",[],0,0,2,1,2,valine,0,2,0.1,700,176,13,5,5.8849640270000005,0.3945943885573533,False,659dce4f66bf4ee0228513d024a4e287e9f1aa3957152332b1483ab0af67cb42,0.05798147805035114
direct_neighbor_ridge,0,0,0,0,0,0,False,1,"[""AMP""]",[],0,0,2,1,2,valine,0,3,0.1,702,174,13,5,5.848345252849003,0.390876603874631,False,9492e163b6ef19b0563b1ce8302b8e8794e2e4c9c8031c62ff9774a3f63f6f58,0.054756988072767854
direct_neighbor_ridge,0,0,0,0,0,0,False,1,"[""AMP""]",[],0,0,2,1,2,valine,0,4,0.1,700,176,17,1,5.877318387142858,0.3902412272704989,False,cf9883e99ee1b956d01c2cb42a4d284b982ce23065d3616a5e1cced359e41fb5,0.03725475911051035
direct_neighbor_ridge,0,0,0,0,0,0,False,1,"[""AMP""]",[],0,0,2,1,2,valine,1,0,0.1,705,171,13,5,5.8379196573049645,0.3773248284035181,False,32d2e2f547f707a9f12d899e65a934275c9f49020e10d214973126d05910ec9c,0.05110900988802314
direct_neighbor_ridge,0,0,0,0,0,0,False,1,"[""AMP""]",[],0,0,2,1,2,valine,1,1,0.1,700,176,17,1,5.877318387142858,0.3902412272704989,False,cf9883e99ee1b956d01c2cb42a4d284b982ce23065d3616a5e1cced359e41fb5,0.05829231510870159
direct_neighbor_ridge,0,0,0,0,0,0,False,1,"[""AMP""]",[],0,0,2,1,2,valine,1,2,0.1,697,179,16,2,5.952121997417504,0.36407681708229,False,db1ab3680dcfc2deb10e2511ec28b70b27966d5a436d724be48267bcbf200acf,0.05719927395693958
direct_neighbor_ridge,0,0,0,0,0,0,False,1,"[""AMP""]",[],0,0,2,1,2,valine,1,3,0.1,700,176,13,5,5.8849640270000005,0.3945943885573533,False,659dce4f66bf4ee0228513d024a4e287e9f1aa3957152332b1483ab0af67cb42,0.04817675915546715
direct_neighbor_ridge,0,0,0,0,0,0,False,1,"[""AMP""]",[],0,0,2,1,2,valine,1,4,0.1,702,174,13,5,5.848345252849003,0.390876603874631,False,9492e163b6ef19b0563b1ce8302b8e8794e2e4c9c8031c62ff9774a3f63f6f58,0.05757364095188677
direct_neighbor_ridge,0,0,0,0,0,0,False,4,"[""AMP"", ""inositol"", ""isoleucine"", ""uridine""]",[],0,0,8,4,5,xanthine,0,0,100.0,697,179,16,2,5.8261626595408895,0.3226517288205138,False,db1ab3680dcfc2deb10e2511ec28b70b27966d5a436d724be48267bcbf200acf,0.05134122003801167
direct_neighbor_ridge,0,0,0,0,0,0,False,4,"[""AMP"", ""inositol"", ""isoleucine"", ""uridine""]",[],0,0,8,4,5,xanthine,0,1,1.0,705,171,13,5,5.668218426241134,0.44533618503026734,False,32d2e2f547f707a9f12d899e65a934275c9f49020e10d214973126d05910ec9c,0.05765462596900761
direct_neighbor_ridge,0,0,0,0,0,0,False,4,"[""AMP"", ""inositol"", ""isoleucine"", ""uridine""]",[],0,0,8,4,5,xanthine,0,2,0.1,700,176,13,5,5.675177004,0.4388265188264273,False,659dce4f66bf4ee0228513d024a4e287e9f1aa3957152332b1483ab0af67cb42,0.056705866008996964
direct_neighbor_ridge,0,0,0,0,0,0,False,4,"[""AMP"", ""inositol"", ""isoleucine"", ""uridine""]",[],0,0,8,4,5,xanthine,0,3,0.1,702,174,13,5,5.677283422934472,0.4355980429993409,False,9492e163b6ef19b0563b1ce8302b8e8794e2e4c9c8031c62ff9774a3f63f6f58,0.05268236296251416
direct_neighbor_ridge,0,0,0,0,0,0,False,4,"[""AMP"", ""inositol"", ""isoleucine"", ""uridine""]",[],0,0,8,4,5,xanthine,0,4,0.1,700,176,17,1,5.702935143571429,0.4239551919699778,False,cf9883e99ee1b956d01c2cb42a4d284b982ce23065d3616a5e1cced359e41fb5,0.08915379992686212
direct_neighbor_ridge,0,0,0,0,0,0,False,4,"[""AMP"", ""inositol"", ""isoleucine"", ""uridine""]",[],0,0,8,4,5,xanthine,1,0,1.0,705,171,13,5,5.668218426241134,0.44533618503026734,False,32d2e2f547f707a9f12d899e65a934275c9f49020e10d214973126d05910ec9c,0.057992126094177365
direct_neighbor_ridge,0,0,0,0,0,0,False,4,"[""AMP"", ""inositol"", ""isoleucine"", ""uridine""]",[],0,0,8,4,5,xanthine,1,1,0.1,700,176,17,1,5.702935143571429,0.4239551919699778,False,cf9883e99ee1b956d01c2cb42a4d284b982ce23065d3616a5e1cced359e41fb5,0.05428117117844522
direct_neighbor_ridge,0,0,0,0,0,0,False,4,"[""AMP"", ""inositol"", ""isoleucine"", ""uridine""]",[],0,0,8,4,5,xanthine,1,2,100.0,697,179,16,2,5.8261626595408895,0.3226517288205138,False,db1ab3680dcfc2deb10e2511ec28b70b27966d5a436d724be48267bcbf200acf,0.05612588417716324
direct_neighbor_ridge,0,0,0,0,0,0,False,4,"[""AMP"", ""inositol"", ""isoleucine"", ""uridine""]",[],0,0,8,4,5,xanthine,1,3,0.1,700,176,13,5,5.675177004,0.4388265188264273,False,659dce4f66bf4ee0228513d024a4e287e9f1aa3957152332b1483ab0af67cb42,0.054283468052744865
direct_neighbor_ridge,0,0,0,0,0,0,False,4,"[""AMP"", ""inositol"", ""isoleucine"", ""uridine""]",[],0,0,8,4,5,xanthine,1,4,0.1,702,174,13,5,5.677283422934472,0.4355980429993409,False,9492e163b6ef19b0563b1ce8302b8e8794e2e4c9c8031c62ff9774a3f63f6f58,0.053519458044320345
direct_neighbor_ridge,0,0,0,0,0,0,False,1,"[""adenosine""]",[],0,0,2,1,2,xanthosine,0,0,100.0,697,179,16,2,5.868730441750358,0.23648420012118596,False,db1ab3680dcfc2deb10e2511ec28b70b27966d5a436d724be48267bcbf200acf,0.062009924091398716
direct_neighbor_ridge,0,0,0,0,0,0,False,1,"[""adenosine""]",[],0,0,2,1,2,xanthosine,0,1,100.0,705,171,13,5,5.809038896737588,0.28486213680139005,False,32d2e2f547f707a9f12d899e65a934275c9f49020e10d214973126d05910ec9c,0.04938292293809354
direct_neighbor_ridge,0,0,0,0,0,0,False,1,"[""adenosine""]",[],0,0,2,1,2,xanthosine,0,2,100.0,700,176,13,5,5.8054182618571435,0.2760639029596894,False,659dce4f66bf4ee0228513d024a4e287e9f1aa3957152332b1483ab0af67cb42,0.047150467056781054
direct_neighbor_ridge,0,0,0,0,0,0,False,1,"[""adenosine""]",[],0,0,2,1,2,xanthosine,0,3,100.0,702,174,13,5,5.81375750071225,0.26668885124187874,False,9492e163b6ef19b0563b1ce8302b8e8794e2e4c9c8031c62ff9774a3f63f6f58,0.046882074791938066
direct_neighbor_ridge,0,0,0,0,0,0,False,1,"[""adenosine""]",[],0,0,2,1,2,xanthosine,0,4,100.0,700,176,17,1,5.830317585,0.2650109615358276,False,cf9883e99ee1b956d01c2cb42a4d284b982ce23065d3616a5e1cced359e41fb5,0.05386513308621943
direct_neighbor_ridge,0,0,0,0,0,0,False,1,"[""adenosine""]",[],0,0,2,1,2,xanthosine,1,0,100.0,705,171,13,5,5.809038896737588,0.28486213680139005,False,32d2e2f547f707a9f12d899e65a934275c9f49020e10d214973126d05910ec9c,0.058753292076289654
direct_neighbor_ridge,0,0,0,0,0,0,False,1,"[""adenosine""]",[],0,0,2,1,2,xanthosine,1,1,100.0,700,176,17,1,5.830317585,0.2650109615358276,False,cf9883e99ee1b956d01c2cb42a4d284b982ce23065d3616a5e1cced359e41fb5,0.0521036721765995
direct_neighbor_ridge,0,0,0,0,0,0,False,1,"[""adenosine""]",[],0,0,2,1,2,xanthosine,1,2,100.0,697,179,16,2,5.868730441750358,0.23648420012118596,False,db1ab3680dcfc2deb10e2511ec28b70b27966d5a436d724be48267bcbf200acf,0.04857738991267979
direct_neighbor_ridge,0,0,0,0,0,0,False,1,"[""adenosine""]",[],0,0,2,1,2,xanthosine,1,3,100.0,700,176,13,5,5.8054182618571435,0.2760639029596894,False,659dce4f66bf4ee0228513d024a4e287e9f1aa3957152332b1483ab0af67cb42,0.04601455992087722
direct_neighbor_ridge,0,0,0,0,0,0,False,1,"[""adenosine""]",[],0,0,2,1,2,xanthosine,1,4,100.0,702,174,13,5,5.81375750071225,0.26668885124187874,False,9492e163b6ef19b0563b1ce8302b8e8794e2e4c9c8031c62ff9774a3f63f6f58,0.05141303897835314
