mask,fold,inner_fold,model,alpha,group_mse,validation_groups,training_targets
0,0,0,structural_median,0.1,0.11913279538766043,30,105
0,0,0,structural_median,1.0,0.11665083741824268,30,105
0,0,0,structural_median,10.0,0.11368757378188626,30,105
0,0,0,structural_median,100.0,0.13084060471931241,30,105
0,0,0,descriptor_local_svd,0.1,0.06590440763287025,30,105
0,0,0,descriptor_local_svd,1.0,0.06885986655753822,30,105
0,0,0,descriptor_local_svd,10.0,0.07889707991800178,30,105
0,0,0,descriptor_local_svd,100.0,0.11141268886558528,30,105
0,0,0,degree_preserving_null,0.1,0.2195531606439422,30,105
0,0,0,degree_preserving_null,1.0,0.2145435049776872,30,105
0,0,0,degree_preserving_null,10.0,0.2059799418747855,30,105
0,0,0,degree_preserving_null,100.0,0.2334477211081802,30,105
0,0,0,family_median,0.1,0.5538116506930653,30,105
0,0,0,family_median,1.0,0.5535945330848634,30,105
0,0,0,family_median,10.0,0.5520805927656639,30,105
0,0,0,family_median,100.0,0.5572659091164567,30,105
0,0,0,all_visible_ridge,0.1,0.07039303591729217,30,105
0,0,0,all_visible_ridge,1.0,0.05102312521925219,30,105
0,0,0,all_visible_ridge,10.0,0.04089342542653747,30,105
0,0,0,all_visible_ridge,100.0,0.04631283613597028,30,105
0,0,0,pca_matched_dimension,0.1,0.051295172174843064,30,105
0,0,0,pca_matched_dimension,1.0,0.05128921748714736,30,105
0,0,0,pca_matched_dimension,10.0,0.05139889578164728,30,105
0,0,0,pca_matched_dimension,100.0,0.06593337147309326,30,105
0,0,1,structural_median,0.1,0.08786143762518366,31,104
0,0,1,structural_median,1.0,0.08555248948710402,31,104
0,0,1,structural_median,10.0,0.08299281472916568,31,104
0,0,1,structural_median,100.0,0.09704828210320572,31,104
0,0,1,descriptor_local_svd,0.1,0.04621197491248358,31,104
0,0,1,descriptor_local_svd,1.0,0.04767396939658717,31,104
0,0,1,descriptor_local_svd,10.0,0.05301199908547025,31,104
0,0,1,descriptor_local_svd,100.0,0.07721203124720037,31,104
0,0,1,degree_preserving_null,0.1,0.16518068904086314,31,104
0,0,1,degree_preserving_null,1.0,0.16081625590921314,31,104
0,0,1,degree_preserving_null,10.0,0.1522942215614803,31,104
0,0,1,degree_preserving_null,100.0,0.17210800941824445,31,104
0,0,1,family_median,0.1,0.44520820140713124,31,104
0,0,1,family_median,1.0,0.4451581466156198,31,104
0,0,1,family_median,10.0,0.44531260276040774,31,104
0,0,1,family_median,100.0,0.4594597462026076,31,104
0,0,1,all_visible_ridge,0.1,0.05338499466954156,31,104
0,0,1,all_visible_ridge,1.0,0.0374750665085928,31,104
0,0,1,all_visible_ridge,10.0,0.029168654471725414,31,104
0,0,1,all_visible_ridge,100.0,0.031997965309557314,31,104
0,0,1,pca_matched_dimension,0.1,0.03630563056010855,31,104
0,0,1,pca_matched_dimension,1.0,0.036296174887966895,31,104
0,0,1,pca_matched_dimension,10.0,0.03632649938695406,31,104
0,0,1,pca_matched_dimension,100.0,0.04655211056693259,31,104
0,0,2,structural_median,0.1,0.10446222568022087,32,103
0,0,2,structural_median,1.0,0.10222734842188061,32,103
0,0,2,structural_median,10.0,0.10016086128917834,32,103
0,0,2,structural_median,100.0,0.11483810059030443,32,103
0,0,2,descriptor_local_svd,0.1,0.05780124593276462,32,103
0,0,2,descriptor_local_svd,1.0,0.060318342292495594,32,103
0,0,2,descriptor_local_svd,10.0,0.06943789660674624,32,103
0,0,2,descriptor_local_svd,100.0,0.09769000732925837,32,103
0,0,2,degree_preserving_null,0.1,0.18228096061559418,32,103
0,0,2,degree_preserving_null,1.0,0.17991958334341376,32,103
0,0,2,degree_preserving_null,10.0,0.17565830026822407,32,103
0,0,2,degree_preserving_null,100.0,0.19903429098650133,32,103
0,0,2,family_median,0.1,0.48407799977199656,32,103
0,0,2,family_median,1.0,0.4836156456502878,32,103
0,0,2,family_median,10.0,0.4801204221617735,32,103
0,0,2,family_median,100.0,0.4789441685265714,32,103
0,0,2,all_visible_ridge,0.1,0.0636364802154146,32,103
0,0,2,all_visible_ridge,1.0,0.04543971418711454,32,103
0,0,2,all_visible_ridge,10.0,0.03672335160371015,32,103
0,0,2,all_visible_ridge,100.0,0.04261424239786179,32,103
0,0,2,pca_matched_dimension,0.1,0.047305240101556276,32,103
0,0,2,pca_matched_dimension,1.0,0.04729721744619979,32,103
0,0,2,pca_matched_dimension,10.0,0.04735354280116404,32,103
0,0,2,pca_matched_dimension,100.0,0.05876086450229681,32,103
0,1,0,structural_median,0.1,0.10379181972044757,30,104
0,1,0,structural_median,1.0,0.10135739376240846,30,104
0,1,0,structural_median,10.0,0.09924499762033952,30,104
0,1,0,structural_median,100.0,0.11688438774315943,30,104
0,1,0,descriptor_local_svd,0.1,0.05728167782959381,30,104
0,1,0,descriptor_local_svd,1.0,0.05860071467118318,30,104
0,1,0,descriptor_local_svd,10.0,0.0664997014678189,30,104
0,1,0,descriptor_local_svd,100.0,0.09498860196640876,30,104
0,1,0,degree_preserving_null,0.1,0.18934823552805607,30,104
0,1,0,degree_preserving_null,1.0,0.18558527858160093,30,104
0,1,0,degree_preserving_null,10.0,0.17965041789374228,30,104
0,1,0,degree_preserving_null,100.0,0.20146530930282017,30,104
0,1,0,family_median,0.1,0.4713539822408646,30,104
0,1,0,family_median,1.0,0.4712312809249275,30,104
0,1,0,family_median,10.0,0.47056237921185035,30,104
0,1,0,family_median,100.0,0.47951179228995017,30,104
0,1,0,all_visible_ridge,0.1,0.0590365772488928,30,104
0,1,0,all_visible_ridge,1.0,0.0415497943863196,30,104
0,1,0,all_visible_ridge,10.0,0.03291995032925394,30,104
0,1,0,all_visible_ridge,100.0,0.03830493447476934,30,104
0,1,0,pca_matched_dimension,0.1,0.04179422099624672,30,104
0,1,0,pca_matched_dimension,1.0,0.041801735061486545,30,104
0,1,0,pca_matched_dimension,10.0,0.042008273893050986,30,104
0,1,0,pca_matched_dimension,100.0,0.054493468373281645,30,104
0,1,1,structural_median,0.1,0.09485287784983261,30,102
0,1,1,structural_median,1.0,0.09229100467745828,30,102
0,1,1,structural_median,10.0,0.0894820223452574,30,102
0,1,1,structural_median,100.0,0.10317399124590479,30,102
0,1,1,descriptor_local_svd,0.1,0.049984278691803295,30,102
0,1,1,descriptor_local_svd,1.0,0.051947763294031765,30,102
0,1,1,descriptor_local_svd,10.0,0.059871023594507126,30,102
0,1,1,descriptor_local_svd,100.0,0.08620215006857818,30,102
0,1,1,degree_preserving_null,0.1,0.16946857165252982,30,102
0,1,1,degree_preserving_null,1.0,0.16563850143859513,30,102
0,1,1,degree_preserving_null,10.0,0.15669074395939,30,102
0,1,1,degree_preserving_null,100.0,0.17094577192789692,30,102
0,1,1,family_median,0.1,0.5028170148381946,30,102
0,1,1,family_median,1.0,0.5027093985895078,30,102
0,1,1,family_median,10.0,0.5022691359394883,30,102
0,1,1,family_median,100.0,0.5148911199203636,30,102
0,1,1,all_visible_ridge,0.1,0.05002869651626044,30,102
0,1,1,all_visible_ridge,1.0,0.036253005552767316,30,102
0,1,1,all_visible_ridge,10.0,0.029516722024109862,30,102
0,1,1,all_visible_ridge,100.0,0.03391731664347157,30,102
0,1,1,pca_matched_dimension,0.1,0.038047440516025675,30,102
0,1,1,pca_matched_dimension,1.0,0.038042512412185064,30,102
0,1,1,pca_matched_dimension,10.0,0.03813825452786182,30,102
0,1,1,pca_matched_dimension,100.0,0.05061135060996074,30,102
0,1,2,structural_median,0.1,0.12719137825303659,29,104
0,1,2,structural_median,1.0,0.12421847536680808,29,104
0,1,2,structural_median,10.0,0.12036986802972757,29,104
0,1,2,structural_median,100.0,0.1370426567936846,29,104
0,1,2,descriptor_local_svd,0.1,0.07431013454508983,29,104
0,1,2,descriptor_local_svd,1.0,0.07602983094194654,29,104
0,1,2,descriptor_local_svd,10.0,0.08368525514224168,29,104
0,1,2,descriptor_local_svd,100.0,0.11406584005782072,29,104
0,1,2,degree_preserving_null,0.1,0.21077018991752297,29,104
0,1,2,degree_preserving_null,1.0,0.20780860497403603,29,104
0,1,2,degree_preserving_null,10.0,0.2038798713961209,29,104
0,1,2,degree_preserving_null,100.0,0.23358683094619087,29,104
0,1,2,family_median,0.1,0.590585060034505,29,104
0,1,2,family_median,1.0,0.5902867032399839,29,104
0,1,2,family_median,10.0,0.5881305024568001,29,104
0,1,2,family_median,100.0,0.5901089863503424,29,104
0,1,2,all_visible_ridge,0.1,0.07412281026962289,29,104
0,1,2,all_visible_ridge,1.0,0.05209154962762962,29,104
0,1,2,all_visible_ridge,10.0,0.04186378508208158,29,104
0,1,2,all_visible_ridge,100.0,0.04869173154190992,29,104
0,1,2,pca_matched_dimension,0.1,0.056079646241199044,29,104
0,1,2,pca_matched_dimension,1.0,0.0560624543405711,29,104
0,1,2,pca_matched_dimension,10.0,0.05605435032030709,29,104
0,1,2,pca_matched_dimension,100.0,0.0689912778456586,29,104
0,2,0,structural_median,0.1,0.10204686177514702,31,104
0,2,0,structural_median,1.0,0.09970883188285777,31,104
0,2,0,structural_median,10.0,0.09787867999568625,31,104
0,2,0,structural_median,100.0,0.11576994008354467,31,104
0,2,0,descriptor_local_svd,0.1,0.05546952014982807,31,104
0,2,0,descriptor_local_svd,1.0,0.05786704840075118,31,104
0,2,0,descriptor_local_svd,10.0,0.0673738985638085,31,104
0,2,0,descriptor_local_svd,100.0,0.09777148793241303,31,104
0,2,0,degree_preserving_null,0.1,0.1957275181294594,31,104
0,2,0,degree_preserving_null,1.0,0.191246758819007,31,104
0,2,0,degree_preserving_null,10.0,0.18017537642842107,31,104
0,2,0,degree_preserving_null,100.0,0.19661278909869065,31,104
0,2,0,family_median,0.1,0.5087071955055656,31,104
0,2,0,family_median,1.0,0.508583556163394,31,104
0,2,0,family_median,10.0,0.5080317848425278,31,104
0,2,0,family_median,100.0,0.5222636484034753,31,104
0,2,0,all_visible_ridge,0.1,0.05742749909946415,31,104
0,2,0,all_visible_ridge,1.0,0.04062419165805989,31,104
0,2,0,all_visible_ridge,10.0,0.03220577722142257,31,104
0,2,0,all_visible_ridge,100.0,0.037987691012618084,31,104
0,2,0,pca_matched_dimension,0.1,0.04238230825926092,31,104
0,2,0,pca_matched_dimension,1.0,0.04237742670474179,31,104
0,2,0,pca_matched_dimension,10.0,0.04246815174571657,31,104
0,2,0,pca_matched_dimension,100.0,0.0544529362075509,31,104
0,2,1,structural_median,0.1,0.10688576315402495,30,102
0,2,1,structural_median,1.0,0.10447487096204958,30,102
0,2,1,structural_median,10.0,0.10092405165998748,30,102
0,2,1,structural_median,100.0,0.11391217242742906,30,102
0,2,1,descriptor_local_svd,0.1,0.05524284019266538,30,102
0,2,1,descriptor_local_svd,1.0,0.057609368679516354,30,102
0,2,1,descriptor_local_svd,10.0,0.06655952915059819,30,102
0,2,1,descriptor_local_svd,100.0,0.09528591812025347,30,102
0,2,1,degree_preserving_null,0.1,0.19177901166298125,30,102
0,2,1,degree_preserving_null,1.0,0.18829682370876932,30,102
0,2,1,degree_preserving_null,10.0,0.1823310063601137,30,102
0,2,1,degree_preserving_null,100.0,0.2025695593188256,30,102
0,2,1,family_median,0.1,0.5127153608183189,30,102
0,2,1,family_median,1.0,0.5126128661078942,30,102
0,2,1,family_median,10.0,0.512151688438053,30,102
0,2,1,family_median,100.0,0.5230998881915625,30,102
0,2,1,all_visible_ridge,0.1,0.0659292566383693,30,102
0,2,1,all_visible_ridge,1.0,0.04491308472010779,30,102
0,2,1,all_visible_ridge,10.0,0.03373817775962541,30,102
0,2,1,all_visible_ridge,100.0,0.03718658077389424,30,102
0,2,1,pca_matched_dimension,0.1,0.041764366719020854,30,102
0,2,1,pca_matched_dimension,1.0,0.041751169667772065,30,102
0,2,1,pca_matched_dimension,10.0,0.04178175845859189,30,102
0,2,1,pca_matched_dimension,100.0,0.05500473910387737,30,102
0,2,2,structural_median,0.1,0.10497674459142015,27,103
0,2,2,structural_median,1.0,0.10279787644932252,27,103
0,2,2,structural_median,10.0,0.10068865879349241,27,103
0,2,2,structural_median,100.0,0.11865453527439164,27,103
0,2,2,descriptor_local_svd,0.1,0.06356169403160843,27,103
0,2,2,descriptor_local_svd,1.0,0.06623935743553779,27,103
0,2,2,descriptor_local_svd,10.0,0.07507640947468693,27,103
0,2,2,descriptor_local_svd,100.0,0.10368335975500917,27,103
0,2,2,degree_preserving_null,0.1,0.19920905096449956,27,103
0,2,2,degree_preserving_null,1.0,0.19643671170381796,27,103
0,2,2,degree_preserving_null,10.0,0.19174417376237787,27,103
0,2,2,degree_preserving_null,100.0,0.21711140464973044,27,103
0,2,2,family_median,0.1,0.4651592275347727,27,103
0,2,2,family_median,1.0,0.46496836113939033,27,103
0,2,2,family_median,10.0,0.46364138525130555,27,103
0,2,2,family_median,100.0,0.4664356087564934,27,103
0,2,2,all_visible_ridge,0.1,0.06350311463660156,27,103
0,2,2,all_visible_ridge,1.0,0.04621872060075788,27,103
0,2,2,all_visible_ridge,10.0,0.0382489851835188,27,103
0,2,2,all_visible_ridge,100.0,0.04516190235929782,27,103
0,2,2,pca_matched_dimension,0.1,0.05199667507384728,27,103
0,2,2,pca_matched_dimension,1.0,0.05197864790500361,27,103
0,2,2,pca_matched_dimension,10.0,0.05192876954917024,27,103
0,2,2,pca_matched_dimension,100.0,0.06179982125972065,27,103
0,3,0,structural_median,0.1,0.11347469413158334,30,104
0,3,0,structural_median,1.0,0.1111216277021135,30,104
0,3,0,structural_median,10.0,0.1102086478676512,30,104
0,3,0,structural_median,100.0,0.13458201895006758,30,104
0,3,0,descriptor_local_svd,0.1,0.06270968313496045,30,104
0,3,0,descriptor_local_svd,1.0,0.06547912088072222,30,104
0,3,0,descriptor_local_svd,10.0,0.07673554227119621,30,104
0,3,0,descriptor_local_svd,100.0,0.11314223778969132,30,104
0,3,0,degree_preserving_null,0.1,0.1876304664180503,30,104
0,3,0,degree_preserving_null,1.0,0.18414286011941058,30,104
0,3,0,degree_preserving_null,10.0,0.17659663197646797,30,104
0,3,0,degree_preserving_null,100.0,0.2010971110270396,30,104
0,3,0,family_median,0.1,0.5147131231935628,30,104
0,3,0,family_median,1.0,0.5144603551193475,30,104
0,3,0,family_median,10.0,0.5126588316706653,30,104
0,3,0,family_median,100.0,0.5158614150595114,30,104
0,3,0,all_visible_ridge,0.1,0.07516255453273532,30,104
0,3,0,all_visible_ridge,1.0,0.054075050577369506,30,104
0,3,0,all_visible_ridge,10.0,0.04328547425048111,30,104
0,3,0,all_visible_ridge,100.0,0.047728511533268764,30,104
0,3,0,pca_matched_dimension,0.1,0.05401147223995128,30,104
0,3,0,pca_matched_dimension,1.0,0.05398234368620854,30,104
0,3,0,pca_matched_dimension,10.0,0.053845006689552964,30,104
0,3,0,pca_matched_dimension,100.0,0.06472390181313889,30,104
0,3,1,structural_median,0.1,0.0877974732829398,31,101
0,3,1,structural_median,1.0,0.08506506784354677,31,101
0,3,1,structural_median,10.0,0.08238260499934588,31,101
0,3,1,structural_median,100.0,0.09690274507281159,31,101
0,3,1,descriptor_local_svd,0.1,0.045586376665544534,31,101
0,3,1,descriptor_local_svd,1.0,0.04718687822657722,31,101
0,3,1,descriptor_local_svd,10.0,0.054015746237937354,31,101
0,3,1,descriptor_local_svd,100.0,0.0791580403215739,31,101
0,3,1,degree_preserving_null,0.1,0.1655994332890838,31,101
0,3,1,degree_preserving_null,1.0,0.1624323025061162,31,101
0,3,1,degree_preserving_null,10.0,0.15671489556596574,31,101
0,3,1,degree_preserving_null,100.0,0.17313677472983072,31,101
0,3,1,family_median,0.1,0.4502651209351229,31,101
0,3,1,family_median,1.0,0.4502794824793324,31,101
0,3,1,family_median,10.0,0.4508584577598469,31,101
0,3,1,family_median,100.0,0.4669429896682866,31,101
0,3,1,all_visible_ridge,0.1,0.047146470431738,31,101
0,3,1,all_visible_ridge,1.0,0.033816874668213134,31,101
0,3,1,all_visible_ridge,10.0,0.02737941514448761,31,101
0,3,1,all_visible_ridge,100.0,0.031821081106156765,31,101
0,3,1,pca_matched_dimension,0.1,0.03521305957094347,31,101
0,3,1,pca_matched_dimension,1.0,0.035208206316623906,31,101
0,3,1,pca_matched_dimension,10.0,0.03529245586242515,31,101
0,3,1,pca_matched_dimension,100.0,0.04667620020851368,31,101
0,3,2,structural_median,0.1,0.09534001899594823,27,103
0,3,2,structural_median,1.0,0.09351158177649269,27,103
0,3,2,structural_median,10.0,0.0923721404236148,27,103
0,3,2,structural_median,100.0,0.1072654497600156,27,103
0,3,2,descriptor_local_svd,0.1,0.050370200078508724,27,103
0,3,2,descriptor_local_svd,1.0,0.05322007322726317,27,103
0,3,2,descriptor_local_svd,10.0,0.060773600994027635,27,103
0,3,2,descriptor_local_svd,100.0,0.08664715147518427,27,103
0,3,2,degree_preserving_null,0.1,0.18353375647288736,27,103
0,3,2,degree_preserving_null,1.0,0.1798925285409861,27,103
0,3,2,degree_preserving_null,10.0,0.17203031544109973,27,103
0,3,2,degree_preserving_null,100.0,0.19265089969530338,27,103
0,3,2,family_median,0.1,0.4965333591478107,27,103
0,3,2,family_median,1.0,0.4962836426866027,27,103
0,3,2,family_median,10.0,0.4948119059806153,27,103
0,3,2,family_median,100.0,0.5083219525482496,27,103
0,3,2,all_visible_ridge,0.1,0.051345602196604424,27,103
0,3,2,all_visible_ridge,1.0,0.03708228648498169,27,103
0,3,2,all_visible_ridge,10.0,0.03080581596731675,27,103
0,3,2,all_visible_ridge,100.0,0.0363750390770671,27,103
0,3,2,pca_matched_dimension,0.1,0.04158996826969476,27,103
0,3,2,pca_matched_dimension,1.0,0.04157918150020312,27,103
0,3,2,pca_matched_dimension,10.0,0.041628838881275894,27,103
0,3,2,pca_matched_dimension,100.0,0.054640147925396385,27,103
0,4,0,structural_median,0.1,0.10872119953922181,28,106
0,4,0,structural_median,1.0,0.10604332536627624,28,106
0,4,0,structural_median,10.0,0.102626064031621,28,106
0,4,0,structural_median,100.0,0.11761406516705845,28,106
0,4,0,descriptor_local_svd,0.1,0.05809501771621076,28,106
0,4,0,descriptor_local_svd,1.0,0.05908274107159417,28,106
0,4,0,descriptor_local_svd,10.0,0.0668111939775989,28,106
0,4,0,descriptor_local_svd,100.0,0.09571113515827313,28,106
0,4,0,degree_preserving_null,0.1,0.1980265598190563,28,106
0,4,0,degree_preserving_null,1.0,0.193805207495272,28,106
0,4,0,degree_preserving_null,10.0,0.1866233731357238,28,106
0,4,0,degree_preserving_null,100.0,0.20471636634515805,28,106
0,4,0,family_median,0.1,0.561175866471516,28,106
0,4,0,family_median,1.0,0.5607691129417927,28,106
0,4,0,family_median,10.0,0.5577748602391338,28,106
0,4,0,family_median,100.0,0.5591628906643383,28,106
0,4,0,all_visible_ridge,0.1,0.060138944820963734,28,106
0,4,0,all_visible_ridge,1.0,0.04275725674516961,28,106
0,4,0,all_visible_ridge,10.0,0.03415424693288895,28,106
0,4,0,all_visible_ridge,100.0,0.03999278555950455,28,106
0,4,0,pca_matched_dimension,0.1,0.045983442315624935,28,106
0,4,0,pca_matched_dimension,1.0,0.045972599458018536,28,106
0,4,0,pca_matched_dimension,10.0,0.0460272246297101,28,106
0,4,0,pca_matched_dimension,100.0,0.0595270663529663,28,106
0,4,1,structural_median,0.1,0.09233636728733607,32,104
0,4,1,structural_median,1.0,0.08994097344782144,32,104
0,4,1,structural_median,10.0,0.08825374018180229,32,104
0,4,1,structural_median,100.0,0.10493248152292438,32,104
0,4,1,descriptor_local_svd,0.1,0.05238616881090487,32,104
0,4,1,descriptor_local_svd,1.0,0.05420451421528852,32,104
0,4,1,descriptor_local_svd,10.0,0.06234386876191519,32,104
0,4,1,descriptor_local_svd,100.0,0.08774537221646321,32,104
0,4,1,degree_preserving_null,0.1,0.1908787769637364,32,104
0,4,1,degree_preserving_null,1.0,0.18455533701970764,32,104
0,4,1,degree_preserving_null,10.0,0.17433367673152816,32,104
0,4,1,degree_preserving_null,100.0,0.20654969542848112,32,104
0,4,1,family_median,0.1,0.5038676436574842,32,104
0,4,1,family_median,1.0,0.5038820801540635,32,104
0,4,1,family_median,10.0,0.5045942215216325,32,104
0,4,1,family_median,100.0,0.5235318288822091,32,104
0,4,1,all_visible_ridge,0.1,0.05154558063197107,32,104
0,4,1,all_visible_ridge,1.0,0.03724465714058485,32,104
0,4,1,all_visible_ridge,10.0,0.030425542036815127,32,104
0,4,1,all_visible_ridge,100.0,0.036377908306464354,32,104
0,4,1,pca_matched_dimension,0.1,0.0407369956737941,32,104
0,4,1,pca_matched_dimension,1.0,0.040740151236932656,32,104
0,4,1,pca_matched_dimension,10.0,0.040901347768781786,32,104
0,4,1,pca_matched_dimension,100.0,0.05279873262484279,32,104
0,4,2,structural_median,0.1,0.10655766824650358,30,105
0,4,2,structural_median,1.0,0.10418819089557195,30,105
0,4,2,structural_median,10.0,0.10222835892956758,30,105
0,4,2,structural_median,100.0,0.1234824624255359,30,105
0,4,2,descriptor_local_svd,0.1,0.0607781868506462,30,105
0,4,2,descriptor_local_svd,1.0,0.06296615671516666,30,105
0,4,2,descriptor_local_svd,10.0,0.07204812980324915,30,105
0,4,2,descriptor_local_svd,100.0,0.10546942261979074,30,105
0,4,2,degree_preserving_null,0.1,0.1902795994706096,30,105
0,4,2,degree_preserving_null,1.0,0.18765490843707194,30,105
0,4,2,degree_preserving_null,10.0,0.18296882492116612,30,105
0,4,2,degree_preserving_null,100.0,0.20474080824460383,30,105
0,4,2,family_median,0.1,0.4582015868785036,30,105
0,4,2,family_median,1.0,0.45807915571093855,30,105
0,4,2,family_median,10.0,0.45740023545510444,30,105
0,4,2,family_median,100.0,0.4655881049343434,30,105
0,4,2,all_visible_ridge,0.1,0.06921440703713672,30,105
0,4,2,all_visible_ridge,1.0,0.04659483372293009,30,105
0,4,2,all_visible_ridge,10.0,0.03569209617010732,30,105
0,4,2,all_visible_ridge,100.0,0.04119818130214595,30,105
0,4,2,pca_matched_dimension,0.1,0.04615433111375836,30,105
0,4,2,pca_matched_dimension,1.0,0.04614678417834424,30,105
0,4,2,pca_matched_dimension,10.0,0.04623131505855566,30,105
0,4,2,pca_matched_dimension,100.0,0.05978740327788974,30,105
1,0,0,structural_median,0.1,0.11620892386936918,30,104
1,0,0,structural_median,1.0,0.11378678207408706,30,104
1,0,0,structural_median,10.0,0.11128535689959668,30,104
1,0,0,structural_median,100.0,0.12653360593794924,30,104
1,0,0,descriptor_local_svd,0.1,0.07092226609806655,30,104
1,0,0,descriptor_local_svd,1.0,0.07319768984804477,30,104
1,0,0,descriptor_local_svd,10.0,0.08213068630183716,30,104
1,0,0,descriptor_local_svd,100.0,0.1100276952051074,30,104
1,0,0,degree_preserving_null,0.1,0.19346148559226176,30,104
1,0,0,degree_preserving_null,1.0,0.18958621870458953,30,104
1,0,0,degree_preserving_null,10.0,0.17961445757945066,30,104
1,0,0,degree_preserving_null,100.0,0.1952445679213811,30,104
1,0,0,family_median,0.1,0.4524614333798798,30,104
1,0,0,family_median,1.0,0.45224229233402996,30,104
1,0,0,family_median,10.0,0.4506013475070393,30,104
1,0,0,family_median,100.0,0.4545380255580448,30,104
1,0,0,all_visible_ridge,0.1,0.07473725778411915,30,104
1,0,0,all_visible_ridge,1.0,0.053947960732284715,30,104
1,0,0,all_visible_ridge,10.0,0.04332332370618629,30,104
1,0,0,all_visible_ridge,100.0,0.04842254136607867,30,104
1,0,0,pca_matched_dimension,0.1,0.05481466045151379,30,104
1,0,0,pca_matched_dimension,1.0,0.0547928601009756,30,104
1,0,0,pca_matched_dimension,10.0,0.05474142990459212,30,104
1,0,0,pca_matched_dimension,100.0,0.06747282789540207,30,104
1,0,1,structural_median,0.1,0.10486388975243098,31,105
1,0,1,structural_median,1.0,0.10203452541758083,31,105
1,0,1,structural_median,10.0,0.09880834879382731,31,105
1,0,1,structural_median,100.0,0.11206454438877762,31,105
1,0,1,descriptor_local_svd,0.1,0.06587262984999687,31,105
1,0,1,descriptor_local_svd,1.0,0.06734654174991435,31,105
1,0,1,descriptor_local_svd,10.0,0.0733072648128517,31,105
1,0,1,descriptor_local_svd,100.0,0.09571949989136799,31,105
1,0,1,degree_preserving_null,0.1,0.17190494613458382,31,105
1,0,1,degree_preserving_null,1.0,0.16821348955939402,31,105
1,0,1,degree_preserving_null,10.0,0.16064032503513742,31,105
1,0,1,degree_preserving_null,100.0,0.1792468752848355,31,105
1,0,1,family_median,0.1,0.40240729099035333,31,105
1,0,1,family_median,1.0,0.40237224172963765,31,105
1,0,1,family_median,10.0,0.4024923599065004,31,105
1,0,1,family_median,100.0,0.41583976120619454,31,105
1,0,1,all_visible_ridge,0.1,0.07273447302436944,31,105
1,0,1,all_visible_ridge,1.0,0.051485146810030816,31,105
1,0,1,all_visible_ridge,10.0,0.04053518451371725,31,105
1,0,1,all_visible_ridge,100.0,0.04618709253761332,31,105
1,0,1,pca_matched_dimension,0.1,0.0520451144879943,31,105
1,0,1,pca_matched_dimension,1.0,0.05203857419583612,31,105
1,0,1,pca_matched_dimension,10.0,0.052098167318509706,31,105
1,0,1,pca_matched_dimension,100.0,0.06262217866305828,31,105
1,0,2,structural_median,0.1,0.11627589558199901,32,103
1,0,2,structural_median,1.0,0.1140793419145684,32,103
1,0,2,structural_median,10.0,0.11259531691742466,32,103
1,0,2,structural_median,100.0,0.1293525353533284,32,103
1,0,2,descriptor_local_svd,0.1,0.07214898386892256,32,103
1,0,2,descriptor_local_svd,1.0,0.0747020020997125,32,103
1,0,2,descriptor_local_svd,10.0,0.08293065227461366,32,103
1,0,2,descriptor_local_svd,100.0,0.11318998239479708,32,103
1,0,2,degree_preserving_null,0.1,0.18417398912404048,32,103
1,0,2,degree_preserving_null,1.0,0.18223387291643137,32,103
1,0,2,degree_preserving_null,10.0,0.17883590651594383,32,103
1,0,2,degree_preserving_null,100.0,0.20033971436055087,32,103
1,0,2,family_median,0.1,0.44778592005083984,32,103
1,0,2,family_median,1.0,0.44759616015620285,32,103
1,0,2,family_median,10.0,0.44617846876453726,32,103
1,0,2,family_median,100.0,0.4488234552701452,32,103
1,0,2,all_visible_ridge,0.1,0.07458567510756003,32,103
1,0,2,all_visible_ridge,1.0,0.05281753585777042,32,103
1,0,2,all_visible_ridge,10.0,0.04204565438202559,32,103
1,0,2,all_visible_ridge,100.0,0.050461732765524646,32,103
1,0,2,pca_matched_dimension,0.1,0.056979752766500844,32,103
1,0,2,pca_matched_dimension,1.0,0.056973908984093366,32,103
1,0,2,pca_matched_dimension,10.0,0.05705363627268992,32,103
1,0,2,pca_matched_dimension,100.0,0.06882043079554534,32,103
1,1,0,structural_median,0.1,0.10794435314255293,30,104
1,1,0,structural_median,1.0,0.10488870118749606,30,104
1,1,0,structural_median,10.0,0.10172763612305398,30,104
1,1,0,structural_median,100.0,0.11685244311659988,30,104
1,1,0,descriptor_local_svd,0.1,0.06434034329614803,30,104
1,1,0,descriptor_local_svd,1.0,0.06662960473034314,30,104
1,1,0,descriptor_local_svd,10.0,0.07407127500672553,30,104
1,1,0,descriptor_local_svd,100.0,0.1015360574011317,30,104
1,1,0,degree_preserving_null,0.1,0.1716399214146256,30,104
1,1,0,degree_preserving_null,1.0,0.16878722600154358,30,104
1,1,0,degree_preserving_null,10.0,0.16279916752617138,30,104
1,1,0,degree_preserving_null,100.0,0.17773588779414054,30,104
1,1,0,family_median,0.1,0.3978085692857617,30,104
1,1,0,family_median,1.0,0.3976475485612335,30,104
1,1,0,family_median,10.0,0.39650428974520224,30,104
1,1,0,family_median,100.0,0.40201933760403313,30,104
1,1,0,all_visible_ridge,0.1,0.06992808912579755,30,104
1,1,0,all_visible_ridge,1.0,0.04825820953853135,30,104
1,1,0,all_visible_ridge,10.0,0.03792577536022455,30,104
1,1,0,all_visible_ridge,100.0,0.0442707884327034,30,104
1,1,0,pca_matched_dimension,0.1,0.050390724723917854,30,104
1,1,0,pca_matched_dimension,1.0,0.05038233223201186,30,104
1,1,0,pca_matched_dimension,10.0,0.05043204482035508,30,104
1,1,0,pca_matched_dimension,100.0,0.06154525003686176,30,104
1,1,1,structural_median,0.1,0.10064490554726296,30,104
1,1,1,structural_median,1.0,0.09816859117734526,30,104
1,1,1,structural_median,10.0,0.09531161344242102,30,104
1,1,1,structural_median,100.0,0.10822711866160598,30,104
1,1,1,descriptor_local_svd,0.1,0.05929222699989427,30,104
1,1,1,descriptor_local_svd,1.0,0.06117939002122838,30,104
1,1,1,descriptor_local_svd,10.0,0.06821553771599292,30,104
1,1,1,descriptor_local_svd,100.0,0.09329977811434419,30,104
1,1,1,degree_preserving_null,0.1,0.1606020697036926,30,104
1,1,1,degree_preserving_null,1.0,0.15697762658051442,30,104
1,1,1,degree_preserving_null,10.0,0.14928502432714602,30,104
1,1,1,degree_preserving_null,100.0,0.16329246158578306,30,104
1,1,1,family_median,0.1,0.4131513499961394,30,104
1,1,1,family_median,1.0,0.4132182951197473,30,104
1,1,1,family_median,10.0,0.41424261334956136,30,104
1,1,1,family_median,100.0,0.43251672097999383,30,104
1,1,1,all_visible_ridge,0.1,0.06544105847582259,30,104
1,1,1,all_visible_ridge,1.0,0.045109098371892094,30,104
1,1,1,all_visible_ridge,10.0,0.035434141383725644,30,104
1,1,1,all_visible_ridge,100.0,0.040229146248448394,30,104
1,1,1,pca_matched_dimension,0.1,0.045888013156057,30,104
1,1,1,pca_matched_dimension,1.0,0.045869637643649465,30,104
1,1,1,pca_matched_dimension,10.0,0.04582851763974583,30,104
1,1,1,pca_matched_dimension,100.0,0.056759142535335864,30,104
1,1,2,structural_median,0.1,0.1414573107694908,29,105
1,1,2,structural_median,1.0,0.13809456771832843,29,105
1,1,2,structural_median,10.0,0.13429351199020112,29,105
1,1,2,structural_median,100.0,0.15092682109074002,29,105
1,1,2,descriptor_local_svd,0.1,0.0916606847607487,29,105
1,1,2,descriptor_local_svd,1.0,0.09402866713718552,29,105
1,1,2,descriptor_local_svd,10.0,0.10235325367087235,29,105
1,1,2,descriptor_local_svd,100.0,0.13423286875783738,29,105
1,1,2,degree_preserving_null,0.1,0.22034459412672328,29,105
1,1,2,degree_preserving_null,1.0,0.21605322706455593,29,105
1,1,2,degree_preserving_null,10.0,0.2055223349916807,29,105
1,1,2,degree_preserving_null,100.0,0.22240731797769958,29,105
1,1,2,family_median,0.1,0.5288381937667391,29,105
1,1,2,family_median,1.0,0.5285793931273147,29,105
1,1,2,family_median,10.0,0.5266952759791436,29,105
1,1,2,family_median,100.0,0.5302444191136366,29,105
1,1,2,all_visible_ridge,0.1,0.09670836679524228,29,105
1,1,2,all_visible_ridge,1.0,0.07162831957454005,29,105
1,1,2,all_visible_ridge,10.0,0.05807412244035196,29,105
1,1,2,all_visible_ridge,100.0,0.06468643879108876,29,105
1,1,2,pca_matched_dimension,0.1,0.07216972458133801,29,105
1,1,2,pca_matched_dimension,1.0,0.0721477814840648,29,105
1,1,2,pca_matched_dimension,10.0,0.07209157623184571,29,105
1,1,2,pca_matched_dimension,100.0,0.08450628796767343,29,105
1,2,0,structural_median,0.1,0.11565885250414636,31,104
1,2,0,structural_median,1.0,0.11285332447513893,31,104
1,2,0,structural_median,10.0,0.10972799550687726,31,104
1,2,0,structural_median,100.0,0.1249895237031038,31,104
1,2,0,descriptor_local_svd,0.1,0.0690227749573225,31,104
1,2,0,descriptor_local_svd,1.0,0.07108086604471688,31,104
1,2,0,descriptor_local_svd,10.0,0.07920435714373893,31,104
1,2,0,descriptor_local_svd,100.0,0.10874002689152636,31,104
1,2,0,degree_preserving_null,0.1,0.1911849200843448,31,104
1,2,0,degree_preserving_null,1.0,0.18724891057054951,31,104
1,2,0,degree_preserving_null,10.0,0.17849972429036146,31,104
1,2,0,degree_preserving_null,100.0,0.19056528127709152,31,104
1,2,0,family_median,0.1,0.45173988720854896,31,104
1,2,0,family_median,1.0,0.4517041648183921,31,104
1,2,0,family_median,10.0,0.45182735165062327,31,104
1,2,0,family_median,100.0,0.46783315111453594,31,104
1,2,0,all_visible_ridge,0.1,0.07587142090746901,31,104
1,2,0,all_visible_ridge,1.0,0.05296168054205426,31,104
1,2,0,all_visible_ridge,10.0,0.040878582636986724,31,104
1,2,0,all_visible_ridge,100.0,0.04775868572492719,31,104
1,2,0,pca_matched_dimension,0.1,0.054578819626539384,31,104
1,2,0,pca_matched_dimension,1.0,0.05458055456361399,31,104
1,2,0,pca_matched_dimension,10.0,0.05473399101650529,31,104
1,2,0,pca_matched_dimension,100.0,0.06706414045686822,31,104
1,2,1,structural_median,0.1,0.11080038238586669,30,104
1,2,1,structural_median,1.0,0.10819764032822919,30,104
1,2,1,structural_median,10.0,0.10457072262524397,30,104
1,2,1,structural_median,100.0,0.11923048714046877,30,104
1,2,1,descriptor_local_svd,0.1,0.06555790517048603,30,104
1,2,1,descriptor_local_svd,1.0,0.06776789389997769,30,104
1,2,1,descriptor_local_svd,10.0,0.07574503141505538,30,104
1,2,1,descriptor_local_svd,100.0,0.10472951617728307,30,104
1,2,1,degree_preserving_null,0.1,0.18274027866338288,30,104
1,2,1,degree_preserving_null,1.0,0.17919596248998945,30,104
1,2,1,degree_preserving_null,10.0,0.17194161383518203,30,104
1,2,1,degree_preserving_null,100.0,0.18840489019820203,30,104
1,2,1,family_median,0.1,0.4428097534193803,30,104
1,2,1,family_median,1.0,0.44273794403276623,30,104
1,2,1,family_median,10.0,0.4424540785129725,30,104
1,2,1,family_median,100.0,0.45378545648795793,30,104
1,2,1,all_visible_ridge,0.1,0.08091282319426168,30,104
1,2,1,all_visible_ridge,1.0,0.056215596323756306,30,104
1,2,1,all_visible_ridge,10.0,0.04309655324638943,30,104
1,2,1,all_visible_ridge,100.0,0.046282913943490496,30,104
1,2,1,pca_matched_dimension,0.1,0.0523965577757661,30,104
1,2,1,pca_matched_dimension,1.0,0.0523904540815998,30,104
1,2,1,pca_matched_dimension,10.0,0.05249136182633842,30,104
1,2,1,pca_matched_dimension,100.0,0.06636048170686501,30,104
1,2,2,structural_median,0.1,0.12445985154818784,27,103
1,2,2,structural_median,1.0,0.12190918361624775,27,103
1,2,2,structural_median,10.0,0.12115075471058491,27,103
1,2,2,structural_median,100.0,0.14025931780932688,27,103
1,2,2,descriptor_local_svd,0.1,0.08230297705307398,27,103
1,2,2,descriptor_local_svd,1.0,0.08357888948276372,27,103
1,2,2,descriptor_local_svd,10.0,0.09128458355665303,27,103
1,2,2,descriptor_local_svd,100.0,0.12093211482906525,27,103
1,2,2,degree_preserving_null,0.1,0.2046841640626186,27,103
1,2,2,degree_preserving_null,1.0,0.201378336166925,27,103
1,2,2,degree_preserving_null,10.0,0.1944383844457189,27,103
1,2,2,degree_preserving_null,100.0,0.21318680125420147,27,103
1,2,2,family_median,0.1,0.41339767622275453,27,103
1,2,2,family_median,1.0,0.41323334541754014,27,103
1,2,2,family_median,10.0,0.41199280081848627,27,103
1,2,2,family_median,100.0,0.41441255905758406,27,103
1,2,2,all_visible_ridge,0.1,0.09202540920870511,27,103
1,2,2,all_visible_ridge,1.0,0.06715653593715898,27,103
1,2,2,all_visible_ridge,10.0,0.055177956488290276,27,103
1,2,2,all_visible_ridge,100.0,0.0606520482767456,27,103
1,2,2,pca_matched_dimension,0.1,0.06855534657042776,27,103
1,2,2,pca_matched_dimension,1.0,0.06852640712973626,27,103
1,2,2,pca_matched_dimension,10.0,0.06837024305164577,27,103
1,2,2,pca_matched_dimension,100.0,0.0774163222062738,27,103
1,3,0,structural_median,0.1,0.12536722109586262,30,108
1,3,0,structural_median,1.0,0.12310491409710993,30,108
1,3,0,structural_median,10.0,0.12197037767762824,30,108
1,3,0,structural_median,100.0,0.14331242243169473,30,108
1,3,0,descriptor_local_svd,0.1,0.07930160414237547,30,108
1,3,0,descriptor_local_svd,1.0,0.08107768775126603,30,108
1,3,0,descriptor_local_svd,10.0,0.09024290225906549,30,108
1,3,0,descriptor_local_svd,100.0,0.12468941053569133,30,108
1,3,0,degree_preserving_null,0.1,0.20190549736441007,30,108
1,3,0,degree_preserving_null,1.0,0.19790380004938546,30,108
1,3,0,degree_preserving_null,10.0,0.18961120759690744,30,108
1,3,0,degree_preserving_null,100.0,0.2126742926344409,30,108
1,3,0,family_median,0.1,0.4515348543609703,30,108
1,3,0,family_median,1.0,0.4513720354280749,30,108
1,3,0,family_median,10.0,0.4503282116038807,30,108
1,3,0,family_median,100.0,0.4570121086681803,30,108
1,3,0,all_visible_ridge,0.1,0.1113176457726539,30,108
1,3,0,all_visible_ridge,1.0,0.07249864929024402,30,108
1,3,0,all_visible_ridge,10.0,0.05351352944324335,30,108
1,3,0,all_visible_ridge,100.0,0.057142471066869135,30,108
1,3,0,pca_matched_dimension,0.1,0.06452558567415953,30,108
1,3,0,pca_matched_dimension,1.0,0.06451789752443998,30,108
1,3,0,pca_matched_dimension,10.0,0.064590868921202,30,108
1,3,0,pca_matched_dimension,100.0,0.07722279374618551,30,108
1,3,1,structural_median,0.1,0.09402038434003666,31,104
1,3,1,structural_median,1.0,0.09185860151296528,31,104
1,3,1,structural_median,10.0,0.09047808502323514,31,104
1,3,1,structural_median,100.0,0.10529794017758448,31,104
1,3,1,descriptor_local_svd,0.1,0.056593376022523005,31,104
1,3,1,descriptor_local_svd,1.0,0.05865019297972758,31,104
1,3,1,descriptor_local_svd,10.0,0.06514808622436787,31,104
1,3,1,descriptor_local_svd,100.0,0.0904948921892374,31,104
1,3,1,degree_preserving_null,0.1,0.1600654961537867,31,104
1,3,1,degree_preserving_null,1.0,0.1571453441965142,31,104
1,3,1,degree_preserving_null,10.0,0.14952017484098587,31,104
1,3,1,degree_preserving_null,100.0,0.1625164596069774,31,104
1,3,1,family_median,0.1,0.40300163285292107,31,104
1,3,1,family_median,1.0,0.4029556308623811,31,104
1,3,1,family_median,10.0,0.4028477024474452,31,104
1,3,1,family_median,100.0,0.41316455933530893,31,104
1,3,1,all_visible_ridge,0.1,0.059097728643139676,31,104
1,3,1,all_visible_ridge,1.0,0.041566701290783985,31,104
1,3,1,all_visible_ridge,10.0,0.03338289577333854,31,104
1,3,1,all_visible_ridge,100.0,0.03977403494721923,31,104
1,3,1,pca_matched_dimension,0.1,0.044760305369361035,31,104
1,3,1,pca_matched_dimension,1.0,0.0447582705361458,31,104
1,3,1,pca_matched_dimension,10.0,0.04486525352398444,31,104
1,3,1,pca_matched_dimension,100.0,0.05604054842208432,31,104
1,3,2,structural_median,0.1,0.10696228240946232,27,104
1,3,2,structural_median,1.0,0.10478558920649554,27,104
1,3,2,structural_median,10.0,0.10261469322594736,27,104
1,3,2,structural_median,100.0,0.11770661664122689,27,104
1,3,2,descriptor_local_svd,0.1,0.066065300301796,27,104
1,3,2,descriptor_local_svd,1.0,0.0686852516340669,27,104
1,3,2,descriptor_local_svd,10.0,0.07569554043309878,27,104
1,3,2,descriptor_local_svd,100.0,0.10269045453532279,27,104
1,3,2,degree_preserving_null,0.1,0.17156879902870367,27,104
1,3,2,degree_preserving_null,1.0,0.16865540310503954,27,104
1,3,2,degree_preserving_null,10.0,0.1629171176013505,27,104
1,3,2,degree_preserving_null,100.0,0.18471247631924062,27,104
1,3,2,family_median,0.1,0.4156707523594018,27,104
1,3,2,family_median,1.0,0.41559686000549595,27,104
1,3,2,family_median,10.0,0.4153965494831647,27,104
1,3,2,family_median,100.0,0.4306623543801929,27,104
1,3,2,all_visible_ridge,0.1,0.06764755392717985,27,104
1,3,2,all_visible_ridge,1.0,0.04977367695239021,27,104
1,3,2,all_visible_ridge,10.0,0.041018965580451205,27,104
1,3,2,all_visible_ridge,100.0,0.0474077320561613,27,104
1,3,2,pca_matched_dimension,0.1,0.05281214083446569,27,104
1,3,2,pca_matched_dimension,1.0,0.052801399425419365,27,104
1,3,2,pca_matched_dimension,10.0,0.05285201923119877,27,104
1,3,2,pca_matched_dimension,100.0,0.06591328273727942,27,104
1,4,0,structural_median,0.1,0.12104549380046978,28,104
1,4,0,structural_median,1.0,0.11828322000902691,28,104
1,4,0,structural_median,10.0,0.11618046954811415,28,104
1,4,0,structural_median,100.0,0.1343365604120105,28,104
1,4,0,descriptor_local_svd,0.1,0.07530205778120434,28,104
1,4,0,descriptor_local_svd,1.0,0.07725431537769303,28,104
1,4,0,descriptor_local_svd,10.0,0.08571340095682266,28,104
1,4,0,descriptor_local_svd,100.0,0.11843014004570643,28,104
1,4,0,degree_preserving_null,0.1,0.1934597760480957,28,104
1,4,0,degree_preserving_null,1.0,0.18902042664928034,28,104
1,4,0,degree_preserving_null,10.0,0.18036720510049856,28,104
1,4,0,degree_preserving_null,100.0,0.19831548167167282,28,104
1,4,0,family_median,0.1,0.4772316511486366,28,104
1,4,0,family_median,1.0,0.47710524039641217,28,104
1,4,0,family_median,10.0,0.4763947640173342,28,104
1,4,0,family_median,100.0,0.4853542562188798,28,104
1,4,0,all_visible_ridge,0.1,0.07784739911119395,28,104
1,4,0,all_visible_ridge,1.0,0.05533244666153385,28,104
1,4,0,all_visible_ridge,10.0,0.04418758792384667,28,104
1,4,0,all_visible_ridge,100.0,0.050792717467775306,28,104
1,4,0,pca_matched_dimension,0.1,0.0563166134558928,28,104
1,4,0,pca_matched_dimension,1.0,0.05630600191628425,28,104
1,4,0,pca_matched_dimension,10.0,0.056358634205800125,28,104
1,4,0,pca_matched_dimension,100.0,0.06949652183872916,28,104
1,4,1,structural_median,0.1,0.10576257497839782,32,104
1,4,1,structural_median,1.0,0.10320006547695212,32,104
1,4,1,structural_median,10.0,0.1007317236465437,32,104
1,4,1,structural_median,100.0,0.11512872115495928,32,104
1,4,1,descriptor_local_svd,0.1,0.06229203379589535,32,104
1,4,1,descriptor_local_svd,1.0,0.06485035525142618,32,104
1,4,1,descriptor_local_svd,10.0,0.07257325622915917,32,104
1,4,1,descriptor_local_svd,100.0,0.10004348551617115,32,104
1,4,1,degree_preserving_null,0.1,0.1894806017634562,32,104
1,4,1,degree_preserving_null,1.0,0.1866180412521914,32,104
1,4,1,degree_preserving_null,10.0,0.1808314227795316,32,104
1,4,1,degree_preserving_null,100.0,0.20644602958310568,32,104
1,4,1,family_median,0.1,0.43326161989146844,32,104
1,4,1,family_median,1.0,0.43331896237527634,32,104
1,4,1,family_median,10.0,0.43435007445437734,32,104
1,4,1,family_median,100.0,0.4551565197017272,32,104
1,4,1,all_visible_ridge,0.1,0.06668268615962938,32,104
1,4,1,all_visible_ridge,1.0,0.047071518003492165,32,104
1,4,1,all_visible_ridge,10.0,0.037090994521901496,32,104
1,4,1,all_visible_ridge,100.0,0.04281738457790923,32,104
1,4,1,pca_matched_dimension,0.1,0.04768868846612713,32,104
1,4,1,pca_matched_dimension,1.0,0.04767642172819786,32,104
1,4,1,pca_matched_dimension,10.0,0.04768467926601413,32,104
1,4,1,pca_matched_dimension,100.0,0.05817256332958766,32,104
1,4,2,structural_median,0.1,0.12163712184885071,30,104
1,4,2,structural_median,1.0,0.11899158307991925,30,104
1,4,2,structural_median,10.0,0.11684419943450859,30,104
1,4,2,structural_median,100.0,0.1375221249776697,30,104
1,4,2,descriptor_local_svd,0.1,0.07924120571122163,30,104
1,4,2,descriptor_local_svd,1.0,0.08138729467332251,30,104
1,4,2,descriptor_local_svd,10.0,0.08979273716417893,30,104
1,4,2,descriptor_local_svd,100.0,0.12283092486636034,30,104
1,4,2,degree_preserving_null,0.1,0.2194696843367877,30,104
1,4,2,degree_preserving_null,1.0,0.21549976577923982,30,104
1,4,2,degree_preserving_null,10.0,0.20545576404691307,30,104
1,4,2,degree_preserving_null,100.0,0.22166980971600017,30,104
1,4,2,family_median,0.1,0.41443980381121986,30,104
1,4,2,family_median,1.0,0.41431591704932225,30,104
1,4,2,family_median,10.0,0.4135321025524755,30,104
1,4,2,family_median,100.0,0.4209575303346031,30,104
1,4,2,all_visible_ridge,0.1,0.09178168018771707,30,104
1,4,2,all_visible_ridge,1.0,0.0627086616460423,30,104
1,4,2,all_visible_ridge,10.0,0.049710904171788146,30,104
1,4,2,all_visible_ridge,100.0,0.05553624234573438,30,104
1,4,2,pca_matched_dimension,0.1,0.06179763352871638,30,104
1,4,2,pca_matched_dimension,1.0,0.0618005800575604,30,104
1,4,2,pca_matched_dimension,10.0,0.06199254813213446,30,104
1,4,2,pca_matched_dimension,100.0,0.07680947094849958,30,104
2,0,0,structural_median,0.1,0.10199643840775793,30,104
2,0,0,structural_median,1.0,0.10007739637555915,30,104
2,0,0,structural_median,10.0,0.09733152139495595,30,104
2,0,0,structural_median,100.0,0.10930480257194612,30,104
2,0,0,descriptor_local_svd,0.1,0.0603932863654095,30,104
2,0,0,descriptor_local_svd,1.0,0.06413010157467043,30,104
2,0,0,descriptor_local_svd,10.0,0.07115241918843278,30,104
2,0,0,descriptor_local_svd,100.0,0.09531000914067721,30,104
2,0,0,degree_preserving_null,0.1,0.18173219165310484,30,104
2,0,0,degree_preserving_null,1.0,0.17857468055007927,30,104
2,0,0,degree_preserving_null,10.0,0.17114635489081448,30,104
2,0,0,degree_preserving_null,100.0,0.18729169345547517,30,104
2,0,0,family_median,0.1,0.4471137926143282,30,104
2,0,0,family_median,1.0,0.44694671194322494,30,104
2,0,0,family_median,10.0,0.44582232844471903,30,104
2,0,0,family_median,100.0,0.45335949773655504,30,104
2,0,0,all_visible_ridge,0.1,0.06085407588598561,30,104
2,0,0,all_visible_ridge,1.0,0.04365664511069461,30,104
2,0,0,all_visible_ridge,10.0,0.03467738990377021,30,104
2,0,0,all_visible_ridge,100.0,0.039164898832711015,30,104
2,0,0,pca_matched_dimension,0.1,0.044979524791587976,30,104
2,0,0,pca_matched_dimension,1.0,0.0449754493178955,30,104
2,0,0,pca_matched_dimension,10.0,0.04509414669753596,30,104
2,0,0,pca_matched_dimension,100.0,0.05894097245090508,30,104
2,0,1,structural_median,0.1,0.0857006022678506,31,102
2,0,1,structural_median,1.0,0.08335077317980923,31,102
2,0,1,structural_median,10.0,0.07981349059030779,31,102
2,0,1,structural_median,100.0,0.09162974261978463,31,102
2,0,1,descriptor_local_svd,0.1,0.0473468103726856,31,102
2,0,1,descriptor_local_svd,1.0,0.04915218429535906,31,102
2,0,1,descriptor_local_svd,10.0,0.054693263941774976,31,102
2,0,1,descriptor_local_svd,100.0,0.07604300030740523,31,102
2,0,1,degree_preserving_null,0.1,0.1438129693414878,31,102
2,0,1,degree_preserving_null,1.0,0.14109186810747001,31,102
2,0,1,degree_preserving_null,10.0,0.1371271759950375,31,102
2,0,1,degree_preserving_null,100.0,0.1565728023021901,31,102
2,0,1,family_median,0.1,0.43521103275205,31,102
2,0,1,family_median,1.0,0.4350111003638938,31,102
2,0,1,family_median,10.0,0.4338270881981171,31,102
2,0,1,family_median,100.0,0.4444473321266191,31,102
2,0,1,all_visible_ridge,0.1,0.055229038151811995,31,102
2,0,1,all_visible_ridge,1.0,0.0385771070359922,31,102
2,0,1,all_visible_ridge,10.0,0.02899809726903874,31,102
2,0,1,all_visible_ridge,100.0,0.03220500555206011,31,102
2,0,1,pca_matched_dimension,0.1,0.03697705100322167,31,102
2,0,1,pca_matched_dimension,1.0,0.03697025379174007,31,102
2,0,1,pca_matched_dimension,10.0,0.03702979129919394,31,102
2,0,1,pca_matched_dimension,100.0,0.04775303905014732,31,102
2,0,2,structural_median,0.1,0.09865285286195574,32,106
2,0,2,structural_median,1.0,0.09688137769222055,32,106
2,0,2,structural_median,10.0,0.095263414279283,32,106
2,0,2,structural_median,100.0,0.10945241383431843,32,106
2,0,2,descriptor_local_svd,0.1,0.05727929900765444,32,106
2,0,2,descriptor_local_svd,1.0,0.06005342203690098,32,106
2,0,2,descriptor_local_svd,10.0,0.0681126572359265,32,106
2,0,2,descriptor_local_svd,100.0,0.09344671572442378,32,106
2,0,2,degree_preserving_null,0.1,0.15803685485648705,32,106
2,0,2,degree_preserving_null,1.0,0.15545301545734302,32,106
2,0,2,degree_preserving_null,10.0,0.1498671824804679,32,106
2,0,2,degree_preserving_null,100.0,0.16802419454630368,32,106
2,0,2,family_median,0.1,0.4633499101246412,32,106
2,0,2,family_median,1.0,0.4630100691339436,32,106
2,0,2,family_median,10.0,0.46054084600448103,32,106
2,0,2,family_median,100.0,0.4656688186845458,32,106
2,0,2,all_visible_ridge,0.1,0.06297105341022612,32,106
2,0,2,all_visible_ridge,1.0,0.0452217055112082,32,106
2,0,2,all_visible_ridge,10.0,0.03560270610251629,32,106
2,0,2,all_visible_ridge,100.0,0.04022406190275743,32,106
2,0,2,pca_matched_dimension,0.1,0.045138156264163454,32,106
2,0,2,pca_matched_dimension,1.0,0.045136472158776794,32,106
2,0,2,pca_matched_dimension,10.0,0.04526321751952621,32,106
2,0,2,pca_matched_dimension,100.0,0.057925484733631,32,106
2,1,0,structural_median,0.1,0.08624863681434833,30,108
2,1,0,structural_median,1.0,0.08397384956375581,30,108
2,1,0,structural_median,10.0,0.08109071378008066,30,108
2,1,0,structural_median,100.0,0.09412704472682047,30,108
2,1,0,descriptor_local_svd,0.1,0.04987384966976293,30,108
2,1,0,descriptor_local_svd,1.0,0.051800320143485075,30,108
2,1,0,descriptor_local_svd,10.0,0.0574283571601654,30,108
2,1,0,descriptor_local_svd,100.0,0.07949290230982954,30,108
2,1,0,degree_preserving_null,0.1,0.15649005646932207,30,108
2,1,0,degree_preserving_null,1.0,0.15287314319495146,30,108
2,1,0,degree_preserving_null,10.0,0.14534682779301705,30,108
2,1,0,degree_preserving_null,100.0,0.15868719686526014,30,108
2,1,0,family_median,0.1,0.40782996371175534,30,108
2,1,0,family_median,1.0,0.4075596588780655,30,108
2,1,0,family_median,10.0,0.40549402164709414,30,108
2,1,0,family_median,100.0,0.40726754787862546,30,108
2,1,0,all_visible_ridge,0.1,0.05585176030730978,30,108
2,1,0,all_visible_ridge,1.0,0.038350356929797894,30,108
2,1,0,all_visible_ridge,10.0,0.030042015139487923,30,108
2,1,0,all_visible_ridge,100.0,0.03352603286357927,30,108
2,1,0,pca_matched_dimension,0.1,0.03856852231282791,30,108
2,1,0,pca_matched_dimension,1.0,0.03856298311573803,30,108
2,1,0,pca_matched_dimension,10.0,0.038640703932868815,30,108
2,1,0,pca_matched_dimension,100.0,0.04998901967168938,30,108
2,1,1,structural_median,0.1,0.08673915746562465,30,103
2,1,1,structural_median,1.0,0.08486337665538798,30,103
2,1,1,structural_median,10.0,0.08268285231943534,30,103
2,1,1,structural_median,100.0,0.09619718960175534,30,103
2,1,1,descriptor_local_svd,0.1,0.04971655372069379,30,103
2,1,1,descriptor_local_svd,1.0,0.05220460875608002,30,103
2,1,1,descriptor_local_svd,10.0,0.05858156727618839,30,103
2,1,1,descriptor_local_svd,100.0,0.08289084457138449,30,103
2,1,1,degree_preserving_null,0.1,0.14254527950021367,30,103
2,1,1,degree_preserving_null,1.0,0.13992276172880228,30,103
2,1,1,degree_preserving_null,10.0,0.13472752542931324,30,103
2,1,1,degree_preserving_null,100.0,0.1523464320777185,30,103
2,1,1,family_median,0.1,0.46305253862263157,30,103
2,1,1,family_median,1.0,0.4629426402880492,30,103
2,1,1,family_median,10.0,0.46252782575536744,30,103
2,1,1,family_median,100.0,0.47775267724519604,30,103
2,1,1,all_visible_ridge,0.1,0.05634985452678013,30,103
2,1,1,all_visible_ridge,1.0,0.0392347351148786,30,103
2,1,1,all_visible_ridge,10.0,0.03055629705376678,30,103
2,1,1,all_visible_ridge,100.0,0.03382165969844544,30,103
2,1,1,pca_matched_dimension,0.1,0.03923590547144455,30,103
2,1,1,pca_matched_dimension,1.0,0.03923881571819199,30,103
2,1,1,pca_matched_dimension,10.0,0.039411209266735844,30,103
2,1,1,pca_matched_dimension,100.0,0.0525042125595794,30,103
2,1,2,structural_median,0.1,0.11216505890855065,29,106
2,1,2,structural_median,1.0,0.10957157560767697,29,106
2,1,2,structural_median,10.0,0.10640618395568596,29,106
2,1,2,structural_median,100.0,0.12370317526079913,29,106
2,1,2,descriptor_local_svd,0.1,0.0649319223216876,29,106
2,1,2,descriptor_local_svd,1.0,0.06772742291543142,29,106
2,1,2,descriptor_local_svd,10.0,0.07584821961284641,29,106
2,1,2,descriptor_local_svd,100.0,0.10716964846810605,29,106
2,1,2,degree_preserving_null,0.1,0.19606439788596283,29,106
2,1,2,degree_preserving_null,1.0,0.19256017657374652,29,106
2,1,2,degree_preserving_null,10.0,0.1856414878651649,29,106
2,1,2,degree_preserving_null,100.0,0.20959129718138916,29,106
2,1,2,family_median,0.1,0.549663322580728,29,106
2,1,2,family_median,1.0,0.5492380159907411,29,106
2,1,2,family_median,10.0,0.5460595642022703,29,106
2,1,2,family_median,100.0,0.5485368881520045,29,106
2,1,2,all_visible_ridge,0.1,0.06972275507897116,29,106
2,1,2,all_visible_ridge,1.0,0.0498954299567013,29,106
2,1,2,all_visible_ridge,10.0,0.03988757840609164,29,106
2,1,2,all_visible_ridge,100.0,0.044668040034768146,29,106
2,1,2,pca_matched_dimension,0.1,0.051517527101931845,29,106
2,1,2,pca_matched_dimension,1.0,0.051516531953048145,29,106
2,1,2,pca_matched_dimension,10.0,0.05166805803726387,29,106
2,1,2,pca_matched_dimension,100.0,0.06599689913047341,29,106
2,2,0,structural_median,0.1,0.09478890874743681,31,103
2,2,0,structural_median,1.0,0.09264173416401951,31,103
2,2,0,structural_median,10.0,0.09036030778600591,31,103
2,2,0,structural_median,100.0,0.10521746619869252,31,103
2,2,0,descriptor_local_svd,0.1,0.05606072088551139,31,103
2,2,0,descriptor_local_svd,1.0,0.05819645615679115,31,103
2,2,0,descriptor_local_svd,10.0,0.06524251786072607,31,103
2,2,0,descriptor_local_svd,100.0,0.09082833037919412,31,103
2,2,0,degree_preserving_null,0.1,0.16656265697454287,31,103
2,2,0,degree_preserving_null,1.0,0.16338933258963326,31,103
2,2,0,degree_preserving_null,10.0,0.1548285327277055,31,103
2,2,0,degree_preserving_null,100.0,0.16578121213818933,31,103
2,2,0,family_median,0.1,0.4645892580869554,31,103
2,2,0,family_median,1.0,0.4645810486634484,31,103
2,2,0,family_median,10.0,0.4651137879809243,31,103
2,2,0,family_median,100.0,0.4880014042983641,31,103
2,2,0,all_visible_ridge,0.1,0.06713218130064622,31,103
2,2,0,all_visible_ridge,1.0,0.045481151768210146,31,103
2,2,0,all_visible_ridge,10.0,0.033886138283099415,31,103
2,2,0,all_visible_ridge,100.0,0.03751415132102626,31,103
2,2,0,pca_matched_dimension,0.1,0.042962237096032654,31,103
2,2,0,pca_matched_dimension,1.0,0.042957836381347404,31,103
2,2,0,pca_matched_dimension,10.0,0.04305525393103741,31,103
2,2,0,pca_matched_dimension,100.0,0.05525589612085208,31,103
2,2,1,structural_median,0.1,0.09544622040163278,30,109
2,2,1,structural_median,1.0,0.09377310854779412,30,109
2,2,1,structural_median,10.0,0.09190087310702101,30,109
2,2,1,structural_median,100.0,0.1073597428853379,30,109
2,2,1,descriptor_local_svd,0.1,0.05315157431563571,30,109
2,2,1,descriptor_local_svd,1.0,0.056266375771587177,30,109
2,2,1,descriptor_local_svd,10.0,0.06482506658180791,30,109
2,2,1,descriptor_local_svd,100.0,0.09335772801727772,30,109
2,2,1,degree_preserving_null,0.1,0.1579614554264586,30,109
2,2,1,degree_preserving_null,1.0,0.1556273289795894,30,109
2,2,1,degree_preserving_null,10.0,0.15149238858326042,30,109
2,2,1,degree_preserving_null,100.0,0.17212494732328915,30,109
2,2,1,family_median,0.1,0.47599213130077994,30,109
2,2,1,family_median,1.0,0.4758348497610883,30,109
2,2,1,family_median,10.0,0.4748444174074746,30,109
2,2,1,family_median,100.0,0.4840425592310246,30,109
2,2,1,all_visible_ridge,0.1,0.07056388405636056,30,109
2,2,1,all_visible_ridge,1.0,0.04786149486128342,30,109
2,2,1,all_visible_ridge,10.0,0.03521244918824775,30,109
2,2,1,all_visible_ridge,100.0,0.0378221909204887,30,109
2,2,1,pca_matched_dimension,0.1,0.04357455352894264,30,109
2,2,1,pca_matched_dimension,1.0,0.04356252957824176,30,109
2,2,1,pca_matched_dimension,10.0,0.04360718710367354,30,109
2,2,1,pca_matched_dimension,100.0,0.0571550238680745,30,109
2,2,2,structural_median,0.1,0.10277156062453313,27,102
2,2,2,structural_median,1.0,0.10110148013588,27,102
2,2,2,structural_median,10.0,0.09980536261736318,27,102
2,2,2,structural_median,100.0,0.11498269721542205,27,102
2,2,2,descriptor_local_svd,0.1,0.05999743603278909,27,102
2,2,2,descriptor_local_svd,1.0,0.06228639184461104,27,102
2,2,2,descriptor_local_svd,10.0,0.06989466515189059,27,102
2,2,2,descriptor_local_svd,100.0,0.09780009279724321,27,102
2,2,2,degree_preserving_null,0.1,0.16916747212982783,27,102
2,2,2,degree_preserving_null,1.0,0.16724153036660136,27,102
2,2,2,degree_preserving_null,10.0,0.16440434291504513,27,102
2,2,2,degree_preserving_null,100.0,0.18497666779692337,27,102
2,2,2,family_median,0.1,0.4220943201484885,27,102
2,2,2,family_median,1.0,0.42187986709211717,27,102
2,2,2,family_median,10.0,0.4202987218719195,27,102
2,2,2,family_median,100.0,0.4238193935246723,27,102
2,2,2,all_visible_ridge,0.1,0.07239155021420095,27,102
2,2,2,all_visible_ridge,1.0,0.05031806766477142,27,102
2,2,2,all_visible_ridge,10.0,0.03838324338953997,27,102
2,2,2,all_visible_ridge,100.0,0.041018832279845346,27,102
2,2,2,pca_matched_dimension,0.1,0.0477344863529052,27,102
2,2,2,pca_matched_dimension,1.0,0.04773335849397499,27,102
2,2,2,pca_matched_dimension,10.0,0.04785001184395705,27,102
2,2,2,pca_matched_dimension,100.0,0.05917132549011725,27,102
2,3,0,structural_median,0.1,0.10721263139315346,30,104
2,3,0,structural_median,1.0,0.10464939945116034,30,104
2,3,0,structural_median,10.0,0.10183259106340176,30,104
2,3,0,structural_median,100.0,0.12119854879553645,30,104
2,3,0,descriptor_local_svd,0.1,0.061293463366603795,30,104
2,3,0,descriptor_local_svd,1.0,0.06295549925077527,30,104
2,3,0,descriptor_local_svd,10.0,0.07217350551078389,30,104
2,3,0,descriptor_local_svd,100.0,0.10486046978441078,30,104
2,3,0,degree_preserving_null,0.1,0.19153639165119563,30,104
2,3,0,degree_preserving_null,1.0,0.1888574833022153,30,104
2,3,0,degree_preserving_null,10.0,0.18440967434060768,30,104
2,3,0,degree_preserving_null,100.0,0.20483037526600598,30,104
2,3,0,family_median,0.1,0.47699409798731235,30,104
2,3,0,family_median,1.0,0.4767930000491695,30,104
2,3,0,family_median,10.0,0.47538395065617706,30,104
2,3,0,family_median,100.0,0.48046862020528425,30,104
2,3,0,all_visible_ridge,0.1,0.07453475153076185,30,104
2,3,0,all_visible_ridge,1.0,0.05058246462912579,30,104
2,3,0,all_visible_ridge,10.0,0.03793109923978954,30,104
2,3,0,all_visible_ridge,100.0,0.04162775550068199,30,104
2,3,0,pca_matched_dimension,0.1,0.04772103571580606,30,104
2,3,0,pca_matched_dimension,1.0,0.0477171892659993,30,104
2,3,0,pca_matched_dimension,10.0,0.04782662323143821,30,104
2,3,0,pca_matched_dimension,100.0,0.06066357888303715,30,104
2,3,1,structural_median,0.1,0.08082503377178472,31,102
2,3,1,structural_median,1.0,0.07903452681021836,31,102
2,3,1,structural_median,10.0,0.07715308237829425,31,102
2,3,1,structural_median,100.0,0.09018444832491312,31,102
2,3,1,descriptor_local_svd,0.1,0.047646582589427194,31,102
2,3,1,descriptor_local_svd,1.0,0.0495168782162795,31,102
2,3,1,descriptor_local_svd,10.0,0.05435052014417159,31,102
2,3,1,descriptor_local_svd,100.0,0.07625353338152374,31,102
2,3,1,degree_preserving_null,0.1,0.14987159255284924,31,102
2,3,1,degree_preserving_null,1.0,0.14684701463978286,31,102
2,3,1,degree_preserving_null,10.0,0.14162532808843015,31,102
2,3,1,degree_preserving_null,100.0,0.15961361584857742,31,102
2,3,1,family_median,0.1,0.4366351641949554,31,102
2,3,1,family_median,1.0,0.43656115470288176,31,102
2,3,1,family_median,10.0,0.4363516694231196,31,102
2,3,1,family_median,100.0,0.44992744311785954,31,102
2,3,1,all_visible_ridge,0.1,0.052843071568873155,31,102
2,3,1,all_visible_ridge,1.0,0.0366837935713918,31,102
2,3,1,all_visible_ridge,10.0,0.02877484879497728,31,102
2,3,1,all_visible_ridge,100.0,0.03202095066753359,31,102
2,3,1,pca_matched_dimension,0.1,0.037152153573549354,31,102
2,3,1,pca_matched_dimension,1.0,0.03714455512512775,31,102
2,3,1,pca_matched_dimension,10.0,0.03720287631445316,31,102
2,3,1,pca_matched_dimension,100.0,0.04845143344911448,31,102
2,3,2,structural_median,0.1,0.09152978718481915,27,102
2,3,2,structural_median,1.0,0.08904235332921842,27,102
2,3,2,structural_median,10.0,0.08571187244100259,27,102
2,3,2,structural_median,100.0,0.0970880824734924,27,102
2,3,2,descriptor_local_svd,0.1,0.05063283196343831,27,102
2,3,2,descriptor_local_svd,1.0,0.05261916984558637,27,102
2,3,2,descriptor_local_svd,10.0,0.05852298558919625,27,102
2,3,2,descriptor_local_svd,100.0,0.08192229292058749,27,102
2,3,2,degree_preserving_null,0.1,0.15848448835166484,27,102
2,3,2,degree_preserving_null,1.0,0.15494296075590544,27,102
2,3,2,degree_preserving_null,10.0,0.14658813674915783,27,102
2,3,2,degree_preserving_null,100.0,0.1587600694953096,27,102
2,3,2,family_median,0.1,0.4559418169054029,27,102
2,3,2,family_median,1.0,0.45576814931554327,27,102
2,3,2,family_median,10.0,0.4548310702883414,27,102
2,3,2,family_median,100.0,0.4704106048777608,27,102
2,3,2,all_visible_ridge,0.1,0.05805306089882697,27,102
2,3,2,all_visible_ridge,1.0,0.03958351860956197,27,102
2,3,2,all_visible_ridge,10.0,0.03078345607061827,27,102
2,3,2,all_visible_ridge,100.0,0.034973045635622216,27,102
2,3,2,pca_matched_dimension,0.1,0.040282956000363405,27,102
2,3,2,pca_matched_dimension,1.0,0.040275453681099055,27,102
2,3,2,pca_matched_dimension,10.0,0.04036130117343883,27,102
2,3,2,pca_matched_dimension,100.0,0.053996209907933176,27,102
2,4,0,structural_median,0.1,0.09613861615078576,28,102
2,4,0,structural_median,1.0,0.09434895532540728,28,102
2,4,0,structural_median,10.0,0.09259496911435275,28,102
2,4,0,structural_median,100.0,0.10797473835054076,28,102
2,4,0,descriptor_local_svd,0.1,0.0532392475503462,28,102
2,4,0,descriptor_local_svd,1.0,0.055685583604074454,28,102
2,4,0,descriptor_local_svd,10.0,0.06271013257349867,28,102
2,4,0,descriptor_local_svd,100.0,0.09031762235244088,28,102
2,4,0,degree_preserving_null,0.1,0.17995002049822523,28,102
2,4,0,degree_preserving_null,1.0,0.17615728675838818,28,102
2,4,0,degree_preserving_null,10.0,0.16625514773084424,28,102
2,4,0,degree_preserving_null,100.0,0.1759126113395902,28,102
2,4,0,family_median,0.1,0.5278279581596741,28,102
2,4,0,family_median,1.0,0.5273367882933163,28,102
2,4,0,family_median,10.0,0.5234324433313787,28,102
2,4,0,family_median,100.0,0.518594283538544,28,102
2,4,0,all_visible_ridge,0.1,0.059284721635012326,28,102
2,4,0,all_visible_ridge,1.0,0.04051229443716998,28,102
2,4,0,all_visible_ridge,10.0,0.031284033348664454,28,102
2,4,0,all_visible_ridge,100.0,0.035840874218268925,28,102
2,4,0,pca_matched_dimension,0.1,0.041085233015089415,28,102
2,4,0,pca_matched_dimension,1.0,0.041084520745640916,28,102
2,4,0,pca_matched_dimension,10.0,0.041237919387576656,28,102
2,4,0,pca_matched_dimension,100.0,0.05551269628278072,28,102
2,4,1,structural_median,0.1,0.08706213500317572,32,101
2,4,1,structural_median,1.0,0.08471237469727298,32,101
2,4,1,structural_median,10.0,0.08226958924000984,32,101
2,4,1,structural_median,100.0,0.09572597383227271,32,101
2,4,1,descriptor_local_svd,0.1,0.05088231056621277,32,101
2,4,1,descriptor_local_svd,1.0,0.05247389944592171,32,101
2,4,1,descriptor_local_svd,10.0,0.05967508760573721,32,101
2,4,1,descriptor_local_svd,100.0,0.08475073771672387,32,101
2,4,1,degree_preserving_null,0.1,0.15302227073868493,32,101
2,4,1,degree_preserving_null,1.0,0.1488966387105732,32,101
2,4,1,degree_preserving_null,10.0,0.13999544439660772,32,101
2,4,1,degree_preserving_null,100.0,0.16187939454152828,32,101
2,4,1,family_median,0.1,0.44892661795311506,32,101
2,4,1,family_median,1.0,0.4490865922626862,32,101
2,4,1,family_median,10.0,0.45112992056489865,32,101
2,4,1,family_median,100.0,0.47907281123207923,32,101
2,4,1,all_visible_ridge,0.1,0.05262960946230365,32,101
2,4,1,all_visible_ridge,1.0,0.03713101555038119,32,101
2,4,1,all_visible_ridge,10.0,0.02921430746220846,32,101
2,4,1,all_visible_ridge,100.0,0.03294753203093391,32,101
2,4,1,pca_matched_dimension,0.1,0.03804196963434632,32,101
2,4,1,pca_matched_dimension,1.0,0.038038573367250604,32,101
2,4,1,pca_matched_dimension,10.0,0.03813894767477166,32,101
2,4,1,pca_matched_dimension,100.0,0.049808459038917084,32,101
2,4,2,structural_median,0.1,0.0932713909126675,30,105
2,4,2,structural_median,1.0,0.09155856896098621,30,105
2,4,2,structural_median,10.0,0.09068497121404161,30,105
2,4,2,structural_median,100.0,0.10953808711745273,30,105
2,4,2,descriptor_local_svd,0.1,0.05474652773085369,30,105
2,4,2,descriptor_local_svd,1.0,0.05679655080905951,30,105
2,4,2,descriptor_local_svd,10.0,0.06565241232211472,30,105
2,4,2,descriptor_local_svd,100.0,0.0959872409434293,30,105
2,4,2,degree_preserving_null,0.1,0.16899169953983328,30,105
2,4,2,degree_preserving_null,1.0,0.16629200244439693,30,105
2,4,2,degree_preserving_null,10.0,0.16207163643927797,30,105
2,4,2,degree_preserving_null,100.0,0.18456771136268868,30,105
2,4,2,family_median,0.1,0.4167645852002211,30,105
2,4,2,family_median,1.0,0.4165386671653468,30,105
2,4,2,family_median,10.0,0.4148839529497197,30,105
2,4,2,family_median,100.0,0.41863764279447707,30,105
2,4,2,all_visible_ridge,0.1,0.07431770332645993,30,105
2,4,2,all_visible_ridge,1.0,0.048669550233824535,30,105
2,4,2,all_visible_ridge,10.0,0.03518661993729236,30,105
2,4,2,all_visible_ridge,100.0,0.037464518752680864,30,105
2,4,2,pca_matched_dimension,0.1,0.043480615709128444,30,105
2,4,2,pca_matched_dimension,1.0,0.043486105280043756,30,105
2,4,2,pca_matched_dimension,10.0,0.04370178605369029,30,105
2,4,2,pca_matched_dimension,100.0,0.05861651180151652,30,105
3,0,0,structural_median,0.1,0.13047172897028145,30,109
3,0,0,structural_median,1.0,0.1274320097252558,30,109
3,0,0,structural_median,10.0,0.12270468264282175,30,109
3,0,0,structural_median,100.0,0.13707425518911454,30,109
3,0,0,descriptor_local_svd,0.1,0.08111369565233277,30,109
3,0,0,descriptor_local_svd,1.0,0.0831098765425771,30,109
3,0,0,descriptor_local_svd,10.0,0.09031273150390855,30,109
3,0,0,descriptor_local_svd,100.0,0.11982236151723698,30,109
3,0,0,degree_preserving_null,0.1,0.2024163843356983,30,109
3,0,0,degree_preserving_null,1.0,0.19863175711192502,30,109
3,0,0,degree_preserving_null,10.0,0.18970260911580802,30,109
3,0,0,degree_preserving_null,100.0,0.2051323351210371,30,109
3,0,0,family_median,0.1,0.43650804751118627,30,109
3,0,0,family_median,1.0,0.4363893715784571,30,109
3,0,0,family_median,10.0,0.43569641887323396,30,109
3,0,0,family_median,100.0,0.44387398054714555,30,109
3,0,0,all_visible_ridge,0.1,0.0826792815209375,30,109
3,0,0,all_visible_ridge,1.0,0.06196512388297246,30,109
3,0,0,all_visible_ridge,10.0,0.051418087087357255,30,109
3,0,0,all_visible_ridge,100.0,0.05632205148898732,30,109
3,0,0,pca_matched_dimension,0.1,0.06238653242758018,30,109
3,0,0,pca_matched_dimension,1.0,0.062368365144958214,30,109
3,0,0,pca_matched_dimension,10.0,0.06234945556192771,30,109
3,0,0,pca_matched_dimension,100.0,0.07509943345257325,30,109
3,0,1,structural_median,0.1,0.09846034470806686,31,107
3,0,1,structural_median,1.0,0.09600029849595372,31,107
3,0,1,structural_median,10.0,0.09303573496237791,31,107
3,0,1,structural_median,100.0,0.10551205654504224,31,107
3,0,1,descriptor_local_svd,0.1,0.05902521182773026,31,107
3,0,1,descriptor_local_svd,1.0,0.06037680979725876,31,107
3,0,1,descriptor_local_svd,10.0,0.06541784367981719,31,107
3,0,1,descriptor_local_svd,100.0,0.08873308850164364,31,107
3,0,1,degree_preserving_null,0.1,0.1684234266131238,31,107
3,0,1,degree_preserving_null,1.0,0.16417713927276,31,107
3,0,1,degree_preserving_null,10.0,0.15387102629637647,31,107
3,0,1,degree_preserving_null,100.0,0.16326517596282894,31,107
3,0,1,family_median,0.1,0.4014662471514421,31,107
3,0,1,family_median,1.0,0.4012511774444733,31,107
3,0,1,family_median,10.0,0.40010802346873103,31,107
3,0,1,family_median,100.0,0.4093254096123124,31,107
3,0,1,all_visible_ridge,0.1,0.06342132235142639,31,107
3,0,1,all_visible_ridge,1.0,0.043628333324597555,31,107
3,0,1,all_visible_ridge,10.0,0.034405968742469116,31,107
3,0,1,all_visible_ridge,100.0,0.03923492859575682,31,107
3,0,1,pca_matched_dimension,0.1,0.045600130125059694,31,107
3,0,1,pca_matched_dimension,1.0,0.04558696006182251,31,107
3,0,1,pca_matched_dimension,10.0,0.04557967544701208,31,107
3,0,1,pca_matched_dimension,100.0,0.05539660494100693,31,107
3,0,2,structural_median,0.1,0.11996040045522698,32,109
3,0,2,structural_median,1.0,0.11712989769118573,32,109
3,0,2,structural_median,10.0,0.11387461678609495,32,109
3,0,2,structural_median,100.0,0.1310257730069002,32,109
3,0,2,descriptor_local_svd,0.1,0.0731877613458568,32,109
3,0,2,descriptor_local_svd,1.0,0.07533527484545353,32,109
3,0,2,descriptor_local_svd,10.0,0.0828088728886826,32,109
3,0,2,descriptor_local_svd,100.0,0.11281110767064768,32,109
3,0,2,degree_preserving_null,0.1,0.1903883776218424,32,109
3,0,2,degree_preserving_null,1.0,0.18770345667267657,32,109
3,0,2,degree_preserving_null,10.0,0.18283191474051036,32,109
3,0,2,degree_preserving_null,100.0,0.19926429742939136,32,109
3,0,2,family_median,0.1,0.43619190895318427,32,109
3,0,2,family_median,1.0,0.43544914742718777,32,109
3,0,2,family_median,10.0,0.4300146996161029,32,109
3,0,2,family_median,100.0,0.4273520037455544,32,109
3,0,2,all_visible_ridge,0.1,0.0819107766656508,32,109
3,0,2,all_visible_ridge,1.0,0.05962781222439856,32,109
3,0,2,all_visible_ridge,10.0,0.04636872905059005,32,109
3,0,2,all_visible_ridge,100.0,0.05121135823448235,32,109
3,0,2,pca_matched_dimension,0.1,0.056557679533298474,32,109
3,0,2,pca_matched_dimension,1.0,0.0565513994290721,32,109
3,0,2,pca_matched_dimension,10.0,0.05662939844837186,32,109
3,0,2,pca_matched_dimension,100.0,0.06858848979960967,32,109
3,1,0,structural_median,0.1,0.09589840462968055,30,112
3,1,0,structural_median,1.0,0.09301227108503599,30,112
3,1,0,structural_median,10.0,0.08982069834831932,30,112
3,1,0,structural_median,100.0,0.10572902334805802,30,112
3,1,0,descriptor_local_svd,0.1,0.05582725431653813,30,112
3,1,0,descriptor_local_svd,1.0,0.05711722667015941,30,112
3,1,0,descriptor_local_svd,10.0,0.06360423389867664,30,112
3,1,0,descriptor_local_svd,100.0,0.09047575175774879,30,112
3,1,0,degree_preserving_null,0.1,0.15818065377217796,30,112
3,1,0,degree_preserving_null,1.0,0.15521585640356894,30,112
3,1,0,degree_preserving_null,10.0,0.14887224728736065,30,112
3,1,0,degree_preserving_null,100.0,0.16465827974352754,30,112
3,1,0,family_median,0.1,0.3732553107993022,30,112
3,1,0,family_median,1.0,0.37308732830052604,30,112
3,1,0,family_median,10.0,0.3721551526936208,30,112
3,1,0,family_median,100.0,0.3813769074811983,30,112
3,1,0,all_visible_ridge,0.1,0.06259740203583676,30,112
3,1,0,all_visible_ridge,1.0,0.04308936878967229,30,112
3,1,0,all_visible_ridge,10.0,0.032882337343933574,30,112
3,1,0,all_visible_ridge,100.0,0.03715226017175287,30,112
3,1,0,pca_matched_dimension,0.1,0.04266800092049352,30,112
3,1,0,pca_matched_dimension,1.0,0.0426491110575381,30,112
3,1,0,pca_matched_dimension,10.0,0.04259848231928212,30,112
3,1,0,pca_matched_dimension,100.0,0.053088168183446464,30,112
3,1,1,structural_median,0.1,0.10855431158132799,30,111
3,1,1,structural_median,1.0,0.1067080109585102,30,111
3,1,1,structural_median,10.0,0.10498764308093152,30,111
3,1,1,structural_median,100.0,0.12160508035439939,30,111
3,1,1,descriptor_local_svd,0.1,0.06462457899574124,30,111
3,1,1,descriptor_local_svd,1.0,0.06686335439536001,30,111
3,1,1,descriptor_local_svd,10.0,0.07498868167754877,30,111
3,1,1,descriptor_local_svd,100.0,0.10537557518346974,30,111
3,1,1,degree_preserving_null,0.1,0.18566606393319984,30,111
3,1,1,degree_preserving_null,1.0,0.18171811890275474,30,111
3,1,1,degree_preserving_null,10.0,0.17412231606581402,30,111
3,1,1,degree_preserving_null,100.0,0.19010734381176883,30,111
3,1,1,family_median,0.1,0.4157598675111878,30,111
3,1,1,family_median,1.0,0.4156512786095871,30,111
3,1,1,family_median,10.0,0.4152304695112521,30,111
3,1,1,family_median,100.0,0.42763698329210587,30,111
3,1,1,all_visible_ridge,0.1,0.06705435801394086,30,111
3,1,1,all_visible_ridge,1.0,0.04952585977421425,30,111
3,1,1,all_visible_ridge,10.0,0.040615733694175274,30,111
3,1,1,all_visible_ridge,100.0,0.04609673219394527,30,111
3,1,1,pca_matched_dimension,0.1,0.05081057448148919,30,111
3,1,1,pca_matched_dimension,1.0,0.050813006293431426,30,111
3,1,1,pca_matched_dimension,10.0,0.05097583000342869,30,111
3,1,1,pca_matched_dimension,100.0,0.0635938868011472,30,111
3,1,2,structural_median,0.1,0.14423893667121448,29,111
3,1,2,structural_median,1.0,0.14165429740599952,29,111
3,1,2,structural_median,10.0,0.13942566350326513,29,111
3,1,2,structural_median,100.0,0.1589882365317104,29,111
3,1,2,descriptor_local_svd,0.1,0.09515199110577027,29,111
3,1,2,descriptor_local_svd,1.0,0.09702302547117996,29,111
3,1,2,descriptor_local_svd,10.0,0.10436466402319967,29,111
3,1,2,descriptor_local_svd,100.0,0.13916787608837725,29,111
3,1,2,degree_preserving_null,0.1,0.23911334104413876,29,111
3,1,2,degree_preserving_null,1.0,0.23575130829391508,29,111
3,1,2,degree_preserving_null,10.0,0.22686902595913497,29,111
3,1,2,degree_preserving_null,100.0,0.24782412154471425,29,111
3,1,2,family_median,0.1,0.5066168568151999,29,111
3,1,2,family_median,1.0,0.5061972640659711,29,111
3,1,2,family_median,10.0,0.5032338650440251,29,111
3,1,2,family_median,100.0,0.5053158672076832,29,111
3,1,2,all_visible_ridge,0.1,0.09794108322854851,29,111
3,1,2,all_visible_ridge,1.0,0.07194333367764259,29,111
3,1,2,all_visible_ridge,10.0,0.05806648910846344,29,111
3,1,2,all_visible_ridge,100.0,0.06641008059698093,29,111
3,1,2,pca_matched_dimension,0.1,0.07320731348819746,29,111
3,1,2,pca_matched_dimension,1.0,0.07320673182861198,29,111
3,1,2,pca_matched_dimension,10.0,0.07336007648124852,29,111
3,1,2,pca_matched_dimension,100.0,0.0875228316237487,29,111
3,2,0,structural_median,0.1,0.1148621267402228,31,111
3,2,0,structural_median,1.0,0.1118482317282822,31,111
3,2,0,structural_median,10.0,0.10864677711943879,31,111
3,2,0,structural_median,100.0,0.12372883962266112,31,111
3,2,0,descriptor_local_svd,0.1,0.06721416459135032,31,111
3,2,0,descriptor_local_svd,1.0,0.06970971220605242,31,111
3,2,0,descriptor_local_svd,10.0,0.077103118269366,31,111
3,2,0,descriptor_local_svd,100.0,0.10590284385018746,31,111
3,2,0,degree_preserving_null,0.1,0.198438146784006,31,111
3,2,0,degree_preserving_null,1.0,0.19432957199941134,31,111
3,2,0,degree_preserving_null,10.0,0.1866931556164486,31,111
3,2,0,degree_preserving_null,100.0,0.20570564471183436,31,111
3,2,0,family_median,0.1,0.42400649799356877,31,111
3,2,0,family_median,1.0,0.4239066842408667,31,111
3,2,0,family_median,10.0,0.4236268873205736,31,111
3,2,0,family_median,100.0,0.43973636035917735,31,111
3,2,0,all_visible_ridge,0.1,0.07206357771508602,31,111
3,2,0,all_visible_ridge,1.0,0.050056017423642685,31,111
3,2,0,all_visible_ridge,10.0,0.0400379657471809,31,111
3,2,0,all_visible_ridge,100.0,0.04552981147435765,31,111
3,2,0,pca_matched_dimension,0.1,0.051997513378104314,31,111
3,2,0,pca_matched_dimension,1.0,0.051990951549669956,31,111
3,2,0,pca_matched_dimension,10.0,0.05205994188210751,31,111
3,2,0,pca_matched_dimension,100.0,0.06343801616043063,31,111
3,2,1,structural_median,0.1,0.11455178127639701,30,110
3,2,1,structural_median,1.0,0.11223333593214806,30,110
3,2,1,structural_median,10.0,0.10910266379994574,30,110
3,2,1,structural_median,100.0,0.12462351199169565,30,110
3,2,1,descriptor_local_svd,0.1,0.06733034280701324,30,110
3,2,1,descriptor_local_svd,1.0,0.0697070524930728,30,110
3,2,1,descriptor_local_svd,10.0,0.07698857987826634,30,110
3,2,1,descriptor_local_svd,100.0,0.10543225310072042,30,110
3,2,1,degree_preserving_null,0.1,0.18567547861336195,30,110
3,2,1,degree_preserving_null,1.0,0.18308133767589788,30,110
3,2,1,degree_preserving_null,10.0,0.17631589727392502,30,110
3,2,1,degree_preserving_null,100.0,0.1945170278321559,30,110
3,2,1,family_median,0.1,0.44253436885988406,30,110
3,2,1,family_median,1.0,0.44238319438413426,30,110
3,2,1,family_median,10.0,0.4415387391468285,30,110
3,2,1,family_median,100.0,0.4498954484980322,30,110
3,2,1,all_visible_ridge,0.1,0.07605626251009939,30,110
3,2,1,all_visible_ridge,1.0,0.0535931571128775,30,110
3,2,1,all_visible_ridge,10.0,0.040942903359692494,30,110
3,2,1,all_visible_ridge,100.0,0.044138570570092094,30,110
3,2,1,pca_matched_dimension,0.1,0.049384432319583,30,110
3,2,1,pca_matched_dimension,1.0,0.04938100465644657,30,110
3,2,1,pca_matched_dimension,10.0,0.04950970225932916,30,110
3,2,1,pca_matched_dimension,100.0,0.06373531183791875,30,110
3,2,2,structural_median,0.1,0.14609890027275935,27,108
3,2,2,structural_median,1.0,0.14396122219835725,27,108
3,2,2,structural_median,10.0,0.14161598501033473,27,108
3,2,2,structural_median,100.0,0.1586548812563733,27,108
3,2,2,descriptor_local_svd,0.1,0.09767893652199723,27,108
3,2,2,descriptor_local_svd,1.0,0.10033866423609625,27,108
3,2,2,descriptor_local_svd,10.0,0.10880987875138327,27,108
3,2,2,descriptor_local_svd,100.0,0.13887410763269986,27,108
3,2,2,degree_preserving_null,0.1,0.2212442353980048,27,108
3,2,2,degree_preserving_null,1.0,0.21790044737964032,27,108
3,2,2,degree_preserving_null,10.0,0.21265137032422582,27,108
3,2,2,degree_preserving_null,100.0,0.23321694563457973,27,108
3,2,2,family_median,0.1,0.4035477338758777,27,108
3,2,2,family_median,1.0,0.4034285766454087,27,108
3,2,2,family_median,10.0,0.40288116799478796,27,108
3,2,2,family_median,100.0,0.41268221556061674,27,108
3,2,2,all_visible_ridge,0.1,0.10363237864564792,27,108
3,2,2,all_visible_ridge,1.0,0.0806219449085044,27,108
3,2,2,all_visible_ridge,10.0,0.06903993687230951,27,108
3,2,2,all_visible_ridge,100.0,0.0758877254703413,27,108
3,2,2,pca_matched_dimension,0.1,0.08190421242558835,27,108
3,2,2,pca_matched_dimension,1.0,0.08189805688692788,27,108
3,2,2,pca_matched_dimension,10.0,0.0819648383212912,27,108
3,2,2,pca_matched_dimension,100.0,0.09282542875393357,27,108
3,3,0,structural_median,0.1,0.1477964931589075,30,111
3,3,0,structural_median,1.0,0.14506972759860928,30,111
3,3,0,structural_median,10.0,0.14185075801506644,30,111
3,3,0,structural_median,100.0,0.15970271365517583,30,111
3,3,0,descriptor_local_svd,0.1,0.0911294935937735,30,111
3,3,0,descriptor_local_svd,1.0,0.09389437481245962,30,111
3,3,0,descriptor_local_svd,10.0,0.10475377459426033,30,111
3,3,0,descriptor_local_svd,100.0,0.1402773854119895,30,111
3,3,0,degree_preserving_null,0.1,0.2092535462007918,30,111
3,3,0,degree_preserving_null,1.0,0.20508817337089663,30,111
3,3,0,degree_preserving_null,10.0,0.1978974774496152,30,111
3,3,0,degree_preserving_null,100.0,0.22482223585155275,30,111
3,3,0,family_median,0.1,0.4258455432907294,30,111
3,3,0,family_median,1.0,0.42580112089629807,30,111
3,3,0,family_median,10.0,0.42588299034722166,30,111
3,3,0,family_median,100.0,0.43832059132475504,30,111
3,3,0,all_visible_ridge,0.1,0.10104072149869858,30,111
3,3,0,all_visible_ridge,1.0,0.0742678452244573,30,111
3,3,0,all_visible_ridge,10.0,0.060396360852144886,30,111
3,3,0,all_visible_ridge,100.0,0.06663161205577056,30,111
3,3,0,pca_matched_dimension,0.1,0.07137662683007094,30,111
3,3,0,pca_matched_dimension,1.0,0.07139027166213632,30,111
3,3,0,pca_matched_dimension,10.0,0.07167525130447619,30,111
3,3,0,pca_matched_dimension,100.0,0.08629749721015897,30,111
3,3,1,structural_median,0.1,0.09216596331950881,31,107
3,3,1,structural_median,1.0,0.0899421131097136,31,107
3,3,1,structural_median,10.0,0.08793727906522845,31,107
3,3,1,structural_median,100.0,0.10230899971790992,31,107
3,3,1,descriptor_local_svd,0.1,0.05261206861666486,31,107
3,3,1,descriptor_local_svd,1.0,0.053790024959745185,31,107
3,3,1,descriptor_local_svd,10.0,0.059685154049409876,31,107
3,3,1,descriptor_local_svd,100.0,0.08536114012045044,31,107
3,3,1,degree_preserving_null,0.1,0.1544834274212337,31,107
3,3,1,degree_preserving_null,1.0,0.15010108133226185,31,107
3,3,1,degree_preserving_null,10.0,0.14311754874559376,31,107
3,3,1,degree_preserving_null,100.0,0.16205752500565634,31,107
3,3,1,family_median,0.1,0.3788034231177414,31,107
3,3,1,family_median,1.0,0.3788310011944833,31,107
3,3,1,family_median,10.0,0.3794712098214944,31,107
3,3,1,family_median,100.0,0.3933609906405256,31,107
3,3,1,all_visible_ridge,0.1,0.05741505855564117,31,107
3,3,1,all_visible_ridge,1.0,0.040711492888434064,31,107
3,3,1,all_visible_ridge,10.0,0.031759667977451105,31,107
3,3,1,all_visible_ridge,100.0,0.03593008693333416,31,107
3,3,1,pca_matched_dimension,0.1,0.040501062308958245,31,107
3,3,1,pca_matched_dimension,1.0,0.040478825708471965,31,107
3,3,1,pca_matched_dimension,10.0,0.04038934174501647,31,107
3,3,1,pca_matched_dimension,100.0,0.05006399397725656,31,107
3,3,2,structural_median,0.1,0.10547791917333821,27,107
3,3,2,structural_median,1.0,0.1027254304146488,27,107
3,3,2,structural_median,10.0,0.09922075345247675,27,107
3,3,2,structural_median,100.0,0.11345296859153757,27,107
3,3,2,descriptor_local_svd,0.1,0.05985991563226599,27,107
3,3,2,descriptor_local_svd,1.0,0.061849596796891025,27,107
3,3,2,descriptor_local_svd,10.0,0.0692329475862344,27,107
3,3,2,descriptor_local_svd,100.0,0.0956074792217907,27,107
3,3,2,degree_preserving_null,0.1,0.16342945128604544,27,107
3,3,2,degree_preserving_null,1.0,0.1609257485988591,27,107
3,3,2,degree_preserving_null,10.0,0.15586931733449289,27,107
3,3,2,degree_preserving_null,100.0,0.17427489537138457,27,107
3,3,2,family_median,0.1,0.4100702718360654,27,107
3,3,2,family_median,1.0,0.40958259434922833,27,107
3,3,2,family_median,10.0,0.40634413121657614,27,107
3,3,2,family_median,100.0,0.4161126086971727,27,107
3,3,2,all_visible_ridge,0.1,0.05877151297585733,27,107
3,3,2,all_visible_ridge,1.0,0.04303891100850687,27,107
3,3,2,all_visible_ridge,10.0,0.035227201542545813,27,107
3,3,2,all_visible_ridge,100.0,0.0410377154419341,27,107
3,3,2,pca_matched_dimension,0.1,0.046935815805041345,27,107
3,3,2,pca_matched_dimension,1.0,0.04693169351873015,27,107
3,3,2,pca_matched_dimension,10.0,0.04704689383300663,27,107
3,3,2,pca_matched_dimension,100.0,0.06061840828177601,27,107
3,4,0,structural_median,0.1,0.12192810305222145,28,107
3,4,0,structural_median,1.0,0.11913307708774008,28,107
3,4,0,structural_median,10.0,0.11554174127799206,28,107
3,4,0,structural_median,100.0,0.13075922386226663,28,107
3,4,0,descriptor_local_svd,0.1,0.07026434060109835,28,107
3,4,0,descriptor_local_svd,1.0,0.0733305568596626,28,107
3,4,0,descriptor_local_svd,10.0,0.08269134129696484,28,107
3,4,0,descriptor_local_svd,100.0,0.11349340233319131,28,107
3,4,0,degree_preserving_null,0.1,0.19316845415203918,28,107
3,4,0,degree_preserving_null,1.0,0.18864595700518388,28,107
3,4,0,degree_preserving_null,10.0,0.17824817410848762,28,107
3,4,0,degree_preserving_null,100.0,0.19437665213936048,28,107
3,4,0,family_median,0.1,0.4868745111556902,28,107
3,4,0,family_median,1.0,0.4862607730928311,28,107
3,4,0,family_median,10.0,0.4815152624345392,28,107
3,4,0,family_median,100.0,0.47463493263196593,28,107
3,4,0,all_visible_ridge,0.1,0.07808048407093823,28,107
3,4,0,all_visible_ridge,1.0,0.054340513428241255,28,107
3,4,0,all_visible_ridge,10.0,0.04266717140292914,28,107
3,4,0,all_visible_ridge,100.0,0.04819211040326654,28,107
3,4,0,pca_matched_dimension,0.1,0.05326104143428889,28,107
3,4,0,pca_matched_dimension,1.0,0.053241685736498665,28,107
3,4,0,pca_matched_dimension,10.0,0.05320833238513182,28,107
3,4,0,pca_matched_dimension,100.0,0.06561211131794555,28,107
3,4,1,structural_median,0.1,0.11022874555481833,32,109
3,4,1,structural_median,1.0,0.10701407025047754,32,109
3,4,1,structural_median,10.0,0.1040366188943644,32,109
3,4,1,structural_median,100.0,0.12117915010379011,32,109
3,4,1,descriptor_local_svd,0.1,0.06686154540935912,32,109
3,4,1,descriptor_local_svd,1.0,0.06967447877841135,32,109
3,4,1,descriptor_local_svd,10.0,0.07669344788793256,32,109
3,4,1,descriptor_local_svd,100.0,0.10420803244886341,32,109
3,4,1,degree_preserving_null,0.1,0.1827018758570495,32,109
3,4,1,degree_preserving_null,1.0,0.17796168714799382,32,109
3,4,1,degree_preserving_null,10.0,0.17003049907168544,32,109
3,4,1,degree_preserving_null,100.0,0.1938137106374943,32,109
3,4,1,family_median,0.1,0.4129880528328543,32,109
3,4,1,family_median,1.0,0.4130874001774519,32,109
3,4,1,family_median,10.0,0.4144905263602463,32,109
3,4,1,family_median,100.0,0.434647954413735,32,109
3,4,1,all_visible_ridge,0.1,0.06821498230205547,32,109
3,4,1,all_visible_ridge,1.0,0.04999982386214186,32,109
3,4,1,all_visible_ridge,10.0,0.04162191450192443,32,109
3,4,1,all_visible_ridge,100.0,0.04611884767814118,32,109
3,4,1,pca_matched_dimension,0.1,0.05191280236341965,32,109
3,4,1,pca_matched_dimension,1.0,0.051908730372467196,32,109
3,4,1,pca_matched_dimension,10.0,0.05199682931310241,32,109
3,4,1,pca_matched_dimension,100.0,0.06310642228738678,32,109
3,4,2,structural_median,0.1,0.1187894153021378,30,111
3,4,2,structural_median,1.0,0.11605362211227363,30,111
3,4,2,structural_median,10.0,0.11333828164403612,30,111
3,4,2,structural_median,100.0,0.1313937677946581,30,111
3,4,2,descriptor_local_svd,0.1,0.07663090441325836,30,111
3,4,2,descriptor_local_svd,1.0,0.07924860530864695,30,111
3,4,2,descriptor_local_svd,10.0,0.0871738211207645,30,111
3,4,2,descriptor_local_svd,100.0,0.11675121350603833,30,111
3,4,2,degree_preserving_null,0.1,0.20818920393577242,30,111
3,4,2,degree_preserving_null,1.0,0.20512387440180158,30,111
3,4,2,degree_preserving_null,10.0,0.198882756655096,30,111
3,4,2,degree_preserving_null,100.0,0.2195131420837223,30,111
3,4,2,family_median,0.1,0.38042584194334206,30,111
3,4,2,family_median,1.0,0.3803156747370478,30,111
3,4,2,family_median,10.0,0.3798718784451722,30,111
3,4,2,family_median,100.0,0.3906644840702178,30,111
3,4,2,all_visible_ridge,0.1,0.08792484074214431,30,111
3,4,2,all_visible_ridge,1.0,0.06040356719229467,30,111
3,4,2,all_visible_ridge,10.0,0.04718318728012963,30,111
3,4,2,all_visible_ridge,100.0,0.05307333768929581,30,111
3,4,2,pca_matched_dimension,0.1,0.05956050233666558,30,111
3,4,2,pca_matched_dimension,1.0,0.059549470133885264,30,111
3,4,2,pca_matched_dimension,10.0,0.05960395890696915,30,111
3,4,2,pca_matched_dimension,100.0,0.07324557917115919,30,111
4,0,0,structural_median,0.1,0.1271744583657978,30,100
4,0,0,structural_median,1.0,0.1245898860779885,30,100
4,0,0,structural_median,10.0,0.12069221235817931,30,100
4,0,0,structural_median,100.0,0.13518523698328577,30,100
4,0,0,descriptor_local_svd,0.1,0.07985213003806886,30,100
4,0,0,descriptor_local_svd,1.0,0.08166881329589674,30,100
4,0,0,descriptor_local_svd,10.0,0.08968104033184346,30,100
4,0,0,descriptor_local_svd,100.0,0.1182559378280638,30,100
4,0,0,degree_preserving_null,0.1,0.20598835580875435,30,100
4,0,0,degree_preserving_null,1.0,0.20145166550913285,30,100
4,0,0,degree_preserving_null,10.0,0.1936711034556922,30,100
4,0,0,degree_preserving_null,100.0,0.21145544147719902,30,100
4,0,0,family_median,0.1,0.5126675984471531,30,100
4,0,0,family_median,1.0,0.512563815138612,30,100
4,0,0,family_median,10.0,0.5119592217624773,30,100
4,0,0,family_median,100.0,0.5180168484389023,30,100
4,0,0,all_visible_ridge,0.1,0.09042894581640801,30,100
4,0,0,all_visible_ridge,1.0,0.06680200481265834,30,100
4,0,0,all_visible_ridge,10.0,0.053350181008176914,30,100
4,0,0,all_visible_ridge,100.0,0.05480513960300149,30,100
4,0,0,pca_matched_dimension,0.1,0.06105623285891573,30,100
4,0,0,pca_matched_dimension,1.0,0.06104462872952019,30,100
4,0,0,pca_matched_dimension,10.0,0.06109256391555775,30,100
4,0,0,pca_matched_dimension,100.0,0.0745996270927014,30,100
4,0,1,structural_median,0.1,0.10401357707882329,31,99
4,0,1,structural_median,1.0,0.10052597563411136,31,99
4,0,1,structural_median,10.0,0.0957312681940618,31,99
4,0,1,structural_median,100.0,0.10719097897597998,31,99
4,0,1,descriptor_local_svd,0.1,0.06424038692293818,31,99
4,0,1,descriptor_local_svd,1.0,0.06537123945303137,31,99
4,0,1,descriptor_local_svd,10.0,0.07107515796773176,31,99
4,0,1,descriptor_local_svd,100.0,0.09384114935395298,31,99
4,0,1,degree_preserving_null,0.1,0.16907549347353246,31,99
4,0,1,degree_preserving_null,1.0,0.165208062926926,31,99
4,0,1,degree_preserving_null,10.0,0.15650424388550435,31,99
4,0,1,degree_preserving_null,100.0,0.16614607758476982,31,99
4,0,1,family_median,0.1,0.40430481127039314,31,99
4,0,1,family_median,1.0,0.4041262913333235,31,99
4,0,1,family_median,10.0,0.40332689016906187,31,99
4,0,1,family_median,100.0,0.41538592702259075,31,99
4,0,1,all_visible_ridge,0.1,0.08604320969362819,31,99
4,0,1,all_visible_ridge,1.0,0.05527498864629094,31,99
4,0,1,all_visible_ridge,10.0,0.04170933885578626,31,99
4,0,1,all_visible_ridge,100.0,0.0449793857487176,31,99
4,0,1,pca_matched_dimension,0.1,0.049154260908142546,31,99
4,0,1,pca_matched_dimension,1.0,0.04915126319283473,31,99
4,0,1,pca_matched_dimension,10.0,0.049240371634628764,31,99
4,0,1,pca_matched_dimension,100.0,0.05958631609337712,31,99
4,0,2,structural_median,0.1,0.1320506622965507,32,100
4,0,2,structural_median,1.0,0.12943607770432358,32,100
4,0,2,structural_median,10.0,0.1265192448333429,32,100
4,0,2,structural_median,100.0,0.14532540308729577,32,100
4,0,2,descriptor_local_svd,0.1,0.0846912214863817,32,100
4,0,2,descriptor_local_svd,1.0,0.08653493744735677,32,100
4,0,2,descriptor_local_svd,10.0,0.09477573714556374,32,100
4,0,2,descriptor_local_svd,100.0,0.12715717123016493,32,100
4,0,2,degree_preserving_null,0.1,0.20173802833229668,32,100
4,0,2,degree_preserving_null,1.0,0.199123050822786,32,100
4,0,2,degree_preserving_null,10.0,0.1941781879437137,32,100
4,0,2,degree_preserving_null,100.0,0.2139127248953316,32,100
4,0,2,family_median,0.1,0.5152081323410346,32,100
4,0,2,family_median,1.0,0.51470713636684,32,100
4,0,2,family_median,10.0,0.5107794805659085,32,100
4,0,2,family_median,100.0,0.505908226614935,32,100
4,0,2,all_visible_ridge,0.1,0.11005137158659259,32,100
4,0,2,all_visible_ridge,1.0,0.07511998284168706,32,100
4,0,2,all_visible_ridge,10.0,0.05779032343406266,32,100
4,0,2,all_visible_ridge,100.0,0.06075688872361612,32,100
4,0,2,pca_matched_dimension,0.1,0.06541360192532536,32,100
4,0,2,pca_matched_dimension,1.0,0.06540382850251326,32,100
4,0,2,pca_matched_dimension,10.0,0.06545222390187376,32,100
4,0,2,pca_matched_dimension,100.0,0.07754223468952269,32,100
4,1,0,structural_median,0.1,0.11519692947404937,30,101
4,1,0,structural_median,1.0,0.11116063362609968,30,101
4,1,0,structural_median,10.0,0.10594786740865016,30,101
4,1,0,structural_median,100.0,0.12404918934362921,30,101
4,1,0,descriptor_local_svd,0.1,0.06963872118541316,30,101
4,1,0,descriptor_local_svd,1.0,0.07138876450806332,30,101
4,1,0,descriptor_local_svd,10.0,0.07803830941679774,30,101
4,1,0,descriptor_local_svd,100.0,0.10757022687984782,30,101
4,1,0,degree_preserving_null,0.1,0.1719289545447618,30,101
4,1,0,degree_preserving_null,1.0,0.1682757463483621,30,101
4,1,0,degree_preserving_null,10.0,0.16069531849804122,30,101
4,1,0,degree_preserving_null,100.0,0.1799021375546178,30,101
4,1,0,family_median,0.1,0.4630763810314133,30,101
4,1,0,family_median,1.0,0.4628854029295552,30,101
4,1,0,family_median,10.0,0.4615801992667078,30,101
4,1,0,family_median,100.0,0.4666203972861283,30,101
4,1,0,all_visible_ridge,0.1,0.08555531829989112,30,101
4,1,0,all_visible_ridge,1.0,0.060911128563686884,30,101
4,1,0,all_visible_ridge,10.0,0.04799660493547657,30,101
4,1,0,all_visible_ridge,100.0,0.04953522334710015,30,101
4,1,0,pca_matched_dimension,0.1,0.05608461376289943,30,101
4,1,0,pca_matched_dimension,1.0,0.05605942655464429,30,101
4,1,0,pca_matched_dimension,10.0,0.05594718737244989,30,101
4,1,0,pca_matched_dimension,100.0,0.06593628798977272,30,101
4,1,1,structural_median,0.1,0.10092200284836543,30,99
4,1,1,structural_median,1.0,0.09838353611006724,30,99
4,1,1,structural_median,10.0,0.09495680385380452,30,99
4,1,1,structural_median,100.0,0.10897516565797818,30,99
4,1,1,descriptor_local_svd,0.1,0.06232804333141902,30,99
4,1,1,descriptor_local_svd,1.0,0.06368158320164367,30,99
4,1,1,descriptor_local_svd,10.0,0.06927034665238933,30,99
4,1,1,descriptor_local_svd,100.0,0.09454676687431932,30,99
4,1,1,degree_preserving_null,0.1,0.15816455802395177,30,99
4,1,1,degree_preserving_null,1.0,0.1555515431053101,30,99
4,1,1,degree_preserving_null,10.0,0.14976036214477342,30,99
4,1,1,degree_preserving_null,100.0,0.1628319184344043,30,99
4,1,1,family_median,0.1,0.43840121217635386,30,99
4,1,1,family_median,1.0,0.43838631142226936,30,99
4,1,1,family_median,10.0,0.43873920911387265,30,99
4,1,1,family_median,100.0,0.4537292813745457,30,99
4,1,1,all_visible_ridge,0.1,0.08210477497174264,30,99
4,1,1,all_visible_ridge,1.0,0.05388958237347407,30,99
4,1,1,all_visible_ridge,10.0,0.03967840624513355,30,99
4,1,1,all_visible_ridge,100.0,0.04149866325712214,30,99
4,1,1,pca_matched_dimension,0.1,0.04678472045176889,30,99
4,1,1,pca_matched_dimension,1.0,0.04677319149645499,30,99
4,1,1,pca_matched_dimension,10.0,0.046797279888766787,30,99
4,1,1,pca_matched_dimension,100.0,0.05811349656768254,30,99
4,1,2,structural_median,0.1,0.1558723973392397,29,100
4,1,2,structural_median,1.0,0.15242315005907192,29,100
4,1,2,structural_median,10.0,0.14646270266905403,29,100
4,1,2,structural_median,100.0,0.16130129022846945,29,100
4,1,2,descriptor_local_svd,0.1,0.09771684763061653,29,100
4,1,2,descriptor_local_svd,1.0,0.09905532090120019,29,100
4,1,2,descriptor_local_svd,10.0,0.10696556340779954,29,100
4,1,2,descriptor_local_svd,100.0,0.1412638021185137,29,100
4,1,2,degree_preserving_null,0.1,0.2359682276962295,29,100
4,1,2,degree_preserving_null,1.0,0.23191676889047627,29,100
4,1,2,degree_preserving_null,10.0,0.2254299850917498,29,100
4,1,2,degree_preserving_null,100.0,0.24915421513677813,29,100
4,1,2,family_median,0.1,0.5750530436041972,29,100
4,1,2,family_median,1.0,0.5746028412715866,29,100
4,1,2,family_median,10.0,0.571107501539209,29,100
4,1,2,family_median,100.0,0.5676713982549919,29,100
4,1,2,all_visible_ridge,0.1,0.12398571578034137,29,100
4,1,2,all_visible_ridge,1.0,0.08763368906014989,29,100
4,1,2,all_visible_ridge,10.0,0.06630428631823064,29,100
4,1,2,all_visible_ridge,100.0,0.06968328345525678,29,100
4,1,2,pca_matched_dimension,0.1,0.07552287928635482,29,100
4,1,2,pca_matched_dimension,1.0,0.07552393736388473,29,100
4,1,2,pca_matched_dimension,10.0,0.0756946931462347,29,100
4,1,2,pca_matched_dimension,100.0,0.09011008011288063,29,100
4,2,0,structural_median,0.1,0.120056742122953,31,100
4,2,0,structural_median,1.0,0.11609717787857556,31,100
4,2,0,structural_median,10.0,0.11058108374367356,31,100
4,2,0,structural_median,100.0,0.1266368387436722,31,100
4,2,0,descriptor_local_svd,0.1,0.06839333409969864,31,100
4,2,0,descriptor_local_svd,1.0,0.0709693525344233,31,100
4,2,0,descriptor_local_svd,10.0,0.07999407880287192,31,100
4,2,0,descriptor_local_svd,100.0,0.11025211084284574,31,100
4,2,0,degree_preserving_null,0.1,0.17983520303900488,31,100
4,2,0,degree_preserving_null,1.0,0.17633517543564056,31,100
4,2,0,degree_preserving_null,10.0,0.16933084581000074,31,100
4,2,0,degree_preserving_null,100.0,0.1866011453798623,31,100
4,2,0,family_median,0.1,0.46592850390109614,31,100
4,2,0,family_median,1.0,0.4658878270857131,31,100
4,2,0,family_median,10.0,0.4660228104759201,31,100
4,2,0,family_median,100.0,0.48216911888450065,31,100
4,2,0,all_visible_ridge,0.1,0.09077005695501471,31,100
4,2,0,all_visible_ridge,1.0,0.057854455075312665,31,100
4,2,0,all_visible_ridge,10.0,0.04250325137772893,31,100
4,2,0,all_visible_ridge,100.0,0.046279390949899246,31,100
4,2,0,pca_matched_dimension,0.1,0.05158135515621575,31,100
4,2,0,pca_matched_dimension,1.0,0.05155901531385856,31,100
4,2,0,pca_matched_dimension,10.0,0.051476918653211065,31,100
4,2,0,pca_matched_dimension,100.0,0.06189362628006284,31,100
4,2,1,structural_median,0.1,0.12090457323713291,30,99
4,2,1,structural_median,1.0,0.11837891311734984,30,99
4,2,1,structural_median,10.0,0.11517295893196208,30,99
4,2,1,structural_median,100.0,0.12793900329560143,30,99
4,2,1,descriptor_local_svd,0.1,0.07054727615676006,30,99
4,2,1,descriptor_local_svd,1.0,0.07344478913288703,30,99
4,2,1,descriptor_local_svd,10.0,0.08339702058739575,30,99
4,2,1,descriptor_local_svd,100.0,0.11064196812396841,30,99
4,2,1,degree_preserving_null,0.1,0.1838681243231474,30,99
4,2,1,degree_preserving_null,1.0,0.1801944753691536,30,99
4,2,1,degree_preserving_null,10.0,0.1716813285560811,30,99
4,2,1,degree_preserving_null,100.0,0.18802497068816695,30,99
4,2,1,family_median,0.1,0.49809416614719104,30,99
4,2,1,family_median,1.0,0.497996107700514,30,99
4,2,1,family_median,10.0,0.49758115679209064,30,99
4,2,1,family_median,100.0,0.5089191985349568,30,99
4,2,1,all_visible_ridge,0.1,0.09241429214451866,30,99
4,2,1,all_visible_ridge,1.0,0.061666984193698184,30,99
4,2,1,all_visible_ridge,10.0,0.04482860035561857,30,99
4,2,1,all_visible_ridge,100.0,0.047143121392421314,30,99
4,2,1,pca_matched_dimension,0.1,0.05108710125021676,30,99
4,2,1,pca_matched_dimension,1.0,0.051106666270302775,30,99
4,2,1,pca_matched_dimension,10.0,0.051460108980348765,30,99
4,2,1,pca_matched_dimension,100.0,0.06749510766570803,30,99
4,2,2,structural_median,0.1,0.1370457738317917,27,98
4,2,2,structural_median,1.0,0.13430831852775776,27,98
4,2,2,structural_median,10.0,0.1305774622674937,27,98
4,2,2,structural_median,100.0,0.14591704619292564,27,98
4,2,2,descriptor_local_svd,0.1,0.08643964293007664,27,98
4,2,2,descriptor_local_svd,1.0,0.0879505926674569,27,98
4,2,2,descriptor_local_svd,10.0,0.09431827574578373,27,98
4,2,2,descriptor_local_svd,100.0,0.12360556457999587,27,98
4,2,2,degree_preserving_null,0.1,0.20093738951046736,27,98
4,2,2,degree_preserving_null,1.0,0.19708490362089628,27,98
4,2,2,degree_preserving_null,10.0,0.19024119529585376,27,98
4,2,2,degree_preserving_null,100.0,0.2095439628651752,27,98
4,2,2,family_median,0.1,0.44666021409020484,27,98
4,2,2,family_median,1.0,0.4463699348523044,27,98
4,2,2,family_median,10.0,0.44414376338448563,27,98
4,2,2,family_median,100.0,0.4426120957315479,27,98
4,2,2,all_visible_ridge,0.1,0.10836713876754175,27,98
4,2,2,all_visible_ridge,1.0,0.0767389539839063,27,98
4,2,2,all_visible_ridge,10.0,0.06019555544688227,27,98
4,2,2,all_visible_ridge,100.0,0.06258760538734066,27,98
4,2,2,pca_matched_dimension,0.1,0.07070286244841394,27,98
4,2,2,pca_matched_dimension,1.0,0.07069251480971057,27,98
4,2,2,pca_matched_dimension,10.0,0.07071541795553081,27,98
4,2,2,pca_matched_dimension,100.0,0.0809867708821803,27,98
4,3,0,structural_median,0.1,0.12540609710809952,30,102
4,3,0,structural_median,1.0,0.12292302088125223,30,102
4,3,0,structural_median,10.0,0.12134162951102798,30,102
4,3,0,structural_median,100.0,0.14518742360088277,30,102
4,3,0,descriptor_local_svd,0.1,0.08190876369382834,30,102
4,3,0,descriptor_local_svd,1.0,0.0832228616466982,30,102
4,3,0,descriptor_local_svd,10.0,0.09265769206279945,30,102
4,3,0,descriptor_local_svd,100.0,0.1296984945673899,30,102
4,3,0,degree_preserving_null,0.1,0.22165393201427755,30,102
4,3,0,degree_preserving_null,1.0,0.2176652059564413,30,102
4,3,0,degree_preserving_null,10.0,0.20988432432280688,30,102
4,3,0,degree_preserving_null,100.0,0.23303998003237653,30,102
4,3,0,family_median,0.1,0.48693292466160754,30,102
4,3,0,family_median,1.0,0.48680500527529563,30,102
4,3,0,family_median,10.0,0.48603294133068065,30,102
4,3,0,family_median,100.0,0.49153210296730976,30,102
4,3,0,all_visible_ridge,0.1,0.12779048844600494,30,102
4,3,0,all_visible_ridge,1.0,0.08258435531237389,30,102
4,3,0,all_visible_ridge,10.0,0.05692329151688503,30,102
4,3,0,all_visible_ridge,100.0,0.05708536852738073,30,102
4,3,0,pca_matched_dimension,0.1,0.06297238385043664,30,102
4,3,0,pca_matched_dimension,1.0,0.06296475255242441,30,102
4,3,0,pca_matched_dimension,10.0,0.06303759093594034,30,102
4,3,0,pca_matched_dimension,100.0,0.07561244158344982,30,102
4,3,1,structural_median,0.1,0.09656874375841573,31,98
4,3,1,structural_median,1.0,0.09399255891080005,31,98
4,3,1,structural_median,10.0,0.09166186202802722,31,98
4,3,1,structural_median,100.0,0.10558613895911508,31,98
4,3,1,descriptor_local_svd,0.1,0.05739912046796021,31,98
4,3,1,descriptor_local_svd,1.0,0.05888576055497482,31,98
4,3,1,descriptor_local_svd,10.0,0.06492036462522645,31,98
4,3,1,descriptor_local_svd,100.0,0.08952952439302324,31,98
4,3,1,degree_preserving_null,0.1,0.15724096693922285,31,98
4,3,1,degree_preserving_null,1.0,0.15304756640155576,31,98
4,3,1,degree_preserving_null,10.0,0.14499042936952278,31,98
4,3,1,degree_preserving_null,100.0,0.16260918465001867,31,98
4,3,1,family_median,0.1,0.4097386907614029,31,98
4,3,1,family_median,1.0,0.4097907792531245,31,98
4,3,1,family_median,10.0,0.41066145969721896,31,98
4,3,1,family_median,100.0,0.4262414379193103,31,98
4,3,1,all_visible_ridge,0.1,0.07201488856434986,31,98
4,3,1,all_visible_ridge,1.0,0.049650149696110785,31,98
4,3,1,all_visible_ridge,10.0,0.03750142352643595,31,98
4,3,1,all_visible_ridge,100.0,0.04017245544329364,31,98
4,3,1,pca_matched_dimension,0.1,0.043246874014190556,31,98
4,3,1,pca_matched_dimension,1.0,0.04323790894403028,31,98
4,3,1,pca_matched_dimension,10.0,0.04327693919279472,31,98
4,3,1,pca_matched_dimension,100.0,0.05388789086324761,31,98
4,3,2,structural_median,0.1,0.10687250051156388,27,98
4,3,2,structural_median,1.0,0.1041434894777601,27,98
4,3,2,structural_median,10.0,0.10151679794923199,27,98
4,3,2,structural_median,100.0,0.11893585359740569,27,98
4,3,2,descriptor_local_svd,0.1,0.07043004735794314,27,98
4,3,2,descriptor_local_svd,1.0,0.07216289074096402,27,98
4,3,2,descriptor_local_svd,10.0,0.07783505735630628,27,98
4,3,2,descriptor_local_svd,100.0,0.10400663501326352,27,98
4,3,2,degree_preserving_null,0.1,0.17566692605581283,27,98
4,3,2,degree_preserving_null,1.0,0.17275747196551702,27,98
4,3,2,degree_preserving_null,10.0,0.16608226677844573,27,98
4,3,2,degree_preserving_null,100.0,0.18326370061805902,27,98
4,3,2,family_median,0.1,0.4734217444477333,27,98
4,3,2,family_median,1.0,0.4731959933877377,27,98
4,3,2,family_median,10.0,0.4718745086823946,27,98
4,3,2,family_median,100.0,0.4843973620615486,27,98
4,3,2,all_visible_ridge,0.1,0.08488344954703957,27,98
4,3,2,all_visible_ridge,1.0,0.06218586837497996,27,98
4,3,2,all_visible_ridge,10.0,0.0480577684032744,27,98
4,3,2,all_visible_ridge,100.0,0.04924814574952405,27,98
4,3,2,pca_matched_dimension,0.1,0.05466918778059007,27,98
4,3,2,pca_matched_dimension,1.0,0.054657440079910025,27,98
4,3,2,pca_matched_dimension,10.0,0.05470031447701218,27,98
4,3,2,pca_matched_dimension,100.0,0.06786922883999694,27,98
4,4,0,structural_median,0.1,0.1255435607800645,28,101
4,4,0,structural_median,1.0,0.12204049079802035,28,101
4,4,0,structural_median,10.0,0.11701807512678944,28,101
4,4,0,structural_median,100.0,0.1310117459052149,28,101
4,4,0,descriptor_local_svd,0.1,0.07790374854187464,28,101
4,4,0,descriptor_local_svd,1.0,0.08005643829477309,28,101
4,4,0,descriptor_local_svd,10.0,0.08825263402160635,28,101
4,4,0,descriptor_local_svd,100.0,0.11708772524029873,28,101
4,4,0,degree_preserving_null,0.1,0.20908581528275247,28,101
4,4,0,degree_preserving_null,1.0,0.20419325359951374,28,101
4,4,0,degree_preserving_null,10.0,0.19320429336660536,28,101
4,4,0,degree_preserving_null,100.0,0.20726555304680175,28,101
4,4,0,family_median,0.1,0.5256237525390077,28,101
4,4,0,family_median,1.0,0.5251808729025456,28,101
4,4,0,family_median,10.0,0.5218310888132063,28,101
4,4,0,family_median,100.0,0.5188457752912395,28,101
4,4,0,all_visible_ridge,0.1,0.10081975121963137,28,101
4,4,0,all_visible_ridge,1.0,0.06935328767716062,28,101
4,4,0,all_visible_ridge,10.0,0.052795888462005836,28,101
4,4,0,all_visible_ridge,100.0,0.05354758678045803,28,101
4,4,0,pca_matched_dimension,0.1,0.058472519007412745,28,101
4,4,0,pca_matched_dimension,1.0,0.058470980374202744,28,101
4,4,0,pca_matched_dimension,10.0,0.05861293567160676,28,101
4,4,0,pca_matched_dimension,100.0,0.07252188153668075,28,101
4,4,1,structural_median,0.1,0.1056684626937649,32,103
4,4,1,structural_median,1.0,0.10210801041201042,32,103
4,4,1,structural_median,10.0,0.09817670457410578,32,103
4,4,1,structural_median,100.0,0.11520075816182722,32,103
4,4,1,descriptor_local_svd,0.1,0.06151970774184985,32,103
4,4,1,descriptor_local_svd,1.0,0.06385175714445712,32,103
4,4,1,descriptor_local_svd,10.0,0.07277823831847485,32,103
4,4,1,descriptor_local_svd,100.0,0.10055881007313602,32,103
4,4,1,degree_preserving_null,0.1,0.16732924876029565,32,103
4,4,1,degree_preserving_null,1.0,0.16387517502801993,32,103
4,4,1,degree_preserving_null,10.0,0.15689923435616449,32,103
4,4,1,degree_preserving_null,100.0,0.1807734723875421,32,103
4,4,1,family_median,0.1,0.46231371086422823,32,103
4,4,1,family_median,1.0,0.46242710475503757,32,103
4,4,1,family_median,10.0,0.46394019637691525,32,103
4,4,1,family_median,100.0,0.48443483634316586,32,103
4,4,1,all_visible_ridge,0.1,0.07422568782725095,32,103
4,4,1,all_visible_ridge,1.0,0.04894939446047428,32,103
4,4,1,all_visible_ridge,10.0,0.038481853434350566,32,103
4,4,1,all_visible_ridge,100.0,0.04292911184900569,32,103
4,4,1,pca_matched_dimension,0.1,0.048936200900791274,32,103
4,4,1,pca_matched_dimension,1.0,0.04892178362403726,32,103
4,4,1,pca_matched_dimension,10.0,0.048910356262686444,32,103
4,4,1,pca_matched_dimension,100.0,0.05934838396814801,32,103
4,4,2,structural_median,0.1,0.11752445428084558,30,103
4,4,2,structural_median,1.0,0.11484035739781047,30,103
4,4,2,structural_median,10.0,0.11250741720150106,30,103
4,4,2,structural_median,100.0,0.13389797433287087,30,103
4,4,2,descriptor_local_svd,0.1,0.07442953633555108,30,103
4,4,2,descriptor_local_svd,1.0,0.07689559711248908,30,103
4,4,2,descriptor_local_svd,10.0,0.08576381451358461,30,103
4,4,2,descriptor_local_svd,100.0,0.1184995849116448,30,103
4,4,2,degree_preserving_null,0.1,0.19461409254742906,30,103
4,4,2,degree_preserving_null,1.0,0.19204994973728723,30,103
4,4,2,degree_preserving_null,10.0,0.1872789473468596,30,103
4,4,2,degree_preserving_null,100.0,0.20794637541273636,30,103
4,4,2,family_median,0.1,0.44579373098283237,30,103
4,4,2,family_median,1.0,0.44561705041294297,30,103
4,4,2,family_median,10.0,0.44446087550524843,30,103
4,4,2,family_median,100.0,0.45054036292299743,30,103
4,4,2,all_visible_ridge,0.1,0.09547736518822499,30,103
4,4,2,all_visible_ridge,1.0,0.06452099966349148,30,103
4,4,2,all_visible_ridge,10.0,0.04940969739830945,30,103
4,4,2,all_visible_ridge,100.0,0.053419142414199,30,103
4,4,2,pca_matched_dimension,0.1,0.059368673751933644,30,103
4,4,2,pca_matched_dimension,1.0,0.059382964902530734,30,103
4,4,2,pca_matched_dimension,10.0,0.0596853426012339,30,103
4,4,2,pca_matched_dimension,100.0,0.07535209583989923,30,103
