model,selection_candidate_metabolites,raw_transcript_genes,expression_signatures,interaction_count,pca_requested_components,pca_training_rank,pca_rank_capped,raw_metabolites,selected_metabolites,selected_signatures,empty_training_features,constant_training_features,transform_learned_parameters,representation_dimension,coefficient_count,target,repeat,outer_fold,selected_alpha,training_samples,test_samples,training_groups,test_groups,target_center,target_scale,training_target_constant,split_digest,elapsed_seconds
direct_neighbor_ridge,0,0,0,0,0,0,False,15,"[""alanine"", ""betaine"", ""cytidine"", ""dimethylglycine"", ""glutamate"", ""homocysteine"", ""isocitrate"", ""methionine"", ""ornithine"", ""proline"", ""sarcosine"", ""serine"", ""uridine"", ""xanthine"", ""xanthosine""]",[],0,0,30,15,16,AMP,0,0,100.0,697,179,16,2,5.876602736441894,0.3500566287910305,False,db1ab3680dcfc2deb10e2511ec28b70b27966d5a436d724be48267bcbf200acf,0.0698994118720293
direct_neighbor_ridge,0,0,0,0,0,0,False,15,"[""alanine"", ""betaine"", ""cytidine"", ""dimethylglycine"", ""glutamate"", ""homocysteine"", ""isocitrate"", ""methionine"", ""ornithine"", ""proline"", ""sarcosine"", ""serine"", ""uridine"", ""xanthine"", ""xanthosine""]",[],0,0,30,15,16,AMP,0,1,0.1,705,171,13,5,6.0308758873758865,0.5084438756529834,False,32d2e2f547f707a9f12d899e65a934275c9f49020e10d214973126d05910ec9c,0.06558865797705948
direct_neighbor_ridge,0,0,0,0,0,0,False,15,"[""alanine"", ""betaine"", ""cytidine"", ""dimethylglycine"", ""glutamate"", ""homocysteine"", ""isocitrate"", ""methionine"", ""ornithine"", ""proline"", ""sarcosine"", ""serine"", ""uridine"", ""xanthine"", ""xanthosine""]",[],0,0,30,15,16,AMP,0,2,0.1,700,176,13,5,6.004757570571429,0.5031283164328217,False,659dce4f66bf4ee0228513d024a4e287e9f1aa3957152332b1483ab0af67cb42,0.06365933897905052
direct_neighbor_ridge,0,0,0,0,0,0,False,15,"[""alanine"", ""betaine"", ""cytidine"", ""dimethylglycine"", ""glutamate"", ""homocysteine"", ""isocitrate"", ""methionine"", ""ornithine"", ""proline"", ""sarcosine"", ""serine"", ""uridine"", ""xanthine"", ""xanthosine""]",[],0,0,30,15,16,AMP,0,3,0.1,702,174,13,5,6.036753952706553,0.5105127136917674,False,9492e163b6ef19b0563b1ce8302b8e8794e2e4c9c8031c62ff9774a3f63f6f58,0.07064146199263632
direct_neighbor_ridge,0,0,0,0,0,0,False,15,"[""alanine"", ""betaine"", ""cytidine"", ""dimethylglycine"", ""glutamate"", ""homocysteine"", ""isocitrate"", ""methionine"", ""ornithine"", ""proline"", ""sarcosine"", ""serine"", ""uridine"", ""xanthine"", ""xanthosine""]",[],0,0,30,15,16,AMP,0,4,0.1,700,176,17,1,6.003706712428572,0.5019081462358086,False,cf9883e99ee1b956d01c2cb42a4d284b982ce23065d3616a5e1cced359e41fb5,0.08223738800734282
direct_neighbor_ridge,0,0,0,0,0,0,False,15,"[""alanine"", ""betaine"", ""cytidine"", ""dimethylglycine"", ""glutamate"", ""homocysteine"", ""isocitrate"", ""methionine"", ""ornithine"", ""proline"", ""sarcosine"", ""serine"", ""uridine"", ""xanthine"", ""xanthosine""]",[],0,0,30,15,16,AMP,1,0,0.1,705,171,13,5,6.0308758873758865,0.5084438756529834,False,32d2e2f547f707a9f12d899e65a934275c9f49020e10d214973126d05910ec9c,0.08000992401503026
direct_neighbor_ridge,0,0,0,0,0,0,False,15,"[""alanine"", ""betaine"", ""cytidine"", ""dimethylglycine"", ""glutamate"", ""homocysteine"", ""isocitrate"", ""methionine"", ""ornithine"", ""proline"", ""sarcosine"", ""serine"", ""uridine"", ""xanthine"", ""xanthosine""]",[],0,0,30,15,16,AMP,1,1,0.1,700,176,17,1,6.003706712428572,0.5019081462358086,False,cf9883e99ee1b956d01c2cb42a4d284b982ce23065d3616a5e1cced359e41fb5,0.07658676290884614
direct_neighbor_ridge,0,0,0,0,0,0,False,15,"[""alanine"", ""betaine"", ""cytidine"", ""dimethylglycine"", ""glutamate"", ""homocysteine"", ""isocitrate"", ""methionine"", ""ornithine"", ""proline"", ""sarcosine"", ""serine"", ""uridine"", ""xanthine"", ""xanthosine""]",[],0,0,30,15,16,AMP,1,2,100.0,697,179,16,2,5.876602736441894,0.3500566287910305,False,db1ab3680dcfc2deb10e2511ec28b70b27966d5a436d724be48267bcbf200acf,0.078138672048226
direct_neighbor_ridge,0,0,0,0,0,0,False,15,"[""alanine"", ""betaine"", ""cytidine"", ""dimethylglycine"", ""glutamate"", ""homocysteine"", ""isocitrate"", ""methionine"", ""ornithine"", ""proline"", ""sarcosine"", ""serine"", ""uridine"", ""xanthine"", ""xanthosine""]",[],0,0,30,15,16,AMP,1,3,0.1,700,176,13,5,6.004757570571429,0.5031283164328217,False,659dce4f66bf4ee0228513d024a4e287e9f1aa3957152332b1483ab0af67cb42,0.08107171510346234
direct_neighbor_ridge,0,0,0,0,0,0,False,15,"[""alanine"", ""betaine"", ""cytidine"", ""dimethylglycine"", ""glutamate"", ""homocysteine"", ""isocitrate"", ""methionine"", ""ornithine"", ""proline"", ""sarcosine"", ""serine"", ""uridine"", ""xanthine"", ""xanthosine""]",[],0,0,30,15,16,AMP,1,4,10.0,702,174,13,5,6.036753952706553,0.5105127136917674,False,9492e163b6ef19b0563b1ce8302b8e8794e2e4c9c8031c62ff9774a3f63f6f58,0.08073063800111413
direct_neighbor_ridge,0,0,0,0,0,0,False,5,"[""NAD"", ""aconitate"", ""adenine"", ""aspartate"", ""ornithine""]",[],0,0,10,5,6,CMP,0,0,10.0,697,179,16,2,5.881799451219512,0.3375083671874914,False,db1ab3680dcfc2deb10e2511ec28b70b27966d5a436d724be48267bcbf200acf,0.06391578284092247
direct_neighbor_ridge,0,0,0,0,0,0,False,5,"[""NAD"", ""aconitate"", ""adenine"", ""aspartate"", ""ornithine""]",[],0,0,10,5,6,CMP,0,1,0.1,705,171,13,5,6.017746583404255,0.47245130631595555,False,32d2e2f547f707a9f12d899e65a934275c9f49020e10d214973126d05910ec9c,0.07633134396746755
direct_neighbor_ridge,0,0,0,0,0,0,False,5,"[""NAD"", ""aconitate"", ""adenine"", ""aspartate"", ""ornithine""]",[],0,0,10,5,6,CMP,0,2,10.0,700,176,13,5,6.0109321772857145,0.461104447843522,False,659dce4f66bf4ee0228513d024a4e287e9f1aa3957152332b1483ab0af67cb42,0.07578072184696794
direct_neighbor_ridge,0,0,0,0,0,0,False,5,"[""NAD"", ""aconitate"", ""adenine"", ""aspartate"", ""ornithine""]",[],0,0,10,5,6,CMP,0,3,10.0,702,174,13,5,6.029179082051282,0.46845959043845226,False,9492e163b6ef19b0563b1ce8302b8e8794e2e4c9c8031c62ff9774a3f63f6f58,0.06225772597827017
direct_neighbor_ridge,0,0,0,0,0,0,False,5,"[""NAD"", ""aconitate"", ""adenine"", ""aspartate"", ""ornithine""]",[],0,0,10,5,6,CMP,0,4,0.1,700,176,17,1,5.992087687857143,0.4681468933552064,False,cf9883e99ee1b956d01c2cb42a4d284b982ce23065d3616a5e1cced359e41fb5,0.0821627271361649
direct_neighbor_ridge,0,0,0,0,0,0,False,5,"[""NAD"", ""aconitate"", ""adenine"", ""aspartate"", ""ornithine""]",[],0,0,10,5,6,CMP,1,0,0.1,705,171,13,5,6.017746583404255,0.47245130631595555,False,32d2e2f547f707a9f12d899e65a934275c9f49020e10d214973126d05910ec9c,0.07414161507040262
direct_neighbor_ridge,0,0,0,0,0,0,False,5,"[""NAD"", ""aconitate"", ""adenine"", ""aspartate"", ""ornithine""]",[],0,0,10,5,6,CMP,1,1,0.1,700,176,17,1,5.992087687857143,0.4681468933552064,False,cf9883e99ee1b956d01c2cb42a4d284b982ce23065d3616a5e1cced359e41fb5,0.07344698603264987
direct_neighbor_ridge,0,0,0,0,0,0,False,5,"[""NAD"", ""aconitate"", ""adenine"", ""aspartate"", ""ornithine""]",[],0,0,10,5,6,CMP,1,2,100.0,697,179,16,2,5.881799451219512,0.3375083671874914,False,db1ab3680dcfc2deb10e2511ec28b70b27966d5a436d724be48267bcbf200acf,0.06566859292797744
direct_neighbor_ridge,0,0,0,0,0,0,False,5,"[""NAD"", ""aconitate"", ""adenine"", ""aspartate"", ""ornithine""]",[],0,0,10,5,6,CMP,1,3,10.0,700,176,13,5,6.0109321772857145,0.461104447843522,False,659dce4f66bf4ee0228513d024a4e287e9f1aa3957152332b1483ab0af67cb42,0.11602651001885533
direct_neighbor_ridge,0,0,0,0,0,0,False,5,"[""NAD"", ""aconitate"", ""adenine"", ""aspartate"", ""ornithine""]",[],0,0,10,5,6,CMP,1,4,0.1,702,174,13,5,6.029179082051282,0.46845959043845226,False,9492e163b6ef19b0563b1ce8302b8e8794e2e4c9c8031c62ff9774a3f63f6f58,0.09990397817455232
direct_neighbor_ridge,0,0,0,0,0,0,False,5,"[""NAD"", ""betaine"", ""glutamate"", ""ornithine"", ""trimethylamine-N-oxide""]",[],0,0,10,5,6,GMP,0,0,10.0,697,179,16,2,5.9022510956958385,0.3718471387264023,False,db1ab3680dcfc2deb10e2511ec28b70b27966d5a436d724be48267bcbf200acf,0.057839584071189165
direct_neighbor_ridge,0,0,0,0,0,0,False,5,"[""NAD"", ""betaine"", ""glutamate"", ""ornithine"", ""trimethylamine-N-oxide""]",[],0,0,10,5,6,GMP,0,1,100.0,705,171,13,5,6.010947650212766,0.46377983172504383,False,32d2e2f547f707a9f12d899e65a934275c9f49020e10d214973126d05910ec9c,0.04729950288310647
direct_neighbor_ridge,0,0,0,0,0,0,False,5,"[""NAD"", ""betaine"", ""glutamate"", ""ornithine"", ""trimethylamine-N-oxide""]",[],0,0,10,5,6,GMP,0,2,100.0,700,176,13,5,5.9920470568571425,0.45731235719204294,False,659dce4f66bf4ee0228513d024a4e287e9f1aa3957152332b1483ab0af67cb42,0.05536764394491911
direct_neighbor_ridge,0,0,0,0,0,0,False,5,"[""NAD"", ""betaine"", ""glutamate"", ""ornithine"", ""trimethylamine-N-oxide""]",[],0,0,10,5,6,GMP,0,3,100.0,702,174,13,5,6.020292437606837,0.468773552378771,False,9492e163b6ef19b0563b1ce8302b8e8794e2e4c9c8031c62ff9774a3f63f6f58,0.05701253307051957
direct_neighbor_ridge,0,0,0,0,0,0,False,5,"[""NAD"", ""betaine"", ""glutamate"", ""ornithine"", ""trimethylamine-N-oxide""]",[],0,0,10,5,6,GMP,0,4,100.0,700,176,17,1,5.976454316428572,0.4636214295380626,False,cf9883e99ee1b956d01c2cb42a4d284b982ce23065d3616a5e1cced359e41fb5,0.06036790297366679
direct_neighbor_ridge,0,0,0,0,0,0,False,5,"[""NAD"", ""betaine"", ""glutamate"", ""ornithine"", ""trimethylamine-N-oxide""]",[],0,0,10,5,6,GMP,1,0,100.0,705,171,13,5,6.010947650212766,0.46377983172504383,False,32d2e2f547f707a9f12d899e65a934275c9f49020e10d214973126d05910ec9c,0.05865605198778212
direct_neighbor_ridge,0,0,0,0,0,0,False,5,"[""NAD"", ""betaine"", ""glutamate"", ""ornithine"", ""trimethylamine-N-oxide""]",[],0,0,10,5,6,GMP,1,1,100.0,700,176,17,1,5.976454316428572,0.4636214295380626,False,cf9883e99ee1b956d01c2cb42a4d284b982ce23065d3616a5e1cced359e41fb5,0.06091661914251745
direct_neighbor_ridge,0,0,0,0,0,0,False,5,"[""NAD"", ""betaine"", ""glutamate"", ""ornithine"", ""trimethylamine-N-oxide""]",[],0,0,10,5,6,GMP,1,2,10.0,697,179,16,2,5.9022510956958385,0.3718471387264023,False,db1ab3680dcfc2deb10e2511ec28b70b27966d5a436d724be48267bcbf200acf,0.06157805188558996
direct_neighbor_ridge,0,0,0,0,0,0,False,5,"[""NAD"", ""betaine"", ""glutamate"", ""ornithine"", ""trimethylamine-N-oxide""]",[],0,0,10,5,6,GMP,1,3,100.0,700,176,13,5,5.9920470568571425,0.45731235719204294,False,659dce4f66bf4ee0228513d024a4e287e9f1aa3957152332b1483ab0af67cb42,0.060499856946989894
direct_neighbor_ridge,0,0,0,0,0,0,False,5,"[""NAD"", ""betaine"", ""glutamate"", ""ornithine"", ""trimethylamine-N-oxide""]",[],0,0,10,5,6,GMP,1,4,100.0,702,174,13,5,6.020292437606837,0.468773552378771,False,9492e163b6ef19b0563b1ce8302b8e8794e2e4c9c8031c62ff9774a3f63f6f58,0.05799827980808914
direct_neighbor_ridge,0,0,0,0,0,0,False,15,"[""CMP"", ""GMP"", ""aconitate"", ""alanine"", ""carnosine"", ""dimethylglycine"", ""glycine"", ""kynurenine"", ""lysine"", ""phenylalanine"", ""sarcosine"", ""serine"", ""tyrosine"", ""uracil"", ""uridine""]",[],0,0,30,15,16,NAD,0,0,100.0,697,179,16,2,5.8592628566714495,0.273737772496672,False,db1ab3680dcfc2deb10e2511ec28b70b27966d5a436d724be48267bcbf200acf,0.07297325390391052
direct_neighbor_ridge,0,0,0,0,0,0,False,15,"[""CMP"", ""GMP"", ""aconitate"", ""alanine"", ""carnosine"", ""dimethylglycine"", ""glycine"", ""kynurenine"", ""lysine"", ""phenylalanine"", ""sarcosine"", ""serine"", ""tyrosine"", ""uracil"", ""uridine""]",[],0,0,30,15,16,NAD,0,1,100.0,705,171,13,5,5.83252649248227,0.3166483062230965,False,32d2e2f547f707a9f12d899e65a934275c9f49020e10d214973126d05910ec9c,0.06569338496774435
direct_neighbor_ridge,0,0,0,0,0,0,False,15,"[""CMP"", ""GMP"", ""aconitate"", ""alanine"", ""carnosine"", ""dimethylglycine"", ""glycine"", ""kynurenine"", ""lysine"", ""phenylalanine"", ""sarcosine"", ""serine"", ""tyrosine"", ""uracil"", ""uridine""]",[],0,0,30,15,16,NAD,0,2,100.0,700,176,13,5,5.829537320142857,0.3140293000367684,False,659dce4f66bf4ee0228513d024a4e287e9f1aa3957152332b1483ab0af67cb42,0.14677422889508307
direct_neighbor_ridge,0,0,0,0,0,0,False,15,"[""CMP"", ""GMP"", ""aconitate"", ""alanine"", ""carnosine"", ""dimethylglycine"", ""glycine"", ""kynurenine"", ""lysine"", ""phenylalanine"", ""sarcosine"", ""serine"", ""tyrosine"", ""uracil"", ""uridine""]",[],0,0,30,15,16,NAD,0,3,10.0,702,174,13,5,5.849133417236467,0.30221474081553895,False,9492e163b6ef19b0563b1ce8302b8e8794e2e4c9c8031c62ff9774a3f63f6f58,0.09640809404663742
direct_neighbor_ridge,0,0,0,0,0,0,False,15,"[""CMP"", ""GMP"", ""aconitate"", ""alanine"", ""carnosine"", ""dimethylglycine"", ""glycine"", ""kynurenine"", ""lysine"", ""phenylalanine"", ""sarcosine"", ""serine"", ""tyrosine"", ""uracil"", ""uridine""]",[],0,0,30,15,16,NAD,0,4,100.0,700,176,17,1,5.835856427857143,0.30880467410775864,False,cf9883e99ee1b956d01c2cb42a4d284b982ce23065d3616a5e1cced359e41fb5,0.07174953306093812
direct_neighbor_ridge,0,0,0,0,0,0,False,15,"[""CMP"", ""GMP"", ""aconitate"", ""alanine"", ""carnosine"", ""dimethylglycine"", ""glycine"", ""kynurenine"", ""lysine"", ""phenylalanine"", ""sarcosine"", ""serine"", ""tyrosine"", ""uracil"", ""uridine""]",[],0,0,30,15,16,NAD,1,0,100.0,705,171,13,5,5.83252649248227,0.3166483062230965,False,32d2e2f547f707a9f12d899e65a934275c9f49020e10d214973126d05910ec9c,0.05810826411470771
direct_neighbor_ridge,0,0,0,0,0,0,False,15,"[""CMP"", ""GMP"", ""aconitate"", ""alanine"", ""carnosine"", ""dimethylglycine"", ""glycine"", ""kynurenine"", ""lysine"", ""phenylalanine"", ""sarcosine"", ""serine"", ""tyrosine"", ""uracil"", ""uridine""]",[],0,0,30,15,16,NAD,1,1,100.0,700,176,17,1,5.835856427857143,0.30880467410775864,False,cf9883e99ee1b956d01c2cb42a4d284b982ce23065d3616a5e1cced359e41fb5,0.07057325402274728
direct_neighbor_ridge,0,0,0,0,0,0,False,15,"[""CMP"", ""GMP"", ""aconitate"", ""alanine"", ""carnosine"", ""dimethylglycine"", ""glycine"", ""kynurenine"", ""lysine"", ""phenylalanine"", ""sarcosine"", ""serine"", ""tyrosine"", ""uracil"", ""uridine""]",[],0,0,30,15,16,NAD,1,2,10.0,697,179,16,2,5.8592628566714495,0.273737772496672,False,db1ab3680dcfc2deb10e2511ec28b70b27966d5a436d724be48267bcbf200acf,0.07795433886349201
direct_neighbor_ridge,0,0,0,0,0,0,False,15,"[""CMP"", ""GMP"", ""aconitate"", ""alanine"", ""carnosine"", ""dimethylglycine"", ""glycine"", ""kynurenine"", ""lysine"", ""phenylalanine"", ""sarcosine"", ""serine"", ""tyrosine"", ""uracil"", ""uridine""]",[],0,0,30,15,16,NAD,1,3,100.0,700,176,13,5,5.829537320142857,0.3140293000367684,False,659dce4f66bf4ee0228513d024a4e287e9f1aa3957152332b1483ab0af67cb42,0.07304203603416681
direct_neighbor_ridge,0,0,0,0,0,0,False,15,"[""CMP"", ""GMP"", ""aconitate"", ""alanine"", ""carnosine"", ""dimethylglycine"", ""glycine"", ""kynurenine"", ""lysine"", ""phenylalanine"", ""sarcosine"", ""serine"", ""tyrosine"", ""uracil"", ""uridine""]",[],0,0,30,15,16,NAD,1,4,10.0,702,174,13,5,5.849133417236467,0.30221474081553895,False,9492e163b6ef19b0563b1ce8302b8e8794e2e4c9c8031c62ff9774a3f63f6f58,0.07601145002990961
direct_neighbor_ridge,0,0,0,0,0,0,False,19,"[""AMP"", ""CMP"", ""UMP"", ""adenine"", ""adenosine"", ""asparagine"", ""aspartate"", ""carnosine"", ""choline"", ""citrate"", ""glycine"", ""histidine"", ""homocysteine"", ""hypoxanthine"", ""leucine"", ""ornithine"", ""oxalate"", ""phenylalanine"", ""valine""]",[],0,0,38,19,20,NADP,0,0,100.0,697,179,16,2,5.964262021233859,0.3620365863705779,False,db1ab3680dcfc2deb10e2511ec28b70b27966d5a436d724be48267bcbf200acf,0.07469025300815701
direct_neighbor_ridge,0,0,0,0,0,0,False,19,"[""AMP"", ""CMP"", ""UMP"", ""adenine"", ""adenosine"", ""asparagine"", ""aspartate"", ""carnosine"", ""choline"", ""citrate"", ""glycine"", ""histidine"", ""homocysteine"", ""hypoxanthine"", ""leucine"", ""ornithine"", ""oxalate"", ""phenylalanine"", ""valine""]",[],0,0,38,19,20,NADP,0,1,100.0,705,171,13,5,5.924742738723404,0.373625630639,False,32d2e2f547f707a9f12d899e65a934275c9f49020e10d214973126d05910ec9c,0.08036786899901927
direct_neighbor_ridge,0,0,0,0,0,0,False,19,"[""AMP"", ""CMP"", ""UMP"", ""adenine"", ""adenosine"", ""asparagine"", ""aspartate"", ""carnosine"", ""choline"", ""citrate"", ""glycine"", ""histidine"", ""homocysteine"", ""hypoxanthine"", ""leucine"", ""ornithine"", ""oxalate"", ""phenylalanine"", ""valine""]",[],0,0,38,19,20,NADP,0,2,100.0,700,176,13,5,5.893307024142857,0.36362936668919077,False,659dce4f66bf4ee0228513d024a4e287e9f1aa3957152332b1483ab0af67cb42,0.07746474188752472
direct_neighbor_ridge,0,0,0,0,0,0,False,19,"[""AMP"", ""CMP"", ""UMP"", ""adenine"", ""adenosine"", ""asparagine"", ""aspartate"", ""carnosine"", ""choline"", ""citrate"", ""glycine"", ""histidine"", ""homocysteine"", ""hypoxanthine"", ""leucine"", ""ornithine"", ""oxalate"", ""phenylalanine"", ""valine""]",[],0,0,38,19,20,NADP,0,3,100.0,702,174,13,5,5.922061383618234,0.3605050337536695,False,9492e163b6ef19b0563b1ce8302b8e8794e2e4c9c8031c62ff9774a3f63f6f58,0.0763671591412276
direct_neighbor_ridge,0,0,0,0,0,0,False,19,"[""AMP"", ""CMP"", ""UMP"", ""adenine"", ""adenosine"", ""asparagine"", ""aspartate"", ""carnosine"", ""choline"", ""citrate"", ""glycine"", ""histidine"", ""homocysteine"", ""hypoxanthine"", ""leucine"", ""ornithine"", ""oxalate"", ""phenylalanine"", ""valine""]",[],0,0,38,19,20,NADP,0,4,100.0,700,176,17,1,5.8943222774285715,0.34709365585279683,False,cf9883e99ee1b956d01c2cb42a4d284b982ce23065d3616a5e1cced359e41fb5,0.07538531604222953
direct_neighbor_ridge,0,0,0,0,0,0,False,19,"[""AMP"", ""CMP"", ""UMP"", ""adenine"", ""adenosine"", ""asparagine"", ""aspartate"", ""carnosine"", ""choline"", ""citrate"", ""glycine"", ""histidine"", ""homocysteine"", ""hypoxanthine"", ""leucine"", ""ornithine"", ""oxalate"", ""phenylalanine"", ""valine""]",[],0,0,38,19,20,NADP,1,0,100.0,705,171,13,5,5.924742738723404,0.373625630639,False,32d2e2f547f707a9f12d899e65a934275c9f49020e10d214973126d05910ec9c,0.08148937905207276
direct_neighbor_ridge,0,0,0,0,0,0,False,19,"[""AMP"", ""CMP"", ""UMP"", ""adenine"", ""adenosine"", ""asparagine"", ""aspartate"", ""carnosine"", ""choline"", ""citrate"", ""glycine"", ""histidine"", ""homocysteine"", ""hypoxanthine"", ""leucine"", ""ornithine"", ""oxalate"", ""phenylalanine"", ""valine""]",[],0,0,38,19,20,NADP,1,1,100.0,700,176,17,1,5.8943222774285715,0.34709365585279683,False,cf9883e99ee1b956d01c2cb42a4d284b982ce23065d3616a5e1cced359e41fb5,0.08113279705867171
direct_neighbor_ridge,0,0,0,0,0,0,False,19,"[""AMP"", ""CMP"", ""UMP"", ""adenine"", ""adenosine"", ""asparagine"", ""aspartate"", ""carnosine"", ""choline"", ""citrate"", ""glycine"", ""histidine"", ""homocysteine"", ""hypoxanthine"", ""leucine"", ""ornithine"", ""oxalate"", ""phenylalanine"", ""valine""]",[],0,0,38,19,20,NADP,1,2,100.0,697,179,16,2,5.964262021233859,0.3620365863705779,False,db1ab3680dcfc2deb10e2511ec28b70b27966d5a436d724be48267bcbf200acf,0.0821985921356827
direct_neighbor_ridge,0,0,0,0,0,0,False,19,"[""AMP"", ""CMP"", ""UMP"", ""adenine"", ""adenosine"", ""asparagine"", ""aspartate"", ""carnosine"", ""choline"", ""citrate"", ""glycine"", ""histidine"", ""homocysteine"", ""hypoxanthine"", ""leucine"", ""ornithine"", ""oxalate"", ""phenylalanine"", ""valine""]",[],0,0,38,19,20,NADP,1,3,100.0,700,176,13,5,5.893307024142857,0.36362936668919077,False,659dce4f66bf4ee0228513d024a4e287e9f1aa3957152332b1483ab0af67cb42,0.08675987715832889
direct_neighbor_ridge,0,0,0,0,0,0,False,19,"[""AMP"", ""CMP"", ""UMP"", ""adenine"", ""adenosine"", ""asparagine"", ""aspartate"", ""carnosine"", ""choline"", ""citrate"", ""glycine"", ""histidine"", ""homocysteine"", ""hypoxanthine"", ""leucine"", ""ornithine"", ""oxalate"", ""phenylalanine"", ""valine""]",[],0,0,38,19,20,NADP,1,4,100.0,702,174,13,5,5.922061383618234,0.3605050337536695,False,9492e163b6ef19b0563b1ce8302b8e8794e2e4c9c8031c62ff9774a3f63f6f58,0.13151718489825726
direct_neighbor_ridge,0,0,0,0,0,0,False,5,"[""NAD"", ""alanine"", ""choline"", ""citrulline"", ""kynurenine""]",[],0,0,10,5,6,UMP,0,0,100.0,697,179,16,2,5.8803286489239595,0.3673249774248067,False,db1ab3680dcfc2deb10e2511ec28b70b27966d5a436d724be48267bcbf200acf,0.09239936899393797
direct_neighbor_ridge,0,0,0,0,0,0,False,5,"[""NAD"", ""alanine"", ""choline"", ""citrulline"", ""kynurenine""]",[],0,0,10,5,6,UMP,0,1,100.0,705,171,13,5,6.046802519858156,0.5194126213200596,False,32d2e2f547f707a9f12d899e65a934275c9f49020e10d214973126d05910ec9c,0.07103957701474428
direct_neighbor_ridge,0,0,0,0,0,0,False,5,"[""NAD"", ""alanine"", ""choline"", ""citrulline"", ""kynurenine""]",[],0,0,10,5,6,UMP,0,2,100.0,700,176,13,5,6.0201290528571425,0.508479905148374,False,659dce4f66bf4ee0228513d024a4e287e9f1aa3957152332b1483ab0af67cb42,0.07965982402674854
direct_neighbor_ridge,0,0,0,0,0,0,False,5,"[""NAD"", ""alanine"", ""choline"", ""citrulline"", ""kynurenine""]",[],0,0,10,5,6,UMP,0,3,10.0,702,174,13,5,6.04453301980057,0.5234043492380395,False,9492e163b6ef19b0563b1ce8302b8e8794e2e4c9c8031c62ff9774a3f63f6f58,0.09814644395373762
direct_neighbor_ridge,0,0,0,0,0,0,False,5,"[""NAD"", ""alanine"", ""choline"", ""citrulline"", ""kynurenine""]",[],0,0,10,5,6,UMP,0,4,100.0,700,176,17,1,6.0070047598571445,0.5168236538621338,False,cf9883e99ee1b956d01c2cb42a4d284b982ce23065d3616a5e1cced359e41fb5,0.08498690486885607
direct_neighbor_ridge,0,0,0,0,0,0,False,5,"[""NAD"", ""alanine"", ""choline"", ""citrulline"", ""kynurenine""]",[],0,0,10,5,6,UMP,1,0,100.0,705,171,13,5,6.046802519858156,0.5194126213200596,False,32d2e2f547f707a9f12d899e65a934275c9f49020e10d214973126d05910ec9c,0.09235578309744596
direct_neighbor_ridge,0,0,0,0,0,0,False,5,"[""NAD"", ""alanine"", ""choline"", ""citrulline"", ""kynurenine""]",[],0,0,10,5,6,UMP,1,1,100.0,700,176,17,1,6.0070047598571445,0.5168236538621338,False,cf9883e99ee1b956d01c2cb42a4d284b982ce23065d3616a5e1cced359e41fb5,0.09445103793404996
direct_neighbor_ridge,0,0,0,0,0,0,False,5,"[""NAD"", ""alanine"", ""choline"", ""citrulline"", ""kynurenine""]",[],0,0,10,5,6,UMP,1,2,100.0,697,179,16,2,5.8803286489239595,0.3673249774248067,False,db1ab3680dcfc2deb10e2511ec28b70b27966d5a436d724be48267bcbf200acf,0.07174464012496173
direct_neighbor_ridge,0,0,0,0,0,0,False,5,"[""NAD"", ""alanine"", ""choline"", ""citrulline"", ""kynurenine""]",[],0,0,10,5,6,UMP,1,3,10.0,700,176,13,5,6.0201290528571425,0.508479905148374,False,659dce4f66bf4ee0228513d024a4e287e9f1aa3957152332b1483ab0af67cb42,0.07590351300314069
direct_neighbor_ridge,0,0,0,0,0,0,False,5,"[""NAD"", ""alanine"", ""choline"", ""citrulline"", ""kynurenine""]",[],0,0,10,5,6,UMP,1,4,100.0,702,174,13,5,6.04453301980057,0.5234043492380395,False,9492e163b6ef19b0563b1ce8302b8e8794e2e4c9c8031c62ff9774a3f63f6f58,0.07202260382473469
direct_neighbor_ridge,0,0,0,0,0,0,False,1,"[""thymine""]",[],0,0,2,1,2,acetylcholine,0,0,100.0,697,179,16,2,5.659545420659971,0.9034786933874055,False,db1ab3680dcfc2deb10e2511ec28b70b27966d5a436d724be48267bcbf200acf,0.04956598998978734
direct_neighbor_ridge,0,0,0,0,0,0,False,1,"[""thymine""]",[],0,0,2,1,2,acetylcholine,0,1,100.0,705,171,13,5,5.700987920851063,0.901549377737082,False,32d2e2f547f707a9f12d899e65a934275c9f49020e10d214973126d05910ec9c,0.06097754300571978
direct_neighbor_ridge,0,0,0,0,0,0,False,1,"[""thymine""]",[],0,0,2,1,2,acetylcholine,0,2,100.0,700,176,13,5,5.708044984285714,0.9098811471364079,False,659dce4f66bf4ee0228513d024a4e287e9f1aa3957152332b1483ab0af67cb42,0.053682487923651934
direct_neighbor_ridge,0,0,0,0,0,0,False,1,"[""thymine""]",[],0,0,2,1,2,acetylcholine,0,3,100.0,702,174,13,5,5.713083329344729,0.9000553995988789,False,9492e163b6ef19b0563b1ce8302b8e8794e2e4c9c8031c62ff9774a3f63f6f58,0.05452561005949974
direct_neighbor_ridge,0,0,0,0,0,0,False,1,"[""thymine""]",[],0,0,2,1,2,acetylcholine,0,4,100.0,700,176,17,1,5.586330824285715,0.8863693262476297,False,cf9883e99ee1b956d01c2cb42a4d284b982ce23065d3616a5e1cced359e41fb5,0.05308573413640261
direct_neighbor_ridge,0,0,0,0,0,0,False,1,"[""thymine""]",[],0,0,2,1,2,acetylcholine,1,0,100.0,705,171,13,5,5.700987920851063,0.901549377737082,False,32d2e2f547f707a9f12d899e65a934275c9f49020e10d214973126d05910ec9c,0.0532188699580729
direct_neighbor_ridge,0,0,0,0,0,0,False,1,"[""thymine""]",[],0,0,2,1,2,acetylcholine,1,1,100.0,700,176,17,1,5.586330824285715,0.8863693262476297,False,cf9883e99ee1b956d01c2cb42a4d284b982ce23065d3616a5e1cced359e41fb5,0.05556989391334355
direct_neighbor_ridge,0,0,0,0,0,0,False,1,"[""thymine""]",[],0,0,2,1,2,acetylcholine,1,2,100.0,697,179,16,2,5.659545420659971,0.9034786933874055,False,db1ab3680dcfc2deb10e2511ec28b70b27966d5a436d724be48267bcbf200acf,0.05982093815691769
direct_neighbor_ridge,0,0,0,0,0,0,False,1,"[""thymine""]",[],0,0,2,1,2,acetylcholine,1,3,100.0,700,176,13,5,5.708044984285714,0.9098811471364079,False,659dce4f66bf4ee0228513d024a4e287e9f1aa3957152332b1483ab0af67cb42,0.05812842305749655
direct_neighbor_ridge,0,0,0,0,0,0,False,1,"[""thymine""]",[],0,0,2,1,2,acetylcholine,1,4,100.0,702,174,13,5,5.713083329344729,0.9000553995988789,False,9492e163b6ef19b0563b1ce8302b8e8794e2e4c9c8031c62ff9774a3f63f6f58,0.05663363006897271
direct_neighbor_ridge,0,0,0,0,0,0,False,2,"[""adenosine"", ""cytidine""]",[],0,0,4,2,3,aconitate,0,0,100.0,697,179,16,2,5.869085316068866,0.29352602161706304,False,db1ab3680dcfc2deb10e2511ec28b70b27966d5a436d724be48267bcbf200acf,0.058749134885147214
direct_neighbor_ridge,0,0,0,0,0,0,False,2,"[""adenosine"", ""cytidine""]",[],0,0,4,2,3,aconitate,0,1,0.1,705,171,13,5,5.80245032141844,0.31475097153342196,False,32d2e2f547f707a9f12d899e65a934275c9f49020e10d214973126d05910ec9c,0.056543923914432526
direct_neighbor_ridge,0,0,0,0,0,0,False,2,"[""adenosine"", ""cytidine""]",[],0,0,4,2,3,aconitate,0,2,0.1,700,176,13,5,5.810027651857142,0.305354314605211,False,659dce4f66bf4ee0228513d024a4e287e9f1aa3957152332b1483ab0af67cb42,0.05428189621306956
direct_neighbor_ridge,0,0,0,0,0,0,False,2,"[""adenosine"", ""cytidine""]",[],0,0,4,2,3,aconitate,0,3,0.1,702,174,13,5,5.8194074274928775,0.30426103660559667,False,9492e163b6ef19b0563b1ce8302b8e8794e2e4c9c8031c62ff9774a3f63f6f58,0.05349249695427716
direct_neighbor_ridge,0,0,0,0,0,0,False,2,"[""adenosine"", ""cytidine""]",[],0,0,4,2,3,aconitate,0,4,100.0,700,176,17,1,5.833991273857143,0.3116707085063351,False,cf9883e99ee1b956d01c2cb42a4d284b982ce23065d3616a5e1cced359e41fb5,0.05842706304974854
direct_neighbor_ridge,0,0,0,0,0,0,False,2,"[""adenosine"", ""cytidine""]",[],0,0,4,2,3,aconitate,1,0,0.1,705,171,13,5,5.80245032141844,0.31475097153342196,False,32d2e2f547f707a9f12d899e65a934275c9f49020e10d214973126d05910ec9c,0.061566047836095095
direct_neighbor_ridge,0,0,0,0,0,0,False,2,"[""adenosine"", ""cytidine""]",[],0,0,4,2,3,aconitate,1,1,10.0,700,176,17,1,5.833991273857143,0.3116707085063351,False,cf9883e99ee1b956d01c2cb42a4d284b982ce23065d3616a5e1cced359e41fb5,0.06347279204055667
direct_neighbor_ridge,0,0,0,0,0,0,False,2,"[""adenosine"", ""cytidine""]",[],0,0,4,2,3,aconitate,1,2,100.0,697,179,16,2,5.869085316068866,0.29352602161706304,False,db1ab3680dcfc2deb10e2511ec28b70b27966d5a436d724be48267bcbf200acf,0.06964295101352036
direct_neighbor_ridge,0,0,0,0,0,0,False,2,"[""adenosine"", ""cytidine""]",[],0,0,4,2,3,aconitate,1,3,100.0,700,176,13,5,5.810027651857142,0.305354314605211,False,659dce4f66bf4ee0228513d024a4e287e9f1aa3957152332b1483ab0af67cb42,0.08514629700221121
direct_neighbor_ridge,0,0,0,0,0,0,False,2,"[""adenosine"", ""cytidine""]",[],0,0,4,2,3,aconitate,1,4,0.1,702,174,13,5,5.8194074274928775,0.30426103660559667,False,9492e163b6ef19b0563b1ce8302b8e8794e2e4c9c8031c62ff9774a3f63f6f58,0.07933483715169132
direct_neighbor_ridge,0,0,0,0,0,0,False,2,"[""NAD"", ""isocitrate""]",[],0,0,4,2,3,adenine,0,0,100.0,697,179,16,2,5.874204923529412,0.34214960869733474,False,db1ab3680dcfc2deb10e2511ec28b70b27966d5a436d724be48267bcbf200acf,0.07473516394384205
direct_neighbor_ridge,0,0,0,0,0,0,False,2,"[""NAD"", ""isocitrate""]",[],0,0,4,2,3,adenine,0,1,0.1,705,171,13,5,5.9312896307801415,0.3566075982980052,False,32d2e2f547f707a9f12d899e65a934275c9f49020e10d214973126d05910ec9c,0.10984870605170727
direct_neighbor_ridge,0,0,0,0,0,0,False,2,"[""NAD"", ""isocitrate""]",[],0,0,4,2,3,adenine,0,2,0.1,700,176,13,5,5.925568285714287,0.3546125934251921,False,659dce4f66bf4ee0228513d024a4e287e9f1aa3957152332b1483ab0af67cb42,0.15064621507190168
direct_neighbor_ridge,0,0,0,0,0,0,False,2,"[""NAD"", ""isocitrate""]",[],0,0,4,2,3,adenine,0,3,100.0,702,174,13,5,5.939394801851851,0.3634544913962929,False,9492e163b6ef19b0563b1ce8302b8e8794e2e4c9c8031c62ff9774a3f63f6f58,0.09035162907093763
direct_neighbor_ridge,0,0,0,0,0,0,False,2,"[""NAD"", ""isocitrate""]",[],0,0,4,2,3,adenine,0,4,0.1,700,176,17,1,5.922040124714285,0.3757034409504105,False,cf9883e99ee1b956d01c2cb42a4d284b982ce23065d3616a5e1cced359e41fb5,0.07144055515527725
direct_neighbor_ridge,0,0,0,0,0,0,False,2,"[""NAD"", ""isocitrate""]",[],0,0,4,2,3,adenine,1,0,0.1,705,171,13,5,5.9312896307801415,0.3566075982980052,False,32d2e2f547f707a9f12d899e65a934275c9f49020e10d214973126d05910ec9c,0.06819174787960947
direct_neighbor_ridge,0,0,0,0,0,0,False,2,"[""NAD"", ""isocitrate""]",[],0,0,4,2,3,adenine,1,1,0.1,700,176,17,1,5.922040124714285,0.3757034409504105,False,cf9883e99ee1b956d01c2cb42a4d284b982ce23065d3616a5e1cced359e41fb5,0.0699488481041044
direct_neighbor_ridge,0,0,0,0,0,0,False,2,"[""NAD"", ""isocitrate""]",[],0,0,4,2,3,adenine,1,2,100.0,697,179,16,2,5.874204923529412,0.34214960869733474,False,db1ab3680dcfc2deb10e2511ec28b70b27966d5a436d724be48267bcbf200acf,0.10626705014146864
direct_neighbor_ridge,0,0,0,0,0,0,False,2,"[""NAD"", ""isocitrate""]",[],0,0,4,2,3,adenine,1,3,0.1,700,176,13,5,5.925568285714287,0.3546125934251921,False,659dce4f66bf4ee0228513d024a4e287e9f1aa3957152332b1483ab0af67cb42,0.07999525591731071
direct_neighbor_ridge,0,0,0,0,0,0,False,2,"[""NAD"", ""isocitrate""]",[],0,0,4,2,3,adenine,1,4,0.1,702,174,13,5,5.939394801851851,0.3634544913962929,False,9492e163b6ef19b0563b1ce8302b8e8794e2e4c9c8031c62ff9774a3f63f6f58,0.07173699513077736
direct_neighbor_ridge,0,0,0,0,0,0,False,4,"[""citrulline"", ""glucuronate"", ""glutamate"", ""inositol""]",[],0,0,8,4,5,adenosine,0,0,0.1,697,179,16,2,5.889763096987087,0.5899105462602858,False,db1ab3680dcfc2deb10e2511ec28b70b27966d5a436d724be48267bcbf200acf,0.07153986697085202
direct_neighbor_ridge,0,0,0,0,0,0,False,4,"[""citrulline"", ""glucuronate"", ""glutamate"", ""inositol""]",[],0,0,8,4,5,adenosine,0,1,0.1,705,171,13,5,5.826710083829787,0.5566391017151358,False,32d2e2f547f707a9f12d899e65a934275c9f49020e10d214973126d05910ec9c,0.09825307410210371
direct_neighbor_ridge,0,0,0,0,0,0,False,4,"[""citrulline"", ""glucuronate"", ""glutamate"", ""inositol""]",[],0,0,8,4,5,adenosine,0,2,0.1,700,176,13,5,5.880261045142857,0.564616432252999,False,659dce4f66bf4ee0228513d024a4e287e9f1aa3957152332b1483ab0af67cb42,0.10635372181423008
direct_neighbor_ridge,0,0,0,0,0,0,False,4,"[""citrulline"", ""glucuronate"", ""glutamate"", ""inositol""]",[],0,0,8,4,5,adenosine,0,3,10.0,702,174,13,5,5.8464648170940166,0.5743075987654248,False,9492e163b6ef19b0563b1ce8302b8e8794e2e4c9c8031c62ff9774a3f63f6f58,0.10794977890327573
direct_neighbor_ridge,0,0,0,0,0,0,False,4,"[""citrulline"", ""glucuronate"", ""glutamate"", ""inositol""]",[],0,0,8,4,5,adenosine,0,4,0.1,700,176,17,1,5.822932310714286,0.5820115277556642,False,cf9883e99ee1b956d01c2cb42a4d284b982ce23065d3616a5e1cced359e41fb5,0.07225792785175145
direct_neighbor_ridge,0,0,0,0,0,0,False,4,"[""citrulline"", ""glucuronate"", ""glutamate"", ""inositol""]",[],0,0,8,4,5,adenosine,1,0,0.1,705,171,13,5,5.826710083829787,0.5566391017151358,False,32d2e2f547f707a9f12d899e65a934275c9f49020e10d214973126d05910ec9c,0.07256931718438864
direct_neighbor_ridge,0,0,0,0,0,0,False,4,"[""citrulline"", ""glucuronate"", ""glutamate"", ""inositol""]",[],0,0,8,4,5,adenosine,1,1,0.1,700,176,17,1,5.822932310714286,0.5820115277556642,False,cf9883e99ee1b956d01c2cb42a4d284b982ce23065d3616a5e1cced359e41fb5,0.06416928116232157
direct_neighbor_ridge,0,0,0,0,0,0,False,4,"[""citrulline"", ""glucuronate"", ""glutamate"", ""inositol""]",[],0,0,8,4,5,adenosine,1,2,0.1,697,179,16,2,5.889763096987087,0.5899105462602858,False,db1ab3680dcfc2deb10e2511ec28b70b27966d5a436d724be48267bcbf200acf,0.07619723188690841
direct_neighbor_ridge,0,0,0,0,0,0,False,4,"[""citrulline"", ""glucuronate"", ""glutamate"", ""inositol""]",[],0,0,8,4,5,adenosine,1,3,0.1,700,176,13,5,5.880261045142857,0.564616432252999,False,659dce4f66bf4ee0228513d024a4e287e9f1aa3957152332b1483ab0af67cb42,0.055544930044561625
direct_neighbor_ridge,0,0,0,0,0,0,False,4,"[""citrulline"", ""glucuronate"", ""glutamate"", ""inositol""]",[],0,0,8,4,5,adenosine,1,4,10.0,702,174,13,5,5.8464648170940166,0.5743075987654248,False,9492e163b6ef19b0563b1ce8302b8e8794e2e4c9c8031c62ff9774a3f63f6f58,0.08535338402725756
direct_neighbor_ridge,0,0,0,0,0,0,False,5,"[""NAD"", ""beta-alanine"", ""phenylalanine"", ""sarcosine"", ""tyrosine""]",[],0,0,10,5,6,alanine,0,0,100.0,697,179,16,2,5.909789567575323,0.3726797820270718,False,db1ab3680dcfc2deb10e2511ec28b70b27966d5a436d724be48267bcbf200acf,0.08029147516936064
direct_neighbor_ridge,0,0,0,0,0,0,False,5,"[""NAD"", ""beta-alanine"", ""phenylalanine"", ""sarcosine"", ""tyrosine""]",[],0,0,10,5,6,alanine,0,1,100.0,705,171,13,5,5.858488998156029,0.3904771460922022,False,32d2e2f547f707a9f12d899e65a934275c9f49020e10d214973126d05910ec9c,0.06460203300230205
direct_neighbor_ridge,0,0,0,0,0,0,False,5,"[""NAD"", ""beta-alanine"", ""phenylalanine"", ""sarcosine"", ""tyrosine""]",[],0,0,10,5,6,alanine,0,2,100.0,700,176,13,5,5.822541076857142,0.38433692877401887,False,659dce4f66bf4ee0228513d024a4e287e9f1aa3957152332b1483ab0af67cb42,0.07442768476903439
direct_neighbor_ridge,0,0,0,0,0,0,False,5,"[""NAD"", ""beta-alanine"", ""phenylalanine"", ""sarcosine"", ""tyrosine""]",[],0,0,10,5,6,alanine,0,3,100.0,702,174,13,5,5.857928736894587,0.3876645862607939,False,9492e163b6ef19b0563b1ce8302b8e8794e2e4c9c8031c62ff9774a3f63f6f58,0.06686122319661081
direct_neighbor_ridge,0,0,0,0,0,0,False,5,"[""NAD"", ""beta-alanine"", ""phenylalanine"", ""sarcosine"", ""tyrosine""]",[],0,0,10,5,6,alanine,0,4,10.0,700,176,17,1,5.8615306351428575,0.38301923456583287,False,cf9883e99ee1b956d01c2cb42a4d284b982ce23065d3616a5e1cced359e41fb5,0.06410844903439283
direct_neighbor_ridge,0,0,0,0,0,0,False,5,"[""NAD"", ""beta-alanine"", ""phenylalanine"", ""sarcosine"", ""tyrosine""]",[],0,0,10,5,6,alanine,1,0,100.0,705,171,13,5,5.858488998156029,0.3904771460922022,False,32d2e2f547f707a9f12d899e65a934275c9f49020e10d214973126d05910ec9c,0.06562563311308622
direct_neighbor_ridge,0,0,0,0,0,0,False,5,"[""NAD"", ""beta-alanine"", ""phenylalanine"", ""sarcosine"", ""tyrosine""]",[],0,0,10,5,6,alanine,1,1,10.0,700,176,17,1,5.8615306351428575,0.38301923456583287,False,cf9883e99ee1b956d01c2cb42a4d284b982ce23065d3616a5e1cced359e41fb5,0.06704909703694284
direct_neighbor_ridge,0,0,0,0,0,0,False,5,"[""NAD"", ""beta-alanine"", ""phenylalanine"", ""sarcosine"", ""tyrosine""]",[],0,0,10,5,6,alanine,1,2,100.0,697,179,16,2,5.909789567575323,0.3726797820270718,False,db1ab3680dcfc2deb10e2511ec28b70b27966d5a436d724be48267bcbf200acf,0.06836280599236488
direct_neighbor_ridge,0,0,0,0,0,0,False,5,"[""NAD"", ""beta-alanine"", ""phenylalanine"", ""sarcosine"", ""tyrosine""]",[],0,0,10,5,6,alanine,1,3,100.0,700,176,13,5,5.822541076857142,0.38433692877401887,False,659dce4f66bf4ee0228513d024a4e287e9f1aa3957152332b1483ab0af67cb42,0.06829708116129041
direct_neighbor_ridge,0,0,0,0,0,0,False,5,"[""NAD"", ""beta-alanine"", ""phenylalanine"", ""sarcosine"", ""tyrosine""]",[],0,0,10,5,6,alanine,1,4,100.0,702,174,13,5,5.857928736894587,0.3876645862607939,False,9492e163b6ef19b0563b1ce8302b8e8794e2e4c9c8031c62ff9774a3f63f6f58,0.06573181599378586
direct_neighbor_ridge,0,0,0,0,0,0,False,4,"[""AMP"", ""CMP"", ""aspartate"", ""beta-alanine""]",[],0,0,8,4,5,arginine,0,0,100.0,697,179,16,2,5.863509545050215,0.2892319453010906,False,db1ab3680dcfc2deb10e2511ec28b70b27966d5a436d724be48267bcbf200acf,0.06828082608990371
direct_neighbor_ridge,0,0,0,0,0,0,False,4,"[""AMP"", ""CMP"", ""aspartate"", ""beta-alanine""]",[],0,0,8,4,5,arginine,0,1,100.0,705,171,13,5,5.815171706666666,0.31845379830911313,False,32d2e2f547f707a9f12d899e65a934275c9f49020e10d214973126d05910ec9c,0.12579744798131287
direct_neighbor_ridge,0,0,0,0,0,0,False,4,"[""AMP"", ""CMP"", ""aspartate"", ""beta-alanine""]",[],0,0,8,4,5,arginine,0,2,100.0,700,176,13,5,5.805769005428571,0.30185736890451725,False,659dce4f66bf4ee0228513d024a4e287e9f1aa3957152332b1483ab0af67cb42,0.1033279630355537
direct_neighbor_ridge,0,0,0,0,0,0,False,4,"[""AMP"", ""CMP"", ""aspartate"", ""beta-alanine""]",[],0,0,8,4,5,arginine,0,3,100.0,702,174,13,5,5.817618240883191,0.30757781466220807,False,9492e163b6ef19b0563b1ce8302b8e8794e2e4c9c8031c62ff9774a3f63f6f58,0.10798026900738478
direct_neighbor_ridge,0,0,0,0,0,0,False,4,"[""AMP"", ""CMP"", ""aspartate"", ""beta-alanine""]",[],0,0,8,4,5,arginine,0,4,10.0,700,176,17,1,5.814149637428571,0.29315784153849683,False,cf9883e99ee1b956d01c2cb42a4d284b982ce23065d3616a5e1cced359e41fb5,0.06500738998875022
direct_neighbor_ridge,0,0,0,0,0,0,False,4,"[""AMP"", ""CMP"", ""aspartate"", ""beta-alanine""]",[],0,0,8,4,5,arginine,1,0,100.0,705,171,13,5,5.815171706666666,0.31845379830911313,False,32d2e2f547f707a9f12d899e65a934275c9f49020e10d214973126d05910ec9c,0.2618047569412738
direct_neighbor_ridge,0,0,0,0,0,0,False,4,"[""AMP"", ""CMP"", ""aspartate"", ""beta-alanine""]",[],0,0,8,4,5,arginine,1,1,10.0,700,176,17,1,5.814149637428571,0.29315784153849683,False,cf9883e99ee1b956d01c2cb42a4d284b982ce23065d3616a5e1cced359e41fb5,0.141779116820544
direct_neighbor_ridge,0,0,0,0,0,0,False,4,"[""AMP"", ""CMP"", ""aspartate"", ""beta-alanine""]",[],0,0,8,4,5,arginine,1,2,100.0,697,179,16,2,5.863509545050215,0.2892319453010906,False,db1ab3680dcfc2deb10e2511ec28b70b27966d5a436d724be48267bcbf200acf,0.0748037260491401
direct_neighbor_ridge,0,0,0,0,0,0,False,4,"[""AMP"", ""CMP"", ""aspartate"", ""beta-alanine""]",[],0,0,8,4,5,arginine,1,3,100.0,700,176,13,5,5.805769005428571,0.30185736890451725,False,659dce4f66bf4ee0228513d024a4e287e9f1aa3957152332b1483ab0af67cb42,0.0845596450380981
direct_neighbor_ridge,0,0,0,0,0,0,False,4,"[""AMP"", ""CMP"", ""aspartate"", ""beta-alanine""]",[],0,0,8,4,5,arginine,1,4,100.0,702,174,13,5,5.817618240883191,0.30757781466220807,False,9492e163b6ef19b0563b1ce8302b8e8794e2e4c9c8031c62ff9774a3f63f6f58,0.059020055923610926
direct_neighbor_ridge,0,0,0,0,0,0,False,1,"[""ornithine""]",[],0,0,2,1,2,asparagine,0,0,0.1,697,179,16,2,5.770933249067432,0.5547028758197723,False,db1ab3680dcfc2deb10e2511ec28b70b27966d5a436d724be48267bcbf200acf,0.059659685008227825
direct_neighbor_ridge,0,0,0,0,0,0,False,1,"[""ornithine""]",[],0,0,2,1,2,asparagine,0,1,0.1,705,171,13,5,5.822742776737589,0.5073316430090837,False,32d2e2f547f707a9f12d899e65a934275c9f49020e10d214973126d05910ec9c,0.08157263998873532
direct_neighbor_ridge,0,0,0,0,0,0,False,1,"[""ornithine""]",[],0,0,2,1,2,asparagine,0,2,10.0,700,176,13,5,5.760654128285714,0.5062160501130749,False,659dce4f66bf4ee0228513d024a4e287e9f1aa3957152332b1483ab0af67cb42,0.0727061319630593
direct_neighbor_ridge,0,0,0,0,0,0,False,1,"[""ornithine""]",[],0,0,2,1,2,asparagine,0,3,0.1,702,174,13,5,5.834951135327635,0.4986691932677111,False,9492e163b6ef19b0563b1ce8302b8e8794e2e4c9c8031c62ff9774a3f63f6f58,0.07158867781981826
direct_neighbor_ridge,0,0,0,0,0,0,False,1,"[""ornithine""]",[],0,0,2,1,2,asparagine,0,4,0.1,700,176,17,1,5.7793045951428565,0.5296973350103227,False,cf9883e99ee1b956d01c2cb42a4d284b982ce23065d3616a5e1cced359e41fb5,0.08291159593500197
direct_neighbor_ridge,0,0,0,0,0,0,False,1,"[""ornithine""]",[],0,0,2,1,2,asparagine,1,0,0.1,705,171,13,5,5.822742776737589,0.5073316430090837,False,32d2e2f547f707a9f12d899e65a934275c9f49020e10d214973126d05910ec9c,0.06438142317347229
direct_neighbor_ridge,0,0,0,0,0,0,False,1,"[""ornithine""]",[],0,0,2,1,2,asparagine,1,1,0.1,700,176,17,1,5.7793045951428565,0.5296973350103227,False,cf9883e99ee1b956d01c2cb42a4d284b982ce23065d3616a5e1cced359e41fb5,0.07329362514428794
direct_neighbor_ridge,0,0,0,0,0,0,False,1,"[""ornithine""]",[],0,0,2,1,2,asparagine,1,2,0.1,697,179,16,2,5.770933249067432,0.5547028758197723,False,db1ab3680dcfc2deb10e2511ec28b70b27966d5a436d724be48267bcbf200acf,0.05577967781573534
direct_neighbor_ridge,0,0,0,0,0,0,False,1,"[""ornithine""]",[],0,0,2,1,2,asparagine,1,3,100.0,700,176,13,5,5.760654128285714,0.5062160501130749,False,659dce4f66bf4ee0228513d024a4e287e9f1aa3957152332b1483ab0af67cb42,0.053762937895953655
direct_neighbor_ridge,0,0,0,0,0,0,False,1,"[""ornithine""]",[],0,0,2,1,2,asparagine,1,4,0.1,702,174,13,5,5.834951135327635,0.4986691932677111,False,9492e163b6ef19b0563b1ce8302b8e8794e2e4c9c8031c62ff9774a3f63f6f58,0.0512338331900537
direct_neighbor_ridge,0,0,0,0,0,0,False,5,"[""NAD"", ""NADP"", ""glycine"", ""homocysteine"", ""lysine""]",[],0,0,10,5,6,aspartate,0,0,100.0,697,179,16,2,5.880295525824964,0.31459989253788373,False,db1ab3680dcfc2deb10e2511ec28b70b27966d5a436d724be48267bcbf200acf,0.11125151603482664
direct_neighbor_ridge,0,0,0,0,0,0,False,5,"[""NAD"", ""NADP"", ""glycine"", ""homocysteine"", ""lysine""]",[],0,0,10,5,6,aspartate,0,1,100.0,705,171,13,5,5.874632417021277,0.31483712856725005,False,32d2e2f547f707a9f12d899e65a934275c9f49020e10d214973126d05910ec9c,0.08557181106880307
direct_neighbor_ridge,0,0,0,0,0,0,False,5,"[""NAD"", ""NADP"", ""glycine"", ""homocysteine"", ""lysine""]",[],0,0,10,5,6,aspartate,0,2,100.0,700,176,13,5,5.847491705857142,0.3070662955662841,False,659dce4f66bf4ee0228513d024a4e287e9f1aa3957152332b1483ab0af67cb42,0.09073019213974476
direct_neighbor_ridge,0,0,0,0,0,0,False,5,"[""NAD"", ""NADP"", ""glycine"", ""homocysteine"", ""lysine""]",[],0,0,10,5,6,aspartate,0,3,100.0,702,174,13,5,5.891541375356125,0.30470940794430695,False,9492e163b6ef19b0563b1ce8302b8e8794e2e4c9c8031c62ff9774a3f63f6f58,0.08781872014515102
direct_neighbor_ridge,0,0,0,0,0,0,False,5,"[""NAD"", ""NADP"", ""glycine"", ""homocysteine"", ""lysine""]",[],0,0,10,5,6,aspartate,0,4,100.0,700,176,17,1,5.858449629857143,0.3205310760569602,False,cf9883e99ee1b956d01c2cb42a4d284b982ce23065d3616a5e1cced359e41fb5,0.06351690599694848
direct_neighbor_ridge,0,0,0,0,0,0,False,5,"[""NAD"", ""NADP"", ""glycine"", ""homocysteine"", ""lysine""]",[],0,0,10,5,6,aspartate,1,0,100.0,705,171,13,5,5.874632417021277,0.31483712856725005,False,32d2e2f547f707a9f12d899e65a934275c9f49020e10d214973126d05910ec9c,0.05598911107517779
direct_neighbor_ridge,0,0,0,0,0,0,False,5,"[""NAD"", ""NADP"", ""glycine"", ""homocysteine"", ""lysine""]",[],0,0,10,5,6,aspartate,1,1,100.0,700,176,17,1,5.858449629857143,0.3205310760569602,False,cf9883e99ee1b956d01c2cb42a4d284b982ce23065d3616a5e1cced359e41fb5,0.0575165709014982
direct_neighbor_ridge,0,0,0,0,0,0,False,5,"[""NAD"", ""NADP"", ""glycine"", ""homocysteine"", ""lysine""]",[],0,0,10,5,6,aspartate,1,2,100.0,697,179,16,2,5.880295525824964,0.31459989253788373,False,db1ab3680dcfc2deb10e2511ec28b70b27966d5a436d724be48267bcbf200acf,0.056081748800352216
direct_neighbor_ridge,0,0,0,0,0,0,False,5,"[""NAD"", ""NADP"", ""glycine"", ""homocysteine"", ""lysine""]",[],0,0,10,5,6,aspartate,1,3,100.0,700,176,13,5,5.847491705857142,0.3070662955662841,False,659dce4f66bf4ee0228513d024a4e287e9f1aa3957152332b1483ab0af67cb42,0.0574534370098263
direct_neighbor_ridge,0,0,0,0,0,0,False,5,"[""NAD"", ""NADP"", ""glycine"", ""homocysteine"", ""lysine""]",[],0,0,10,5,6,aspartate,1,4,100.0,702,174,13,5,5.891541375356125,0.30470940794430695,False,9492e163b6ef19b0563b1ce8302b8e8794e2e4c9c8031c62ff9774a3f63f6f58,0.056568284053355455
direct_neighbor_ridge,0,0,0,0,0,0,False,7,"[""CMP"", ""alanine"", ""betaine"", ""choline"", ""dimethylglycine"", ""glycine"", ""uracil""]",[],0,0,14,7,8,beta-alanine,0,0,0.1,697,179,16,2,5.89606564619799,0.38552157905093615,False,db1ab3680dcfc2deb10e2511ec28b70b27966d5a436d724be48267bcbf200acf,0.0580260269343853
direct_neighbor_ridge,0,0,0,0,0,0,False,7,"[""CMP"", ""alanine"", ""betaine"", ""choline"", ""dimethylglycine"", ""glycine"", ""uracil""]",[],0,0,14,7,8,beta-alanine,0,1,100.0,705,171,13,5,5.88588785106383,0.37906560080676954,False,32d2e2f547f707a9f12d899e65a934275c9f49020e10d214973126d05910ec9c,0.07390106189996004
direct_neighbor_ridge,0,0,0,0,0,0,False,7,"[""CMP"", ""alanine"", ""betaine"", ""choline"", ""dimethylglycine"", ""glycine"", ""uracil""]",[],0,0,14,7,8,beta-alanine,0,2,100.0,700,176,13,5,5.858867382571429,0.37488335636279413,False,659dce4f66bf4ee0228513d024a4e287e9f1aa3957152332b1483ab0af67cb42,0.06128513882867992
direct_neighbor_ridge,0,0,0,0,0,0,False,7,"[""CMP"", ""alanine"", ""betaine"", ""choline"", ""dimethylglycine"", ""glycine"", ""uracil""]",[],0,0,14,7,8,beta-alanine,0,3,100.0,702,174,13,5,5.889754005413106,0.3645264448798111,False,9492e163b6ef19b0563b1ce8302b8e8794e2e4c9c8031c62ff9774a3f63f6f58,0.0586630729958415
direct_neighbor_ridge,0,0,0,0,0,0,False,7,"[""CMP"", ""alanine"", ""betaine"", ""choline"", ""dimethylglycine"", ""glycine"", ""uracil""]",[],0,0,14,7,8,beta-alanine,0,4,10.0,700,176,17,1,5.876934778285714,0.37122422318563114,False,cf9883e99ee1b956d01c2cb42a4d284b982ce23065d3616a5e1cced359e41fb5,0.06900288793258369
direct_neighbor_ridge,0,0,0,0,0,0,False,7,"[""CMP"", ""alanine"", ""betaine"", ""choline"", ""dimethylglycine"", ""glycine"", ""uracil""]",[],0,0,14,7,8,beta-alanine,1,0,100.0,705,171,13,5,5.88588785106383,0.37906560080676954,False,32d2e2f547f707a9f12d899e65a934275c9f49020e10d214973126d05910ec9c,0.08376089786179364
direct_neighbor_ridge,0,0,0,0,0,0,False,7,"[""CMP"", ""alanine"", ""betaine"", ""choline"", ""dimethylglycine"", ""glycine"", ""uracil""]",[],0,0,14,7,8,beta-alanine,1,1,10.0,700,176,17,1,5.876934778285714,0.37122422318563114,False,cf9883e99ee1b956d01c2cb42a4d284b982ce23065d3616a5e1cced359e41fb5,0.07549228705465794
direct_neighbor_ridge,0,0,0,0,0,0,False,7,"[""CMP"", ""alanine"", ""betaine"", ""choline"", ""dimethylglycine"", ""glycine"", ""uracil""]",[],0,0,14,7,8,beta-alanine,1,2,0.1,697,179,16,2,5.89606564619799,0.38552157905093615,False,db1ab3680dcfc2deb10e2511ec28b70b27966d5a436d724be48267bcbf200acf,0.07882577087730169
direct_neighbor_ridge,0,0,0,0,0,0,False,7,"[""CMP"", ""alanine"", ""betaine"", ""choline"", ""dimethylglycine"", ""glycine"", ""uracil""]",[],0,0,14,7,8,beta-alanine,1,3,100.0,700,176,13,5,5.858867382571429,0.37488335636279413,False,659dce4f66bf4ee0228513d024a4e287e9f1aa3957152332b1483ab0af67cb42,0.06661018100567162
direct_neighbor_ridge,0,0,0,0,0,0,False,7,"[""CMP"", ""alanine"", ""betaine"", ""choline"", ""dimethylglycine"", ""glycine"", ""uracil""]",[],0,0,14,7,8,beta-alanine,1,4,100.0,702,174,13,5,5.889754005413106,0.3645264448798111,False,9492e163b6ef19b0563b1ce8302b8e8794e2e4c9c8031c62ff9774a3f63f6f58,0.07199898804537952
direct_neighbor_ridge,0,0,0,0,0,0,False,5,"[""AMP"", ""CMP"", ""GMP"", ""glutamate"", ""xanthine""]",[],0,0,10,5,6,betaine,0,0,10.0,697,179,16,2,5.8714377137733145,0.18159899344090086,False,db1ab3680dcfc2deb10e2511ec28b70b27966d5a436d724be48267bcbf200acf,0.06052753492258489
direct_neighbor_ridge,0,0,0,0,0,0,False,5,"[""AMP"", ""CMP"", ""GMP"", ""glutamate"", ""xanthine""]",[],0,0,10,5,6,betaine,0,1,10.0,705,171,13,5,5.844790105815603,0.2090158756680175,False,32d2e2f547f707a9f12d899e65a934275c9f49020e10d214973126d05910ec9c,0.05951238702982664
direct_neighbor_ridge,0,0,0,0,0,0,False,5,"[""AMP"", ""CMP"", ""GMP"", ""glutamate"", ""xanthine""]",[],0,0,10,5,6,betaine,0,2,10.0,700,176,13,5,5.823641747,0.19709735634486064,False,659dce4f66bf4ee0228513d024a4e287e9f1aa3957152332b1483ab0af67cb42,0.05911901104263961
direct_neighbor_ridge,0,0,0,0,0,0,False,5,"[""AMP"", ""CMP"", ""GMP"", ""glutamate"", ""xanthine""]",[],0,0,10,5,6,betaine,0,3,100.0,702,174,13,5,5.841853994301995,0.20015594660079908,False,9492e163b6ef19b0563b1ce8302b8e8794e2e4c9c8031c62ff9774a3f63f6f58,0.05799392610788345
direct_neighbor_ridge,0,0,0,0,0,0,False,5,"[""AMP"", ""CMP"", ""GMP"", ""glutamate"", ""xanthine""]",[],0,0,10,5,6,betaine,0,4,100.0,700,176,17,1,5.841625063428572,0.19284290121241865,False,cf9883e99ee1b956d01c2cb42a4d284b982ce23065d3616a5e1cced359e41fb5,0.06825506803579628
direct_neighbor_ridge,0,0,0,0,0,0,False,5,"[""AMP"", ""CMP"", ""GMP"", ""glutamate"", ""xanthine""]",[],0,0,10,5,6,betaine,1,0,10.0,705,171,13,5,5.844790105815603,0.2090158756680175,False,32d2e2f547f707a9f12d899e65a934275c9f49020e10d214973126d05910ec9c,0.0629304489120841
direct_neighbor_ridge,0,0,0,0,0,0,False,5,"[""AMP"", ""CMP"", ""GMP"", ""glutamate"", ""xanthine""]",[],0,0,10,5,6,betaine,1,1,100.0,700,176,17,1,5.841625063428572,0.19284290121241865,False,cf9883e99ee1b956d01c2cb42a4d284b982ce23065d3616a5e1cced359e41fb5,0.10126173705793917
direct_neighbor_ridge,0,0,0,0,0,0,False,5,"[""AMP"", ""CMP"", ""GMP"", ""glutamate"", ""xanthine""]",[],0,0,10,5,6,betaine,1,2,10.0,697,179,16,2,5.8714377137733145,0.18159899344090086,False,db1ab3680dcfc2deb10e2511ec28b70b27966d5a436d724be48267bcbf200acf,0.08088864292949438
direct_neighbor_ridge,0,0,0,0,0,0,False,5,"[""AMP"", ""CMP"", ""GMP"", ""glutamate"", ""xanthine""]",[],0,0,10,5,6,betaine,1,3,10.0,700,176,13,5,5.823641747,0.19709735634486064,False,659dce4f66bf4ee0228513d024a4e287e9f1aa3957152332b1483ab0af67cb42,0.07789739896543324
direct_neighbor_ridge,0,0,0,0,0,0,False,5,"[""AMP"", ""CMP"", ""GMP"", ""glutamate"", ""xanthine""]",[],0,0,10,5,6,betaine,1,4,10.0,702,174,13,5,5.841853994301995,0.20015594660079908,False,9492e163b6ef19b0563b1ce8302b8e8794e2e4c9c8031c62ff9774a3f63f6f58,0.1137101398780942
direct_neighbor_ridge,0,0,0,0,0,0,False,1,"[""glutamate""]",[],0,0,2,1,2,cAMP,0,0,100.0,697,179,16,2,5.950858155093256,0.2858460941092765,False,db1ab3680dcfc2deb10e2511ec28b70b27966d5a436d724be48267bcbf200acf,0.059269853169098496
direct_neighbor_ridge,0,0,0,0,0,0,False,1,"[""glutamate""]",[],0,0,2,1,2,cAMP,0,1,0.1,705,171,13,5,5.9900215581560285,0.2949595974021159,False,32d2e2f547f707a9f12d899e65a934275c9f49020e10d214973126d05910ec9c,0.06403933395631611
direct_neighbor_ridge,0,0,0,0,0,0,False,1,"[""glutamate""]",[],0,0,2,1,2,cAMP,0,2,100.0,700,176,13,5,5.979318919714286,0.3061051247886878,False,659dce4f66bf4ee0228513d024a4e287e9f1aa3957152332b1483ab0af67cb42,0.11961355502717197
direct_neighbor_ridge,0,0,0,0,0,0,False,1,"[""glutamate""]",[],0,0,2,1,2,cAMP,0,3,100.0,702,174,13,5,5.992108657692308,0.3013222098747822,False,9492e163b6ef19b0563b1ce8302b8e8794e2e4c9c8031c62ff9774a3f63f6f58,0.05255527584813535
direct_neighbor_ridge,0,0,0,0,0,0,False,1,"[""glutamate""]",[],0,0,2,1,2,cAMP,0,4,100.0,700,176,17,1,6.001160348428571,0.2957637599772958,False,cf9883e99ee1b956d01c2cb42a4d284b982ce23065d3616a5e1cced359e41fb5,0.05646020406857133
direct_neighbor_ridge,0,0,0,0,0,0,False,1,"[""glutamate""]",[],0,0,2,1,2,cAMP,1,0,0.1,705,171,13,5,5.9900215581560285,0.2949595974021159,False,32d2e2f547f707a9f12d899e65a934275c9f49020e10d214973126d05910ec9c,0.0698611568659544
direct_neighbor_ridge,0,0,0,0,0,0,False,1,"[""glutamate""]",[],0,0,2,1,2,cAMP,1,1,0.1,700,176,17,1,6.001160348428571,0.2957637599772958,False,cf9883e99ee1b956d01c2cb42a4d284b982ce23065d3616a5e1cced359e41fb5,0.061462999088689685
direct_neighbor_ridge,0,0,0,0,0,0,False,1,"[""glutamate""]",[],0,0,2,1,2,cAMP,1,2,10.0,697,179,16,2,5.950858155093256,0.2858460941092765,False,db1ab3680dcfc2deb10e2511ec28b70b27966d5a436d724be48267bcbf200acf,0.08438800810836256
direct_neighbor_ridge,0,0,0,0,0,0,False,1,"[""glutamate""]",[],0,0,2,1,2,cAMP,1,3,0.1,700,176,13,5,5.979318919714286,0.3061051247886878,False,659dce4f66bf4ee0228513d024a4e287e9f1aa3957152332b1483ab0af67cb42,0.06675148895010352
direct_neighbor_ridge,0,0,0,0,0,0,False,1,"[""glutamate""]",[],0,0,2,1,2,cAMP,1,4,100.0,702,174,13,5,5.992108657692308,0.3013222098747822,False,9492e163b6ef19b0563b1ce8302b8e8794e2e4c9c8031c62ff9774a3f63f6f58,0.05764021794311702
direct_neighbor_ridge,0,0,0,0,0,0,False,3,"[""NAD"", ""glycine"", ""thymine""]",[],0,0,6,3,4,carnosine,0,0,100.0,697,179,16,2,5.848187210903874,0.3346815694032456,False,db1ab3680dcfc2deb10e2511ec28b70b27966d5a436d724be48267bcbf200acf,0.06435051001608372
direct_neighbor_ridge,0,0,0,0,0,0,False,3,"[""NAD"", ""glycine"", ""thymine""]",[],0,0,6,3,4,carnosine,0,1,100.0,705,171,13,5,5.717911871205674,0.4169635505808757,False,32d2e2f547f707a9f12d899e65a934275c9f49020e10d214973126d05910ec9c,0.06365437805652618
direct_neighbor_ridge,0,0,0,0,0,0,False,3,"[""NAD"", ""glycine"", ""thymine""]",[],0,0,6,3,4,carnosine,0,2,100.0,700,176,13,5,5.728871635,0.406759957033559,False,659dce4f66bf4ee0228513d024a4e287e9f1aa3957152332b1483ab0af67cb42,0.07116223289631307
direct_neighbor_ridge,0,0,0,0,0,0,False,3,"[""NAD"", ""glycine"", ""thymine""]",[],0,0,6,3,4,carnosine,0,3,100.0,702,174,13,5,5.720513488319089,0.41215713156509043,False,9492e163b6ef19b0563b1ce8302b8e8794e2e4c9c8031c62ff9774a3f63f6f58,0.06451116711832583
direct_neighbor_ridge,0,0,0,0,0,0,False,3,"[""NAD"", ""glycine"", ""thymine""]",[],0,0,6,3,4,carnosine,0,4,100.0,700,176,17,1,5.747184804428572,0.40402742531557306,False,cf9883e99ee1b956d01c2cb42a4d284b982ce23065d3616a5e1cced359e41fb5,0.05923584499396384
direct_neighbor_ridge,0,0,0,0,0,0,False,3,"[""NAD"", ""glycine"", ""thymine""]",[],0,0,6,3,4,carnosine,1,0,100.0,705,171,13,5,5.717911871205674,0.4169635505808757,False,32d2e2f547f707a9f12d899e65a934275c9f49020e10d214973126d05910ec9c,0.06441480107605457
direct_neighbor_ridge,0,0,0,0,0,0,False,3,"[""NAD"", ""glycine"", ""thymine""]",[],0,0,6,3,4,carnosine,1,1,100.0,700,176,17,1,5.747184804428572,0.40402742531557306,False,cf9883e99ee1b956d01c2cb42a4d284b982ce23065d3616a5e1cced359e41fb5,0.07917678309604526
direct_neighbor_ridge,0,0,0,0,0,0,False,3,"[""NAD"", ""glycine"", ""thymine""]",[],0,0,6,3,4,carnosine,1,2,100.0,697,179,16,2,5.848187210903874,0.3346815694032456,False,db1ab3680dcfc2deb10e2511ec28b70b27966d5a436d724be48267bcbf200acf,0.10279506514780223
direct_neighbor_ridge,0,0,0,0,0,0,False,3,"[""NAD"", ""glycine"", ""thymine""]",[],0,0,6,3,4,carnosine,1,3,100.0,700,176,13,5,5.728871635,0.406759957033559,False,659dce4f66bf4ee0228513d024a4e287e9f1aa3957152332b1483ab0af67cb42,0.08579028700478375
direct_neighbor_ridge,0,0,0,0,0,0,False,3,"[""NAD"", ""glycine"", ""thymine""]",[],0,0,6,3,4,carnosine,1,4,100.0,702,174,13,5,5.720513488319089,0.41215713156509043,False,9492e163b6ef19b0563b1ce8302b8e8794e2e4c9c8031c62ff9774a3f63f6f58,0.07094967504963279
direct_neighbor_ridge,0,0,0,0,0,0,False,3,"[""glutamate"", ""xanthine"", ""xanthosine""]",[],0,0,6,3,4,choline,0,0,100.0,697,179,16,2,5.8239385981348635,0.338166872104974,False,db1ab3680dcfc2deb10e2511ec28b70b27966d5a436d724be48267bcbf200acf,0.15121618402190506
direct_neighbor_ridge,0,0,0,0,0,0,False,3,"[""glutamate"", ""xanthine"", ""xanthosine""]",[],0,0,6,3,4,choline,0,1,100.0,705,171,13,5,5.859232645531915,0.32003460065194833,False,32d2e2f547f707a9f12d899e65a934275c9f49020e10d214973126d05910ec9c,0.06970389396883547
direct_neighbor_ridge,0,0,0,0,0,0,False,3,"[""glutamate"", ""xanthine"", ""xanthosine""]",[],0,0,6,3,4,choline,0,2,100.0,700,176,13,5,5.867582237714285,0.32489858486978823,False,659dce4f66bf4ee0228513d024a4e287e9f1aa3957152332b1483ab0af67cb42,0.09727302915416658
direct_neighbor_ridge,0,0,0,0,0,0,False,3,"[""glutamate"", ""xanthine"", ""xanthosine""]",[],0,0,6,3,4,choline,0,3,100.0,702,174,13,5,5.8625390531339026,0.3226075591600372,False,9492e163b6ef19b0563b1ce8302b8e8794e2e4c9c8031c62ff9774a3f63f6f58,0.06950738606974483
direct_neighbor_ridge,0,0,0,0,0,0,False,3,"[""glutamate"", ""xanthine"", ""xanthosine""]",[],0,0,6,3,4,choline,0,4,100.0,700,176,17,1,5.852284691285713,0.32270601790601433,False,cf9883e99ee1b956d01c2cb42a4d284b982ce23065d3616a5e1cced359e41fb5,0.06777014001272619
direct_neighbor_ridge,0,0,0,0,0,0,False,3,"[""glutamate"", ""xanthine"", ""xanthosine""]",[],0,0,6,3,4,choline,1,0,100.0,705,171,13,5,5.859232645531915,0.32003460065194833,False,32d2e2f547f707a9f12d899e65a934275c9f49020e10d214973126d05910ec9c,0.06848854385316372
direct_neighbor_ridge,0,0,0,0,0,0,False,3,"[""glutamate"", ""xanthine"", ""xanthosine""]",[],0,0,6,3,4,choline,1,1,100.0,700,176,17,1,5.852284691285713,0.32270601790601433,False,cf9883e99ee1b956d01c2cb42a4d284b982ce23065d3616a5e1cced359e41fb5,0.07224835501983762
direct_neighbor_ridge,0,0,0,0,0,0,False,3,"[""glutamate"", ""xanthine"", ""xanthosine""]",[],0,0,6,3,4,choline,1,2,100.0,697,179,16,2,5.8239385981348635,0.338166872104974,False,db1ab3680dcfc2deb10e2511ec28b70b27966d5a436d724be48267bcbf200acf,0.07283549290150404
direct_neighbor_ridge,0,0,0,0,0,0,False,3,"[""glutamate"", ""xanthine"", ""xanthosine""]",[],0,0,6,3,4,choline,1,3,0.1,700,176,13,5,5.867582237714285,0.32489858486978823,False,659dce4f66bf4ee0228513d024a4e287e9f1aa3957152332b1483ab0af67cb42,0.07777964090928435
direct_neighbor_ridge,0,0,0,0,0,0,False,3,"[""glutamate"", ""xanthine"", ""xanthosine""]",[],0,0,6,3,4,choline,1,4,100.0,702,174,13,5,5.8625390531339026,0.3226075591600372,False,9492e163b6ef19b0563b1ce8302b8e8794e2e4c9c8031c62ff9774a3f63f6f58,0.07906929193995893
direct_neighbor_ridge,0,0,0,0,0,0,False,2,"[""phenylalanine"", ""urate""]",[],0,0,4,2,3,citrate,0,0,100.0,697,179,16,2,5.856802146628407,0.28662588456419313,False,db1ab3680dcfc2deb10e2511ec28b70b27966d5a436d724be48267bcbf200acf,0.09319447912275791
direct_neighbor_ridge,0,0,0,0,0,0,False,2,"[""phenylalanine"", ""urate""]",[],0,0,4,2,3,citrate,0,1,0.1,705,171,13,5,5.791562419007092,0.33160955849208257,False,32d2e2f547f707a9f12d899e65a934275c9f49020e10d214973126d05910ec9c,0.05440027196891606
direct_neighbor_ridge,0,0,0,0,0,0,False,2,"[""phenylalanine"", ""urate""]",[],0,0,4,2,3,citrate,0,2,0.1,700,176,13,5,5.796659042428571,0.3209738076981834,False,659dce4f66bf4ee0228513d024a4e287e9f1aa3957152332b1483ab0af67cb42,0.07394565409049392
direct_neighbor_ridge,0,0,0,0,0,0,False,2,"[""phenylalanine"", ""urate""]",[],0,0,4,2,3,citrate,0,3,0.1,702,174,13,5,5.816074590598291,0.3172362249439492,False,9492e163b6ef19b0563b1ce8302b8e8794e2e4c9c8031c62ff9774a3f63f6f58,0.06220902199856937
direct_neighbor_ridge,0,0,0,0,0,0,False,2,"[""phenylalanine"", ""urate""]",[],0,0,4,2,3,citrate,0,4,0.1,700,176,17,1,5.8187439961428575,0.3243083616569265,False,cf9883e99ee1b956d01c2cb42a4d284b982ce23065d3616a5e1cced359e41fb5,0.056963020004332066
direct_neighbor_ridge,0,0,0,0,0,0,False,2,"[""phenylalanine"", ""urate""]",[],0,0,4,2,3,citrate,1,0,0.1,705,171,13,5,5.791562419007092,0.33160955849208257,False,32d2e2f547f707a9f12d899e65a934275c9f49020e10d214973126d05910ec9c,0.05129022803157568
direct_neighbor_ridge,0,0,0,0,0,0,False,2,"[""phenylalanine"", ""urate""]",[],0,0,4,2,3,citrate,1,1,10.0,700,176,17,1,5.8187439961428575,0.3243083616569265,False,cf9883e99ee1b956d01c2cb42a4d284b982ce23065d3616a5e1cced359e41fb5,0.06359704304486513
direct_neighbor_ridge,0,0,0,0,0,0,False,2,"[""phenylalanine"", ""urate""]",[],0,0,4,2,3,citrate,1,2,0.1,697,179,16,2,5.856802146628407,0.28662588456419313,False,db1ab3680dcfc2deb10e2511ec28b70b27966d5a436d724be48267bcbf200acf,0.06287411297671497
direct_neighbor_ridge,0,0,0,0,0,0,False,2,"[""phenylalanine"", ""urate""]",[],0,0,4,2,3,citrate,1,3,0.1,700,176,13,5,5.796659042428571,0.3209738076981834,False,659dce4f66bf4ee0228513d024a4e287e9f1aa3957152332b1483ab0af67cb42,0.05593515490181744
direct_neighbor_ridge,0,0,0,0,0,0,False,2,"[""phenylalanine"", ""urate""]",[],0,0,4,2,3,citrate,1,4,0.1,702,174,13,5,5.816074590598291,0.3172362249439492,False,9492e163b6ef19b0563b1ce8302b8e8794e2e4c9c8031c62ff9774a3f63f6f58,0.056486451998353004
direct_neighbor_ridge,0,0,0,0,0,0,False,5,"[""GMP"", ""NAD"", ""UMP"", ""glutamate"", ""xanthine""]",[],0,0,10,5,6,citrulline,0,0,10.0,697,179,16,2,5.850244435150646,0.2837581540578788,False,db1ab3680dcfc2deb10e2511ec28b70b27966d5a436d724be48267bcbf200acf,0.06755415094085038
direct_neighbor_ridge,0,0,0,0,0,0,False,5,"[""GMP"", ""NAD"", ""UMP"", ""glutamate"", ""xanthine""]",[],0,0,10,5,6,citrulline,0,1,100.0,705,171,13,5,5.795729869078015,0.31706795344862154,False,32d2e2f547f707a9f12d899e65a934275c9f49020e10d214973126d05910ec9c,0.07045316486619413
direct_neighbor_ridge,0,0,0,0,0,0,False,5,"[""GMP"", ""NAD"", ""UMP"", ""glutamate"", ""xanthine""]",[],0,0,10,5,6,citrulline,0,2,10.0,700,176,13,5,5.808392116714286,0.30975075225231685,False,659dce4f66bf4ee0228513d024a4e287e9f1aa3957152332b1483ab0af67cb42,0.06267061806283891
direct_neighbor_ridge,0,0,0,0,0,0,False,5,"[""GMP"", ""NAD"", ""UMP"", ""glutamate"", ""xanthine""]",[],0,0,10,5,6,citrulline,0,3,100.0,702,174,13,5,5.80420118960114,0.30130689878614486,False,9492e163b6ef19b0563b1ce8302b8e8794e2e4c9c8031c62ff9774a3f63f6f58,0.09667661995626986
direct_neighbor_ridge,0,0,0,0,0,0,False,5,"[""GMP"", ""NAD"", ""UMP"", ""glutamate"", ""xanthine""]",[],0,0,10,5,6,citrulline,0,4,100.0,700,176,17,1,5.817242098,0.2998443205544627,False,cf9883e99ee1b956d01c2cb42a4d284b982ce23065d3616a5e1cced359e41fb5,0.0617192501667887
direct_neighbor_ridge,0,0,0,0,0,0,False,5,"[""GMP"", ""NAD"", ""UMP"", ""glutamate"", ""xanthine""]",[],0,0,10,5,6,citrulline,1,0,100.0,705,171,13,5,5.795729869078015,0.31706795344862154,False,32d2e2f547f707a9f12d899e65a934275c9f49020e10d214973126d05910ec9c,0.0628541458863765
direct_neighbor_ridge,0,0,0,0,0,0,False,5,"[""GMP"", ""NAD"", ""UMP"", ""glutamate"", ""xanthine""]",[],0,0,10,5,6,citrulline,1,1,100.0,700,176,17,1,5.817242098,0.2998443205544627,False,cf9883e99ee1b956d01c2cb42a4d284b982ce23065d3616a5e1cced359e41fb5,0.09967330493964255
direct_neighbor_ridge,0,0,0,0,0,0,False,5,"[""GMP"", ""NAD"", ""UMP"", ""glutamate"", ""xanthine""]",[],0,0,10,5,6,citrulline,1,2,10.0,697,179,16,2,5.850244435150646,0.2837581540578788,False,db1ab3680dcfc2deb10e2511ec28b70b27966d5a436d724be48267bcbf200acf,0.13355759414844215
direct_neighbor_ridge,0,0,0,0,0,0,False,5,"[""GMP"", ""NAD"", ""UMP"", ""glutamate"", ""xanthine""]",[],0,0,10,5,6,citrulline,1,3,100.0,700,176,13,5,5.808392116714286,0.30975075225231685,False,659dce4f66bf4ee0228513d024a4e287e9f1aa3957152332b1483ab0af67cb42,0.09779061493463814
direct_neighbor_ridge,0,0,0,0,0,0,False,5,"[""GMP"", ""NAD"", ""UMP"", ""glutamate"", ""xanthine""]",[],0,0,10,5,6,citrulline,1,4,100.0,702,174,13,5,5.80420118960114,0.30130689878614486,False,9492e163b6ef19b0563b1ce8302b8e8794e2e4c9c8031c62ff9774a3f63f6f58,0.11406159703619778
direct_neighbor_ridge,0,0,0,0,0,0,False,2,"[""citrulline"", ""uracil""]",[],0,0,4,2,3,cytidine,0,0,100.0,697,179,16,2,5.821940568292683,0.4881534049700528,False,db1ab3680dcfc2deb10e2511ec28b70b27966d5a436d724be48267bcbf200acf,0.059009896125644445
direct_neighbor_ridge,0,0,0,0,0,0,False,2,"[""citrulline"", ""uracil""]",[],0,0,4,2,3,cytidine,0,1,0.1,705,171,13,5,5.9433197194326235,0.5687678071111162,False,32d2e2f547f707a9f12d899e65a934275c9f49020e10d214973126d05910ec9c,0.06862693605944514
direct_neighbor_ridge,0,0,0,0,0,0,False,2,"[""citrulline"", ""uracil""]",[],0,0,4,2,3,cytidine,0,2,100.0,700,176,13,5,5.986364081142857,0.5599634922930096,False,659dce4f66bf4ee0228513d024a4e287e9f1aa3957152332b1483ab0af67cb42,0.09276829287409782
direct_neighbor_ridge,0,0,0,0,0,0,False,2,"[""citrulline"", ""uracil""]",[],0,0,4,2,3,cytidine,0,3,100.0,702,174,13,5,5.943676573361824,0.5762399457215668,False,9492e163b6ef19b0563b1ce8302b8e8794e2e4c9c8031c62ff9774a3f63f6f58,0.08990050805732608
direct_neighbor_ridge,0,0,0,0,0,0,False,2,"[""citrulline"", ""uracil""]",[],0,0,4,2,3,cytidine,0,4,100.0,700,176,17,1,5.943439289714285,0.5728846534204469,False,cf9883e99ee1b956d01c2cb42a4d284b982ce23065d3616a5e1cced359e41fb5,0.059097227873280644
direct_neighbor_ridge,0,0,0,0,0,0,False,2,"[""citrulline"", ""uracil""]",[],0,0,4,2,3,cytidine,1,0,0.1,705,171,13,5,5.9433197194326235,0.5687678071111162,False,32d2e2f547f707a9f12d899e65a934275c9f49020e10d214973126d05910ec9c,0.12978756707161665
direct_neighbor_ridge,0,0,0,0,0,0,False,2,"[""citrulline"", ""uracil""]",[],0,0,4,2,3,cytidine,1,1,100.0,700,176,17,1,5.943439289714285,0.5728846534204469,False,cf9883e99ee1b956d01c2cb42a4d284b982ce23065d3616a5e1cced359e41fb5,0.059046878945082426
direct_neighbor_ridge,0,0,0,0,0,0,False,2,"[""citrulline"", ""uracil""]",[],0,0,4,2,3,cytidine,1,2,100.0,697,179,16,2,5.821940568292683,0.4881534049700528,False,db1ab3680dcfc2deb10e2511ec28b70b27966d5a436d724be48267bcbf200acf,0.05232888995669782
direct_neighbor_ridge,0,0,0,0,0,0,False,2,"[""citrulline"", ""uracil""]",[],0,0,4,2,3,cytidine,1,3,100.0,700,176,13,5,5.986364081142857,0.5599634922930096,False,659dce4f66bf4ee0228513d024a4e287e9f1aa3957152332b1483ab0af67cb42,0.06297893589362502
direct_neighbor_ridge,0,0,0,0,0,0,False,2,"[""citrulline"", ""uracil""]",[],0,0,4,2,3,cytidine,1,4,10.0,702,174,13,5,5.943676573361824,0.5762399457215668,False,9492e163b6ef19b0563b1ce8302b8e8794e2e4c9c8031c62ff9774a3f63f6f58,0.07120724092237651
direct_neighbor_ridge,0,0,0,0,0,0,False,5,"[""GMP"", ""NAD"", ""alanine"", ""phenylalanine"", ""taurine""]",[],0,0,10,5,6,dimethylglycine,0,0,100.0,697,179,16,2,5.842713994691535,0.2412852905128361,False,db1ab3680dcfc2deb10e2511ec28b70b27966d5a436d724be48267bcbf200acf,0.06863340805284679
direct_neighbor_ridge,0,0,0,0,0,0,False,5,"[""GMP"", ""NAD"", ""alanine"", ""phenylalanine"", ""taurine""]",[],0,0,10,5,6,dimethylglycine,0,1,100.0,705,171,13,5,5.7773420750354605,0.2754153009172702,False,32d2e2f547f707a9f12d899e65a934275c9f49020e10d214973126d05910ec9c,0.09105364489369094
direct_neighbor_ridge,0,0,0,0,0,0,False,5,"[""GMP"", ""NAD"", ""alanine"", ""phenylalanine"", ""taurine""]",[],0,0,10,5,6,dimethylglycine,0,2,100.0,700,176,13,5,5.776686067571429,0.2684533693166957,False,659dce4f66bf4ee0228513d024a4e287e9f1aa3957152332b1483ab0af67cb42,0.10093199904076755
direct_neighbor_ridge,0,0,0,0,0,0,False,5,"[""GMP"", ""NAD"", ""alanine"", ""phenylalanine"", ""taurine""]",[],0,0,10,5,6,dimethylglycine,0,3,100.0,702,174,13,5,5.778814191452991,0.2645452231216455,False,9492e163b6ef19b0563b1ce8302b8e8794e2e4c9c8031c62ff9774a3f63f6f58,0.09954910702072084
direct_neighbor_ridge,0,0,0,0,0,0,False,5,"[""GMP"", ""NAD"", ""alanine"", ""phenylalanine"", ""taurine""]",[],0,0,10,5,6,dimethylglycine,0,4,100.0,700,176,17,1,5.798933204428572,0.25781198933068716,False,cf9883e99ee1b956d01c2cb42a4d284b982ce23065d3616a5e1cced359e41fb5,0.06556537305004895
direct_neighbor_ridge,0,0,0,0,0,0,False,5,"[""GMP"", ""NAD"", ""alanine"", ""phenylalanine"", ""taurine""]",[],0,0,10,5,6,dimethylglycine,1,0,100.0,705,171,13,5,5.7773420750354605,0.2754153009172702,False,32d2e2f547f707a9f12d899e65a934275c9f49020e10d214973126d05910ec9c,0.08378343400545418
direct_neighbor_ridge,0,0,0,0,0,0,False,5,"[""GMP"", ""NAD"", ""alanine"", ""phenylalanine"", ""taurine""]",[],0,0,10,5,6,dimethylglycine,1,1,100.0,700,176,17,1,5.798933204428572,0.25781198933068716,False,cf9883e99ee1b956d01c2cb42a4d284b982ce23065d3616a5e1cced359e41fb5,0.1583106101024896
direct_neighbor_ridge,0,0,0,0,0,0,False,5,"[""GMP"", ""NAD"", ""alanine"", ""phenylalanine"", ""taurine""]",[],0,0,10,5,6,dimethylglycine,1,2,100.0,697,179,16,2,5.842713994691535,0.2412852905128361,False,db1ab3680dcfc2deb10e2511ec28b70b27966d5a436d724be48267bcbf200acf,0.15573299303650856
direct_neighbor_ridge,0,0,0,0,0,0,False,5,"[""GMP"", ""NAD"", ""alanine"", ""phenylalanine"", ""taurine""]",[],0,0,10,5,6,dimethylglycine,1,3,100.0,700,176,13,5,5.776686067571429,0.2684533693166957,False,659dce4f66bf4ee0228513d024a4e287e9f1aa3957152332b1483ab0af67cb42,0.17367298994213343
direct_neighbor_ridge,0,0,0,0,0,0,False,5,"[""GMP"", ""NAD"", ""alanine"", ""phenylalanine"", ""taurine""]",[],0,0,10,5,6,dimethylglycine,1,4,100.0,702,174,13,5,5.778814191452991,0.2645452231216455,False,9492e163b6ef19b0563b1ce8302b8e8794e2e4c9c8031c62ff9774a3f63f6f58,0.0648294270504266
direct_neighbor_ridge,0,0,0,0,0,0,False,2,"[""NAD"", ""tyrosine""]",[],0,0,4,2,3,glucuronate,0,0,10.0,697,179,16,2,5.875591368579626,0.21436797356403015,False,db1ab3680dcfc2deb10e2511ec28b70b27966d5a436d724be48267bcbf200acf,0.06404497404582798
direct_neighbor_ridge,0,0,0,0,0,0,False,2,"[""NAD"", ""tyrosine""]",[],0,0,4,2,3,glucuronate,0,1,10.0,705,171,13,5,5.8372711251063825,0.264059395571085,False,32d2e2f547f707a9f12d899e65a934275c9f49020e10d214973126d05910ec9c,0.05391321494244039
direct_neighbor_ridge,0,0,0,0,0,0,False,2,"[""NAD"", ""tyrosine""]",[],0,0,4,2,3,glucuronate,0,2,10.0,700,176,13,5,5.841330032428572,0.2627256409648469,False,659dce4f66bf4ee0228513d024a4e287e9f1aa3957152332b1483ab0af67cb42,0.06019579106941819
direct_neighbor_ridge,0,0,0,0,0,0,False,2,"[""NAD"", ""tyrosine""]",[],0,0,4,2,3,glucuronate,0,3,10.0,702,174,13,5,5.840461464102564,0.26023183008970724,False,9492e163b6ef19b0563b1ce8302b8e8794e2e4c9c8031c62ff9774a3f63f6f58,0.08430648013018072
direct_neighbor_ridge,0,0,0,0,0,0,False,2,"[""NAD"", ""tyrosine""]",[],0,0,4,2,3,glucuronate,0,4,10.0,700,176,17,1,5.853340806857143,0.2561959379747985,False,cf9883e99ee1b956d01c2cb42a4d284b982ce23065d3616a5e1cced359e41fb5,0.052938797045499086
direct_neighbor_ridge,0,0,0,0,0,0,False,2,"[""NAD"", ""tyrosine""]",[],0,0,4,2,3,glucuronate,1,0,10.0,705,171,13,5,5.8372711251063825,0.264059395571085,False,32d2e2f547f707a9f12d899e65a934275c9f49020e10d214973126d05910ec9c,0.0608407030813396
direct_neighbor_ridge,0,0,0,0,0,0,False,2,"[""NAD"", ""tyrosine""]",[],0,0,4,2,3,glucuronate,1,1,10.0,700,176,17,1,5.853340806857143,0.2561959379747985,False,cf9883e99ee1b956d01c2cb42a4d284b982ce23065d3616a5e1cced359e41fb5,0.0610693150665611
direct_neighbor_ridge,0,0,0,0,0,0,False,2,"[""NAD"", ""tyrosine""]",[],0,0,4,2,3,glucuronate,1,2,10.0,697,179,16,2,5.875591368579626,0.21436797356403015,False,db1ab3680dcfc2deb10e2511ec28b70b27966d5a436d724be48267bcbf200acf,0.0553887861315161
direct_neighbor_ridge,0,0,0,0,0,0,False,2,"[""NAD"", ""tyrosine""]",[],0,0,4,2,3,glucuronate,1,3,0.1,700,176,13,5,5.841330032428572,0.2627256409648469,False,659dce4f66bf4ee0228513d024a4e287e9f1aa3957152332b1483ab0af67cb42,0.06491270801052451
direct_neighbor_ridge,0,0,0,0,0,0,False,2,"[""NAD"", ""tyrosine""]",[],0,0,4,2,3,glucuronate,1,4,10.0,702,174,13,5,5.840461464102564,0.26023183008970724,False,9492e163b6ef19b0563b1ce8302b8e8794e2e4c9c8031c62ff9774a3f63f6f58,0.06325716013088822
direct_neighbor_ridge,0,0,0,0,0,0,False,15,"[""AMP"", ""CMP"", ""UMP"", ""betaine"", ""citrulline"", ""dimethylglycine"", ""guanosine"", ""homocysteine"", ""inosine"", ""inositol"", ""sarcosine"", ""serine"", ""thyroxine"", ""uracil"", ""xanthine""]",[],0,0,30,15,16,glutamate,0,0,100.0,697,179,16,2,5.837754748206599,0.22300075523157906,False,db1ab3680dcfc2deb10e2511ec28b70b27966d5a436d724be48267bcbf200acf,0.06544779893010855
direct_neighbor_ridge,0,0,0,0,0,0,False,15,"[""AMP"", ""CMP"", ""UMP"", ""betaine"", ""citrulline"", ""dimethylglycine"", ""guanosine"", ""homocysteine"", ""inosine"", ""inositol"", ""sarcosine"", ""serine"", ""thyroxine"", ""uracil"", ""xanthine""]",[],0,0,30,15,16,glutamate,0,1,10.0,705,171,13,5,5.856274995319149,0.23737426526109665,False,32d2e2f547f707a9f12d899e65a934275c9f49020e10d214973126d05910ec9c,0.07840982615016401
direct_neighbor_ridge,0,0,0,0,0,0,False,15,"[""AMP"", ""CMP"", ""UMP"", ""betaine"", ""citrulline"", ""dimethylglycine"", ""guanosine"", ""homocysteine"", ""inosine"", ""inositol"", ""sarcosine"", ""serine"", ""thyroxine"", ""uracil"", ""xanthine""]",[],0,0,30,15,16,glutamate,0,2,10.0,700,176,13,5,5.877516673,0.23263179623229843,False,659dce4f66bf4ee0228513d024a4e287e9f1aa3957152332b1483ab0af67cb42,0.07104018609970808
direct_neighbor_ridge,0,0,0,0,0,0,False,15,"[""AMP"", ""CMP"", ""UMP"", ""betaine"", ""citrulline"", ""dimethylglycine"", ""guanosine"", ""homocysteine"", ""inosine"", ""inositol"", ""sarcosine"", ""serine"", ""thyroxine"", ""uracil"", ""xanthine""]",[],0,0,30,15,16,glutamate,0,3,100.0,702,174,13,5,5.872189215954415,0.2121533254343439,False,9492e163b6ef19b0563b1ce8302b8e8794e2e4c9c8031c62ff9774a3f63f6f58,0.07878926093690097
direct_neighbor_ridge,0,0,0,0,0,0,False,15,"[""AMP"", ""CMP"", ""UMP"", ""betaine"", ""citrulline"", ""dimethylglycine"", ""guanosine"", ""homocysteine"", ""inosine"", ""inositol"", ""sarcosine"", ""serine"", ""thyroxine"", ""uracil"", ""xanthine""]",[],0,0,30,15,16,glutamate,0,4,10.0,700,176,17,1,5.8762459510000005,0.2365122296350026,False,cf9883e99ee1b956d01c2cb42a4d284b982ce23065d3616a5e1cced359e41fb5,0.12827777792699635
direct_neighbor_ridge,0,0,0,0,0,0,False,15,"[""AMP"", ""CMP"", ""UMP"", ""betaine"", ""citrulline"", ""dimethylglycine"", ""guanosine"", ""homocysteine"", ""inosine"", ""inositol"", ""sarcosine"", ""serine"", ""thyroxine"", ""uracil"", ""xanthine""]",[],0,0,30,15,16,glutamate,1,0,10.0,705,171,13,5,5.856274995319149,0.23737426526109665,False,32d2e2f547f707a9f12d899e65a934275c9f49020e10d214973126d05910ec9c,0.11021911888383329
direct_neighbor_ridge,0,0,0,0,0,0,False,15,"[""AMP"", ""CMP"", ""UMP"", ""betaine"", ""citrulline"", ""dimethylglycine"", ""guanosine"", ""homocysteine"", ""inosine"", ""inositol"", ""sarcosine"", ""serine"", ""thyroxine"", ""uracil"", ""xanthine""]",[],0,0,30,15,16,glutamate,1,1,100.0,700,176,17,1,5.8762459510000005,0.2365122296350026,False,cf9883e99ee1b956d01c2cb42a4d284b982ce23065d3616a5e1cced359e41fb5,0.09390545496717095
direct_neighbor_ridge,0,0,0,0,0,0,False,15,"[""AMP"", ""CMP"", ""UMP"", ""betaine"", ""citrulline"", ""dimethylglycine"", ""guanosine"", ""homocysteine"", ""inosine"", ""inositol"", ""sarcosine"", ""serine"", ""thyroxine"", ""uracil"", ""xanthine""]",[],0,0,30,15,16,glutamate,1,2,100.0,697,179,16,2,5.837754748206599,0.22300075523157906,False,db1ab3680dcfc2deb10e2511ec28b70b27966d5a436d724be48267bcbf200acf,0.06749223987571895
direct_neighbor_ridge,0,0,0,0,0,0,False,15,"[""AMP"", ""CMP"", ""UMP"", ""betaine"", ""citrulline"", ""dimethylglycine"", ""guanosine"", ""homocysteine"", ""inosine"", ""inositol"", ""sarcosine"", ""serine"", ""thyroxine"", ""uracil"", ""xanthine""]",[],0,0,30,15,16,glutamate,1,3,10.0,700,176,13,5,5.877516673,0.23263179623229843,False,659dce4f66bf4ee0228513d024a4e287e9f1aa3957152332b1483ab0af67cb42,0.07214083895087242
direct_neighbor_ridge,0,0,0,0,0,0,False,15,"[""AMP"", ""CMP"", ""UMP"", ""betaine"", ""citrulline"", ""dimethylglycine"", ""guanosine"", ""homocysteine"", ""inosine"", ""inositol"", ""sarcosine"", ""serine"", ""thyroxine"", ""uracil"", ""xanthine""]",[],0,0,30,15,16,glutamate,1,4,100.0,702,174,13,5,5.872189215954415,0.2121533254343439,False,9492e163b6ef19b0563b1ce8302b8e8794e2e4c9c8031c62ff9774a3f63f6f58,0.10913485405035317
direct_neighbor_ridge,0,0,0,0,0,0,False,2,"[""AMP"", ""dimethylglycine""]",[],0,0,4,2,3,glutamine,0,0,100.0,697,179,16,2,5.792856942180775,0.4999001304148671,False,db1ab3680dcfc2deb10e2511ec28b70b27966d5a436d724be48267bcbf200acf,0.05710694007575512
direct_neighbor_ridge,0,0,0,0,0,0,False,2,"[""AMP"", ""dimethylglycine""]",[],0,0,4,2,3,glutamine,0,1,10.0,705,171,13,5,5.730142647375887,0.517307750185761,False,32d2e2f547f707a9f12d899e65a934275c9f49020e10d214973126d05910ec9c,0.06494089891202748
direct_neighbor_ridge,0,0,0,0,0,0,False,2,"[""AMP"", ""dimethylglycine""]",[],0,0,4,2,3,glutamine,0,2,0.1,700,176,13,5,5.760236144285714,0.5055726521798546,False,659dce4f66bf4ee0228513d024a4e287e9f1aa3957152332b1483ab0af67cb42,0.06815872807055712
direct_neighbor_ridge,0,0,0,0,0,0,False,2,"[""AMP"", ""dimethylglycine""]",[],0,0,4,2,3,glutamine,0,3,0.1,702,174,13,5,5.749858374216524,0.5089141907702129,False,9492e163b6ef19b0563b1ce8302b8e8794e2e4c9c8031c62ff9774a3f63f6f58,0.04133748100139201
direct_neighbor_ridge,0,0,0,0,0,0,False,2,"[""AMP"", ""dimethylglycine""]",[],0,0,4,2,3,glutamine,0,4,100.0,700,176,17,1,5.742727689142857,0.5229622387958501,False,cf9883e99ee1b956d01c2cb42a4d284b982ce23065d3616a5e1cced359e41fb5,0.048070216085761786
direct_neighbor_ridge,0,0,0,0,0,0,False,2,"[""AMP"", ""dimethylglycine""]",[],0,0,4,2,3,glutamine,1,0,10.0,705,171,13,5,5.730142647375887,0.517307750185761,False,32d2e2f547f707a9f12d899e65a934275c9f49020e10d214973126d05910ec9c,0.06744108209386468
direct_neighbor_ridge,0,0,0,0,0,0,False,2,"[""AMP"", ""dimethylglycine""]",[],0,0,4,2,3,glutamine,1,1,10.0,700,176,17,1,5.742727689142857,0.5229622387958501,False,cf9883e99ee1b956d01c2cb42a4d284b982ce23065d3616a5e1cced359e41fb5,0.0903431260958314
direct_neighbor_ridge,0,0,0,0,0,0,False,2,"[""AMP"", ""dimethylglycine""]",[],0,0,4,2,3,glutamine,1,2,100.0,697,179,16,2,5.792856942180775,0.4999001304148671,False,db1ab3680dcfc2deb10e2511ec28b70b27966d5a436d724be48267bcbf200acf,0.06699524400755763
direct_neighbor_ridge,0,0,0,0,0,0,False,2,"[""AMP"", ""dimethylglycine""]",[],0,0,4,2,3,glutamine,1,3,100.0,700,176,13,5,5.760236144285714,0.5055726521798546,False,659dce4f66bf4ee0228513d024a4e287e9f1aa3957152332b1483ab0af67cb42,0.08826228207908571
direct_neighbor_ridge,0,0,0,0,0,0,False,2,"[""AMP"", ""dimethylglycine""]",[],0,0,4,2,3,glutamine,1,4,0.1,702,174,13,5,5.749858374216524,0.5089141907702129,False,9492e163b6ef19b0563b1ce8302b8e8794e2e4c9c8031c62ff9774a3f63f6f58,0.05209063598886132
direct_neighbor_ridge,0,0,0,0,0,0,False,9,"[""NAD"", ""NADP"", ""choline"", ""dimethylglycine"", ""histidine"", ""homocysteine"", ""methionine"", ""phenylalanine"", ""taurine""]",[],0,0,18,9,10,glycine,0,0,10.0,697,179,16,2,5.901400717790531,0.3232334686793832,False,db1ab3680dcfc2deb10e2511ec28b70b27966d5a436d724be48267bcbf200acf,0.1022362201474607
direct_neighbor_ridge,0,0,0,0,0,0,False,9,"[""NAD"", ""NADP"", ""choline"", ""dimethylglycine"", ""histidine"", ""homocysteine"", ""methionine"", ""phenylalanine"", ""taurine""]",[],0,0,18,9,10,glycine,0,1,0.1,705,171,13,5,5.891562820992907,0.30388093169523356,False,32d2e2f547f707a9f12d899e65a934275c9f49020e10d214973126d05910ec9c,0.10666710906662047
direct_neighbor_ridge,0,0,0,0,0,0,False,9,"[""NAD"", ""NADP"", ""choline"", ""dimethylglycine"", ""histidine"", ""homocysteine"", ""methionine"", ""phenylalanine"", ""taurine""]",[],0,0,18,9,10,glycine,0,2,0.1,700,176,13,5,5.895880774285714,0.3016342641672332,False,659dce4f66bf4ee0228513d024a4e287e9f1aa3957152332b1483ab0af67cb42,0.07117537991143763
direct_neighbor_ridge,0,0,0,0,0,0,False,9,"[""NAD"", ""NADP"", ""choline"", ""dimethylglycine"", ""histidine"", ""homocysteine"", ""methionine"", ""phenylalanine"", ""taurine""]",[],0,0,18,9,10,glycine,0,3,1.0,702,174,13,5,5.919905869658121,0.29925995925495313,False,9492e163b6ef19b0563b1ce8302b8e8794e2e4c9c8031c62ff9774a3f63f6f58,0.06671846797689795
direct_neighbor_ridge,0,0,0,0,0,0,False,9,"[""NAD"", ""NADP"", ""choline"", ""dimethylglycine"", ""histidine"", ""homocysteine"", ""methionine"", ""phenylalanine"", ""taurine""]",[],0,0,18,9,10,glycine,0,4,1.0,700,176,17,1,5.911124145142858,0.31233130965412215,False,cf9883e99ee1b956d01c2cb42a4d284b982ce23065d3616a5e1cced359e41fb5,0.05898349918425083
direct_neighbor_ridge,0,0,0,0,0,0,False,9,"[""NAD"", ""NADP"", ""choline"", ""dimethylglycine"", ""histidine"", ""homocysteine"", ""methionine"", ""phenylalanine"", ""taurine""]",[],0,0,18,9,10,glycine,1,0,0.1,705,171,13,5,5.891562820992907,0.30388093169523356,False,32d2e2f547f707a9f12d899e65a934275c9f49020e10d214973126d05910ec9c,0.060210175113752484
direct_neighbor_ridge,0,0,0,0,0,0,False,9,"[""NAD"", ""NADP"", ""choline"", ""dimethylglycine"", ""histidine"", ""homocysteine"", ""methionine"", ""phenylalanine"", ""taurine""]",[],0,0,18,9,10,glycine,1,1,1.0,700,176,17,1,5.911124145142858,0.31233130965412215,False,cf9883e99ee1b956d01c2cb42a4d284b982ce23065d3616a5e1cced359e41fb5,0.061108305118978024
direct_neighbor_ridge,0,0,0,0,0,0,False,9,"[""NAD"", ""NADP"", ""choline"", ""dimethylglycine"", ""histidine"", ""homocysteine"", ""methionine"", ""phenylalanine"", ""taurine""]",[],0,0,18,9,10,glycine,1,2,10.0,697,179,16,2,5.901400717790531,0.3232334686793832,False,db1ab3680dcfc2deb10e2511ec28b70b27966d5a436d724be48267bcbf200acf,0.06000364199280739
direct_neighbor_ridge,0,0,0,0,0,0,False,9,"[""NAD"", ""NADP"", ""choline"", ""dimethylglycine"", ""histidine"", ""homocysteine"", ""methionine"", ""phenylalanine"", ""taurine""]",[],0,0,18,9,10,glycine,1,3,0.1,700,176,13,5,5.895880774285714,0.3016342641672332,False,659dce4f66bf4ee0228513d024a4e287e9f1aa3957152332b1483ab0af67cb42,0.05996092897839844
direct_neighbor_ridge,0,0,0,0,0,0,False,9,"[""NAD"", ""NADP"", ""choline"", ""dimethylglycine"", ""histidine"", ""homocysteine"", ""methionine"", ""phenylalanine"", ""taurine""]",[],0,0,18,9,10,glycine,1,4,0.1,702,174,13,5,5.919905869658121,0.29925995925495313,False,9492e163b6ef19b0563b1ce8302b8e8794e2e4c9c8031c62ff9774a3f63f6f58,0.0637115768622607
direct_neighbor_ridge,0,0,0,0,0,0,False,1,"[""homocysteine""]",[],0,0,2,1,2,guanosine,0,0,100.0,697,179,16,2,5.952859866857963,0.40817502232841674,False,db1ab3680dcfc2deb10e2511ec28b70b27966d5a436d724be48267bcbf200acf,0.062370070023462176
direct_neighbor_ridge,0,0,0,0,0,0,False,1,"[""homocysteine""]",[],0,0,2,1,2,guanosine,0,1,100.0,705,171,13,5,5.946455211205673,0.3930879666913112,False,32d2e2f547f707a9f12d899e65a934275c9f49020e10d214973126d05910ec9c,0.08382265991531312
direct_neighbor_ridge,0,0,0,0,0,0,False,1,"[""homocysteine""]",[],0,0,2,1,2,guanosine,0,2,100.0,700,176,13,5,6.008024284285714,0.39823813293836846,False,659dce4f66bf4ee0228513d024a4e287e9f1aa3957152332b1483ab0af67cb42,0.0972627098672092
direct_neighbor_ridge,0,0,0,0,0,0,False,1,"[""homocysteine""]",[],0,0,2,1,2,guanosine,0,3,100.0,702,174,13,5,5.9592625129629635,0.3946489909296684,False,9492e163b6ef19b0563b1ce8302b8e8794e2e4c9c8031c62ff9774a3f63f6f58,0.0872245708014816
direct_neighbor_ridge,0,0,0,0,0,0,False,1,"[""homocysteine""]",[],0,0,2,1,2,guanosine,0,4,100.0,700,176,17,1,5.964684184857142,0.4006223332620162,False,cf9883e99ee1b956d01c2cb42a4d284b982ce23065d3616a5e1cced359e41fb5,0.06627812492661178
direct_neighbor_ridge,0,0,0,0,0,0,False,1,"[""homocysteine""]",[],0,0,2,1,2,guanosine,1,0,100.0,705,171,13,5,5.946455211205673,0.3930879666913112,False,32d2e2f547f707a9f12d899e65a934275c9f49020e10d214973126d05910ec9c,0.055329937022179365
direct_neighbor_ridge,0,0,0,0,0,0,False,1,"[""homocysteine""]",[],0,0,2,1,2,guanosine,1,1,100.0,700,176,17,1,5.964684184857142,0.4006223332620162,False,cf9883e99ee1b956d01c2cb42a4d284b982ce23065d3616a5e1cced359e41fb5,0.05124722304753959
direct_neighbor_ridge,0,0,0,0,0,0,False,1,"[""homocysteine""]",[],0,0,2,1,2,guanosine,1,2,100.0,697,179,16,2,5.952859866857963,0.40817502232841674,False,db1ab3680dcfc2deb10e2511ec28b70b27966d5a436d724be48267bcbf200acf,0.0545849350746721
direct_neighbor_ridge,0,0,0,0,0,0,False,1,"[""homocysteine""]",[],0,0,2,1,2,guanosine,1,3,100.0,700,176,13,5,6.008024284285714,0.39823813293836846,False,659dce4f66bf4ee0228513d024a4e287e9f1aa3957152332b1483ab0af67cb42,0.05032967799343169
direct_neighbor_ridge,0,0,0,0,0,0,False,1,"[""homocysteine""]",[],0,0,2,1,2,guanosine,1,4,100.0,702,174,13,5,5.9592625129629635,0.3946489909296684,False,9492e163b6ef19b0563b1ce8302b8e8794e2e4c9c8031c62ff9774a3f63f6f58,0.04966381494887173
direct_neighbor_ridge,0,0,0,0,0,0,False,3,"[""NAD"", ""glycine"", ""uridine""]",[],0,0,6,3,4,histidine,0,0,100.0,697,179,16,2,5.873915259110474,0.3291920204680799,False,db1ab3680dcfc2deb10e2511ec28b70b27966d5a436d724be48267bcbf200acf,0.05514975218102336
direct_neighbor_ridge,0,0,0,0,0,0,False,3,"[""NAD"", ""glycine"", ""uridine""]",[],0,0,6,3,4,histidine,0,1,100.0,705,171,13,5,5.74606351574468,0.3834823875863205,False,32d2e2f547f707a9f12d899e65a934275c9f49020e10d214973126d05910ec9c,0.05277898395434022
direct_neighbor_ridge,0,0,0,0,0,0,False,3,"[""NAD"", ""glycine"", ""uridine""]",[],0,0,6,3,4,histidine,0,2,100.0,700,176,13,5,5.773813457,0.3766527889621979,False,659dce4f66bf4ee0228513d024a4e287e9f1aa3957152332b1483ab0af67cb42,0.05276686605066061
direct_neighbor_ridge,0,0,0,0,0,0,False,3,"[""NAD"", ""glycine"", ""uridine""]",[],0,0,6,3,4,histidine,0,3,100.0,702,174,13,5,5.75916735968661,0.38002427826007085,False,9492e163b6ef19b0563b1ce8302b8e8794e2e4c9c8031c62ff9774a3f63f6f58,0.05362488212995231
direct_neighbor_ridge,0,0,0,0,0,0,False,3,"[""NAD"", ""glycine"", ""uridine""]",[],0,0,6,3,4,histidine,0,4,100.0,700,176,17,1,5.783386876285714,0.3699975084983585,False,cf9883e99ee1b956d01c2cb42a4d284b982ce23065d3616a5e1cced359e41fb5,0.054265474900603294
direct_neighbor_ridge,0,0,0,0,0,0,False,3,"[""NAD"", ""glycine"", ""uridine""]",[],0,0,6,3,4,histidine,1,0,100.0,705,171,13,5,5.74606351574468,0.3834823875863205,False,32d2e2f547f707a9f12d899e65a934275c9f49020e10d214973126d05910ec9c,0.06920596491545439
direct_neighbor_ridge,0,0,0,0,0,0,False,3,"[""NAD"", ""glycine"", ""uridine""]",[],0,0,6,3,4,histidine,1,1,100.0,700,176,17,1,5.783386876285714,0.3699975084983585,False,cf9883e99ee1b956d01c2cb42a4d284b982ce23065d3616a5e1cced359e41fb5,0.05583626707084477
direct_neighbor_ridge,0,0,0,0,0,0,False,3,"[""NAD"", ""glycine"", ""uridine""]",[],0,0,6,3,4,histidine,1,2,100.0,697,179,16,2,5.873915259110474,0.3291920204680799,False,db1ab3680dcfc2deb10e2511ec28b70b27966d5a436d724be48267bcbf200acf,0.05024572089314461
direct_neighbor_ridge,0,0,0,0,0,0,False,3,"[""NAD"", ""glycine"", ""uridine""]",[],0,0,6,3,4,histidine,1,3,100.0,700,176,13,5,5.773813457,0.3766527889621979,False,659dce4f66bf4ee0228513d024a4e287e9f1aa3957152332b1483ab0af67cb42,0.0566048719920218
direct_neighbor_ridge,0,0,0,0,0,0,False,3,"[""NAD"", ""glycine"", ""uridine""]",[],0,0,6,3,4,histidine,1,4,100.0,702,174,13,5,5.75916735968661,0.38002427826007085,False,9492e163b6ef19b0563b1ce8302b8e8794e2e4c9c8031c62ff9774a3f63f6f58,0.04763400508090854
direct_neighbor_ridge,0,0,0,0,0,0,False,5,"[""CMP"", ""arginine"", ""aspartate"", ""isocitrate"", ""phenylalanine""]",[],0,0,10,5,6,homocysteine,0,0,100.0,697,179,16,2,5.966777393113342,0.42813016520146235,False,db1ab3680dcfc2deb10e2511ec28b70b27966d5a436d724be48267bcbf200acf,0.060472038108855486
direct_neighbor_ridge,0,0,0,0,0,0,False,5,"[""CMP"", ""arginine"", ""aspartate"", ""isocitrate"", ""phenylalanine""]",[],0,0,10,5,6,homocysteine,0,1,100.0,705,171,13,5,5.930638070921986,0.4218160003765535,False,32d2e2f547f707a9f12d899e65a934275c9f49020e10d214973126d05910ec9c,0.0626990320160985
direct_neighbor_ridge,0,0,0,0,0,0,False,5,"[""CMP"", ""arginine"", ""aspartate"", ""isocitrate"", ""phenylalanine""]",[],0,0,10,5,6,homocysteine,0,2,100.0,700,176,13,5,5.9298201530000005,0.4180998034350187,False,659dce4f66bf4ee0228513d024a4e287e9f1aa3957152332b1483ab0af67cb42,0.06847812421619892
direct_neighbor_ridge,0,0,0,0,0,0,False,5,"[""CMP"", ""arginine"", ""aspartate"", ""isocitrate"", ""phenylalanine""]",[],0,0,10,5,6,homocysteine,0,3,100.0,702,174,13,5,5.9377934,0.4372468572375198,False,9492e163b6ef19b0563b1ce8302b8e8794e2e4c9c8031c62ff9774a3f63f6f58,0.058994513005018234
direct_neighbor_ridge,0,0,0,0,0,0,False,5,"[""CMP"", ""arginine"", ""aspartate"", ""isocitrate"", ""phenylalanine""]",[],0,0,10,5,6,homocysteine,0,4,100.0,700,176,17,1,5.941327949571429,0.4304566272401467,False,cf9883e99ee1b956d01c2cb42a4d284b982ce23065d3616a5e1cced359e41fb5,0.06619583000428975
direct_neighbor_ridge,0,0,0,0,0,0,False,5,"[""CMP"", ""arginine"", ""aspartate"", ""isocitrate"", ""phenylalanine""]",[],0,0,10,5,6,homocysteine,1,0,100.0,705,171,13,5,5.930638070921986,0.4218160003765535,False,32d2e2f547f707a9f12d899e65a934275c9f49020e10d214973126d05910ec9c,0.07759189512580633
direct_neighbor_ridge,0,0,0,0,0,0,False,5,"[""CMP"", ""arginine"", ""aspartate"", ""isocitrate"", ""phenylalanine""]",[],0,0,10,5,6,homocysteine,1,1,100.0,700,176,17,1,5.941327949571429,0.4304566272401467,False,cf9883e99ee1b956d01c2cb42a4d284b982ce23065d3616a5e1cced359e41fb5,0.06567633501254022
direct_neighbor_ridge,0,0,0,0,0,0,False,5,"[""CMP"", ""arginine"", ""aspartate"", ""isocitrate"", ""phenylalanine""]",[],0,0,10,5,6,homocysteine,1,2,0.1,697,179,16,2,5.966777393113342,0.42813016520146235,False,db1ab3680dcfc2deb10e2511ec28b70b27966d5a436d724be48267bcbf200acf,0.07688050996512175
direct_neighbor_ridge,0,0,0,0,0,0,False,5,"[""CMP"", ""arginine"", ""aspartate"", ""isocitrate"", ""phenylalanine""]",[],0,0,10,5,6,homocysteine,1,3,100.0,700,176,13,5,5.9298201530000005,0.4180998034350187,False,659dce4f66bf4ee0228513d024a4e287e9f1aa3957152332b1483ab0af67cb42,0.061197252944111824
direct_neighbor_ridge,0,0,0,0,0,0,False,5,"[""CMP"", ""arginine"", ""aspartate"", ""isocitrate"", ""phenylalanine""]",[],0,0,10,5,6,homocysteine,1,4,100.0,702,174,13,5,5.9377934,0.4372468572375198,False,9492e163b6ef19b0563b1ce8302b8e8794e2e4c9c8031c62ff9774a3f63f6f58,0.04196650395169854
direct_neighbor_ridge,0,0,0,0,0,0,False,3,"[""AMP"", ""serine"", ""tyrosine""]",[],0,0,6,3,4,hypoxanthine,0,0,100.0,697,179,16,2,5.849323068723098,0.623036540019427,False,db1ab3680dcfc2deb10e2511ec28b70b27966d5a436d724be48267bcbf200acf,0.058316826820373535
direct_neighbor_ridge,0,0,0,0,0,0,False,3,"[""AMP"", ""serine"", ""tyrosine""]",[],0,0,6,3,4,hypoxanthine,0,1,10.0,705,171,13,5,5.959764552482269,0.6436309456644432,False,32d2e2f547f707a9f12d899e65a934275c9f49020e10d214973126d05910ec9c,0.05588296288624406
direct_neighbor_ridge,0,0,0,0,0,0,False,3,"[""AMP"", ""serine"", ""tyrosine""]",[],0,0,6,3,4,hypoxanthine,0,2,100.0,700,176,13,5,5.962295129857141,0.6325694182712881,False,659dce4f66bf4ee0228513d024a4e287e9f1aa3957152332b1483ab0af67cb42,0.05654818913899362
direct_neighbor_ridge,0,0,0,0,0,0,False,3,"[""AMP"", ""serine"", ""tyrosine""]",[],0,0,6,3,4,hypoxanthine,0,3,10.0,702,174,13,5,5.94913957094017,0.6410585826307021,False,9492e163b6ef19b0563b1ce8302b8e8794e2e4c9c8031c62ff9774a3f63f6f58,0.06112972693517804
direct_neighbor_ridge,0,0,0,0,0,0,False,3,"[""AMP"", ""serine"", ""tyrosine""]",[],0,0,6,3,4,hypoxanthine,0,4,10.0,700,176,17,1,5.912266724999999,0.6370004092718197,False,cf9883e99ee1b956d01c2cb42a4d284b982ce23065d3616a5e1cced359e41fb5,0.06182626914232969
direct_neighbor_ridge,0,0,0,0,0,0,False,3,"[""AMP"", ""serine"", ""tyrosine""]",[],0,0,6,3,4,hypoxanthine,1,0,10.0,705,171,13,5,5.959764552482269,0.6436309456644432,False,32d2e2f547f707a9f12d899e65a934275c9f49020e10d214973126d05910ec9c,0.06415928201749921
direct_neighbor_ridge,0,0,0,0,0,0,False,3,"[""AMP"", ""serine"", ""tyrosine""]",[],0,0,6,3,4,hypoxanthine,1,1,100.0,700,176,17,1,5.912266724999999,0.6370004092718197,False,cf9883e99ee1b956d01c2cb42a4d284b982ce23065d3616a5e1cced359e41fb5,0.06153064011596143
direct_neighbor_ridge,0,0,0,0,0,0,False,3,"[""AMP"", ""serine"", ""tyrosine""]",[],0,0,6,3,4,hypoxanthine,1,2,100.0,697,179,16,2,5.849323068723098,0.623036540019427,False,db1ab3680dcfc2deb10e2511ec28b70b27966d5a436d724be48267bcbf200acf,0.06053739902563393
direct_neighbor_ridge,0,0,0,0,0,0,False,3,"[""AMP"", ""serine"", ""tyrosine""]",[],0,0,6,3,4,hypoxanthine,1,3,100.0,700,176,13,5,5.962295129857141,0.6325694182712881,False,659dce4f66bf4ee0228513d024a4e287e9f1aa3957152332b1483ab0af67cb42,0.061974343843758106
direct_neighbor_ridge,0,0,0,0,0,0,False,3,"[""AMP"", ""serine"", ""tyrosine""]",[],0,0,6,3,4,hypoxanthine,1,4,1.0,702,174,13,5,5.94913957094017,0.6410585826307021,False,9492e163b6ef19b0563b1ce8302b8e8794e2e4c9c8031c62ff9774a3f63f6f58,0.05974674294702709
direct_neighbor_ridge,0,0,0,0,0,0,False,2,"[""serine"", ""uridine""]",[],0,0,4,2,3,inosine,0,0,10.0,697,179,16,2,5.938844414203731,0.33789854266326597,False,db1ab3680dcfc2deb10e2511ec28b70b27966d5a436d724be48267bcbf200acf,0.07291201688349247
direct_neighbor_ridge,0,0,0,0,0,0,False,2,"[""serine"", ""uridine""]",[],0,0,4,2,3,inosine,0,1,0.1,705,171,13,5,5.956673833900711,0.3555685434234304,False,32d2e2f547f707a9f12d899e65a934275c9f49020e10d214973126d05910ec9c,0.0676110980566591
direct_neighbor_ridge,0,0,0,0,0,0,False,2,"[""serine"", ""uridine""]",[],0,0,4,2,3,inosine,0,2,10.0,700,176,13,5,5.990979952571428,0.3427823190075909,False,659dce4f66bf4ee0228513d024a4e287e9f1aa3957152332b1483ab0af67cb42,0.06931702489964664
direct_neighbor_ridge,0,0,0,0,0,0,False,2,"[""serine"", ""uridine""]",[],0,0,4,2,3,inosine,0,3,0.1,702,174,13,5,5.955585952849004,0.353629138206935,False,9492e163b6ef19b0563b1ce8302b8e8794e2e4c9c8031c62ff9774a3f63f6f58,0.06058912305161357
direct_neighbor_ridge,0,0,0,0,0,0,False,2,"[""serine"", ""uridine""]",[],0,0,4,2,3,inosine,0,4,100.0,700,176,17,1,5.959558305571428,0.3363091904878781,False,cf9883e99ee1b956d01c2cb42a4d284b982ce23065d3616a5e1cced359e41fb5,0.07582447701133788
direct_neighbor_ridge,0,0,0,0,0,0,False,2,"[""serine"", ""uridine""]",[],0,0,4,2,3,inosine,1,0,0.1,705,171,13,5,5.956673833900711,0.3555685434234304,False,32d2e2f547f707a9f12d899e65a934275c9f49020e10d214973126d05910ec9c,0.0886445757932961
direct_neighbor_ridge,0,0,0,0,0,0,False,2,"[""serine"", ""uridine""]",[],0,0,4,2,3,inosine,1,1,100.0,700,176,17,1,5.959558305571428,0.3363091904878781,False,cf9883e99ee1b956d01c2cb42a4d284b982ce23065d3616a5e1cced359e41fb5,0.055086106061935425
direct_neighbor_ridge,0,0,0,0,0,0,False,2,"[""serine"", ""uridine""]",[],0,0,4,2,3,inosine,1,2,10.0,697,179,16,2,5.938844414203731,0.33789854266326597,False,db1ab3680dcfc2deb10e2511ec28b70b27966d5a436d724be48267bcbf200acf,0.054704157868400216
direct_neighbor_ridge,0,0,0,0,0,0,False,2,"[""serine"", ""uridine""]",[],0,0,4,2,3,inosine,1,3,0.1,700,176,13,5,5.990979952571428,0.3427823190075909,False,659dce4f66bf4ee0228513d024a4e287e9f1aa3957152332b1483ab0af67cb42,0.05434977984987199
direct_neighbor_ridge,0,0,0,0,0,0,False,2,"[""serine"", ""uridine""]",[],0,0,4,2,3,inosine,1,4,0.1,702,174,13,5,5.955585952849004,0.353629138206935,False,9492e163b6ef19b0563b1ce8302b8e8794e2e4c9c8031c62ff9774a3f63f6f58,0.055871260119602084
direct_neighbor_ridge,0,0,0,0,0,0,False,2,"[""aspartate"", ""malate""]",[],0,0,4,2,3,inositol,0,0,100.0,697,179,16,2,5.888768051936872,0.3085624695175605,False,db1ab3680dcfc2deb10e2511ec28b70b27966d5a436d724be48267bcbf200acf,0.06368630798533559
direct_neighbor_ridge,0,0,0,0,0,0,False,2,"[""aspartate"", ""malate""]",[],0,0,4,2,3,inositol,0,1,0.1,705,171,13,5,5.914651623971631,0.30612678425281226,False,32d2e2f547f707a9f12d899e65a934275c9f49020e10d214973126d05910ec9c,0.0511318848002702
direct_neighbor_ridge,0,0,0,0,0,0,False,2,"[""aspartate"", ""malate""]",[],0,0,4,2,3,inositol,0,2,10.0,700,176,13,5,5.883116619857143,0.31208583026363,False,659dce4f66bf4ee0228513d024a4e287e9f1aa3957152332b1483ab0af67cb42,0.052930181147530675
direct_neighbor_ridge,0,0,0,0,0,0,False,2,"[""aspartate"", ""malate""]",[],0,0,4,2,3,inositol,0,3,100.0,702,174,13,5,5.90932381937322,0.30743427904961906,False,9492e163b6ef19b0563b1ce8302b8e8794e2e4c9c8031c62ff9774a3f63f6f58,0.0633072298951447
direct_neighbor_ridge,0,0,0,0,0,0,False,2,"[""aspartate"", ""malate""]",[],0,0,4,2,3,inositol,0,4,100.0,700,176,17,1,5.901945362571428,0.3203548605400837,False,cf9883e99ee1b956d01c2cb42a4d284b982ce23065d3616a5e1cced359e41fb5,0.05367189715616405
direct_neighbor_ridge,0,0,0,0,0,0,False,2,"[""aspartate"", ""malate""]",[],0,0,4,2,3,inositol,1,0,0.1,705,171,13,5,5.914651623971631,0.30612678425281226,False,32d2e2f547f707a9f12d899e65a934275c9f49020e10d214973126d05910ec9c,0.05385056301020086
direct_neighbor_ridge,0,0,0,0,0,0,False,2,"[""aspartate"", ""malate""]",[],0,0,4,2,3,inositol,1,1,100.0,700,176,17,1,5.901945362571428,0.3203548605400837,False,cf9883e99ee1b956d01c2cb42a4d284b982ce23065d3616a5e1cced359e41fb5,0.05265078111551702
direct_neighbor_ridge,0,0,0,0,0,0,False,2,"[""aspartate"", ""malate""]",[],0,0,4,2,3,inositol,1,2,10.0,697,179,16,2,5.888768051936872,0.3085624695175605,False,db1ab3680dcfc2deb10e2511ec28b70b27966d5a436d724be48267bcbf200acf,0.07187946094200015
direct_neighbor_ridge,0,0,0,0,0,0,False,2,"[""aspartate"", ""malate""]",[],0,0,4,2,3,inositol,1,3,100.0,700,176,13,5,5.883116619857143,0.31208583026363,False,659dce4f66bf4ee0228513d024a4e287e9f1aa3957152332b1483ab0af67cb42,0.06496298592537642
direct_neighbor_ridge,0,0,0,0,0,0,False,2,"[""aspartate"", ""malate""]",[],0,0,4,2,3,inositol,1,4,100.0,702,174,13,5,5.90932381937322,0.30743427904961906,False,9492e163b6ef19b0563b1ce8302b8e8794e2e4c9c8031c62ff9774a3f63f6f58,0.07427649316377938
direct_neighbor_ridge,0,0,0,0,0,0,False,4,"[""AMP"", ""glutamate"", ""glutamine"", ""malate""]",[],0,0,8,4,5,isocitrate,0,0,10.0,697,179,16,2,5.851803350502152,0.2874344660326567,False,db1ab3680dcfc2deb10e2511ec28b70b27966d5a436d724be48267bcbf200acf,0.07539140991866589
direct_neighbor_ridge,0,0,0,0,0,0,False,4,"[""AMP"", ""glutamate"", ""glutamine"", ""malate""]",[],0,0,8,4,5,isocitrate,0,1,0.1,705,171,13,5,5.801671359148936,0.3220998150747993,False,32d2e2f547f707a9f12d899e65a934275c9f49020e10d214973126d05910ec9c,0.08460821793414652
direct_neighbor_ridge,0,0,0,0,0,0,False,4,"[""AMP"", ""glutamate"", ""glutamine"", ""malate""]",[],0,0,8,4,5,isocitrate,0,2,0.1,700,176,13,5,5.819626022285714,0.3125991244461808,False,659dce4f66bf4ee0228513d024a4e287e9f1aa3957152332b1483ab0af67cb42,0.06455809785984457
direct_neighbor_ridge,0,0,0,0,0,0,False,4,"[""AMP"", ""glutamate"", ""glutamine"", ""malate""]",[],0,0,8,4,5,isocitrate,0,3,0.1,702,174,13,5,5.813583703703704,0.31261532643959306,False,9492e163b6ef19b0563b1ce8302b8e8794e2e4c9c8031c62ff9774a3f63f6f58,0.08608679100871086
direct_neighbor_ridge,0,0,0,0,0,0,False,4,"[""AMP"", ""glutamate"", ""glutamine"", ""malate""]",[],0,0,8,4,5,isocitrate,0,4,0.1,700,176,17,1,5.8259869698571425,0.3181488605265445,False,cf9883e99ee1b956d01c2cb42a4d284b982ce23065d3616a5e1cced359e41fb5,0.09599844110198319
direct_neighbor_ridge,0,0,0,0,0,0,False,4,"[""AMP"", ""glutamate"", ""glutamine"", ""malate""]",[],0,0,8,4,5,isocitrate,1,0,0.1,705,171,13,5,5.801671359148936,0.3220998150747993,False,32d2e2f547f707a9f12d899e65a934275c9f49020e10d214973126d05910ec9c,0.0763685880228877
direct_neighbor_ridge,0,0,0,0,0,0,False,4,"[""AMP"", ""glutamate"", ""glutamine"", ""malate""]",[],0,0,8,4,5,isocitrate,1,1,1.0,700,176,17,1,5.8259869698571425,0.3181488605265445,False,cf9883e99ee1b956d01c2cb42a4d284b982ce23065d3616a5e1cced359e41fb5,0.08411058504134417
direct_neighbor_ridge,0,0,0,0,0,0,False,4,"[""AMP"", ""glutamate"", ""glutamine"", ""malate""]",[],0,0,8,4,5,isocitrate,1,2,10.0,697,179,16,2,5.851803350502152,0.2874344660326567,False,db1ab3680dcfc2deb10e2511ec28b70b27966d5a436d724be48267bcbf200acf,0.09462963207624853
direct_neighbor_ridge,0,0,0,0,0,0,False,4,"[""AMP"", ""glutamate"", ""glutamine"", ""malate""]",[],0,0,8,4,5,isocitrate,1,3,0.1,700,176,13,5,5.819626022285714,0.3125991244461808,False,659dce4f66bf4ee0228513d024a4e287e9f1aa3957152332b1483ab0af67cb42,0.0823175439145416
direct_neighbor_ridge,0,0,0,0,0,0,False,4,"[""AMP"", ""glutamate"", ""glutamine"", ""malate""]",[],0,0,8,4,5,isocitrate,1,4,0.1,702,174,13,5,5.813583703703704,0.31261532643959306,False,9492e163b6ef19b0563b1ce8302b8e8794e2e4c9c8031c62ff9774a3f63f6f58,0.06524745700880885
direct_neighbor_ridge,0,0,0,0,0,0,False,1,"[""AMP""]",[],0,0,2,1,2,isoleucine,0,0,100.0,697,179,16,2,5.817292354949784,0.35729730334085963,False,db1ab3680dcfc2deb10e2511ec28b70b27966d5a436d724be48267bcbf200acf,0.05616664118133485
direct_neighbor_ridge,0,0,0,0,0,0,False,1,"[""AMP""]",[],0,0,2,1,2,isoleucine,0,1,0.1,705,171,13,5,5.704429871063829,0.3843932156639209,False,32d2e2f547f707a9f12d899e65a934275c9f49020e10d214973126d05910ec9c,0.07341243186965585
direct_neighbor_ridge,0,0,0,0,0,0,False,1,"[""AMP""]",[],0,0,2,1,2,isoleucine,0,2,0.1,700,176,13,5,5.724266333285715,0.38201203949617024,False,659dce4f66bf4ee0228513d024a4e287e9f1aa3957152332b1483ab0af67cb42,0.0625813789665699
direct_neighbor_ridge,0,0,0,0,0,0,False,1,"[""AMP""]",[],0,0,2,1,2,isoleucine,0,3,0.1,702,174,13,5,5.717218183618233,0.3896156708274436,False,9492e163b6ef19b0563b1ce8302b8e8794e2e4c9c8031c62ff9774a3f63f6f58,0.057933208998292685
direct_neighbor_ridge,0,0,0,0,0,0,False,1,"[""AMP""]",[],0,0,2,1,2,isoleucine,0,4,0.1,700,176,17,1,5.740546115571429,0.36965045572416955,False,cf9883e99ee1b956d01c2cb42a4d284b982ce23065d3616a5e1cced359e41fb5,0.08155136904679239
direct_neighbor_ridge,0,0,0,0,0,0,False,1,"[""AMP""]",[],0,0,2,1,2,isoleucine,1,0,0.1,705,171,13,5,5.704429871063829,0.3843932156639209,False,32d2e2f547f707a9f12d899e65a934275c9f49020e10d214973126d05910ec9c,0.07003121497109532
direct_neighbor_ridge,0,0,0,0,0,0,False,1,"[""AMP""]",[],0,0,2,1,2,isoleucine,1,1,0.1,700,176,17,1,5.740546115571429,0.36965045572416955,False,cf9883e99ee1b956d01c2cb42a4d284b982ce23065d3616a5e1cced359e41fb5,0.06578018493019044
direct_neighbor_ridge,0,0,0,0,0,0,False,1,"[""AMP""]",[],0,0,2,1,2,isoleucine,1,2,100.0,697,179,16,2,5.817292354949784,0.35729730334085963,False,db1ab3680dcfc2deb10e2511ec28b70b27966d5a436d724be48267bcbf200acf,0.06413109810091555
direct_neighbor_ridge,0,0,0,0,0,0,False,1,"[""AMP""]",[],0,0,2,1,2,isoleucine,1,3,0.1,700,176,13,5,5.724266333285715,0.38201203949617024,False,659dce4f66bf4ee0228513d024a4e287e9f1aa3957152332b1483ab0af67cb42,0.06101555610075593
direct_neighbor_ridge,0,0,0,0,0,0,False,1,"[""AMP""]",[],0,0,2,1,2,isoleucine,1,4,0.1,702,174,13,5,5.717218183618233,0.3896156708274436,False,9492e163b6ef19b0563b1ce8302b8e8794e2e4c9c8031c62ff9774a3f63f6f58,0.05685898684896529
direct_neighbor_ridge,0,0,0,0,0,0,False,3,"[""AMP"", ""GMP"", ""NAD""]",[],0,0,6,3,4,kynurenine,0,0,100.0,697,179,16,2,5.934133664705882,0.43781396467582306,False,db1ab3680dcfc2deb10e2511ec28b70b27966d5a436d724be48267bcbf200acf,0.12176567781716585
direct_neighbor_ridge,0,0,0,0,0,0,False,3,"[""AMP"", ""GMP"", ""NAD""]",[],0,0,6,3,4,kynurenine,0,1,100.0,705,171,13,5,5.926552404964539,0.42337591229378796,False,32d2e2f547f707a9f12d899e65a934275c9f49020e10d214973126d05910ec9c,0.08695396198891103
direct_neighbor_ridge,0,0,0,0,0,0,False,3,"[""AMP"", ""GMP"", ""NAD""]",[],0,0,6,3,4,kynurenine,0,2,100.0,700,176,13,5,5.9390966704285715,0.43616254118090847,False,659dce4f66bf4ee0228513d024a4e287e9f1aa3957152332b1483ab0af67cb42,0.12116089789196849
direct_neighbor_ridge,0,0,0,0,0,0,False,3,"[""AMP"", ""GMP"", ""NAD""]",[],0,0,6,3,4,kynurenine,0,3,100.0,702,174,13,5,5.952286661396012,0.4239211231682899,False,9492e163b6ef19b0563b1ce8302b8e8794e2e4c9c8031c62ff9774a3f63f6f58,0.06825483404099941
direct_neighbor_ridge,0,0,0,0,0,0,False,3,"[""AMP"", ""GMP"", ""NAD""]",[],0,0,6,3,4,kynurenine,0,4,100.0,700,176,17,1,5.939905379142859,0.44267273159479614,False,cf9883e99ee1b956d01c2cb42a4d284b982ce23065d3616a5e1cced359e41fb5,0.07747355313040316
direct_neighbor_ridge,0,0,0,0,0,0,False,3,"[""AMP"", ""GMP"", ""NAD""]",[],0,0,6,3,4,kynurenine,1,0,100.0,705,171,13,5,5.926552404964539,0.42337591229378796,False,32d2e2f547f707a9f12d899e65a934275c9f49020e10d214973126d05910ec9c,0.059523539151996374
direct_neighbor_ridge,0,0,0,0,0,0,False,3,"[""AMP"", ""GMP"", ""NAD""]",[],0,0,6,3,4,kynurenine,1,1,100.0,700,176,17,1,5.939905379142859,0.44267273159479614,False,cf9883e99ee1b956d01c2cb42a4d284b982ce23065d3616a5e1cced359e41fb5,0.05642701708711684
direct_neighbor_ridge,0,0,0,0,0,0,False,3,"[""AMP"", ""GMP"", ""NAD""]",[],0,0,6,3,4,kynurenine,1,2,100.0,697,179,16,2,5.934133664705882,0.43781396467582306,False,db1ab3680dcfc2deb10e2511ec28b70b27966d5a436d724be48267bcbf200acf,0.05711826588958502
direct_neighbor_ridge,0,0,0,0,0,0,False,3,"[""AMP"", ""GMP"", ""NAD""]",[],0,0,6,3,4,kynurenine,1,3,100.0,700,176,13,5,5.9390966704285715,0.43616254118090847,False,659dce4f66bf4ee0228513d024a4e287e9f1aa3957152332b1483ab0af67cb42,0.0605361619964242
direct_neighbor_ridge,0,0,0,0,0,0,False,3,"[""AMP"", ""GMP"", ""NAD""]",[],0,0,6,3,4,kynurenine,1,4,100.0,702,174,13,5,5.952286661396012,0.4239211231682899,False,9492e163b6ef19b0563b1ce8302b8e8794e2e4c9c8031c62ff9774a3f63f6f58,0.05875006807036698
direct_neighbor_ridge,0,0,0,0,0,0,False,3,"[""NAD"", ""beta-alanine"", ""serine""]",[],0,0,6,3,4,leucine,0,0,100.0,697,179,16,2,5.831542355954089,0.2951264468207581,False,db1ab3680dcfc2deb10e2511ec28b70b27966d5a436d724be48267bcbf200acf,0.07809352478943765
direct_neighbor_ridge,0,0,0,0,0,0,False,3,"[""NAD"", ""beta-alanine"", ""serine""]",[],0,0,6,3,4,leucine,0,1,100.0,705,171,13,5,5.71278935716312,0.3461939858441402,False,32d2e2f547f707a9f12d899e65a934275c9f49020e10d214973126d05910ec9c,0.0689325169660151
direct_neighbor_ridge,0,0,0,0,0,0,False,3,"[""NAD"", ""beta-alanine"", ""serine""]",[],0,0,6,3,4,leucine,0,2,100.0,700,176,13,5,5.738065795428572,0.3490973408490637,False,659dce4f66bf4ee0228513d024a4e287e9f1aa3957152332b1483ab0af67cb42,0.07349551492370665
direct_neighbor_ridge,0,0,0,0,0,0,False,3,"[""NAD"", ""beta-alanine"", ""serine""]",[],0,0,6,3,4,leucine,0,3,100.0,702,174,13,5,5.729321187321937,0.341575517760423,False,9492e163b6ef19b0563b1ce8302b8e8794e2e4c9c8031c62ff9774a3f63f6f58,0.06979399011470377
direct_neighbor_ridge,0,0,0,0,0,0,False,3,"[""NAD"", ""beta-alanine"", ""serine""]",[],0,0,6,3,4,leucine,0,4,10.0,700,176,17,1,5.747189129714286,0.3342929822214523,False,cf9883e99ee1b956d01c2cb42a4d284b982ce23065d3616a5e1cced359e41fb5,0.10759203508496284
direct_neighbor_ridge,0,0,0,0,0,0,False,3,"[""NAD"", ""beta-alanine"", ""serine""]",[],0,0,6,3,4,leucine,1,0,100.0,705,171,13,5,5.71278935716312,0.3461939858441402,False,32d2e2f547f707a9f12d899e65a934275c9f49020e10d214973126d05910ec9c,0.26361032598651946
direct_neighbor_ridge,0,0,0,0,0,0,False,3,"[""NAD"", ""beta-alanine"", ""serine""]",[],0,0,6,3,4,leucine,1,1,100.0,700,176,17,1,5.747189129714286,0.3342929822214523,False,cf9883e99ee1b956d01c2cb42a4d284b982ce23065d3616a5e1cced359e41fb5,0.060217831982299685
direct_neighbor_ridge,0,0,0,0,0,0,False,3,"[""NAD"", ""beta-alanine"", ""serine""]",[],0,0,6,3,4,leucine,1,2,100.0,697,179,16,2,5.831542355954089,0.2951264468207581,False,db1ab3680dcfc2deb10e2511ec28b70b27966d5a436d724be48267bcbf200acf,0.06662945705465972
direct_neighbor_ridge,0,0,0,0,0,0,False,3,"[""NAD"", ""beta-alanine"", ""serine""]",[],0,0,6,3,4,leucine,1,3,100.0,700,176,13,5,5.738065795428572,0.3490973408490637,False,659dce4f66bf4ee0228513d024a4e287e9f1aa3957152332b1483ab0af67cb42,0.06026392104104161
direct_neighbor_ridge,0,0,0,0,0,0,False,3,"[""NAD"", ""beta-alanine"", ""serine""]",[],0,0,6,3,4,leucine,1,4,100.0,702,174,13,5,5.729321187321937,0.341575517760423,False,9492e163b6ef19b0563b1ce8302b8e8794e2e4c9c8031c62ff9774a3f63f6f58,0.05946560809388757
direct_neighbor_ridge,0,0,0,0,0,0,False,1,"[""NAD""]",[],0,0,2,1,2,lysine,0,0,100.0,697,179,16,2,5.934322607747489,0.4071035682376424,False,db1ab3680dcfc2deb10e2511ec28b70b27966d5a436d724be48267bcbf200acf,0.06046107201837003
direct_neighbor_ridge,0,0,0,0,0,0,False,1,"[""NAD""]",[],0,0,2,1,2,lysine,0,1,100.0,705,171,13,5,5.763875533617021,0.4753635421432698,False,32d2e2f547f707a9f12d899e65a934275c9f49020e10d214973126d05910ec9c,0.0661013990174979
direct_neighbor_ridge,0,0,0,0,0,0,False,1,"[""NAD""]",[],0,0,2,1,2,lysine,0,2,100.0,700,176,13,5,5.818256463428571,0.4878590191417011,False,659dce4f66bf4ee0228513d024a4e287e9f1aa3957152332b1483ab0af67cb42,0.05752571998164058
direct_neighbor_ridge,0,0,0,0,0,0,False,1,"[""NAD""]",[],0,0,2,1,2,lysine,0,3,100.0,702,174,13,5,5.772962760683761,0.4814261181271888,False,9492e163b6ef19b0563b1ce8302b8e8794e2e4c9c8031c62ff9774a3f63f6f58,0.06823000498116016
direct_neighbor_ridge,0,0,0,0,0,0,False,1,"[""NAD""]",[],0,0,2,1,2,lysine,0,4,100.0,700,176,17,1,5.809447613714285,0.47990437809288217,False,cf9883e99ee1b956d01c2cb42a4d284b982ce23065d3616a5e1cced359e41fb5,0.05840672389604151
direct_neighbor_ridge,0,0,0,0,0,0,False,1,"[""NAD""]",[],0,0,2,1,2,lysine,1,0,100.0,705,171,13,5,5.763875533617021,0.4753635421432698,False,32d2e2f547f707a9f12d899e65a934275c9f49020e10d214973126d05910ec9c,0.055043601896613836
direct_neighbor_ridge,0,0,0,0,0,0,False,1,"[""NAD""]",[],0,0,2,1,2,lysine,1,1,100.0,700,176,17,1,5.809447613714285,0.47990437809288217,False,cf9883e99ee1b956d01c2cb42a4d284b982ce23065d3616a5e1cced359e41fb5,0.05980108608491719
direct_neighbor_ridge,0,0,0,0,0,0,False,1,"[""NAD""]",[],0,0,2,1,2,lysine,1,2,100.0,697,179,16,2,5.934322607747489,0.4071035682376424,False,db1ab3680dcfc2deb10e2511ec28b70b27966d5a436d724be48267bcbf200acf,0.07993975188583136
direct_neighbor_ridge,0,0,0,0,0,0,False,1,"[""NAD""]",[],0,0,2,1,2,lysine,1,3,0.1,700,176,13,5,5.818256463428571,0.4878590191417011,False,659dce4f66bf4ee0228513d024a4e287e9f1aa3957152332b1483ab0af67cb42,0.05543102486990392
direct_neighbor_ridge,0,0,0,0,0,0,False,1,"[""NAD""]",[],0,0,2,1,2,lysine,1,4,100.0,702,174,13,5,5.772962760683761,0.4814261181271888,False,9492e163b6ef19b0563b1ce8302b8e8794e2e4c9c8031c62ff9774a3f63f6f58,0.06395904300734401
direct_neighbor_ridge,0,0,0,0,0,0,False,2,"[""AMP"", ""glutamate""]",[],0,0,4,2,3,malate,0,0,10.0,697,179,16,2,5.84539932697274,0.2374032760953075,False,db1ab3680dcfc2deb10e2511ec28b70b27966d5a436d724be48267bcbf200acf,0.09435134194791317
direct_neighbor_ridge,0,0,0,0,0,0,False,2,"[""AMP"", ""glutamate""]",[],0,0,4,2,3,malate,0,1,100.0,705,171,13,5,5.832756050070921,0.27493887360433295,False,32d2e2f547f707a9f12d899e65a934275c9f49020e10d214973126d05910ec9c,0.07796926493756473
direct_neighbor_ridge,0,0,0,0,0,0,False,2,"[""AMP"", ""glutamate""]",[],0,0,4,2,3,malate,0,2,100.0,700,176,13,5,5.831384746571429,0.2691691871484761,False,659dce4f66bf4ee0228513d024a4e287e9f1aa3957152332b1483ab0af67cb42,0.06261602719314396
direct_neighbor_ridge,0,0,0,0,0,0,False,2,"[""AMP"", ""glutamate""]",[],0,0,4,2,3,malate,0,3,100.0,702,174,13,5,5.846637076923078,0.260711235793023,False,9492e163b6ef19b0563b1ce8302b8e8794e2e4c9c8031c62ff9774a3f63f6f58,0.059656071942299604
direct_neighbor_ridge,0,0,0,0,0,0,False,2,"[""AMP"", ""glutamate""]",[],0,0,4,2,3,malate,0,4,100.0,700,176,17,1,5.840662609714286,0.2716781962373946,False,cf9883e99ee1b956d01c2cb42a4d284b982ce23065d3616a5e1cced359e41fb5,0.06282548606395721
direct_neighbor_ridge,0,0,0,0,0,0,False,2,"[""AMP"", ""glutamate""]",[],0,0,4,2,3,malate,1,0,100.0,705,171,13,5,5.832756050070921,0.27493887360433295,False,32d2e2f547f707a9f12d899e65a934275c9f49020e10d214973126d05910ec9c,0.06791375996544957
direct_neighbor_ridge,0,0,0,0,0,0,False,2,"[""AMP"", ""glutamate""]",[],0,0,4,2,3,malate,1,1,100.0,700,176,17,1,5.840662609714286,0.2716781962373946,False,cf9883e99ee1b956d01c2cb42a4d284b982ce23065d3616a5e1cced359e41fb5,0.06422667298465967
direct_neighbor_ridge,0,0,0,0,0,0,False,2,"[""AMP"", ""glutamate""]",[],0,0,4,2,3,malate,1,2,10.0,697,179,16,2,5.84539932697274,0.2374032760953075,False,db1ab3680dcfc2deb10e2511ec28b70b27966d5a436d724be48267bcbf200acf,0.07345143798738718
direct_neighbor_ridge,0,0,0,0,0,0,False,2,"[""AMP"", ""glutamate""]",[],0,0,4,2,3,malate,1,3,100.0,700,176,13,5,5.831384746571429,0.2691691871484761,False,659dce4f66bf4ee0228513d024a4e287e9f1aa3957152332b1483ab0af67cb42,0.06867555901408195
direct_neighbor_ridge,0,0,0,0,0,0,False,2,"[""AMP"", ""glutamate""]",[],0,0,4,2,3,malate,1,4,100.0,702,174,13,5,5.846637076923078,0.260711235793023,False,9492e163b6ef19b0563b1ce8302b8e8794e2e4c9c8031c62ff9774a3f63f6f58,0.06416996009647846
direct_neighbor_ridge,0,0,0,0,0,0,False,4,"[""AMP"", ""CMP"", ""GMP"", ""UMP""]",[],0,0,8,4,5,methionine,0,0,100.0,697,179,16,2,5.844706393113342,0.3516238559885935,False,db1ab3680dcfc2deb10e2511ec28b70b27966d5a436d724be48267bcbf200acf,0.05527647095732391
direct_neighbor_ridge,0,0,0,0,0,0,False,4,"[""AMP"", ""CMP"", ""GMP"", ""UMP""]",[],0,0,8,4,5,methionine,0,1,100.0,705,171,13,5,5.710732257446809,0.4029734963810446,False,32d2e2f547f707a9f12d899e65a934275c9f49020e10d214973126d05910ec9c,0.054431302938610315
direct_neighbor_ridge,0,0,0,0,0,0,False,4,"[""AMP"", ""CMP"", ""GMP"", ""UMP""]",[],0,0,8,4,5,methionine,0,2,100.0,700,176,13,5,5.740705925428571,0.3974252920124316,False,659dce4f66bf4ee0228513d024a4e287e9f1aa3957152332b1483ab0af67cb42,0.0847322940826416
direct_neighbor_ridge,0,0,0,0,0,0,False,4,"[""AMP"", ""CMP"", ""GMP"", ""UMP""]",[],0,0,8,4,5,methionine,0,3,100.0,702,174,13,5,5.726730337464388,0.3991828927493059,False,9492e163b6ef19b0563b1ce8302b8e8794e2e4c9c8031c62ff9774a3f63f6f58,0.09459595708176494
direct_neighbor_ridge,0,0,0,0,0,0,False,4,"[""AMP"", ""CMP"", ""GMP"", ""UMP""]",[],0,0,8,4,5,methionine,0,4,10.0,700,176,17,1,5.751831437428572,0.3837665333034442,False,cf9883e99ee1b956d01c2cb42a4d284b982ce23065d3616a5e1cced359e41fb5,0.07834000186994672
direct_neighbor_ridge,0,0,0,0,0,0,False,4,"[""AMP"", ""CMP"", ""GMP"", ""UMP""]",[],0,0,8,4,5,methionine,1,0,100.0,705,171,13,5,5.710732257446809,0.4029734963810446,False,32d2e2f547f707a9f12d899e65a934275c9f49020e10d214973126d05910ec9c,0.08507861313410103
direct_neighbor_ridge,0,0,0,0,0,0,False,4,"[""AMP"", ""CMP"", ""GMP"", ""UMP""]",[],0,0,8,4,5,methionine,1,1,10.0,700,176,17,1,5.751831437428572,0.3837665333034442,False,cf9883e99ee1b956d01c2cb42a4d284b982ce23065d3616a5e1cced359e41fb5,0.08351286104880273
direct_neighbor_ridge,0,0,0,0,0,0,False,4,"[""AMP"", ""CMP"", ""GMP"", ""UMP""]",[],0,0,8,4,5,methionine,1,2,100.0,697,179,16,2,5.844706393113342,0.3516238559885935,False,db1ab3680dcfc2deb10e2511ec28b70b27966d5a436d724be48267bcbf200acf,0.07599821407347918
direct_neighbor_ridge,0,0,0,0,0,0,False,4,"[""AMP"", ""CMP"", ""GMP"", ""UMP""]",[],0,0,8,4,5,methionine,1,3,10.0,700,176,13,5,5.740705925428571,0.3974252920124316,False,659dce4f66bf4ee0228513d024a4e287e9f1aa3957152332b1483ab0af67cb42,0.058547765016555786
direct_neighbor_ridge,0,0,0,0,0,0,False,4,"[""AMP"", ""CMP"", ""GMP"", ""UMP""]",[],0,0,8,4,5,methionine,1,4,100.0,702,174,13,5,5.726730337464388,0.3991828927493059,False,9492e163b6ef19b0563b1ce8302b8e8794e2e4c9c8031c62ff9774a3f63f6f58,0.05810483102686703
direct_neighbor_ridge,0,0,0,0,0,0,False,5,"[""NAD"", ""alanine"", ""beta-alanine"", ""isocitrate"", ""oxalate""]",[],0,0,10,5,6,ornithine,0,0,100.0,697,179,16,2,5.901764725107604,0.37091255999449113,False,db1ab3680dcfc2deb10e2511ec28b70b27966d5a436d724be48267bcbf200acf,0.056466851849108934
direct_neighbor_ridge,0,0,0,0,0,0,False,5,"[""NAD"", ""alanine"", ""beta-alanine"", ""isocitrate"", ""oxalate""]",[],0,0,10,5,6,ornithine,0,1,100.0,705,171,13,5,5.868419232765957,0.39189021898334747,False,32d2e2f547f707a9f12d899e65a934275c9f49020e10d214973126d05910ec9c,0.07472227001562715
direct_neighbor_ridge,0,0,0,0,0,0,False,5,"[""NAD"", ""alanine"", ""beta-alanine"", ""isocitrate"", ""oxalate""]",[],0,0,10,5,6,ornithine,0,2,10.0,700,176,13,5,5.857476163,0.37685730093351216,False,659dce4f66bf4ee0228513d024a4e287e9f1aa3957152332b1483ab0af67cb42,0.06937543512322009
direct_neighbor_ridge,0,0,0,0,0,0,False,5,"[""NAD"", ""alanine"", ""beta-alanine"", ""isocitrate"", ""oxalate""]",[],0,0,10,5,6,ornithine,0,3,100.0,702,174,13,5,5.870326695584046,0.38229349463561557,False,9492e163b6ef19b0563b1ce8302b8e8794e2e4c9c8031c62ff9774a3f63f6f58,0.06443012109957635
direct_neighbor_ridge,0,0,0,0,0,0,False,5,"[""NAD"", ""alanine"", ""beta-alanine"", ""isocitrate"", ""oxalate""]",[],0,0,10,5,6,ornithine,0,4,10.0,700,176,17,1,5.861688638714287,0.3763700504060924,False,cf9883e99ee1b956d01c2cb42a4d284b982ce23065d3616a5e1cced359e41fb5,0.07160330004990101
direct_neighbor_ridge,0,0,0,0,0,0,False,5,"[""NAD"", ""alanine"", ""beta-alanine"", ""isocitrate"", ""oxalate""]",[],0,0,10,5,6,ornithine,1,0,100.0,705,171,13,5,5.868419232765957,0.39189021898334747,False,32d2e2f547f707a9f12d899e65a934275c9f49020e10d214973126d05910ec9c,0.07781758601777256
direct_neighbor_ridge,0,0,0,0,0,0,False,5,"[""NAD"", ""alanine"", ""beta-alanine"", ""isocitrate"", ""oxalate""]",[],0,0,10,5,6,ornithine,1,1,10.0,700,176,17,1,5.861688638714287,0.3763700504060924,False,cf9883e99ee1b956d01c2cb42a4d284b982ce23065d3616a5e1cced359e41fb5,0.07587815704755485
direct_neighbor_ridge,0,0,0,0,0,0,False,5,"[""NAD"", ""alanine"", ""beta-alanine"", ""isocitrate"", ""oxalate""]",[],0,0,10,5,6,ornithine,1,2,100.0,697,179,16,2,5.901764725107604,0.37091255999449113,False,db1ab3680dcfc2deb10e2511ec28b70b27966d5a436d724be48267bcbf200acf,0.06002386403270066
direct_neighbor_ridge,0,0,0,0,0,0,False,5,"[""NAD"", ""alanine"", ""beta-alanine"", ""isocitrate"", ""oxalate""]",[],0,0,10,5,6,ornithine,1,3,100.0,700,176,13,5,5.857476163,0.37685730093351216,False,659dce4f66bf4ee0228513d024a4e287e9f1aa3957152332b1483ab0af67cb42,0.0603122329339385
direct_neighbor_ridge,0,0,0,0,0,0,False,5,"[""NAD"", ""alanine"", ""beta-alanine"", ""isocitrate"", ""oxalate""]",[],0,0,10,5,6,ornithine,1,4,100.0,702,174,13,5,5.870326695584046,0.38229349463561557,False,9492e163b6ef19b0563b1ce8302b8e8794e2e4c9c8031c62ff9774a3f63f6f58,0.05718276812694967
direct_neighbor_ridge,0,0,0,0,0,0,False,1,"[""AMP""]",[],0,0,2,1,2,oxalate,0,0,100.0,697,179,16,2,5.8571481606886655,0.19123230688172624,False,db1ab3680dcfc2deb10e2511ec28b70b27966d5a436d724be48267bcbf200acf,0.06433387589640915
direct_neighbor_ridge,0,0,0,0,0,0,False,1,"[""AMP""]",[],0,0,2,1,2,oxalate,0,1,0.1,705,171,13,5,5.943317970496454,0.24685378640027086,False,32d2e2f547f707a9f12d899e65a934275c9f49020e10d214973126d05910ec9c,0.062244965927675366
direct_neighbor_ridge,0,0,0,0,0,0,False,1,"[""AMP""]",[],0,0,2,1,2,oxalate,0,2,0.1,700,176,13,5,5.94393518457143,0.24464424725957237,False,659dce4f66bf4ee0228513d024a4e287e9f1aa3957152332b1483ab0af67cb42,0.06421899888664484
direct_neighbor_ridge,0,0,0,0,0,0,False,1,"[""AMP""]",[],0,0,2,1,2,oxalate,0,3,0.1,702,174,13,5,5.932151932336182,0.24734399059798892,False,9492e163b6ef19b0563b1ce8302b8e8794e2e4c9c8031c62ff9774a3f63f6f58,0.05053076916374266
direct_neighbor_ridge,0,0,0,0,0,0,False,1,"[""AMP""]",[],0,0,2,1,2,oxalate,0,4,0.1,700,176,17,1,5.923174090142856,0.23355041846191812,False,cf9883e99ee1b956d01c2cb42a4d284b982ce23065d3616a5e1cced359e41fb5,0.06687160511501133
direct_neighbor_ridge,0,0,0,0,0,0,False,1,"[""AMP""]",[],0,0,2,1,2,oxalate,1,0,0.1,705,171,13,5,5.943317970496454,0.24685378640027086,False,32d2e2f547f707a9f12d899e65a934275c9f49020e10d214973126d05910ec9c,0.06287252996116877
direct_neighbor_ridge,0,0,0,0,0,0,False,1,"[""AMP""]",[],0,0,2,1,2,oxalate,1,1,0.1,700,176,17,1,5.923174090142856,0.23355041846191812,False,cf9883e99ee1b956d01c2cb42a4d284b982ce23065d3616a5e1cced359e41fb5,0.05765243014320731
direct_neighbor_ridge,0,0,0,0,0,0,False,1,"[""AMP""]",[],0,0,2,1,2,oxalate,1,2,100.0,697,179,16,2,5.8571481606886655,0.19123230688172624,False,db1ab3680dcfc2deb10e2511ec28b70b27966d5a436d724be48267bcbf200acf,0.059157463954761624
direct_neighbor_ridge,0,0,0,0,0,0,False,1,"[""AMP""]",[],0,0,2,1,2,oxalate,1,3,0.1,700,176,13,5,5.94393518457143,0.24464424725957237,False,659dce4f66bf4ee0228513d024a4e287e9f1aa3957152332b1483ab0af67cb42,0.05970416986383498
direct_neighbor_ridge,0,0,0,0,0,0,False,1,"[""AMP""]",[],0,0,2,1,2,oxalate,1,4,0.1,702,174,13,5,5.932151932336182,0.24734399059798892,False,9492e163b6ef19b0563b1ce8302b8e8794e2e4c9c8031c62ff9774a3f63f6f58,0.058976386208087206
direct_neighbor_ridge,0,0,0,0,0,0,False,4,"[""NAD"", ""NADP"", ""carnosine"", ""malate""]",[],0,0,8,4,5,phenylalanine,0,0,10.0,697,179,16,2,5.936915044619799,0.38787707730618587,False,db1ab3680dcfc2deb10e2511ec28b70b27966d5a436d724be48267bcbf200acf,0.056486880872398615
direct_neighbor_ridge,0,0,0,0,0,0,False,4,"[""NAD"", ""NADP"", ""carnosine"", ""malate""]",[],0,0,8,4,5,phenylalanine,0,1,0.1,705,171,13,5,5.785095450496454,0.4305034051315013,False,32d2e2f547f707a9f12d899e65a934275c9f49020e10d214973126d05910ec9c,0.05805198289453983
direct_neighbor_ridge,0,0,0,0,0,0,False,4,"[""NAD"", ""NADP"", ""carnosine"", ""malate""]",[],0,0,8,4,5,phenylalanine,0,2,0.1,700,176,13,5,5.836019977714286,0.43676103299292846,False,659dce4f66bf4ee0228513d024a4e287e9f1aa3957152332b1483ab0af67cb42,0.09428608696907759
direct_neighbor_ridge,0,0,0,0,0,0,False,4,"[""NAD"", ""NADP"", ""carnosine"", ""malate""]",[],0,0,8,4,5,phenylalanine,0,3,0.1,702,174,13,5,5.804011151994302,0.4357928814395778,False,9492e163b6ef19b0563b1ce8302b8e8794e2e4c9c8031c62ff9774a3f63f6f58,0.06032281299121678
direct_neighbor_ridge,0,0,0,0,0,0,False,4,"[""NAD"", ""NADP"", ""carnosine"", ""malate""]",[],0,0,8,4,5,phenylalanine,0,4,10.0,700,176,17,1,5.839300081428571,0.43520662066993177,False,cf9883e99ee1b956d01c2cb42a4d284b982ce23065d3616a5e1cced359e41fb5,0.11814606096595526
direct_neighbor_ridge,0,0,0,0,0,0,False,4,"[""NAD"", ""NADP"", ""carnosine"", ""malate""]",[],0,0,8,4,5,phenylalanine,1,0,0.1,705,171,13,5,5.785095450496454,0.4305034051315013,False,32d2e2f547f707a9f12d899e65a934275c9f49020e10d214973126d05910ec9c,0.08982617198489606
direct_neighbor_ridge,0,0,0,0,0,0,False,4,"[""NAD"", ""NADP"", ""carnosine"", ""malate""]",[],0,0,8,4,5,phenylalanine,1,1,10.0,700,176,17,1,5.839300081428571,0.43520662066993177,False,cf9883e99ee1b956d01c2cb42a4d284b982ce23065d3616a5e1cced359e41fb5,0.06493784696795046
direct_neighbor_ridge,0,0,0,0,0,0,False,4,"[""NAD"", ""NADP"", ""carnosine"", ""malate""]",[],0,0,8,4,5,phenylalanine,1,2,10.0,697,179,16,2,5.936915044619799,0.38787707730618587,False,db1ab3680dcfc2deb10e2511ec28b70b27966d5a436d724be48267bcbf200acf,0.06213591690175235
direct_neighbor_ridge,0,0,0,0,0,0,False,4,"[""NAD"", ""NADP"", ""carnosine"", ""malate""]",[],0,0,8,4,5,phenylalanine,1,3,0.1,700,176,13,5,5.836019977714286,0.43676103299292846,False,659dce4f66bf4ee0228513d024a4e287e9f1aa3957152332b1483ab0af67cb42,0.06485342606902122
direct_neighbor_ridge,0,0,0,0,0,0,False,4,"[""NAD"", ""NADP"", ""carnosine"", ""malate""]",[],0,0,8,4,5,phenylalanine,1,4,10.0,702,174,13,5,5.804011151994302,0.4357928814395778,False,9492e163b6ef19b0563b1ce8302b8e8794e2e4c9c8031c62ff9774a3f63f6f58,0.1138178810942918
direct_neighbor_ridge,0,0,0,0,0,0,False,3,"[""AMP"", ""beta-alanine"", ""glutamate""]",[],0,0,6,3,4,proline,0,0,0.1,697,179,16,2,5.845378479196557,0.2597836119794736,False,db1ab3680dcfc2deb10e2511ec28b70b27966d5a436d724be48267bcbf200acf,0.062183907022699714
direct_neighbor_ridge,0,0,0,0,0,0,False,3,"[""AMP"", ""beta-alanine"", ""glutamate""]",[],0,0,6,3,4,proline,0,1,10.0,705,171,13,5,5.842336137872341,0.2589631265461561,False,32d2e2f547f707a9f12d899e65a934275c9f49020e10d214973126d05910ec9c,0.06600030907429755
direct_neighbor_ridge,0,0,0,0,0,0,False,3,"[""AMP"", ""beta-alanine"", ""glutamate""]",[],0,0,6,3,4,proline,0,2,0.1,700,176,13,5,5.830172965428571,0.2636424283030725,False,659dce4f66bf4ee0228513d024a4e287e9f1aa3957152332b1483ab0af67cb42,0.05871619004756212
direct_neighbor_ridge,0,0,0,0,0,0,False,3,"[""AMP"", ""beta-alanine"", ""glutamate""]",[],0,0,6,3,4,proline,0,3,0.1,702,174,13,5,5.858766810683761,0.2529611541886748,False,9492e163b6ef19b0563b1ce8302b8e8794e2e4c9c8031c62ff9774a3f63f6f58,0.0526392268948257
direct_neighbor_ridge,0,0,0,0,0,0,False,3,"[""AMP"", ""beta-alanine"", ""glutamate""]",[],0,0,6,3,4,proline,0,4,1.0,700,176,17,1,5.847336737571429,0.2643426691214404,False,cf9883e99ee1b956d01c2cb42a4d284b982ce23065d3616a5e1cced359e41fb5,0.05743209412321448
direct_neighbor_ridge,0,0,0,0,0,0,False,3,"[""AMP"", ""beta-alanine"", ""glutamate""]",[],0,0,6,3,4,proline,1,0,10.0,705,171,13,5,5.842336137872341,0.2589631265461561,False,32d2e2f547f707a9f12d899e65a934275c9f49020e10d214973126d05910ec9c,0.06519867898896337
direct_neighbor_ridge,0,0,0,0,0,0,False,3,"[""AMP"", ""beta-alanine"", ""glutamate""]",[],0,0,6,3,4,proline,1,1,1.0,700,176,17,1,5.847336737571429,0.2643426691214404,False,cf9883e99ee1b956d01c2cb42a4d284b982ce23065d3616a5e1cced359e41fb5,0.04737945180386305
direct_neighbor_ridge,0,0,0,0,0,0,False,3,"[""AMP"", ""beta-alanine"", ""glutamate""]",[],0,0,6,3,4,proline,1,2,0.1,697,179,16,2,5.845378479196557,0.2597836119794736,False,db1ab3680dcfc2deb10e2511ec28b70b27966d5a436d724be48267bcbf200acf,0.0779780491720885
direct_neighbor_ridge,0,0,0,0,0,0,False,3,"[""AMP"", ""beta-alanine"", ""glutamate""]",[],0,0,6,3,4,proline,1,3,0.1,700,176,13,5,5.830172965428571,0.2636424283030725,False,659dce4f66bf4ee0228513d024a4e287e9f1aa3957152332b1483ab0af67cb42,0.05835126293823123
direct_neighbor_ridge,0,0,0,0,0,0,False,3,"[""AMP"", ""beta-alanine"", ""glutamate""]",[],0,0,6,3,4,proline,1,4,0.1,702,174,13,5,5.858766810683761,0.2529611541886748,False,9492e163b6ef19b0563b1ce8302b8e8794e2e4c9c8031c62ff9774a3f63f6f58,0.06075630709528923
direct_neighbor_ridge,0,0,0,0,0,0,False,1,"[""dimethylglycine""]",[],0,0,2,1,2,putrescine,0,0,100.0,697,179,16,2,5.834476610903874,0.34981390103904925,False,db1ab3680dcfc2deb10e2511ec28b70b27966d5a436d724be48267bcbf200acf,0.07578635099343956
direct_neighbor_ridge,0,0,0,0,0,0,False,1,"[""dimethylglycine""]",[],0,0,2,1,2,putrescine,0,1,100.0,705,171,13,5,5.86676280468085,0.34453860408251974,False,32d2e2f547f707a9f12d899e65a934275c9f49020e10d214973126d05910ec9c,0.06296765897423029
direct_neighbor_ridge,0,0,0,0,0,0,False,1,"[""dimethylglycine""]",[],0,0,2,1,2,putrescine,0,2,0.1,700,176,13,5,5.834921169142857,0.3603584147236382,False,659dce4f66bf4ee0228513d024a4e287e9f1aa3957152332b1483ab0af67cb42,0.06547457887791097
direct_neighbor_ridge,0,0,0,0,0,0,False,1,"[""dimethylglycine""]",[],0,0,2,1,2,putrescine,0,3,0.1,702,174,13,5,5.858962787749288,0.360190081438807,False,9492e163b6ef19b0563b1ce8302b8e8794e2e4c9c8031c62ff9774a3f63f6f58,0.07352295191958547
direct_neighbor_ridge,0,0,0,0,0,0,False,1,"[""dimethylglycine""]",[],0,0,2,1,2,putrescine,0,4,100.0,700,176,17,1,5.842789945571428,0.34901274084762085,False,cf9883e99ee1b956d01c2cb42a4d284b982ce23065d3616a5e1cced359e41fb5,0.0704288559500128
direct_neighbor_ridge,0,0,0,0,0,0,False,1,"[""dimethylglycine""]",[],0,0,2,1,2,putrescine,1,0,100.0,705,171,13,5,5.86676280468085,0.34453860408251974,False,32d2e2f547f707a9f12d899e65a934275c9f49020e10d214973126d05910ec9c,0.05512257106602192
direct_neighbor_ridge,0,0,0,0,0,0,False,1,"[""dimethylglycine""]",[],0,0,2,1,2,putrescine,1,1,100.0,700,176,17,1,5.842789945571428,0.34901274084762085,False,cf9883e99ee1b956d01c2cb42a4d284b982ce23065d3616a5e1cced359e41fb5,0.07875673100352287
direct_neighbor_ridge,0,0,0,0,0,0,False,1,"[""dimethylglycine""]",[],0,0,2,1,2,putrescine,1,2,100.0,697,179,16,2,5.834476610903874,0.34981390103904925,False,db1ab3680dcfc2deb10e2511ec28b70b27966d5a436d724be48267bcbf200acf,0.06919150403700769
direct_neighbor_ridge,0,0,0,0,0,0,False,1,"[""dimethylglycine""]",[],0,0,2,1,2,putrescine,1,3,100.0,700,176,13,5,5.834921169142857,0.3603584147236382,False,659dce4f66bf4ee0228513d024a4e287e9f1aa3957152332b1483ab0af67cb42,0.052605784963816404
direct_neighbor_ridge,0,0,0,0,0,0,False,1,"[""dimethylglycine""]",[],0,0,2,1,2,putrescine,1,4,100.0,702,174,13,5,5.858962787749288,0.360190081438807,False,9492e163b6ef19b0563b1ce8302b8e8794e2e4c9c8031c62ff9774a3f63f6f58,0.049425072968006134
direct_neighbor_ridge,0,0,0,0,0,0,False,3,"[""AMP"", ""GMP"", ""beta-alanine""]",[],0,0,6,3,4,sarcosine,0,0,100.0,697,179,16,2,5.9369144758967005,0.2599483145796618,False,db1ab3680dcfc2deb10e2511ec28b70b27966d5a436d724be48267bcbf200acf,0.06209932896308601
direct_neighbor_ridge,0,0,0,0,0,0,False,3,"[""AMP"", ""GMP"", ""beta-alanine""]",[],0,0,6,3,4,sarcosine,0,1,100.0,705,171,13,5,5.9332476963120575,0.2541831682725793,False,32d2e2f547f707a9f12d899e65a934275c9f49020e10d214973126d05910ec9c,0.06798831094056368
direct_neighbor_ridge,0,0,0,0,0,0,False,3,"[""AMP"", ""GMP"", ""beta-alanine""]",[],0,0,6,3,4,sarcosine,0,2,100.0,700,176,13,5,5.912223672428571,0.24962732851458677,False,659dce4f66bf4ee0228513d024a4e287e9f1aa3957152332b1483ab0af67cb42,0.06372381211258471
direct_neighbor_ridge,0,0,0,0,0,0,False,3,"[""AMP"", ""GMP"", ""beta-alanine""]",[],0,0,6,3,4,sarcosine,0,3,10.0,702,174,13,5,5.933046833618233,0.2506930619362083,False,9492e163b6ef19b0563b1ce8302b8e8794e2e4c9c8031c62ff9774a3f63f6f58,0.06184544810093939
direct_neighbor_ridge,0,0,0,0,0,0,False,3,"[""AMP"", ""GMP"", ""beta-alanine""]",[],0,0,6,3,4,sarcosine,0,4,100.0,700,176,17,1,5.933609104142857,0.2533006462103011,False,cf9883e99ee1b956d01c2cb42a4d284b982ce23065d3616a5e1cced359e41fb5,0.06343608512543142
direct_neighbor_ridge,0,0,0,0,0,0,False,3,"[""AMP"", ""GMP"", ""beta-alanine""]",[],0,0,6,3,4,sarcosine,1,0,100.0,705,171,13,5,5.9332476963120575,0.2541831682725793,False,32d2e2f547f707a9f12d899e65a934275c9f49020e10d214973126d05910ec9c,0.06925241299904883
direct_neighbor_ridge,0,0,0,0,0,0,False,3,"[""AMP"", ""GMP"", ""beta-alanine""]",[],0,0,6,3,4,sarcosine,1,1,100.0,700,176,17,1,5.933609104142857,0.2533006462103011,False,cf9883e99ee1b956d01c2cb42a4d284b982ce23065d3616a5e1cced359e41fb5,0.06785240513272583
direct_neighbor_ridge,0,0,0,0,0,0,False,3,"[""AMP"", ""GMP"", ""beta-alanine""]",[],0,0,6,3,4,sarcosine,1,2,100.0,697,179,16,2,5.9369144758967005,0.2599483145796618,False,db1ab3680dcfc2deb10e2511ec28b70b27966d5a436d724be48267bcbf200acf,0.07489308807998896
direct_neighbor_ridge,0,0,0,0,0,0,False,3,"[""AMP"", ""GMP"", ""beta-alanine""]",[],0,0,6,3,4,sarcosine,1,3,100.0,700,176,13,5,5.912223672428571,0.24962732851458677,False,659dce4f66bf4ee0228513d024a4e287e9f1aa3957152332b1483ab0af67cb42,0.056718420004472136
direct_neighbor_ridge,0,0,0,0,0,0,False,3,"[""AMP"", ""GMP"", ""beta-alanine""]",[],0,0,6,3,4,sarcosine,1,4,10.0,702,174,13,5,5.933046833618233,0.2506930619362083,False,9492e163b6ef19b0563b1ce8302b8e8794e2e4c9c8031c62ff9774a3f63f6f58,0.05668341205455363
direct_neighbor_ridge,0,0,0,0,0,0,False,4,"[""beta-alanine"", ""betaine"", ""kynurenine"", ""ornithine""]",[],0,0,8,4,5,serine,0,0,10.0,697,179,16,2,5.8674860375896705,0.40389784825569003,False,db1ab3680dcfc2deb10e2511ec28b70b27966d5a436d724be48267bcbf200acf,0.05769807496108115
direct_neighbor_ridge,0,0,0,0,0,0,False,4,"[""beta-alanine"", ""betaine"", ""kynurenine"", ""ornithine""]",[],0,0,8,4,5,serine,0,1,100.0,705,171,13,5,5.829443674326242,0.40077940544884644,False,32d2e2f547f707a9f12d899e65a934275c9f49020e10d214973126d05910ec9c,0.05883184005506337
direct_neighbor_ridge,0,0,0,0,0,0,False,4,"[""beta-alanine"", ""betaine"", ""kynurenine"", ""ornithine""]",[],0,0,8,4,5,serine,0,2,100.0,700,176,13,5,5.840584020857143,0.40234808993882604,False,659dce4f66bf4ee0228513d024a4e287e9f1aa3957152332b1483ab0af67cb42,0.07869371492415667
direct_neighbor_ridge,0,0,0,0,0,0,False,4,"[""beta-alanine"", ""betaine"", ""kynurenine"", ""ornithine""]",[],0,0,8,4,5,serine,0,3,100.0,702,174,13,5,5.833095458831909,0.401278310400293,False,9492e163b6ef19b0563b1ce8302b8e8794e2e4c9c8031c62ff9774a3f63f6f58,0.14416240993887186
direct_neighbor_ridge,0,0,0,0,0,0,False,4,"[""beta-alanine"", ""betaine"", ""kynurenine"", ""ornithine""]",[],0,0,8,4,5,serine,0,4,100.0,700,176,17,1,5.839002695285714,0.3967722698628182,False,cf9883e99ee1b956d01c2cb42a4d284b982ce23065d3616a5e1cced359e41fb5,0.0854667469393462
direct_neighbor_ridge,0,0,0,0,0,0,False,4,"[""beta-alanine"", ""betaine"", ""kynurenine"", ""ornithine""]",[],0,0,8,4,5,serine,1,0,100.0,705,171,13,5,5.829443674326242,0.40077940544884644,False,32d2e2f547f707a9f12d899e65a934275c9f49020e10d214973126d05910ec9c,0.07369513507001102
direct_neighbor_ridge,0,0,0,0,0,0,False,4,"[""beta-alanine"", ""betaine"", ""kynurenine"", ""ornithine""]",[],0,0,8,4,5,serine,1,1,10.0,700,176,17,1,5.839002695285714,0.3967722698628182,False,cf9883e99ee1b956d01c2cb42a4d284b982ce23065d3616a5e1cced359e41fb5,0.07885191519744694
direct_neighbor_ridge,0,0,0,0,0,0,False,4,"[""beta-alanine"", ""betaine"", ""kynurenine"", ""ornithine""]",[],0,0,8,4,5,serine,1,2,100.0,697,179,16,2,5.8674860375896705,0.40389784825569003,False,db1ab3680dcfc2deb10e2511ec28b70b27966d5a436d724be48267bcbf200acf,0.06529001006856561
direct_neighbor_ridge,0,0,0,0,0,0,False,4,"[""beta-alanine"", ""betaine"", ""kynurenine"", ""ornithine""]",[],0,0,8,4,5,serine,1,3,100.0,700,176,13,5,5.840584020857143,0.40234808993882604,False,659dce4f66bf4ee0228513d024a4e287e9f1aa3957152332b1483ab0af67cb42,0.10378499794751406
direct_neighbor_ridge,0,0,0,0,0,0,False,4,"[""beta-alanine"", ""betaine"", ""kynurenine"", ""ornithine""]",[],0,0,8,4,5,serine,1,4,10.0,702,174,13,5,5.833095458831909,0.401278310400293,False,9492e163b6ef19b0563b1ce8302b8e8794e2e4c9c8031c62ff9774a3f63f6f58,0.07719076192006469
direct_neighbor_ridge,0,0,0,0,0,0,False,3,"[""NADP"", ""acetylcholine"", ""glutamate""]",[],0,0,6,3,4,taurine,0,0,0.1,697,179,16,2,5.794030961836442,0.41554377802074033,False,db1ab3680dcfc2deb10e2511ec28b70b27966d5a436d724be48267bcbf200acf,0.12431764393113554
direct_neighbor_ridge,0,0,0,0,0,0,False,3,"[""NADP"", ""acetylcholine"", ""glutamate""]",[],0,0,6,3,4,taurine,0,1,100.0,705,171,13,5,5.861509952340425,0.41422394247227196,False,32d2e2f547f707a9f12d899e65a934275c9f49020e10d214973126d05910ec9c,0.08431511698290706
direct_neighbor_ridge,0,0,0,0,0,0,False,3,"[""NADP"", ""acetylcholine"", ""glutamate""]",[],0,0,6,3,4,taurine,0,2,100.0,700,176,13,5,5.818380698285715,0.4283518066690608,False,659dce4f66bf4ee0228513d024a4e287e9f1aa3957152332b1483ab0af67cb42,0.07992409891448915
direct_neighbor_ridge,0,0,0,0,0,0,False,3,"[""NADP"", ""acetylcholine"", ""glutamate""]",[],0,0,6,3,4,taurine,0,3,100.0,702,174,13,5,5.834618115099715,0.4193170364031223,False,9492e163b6ef19b0563b1ce8302b8e8794e2e4c9c8031c62ff9774a3f63f6f58,0.05226926505565643
direct_neighbor_ridge,0,0,0,0,0,0,False,3,"[""NADP"", ""acetylcholine"", ""glutamate""]",[],0,0,6,3,4,taurine,0,4,100.0,700,176,17,1,5.827953608571429,0.4264426525650688,False,cf9883e99ee1b956d01c2cb42a4d284b982ce23065d3616a5e1cced359e41fb5,0.07542746001854539
direct_neighbor_ridge,0,0,0,0,0,0,False,3,"[""NADP"", ""acetylcholine"", ""glutamate""]",[],0,0,6,3,4,taurine,1,0,100.0,705,171,13,5,5.861509952340425,0.41422394247227196,False,32d2e2f547f707a9f12d899e65a934275c9f49020e10d214973126d05910ec9c,0.08513110619969666
direct_neighbor_ridge,0,0,0,0,0,0,False,3,"[""NADP"", ""acetylcholine"", ""glutamate""]",[],0,0,6,3,4,taurine,1,1,100.0,700,176,17,1,5.827953608571429,0.4264426525650688,False,cf9883e99ee1b956d01c2cb42a4d284b982ce23065d3616a5e1cced359e41fb5,0.09682298800908029
direct_neighbor_ridge,0,0,0,0,0,0,False,3,"[""NADP"", ""acetylcholine"", ""glutamate""]",[],0,0,6,3,4,taurine,1,2,10.0,697,179,16,2,5.794030961836442,0.41554377802074033,False,db1ab3680dcfc2deb10e2511ec28b70b27966d5a436d724be48267bcbf200acf,0.08170581818558276
direct_neighbor_ridge,0,0,0,0,0,0,False,3,"[""NADP"", ""acetylcholine"", ""glutamate""]",[],0,0,6,3,4,taurine,1,3,100.0,700,176,13,5,5.818380698285715,0.4283518066690608,False,659dce4f66bf4ee0228513d024a4e287e9f1aa3957152332b1483ab0af67cb42,0.05595053290016949
direct_neighbor_ridge,0,0,0,0,0,0,False,3,"[""NADP"", ""acetylcholine"", ""glutamate""]",[],0,0,6,3,4,taurine,1,4,100.0,702,174,13,5,5.834618115099715,0.4193170364031223,False,9492e163b6ef19b0563b1ce8302b8e8794e2e4c9c8031c62ff9774a3f63f6f58,0.0681884700898081
direct_neighbor_ridge,0,0,0,0,0,0,False,1,"[""choline""]",[],0,0,2,1,2,taurocholate,0,0,0.1,697,179,16,2,5.911435611764705,0.34414844738965594,False,db1ab3680dcfc2deb10e2511ec28b70b27966d5a436d724be48267bcbf200acf,0.059630308067426085
direct_neighbor_ridge,0,0,0,0,0,0,False,1,"[""choline""]",[],0,0,2,1,2,taurocholate,0,1,10.0,705,171,13,5,5.878043725106383,0.3820486809030721,False,32d2e2f547f707a9f12d899e65a934275c9f49020e10d214973126d05910ec9c,0.053984621074050665
direct_neighbor_ridge,0,0,0,0,0,0,False,1,"[""choline""]",[],0,0,2,1,2,taurocholate,0,2,0.1,700,176,13,5,5.887844617428572,0.374976441178634,False,659dce4f66bf4ee0228513d024a4e287e9f1aa3957152332b1483ab0af67cb42,0.05551146203652024
direct_neighbor_ridge,0,0,0,0,0,0,False,1,"[""choline""]",[],0,0,2,1,2,taurocholate,0,3,100.0,702,174,13,5,5.889667015669515,0.38335104763913297,False,9492e163b6ef19b0563b1ce8302b8e8794e2e4c9c8031c62ff9774a3f63f6f58,0.049881873186677694
direct_neighbor_ridge,0,0,0,0,0,0,False,1,"[""choline""]",[],0,0,2,1,2,taurocholate,0,4,100.0,700,176,17,1,5.9090318879999995,0.3790101357978578,False,cf9883e99ee1b956d01c2cb42a4d284b982ce23065d3616a5e1cced359e41fb5,0.05396252288483083
direct_neighbor_ridge,0,0,0,0,0,0,False,1,"[""choline""]",[],0,0,2,1,2,taurocholate,1,0,10.0,705,171,13,5,5.878043725106383,0.3820486809030721,False,32d2e2f547f707a9f12d899e65a934275c9f49020e10d214973126d05910ec9c,0.05493451212532818
direct_neighbor_ridge,0,0,0,0,0,0,False,1,"[""choline""]",[],0,0,2,1,2,taurocholate,1,1,100.0,700,176,17,1,5.9090318879999995,0.3790101357978578,False,cf9883e99ee1b956d01c2cb42a4d284b982ce23065d3616a5e1cced359e41fb5,0.05834031803533435
direct_neighbor_ridge,0,0,0,0,0,0,False,1,"[""choline""]",[],0,0,2,1,2,taurocholate,1,2,0.1,697,179,16,2,5.911435611764705,0.34414844738965594,False,db1ab3680dcfc2deb10e2511ec28b70b27966d5a436d724be48267bcbf200acf,0.05369768990203738
direct_neighbor_ridge,0,0,0,0,0,0,False,1,"[""choline""]",[],0,0,2,1,2,taurocholate,1,3,0.1,700,176,13,5,5.887844617428572,0.374976441178634,False,659dce4f66bf4ee0228513d024a4e287e9f1aa3957152332b1483ab0af67cb42,0.05354768387041986
direct_neighbor_ridge,0,0,0,0,0,0,False,1,"[""choline""]",[],0,0,2,1,2,taurocholate,1,4,100.0,702,174,13,5,5.889667015669515,0.38335104763913297,False,9492e163b6ef19b0563b1ce8302b8e8794e2e4c9c8031c62ff9774a3f63f6f58,0.05419794307090342
direct_neighbor_ridge,0,0,0,0,0,0,False,1,"[""uridine""]",[],0,0,2,1,2,thymidine,0,0,0.1,697,179,16,2,5.962375816929699,0.5300513139536057,False,db1ab3680dcfc2deb10e2511ec28b70b27966d5a436d724be48267bcbf200acf,0.1308589179534465
direct_neighbor_ridge,0,0,0,0,0,0,False,1,"[""uridine""]",[],0,0,2,1,2,thymidine,0,1,100.0,705,171,13,5,5.908778622553192,0.5600769326427631,False,32d2e2f547f707a9f12d899e65a934275c9f49020e10d214973126d05910ec9c,0.06299704685807228
direct_neighbor_ridge,0,0,0,0,0,0,False,1,"[""uridine""]",[],0,0,2,1,2,thymidine,0,2,100.0,700,176,13,5,5.909023223714285,0.557115820969454,False,659dce4f66bf4ee0228513d024a4e287e9f1aa3957152332b1483ab0af67cb42,0.056791458977386355
direct_neighbor_ridge,0,0,0,0,0,0,False,1,"[""uridine""]",[],0,0,2,1,2,thymidine,0,3,10.0,702,174,13,5,5.886195089173788,0.5399623589888455,False,9492e163b6ef19b0563b1ce8302b8e8794e2e4c9c8031c62ff9774a3f63f6f58,0.05702863191254437
direct_neighbor_ridge,0,0,0,0,0,0,False,1,"[""uridine""]",[],0,0,2,1,2,thymidine,0,4,100.0,700,176,17,1,5.899427595285714,0.5575419702739152,False,cf9883e99ee1b956d01c2cb42a4d284b982ce23065d3616a5e1cced359e41fb5,0.06008779304102063
direct_neighbor_ridge,0,0,0,0,0,0,False,1,"[""uridine""]",[],0,0,2,1,2,thymidine,1,0,100.0,705,171,13,5,5.908778622553192,0.5600769326427631,False,32d2e2f547f707a9f12d899e65a934275c9f49020e10d214973126d05910ec9c,0.06287036603316665
direct_neighbor_ridge,0,0,0,0,0,0,False,1,"[""uridine""]",[],0,0,2,1,2,thymidine,1,1,100.0,700,176,17,1,5.899427595285714,0.5575419702739152,False,cf9883e99ee1b956d01c2cb42a4d284b982ce23065d3616a5e1cced359e41fb5,0.06496385484933853
direct_neighbor_ridge,0,0,0,0,0,0,False,1,"[""uridine""]",[],0,0,2,1,2,thymidine,1,2,0.1,697,179,16,2,5.962375816929699,0.5300513139536057,False,db1ab3680dcfc2deb10e2511ec28b70b27966d5a436d724be48267bcbf200acf,0.06517166784033179
direct_neighbor_ridge,0,0,0,0,0,0,False,1,"[""uridine""]",[],0,0,2,1,2,thymidine,1,3,100.0,700,176,13,5,5.909023223714285,0.557115820969454,False,659dce4f66bf4ee0228513d024a4e287e9f1aa3957152332b1483ab0af67cb42,0.0642203891184181
direct_neighbor_ridge,0,0,0,0,0,0,False,1,"[""uridine""]",[],0,0,2,1,2,thymidine,1,4,100.0,702,174,13,5,5.886195089173788,0.5399623589888455,False,9492e163b6ef19b0563b1ce8302b8e8794e2e4c9c8031c62ff9774a3f63f6f58,0.06180682894773781
direct_neighbor_ridge,0,0,0,0,0,0,False,3,"[""AMP"", ""glutamate"", ""guanosine""]",[],0,0,6,3,4,thymine,0,0,100.0,697,179,16,2,5.970911329268292,0.3295812339804376,False,db1ab3680dcfc2deb10e2511ec28b70b27966d5a436d724be48267bcbf200acf,0.0714261329267174
direct_neighbor_ridge,0,0,0,0,0,0,False,3,"[""AMP"", ""glutamate"", ""guanosine""]",[],0,0,6,3,4,thymine,0,1,100.0,705,171,13,5,5.980005672765958,0.33619117341695987,False,32d2e2f547f707a9f12d899e65a934275c9f49020e10d214973126d05910ec9c,0.08220678404904902
direct_neighbor_ridge,0,0,0,0,0,0,False,3,"[""AMP"", ""glutamate"", ""guanosine""]",[],0,0,6,3,4,thymine,0,2,100.0,700,176,13,5,5.969867460571427,0.3276358116038228,False,659dce4f66bf4ee0228513d024a4e287e9f1aa3957152332b1483ab0af67cb42,0.08492085291072726
direct_neighbor_ridge,0,0,0,0,0,0,False,3,"[""AMP"", ""glutamate"", ""guanosine""]",[],0,0,6,3,4,thymine,0,3,100.0,702,174,13,5,5.9758683723646735,0.32288297218963347,False,9492e163b6ef19b0563b1ce8302b8e8794e2e4c9c8031c62ff9774a3f63f6f58,0.05604922189377248
direct_neighbor_ridge,0,0,0,0,0,0,False,3,"[""AMP"", ""glutamate"", ""guanosine""]",[],0,0,6,3,4,thymine,0,4,100.0,700,176,17,1,5.984653504571428,0.3365079394697031,False,cf9883e99ee1b956d01c2cb42a4d284b982ce23065d3616a5e1cced359e41fb5,0.06299848691560328
direct_neighbor_ridge,0,0,0,0,0,0,False,3,"[""AMP"", ""glutamate"", ""guanosine""]",[],0,0,6,3,4,thymine,1,0,100.0,705,171,13,5,5.980005672765958,0.33619117341695987,False,32d2e2f547f707a9f12d899e65a934275c9f49020e10d214973126d05910ec9c,0.055695578921586275
direct_neighbor_ridge,0,0,0,0,0,0,False,3,"[""AMP"", ""glutamate"", ""guanosine""]",[],0,0,6,3,4,thymine,1,1,100.0,700,176,17,1,5.984653504571428,0.3365079394697031,False,cf9883e99ee1b956d01c2cb42a4d284b982ce23065d3616a5e1cced359e41fb5,0.054370901081711054
direct_neighbor_ridge,0,0,0,0,0,0,False,3,"[""AMP"", ""glutamate"", ""guanosine""]",[],0,0,6,3,4,thymine,1,2,100.0,697,179,16,2,5.970911329268292,0.3295812339804376,False,db1ab3680dcfc2deb10e2511ec28b70b27966d5a436d724be48267bcbf200acf,0.06804012996144593
direct_neighbor_ridge,0,0,0,0,0,0,False,3,"[""AMP"", ""glutamate"", ""guanosine""]",[],0,0,6,3,4,thymine,1,3,100.0,700,176,13,5,5.969867460571427,0.3276358116038228,False,659dce4f66bf4ee0228513d024a4e287e9f1aa3957152332b1483ab0af67cb42,0.06771245808340609
direct_neighbor_ridge,0,0,0,0,0,0,False,3,"[""AMP"", ""glutamate"", ""guanosine""]",[],0,0,6,3,4,thymine,1,4,100.0,702,174,13,5,5.9758683723646735,0.32288297218963347,False,9492e163b6ef19b0563b1ce8302b8e8794e2e4c9c8031c62ff9774a3f63f6f58,0.0648789859842509
direct_neighbor_ridge,0,0,0,0,0,0,False,1,"[""NAD""]",[],0,0,2,1,2,thyroxine,0,0,100.0,697,179,16,2,5.855241731850789,0.22628691761232106,False,db1ab3680dcfc2deb10e2511ec28b70b27966d5a436d724be48267bcbf200acf,0.056400160072371364
direct_neighbor_ridge,0,0,0,0,0,0,False,1,"[""NAD""]",[],0,0,2,1,2,thyroxine,0,1,100.0,705,171,13,5,5.7866734052482265,0.25824962552561564,False,32d2e2f547f707a9f12d899e65a934275c9f49020e10d214973126d05910ec9c,0.05592045886442065
direct_neighbor_ridge,0,0,0,0,0,0,False,1,"[""NAD""]",[],0,0,2,1,2,thyroxine,0,2,100.0,700,176,13,5,5.796167202571429,0.25031687531324254,False,659dce4f66bf4ee0228513d024a4e287e9f1aa3957152332b1483ab0af67cb42,0.08135830098763108
direct_neighbor_ridge,0,0,0,0,0,0,False,1,"[""NAD""]",[],0,0,2,1,2,thyroxine,0,3,100.0,702,174,13,5,5.787326907122507,0.2531773542850331,False,9492e163b6ef19b0563b1ce8302b8e8794e2e4c9c8031c62ff9774a3f63f6f58,0.05312588391825557
direct_neighbor_ridge,0,0,0,0,0,0,False,1,"[""NAD""]",[],0,0,2,1,2,thyroxine,0,4,100.0,700,176,17,1,5.803289504,0.2563724684382436,False,cf9883e99ee1b956d01c2cb42a4d284b982ce23065d3616a5e1cced359e41fb5,0.08834218606352806
direct_neighbor_ridge,0,0,0,0,0,0,False,1,"[""NAD""]",[],0,0,2,1,2,thyroxine,1,0,100.0,705,171,13,5,5.7866734052482265,0.25824962552561564,False,32d2e2f547f707a9f12d899e65a934275c9f49020e10d214973126d05910ec9c,0.07777716009877622
direct_neighbor_ridge,0,0,0,0,0,0,False,1,"[""NAD""]",[],0,0,2,1,2,thyroxine,1,1,100.0,700,176,17,1,5.803289504,0.2563724684382436,False,cf9883e99ee1b956d01c2cb42a4d284b982ce23065d3616a5e1cced359e41fb5,0.07058632792904973
direct_neighbor_ridge,0,0,0,0,0,0,False,1,"[""NAD""]",[],0,0,2,1,2,thyroxine,1,2,100.0,697,179,16,2,5.855241731850789,0.22628691761232106,False,db1ab3680dcfc2deb10e2511ec28b70b27966d5a436d724be48267bcbf200acf,0.06672545801848173
direct_neighbor_ridge,0,0,0,0,0,0,False,1,"[""NAD""]",[],0,0,2,1,2,thyroxine,1,3,10.0,700,176,13,5,5.796167202571429,0.25031687531324254,False,659dce4f66bf4ee0228513d024a4e287e9f1aa3957152332b1483ab0af67cb42,0.06877253483980894
direct_neighbor_ridge,0,0,0,0,0,0,False,1,"[""NAD""]",[],0,0,2,1,2,thyroxine,1,4,100.0,702,174,13,5,5.787326907122507,0.2531773542850331,False,9492e163b6ef19b0563b1ce8302b8e8794e2e4c9c8031c62ff9774a3f63f6f58,0.06543454388156533
direct_neighbor_ridge,0,0,0,0,0,0,False,1,"[""NAD""]",[],0,0,2,1,2,trimethylamine-N-oxide,0,0,10.0,697,179,16,2,5.856797537302725,0.2547969015671801,False,db1ab3680dcfc2deb10e2511ec28b70b27966d5a436d724be48267bcbf200acf,0.05436983401887119
direct_neighbor_ridge,0,0,0,0,0,0,False,1,"[""NAD""]",[],0,0,2,1,2,trimethylamine-N-oxide,0,1,0.1,705,171,13,5,5.919379167092199,0.2899780925131509,False,32d2e2f547f707a9f12d899e65a934275c9f49020e10d214973126d05910ec9c,0.05536403204314411
direct_neighbor_ridge,0,0,0,0,0,0,False,1,"[""NAD""]",[],0,0,2,1,2,trimethylamine-N-oxide,0,2,0.1,700,176,13,5,5.927241334714285,0.2901267256784374,False,659dce4f66bf4ee0228513d024a4e287e9f1aa3957152332b1483ab0af67cb42,0.06803981307893991
direct_neighbor_ridge,0,0,0,0,0,0,False,1,"[""NAD""]",[],0,0,2,1,2,trimethylamine-N-oxide,0,3,0.1,702,174,13,5,5.907509206410257,0.2903992841751525,False,9492e163b6ef19b0563b1ce8302b8e8794e2e4c9c8031c62ff9774a3f63f6f58,0.07016921299509704
direct_neighbor_ridge,0,0,0,0,0,0,False,1,"[""NAD""]",[],0,0,2,1,2,trimethylamine-N-oxide,0,4,0.1,700,176,17,1,5.932823168142856,0.22097707794343013,False,cf9883e99ee1b956d01c2cb42a4d284b982ce23065d3616a5e1cced359e41fb5,0.07544813095591962
direct_neighbor_ridge,0,0,0,0,0,0,False,1,"[""NAD""]",[],0,0,2,1,2,trimethylamine-N-oxide,1,0,0.1,705,171,13,5,5.919379167092199,0.2899780925131509,False,32d2e2f547f707a9f12d899e65a934275c9f49020e10d214973126d05910ec9c,0.07944207289256155
direct_neighbor_ridge,0,0,0,0,0,0,False,1,"[""NAD""]",[],0,0,2,1,2,trimethylamine-N-oxide,1,1,0.1,700,176,17,1,5.932823168142856,0.22097707794343013,False,cf9883e99ee1b956d01c2cb42a4d284b982ce23065d3616a5e1cced359e41fb5,0.07524364301934838
direct_neighbor_ridge,0,0,0,0,0,0,False,1,"[""NAD""]",[],0,0,2,1,2,trimethylamine-N-oxide,1,2,10.0,697,179,16,2,5.856797537302725,0.2547969015671801,False,db1ab3680dcfc2deb10e2511ec28b70b27966d5a436d724be48267bcbf200acf,0.04885869612917304
direct_neighbor_ridge,0,0,0,0,0,0,False,1,"[""NAD""]",[],0,0,2,1,2,trimethylamine-N-oxide,1,3,10.0,700,176,13,5,5.927241334714285,0.2901267256784374,False,659dce4f66bf4ee0228513d024a4e287e9f1aa3957152332b1483ab0af67cb42,0.048794322879984975
direct_neighbor_ridge,0,0,0,0,0,0,False,1,"[""NAD""]",[],0,0,2,1,2,trimethylamine-N-oxide,1,4,0.1,702,174,13,5,5.907509206410257,0.2903992841751525,False,9492e163b6ef19b0563b1ce8302b8e8794e2e4c9c8031c62ff9774a3f63f6f58,0.04993423796258867
direct_neighbor_ridge,0,0,0,0,0,0,False,2,"[""AMP"", ""xanthine""]",[],0,0,4,2,3,tyrosine,0,0,10.0,697,179,16,2,5.917222123959827,0.3722744418302163,False,db1ab3680dcfc2deb10e2511ec28b70b27966d5a436d724be48267bcbf200acf,0.05338453804142773
direct_neighbor_ridge,0,0,0,0,0,0,False,2,"[""AMP"", ""xanthine""]",[],0,0,4,2,3,tyrosine,0,1,10.0,705,171,13,5,5.773517087092199,0.41759768808280395,False,32d2e2f547f707a9f12d899e65a934275c9f49020e10d214973126d05910ec9c,0.0534810780081898
direct_neighbor_ridge,0,0,0,0,0,0,False,2,"[""AMP"", ""xanthine""]",[],0,0,4,2,3,tyrosine,0,2,0.1,700,176,13,5,5.814119894,0.4182054905141444,False,659dce4f66bf4ee0228513d024a4e287e9f1aa3957152332b1483ab0af67cb42,0.056147046852856874
direct_neighbor_ridge,0,0,0,0,0,0,False,2,"[""AMP"", ""xanthine""]",[],0,0,4,2,3,tyrosine,0,3,0.1,702,174,13,5,5.791375897720797,0.4207102216982868,False,9492e163b6ef19b0563b1ce8302b8e8794e2e4c9c8031c62ff9774a3f63f6f58,0.055834808852523565
direct_neighbor_ridge,0,0,0,0,0,0,False,2,"[""AMP"", ""xanthine""]",[],0,0,4,2,3,tyrosine,0,4,10.0,700,176,17,1,5.8235101828571425,0.4117771377078516,False,cf9883e99ee1b956d01c2cb42a4d284b982ce23065d3616a5e1cced359e41fb5,0.0571358238812536
direct_neighbor_ridge,0,0,0,0,0,0,False,2,"[""AMP"", ""xanthine""]",[],0,0,4,2,3,tyrosine,1,0,10.0,705,171,13,5,5.773517087092199,0.41759768808280395,False,32d2e2f547f707a9f12d899e65a934275c9f49020e10d214973126d05910ec9c,0.058267524000257254
direct_neighbor_ridge,0,0,0,0,0,0,False,2,"[""AMP"", ""xanthine""]",[],0,0,4,2,3,tyrosine,1,1,10.0,700,176,17,1,5.8235101828571425,0.4117771377078516,False,cf9883e99ee1b956d01c2cb42a4d284b982ce23065d3616a5e1cced359e41fb5,0.07292117411270738
direct_neighbor_ridge,0,0,0,0,0,0,False,2,"[""AMP"", ""xanthine""]",[],0,0,4,2,3,tyrosine,1,2,10.0,697,179,16,2,5.917222123959827,0.3722744418302163,False,db1ab3680dcfc2deb10e2511ec28b70b27966d5a436d724be48267bcbf200acf,0.08404855499975383
direct_neighbor_ridge,0,0,0,0,0,0,False,2,"[""AMP"", ""xanthine""]",[],0,0,4,2,3,tyrosine,1,3,10.0,700,176,13,5,5.814119894,0.4182054905141444,False,659dce4f66bf4ee0228513d024a4e287e9f1aa3957152332b1483ab0af67cb42,0.07428854214958847
direct_neighbor_ridge,0,0,0,0,0,0,False,2,"[""AMP"", ""xanthine""]",[],0,0,4,2,3,tyrosine,1,4,10.0,702,174,13,5,5.791375897720797,0.4207102216982868,False,9492e163b6ef19b0563b1ce8302b8e8794e2e4c9c8031c62ff9774a3f63f6f58,0.0778836749959737
direct_neighbor_ridge,0,0,0,0,0,0,False,3,"[""NAD"", ""histidine"", ""ornithine""]",[],0,0,6,3,4,uracil,0,0,100.0,697,179,16,2,5.845100508608321,0.3159661360177283,False,db1ab3680dcfc2deb10e2511ec28b70b27966d5a436d724be48267bcbf200acf,0.06404452095739543
direct_neighbor_ridge,0,0,0,0,0,0,False,3,"[""NAD"", ""histidine"", ""ornithine""]",[],0,0,6,3,4,uracil,0,1,100.0,705,171,13,5,5.727848015744681,0.3774054832536749,False,32d2e2f547f707a9f12d899e65a934275c9f49020e10d214973126d05910ec9c,0.06168609205633402
direct_neighbor_ridge,0,0,0,0,0,0,False,3,"[""NAD"", ""histidine"", ""ornithine""]",[],0,0,6,3,4,uracil,0,2,10.0,700,176,13,5,5.735356466142857,0.3695420163498155,False,659dce4f66bf4ee0228513d024a4e287e9f1aa3957152332b1483ab0af67cb42,0.060871101915836334
direct_neighbor_ridge,0,0,0,0,0,0,False,3,"[""NAD"", ""histidine"", ""ornithine""]",[],0,0,6,3,4,uracil,0,3,100.0,702,174,13,5,5.759301471225071,0.37150365774601596,False,9492e163b6ef19b0563b1ce8302b8e8794e2e4c9c8031c62ff9774a3f63f6f58,0.06255246698856354
direct_neighbor_ridge,0,0,0,0,0,0,False,3,"[""NAD"", ""histidine"", ""ornithine""]",[],0,0,6,3,4,uracil,0,4,100.0,700,176,17,1,5.755836698428571,0.3648126906194723,False,cf9883e99ee1b956d01c2cb42a4d284b982ce23065d3616a5e1cced359e41fb5,0.06825773604214191
direct_neighbor_ridge,0,0,0,0,0,0,False,3,"[""NAD"", ""histidine"", ""ornithine""]",[],0,0,6,3,4,uracil,1,0,100.0,705,171,13,5,5.727848015744681,0.3774054832536749,False,32d2e2f547f707a9f12d899e65a934275c9f49020e10d214973126d05910ec9c,0.05857512587681413
direct_neighbor_ridge,0,0,0,0,0,0,False,3,"[""NAD"", ""histidine"", ""ornithine""]",[],0,0,6,3,4,uracil,1,1,100.0,700,176,17,1,5.755836698428571,0.3648126906194723,False,cf9883e99ee1b956d01c2cb42a4d284b982ce23065d3616a5e1cced359e41fb5,0.060237170895561576
direct_neighbor_ridge,0,0,0,0,0,0,False,3,"[""NAD"", ""histidine"", ""ornithine""]",[],0,0,6,3,4,uracil,1,2,100.0,697,179,16,2,5.845100508608321,0.3159661360177283,False,db1ab3680dcfc2deb10e2511ec28b70b27966d5a436d724be48267bcbf200acf,0.06342045008204877
direct_neighbor_ridge,0,0,0,0,0,0,False,3,"[""NAD"", ""histidine"", ""ornithine""]",[],0,0,6,3,4,uracil,1,3,100.0,700,176,13,5,5.735356466142857,0.3695420163498155,False,659dce4f66bf4ee0228513d024a4e287e9f1aa3957152332b1483ab0af67cb42,0.06848254590295255
direct_neighbor_ridge,0,0,0,0,0,0,False,3,"[""NAD"", ""histidine"", ""ornithine""]",[],0,0,6,3,4,uracil,1,4,10.0,702,174,13,5,5.759301471225071,0.37150365774601596,False,9492e163b6ef19b0563b1ce8302b8e8794e2e4c9c8031c62ff9774a3f63f6f58,0.06268171686679125
direct_neighbor_ridge,0,0,0,0,0,0,False,2,"[""glutamate"", ""serine""]",[],0,0,4,2,3,urate,0,0,100.0,697,179,16,2,5.797735194404591,0.4578812329363871,False,db1ab3680dcfc2deb10e2511ec28b70b27966d5a436d724be48267bcbf200acf,0.07221191585995257
direct_neighbor_ridge,0,0,0,0,0,0,False,2,"[""glutamate"", ""serine""]",[],0,0,4,2,3,urate,0,1,100.0,705,171,13,5,5.702445728226951,0.4768405401686225,False,32d2e2f547f707a9f12d899e65a934275c9f49020e10d214973126d05910ec9c,0.05863067600876093
direct_neighbor_ridge,0,0,0,0,0,0,False,2,"[""glutamate"", ""serine""]",[],0,0,4,2,3,urate,0,2,100.0,700,176,13,5,5.725258205285715,0.4738774760521925,False,659dce4f66bf4ee0228513d024a4e287e9f1aa3957152332b1483ab0af67cb42,0.05707665788941085
direct_neighbor_ridge,0,0,0,0,0,0,False,2,"[""glutamate"", ""serine""]",[],0,0,4,2,3,urate,0,3,100.0,702,174,13,5,5.714262068091168,0.47434052084248074,False,9492e163b6ef19b0563b1ce8302b8e8794e2e4c9c8031c62ff9774a3f63f6f58,0.059905302012339234
direct_neighbor_ridge,0,0,0,0,0,0,False,2,"[""glutamate"", ""serine""]",[],0,0,4,2,3,urate,0,4,100.0,700,176,17,1,5.757721383428571,0.4403424910616518,False,cf9883e99ee1b956d01c2cb42a4d284b982ce23065d3616a5e1cced359e41fb5,0.07103153504431248
direct_neighbor_ridge,0,0,0,0,0,0,False,2,"[""glutamate"", ""serine""]",[],0,0,4,2,3,urate,1,0,100.0,705,171,13,5,5.702445728226951,0.4768405401686225,False,32d2e2f547f707a9f12d899e65a934275c9f49020e10d214973126d05910ec9c,0.07749414490535855
direct_neighbor_ridge,0,0,0,0,0,0,False,2,"[""glutamate"", ""serine""]",[],0,0,4,2,3,urate,1,1,100.0,700,176,17,1,5.757721383428571,0.4403424910616518,False,cf9883e99ee1b956d01c2cb42a4d284b982ce23065d3616a5e1cced359e41fb5,0.11289364285767078
direct_neighbor_ridge,0,0,0,0,0,0,False,2,"[""glutamate"", ""serine""]",[],0,0,4,2,3,urate,1,2,100.0,697,179,16,2,5.797735194404591,0.4578812329363871,False,db1ab3680dcfc2deb10e2511ec28b70b27966d5a436d724be48267bcbf200acf,0.22505955211818218
direct_neighbor_ridge,0,0,0,0,0,0,False,2,"[""glutamate"", ""serine""]",[],0,0,4,2,3,urate,1,3,100.0,700,176,13,5,5.725258205285715,0.4738774760521925,False,659dce4f66bf4ee0228513d024a4e287e9f1aa3957152332b1483ab0af67cb42,0.14752994384616613
direct_neighbor_ridge,0,0,0,0,0,0,False,2,"[""glutamate"", ""serine""]",[],0,0,4,2,3,urate,1,4,100.0,702,174,13,5,5.714262068091168,0.47434052084248074,False,9492e163b6ef19b0563b1ce8302b8e8794e2e4c9c8031c62ff9774a3f63f6f58,0.10302150878123939
direct_neighbor_ridge,0,0,0,0,0,0,False,3,"[""adenine"", ""choline"", ""citrulline""]",[],0,0,6,3,4,uridine,0,0,100.0,697,179,16,2,5.8853204464849345,0.41578380381128677,False,db1ab3680dcfc2deb10e2511ec28b70b27966d5a436d724be48267bcbf200acf,0.05879698181524873
direct_neighbor_ridge,0,0,0,0,0,0,False,3,"[""adenine"", ""choline"", ""citrulline""]",[],0,0,6,3,4,uridine,0,1,100.0,705,171,13,5,5.912085544539007,0.5282150813484331,False,32d2e2f547f707a9f12d899e65a934275c9f49020e10d214973126d05910ec9c,0.05320253595709801
direct_neighbor_ridge,0,0,0,0,0,0,False,3,"[""adenine"", ""choline"", ""citrulline""]",[],0,0,6,3,4,uridine,0,2,100.0,700,176,13,5,5.909856147857143,0.5147179309281458,False,659dce4f66bf4ee0228513d024a4e287e9f1aa3957152332b1483ab0af67cb42,0.09971064608544111
direct_neighbor_ridge,0,0,0,0,0,0,False,3,"[""adenine"", ""choline"", ""citrulline""]",[],0,0,6,3,4,uridine,0,3,100.0,702,174,13,5,5.934038315811966,0.5230206325839802,False,9492e163b6ef19b0563b1ce8302b8e8794e2e4c9c8031c62ff9774a3f63f6f58,0.12114200391806662
direct_neighbor_ridge,0,0,0,0,0,0,False,3,"[""adenine"", ""choline"", ""citrulline""]",[],0,0,6,3,4,uridine,0,4,100.0,700,176,17,1,5.898471694142857,0.5131303828795306,False,cf9883e99ee1b956d01c2cb42a4d284b982ce23065d3616a5e1cced359e41fb5,0.07025115680880845
direct_neighbor_ridge,0,0,0,0,0,0,False,3,"[""adenine"", ""choline"", ""citrulline""]",[],0,0,6,3,4,uridine,1,0,100.0,705,171,13,5,5.912085544539007,0.5282150813484331,False,32d2e2f547f707a9f12d899e65a934275c9f49020e10d214973126d05910ec9c,0.06809149379841983
direct_neighbor_ridge,0,0,0,0,0,0,False,3,"[""adenine"", ""choline"", ""citrulline""]",[],0,0,6,3,4,uridine,1,1,100.0,700,176,17,1,5.898471694142857,0.5131303828795306,False,cf9883e99ee1b956d01c2cb42a4d284b982ce23065d3616a5e1cced359e41fb5,0.07716461806558073
direct_neighbor_ridge,0,0,0,0,0,0,False,3,"[""adenine"", ""choline"", ""citrulline""]",[],0,0,6,3,4,uridine,1,2,100.0,697,179,16,2,5.8853204464849345,0.41578380381128677,False,db1ab3680dcfc2deb10e2511ec28b70b27966d5a436d724be48267bcbf200acf,0.08308233600109816
direct_neighbor_ridge,0,0,0,0,0,0,False,3,"[""adenine"", ""choline"", ""citrulline""]",[],0,0,6,3,4,uridine,1,3,100.0,700,176,13,5,5.909856147857143,0.5147179309281458,False,659dce4f66bf4ee0228513d024a4e287e9f1aa3957152332b1483ab0af67cb42,0.08311384310945868
direct_neighbor_ridge,0,0,0,0,0,0,False,3,"[""adenine"", ""choline"", ""citrulline""]",[],0,0,6,3,4,uridine,1,4,100.0,702,174,13,5,5.934038315811966,0.5230206325839802,False,9492e163b6ef19b0563b1ce8302b8e8794e2e4c9c8031c62ff9774a3f63f6f58,0.06042237998917699
direct_neighbor_ridge,0,0,0,0,0,0,False,1,"[""NAD""]",[],0,0,2,1,2,valine,0,0,100.0,697,179,16,2,5.952121997417504,0.36407681708229,False,db1ab3680dcfc2deb10e2511ec28b70b27966d5a436d724be48267bcbf200acf,0.051154254004359245
direct_neighbor_ridge,0,0,0,0,0,0,False,1,"[""NAD""]",[],0,0,2,1,2,valine,0,1,100.0,705,171,13,5,5.8379196573049645,0.3773248284035181,False,32d2e2f547f707a9f12d899e65a934275c9f49020e10d214973126d05910ec9c,0.04994609206914902
direct_neighbor_ridge,0,0,0,0,0,0,False,1,"[""NAD""]",[],0,0,2,1,2,valine,0,2,100.0,700,176,13,5,5.8849640270000005,0.3945943885573533,False,659dce4f66bf4ee0228513d024a4e287e9f1aa3957152332b1483ab0af67cb42,0.05313844094052911
direct_neighbor_ridge,0,0,0,0,0,0,False,1,"[""NAD""]",[],0,0,2,1,2,valine,0,3,100.0,702,174,13,5,5.848345252849003,0.390876603874631,False,9492e163b6ef19b0563b1ce8302b8e8794e2e4c9c8031c62ff9774a3f63f6f58,0.06085987016558647
direct_neighbor_ridge,0,0,0,0,0,0,False,1,"[""NAD""]",[],0,0,2,1,2,valine,0,4,100.0,700,176,17,1,5.877318387142858,0.3902412272704989,False,cf9883e99ee1b956d01c2cb42a4d284b982ce23065d3616a5e1cced359e41fb5,0.053338264813646674
direct_neighbor_ridge,0,0,0,0,0,0,False,1,"[""NAD""]",[],0,0,2,1,2,valine,1,0,100.0,705,171,13,5,5.8379196573049645,0.3773248284035181,False,32d2e2f547f707a9f12d899e65a934275c9f49020e10d214973126d05910ec9c,0.07698026997968554
direct_neighbor_ridge,0,0,0,0,0,0,False,1,"[""NAD""]",[],0,0,2,1,2,valine,1,1,100.0,700,176,17,1,5.877318387142858,0.3902412272704989,False,cf9883e99ee1b956d01c2cb42a4d284b982ce23065d3616a5e1cced359e41fb5,0.0858484129421413
direct_neighbor_ridge,0,0,0,0,0,0,False,1,"[""NAD""]",[],0,0,2,1,2,valine,1,2,100.0,697,179,16,2,5.952121997417504,0.36407681708229,False,db1ab3680dcfc2deb10e2511ec28b70b27966d5a436d724be48267bcbf200acf,0.11763749876990914
direct_neighbor_ridge,0,0,0,0,0,0,False,1,"[""NAD""]",[],0,0,2,1,2,valine,1,3,100.0,700,176,13,5,5.8849640270000005,0.3945943885573533,False,659dce4f66bf4ee0228513d024a4e287e9f1aa3957152332b1483ab0af67cb42,0.14282159903086722
direct_neighbor_ridge,0,0,0,0,0,0,False,1,"[""NAD""]",[],0,0,2,1,2,valine,1,4,100.0,702,174,13,5,5.848345252849003,0.390876603874631,False,9492e163b6ef19b0563b1ce8302b8e8794e2e4c9c8031c62ff9774a3f63f6f58,0.09145139995962381
direct_neighbor_ridge,0,0,0,0,0,0,False,4,"[""cAMP"", ""glutamate"", ""inositol"", ""taurine""]",[],0,0,8,4,5,xanthine,0,0,100.0,697,179,16,2,5.8261626595408895,0.3226517288205138,False,db1ab3680dcfc2deb10e2511ec28b70b27966d5a436d724be48267bcbf200acf,0.058269395027309656
direct_neighbor_ridge,0,0,0,0,0,0,False,4,"[""cAMP"", ""glutamate"", ""inositol"", ""taurine""]",[],0,0,8,4,5,xanthine,0,1,100.0,705,171,13,5,5.668218426241134,0.44533618503026734,False,32d2e2f547f707a9f12d899e65a934275c9f49020e10d214973126d05910ec9c,0.06856383802369237
direct_neighbor_ridge,0,0,0,0,0,0,False,4,"[""cAMP"", ""glutamate"", ""inositol"", ""taurine""]",[],0,0,8,4,5,xanthine,0,2,100.0,700,176,13,5,5.675177004,0.4388265188264273,False,659dce4f66bf4ee0228513d024a4e287e9f1aa3957152332b1483ab0af67cb42,0.08337441296316683
direct_neighbor_ridge,0,0,0,0,0,0,False,4,"[""cAMP"", ""glutamate"", ""inositol"", ""taurine""]",[],0,0,8,4,5,xanthine,0,3,100.0,702,174,13,5,5.677283422934472,0.4355980429993409,False,9492e163b6ef19b0563b1ce8302b8e8794e2e4c9c8031c62ff9774a3f63f6f58,0.0863076220266521
direct_neighbor_ridge,0,0,0,0,0,0,False,4,"[""cAMP"", ""glutamate"", ""inositol"", ""taurine""]",[],0,0,8,4,5,xanthine,0,4,100.0,700,176,17,1,5.702935143571429,0.4239551919699778,False,cf9883e99ee1b956d01c2cb42a4d284b982ce23065d3616a5e1cced359e41fb5,0.07040527719072998
direct_neighbor_ridge,0,0,0,0,0,0,False,4,"[""cAMP"", ""glutamate"", ""inositol"", ""taurine""]",[],0,0,8,4,5,xanthine,1,0,100.0,705,171,13,5,5.668218426241134,0.44533618503026734,False,32d2e2f547f707a9f12d899e65a934275c9f49020e10d214973126d05910ec9c,0.058281111996620893
direct_neighbor_ridge,0,0,0,0,0,0,False,4,"[""cAMP"", ""glutamate"", ""inositol"", ""taurine""]",[],0,0,8,4,5,xanthine,1,1,100.0,700,176,17,1,5.702935143571429,0.4239551919699778,False,cf9883e99ee1b956d01c2cb42a4d284b982ce23065d3616a5e1cced359e41fb5,0.14077245304360986
direct_neighbor_ridge,0,0,0,0,0,0,False,4,"[""cAMP"", ""glutamate"", ""inositol"", ""taurine""]",[],0,0,8,4,5,xanthine,1,2,100.0,697,179,16,2,5.8261626595408895,0.3226517288205138,False,db1ab3680dcfc2deb10e2511ec28b70b27966d5a436d724be48267bcbf200acf,0.1437701031100005
direct_neighbor_ridge,0,0,0,0,0,0,False,4,"[""cAMP"", ""glutamate"", ""inositol"", ""taurine""]",[],0,0,8,4,5,xanthine,1,3,100.0,700,176,13,5,5.675177004,0.4388265188264273,False,659dce4f66bf4ee0228513d024a4e287e9f1aa3957152332b1483ab0af67cb42,0.07813202706165612
direct_neighbor_ridge,0,0,0,0,0,0,False,4,"[""cAMP"", ""glutamate"", ""inositol"", ""taurine""]",[],0,0,8,4,5,xanthine,1,4,100.0,702,174,13,5,5.677283422934472,0.4355980429993409,False,9492e163b6ef19b0563b1ce8302b8e8794e2e4c9c8031c62ff9774a3f63f6f58,0.07165183196775615
direct_neighbor_ridge,0,0,0,0,0,0,False,1,"[""isocitrate""]",[],0,0,2,1,2,xanthosine,0,0,100.0,697,179,16,2,5.868730441750358,0.23648420012118596,False,db1ab3680dcfc2deb10e2511ec28b70b27966d5a436d724be48267bcbf200acf,0.05377710796892643
direct_neighbor_ridge,0,0,0,0,0,0,False,1,"[""isocitrate""]",[],0,0,2,1,2,xanthosine,0,1,0.1,705,171,13,5,5.809038896737588,0.28486213680139005,False,32d2e2f547f707a9f12d899e65a934275c9f49020e10d214973126d05910ec9c,0.04930128180421889
direct_neighbor_ridge,0,0,0,0,0,0,False,1,"[""isocitrate""]",[],0,0,2,1,2,xanthosine,0,2,100.0,700,176,13,5,5.8054182618571435,0.2760639029596894,False,659dce4f66bf4ee0228513d024a4e287e9f1aa3957152332b1483ab0af67cb42,0.06631082994863391
direct_neighbor_ridge,0,0,0,0,0,0,False,1,"[""isocitrate""]",[],0,0,2,1,2,xanthosine,0,3,0.1,702,174,13,5,5.81375750071225,0.26668885124187874,False,9492e163b6ef19b0563b1ce8302b8e8794e2e4c9c8031c62ff9774a3f63f6f58,0.059471224900335073
direct_neighbor_ridge,0,0,0,0,0,0,False,1,"[""isocitrate""]",[],0,0,2,1,2,xanthosine,0,4,100.0,700,176,17,1,5.830317585,0.2650109615358276,False,cf9883e99ee1b956d01c2cb42a4d284b982ce23065d3616a5e1cced359e41fb5,0.05337821994908154
direct_neighbor_ridge,0,0,0,0,0,0,False,1,"[""isocitrate""]",[],0,0,2,1,2,xanthosine,1,0,0.1,705,171,13,5,5.809038896737588,0.28486213680139005,False,32d2e2f547f707a9f12d899e65a934275c9f49020e10d214973126d05910ec9c,0.059332875069230795
direct_neighbor_ridge,0,0,0,0,0,0,False,1,"[""isocitrate""]",[],0,0,2,1,2,xanthosine,1,1,100.0,700,176,17,1,5.830317585,0.2650109615358276,False,cf9883e99ee1b956d01c2cb42a4d284b982ce23065d3616a5e1cced359e41fb5,0.06626656302250922
direct_neighbor_ridge,0,0,0,0,0,0,False,1,"[""isocitrate""]",[],0,0,2,1,2,xanthosine,1,2,100.0,697,179,16,2,5.868730441750358,0.23648420012118596,False,db1ab3680dcfc2deb10e2511ec28b70b27966d5a436d724be48267bcbf200acf,0.056705216877162457
direct_neighbor_ridge,0,0,0,0,0,0,False,1,"[""isocitrate""]",[],0,0,2,1,2,xanthosine,1,3,100.0,700,176,13,5,5.8054182618571435,0.2760639029596894,False,659dce4f66bf4ee0228513d024a4e287e9f1aa3957152332b1483ab0af67cb42,0.05203944304957986
direct_neighbor_ridge,0,0,0,0,0,0,False,1,"[""isocitrate""]",[],0,0,2,1,2,xanthosine,1,4,0.1,702,174,13,5,5.81375750071225,0.26668885124187874,False,9492e163b6ef19b0563b1ce8302b8e8794e2e4c9c8031c62ff9774a3f63f6f58,0.0381977828219533
