target,model,lineage,repeat,fold,observations,squared_error_sum,truth_energy_sum,split_digest
AMP,direct_neighbor_ridge,autonomic_ganglia,0,0,16,17.463885406378978,19.331152678946303,db1ab3680dcfc2deb10e2511ec28b70b27966d5a436d724be48267bcbf200acf
AMP,direct_neighbor_ridge,haematopoietic_and_lymphoid_tissue,0,0,163,414.31812028360775,1041.764073605136,db1ab3680dcfc2deb10e2511ec28b70b27966d5a436d724be48267bcbf200acf
AMP,direct_neighbor_ridge,bone,0,1,19,6.86401679592503,20.281931600828614,32d2e2f547f707a9f12d899e65a934275c9f49020e10d214973126d05910ec9c
AMP,direct_neighbor_ridge,ovary,0,1,45,8.46398512814124,18.448573034606326,32d2e2f547f707a9f12d899e65a934275c9f49020e10d214973126d05910ec9c
AMP,direct_neighbor_ridge,skin,0,1,52,15.29020969081557,24.06701036058401,32d2e2f547f707a9f12d899e65a934275c9f49020e10d214973126d05910ec9c
AMP,direct_neighbor_ridge,upper_aerodigestive_tract,0,1,30,6.3738535797351235,12.712771150868411,32d2e2f547f707a9f12d899e65a934275c9f49020e10d214973126d05910ec9c
AMP,direct_neighbor_ridge,urinary_tract,0,1,25,6.993582727381079,14.184833053366342,32d2e2f547f707a9f12d899e65a934275c9f49020e10d214973126d05910ec9c
AMP,direct_neighbor_ridge,large_intestine,0,2,55,23.137171485494846,53.301313545851336,659dce4f66bf4ee0228513d024a4e287e9f1aa3957152332b1483ab0af67cb42
AMP,direct_neighbor_ridge,oesophagus,0,2,25,8.391527414340096,4.250132417094257,659dce4f66bf4ee0228513d024a4e287e9f1aa3957152332b1483ab0af67cb42
AMP,direct_neighbor_ridge,pancreas,0,2,41,11.34572787684743,14.45773777795576,659dce4f66bf4ee0228513d024a4e287e9f1aa3957152332b1483ab0af67cb42
AMP,direct_neighbor_ridge,soft_tissue,0,2,18,9.884993620675129,13.169745223124597,659dce4f66bf4ee0228513d024a4e287e9f1aa3957152332b1483ab0af67cb42
AMP,direct_neighbor_ridge,stomach,0,2,37,14.086377180183154,21.498759575242826,659dce4f66bf4ee0228513d024a4e287e9f1aa3957152332b1483ab0af67cb42
AMP,direct_neighbor_ridge,breast,0,3,49,14.96021975503939,19.25748016311952,9492e163b6ef19b0563b1ce8302b8e8794e2e4c9c8031c62ff9774a3f63f6f58
AMP,direct_neighbor_ridge,central_nervous_system,0,3,49,12.96657037585134,26.476421875720458,9492e163b6ef19b0563b1ce8302b8e8794e2e4c9c8031c62ff9774a3f63f6f58
AMP,direct_neighbor_ridge,endometrium,0,3,28,5.829003335093392,16.640441145865417,9492e163b6ef19b0563b1ce8302b8e8794e2e4c9c8031c62ff9774a3f63f6f58
AMP,direct_neighbor_ridge,kidney,0,3,23,3.6956800041130213,12.549564486823249,9492e163b6ef19b0563b1ce8302b8e8794e2e4c9c8031c62ff9774a3f63f6f58
AMP,direct_neighbor_ridge,liver,0,3,25,10.370104676770357,13.046140402502216,9492e163b6ef19b0563b1ce8302b8e8794e2e4c9c8031c62ff9774a3f63f6f58
AMP,direct_neighbor_ridge,lung,0,4,176,54.56121565399179,110.50587665542707,cf9883e99ee1b956d01c2cb42a4d284b982ce23065d3616a5e1cced359e41fb5
AMP,direct_neighbor_ridge,bone,1,0,19,6.86401679592503,20.281931600828614,32d2e2f547f707a9f12d899e65a934275c9f49020e10d214973126d05910ec9c
AMP,direct_neighbor_ridge,ovary,1,0,45,8.46398512814124,18.448573034606326,32d2e2f547f707a9f12d899e65a934275c9f49020e10d214973126d05910ec9c
AMP,direct_neighbor_ridge,skin,1,0,52,15.29020969081557,24.06701036058401,32d2e2f547f707a9f12d899e65a934275c9f49020e10d214973126d05910ec9c
AMP,direct_neighbor_ridge,upper_aerodigestive_tract,1,0,30,6.3738535797351235,12.712771150868411,32d2e2f547f707a9f12d899e65a934275c9f49020e10d214973126d05910ec9c
AMP,direct_neighbor_ridge,urinary_tract,1,0,25,6.993582727381079,14.184833053366342,32d2e2f547f707a9f12d899e65a934275c9f49020e10d214973126d05910ec9c
AMP,direct_neighbor_ridge,lung,1,1,176,54.56121565399179,110.50587665542707,cf9883e99ee1b956d01c2cb42a4d284b982ce23065d3616a5e1cced359e41fb5
AMP,direct_neighbor_ridge,autonomic_ganglia,1,2,16,17.463885406378978,19.331152678946303,db1ab3680dcfc2deb10e2511ec28b70b27966d5a436d724be48267bcbf200acf
AMP,direct_neighbor_ridge,haematopoietic_and_lymphoid_tissue,1,2,163,414.31812028360775,1041.764073605136,db1ab3680dcfc2deb10e2511ec28b70b27966d5a436d724be48267bcbf200acf
AMP,direct_neighbor_ridge,large_intestine,1,3,55,23.137171485494846,53.301313545851336,659dce4f66bf4ee0228513d024a4e287e9f1aa3957152332b1483ab0af67cb42
AMP,direct_neighbor_ridge,oesophagus,1,3,25,8.391527414340096,4.250132417094257,659dce4f66bf4ee0228513d024a4e287e9f1aa3957152332b1483ab0af67cb42
AMP,direct_neighbor_ridge,pancreas,1,3,41,11.34572787684743,14.45773777795576,659dce4f66bf4ee0228513d024a4e287e9f1aa3957152332b1483ab0af67cb42
AMP,direct_neighbor_ridge,soft_tissue,1,3,18,9.884993620675129,13.169745223124597,659dce4f66bf4ee0228513d024a4e287e9f1aa3957152332b1483ab0af67cb42
AMP,direct_neighbor_ridge,stomach,1,3,37,14.086377180183154,21.498759575242826,659dce4f66bf4ee0228513d024a4e287e9f1aa3957152332b1483ab0af67cb42
AMP,direct_neighbor_ridge,breast,1,4,49,14.84312532725819,19.25748016311952,9492e163b6ef19b0563b1ce8302b8e8794e2e4c9c8031c62ff9774a3f63f6f58
AMP,direct_neighbor_ridge,central_nervous_system,1,4,49,13.148028708227196,26.476421875720458,9492e163b6ef19b0563b1ce8302b8e8794e2e4c9c8031c62ff9774a3f63f6f58
AMP,direct_neighbor_ridge,endometrium,1,4,28,5.786354243168576,16.640441145865417,9492e163b6ef19b0563b1ce8302b8e8794e2e4c9c8031c62ff9774a3f63f6f58
AMP,direct_neighbor_ridge,kidney,1,4,23,3.73210297653122,12.549564486823249,9492e163b6ef19b0563b1ce8302b8e8794e2e4c9c8031c62ff9774a3f63f6f58
AMP,direct_neighbor_ridge,liver,1,4,25,10.335869759835353,13.046140402502216,9492e163b6ef19b0563b1ce8302b8e8794e2e4c9c8031c62ff9774a3f63f6f58
CMP,direct_neighbor_ridge,autonomic_ganglia,0,0,16,6.045386429844728,10.619296314966352,db1ab3680dcfc2deb10e2511ec28b70b27966d5a436d724be48267bcbf200acf
CMP,direct_neighbor_ridge,haematopoietic_and_lymphoid_tissue,0,0,163,750.949094492175,919.7932594882664,db1ab3680dcfc2deb10e2511ec28b70b27966d5a436d724be48267bcbf200acf
CMP,direct_neighbor_ridge,bone,0,1,19,17.266329701449294,18.357026855775455,32d2e2f547f707a9f12d899e65a934275c9f49020e10d214973126d05910ec9c
CMP,direct_neighbor_ridge,ovary,0,1,45,16.9308733626614,19.907173192122308,32d2e2f547f707a9f12d899e65a934275c9f49020e10d214973126d05910ec9c
CMP,direct_neighbor_ridge,skin,0,1,52,21.999638150325694,23.644252920302684,32d2e2f547f707a9f12d899e65a934275c9f49020e10d214973126d05910ec9c
CMP,direct_neighbor_ridge,upper_aerodigestive_tract,0,1,30,15.951193387584846,15.173946751340207,32d2e2f547f707a9f12d899e65a934275c9f49020e10d214973126d05910ec9c
CMP,direct_neighbor_ridge,urinary_tract,0,1,25,17.545720845194452,9.244190442269007,32d2e2f547f707a9f12d899e65a934275c9f49020e10d214973126d05910ec9c
CMP,direct_neighbor_ridge,large_intestine,0,2,55,40.63398575195267,58.88378286647672,659dce4f66bf4ee0228513d024a4e287e9f1aa3957152332b1483ab0af67cb42
CMP,direct_neighbor_ridge,oesophagus,0,2,25,7.523735851899559,8.675521724548119,659dce4f66bf4ee0228513d024a4e287e9f1aa3957152332b1483ab0af67cb42
CMP,direct_neighbor_ridge,pancreas,0,2,41,15.41578265220489,18.514246013022614,659dce4f66bf4ee0228513d024a4e287e9f1aa3957152332b1483ab0af67cb42
CMP,direct_neighbor_ridge,soft_tissue,0,2,18,9.908416638133918,18.35326635934088,659dce4f66bf4ee0228513d024a4e287e9f1aa3957152332b1483ab0af67cb42
CMP,direct_neighbor_ridge,stomach,0,2,37,20.106433078986782,24.762099080308257,659dce4f66bf4ee0228513d024a4e287e9f1aa3957152332b1483ab0af67cb42
CMP,direct_neighbor_ridge,breast,0,3,49,11.567160351857732,15.430211423113436,9492e163b6ef19b0563b1ce8302b8e8794e2e4c9c8031c62ff9774a3f63f6f58
CMP,direct_neighbor_ridge,central_nervous_system,0,3,49,32.51809171653932,36.63025810310564,9492e163b6ef19b0563b1ce8302b8e8794e2e4c9c8031c62ff9774a3f63f6f58
CMP,direct_neighbor_ridge,endometrium,0,3,28,13.917099973692872,21.98040782704436,9492e163b6ef19b0563b1ce8302b8e8794e2e4c9c8031c62ff9774a3f63f6f58
CMP,direct_neighbor_ridge,kidney,0,3,23,20.088843913863013,16.92167848905961,9492e163b6ef19b0563b1ce8302b8e8794e2e4c9c8031c62ff9774a3f63f6f58
CMP,direct_neighbor_ridge,liver,0,3,25,14.089186776031129,15.280094486865654,9492e163b6ef19b0563b1ce8302b8e8794e2e4c9c8031c62ff9774a3f63f6f58
CMP,direct_neighbor_ridge,lung,0,4,176,89.10405606558226,102.16918696879448,cf9883e99ee1b956d01c2cb42a4d284b982ce23065d3616a5e1cced359e41fb5
CMP,direct_neighbor_ridge,bone,1,0,19,17.266329701449294,18.357026855775455,32d2e2f547f707a9f12d899e65a934275c9f49020e10d214973126d05910ec9c
CMP,direct_neighbor_ridge,ovary,1,0,45,16.9308733626614,19.907173192122308,32d2e2f547f707a9f12d899e65a934275c9f49020e10d214973126d05910ec9c
CMP,direct_neighbor_ridge,skin,1,0,52,21.999638150325694,23.644252920302684,32d2e2f547f707a9f12d899e65a934275c9f49020e10d214973126d05910ec9c
CMP,direct_neighbor_ridge,upper_aerodigestive_tract,1,0,30,15.951193387584846,15.173946751340207,32d2e2f547f707a9f12d899e65a934275c9f49020e10d214973126d05910ec9c
CMP,direct_neighbor_ridge,urinary_tract,1,0,25,17.545720845194452,9.244190442269007,32d2e2f547f707a9f12d899e65a934275c9f49020e10d214973126d05910ec9c
CMP,direct_neighbor_ridge,lung,1,1,176,89.10405606558226,102.16918696879448,cf9883e99ee1b956d01c2cb42a4d284b982ce23065d3616a5e1cced359e41fb5
CMP,direct_neighbor_ridge,autonomic_ganglia,1,2,16,6.162197189194767,10.619296314966352,db1ab3680dcfc2deb10e2511ec28b70b27966d5a436d724be48267bcbf200acf
CMP,direct_neighbor_ridge,haematopoietic_and_lymphoid_tissue,1,2,163,761.6691418029086,919.7932594882664,db1ab3680dcfc2deb10e2511ec28b70b27966d5a436d724be48267bcbf200acf
CMP,direct_neighbor_ridge,large_intestine,1,3,55,40.63398575195267,58.88378286647672,659dce4f66bf4ee0228513d024a4e287e9f1aa3957152332b1483ab0af67cb42
CMP,direct_neighbor_ridge,oesophagus,1,3,25,7.523735851899559,8.675521724548119,659dce4f66bf4ee0228513d024a4e287e9f1aa3957152332b1483ab0af67cb42
CMP,direct_neighbor_ridge,pancreas,1,3,41,15.41578265220489,18.514246013022614,659dce4f66bf4ee0228513d024a4e287e9f1aa3957152332b1483ab0af67cb42
CMP,direct_neighbor_ridge,soft_tissue,1,3,18,9.908416638133918,18.35326635934088,659dce4f66bf4ee0228513d024a4e287e9f1aa3957152332b1483ab0af67cb42
CMP,direct_neighbor_ridge,stomach,1,3,37,20.106433078986782,24.762099080308257,659dce4f66bf4ee0228513d024a4e287e9f1aa3957152332b1483ab0af67cb42
CMP,direct_neighbor_ridge,breast,1,4,49,11.644311370373789,15.430211423113436,9492e163b6ef19b0563b1ce8302b8e8794e2e4c9c8031c62ff9774a3f63f6f58
CMP,direct_neighbor_ridge,central_nervous_system,1,4,49,32.52932861404598,36.63025810310564,9492e163b6ef19b0563b1ce8302b8e8794e2e4c9c8031c62ff9774a3f63f6f58
CMP,direct_neighbor_ridge,endometrium,1,4,28,13.869081772263717,21.98040782704436,9492e163b6ef19b0563b1ce8302b8e8794e2e4c9c8031c62ff9774a3f63f6f58
CMP,direct_neighbor_ridge,kidney,1,4,23,20.141169034499207,16.92167848905961,9492e163b6ef19b0563b1ce8302b8e8794e2e4c9c8031c62ff9774a3f63f6f58
CMP,direct_neighbor_ridge,liver,1,4,25,14.102370730711845,15.280094486865654,9492e163b6ef19b0563b1ce8302b8e8794e2e4c9c8031c62ff9774a3f63f6f58
GMP,direct_neighbor_ridge,autonomic_ganglia,0,0,16,9.280576417990066,8.546399602781992,db1ab3680dcfc2deb10e2511ec28b70b27966d5a436d724be48267bcbf200acf
GMP,direct_neighbor_ridge,haematopoietic_and_lymphoid_tissue,0,0,163,519.9011070159429,608.4430702056142,db1ab3680dcfc2deb10e2511ec28b70b27966d5a436d724be48267bcbf200acf
GMP,direct_neighbor_ridge,bone,0,1,19,20.72412147129949,27.98915936526329,32d2e2f547f707a9f12d899e65a934275c9f49020e10d214973126d05910ec9c
GMP,direct_neighbor_ridge,ovary,0,1,45,19.73824792493851,23.080029883269088,32d2e2f547f707a9f12d899e65a934275c9f49020e10d214973126d05910ec9c
GMP,direct_neighbor_ridge,skin,0,1,52,33.39488970333325,42.41642868516463,32d2e2f547f707a9f12d899e65a934275c9f49020e10d214973126d05910ec9c
GMP,direct_neighbor_ridge,upper_aerodigestive_tract,0,1,30,15.851762681648394,10.731740695834306,32d2e2f547f707a9f12d899e65a934275c9f49020e10d214973126d05910ec9c
GMP,direct_neighbor_ridge,urinary_tract,0,1,25,17.149364940077426,14.28296123447715,32d2e2f547f707a9f12d899e65a934275c9f49020e10d214973126d05910ec9c
GMP,direct_neighbor_ridge,large_intestine,0,2,55,46.01261307395944,60.65901260059876,659dce4f66bf4ee0228513d024a4e287e9f1aa3957152332b1483ab0af67cb42
GMP,direct_neighbor_ridge,oesophagus,0,2,25,14.06188374431441,12.564477534049422,659dce4f66bf4ee0228513d024a4e287e9f1aa3957152332b1483ab0af67cb42
GMP,direct_neighbor_ridge,pancreas,0,2,41,18.734934528342208,27.80253675123588,659dce4f66bf4ee0228513d024a4e287e9f1aa3957152332b1483ab0af67cb42
GMP,direct_neighbor_ridge,soft_tissue,0,2,18,10.989557240512893,16.902606918307857,659dce4f66bf4ee0228513d024a4e287e9f1aa3957152332b1483ab0af67cb42
GMP,direct_neighbor_ridge,stomach,0,2,37,19.871211892433955,25.70922650906243,659dce4f66bf4ee0228513d024a4e287e9f1aa3957152332b1483ab0af67cb42
GMP,direct_neighbor_ridge,breast,0,3,49,23.23006369076677,24.03988855260463,9492e163b6ef19b0563b1ce8302b8e8794e2e4c9c8031c62ff9774a3f63f6f58
GMP,direct_neighbor_ridge,central_nervous_system,0,3,49,25.66509957712309,28.604174620901247,9492e163b6ef19b0563b1ce8302b8e8794e2e4c9c8031c62ff9774a3f63f6f58
GMP,direct_neighbor_ridge,endometrium,0,3,28,14.446947041314749,21.636443486500337,9492e163b6ef19b0563b1ce8302b8e8794e2e4c9c8031c62ff9774a3f63f6f58
GMP,direct_neighbor_ridge,kidney,0,3,23,17.04514716596192,10.68616134013791,9492e163b6ef19b0563b1ce8302b8e8794e2e4c9c8031c62ff9774a3f63f6f58
GMP,direct_neighbor_ridge,liver,0,3,25,17.807493146739095,21.696243488866838,9492e163b6ef19b0563b1ce8302b8e8794e2e4c9c8031c62ff9774a3f63f6f58
GMP,direct_neighbor_ridge,lung,0,4,176,97.77515932372717,120.36057784937742,cf9883e99ee1b956d01c2cb42a4d284b982ce23065d3616a5e1cced359e41fb5
GMP,direct_neighbor_ridge,bone,1,0,19,20.72412147129949,27.98915936526329,32d2e2f547f707a9f12d899e65a934275c9f49020e10d214973126d05910ec9c
GMP,direct_neighbor_ridge,ovary,1,0,45,19.73824792493851,23.080029883269088,32d2e2f547f707a9f12d899e65a934275c9f49020e10d214973126d05910ec9c
GMP,direct_neighbor_ridge,skin,1,0,52,33.39488970333325,42.41642868516463,32d2e2f547f707a9f12d899e65a934275c9f49020e10d214973126d05910ec9c
GMP,direct_neighbor_ridge,upper_aerodigestive_tract,1,0,30,15.851762681648394,10.731740695834306,32d2e2f547f707a9f12d899e65a934275c9f49020e10d214973126d05910ec9c
GMP,direct_neighbor_ridge,urinary_tract,1,0,25,17.149364940077426,14.28296123447715,32d2e2f547f707a9f12d899e65a934275c9f49020e10d214973126d05910ec9c
GMP,direct_neighbor_ridge,lung,1,1,176,97.77515932372717,120.36057784937742,cf9883e99ee1b956d01c2cb42a4d284b982ce23065d3616a5e1cced359e41fb5
GMP,direct_neighbor_ridge,autonomic_ganglia,1,2,16,9.280576417990066,8.546399602781992,db1ab3680dcfc2deb10e2511ec28b70b27966d5a436d724be48267bcbf200acf
GMP,direct_neighbor_ridge,haematopoietic_and_lymphoid_tissue,1,2,163,519.9011070159429,608.4430702056142,db1ab3680dcfc2deb10e2511ec28b70b27966d5a436d724be48267bcbf200acf
GMP,direct_neighbor_ridge,large_intestine,1,3,55,46.01261307395944,60.65901260059876,659dce4f66bf4ee0228513d024a4e287e9f1aa3957152332b1483ab0af67cb42
GMP,direct_neighbor_ridge,oesophagus,1,3,25,14.06188374431441,12.564477534049422,659dce4f66bf4ee0228513d024a4e287e9f1aa3957152332b1483ab0af67cb42
GMP,direct_neighbor_ridge,pancreas,1,3,41,18.734934528342208,27.80253675123588,659dce4f66bf4ee0228513d024a4e287e9f1aa3957152332b1483ab0af67cb42
GMP,direct_neighbor_ridge,soft_tissue,1,3,18,10.989557240512893,16.902606918307857,659dce4f66bf4ee0228513d024a4e287e9f1aa3957152332b1483ab0af67cb42
GMP,direct_neighbor_ridge,stomach,1,3,37,19.871211892433955,25.70922650906243,659dce4f66bf4ee0228513d024a4e287e9f1aa3957152332b1483ab0af67cb42
GMP,direct_neighbor_ridge,breast,1,4,49,23.23006369076677,24.03988855260463,9492e163b6ef19b0563b1ce8302b8e8794e2e4c9c8031c62ff9774a3f63f6f58
GMP,direct_neighbor_ridge,central_nervous_system,1,4,49,25.66509957712309,28.604174620901247,9492e163b6ef19b0563b1ce8302b8e8794e2e4c9c8031c62ff9774a3f63f6f58
GMP,direct_neighbor_ridge,endometrium,1,4,28,14.446947041314749,21.636443486500337,9492e163b6ef19b0563b1ce8302b8e8794e2e4c9c8031c62ff9774a3f63f6f58
GMP,direct_neighbor_ridge,kidney,1,4,23,17.04514716596192,10.68616134013791,9492e163b6ef19b0563b1ce8302b8e8794e2e4c9c8031c62ff9774a3f63f6f58
GMP,direct_neighbor_ridge,liver,1,4,25,17.807493146739095,21.696243488866838,9492e163b6ef19b0563b1ce8302b8e8794e2e4c9c8031c62ff9774a3f63f6f58
NAD,direct_neighbor_ridge,autonomic_ganglia,0,0,16,19.725226013445546,31.555142781536404,db1ab3680dcfc2deb10e2511ec28b70b27966d5a436d724be48267bcbf200acf
NAD,direct_neighbor_ridge,haematopoietic_and_lymphoid_tissue,0,0,163,230.68574937566981,353.72785671425265,db1ab3680dcfc2deb10e2511ec28b70b27966d5a436d724be48267bcbf200acf
NAD,direct_neighbor_ridge,bone,0,1,19,4.70811867428042,17.564020561368245,32d2e2f547f707a9f12d899e65a934275c9f49020e10d214973126d05910ec9c
NAD,direct_neighbor_ridge,ovary,0,1,45,17.569700053562954,21.71329688898827,32d2e2f547f707a9f12d899e65a934275c9f49020e10d214973126d05910ec9c
NAD,direct_neighbor_ridge,skin,0,1,52,13.671552118469618,27.66582813388921,32d2e2f547f707a9f12d899e65a934275c9f49020e10d214973126d05910ec9c
NAD,direct_neighbor_ridge,upper_aerodigestive_tract,0,1,30,11.0592672384249,10.483626321289343,32d2e2f547f707a9f12d899e65a934275c9f49020e10d214973126d05910ec9c
NAD,direct_neighbor_ridge,urinary_tract,0,1,25,11.594168761388193,24.22621702809371,32d2e2f547f707a9f12d899e65a934275c9f49020e10d214973126d05910ec9c
NAD,direct_neighbor_ridge,large_intestine,0,2,55,18.712339187802595,30.92729189625639,659dce4f66bf4ee0228513d024a4e287e9f1aa3957152332b1483ab0af67cb42
NAD,direct_neighbor_ridge,oesophagus,0,2,25,9.65003364638866,15.35140560521061,659dce4f66bf4ee0228513d024a4e287e9f1aa3957152332b1483ab0af67cb42
NAD,direct_neighbor_ridge,pancreas,0,2,41,18.91612540733246,33.7514510333678,659dce4f66bf4ee0228513d024a4e287e9f1aa3957152332b1483ab0af67cb42
NAD,direct_neighbor_ridge,soft_tissue,0,2,18,8.271269306726667,13.50738959139883,659dce4f66bf4ee0228513d024a4e287e9f1aa3957152332b1483ab0af67cb42
NAD,direct_neighbor_ridge,stomach,0,2,37,15.297700434589292,27.16864738671441,659dce4f66bf4ee0228513d024a4e287e9f1aa3957152332b1483ab0af67cb42
NAD,direct_neighbor_ridge,breast,0,3,49,37.86274242815403,59.64238591870666,9492e163b6ef19b0563b1ce8302b8e8794e2e4c9c8031c62ff9774a3f63f6f58
NAD,direct_neighbor_ridge,central_nervous_system,0,3,49,51.66384319216259,83.57354916071024,9492e163b6ef19b0563b1ce8302b8e8794e2e4c9c8031c62ff9774a3f63f6f58
NAD,direct_neighbor_ridge,endometrium,0,3,28,7.836856683644945,14.659195438831441,9492e163b6ef19b0563b1ce8302b8e8794e2e4c9c8031c62ff9774a3f63f6f58
NAD,direct_neighbor_ridge,kidney,0,3,23,11.102730098513499,10.057679618942638,9492e163b6ef19b0563b1ce8302b8e8794e2e4c9c8031c62ff9774a3f63f6f58
NAD,direct_neighbor_ridge,liver,0,3,25,8.45191232870881,15.479886027225865,9492e163b6ef19b0563b1ce8302b8e8794e2e4c9c8031c62ff9774a3f63f6f58
NAD,direct_neighbor_ridge,lung,0,4,176,93.5998972340725,147.72012824694912,cf9883e99ee1b956d01c2cb42a4d284b982ce23065d3616a5e1cced359e41fb5
NAD,direct_neighbor_ridge,bone,1,0,19,4.70811867428042,17.564020561368245,32d2e2f547f707a9f12d899e65a934275c9f49020e10d214973126d05910ec9c
NAD,direct_neighbor_ridge,ovary,1,0,45,17.569700053562954,21.71329688898827,32d2e2f547f707a9f12d899e65a934275c9f49020e10d214973126d05910ec9c
NAD,direct_neighbor_ridge,skin,1,0,52,13.671552118469618,27.66582813388921,32d2e2f547f707a9f12d899e65a934275c9f49020e10d214973126d05910ec9c
NAD,direct_neighbor_ridge,upper_aerodigestive_tract,1,0,30,11.0592672384249,10.483626321289343,32d2e2f547f707a9f12d899e65a934275c9f49020e10d214973126d05910ec9c
NAD,direct_neighbor_ridge,urinary_tract,1,0,25,11.594168761388193,24.22621702809371,32d2e2f547f707a9f12d899e65a934275c9f49020e10d214973126d05910ec9c
NAD,direct_neighbor_ridge,lung,1,1,176,93.5998972340725,147.72012824694912,cf9883e99ee1b956d01c2cb42a4d284b982ce23065d3616a5e1cced359e41fb5
NAD,direct_neighbor_ridge,autonomic_ganglia,1,2,16,19.16136969475192,31.555142781536404,db1ab3680dcfc2deb10e2511ec28b70b27966d5a436d724be48267bcbf200acf
NAD,direct_neighbor_ridge,haematopoietic_and_lymphoid_tissue,1,2,163,226.15288153468708,353.72785671425265,db1ab3680dcfc2deb10e2511ec28b70b27966d5a436d724be48267bcbf200acf
NAD,direct_neighbor_ridge,large_intestine,1,3,55,18.712339187802595,30.92729189625639,659dce4f66bf4ee0228513d024a4e287e9f1aa3957152332b1483ab0af67cb42
NAD,direct_neighbor_ridge,oesophagus,1,3,25,9.65003364638866,15.35140560521061,659dce4f66bf4ee0228513d024a4e287e9f1aa3957152332b1483ab0af67cb42
NAD,direct_neighbor_ridge,pancreas,1,3,41,18.91612540733246,33.7514510333678,659dce4f66bf4ee0228513d024a4e287e9f1aa3957152332b1483ab0af67cb42
NAD,direct_neighbor_ridge,soft_tissue,1,3,18,8.271269306726667,13.50738959139883,659dce4f66bf4ee0228513d024a4e287e9f1aa3957152332b1483ab0af67cb42
NAD,direct_neighbor_ridge,stomach,1,3,37,15.297700434589292,27.16864738671441,659dce4f66bf4ee0228513d024a4e287e9f1aa3957152332b1483ab0af67cb42
NAD,direct_neighbor_ridge,breast,1,4,49,37.86274242815403,59.64238591870666,9492e163b6ef19b0563b1ce8302b8e8794e2e4c9c8031c62ff9774a3f63f6f58
NAD,direct_neighbor_ridge,central_nervous_system,1,4,49,51.66384319216259,83.57354916071024,9492e163b6ef19b0563b1ce8302b8e8794e2e4c9c8031c62ff9774a3f63f6f58
NAD,direct_neighbor_ridge,endometrium,1,4,28,7.836856683644945,14.659195438831441,9492e163b6ef19b0563b1ce8302b8e8794e2e4c9c8031c62ff9774a3f63f6f58
NAD,direct_neighbor_ridge,kidney,1,4,23,11.102730098513499,10.057679618942638,9492e163b6ef19b0563b1ce8302b8e8794e2e4c9c8031c62ff9774a3f63f6f58
NAD,direct_neighbor_ridge,liver,1,4,25,8.45191232870881,15.479886027225865,9492e163b6ef19b0563b1ce8302b8e8794e2e4c9c8031c62ff9774a3f63f6f58
NADP,direct_neighbor_ridge,autonomic_ganglia,0,0,16,9.442352633670719,17.38946954342278,db1ab3680dcfc2deb10e2511ec28b70b27966d5a436d724be48267bcbf200acf
NADP,direct_neighbor_ridge,haematopoietic_and_lymphoid_tissue,0,0,163,153.6439863061699,176.72611095471686,db1ab3680dcfc2deb10e2511ec28b70b27966d5a436d724be48267bcbf200acf
NADP,direct_neighbor_ridge,bone,0,1,19,16.031565247125314,9.742086649828272,32d2e2f547f707a9f12d899e65a934275c9f49020e10d214973126d05910ec9c
NADP,direct_neighbor_ridge,ovary,0,1,45,29.47636390308376,28.88288927700806,32d2e2f547f707a9f12d899e65a934275c9f49020e10d214973126d05910ec9c
NADP,direct_neighbor_ridge,skin,0,1,52,48.31819073481363,45.59974699074407,32d2e2f547f707a9f12d899e65a934275c9f49020e10d214973126d05910ec9c
NADP,direct_neighbor_ridge,upper_aerodigestive_tract,0,1,30,11.728519251334623,15.114419604544697,32d2e2f547f707a9f12d899e65a934275c9f49020e10d214973126d05910ec9c
NADP,direct_neighbor_ridge,urinary_tract,0,1,25,12.413551330096775,20.055932791621395,32d2e2f547f707a9f12d899e65a934275c9f49020e10d214973126d05910ec9c
NADP,direct_neighbor_ridge,large_intestine,0,2,55,24.385527324244222,36.29407755705577,659dce4f66bf4ee0228513d024a4e287e9f1aa3957152332b1483ab0af67cb42
NADP,direct_neighbor_ridge,oesophagus,0,2,25,33.371791026582684,50.02230602605085,659dce4f66bf4ee0228513d024a4e287e9f1aa3957152332b1483ab0af67cb42
NADP,direct_neighbor_ridge,pancreas,0,2,41,28.939286435674703,34.90952197643074,659dce4f66bf4ee0228513d024a4e287e9f1aa3957152332b1483ab0af67cb42
NADP,direct_neighbor_ridge,soft_tissue,0,2,18,12.654945633282033,17.158488087488717,659dce4f66bf4ee0228513d024a4e287e9f1aa3957152332b1483ab0af67cb42
NADP,direct_neighbor_ridge,stomach,0,2,37,25.900763740195828,36.40971821081671,659dce4f66bf4ee0228513d024a4e287e9f1aa3957152332b1483ab0af67cb42
NADP,direct_neighbor_ridge,breast,0,3,49,48.74419875741891,58.99950319084255,9492e163b6ef19b0563b1ce8302b8e8794e2e4c9c8031c62ff9774a3f63f6f58
NADP,direct_neighbor_ridge,central_nervous_system,0,3,49,41.257005276997425,56.604244003653506,9492e163b6ef19b0563b1ce8302b8e8794e2e4c9c8031c62ff9774a3f63f6f58
NADP,direct_neighbor_ridge,endometrium,0,3,28,20.166034428670365,19.672502845922086,9492e163b6ef19b0563b1ce8302b8e8794e2e4c9c8031c62ff9774a3f63f6f58
NADP,direct_neighbor_ridge,kidney,0,3,23,19.309732348155258,27.167352298470774,9492e163b6ef19b0563b1ce8302b8e8794e2e4c9c8031c62ff9774a3f63f6f58
NADP,direct_neighbor_ridge,liver,0,3,25,14.573379828288138,20.917782303577926,9492e163b6ef19b0563b1ce8302b8e8794e2e4c9c8031c62ff9774a3f63f6f58
NADP,direct_neighbor_ridge,lung,0,4,176,206.04506731294558,259.7484734062067,cf9883e99ee1b956d01c2cb42a4d284b982ce23065d3616a5e1cced359e41fb5
NADP,direct_neighbor_ridge,bone,1,0,19,16.031565247125314,9.742086649828272,32d2e2f547f707a9f12d899e65a934275c9f49020e10d214973126d05910ec9c
NADP,direct_neighbor_ridge,ovary,1,0,45,29.47636390308376,28.88288927700806,32d2e2f547f707a9f12d899e65a934275c9f49020e10d214973126d05910ec9c
NADP,direct_neighbor_ridge,skin,1,0,52,48.31819073481363,45.59974699074407,32d2e2f547f707a9f12d899e65a934275c9f49020e10d214973126d05910ec9c
NADP,direct_neighbor_ridge,upper_aerodigestive_tract,1,0,30,11.728519251334623,15.114419604544697,32d2e2f547f707a9f12d899e65a934275c9f49020e10d214973126d05910ec9c
NADP,direct_neighbor_ridge,urinary_tract,1,0,25,12.413551330096775,20.055932791621395,32d2e2f547f707a9f12d899e65a934275c9f49020e10d214973126d05910ec9c
NADP,direct_neighbor_ridge,lung,1,1,176,206.04506731294558,259.7484734062067,cf9883e99ee1b956d01c2cb42a4d284b982ce23065d3616a5e1cced359e41fb5
NADP,direct_neighbor_ridge,autonomic_ganglia,1,2,16,9.442352633670719,17.38946954342278,db1ab3680dcfc2deb10e2511ec28b70b27966d5a436d724be48267bcbf200acf
NADP,direct_neighbor_ridge,haematopoietic_and_lymphoid_tissue,1,2,163,153.6439863061699,176.72611095471686,db1ab3680dcfc2deb10e2511ec28b70b27966d5a436d724be48267bcbf200acf
NADP,direct_neighbor_ridge,large_intestine,1,3,55,24.385527324244222,36.29407755705577,659dce4f66bf4ee0228513d024a4e287e9f1aa3957152332b1483ab0af67cb42
NADP,direct_neighbor_ridge,oesophagus,1,3,25,33.371791026582684,50.02230602605085,659dce4f66bf4ee0228513d024a4e287e9f1aa3957152332b1483ab0af67cb42
NADP,direct_neighbor_ridge,pancreas,1,3,41,28.939286435674703,34.90952197643074,659dce4f66bf4ee0228513d024a4e287e9f1aa3957152332b1483ab0af67cb42
NADP,direct_neighbor_ridge,soft_tissue,1,3,18,12.654945633282033,17.158488087488717,659dce4f66bf4ee0228513d024a4e287e9f1aa3957152332b1483ab0af67cb42
NADP,direct_neighbor_ridge,stomach,1,3,37,25.900763740195828,36.40971821081671,659dce4f66bf4ee0228513d024a4e287e9f1aa3957152332b1483ab0af67cb42
NADP,direct_neighbor_ridge,breast,1,4,49,48.74419875741891,58.99950319084255,9492e163b6ef19b0563b1ce8302b8e8794e2e4c9c8031c62ff9774a3f63f6f58
NADP,direct_neighbor_ridge,central_nervous_system,1,4,49,41.257005276997425,56.604244003653506,9492e163b6ef19b0563b1ce8302b8e8794e2e4c9c8031c62ff9774a3f63f6f58
NADP,direct_neighbor_ridge,endometrium,1,4,28,20.166034428670365,19.672502845922086,9492e163b6ef19b0563b1ce8302b8e8794e2e4c9c8031c62ff9774a3f63f6f58
NADP,direct_neighbor_ridge,kidney,1,4,23,19.309732348155258,27.167352298470774,9492e163b6ef19b0563b1ce8302b8e8794e2e4c9c8031c62ff9774a3f63f6f58
NADP,direct_neighbor_ridge,liver,1,4,25,14.573379828288138,20.917782303577926,9492e163b6ef19b0563b1ce8302b8e8794e2e4c9c8031c62ff9774a3f63f6f58
UMP,direct_neighbor_ridge,autonomic_ganglia,0,0,16,7.644454333420208,9.880494189320569,db1ab3680dcfc2deb10e2511ec28b70b27966d5a436d724be48267bcbf200acf
UMP,direct_neighbor_ridge,haematopoietic_and_lymphoid_tissue,0,0,163,854.98362427966,975.3198836053457,db1ab3680dcfc2deb10e2511ec28b70b27966d5a436d724be48267bcbf200acf
UMP,direct_neighbor_ridge,bone,0,1,19,14.90925617453162,20.080995115721084,32d2e2f547f707a9f12d899e65a934275c9f49020e10d214973126d05910ec9c
UMP,direct_neighbor_ridge,ovary,0,1,45,14.571383797220939,20.765659165883925,32d2e2f547f707a9f12d899e65a934275c9f49020e10d214973126d05910ec9c
UMP,direct_neighbor_ridge,skin,0,1,52,19.478108470741077,26.94219743819132,32d2e2f547f707a9f12d899e65a934275c9f49020e10d214973126d05910ec9c
UMP,direct_neighbor_ridge,upper_aerodigestive_tract,0,1,30,22.683168747413262,15.882613030253962,32d2e2f547f707a9f12d899e65a934275c9f49020e10d214973126d05910ec9c
UMP,direct_neighbor_ridge,urinary_tract,0,1,25,15.247169618522525,13.294757222645966,32d2e2f547f707a9f12d899e65a934275c9f49020e10d214973126d05910ec9c
UMP,direct_neighbor_ridge,large_intestine,0,2,55,39.83298697511612,62.04282805011322,659dce4f66bf4ee0228513d024a4e287e9f1aa3957152332b1483ab0af67cb42
UMP,direct_neighbor_ridge,oesophagus,0,2,25,13.50534253219229,7.832806740940974,659dce4f66bf4ee0228513d024a4e287e9f1aa3957152332b1483ab0af67cb42
UMP,direct_neighbor_ridge,pancreas,0,2,41,15.071477192322657,18.113212499708695,659dce4f66bf4ee0228513d024a4e287e9f1aa3957152332b1483ab0af67cb42
UMP,direct_neighbor_ridge,soft_tissue,0,2,18,8.58242915877608,12.50383764383666,659dce4f66bf4ee0228513d024a4e287e9f1aa3957152332b1483ab0af67cb42
UMP,direct_neighbor_ridge,stomach,0,2,37,20.709618467567996,30.27308993781469,659dce4f66bf4ee0228513d024a4e287e9f1aa3957152332b1483ab0af67cb42
UMP,direct_neighbor_ridge,breast,0,3,49,16.323024788738817,14.591953499147234,9492e163b6ef19b0563b1ce8302b8e8794e2e4c9c8031c62ff9774a3f63f6f58
UMP,direct_neighbor_ridge,central_nervous_system,0,3,49,28.36989536247748,31.379037270505176,9492e163b6ef19b0563b1ce8302b8e8794e2e4c9c8031c62ff9774a3f63f6f58
UMP,direct_neighbor_ridge,endometrium,0,3,28,11.044733738101653,16.383443343494932,9492e163b6ef19b0563b1ce8302b8e8794e2e4c9c8031c62ff9774a3f63f6f58
UMP,direct_neighbor_ridge,kidney,0,3,23,15.097243147136647,12.558034671103556,9492e163b6ef19b0563b1ce8302b8e8794e2e4c9c8031c62ff9774a3f63f6f58
UMP,direct_neighbor_ridge,liver,0,3,25,6.246324156881415,12.204568514911688,9492e163b6ef19b0563b1ce8302b8e8794e2e4c9c8031c62ff9774a3f63f6f58
UMP,direct_neighbor_ridge,lung,0,4,176,78.0892004929031,102.98624906322237,cf9883e99ee1b956d01c2cb42a4d284b982ce23065d3616a5e1cced359e41fb5
UMP,direct_neighbor_ridge,bone,1,0,19,14.90925617453162,20.080995115721084,32d2e2f547f707a9f12d899e65a934275c9f49020e10d214973126d05910ec9c
UMP,direct_neighbor_ridge,ovary,1,0,45,14.571383797220939,20.765659165883925,32d2e2f547f707a9f12d899e65a934275c9f49020e10d214973126d05910ec9c
UMP,direct_neighbor_ridge,skin,1,0,52,19.478108470741077,26.94219743819132,32d2e2f547f707a9f12d899e65a934275c9f49020e10d214973126d05910ec9c
UMP,direct_neighbor_ridge,upper_aerodigestive_tract,1,0,30,22.683168747413262,15.882613030253962,32d2e2f547f707a9f12d899e65a934275c9f49020e10d214973126d05910ec9c
UMP,direct_neighbor_ridge,urinary_tract,1,0,25,15.247169618522525,13.294757222645966,32d2e2f547f707a9f12d899e65a934275c9f49020e10d214973126d05910ec9c
UMP,direct_neighbor_ridge,lung,1,1,176,78.0892004929031,102.98624906322237,cf9883e99ee1b956d01c2cb42a4d284b982ce23065d3616a5e1cced359e41fb5
UMP,direct_neighbor_ridge,autonomic_ganglia,1,2,16,7.644454333420208,9.880494189320569,db1ab3680dcfc2deb10e2511ec28b70b27966d5a436d724be48267bcbf200acf
UMP,direct_neighbor_ridge,haematopoietic_and_lymphoid_tissue,1,2,163,854.98362427966,975.3198836053457,db1ab3680dcfc2deb10e2511ec28b70b27966d5a436d724be48267bcbf200acf
UMP,direct_neighbor_ridge,large_intestine,1,3,55,38.61106900366391,62.04282805011322,659dce4f66bf4ee0228513d024a4e287e9f1aa3957152332b1483ab0af67cb42
UMP,direct_neighbor_ridge,oesophagus,1,3,25,14.810325550655893,7.832806740940974,659dce4f66bf4ee0228513d024a4e287e9f1aa3957152332b1483ab0af67cb42
UMP,direct_neighbor_ridge,pancreas,1,3,41,15.361592959013997,18.113212499708695,659dce4f66bf4ee0228513d024a4e287e9f1aa3957152332b1483ab0af67cb42
UMP,direct_neighbor_ridge,soft_tissue,1,3,18,8.534055349799239,12.50383764383666,659dce4f66bf4ee0228513d024a4e287e9f1aa3957152332b1483ab0af67cb42
UMP,direct_neighbor_ridge,stomach,1,3,37,20.2277488379631,30.27308993781469,659dce4f66bf4ee0228513d024a4e287e9f1aa3957152332b1483ab0af67cb42
UMP,direct_neighbor_ridge,breast,1,4,49,15.138315415641607,14.591953499147234,9492e163b6ef19b0563b1ce8302b8e8794e2e4c9c8031c62ff9774a3f63f6f58
UMP,direct_neighbor_ridge,central_nervous_system,1,4,49,27.32215372850787,31.379037270505176,9492e163b6ef19b0563b1ce8302b8e8794e2e4c9c8031c62ff9774a3f63f6f58
UMP,direct_neighbor_ridge,endometrium,1,4,28,11.210442157553484,16.383443343494932,9492e163b6ef19b0563b1ce8302b8e8794e2e4c9c8031c62ff9774a3f63f6f58
UMP,direct_neighbor_ridge,kidney,1,4,23,14.40857806053818,12.558034671103556,9492e163b6ef19b0563b1ce8302b8e8794e2e4c9c8031c62ff9774a3f63f6f58
UMP,direct_neighbor_ridge,liver,1,4,25,6.611166686486582,12.204568514911688,9492e163b6ef19b0563b1ce8302b8e8794e2e4c9c8031c62ff9774a3f63f6f58
acetylcholine,direct_neighbor_ridge,autonomic_ganglia,0,0,16,9.635632082434993,9.536693780124253,db1ab3680dcfc2deb10e2511ec28b70b27966d5a436d724be48267bcbf200acf
acetylcholine,direct_neighbor_ridge,haematopoietic_and_lymphoid_tissue,0,0,163,169.26447192671836,165.9483162017271,db1ab3680dcfc2deb10e2511ec28b70b27966d5a436d724be48267bcbf200acf
acetylcholine,direct_neighbor_ridge,bone,0,1,19,13.258217263607436,13.44972703782594,32d2e2f547f707a9f12d899e65a934275c9f49020e10d214973126d05910ec9c
acetylcholine,direct_neighbor_ridge,ovary,0,1,45,35.33107269441375,35.72681791044352,32d2e2f547f707a9f12d899e65a934275c9f49020e10d214973126d05910ec9c
acetylcholine,direct_neighbor_ridge,skin,0,1,52,71.05382577167185,70.41870128474085,32d2e2f547f707a9f12d899e65a934275c9f49020e10d214973126d05910ec9c
acetylcholine,direct_neighbor_ridge,upper_aerodigestive_tract,0,1,30,26.121261424966647,25.953648310298796,32d2e2f547f707a9f12d899e65a934275c9f49020e10d214973126d05910ec9c
acetylcholine,direct_neighbor_ridge,urinary_tract,0,1,25,26.057704776292965,26.263440613445898,32d2e2f547f707a9f12d899e65a934275c9f49020e10d214973126d05910ec9c
acetylcholine,direct_neighbor_ridge,large_intestine,0,2,55,42.33163926936364,42.66471377670273,659dce4f66bf4ee0228513d024a4e287e9f1aa3957152332b1483ab0af67cb42
acetylcholine,direct_neighbor_ridge,oesophagus,0,2,25,27.82948161876794,27.448923484842826,659dce4f66bf4ee0228513d024a4e287e9f1aa3957152332b1483ab0af67cb42
acetylcholine,direct_neighbor_ridge,pancreas,0,2,41,52.04027104176402,52.13899026580204,659dce4f66bf4ee0228513d024a4e287e9f1aa3957152332b1483ab0af67cb42
acetylcholine,direct_neighbor_ridge,soft_tissue,0,2,18,18.926352638892187,19.067213064164946,659dce4f66bf4ee0228513d024a4e287e9f1aa3957152332b1483ab0af67cb42
acetylcholine,direct_neighbor_ridge,stomach,0,2,37,19.982617614318563,19.968740423173298,659dce4f66bf4ee0228513d024a4e287e9f1aa3957152332b1483ab0af67cb42
acetylcholine,direct_neighbor_ridge,breast,0,3,49,60.677607974960644,61.05419980650625,9492e163b6ef19b0563b1ce8302b8e8794e2e4c9c8031c62ff9774a3f63f6f58
acetylcholine,direct_neighbor_ridge,central_nervous_system,0,3,49,58.99339417614856,58.820976576125155,9492e163b6ef19b0563b1ce8302b8e8794e2e4c9c8031c62ff9774a3f63f6f58
acetylcholine,direct_neighbor_ridge,endometrium,0,3,28,18.250485262534394,17.841223134514753,9492e163b6ef19b0563b1ce8302b8e8794e2e4c9c8031c62ff9774a3f63f6f58
acetylcholine,direct_neighbor_ridge,kidney,0,3,23,18.416273104075607,18.34749517138214,9492e163b6ef19b0563b1ce8302b8e8794e2e4c9c8031c62ff9774a3f63f6f58
acetylcholine,direct_neighbor_ridge,liver,0,3,25,22.47167066533997,22.534396624289847,9492e163b6ef19b0563b1ce8302b8e8794e2e4c9c8031c62ff9774a3f63f6f58
acetylcholine,direct_neighbor_ridge,lung,0,4,176,216.8873213315349,214.77608481823958,cf9883e99ee1b956d01c2cb42a4d284b982ce23065d3616a5e1cced359e41fb5
acetylcholine,direct_neighbor_ridge,bone,1,0,19,13.258217263607436,13.44972703782594,32d2e2f547f707a9f12d899e65a934275c9f49020e10d214973126d05910ec9c
acetylcholine,direct_neighbor_ridge,ovary,1,0,45,35.33107269441375,35.72681791044352,32d2e2f547f707a9f12d899e65a934275c9f49020e10d214973126d05910ec9c
acetylcholine,direct_neighbor_ridge,skin,1,0,52,71.05382577167185,70.41870128474085,32d2e2f547f707a9f12d899e65a934275c9f49020e10d214973126d05910ec9c
acetylcholine,direct_neighbor_ridge,upper_aerodigestive_tract,1,0,30,26.121261424966647,25.953648310298796,32d2e2f547f707a9f12d899e65a934275c9f49020e10d214973126d05910ec9c
acetylcholine,direct_neighbor_ridge,urinary_tract,1,0,25,26.057704776292965,26.263440613445898,32d2e2f547f707a9f12d899e65a934275c9f49020e10d214973126d05910ec9c
acetylcholine,direct_neighbor_ridge,lung,1,1,176,216.8873213315349,214.77608481823958,cf9883e99ee1b956d01c2cb42a4d284b982ce23065d3616a5e1cced359e41fb5
acetylcholine,direct_neighbor_ridge,autonomic_ganglia,1,2,16,9.635632082434993,9.536693780124253,db1ab3680dcfc2deb10e2511ec28b70b27966d5a436d724be48267bcbf200acf
acetylcholine,direct_neighbor_ridge,haematopoietic_and_lymphoid_tissue,1,2,163,169.26447192671836,165.9483162017271,db1ab3680dcfc2deb10e2511ec28b70b27966d5a436d724be48267bcbf200acf
acetylcholine,direct_neighbor_ridge,large_intestine,1,3,55,42.33163926936364,42.66471377670273,659dce4f66bf4ee0228513d024a4e287e9f1aa3957152332b1483ab0af67cb42
acetylcholine,direct_neighbor_ridge,oesophagus,1,3,25,27.82948161876794,27.448923484842826,659dce4f66bf4ee0228513d024a4e287e9f1aa3957152332b1483ab0af67cb42
acetylcholine,direct_neighbor_ridge,pancreas,1,3,41,52.04027104176402,52.13899026580204,659dce4f66bf4ee0228513d024a4e287e9f1aa3957152332b1483ab0af67cb42
acetylcholine,direct_neighbor_ridge,soft_tissue,1,3,18,18.926352638892187,19.067213064164946,659dce4f66bf4ee0228513d024a4e287e9f1aa3957152332b1483ab0af67cb42
acetylcholine,direct_neighbor_ridge,stomach,1,3,37,19.982617614318563,19.968740423173298,659dce4f66bf4ee0228513d024a4e287e9f1aa3957152332b1483ab0af67cb42
acetylcholine,direct_neighbor_ridge,breast,1,4,49,60.677607974960644,61.05419980650625,9492e163b6ef19b0563b1ce8302b8e8794e2e4c9c8031c62ff9774a3f63f6f58
acetylcholine,direct_neighbor_ridge,central_nervous_system,1,4,49,58.99339417614856,58.820976576125155,9492e163b6ef19b0563b1ce8302b8e8794e2e4c9c8031c62ff9774a3f63f6f58
acetylcholine,direct_neighbor_ridge,endometrium,1,4,28,18.250485262534394,17.841223134514753,9492e163b6ef19b0563b1ce8302b8e8794e2e4c9c8031c62ff9774a3f63f6f58
acetylcholine,direct_neighbor_ridge,kidney,1,4,23,18.416273104075607,18.34749517138214,9492e163b6ef19b0563b1ce8302b8e8794e2e4c9c8031c62ff9774a3f63f6f58
acetylcholine,direct_neighbor_ridge,liver,1,4,25,22.47167066533997,22.534396624289847,9492e163b6ef19b0563b1ce8302b8e8794e2e4c9c8031c62ff9774a3f63f6f58
aconitate,direct_neighbor_ridge,autonomic_ganglia,0,0,16,9.227395950990946,10.578069311990472,db1ab3680dcfc2deb10e2511ec28b70b27966d5a436d724be48267bcbf200acf
aconitate,direct_neighbor_ridge,haematopoietic_and_lymphoid_tissue,0,0,163,262.95220443685184,268.29336397325244,db1ab3680dcfc2deb10e2511ec28b70b27966d5a436d724be48267bcbf200acf
aconitate,direct_neighbor_ridge,bone,0,1,19,20.917282553334214,21.51171156850544,32d2e2f547f707a9f12d899e65a934275c9f49020e10d214973126d05910ec9c
aconitate,direct_neighbor_ridge,ovary,0,1,45,26.84499997292086,27.92016656745521,32d2e2f547f707a9f12d899e65a934275c9f49020e10d214973126d05910ec9c
aconitate,direct_neighbor_ridge,skin,0,1,52,49.14775126254681,44.196108630705154,32d2e2f547f707a9f12d899e65a934275c9f49020e10d214973126d05910ec9c
aconitate,direct_neighbor_ridge,upper_aerodigestive_tract,0,1,30,19.428101860219314,21.988080099662724,32d2e2f547f707a9f12d899e65a934275c9f49020e10d214973126d05910ec9c
aconitate,direct_neighbor_ridge,urinary_tract,0,1,25,17.491687198473812,17.64894845549087,32d2e2f547f707a9f12d899e65a934275c9f49020e10d214973126d05910ec9c
aconitate,direct_neighbor_ridge,large_intestine,0,2,55,45.46370086044308,46.71504864296144,659dce4f66bf4ee0228513d024a4e287e9f1aa3957152332b1483ab0af67cb42
aconitate,direct_neighbor_ridge,oesophagus,0,2,25,20.93900755009822,21.766534175865782,659dce4f66bf4ee0228513d024a4e287e9f1aa3957152332b1483ab0af67cb42
aconitate,direct_neighbor_ridge,pancreas,0,2,41,44.383966647134784,45.50221926146792,659dce4f66bf4ee0228513d024a4e287e9f1aa3957152332b1483ab0af67cb42
aconitate,direct_neighbor_ridge,soft_tissue,0,2,18,25.213796367096496,24.97931187917971,659dce4f66bf4ee0228513d024a4e287e9f1aa3957152332b1483ab0af67cb42
aconitate,direct_neighbor_ridge,stomach,0,2,37,48.47787783330165,48.743422607501344,659dce4f66bf4ee0228513d024a4e287e9f1aa3957152332b1483ab0af67cb42
aconitate,direct_neighbor_ridge,breast,0,3,49,58.85958343779544,56.54197766977886,9492e163b6ef19b0563b1ce8302b8e8794e2e4c9c8031c62ff9774a3f63f6f58
aconitate,direct_neighbor_ridge,central_nervous_system,0,3,49,60.848862797499194,57.57112191511692,9492e163b6ef19b0563b1ce8302b8e8794e2e4c9c8031c62ff9774a3f63f6f58
aconitate,direct_neighbor_ridge,endometrium,0,3,28,20.800939960038676,20.731095514163165,9492e163b6ef19b0563b1ce8302b8e8794e2e4c9c8031c62ff9774a3f63f6f58
aconitate,direct_neighbor_ridge,kidney,0,3,23,18.9389405870404,20.652668812063578,9492e163b6ef19b0563b1ce8302b8e8794e2e4c9c8031c62ff9774a3f63f6f58
aconitate,direct_neighbor_ridge,liver,0,3,25,34.603547857792904,34.43500747116181,9492e163b6ef19b0563b1ce8302b8e8794e2e4c9c8031c62ff9774a3f63f6f58
aconitate,direct_neighbor_ridge,lung,0,4,176,146.9902267769522,149.9690955053872,cf9883e99ee1b956d01c2cb42a4d284b982ce23065d3616a5e1cced359e41fb5
aconitate,direct_neighbor_ridge,bone,1,0,19,20.917282553334214,21.51171156850544,32d2e2f547f707a9f12d899e65a934275c9f49020e10d214973126d05910ec9c
aconitate,direct_neighbor_ridge,ovary,1,0,45,26.84499997292086,27.92016656745521,32d2e2f547f707a9f12d899e65a934275c9f49020e10d214973126d05910ec9c
aconitate,direct_neighbor_ridge,skin,1,0,52,49.14775126254681,44.196108630705154,32d2e2f547f707a9f12d899e65a934275c9f49020e10d214973126d05910ec9c
aconitate,direct_neighbor_ridge,upper_aerodigestive_tract,1,0,30,19.428101860219314,21.988080099662724,32d2e2f547f707a9f12d899e65a934275c9f49020e10d214973126d05910ec9c
aconitate,direct_neighbor_ridge,urinary_tract,1,0,25,17.491687198473812,17.64894845549087,32d2e2f547f707a9f12d899e65a934275c9f49020e10d214973126d05910ec9c
aconitate,direct_neighbor_ridge,lung,1,1,176,146.74883571955232,149.9690955053872,cf9883e99ee1b956d01c2cb42a4d284b982ce23065d3616a5e1cced359e41fb5
aconitate,direct_neighbor_ridge,autonomic_ganglia,1,2,16,9.227395950990946,10.578069311990472,db1ab3680dcfc2deb10e2511ec28b70b27966d5a436d724be48267bcbf200acf
aconitate,direct_neighbor_ridge,haematopoietic_and_lymphoid_tissue,1,2,163,262.95220443685184,268.29336397325244,db1ab3680dcfc2deb10e2511ec28b70b27966d5a436d724be48267bcbf200acf
aconitate,direct_neighbor_ridge,large_intestine,1,3,55,45.58570315849279,46.71504864296144,659dce4f66bf4ee0228513d024a4e287e9f1aa3957152332b1483ab0af67cb42
aconitate,direct_neighbor_ridge,oesophagus,1,3,25,21.025433533500355,21.766534175865782,659dce4f66bf4ee0228513d024a4e287e9f1aa3957152332b1483ab0af67cb42
aconitate,direct_neighbor_ridge,pancreas,1,3,41,44.49189646693525,45.50221926146792,659dce4f66bf4ee0228513d024a4e287e9f1aa3957152332b1483ab0af67cb42
aconitate,direct_neighbor_ridge,soft_tissue,1,3,18,25.16725897985529,24.97931187917971,659dce4f66bf4ee0228513d024a4e287e9f1aa3957152332b1483ab0af67cb42
aconitate,direct_neighbor_ridge,stomach,1,3,37,48.48309187703772,48.743422607501344,659dce4f66bf4ee0228513d024a4e287e9f1aa3957152332b1483ab0af67cb42
aconitate,direct_neighbor_ridge,breast,1,4,49,58.85958343779544,56.54197766977886,9492e163b6ef19b0563b1ce8302b8e8794e2e4c9c8031c62ff9774a3f63f6f58
aconitate,direct_neighbor_ridge,central_nervous_system,1,4,49,60.848862797499194,57.57112191511692,9492e163b6ef19b0563b1ce8302b8e8794e2e4c9c8031c62ff9774a3f63f6f58
aconitate,direct_neighbor_ridge,endometrium,1,4,28,20.800939960038676,20.731095514163165,9492e163b6ef19b0563b1ce8302b8e8794e2e4c9c8031c62ff9774a3f63f6f58
aconitate,direct_neighbor_ridge,kidney,1,4,23,18.9389405870404,20.652668812063578,9492e163b6ef19b0563b1ce8302b8e8794e2e4c9c8031c62ff9774a3f63f6f58
aconitate,direct_neighbor_ridge,liver,1,4,25,34.603547857792904,34.43500747116181,9492e163b6ef19b0563b1ce8302b8e8794e2e4c9c8031c62ff9774a3f63f6f58
adenine,direct_neighbor_ridge,autonomic_ganglia,0,0,16,27.21209509269982,28.949480932335938,db1ab3680dcfc2deb10e2511ec28b70b27966d5a436d724be48267bcbf200acf
adenine,direct_neighbor_ridge,haematopoietic_and_lymphoid_tissue,0,0,163,246.88884218212945,255.42632840432765,db1ab3680dcfc2deb10e2511ec28b70b27966d5a436d724be48267bcbf200acf
adenine,direct_neighbor_ridge,bone,0,1,19,12.3336350384734,11.631819820663015,32d2e2f547f707a9f12d899e65a934275c9f49020e10d214973126d05910ec9c
adenine,direct_neighbor_ridge,ovary,0,1,45,64.6458831937767,66.94301658515403,32d2e2f547f707a9f12d899e65a934275c9f49020e10d214973126d05910ec9c
adenine,direct_neighbor_ridge,skin,0,1,52,45.945167521659286,45.06335271336081,32d2e2f547f707a9f12d899e65a934275c9f49020e10d214973126d05910ec9c
adenine,direct_neighbor_ridge,upper_aerodigestive_tract,0,1,30,31.087154863871014,31.62908920209853,32d2e2f547f707a9f12d899e65a934275c9f49020e10d214973126d05910ec9c
adenine,direct_neighbor_ridge,urinary_tract,0,1,25,31.79743382331247,30.7035810565743,32d2e2f547f707a9f12d899e65a934275c9f49020e10d214973126d05910ec9c
adenine,direct_neighbor_ridge,large_intestine,0,2,55,69.30109636847766,69.37169076333967,659dce4f66bf4ee0228513d024a4e287e9f1aa3957152332b1483ab0af67cb42
adenine,direct_neighbor_ridge,oesophagus,0,2,25,13.411430536773706,12.551547124386165,659dce4f66bf4ee0228513d024a4e287e9f1aa3957152332b1483ab0af67cb42
adenine,direct_neighbor_ridge,pancreas,0,2,41,68.34971824864441,70.685926035948,659dce4f66bf4ee0228513d024a4e287e9f1aa3957152332b1483ab0af67cb42
adenine,direct_neighbor_ridge,soft_tissue,0,2,18,11.090428713575402,11.903492079265723,659dce4f66bf4ee0228513d024a4e287e9f1aa3957152332b1483ab0af67cb42
adenine,direct_neighbor_ridge,stomach,0,2,37,37.40579379849164,35.72531336745661,659dce4f66bf4ee0228513d024a4e287e9f1aa3957152332b1483ab0af67cb42
adenine,direct_neighbor_ridge,breast,0,3,49,54.08358104579425,52.376922267044236,9492e163b6ef19b0563b1ce8302b8e8794e2e4c9c8031c62ff9774a3f63f6f58
adenine,direct_neighbor_ridge,central_nervous_system,0,3,49,30.20299294901109,33.00792532451269,9492e163b6ef19b0563b1ce8302b8e8794e2e4c9c8031c62ff9774a3f63f6f58
adenine,direct_neighbor_ridge,endometrium,0,3,28,37.12281694048763,37.56367715639685,9492e163b6ef19b0563b1ce8302b8e8794e2e4c9c8031c62ff9774a3f63f6f58
adenine,direct_neighbor_ridge,kidney,0,3,23,19.368519065908085,19.959166875423698,9492e163b6ef19b0563b1ce8302b8e8794e2e4c9c8031c62ff9774a3f63f6f58
adenine,direct_neighbor_ridge,liver,0,3,25,13.91587673134595,14.613682358585953,9492e163b6ef19b0563b1ce8302b8e8794e2e4c9c8031c62ff9774a3f63f6f58
adenine,direct_neighbor_ridge,lung,0,4,176,98.35612888102028,101.77238516617106,cf9883e99ee1b956d01c2cb42a4d284b982ce23065d3616a5e1cced359e41fb5
adenine,direct_neighbor_ridge,bone,1,0,19,12.3336350384734,11.631819820663015,32d2e2f547f707a9f12d899e65a934275c9f49020e10d214973126d05910ec9c
adenine,direct_neighbor_ridge,ovary,1,0,45,64.6458831937767,66.94301658515403,32d2e2f547f707a9f12d899e65a934275c9f49020e10d214973126d05910ec9c
adenine,direct_neighbor_ridge,skin,1,0,52,45.945167521659286,45.06335271336081,32d2e2f547f707a9f12d899e65a934275c9f49020e10d214973126d05910ec9c
adenine,direct_neighbor_ridge,upper_aerodigestive_tract,1,0,30,31.087154863871014,31.62908920209853,32d2e2f547f707a9f12d899e65a934275c9f49020e10d214973126d05910ec9c
adenine,direct_neighbor_ridge,urinary_tract,1,0,25,31.79743382331247,30.7035810565743,32d2e2f547f707a9f12d899e65a934275c9f49020e10d214973126d05910ec9c
adenine,direct_neighbor_ridge,lung,1,1,176,98.35612888102028,101.77238516617106,cf9883e99ee1b956d01c2cb42a4d284b982ce23065d3616a5e1cced359e41fb5
adenine,direct_neighbor_ridge,autonomic_ganglia,1,2,16,27.21209509269982,28.949480932335938,db1ab3680dcfc2deb10e2511ec28b70b27966d5a436d724be48267bcbf200acf
adenine,direct_neighbor_ridge,haematopoietic_and_lymphoid_tissue,1,2,163,246.88884218212945,255.42632840432765,db1ab3680dcfc2deb10e2511ec28b70b27966d5a436d724be48267bcbf200acf
adenine,direct_neighbor_ridge,large_intestine,1,3,55,69.30109636847766,69.37169076333967,659dce4f66bf4ee0228513d024a4e287e9f1aa3957152332b1483ab0af67cb42
adenine,direct_neighbor_ridge,oesophagus,1,3,25,13.411430536773706,12.551547124386165,659dce4f66bf4ee0228513d024a4e287e9f1aa3957152332b1483ab0af67cb42
adenine,direct_neighbor_ridge,pancreas,1,3,41,68.34971824864441,70.685926035948,659dce4f66bf4ee0228513d024a4e287e9f1aa3957152332b1483ab0af67cb42
adenine,direct_neighbor_ridge,soft_tissue,1,3,18,11.090428713575402,11.903492079265723,659dce4f66bf4ee0228513d024a4e287e9f1aa3957152332b1483ab0af67cb42
adenine,direct_neighbor_ridge,stomach,1,3,37,37.40579379849164,35.72531336745661,659dce4f66bf4ee0228513d024a4e287e9f1aa3957152332b1483ab0af67cb42
adenine,direct_neighbor_ridge,breast,1,4,49,54.69222751052666,52.376922267044236,9492e163b6ef19b0563b1ce8302b8e8794e2e4c9c8031c62ff9774a3f63f6f58
adenine,direct_neighbor_ridge,central_nervous_system,1,4,49,29.79635830300029,33.00792532451269,9492e163b6ef19b0563b1ce8302b8e8794e2e4c9c8031c62ff9774a3f63f6f58
adenine,direct_neighbor_ridge,endometrium,1,4,28,37.11063221592663,37.56367715639685,9492e163b6ef19b0563b1ce8302b8e8794e2e4c9c8031c62ff9774a3f63f6f58
adenine,direct_neighbor_ridge,kidney,1,4,23,19.3422028983137,19.959166875423698,9492e163b6ef19b0563b1ce8302b8e8794e2e4c9c8031c62ff9774a3f63f6f58
adenine,direct_neighbor_ridge,liver,1,4,25,13.84506410346962,14.613682358585953,9492e163b6ef19b0563b1ce8302b8e8794e2e4c9c8031c62ff9774a3f63f6f58
adenosine,direct_neighbor_ridge,autonomic_ganglia,0,0,16,9.160390606880389,8.628870126383513,db1ab3680dcfc2deb10e2511ec28b70b27966d5a436d724be48267bcbf200acf
adenosine,direct_neighbor_ridge,haematopoietic_and_lymphoid_tissue,0,0,163,129.95112407135522,127.7992220777833,db1ab3680dcfc2deb10e2511ec28b70b27966d5a436d724be48267bcbf200acf
adenosine,direct_neighbor_ridge,bone,0,1,19,33.44361224715518,38.53636869262482,32d2e2f547f707a9f12d899e65a934275c9f49020e10d214973126d05910ec9c
adenosine,direct_neighbor_ridge,ovary,0,1,45,50.63962045180943,50.631509585846196,32d2e2f547f707a9f12d899e65a934275c9f49020e10d214973126d05910ec9c
adenosine,direct_neighbor_ridge,skin,0,1,52,77.62440809996282,77.56774336902923,32d2e2f547f707a9f12d899e65a934275c9f49020e10d214973126d05910ec9c
adenosine,direct_neighbor_ridge,upper_aerodigestive_tract,0,1,30,22.768758001238524,27.58647151101958,32d2e2f547f707a9f12d899e65a934275c9f49020e10d214973126d05910ec9c
adenosine,direct_neighbor_ridge,urinary_tract,0,1,25,34.23484481998645,34.9026141205212,32d2e2f547f707a9f12d899e65a934275c9f49020e10d214973126d05910ec9c
adenosine,direct_neighbor_ridge,large_intestine,0,2,55,47.66568161047769,55.35384043717885,659dce4f66bf4ee0228513d024a4e287e9f1aa3957152332b1483ab0af67cb42
adenosine,direct_neighbor_ridge,oesophagus,0,2,25,43.22537014517697,40.747301998602126,659dce4f66bf4ee0228513d024a4e287e9f1aa3957152332b1483ab0af67cb42
adenosine,direct_neighbor_ridge,pancreas,0,2,41,44.36383776222193,40.49333709639559,659dce4f66bf4ee0228513d024a4e287e9f1aa3957152332b1483ab0af67cb42
adenosine,direct_neighbor_ridge,soft_tissue,0,2,18,33.30433133776156,37.46964121628398,659dce4f66bf4ee0228513d024a4e287e9f1aa3957152332b1483ab0af67cb42
adenosine,direct_neighbor_ridge,stomach,0,2,37,32.35739655756196,34.045991745913305,659dce4f66bf4ee0228513d024a4e287e9f1aa3957152332b1483ab0af67cb42
adenosine,direct_neighbor_ridge,breast,0,3,49,44.41167175176513,46.12787611323165,9492e163b6ef19b0563b1ce8302b8e8794e2e4c9c8031c62ff9774a3f63f6f58
adenosine,direct_neighbor_ridge,central_nervous_system,0,3,49,40.62368114624969,40.79153917894358,9492e163b6ef19b0563b1ce8302b8e8794e2e4c9c8031c62ff9774a3f63f6f58
adenosine,direct_neighbor_ridge,endometrium,0,3,28,32.686823310870174,35.713541675914286,9492e163b6ef19b0563b1ce8302b8e8794e2e4c9c8031c62ff9774a3f63f6f58
adenosine,direct_neighbor_ridge,kidney,0,3,23,16.00122948094951,17.614189811306378,9492e163b6ef19b0563b1ce8302b8e8794e2e4c9c8031c62ff9774a3f63f6f58
adenosine,direct_neighbor_ridge,liver,0,3,25,31.71785074071048,33.640864718811734,9492e163b6ef19b0563b1ce8302b8e8794e2e4c9c8031c62ff9774a3f63f6f58
adenosine,direct_neighbor_ridge,lung,0,4,176,147.58474496731301,155.09988339345296,cf9883e99ee1b956d01c2cb42a4d284b982ce23065d3616a5e1cced359e41fb5
adenosine,direct_neighbor_ridge,bone,1,0,19,33.44361224715518,38.53636869262482,32d2e2f547f707a9f12d899e65a934275c9f49020e10d214973126d05910ec9c
adenosine,direct_neighbor_ridge,ovary,1,0,45,50.63962045180943,50.631509585846196,32d2e2f547f707a9f12d899e65a934275c9f49020e10d214973126d05910ec9c
adenosine,direct_neighbor_ridge,skin,1,0,52,77.62440809996282,77.56774336902923,32d2e2f547f707a9f12d899e65a934275c9f49020e10d214973126d05910ec9c
adenosine,direct_neighbor_ridge,upper_aerodigestive_tract,1,0,30,22.768758001238524,27.58647151101958,32d2e2f547f707a9f12d899e65a934275c9f49020e10d214973126d05910ec9c
adenosine,direct_neighbor_ridge,urinary_tract,1,0,25,34.23484481998645,34.9026141205212,32d2e2f547f707a9f12d899e65a934275c9f49020e10d214973126d05910ec9c
adenosine,direct_neighbor_ridge,lung,1,1,176,147.58474496731301,155.09988339345296,cf9883e99ee1b956d01c2cb42a4d284b982ce23065d3616a5e1cced359e41fb5
adenosine,direct_neighbor_ridge,autonomic_ganglia,1,2,16,9.160390606880389,8.628870126383513,db1ab3680dcfc2deb10e2511ec28b70b27966d5a436d724be48267bcbf200acf
adenosine,direct_neighbor_ridge,haematopoietic_and_lymphoid_tissue,1,2,163,129.95112407135522,127.7992220777833,db1ab3680dcfc2deb10e2511ec28b70b27966d5a436d724be48267bcbf200acf
adenosine,direct_neighbor_ridge,large_intestine,1,3,55,47.66568161047769,55.35384043717885,659dce4f66bf4ee0228513d024a4e287e9f1aa3957152332b1483ab0af67cb42
adenosine,direct_neighbor_ridge,oesophagus,1,3,25,43.22537014517697,40.747301998602126,659dce4f66bf4ee0228513d024a4e287e9f1aa3957152332b1483ab0af67cb42
adenosine,direct_neighbor_ridge,pancreas,1,3,41,44.36383776222193,40.49333709639559,659dce4f66bf4ee0228513d024a4e287e9f1aa3957152332b1483ab0af67cb42
adenosine,direct_neighbor_ridge,soft_tissue,1,3,18,33.30433133776156,37.46964121628398,659dce4f66bf4ee0228513d024a4e287e9f1aa3957152332b1483ab0af67cb42
adenosine,direct_neighbor_ridge,stomach,1,3,37,32.35739655756196,34.045991745913305,659dce4f66bf4ee0228513d024a4e287e9f1aa3957152332b1483ab0af67cb42
adenosine,direct_neighbor_ridge,breast,1,4,49,44.41167175176513,46.12787611323165,9492e163b6ef19b0563b1ce8302b8e8794e2e4c9c8031c62ff9774a3f63f6f58
adenosine,direct_neighbor_ridge,central_nervous_system,1,4,49,40.62368114624969,40.79153917894358,9492e163b6ef19b0563b1ce8302b8e8794e2e4c9c8031c62ff9774a3f63f6f58
adenosine,direct_neighbor_ridge,endometrium,1,4,28,32.686823310870174,35.713541675914286,9492e163b6ef19b0563b1ce8302b8e8794e2e4c9c8031c62ff9774a3f63f6f58
adenosine,direct_neighbor_ridge,kidney,1,4,23,16.00122948094951,17.614189811306378,9492e163b6ef19b0563b1ce8302b8e8794e2e4c9c8031c62ff9774a3f63f6f58
adenosine,direct_neighbor_ridge,liver,1,4,25,31.71785074071048,33.640864718811734,9492e163b6ef19b0563b1ce8302b8e8794e2e4c9c8031c62ff9774a3f63f6f58
alanine,direct_neighbor_ridge,autonomic_ganglia,0,0,16,7.627514786776906,11.544749915549557,db1ab3680dcfc2deb10e2511ec28b70b27966d5a436d724be48267bcbf200acf
alanine,direct_neighbor_ridge,haematopoietic_and_lymphoid_tissue,0,0,163,126.62178312102839,239.31555104190804,db1ab3680dcfc2deb10e2511ec28b70b27966d5a436d724be48267bcbf200acf
alanine,direct_neighbor_ridge,bone,0,1,19,6.599030840689301,13.321584381304366,32d2e2f547f707a9f12d899e65a934275c9f49020e10d214973126d05910ec9c
alanine,direct_neighbor_ridge,ovary,0,1,45,29.551933924980048,29.922840974684274,32d2e2f547f707a9f12d899e65a934275c9f49020e10d214973126d05910ec9c
alanine,direct_neighbor_ridge,skin,0,1,52,25.306000569995017,46.589964641155824,32d2e2f547f707a9f12d899e65a934275c9f49020e10d214973126d05910ec9c
alanine,direct_neighbor_ridge,upper_aerodigestive_tract,0,1,30,22.333177449696915,25.749991455769973,32d2e2f547f707a9f12d899e65a934275c9f49020e10d214973126d05910ec9c
alanine,direct_neighbor_ridge,urinary_tract,0,1,25,8.151191020272039,29.794767536726823,32d2e2f547f707a9f12d899e65a934275c9f49020e10d214973126d05910ec9c
alanine,direct_neighbor_ridge,large_intestine,0,2,55,38.18498491085781,82.44375933130256,659dce4f66bf4ee0228513d024a4e287e9f1aa3957152332b1483ab0af67cb42
alanine,direct_neighbor_ridge,oesophagus,0,2,25,18.961707431353478,17.175412105005332,659dce4f66bf4ee0228513d024a4e287e9f1aa3957152332b1483ab0af67cb42
alanine,direct_neighbor_ridge,pancreas,0,2,41,11.06389664651887,33.91009845618294,659dce4f66bf4ee0228513d024a4e287e9f1aa3957152332b1483ab0af67cb42
alanine,direct_neighbor_ridge,soft_tissue,0,2,18,6.85182414614801,14.024144522182421,659dce4f66bf4ee0228513d024a4e287e9f1aa3957152332b1483ab0af67cb42
alanine,direct_neighbor_ridge,stomach,0,2,37,10.56727668721044,39.37799468661974,659dce4f66bf4ee0228513d024a4e287e9f1aa3957152332b1483ab0af67cb42
alanine,direct_neighbor_ridge,breast,0,3,49,27.35475862383379,41.48456628584718,9492e163b6ef19b0563b1ce8302b8e8794e2e4c9c8031c62ff9774a3f63f6f58
alanine,direct_neighbor_ridge,central_nervous_system,0,3,49,11.37439390066254,42.76708633292772,9492e163b6ef19b0563b1ce8302b8e8794e2e4c9c8031c62ff9774a3f63f6f58
alanine,direct_neighbor_ridge,endometrium,0,3,28,9.825601962760349,30.476347144458053,9492e163b6ef19b0563b1ce8302b8e8794e2e4c9c8031c62ff9774a3f63f6f58
alanine,direct_neighbor_ridge,kidney,0,3,23,7.999443195180545,13.753106351347505,9492e163b6ef19b0563b1ce8302b8e8794e2e4c9c8031c62ff9774a3f63f6f58
alanine,direct_neighbor_ridge,liver,0,3,25,11.541874887822836,32.306850075916024,9492e163b6ef19b0563b1ce8302b8e8794e2e4c9c8031c62ff9774a3f63f6f58
alanine,direct_neighbor_ridge,lung,0,4,176,84.78982133160727,183.74509674343037,cf9883e99ee1b956d01c2cb42a4d284b982ce23065d3616a5e1cced359e41fb5
alanine,direct_neighbor_ridge,bone,1,0,19,6.599030840689301,13.321584381304366,32d2e2f547f707a9f12d899e65a934275c9f49020e10d214973126d05910ec9c
alanine,direct_neighbor_ridge,ovary,1,0,45,29.551933924980048,29.922840974684274,32d2e2f547f707a9f12d899e65a934275c9f49020e10d214973126d05910ec9c
alanine,direct_neighbor_ridge,skin,1,0,52,25.306000569995017,46.589964641155824,32d2e2f547f707a9f12d899e65a934275c9f49020e10d214973126d05910ec9c
alanine,direct_neighbor_ridge,upper_aerodigestive_tract,1,0,30,22.333177449696915,25.749991455769973,32d2e2f547f707a9f12d899e65a934275c9f49020e10d214973126d05910ec9c
alanine,direct_neighbor_ridge,urinary_tract,1,0,25,8.151191020272039,29.794767536726823,32d2e2f547f707a9f12d899e65a934275c9f49020e10d214973126d05910ec9c
alanine,direct_neighbor_ridge,lung,1,1,176,84.78982133160727,183.74509674343037,cf9883e99ee1b956d01c2cb42a4d284b982ce23065d3616a5e1cced359e41fb5
alanine,direct_neighbor_ridge,autonomic_ganglia,1,2,16,7.627514786776906,11.544749915549557,db1ab3680dcfc2deb10e2511ec28b70b27966d5a436d724be48267bcbf200acf
alanine,direct_neighbor_ridge,haematopoietic_and_lymphoid_tissue,1,2,163,126.62178312102839,239.31555104190804,db1ab3680dcfc2deb10e2511ec28b70b27966d5a436d724be48267bcbf200acf
alanine,direct_neighbor_ridge,large_intestine,1,3,55,38.18498491085781,82.44375933130256,659dce4f66bf4ee0228513d024a4e287e9f1aa3957152332b1483ab0af67cb42
alanine,direct_neighbor_ridge,oesophagus,1,3,25,18.961707431353478,17.175412105005332,659dce4f66bf4ee0228513d024a4e287e9f1aa3957152332b1483ab0af67cb42
alanine,direct_neighbor_ridge,pancreas,1,3,41,11.06389664651887,33.91009845618294,659dce4f66bf4ee0228513d024a4e287e9f1aa3957152332b1483ab0af67cb42
alanine,direct_neighbor_ridge,soft_tissue,1,3,18,6.85182414614801,14.024144522182421,659dce4f66bf4ee0228513d024a4e287e9f1aa3957152332b1483ab0af67cb42
alanine,direct_neighbor_ridge,stomach,1,3,37,10.56727668721044,39.37799468661974,659dce4f66bf4ee0228513d024a4e287e9f1aa3957152332b1483ab0af67cb42
alanine,direct_neighbor_ridge,breast,1,4,49,27.35475862383379,41.48456628584718,9492e163b6ef19b0563b1ce8302b8e8794e2e4c9c8031c62ff9774a3f63f6f58
alanine,direct_neighbor_ridge,central_nervous_system,1,4,49,11.37439390066254,42.76708633292772,9492e163b6ef19b0563b1ce8302b8e8794e2e4c9c8031c62ff9774a3f63f6f58
alanine,direct_neighbor_ridge,endometrium,1,4,28,9.825601962760349,30.476347144458053,9492e163b6ef19b0563b1ce8302b8e8794e2e4c9c8031c62ff9774a3f63f6f58
alanine,direct_neighbor_ridge,kidney,1,4,23,7.999443195180545,13.753106351347505,9492e163b6ef19b0563b1ce8302b8e8794e2e4c9c8031c62ff9774a3f63f6f58
alanine,direct_neighbor_ridge,liver,1,4,25,11.541874887822836,32.306850075916024,9492e163b6ef19b0563b1ce8302b8e8794e2e4c9c8031c62ff9774a3f63f6f58
arginine,direct_neighbor_ridge,autonomic_ganglia,0,0,16,7.120352983600059,10.209847798536021,db1ab3680dcfc2deb10e2511ec28b70b27966d5a436d724be48267bcbf200acf
arginine,direct_neighbor_ridge,haematopoietic_and_lymphoid_tissue,0,0,163,187.09818651315112,270.97973942036856,db1ab3680dcfc2deb10e2511ec28b70b27966d5a436d724be48267bcbf200acf
arginine,direct_neighbor_ridge,bone,0,1,19,5.763108202477907,7.509489257923826,32d2e2f547f707a9f12d899e65a934275c9f49020e10d214973126d05910ec9c
arginine,direct_neighbor_ridge,ovary,0,1,45,16.509904763985357,18.81843732829082,32d2e2f547f707a9f12d899e65a934275c9f49020e10d214973126d05910ec9c
arginine,direct_neighbor_ridge,skin,0,1,52,22.3685938634107,30.303346220699442,32d2e2f547f707a9f12d899e65a934275c9f49020e10d214973126d05910ec9c
arginine,direct_neighbor_ridge,upper_aerodigestive_tract,0,1,30,9.945476258802781,12.42825082033878,32d2e2f547f707a9f12d899e65a934275c9f49020e10d214973126d05910ec9c
arginine,direct_neighbor_ridge,urinary_tract,0,1,25,18.232678810219582,19.362613572586575,32d2e2f547f707a9f12d899e65a934275c9f49020e10d214973126d05910ec9c
arginine,direct_neighbor_ridge,large_intestine,0,2,55,38.27264378102878,57.244040543182145,659dce4f66bf4ee0228513d024a4e287e9f1aa3957152332b1483ab0af67cb42
arginine,direct_neighbor_ridge,oesophagus,0,2,25,8.999352574371668,16.54747910294563,659dce4f66bf4ee0228513d024a4e287e9f1aa3957152332b1483ab0af67cb42
arginine,direct_neighbor_ridge,pancreas,0,2,41,25.186458033431055,40.54761820415739,659dce4f66bf4ee0228513d024a4e287e9f1aa3957152332b1483ab0af67cb42
arginine,direct_neighbor_ridge,soft_tissue,0,2,18,17.961448895227775,26.4850563519894,659dce4f66bf4ee0228513d024a4e287e9f1aa3957152332b1483ab0af67cb42
arginine,direct_neighbor_ridge,stomach,0,2,37,29.798073250816017,44.543154877494196,659dce4f66bf4ee0228513d024a4e287e9f1aa3957152332b1483ab0af67cb42
arginine,direct_neighbor_ridge,breast,0,3,49,34.50935705391139,45.586326160765154,9492e163b6ef19b0563b1ce8302b8e8794e2e4c9c8031c62ff9774a3f63f6f58
arginine,direct_neighbor_ridge,central_nervous_system,0,3,49,30.60546062070232,36.15083359890963,9492e163b6ef19b0563b1ce8302b8e8794e2e4c9c8031c62ff9774a3f63f6f58
arginine,direct_neighbor_ridge,endometrium,0,3,28,21.597625099429223,25.353222188410108,9492e163b6ef19b0563b1ce8302b8e8794e2e4c9c8031c62ff9774a3f63f6f58
arginine,direct_neighbor_ridge,kidney,0,3,23,9.050144814896237,10.405585186401641,9492e163b6ef19b0563b1ce8302b8e8794e2e4c9c8031c62ff9774a3f63f6f58
arginine,direct_neighbor_ridge,liver,0,3,25,22.753987905767488,30.72112453382109,9492e163b6ef19b0563b1ce8302b8e8794e2e4c9c8031c62ff9774a3f63f6f58
arginine,direct_neighbor_ridge,lung,0,4,176,153.8057461374953,236.43280617179482,cf9883e99ee1b956d01c2cb42a4d284b982ce23065d3616a5e1cced359e41fb5
arginine,direct_neighbor_ridge,bone,1,0,19,5.763108202477907,7.509489257923826,32d2e2f547f707a9f12d899e65a934275c9f49020e10d214973126d05910ec9c
arginine,direct_neighbor_ridge,ovary,1,0,45,16.509904763985357,18.81843732829082,32d2e2f547f707a9f12d899e65a934275c9f49020e10d214973126d05910ec9c
arginine,direct_neighbor_ridge,skin,1,0,52,22.3685938634107,30.303346220699442,32d2e2f547f707a9f12d899e65a934275c9f49020e10d214973126d05910ec9c
arginine,direct_neighbor_ridge,upper_aerodigestive_tract,1,0,30,9.945476258802781,12.42825082033878,32d2e2f547f707a9f12d899e65a934275c9f49020e10d214973126d05910ec9c
arginine,direct_neighbor_ridge,urinary_tract,1,0,25,18.232678810219582,19.362613572586575,32d2e2f547f707a9f12d899e65a934275c9f49020e10d214973126d05910ec9c
arginine,direct_neighbor_ridge,lung,1,1,176,153.8057461374953,236.43280617179482,cf9883e99ee1b956d01c2cb42a4d284b982ce23065d3616a5e1cced359e41fb5
arginine,direct_neighbor_ridge,autonomic_ganglia,1,2,16,7.120352983600059,10.209847798536021,db1ab3680dcfc2deb10e2511ec28b70b27966d5a436d724be48267bcbf200acf
arginine,direct_neighbor_ridge,haematopoietic_and_lymphoid_tissue,1,2,163,187.09818651315112,270.97973942036856,db1ab3680dcfc2deb10e2511ec28b70b27966d5a436d724be48267bcbf200acf
arginine,direct_neighbor_ridge,large_intestine,1,3,55,38.27264378102878,57.244040543182145,659dce4f66bf4ee0228513d024a4e287e9f1aa3957152332b1483ab0af67cb42
arginine,direct_neighbor_ridge,oesophagus,1,3,25,8.999352574371668,16.54747910294563,659dce4f66bf4ee0228513d024a4e287e9f1aa3957152332b1483ab0af67cb42
arginine,direct_neighbor_ridge,pancreas,1,3,41,25.186458033431055,40.54761820415739,659dce4f66bf4ee0228513d024a4e287e9f1aa3957152332b1483ab0af67cb42
arginine,direct_neighbor_ridge,soft_tissue,1,3,18,17.961448895227775,26.4850563519894,659dce4f66bf4ee0228513d024a4e287e9f1aa3957152332b1483ab0af67cb42
arginine,direct_neighbor_ridge,stomach,1,3,37,29.798073250816017,44.543154877494196,659dce4f66bf4ee0228513d024a4e287e9f1aa3957152332b1483ab0af67cb42
arginine,direct_neighbor_ridge,breast,1,4,49,34.50935705391139,45.586326160765154,9492e163b6ef19b0563b1ce8302b8e8794e2e4c9c8031c62ff9774a3f63f6f58
arginine,direct_neighbor_ridge,central_nervous_system,1,4,49,30.60546062070232,36.15083359890963,9492e163b6ef19b0563b1ce8302b8e8794e2e4c9c8031c62ff9774a3f63f6f58
arginine,direct_neighbor_ridge,endometrium,1,4,28,21.597625099429223,25.353222188410108,9492e163b6ef19b0563b1ce8302b8e8794e2e4c9c8031c62ff9774a3f63f6f58
arginine,direct_neighbor_ridge,kidney,1,4,23,9.050144814896237,10.405585186401641,9492e163b6ef19b0563b1ce8302b8e8794e2e4c9c8031c62ff9774a3f63f6f58
arginine,direct_neighbor_ridge,liver,1,4,25,22.753987905767488,30.72112453382109,9492e163b6ef19b0563b1ce8302b8e8794e2e4c9c8031c62ff9774a3f63f6f58
asparagine,direct_neighbor_ridge,autonomic_ganglia,0,0,16,3.6597825401840423,7.568421354348872,db1ab3680dcfc2deb10e2511ec28b70b27966d5a436d724be48267bcbf200acf
asparagine,direct_neighbor_ridge,haematopoietic_and_lymphoid_tissue,0,0,163,84.85246231826946,68.24445449929271,db1ab3680dcfc2deb10e2511ec28b70b27966d5a436d724be48267bcbf200acf
asparagine,direct_neighbor_ridge,bone,0,1,19,14.872481592175584,17.62296131777872,32d2e2f547f707a9f12d899e65a934275c9f49020e10d214973126d05910ec9c
asparagine,direct_neighbor_ridge,ovary,0,1,45,43.20196142240213,44.93339479168237,32d2e2f547f707a9f12d899e65a934275c9f49020e10d214973126d05910ec9c
asparagine,direct_neighbor_ridge,skin,0,1,52,61.40425330097493,77.21150365898102,32d2e2f547f707a9f12d899e65a934275c9f49020e10d214973126d05910ec9c
asparagine,direct_neighbor_ridge,upper_aerodigestive_tract,0,1,30,35.43505934305269,37.43290055834627,32d2e2f547f707a9f12d899e65a934275c9f49020e10d214973126d05910ec9c
asparagine,direct_neighbor_ridge,urinary_tract,0,1,25,43.69163257011038,42.74094579651123,32d2e2f547f707a9f12d899e65a934275c9f49020e10d214973126d05910ec9c
asparagine,direct_neighbor_ridge,large_intestine,0,2,55,91.10546024159237,98.70457249862505,659dce4f66bf4ee0228513d024a4e287e9f1aa3957152332b1483ab0af67cb42
asparagine,direct_neighbor_ridge,oesophagus,0,2,25,16.31216786917083,22.50071430639875,659dce4f66bf4ee0228513d024a4e287e9f1aa3957152332b1483ab0af67cb42
asparagine,direct_neighbor_ridge,pancreas,0,2,41,32.71156943538867,43.85463074965705,659dce4f66bf4ee0228513d024a4e287e9f1aa3957152332b1483ab0af67cb42
asparagine,direct_neighbor_ridge,soft_tissue,0,2,18,27.29928757797561,36.351972775086494,659dce4f66bf4ee0228513d024a4e287e9f1aa3957152332b1483ab0af67cb42
asparagine,direct_neighbor_ridge,stomach,0,2,37,23.864689539417295,28.503854116217187,659dce4f66bf4ee0228513d024a4e287e9f1aa3957152332b1483ab0af67cb42
asparagine,direct_neighbor_ridge,breast,0,3,49,38.91920314344905,53.329169315914356,9492e163b6ef19b0563b1ce8302b8e8794e2e4c9c8031c62ff9774a3f63f6f58
asparagine,direct_neighbor_ridge,central_nervous_system,0,3,49,84.93360077579493,95.07522744221602,9492e163b6ef19b0563b1ce8302b8e8794e2e4c9c8031c62ff9774a3f63f6f58
asparagine,direct_neighbor_ridge,endometrium,0,3,28,39.235550156488,33.1102572266258,9492e163b6ef19b0563b1ce8302b8e8794e2e4c9c8031c62ff9774a3f63f6f58
asparagine,direct_neighbor_ridge,kidney,0,3,23,49.73867654599121,52.65544602730715,9492e163b6ef19b0563b1ce8302b8e8794e2e4c9c8031c62ff9774a3f63f6f58
asparagine,direct_neighbor_ridge,liver,0,3,25,17.096503006202113,24.19965544656071,9492e163b6ef19b0563b1ce8302b8e8794e2e4c9c8031c62ff9774a3f63f6f58
asparagine,direct_neighbor_ridge,lung,0,4,176,122.66770448177098,146.52321417596897,cf9883e99ee1b956d01c2cb42a4d284b982ce23065d3616a5e1cced359e41fb5
asparagine,direct_neighbor_ridge,bone,1,0,19,14.872481592175584,17.62296131777872,32d2e2f547f707a9f12d899e65a934275c9f49020e10d214973126d05910ec9c
asparagine,direct_neighbor_ridge,ovary,1,0,45,43.20196142240213,44.93339479168237,32d2e2f547f707a9f12d899e65a934275c9f49020e10d214973126d05910ec9c
asparagine,direct_neighbor_ridge,skin,1,0,52,61.40425330097493,77.21150365898102,32d2e2f547f707a9f12d899e65a934275c9f49020e10d214973126d05910ec9c
asparagine,direct_neighbor_ridge,upper_aerodigestive_tract,1,0,30,35.43505934305269,37.43290055834627,32d2e2f547f707a9f12d899e65a934275c9f49020e10d214973126d05910ec9c
asparagine,direct_neighbor_ridge,urinary_tract,1,0,25,43.69163257011038,42.74094579651123,32d2e2f547f707a9f12d899e65a934275c9f49020e10d214973126d05910ec9c
asparagine,direct_neighbor_ridge,lung,1,1,176,122.66770448177098,146.52321417596897,cf9883e99ee1b956d01c2cb42a4d284b982ce23065d3616a5e1cced359e41fb5
asparagine,direct_neighbor_ridge,autonomic_ganglia,1,2,16,3.6597825401840423,7.568421354348872,db1ab3680dcfc2deb10e2511ec28b70b27966d5a436d724be48267bcbf200acf
asparagine,direct_neighbor_ridge,haematopoietic_and_lymphoid_tissue,1,2,163,84.85246231826946,68.24445449929271,db1ab3680dcfc2deb10e2511ec28b70b27966d5a436d724be48267bcbf200acf
asparagine,direct_neighbor_ridge,large_intestine,1,3,55,91.41756696307579,98.70457249862505,659dce4f66bf4ee0228513d024a4e287e9f1aa3957152332b1483ab0af67cb42
asparagine,direct_neighbor_ridge,oesophagus,1,3,25,16.845420276149802,22.50071430639875,659dce4f66bf4ee0228513d024a4e287e9f1aa3957152332b1483ab0af67cb42
asparagine,direct_neighbor_ridge,pancreas,1,3,41,33.385560438846404,43.85463074965705,659dce4f66bf4ee0228513d024a4e287e9f1aa3957152332b1483ab0af67cb42
asparagine,direct_neighbor_ridge,soft_tissue,1,3,18,28.067747835575332,36.351972775086494,659dce4f66bf4ee0228513d024a4e287e9f1aa3957152332b1483ab0af67cb42
asparagine,direct_neighbor_ridge,stomach,1,3,37,23.97407478665271,28.503854116217187,659dce4f66bf4ee0228513d024a4e287e9f1aa3957152332b1483ab0af67cb42
asparagine,direct_neighbor_ridge,breast,1,4,49,38.91920314344905,53.329169315914356,9492e163b6ef19b0563b1ce8302b8e8794e2e4c9c8031c62ff9774a3f63f6f58
asparagine,direct_neighbor_ridge,central_nervous_system,1,4,49,84.93360077579493,95.07522744221602,9492e163b6ef19b0563b1ce8302b8e8794e2e4c9c8031c62ff9774a3f63f6f58
asparagine,direct_neighbor_ridge,endometrium,1,4,28,39.235550156488,33.1102572266258,9492e163b6ef19b0563b1ce8302b8e8794e2e4c9c8031c62ff9774a3f63f6f58
asparagine,direct_neighbor_ridge,kidney,1,4,23,49.73867654599121,52.65544602730715,9492e163b6ef19b0563b1ce8302b8e8794e2e4c9c8031c62ff9774a3f63f6f58
asparagine,direct_neighbor_ridge,liver,1,4,25,17.096503006202113,24.19965544656071,9492e163b6ef19b0563b1ce8302b8e8794e2e4c9c8031c62ff9774a3f63f6f58
aspartate,direct_neighbor_ridge,autonomic_ganglia,0,0,16,9.55148052780577,8.588115722931695,db1ab3680dcfc2deb10e2511ec28b70b27966d5a436d724be48267bcbf200acf
aspartate,direct_neighbor_ridge,haematopoietic_and_lymphoid_tissue,0,0,163,166.83849774794982,161.22415296854743,db1ab3680dcfc2deb10e2511ec28b70b27966d5a436d724be48267bcbf200acf
aspartate,direct_neighbor_ridge,bone,0,1,19,21.852825173544925,19.625873822433633,32d2e2f547f707a9f12d899e65a934275c9f49020e10d214973126d05910ec9c
aspartate,direct_neighbor_ridge,ovary,0,1,45,53.79415855098001,52.25761132081106,32d2e2f547f707a9f12d899e65a934275c9f49020e10d214973126d05910ec9c
aspartate,direct_neighbor_ridge,skin,0,1,52,45.63435967275935,43.50272784298975,32d2e2f547f707a9f12d899e65a934275c9f49020e10d214973126d05910ec9c
aspartate,direct_neighbor_ridge,upper_aerodigestive_tract,0,1,30,28.816598817895756,26.48956693098585,32d2e2f547f707a9f12d899e65a934275c9f49020e10d214973126d05910ec9c
aspartate,direct_neighbor_ridge,urinary_tract,0,1,25,16.442805748357475,17.932760421680403,32d2e2f547f707a9f12d899e65a934275c9f49020e10d214973126d05910ec9c
aspartate,direct_neighbor_ridge,large_intestine,0,2,55,71.21408301250055,74.8820187755852,659dce4f66bf4ee0228513d024a4e287e9f1aa3957152332b1483ab0af67cb42
aspartate,direct_neighbor_ridge,oesophagus,0,2,25,28.482089786678344,30.803372616088684,659dce4f66bf4ee0228513d024a4e287e9f1aa3957152332b1483ab0af67cb42
aspartate,direct_neighbor_ridge,pancreas,0,2,41,51.910592271202944,54.95746019780503,659dce4f66bf4ee0228513d024a4e287e9f1aa3957152332b1483ab0af67cb42
aspartate,direct_neighbor_ridge,soft_tissue,0,2,18,19.612958085418025,19.177757197443604,659dce4f66bf4ee0228513d024a4e287e9f1aa3957152332b1483ab0af67cb42
aspartate,direct_neighbor_ridge,stomach,0,2,37,34.914486373492096,34.068046037971705,659dce4f66bf4ee0228513d024a4e287e9f1aa3957152332b1483ab0af67cb42
aspartate,direct_neighbor_ridge,breast,0,3,49,54.171216412321336,56.710190807710674,9492e163b6ef19b0563b1ce8302b8e8794e2e4c9c8031c62ff9774a3f63f6f58
aspartate,direct_neighbor_ridge,central_nervous_system,0,3,49,49.74954944828764,58.29630876094749,9492e163b6ef19b0563b1ce8302b8e8794e2e4c9c8031c62ff9774a3f63f6f58
aspartate,direct_neighbor_ridge,endometrium,0,3,28,33.85489398362664,35.96659446778661,9492e163b6ef19b0563b1ce8302b8e8794e2e4c9c8031c62ff9774a3f63f6f58
aspartate,direct_neighbor_ridge,kidney,0,3,23,39.118126357886865,38.62003991776564,9492e163b6ef19b0563b1ce8302b8e8794e2e4c9c8031c62ff9774a3f63f6f58
aspartate,direct_neighbor_ridge,liver,0,3,25,32.36894536352331,35.67728922272117,9492e163b6ef19b0563b1ce8302b8e8794e2e4c9c8031c62ff9774a3f63f6f58
aspartate,direct_neighbor_ridge,lung,0,4,176,130.6098441269238,135.44656720784116,cf9883e99ee1b956d01c2cb42a4d284b982ce23065d3616a5e1cced359e41fb5
aspartate,direct_neighbor_ridge,bone,1,0,19,21.852825173544925,19.625873822433633,32d2e2f547f707a9f12d899e65a934275c9f49020e10d214973126d05910ec9c
aspartate,direct_neighbor_ridge,ovary,1,0,45,53.79415855098001,52.25761132081106,32d2e2f547f707a9f12d899e65a934275c9f49020e10d214973126d05910ec9c
aspartate,direct_neighbor_ridge,skin,1,0,52,45.63435967275935,43.50272784298975,32d2e2f547f707a9f12d899e65a934275c9f49020e10d214973126d05910ec9c
aspartate,direct_neighbor_ridge,upper_aerodigestive_tract,1,0,30,28.816598817895756,26.48956693098585,32d2e2f547f707a9f12d899e65a934275c9f49020e10d214973126d05910ec9c
aspartate,direct_neighbor_ridge,urinary_tract,1,0,25,16.442805748357475,17.932760421680403,32d2e2f547f707a9f12d899e65a934275c9f49020e10d214973126d05910ec9c
aspartate,direct_neighbor_ridge,lung,1,1,176,130.6098441269238,135.44656720784116,cf9883e99ee1b956d01c2cb42a4d284b982ce23065d3616a5e1cced359e41fb5
aspartate,direct_neighbor_ridge,autonomic_ganglia,1,2,16,9.55148052780577,8.588115722931695,db1ab3680dcfc2deb10e2511ec28b70b27966d5a436d724be48267bcbf200acf
aspartate,direct_neighbor_ridge,haematopoietic_and_lymphoid_tissue,1,2,163,166.83849774794982,161.22415296854743,db1ab3680dcfc2deb10e2511ec28b70b27966d5a436d724be48267bcbf200acf
aspartate,direct_neighbor_ridge,large_intestine,1,3,55,71.21408301250055,74.8820187755852,659dce4f66bf4ee0228513d024a4e287e9f1aa3957152332b1483ab0af67cb42
aspartate,direct_neighbor_ridge,oesophagus,1,3,25,28.482089786678344,30.803372616088684,659dce4f66bf4ee0228513d024a4e287e9f1aa3957152332b1483ab0af67cb42
aspartate,direct_neighbor_ridge,pancreas,1,3,41,51.910592271202944,54.95746019780503,659dce4f66bf4ee0228513d024a4e287e9f1aa3957152332b1483ab0af67cb42
aspartate,direct_neighbor_ridge,soft_tissue,1,3,18,19.612958085418025,19.177757197443604,659dce4f66bf4ee0228513d024a4e287e9f1aa3957152332b1483ab0af67cb42
aspartate,direct_neighbor_ridge,stomach,1,3,37,34.914486373492096,34.068046037971705,659dce4f66bf4ee0228513d024a4e287e9f1aa3957152332b1483ab0af67cb42
aspartate,direct_neighbor_ridge,breast,1,4,49,54.171216412321336,56.710190807710674,9492e163b6ef19b0563b1ce8302b8e8794e2e4c9c8031c62ff9774a3f63f6f58
aspartate,direct_neighbor_ridge,central_nervous_system,1,4,49,49.74954944828764,58.29630876094749,9492e163b6ef19b0563b1ce8302b8e8794e2e4c9c8031c62ff9774a3f63f6f58
aspartate,direct_neighbor_ridge,endometrium,1,4,28,33.85489398362664,35.96659446778661,9492e163b6ef19b0563b1ce8302b8e8794e2e4c9c8031c62ff9774a3f63f6f58
aspartate,direct_neighbor_ridge,kidney,1,4,23,39.118126357886865,38.62003991776564,9492e163b6ef19b0563b1ce8302b8e8794e2e4c9c8031c62ff9774a3f63f6f58
aspartate,direct_neighbor_ridge,liver,1,4,25,32.36894536352331,35.67728922272117,9492e163b6ef19b0563b1ce8302b8e8794e2e4c9c8031c62ff9774a3f63f6f58
beta-alanine,direct_neighbor_ridge,autonomic_ganglia,0,0,16,10.267281708000915,13.577790180289943,db1ab3680dcfc2deb10e2511ec28b70b27966d5a436d724be48267bcbf200acf
beta-alanine,direct_neighbor_ridge,haematopoietic_and_lymphoid_tissue,0,0,163,94.23856938318139,120.93997091886725,db1ab3680dcfc2deb10e2511ec28b70b27966d5a436d724be48267bcbf200acf
beta-alanine,direct_neighbor_ridge,bone,0,1,19,11.237694081181992,19.950675473861708,32d2e2f547f707a9f12d899e65a934275c9f49020e10d214973126d05910ec9c
beta-alanine,direct_neighbor_ridge,ovary,0,1,45,56.58690310682512,48.76264337730714,32d2e2f547f707a9f12d899e65a934275c9f49020e10d214973126d05910ec9c
beta-alanine,direct_neighbor_ridge,skin,0,1,52,30.625399327418396,36.08287963221976,32d2e2f547f707a9f12d899e65a934275c9f49020e10d214973126d05910ec9c
beta-alanine,direct_neighbor_ridge,upper_aerodigestive_tract,0,1,30,18.875453686241656,27.791121336192088,32d2e2f547f707a9f12d899e65a934275c9f49020e10d214973126d05910ec9c
beta-alanine,direct_neighbor_ridge,urinary_tract,0,1,25,15.053926682957167,21.31930843183077,32d2e2f547f707a9f12d899e65a934275c9f49020e10d214973126d05910ec9c
beta-alanine,direct_neighbor_ridge,large_intestine,0,2,55,42.13661583025984,50.61555655717088,659dce4f66bf4ee0228513d024a4e287e9f1aa3957152332b1483ab0af67cb42
beta-alanine,direct_neighbor_ridge,oesophagus,0,2,25,18.19467264259483,21.06827442271713,659dce4f66bf4ee0228513d024a4e287e9f1aa3957152332b1483ab0af67cb42
beta-alanine,direct_neighbor_ridge,pancreas,0,2,41,26.895151146203343,40.783945846024466,659dce4f66bf4ee0228513d024a4e287e9f1aa3957152332b1483ab0af67cb42
beta-alanine,direct_neighbor_ridge,soft_tissue,0,2,18,20.803401040190597,20.499952251988457,659dce4f66bf4ee0228513d024a4e287e9f1aa3957152332b1483ab0af67cb42
beta-alanine,direct_neighbor_ridge,stomach,0,2,37,28.621931516023835,48.282939068964176,659dce4f66bf4ee0228513d024a4e287e9f1aa3957152332b1483ab0af67cb42
beta-alanine,direct_neighbor_ridge,breast,0,3,49,67.88266434193483,78.67147017026082,9492e163b6ef19b0563b1ce8302b8e8794e2e4c9c8031c62ff9774a3f63f6f58
beta-alanine,direct_neighbor_ridge,central_nervous_system,0,3,49,37.41541638511395,46.39242523693296,9492e163b6ef19b0563b1ce8302b8e8794e2e4c9c8031c62ff9774a3f63f6f58
beta-alanine,direct_neighbor_ridge,endometrium,0,3,28,33.95707997545694,40.423925144681185,9492e163b6ef19b0563b1ce8302b8e8794e2e4c9c8031c62ff9774a3f63f6f58
beta-alanine,direct_neighbor_ridge,kidney,0,3,23,44.96055266476651,35.057033251511456,9492e163b6ef19b0563b1ce8302b8e8794e2e4c9c8031c62ff9774a3f63f6f58
beta-alanine,direct_neighbor_ridge,liver,0,3,25,23.184520305359744,26.565393490296824,9492e163b6ef19b0563b1ce8302b8e8794e2e4c9c8031c62ff9774a3f63f6f58
beta-alanine,direct_neighbor_ridge,lung,0,4,176,172.7538855711237,195.58540879505674,cf9883e99ee1b956d01c2cb42a4d284b982ce23065d3616a5e1cced359e41fb5
beta-alanine,direct_neighbor_ridge,bone,1,0,19,11.237694081181992,19.950675473861708,32d2e2f547f707a9f12d899e65a934275c9f49020e10d214973126d05910ec9c
beta-alanine,direct_neighbor_ridge,ovary,1,0,45,56.58690310682512,48.76264337730714,32d2e2f547f707a9f12d899e65a934275c9f49020e10d214973126d05910ec9c
beta-alanine,direct_neighbor_ridge,skin,1,0,52,30.625399327418396,36.08287963221976,32d2e2f547f707a9f12d899e65a934275c9f49020e10d214973126d05910ec9c
beta-alanine,direct_neighbor_ridge,upper_aerodigestive_tract,1,0,30,18.875453686241656,27.791121336192088,32d2e2f547f707a9f12d899e65a934275c9f49020e10d214973126d05910ec9c
beta-alanine,direct_neighbor_ridge,urinary_tract,1,0,25,15.053926682957167,21.31930843183077,32d2e2f547f707a9f12d899e65a934275c9f49020e10d214973126d05910ec9c
beta-alanine,direct_neighbor_ridge,lung,1,1,176,172.7538855711237,195.58540879505674,cf9883e99ee1b956d01c2cb42a4d284b982ce23065d3616a5e1cced359e41fb5
beta-alanine,direct_neighbor_ridge,autonomic_ganglia,1,2,16,10.267281708000915,13.577790180289943,db1ab3680dcfc2deb10e2511ec28b70b27966d5a436d724be48267bcbf200acf
beta-alanine,direct_neighbor_ridge,haematopoietic_and_lymphoid_tissue,1,2,163,94.23856938318139,120.93997091886725,db1ab3680dcfc2deb10e2511ec28b70b27966d5a436d724be48267bcbf200acf
beta-alanine,direct_neighbor_ridge,large_intestine,1,3,55,42.13661583025984,50.61555655717088,659dce4f66bf4ee0228513d024a4e287e9f1aa3957152332b1483ab0af67cb42
beta-alanine,direct_neighbor_ridge,oesophagus,1,3,25,18.19467264259483,21.06827442271713,659dce4f66bf4ee0228513d024a4e287e9f1aa3957152332b1483ab0af67cb42
beta-alanine,direct_neighbor_ridge,pancreas,1,3,41,26.895151146203343,40.783945846024466,659dce4f66bf4ee0228513d024a4e287e9f1aa3957152332b1483ab0af67cb42
beta-alanine,direct_neighbor_ridge,soft_tissue,1,3,18,20.803401040190597,20.499952251988457,659dce4f66bf4ee0228513d024a4e287e9f1aa3957152332b1483ab0af67cb42
beta-alanine,direct_neighbor_ridge,stomach,1,3,37,28.621931516023835,48.282939068964176,659dce4f66bf4ee0228513d024a4e287e9f1aa3957152332b1483ab0af67cb42
beta-alanine,direct_neighbor_ridge,breast,1,4,49,67.88266434193483,78.67147017026082,9492e163b6ef19b0563b1ce8302b8e8794e2e4c9c8031c62ff9774a3f63f6f58
beta-alanine,direct_neighbor_ridge,central_nervous_system,1,4,49,37.41541638511395,46.39242523693296,9492e163b6ef19b0563b1ce8302b8e8794e2e4c9c8031c62ff9774a3f63f6f58
beta-alanine,direct_neighbor_ridge,endometrium,1,4,28,33.95707997545694,40.423925144681185,9492e163b6ef19b0563b1ce8302b8e8794e2e4c9c8031c62ff9774a3f63f6f58
beta-alanine,direct_neighbor_ridge,kidney,1,4,23,44.96055266476651,35.057033251511456,9492e163b6ef19b0563b1ce8302b8e8794e2e4c9c8031c62ff9774a3f63f6f58
beta-alanine,direct_neighbor_ridge,liver,1,4,25,23.184520305359744,26.565393490296824,9492e163b6ef19b0563b1ce8302b8e8794e2e4c9c8031c62ff9774a3f63f6f58
betaine,direct_neighbor_ridge,autonomic_ganglia,0,0,16,11.741187603634042,15.797545588746235,db1ab3680dcfc2deb10e2511ec28b70b27966d5a436d724be48267bcbf200acf
betaine,direct_neighbor_ridge,haematopoietic_and_lymphoid_tissue,0,0,163,204.72362792823444,336.9165154166376,db1ab3680dcfc2deb10e2511ec28b70b27966d5a436d724be48267bcbf200acf
betaine,direct_neighbor_ridge,bone,0,1,19,9.170431833771982,14.2338731188444,32d2e2f547f707a9f12d899e65a934275c9f49020e10d214973126d05910ec9c
betaine,direct_neighbor_ridge,ovary,0,1,45,14.811638409407955,21.780515214116704,32d2e2f547f707a9f12d899e65a934275c9f49020e10d214973126d05910ec9c
betaine,direct_neighbor_ridge,skin,0,1,52,16.07344309601357,14.599490773707915,32d2e2f547f707a9f12d899e65a934275c9f49020e10d214973126d05910ec9c
betaine,direct_neighbor_ridge,upper_aerodigestive_tract,0,1,30,9.471349526041504,11.05950251322172,32d2e2f547f707a9f12d899e65a934275c9f49020e10d214973126d05910ec9c
betaine,direct_neighbor_ridge,urinary_tract,0,1,25,9.248892547686538,11.324168874355424,32d2e2f547f707a9f12d899e65a934275c9f49020e10d214973126d05910ec9c
betaine,direct_neighbor_ridge,large_intestine,0,2,55,74.73006231129787,93.31901446950648,659dce4f66bf4ee0228513d024a4e287e9f1aa3957152332b1483ab0af67cb42
betaine,direct_neighbor_ridge,oesophagus,0,2,25,7.754364661497639,12.039585475706254,659dce4f66bf4ee0228513d024a4e287e9f1aa3957152332b1483ab0af67cb42
betaine,direct_neighbor_ridge,pancreas,0,2,41,17.051862625532237,25.106822916746427,659dce4f66bf4ee0228513d024a4e287e9f1aa3957152332b1483ab0af67cb42
betaine,direct_neighbor_ridge,soft_tissue,0,2,18,41.47163890488671,29.203007125910727,659dce4f66bf4ee0228513d024a4e287e9f1aa3957152332b1483ab0af67cb42
betaine,direct_neighbor_ridge,stomach,0,2,37,18.271111381424394,25.212757901459238,659dce4f66bf4ee0228513d024a4e287e9f1aa3957152332b1483ab0af67cb42
betaine,direct_neighbor_ridge,breast,0,3,49,45.6622609859279,57.066326460268954,9492e163b6ef19b0563b1ce8302b8e8794e2e4c9c8031c62ff9774a3f63f6f58
betaine,direct_neighbor_ridge,central_nervous_system,0,3,49,15.560275326171777,18.884067970156604,9492e163b6ef19b0563b1ce8302b8e8794e2e4c9c8031c62ff9774a3f63f6f58
betaine,direct_neighbor_ridge,endometrium,0,3,28,15.807898644150988,27.061515876720826,9492e163b6ef19b0563b1ce8302b8e8794e2e4c9c8031c62ff9774a3f63f6f58
betaine,direct_neighbor_ridge,kidney,0,3,23,6.664519098998347,8.37401120154999,9492e163b6ef19b0563b1ce8302b8e8794e2e4c9c8031c62ff9774a3f63f6f58
betaine,direct_neighbor_ridge,liver,0,3,25,25.676598651706772,35.18228104177737,9492e163b6ef19b0563b1ce8302b8e8794e2e4c9c8031c62ff9774a3f63f6f58
betaine,direct_neighbor_ridge,lung,0,4,176,193.69104385428938,214.1791765892296,cf9883e99ee1b956d01c2cb42a4d284b982ce23065d3616a5e1cced359e41fb5
betaine,direct_neighbor_ridge,bone,1,0,19,9.170431833771982,14.2338731188444,32d2e2f547f707a9f12d899e65a934275c9f49020e10d214973126d05910ec9c
betaine,direct_neighbor_ridge,ovary,1,0,45,14.811638409407955,21.780515214116704,32d2e2f547f707a9f12d899e65a934275c9f49020e10d214973126d05910ec9c
betaine,direct_neighbor_ridge,skin,1,0,52,16.07344309601357,14.599490773707915,32d2e2f547f707a9f12d899e65a934275c9f49020e10d214973126d05910ec9c
betaine,direct_neighbor_ridge,upper_aerodigestive_tract,1,0,30,9.471349526041504,11.05950251322172,32d2e2f547f707a9f12d899e65a934275c9f49020e10d214973126d05910ec9c
betaine,direct_neighbor_ridge,urinary_tract,1,0,25,9.248892547686538,11.324168874355424,32d2e2f547f707a9f12d899e65a934275c9f49020e10d214973126d05910ec9c
betaine,direct_neighbor_ridge,lung,1,1,176,193.69104385428938,214.1791765892296,cf9883e99ee1b956d01c2cb42a4d284b982ce23065d3616a5e1cced359e41fb5
betaine,direct_neighbor_ridge,autonomic_ganglia,1,2,16,11.741187603634042,15.797545588746235,db1ab3680dcfc2deb10e2511ec28b70b27966d5a436d724be48267bcbf200acf
betaine,direct_neighbor_ridge,haematopoietic_and_lymphoid_tissue,1,2,163,204.72362792823444,336.9165154166376,db1ab3680dcfc2deb10e2511ec28b70b27966d5a436d724be48267bcbf200acf
betaine,direct_neighbor_ridge,large_intestine,1,3,55,74.73006231129787,93.31901446950648,659dce4f66bf4ee0228513d024a4e287e9f1aa3957152332b1483ab0af67cb42
betaine,direct_neighbor_ridge,oesophagus,1,3,25,7.754364661497639,12.039585475706254,659dce4f66bf4ee0228513d024a4e287e9f1aa3957152332b1483ab0af67cb42
betaine,direct_neighbor_ridge,pancreas,1,3,41,17.051862625532237,25.106822916746427,659dce4f66bf4ee0228513d024a4e287e9f1aa3957152332b1483ab0af67cb42
betaine,direct_neighbor_ridge,soft_tissue,1,3,18,41.47163890488671,29.203007125910727,659dce4f66bf4ee0228513d024a4e287e9f1aa3957152332b1483ab0af67cb42
betaine,direct_neighbor_ridge,stomach,1,3,37,18.271111381424394,25.212757901459238,659dce4f66bf4ee0228513d024a4e287e9f1aa3957152332b1483ab0af67cb42
betaine,direct_neighbor_ridge,breast,1,4,49,44.784764886135974,57.066326460268954,9492e163b6ef19b0563b1ce8302b8e8794e2e4c9c8031c62ff9774a3f63f6f58
betaine,direct_neighbor_ridge,central_nervous_system,1,4,49,15.135402551129703,18.884067970156604,9492e163b6ef19b0563b1ce8302b8e8794e2e4c9c8031c62ff9774a3f63f6f58
betaine,direct_neighbor_ridge,endometrium,1,4,28,15.03948737520643,27.061515876720826,9492e163b6ef19b0563b1ce8302b8e8794e2e4c9c8031c62ff9774a3f63f6f58
betaine,direct_neighbor_ridge,kidney,1,4,23,6.390339422059702,8.37401120154999,9492e163b6ef19b0563b1ce8302b8e8794e2e4c9c8031c62ff9774a3f63f6f58
betaine,direct_neighbor_ridge,liver,1,4,25,23.82545413453031,35.18228104177737,9492e163b6ef19b0563b1ce8302b8e8794e2e4c9c8031c62ff9774a3f63f6f58
cAMP,direct_neighbor_ridge,autonomic_ganglia,0,0,16,10.218006402366052,10.148404280710627,db1ab3680dcfc2deb10e2511ec28b70b27966d5a436d724be48267bcbf200acf
cAMP,direct_neighbor_ridge,haematopoietic_and_lymphoid_tissue,0,0,163,250.7472347611629,251.94409413921323,db1ab3680dcfc2deb10e2511ec28b70b27966d5a436d724be48267bcbf200acf
cAMP,direct_neighbor_ridge,bone,0,1,19,18.113600776562198,17.749760315182847,32d2e2f547f707a9f12d899e65a934275c9f49020e10d214973126d05910ec9c
cAMP,direct_neighbor_ridge,ovary,0,1,45,40.86455537707965,41.55156942189127,32d2e2f547f707a9f12d899e65a934275c9f49020e10d214973126d05910ec9c
cAMP,direct_neighbor_ridge,skin,0,1,52,78.86680617344865,77.47432407894674,32d2e2f547f707a9f12d899e65a934275c9f49020e10d214973126d05910ec9c
cAMP,direct_neighbor_ridge,upper_aerodigestive_tract,0,1,30,22.753329782053395,22.380007106684058,32d2e2f547f707a9f12d899e65a934275c9f49020e10d214973126d05910ec9c
cAMP,direct_neighbor_ridge,urinary_tract,0,1,25,27.14483269661463,26.887434642967875,32d2e2f547f707a9f12d899e65a934275c9f49020e10d214973126d05910ec9c
cAMP,direct_neighbor_ridge,large_intestine,0,2,55,54.480161240018035,54.78013165482201,659dce4f66bf4ee0228513d024a4e287e9f1aa3957152332b1483ab0af67cb42
cAMP,direct_neighbor_ridge,oesophagus,0,2,25,14.196043793613415,14.300061675220697,659dce4f66bf4ee0228513d024a4e287e9f1aa3957152332b1483ab0af67cb42
cAMP,direct_neighbor_ridge,pancreas,0,2,41,26.366331926612915,26.81771091002462,659dce4f66bf4ee0228513d024a4e287e9f1aa3957152332b1483ab0af67cb42
cAMP,direct_neighbor_ridge,soft_tissue,0,2,18,10.130473179463785,10.248602899279938,659dce4f66bf4ee0228513d024a4e287e9f1aa3957152332b1483ab0af67cb42
cAMP,direct_neighbor_ridge,stomach,0,2,37,21.184773401173935,20.803779363900137,659dce4f66bf4ee0228513d024a4e287e9f1aa3957152332b1483ab0af67cb42
cAMP,direct_neighbor_ridge,breast,0,3,49,68.03753801073921,68.1921238847743,9492e163b6ef19b0563b1ce8302b8e8794e2e4c9c8031c62ff9774a3f63f6f58
cAMP,direct_neighbor_ridge,central_nervous_system,0,3,49,26.219041308868658,26.245272410368255,9492e163b6ef19b0563b1ce8302b8e8794e2e4c9c8031c62ff9774a3f63f6f58
cAMP,direct_neighbor_ridge,endometrium,0,3,28,25.57713996760865,25.994950343435544,9492e163b6ef19b0563b1ce8302b8e8794e2e4c9c8031c62ff9774a3f63f6f58
cAMP,direct_neighbor_ridge,kidney,0,3,23,14.749368054043002,14.705867162460194,9492e163b6ef19b0563b1ce8302b8e8794e2e4c9c8031c62ff9774a3f63f6f58
cAMP,direct_neighbor_ridge,liver,0,3,25,16.925214765727734,17.00768834352032,9492e163b6ef19b0563b1ce8302b8e8794e2e4c9c8031c62ff9774a3f63f6f58
cAMP,direct_neighbor_ridge,lung,0,4,176,188.7397137640779,189.07199366864256,cf9883e99ee1b956d01c2cb42a4d284b982ce23065d3616a5e1cced359e41fb5
cAMP,direct_neighbor_ridge,bone,1,0,19,18.113600776562198,17.749760315182847,32d2e2f547f707a9f12d899e65a934275c9f49020e10d214973126d05910ec9c
cAMP,direct_neighbor_ridge,ovary,1,0,45,40.86455537707965,41.55156942189127,32d2e2f547f707a9f12d899e65a934275c9f49020e10d214973126d05910ec9c
cAMP,direct_neighbor_ridge,skin,1,0,52,78.86680617344865,77.47432407894674,32d2e2f547f707a9f12d899e65a934275c9f49020e10d214973126d05910ec9c
cAMP,direct_neighbor_ridge,upper_aerodigestive_tract,1,0,30,22.753329782053395,22.380007106684058,32d2e2f547f707a9f12d899e65a934275c9f49020e10d214973126d05910ec9c
cAMP,direct_neighbor_ridge,urinary_tract,1,0,25,27.14483269661463,26.887434642967875,32d2e2f547f707a9f12d899e65a934275c9f49020e10d214973126d05910ec9c
cAMP,direct_neighbor_ridge,lung,1,1,176,188.72481316480025,189.07199366864256,cf9883e99ee1b956d01c2cb42a4d284b982ce23065d3616a5e1cced359e41fb5
cAMP,direct_neighbor_ridge,autonomic_ganglia,1,2,16,10.227166121592045,10.148404280710627,db1ab3680dcfc2deb10e2511ec28b70b27966d5a436d724be48267bcbf200acf
cAMP,direct_neighbor_ridge,haematopoietic_and_lymphoid_tissue,1,2,163,250.6025897732615,251.94409413921323,db1ab3680dcfc2deb10e2511ec28b70b27966d5a436d724be48267bcbf200acf
cAMP,direct_neighbor_ridge,large_intestine,1,3,55,54.44610793390103,54.78013165482201,659dce4f66bf4ee0228513d024a4e287e9f1aa3957152332b1483ab0af67cb42
cAMP,direct_neighbor_ridge,oesophagus,1,3,25,14.181956971791823,14.300061675220697,659dce4f66bf4ee0228513d024a4e287e9f1aa3957152332b1483ab0af67cb42
cAMP,direct_neighbor_ridge,pancreas,1,3,41,26.30487299924671,26.81771091002462,659dce4f66bf4ee0228513d024a4e287e9f1aa3957152332b1483ab0af67cb42
cAMP,direct_neighbor_ridge,soft_tissue,1,3,18,10.11470181944751,10.248602899279938,659dce4f66bf4ee0228513d024a4e287e9f1aa3957152332b1483ab0af67cb42
cAMP,direct_neighbor_ridge,stomach,1,3,37,21.24388235674951,20.803779363900137,659dce4f66bf4ee0228513d024a4e287e9f1aa3957152332b1483ab0af67cb42
cAMP,direct_neighbor_ridge,breast,1,4,49,68.03753801073921,68.1921238847743,9492e163b6ef19b0563b1ce8302b8e8794e2e4c9c8031c62ff9774a3f63f6f58
cAMP,direct_neighbor_ridge,central_nervous_system,1,4,49,26.219041308868658,26.245272410368255,9492e163b6ef19b0563b1ce8302b8e8794e2e4c9c8031c62ff9774a3f63f6f58
cAMP,direct_neighbor_ridge,endometrium,1,4,28,25.57713996760865,25.994950343435544,9492e163b6ef19b0563b1ce8302b8e8794e2e4c9c8031c62ff9774a3f63f6f58
cAMP,direct_neighbor_ridge,kidney,1,4,23,14.749368054043002,14.705867162460194,9492e163b6ef19b0563b1ce8302b8e8794e2e4c9c8031c62ff9774a3f63f6f58
cAMP,direct_neighbor_ridge,liver,1,4,25,16.925214765727734,17.00768834352032,9492e163b6ef19b0563b1ce8302b8e8794e2e4c9c8031c62ff9774a3f63f6f58
carnosine,direct_neighbor_ridge,autonomic_ganglia,0,0,16,16.596178477449524,14.64004523004322,db1ab3680dcfc2deb10e2511ec28b70b27966d5a436d724be48267bcbf200acf
carnosine,direct_neighbor_ridge,haematopoietic_and_lymphoid_tissue,0,0,163,596.3221286957651,606.2850387221021,db1ab3680dcfc2deb10e2511ec28b70b27966d5a436d724be48267bcbf200acf
carnosine,direct_neighbor_ridge,bone,0,1,19,20.72429190240933,22.533647704560707,32d2e2f547f707a9f12d899e65a934275c9f49020e10d214973126d05910ec9c
carnosine,direct_neighbor_ridge,ovary,0,1,45,39.496573276390535,43.1602109331529,32d2e2f547f707a9f12d899e65a934275c9f49020e10d214973126d05910ec9c
carnosine,direct_neighbor_ridge,skin,0,1,52,21.88607196390079,20.85336542466169,32d2e2f547f707a9f12d899e65a934275c9f49020e10d214973126d05910ec9c
carnosine,direct_neighbor_ridge,upper_aerodigestive_tract,0,1,30,11.043996610496317,10.476481017294612,32d2e2f547f707a9f12d899e65a934275c9f49020e10d214973126d05910ec9c
carnosine,direct_neighbor_ridge,urinary_tract,0,1,25,6.58677366679299,6.817342150472803,32d2e2f547f707a9f12d899e65a934275c9f49020e10d214973126d05910ec9c
carnosine,direct_neighbor_ridge,large_intestine,0,2,55,42.545720173632816,48.48124706891413,659dce4f66bf4ee0228513d024a4e287e9f1aa3957152332b1483ab0af67cb42
carnosine,direct_neighbor_ridge,oesophagus,0,2,25,11.16307310937433,7.783335181897872,659dce4f66bf4ee0228513d024a4e287e9f1aa3957152332b1483ab0af67cb42
carnosine,direct_neighbor_ridge,pancreas,0,2,41,33.26347772647186,30.7418922245237,659dce4f66bf4ee0228513d024a4e287e9f1aa3957152332b1483ab0af67cb42
carnosine,direct_neighbor_ridge,soft_tissue,0,2,18,20.809775629311897,21.254409758399255,659dce4f66bf4ee0228513d024a4e287e9f1aa3957152332b1483ab0af67cb42
carnosine,direct_neighbor_ridge,stomach,0,2,37,40.61516429457126,38.30408579609598,659dce4f66bf4ee0228513d024a4e287e9f1aa3957152332b1483ab0af67cb42
carnosine,direct_neighbor_ridge,breast,0,3,49,51.728897500551746,50.71843262842569,9492e163b6ef19b0563b1ce8302b8e8794e2e4c9c8031c62ff9774a3f63f6f58
carnosine,direct_neighbor_ridge,central_nervous_system,0,3,49,30.843100520873115,30.046831851215593,9492e163b6ef19b0563b1ce8302b8e8794e2e4c9c8031c62ff9774a3f63f6f58
carnosine,direct_neighbor_ridge,endometrium,0,3,28,16.772571326992434,19.463144855044238,9492e163b6ef19b0563b1ce8302b8e8794e2e4c9c8031c62ff9774a3f63f6f58
carnosine,direct_neighbor_ridge,kidney,0,3,23,8.96919011879581,8.044084250077429,9492e163b6ef19b0563b1ce8302b8e8794e2e4c9c8031c62ff9774a3f63f6f58
carnosine,direct_neighbor_ridge,liver,0,3,25,17.554070762618288,16.653284736894772,9492e163b6ef19b0563b1ce8302b8e8794e2e4c9c8031c62ff9774a3f63f6f58
carnosine,direct_neighbor_ridge,lung,0,4,176,155.57565960018115,155.23303382128285,cf9883e99ee1b956d01c2cb42a4d284b982ce23065d3616a5e1cced359e41fb5
carnosine,direct_neighbor_ridge,bone,1,0,19,20.72429190240933,22.533647704560707,32d2e2f547f707a9f12d899e65a934275c9f49020e10d214973126d05910ec9c
carnosine,direct_neighbor_ridge,ovary,1,0,45,39.496573276390535,43.1602109331529,32d2e2f547f707a9f12d899e65a934275c9f49020e10d214973126d05910ec9c
carnosine,direct_neighbor_ridge,skin,1,0,52,21.88607196390079,20.85336542466169,32d2e2f547f707a9f12d899e65a934275c9f49020e10d214973126d05910ec9c
carnosine,direct_neighbor_ridge,upper_aerodigestive_tract,1,0,30,11.043996610496317,10.476481017294612,32d2e2f547f707a9f12d899e65a934275c9f49020e10d214973126d05910ec9c
carnosine,direct_neighbor_ridge,urinary_tract,1,0,25,6.58677366679299,6.817342150472803,32d2e2f547f707a9f12d899e65a934275c9f49020e10d214973126d05910ec9c
carnosine,direct_neighbor_ridge,lung,1,1,176,155.57565960018115,155.23303382128285,cf9883e99ee1b956d01c2cb42a4d284b982ce23065d3616a5e1cced359e41fb5
carnosine,direct_neighbor_ridge,autonomic_ganglia,1,2,16,16.596178477449524,14.64004523004322,db1ab3680dcfc2deb10e2511ec28b70b27966d5a436d724be48267bcbf200acf
carnosine,direct_neighbor_ridge,haematopoietic_and_lymphoid_tissue,1,2,163,596.3221286957651,606.2850387221021,db1ab3680dcfc2deb10e2511ec28b70b27966d5a436d724be48267bcbf200acf
carnosine,direct_neighbor_ridge,large_intestine,1,3,55,42.545720173632816,48.48124706891413,659dce4f66bf4ee0228513d024a4e287e9f1aa3957152332b1483ab0af67cb42
carnosine,direct_neighbor_ridge,oesophagus,1,3,25,11.16307310937433,7.783335181897872,659dce4f66bf4ee0228513d024a4e287e9f1aa3957152332b1483ab0af67cb42
carnosine,direct_neighbor_ridge,pancreas,1,3,41,33.26347772647186,30.7418922245237,659dce4f66bf4ee0228513d024a4e287e9f1aa3957152332b1483ab0af67cb42
carnosine,direct_neighbor_ridge,soft_tissue,1,3,18,20.809775629311897,21.254409758399255,659dce4f66bf4ee0228513d024a4e287e9f1aa3957152332b1483ab0af67cb42
carnosine,direct_neighbor_ridge,stomach,1,3,37,40.61516429457126,38.30408579609598,659dce4f66bf4ee0228513d024a4e287e9f1aa3957152332b1483ab0af67cb42
carnosine,direct_neighbor_ridge,breast,1,4,49,51.728897500551746,50.71843262842569,9492e163b6ef19b0563b1ce8302b8e8794e2e4c9c8031c62ff9774a3f63f6f58
carnosine,direct_neighbor_ridge,central_nervous_system,1,4,49,30.843100520873115,30.046831851215593,9492e163b6ef19b0563b1ce8302b8e8794e2e4c9c8031c62ff9774a3f63f6f58
carnosine,direct_neighbor_ridge,endometrium,1,4,28,16.772571326992434,19.463144855044238,9492e163b6ef19b0563b1ce8302b8e8794e2e4c9c8031c62ff9774a3f63f6f58
carnosine,direct_neighbor_ridge,kidney,1,4,23,8.96919011879581,8.044084250077429,9492e163b6ef19b0563b1ce8302b8e8794e2e4c9c8031c62ff9774a3f63f6f58
carnosine,direct_neighbor_ridge,liver,1,4,25,17.554070762618288,16.653284736894772,9492e163b6ef19b0563b1ce8302b8e8794e2e4c9c8031c62ff9774a3f63f6f58
choline,direct_neighbor_ridge,autonomic_ganglia,0,0,16,4.489275960562468,5.224051425125382,db1ab3680dcfc2deb10e2511ec28b70b27966d5a436d724be48267bcbf200acf
choline,direct_neighbor_ridge,haematopoietic_and_lymphoid_tissue,0,0,163,160.62170059647798,118.85536816062502,db1ab3680dcfc2deb10e2511ec28b70b27966d5a436d724be48267bcbf200acf
choline,direct_neighbor_ridge,bone,0,1,19,30.03126267854066,30.033702508999294,32d2e2f547f707a9f12d899e65a934275c9f49020e10d214973126d05910ec9c
choline,direct_neighbor_ridge,ovary,0,1,45,27.496134651455613,28.66082729591255,32d2e2f547f707a9f12d899e65a934275c9f49020e10d214973126d05910ec9c
choline,direct_neighbor_ridge,skin,0,1,52,74.28595445620361,74.10701595599768,32d2e2f547f707a9f12d899e65a934275c9f49020e10d214973126d05910ec9c
choline,direct_neighbor_ridge,upper_aerodigestive_tract,0,1,30,16.600949767324124,18.17898413337493,32d2e2f547f707a9f12d899e65a934275c9f49020e10d214973126d05910ec9c
choline,direct_neighbor_ridge,urinary_tract,0,1,25,55.64919947069471,53.79026455396615,32d2e2f547f707a9f12d899e65a934275c9f49020e10d214973126d05910ec9c
choline,direct_neighbor_ridge,large_intestine,0,2,55,43.67108250951279,45.276141712627435,659dce4f66bf4ee0228513d024a4e287e9f1aa3957152332b1483ab0af67cb42
choline,direct_neighbor_ridge,oesophagus,0,2,25,15.37130683517065,15.907798531296415,659dce4f66bf4ee0228513d024a4e287e9f1aa3957152332b1483ab0af67cb42
choline,direct_neighbor_ridge,pancreas,0,2,41,63.71224260871214,60.91194598178431,659dce4f66bf4ee0228513d024a4e287e9f1aa3957152332b1483ab0af67cb42
choline,direct_neighbor_ridge,soft_tissue,0,2,18,8.67488695184143,9.625296649419298,659dce4f66bf4ee0228513d024a4e287e9f1aa3957152332b1483ab0af67cb42
choline,direct_neighbor_ridge,stomach,0,2,37,52.20807578262711,52.43442051094014,659dce4f66bf4ee0228513d024a4e287e9f1aa3957152332b1483ab0af67cb42
choline,direct_neighbor_ridge,breast,0,3,49,20.743236330834982,22.508365624049894,9492e163b6ef19b0563b1ce8302b8e8794e2e4c9c8031c62ff9774a3f63f6f58
choline,direct_neighbor_ridge,central_nervous_system,0,3,49,30.17424560778169,30.06033500314247,9492e163b6ef19b0563b1ce8302b8e8794e2e4c9c8031c62ff9774a3f63f6f58
choline,direct_neighbor_ridge,endometrium,0,3,28,53.2030537507503,52.37869540416895,9492e163b6ef19b0563b1ce8302b8e8794e2e4c9c8031c62ff9774a3f63f6f58
choline,direct_neighbor_ridge,kidney,0,3,23,8.963583109779435,11.273467784839237,9492e163b6ef19b0563b1ce8302b8e8794e2e4c9c8031c62ff9774a3f63f6f58
choline,direct_neighbor_ridge,liver,0,3,25,73.03799809223771,77.52635848983681,9492e163b6ef19b0563b1ce8302b8e8794e2e4c9c8031c62ff9774a3f63f6f58
choline,direct_neighbor_ridge,lung,0,4,176,191.75633639336723,194.46625657286125,cf9883e99ee1b956d01c2cb42a4d284b982ce23065d3616a5e1cced359e41fb5
choline,direct_neighbor_ridge,bone,1,0,19,30.03126267854066,30.033702508999294,32d2e2f547f707a9f12d899e65a934275c9f49020e10d214973126d05910ec9c
choline,direct_neighbor_ridge,ovary,1,0,45,27.496134651455613,28.66082729591255,32d2e2f547f707a9f12d899e65a934275c9f49020e10d214973126d05910ec9c
choline,direct_neighbor_ridge,skin,1,0,52,74.28595445620361,74.10701595599768,32d2e2f547f707a9f12d899e65a934275c9f49020e10d214973126d05910ec9c
choline,direct_neighbor_ridge,upper_aerodigestive_tract,1,0,30,16.600949767324124,18.17898413337493,32d2e2f547f707a9f12d899e65a934275c9f49020e10d214973126d05910ec9c
choline,direct_neighbor_ridge,urinary_tract,1,0,25,55.64919947069471,53.79026455396615,32d2e2f547f707a9f12d899e65a934275c9f49020e10d214973126d05910ec9c
choline,direct_neighbor_ridge,lung,1,1,176,191.75633639336723,194.46625657286125,cf9883e99ee1b956d01c2cb42a4d284b982ce23065d3616a5e1cced359e41fb5
choline,direct_neighbor_ridge,autonomic_ganglia,1,2,16,4.489275960562468,5.224051425125382,db1ab3680dcfc2deb10e2511ec28b70b27966d5a436d724be48267bcbf200acf
choline,direct_neighbor_ridge,haematopoietic_and_lymphoid_tissue,1,2,163,160.62170059647798,118.85536816062502,db1ab3680dcfc2deb10e2511ec28b70b27966d5a436d724be48267bcbf200acf
choline,direct_neighbor_ridge,large_intestine,1,3,55,43.60548658225155,45.276141712627435,659dce4f66bf4ee0228513d024a4e287e9f1aa3957152332b1483ab0af67cb42
choline,direct_neighbor_ridge,oesophagus,1,3,25,15.296879458925103,15.907798531296415,659dce4f66bf4ee0228513d024a4e287e9f1aa3957152332b1483ab0af67cb42
choline,direct_neighbor_ridge,pancreas,1,3,41,64.13747293145354,60.91194598178431,659dce4f66bf4ee0228513d024a4e287e9f1aa3957152332b1483ab0af67cb42
choline,direct_neighbor_ridge,soft_tissue,1,3,18,8.626119996481934,9.625296649419298,659dce4f66bf4ee0228513d024a4e287e9f1aa3957152332b1483ab0af67cb42
choline,direct_neighbor_ridge,stomach,1,3,37,52.25280574340507,52.43442051094014,659dce4f66bf4ee0228513d024a4e287e9f1aa3957152332b1483ab0af67cb42
choline,direct_neighbor_ridge,breast,1,4,49,20.743236330834982,22.508365624049894,9492e163b6ef19b0563b1ce8302b8e8794e2e4c9c8031c62ff9774a3f63f6f58
choline,direct_neighbor_ridge,central_nervous_system,1,4,49,30.17424560778169,30.06033500314247,9492e163b6ef19b0563b1ce8302b8e8794e2e4c9c8031c62ff9774a3f63f6f58
choline,direct_neighbor_ridge,endometrium,1,4,28,53.2030537507503,52.37869540416895,9492e163b6ef19b0563b1ce8302b8e8794e2e4c9c8031c62ff9774a3f63f6f58
choline,direct_neighbor_ridge,kidney,1,4,23,8.963583109779435,11.273467784839237,9492e163b6ef19b0563b1ce8302b8e8794e2e4c9c8031c62ff9774a3f63f6f58
choline,direct_neighbor_ridge,liver,1,4,25,73.03799809223771,77.52635848983681,9492e163b6ef19b0563b1ce8302b8e8794e2e4c9c8031c62ff9774a3f63f6f58
citrate,direct_neighbor_ridge,autonomic_ganglia,0,0,16,16.77277530148194,18.922157258138682,db1ab3680dcfc2deb10e2511ec28b70b27966d5a436d724be48267bcbf200acf
citrate,direct_neighbor_ridge,haematopoietic_and_lymphoid_tissue,0,0,163,325.67368007493667,376.187335327264,db1ab3680dcfc2deb10e2511ec28b70b27966d5a436d724be48267bcbf200acf
citrate,direct_neighbor_ridge,bone,0,1,19,16.69736244110698,18.176429040718432,32d2e2f547f707a9f12d899e65a934275c9f49020e10d214973126d05910ec9c
citrate,direct_neighbor_ridge,ovary,0,1,45,19.05961981070311,18.72210242151842,32d2e2f547f707a9f12d899e65a934275c9f49020e10d214973126d05910ec9c
citrate,direct_neighbor_ridge,skin,0,1,52,28.98161226048117,32.55426881521989,32d2e2f547f707a9f12d899e65a934275c9f49020e10d214973126d05910ec9c
citrate,direct_neighbor_ridge,upper_aerodigestive_tract,0,1,30,12.197337526871957,17.622456391503867,32d2e2f547f707a9f12d899e65a934275c9f49020e10d214973126d05910ec9c
citrate,direct_neighbor_ridge,urinary_tract,0,1,25,13.58914919055352,15.22585615120124,32d2e2f547f707a9f12d899e65a934275c9f49020e10d214973126d05910ec9c
citrate,direct_neighbor_ridge,large_intestine,0,2,55,41.87059086750188,49.15309479433493,659dce4f66bf4ee0228513d024a4e287e9f1aa3957152332b1483ab0af67cb42
citrate,direct_neighbor_ridge,oesophagus,0,2,25,22.050019475448632,14.971825445570532,659dce4f66bf4ee0228513d024a4e287e9f1aa3957152332b1483ab0af67cb42
citrate,direct_neighbor_ridge,pancreas,0,2,41,35.66157528576294,37.97264591369208,659dce4f66bf4ee0228513d024a4e287e9f1aa3957152332b1483ab0af67cb42
citrate,direct_neighbor_ridge,soft_tissue,0,2,18,14.19355610266847,16.86362278246952,659dce4f66bf4ee0228513d024a4e287e9f1aa3957152332b1483ab0af67cb42
citrate,direct_neighbor_ridge,stomach,0,2,37,37.59653750861212,40.83919946260039,659dce4f66bf4ee0228513d024a4e287e9f1aa3957152332b1483ab0af67cb42
citrate,direct_neighbor_ridge,breast,0,3,49,49.82480926155328,60.69860764437364,9492e163b6ef19b0563b1ce8302b8e8794e2e4c9c8031c62ff9774a3f63f6f58
citrate,direct_neighbor_ridge,central_nervous_system,0,3,49,45.41423330209177,49.828785145113514,9492e163b6ef19b0563b1ce8302b8e8794e2e4c9c8031c62ff9774a3f63f6f58
citrate,direct_neighbor_ridge,endometrium,0,3,28,16.453034391087602,17.147602983707497,9492e163b6ef19b0563b1ce8302b8e8794e2e4c9c8031c62ff9774a3f63f6f58
citrate,direct_neighbor_ridge,kidney,0,3,23,18.513216966619037,16.282552029430388,9492e163b6ef19b0563b1ce8302b8e8794e2e4c9c8031c62ff9774a3f63f6f58
citrate,direct_neighbor_ridge,liver,0,3,25,22.523621078380803,31.00022028572655,9492e163b6ef19b0563b1ce8302b8e8794e2e4c9c8031c62ff9774a3f63f6f58
citrate,direct_neighbor_ridge,lung,0,4,176,128.5670659007057,139.19463003596906,cf9883e99ee1b956d01c2cb42a4d284b982ce23065d3616a5e1cced359e41fb5
citrate,direct_neighbor_ridge,bone,1,0,19,16.69736244110698,18.176429040718432,32d2e2f547f707a9f12d899e65a934275c9f49020e10d214973126d05910ec9c
citrate,direct_neighbor_ridge,ovary,1,0,45,19.05961981070311,18.72210242151842,32d2e2f547f707a9f12d899e65a934275c9f49020e10d214973126d05910ec9c
citrate,direct_neighbor_ridge,skin,1,0,52,28.98161226048117,32.55426881521989,32d2e2f547f707a9f12d899e65a934275c9f49020e10d214973126d05910ec9c
citrate,direct_neighbor_ridge,upper_aerodigestive_tract,1,0,30,12.197337526871957,17.622456391503867,32d2e2f547f707a9f12d899e65a934275c9f49020e10d214973126d05910ec9c
citrate,direct_neighbor_ridge,urinary_tract,1,0,25,13.58914919055352,15.22585615120124,32d2e2f547f707a9f12d899e65a934275c9f49020e10d214973126d05910ec9c
citrate,direct_neighbor_ridge,lung,1,1,176,128.39171728825445,139.19463003596906,cf9883e99ee1b956d01c2cb42a4d284b982ce23065d3616a5e1cced359e41fb5
citrate,direct_neighbor_ridge,autonomic_ganglia,1,2,16,16.794748769746995,18.922157258138682,db1ab3680dcfc2deb10e2511ec28b70b27966d5a436d724be48267bcbf200acf
citrate,direct_neighbor_ridge,haematopoietic_and_lymphoid_tissue,1,2,163,323.1052912146646,376.187335327264,db1ab3680dcfc2deb10e2511ec28b70b27966d5a436d724be48267bcbf200acf
citrate,direct_neighbor_ridge,large_intestine,1,3,55,41.87059086750188,49.15309479433493,659dce4f66bf4ee0228513d024a4e287e9f1aa3957152332b1483ab0af67cb42
citrate,direct_neighbor_ridge,oesophagus,1,3,25,22.050019475448632,14.971825445570532,659dce4f66bf4ee0228513d024a4e287e9f1aa3957152332b1483ab0af67cb42
citrate,direct_neighbor_ridge,pancreas,1,3,41,35.66157528576294,37.97264591369208,659dce4f66bf4ee0228513d024a4e287e9f1aa3957152332b1483ab0af67cb42
citrate,direct_neighbor_ridge,soft_tissue,1,3,18,14.19355610266847,16.86362278246952,659dce4f66bf4ee0228513d024a4e287e9f1aa3957152332b1483ab0af67cb42
citrate,direct_neighbor_ridge,stomach,1,3,37,37.59653750861212,40.83919946260039,659dce4f66bf4ee0228513d024a4e287e9f1aa3957152332b1483ab0af67cb42
citrate,direct_neighbor_ridge,breast,1,4,49,49.82480926155328,60.69860764437364,9492e163b6ef19b0563b1ce8302b8e8794e2e4c9c8031c62ff9774a3f63f6f58
citrate,direct_neighbor_ridge,central_nervous_system,1,4,49,45.41423330209177,49.828785145113514,9492e163b6ef19b0563b1ce8302b8e8794e2e4c9c8031c62ff9774a3f63f6f58
citrate,direct_neighbor_ridge,endometrium,1,4,28,16.453034391087602,17.147602983707497,9492e163b6ef19b0563b1ce8302b8e8794e2e4c9c8031c62ff9774a3f63f6f58
citrate,direct_neighbor_ridge,kidney,1,4,23,18.513216966619037,16.282552029430388,9492e163b6ef19b0563b1ce8302b8e8794e2e4c9c8031c62ff9774a3f63f6f58
citrate,direct_neighbor_ridge,liver,1,4,25,22.523621078380803,31.00022028572655,9492e163b6ef19b0563b1ce8302b8e8794e2e4c9c8031c62ff9774a3f63f6f58
citrulline,direct_neighbor_ridge,autonomic_ganglia,0,0,16,6.039332979596887,13.478190217996879,db1ab3680dcfc2deb10e2511ec28b70b27966d5a436d724be48267bcbf200acf
citrulline,direct_neighbor_ridge,haematopoietic_and_lymphoid_tissue,0,0,163,208.53923647726083,302.9409497293624,db1ab3680dcfc2deb10e2511ec28b70b27966d5a436d724be48267bcbf200acf
citrulline,direct_neighbor_ridge,bone,0,1,19,7.13529313320276,12.838399312575158,32d2e2f547f707a9f12d899e65a934275c9f49020e10d214973126d05910ec9c
citrulline,direct_neighbor_ridge,ovary,0,1,45,20.364603981685864,39.984797150460864,32d2e2f547f707a9f12d899e65a934275c9f49020e10d214973126d05910ec9c
citrulline,direct_neighbor_ridge,skin,0,1,52,12.885927559852718,20.563689863644402,32d2e2f547f707a9f12d899e65a934275c9f49020e10d214973126d05910ec9c
citrulline,direct_neighbor_ridge,upper_aerodigestive_tract,0,1,30,15.421961754766931,14.898138569380418,32d2e2f547f707a9f12d899e65a934275c9f49020e10d214973126d05910ec9c
citrulline,direct_neighbor_ridge,urinary_tract,0,1,25,8.030783183141336,10.892896762573933,32d2e2f547f707a9f12d899e65a934275c9f49020e10d214973126d05910ec9c
citrulline,direct_neighbor_ridge,large_intestine,0,2,55,34.64991418407004,43.88903638982299,659dce4f66bf4ee0228513d024a4e287e9f1aa3957152332b1483ab0af67cb42
citrulline,direct_neighbor_ridge,oesophagus,0,2,25,17.36835369049591,15.031664306439458,659dce4f66bf4ee0228513d024a4e287e9f1aa3957152332b1483ab0af67cb42
citrulline,direct_neighbor_ridge,pancreas,0,2,41,18.564639859631296,32.078513313016224,659dce4f66bf4ee0228513d024a4e287e9f1aa3957152332b1483ab0af67cb42
citrulline,direct_neighbor_ridge,soft_tissue,0,2,18,10.47549428288426,17.500418440206914,659dce4f66bf4ee0228513d024a4e287e9f1aa3957152332b1483ab0af67cb42
citrulline,direct_neighbor_ridge,stomach,0,2,37,19.010768010684707,31.10666853693129,659dce4f66bf4ee0228513d024a4e287e9f1aa3957152332b1483ab0af67cb42
citrulline,direct_neighbor_ridge,breast,0,3,49,28.308879339945715,63.42870715180403,9492e163b6ef19b0563b1ce8302b8e8794e2e4c9c8031c62ff9774a3f63f6f58
citrulline,direct_neighbor_ridge,central_nervous_system,0,3,49,39.23109167832091,53.101841206015195,9492e163b6ef19b0563b1ce8302b8e8794e2e4c9c8031c62ff9774a3f63f6f58
citrulline,direct_neighbor_ridge,endometrium,0,3,28,13.037990645836572,26.57865425491243,9492e163b6ef19b0563b1ce8302b8e8794e2e4c9c8031c62ff9774a3f63f6f58
citrulline,direct_neighbor_ridge,kidney,0,3,23,8.40234231248993,16.092772517679883,9492e163b6ef19b0563b1ce8302b8e8794e2e4c9c8031c62ff9774a3f63f6f58
citrulline,direct_neighbor_ridge,liver,0,3,25,14.864165757776664,26.833947644053474,9492e163b6ef19b0563b1ce8302b8e8794e2e4c9c8031c62ff9774a3f63f6f58
citrulline,direct_neighbor_ridge,lung,0,4,176,115.56991928777595,195.6082319321508,cf9883e99ee1b956d01c2cb42a4d284b982ce23065d3616a5e1cced359e41fb5
citrulline,direct_neighbor_ridge,bone,1,0,19,7.13529313320276,12.838399312575158,32d2e2f547f707a9f12d899e65a934275c9f49020e10d214973126d05910ec9c
citrulline,direct_neighbor_ridge,ovary,1,0,45,20.364603981685864,39.984797150460864,32d2e2f547f707a9f12d899e65a934275c9f49020e10d214973126d05910ec9c
citrulline,direct_neighbor_ridge,skin,1,0,52,12.885927559852718,20.563689863644402,32d2e2f547f707a9f12d899e65a934275c9f49020e10d214973126d05910ec9c
citrulline,direct_neighbor_ridge,upper_aerodigestive_tract,1,0,30,15.421961754766931,14.898138569380418,32d2e2f547f707a9f12d899e65a934275c9f49020e10d214973126d05910ec9c
citrulline,direct_neighbor_ridge,urinary_tract,1,0,25,8.030783183141336,10.892896762573933,32d2e2f547f707a9f12d899e65a934275c9f49020e10d214973126d05910ec9c
citrulline,direct_neighbor_ridge,lung,1,1,176,115.56991928777595,195.6082319321508,cf9883e99ee1b956d01c2cb42a4d284b982ce23065d3616a5e1cced359e41fb5
citrulline,direct_neighbor_ridge,autonomic_ganglia,1,2,16,6.039332979596887,13.478190217996879,db1ab3680dcfc2deb10e2511ec28b70b27966d5a436d724be48267bcbf200acf
citrulline,direct_neighbor_ridge,haematopoietic_and_lymphoid_tissue,1,2,163,208.53923647726083,302.9409497293624,db1ab3680dcfc2deb10e2511ec28b70b27966d5a436d724be48267bcbf200acf
citrulline,direct_neighbor_ridge,large_intestine,1,3,55,32.92895315773329,43.88903638982299,659dce4f66bf4ee0228513d024a4e287e9f1aa3957152332b1483ab0af67cb42
citrulline,direct_neighbor_ridge,oesophagus,1,3,25,16.89677267147053,15.031664306439458,659dce4f66bf4ee0228513d024a4e287e9f1aa3957152332b1483ab0af67cb42
citrulline,direct_neighbor_ridge,pancreas,1,3,41,18.566907050811032,32.078513313016224,659dce4f66bf4ee0228513d024a4e287e9f1aa3957152332b1483ab0af67cb42
citrulline,direct_neighbor_ridge,soft_tissue,1,3,18,10.190353775014641,17.500418440206914,659dce4f66bf4ee0228513d024a4e287e9f1aa3957152332b1483ab0af67cb42
citrulline,direct_neighbor_ridge,stomach,1,3,37,18.91079643191012,31.10666853693129,659dce4f66bf4ee0228513d024a4e287e9f1aa3957152332b1483ab0af67cb42
citrulline,direct_neighbor_ridge,breast,1,4,49,28.308879339945715,63.42870715180403,9492e163b6ef19b0563b1ce8302b8e8794e2e4c9c8031c62ff9774a3f63f6f58
citrulline,direct_neighbor_ridge,central_nervous_system,1,4,49,39.23109167832091,53.101841206015195,9492e163b6ef19b0563b1ce8302b8e8794e2e4c9c8031c62ff9774a3f63f6f58
citrulline,direct_neighbor_ridge,endometrium,1,4,28,13.037990645836572,26.57865425491243,9492e163b6ef19b0563b1ce8302b8e8794e2e4c9c8031c62ff9774a3f63f6f58
citrulline,direct_neighbor_ridge,kidney,1,4,23,8.40234231248993,16.092772517679883,9492e163b6ef19b0563b1ce8302b8e8794e2e4c9c8031c62ff9774a3f63f6f58
citrulline,direct_neighbor_ridge,liver,1,4,25,14.864165757776664,26.833947644053474,9492e163b6ef19b0563b1ce8302b8e8794e2e4c9c8031c62ff9774a3f63f6f58
cytidine,direct_neighbor_ridge,autonomic_ganglia,0,0,16,44.692345720694135,44.26663567169584,db1ab3680dcfc2deb10e2511ec28b70b27966d5a436d724be48267bcbf200acf
cytidine,direct_neighbor_ridge,haematopoietic_and_lymphoid_tissue,0,0,163,419.20953622249203,440.6086978743965,db1ab3680dcfc2deb10e2511ec28b70b27966d5a436d724be48267bcbf200acf
cytidine,direct_neighbor_ridge,bone,0,1,19,15.011694986349648,14.514141423027208,32d2e2f547f707a9f12d899e65a934275c9f49020e10d214973126d05910ec9c
cytidine,direct_neighbor_ridge,ovary,0,1,45,28.27960947260775,29.101047348286006,32d2e2f547f707a9f12d899e65a934275c9f49020e10d214973126d05910ec9c
cytidine,direct_neighbor_ridge,skin,0,1,52,41.329070992066505,32.78297655566914,32d2e2f547f707a9f12d899e65a934275c9f49020e10d214973126d05910ec9c
cytidine,direct_neighbor_ridge,upper_aerodigestive_tract,0,1,30,35.329471984740735,38.030374007723225,32d2e2f547f707a9f12d899e65a934275c9f49020e10d214973126d05910ec9c
cytidine,direct_neighbor_ridge,urinary_tract,0,1,25,19.17922728181392,21.423543847325398,32d2e2f547f707a9f12d899e65a934275c9f49020e10d214973126d05910ec9c
cytidine,direct_neighbor_ridge,large_intestine,0,2,55,53.085415403321996,60.725711782105144,659dce4f66bf4ee0228513d024a4e287e9f1aa3957152332b1483ab0af67cb42
cytidine,direct_neighbor_ridge,oesophagus,0,2,25,24.575547786920374,27.704363915223354,659dce4f66bf4ee0228513d024a4e287e9f1aa3957152332b1483ab0af67cb42
cytidine,direct_neighbor_ridge,pancreas,0,2,41,39.79634014109556,40.23293126871523,659dce4f66bf4ee0228513d024a4e287e9f1aa3957152332b1483ab0af67cb42
cytidine,direct_neighbor_ridge,soft_tissue,0,2,18,16.590617632204072,15.936059202008233,659dce4f66bf4ee0228513d024a4e287e9f1aa3957152332b1483ab0af67cb42
cytidine,direct_neighbor_ridge,stomach,0,2,37,31.047044611652513,31.79442764399004,659dce4f66bf4ee0228513d024a4e287e9f1aa3957152332b1483ab0af67cb42
cytidine,direct_neighbor_ridge,breast,0,3,49,50.809843241116276,45.34669298209357,9492e163b6ef19b0563b1ce8302b8e8794e2e4c9c8031c62ff9774a3f63f6f58
cytidine,direct_neighbor_ridge,central_nervous_system,0,3,49,19.817879334104216,22.270222452538743,9492e163b6ef19b0563b1ce8302b8e8794e2e4c9c8031c62ff9774a3f63f6f58
cytidine,direct_neighbor_ridge,endometrium,0,3,28,17.994931924712812,19.391082464139533,9492e163b6ef19b0563b1ce8302b8e8794e2e4c9c8031c62ff9774a3f63f6f58
cytidine,direct_neighbor_ridge,kidney,0,3,23,12.78992519382696,11.605984244282299,9492e163b6ef19b0563b1ce8302b8e8794e2e4c9c8031c62ff9774a3f63f6f58
cytidine,direct_neighbor_ridge,liver,0,3,25,18.684646543200977,18.602150786983284,9492e163b6ef19b0563b1ce8302b8e8794e2e4c9c8031c62ff9774a3f63f6f58
cytidine,direct_neighbor_ridge,lung,0,4,176,129.83630122533236,128.82039392111292,cf9883e99ee1b956d01c2cb42a4d284b982ce23065d3616a5e1cced359e41fb5
cytidine,direct_neighbor_ridge,bone,1,0,19,15.011694986349648,14.514141423027208,32d2e2f547f707a9f12d899e65a934275c9f49020e10d214973126d05910ec9c
cytidine,direct_neighbor_ridge,ovary,1,0,45,28.27960947260775,29.101047348286006,32d2e2f547f707a9f12d899e65a934275c9f49020e10d214973126d05910ec9c
cytidine,direct_neighbor_ridge,skin,1,0,52,41.329070992066505,32.78297655566914,32d2e2f547f707a9f12d899e65a934275c9f49020e10d214973126d05910ec9c
cytidine,direct_neighbor_ridge,upper_aerodigestive_tract,1,0,30,35.329471984740735,38.030374007723225,32d2e2f547f707a9f12d899e65a934275c9f49020e10d214973126d05910ec9c
cytidine,direct_neighbor_ridge,urinary_tract,1,0,25,19.17922728181392,21.423543847325398,32d2e2f547f707a9f12d899e65a934275c9f49020e10d214973126d05910ec9c
cytidine,direct_neighbor_ridge,lung,1,1,176,129.83630122533236,128.82039392111292,cf9883e99ee1b956d01c2cb42a4d284b982ce23065d3616a5e1cced359e41fb5
cytidine,direct_neighbor_ridge,autonomic_ganglia,1,2,16,44.692345720694135,44.26663567169584,db1ab3680dcfc2deb10e2511ec28b70b27966d5a436d724be48267bcbf200acf
cytidine,direct_neighbor_ridge,haematopoietic_and_lymphoid_tissue,1,2,163,419.20953622249203,440.6086978743965,db1ab3680dcfc2deb10e2511ec28b70b27966d5a436d724be48267bcbf200acf
cytidine,direct_neighbor_ridge,large_intestine,1,3,55,53.085415403321996,60.725711782105144,659dce4f66bf4ee0228513d024a4e287e9f1aa3957152332b1483ab0af67cb42
cytidine,direct_neighbor_ridge,oesophagus,1,3,25,24.575547786920374,27.704363915223354,659dce4f66bf4ee0228513d024a4e287e9f1aa3957152332b1483ab0af67cb42
cytidine,direct_neighbor_ridge,pancreas,1,3,41,39.79634014109556,40.23293126871523,659dce4f66bf4ee0228513d024a4e287e9f1aa3957152332b1483ab0af67cb42
cytidine,direct_neighbor_ridge,soft_tissue,1,3,18,16.590617632204072,15.936059202008233,659dce4f66bf4ee0228513d024a4e287e9f1aa3957152332b1483ab0af67cb42
cytidine,direct_neighbor_ridge,stomach,1,3,37,31.047044611652513,31.79442764399004,659dce4f66bf4ee0228513d024a4e287e9f1aa3957152332b1483ab0af67cb42
cytidine,direct_neighbor_ridge,breast,1,4,49,51.34784226958897,45.34669298209357,9492e163b6ef19b0563b1ce8302b8e8794e2e4c9c8031c62ff9774a3f63f6f58
cytidine,direct_neighbor_ridge,central_nervous_system,1,4,49,19.64758063372304,22.270222452538743,9492e163b6ef19b0563b1ce8302b8e8794e2e4c9c8031c62ff9774a3f63f6f58
cytidine,direct_neighbor_ridge,endometrium,1,4,28,18.047042135195177,19.391082464139533,9492e163b6ef19b0563b1ce8302b8e8794e2e4c9c8031c62ff9774a3f63f6f58
cytidine,direct_neighbor_ridge,kidney,1,4,23,12.963079004052235,11.605984244282299,9492e163b6ef19b0563b1ce8302b8e8794e2e4c9c8031c62ff9774a3f63f6f58
cytidine,direct_neighbor_ridge,liver,1,4,25,18.907203963431023,18.602150786983284,9492e163b6ef19b0563b1ce8302b8e8794e2e4c9c8031c62ff9774a3f63f6f58
dimethylglycine,direct_neighbor_ridge,autonomic_ganglia,0,0,16,6.756059564012684,14.18789111718186,db1ab3680dcfc2deb10e2511ec28b70b27966d5a436d724be48267bcbf200acf
dimethylglycine,direct_neighbor_ridge,haematopoietic_and_lymphoid_tissue,0,0,163,151.5415873280627,364.2018681420492,db1ab3680dcfc2deb10e2511ec28b70b27966d5a436d724be48267bcbf200acf
dimethylglycine,direct_neighbor_ridge,bone,0,1,19,8.214372515918798,12.447158466530382,32d2e2f547f707a9f12d899e65a934275c9f49020e10d214973126d05910ec9c
dimethylglycine,direct_neighbor_ridge,ovary,0,1,45,31.306100684549264,44.28645020680482,32d2e2f547f707a9f12d899e65a934275c9f49020e10d214973126d05910ec9c
dimethylglycine,direct_neighbor_ridge,skin,0,1,52,21.487321119377363,18.626282904052868,32d2e2f547f707a9f12d899e65a934275c9f49020e10d214973126d05910ec9c
dimethylglycine,direct_neighbor_ridge,upper_aerodigestive_tract,0,1,30,7.865748475877921,14.771378934202376,32d2e2f547f707a9f12d899e65a934275c9f49020e10d214973126d05910ec9c
dimethylglycine,direct_neighbor_ridge,urinary_tract,0,1,25,12.104126611431296,7.285483580317817,32d2e2f547f707a9f12d899e65a934275c9f49020e10d214973126d05910ec9c
dimethylglycine,direct_neighbor_ridge,large_intestine,0,2,55,29.784715632034427,45.938454149169814,659dce4f66bf4ee0228513d024a4e287e9f1aa3957152332b1483ab0af67cb42
dimethylglycine,direct_neighbor_ridge,oesophagus,0,2,25,13.95363468412581,10.813341644091352,659dce4f66bf4ee0228513d024a4e287e9f1aa3957152332b1483ab0af67cb42
dimethylglycine,direct_neighbor_ridge,pancreas,0,2,41,17.75471228355901,35.638788194866166,659dce4f66bf4ee0228513d024a4e287e9f1aa3957152332b1483ab0af67cb42
dimethylglycine,direct_neighbor_ridge,soft_tissue,0,2,18,20.377976193518517,15.081515078332563,659dce4f66bf4ee0228513d024a4e287e9f1aa3957152332b1483ab0af67cb42
dimethylglycine,direct_neighbor_ridge,stomach,0,2,37,22.94892444833528,37.38725560227037,659dce4f66bf4ee0228513d024a4e287e9f1aa3957152332b1483ab0af67cb42
dimethylglycine,direct_neighbor_ridge,breast,0,3,49,30.732825032609473,53.23604681669628,9492e163b6ef19b0563b1ce8302b8e8794e2e4c9c8031c62ff9774a3f63f6f58
dimethylglycine,direct_neighbor_ridge,central_nervous_system,0,3,49,30.52456287422643,48.21498979832058,9492e163b6ef19b0563b1ce8302b8e8794e2e4c9c8031c62ff9774a3f63f6f58
dimethylglycine,direct_neighbor_ridge,endometrium,0,3,28,13.703886503124298,24.31957434898333,9492e163b6ef19b0563b1ce8302b8e8794e2e4c9c8031c62ff9774a3f63f6f58
dimethylglycine,direct_neighbor_ridge,kidney,0,3,23,8.380565248337387,13.653902375490318,9492e163b6ef19b0563b1ce8302b8e8794e2e4c9c8031c62ff9774a3f63f6f58
dimethylglycine,direct_neighbor_ridge,liver,0,3,25,15.180383844287691,27.67200706385888,9492e163b6ef19b0563b1ce8302b8e8794e2e4c9c8031c62ff9774a3f63f6f58
dimethylglycine,direct_neighbor_ridge,lung,0,4,176,133.14841836901064,211.9305574295125,cf9883e99ee1b956d01c2cb42a4d284b982ce23065d3616a5e1cced359e41fb5
dimethylglycine,direct_neighbor_ridge,bone,1,0,19,8.214372515918798,12.447158466530382,32d2e2f547f707a9f12d899e65a934275c9f49020e10d214973126d05910ec9c
dimethylglycine,direct_neighbor_ridge,ovary,1,0,45,31.306100684549264,44.28645020680482,32d2e2f547f707a9f12d899e65a934275c9f49020e10d214973126d05910ec9c
dimethylglycine,direct_neighbor_ridge,skin,1,0,52,21.487321119377363,18.626282904052868,32d2e2f547f707a9f12d899e65a934275c9f49020e10d214973126d05910ec9c
dimethylglycine,direct_neighbor_ridge,upper_aerodigestive_tract,1,0,30,7.865748475877921,14.771378934202376,32d2e2f547f707a9f12d899e65a934275c9f49020e10d214973126d05910ec9c
dimethylglycine,direct_neighbor_ridge,urinary_tract,1,0,25,12.104126611431296,7.285483580317817,32d2e2f547f707a9f12d899e65a934275c9f49020e10d214973126d05910ec9c
dimethylglycine,direct_neighbor_ridge,lung,1,1,176,133.14841836901064,211.9305574295125,cf9883e99ee1b956d01c2cb42a4d284b982ce23065d3616a5e1cced359e41fb5
dimethylglycine,direct_neighbor_ridge,autonomic_ganglia,1,2,16,6.756059564012684,14.18789111718186,db1ab3680dcfc2deb10e2511ec28b70b27966d5a436d724be48267bcbf200acf
dimethylglycine,direct_neighbor_ridge,haematopoietic_and_lymphoid_tissue,1,2,163,151.5415873280627,364.2018681420492,db1ab3680dcfc2deb10e2511ec28b70b27966d5a436d724be48267bcbf200acf
dimethylglycine,direct_neighbor_ridge,large_intestine,1,3,55,29.784715632034427,45.938454149169814,659dce4f66bf4ee0228513d024a4e287e9f1aa3957152332b1483ab0af67cb42
dimethylglycine,direct_neighbor_ridge,oesophagus,1,3,25,13.95363468412581,10.813341644091352,659dce4f66bf4ee0228513d024a4e287e9f1aa3957152332b1483ab0af67cb42
dimethylglycine,direct_neighbor_ridge,pancreas,1,3,41,17.75471228355901,35.638788194866166,659dce4f66bf4ee0228513d024a4e287e9f1aa3957152332b1483ab0af67cb42
dimethylglycine,direct_neighbor_ridge,soft_tissue,1,3,18,20.377976193518517,15.081515078332563,659dce4f66bf4ee0228513d024a4e287e9f1aa3957152332b1483ab0af67cb42
dimethylglycine,direct_neighbor_ridge,stomach,1,3,37,22.94892444833528,37.38725560227037,659dce4f66bf4ee0228513d024a4e287e9f1aa3957152332b1483ab0af67cb42
dimethylglycine,direct_neighbor_ridge,breast,1,4,49,30.732825032609473,53.23604681669628,9492e163b6ef19b0563b1ce8302b8e8794e2e4c9c8031c62ff9774a3f63f6f58
dimethylglycine,direct_neighbor_ridge,central_nervous_system,1,4,49,30.52456287422643,48.21498979832058,9492e163b6ef19b0563b1ce8302b8e8794e2e4c9c8031c62ff9774a3f63f6f58
dimethylglycine,direct_neighbor_ridge,endometrium,1,4,28,13.703886503124298,24.31957434898333,9492e163b6ef19b0563b1ce8302b8e8794e2e4c9c8031c62ff9774a3f63f6f58
dimethylglycine,direct_neighbor_ridge,kidney,1,4,23,8.380565248337387,13.653902375490318,9492e163b6ef19b0563b1ce8302b8e8794e2e4c9c8031c62ff9774a3f63f6f58
dimethylglycine,direct_neighbor_ridge,liver,1,4,25,15.180383844287691,27.67200706385888,9492e163b6ef19b0563b1ce8302b8e8794e2e4c9c8031c62ff9774a3f63f6f58
glucuronate,direct_neighbor_ridge,autonomic_ganglia,0,0,16,6.130302607327592,6.828466433852933,db1ab3680dcfc2deb10e2511ec28b70b27966d5a436d724be48267bcbf200acf
glucuronate,direct_neighbor_ridge,haematopoietic_and_lymphoid_tissue,0,0,163,491.0285308846638,525.998071474369,db1ab3680dcfc2deb10e2511ec28b70b27966d5a436d724be48267bcbf200acf
glucuronate,direct_neighbor_ridge,bone,0,1,19,9.720842352380021,9.82506552440301,32d2e2f547f707a9f12d899e65a934275c9f49020e10d214973126d05910ec9c
glucuronate,direct_neighbor_ridge,ovary,0,1,45,18.415207424954424,21.098023038180333,32d2e2f547f707a9f12d899e65a934275c9f49020e10d214973126d05910ec9c
glucuronate,direct_neighbor_ridge,skin,0,1,52,25.686446061711575,25.860512359695054,32d2e2f547f707a9f12d899e65a934275c9f49020e10d214973126d05910ec9c
glucuronate,direct_neighbor_ridge,upper_aerodigestive_tract,0,1,30,13.790292533779015,21.205203265176774,32d2e2f547f707a9f12d899e65a934275c9f49020e10d214973126d05910ec9c
glucuronate,direct_neighbor_ridge,urinary_tract,0,1,25,15.432584727998446,20.903138021521197,32d2e2f547f707a9f12d899e65a934275c9f49020e10d214973126d05910ec9c
glucuronate,direct_neighbor_ridge,large_intestine,0,2,55,31.359586289987604,28.454151983026623,659dce4f66bf4ee0228513d024a4e287e9f1aa3957152332b1483ab0af67cb42
glucuronate,direct_neighbor_ridge,oesophagus,0,2,25,10.772393826188832,12.567113890318588,659dce4f66bf4ee0228513d024a4e287e9f1aa3957152332b1483ab0af67cb42
glucuronate,direct_neighbor_ridge,pancreas,0,2,41,33.04316425559609,34.50411915597455,659dce4f66bf4ee0228513d024a4e287e9f1aa3957152332b1483ab0af67cb42
glucuronate,direct_neighbor_ridge,soft_tissue,0,2,18,6.506215499492764,10.607281726875682,659dce4f66bf4ee0228513d024a4e287e9f1aa3957152332b1483ab0af67cb42
glucuronate,direct_neighbor_ridge,stomach,0,2,37,21.273277364576302,24.88574101422555,659dce4f66bf4ee0228513d024a4e287e9f1aa3957152332b1483ab0af67cb42
glucuronate,direct_neighbor_ridge,breast,0,3,49,38.01660083729796,37.822538954555654,9492e163b6ef19b0563b1ce8302b8e8794e2e4c9c8031c62ff9774a3f63f6f58
glucuronate,direct_neighbor_ridge,central_nervous_system,0,3,49,30.495332221258575,39.33138377420948,9492e163b6ef19b0563b1ce8302b8e8794e2e4c9c8031c62ff9774a3f63f6f58
glucuronate,direct_neighbor_ridge,endometrium,0,3,28,18.527689144468827,20.179316242936036,9492e163b6ef19b0563b1ce8302b8e8794e2e4c9c8031c62ff9774a3f63f6f58
glucuronate,direct_neighbor_ridge,kidney,0,3,23,10.351539065529284,13.76941920623575,9492e163b6ef19b0563b1ce8302b8e8794e2e4c9c8031c62ff9774a3f63f6f58
glucuronate,direct_neighbor_ridge,liver,0,3,25,13.456967953061511,13.728820565671887,9492e163b6ef19b0563b1ce8302b8e8794e2e4c9c8031c62ff9774a3f63f6f58
glucuronate,direct_neighbor_ridge,lung,0,4,176,129.23548209624855,152.17508845246573,cf9883e99ee1b956d01c2cb42a4d284b982ce23065d3616a5e1cced359e41fb5
glucuronate,direct_neighbor_ridge,bone,1,0,19,9.720842352380021,9.82506552440301,32d2e2f547f707a9f12d899e65a934275c9f49020e10d214973126d05910ec9c
glucuronate,direct_neighbor_ridge,ovary,1,0,45,18.415207424954424,21.098023038180333,32d2e2f547f707a9f12d899e65a934275c9f49020e10d214973126d05910ec9c
glucuronate,direct_neighbor_ridge,skin,1,0,52,25.686446061711575,25.860512359695054,32d2e2f547f707a9f12d899e65a934275c9f49020e10d214973126d05910ec9c
glucuronate,direct_neighbor_ridge,upper_aerodigestive_tract,1,0,30,13.790292533779015,21.205203265176774,32d2e2f547f707a9f12d899e65a934275c9f49020e10d214973126d05910ec9c
glucuronate,direct_neighbor_ridge,urinary_tract,1,0,25,15.432584727998446,20.903138021521197,32d2e2f547f707a9f12d899e65a934275c9f49020e10d214973126d05910ec9c
glucuronate,direct_neighbor_ridge,lung,1,1,176,129.23548209624855,152.17508845246573,cf9883e99ee1b956d01c2cb42a4d284b982ce23065d3616a5e1cced359e41fb5
glucuronate,direct_neighbor_ridge,autonomic_ganglia,1,2,16,6.130302607327592,6.828466433852933,db1ab3680dcfc2deb10e2511ec28b70b27966d5a436d724be48267bcbf200acf
glucuronate,direct_neighbor_ridge,haematopoietic_and_lymphoid_tissue,1,2,163,491.0285308846638,525.998071474369,db1ab3680dcfc2deb10e2511ec28b70b27966d5a436d724be48267bcbf200acf
glucuronate,direct_neighbor_ridge,large_intestine,1,3,55,31.457346009870108,28.454151983026623,659dce4f66bf4ee0228513d024a4e287e9f1aa3957152332b1483ab0af67cb42
glucuronate,direct_neighbor_ridge,oesophagus,1,3,25,10.757220965024734,12.567113890318588,659dce4f66bf4ee0228513d024a4e287e9f1aa3957152332b1483ab0af67cb42
glucuronate,direct_neighbor_ridge,pancreas,1,3,41,33.06662076086295,34.50411915597455,659dce4f66bf4ee0228513d024a4e287e9f1aa3957152332b1483ab0af67cb42
glucuronate,direct_neighbor_ridge,soft_tissue,1,3,18,6.470592100161777,10.607281726875682,659dce4f66bf4ee0228513d024a4e287e9f1aa3957152332b1483ab0af67cb42
glucuronate,direct_neighbor_ridge,stomach,1,3,37,21.2640219332073,24.88574101422555,659dce4f66bf4ee0228513d024a4e287e9f1aa3957152332b1483ab0af67cb42
glucuronate,direct_neighbor_ridge,breast,1,4,49,38.01660083729796,37.822538954555654,9492e163b6ef19b0563b1ce8302b8e8794e2e4c9c8031c62ff9774a3f63f6f58
glucuronate,direct_neighbor_ridge,central_nervous_system,1,4,49,30.495332221258575,39.33138377420948,9492e163b6ef19b0563b1ce8302b8e8794e2e4c9c8031c62ff9774a3f63f6f58
glucuronate,direct_neighbor_ridge,endometrium,1,4,28,18.527689144468827,20.179316242936036,9492e163b6ef19b0563b1ce8302b8e8794e2e4c9c8031c62ff9774a3f63f6f58
glucuronate,direct_neighbor_ridge,kidney,1,4,23,10.351539065529284,13.76941920623575,9492e163b6ef19b0563b1ce8302b8e8794e2e4c9c8031c62ff9774a3f63f6f58
glucuronate,direct_neighbor_ridge,liver,1,4,25,13.456967953061511,13.728820565671887,9492e163b6ef19b0563b1ce8302b8e8794e2e4c9c8031c62ff9774a3f63f6f58
glutamate,direct_neighbor_ridge,autonomic_ganglia,0,0,16,9.22805609850244,8.942390323417182,db1ab3680dcfc2deb10e2511ec28b70b27966d5a436d724be48267bcbf200acf
glutamate,direct_neighbor_ridge,haematopoietic_and_lymphoid_tissue,0,0,163,220.7066616124604,230.32044558221963,db1ab3680dcfc2deb10e2511ec28b70b27966d5a436d724be48267bcbf200acf
glutamate,direct_neighbor_ridge,bone,0,1,19,16.089284279152025,15.344107861396134,32d2e2f547f707a9f12d899e65a934275c9f49020e10d214973126d05910ec9c
glutamate,direct_neighbor_ridge,ovary,0,1,45,29.017349291062327,26.883472169715642,32d2e2f547f707a9f12d899e65a934275c9f49020e10d214973126d05910ec9c
glutamate,direct_neighbor_ridge,skin,0,1,52,28.716183435462952,32.866303903699674,32d2e2f547f707a9f12d899e65a934275c9f49020e10d214973126d05910ec9c
glutamate,direct_neighbor_ridge,upper_aerodigestive_tract,0,1,30,17.31357552028875,14.4292912703579,32d2e2f547f707a9f12d899e65a934275c9f49020e10d214973126d05910ec9c
glutamate,direct_neighbor_ridge,urinary_tract,0,1,25,24.65960359101221,21.999014928587588,32d2e2f547f707a9f12d899e65a934275c9f49020e10d214973126d05910ec9c
glutamate,direct_neighbor_ridge,large_intestine,0,2,55,68.29999173029744,72.80719067430682,659dce4f66bf4ee0228513d024a4e287e9f1aa3957152332b1483ab0af67cb42
glutamate,direct_neighbor_ridge,oesophagus,0,2,25,8.279463779727472,6.289209639648834,659dce4f66bf4ee0228513d024a4e287e9f1aa3957152332b1483ab0af67cb42
glutamate,direct_neighbor_ridge,pancreas,0,2,41,21.415473399648164,24.54545854098612,659dce4f66bf4ee0228513d024a4e287e9f1aa3957152332b1483ab0af67cb42
glutamate,direct_neighbor_ridge,soft_tissue,0,2,18,8.721683797041592,9.027682630137301,659dce4f66bf4ee0228513d024a4e287e9f1aa3957152332b1483ab0af67cb42
glutamate,direct_neighbor_ridge,stomach,0,2,37,47.33929115917588,39.466339241100826,659dce4f66bf4ee0228513d024a4e287e9f1aa3957152332b1483ab0af67cb42
glutamate,direct_neighbor_ridge,breast,0,3,49,137.14744413685244,148.61726919336922,9492e163b6ef19b0563b1ce8302b8e8794e2e4c9c8031c62ff9774a3f63f6f58
glutamate,direct_neighbor_ridge,central_nervous_system,0,3,49,49.40473699872618,59.95848511166163,9492e163b6ef19b0563b1ce8302b8e8794e2e4c9c8031c62ff9774a3f63f6f58
glutamate,direct_neighbor_ridge,endometrium,0,3,28,20.203354055200492,21.50085310037275,9492e163b6ef19b0563b1ce8302b8e8794e2e4c9c8031c62ff9774a3f63f6f58
glutamate,direct_neighbor_ridge,kidney,0,3,23,26.791431210277608,26.377453296185802,9492e163b6ef19b0563b1ce8302b8e8794e2e4c9c8031c62ff9774a3f63f6f58
glutamate,direct_neighbor_ridge,liver,0,3,25,54.224473419062605,63.88129611603827,9492e163b6ef19b0563b1ce8302b8e8794e2e4c9c8031c62ff9774a3f63f6f58
glutamate,direct_neighbor_ridge,lung,0,4,176,121.90173652433873,123.89126694864252,cf9883e99ee1b956d01c2cb42a4d284b982ce23065d3616a5e1cced359e41fb5
glutamate,direct_neighbor_ridge,bone,1,0,19,16.089284279152025,15.344107861396134,32d2e2f547f707a9f12d899e65a934275c9f49020e10d214973126d05910ec9c
glutamate,direct_neighbor_ridge,ovary,1,0,45,29.017349291062327,26.883472169715642,32d2e2f547f707a9f12d899e65a934275c9f49020e10d214973126d05910ec9c
glutamate,direct_neighbor_ridge,skin,1,0,52,28.716183435462952,32.866303903699674,32d2e2f547f707a9f12d899e65a934275c9f49020e10d214973126d05910ec9c
glutamate,direct_neighbor_ridge,upper_aerodigestive_tract,1,0,30,17.31357552028875,14.4292912703579,32d2e2f547f707a9f12d899e65a934275c9f49020e10d214973126d05910ec9c
glutamate,direct_neighbor_ridge,urinary_tract,1,0,25,24.65960359101221,21.999014928587588,32d2e2f547f707a9f12d899e65a934275c9f49020e10d214973126d05910ec9c
glutamate,direct_neighbor_ridge,lung,1,1,176,117.17982603608124,123.89126694864252,cf9883e99ee1b956d01c2cb42a4d284b982ce23065d3616a5e1cced359e41fb5
glutamate,direct_neighbor_ridge,autonomic_ganglia,1,2,16,9.22805609850244,8.942390323417182,db1ab3680dcfc2deb10e2511ec28b70b27966d5a436d724be48267bcbf200acf
glutamate,direct_neighbor_ridge,haematopoietic_and_lymphoid_tissue,1,2,163,220.7066616124604,230.32044558221963,db1ab3680dcfc2deb10e2511ec28b70b27966d5a436d724be48267bcbf200acf
glutamate,direct_neighbor_ridge,large_intestine,1,3,55,68.29999173029744,72.80719067430682,659dce4f66bf4ee0228513d024a4e287e9f1aa3957152332b1483ab0af67cb42
glutamate,direct_neighbor_ridge,oesophagus,1,3,25,8.279463779727472,6.289209639648834,659dce4f66bf4ee0228513d024a4e287e9f1aa3957152332b1483ab0af67cb42
glutamate,direct_neighbor_ridge,pancreas,1,3,41,21.415473399648164,24.54545854098612,659dce4f66bf4ee0228513d024a4e287e9f1aa3957152332b1483ab0af67cb42
glutamate,direct_neighbor_ridge,soft_tissue,1,3,18,8.721683797041592,9.027682630137301,659dce4f66bf4ee0228513d024a4e287e9f1aa3957152332b1483ab0af67cb42
glutamate,direct_neighbor_ridge,stomach,1,3,37,47.33929115917588,39.466339241100826,659dce4f66bf4ee0228513d024a4e287e9f1aa3957152332b1483ab0af67cb42
glutamate,direct_neighbor_ridge,breast,1,4,49,137.14744413685244,148.61726919336922,9492e163b6ef19b0563b1ce8302b8e8794e2e4c9c8031c62ff9774a3f63f6f58
glutamate,direct_neighbor_ridge,central_nervous_system,1,4,49,49.40473699872618,59.95848511166163,9492e163b6ef19b0563b1ce8302b8e8794e2e4c9c8031c62ff9774a3f63f6f58
glutamate,direct_neighbor_ridge,endometrium,1,4,28,20.203354055200492,21.50085310037275,9492e163b6ef19b0563b1ce8302b8e8794e2e4c9c8031c62ff9774a3f63f6f58
glutamate,direct_neighbor_ridge,kidney,1,4,23,26.791431210277608,26.377453296185802,9492e163b6ef19b0563b1ce8302b8e8794e2e4c9c8031c62ff9774a3f63f6f58
glutamate,direct_neighbor_ridge,liver,1,4,25,54.224473419062605,63.88129611603827,9492e163b6ef19b0563b1ce8302b8e8794e2e4c9c8031c62ff9774a3f63f6f58
glutamine,direct_neighbor_ridge,autonomic_ganglia,0,0,16,8.265858427605078,8.869048467974174,db1ab3680dcfc2deb10e2511ec28b70b27966d5a436d724be48267bcbf200acf
glutamine,direct_neighbor_ridge,haematopoietic_and_lymphoid_tissue,0,0,163,157.13504539520278,216.0962377051654,db1ab3680dcfc2deb10e2511ec28b70b27966d5a436d724be48267bcbf200acf
glutamine,direct_neighbor_ridge,bone,0,1,19,15.445600835787449,16.66273226904172,32d2e2f547f707a9f12d899e65a934275c9f49020e10d214973126d05910ec9c
glutamine,direct_neighbor_ridge,ovary,0,1,45,34.4831877385932,38.883170288916055,32d2e2f547f707a9f12d899e65a934275c9f49020e10d214973126d05910ec9c
glutamine,direct_neighbor_ridge,skin,0,1,52,35.07737670482315,37.16120483395692,32d2e2f547f707a9f12d899e65a934275c9f49020e10d214973126d05910ec9c
glutamine,direct_neighbor_ridge,upper_aerodigestive_tract,0,1,30,19.62905432760968,23.886019433838257,32d2e2f547f707a9f12d899e65a934275c9f49020e10d214973126d05910ec9c
glutamine,direct_neighbor_ridge,urinary_tract,0,1,25,32.188182556113006,36.73673509582307,32d2e2f547f707a9f12d899e65a934275c9f49020e10d214973126d05910ec9c
glutamine,direct_neighbor_ridge,large_intestine,0,2,55,80.4565259368203,88.40901734383048,659dce4f66bf4ee0228513d024a4e287e9f1aa3957152332b1483ab0af67cb42
glutamine,direct_neighbor_ridge,oesophagus,0,2,25,5.107884566949001,5.1077462203693464,659dce4f66bf4ee0228513d024a4e287e9f1aa3957152332b1483ab0af67cb42
glutamine,direct_neighbor_ridge,pancreas,0,2,41,32.325551969763275,37.12045882885305,659dce4f66bf4ee0228513d024a4e287e9f1aa3957152332b1483ab0af67cb42
glutamine,direct_neighbor_ridge,soft_tissue,0,2,18,12.194102172965021,12.493243753422067,659dce4f66bf4ee0228513d024a4e287e9f1aa3957152332b1483ab0af67cb42
glutamine,direct_neighbor_ridge,stomach,0,2,37,43.71343127290529,53.465176548845626,659dce4f66bf4ee0228513d024a4e287e9f1aa3957152332b1483ab0af67cb42
glutamine,direct_neighbor_ridge,breast,0,3,49,21.016417293444032,30.26142810311018,9492e163b6ef19b0563b1ce8302b8e8794e2e4c9c8031c62ff9774a3f63f6f58
glutamine,direct_neighbor_ridge,central_nervous_system,0,3,49,46.65984267581609,49.31113417035929,9492e163b6ef19b0563b1ce8302b8e8794e2e4c9c8031c62ff9774a3f63f6f58
glutamine,direct_neighbor_ridge,endometrium,0,3,28,37.93771634195218,32.50097741482977,9492e163b6ef19b0563b1ce8302b8e8794e2e4c9c8031c62ff9774a3f63f6f58
glutamine,direct_neighbor_ridge,kidney,0,3,23,26.10436716855759,23.82651742928669,9492e163b6ef19b0563b1ce8302b8e8794e2e4c9c8031c62ff9774a3f63f6f58
glutamine,direct_neighbor_ridge,liver,0,3,25,52.18757687802818,46.96335393277766,9492e163b6ef19b0563b1ce8302b8e8794e2e4c9c8031c62ff9774a3f63f6f58
glutamine,direct_neighbor_ridge,lung,0,4,176,132.28287157993668,138.36471653147734,cf9883e99ee1b956d01c2cb42a4d284b982ce23065d3616a5e1cced359e41fb5
glutamine,direct_neighbor_ridge,bone,1,0,19,15.445600835787449,16.66273226904172,32d2e2f547f707a9f12d899e65a934275c9f49020e10d214973126d05910ec9c
glutamine,direct_neighbor_ridge,ovary,1,0,45,34.4831877385932,38.883170288916055,32d2e2f547f707a9f12d899e65a934275c9f49020e10d214973126d05910ec9c
glutamine,direct_neighbor_ridge,skin,1,0,52,35.07737670482315,37.16120483395692,32d2e2f547f707a9f12d899e65a934275c9f49020e10d214973126d05910ec9c
glutamine,direct_neighbor_ridge,upper_aerodigestive_tract,1,0,30,19.62905432760968,23.886019433838257,32d2e2f547f707a9f12d899e65a934275c9f49020e10d214973126d05910ec9c
glutamine,direct_neighbor_ridge,urinary_tract,1,0,25,32.188182556113006,36.73673509582307,32d2e2f547f707a9f12d899e65a934275c9f49020e10d214973126d05910ec9c
glutamine,direct_neighbor_ridge,lung,1,1,176,133.2072407500701,138.36471653147734,cf9883e99ee1b956d01c2cb42a4d284b982ce23065d3616a5e1cced359e41fb5
glutamine,direct_neighbor_ridge,autonomic_ganglia,1,2,16,8.265858427605078,8.869048467974174,db1ab3680dcfc2deb10e2511ec28b70b27966d5a436d724be48267bcbf200acf
glutamine,direct_neighbor_ridge,haematopoietic_and_lymphoid_tissue,1,2,163,157.13504539520278,216.0962377051654,db1ab3680dcfc2deb10e2511ec28b70b27966d5a436d724be48267bcbf200acf
glutamine,direct_neighbor_ridge,large_intestine,1,3,55,80.6330722410384,88.40901734383048,659dce4f66bf4ee0228513d024a4e287e9f1aa3957152332b1483ab0af67cb42
glutamine,direct_neighbor_ridge,oesophagus,1,3,25,5.094494043899418,5.1077462203693464,659dce4f66bf4ee0228513d024a4e287e9f1aa3957152332b1483ab0af67cb42
glutamine,direct_neighbor_ridge,pancreas,1,3,41,32.59289518022426,37.12045882885305,659dce4f66bf4ee0228513d024a4e287e9f1aa3957152332b1483ab0af67cb42
glutamine,direct_neighbor_ridge,soft_tissue,1,3,18,12.073748927833917,12.493243753422067,659dce4f66bf4ee0228513d024a4e287e9f1aa3957152332b1483ab0af67cb42
glutamine,direct_neighbor_ridge,stomach,1,3,37,44.37225119147438,53.465176548845626,659dce4f66bf4ee0228513d024a4e287e9f1aa3957152332b1483ab0af67cb42
glutamine,direct_neighbor_ridge,breast,1,4,49,21.016417293444032,30.26142810311018,9492e163b6ef19b0563b1ce8302b8e8794e2e4c9c8031c62ff9774a3f63f6f58
glutamine,direct_neighbor_ridge,central_nervous_system,1,4,49,46.65984267581609,49.31113417035929,9492e163b6ef19b0563b1ce8302b8e8794e2e4c9c8031c62ff9774a3f63f6f58
glutamine,direct_neighbor_ridge,endometrium,1,4,28,37.93771634195218,32.50097741482977,9492e163b6ef19b0563b1ce8302b8e8794e2e4c9c8031c62ff9774a3f63f6f58
glutamine,direct_neighbor_ridge,kidney,1,4,23,26.10436716855759,23.82651742928669,9492e163b6ef19b0563b1ce8302b8e8794e2e4c9c8031c62ff9774a3f63f6f58
glutamine,direct_neighbor_ridge,liver,1,4,25,52.18757687802818,46.96335393277766,9492e163b6ef19b0563b1ce8302b8e8794e2e4c9c8031c62ff9774a3f63f6f58
glycine,direct_neighbor_ridge,autonomic_ganglia,0,0,16,6.071806328134128,5.643099987690923,db1ab3680dcfc2deb10e2511ec28b70b27966d5a436d724be48267bcbf200acf
glycine,direct_neighbor_ridge,haematopoietic_and_lymphoid_tissue,0,0,163,136.64786684191986,94.55203935189977,db1ab3680dcfc2deb10e2511ec28b70b27966d5a436d724be48267bcbf200acf
glycine,direct_neighbor_ridge,bone,0,1,19,45.48118625450124,51.02579607966299,32d2e2f547f707a9f12d899e65a934275c9f49020e10d214973126d05910ec9c
glycine,direct_neighbor_ridge,ovary,0,1,45,25.385546550515937,30.26881900784008,32d2e2f547f707a9f12d899e65a934275c9f49020e10d214973126d05910ec9c
glycine,direct_neighbor_ridge,skin,0,1,52,44.675141165954365,46.890332640009966,32d2e2f547f707a9f12d899e65a934275c9f49020e10d214973126d05910ec9c
glycine,direct_neighbor_ridge,upper_aerodigestive_tract,0,1,30,15.509012393233967,23.334706348745186,32d2e2f547f707a9f12d899e65a934275c9f49020e10d214973126d05910ec9c
glycine,direct_neighbor_ridge,urinary_tract,0,1,25,34.52599580820253,46.84420099990984,32d2e2f547f707a9f12d899e65a934275c9f49020e10d214973126d05910ec9c
glycine,direct_neighbor_ridge,large_intestine,0,2,55,71.73322781269681,86.82333592942356,659dce4f66bf4ee0228513d024a4e287e9f1aa3957152332b1483ab0af67cb42
glycine,direct_neighbor_ridge,oesophagus,0,2,25,23.586317421144372,27.17768134293797,659dce4f66bf4ee0228513d024a4e287e9f1aa3957152332b1483ab0af67cb42
glycine,direct_neighbor_ridge,pancreas,0,2,41,31.334501339082077,35.82786460326161,659dce4f66bf4ee0228513d024a4e287e9f1aa3957152332b1483ab0af67cb42
glycine,direct_neighbor_ridge,soft_tissue,0,2,18,25.89390724091153,31.519252257037667,659dce4f66bf4ee0228513d024a4e287e9f1aa3957152332b1483ab0af67cb42
glycine,direct_neighbor_ridge,stomach,0,2,37,31.081901053864364,34.67093085037501,659dce4f66bf4ee0228513d024a4e287e9f1aa3957152332b1483ab0af67cb42
glycine,direct_neighbor_ridge,breast,0,3,49,23.38259312705892,26.549249137418087,9492e163b6ef19b0563b1ce8302b8e8794e2e4c9c8031c62ff9774a3f63f6f58
glycine,direct_neighbor_ridge,central_nervous_system,0,3,49,72.84702285629602,60.266685849474754,9492e163b6ef19b0563b1ce8302b8e8794e2e4c9c8031c62ff9774a3f63f6f58
glycine,direct_neighbor_ridge,endometrium,0,3,28,46.5752027011555,55.12089885090958,9492e163b6ef19b0563b1ce8302b8e8794e2e4c9c8031c62ff9774a3f63f6f58
glycine,direct_neighbor_ridge,kidney,0,3,23,41.56907549152754,32.787963652348274,9492e163b6ef19b0563b1ce8302b8e8794e2e4c9c8031c62ff9774a3f63f6f58
glycine,direct_neighbor_ridge,liver,0,3,25,41.09659162889787,55.73188107846979,9492e163b6ef19b0563b1ce8302b8e8794e2e4c9c8031c62ff9774a3f63f6f58
glycine,direct_neighbor_ridge,lung,0,4,176,124.72642341893669,154.22044268912924,cf9883e99ee1b956d01c2cb42a4d284b982ce23065d3616a5e1cced359e41fb5
glycine,direct_neighbor_ridge,bone,1,0,19,45.48118625450124,51.02579607966299,32d2e2f547f707a9f12d899e65a934275c9f49020e10d214973126d05910ec9c
glycine,direct_neighbor_ridge,ovary,1,0,45,25.385546550515937,30.26881900784008,32d2e2f547f707a9f12d899e65a934275c9f49020e10d214973126d05910ec9c
glycine,direct_neighbor_ridge,skin,1,0,52,44.675141165954365,46.890332640009966,32d2e2f547f707a9f12d899e65a934275c9f49020e10d214973126d05910ec9c
glycine,direct_neighbor_ridge,upper_aerodigestive_tract,1,0,30,15.509012393233967,23.334706348745186,32d2e2f547f707a9f12d899e65a934275c9f49020e10d214973126d05910ec9c
glycine,direct_neighbor_ridge,urinary_tract,1,0,25,34.52599580820253,46.84420099990984,32d2e2f547f707a9f12d899e65a934275c9f49020e10d214973126d05910ec9c
glycine,direct_neighbor_ridge,lung,1,1,176,124.72642341893669,154.22044268912924,cf9883e99ee1b956d01c2cb42a4d284b982ce23065d3616a5e1cced359e41fb5
glycine,direct_neighbor_ridge,autonomic_ganglia,1,2,16,6.071806328134128,5.643099987690923,db1ab3680dcfc2deb10e2511ec28b70b27966d5a436d724be48267bcbf200acf
glycine,direct_neighbor_ridge,haematopoietic_and_lymphoid_tissue,1,2,163,136.64786684191986,94.55203935189977,db1ab3680dcfc2deb10e2511ec28b70b27966d5a436d724be48267bcbf200acf
glycine,direct_neighbor_ridge,large_intestine,1,3,55,71.73322781269681,86.82333592942356,659dce4f66bf4ee0228513d024a4e287e9f1aa3957152332b1483ab0af67cb42
glycine,direct_neighbor_ridge,oesophagus,1,3,25,23.586317421144372,27.17768134293797,659dce4f66bf4ee0228513d024a4e287e9f1aa3957152332b1483ab0af67cb42
glycine,direct_neighbor_ridge,pancreas,1,3,41,31.334501339082077,35.82786460326161,659dce4f66bf4ee0228513d024a4e287e9f1aa3957152332b1483ab0af67cb42
glycine,direct_neighbor_ridge,soft_tissue,1,3,18,25.89390724091153,31.519252257037667,659dce4f66bf4ee0228513d024a4e287e9f1aa3957152332b1483ab0af67cb42
glycine,direct_neighbor_ridge,stomach,1,3,37,31.081901053864364,34.67093085037501,659dce4f66bf4ee0228513d024a4e287e9f1aa3957152332b1483ab0af67cb42
glycine,direct_neighbor_ridge,breast,1,4,49,23.38526659367328,26.549249137418087,9492e163b6ef19b0563b1ce8302b8e8794e2e4c9c8031c62ff9774a3f63f6f58
glycine,direct_neighbor_ridge,central_nervous_system,1,4,49,72.88733810162915,60.266685849474754,9492e163b6ef19b0563b1ce8302b8e8794e2e4c9c8031c62ff9774a3f63f6f58
glycine,direct_neighbor_ridge,endometrium,1,4,28,46.544482042514176,55.12089885090958,9492e163b6ef19b0563b1ce8302b8e8794e2e4c9c8031c62ff9774a3f63f6f58
glycine,direct_neighbor_ridge,kidney,1,4,23,41.58803823005974,32.787963652348274,9492e163b6ef19b0563b1ce8302b8e8794e2e4c9c8031c62ff9774a3f63f6f58
glycine,direct_neighbor_ridge,liver,1,4,25,41.07963472584963,55.73188107846979,9492e163b6ef19b0563b1ce8302b8e8794e2e4c9c8031c62ff9774a3f63f6f58
guanosine,direct_neighbor_ridge,autonomic_ganglia,0,0,16,26.199508152144116,26.112011277339,db1ab3680dcfc2deb10e2511ec28b70b27966d5a436d724be48267bcbf200acf
guanosine,direct_neighbor_ridge,haematopoietic_and_lymphoid_tissue,0,0,163,116.60594338810375,117.25754386444406,db1ab3680dcfc2deb10e2511ec28b70b27966d5a436d724be48267bcbf200acf
guanosine,direct_neighbor_ridge,bone,0,1,19,27.533474583656105,27.680141093285116,32d2e2f547f707a9f12d899e65a934275c9f49020e10d214973126d05910ec9c
guanosine,direct_neighbor_ridge,ovary,0,1,45,35.74965748596126,35.91574501899338,32d2e2f547f707a9f12d899e65a934275c9f49020e10d214973126d05910ec9c
guanosine,direct_neighbor_ridge,skin,0,1,52,101.59068387388247,102.07696259998039,32d2e2f547f707a9f12d899e65a934275c9f49020e10d214973126d05910ec9c
guanosine,direct_neighbor_ridge,upper_aerodigestive_tract,0,1,30,14.870363908409383,14.797382501537783,32d2e2f547f707a9f12d899e65a934275c9f49020e10d214973126d05910ec9c
guanosine,direct_neighbor_ridge,urinary_tract,0,1,25,21.84881379639768,21.849426149858342,32d2e2f547f707a9f12d899e65a934275c9f49020e10d214973126d05910ec9c
guanosine,direct_neighbor_ridge,large_intestine,0,2,55,67.07957664556677,65.79174279684685,659dce4f66bf4ee0228513d024a4e287e9f1aa3957152332b1483ab0af67cb42
guanosine,direct_neighbor_ridge,oesophagus,0,2,25,36.674405804022555,33.286326391814534,659dce4f66bf4ee0228513d024a4e287e9f1aa3957152332b1483ab0af67cb42
guanosine,direct_neighbor_ridge,pancreas,0,2,41,27.323189147298887,28.071289541567502,659dce4f66bf4ee0228513d024a4e287e9f1aa3957152332b1483ab0af67cb42
guanosine,direct_neighbor_ridge,soft_tissue,0,2,18,19.74137431673607,19.75563379077228,659dce4f66bf4ee0228513d024a4e287e9f1aa3957152332b1483ab0af67cb42
guanosine,direct_neighbor_ridge,stomach,0,2,37,47.54347595697546,44.58282155743533,659dce4f66bf4ee0228513d024a4e287e9f1aa3957152332b1483ab0af67cb42
guanosine,direct_neighbor_ridge,breast,0,3,49,41.36060153898743,41.373998255673136,9492e163b6ef19b0563b1ce8302b8e8794e2e4c9c8031c62ff9774a3f63f6f58
guanosine,direct_neighbor_ridge,central_nervous_system,0,3,49,80.37232245792735,81.21604267316265,9492e163b6ef19b0563b1ce8302b8e8794e2e4c9c8031c62ff9774a3f63f6f58
guanosine,direct_neighbor_ridge,endometrium,0,3,28,30.248843812837112,29.626039272118792,9492e163b6ef19b0563b1ce8302b8e8794e2e4c9c8031c62ff9774a3f63f6f58
guanosine,direct_neighbor_ridge,kidney,0,3,23,19.63082339568958,19.89822139145908,9492e163b6ef19b0563b1ce8302b8e8794e2e4c9c8031c62ff9774a3f63f6f58
guanosine,direct_neighbor_ridge,liver,0,3,25,24.19111457449909,24.114501106742317,9492e163b6ef19b0563b1ce8302b8e8794e2e4c9c8031c62ff9774a3f63f6f58
guanosine,direct_neighbor_ridge,lung,0,4,176,172.09260383825918,171.39072136160925,cf9883e99ee1b956d01c2cb42a4d284b982ce23065d3616a5e1cced359e41fb5
guanosine,direct_neighbor_ridge,bone,1,0,19,27.533474583656105,27.680141093285116,32d2e2f547f707a9f12d899e65a934275c9f49020e10d214973126d05910ec9c
guanosine,direct_neighbor_ridge,ovary,1,0,45,35.74965748596126,35.91574501899338,32d2e2f547f707a9f12d899e65a934275c9f49020e10d214973126d05910ec9c
guanosine,direct_neighbor_ridge,skin,1,0,52,101.59068387388247,102.07696259998039,32d2e2f547f707a9f12d899e65a934275c9f49020e10d214973126d05910ec9c
guanosine,direct_neighbor_ridge,upper_aerodigestive_tract,1,0,30,14.870363908409383,14.797382501537783,32d2e2f547f707a9f12d899e65a934275c9f49020e10d214973126d05910ec9c
guanosine,direct_neighbor_ridge,urinary_tract,1,0,25,21.84881379639768,21.849426149858342,32d2e2f547f707a9f12d899e65a934275c9f49020e10d214973126d05910ec9c
guanosine,direct_neighbor_ridge,lung,1,1,176,172.09260383825918,171.39072136160925,cf9883e99ee1b956d01c2cb42a4d284b982ce23065d3616a5e1cced359e41fb5
guanosine,direct_neighbor_ridge,autonomic_ganglia,1,2,16,26.199508152144116,26.112011277339,db1ab3680dcfc2deb10e2511ec28b70b27966d5a436d724be48267bcbf200acf
guanosine,direct_neighbor_ridge,haematopoietic_and_lymphoid_tissue,1,2,163,116.60594338810375,117.25754386444406,db1ab3680dcfc2deb10e2511ec28b70b27966d5a436d724be48267bcbf200acf
guanosine,direct_neighbor_ridge,large_intestine,1,3,55,67.07957664556677,65.79174279684685,659dce4f66bf4ee0228513d024a4e287e9f1aa3957152332b1483ab0af67cb42
guanosine,direct_neighbor_ridge,oesophagus,1,3,25,36.674405804022555,33.286326391814534,659dce4f66bf4ee0228513d024a4e287e9f1aa3957152332b1483ab0af67cb42
guanosine,direct_neighbor_ridge,pancreas,1,3,41,27.323189147298887,28.071289541567502,659dce4f66bf4ee0228513d024a4e287e9f1aa3957152332b1483ab0af67cb42
guanosine,direct_neighbor_ridge,soft_tissue,1,3,18,19.74137431673607,19.75563379077228,659dce4f66bf4ee0228513d024a4e287e9f1aa3957152332b1483ab0af67cb42
guanosine,direct_neighbor_ridge,stomach,1,3,37,47.54347595697546,44.58282155743533,659dce4f66bf4ee0228513d024a4e287e9f1aa3957152332b1483ab0af67cb42
guanosine,direct_neighbor_ridge,breast,1,4,49,41.36060153898743,41.373998255673136,9492e163b6ef19b0563b1ce8302b8e8794e2e4c9c8031c62ff9774a3f63f6f58
guanosine,direct_neighbor_ridge,central_nervous_system,1,4,49,80.37232245792735,81.21604267316265,9492e163b6ef19b0563b1ce8302b8e8794e2e4c9c8031c62ff9774a3f63f6f58
guanosine,direct_neighbor_ridge,endometrium,1,4,28,30.248843812837112,29.626039272118792,9492e163b6ef19b0563b1ce8302b8e8794e2e4c9c8031c62ff9774a3f63f6f58
guanosine,direct_neighbor_ridge,kidney,1,4,23,19.63082339568958,19.89822139145908,9492e163b6ef19b0563b1ce8302b8e8794e2e4c9c8031c62ff9774a3f63f6f58
guanosine,direct_neighbor_ridge,liver,1,4,25,24.19111457449909,24.114501106742317,9492e163b6ef19b0563b1ce8302b8e8794e2e4c9c8031c62ff9774a3f63f6f58
histidine,direct_neighbor_ridge,autonomic_ganglia,0,0,16,18.34899351726803,18.201758014936242,db1ab3680dcfc2deb10e2511ec28b70b27966d5a436d724be48267bcbf200acf
histidine,direct_neighbor_ridge,haematopoietic_and_lymphoid_tissue,0,0,163,451.7594114039508,459.60827310337277,db1ab3680dcfc2deb10e2511ec28b70b27966d5a436d724be48267bcbf200acf
histidine,direct_neighbor_ridge,bone,0,1,19,13.702226995298936,14.602079795616623,32d2e2f547f707a9f12d899e65a934275c9f49020e10d214973126d05910ec9c
histidine,direct_neighbor_ridge,ovary,0,1,45,22.64985131647242,29.48311005844533,32d2e2f547f707a9f12d899e65a934275c9f49020e10d214973126d05910ec9c
histidine,direct_neighbor_ridge,skin,0,1,52,32.125628844099694,33.528791338814095,32d2e2f547f707a9f12d899e65a934275c9f49020e10d214973126d05910ec9c
histidine,direct_neighbor_ridge,upper_aerodigestive_tract,0,1,30,18.044024048097686,20.44445538633654,32d2e2f547f707a9f12d899e65a934275c9f49020e10d214973126d05910ec9c
histidine,direct_neighbor_ridge,urinary_tract,0,1,25,25.50855735842303,27.82380176687191,32d2e2f547f707a9f12d899e65a934275c9f49020e10d214973126d05910ec9c
histidine,direct_neighbor_ridge,large_intestine,0,2,55,62.54501094270525,84.09069891916447,659dce4f66bf4ee0228513d024a4e287e9f1aa3957152332b1483ab0af67cb42
histidine,direct_neighbor_ridge,oesophagus,0,2,25,8.475525138615124,6.7898271304716635,659dce4f66bf4ee0228513d024a4e287e9f1aa3957152332b1483ab0af67cb42
histidine,direct_neighbor_ridge,pancreas,0,2,41,15.661211533130812,15.164668101083892,659dce4f66bf4ee0228513d024a4e287e9f1aa3957152332b1483ab0af67cb42
histidine,direct_neighbor_ridge,soft_tissue,0,2,18,21.460998755370124,21.72705319994349,659dce4f66bf4ee0228513d024a4e287e9f1aa3957152332b1483ab0af67cb42
histidine,direct_neighbor_ridge,stomach,0,2,37,23.688845849763943,24.19966687309697,659dce4f66bf4ee0228513d024a4e287e9f1aa3957152332b1483ab0af67cb42
histidine,direct_neighbor_ridge,breast,0,3,49,43.66376008279218,43.80047392373057,9492e163b6ef19b0563b1ce8302b8e8794e2e4c9c8031c62ff9774a3f63f6f58
histidine,direct_neighbor_ridge,central_nervous_system,0,3,49,49.07577821454148,38.444809278729956,9492e163b6ef19b0563b1ce8302b8e8794e2e4c9c8031c62ff9774a3f63f6f58
histidine,direct_neighbor_ridge,endometrium,0,3,28,17.795601798537497,21.66535338655448,9492e163b6ef19b0563b1ce8302b8e8794e2e4c9c8031c62ff9774a3f63f6f58
histidine,direct_neighbor_ridge,kidney,0,3,23,14.050149040192053,12.360960349468478,9492e163b6ef19b0563b1ce8302b8e8794e2e4c9c8031c62ff9774a3f63f6f58
histidine,direct_neighbor_ridge,liver,0,3,25,23.00488632225247,22.315841216367257,9492e163b6ef19b0563b1ce8302b8e8794e2e4c9c8031c62ff9774a3f63f6f58
histidine,direct_neighbor_ridge,lung,0,4,176,162.07597605240016,181.8531512344045,cf9883e99ee1b956d01c2cb42a4d284b982ce23065d3616a5e1cced359e41fb5
histidine,direct_neighbor_ridge,bone,1,0,19,13.702226995298936,14.602079795616623,32d2e2f547f707a9f12d899e65a934275c9f49020e10d214973126d05910ec9c
histidine,direct_neighbor_ridge,ovary,1,0,45,22.64985131647242,29.48311005844533,32d2e2f547f707a9f12d899e65a934275c9f49020e10d214973126d05910ec9c
histidine,direct_neighbor_ridge,skin,1,0,52,32.125628844099694,33.528791338814095,32d2e2f547f707a9f12d899e65a934275c9f49020e10d214973126d05910ec9c
histidine,direct_neighbor_ridge,upper_aerodigestive_tract,1,0,30,18.044024048097686,20.44445538633654,32d2e2f547f707a9f12d899e65a934275c9f49020e10d214973126d05910ec9c
histidine,direct_neighbor_ridge,urinary_tract,1,0,25,25.50855735842303,27.82380176687191,32d2e2f547f707a9f12d899e65a934275c9f49020e10d214973126d05910ec9c
histidine,direct_neighbor_ridge,lung,1,1,176,162.07597605240016,181.8531512344045,cf9883e99ee1b956d01c2cb42a4d284b982ce23065d3616a5e1cced359e41fb5
histidine,direct_neighbor_ridge,autonomic_ganglia,1,2,16,18.34899351726803,18.201758014936242,db1ab3680dcfc2deb10e2511ec28b70b27966d5a436d724be48267bcbf200acf
histidine,direct_neighbor_ridge,haematopoietic_and_lymphoid_tissue,1,2,163,451.7594114039508,459.60827310337277,db1ab3680dcfc2deb10e2511ec28b70b27966d5a436d724be48267bcbf200acf
histidine,direct_neighbor_ridge,large_intestine,1,3,55,62.54501094270525,84.09069891916447,659dce4f66bf4ee0228513d024a4e287e9f1aa3957152332b1483ab0af67cb42
histidine,direct_neighbor_ridge,oesophagus,1,3,25,8.475525138615124,6.7898271304716635,659dce4f66bf4ee0228513d024a4e287e9f1aa3957152332b1483ab0af67cb42
histidine,direct_neighbor_ridge,pancreas,1,3,41,15.661211533130812,15.164668101083892,659dce4f66bf4ee0228513d024a4e287e9f1aa3957152332b1483ab0af67cb42
histidine,direct_neighbor_ridge,soft_tissue,1,3,18,21.460998755370124,21.72705319994349,659dce4f66bf4ee0228513d024a4e287e9f1aa3957152332b1483ab0af67cb42
histidine,direct_neighbor_ridge,stomach,1,3,37,23.688845849763943,24.19966687309697,659dce4f66bf4ee0228513d024a4e287e9f1aa3957152332b1483ab0af67cb42
histidine,direct_neighbor_ridge,breast,1,4,49,43.66376008279218,43.80047392373057,9492e163b6ef19b0563b1ce8302b8e8794e2e4c9c8031c62ff9774a3f63f6f58
histidine,direct_neighbor_ridge,central_nervous_system,1,4,49,49.07577821454148,38.444809278729956,9492e163b6ef19b0563b1ce8302b8e8794e2e4c9c8031c62ff9774a3f63f6f58
histidine,direct_neighbor_ridge,endometrium,1,4,28,17.795601798537497,21.66535338655448,9492e163b6ef19b0563b1ce8302b8e8794e2e4c9c8031c62ff9774a3f63f6f58
histidine,direct_neighbor_ridge,kidney,1,4,23,14.050149040192053,12.360960349468478,9492e163b6ef19b0563b1ce8302b8e8794e2e4c9c8031c62ff9774a3f63f6f58
histidine,direct_neighbor_ridge,liver,1,4,25,23.00488632225247,22.315841216367257,9492e163b6ef19b0563b1ce8302b8e8794e2e4c9c8031c62ff9774a3f63f6f58
homocysteine,direct_neighbor_ridge,autonomic_ganglia,0,0,16,14.964591712506582,12.070715595099848,db1ab3680dcfc2deb10e2511ec28b70b27966d5a436d724be48267bcbf200acf
homocysteine,direct_neighbor_ridge,haematopoietic_and_lymphoid_tissue,0,0,163,207.42291863377005,167.10851193241774,db1ab3680dcfc2deb10e2511ec28b70b27966d5a436d724be48267bcbf200acf
homocysteine,direct_neighbor_ridge,bone,0,1,19,20.358950807127105,21.169607585103325,32d2e2f547f707a9f12d899e65a934275c9f49020e10d214973126d05910ec9c
homocysteine,direct_neighbor_ridge,ovary,0,1,45,33.31047214440436,32.48079522175995,32d2e2f547f707a9f12d899e65a934275c9f49020e10d214973126d05910ec9c
homocysteine,direct_neighbor_ridge,skin,0,1,52,76.8342258115677,82.313548126634,32d2e2f547f707a9f12d899e65a934275c9f49020e10d214973126d05910ec9c
homocysteine,direct_neighbor_ridge,upper_aerodigestive_tract,0,1,30,26.658725247598873,28.442779684057175,32d2e2f547f707a9f12d899e65a934275c9f49020e10d214973126d05910ec9c
homocysteine,direct_neighbor_ridge,urinary_tract,0,1,25,30.242548766287268,30.539777592843492,32d2e2f547f707a9f12d899e65a934275c9f49020e10d214973126d05910ec9c
homocysteine,direct_neighbor_ridge,large_intestine,0,2,55,71.86721854412886,75.76188618240998,659dce4f66bf4ee0228513d024a4e287e9f1aa3957152332b1483ab0af67cb42
homocysteine,direct_neighbor_ridge,oesophagus,0,2,25,20.627843093605748,21.067657624576864,659dce4f66bf4ee0228513d024a4e287e9f1aa3957152332b1483ab0af67cb42
homocysteine,direct_neighbor_ridge,pancreas,0,2,41,44.399390929182914,46.10354076464829,659dce4f66bf4ee0228513d024a4e287e9f1aa3957152332b1483ab0af67cb42
homocysteine,direct_neighbor_ridge,soft_tissue,0,2,18,24.505297250175484,23.367658091054064,659dce4f66bf4ee0228513d024a4e287e9f1aa3957152332b1483ab0af67cb42
homocysteine,direct_neighbor_ridge,stomach,0,2,37,51.242261399272145,49.80505404972986,659dce4f66bf4ee0228513d024a4e287e9f1aa3957152332b1483ab0af67cb42
homocysteine,direct_neighbor_ridge,breast,0,3,49,38.758610939236775,37.826876144727244,9492e163b6ef19b0563b1ce8302b8e8794e2e4c9c8031c62ff9774a3f63f6f58
homocysteine,direct_neighbor_ridge,central_nervous_system,0,3,49,42.359703602873594,48.7297646823673,9492e163b6ef19b0563b1ce8302b8e8794e2e4c9c8031c62ff9774a3f63f6f58
homocysteine,direct_neighbor_ridge,endometrium,0,3,28,21.261966840092022,21.99125278911121,9492e163b6ef19b0563b1ce8302b8e8794e2e4c9c8031c62ff9774a3f63f6f58
homocysteine,direct_neighbor_ridge,kidney,0,3,23,14.376767598877509,15.621998275805039,9492e163b6ef19b0563b1ce8302b8e8794e2e4c9c8031c62ff9774a3f63f6f58
homocysteine,direct_neighbor_ridge,liver,0,3,25,10.721002048776699,10.91743375820983,9492e163b6ef19b0563b1ce8302b8e8794e2e4c9c8031c62ff9774a3f63f6f58
homocysteine,direct_neighbor_ridge,lung,0,4,176,164.03968386560558,163.64898895049885,cf9883e99ee1b956d01c2cb42a4d284b982ce23065d3616a5e1cced359e41fb5
homocysteine,direct_neighbor_ridge,bone,1,0,19,20.358950807127105,21.169607585103325,32d2e2f547f707a9f12d899e65a934275c9f49020e10d214973126d05910ec9c
homocysteine,direct_neighbor_ridge,ovary,1,0,45,33.31047214440436,32.48079522175995,32d2e2f547f707a9f12d899e65a934275c9f49020e10d214973126d05910ec9c
homocysteine,direct_neighbor_ridge,skin,1,0,52,76.8342258115677,82.313548126634,32d2e2f547f707a9f12d899e65a934275c9f49020e10d214973126d05910ec9c
homocysteine,direct_neighbor_ridge,upper_aerodigestive_tract,1,0,30,26.658725247598873,28.442779684057175,32d2e2f547f707a9f12d899e65a934275c9f49020e10d214973126d05910ec9c
homocysteine,direct_neighbor_ridge,urinary_tract,1,0,25,30.242548766287268,30.539777592843492,32d2e2f547f707a9f12d899e65a934275c9f49020e10d214973126d05910ec9c
homocysteine,direct_neighbor_ridge,lung,1,1,176,164.03968386560558,163.64898895049885,cf9883e99ee1b956d01c2cb42a4d284b982ce23065d3616a5e1cced359e41fb5
homocysteine,direct_neighbor_ridge,autonomic_ganglia,1,2,16,15.4240225048637,12.070715595099848,db1ab3680dcfc2deb10e2511ec28b70b27966d5a436d724be48267bcbf200acf
homocysteine,direct_neighbor_ridge,haematopoietic_and_lymphoid_tissue,1,2,163,217.4313095000251,167.10851193241774,db1ab3680dcfc2deb10e2511ec28b70b27966d5a436d724be48267bcbf200acf
homocysteine,direct_neighbor_ridge,large_intestine,1,3,55,71.86721854412886,75.76188618240998,659dce4f66bf4ee0228513d024a4e287e9f1aa3957152332b1483ab0af67cb42
homocysteine,direct_neighbor_ridge,oesophagus,1,3,25,20.627843093605748,21.067657624576864,659dce4f66bf4ee0228513d024a4e287e9f1aa3957152332b1483ab0af67cb42
homocysteine,direct_neighbor_ridge,pancreas,1,3,41,44.399390929182914,46.10354076464829,659dce4f66bf4ee0228513d024a4e287e9f1aa3957152332b1483ab0af67cb42
homocysteine,direct_neighbor_ridge,soft_tissue,1,3,18,24.505297250175484,23.367658091054064,659dce4f66bf4ee0228513d024a4e287e9f1aa3957152332b1483ab0af67cb42
homocysteine,direct_neighbor_ridge,stomach,1,3,37,51.242261399272145,49.80505404972986,659dce4f66bf4ee0228513d024a4e287e9f1aa3957152332b1483ab0af67cb42
homocysteine,direct_neighbor_ridge,breast,1,4,49,38.758610939236775,37.826876144727244,9492e163b6ef19b0563b1ce8302b8e8794e2e4c9c8031c62ff9774a3f63f6f58
homocysteine,direct_neighbor_ridge,central_nervous_system,1,4,49,42.359703602873594,48.7297646823673,9492e163b6ef19b0563b1ce8302b8e8794e2e4c9c8031c62ff9774a3f63f6f58
homocysteine,direct_neighbor_ridge,endometrium,1,4,28,21.261966840092022,21.99125278911121,9492e163b6ef19b0563b1ce8302b8e8794e2e4c9c8031c62ff9774a3f63f6f58
homocysteine,direct_neighbor_ridge,kidney,1,4,23,14.376767598877509,15.621998275805039,9492e163b6ef19b0563b1ce8302b8e8794e2e4c9c8031c62ff9774a3f63f6f58
homocysteine,direct_neighbor_ridge,liver,1,4,25,10.721002048776699,10.91743375820983,9492e163b6ef19b0563b1ce8302b8e8794e2e4c9c8031c62ff9774a3f63f6f58
hypoxanthine,direct_neighbor_ridge,autonomic_ganglia,0,0,16,23.145705660555866,23.405015272234394,db1ab3680dcfc2deb10e2511ec28b70b27966d5a436d724be48267bcbf200acf
hypoxanthine,direct_neighbor_ridge,haematopoietic_and_lymphoid_tissue,0,0,163,179.69977764933424,208.65052583540233,db1ab3680dcfc2deb10e2511ec28b70b27966d5a436d724be48267bcbf200acf
hypoxanthine,direct_neighbor_ridge,bone,0,1,19,16.16340595020947,16.934739674429487,32d2e2f547f707a9f12d899e65a934275c9f49020e10d214973126d05910ec9c
hypoxanthine,direct_neighbor_ridge,ovary,0,1,45,36.551804631775816,36.71552821617147,32d2e2f547f707a9f12d899e65a934275c9f49020e10d214973126d05910ec9c
hypoxanthine,direct_neighbor_ridge,skin,0,1,52,50.032936255670485,50.123157417725594,32d2e2f547f707a9f12d899e65a934275c9f49020e10d214973126d05910ec9c
hypoxanthine,direct_neighbor_ridge,upper_aerodigestive_tract,0,1,30,31.08749183491692,36.2017451429795,32d2e2f547f707a9f12d899e65a934275c9f49020e10d214973126d05910ec9c
hypoxanthine,direct_neighbor_ridge,urinary_tract,0,1,25,18.684841367614744,15.235789890389869,32d2e2f547f707a9f12d899e65a934275c9f49020e10d214973126d05910ec9c
hypoxanthine,direct_neighbor_ridge,large_intestine,0,2,55,70.68935591188796,71.47148142114061,659dce4f66bf4ee0228513d024a4e287e9f1aa3957152332b1483ab0af67cb42
hypoxanthine,direct_neighbor_ridge,oesophagus,0,2,25,30.082410261102297,29.770335244915426,659dce4f66bf4ee0228513d024a4e287e9f1aa3957152332b1483ab0af67cb42
hypoxanthine,direct_neighbor_ridge,pancreas,0,2,41,35.73324198886305,40.45853694881586,659dce4f66bf4ee0228513d024a4e287e9f1aa3957152332b1483ab0af67cb42
hypoxanthine,direct_neighbor_ridge,soft_tissue,0,2,18,14.961152842975125,16.405253653887065,659dce4f66bf4ee0228513d024a4e287e9f1aa3957152332b1483ab0af67cb42
hypoxanthine,direct_neighbor_ridge,stomach,0,2,37,31.383249240086794,32.83337477883085,659dce4f66bf4ee0228513d024a4e287e9f1aa3957152332b1483ab0af67cb42
hypoxanthine,direct_neighbor_ridge,breast,0,3,49,37.90311945840507,38.54649927259684,9492e163b6ef19b0563b1ce8302b8e8794e2e4c9c8031c62ff9774a3f63f6f58
hypoxanthine,direct_neighbor_ridge,central_nervous_system,0,3,49,59.66781240083442,63.54086218694187,9492e163b6ef19b0563b1ce8302b8e8794e2e4c9c8031c62ff9774a3f63f6f58
hypoxanthine,direct_neighbor_ridge,endometrium,0,3,28,24.484800657213196,26.18174802733474,9492e163b6ef19b0563b1ce8302b8e8794e2e4c9c8031c62ff9774a3f63f6f58
hypoxanthine,direct_neighbor_ridge,kidney,0,3,23,15.8695835809769,14.263052988795064,9492e163b6ef19b0563b1ce8302b8e8794e2e4c9c8031c62ff9774a3f63f6f58
hypoxanthine,direct_neighbor_ridge,liver,0,3,25,19.366899211246015,21.338358535279756,9492e163b6ef19b0563b1ce8302b8e8794e2e4c9c8031c62ff9774a3f63f6f58
hypoxanthine,direct_neighbor_ridge,lung,0,4,176,174.25186284504775,176.29831895019274,cf9883e99ee1b956d01c2cb42a4d284b982ce23065d3616a5e1cced359e41fb5
hypoxanthine,direct_neighbor_ridge,bone,1,0,19,16.16340595020947,16.934739674429487,32d2e2f547f707a9f12d899e65a934275c9f49020e10d214973126d05910ec9c
hypoxanthine,direct_neighbor_ridge,ovary,1,0,45,36.551804631775816,36.71552821617147,32d2e2f547f707a9f12d899e65a934275c9f49020e10d214973126d05910ec9c
hypoxanthine,direct_neighbor_ridge,skin,1,0,52,50.032936255670485,50.123157417725594,32d2e2f547f707a9f12d899e65a934275c9f49020e10d214973126d05910ec9c
hypoxanthine,direct_neighbor_ridge,upper_aerodigestive_tract,1,0,30,31.08749183491692,36.2017451429795,32d2e2f547f707a9f12d899e65a934275c9f49020e10d214973126d05910ec9c
hypoxanthine,direct_neighbor_ridge,urinary_tract,1,0,25,18.684841367614744,15.235789890389869,32d2e2f547f707a9f12d899e65a934275c9f49020e10d214973126d05910ec9c
hypoxanthine,direct_neighbor_ridge,lung,1,1,176,173.6128724788491,176.29831895019274,cf9883e99ee1b956d01c2cb42a4d284b982ce23065d3616a5e1cced359e41fb5
hypoxanthine,direct_neighbor_ridge,autonomic_ganglia,1,2,16,23.145705660555866,23.405015272234394,db1ab3680dcfc2deb10e2511ec28b70b27966d5a436d724be48267bcbf200acf
hypoxanthine,direct_neighbor_ridge,haematopoietic_and_lymphoid_tissue,1,2,163,179.69977764933424,208.65052583540233,db1ab3680dcfc2deb10e2511ec28b70b27966d5a436d724be48267bcbf200acf
hypoxanthine,direct_neighbor_ridge,large_intestine,1,3,55,70.68935591188796,71.47148142114061,659dce4f66bf4ee0228513d024a4e287e9f1aa3957152332b1483ab0af67cb42
hypoxanthine,direct_neighbor_ridge,oesophagus,1,3,25,30.082410261102297,29.770335244915426,659dce4f66bf4ee0228513d024a4e287e9f1aa3957152332b1483ab0af67cb42
hypoxanthine,direct_neighbor_ridge,pancreas,1,3,41,35.73324198886305,40.45853694881586,659dce4f66bf4ee0228513d024a4e287e9f1aa3957152332b1483ab0af67cb42
hypoxanthine,direct_neighbor_ridge,soft_tissue,1,3,18,14.961152842975125,16.405253653887065,659dce4f66bf4ee0228513d024a4e287e9f1aa3957152332b1483ab0af67cb42
hypoxanthine,direct_neighbor_ridge,stomach,1,3,37,31.383249240086794,32.83337477883085,659dce4f66bf4ee0228513d024a4e287e9f1aa3957152332b1483ab0af67cb42
hypoxanthine,direct_neighbor_ridge,breast,1,4,49,37.879285746120296,38.54649927259684,9492e163b6ef19b0563b1ce8302b8e8794e2e4c9c8031c62ff9774a3f63f6f58
hypoxanthine,direct_neighbor_ridge,central_nervous_system,1,4,49,59.679194996356095,63.54086218694187,9492e163b6ef19b0563b1ce8302b8e8794e2e4c9c8031c62ff9774a3f63f6f58
hypoxanthine,direct_neighbor_ridge,endometrium,1,4,28,24.48539091993661,26.18174802733474,9492e163b6ef19b0563b1ce8302b8e8794e2e4c9c8031c62ff9774a3f63f6f58
hypoxanthine,direct_neighbor_ridge,kidney,1,4,23,15.90956325874123,14.263052988795064,9492e163b6ef19b0563b1ce8302b8e8794e2e4c9c8031c62ff9774a3f63f6f58
hypoxanthine,direct_neighbor_ridge,liver,1,4,25,19.35884278737005,21.338358535279756,9492e163b6ef19b0563b1ce8302b8e8794e2e4c9c8031c62ff9774a3f63f6f58
inosine,direct_neighbor_ridge,autonomic_ganglia,0,0,16,12.929702394036465,24.08752827213648,db1ab3680dcfc2deb10e2511ec28b70b27966d5a436d724be48267bcbf200acf
inosine,direct_neighbor_ridge,haematopoietic_and_lymphoid_tissue,0,0,163,223.14429092574642,199.74705192409857,db1ab3680dcfc2deb10e2511ec28b70b27966d5a436d724be48267bcbf200acf
inosine,direct_neighbor_ridge,bone,0,1,19,22.743404987773275,24.951886801068508,32d2e2f547f707a9f12d899e65a934275c9f49020e10d214973126d05910ec9c
inosine,direct_neighbor_ridge,ovary,0,1,45,19.230280427742215,20.017720865092322,32d2e2f547f707a9f12d899e65a934275c9f49020e10d214973126d05910ec9c
inosine,direct_neighbor_ridge,skin,0,1,52,41.019355894706095,44.55676209821314,32d2e2f547f707a9f12d899e65a934275c9f49020e10d214973126d05910ec9c
inosine,direct_neighbor_ridge,upper_aerodigestive_tract,0,1,30,15.690569820854476,15.428678063942657,32d2e2f547f707a9f12d899e65a934275c9f49020e10d214973126d05910ec9c
inosine,direct_neighbor_ridge,urinary_tract,0,1,25,15.688724209140519,18.523627696673863,32d2e2f547f707a9f12d899e65a934275c9f49020e10d214973126d05910ec9c
inosine,direct_neighbor_ridge,large_intestine,0,2,55,59.6494854666119,66.51995711572857,659dce4f66bf4ee0228513d024a4e287e9f1aa3957152332b1483ab0af67cb42
inosine,direct_neighbor_ridge,oesophagus,0,2,25,36.22255486107318,38.99678859873089,659dce4f66bf4ee0228513d024a4e287e9f1aa3957152332b1483ab0af67cb42
inosine,direct_neighbor_ridge,pancreas,0,2,41,34.74852942359646,35.82559732653049,659dce4f66bf4ee0228513d024a4e287e9f1aa3957152332b1483ab0af67cb42
inosine,direct_neighbor_ridge,soft_tissue,0,2,18,6.291627990310921,6.329538158059725,659dce4f66bf4ee0228513d024a4e287e9f1aa3957152332b1483ab0af67cb42
inosine,direct_neighbor_ridge,stomach,0,2,37,43.78620150771427,50.665628326870355,659dce4f66bf4ee0228513d024a4e287e9f1aa3957152332b1483ab0af67cb42
inosine,direct_neighbor_ridge,breast,0,3,49,33.42513895728925,36.60452839032729,9492e163b6ef19b0563b1ce8302b8e8794e2e4c9c8031c62ff9774a3f63f6f58
inosine,direct_neighbor_ridge,central_nervous_system,0,3,49,35.336673004436435,34.64401850718484,9492e163b6ef19b0563b1ce8302b8e8794e2e4c9c8031c62ff9774a3f63f6f58
inosine,direct_neighbor_ridge,endometrium,0,3,28,24.122858023267124,24.574192554172225,9492e163b6ef19b0563b1ce8302b8e8794e2e4c9c8031c62ff9774a3f63f6f58
inosine,direct_neighbor_ridge,kidney,0,3,23,21.218068601614245,19.636044710920388,9492e163b6ef19b0563b1ce8302b8e8794e2e4c9c8031c62ff9774a3f63f6f58
inosine,direct_neighbor_ridge,liver,0,3,25,18.409423798423553,20.19619804682301,9492e163b6ef19b0563b1ce8302b8e8794e2e4c9c8031c62ff9774a3f63f6f58
inosine,direct_neighbor_ridge,lung,0,4,176,223.57036821906127,225.98499345660028,cf9883e99ee1b956d01c2cb42a4d284b982ce23065d3616a5e1cced359e41fb5
inosine,direct_neighbor_ridge,bone,1,0,19,22.743404987773275,24.951886801068508,32d2e2f547f707a9f12d899e65a934275c9f49020e10d214973126d05910ec9c
inosine,direct_neighbor_ridge,ovary,1,0,45,19.230280427742215,20.017720865092322,32d2e2f547f707a9f12d899e65a934275c9f49020e10d214973126d05910ec9c
inosine,direct_neighbor_ridge,skin,1,0,52,41.019355894706095,44.55676209821314,32d2e2f547f707a9f12d899e65a934275c9f49020e10d214973126d05910ec9c
inosine,direct_neighbor_ridge,upper_aerodigestive_tract,1,0,30,15.690569820854476,15.428678063942657,32d2e2f547f707a9f12d899e65a934275c9f49020e10d214973126d05910ec9c
inosine,direct_neighbor_ridge,urinary_tract,1,0,25,15.688724209140519,18.523627696673863,32d2e2f547f707a9f12d899e65a934275c9f49020e10d214973126d05910ec9c
inosine,direct_neighbor_ridge,lung,1,1,176,223.57036821906127,225.98499345660028,cf9883e99ee1b956d01c2cb42a4d284b982ce23065d3616a5e1cced359e41fb5
inosine,direct_neighbor_ridge,autonomic_ganglia,1,2,16,12.929702394036465,24.08752827213648,db1ab3680dcfc2deb10e2511ec28b70b27966d5a436d724be48267bcbf200acf
inosine,direct_neighbor_ridge,haematopoietic_and_lymphoid_tissue,1,2,163,223.14429092574642,199.74705192409857,db1ab3680dcfc2deb10e2511ec28b70b27966d5a436d724be48267bcbf200acf
inosine,direct_neighbor_ridge,large_intestine,1,3,55,59.572766957287485,66.51995711572857,659dce4f66bf4ee0228513d024a4e287e9f1aa3957152332b1483ab0af67cb42
inosine,direct_neighbor_ridge,oesophagus,1,3,25,36.18466012725591,38.99678859873089,659dce4f66bf4ee0228513d024a4e287e9f1aa3957152332b1483ab0af67cb42
inosine,direct_neighbor_ridge,pancreas,1,3,41,34.73688595189548,35.82559732653049,659dce4f66bf4ee0228513d024a4e287e9f1aa3957152332b1483ab0af67cb42
inosine,direct_neighbor_ridge,soft_tissue,1,3,18,6.296551259203712,6.329538158059725,659dce4f66bf4ee0228513d024a4e287e9f1aa3957152332b1483ab0af67cb42
inosine,direct_neighbor_ridge,stomach,1,3,37,43.70272027374049,50.665628326870355,659dce4f66bf4ee0228513d024a4e287e9f1aa3957152332b1483ab0af67cb42
inosine,direct_neighbor_ridge,breast,1,4,49,33.42513895728925,36.60452839032729,9492e163b6ef19b0563b1ce8302b8e8794e2e4c9c8031c62ff9774a3f63f6f58
inosine,direct_neighbor_ridge,central_nervous_system,1,4,49,35.336673004436435,34.64401850718484,9492e163b6ef19b0563b1ce8302b8e8794e2e4c9c8031c62ff9774a3f63f6f58
inosine,direct_neighbor_ridge,endometrium,1,4,28,24.122858023267124,24.574192554172225,9492e163b6ef19b0563b1ce8302b8e8794e2e4c9c8031c62ff9774a3f63f6f58
inosine,direct_neighbor_ridge,kidney,1,4,23,21.218068601614245,19.636044710920388,9492e163b6ef19b0563b1ce8302b8e8794e2e4c9c8031c62ff9774a3f63f6f58
inosine,direct_neighbor_ridge,liver,1,4,25,18.409423798423553,20.19619804682301,9492e163b6ef19b0563b1ce8302b8e8794e2e4c9c8031c62ff9774a3f63f6f58
inositol,direct_neighbor_ridge,autonomic_ganglia,0,0,16,3.05961725659727,3.7418816540964777,db1ab3680dcfc2deb10e2511ec28b70b27966d5a436d724be48267bcbf200acf
inositol,direct_neighbor_ridge,haematopoietic_and_lymphoid_tissue,0,0,163,196.88567777227496,191.2534505791486,db1ab3680dcfc2deb10e2511ec28b70b27966d5a436d724be48267bcbf200acf
inositol,direct_neighbor_ridge,bone,0,1,19,19.42093929877381,21.928223338151774,32d2e2f547f707a9f12d899e65a934275c9f49020e10d214973126d05910ec9c
inositol,direct_neighbor_ridge,ovary,0,1,45,44.951274153406224,49.08470587204176,32d2e2f547f707a9f12d899e65a934275c9f49020e10d214973126d05910ec9c
inositol,direct_neighbor_ridge,skin,0,1,52,81.84941848000935,82.33144429220296,32d2e2f547f707a9f12d899e65a934275c9f49020e10d214973126d05910ec9c
inositol,direct_neighbor_ridge,upper_aerodigestive_tract,0,1,30,15.106357706584019,16.489043473969158,32d2e2f547f707a9f12d899e65a934275c9f49020e10d214973126d05910ec9c
inositol,direct_neighbor_ridge,urinary_tract,0,1,25,32.86514483697258,32.43482073072242,32d2e2f547f707a9f12d899e65a934275c9f49020e10d214973126d05910ec9c
inositol,direct_neighbor_ridge,large_intestine,0,2,55,62.62928875671148,61.58729083177114,659dce4f66bf4ee0228513d024a4e287e9f1aa3957152332b1483ab0af67cb42
inositol,direct_neighbor_ridge,oesophagus,0,2,25,21.557813696988553,22.970624540200593,659dce4f66bf4ee0228513d024a4e287e9f1aa3957152332b1483ab0af67cb42
inositol,direct_neighbor_ridge,pancreas,0,2,41,32.6030738930106,38.97626850752479,659dce4f66bf4ee0228513d024a4e287e9f1aa3957152332b1483ab0af67cb42
inositol,direct_neighbor_ridge,soft_tissue,0,2,18,19.571136539465602,18.132065226333307,659dce4f66bf4ee0228513d024a4e287e9f1aa3957152332b1483ab0af67cb42
inositol,direct_neighbor_ridge,stomach,0,2,37,32.92138783568283,31.69018502471146,659dce4f66bf4ee0228513d024a4e287e9f1aa3957152332b1483ab0af67cb42
inositol,direct_neighbor_ridge,breast,0,3,49,53.56045115629277,55.60617267730623,9492e163b6ef19b0563b1ce8302b8e8794e2e4c9c8031c62ff9774a3f63f6f58
inositol,direct_neighbor_ridge,central_nervous_system,0,3,49,42.42443944447894,43.517372450503466,9492e163b6ef19b0563b1ce8302b8e8794e2e4c9c8031c62ff9774a3f63f6f58
inositol,direct_neighbor_ridge,endometrium,0,3,28,40.03532079053861,42.4241033759463,9492e163b6ef19b0563b1ce8302b8e8794e2e4c9c8031c62ff9774a3f63f6f58
inositol,direct_neighbor_ridge,kidney,0,3,23,14.29045594056376,14.513855954821098,9492e163b6ef19b0563b1ce8302b8e8794e2e4c9c8031c62ff9774a3f63f6f58
inositol,direct_neighbor_ridge,liver,0,3,25,41.5387422231715,40.282401769818414,9492e163b6ef19b0563b1ce8302b8e8794e2e4c9c8031c62ff9774a3f63f6f58
inositol,direct_neighbor_ridge,lung,0,4,176,126.46158986989894,126.5805982663731,cf9883e99ee1b956d01c2cb42a4d284b982ce23065d3616a5e1cced359e41fb5
inositol,direct_neighbor_ridge,bone,1,0,19,19.42093929877381,21.928223338151774,32d2e2f547f707a9f12d899e65a934275c9f49020e10d214973126d05910ec9c
inositol,direct_neighbor_ridge,ovary,1,0,45,44.951274153406224,49.08470587204176,32d2e2f547f707a9f12d899e65a934275c9f49020e10d214973126d05910ec9c
inositol,direct_neighbor_ridge,skin,1,0,52,81.84941848000935,82.33144429220296,32d2e2f547f707a9f12d899e65a934275c9f49020e10d214973126d05910ec9c
inositol,direct_neighbor_ridge,upper_aerodigestive_tract,1,0,30,15.106357706584019,16.489043473969158,32d2e2f547f707a9f12d899e65a934275c9f49020e10d214973126d05910ec9c
inositol,direct_neighbor_ridge,urinary_tract,1,0,25,32.86514483697258,32.43482073072242,32d2e2f547f707a9f12d899e65a934275c9f49020e10d214973126d05910ec9c
inositol,direct_neighbor_ridge,lung,1,1,176,126.46158986989894,126.5805982663731,cf9883e99ee1b956d01c2cb42a4d284b982ce23065d3616a5e1cced359e41fb5
inositol,direct_neighbor_ridge,autonomic_ganglia,1,2,16,3.0219812835065913,3.7418816540964777,db1ab3680dcfc2deb10e2511ec28b70b27966d5a436d724be48267bcbf200acf
inositol,direct_neighbor_ridge,haematopoietic_and_lymphoid_tissue,1,2,163,198.73381269525382,191.2534505791486,db1ab3680dcfc2deb10e2511ec28b70b27966d5a436d724be48267bcbf200acf
inositol,direct_neighbor_ridge,large_intestine,1,3,55,62.42322768810715,61.58729083177114,659dce4f66bf4ee0228513d024a4e287e9f1aa3957152332b1483ab0af67cb42
inositol,direct_neighbor_ridge,oesophagus,1,3,25,21.604658546212487,22.970624540200593,659dce4f66bf4ee0228513d024a4e287e9f1aa3957152332b1483ab0af67cb42
inositol,direct_neighbor_ridge,pancreas,1,3,41,33.06266712427709,38.97626850752479,659dce4f66bf4ee0228513d024a4e287e9f1aa3957152332b1483ab0af67cb42
inositol,direct_neighbor_ridge,soft_tissue,1,3,18,19.40559586629525,18.132065226333307,659dce4f66bf4ee0228513d024a4e287e9f1aa3957152332b1483ab0af67cb42
inositol,direct_neighbor_ridge,stomach,1,3,37,32.7500718434379,31.69018502471146,659dce4f66bf4ee0228513d024a4e287e9f1aa3957152332b1483ab0af67cb42
inositol,direct_neighbor_ridge,breast,1,4,49,53.56045115629277,55.60617267730623,9492e163b6ef19b0563b1ce8302b8e8794e2e4c9c8031c62ff9774a3f63f6f58
inositol,direct_neighbor_ridge,central_nervous_system,1,4,49,42.42443944447894,43.517372450503466,9492e163b6ef19b0563b1ce8302b8e8794e2e4c9c8031c62ff9774a3f63f6f58
inositol,direct_neighbor_ridge,endometrium,1,4,28,40.03532079053861,42.4241033759463,9492e163b6ef19b0563b1ce8302b8e8794e2e4c9c8031c62ff9774a3f63f6f58
inositol,direct_neighbor_ridge,kidney,1,4,23,14.29045594056376,14.513855954821098,9492e163b6ef19b0563b1ce8302b8e8794e2e4c9c8031c62ff9774a3f63f6f58
inositol,direct_neighbor_ridge,liver,1,4,25,41.5387422231715,40.282401769818414,9492e163b6ef19b0563b1ce8302b8e8794e2e4c9c8031c62ff9774a3f63f6f58
isocitrate,direct_neighbor_ridge,autonomic_ganglia,0,0,16,8.08618879427441,13.056106061256793,db1ab3680dcfc2deb10e2511ec28b70b27966d5a436d724be48267bcbf200acf
isocitrate,direct_neighbor_ridge,haematopoietic_and_lymphoid_tissue,0,0,163,221.03775546845404,326.5673134940628,db1ab3680dcfc2deb10e2511ec28b70b27966d5a436d724be48267bcbf200acf
isocitrate,direct_neighbor_ridge,bone,0,1,19,9.93524256126088,18.4382503119511,32d2e2f547f707a9f12d899e65a934275c9f49020e10d214973126d05910ec9c
isocitrate,direct_neighbor_ridge,ovary,0,1,45,14.396725343530191,24.515224992959162,32d2e2f547f707a9f12d899e65a934275c9f49020e10d214973126d05910ec9c
isocitrate,direct_neighbor_ridge,skin,0,1,52,23.48501139599637,36.45378032926265,32d2e2f547f707a9f12d899e65a934275c9f49020e10d214973126d05910ec9c
isocitrate,direct_neighbor_ridge,upper_aerodigestive_tract,0,1,30,14.67880185943871,19.64584420919523,32d2e2f547f707a9f12d899e65a934275c9f49020e10d214973126d05910ec9c
isocitrate,direct_neighbor_ridge,urinary_tract,0,1,25,12.721262468658278,17.839198653324715,32d2e2f547f707a9f12d899e65a934275c9f49020e10d214973126d05910ec9c
isocitrate,direct_neighbor_ridge,large_intestine,0,2,55,25.943917252807832,40.29910931557228,659dce4f66bf4ee0228513d024a4e287e9f1aa3957152332b1483ab0af67cb42
isocitrate,direct_neighbor_ridge,oesophagus,0,2,25,8.433191813535062,11.083634021584487,659dce4f66bf4ee0228513d024a4e287e9f1aa3957152332b1483ab0af67cb42
isocitrate,direct_neighbor_ridge,pancreas,0,2,41,30.673317852374275,41.60399083136787,659dce4f66bf4ee0228513d024a4e287e9f1aa3957152332b1483ab0af67cb42
isocitrate,direct_neighbor_ridge,soft_tissue,0,2,18,20.324201405468983,25.750109100336303,659dce4f66bf4ee0228513d024a4e287e9f1aa3957152332b1483ab0af67cb42
isocitrate,direct_neighbor_ridge,stomach,0,2,37,43.12886724729478,50.06667378943105,659dce4f66bf4ee0228513d024a4e287e9f1aa3957152332b1483ab0af67cb42
isocitrate,direct_neighbor_ridge,breast,0,3,49,33.987410683788035,53.55296785748065,9492e163b6ef19b0563b1ce8302b8e8794e2e4c9c8031c62ff9774a3f63f6f58
isocitrate,direct_neighbor_ridge,central_nervous_system,0,3,49,27.027333198861577,48.80360918933116,9492e163b6ef19b0563b1ce8302b8e8794e2e4c9c8031c62ff9774a3f63f6f58
isocitrate,direct_neighbor_ridge,endometrium,0,3,28,12.333306626585605,19.045059067980855,9492e163b6ef19b0563b1ce8302b8e8794e2e4c9c8031c62ff9774a3f63f6f58
isocitrate,direct_neighbor_ridge,kidney,0,3,23,11.044972285630257,20.32892867302293,9492e163b6ef19b0563b1ce8302b8e8794e2e4c9c8031c62ff9774a3f63f6f58
isocitrate,direct_neighbor_ridge,liver,0,3,25,13.716862191134734,25.618693783234377,9492e163b6ef19b0563b1ce8302b8e8794e2e4c9c8031c62ff9774a3f63f6f58
isocitrate,direct_neighbor_ridge,lung,0,4,176,91.63684639123262,138.79392411114173,cf9883e99ee1b956d01c2cb42a4d284b982ce23065d3616a5e1cced359e41fb5
isocitrate,direct_neighbor_ridge,bone,1,0,19,9.93524256126088,18.4382503119511,32d2e2f547f707a9f12d899e65a934275c9f49020e10d214973126d05910ec9c
isocitrate,direct_neighbor_ridge,ovary,1,0,45,14.396725343530191,24.515224992959162,32d2e2f547f707a9f12d899e65a934275c9f49020e10d214973126d05910ec9c
isocitrate,direct_neighbor_ridge,skin,1,0,52,23.48501139599637,36.45378032926265,32d2e2f547f707a9f12d899e65a934275c9f49020e10d214973126d05910ec9c
isocitrate,direct_neighbor_ridge,upper_aerodigestive_tract,1,0,30,14.67880185943871,19.64584420919523,32d2e2f547f707a9f12d899e65a934275c9f49020e10d214973126d05910ec9c
isocitrate,direct_neighbor_ridge,urinary_tract,1,0,25,12.721262468658278,17.839198653324715,32d2e2f547f707a9f12d899e65a934275c9f49020e10d214973126d05910ec9c
isocitrate,direct_neighbor_ridge,lung,1,1,176,91.63638022109222,138.79392411114173,cf9883e99ee1b956d01c2cb42a4d284b982ce23065d3616a5e1cced359e41fb5
isocitrate,direct_neighbor_ridge,autonomic_ganglia,1,2,16,8.08618879427441,13.056106061256793,db1ab3680dcfc2deb10e2511ec28b70b27966d5a436d724be48267bcbf200acf
isocitrate,direct_neighbor_ridge,haematopoietic_and_lymphoid_tissue,1,2,163,221.03775546845404,326.5673134940628,db1ab3680dcfc2deb10e2511ec28b70b27966d5a436d724be48267bcbf200acf
isocitrate,direct_neighbor_ridge,large_intestine,1,3,55,25.943917252807832,40.29910931557228,659dce4f66bf4ee0228513d024a4e287e9f1aa3957152332b1483ab0af67cb42
isocitrate,direct_neighbor_ridge,oesophagus,1,3,25,8.433191813535062,11.083634021584487,659dce4f66bf4ee0228513d024a4e287e9f1aa3957152332b1483ab0af67cb42
isocitrate,direct_neighbor_ridge,pancreas,1,3,41,30.673317852374275,41.60399083136787,659dce4f66bf4ee0228513d024a4e287e9f1aa3957152332b1483ab0af67cb42
isocitrate,direct_neighbor_ridge,soft_tissue,1,3,18,20.324201405468983,25.750109100336303,659dce4f66bf4ee0228513d024a4e287e9f1aa3957152332b1483ab0af67cb42
isocitrate,direct_neighbor_ridge,stomach,1,3,37,43.12886724729478,50.06667378943105,659dce4f66bf4ee0228513d024a4e287e9f1aa3957152332b1483ab0af67cb42
isocitrate,direct_neighbor_ridge,breast,1,4,49,33.987410683788035,53.55296785748065,9492e163b6ef19b0563b1ce8302b8e8794e2e4c9c8031c62ff9774a3f63f6f58
isocitrate,direct_neighbor_ridge,central_nervous_system,1,4,49,27.027333198861577,48.80360918933116,9492e163b6ef19b0563b1ce8302b8e8794e2e4c9c8031c62ff9774a3f63f6f58
isocitrate,direct_neighbor_ridge,endometrium,1,4,28,12.333306626585605,19.045059067980855,9492e163b6ef19b0563b1ce8302b8e8794e2e4c9c8031c62ff9774a3f63f6f58
isocitrate,direct_neighbor_ridge,kidney,1,4,23,11.044972285630257,20.32892867302293,9492e163b6ef19b0563b1ce8302b8e8794e2e4c9c8031c62ff9774a3f63f6f58
isocitrate,direct_neighbor_ridge,liver,1,4,25,13.716862191134734,25.618693783234377,9492e163b6ef19b0563b1ce8302b8e8794e2e4c9c8031c62ff9774a3f63f6f58
isoleucine,direct_neighbor_ridge,autonomic_ganglia,0,0,16,12.612708356295554,15.051636765149384,db1ab3680dcfc2deb10e2511ec28b70b27966d5a436d724be48267bcbf200acf
isoleucine,direct_neighbor_ridge,haematopoietic_and_lymphoid_tissue,0,0,163,193.68035300906453,313.52672518733675,db1ab3680dcfc2deb10e2511ec28b70b27966d5a436d724be48267bcbf200acf
isoleucine,direct_neighbor_ridge,bone,0,1,19,7.052319155908205,13.143052817677994,32d2e2f547f707a9f12d899e65a934275c9f49020e10d214973126d05910ec9c
isoleucine,direct_neighbor_ridge,ovary,0,1,45,34.23000406911297,40.85489567360125,32d2e2f547f707a9f12d899e65a934275c9f49020e10d214973126d05910ec9c
isoleucine,direct_neighbor_ridge,skin,0,1,52,22.212730864429588,30.308522508645083,32d2e2f547f707a9f12d899e65a934275c9f49020e10d214973126d05910ec9c
isoleucine,direct_neighbor_ridge,upper_aerodigestive_tract,0,1,30,19.409633692684615,27.18130792032544,32d2e2f547f707a9f12d899e65a934275c9f49020e10d214973126d05910ec9c
isoleucine,direct_neighbor_ridge,urinary_tract,0,1,25,38.53489687199971,42.512655621262894,32d2e2f547f707a9f12d899e65a934275c9f49020e10d214973126d05910ec9c
isoleucine,direct_neighbor_ridge,large_intestine,0,2,55,41.39308428388484,53.590098817507986,659dce4f66bf4ee0228513d024a4e287e9f1aa3957152332b1483ab0af67cb42
isoleucine,direct_neighbor_ridge,oesophagus,0,2,25,5.236259624436258,7.108350028980881,659dce4f66bf4ee0228513d024a4e287e9f1aa3957152332b1483ab0af67cb42
isoleucine,direct_neighbor_ridge,pancreas,0,2,41,31.805278097371037,36.30718693098434,659dce4f66bf4ee0228513d024a4e287e9f1aa3957152332b1483ab0af67cb42
isoleucine,direct_neighbor_ridge,soft_tissue,0,2,18,37.70359980898705,40.0988389410637,659dce4f66bf4ee0228513d024a4e287e9f1aa3957152332b1483ab0af67cb42
isoleucine,direct_neighbor_ridge,stomach,0,2,37,28.384466400394746,26.381553716746325,659dce4f66bf4ee0228513d024a4e287e9f1aa3957152332b1483ab0af67cb42
isoleucine,direct_neighbor_ridge,breast,0,3,49,28.003079617763536,35.053297023377844,9492e163b6ef19b0563b1ce8302b8e8794e2e4c9c8031c62ff9774a3f63f6f58
isoleucine,direct_neighbor_ridge,central_nervous_system,0,3,49,25.11914615606576,34.8984560533959,9492e163b6ef19b0563b1ce8302b8e8794e2e4c9c8031c62ff9774a3f63f6f58
isoleucine,direct_neighbor_ridge,endometrium,0,3,28,24.47767209834786,24.96635553062267,9492e163b6ef19b0563b1ce8302b8e8794e2e4c9c8031c62ff9774a3f63f6f58
isoleucine,direct_neighbor_ridge,kidney,0,3,23,5.900396516644359,12.391898330245557,9492e163b6ef19b0563b1ce8302b8e8794e2e4c9c8031c62ff9774a3f63f6f58
isoleucine,direct_neighbor_ridge,liver,0,3,25,24.670299346755396,22.41874180468613,9492e163b6ef19b0563b1ce8302b8e8794e2e4c9c8031c62ff9774a3f63f6f58
isoleucine,direct_neighbor_ridge,lung,0,4,176,185.75932535183395,220.48935856083602,cf9883e99ee1b956d01c2cb42a4d284b982ce23065d3616a5e1cced359e41fb5
isoleucine,direct_neighbor_ridge,bone,1,0,19,7.052319155908205,13.143052817677994,32d2e2f547f707a9f12d899e65a934275c9f49020e10d214973126d05910ec9c
isoleucine,direct_neighbor_ridge,ovary,1,0,45,34.23000406911297,40.85489567360125,32d2e2f547f707a9f12d899e65a934275c9f49020e10d214973126d05910ec9c
isoleucine,direct_neighbor_ridge,skin,1,0,52,22.212730864429588,30.308522508645083,32d2e2f547f707a9f12d899e65a934275c9f49020e10d214973126d05910ec9c
isoleucine,direct_neighbor_ridge,upper_aerodigestive_tract,1,0,30,19.409633692684615,27.18130792032544,32d2e2f547f707a9f12d899e65a934275c9f49020e10d214973126d05910ec9c
isoleucine,direct_neighbor_ridge,urinary_tract,1,0,25,38.53489687199971,42.512655621262894,32d2e2f547f707a9f12d899e65a934275c9f49020e10d214973126d05910ec9c
isoleucine,direct_neighbor_ridge,lung,1,1,176,185.75932535183395,220.48935856083602,cf9883e99ee1b956d01c2cb42a4d284b982ce23065d3616a5e1cced359e41fb5
isoleucine,direct_neighbor_ridge,autonomic_ganglia,1,2,16,12.612708356295554,15.051636765149384,db1ab3680dcfc2deb10e2511ec28b70b27966d5a436d724be48267bcbf200acf
isoleucine,direct_neighbor_ridge,haematopoietic_and_lymphoid_tissue,1,2,163,193.68035300906453,313.52672518733675,db1ab3680dcfc2deb10e2511ec28b70b27966d5a436d724be48267bcbf200acf
isoleucine,direct_neighbor_ridge,large_intestine,1,3,55,41.39308428388484,53.590098817507986,659dce4f66bf4ee0228513d024a4e287e9f1aa3957152332b1483ab0af67cb42
isoleucine,direct_neighbor_ridge,oesophagus,1,3,25,5.236259624436258,7.108350028980881,659dce4f66bf4ee0228513d024a4e287e9f1aa3957152332b1483ab0af67cb42
isoleucine,direct_neighbor_ridge,pancreas,1,3,41,31.805278097371037,36.30718693098434,659dce4f66bf4ee0228513d024a4e287e9f1aa3957152332b1483ab0af67cb42
isoleucine,direct_neighbor_ridge,soft_tissue,1,3,18,37.70359980898705,40.0988389410637,659dce4f66bf4ee0228513d024a4e287e9f1aa3957152332b1483ab0af67cb42
isoleucine,direct_neighbor_ridge,stomach,1,3,37,28.384466400394746,26.381553716746325,659dce4f66bf4ee0228513d024a4e287e9f1aa3957152332b1483ab0af67cb42
isoleucine,direct_neighbor_ridge,breast,1,4,49,28.003079617763536,35.053297023377844,9492e163b6ef19b0563b1ce8302b8e8794e2e4c9c8031c62ff9774a3f63f6f58
isoleucine,direct_neighbor_ridge,central_nervous_system,1,4,49,25.11914615606576,34.8984560533959,9492e163b6ef19b0563b1ce8302b8e8794e2e4c9c8031c62ff9774a3f63f6f58
isoleucine,direct_neighbor_ridge,endometrium,1,4,28,24.47767209834786,24.96635553062267,9492e163b6ef19b0563b1ce8302b8e8794e2e4c9c8031c62ff9774a3f63f6f58
isoleucine,direct_neighbor_ridge,kidney,1,4,23,5.900396516644359,12.391898330245557,9492e163b6ef19b0563b1ce8302b8e8794e2e4c9c8031c62ff9774a3f63f6f58
isoleucine,direct_neighbor_ridge,liver,1,4,25,24.670299346755396,22.41874180468613,9492e163b6ef19b0563b1ce8302b8e8794e2e4c9c8031c62ff9774a3f63f6f58
kynurenine,direct_neighbor_ridge,autonomic_ganglia,0,0,16,11.950115613984828,11.370178129649362,db1ab3680dcfc2deb10e2511ec28b70b27966d5a436d724be48267bcbf200acf
kynurenine,direct_neighbor_ridge,haematopoietic_and_lymphoid_tissue,0,0,163,146.7841129879729,148.2311183243819,db1ab3680dcfc2deb10e2511ec28b70b27966d5a436d724be48267bcbf200acf
kynurenine,direct_neighbor_ridge,bone,0,1,19,21.10058630827982,21.128066171603024,32d2e2f547f707a9f12d899e65a934275c9f49020e10d214973126d05910ec9c
kynurenine,direct_neighbor_ridge,ovary,0,1,45,77.67041643938782,77.67482583438573,32d2e2f547f707a9f12d899e65a934275c9f49020e10d214973126d05910ec9c
kynurenine,direct_neighbor_ridge,skin,0,1,52,50.06803717473449,48.90641664902467,32d2e2f547f707a9f12d899e65a934275c9f49020e10d214973126d05910ec9c
kynurenine,direct_neighbor_ridge,upper_aerodigestive_tract,0,1,30,35.36513032792227,34.92559660666954,32d2e2f547f707a9f12d899e65a934275c9f49020e10d214973126d05910ec9c
kynurenine,direct_neighbor_ridge,urinary_tract,0,1,25,29.55130928314066,28.982831457614328,32d2e2f547f707a9f12d899e65a934275c9f49020e10d214973126d05910ec9c
kynurenine,direct_neighbor_ridge,large_intestine,0,2,55,51.9597409482936,51.39265866013526,659dce4f66bf4ee0228513d024a4e287e9f1aa3957152332b1483ab0af67cb42
kynurenine,direct_neighbor_ridge,oesophagus,0,2,25,15.383034867525069,16.284520011901282,659dce4f66bf4ee0228513d024a4e287e9f1aa3957152332b1483ab0af67cb42
kynurenine,direct_neighbor_ridge,pancreas,0,2,41,56.492034691861434,55.69074135507722,659dce4f66bf4ee0228513d024a4e287e9f1aa3957152332b1483ab0af67cb42
kynurenine,direct_neighbor_ridge,soft_tissue,0,2,18,9.006962851011835,8.439309096976867,659dce4f66bf4ee0228513d024a4e287e9f1aa3957152332b1483ab0af67cb42
kynurenine,direct_neighbor_ridge,stomach,0,2,37,31.65407643502633,31.211867261062334,659dce4f66bf4ee0228513d024a4e287e9f1aa3957152332b1483ab0af67cb42
kynurenine,direct_neighbor_ridge,breast,0,3,49,51.51814342743832,52.35108847031989,9492e163b6ef19b0563b1ce8302b8e8794e2e4c9c8031c62ff9774a3f63f6f58
kynurenine,direct_neighbor_ridge,central_nervous_system,0,3,49,83.65885331138288,83.624442254491,9492e163b6ef19b0563b1ce8302b8e8794e2e4c9c8031c62ff9774a3f63f6f58
kynurenine,direct_neighbor_ridge,endometrium,0,3,28,14.800746010799427,15.103564279627332,9492e163b6ef19b0563b1ce8302b8e8794e2e4c9c8031c62ff9774a3f63f6f58
kynurenine,direct_neighbor_ridge,kidney,0,3,23,20.183304176296282,20.555098596542848,9492e163b6ef19b0563b1ce8302b8e8794e2e4c9c8031c62ff9774a3f63f6f58
kynurenine,direct_neighbor_ridge,liver,0,3,25,40.77694566700607,40.88569611789683,9492e163b6ef19b0563b1ce8302b8e8794e2e4c9c8031c62ff9774a3f63f6f58
kynurenine,direct_neighbor_ridge,lung,0,4,176,137.49810948312975,137.82971445441763,cf9883e99ee1b956d01c2cb42a4d284b982ce23065d3616a5e1cced359e41fb5
kynurenine,direct_neighbor_ridge,bone,1,0,19,21.10058630827982,21.128066171603024,32d2e2f547f707a9f12d899e65a934275c9f49020e10d214973126d05910ec9c
kynurenine,direct_neighbor_ridge,ovary,1,0,45,77.67041643938782,77.67482583438573,32d2e2f547f707a9f12d899e65a934275c9f49020e10d214973126d05910ec9c
kynurenine,direct_neighbor_ridge,skin,1,0,52,50.06803717473449,48.90641664902467,32d2e2f547f707a9f12d899e65a934275c9f49020e10d214973126d05910ec9c
kynurenine,direct_neighbor_ridge,upper_aerodigestive_tract,1,0,30,35.36513032792227,34.92559660666954,32d2e2f547f707a9f12d899e65a934275c9f49020e10d214973126d05910ec9c
kynurenine,direct_neighbor_ridge,urinary_tract,1,0,25,29.55130928314066,28.982831457614328,32d2e2f547f707a9f12d899e65a934275c9f49020e10d214973126d05910ec9c
kynurenine,direct_neighbor_ridge,lung,1,1,176,137.49810948312975,137.82971445441763,cf9883e99ee1b956d01c2cb42a4d284b982ce23065d3616a5e1cced359e41fb5
kynurenine,direct_neighbor_ridge,autonomic_ganglia,1,2,16,11.950115613984828,11.370178129649362,db1ab3680dcfc2deb10e2511ec28b70b27966d5a436d724be48267bcbf200acf
kynurenine,direct_neighbor_ridge,haematopoietic_and_lymphoid_tissue,1,2,163,146.7841129879729,148.2311183243819,db1ab3680dcfc2deb10e2511ec28b70b27966d5a436d724be48267bcbf200acf
kynurenine,direct_neighbor_ridge,large_intestine,1,3,55,51.9597409482936,51.39265866013526,659dce4f66bf4ee0228513d024a4e287e9f1aa3957152332b1483ab0af67cb42
kynurenine,direct_neighbor_ridge,oesophagus,1,3,25,15.383034867525069,16.284520011901282,659dce4f66bf4ee0228513d024a4e287e9f1aa3957152332b1483ab0af67cb42
kynurenine,direct_neighbor_ridge,pancreas,1,3,41,56.492034691861434,55.69074135507722,659dce4f66bf4ee0228513d024a4e287e9f1aa3957152332b1483ab0af67cb42
kynurenine,direct_neighbor_ridge,soft_tissue,1,3,18,9.006962851011835,8.439309096976867,659dce4f66bf4ee0228513d024a4e287e9f1aa3957152332b1483ab0af67cb42
kynurenine,direct_neighbor_ridge,stomach,1,3,37,31.65407643502633,31.211867261062334,659dce4f66bf4ee0228513d024a4e287e9f1aa3957152332b1483ab0af67cb42
kynurenine,direct_neighbor_ridge,breast,1,4,49,51.51814342743832,52.35108847031989,9492e163b6ef19b0563b1ce8302b8e8794e2e4c9c8031c62ff9774a3f63f6f58
kynurenine,direct_neighbor_ridge,central_nervous_system,1,4,49,83.65885331138288,83.624442254491,9492e163b6ef19b0563b1ce8302b8e8794e2e4c9c8031c62ff9774a3f63f6f58
kynurenine,direct_neighbor_ridge,endometrium,1,4,28,14.800746010799427,15.103564279627332,9492e163b6ef19b0563b1ce8302b8e8794e2e4c9c8031c62ff9774a3f63f6f58
kynurenine,direct_neighbor_ridge,kidney,1,4,23,20.183304176296282,20.555098596542848,9492e163b6ef19b0563b1ce8302b8e8794e2e4c9c8031c62ff9774a3f63f6f58
kynurenine,direct_neighbor_ridge,liver,1,4,25,40.77694566700607,40.88569611789683,9492e163b6ef19b0563b1ce8302b8e8794e2e4c9c8031c62ff9774a3f63f6f58
leucine,direct_neighbor_ridge,autonomic_ganglia,0,0,16,20.427108766519346,22.197007521902396,db1ab3680dcfc2deb10e2511ec28b70b27966d5a436d724be48267bcbf200acf
leucine,direct_neighbor_ridge,haematopoietic_and_lymphoid_tissue,0,0,163,401.25739236951546,483.4982277700393,db1ab3680dcfc2deb10e2511ec28b70b27966d5a436d724be48267bcbf200acf
leucine,direct_neighbor_ridge,bone,0,1,19,20.662872374579717,17.578364470120324,32d2e2f547f707a9f12d899e65a934275c9f49020e10d214973126d05910ec9c
leucine,direct_neighbor_ridge,ovary,0,1,45,25.216220781315133,27.149005504977413,32d2e2f547f707a9f12d899e65a934275c9f49020e10d214973126d05910ec9c
leucine,direct_neighbor_ridge,skin,0,1,52,28.184215983138618,32.65061924820619,32d2e2f547f707a9f12d899e65a934275c9f49020e10d214973126d05910ec9c
leucine,direct_neighbor_ridge,upper_aerodigestive_tract,0,1,30,25.72685442164899,30.995662947802412,32d2e2f547f707a9f12d899e65a934275c9f49020e10d214973126d05910ec9c
leucine,direct_neighbor_ridge,urinary_tract,0,1,25,31.0695810429435,25.04567379564736,32d2e2f547f707a9f12d899e65a934275c9f49020e10d214973126d05910ec9c
leucine,direct_neighbor_ridge,large_intestine,0,2,55,35.41349351735498,49.41060207023639,659dce4f66bf4ee0228513d024a4e287e9f1aa3957152332b1483ab0af67cb42
leucine,direct_neighbor_ridge,oesophagus,0,2,25,6.1689421937096105,7.77647978097205,659dce4f66bf4ee0228513d024a4e287e9f1aa3957152332b1483ab0af67cb42
leucine,direct_neighbor_ridge,pancreas,0,2,41,24.109066941852372,19.602310507718396,659dce4f66bf4ee0228513d024a4e287e9f1aa3957152332b1483ab0af67cb42
leucine,direct_neighbor_ridge,soft_tissue,0,2,18,14.548633938876645,18.131674216254172,659dce4f66bf4ee0228513d024a4e287e9f1aa3957152332b1483ab0af67cb42
leucine,direct_neighbor_ridge,stomach,0,2,37,16.45305123834133,20.083674442210143,659dce4f66bf4ee0228513d024a4e287e9f1aa3957152332b1483ab0af67cb42
leucine,direct_neighbor_ridge,breast,0,3,49,28.17374892687484,44.84284250171215,9492e163b6ef19b0563b1ce8302b8e8794e2e4c9c8031c62ff9774a3f63f6f58
leucine,direct_neighbor_ridge,central_nervous_system,0,3,49,43.297140386920674,43.047138008427865,9492e163b6ef19b0563b1ce8302b8e8794e2e4c9c8031c62ff9774a3f63f6f58
leucine,direct_neighbor_ridge,endometrium,0,3,28,22.977187472786266,18.75194388875466,9492e163b6ef19b0563b1ce8302b8e8794e2e4c9c8031c62ff9774a3f63f6f58
leucine,direct_neighbor_ridge,kidney,0,3,23,9.403206328951207,15.151066059682847,9492e163b6ef19b0563b1ce8302b8e8794e2e4c9c8031c62ff9774a3f63f6f58
leucine,direct_neighbor_ridge,liver,0,3,25,22.564899066210717,29.858555420207885,9492e163b6ef19b0563b1ce8302b8e8794e2e4c9c8031c62ff9774a3f63f6f58
leucine,direct_neighbor_ridge,lung,0,4,176,157.4924992410933,187.4992838324203,cf9883e99ee1b956d01c2cb42a4d284b982ce23065d3616a5e1cced359e41fb5
leucine,direct_neighbor_ridge,bone,1,0,19,20.662872374579717,17.578364470120324,32d2e2f547f707a9f12d899e65a934275c9f49020e10d214973126d05910ec9c
leucine,direct_neighbor_ridge,ovary,1,0,45,25.216220781315133,27.149005504977413,32d2e2f547f707a9f12d899e65a934275c9f49020e10d214973126d05910ec9c
leucine,direct_neighbor_ridge,skin,1,0,52,28.184215983138618,32.65061924820619,32d2e2f547f707a9f12d899e65a934275c9f49020e10d214973126d05910ec9c
leucine,direct_neighbor_ridge,upper_aerodigestive_tract,1,0,30,25.72685442164899,30.995662947802412,32d2e2f547f707a9f12d899e65a934275c9f49020e10d214973126d05910ec9c
leucine,direct_neighbor_ridge,urinary_tract,1,0,25,31.0695810429435,25.04567379564736,32d2e2f547f707a9f12d899e65a934275c9f49020e10d214973126d05910ec9c
leucine,direct_neighbor_ridge,lung,1,1,176,158.47866940617936,187.4992838324203,cf9883e99ee1b956d01c2cb42a4d284b982ce23065d3616a5e1cced359e41fb5
leucine,direct_neighbor_ridge,autonomic_ganglia,1,2,16,20.427108766519346,22.197007521902396,db1ab3680dcfc2deb10e2511ec28b70b27966d5a436d724be48267bcbf200acf
leucine,direct_neighbor_ridge,haematopoietic_and_lymphoid_tissue,1,2,163,401.25739236951546,483.4982277700393,db1ab3680dcfc2deb10e2511ec28b70b27966d5a436d724be48267bcbf200acf
leucine,direct_neighbor_ridge,large_intestine,1,3,55,35.41349351735498,49.41060207023639,659dce4f66bf4ee0228513d024a4e287e9f1aa3957152332b1483ab0af67cb42
leucine,direct_neighbor_ridge,oesophagus,1,3,25,6.1689421937096105,7.77647978097205,659dce4f66bf4ee0228513d024a4e287e9f1aa3957152332b1483ab0af67cb42
leucine,direct_neighbor_ridge,pancreas,1,3,41,24.109066941852372,19.602310507718396,659dce4f66bf4ee0228513d024a4e287e9f1aa3957152332b1483ab0af67cb42
leucine,direct_neighbor_ridge,soft_tissue,1,3,18,14.548633938876645,18.131674216254172,659dce4f66bf4ee0228513d024a4e287e9f1aa3957152332b1483ab0af67cb42
leucine,direct_neighbor_ridge,stomach,1,3,37,16.45305123834133,20.083674442210143,659dce4f66bf4ee0228513d024a4e287e9f1aa3957152332b1483ab0af67cb42
leucine,direct_neighbor_ridge,breast,1,4,49,28.17374892687484,44.84284250171215,9492e163b6ef19b0563b1ce8302b8e8794e2e4c9c8031c62ff9774a3f63f6f58
leucine,direct_neighbor_ridge,central_nervous_system,1,4,49,43.297140386920674,43.047138008427865,9492e163b6ef19b0563b1ce8302b8e8794e2e4c9c8031c62ff9774a3f63f6f58
leucine,direct_neighbor_ridge,endometrium,1,4,28,22.977187472786266,18.75194388875466,9492e163b6ef19b0563b1ce8302b8e8794e2e4c9c8031c62ff9774a3f63f6f58
leucine,direct_neighbor_ridge,kidney,1,4,23,9.403206328951207,15.151066059682847,9492e163b6ef19b0563b1ce8302b8e8794e2e4c9c8031c62ff9774a3f63f6f58
leucine,direct_neighbor_ridge,liver,1,4,25,22.564899066210717,29.858555420207885,9492e163b6ef19b0563b1ce8302b8e8794e2e4c9c8031c62ff9774a3f63f6f58
lysine,direct_neighbor_ridge,autonomic_ganglia,0,0,16,15.098896311842369,15.940848678728294,db1ab3680dcfc2deb10e2511ec28b70b27966d5a436d724be48267bcbf200acf
lysine,direct_neighbor_ridge,haematopoietic_and_lymphoid_tissue,0,0,163,526.2643429451764,530.705065238699,db1ab3680dcfc2deb10e2511ec28b70b27966d5a436d724be48267bcbf200acf
lysine,direct_neighbor_ridge,bone,0,1,19,21.222387777835024,22.560972878549354,32d2e2f547f707a9f12d899e65a934275c9f49020e10d214973126d05910ec9c
lysine,direct_neighbor_ridge,ovary,0,1,45,34.50934916829741,36.49540102345699,32d2e2f547f707a9f12d899e65a934275c9f49020e10d214973126d05910ec9c
lysine,direct_neighbor_ridge,skin,0,1,52,48.109015039270275,49.953352794647785,32d2e2f547f707a9f12d899e65a934275c9f49020e10d214973126d05910ec9c
lysine,direct_neighbor_ridge,upper_aerodigestive_tract,0,1,30,39.731218918126864,35.79928940801969,32d2e2f547f707a9f12d899e65a934275c9f49020e10d214973126d05910ec9c
lysine,direct_neighbor_ridge,urinary_tract,0,1,25,24.291805642611624,23.29180798230164,32d2e2f547f707a9f12d899e65a934275c9f49020e10d214973126d05910ec9c
lysine,direct_neighbor_ridge,large_intestine,0,2,55,51.8750533836497,55.1944754097135,659dce4f66bf4ee0228513d024a4e287e9f1aa3957152332b1483ab0af67cb42
lysine,direct_neighbor_ridge,oesophagus,0,2,25,7.815746748629568,9.474557672996117,659dce4f66bf4ee0228513d024a4e287e9f1aa3957152332b1483ab0af67cb42
lysine,direct_neighbor_ridge,pancreas,0,2,41,16.7688544642395,16.677010399278778,659dce4f66bf4ee0228513d024a4e287e9f1aa3957152332b1483ab0af67cb42
lysine,direct_neighbor_ridge,soft_tissue,0,2,18,8.34433460253021,9.477446160363295,659dce4f66bf4ee0228513d024a4e287e9f1aa3957152332b1483ab0af67cb42
lysine,direct_neighbor_ridge,stomach,0,2,37,24.868672928400983,26.715145832865183,659dce4f66bf4ee0228513d024a4e287e9f1aa3957152332b1483ab0af67cb42
lysine,direct_neighbor_ridge,breast,0,3,49,42.373595269194965,37.533509148430795,9492e163b6ef19b0563b1ce8302b8e8794e2e4c9c8031c62ff9774a3f63f6f58
lysine,direct_neighbor_ridge,central_nervous_system,0,3,49,45.19500389847231,46.24099357828537,9492e163b6ef19b0563b1ce8302b8e8794e2e4c9c8031c62ff9774a3f63f6f58
lysine,direct_neighbor_ridge,endometrium,0,3,28,17.942549983474123,20.144758650031616,9492e163b6ef19b0563b1ce8302b8e8794e2e4c9c8031c62ff9774a3f63f6f58
lysine,direct_neighbor_ridge,kidney,0,3,23,22.874166186380595,21.05406925831663,9492e163b6ef19b0563b1ce8302b8e8794e2e4c9c8031c62ff9774a3f63f6f58
lysine,direct_neighbor_ridge,liver,0,3,25,22.864370739904725,20.762570854158188,9492e163b6ef19b0563b1ce8302b8e8794e2e4c9c8031c62ff9774a3f63f6f58
lysine,direct_neighbor_ridge,lung,0,4,176,141.15888870618284,145.2484867965145,cf9883e99ee1b956d01c2cb42a4d284b982ce23065d3616a5e1cced359e41fb5
lysine,direct_neighbor_ridge,bone,1,0,19,21.222387777835024,22.560972878549354,32d2e2f547f707a9f12d899e65a934275c9f49020e10d214973126d05910ec9c
lysine,direct_neighbor_ridge,ovary,1,0,45,34.50934916829741,36.49540102345699,32d2e2f547f707a9f12d899e65a934275c9f49020e10d214973126d05910ec9c
lysine,direct_neighbor_ridge,skin,1,0,52,48.109015039270275,49.953352794647785,32d2e2f547f707a9f12d899e65a934275c9f49020e10d214973126d05910ec9c
lysine,direct_neighbor_ridge,upper_aerodigestive_tract,1,0,30,39.731218918126864,35.79928940801969,32d2e2f547f707a9f12d899e65a934275c9f49020e10d214973126d05910ec9c
lysine,direct_neighbor_ridge,urinary_tract,1,0,25,24.291805642611624,23.29180798230164,32d2e2f547f707a9f12d899e65a934275c9f49020e10d214973126d05910ec9c
lysine,direct_neighbor_ridge,lung,1,1,176,141.15888870618284,145.2484867965145,cf9883e99ee1b956d01c2cb42a4d284b982ce23065d3616a5e1cced359e41fb5
lysine,direct_neighbor_ridge,autonomic_ganglia,1,2,16,15.098896311842369,15.940848678728294,db1ab3680dcfc2deb10e2511ec28b70b27966d5a436d724be48267bcbf200acf
lysine,direct_neighbor_ridge,haematopoietic_and_lymphoid_tissue,1,2,163,526.2643429451764,530.705065238699,db1ab3680dcfc2deb10e2511ec28b70b27966d5a436d724be48267bcbf200acf
lysine,direct_neighbor_ridge,large_intestine,1,3,55,51.464773752654814,55.1944754097135,659dce4f66bf4ee0228513d024a4e287e9f1aa3957152332b1483ab0af67cb42
lysine,direct_neighbor_ridge,oesophagus,1,3,25,7.610505347641577,9.474557672996117,659dce4f66bf4ee0228513d024a4e287e9f1aa3957152332b1483ab0af67cb42
lysine,direct_neighbor_ridge,pancreas,1,3,41,16.851129462345128,16.677010399278778,659dce4f66bf4ee0228513d024a4e287e9f1aa3957152332b1483ab0af67cb42
lysine,direct_neighbor_ridge,soft_tissue,1,3,18,8.21032821286782,9.477446160363295,659dce4f66bf4ee0228513d024a4e287e9f1aa3957152332b1483ab0af67cb42
lysine,direct_neighbor_ridge,stomach,1,3,37,24.660871277892443,26.715145832865183,659dce4f66bf4ee0228513d024a4e287e9f1aa3957152332b1483ab0af67cb42
lysine,direct_neighbor_ridge,breast,1,4,49,42.373595269194965,37.533509148430795,9492e163b6ef19b0563b1ce8302b8e8794e2e4c9c8031c62ff9774a3f63f6f58
lysine,direct_neighbor_ridge,central_nervous_system,1,4,49,45.19500389847231,46.24099357828537,9492e163b6ef19b0563b1ce8302b8e8794e2e4c9c8031c62ff9774a3f63f6f58
lysine,direct_neighbor_ridge,endometrium,1,4,28,17.942549983474123,20.144758650031616,9492e163b6ef19b0563b1ce8302b8e8794e2e4c9c8031c62ff9774a3f63f6f58
lysine,direct_neighbor_ridge,kidney,1,4,23,22.874166186380595,21.05406925831663,9492e163b6ef19b0563b1ce8302b8e8794e2e4c9c8031c62ff9774a3f63f6f58
lysine,direct_neighbor_ridge,liver,1,4,25,22.864370739904725,20.762570854158188,9492e163b6ef19b0563b1ce8302b8e8794e2e4c9c8031c62ff9774a3f63f6f58
malate,direct_neighbor_ridge,autonomic_ganglia,0,0,16,8.938021225089186,9.92060632129008,db1ab3680dcfc2deb10e2511ec28b70b27966d5a436d724be48267bcbf200acf
malate,direct_neighbor_ridge,haematopoietic_and_lymphoid_tissue,0,0,163,367.1001789597365,370.69924333134657,db1ab3680dcfc2deb10e2511ec28b70b27966d5a436d724be48267bcbf200acf
malate,direct_neighbor_ridge,bone,0,1,19,12.444342281753682,17.6456999427776,32d2e2f547f707a9f12d899e65a934275c9f49020e10d214973126d05910ec9c
malate,direct_neighbor_ridge,ovary,0,1,45,21.14289826426811,25.162215853368437,32d2e2f547f707a9f12d899e65a934275c9f49020e10d214973126d05910ec9c
malate,direct_neighbor_ridge,skin,0,1,52,17.105470252132534,23.51005087715004,32d2e2f547f707a9f12d899e65a934275c9f49020e10d214973126d05910ec9c
malate,direct_neighbor_ridge,upper_aerodigestive_tract,0,1,30,16.106536107349235,16.048501588303832,32d2e2f547f707a9f12d899e65a934275c9f49020e10d214973126d05910ec9c
malate,direct_neighbor_ridge,urinary_tract,0,1,25,12.835213283739947,16.180043416089575,32d2e2f547f707a9f12d899e65a934275c9f49020e10d214973126d05910ec9c
malate,direct_neighbor_ridge,large_intestine,0,2,55,29.058831704844394,41.40263020984443,659dce4f66bf4ee0228513d024a4e287e9f1aa3957152332b1483ab0af67cb42
malate,direct_neighbor_ridge,oesophagus,0,2,25,25.118470260062953,26.181586546874616,659dce4f66bf4ee0228513d024a4e287e9f1aa3957152332b1483ab0af67cb42
malate,direct_neighbor_ridge,pancreas,0,2,41,33.94981152243621,30.932323747430814,659dce4f66bf4ee0228513d024a4e287e9f1aa3957152332b1483ab0af67cb42
malate,direct_neighbor_ridge,soft_tissue,0,2,18,13.889097055430522,13.32752579038067,659dce4f66bf4ee0228513d024a4e287e9f1aa3957152332b1483ab0af67cb42
malate,direct_neighbor_ridge,stomach,0,2,37,18.818853434293363,26.761597283131284,659dce4f66bf4ee0228513d024a4e287e9f1aa3957152332b1483ab0af67cb42
malate,direct_neighbor_ridge,breast,0,3,49,37.9126604054008,55.876923265003704,9492e163b6ef19b0563b1ce8302b8e8794e2e4c9c8031c62ff9774a3f63f6f58
malate,direct_neighbor_ridge,central_nervous_system,0,3,49,56.17752650198519,75.75371685796141,9492e163b6ef19b0563b1ce8302b8e8794e2e4c9c8031c62ff9774a3f63f6f58
malate,direct_neighbor_ridge,endometrium,0,3,28,10.97289163044214,13.847446234122343,9492e163b6ef19b0563b1ce8302b8e8794e2e4c9c8031c62ff9774a3f63f6f58
malate,direct_neighbor_ridge,kidney,0,3,23,8.092809151501251,10.915540126197461,9492e163b6ef19b0563b1ce8302b8e8794e2e4c9c8031c62ff9774a3f63f6f58
malate,direct_neighbor_ridge,liver,0,3,25,22.371886102741325,35.370199106065506,9492e163b6ef19b0563b1ce8302b8e8794e2e4c9c8031c62ff9774a3f63f6f58
malate,direct_neighbor_ridge,lung,0,4,176,94.57904142621956,122.45356127275697,cf9883e99ee1b956d01c2cb42a4d284b982ce23065d3616a5e1cced359e41fb5
malate,direct_neighbor_ridge,bone,1,0,19,12.444342281753682,17.6456999427776,32d2e2f547f707a9f12d899e65a934275c9f49020e10d214973126d05910ec9c
malate,direct_neighbor_ridge,ovary,1,0,45,21.14289826426811,25.162215853368437,32d2e2f547f707a9f12d899e65a934275c9f49020e10d214973126d05910ec9c
malate,direct_neighbor_ridge,skin,1,0,52,17.105470252132534,23.51005087715004,32d2e2f547f707a9f12d899e65a934275c9f49020e10d214973126d05910ec9c
malate,direct_neighbor_ridge,upper_aerodigestive_tract,1,0,30,16.106536107349235,16.048501588303832,32d2e2f547f707a9f12d899e65a934275c9f49020e10d214973126d05910ec9c
malate,direct_neighbor_ridge,urinary_tract,1,0,25,12.835213283739947,16.180043416089575,32d2e2f547f707a9f12d899e65a934275c9f49020e10d214973126d05910ec9c
malate,direct_neighbor_ridge,lung,1,1,176,94.57904142621956,122.45356127275697,cf9883e99ee1b956d01c2cb42a4d284b982ce23065d3616a5e1cced359e41fb5
malate,direct_neighbor_ridge,autonomic_ganglia,1,2,16,8.938021225089186,9.92060632129008,db1ab3680dcfc2deb10e2511ec28b70b27966d5a436d724be48267bcbf200acf
malate,direct_neighbor_ridge,haematopoietic_and_lymphoid_tissue,1,2,163,367.1001789597365,370.69924333134657,db1ab3680dcfc2deb10e2511ec28b70b27966d5a436d724be48267bcbf200acf
malate,direct_neighbor_ridge,large_intestine,1,3,55,29.058831704844394,41.40263020984443,659dce4f66bf4ee0228513d024a4e287e9f1aa3957152332b1483ab0af67cb42
malate,direct_neighbor_ridge,oesophagus,1,3,25,25.118470260062953,26.181586546874616,659dce4f66bf4ee0228513d024a4e287e9f1aa3957152332b1483ab0af67cb42
malate,direct_neighbor_ridge,pancreas,1,3,41,33.94981152243621,30.932323747430814,659dce4f66bf4ee0228513d024a4e287e9f1aa3957152332b1483ab0af67cb42
malate,direct_neighbor_ridge,soft_tissue,1,3,18,13.889097055430522,13.32752579038067,659dce4f66bf4ee0228513d024a4e287e9f1aa3957152332b1483ab0af67cb42
malate,direct_neighbor_ridge,stomach,1,3,37,18.818853434293363,26.761597283131284,659dce4f66bf4ee0228513d024a4e287e9f1aa3957152332b1483ab0af67cb42
malate,direct_neighbor_ridge,breast,1,4,49,37.9126604054008,55.876923265003704,9492e163b6ef19b0563b1ce8302b8e8794e2e4c9c8031c62ff9774a3f63f6f58
malate,direct_neighbor_ridge,central_nervous_system,1,4,49,56.17752650198519,75.75371685796141,9492e163b6ef19b0563b1ce8302b8e8794e2e4c9c8031c62ff9774a3f63f6f58
malate,direct_neighbor_ridge,endometrium,1,4,28,10.97289163044214,13.847446234122343,9492e163b6ef19b0563b1ce8302b8e8794e2e4c9c8031c62ff9774a3f63f6f58
malate,direct_neighbor_ridge,kidney,1,4,23,8.092809151501251,10.915540126197461,9492e163b6ef19b0563b1ce8302b8e8794e2e4c9c8031c62ff9774a3f63f6f58
malate,direct_neighbor_ridge,liver,1,4,25,22.371886102741325,35.370199106065506,9492e163b6ef19b0563b1ce8302b8e8794e2e4c9c8031c62ff9774a3f63f6f58
methionine,direct_neighbor_ridge,autonomic_ganglia,0,0,16,11.322393447986954,14.456899458433872,db1ab3680dcfc2deb10e2511ec28b70b27966d5a436d724be48267bcbf200acf
methionine,direct_neighbor_ridge,haematopoietic_and_lymphoid_tissue,0,0,163,220.555234443589,425.34168221894396,db1ab3680dcfc2deb10e2511ec28b70b27966d5a436d724be48267bcbf200acf
methionine,direct_neighbor_ridge,bone,0,1,19,6.923290097523111,14.5413672209433,32d2e2f547f707a9f12d899e65a934275c9f49020e10d214973126d05910ec9c
methionine,direct_neighbor_ridge,ovary,0,1,45,22.603837709628,30.151370632853272,32d2e2f547f707a9f12d899e65a934275c9f49020e10d214973126d05910ec9c
methionine,direct_neighbor_ridge,skin,0,1,52,18.687315035972606,26.046631272991974,32d2e2f547f707a9f12d899e65a934275c9f49020e10d214973126d05910ec9c
methionine,direct_neighbor_ridge,upper_aerodigestive_tract,0,1,30,18.484269592974815,29.65178117388702,32d2e2f547f707a9f12d899e65a934275c9f49020e10d214973126d05910ec9c
methionine,direct_neighbor_ridge,urinary_tract,0,1,25,18.87536645141612,26.998991322130344,32d2e2f547f707a9f12d899e65a934275c9f49020e10d214973126d05910ec9c
methionine,direct_neighbor_ridge,large_intestine,0,2,55,55.54551885320879,80.3518481252007,659dce4f66bf4ee0228513d024a4e287e9f1aa3957152332b1483ab0af67cb42
methionine,direct_neighbor_ridge,oesophagus,0,2,25,18.878010960998882,17.497880848926307,659dce4f66bf4ee0228513d024a4e287e9f1aa3957152332b1483ab0af67cb42
methionine,direct_neighbor_ridge,pancreas,0,2,41,10.371665370311678,15.88155733920214,659dce4f66bf4ee0228513d024a4e287e9f1aa3957152332b1483ab0af67cb42
methionine,direct_neighbor_ridge,soft_tissue,0,2,18,5.529246167444498,8.504219388831045,659dce4f66bf4ee0228513d024a4e287e9f1aa3957152332b1483ab0af67cb42
methionine,direct_neighbor_ridge,stomach,0,2,37,24.93776634167278,23.893958245300627,659dce4f66bf4ee0228513d024a4e287e9f1aa3957152332b1483ab0af67cb42
methionine,direct_neighbor_ridge,breast,0,3,49,32.135775338165494,41.17723601408385,9492e163b6ef19b0563b1ce8302b8e8794e2e4c9c8031c62ff9774a3f63f6f58
methionine,direct_neighbor_ridge,central_nervous_system,0,3,49,28.76866688369166,40.66338817595697,9492e163b6ef19b0563b1ce8302b8e8794e2e4c9c8031c62ff9774a3f63f6f58
methionine,direct_neighbor_ridge,endometrium,0,3,28,13.948776921984813,17.490995847471304,9492e163b6ef19b0563b1ce8302b8e8794e2e4c9c8031c62ff9774a3f63f6f58
methionine,direct_neighbor_ridge,kidney,0,3,23,5.396066324701541,12.435770098545367,9492e163b6ef19b0563b1ce8302b8e8794e2e4c9c8031c62ff9774a3f63f6f58
methionine,direct_neighbor_ridge,liver,0,3,25,28.02646931817402,28.164634550097908,9492e163b6ef19b0563b1ce8302b8e8794e2e4c9c8031c62ff9774a3f63f6f58
methionine,direct_neighbor_ridge,lung,0,4,176,157.01145696019276,206.3038714858282,cf9883e99ee1b956d01c2cb42a4d284b982ce23065d3616a5e1cced359e41fb5
methionine,direct_neighbor_ridge,bone,1,0,19,6.923290097523111,14.5413672209433,32d2e2f547f707a9f12d899e65a934275c9f49020e10d214973126d05910ec9c
methionine,direct_neighbor_ridge,ovary,1,0,45,22.603837709628,30.151370632853272,32d2e2f547f707a9f12d899e65a934275c9f49020e10d214973126d05910ec9c
methionine,direct_neighbor_ridge,skin,1,0,52,18.687315035972606,26.046631272991974,32d2e2f547f707a9f12d899e65a934275c9f49020e10d214973126d05910ec9c
methionine,direct_neighbor_ridge,upper_aerodigestive_tract,1,0,30,18.484269592974815,29.65178117388702,32d2e2f547f707a9f12d899e65a934275c9f49020e10d214973126d05910ec9c
methionine,direct_neighbor_ridge,urinary_tract,1,0,25,18.87536645141612,26.998991322130344,32d2e2f547f707a9f12d899e65a934275c9f49020e10d214973126d05910ec9c
methionine,direct_neighbor_ridge,lung,1,1,176,157.01145696019276,206.3038714858282,cf9883e99ee1b956d01c2cb42a4d284b982ce23065d3616a5e1cced359e41fb5
methionine,direct_neighbor_ridge,autonomic_ganglia,1,2,16,11.322393447986954,14.456899458433872,db1ab3680dcfc2deb10e2511ec28b70b27966d5a436d724be48267bcbf200acf
methionine,direct_neighbor_ridge,haematopoietic_and_lymphoid_tissue,1,2,163,220.555234443589,425.34168221894396,db1ab3680dcfc2deb10e2511ec28b70b27966d5a436d724be48267bcbf200acf
methionine,direct_neighbor_ridge,large_intestine,1,3,55,57.24423671912383,80.3518481252007,659dce4f66bf4ee0228513d024a4e287e9f1aa3957152332b1483ab0af67cb42
methionine,direct_neighbor_ridge,oesophagus,1,3,25,21.323148608911605,17.497880848926307,659dce4f66bf4ee0228513d024a4e287e9f1aa3957152332b1483ab0af67cb42
methionine,direct_neighbor_ridge,pancreas,1,3,41,11.223353193450745,15.88155733920214,659dce4f66bf4ee0228513d024a4e287e9f1aa3957152332b1483ab0af67cb42
methionine,direct_neighbor_ridge,soft_tissue,1,3,18,6.058285739222174,8.504219388831045,659dce4f66bf4ee0228513d024a4e287e9f1aa3957152332b1483ab0af67cb42
methionine,direct_neighbor_ridge,stomach,1,3,37,26.054010519827745,23.893958245300627,659dce4f66bf4ee0228513d024a4e287e9f1aa3957152332b1483ab0af67cb42
methionine,direct_neighbor_ridge,breast,1,4,49,32.135775338165494,41.17723601408385,9492e163b6ef19b0563b1ce8302b8e8794e2e4c9c8031c62ff9774a3f63f6f58
methionine,direct_neighbor_ridge,central_nervous_system,1,4,49,28.76866688369166,40.66338817595697,9492e163b6ef19b0563b1ce8302b8e8794e2e4c9c8031c62ff9774a3f63f6f58
methionine,direct_neighbor_ridge,endometrium,1,4,28,13.948776921984813,17.490995847471304,9492e163b6ef19b0563b1ce8302b8e8794e2e4c9c8031c62ff9774a3f63f6f58
methionine,direct_neighbor_ridge,kidney,1,4,23,5.396066324701541,12.435770098545367,9492e163b6ef19b0563b1ce8302b8e8794e2e4c9c8031c62ff9774a3f63f6f58
methionine,direct_neighbor_ridge,liver,1,4,25,28.02646931817402,28.164634550097908,9492e163b6ef19b0563b1ce8302b8e8794e2e4c9c8031c62ff9774a3f63f6f58
ornithine,direct_neighbor_ridge,autonomic_ganglia,0,0,16,11.110039015351104,12.101165995763445,db1ab3680dcfc2deb10e2511ec28b70b27966d5a436d724be48267bcbf200acf
ornithine,direct_neighbor_ridge,haematopoietic_and_lymphoid_tissue,0,0,163,181.39335385297386,216.39959568073897,db1ab3680dcfc2deb10e2511ec28b70b27966d5a436d724be48267bcbf200acf
ornithine,direct_neighbor_ridge,bone,0,1,19,11.543596827969314,11.891195180227985,32d2e2f547f707a9f12d899e65a934275c9f49020e10d214973126d05910ec9c
ornithine,direct_neighbor_ridge,ovary,0,1,45,23.525930888494976,33.07131566294692,32d2e2f547f707a9f12d899e65a934275c9f49020e10d214973126d05910ec9c
ornithine,direct_neighbor_ridge,skin,0,1,52,37.15197909774695,35.73028626661878,32d2e2f547f707a9f12d899e65a934275c9f49020e10d214973126d05910ec9c
ornithine,direct_neighbor_ridge,upper_aerodigestive_tract,0,1,30,18.081417667980862,18.154869274274205,32d2e2f547f707a9f12d899e65a934275c9f49020e10d214973126d05910ec9c
ornithine,direct_neighbor_ridge,urinary_tract,0,1,25,22.125548278681638,20.205098721370604,32d2e2f547f707a9f12d899e65a934275c9f49020e10d214973126d05910ec9c
ornithine,direct_neighbor_ridge,large_intestine,0,2,55,46.47996595399908,53.591588912692124,659dce4f66bf4ee0228513d024a4e287e9f1aa3957152332b1483ab0af67cb42
ornithine,direct_neighbor_ridge,oesophagus,0,2,25,15.545481661491252,16.08942780048647,659dce4f66bf4ee0228513d024a4e287e9f1aa3957152332b1483ab0af67cb42
ornithine,direct_neighbor_ridge,pancreas,0,2,41,52.242278133993224,57.22594714600923,659dce4f66bf4ee0228513d024a4e287e9f1aa3957152332b1483ab0af67cb42
ornithine,direct_neighbor_ridge,soft_tissue,0,2,18,23.934901893967986,24.67995973235314,659dce4f66bf4ee0228513d024a4e287e9f1aa3957152332b1483ab0af67cb42
ornithine,direct_neighbor_ridge,stomach,0,2,37,37.456801444165734,40.729388189614454,659dce4f66bf4ee0228513d024a4e287e9f1aa3957152332b1483ab0af67cb42
ornithine,direct_neighbor_ridge,breast,0,3,49,55.201547830604284,68.32638842670497,9492e163b6ef19b0563b1ce8302b8e8794e2e4c9c8031c62ff9774a3f63f6f58
ornithine,direct_neighbor_ridge,central_nervous_system,0,3,49,42.952185724225735,37.56854982723059,9492e163b6ef19b0563b1ce8302b8e8794e2e4c9c8031c62ff9774a3f63f6f58
ornithine,direct_neighbor_ridge,endometrium,0,3,28,16.002412655279876,18.845296378180333,9492e163b6ef19b0563b1ce8302b8e8794e2e4c9c8031c62ff9774a3f63f6f58
ornithine,direct_neighbor_ridge,kidney,0,3,23,13.8657227436404,14.443637714137596,9492e163b6ef19b0563b1ce8302b8e8794e2e4c9c8031c62ff9774a3f63f6f58
ornithine,direct_neighbor_ridge,liver,0,3,25,29.21902592757537,24.70275226290169,9492e163b6ef19b0563b1ce8302b8e8794e2e4c9c8031c62ff9774a3f63f6f58
ornithine,direct_neighbor_ridge,lung,0,4,176,163.19590216014637,193.9862607274,cf9883e99ee1b956d01c2cb42a4d284b982ce23065d3616a5e1cced359e41fb5
ornithine,direct_neighbor_ridge,bone,1,0,19,11.543596827969314,11.891195180227985,32d2e2f547f707a9f12d899e65a934275c9f49020e10d214973126d05910ec9c
ornithine,direct_neighbor_ridge,ovary,1,0,45,23.525930888494976,33.07131566294692,32d2e2f547f707a9f12d899e65a934275c9f49020e10d214973126d05910ec9c
ornithine,direct_neighbor_ridge,skin,1,0,52,37.15197909774695,35.73028626661878,32d2e2f547f707a9f12d899e65a934275c9f49020e10d214973126d05910ec9c
ornithine,direct_neighbor_ridge,upper_aerodigestive_tract,1,0,30,18.081417667980862,18.154869274274205,32d2e2f547f707a9f12d899e65a934275c9f49020e10d214973126d05910ec9c
ornithine,direct_neighbor_ridge,urinary_tract,1,0,25,22.125548278681638,20.205098721370604,32d2e2f547f707a9f12d899e65a934275c9f49020e10d214973126d05910ec9c
ornithine,direct_neighbor_ridge,lung,1,1,176,163.19590216014637,193.9862607274,cf9883e99ee1b956d01c2cb42a4d284b982ce23065d3616a5e1cced359e41fb5
ornithine,direct_neighbor_ridge,autonomic_ganglia,1,2,16,11.110039015351104,12.101165995763445,db1ab3680dcfc2deb10e2511ec28b70b27966d5a436d724be48267bcbf200acf
ornithine,direct_neighbor_ridge,haematopoietic_and_lymphoid_tissue,1,2,163,181.39335385297386,216.39959568073897,db1ab3680dcfc2deb10e2511ec28b70b27966d5a436d724be48267bcbf200acf
ornithine,direct_neighbor_ridge,large_intestine,1,3,55,46.92784184390508,53.591588912692124,659dce4f66bf4ee0228513d024a4e287e9f1aa3957152332b1483ab0af67cb42
ornithine,direct_neighbor_ridge,oesophagus,1,3,25,15.470445861824361,16.08942780048647,659dce4f66bf4ee0228513d024a4e287e9f1aa3957152332b1483ab0af67cb42
ornithine,direct_neighbor_ridge,pancreas,1,3,41,52.58625787398152,57.22594714600923,659dce4f66bf4ee0228513d024a4e287e9f1aa3957152332b1483ab0af67cb42
ornithine,direct_neighbor_ridge,soft_tissue,1,3,18,24.055613948562314,24.67995973235314,659dce4f66bf4ee0228513d024a4e287e9f1aa3957152332b1483ab0af67cb42
ornithine,direct_neighbor_ridge,stomach,1,3,37,37.838930093797934,40.729388189614454,659dce4f66bf4ee0228513d024a4e287e9f1aa3957152332b1483ab0af67cb42
ornithine,direct_neighbor_ridge,breast,1,4,49,55.201547830604284,68.32638842670497,9492e163b6ef19b0563b1ce8302b8e8794e2e4c9c8031c62ff9774a3f63f6f58
ornithine,direct_neighbor_ridge,central_nervous_system,1,4,49,42.952185724225735,37.56854982723059,9492e163b6ef19b0563b1ce8302b8e8794e2e4c9c8031c62ff9774a3f63f6f58
ornithine,direct_neighbor_ridge,endometrium,1,4,28,16.002412655279876,18.845296378180333,9492e163b6ef19b0563b1ce8302b8e8794e2e4c9c8031c62ff9774a3f63f6f58
ornithine,direct_neighbor_ridge,kidney,1,4,23,13.8657227436404,14.443637714137596,9492e163b6ef19b0563b1ce8302b8e8794e2e4c9c8031c62ff9774a3f63f6f58
ornithine,direct_neighbor_ridge,liver,1,4,25,29.21902592757537,24.70275226290169,9492e163b6ef19b0563b1ce8302b8e8794e2e4c9c8031c62ff9774a3f63f6f58
oxalate,direct_neighbor_ridge,autonomic_ganglia,0,0,16,32.048754724269344,32.56685794157381,db1ab3680dcfc2deb10e2511ec28b70b27966d5a436d724be48267bcbf200acf
oxalate,direct_neighbor_ridge,haematopoietic_and_lymphoid_tissue,0,0,163,622.0576324868123,699.0905046093674,db1ab3680dcfc2deb10e2511ec28b70b27966d5a436d724be48267bcbf200acf
oxalate,direct_neighbor_ridge,bone,0,1,19,11.099983855047054,12.117990824252857,32d2e2f547f707a9f12d899e65a934275c9f49020e10d214973126d05910ec9c
oxalate,direct_neighbor_ridge,ovary,0,1,45,21.71933853871092,26.294778368924902,32d2e2f547f707a9f12d899e65a934275c9f49020e10d214973126d05910ec9c
oxalate,direct_neighbor_ridge,skin,0,1,52,36.927549889776515,39.860986946074554,32d2e2f547f707a9f12d899e65a934275c9f49020e10d214973126d05910ec9c
oxalate,direct_neighbor_ridge,upper_aerodigestive_tract,0,1,30,15.537724724552472,17.8882259877464,32d2e2f547f707a9f12d899e65a934275c9f49020e10d214973126d05910ec9c
oxalate,direct_neighbor_ridge,urinary_tract,0,1,25,6.780943705249747,7.143318274390969,32d2e2f547f707a9f12d899e65a934275c9f49020e10d214973126d05910ec9c
oxalate,direct_neighbor_ridge,large_intestine,0,2,55,31.779936352807336,31.877811526498263,659dce4f66bf4ee0228513d024a4e287e9f1aa3957152332b1483ab0af67cb42
oxalate,direct_neighbor_ridge,oesophagus,0,2,25,18.11120932343262,19.476141571023227,659dce4f66bf4ee0228513d024a4e287e9f1aa3957152332b1483ab0af67cb42
oxalate,direct_neighbor_ridge,pancreas,0,2,41,31.237162303320506,33.51720391968158,659dce4f66bf4ee0228513d024a4e287e9f1aa3957152332b1483ab0af67cb42
oxalate,direct_neighbor_ridge,soft_tissue,0,2,18,6.769459842302108,8.25359683307446,659dce4f66bf4ee0228513d024a4e287e9f1aa3957152332b1483ab0af67cb42
oxalate,direct_neighbor_ridge,stomach,0,2,37,33.04880761367422,30.273288293341732,659dce4f66bf4ee0228513d024a4e287e9f1aa3957152332b1483ab0af67cb42
oxalate,direct_neighbor_ridge,breast,0,3,49,24.312005642485694,25.91835838917653,9492e163b6ef19b0563b1ce8302b8e8794e2e4c9c8031c62ff9774a3f63f6f58
oxalate,direct_neighbor_ridge,central_nervous_system,0,3,49,29.149087912535702,32.08349580119337,9492e163b6ef19b0563b1ce8302b8e8794e2e4c9c8031c62ff9774a3f63f6f58
oxalate,direct_neighbor_ridge,endometrium,0,3,28,13.997868675663607,15.758124906939857,9492e163b6ef19b0563b1ce8302b8e8794e2e4c9c8031c62ff9774a3f63f6f58
oxalate,direct_neighbor_ridge,kidney,0,3,23,5.875342697778672,6.598095605085013,9492e163b6ef19b0563b1ce8302b8e8794e2e4c9c8031c62ff9774a3f63f6f58
oxalate,direct_neighbor_ridge,liver,0,3,25,15.551314590941319,17.08812083979891,9492e163b6ef19b0563b1ce8302b8e8794e2e4c9c8031c62ff9774a3f63f6f58
oxalate,direct_neighbor_ridge,lung,0,4,176,176.08471173400122,194.4675769908942,cf9883e99ee1b956d01c2cb42a4d284b982ce23065d3616a5e1cced359e41fb5
oxalate,direct_neighbor_ridge,bone,1,0,19,11.099983855047054,12.117990824252857,32d2e2f547f707a9f12d899e65a934275c9f49020e10d214973126d05910ec9c
oxalate,direct_neighbor_ridge,ovary,1,0,45,21.71933853871092,26.294778368924902,32d2e2f547f707a9f12d899e65a934275c9f49020e10d214973126d05910ec9c
oxalate,direct_neighbor_ridge,skin,1,0,52,36.927549889776515,39.860986946074554,32d2e2f547f707a9f12d899e65a934275c9f49020e10d214973126d05910ec9c
oxalate,direct_neighbor_ridge,upper_aerodigestive_tract,1,0,30,15.537724724552472,17.8882259877464,32d2e2f547f707a9f12d899e65a934275c9f49020e10d214973126d05910ec9c
oxalate,direct_neighbor_ridge,urinary_tract,1,0,25,6.780943705249747,7.143318274390969,32d2e2f547f707a9f12d899e65a934275c9f49020e10d214973126d05910ec9c
oxalate,direct_neighbor_ridge,lung,1,1,176,176.08471173400122,194.4675769908942,cf9883e99ee1b956d01c2cb42a4d284b982ce23065d3616a5e1cced359e41fb5
oxalate,direct_neighbor_ridge,autonomic_ganglia,1,2,16,32.048754724269344,32.56685794157381,db1ab3680dcfc2deb10e2511ec28b70b27966d5a436d724be48267bcbf200acf
oxalate,direct_neighbor_ridge,haematopoietic_and_lymphoid_tissue,1,2,163,622.0576324868123,699.0905046093674,db1ab3680dcfc2deb10e2511ec28b70b27966d5a436d724be48267bcbf200acf
oxalate,direct_neighbor_ridge,large_intestine,1,3,55,31.779936352807336,31.877811526498263,659dce4f66bf4ee0228513d024a4e287e9f1aa3957152332b1483ab0af67cb42
oxalate,direct_neighbor_ridge,oesophagus,1,3,25,18.11120932343262,19.476141571023227,659dce4f66bf4ee0228513d024a4e287e9f1aa3957152332b1483ab0af67cb42
oxalate,direct_neighbor_ridge,pancreas,1,3,41,31.237162303320506,33.51720391968158,659dce4f66bf4ee0228513d024a4e287e9f1aa3957152332b1483ab0af67cb42
oxalate,direct_neighbor_ridge,soft_tissue,1,3,18,6.769459842302108,8.25359683307446,659dce4f66bf4ee0228513d024a4e287e9f1aa3957152332b1483ab0af67cb42
oxalate,direct_neighbor_ridge,stomach,1,3,37,33.04880761367422,30.273288293341732,659dce4f66bf4ee0228513d024a4e287e9f1aa3957152332b1483ab0af67cb42
oxalate,direct_neighbor_ridge,breast,1,4,49,24.312005642485694,25.91835838917653,9492e163b6ef19b0563b1ce8302b8e8794e2e4c9c8031c62ff9774a3f63f6f58
oxalate,direct_neighbor_ridge,central_nervous_system,1,4,49,29.149087912535702,32.08349580119337,9492e163b6ef19b0563b1ce8302b8e8794e2e4c9c8031c62ff9774a3f63f6f58
oxalate,direct_neighbor_ridge,endometrium,1,4,28,13.997868675663607,15.758124906939857,9492e163b6ef19b0563b1ce8302b8e8794e2e4c9c8031c62ff9774a3f63f6f58
oxalate,direct_neighbor_ridge,kidney,1,4,23,5.875342697778672,6.598095605085013,9492e163b6ef19b0563b1ce8302b8e8794e2e4c9c8031c62ff9774a3f63f6f58
oxalate,direct_neighbor_ridge,liver,1,4,25,15.551314590941319,17.08812083979891,9492e163b6ef19b0563b1ce8302b8e8794e2e4c9c8031c62ff9774a3f63f6f58
phenylalanine,direct_neighbor_ridge,autonomic_ganglia,0,0,16,10.718762397189412,16.4419439025455,db1ab3680dcfc2deb10e2511ec28b70b27966d5a436d724be48267bcbf200acf
phenylalanine,direct_neighbor_ridge,haematopoietic_and_lymphoid_tissue,0,0,163,160.1878528697626,412.1982502190378,db1ab3680dcfc2deb10e2511ec28b70b27966d5a436d724be48267bcbf200acf
phenylalanine,direct_neighbor_ridge,bone,0,1,19,12.525830691094702,21.676745807928757,32d2e2f547f707a9f12d899e65a934275c9f49020e10d214973126d05910ec9c
phenylalanine,direct_neighbor_ridge,ovary,0,1,45,24.171573365738112,32.586056976385635,32d2e2f547f707a9f12d899e65a934275c9f49020e10d214973126d05910ec9c
phenylalanine,direct_neighbor_ridge,skin,0,1,52,36.84640014739874,46.160170187067145,32d2e2f547f707a9f12d899e65a934275c9f49020e10d214973126d05910ec9c
phenylalanine,direct_neighbor_ridge,upper_aerodigestive_tract,0,1,30,33.79590567946134,44.77084421405059,32d2e2f547f707a9f12d899e65a934275c9f49020e10d214973126d05910ec9c
phenylalanine,direct_neighbor_ridge,urinary_tract,0,1,25,28.043109649325693,33.548633975479774,32d2e2f547f707a9f12d899e65a934275c9f49020e10d214973126d05910ec9c
phenylalanine,direct_neighbor_ridge,large_intestine,0,2,55,40.287904551474234,61.14419776495575,659dce4f66bf4ee0228513d024a4e287e9f1aa3957152332b1483ab0af67cb42
phenylalanine,direct_neighbor_ridge,oesophagus,0,2,25,35.583430593385344,28.64542309082579,659dce4f66bf4ee0228513d024a4e287e9f1aa3957152332b1483ab0af67cb42
phenylalanine,direct_neighbor_ridge,pancreas,0,2,41,21.9006032943335,15.904514093305734,659dce4f66bf4ee0228513d024a4e287e9f1aa3957152332b1483ab0af67cb42
phenylalanine,direct_neighbor_ridge,soft_tissue,0,2,18,7.767557411289157,17.057506402218095,659dce4f66bf4ee0228513d024a4e287e9f1aa3957152332b1483ab0af67cb42
phenylalanine,direct_neighbor_ridge,stomach,0,2,37,24.490635607396797,22.038194873284663,659dce4f66bf4ee0228513d024a4e287e9f1aa3957152332b1483ab0af67cb42
phenylalanine,direct_neighbor_ridge,breast,0,3,49,34.229283404795524,39.6190628859427,9492e163b6ef19b0563b1ce8302b8e8794e2e4c9c8031c62ff9774a3f63f6f58
phenylalanine,direct_neighbor_ridge,central_nervous_system,0,3,49,29.83577256706294,48.55450037163914,9492e163b6ef19b0563b1ce8302b8e8794e2e4c9c8031c62ff9774a3f63f6f58
phenylalanine,direct_neighbor_ridge,endometrium,0,3,28,14.788049400614897,22.045060186924765,9492e163b6ef19b0563b1ce8302b8e8794e2e4c9c8031c62ff9774a3f63f6f58
phenylalanine,direct_neighbor_ridge,kidney,0,3,23,9.115794847397336,16.90123173081742,9492e163b6ef19b0563b1ce8302b8e8794e2e4c9c8031c62ff9774a3f63f6f58
phenylalanine,direct_neighbor_ridge,liver,0,3,25,13.09356705506557,25.354277090412925,9492e163b6ef19b0563b1ce8302b8e8794e2e4c9c8031c62ff9774a3f63f6f58
phenylalanine,direct_neighbor_ridge,lung,0,4,176,105.48742583562446,150.76161413694672,cf9883e99ee1b956d01c2cb42a4d284b982ce23065d3616a5e1cced359e41fb5
phenylalanine,direct_neighbor_ridge,bone,1,0,19,12.525830691094702,21.676745807928757,32d2e2f547f707a9f12d899e65a934275c9f49020e10d214973126d05910ec9c
phenylalanine,direct_neighbor_ridge,ovary,1,0,45,24.171573365738112,32.586056976385635,32d2e2f547f707a9f12d899e65a934275c9f49020e10d214973126d05910ec9c
phenylalanine,direct_neighbor_ridge,skin,1,0,52,36.84640014739874,46.160170187067145,32d2e2f547f707a9f12d899e65a934275c9f49020e10d214973126d05910ec9c
phenylalanine,direct_neighbor_ridge,upper_aerodigestive_tract,1,0,30,33.79590567946134,44.77084421405059,32d2e2f547f707a9f12d899e65a934275c9f49020e10d214973126d05910ec9c
phenylalanine,direct_neighbor_ridge,urinary_tract,1,0,25,28.043109649325693,33.548633975479774,32d2e2f547f707a9f12d899e65a934275c9f49020e10d214973126d05910ec9c
phenylalanine,direct_neighbor_ridge,lung,1,1,176,105.48742583562446,150.76161413694672,cf9883e99ee1b956d01c2cb42a4d284b982ce23065d3616a5e1cced359e41fb5
phenylalanine,direct_neighbor_ridge,autonomic_ganglia,1,2,16,10.718762397189412,16.4419439025455,db1ab3680dcfc2deb10e2511ec28b70b27966d5a436d724be48267bcbf200acf
phenylalanine,direct_neighbor_ridge,haematopoietic_and_lymphoid_tissue,1,2,163,160.1878528697626,412.1982502190378,db1ab3680dcfc2deb10e2511ec28b70b27966d5a436d724be48267bcbf200acf
phenylalanine,direct_neighbor_ridge,large_intestine,1,3,55,40.287904551474234,61.14419776495575,659dce4f66bf4ee0228513d024a4e287e9f1aa3957152332b1483ab0af67cb42
phenylalanine,direct_neighbor_ridge,oesophagus,1,3,25,35.583430593385344,28.64542309082579,659dce4f66bf4ee0228513d024a4e287e9f1aa3957152332b1483ab0af67cb42
phenylalanine,direct_neighbor_ridge,pancreas,1,3,41,21.9006032943335,15.904514093305734,659dce4f66bf4ee0228513d024a4e287e9f1aa3957152332b1483ab0af67cb42
phenylalanine,direct_neighbor_ridge,soft_tissue,1,3,18,7.767557411289157,17.057506402218095,659dce4f66bf4ee0228513d024a4e287e9f1aa3957152332b1483ab0af67cb42
phenylalanine,direct_neighbor_ridge,stomach,1,3,37,24.490635607396797,22.038194873284663,659dce4f66bf4ee0228513d024a4e287e9f1aa3957152332b1483ab0af67cb42
phenylalanine,direct_neighbor_ridge,breast,1,4,49,33.993642257591496,39.6190628859427,9492e163b6ef19b0563b1ce8302b8e8794e2e4c9c8031c62ff9774a3f63f6f58
phenylalanine,direct_neighbor_ridge,central_nervous_system,1,4,49,29.885251518927102,48.55450037163914,9492e163b6ef19b0563b1ce8302b8e8794e2e4c9c8031c62ff9774a3f63f6f58
phenylalanine,direct_neighbor_ridge,endometrium,1,4,28,14.78021832227473,22.045060186924765,9492e163b6ef19b0563b1ce8302b8e8794e2e4c9c8031c62ff9774a3f63f6f58
phenylalanine,direct_neighbor_ridge,kidney,1,4,23,9.183781919651482,16.90123173081742,9492e163b6ef19b0563b1ce8302b8e8794e2e4c9c8031c62ff9774a3f63f6f58
phenylalanine,direct_neighbor_ridge,liver,1,4,25,13.206192944741753,25.354277090412925,9492e163b6ef19b0563b1ce8302b8e8794e2e4c9c8031c62ff9774a3f63f6f58
proline,direct_neighbor_ridge,autonomic_ganglia,0,0,16,4.282658113052449,7.425671300102393,db1ab3680dcfc2deb10e2511ec28b70b27966d5a436d724be48267bcbf200acf
proline,direct_neighbor_ridge,haematopoietic_and_lymphoid_tissue,0,0,163,139.3593063149009,173.8993077836708,db1ab3680dcfc2deb10e2511ec28b70b27966d5a436d724be48267bcbf200acf
proline,direct_neighbor_ridge,bone,0,1,19,15.526464404713332,31.82134804256843,32d2e2f547f707a9f12d899e65a934275c9f49020e10d214973126d05910ec9c
proline,direct_neighbor_ridge,ovary,0,1,45,25.06749920811556,26.168595309285354,32d2e2f547f707a9f12d899e65a934275c9f49020e10d214973126d05910ec9c
proline,direct_neighbor_ridge,skin,0,1,52,29.499164356823616,38.63873514581818,32d2e2f547f707a9f12d899e65a934275c9f49020e10d214973126d05910ec9c
proline,direct_neighbor_ridge,upper_aerodigestive_tract,0,1,30,27.277165285140125,39.42406265501003,32d2e2f547f707a9f12d899e65a934275c9f49020e10d214973126d05910ec9c
proline,direct_neighbor_ridge,urinary_tract,0,1,25,25.933249704330255,42.92183473672115,32d2e2f547f707a9f12d899e65a934275c9f49020e10d214973126d05910ec9c
proline,direct_neighbor_ridge,large_intestine,0,2,55,41.856340125413695,50.542115535827946,659dce4f66bf4ee0228513d024a4e287e9f1aa3957152332b1483ab0af67cb42
proline,direct_neighbor_ridge,oesophagus,0,2,25,10.898284078390589,16.765268906942264,659dce4f66bf4ee0228513d024a4e287e9f1aa3957152332b1483ab0af67cb42
proline,direct_neighbor_ridge,pancreas,0,2,41,26.48850083961261,33.69248515103249,659dce4f66bf4ee0228513d024a4e287e9f1aa3957152332b1483ab0af67cb42
proline,direct_neighbor_ridge,soft_tissue,0,2,18,22.208715865050817,31.14311422066647,659dce4f66bf4ee0228513d024a4e287e9f1aa3957152332b1483ab0af67cb42
proline,direct_neighbor_ridge,stomach,0,2,37,15.787123113259838,23.35189025784756,659dce4f66bf4ee0228513d024a4e287e9f1aa3957152332b1483ab0af67cb42
proline,direct_neighbor_ridge,breast,0,3,49,41.655181126661056,65.18668673153131,9492e163b6ef19b0563b1ce8302b8e8794e2e4c9c8031c62ff9774a3f63f6f58
proline,direct_neighbor_ridge,central_nervous_system,0,3,49,30.65253135027638,45.40085383714989,9492e163b6ef19b0563b1ce8302b8e8794e2e4c9c8031c62ff9774a3f63f6f58
proline,direct_neighbor_ridge,endometrium,0,3,28,15.131459704650341,19.349892912493694,9492e163b6ef19b0563b1ce8302b8e8794e2e4c9c8031c62ff9774a3f63f6f58
proline,direct_neighbor_ridge,kidney,0,3,23,32.975683043832376,24.830275120686036,9492e163b6ef19b0563b1ce8302b8e8794e2e4c9c8031c62ff9774a3f63f6f58
proline,direct_neighbor_ridge,liver,0,3,25,47.74370014213697,72.2387837625973,9492e163b6ef19b0563b1ce8302b8e8794e2e4c9c8031c62ff9774a3f63f6f58
proline,direct_neighbor_ridge,lung,0,4,176,103.85618578332529,148.3660694649438,cf9883e99ee1b956d01c2cb42a4d284b982ce23065d3616a5e1cced359e41fb5
proline,direct_neighbor_ridge,bone,1,0,19,15.526464404713332,31.82134804256843,32d2e2f547f707a9f12d899e65a934275c9f49020e10d214973126d05910ec9c
proline,direct_neighbor_ridge,ovary,1,0,45,25.06749920811556,26.168595309285354,32d2e2f547f707a9f12d899e65a934275c9f49020e10d214973126d05910ec9c
proline,direct_neighbor_ridge,skin,1,0,52,29.499164356823616,38.63873514581818,32d2e2f547f707a9f12d899e65a934275c9f49020e10d214973126d05910ec9c
proline,direct_neighbor_ridge,upper_aerodigestive_tract,1,0,30,27.277165285140125,39.42406265501003,32d2e2f547f707a9f12d899e65a934275c9f49020e10d214973126d05910ec9c
proline,direct_neighbor_ridge,urinary_tract,1,0,25,25.933249704330255,42.92183473672115,32d2e2f547f707a9f12d899e65a934275c9f49020e10d214973126d05910ec9c
proline,direct_neighbor_ridge,lung,1,1,176,103.85618578332529,148.3660694649438,cf9883e99ee1b956d01c2cb42a4d284b982ce23065d3616a5e1cced359e41fb5
proline,direct_neighbor_ridge,autonomic_ganglia,1,2,16,4.282658113052449,7.425671300102393,db1ab3680dcfc2deb10e2511ec28b70b27966d5a436d724be48267bcbf200acf
proline,direct_neighbor_ridge,haematopoietic_and_lymphoid_tissue,1,2,163,139.3593063149009,173.8993077836708,db1ab3680dcfc2deb10e2511ec28b70b27966d5a436d724be48267bcbf200acf
proline,direct_neighbor_ridge,large_intestine,1,3,55,41.856340125413695,50.542115535827946,659dce4f66bf4ee0228513d024a4e287e9f1aa3957152332b1483ab0af67cb42
proline,direct_neighbor_ridge,oesophagus,1,3,25,10.898284078390589,16.765268906942264,659dce4f66bf4ee0228513d024a4e287e9f1aa3957152332b1483ab0af67cb42
proline,direct_neighbor_ridge,pancreas,1,3,41,26.48850083961261,33.69248515103249,659dce4f66bf4ee0228513d024a4e287e9f1aa3957152332b1483ab0af67cb42
proline,direct_neighbor_ridge,soft_tissue,1,3,18,22.208715865050817,31.14311422066647,659dce4f66bf4ee0228513d024a4e287e9f1aa3957152332b1483ab0af67cb42
proline,direct_neighbor_ridge,stomach,1,3,37,15.787123113259838,23.35189025784756,659dce4f66bf4ee0228513d024a4e287e9f1aa3957152332b1483ab0af67cb42
proline,direct_neighbor_ridge,breast,1,4,49,41.655181126661056,65.18668673153131,9492e163b6ef19b0563b1ce8302b8e8794e2e4c9c8031c62ff9774a3f63f6f58
proline,direct_neighbor_ridge,central_nervous_system,1,4,49,30.65253135027638,45.40085383714989,9492e163b6ef19b0563b1ce8302b8e8794e2e4c9c8031c62ff9774a3f63f6f58
proline,direct_neighbor_ridge,endometrium,1,4,28,15.131459704650341,19.349892912493694,9492e163b6ef19b0563b1ce8302b8e8794e2e4c9c8031c62ff9774a3f63f6f58
proline,direct_neighbor_ridge,kidney,1,4,23,32.975683043832376,24.830275120686036,9492e163b6ef19b0563b1ce8302b8e8794e2e4c9c8031c62ff9774a3f63f6f58
proline,direct_neighbor_ridge,liver,1,4,25,47.74370014213697,72.2387837625973,9492e163b6ef19b0563b1ce8302b8e8794e2e4c9c8031c62ff9774a3f63f6f58
putrescine,direct_neighbor_ridge,autonomic_ganglia,0,0,16,16.584364524068743,16.40282202580971,db1ab3680dcfc2deb10e2511ec28b70b27966d5a436d724be48267bcbf200acf
putrescine,direct_neighbor_ridge,haematopoietic_and_lymphoid_tissue,0,0,163,183.04499345354722,180.25607717101133,db1ab3680dcfc2deb10e2511ec28b70b27966d5a436d724be48267bcbf200acf
putrescine,direct_neighbor_ridge,bone,0,1,19,33.76488306577867,33.77172597964556,32d2e2f547f707a9f12d899e65a934275c9f49020e10d214973126d05910ec9c
putrescine,direct_neighbor_ridge,ovary,0,1,45,33.33558074000876,33.341874324935155,32d2e2f547f707a9f12d899e65a934275c9f49020e10d214973126d05910ec9c
putrescine,direct_neighbor_ridge,skin,0,1,52,94.08714823789362,94.07441847856595,32d2e2f547f707a9f12d899e65a934275c9f49020e10d214973126d05910ec9c
putrescine,direct_neighbor_ridge,upper_aerodigestive_tract,0,1,30,17.64332968341841,17.64244177177487,32d2e2f547f707a9f12d899e65a934275c9f49020e10d214973126d05910ec9c
putrescine,direct_neighbor_ridge,urinary_tract,0,1,25,38.81674735125978,38.82961729621603,32d2e2f547f707a9f12d899e65a934275c9f49020e10d214973126d05910ec9c
putrescine,direct_neighbor_ridge,large_intestine,0,2,55,37.253725777491205,37.355305407471754,659dce4f66bf4ee0228513d024a4e287e9f1aa3957152332b1483ab0af67cb42
putrescine,direct_neighbor_ridge,oesophagus,0,2,25,21.789525178970585,21.860634115144865,659dce4f66bf4ee0228513d024a4e287e9f1aa3957152332b1483ab0af67cb42
putrescine,direct_neighbor_ridge,pancreas,0,2,41,34.137973308717896,34.15765019602403,659dce4f66bf4ee0228513d024a4e287e9f1aa3957152332b1483ab0af67cb42
putrescine,direct_neighbor_ridge,soft_tissue,0,2,18,27.746511601735797,27.57996801954071,659dce4f66bf4ee0228513d024a4e287e9f1aa3957152332b1483ab0af67cb42
putrescine,direct_neighbor_ridge,stomach,0,2,37,21.018396691376203,21.093928303722297,659dce4f66bf4ee0228513d024a4e287e9f1aa3957152332b1483ab0af67cb42
putrescine,direct_neighbor_ridge,breast,0,3,49,62.71161802433579,61.67293701212611,9492e163b6ef19b0563b1ce8302b8e8794e2e4c9c8031c62ff9774a3f63f6f58
putrescine,direct_neighbor_ridge,central_nervous_system,0,3,49,33.509959031647774,33.398341962530665,9492e163b6ef19b0563b1ce8302b8e8794e2e4c9c8031c62ff9774a3f63f6f58
putrescine,direct_neighbor_ridge,endometrium,0,3,28,18.35201896654971,18.10716776004795,9492e163b6ef19b0563b1ce8302b8e8794e2e4c9c8031c62ff9774a3f63f6f58
putrescine,direct_neighbor_ridge,kidney,0,3,23,11.220684433204966,11.10409882530846,9492e163b6ef19b0563b1ce8302b8e8794e2e4c9c8031c62ff9774a3f63f6f58
putrescine,direct_neighbor_ridge,liver,0,3,25,17.18153007287783,16.32953384454946,9492e163b6ef19b0563b1ce8302b8e8794e2e4c9c8031c62ff9774a3f63f6f58
putrescine,direct_neighbor_ridge,lung,0,4,176,199.95099359157797,196.69092340115512,cf9883e99ee1b956d01c2cb42a4d284b982ce23065d3616a5e1cced359e41fb5
putrescine,direct_neighbor_ridge,bone,1,0,19,33.76488306577867,33.77172597964556,32d2e2f547f707a9f12d899e65a934275c9f49020e10d214973126d05910ec9c
putrescine,direct_neighbor_ridge,ovary,1,0,45,33.33558074000876,33.341874324935155,32d2e2f547f707a9f12d899e65a934275c9f49020e10d214973126d05910ec9c
putrescine,direct_neighbor_ridge,skin,1,0,52,94.08714823789362,94.07441847856595,32d2e2f547f707a9f12d899e65a934275c9f49020e10d214973126d05910ec9c
putrescine,direct_neighbor_ridge,upper_aerodigestive_tract,1,0,30,17.64332968341841,17.64244177177487,32d2e2f547f707a9f12d899e65a934275c9f49020e10d214973126d05910ec9c
putrescine,direct_neighbor_ridge,urinary_tract,1,0,25,38.81674735125978,38.82961729621603,32d2e2f547f707a9f12d899e65a934275c9f49020e10d214973126d05910ec9c
putrescine,direct_neighbor_ridge,lung,1,1,176,199.95099359157797,196.69092340115512,cf9883e99ee1b956d01c2cb42a4d284b982ce23065d3616a5e1cced359e41fb5
putrescine,direct_neighbor_ridge,autonomic_ganglia,1,2,16,16.584364524068743,16.40282202580971,db1ab3680dcfc2deb10e2511ec28b70b27966d5a436d724be48267bcbf200acf
putrescine,direct_neighbor_ridge,haematopoietic_and_lymphoid_tissue,1,2,163,183.04499345354722,180.25607717101133,db1ab3680dcfc2deb10e2511ec28b70b27966d5a436d724be48267bcbf200acf
putrescine,direct_neighbor_ridge,large_intestine,1,3,55,37.266092738341406,37.355305407471754,659dce4f66bf4ee0228513d024a4e287e9f1aa3957152332b1483ab0af67cb42
putrescine,direct_neighbor_ridge,oesophagus,1,3,25,21.798330102274292,21.860634115144865,659dce4f66bf4ee0228513d024a4e287e9f1aa3957152332b1483ab0af67cb42
putrescine,direct_neighbor_ridge,pancreas,1,3,41,34.14018391614509,34.15765019602403,659dce4f66bf4ee0228513d024a4e287e9f1aa3957152332b1483ab0af67cb42
putrescine,direct_neighbor_ridge,soft_tissue,1,3,18,27.725610140214453,27.57996801954071,659dce4f66bf4ee0228513d024a4e287e9f1aa3957152332b1483ab0af67cb42
putrescine,direct_neighbor_ridge,stomach,1,3,37,21.027570061953373,21.093928303722297,659dce4f66bf4ee0228513d024a4e287e9f1aa3957152332b1483ab0af67cb42
putrescine,direct_neighbor_ridge,breast,1,4,49,62.57571266372406,61.67293701212611,9492e163b6ef19b0563b1ce8302b8e8794e2e4c9c8031c62ff9774a3f63f6f58
putrescine,direct_neighbor_ridge,central_nervous_system,1,4,49,33.490147363206304,33.398341962530665,9492e163b6ef19b0563b1ce8302b8e8794e2e4c9c8031c62ff9774a3f63f6f58
putrescine,direct_neighbor_ridge,endometrium,1,4,28,18.318539310124613,18.10716776004795,9492e163b6ef19b0563b1ce8302b8e8794e2e4c9c8031c62ff9774a3f63f6f58
putrescine,direct_neighbor_ridge,kidney,1,4,23,11.20448896750843,11.10409882530846,9492e163b6ef19b0563b1ce8302b8e8794e2e4c9c8031c62ff9774a3f63f6f58
putrescine,direct_neighbor_ridge,liver,1,4,25,17.072011446503645,16.32953384454946,9492e163b6ef19b0563b1ce8302b8e8794e2e4c9c8031c62ff9774a3f63f6f58
sarcosine,direct_neighbor_ridge,autonomic_ganglia,0,0,16,5.743258032950438,5.218286644251737,db1ab3680dcfc2deb10e2511ec28b70b27966d5a436d724be48267bcbf200acf
sarcosine,direct_neighbor_ridge,haematopoietic_and_lymphoid_tissue,0,0,163,201.3126523134914,133.00043906616986,db1ab3680dcfc2deb10e2511ec28b70b27966d5a436d724be48267bcbf200acf
sarcosine,direct_neighbor_ridge,bone,0,1,19,18.902840353698124,23.354550288018054,32d2e2f547f707a9f12d899e65a934275c9f49020e10d214973126d05910ec9c
sarcosine,direct_neighbor_ridge,ovary,0,1,45,15.973258182483383,15.420198656315334,32d2e2f547f707a9f12d899e65a934275c9f49020e10d214973126d05910ec9c
sarcosine,direct_neighbor_ridge,skin,0,1,52,61.720487036489985,65.0181360351421,32d2e2f547f707a9f12d899e65a934275c9f49020e10d214973126d05910ec9c
sarcosine,direct_neighbor_ridge,upper_aerodigestive_tract,0,1,30,28.66215109762331,31.318084988915345,32d2e2f547f707a9f12d899e65a934275c9f49020e10d214973126d05910ec9c
sarcosine,direct_neighbor_ridge,urinary_tract,0,1,25,27.578748068792,32.900517165745704,32d2e2f547f707a9f12d899e65a934275c9f49020e10d214973126d05910ec9c
sarcosine,direct_neighbor_ridge,large_intestine,0,2,55,56.20740636922706,61.1644833656206,659dce4f66bf4ee0228513d024a4e287e9f1aa3957152332b1483ab0af67cb42
sarcosine,direct_neighbor_ridge,oesophagus,0,2,25,34.54736057996701,39.61253052981276,659dce4f66bf4ee0228513d024a4e287e9f1aa3957152332b1483ab0af67cb42
sarcosine,direct_neighbor_ridge,pancreas,0,2,41,35.883902499555276,39.899361555095965,659dce4f66bf4ee0228513d024a4e287e9f1aa3957152332b1483ab0af67cb42
sarcosine,direct_neighbor_ridge,soft_tissue,0,2,18,12.269644081216708,11.85988389853898,659dce4f66bf4ee0228513d024a4e287e9f1aa3957152332b1483ab0af67cb42
sarcosine,direct_neighbor_ridge,stomach,0,2,37,48.390786703094065,56.813018071437085,659dce4f66bf4ee0228513d024a4e287e9f1aa3957152332b1483ab0af67cb42
sarcosine,direct_neighbor_ridge,breast,0,3,49,61.27286161857254,57.24829289097584,9492e163b6ef19b0563b1ce8302b8e8794e2e4c9c8031c62ff9774a3f63f6f58
sarcosine,direct_neighbor_ridge,central_nervous_system,0,3,49,55.82214704016503,62.29015179504358,9492e163b6ef19b0563b1ce8302b8e8794e2e4c9c8031c62ff9774a3f63f6f58
sarcosine,direct_neighbor_ridge,endometrium,0,3,28,15.94881622598909,21.527312603132643,9492e163b6ef19b0563b1ce8302b8e8794e2e4c9c8031c62ff9774a3f63f6f58
sarcosine,direct_neighbor_ridge,kidney,0,3,23,32.81412375981259,21.945751100994567,9492e163b6ef19b0563b1ce8302b8e8794e2e4c9c8031c62ff9774a3f63f6f58
sarcosine,direct_neighbor_ridge,liver,0,3,25,31.554852857519265,32.45832713872948,9492e163b6ef19b0563b1ce8302b8e8794e2e4c9c8031c62ff9774a3f63f6f58
sarcosine,direct_neighbor_ridge,lung,0,4,176,177.00667382013233,179.14110283486013,cf9883e99ee1b956d01c2cb42a4d284b982ce23065d3616a5e1cced359e41fb5
sarcosine,direct_neighbor_ridge,bone,1,0,19,18.902840353698124,23.354550288018054,32d2e2f547f707a9f12d899e65a934275c9f49020e10d214973126d05910ec9c
sarcosine,direct_neighbor_ridge,ovary,1,0,45,15.973258182483383,15.420198656315334,32d2e2f547f707a9f12d899e65a934275c9f49020e10d214973126d05910ec9c
sarcosine,direct_neighbor_ridge,skin,1,0,52,61.720487036489985,65.0181360351421,32d2e2f547f707a9f12d899e65a934275c9f49020e10d214973126d05910ec9c
sarcosine,direct_neighbor_ridge,upper_aerodigestive_tract,1,0,30,28.66215109762331,31.318084988915345,32d2e2f547f707a9f12d899e65a934275c9f49020e10d214973126d05910ec9c
sarcosine,direct_neighbor_ridge,urinary_tract,1,0,25,27.578748068792,32.900517165745704,32d2e2f547f707a9f12d899e65a934275c9f49020e10d214973126d05910ec9c
sarcosine,direct_neighbor_ridge,lung,1,1,176,177.00667382013233,179.14110283486013,cf9883e99ee1b956d01c2cb42a4d284b982ce23065d3616a5e1cced359e41fb5
sarcosine,direct_neighbor_ridge,autonomic_ganglia,1,2,16,5.743258032950438,5.218286644251737,db1ab3680dcfc2deb10e2511ec28b70b27966d5a436d724be48267bcbf200acf
sarcosine,direct_neighbor_ridge,haematopoietic_and_lymphoid_tissue,1,2,163,201.3126523134914,133.00043906616986,db1ab3680dcfc2deb10e2511ec28b70b27966d5a436d724be48267bcbf200acf
sarcosine,direct_neighbor_ridge,large_intestine,1,3,55,56.20740636922706,61.1644833656206,659dce4f66bf4ee0228513d024a4e287e9f1aa3957152332b1483ab0af67cb42
sarcosine,direct_neighbor_ridge,oesophagus,1,3,25,34.54736057996701,39.61253052981276,659dce4f66bf4ee0228513d024a4e287e9f1aa3957152332b1483ab0af67cb42
sarcosine,direct_neighbor_ridge,pancreas,1,3,41,35.883902499555276,39.899361555095965,659dce4f66bf4ee0228513d024a4e287e9f1aa3957152332b1483ab0af67cb42
sarcosine,direct_neighbor_ridge,soft_tissue,1,3,18,12.269644081216708,11.85988389853898,659dce4f66bf4ee0228513d024a4e287e9f1aa3957152332b1483ab0af67cb42
sarcosine,direct_neighbor_ridge,stomach,1,3,37,48.390786703094065,56.813018071437085,659dce4f66bf4ee0228513d024a4e287e9f1aa3957152332b1483ab0af67cb42
sarcosine,direct_neighbor_ridge,breast,1,4,49,61.27286161857254,57.24829289097584,9492e163b6ef19b0563b1ce8302b8e8794e2e4c9c8031c62ff9774a3f63f6f58
sarcosine,direct_neighbor_ridge,central_nervous_system,1,4,49,55.82214704016503,62.29015179504358,9492e163b6ef19b0563b1ce8302b8e8794e2e4c9c8031c62ff9774a3f63f6f58
sarcosine,direct_neighbor_ridge,endometrium,1,4,28,15.94881622598909,21.527312603132643,9492e163b6ef19b0563b1ce8302b8e8794e2e4c9c8031c62ff9774a3f63f6f58
sarcosine,direct_neighbor_ridge,kidney,1,4,23,32.81412375981259,21.945751100994567,9492e163b6ef19b0563b1ce8302b8e8794e2e4c9c8031c62ff9774a3f63f6f58
sarcosine,direct_neighbor_ridge,liver,1,4,25,31.554852857519265,32.45832713872948,9492e163b6ef19b0563b1ce8302b8e8794e2e4c9c8031c62ff9774a3f63f6f58
serine,direct_neighbor_ridge,autonomic_ganglia,0,0,16,9.767612983734383,11.228872559670311,db1ab3680dcfc2deb10e2511ec28b70b27966d5a436d724be48267bcbf200acf
serine,direct_neighbor_ridge,haematopoietic_and_lymphoid_tissue,0,0,163,134.80608061282433,159.81295967139175,db1ab3680dcfc2deb10e2511ec28b70b27966d5a436d724be48267bcbf200acf
serine,direct_neighbor_ridge,bone,0,1,19,33.67148537100283,37.10173924806623,32d2e2f547f707a9f12d899e65a934275c9f49020e10d214973126d05910ec9c
serine,direct_neighbor_ridge,ovary,0,1,45,22.62633522598932,30.225879688580417,32d2e2f547f707a9f12d899e65a934275c9f49020e10d214973126d05910ec9c
serine,direct_neighbor_ridge,skin,0,1,52,36.73153894240852,42.37738412615452,32d2e2f547f707a9f12d899e65a934275c9f49020e10d214973126d05910ec9c
serine,direct_neighbor_ridge,upper_aerodigestive_tract,0,1,30,20.10001163778283,19.98687228172756,32d2e2f547f707a9f12d899e65a934275c9f49020e10d214973126d05910ec9c
serine,direct_neighbor_ridge,urinary_tract,0,1,25,48.423684039598214,44.177552205406926,32d2e2f547f707a9f12d899e65a934275c9f49020e10d214973126d05910ec9c
serine,direct_neighbor_ridge,large_intestine,0,2,55,78.4952342982714,76.24262616526453,659dce4f66bf4ee0228513d024a4e287e9f1aa3957152332b1483ab0af67cb42
serine,direct_neighbor_ridge,oesophagus,0,2,25,12.239468009145005,14.943514647435636,659dce4f66bf4ee0228513d024a4e287e9f1aa3957152332b1483ab0af67cb42
serine,direct_neighbor_ridge,pancreas,0,2,41,29.450769880201232,35.02919647286584,659dce4f66bf4ee0228513d024a4e287e9f1aa3957152332b1483ab0af67cb42
serine,direct_neighbor_ridge,soft_tissue,0,2,18,20.58295232337009,22.488601894624896,659dce4f66bf4ee0228513d024a4e287e9f1aa3957152332b1483ab0af67cb42
serine,direct_neighbor_ridge,stomach,0,2,37,18.71901262632951,22.498184569258786,659dce4f66bf4ee0228513d024a4e287e9f1aa3957152332b1483ab0af67cb42
serine,direct_neighbor_ridge,breast,0,3,49,24.868309912891704,39.7164743786416,9492e163b6ef19b0563b1ce8302b8e8794e2e4c9c8031c62ff9774a3f63f6f58
serine,direct_neighbor_ridge,central_nervous_system,0,3,49,71.23774052844777,71.79291187195476,9492e163b6ef19b0563b1ce8302b8e8794e2e4c9c8031c62ff9774a3f63f6f58
serine,direct_neighbor_ridge,endometrium,0,3,28,21.200459486443723,24.278469633183665,9492e163b6ef19b0563b1ce8302b8e8794e2e4c9c8031c62ff9774a3f63f6f58
serine,direct_neighbor_ridge,kidney,0,3,23,16.750248253234965,12.946476031874647,9492e163b6ef19b0563b1ce8302b8e8794e2e4c9c8031c62ff9774a3f63f6f58
serine,direct_neighbor_ridge,liver,0,3,25,29.602657383855433,25.529589153218968,9492e163b6ef19b0563b1ce8302b8e8794e2e4c9c8031c62ff9774a3f63f6f58
serine,direct_neighbor_ridge,lung,0,4,176,175.6248857580709,195.89676978760377,cf9883e99ee1b956d01c2cb42a4d284b982ce23065d3616a5e1cced359e41fb5
serine,direct_neighbor_ridge,bone,1,0,19,33.67148537100283,37.10173924806623,32d2e2f547f707a9f12d899e65a934275c9f49020e10d214973126d05910ec9c
serine,direct_neighbor_ridge,ovary,1,0,45,22.62633522598932,30.225879688580417,32d2e2f547f707a9f12d899e65a934275c9f49020e10d214973126d05910ec9c
serine,direct_neighbor_ridge,skin,1,0,52,36.73153894240852,42.37738412615452,32d2e2f547f707a9f12d899e65a934275c9f49020e10d214973126d05910ec9c
serine,direct_neighbor_ridge,upper_aerodigestive_tract,1,0,30,20.10001163778283,19.98687228172756,32d2e2f547f707a9f12d899e65a934275c9f49020e10d214973126d05910ec9c
serine,direct_neighbor_ridge,urinary_tract,1,0,25,48.423684039598214,44.177552205406926,32d2e2f547f707a9f12d899e65a934275c9f49020e10d214973126d05910ec9c
serine,direct_neighbor_ridge,lung,1,1,176,175.14878525503605,195.89676978760377,cf9883e99ee1b956d01c2cb42a4d284b982ce23065d3616a5e1cced359e41fb5
serine,direct_neighbor_ridge,autonomic_ganglia,1,2,16,9.866500045261915,11.228872559670311,db1ab3680dcfc2deb10e2511ec28b70b27966d5a436d724be48267bcbf200acf
serine,direct_neighbor_ridge,haematopoietic_and_lymphoid_tissue,1,2,163,136.20822885896033,159.81295967139175,db1ab3680dcfc2deb10e2511ec28b70b27966d5a436d724be48267bcbf200acf
serine,direct_neighbor_ridge,large_intestine,1,3,55,78.4952342982714,76.24262616526453,659dce4f66bf4ee0228513d024a4e287e9f1aa3957152332b1483ab0af67cb42
serine,direct_neighbor_ridge,oesophagus,1,3,25,12.239468009145005,14.943514647435636,659dce4f66bf4ee0228513d024a4e287e9f1aa3957152332b1483ab0af67cb42
serine,direct_neighbor_ridge,pancreas,1,3,41,29.450769880201232,35.02919647286584,659dce4f66bf4ee0228513d024a4e287e9f1aa3957152332b1483ab0af67cb42
serine,direct_neighbor_ridge,soft_tissue,1,3,18,20.58295232337009,22.488601894624896,659dce4f66bf4ee0228513d024a4e287e9f1aa3957152332b1483ab0af67cb42
serine,direct_neighbor_ridge,stomach,1,3,37,18.71901262632951,22.498184569258786,659dce4f66bf4ee0228513d024a4e287e9f1aa3957152332b1483ab0af67cb42
serine,direct_neighbor_ridge,breast,1,4,49,24.1155871168896,39.7164743786416,9492e163b6ef19b0563b1ce8302b8e8794e2e4c9c8031c62ff9774a3f63f6f58
serine,direct_neighbor_ridge,central_nervous_system,1,4,49,71.65352950714546,71.79291187195476,9492e163b6ef19b0563b1ce8302b8e8794e2e4c9c8031c62ff9774a3f63f6f58
serine,direct_neighbor_ridge,endometrium,1,4,28,21.159074520123983,24.278469633183665,9492e163b6ef19b0563b1ce8302b8e8794e2e4c9c8031c62ff9774a3f63f6f58
serine,direct_neighbor_ridge,kidney,1,4,23,17.57392791895926,12.946476031874647,9492e163b6ef19b0563b1ce8302b8e8794e2e4c9c8031c62ff9774a3f63f6f58
serine,direct_neighbor_ridge,liver,1,4,25,30.374247370202948,25.529589153218968,9492e163b6ef19b0563b1ce8302b8e8794e2e4c9c8031c62ff9774a3f63f6f58
taurine,direct_neighbor_ridge,autonomic_ganglia,0,0,16,14.461889003925155,12.378526827851939,db1ab3680dcfc2deb10e2511ec28b70b27966d5a436d724be48267bcbf200acf
taurine,direct_neighbor_ridge,haematopoietic_and_lymphoid_tissue,0,0,163,189.84553493391851,197.04856273248282,db1ab3680dcfc2deb10e2511ec28b70b27966d5a436d724be48267bcbf200acf
taurine,direct_neighbor_ridge,bone,0,1,19,11.129971830302486,13.837355205968313,32d2e2f547f707a9f12d899e65a934275c9f49020e10d214973126d05910ec9c
taurine,direct_neighbor_ridge,ovary,0,1,45,73.81799452338102,73.47595553976697,32d2e2f547f707a9f12d899e65a934275c9f49020e10d214973126d05910ec9c
taurine,direct_neighbor_ridge,skin,0,1,52,26.577825486348033,31.709902611045486,32d2e2f547f707a9f12d899e65a934275c9f49020e10d214973126d05910ec9c
taurine,direct_neighbor_ridge,upper_aerodigestive_tract,0,1,30,60.07047068546634,58.17929608643423,32d2e2f547f707a9f12d899e65a934275c9f49020e10d214973126d05910ec9c
taurine,direct_neighbor_ridge,urinary_tract,0,1,25,28.33943615378284,30.278985731590122,32d2e2f547f707a9f12d899e65a934275c9f49020e10d214973126d05910ec9c
taurine,direct_neighbor_ridge,large_intestine,0,2,55,35.91457278321878,34.95406908619724,659dce4f66bf4ee0228513d024a4e287e9f1aa3957152332b1483ab0af67cb42
taurine,direct_neighbor_ridge,oesophagus,0,2,25,14.58018375115523,12.968285892280022,659dce4f66bf4ee0228513d024a4e287e9f1aa3957152332b1483ab0af67cb42
taurine,direct_neighbor_ridge,pancreas,0,2,41,26.69068238921779,31.284676709821056,659dce4f66bf4ee0228513d024a4e287e9f1aa3957152332b1483ab0af67cb42
taurine,direct_neighbor_ridge,soft_tissue,0,2,18,37.9389177291474,37.35434569381427,659dce4f66bf4ee0228513d024a4e287e9f1aa3957152332b1483ab0af67cb42
taurine,direct_neighbor_ridge,stomach,0,2,37,27.266365734286467,31.547379990852853,659dce4f66bf4ee0228513d024a4e287e9f1aa3957152332b1483ab0af67cb42
taurine,direct_neighbor_ridge,breast,0,3,49,56.75893237441287,65.42862424663743,9492e163b6ef19b0563b1ce8302b8e8794e2e4c9c8031c62ff9774a3f63f6f58
taurine,direct_neighbor_ridge,central_nervous_system,0,3,49,28.786582060249795,32.46847941948755,9492e163b6ef19b0563b1ce8302b8e8794e2e4c9c8031c62ff9774a3f63f6f58
taurine,direct_neighbor_ridge,endometrium,0,3,28,28.843490691759214,27.828550807583227,9492e163b6ef19b0563b1ce8302b8e8794e2e4c9c8031c62ff9774a3f63f6f58
taurine,direct_neighbor_ridge,kidney,0,3,23,12.507812640584808,18.5736861041395,9492e163b6ef19b0563b1ce8302b8e8794e2e4c9c8031c62ff9774a3f63f6f58
taurine,direct_neighbor_ridge,liver,0,3,25,34.78067422440974,38.608021109482095,9492e163b6ef19b0563b1ce8302b8e8794e2e4c9c8031c62ff9774a3f63f6f58
taurine,direct_neighbor_ridge,lung,0,4,176,135.4624330663644,155.33105335729724,cf9883e99ee1b956d01c2cb42a4d284b982ce23065d3616a5e1cced359e41fb5
taurine,direct_neighbor_ridge,bone,1,0,19,11.129971830302486,13.837355205968313,32d2e2f547f707a9f12d899e65a934275c9f49020e10d214973126d05910ec9c
taurine,direct_neighbor_ridge,ovary,1,0,45,73.81799452338102,73.47595553976697,32d2e2f547f707a9f12d899e65a934275c9f49020e10d214973126d05910ec9c
taurine,direct_neighbor_ridge,skin,1,0,52,26.577825486348033,31.709902611045486,32d2e2f547f707a9f12d899e65a934275c9f49020e10d214973126d05910ec9c
taurine,direct_neighbor_ridge,upper_aerodigestive_tract,1,0,30,60.07047068546634,58.17929608643423,32d2e2f547f707a9f12d899e65a934275c9f49020e10d214973126d05910ec9c
taurine,direct_neighbor_ridge,urinary_tract,1,0,25,28.33943615378284,30.278985731590122,32d2e2f547f707a9f12d899e65a934275c9f49020e10d214973126d05910ec9c
taurine,direct_neighbor_ridge,lung,1,1,176,135.4624330663644,155.33105335729724,cf9883e99ee1b956d01c2cb42a4d284b982ce23065d3616a5e1cced359e41fb5
taurine,direct_neighbor_ridge,autonomic_ganglia,1,2,16,14.407887271847777,12.378526827851939,db1ab3680dcfc2deb10e2511ec28b70b27966d5a436d724be48267bcbf200acf
taurine,direct_neighbor_ridge,haematopoietic_and_lymphoid_tissue,1,2,163,189.65434461836526,197.04856273248282,db1ab3680dcfc2deb10e2511ec28b70b27966d5a436d724be48267bcbf200acf
taurine,direct_neighbor_ridge,large_intestine,1,3,55,35.91457278321878,34.95406908619724,659dce4f66bf4ee0228513d024a4e287e9f1aa3957152332b1483ab0af67cb42
taurine,direct_neighbor_ridge,oesophagus,1,3,25,14.58018375115523,12.968285892280022,659dce4f66bf4ee0228513d024a4e287e9f1aa3957152332b1483ab0af67cb42
taurine,direct_neighbor_ridge,pancreas,1,3,41,26.69068238921779,31.284676709821056,659dce4f66bf4ee0228513d024a4e287e9f1aa3957152332b1483ab0af67cb42
taurine,direct_neighbor_ridge,soft_tissue,1,3,18,37.9389177291474,37.35434569381427,659dce4f66bf4ee0228513d024a4e287e9f1aa3957152332b1483ab0af67cb42
taurine,direct_neighbor_ridge,stomach,1,3,37,27.266365734286467,31.547379990852853,659dce4f66bf4ee0228513d024a4e287e9f1aa3957152332b1483ab0af67cb42
taurine,direct_neighbor_ridge,breast,1,4,49,56.75893237441287,65.42862424663743,9492e163b6ef19b0563b1ce8302b8e8794e2e4c9c8031c62ff9774a3f63f6f58
taurine,direct_neighbor_ridge,central_nervous_system,1,4,49,28.786582060249795,32.46847941948755,9492e163b6ef19b0563b1ce8302b8e8794e2e4c9c8031c62ff9774a3f63f6f58
taurine,direct_neighbor_ridge,endometrium,1,4,28,28.843490691759214,27.828550807583227,9492e163b6ef19b0563b1ce8302b8e8794e2e4c9c8031c62ff9774a3f63f6f58
taurine,direct_neighbor_ridge,kidney,1,4,23,12.507812640584808,18.5736861041395,9492e163b6ef19b0563b1ce8302b8e8794e2e4c9c8031c62ff9774a3f63f6f58
taurine,direct_neighbor_ridge,liver,1,4,25,34.78067422440974,38.608021109482095,9492e163b6ef19b0563b1ce8302b8e8794e2e4c9c8031c62ff9774a3f63f6f58
taurocholate,direct_neighbor_ridge,autonomic_ganglia,0,0,16,11.02073856261679,11.072078229791147,db1ab3680dcfc2deb10e2511ec28b70b27966d5a436d724be48267bcbf200acf
taurocholate,direct_neighbor_ridge,haematopoietic_and_lymphoid_tissue,0,0,163,326.2285165071992,324.34469059150825,db1ab3680dcfc2deb10e2511ec28b70b27966d5a436d724be48267bcbf200acf
taurocholate,direct_neighbor_ridge,bone,0,1,19,24.82025780265233,26.280575706437556,32d2e2f547f707a9f12d899e65a934275c9f49020e10d214973126d05910ec9c
taurocholate,direct_neighbor_ridge,ovary,0,1,45,42.24469239080677,42.992769773464026,32d2e2f547f707a9f12d899e65a934275c9f49020e10d214973126d05910ec9c
taurocholate,direct_neighbor_ridge,skin,0,1,52,34.16054261502474,33.581275036701946,32d2e2f547f707a9f12d899e65a934275c9f49020e10d214973126d05910ec9c
taurocholate,direct_neighbor_ridge,upper_aerodigestive_tract,0,1,30,10.555086959756538,10.581850765498796,32d2e2f547f707a9f12d899e65a934275c9f49020e10d214973126d05910ec9c
taurocholate,direct_neighbor_ridge,urinary_tract,0,1,25,20.72876229238002,19.473248576008626,32d2e2f547f707a9f12d899e65a934275c9f49020e10d214973126d05910ec9c
taurocholate,direct_neighbor_ridge,large_intestine,0,2,55,53.68714895617544,54.075607445028986,659dce4f66bf4ee0228513d024a4e287e9f1aa3957152332b1483ab0af67cb42
taurocholate,direct_neighbor_ridge,oesophagus,0,2,25,18.493376815789368,17.343451640072697,659dce4f66bf4ee0228513d024a4e287e9f1aa3957152332b1483ab0af67cb42
taurocholate,direct_neighbor_ridge,pancreas,0,2,41,41.868937810353046,40.615296903162005,659dce4f66bf4ee0228513d024a4e287e9f1aa3957152332b1483ab0af67cb42
taurocholate,direct_neighbor_ridge,soft_tissue,0,2,18,31.028579562286634,30.59965396908025,659dce4f66bf4ee0228513d024a4e287e9f1aa3957152332b1483ab0af67cb42
taurocholate,direct_neighbor_ridge,stomach,0,2,37,24.6470978810941,25.688363024853523,659dce4f66bf4ee0228513d024a4e287e9f1aa3957152332b1483ab0af67cb42
taurocholate,direct_neighbor_ridge,breast,0,3,49,28.658109595154684,29.055493293072594,9492e163b6ef19b0563b1ce8302b8e8794e2e4c9c8031c62ff9774a3f63f6f58
taurocholate,direct_neighbor_ridge,central_nervous_system,0,3,49,22.65665429975934,22.70338424064386,9492e163b6ef19b0563b1ce8302b8e8794e2e4c9c8031c62ff9774a3f63f6f58
taurocholate,direct_neighbor_ridge,endometrium,0,3,28,41.19053310822161,41.92548728648634,9492e163b6ef19b0563b1ce8302b8e8794e2e4c9c8031c62ff9774a3f63f6f58
taurocholate,direct_neighbor_ridge,kidney,0,3,23,16.409830205074083,16.78167980643672,9492e163b6ef19b0563b1ce8302b8e8794e2e4c9c8031c62ff9774a3f63f6f58
taurocholate,direct_neighbor_ridge,liver,0,3,25,17.115649913630982,18.193144499576814,9492e163b6ef19b0563b1ce8302b8e8794e2e4c9c8031c62ff9774a3f63f6f58
taurocholate,direct_neighbor_ridge,lung,0,4,176,150.4908160265632,150.7844681298777,cf9883e99ee1b956d01c2cb42a4d284b982ce23065d3616a5e1cced359e41fb5
taurocholate,direct_neighbor_ridge,bone,1,0,19,24.82025780265233,26.280575706437556,32d2e2f547f707a9f12d899e65a934275c9f49020e10d214973126d05910ec9c
taurocholate,direct_neighbor_ridge,ovary,1,0,45,42.24469239080677,42.992769773464026,32d2e2f547f707a9f12d899e65a934275c9f49020e10d214973126d05910ec9c
taurocholate,direct_neighbor_ridge,skin,1,0,52,34.16054261502474,33.581275036701946,32d2e2f547f707a9f12d899e65a934275c9f49020e10d214973126d05910ec9c
taurocholate,direct_neighbor_ridge,upper_aerodigestive_tract,1,0,30,10.555086959756538,10.581850765498796,32d2e2f547f707a9f12d899e65a934275c9f49020e10d214973126d05910ec9c
taurocholate,direct_neighbor_ridge,urinary_tract,1,0,25,20.72876229238002,19.473248576008626,32d2e2f547f707a9f12d899e65a934275c9f49020e10d214973126d05910ec9c
taurocholate,direct_neighbor_ridge,lung,1,1,176,150.4908160265632,150.7844681298777,cf9883e99ee1b956d01c2cb42a4d284b982ce23065d3616a5e1cced359e41fb5
taurocholate,direct_neighbor_ridge,autonomic_ganglia,1,2,16,11.02073856261679,11.072078229791147,db1ab3680dcfc2deb10e2511ec28b70b27966d5a436d724be48267bcbf200acf
taurocholate,direct_neighbor_ridge,haematopoietic_and_lymphoid_tissue,1,2,163,326.2285165071992,324.34469059150825,db1ab3680dcfc2deb10e2511ec28b70b27966d5a436d724be48267bcbf200acf
taurocholate,direct_neighbor_ridge,large_intestine,1,3,55,53.68714895617544,54.075607445028986,659dce4f66bf4ee0228513d024a4e287e9f1aa3957152332b1483ab0af67cb42
taurocholate,direct_neighbor_ridge,oesophagus,1,3,25,18.493376815789368,17.343451640072697,659dce4f66bf4ee0228513d024a4e287e9f1aa3957152332b1483ab0af67cb42
taurocholate,direct_neighbor_ridge,pancreas,1,3,41,41.868937810353046,40.615296903162005,659dce4f66bf4ee0228513d024a4e287e9f1aa3957152332b1483ab0af67cb42
taurocholate,direct_neighbor_ridge,soft_tissue,1,3,18,31.028579562286634,30.59965396908025,659dce4f66bf4ee0228513d024a4e287e9f1aa3957152332b1483ab0af67cb42
taurocholate,direct_neighbor_ridge,stomach,1,3,37,24.6470978810941,25.688363024853523,659dce4f66bf4ee0228513d024a4e287e9f1aa3957152332b1483ab0af67cb42
taurocholate,direct_neighbor_ridge,breast,1,4,49,28.658109595154684,29.055493293072594,9492e163b6ef19b0563b1ce8302b8e8794e2e4c9c8031c62ff9774a3f63f6f58
taurocholate,direct_neighbor_ridge,central_nervous_system,1,4,49,22.65665429975934,22.70338424064386,9492e163b6ef19b0563b1ce8302b8e8794e2e4c9c8031c62ff9774a3f63f6f58
taurocholate,direct_neighbor_ridge,endometrium,1,4,28,41.19053310822161,41.92548728648634,9492e163b6ef19b0563b1ce8302b8e8794e2e4c9c8031c62ff9774a3f63f6f58
taurocholate,direct_neighbor_ridge,kidney,1,4,23,16.409830205074083,16.78167980643672,9492e163b6ef19b0563b1ce8302b8e8794e2e4c9c8031c62ff9774a3f63f6f58
taurocholate,direct_neighbor_ridge,liver,1,4,25,17.115649913630982,18.193144499576814,9492e163b6ef19b0563b1ce8302b8e8794e2e4c9c8031c62ff9774a3f63f6f58
thymidine,direct_neighbor_ridge,autonomic_ganglia,0,0,16,19.76373333182397,21.579914318510323,db1ab3680dcfc2deb10e2511ec28b70b27966d5a436d724be48267bcbf200acf
thymidine,direct_neighbor_ridge,haematopoietic_and_lymphoid_tissue,0,0,163,257.51107299120224,231.1969653293342,db1ab3680dcfc2deb10e2511ec28b70b27966d5a436d724be48267bcbf200acf
thymidine,direct_neighbor_ridge,bone,0,1,19,15.302440124953193,15.826318498660871,32d2e2f547f707a9f12d899e65a934275c9f49020e10d214973126d05910ec9c
thymidine,direct_neighbor_ridge,ovary,0,1,45,47.741561111418406,46.8864040795497,32d2e2f547f707a9f12d899e65a934275c9f49020e10d214973126d05910ec9c
thymidine,direct_neighbor_ridge,skin,0,1,52,35.29262706454246,36.33078662930328,32d2e2f547f707a9f12d899e65a934275c9f49020e10d214973126d05910ec9c
thymidine,direct_neighbor_ridge,upper_aerodigestive_tract,0,1,30,27.903014422474342,28.19890185773284,32d2e2f547f707a9f12d899e65a934275c9f49020e10d214973126d05910ec9c
thymidine,direct_neighbor_ridge,urinary_tract,0,1,25,11.371807796959532,11.699729954385138,32d2e2f547f707a9f12d899e65a934275c9f49020e10d214973126d05910ec9c
thymidine,direct_neighbor_ridge,large_intestine,0,2,55,44.86173763166734,44.54818728416636,659dce4f66bf4ee0228513d024a4e287e9f1aa3957152332b1483ab0af67cb42
thymidine,direct_neighbor_ridge,oesophagus,0,2,25,14.700419872052727,15.483760970298665,659dce4f66bf4ee0228513d024a4e287e9f1aa3957152332b1483ab0af67cb42
thymidine,direct_neighbor_ridge,pancreas,0,2,41,32.34912646373083,32.660640478381765,659dce4f66bf4ee0228513d024a4e287e9f1aa3957152332b1483ab0af67cb42
thymidine,direct_neighbor_ridge,soft_tissue,0,2,18,18.55540436215968,18.523745967289095,659dce4f66bf4ee0228513d024a4e287e9f1aa3957152332b1483ab0af67cb42
thymidine,direct_neighbor_ridge,stomach,0,2,37,40.78000477747501,41.71508455220039,659dce4f66bf4ee0228513d024a4e287e9f1aa3957152332b1483ab0af67cb42
thymidine,direct_neighbor_ridge,breast,0,3,49,37.92854405402735,38.89734363994975,9492e163b6ef19b0563b1ce8302b8e8794e2e4c9c8031c62ff9774a3f63f6f58
thymidine,direct_neighbor_ridge,central_nervous_system,0,3,49,72.20331405832248,73.48269484074962,9492e163b6ef19b0563b1ce8302b8e8794e2e4c9c8031c62ff9774a3f63f6f58
thymidine,direct_neighbor_ridge,endometrium,0,3,28,58.14581224745585,58.05986597793249,9492e163b6ef19b0563b1ce8302b8e8794e2e4c9c8031c62ff9774a3f63f6f58
thymidine,direct_neighbor_ridge,kidney,0,3,23,12.784040868706928,13.260598781788293,9492e163b6ef19b0563b1ce8302b8e8794e2e4c9c8031c62ff9774a3f63f6f58
thymidine,direct_neighbor_ridge,liver,0,3,25,24.1052382298836,24.407807295445682,9492e163b6ef19b0563b1ce8302b8e8794e2e4c9c8031c62ff9774a3f63f6f58
thymidine,direct_neighbor_ridge,lung,0,4,176,149.1345798298735,152.10782001186678,cf9883e99ee1b956d01c2cb42a4d284b982ce23065d3616a5e1cced359e41fb5
thymidine,direct_neighbor_ridge,bone,1,0,19,15.302440124953193,15.826318498660871,32d2e2f547f707a9f12d899e65a934275c9f49020e10d214973126d05910ec9c
thymidine,direct_neighbor_ridge,ovary,1,0,45,47.741561111418406,46.8864040795497,32d2e2f547f707a9f12d899e65a934275c9f49020e10d214973126d05910ec9c
thymidine,direct_neighbor_ridge,skin,1,0,52,35.29262706454246,36.33078662930328,32d2e2f547f707a9f12d899e65a934275c9f49020e10d214973126d05910ec9c
thymidine,direct_neighbor_ridge,upper_aerodigestive_tract,1,0,30,27.903014422474342,28.19890185773284,32d2e2f547f707a9f12d899e65a934275c9f49020e10d214973126d05910ec9c
thymidine,direct_neighbor_ridge,urinary_tract,1,0,25,11.371807796959532,11.699729954385138,32d2e2f547f707a9f12d899e65a934275c9f49020e10d214973126d05910ec9c
thymidine,direct_neighbor_ridge,lung,1,1,176,149.1345798298735,152.10782001186678,cf9883e99ee1b956d01c2cb42a4d284b982ce23065d3616a5e1cced359e41fb5
thymidine,direct_neighbor_ridge,autonomic_ganglia,1,2,16,19.76373333182397,21.579914318510323,db1ab3680dcfc2deb10e2511ec28b70b27966d5a436d724be48267bcbf200acf
thymidine,direct_neighbor_ridge,haematopoietic_and_lymphoid_tissue,1,2,163,257.51107299120224,231.1969653293342,db1ab3680dcfc2deb10e2511ec28b70b27966d5a436d724be48267bcbf200acf
thymidine,direct_neighbor_ridge,large_intestine,1,3,55,44.86173763166734,44.54818728416636,659dce4f66bf4ee0228513d024a4e287e9f1aa3957152332b1483ab0af67cb42
thymidine,direct_neighbor_ridge,oesophagus,1,3,25,14.700419872052727,15.483760970298665,659dce4f66bf4ee0228513d024a4e287e9f1aa3957152332b1483ab0af67cb42
thymidine,direct_neighbor_ridge,pancreas,1,3,41,32.34912646373083,32.660640478381765,659dce4f66bf4ee0228513d024a4e287e9f1aa3957152332b1483ab0af67cb42
thymidine,direct_neighbor_ridge,soft_tissue,1,3,18,18.55540436215968,18.523745967289095,659dce4f66bf4ee0228513d024a4e287e9f1aa3957152332b1483ab0af67cb42
thymidine,direct_neighbor_ridge,stomach,1,3,37,40.78000477747501,41.71508455220039,659dce4f66bf4ee0228513d024a4e287e9f1aa3957152332b1483ab0af67cb42
thymidine,direct_neighbor_ridge,breast,1,4,49,38.02014615598212,38.89734363994975,9492e163b6ef19b0563b1ce8302b8e8794e2e4c9c8031c62ff9774a3f63f6f58
thymidine,direct_neighbor_ridge,central_nervous_system,1,4,49,72.33874489444017,73.48269484074962,9492e163b6ef19b0563b1ce8302b8e8794e2e4c9c8031c62ff9774a3f63f6f58
thymidine,direct_neighbor_ridge,endometrium,1,4,28,58.124702880324556,58.05986597793249,9492e163b6ef19b0563b1ce8302b8e8794e2e4c9c8031c62ff9774a3f63f6f58
thymidine,direct_neighbor_ridge,kidney,1,4,23,12.83250197469796,13.260598781788293,9492e163b6ef19b0563b1ce8302b8e8794e2e4c9c8031c62ff9774a3f63f6f58
thymidine,direct_neighbor_ridge,liver,1,4,25,24.133193382384963,24.407807295445682,9492e163b6ef19b0563b1ce8302b8e8794e2e4c9c8031c62ff9774a3f63f6f58
thymine,direct_neighbor_ridge,autonomic_ganglia,0,0,16,40.129510927970905,42.13931336335272,db1ab3680dcfc2deb10e2511ec28b70b27966d5a436d724be48267bcbf200acf
thymine,direct_neighbor_ridge,haematopoietic_and_lymphoid_tissue,0,0,163,138.28573301364028,142.7932765499095,db1ab3680dcfc2deb10e2511ec28b70b27966d5a436d724be48267bcbf200acf
thymine,direct_neighbor_ridge,bone,0,1,19,17.734208875099174,16.636504274411987,32d2e2f547f707a9f12d899e65a934275c9f49020e10d214973126d05910ec9c
thymine,direct_neighbor_ridge,ovary,0,1,45,33.502701993070644,32.49660839041837,32d2e2f547f707a9f12d899e65a934275c9f49020e10d214973126d05910ec9c
thymine,direct_neighbor_ridge,skin,0,1,52,44.21341633190732,37.34311088657257,32d2e2f547f707a9f12d899e65a934275c9f49020e10d214973126d05910ec9c
thymine,direct_neighbor_ridge,upper_aerodigestive_tract,0,1,30,32.150959475908685,31.23431525264369,32d2e2f547f707a9f12d899e65a934275c9f49020e10d214973126d05910ec9c
thymine,direct_neighbor_ridge,urinary_tract,0,1,25,24.093497799779755,24.768642182789232,32d2e2f547f707a9f12d899e65a934275c9f49020e10d214973126d05910ec9c
thymine,direct_neighbor_ridge,large_intestine,0,2,55,59.441549531520884,61.19542669443397,659dce4f66bf4ee0228513d024a4e287e9f1aa3957152332b1483ab0af67cb42
thymine,direct_neighbor_ridge,oesophagus,0,2,25,24.744405501075395,26.323345250115153,659dce4f66bf4ee0228513d024a4e287e9f1aa3957152332b1483ab0af67cb42
thymine,direct_neighbor_ridge,pancreas,0,2,41,56.19136440029067,57.484257388470745,659dce4f66bf4ee0228513d024a4e287e9f1aa3957152332b1483ab0af67cb42
thymine,direct_neighbor_ridge,soft_tissue,0,2,18,9.751149453792292,9.98681694541632,659dce4f66bf4ee0228513d024a4e287e9f1aa3957152332b1483ab0af67cb42
thymine,direct_neighbor_ridge,stomach,0,2,37,37.41343312075799,37.547448950182805,659dce4f66bf4ee0228513d024a4e287e9f1aa3957152332b1483ab0af67cb42
thymine,direct_neighbor_ridge,breast,0,3,49,62.55785793322924,64.39717046419983,9492e163b6ef19b0563b1ce8302b8e8794e2e4c9c8031c62ff9774a3f63f6f58
thymine,direct_neighbor_ridge,central_nervous_system,0,3,49,48.08382583593605,49.381075630545894,9492e163b6ef19b0563b1ce8302b8e8794e2e4c9c8031c62ff9774a3f63f6f58
thymine,direct_neighbor_ridge,endometrium,0,3,28,48.17914852650731,48.807006206222724,9492e163b6ef19b0563b1ce8302b8e8794e2e4c9c8031c62ff9774a3f63f6f58
thymine,direct_neighbor_ridge,kidney,0,3,23,25.03851867483488,24.537842383914896,9492e163b6ef19b0563b1ce8302b8e8794e2e4c9c8031c62ff9774a3f63f6f58
thymine,direct_neighbor_ridge,liver,0,3,25,29.797414970682865,29.540717714900396,9492e163b6ef19b0563b1ce8302b8e8794e2e4c9c8031c62ff9774a3f63f6f58
thymine,direct_neighbor_ridge,lung,0,4,176,144.36267497671776,146.32009165738086,cf9883e99ee1b956d01c2cb42a4d284b982ce23065d3616a5e1cced359e41fb5
thymine,direct_neighbor_ridge,bone,1,0,19,17.734208875099174,16.636504274411987,32d2e2f547f707a9f12d899e65a934275c9f49020e10d214973126d05910ec9c
thymine,direct_neighbor_ridge,ovary,1,0,45,33.502701993070644,32.49660839041837,32d2e2f547f707a9f12d899e65a934275c9f49020e10d214973126d05910ec9c
thymine,direct_neighbor_ridge,skin,1,0,52,44.21341633190732,37.34311088657257,32d2e2f547f707a9f12d899e65a934275c9f49020e10d214973126d05910ec9c
thymine,direct_neighbor_ridge,upper_aerodigestive_tract,1,0,30,32.150959475908685,31.23431525264369,32d2e2f547f707a9f12d899e65a934275c9f49020e10d214973126d05910ec9c
thymine,direct_neighbor_ridge,urinary_tract,1,0,25,24.093497799779755,24.768642182789232,32d2e2f547f707a9f12d899e65a934275c9f49020e10d214973126d05910ec9c
thymine,direct_neighbor_ridge,lung,1,1,176,144.36267497671776,146.32009165738086,cf9883e99ee1b956d01c2cb42a4d284b982ce23065d3616a5e1cced359e41fb5
thymine,direct_neighbor_ridge,autonomic_ganglia,1,2,16,40.129510927970905,42.13931336335272,db1ab3680dcfc2deb10e2511ec28b70b27966d5a436d724be48267bcbf200acf
thymine,direct_neighbor_ridge,haematopoietic_and_lymphoid_tissue,1,2,163,138.28573301364028,142.7932765499095,db1ab3680dcfc2deb10e2511ec28b70b27966d5a436d724be48267bcbf200acf
thymine,direct_neighbor_ridge,large_intestine,1,3,55,59.441549531520884,61.19542669443397,659dce4f66bf4ee0228513d024a4e287e9f1aa3957152332b1483ab0af67cb42
thymine,direct_neighbor_ridge,oesophagus,1,3,25,24.744405501075395,26.323345250115153,659dce4f66bf4ee0228513d024a4e287e9f1aa3957152332b1483ab0af67cb42
thymine,direct_neighbor_ridge,pancreas,1,3,41,56.19136440029067,57.484257388470745,659dce4f66bf4ee0228513d024a4e287e9f1aa3957152332b1483ab0af67cb42
thymine,direct_neighbor_ridge,soft_tissue,1,3,18,9.751149453792292,9.98681694541632,659dce4f66bf4ee0228513d024a4e287e9f1aa3957152332b1483ab0af67cb42
thymine,direct_neighbor_ridge,stomach,1,3,37,37.41343312075799,37.547448950182805,659dce4f66bf4ee0228513d024a4e287e9f1aa3957152332b1483ab0af67cb42
thymine,direct_neighbor_ridge,breast,1,4,49,62.55785793322924,64.39717046419983,9492e163b6ef19b0563b1ce8302b8e8794e2e4c9c8031c62ff9774a3f63f6f58
thymine,direct_neighbor_ridge,central_nervous_system,1,4,49,48.08382583593605,49.381075630545894,9492e163b6ef19b0563b1ce8302b8e8794e2e4c9c8031c62ff9774a3f63f6f58
thymine,direct_neighbor_ridge,endometrium,1,4,28,48.17914852650731,48.807006206222724,9492e163b6ef19b0563b1ce8302b8e8794e2e4c9c8031c62ff9774a3f63f6f58
thymine,direct_neighbor_ridge,kidney,1,4,23,25.03851867483488,24.537842383914896,9492e163b6ef19b0563b1ce8302b8e8794e2e4c9c8031c62ff9774a3f63f6f58
thymine,direct_neighbor_ridge,liver,1,4,25,29.797414970682865,29.540717714900396,9492e163b6ef19b0563b1ce8302b8e8794e2e4c9c8031c62ff9774a3f63f6f58
thyroxine,direct_neighbor_ridge,autonomic_ganglia,0,0,16,13.651236928932127,15.40492572771767,db1ab3680dcfc2deb10e2511ec28b70b27966d5a436d724be48267bcbf200acf
thyroxine,direct_neighbor_ridge,haematopoietic_and_lymphoid_tissue,0,0,163,388.91756282382204,403.00036280182076,db1ab3680dcfc2deb10e2511ec28b70b27966d5a436d724be48267bcbf200acf
thyroxine,direct_neighbor_ridge,bone,0,1,19,14.388154460841376,13.788549408054706,32d2e2f547f707a9f12d899e65a934275c9f49020e10d214973126d05910ec9c
thyroxine,direct_neighbor_ridge,ovary,0,1,45,36.287213791060346,39.994568391613825,32d2e2f547f707a9f12d899e65a934275c9f49020e10d214973126d05910ec9c
thyroxine,direct_neighbor_ridge,skin,0,1,52,36.818476542167986,37.84583317975304,32d2e2f547f707a9f12d899e65a934275c9f49020e10d214973126d05910ec9c
thyroxine,direct_neighbor_ridge,upper_aerodigestive_tract,0,1,30,22.076924911184282,18.718161824870098,32d2e2f547f707a9f12d899e65a934275c9f49020e10d214973126d05910ec9c
thyroxine,direct_neighbor_ridge,urinary_tract,0,1,25,13.828352670240749,13.48843693475817,32d2e2f547f707a9f12d899e65a934275c9f49020e10d214973126d05910ec9c
thyroxine,direct_neighbor_ridge,large_intestine,0,2,55,52.03561003440335,58.978927431708655,659dce4f66bf4ee0228513d024a4e287e9f1aa3957152332b1483ab0af67cb42
thyroxine,direct_neighbor_ridge,oesophagus,0,2,25,16.363433217816418,13.560858961946117,659dce4f66bf4ee0228513d024a4e287e9f1aa3957152332b1483ab0af67cb42
thyroxine,direct_neighbor_ridge,pancreas,0,2,41,33.27441794956644,32.127641118309995,659dce4f66bf4ee0228513d024a4e287e9f1aa3957152332b1483ab0af67cb42
thyroxine,direct_neighbor_ridge,soft_tissue,0,2,18,14.056412098862577,14.328350831834657,659dce4f66bf4ee0228513d024a4e287e9f1aa3957152332b1483ab0af67cb42
thyroxine,direct_neighbor_ridge,stomach,0,2,37,58.0653359537867,59.42522439923218,659dce4f66bf4ee0228513d024a4e287e9f1aa3957152332b1483ab0af67cb42
thyroxine,direct_neighbor_ridge,breast,0,3,49,50.73206858020894,53.56313837767444,9492e163b6ef19b0563b1ce8302b8e8794e2e4c9c8031c62ff9774a3f63f6f58
thyroxine,direct_neighbor_ridge,central_nervous_system,0,3,49,43.32232885942041,42.31615127021579,9492e163b6ef19b0563b1ce8302b8e8794e2e4c9c8031c62ff9774a3f63f6f58
thyroxine,direct_neighbor_ridge,endometrium,0,3,28,29.536630032087455,32.39008430499126,9492e163b6ef19b0563b1ce8302b8e8794e2e4c9c8031c62ff9774a3f63f6f58
thyroxine,direct_neighbor_ridge,kidney,0,3,23,11.540085560670612,11.049388818373123,9492e163b6ef19b0563b1ce8302b8e8794e2e4c9c8031c62ff9774a3f63f6f58
thyroxine,direct_neighbor_ridge,liver,0,3,25,22.33854502523402,20.72671093334933,9492e163b6ef19b0563b1ce8302b8e8794e2e4c9c8031c62ff9774a3f63f6f58
thyroxine,direct_neighbor_ridge,lung,0,4,176,128.9737535449484,136.2879049959858,cf9883e99ee1b956d01c2cb42a4d284b982ce23065d3616a5e1cced359e41fb5
thyroxine,direct_neighbor_ridge,bone,1,0,19,14.388154460841376,13.788549408054706,32d2e2f547f707a9f12d899e65a934275c9f49020e10d214973126d05910ec9c
thyroxine,direct_neighbor_ridge,ovary,1,0,45,36.287213791060346,39.994568391613825,32d2e2f547f707a9f12d899e65a934275c9f49020e10d214973126d05910ec9c
thyroxine,direct_neighbor_ridge,skin,1,0,52,36.818476542167986,37.84583317975304,32d2e2f547f707a9f12d899e65a934275c9f49020e10d214973126d05910ec9c
thyroxine,direct_neighbor_ridge,upper_aerodigestive_tract,1,0,30,22.076924911184282,18.718161824870098,32d2e2f547f707a9f12d899e65a934275c9f49020e10d214973126d05910ec9c
thyroxine,direct_neighbor_ridge,urinary_tract,1,0,25,13.828352670240749,13.48843693475817,32d2e2f547f707a9f12d899e65a934275c9f49020e10d214973126d05910ec9c
thyroxine,direct_neighbor_ridge,lung,1,1,176,128.9737535449484,136.2879049959858,cf9883e99ee1b956d01c2cb42a4d284b982ce23065d3616a5e1cced359e41fb5
thyroxine,direct_neighbor_ridge,autonomic_ganglia,1,2,16,13.651236928932127,15.40492572771767,db1ab3680dcfc2deb10e2511ec28b70b27966d5a436d724be48267bcbf200acf
thyroxine,direct_neighbor_ridge,haematopoietic_and_lymphoid_tissue,1,2,163,388.91756282382204,403.00036280182076,db1ab3680dcfc2deb10e2511ec28b70b27966d5a436d724be48267bcbf200acf
thyroxine,direct_neighbor_ridge,large_intestine,1,3,55,51.3145653075713,58.978927431708655,659dce4f66bf4ee0228513d024a4e287e9f1aa3957152332b1483ab0af67cb42
thyroxine,direct_neighbor_ridge,oesophagus,1,3,25,16.797658779259848,13.560858961946117,659dce4f66bf4ee0228513d024a4e287e9f1aa3957152332b1483ab0af67cb42
thyroxine,direct_neighbor_ridge,pancreas,1,3,41,33.593405974734864,32.127641118309995,659dce4f66bf4ee0228513d024a4e287e9f1aa3957152332b1483ab0af67cb42
thyroxine,direct_neighbor_ridge,soft_tissue,1,3,18,14.091424798369367,14.328350831834657,659dce4f66bf4ee0228513d024a4e287e9f1aa3957152332b1483ab0af67cb42
thyroxine,direct_neighbor_ridge,stomach,1,3,37,58.032714859796414,59.42522439923218,659dce4f66bf4ee0228513d024a4e287e9f1aa3957152332b1483ab0af67cb42
thyroxine,direct_neighbor_ridge,breast,1,4,49,50.73206858020894,53.56313837767444,9492e163b6ef19b0563b1ce8302b8e8794e2e4c9c8031c62ff9774a3f63f6f58
thyroxine,direct_neighbor_ridge,central_nervous_system,1,4,49,43.32232885942041,42.31615127021579,9492e163b6ef19b0563b1ce8302b8e8794e2e4c9c8031c62ff9774a3f63f6f58
thyroxine,direct_neighbor_ridge,endometrium,1,4,28,29.536630032087455,32.39008430499126,9492e163b6ef19b0563b1ce8302b8e8794e2e4c9c8031c62ff9774a3f63f6f58
thyroxine,direct_neighbor_ridge,kidney,1,4,23,11.540085560670612,11.049388818373123,9492e163b6ef19b0563b1ce8302b8e8794e2e4c9c8031c62ff9774a3f63f6f58
thyroxine,direct_neighbor_ridge,liver,1,4,25,22.33854502523402,20.72671093334933,9492e163b6ef19b0563b1ce8302b8e8794e2e4c9c8031c62ff9774a3f63f6f58
trimethylamine-N-oxide,direct_neighbor_ridge,autonomic_ganglia,0,0,16,10.851132075104164,16.042364743280093,db1ab3680dcfc2deb10e2511ec28b70b27966d5a436d724be48267bcbf200acf
trimethylamine-N-oxide,direct_neighbor_ridge,haematopoietic_and_lymphoid_tissue,0,0,163,290.08863148454236,322.5232551391506,db1ab3680dcfc2deb10e2511ec28b70b27966d5a436d724be48267bcbf200acf
trimethylamine-N-oxide,direct_neighbor_ridge,bone,0,1,19,5.6609299382570395,8.354708986616746,32d2e2f547f707a9f12d899e65a934275c9f49020e10d214973126d05910ec9c
trimethylamine-N-oxide,direct_neighbor_ridge,ovary,0,1,45,25.52693554724676,24.5548292839874,32d2e2f547f707a9f12d899e65a934275c9f49020e10d214973126d05910ec9c
trimethylamine-N-oxide,direct_neighbor_ridge,skin,0,1,52,11.952746434925588,15.161771526238663,32d2e2f547f707a9f12d899e65a934275c9f49020e10d214973126d05910ec9c
trimethylamine-N-oxide,direct_neighbor_ridge,upper_aerodigestive_tract,0,1,30,7.676729053165958,10.280298171753588,32d2e2f547f707a9f12d899e65a934275c9f49020e10d214973126d05910ec9c
trimethylamine-N-oxide,direct_neighbor_ridge,urinary_tract,0,1,25,7.647615638029208,9.161731428672718,32d2e2f547f707a9f12d899e65a934275c9f49020e10d214973126d05910ec9c
trimethylamine-N-oxide,direct_neighbor_ridge,large_intestine,0,2,55,13.61312645960469,16.107369426224352,659dce4f66bf4ee0228513d024a4e287e9f1aa3957152332b1483ab0af67cb42
trimethylamine-N-oxide,direct_neighbor_ridge,oesophagus,0,2,25,7.758142436387221,12.128506705711338,659dce4f66bf4ee0228513d024a4e287e9f1aa3957152332b1483ab0af67cb42
trimethylamine-N-oxide,direct_neighbor_ridge,pancreas,0,2,41,14.951547043790741,20.98993669377335,659dce4f66bf4ee0228513d024a4e287e9f1aa3957152332b1483ab0af67cb42
trimethylamine-N-oxide,direct_neighbor_ridge,soft_tissue,0,2,18,7.1568084003449295,8.641144832438014,659dce4f66bf4ee0228513d024a4e287e9f1aa3957152332b1483ab0af67cb42
trimethylamine-N-oxide,direct_neighbor_ridge,stomach,0,2,37,13.88265757145259,16.228104483554393,659dce4f66bf4ee0228513d024a4e287e9f1aa3957152332b1483ab0af67cb42
trimethylamine-N-oxide,direct_neighbor_ridge,breast,0,3,49,17.008186422137495,23.202762346140773,9492e163b6ef19b0563b1ce8302b8e8794e2e4c9c8031c62ff9774a3f63f6f58
trimethylamine-N-oxide,direct_neighbor_ridge,central_nervous_system,0,3,49,18.109034486376274,19.337048178611173,9492e163b6ef19b0563b1ce8302b8e8794e2e4c9c8031c62ff9774a3f63f6f58
trimethylamine-N-oxide,direct_neighbor_ridge,endometrium,0,3,28,9.753781008463998,9.199409058455924,9492e163b6ef19b0563b1ce8302b8e8794e2e4c9c8031c62ff9774a3f63f6f58
trimethylamine-N-oxide,direct_neighbor_ridge,kidney,0,3,23,6.7141896738696465,7.5372756319292264,9492e163b6ef19b0563b1ce8302b8e8794e2e4c9c8031c62ff9774a3f63f6f58
trimethylamine-N-oxide,direct_neighbor_ridge,liver,0,3,25,6.061883432059482,7.854551247289013,9492e163b6ef19b0563b1ce8302b8e8794e2e4c9c8031c62ff9774a3f63f6f58
trimethylamine-N-oxide,direct_neighbor_ridge,lung,0,4,176,595.996661579658,638.6174579923332,cf9883e99ee1b956d01c2cb42a4d284b982ce23065d3616a5e1cced359e41fb5
trimethylamine-N-oxide,direct_neighbor_ridge,bone,1,0,19,5.6609299382570395,8.354708986616746,32d2e2f547f707a9f12d899e65a934275c9f49020e10d214973126d05910ec9c
trimethylamine-N-oxide,direct_neighbor_ridge,ovary,1,0,45,25.52693554724676,24.5548292839874,32d2e2f547f707a9f12d899e65a934275c9f49020e10d214973126d05910ec9c
trimethylamine-N-oxide,direct_neighbor_ridge,skin,1,0,52,11.952746434925588,15.161771526238663,32d2e2f547f707a9f12d899e65a934275c9f49020e10d214973126d05910ec9c
trimethylamine-N-oxide,direct_neighbor_ridge,upper_aerodigestive_tract,1,0,30,7.676729053165958,10.280298171753588,32d2e2f547f707a9f12d899e65a934275c9f49020e10d214973126d05910ec9c
trimethylamine-N-oxide,direct_neighbor_ridge,urinary_tract,1,0,25,7.647615638029208,9.161731428672718,32d2e2f547f707a9f12d899e65a934275c9f49020e10d214973126d05910ec9c
trimethylamine-N-oxide,direct_neighbor_ridge,lung,1,1,176,595.996661579658,638.6174579923332,cf9883e99ee1b956d01c2cb42a4d284b982ce23065d3616a5e1cced359e41fb5
trimethylamine-N-oxide,direct_neighbor_ridge,autonomic_ganglia,1,2,16,10.851132075104164,16.042364743280093,db1ab3680dcfc2deb10e2511ec28b70b27966d5a436d724be48267bcbf200acf
trimethylamine-N-oxide,direct_neighbor_ridge,haematopoietic_and_lymphoid_tissue,1,2,163,290.08863148454236,322.5232551391506,db1ab3680dcfc2deb10e2511ec28b70b27966d5a436d724be48267bcbf200acf
trimethylamine-N-oxide,direct_neighbor_ridge,large_intestine,1,3,55,13.610612288214034,16.107369426224352,659dce4f66bf4ee0228513d024a4e287e9f1aa3957152332b1483ab0af67cb42
trimethylamine-N-oxide,direct_neighbor_ridge,oesophagus,1,3,25,7.800570135113515,12.128506705711338,659dce4f66bf4ee0228513d024a4e287e9f1aa3957152332b1483ab0af67cb42
trimethylamine-N-oxide,direct_neighbor_ridge,pancreas,1,3,41,14.995045800302204,20.98993669377335,659dce4f66bf4ee0228513d024a4e287e9f1aa3957152332b1483ab0af67cb42
trimethylamine-N-oxide,direct_neighbor_ridge,soft_tissue,1,3,18,7.161217872047424,8.641144832438014,659dce4f66bf4ee0228513d024a4e287e9f1aa3957152332b1483ab0af67cb42
trimethylamine-N-oxide,direct_neighbor_ridge,stomach,1,3,37,13.88260092397418,16.228104483554393,659dce4f66bf4ee0228513d024a4e287e9f1aa3957152332b1483ab0af67cb42
trimethylamine-N-oxide,direct_neighbor_ridge,breast,1,4,49,17.008186422137495,23.202762346140773,9492e163b6ef19b0563b1ce8302b8e8794e2e4c9c8031c62ff9774a3f63f6f58
trimethylamine-N-oxide,direct_neighbor_ridge,central_nervous_system,1,4,49,18.109034486376274,19.337048178611173,9492e163b6ef19b0563b1ce8302b8e8794e2e4c9c8031c62ff9774a3f63f6f58
trimethylamine-N-oxide,direct_neighbor_ridge,endometrium,1,4,28,9.753781008463998,9.199409058455924,9492e163b6ef19b0563b1ce8302b8e8794e2e4c9c8031c62ff9774a3f63f6f58
trimethylamine-N-oxide,direct_neighbor_ridge,kidney,1,4,23,6.7141896738696465,7.5372756319292264,9492e163b6ef19b0563b1ce8302b8e8794e2e4c9c8031c62ff9774a3f63f6f58
trimethylamine-N-oxide,direct_neighbor_ridge,liver,1,4,25,6.061883432059482,7.854551247289013,9492e163b6ef19b0563b1ce8302b8e8794e2e4c9c8031c62ff9774a3f63f6f58
tyrosine,direct_neighbor_ridge,autonomic_ganglia,0,0,16,10.575639175392682,15.544642051099757,db1ab3680dcfc2deb10e2511ec28b70b27966d5a436d724be48267bcbf200acf
tyrosine,direct_neighbor_ridge,haematopoietic_and_lymphoid_tissue,0,0,163,123.21763648297363,413.40928155551467,db1ab3680dcfc2deb10e2511ec28b70b27966d5a436d724be48267bcbf200acf
tyrosine,direct_neighbor_ridge,bone,0,1,19,13.053869763236516,19.85395414079074,32d2e2f547f707a9f12d899e65a934275c9f49020e10d214973126d05910ec9c
tyrosine,direct_neighbor_ridge,ovary,0,1,45,19.20531012659871,27.97316390361615,32d2e2f547f707a9f12d899e65a934275c9f49020e10d214973126d05910ec9c
tyrosine,direct_neighbor_ridge,skin,0,1,52,26.89482127770037,37.452778840989815,32d2e2f547f707a9f12d899e65a934275c9f49020e10d214973126d05910ec9c
tyrosine,direct_neighbor_ridge,upper_aerodigestive_tract,0,1,30,27.129270031408996,40.284647236250194,32d2e2f547f707a9f12d899e65a934275c9f49020e10d214973126d05910ec9c
tyrosine,direct_neighbor_ridge,urinary_tract,0,1,25,26.088827901906054,33.073751329041045,32d2e2f547f707a9f12d899e65a934275c9f49020e10d214973126d05910ec9c
tyrosine,direct_neighbor_ridge,large_intestine,0,2,55,56.81903289583957,71.36971747198888,659dce4f66bf4ee0228513d024a4e287e9f1aa3957152332b1483ab0af67cb42
tyrosine,direct_neighbor_ridge,oesophagus,0,2,25,8.298546768957292,4.177262339914016,659dce4f66bf4ee0228513d024a4e287e9f1aa3957152332b1483ab0af67cb42
tyrosine,direct_neighbor_ridge,pancreas,0,2,41,25.406906251133837,23.851319522580063,659dce4f66bf4ee0228513d024a4e287e9f1aa3957152332b1483ab0af67cb42
tyrosine,direct_neighbor_ridge,soft_tissue,0,2,18,14.615615067743466,21.057053712439323,659dce4f66bf4ee0228513d024a4e287e9f1aa3957152332b1483ab0af67cb42
tyrosine,direct_neighbor_ridge,stomach,0,2,37,30.3467570231707,28.488603413286263,659dce4f66bf4ee0228513d024a4e287e9f1aa3957152332b1483ab0af67cb42
tyrosine,direct_neighbor_ridge,breast,0,3,49,26.696347306221703,36.24607981676664,9492e163b6ef19b0563b1ce8302b8e8794e2e4c9c8031c62ff9774a3f63f6f58
tyrosine,direct_neighbor_ridge,central_nervous_system,0,3,49,28.11240023275971,43.178128683923795,9492e163b6ef19b0563b1ce8302b8e8794e2e4c9c8031c62ff9774a3f63f6f58
tyrosine,direct_neighbor_ridge,endometrium,0,3,28,12.488377580547493,19.823761968507867,9492e163b6ef19b0563b1ce8302b8e8794e2e4c9c8031c62ff9774a3f63f6f58
tyrosine,direct_neighbor_ridge,kidney,0,3,23,7.932656877450656,14.146434777526645,9492e163b6ef19b0563b1ce8302b8e8794e2e4c9c8031c62ff9774a3f63f6f58
tyrosine,direct_neighbor_ridge,liver,0,3,25,14.70896555330239,28.20579672887086,9492e163b6ef19b0563b1ce8302b8e8794e2e4c9c8031c62ff9774a3f63f6f58
tyrosine,direct_neighbor_ridge,lung,0,4,176,129.55141573361573,175.1753960867859,cf9883e99ee1b956d01c2cb42a4d284b982ce23065d3616a5e1cced359e41fb5
tyrosine,direct_neighbor_ridge,bone,1,0,19,13.053869763236516,19.85395414079074,32d2e2f547f707a9f12d899e65a934275c9f49020e10d214973126d05910ec9c
tyrosine,direct_neighbor_ridge,ovary,1,0,45,19.20531012659871,27.97316390361615,32d2e2f547f707a9f12d899e65a934275c9f49020e10d214973126d05910ec9c
tyrosine,direct_neighbor_ridge,skin,1,0,52,26.89482127770037,37.452778840989815,32d2e2f547f707a9f12d899e65a934275c9f49020e10d214973126d05910ec9c
tyrosine,direct_neighbor_ridge,upper_aerodigestive_tract,1,0,30,27.129270031408996,40.284647236250194,32d2e2f547f707a9f12d899e65a934275c9f49020e10d214973126d05910ec9c
tyrosine,direct_neighbor_ridge,urinary_tract,1,0,25,26.088827901906054,33.073751329041045,32d2e2f547f707a9f12d899e65a934275c9f49020e10d214973126d05910ec9c
tyrosine,direct_neighbor_ridge,lung,1,1,176,129.55141573361573,175.1753960867859,cf9883e99ee1b956d01c2cb42a4d284b982ce23065d3616a5e1cced359e41fb5
tyrosine,direct_neighbor_ridge,autonomic_ganglia,1,2,16,10.575639175392682,15.544642051099757,db1ab3680dcfc2deb10e2511ec28b70b27966d5a436d724be48267bcbf200acf
tyrosine,direct_neighbor_ridge,haematopoietic_and_lymphoid_tissue,1,2,163,123.21763648297363,413.40928155551467,db1ab3680dcfc2deb10e2511ec28b70b27966d5a436d724be48267bcbf200acf
tyrosine,direct_neighbor_ridge,large_intestine,1,3,55,56.754660308318144,71.36971747198888,659dce4f66bf4ee0228513d024a4e287e9f1aa3957152332b1483ab0af67cb42
tyrosine,direct_neighbor_ridge,oesophagus,1,3,25,8.174628233377144,4.177262339914016,659dce4f66bf4ee0228513d024a4e287e9f1aa3957152332b1483ab0af67cb42
tyrosine,direct_neighbor_ridge,pancreas,1,3,41,25.256968876146892,23.851319522580063,659dce4f66bf4ee0228513d024a4e287e9f1aa3957152332b1483ab0af67cb42
tyrosine,direct_neighbor_ridge,soft_tissue,1,3,18,14.576801591790353,21.057053712439323,659dce4f66bf4ee0228513d024a4e287e9f1aa3957152332b1483ab0af67cb42
tyrosine,direct_neighbor_ridge,stomach,1,3,37,30.240464270240615,28.488603413286263,659dce4f66bf4ee0228513d024a4e287e9f1aa3957152332b1483ab0af67cb42
tyrosine,direct_neighbor_ridge,breast,1,4,49,26.607344399801597,36.24607981676664,9492e163b6ef19b0563b1ce8302b8e8794e2e4c9c8031c62ff9774a3f63f6f58
tyrosine,direct_neighbor_ridge,central_nervous_system,1,4,49,28.177107748268543,43.178128683923795,9492e163b6ef19b0563b1ce8302b8e8794e2e4c9c8031c62ff9774a3f63f6f58
tyrosine,direct_neighbor_ridge,endometrium,1,4,28,12.493778224458099,19.823761968507867,9492e163b6ef19b0563b1ce8302b8e8794e2e4c9c8031c62ff9774a3f63f6f58
tyrosine,direct_neighbor_ridge,kidney,1,4,23,7.932416758449467,14.146434777526645,9492e163b6ef19b0563b1ce8302b8e8794e2e4c9c8031c62ff9774a3f63f6f58
tyrosine,direct_neighbor_ridge,liver,1,4,25,14.906397030242477,28.20579672887086,9492e163b6ef19b0563b1ce8302b8e8794e2e4c9c8031c62ff9774a3f63f6f58
uracil,direct_neighbor_ridge,autonomic_ganglia,0,0,16,13.312195723016174,16.82185954687959,db1ab3680dcfc2deb10e2511ec28b70b27966d5a436d724be48267bcbf200acf
uracil,direct_neighbor_ridge,haematopoietic_and_lymphoid_tissue,0,0,163,287.08474579957726,499.46240894103335,db1ab3680dcfc2deb10e2511ec28b70b27966d5a436d724be48267bcbf200acf
uracil,direct_neighbor_ridge,bone,0,1,19,10.83911536677563,13.01795311399038,32d2e2f547f707a9f12d899e65a934275c9f49020e10d214973126d05910ec9c
uracil,direct_neighbor_ridge,ovary,0,1,45,21.145831331494502,31.211956103888646,32d2e2f547f707a9f12d899e65a934275c9f49020e10d214973126d05910ec9c
uracil,direct_neighbor_ridge,skin,0,1,52,19.497634325189797,29.39402785904294,32d2e2f547f707a9f12d899e65a934275c9f49020e10d214973126d05910ec9c
uracil,direct_neighbor_ridge,upper_aerodigestive_tract,0,1,30,28.29894954712983,23.783735421289588,32d2e2f547f707a9f12d899e65a934275c9f49020e10d214973126d05910ec9c
uracil,direct_neighbor_ridge,urinary_tract,0,1,25,11.306137307808102,16.40031026674138,32d2e2f547f707a9f12d899e65a934275c9f49020e10d214973126d05910ec9c
uracil,direct_neighbor_ridge,large_intestine,0,2,55,41.392240201057895,45.84466186871446,659dce4f66bf4ee0228513d024a4e287e9f1aa3957152332b1483ab0af67cb42
uracil,direct_neighbor_ridge,oesophagus,0,2,25,12.348500557999083,11.16378124041895,659dce4f66bf4ee0228513d024a4e287e9f1aa3957152332b1483ab0af67cb42
uracil,direct_neighbor_ridge,pancreas,0,2,41,39.743164427062176,49.286012332937624,659dce4f66bf4ee0228513d024a4e287e9f1aa3957152332b1483ab0af67cb42
uracil,direct_neighbor_ridge,soft_tissue,0,2,18,16.626647862592286,13.664384441281623,659dce4f66bf4ee0228513d024a4e287e9f1aa3957152332b1483ab0af67cb42
uracil,direct_neighbor_ridge,stomach,0,2,37,26.87700358488757,30.89146102242392,659dce4f66bf4ee0228513d024a4e287e9f1aa3957152332b1483ab0af67cb42
uracil,direct_neighbor_ridge,breast,0,3,49,19.878796867779798,46.008473116013214,9492e163b6ef19b0563b1ce8302b8e8794e2e4c9c8031c62ff9774a3f63f6f58
uracil,direct_neighbor_ridge,central_nervous_system,0,3,49,49.03122755587607,35.76234010271959,9492e163b6ef19b0563b1ce8302b8e8794e2e4c9c8031c62ff9774a3f63f6f58
uracil,direct_neighbor_ridge,endometrium,0,3,28,8.505793640369435,20.23602638942212,9492e163b6ef19b0563b1ce8302b8e8794e2e4c9c8031c62ff9774a3f63f6f58
uracil,direct_neighbor_ridge,kidney,0,3,23,7.762032722339359,12.109542677375716,9492e163b6ef19b0563b1ce8302b8e8794e2e4c9c8031c62ff9774a3f63f6f58
uracil,direct_neighbor_ridge,liver,0,3,25,18.309878004275006,20.53331403289586,9492e163b6ef19b0563b1ce8302b8e8794e2e4c9c8031c62ff9774a3f63f6f58
uracil,direct_neighbor_ridge,lung,0,4,176,121.34805630597774,167.93988247443946,cf9883e99ee1b956d01c2cb42a4d284b982ce23065d3616a5e1cced359e41fb5
uracil,direct_neighbor_ridge,bone,1,0,19,10.83911536677563,13.01795311399038,32d2e2f547f707a9f12d899e65a934275c9f49020e10d214973126d05910ec9c
uracil,direct_neighbor_ridge,ovary,1,0,45,21.145831331494502,31.211956103888646,32d2e2f547f707a9f12d899e65a934275c9f49020e10d214973126d05910ec9c
uracil,direct_neighbor_ridge,skin,1,0,52,19.497634325189797,29.39402785904294,32d2e2f547f707a9f12d899e65a934275c9f49020e10d214973126d05910ec9c
uracil,direct_neighbor_ridge,upper_aerodigestive_tract,1,0,30,28.29894954712983,23.783735421289588,32d2e2f547f707a9f12d899e65a934275c9f49020e10d214973126d05910ec9c
uracil,direct_neighbor_ridge,urinary_tract,1,0,25,11.306137307808102,16.40031026674138,32d2e2f547f707a9f12d899e65a934275c9f49020e10d214973126d05910ec9c
uracil,direct_neighbor_ridge,lung,1,1,176,121.34805630597774,167.93988247443946,cf9883e99ee1b956d01c2cb42a4d284b982ce23065d3616a5e1cced359e41fb5
uracil,direct_neighbor_ridge,autonomic_ganglia,1,2,16,13.312195723016174,16.82185954687959,db1ab3680dcfc2deb10e2511ec28b70b27966d5a436d724be48267bcbf200acf
uracil,direct_neighbor_ridge,haematopoietic_and_lymphoid_tissue,1,2,163,287.08474579957726,499.46240894103335,db1ab3680dcfc2deb10e2511ec28b70b27966d5a436d724be48267bcbf200acf
uracil,direct_neighbor_ridge,large_intestine,1,3,55,39.75124286483775,45.84466186871446,659dce4f66bf4ee0228513d024a4e287e9f1aa3957152332b1483ab0af67cb42
uracil,direct_neighbor_ridge,oesophagus,1,3,25,11.944725691583773,11.16378124041895,659dce4f66bf4ee0228513d024a4e287e9f1aa3957152332b1483ab0af67cb42
uracil,direct_neighbor_ridge,pancreas,1,3,41,39.67602445148707,49.286012332937624,659dce4f66bf4ee0228513d024a4e287e9f1aa3957152332b1483ab0af67cb42
uracil,direct_neighbor_ridge,soft_tissue,1,3,18,15.659714702039192,13.664384441281623,659dce4f66bf4ee0228513d024a4e287e9f1aa3957152332b1483ab0af67cb42
uracil,direct_neighbor_ridge,stomach,1,3,37,26.241040432535826,30.89146102242392,659dce4f66bf4ee0228513d024a4e287e9f1aa3957152332b1483ab0af67cb42
uracil,direct_neighbor_ridge,breast,1,4,49,19.331687603213652,46.008473116013214,9492e163b6ef19b0563b1ce8302b8e8794e2e4c9c8031c62ff9774a3f63f6f58
uracil,direct_neighbor_ridge,central_nervous_system,1,4,49,52.05129398497608,35.76234010271959,9492e163b6ef19b0563b1ce8302b8e8794e2e4c9c8031c62ff9774a3f63f6f58
uracil,direct_neighbor_ridge,endometrium,1,4,28,8.05551021530176,20.23602638942212,9492e163b6ef19b0563b1ce8302b8e8794e2e4c9c8031c62ff9774a3f63f6f58
uracil,direct_neighbor_ridge,kidney,1,4,23,7.628695541267224,12.109542677375716,9492e163b6ef19b0563b1ce8302b8e8794e2e4c9c8031c62ff9774a3f63f6f58
uracil,direct_neighbor_ridge,liver,1,4,25,18.989895679313307,20.53331403289586,9492e163b6ef19b0563b1ce8302b8e8794e2e4c9c8031c62ff9774a3f63f6f58
urate,direct_neighbor_ridge,autonomic_ganglia,0,0,16,16.346861811446495,16.037433759391128,db1ab3680dcfc2deb10e2511ec28b70b27966d5a436d724be48267bcbf200acf
urate,direct_neighbor_ridge,haematopoietic_and_lymphoid_tissue,0,0,163,214.80318306908907,209.1829177391799,db1ab3680dcfc2deb10e2511ec28b70b27966d5a436d724be48267bcbf200acf
urate,direct_neighbor_ridge,bone,0,1,19,13.57772200135416,12.742425990143293,32d2e2f547f707a9f12d899e65a934275c9f49020e10d214973126d05910ec9c
urate,direct_neighbor_ridge,ovary,0,1,45,56.421814316905426,57.00241033794912,32d2e2f547f707a9f12d899e65a934275c9f49020e10d214973126d05910ec9c
urate,direct_neighbor_ridge,skin,0,1,52,37.03139196515013,37.93269673529344,32d2e2f547f707a9f12d899e65a934275c9f49020e10d214973126d05910ec9c
urate,direct_neighbor_ridge,upper_aerodigestive_tract,0,1,30,17.496495362281266,16.88849122789896,32d2e2f547f707a9f12d899e65a934275c9f49020e10d214973126d05910ec9c
urate,direct_neighbor_ridge,urinary_tract,0,1,25,12.043793164808672,12.90358447950893,32d2e2f547f707a9f12d899e65a934275c9f49020e10d214973126d05910ec9c
urate,direct_neighbor_ridge,large_intestine,0,2,55,49.80885293539804,52.14990836746471,659dce4f66bf4ee0228513d024a4e287e9f1aa3957152332b1483ab0af67cb42
urate,direct_neighbor_ridge,oesophagus,0,2,25,15.103463947305723,15.727881724871766,659dce4f66bf4ee0228513d024a4e287e9f1aa3957152332b1483ab0af67cb42
urate,direct_neighbor_ridge,pancreas,0,2,41,24.70116721501334,24.771746925748683,659dce4f66bf4ee0228513d024a4e287e9f1aa3957152332b1483ab0af67cb42
urate,direct_neighbor_ridge,soft_tissue,0,2,18,19.104017565932235,18.376625011496078,659dce4f66bf4ee0228513d024a4e287e9f1aa3957152332b1483ab0af67cb42
urate,direct_neighbor_ridge,stomach,0,2,37,38.70173053240087,37.470714465867395,659dce4f66bf4ee0228513d024a4e287e9f1aa3957152332b1483ab0af67cb42
urate,direct_neighbor_ridge,breast,0,3,49,61.0082649233666,54.419075035178494,9492e163b6ef19b0563b1ce8302b8e8794e2e4c9c8031c62ff9774a3f63f6f58
urate,direct_neighbor_ridge,central_nervous_system,0,3,49,34.6419996216861,29.856703938707458,9492e163b6ef19b0563b1ce8302b8e8794e2e4c9c8031c62ff9774a3f63f6f58
urate,direct_neighbor_ridge,endometrium,0,3,28,22.444233327326852,22.61137262192783,9492e163b6ef19b0563b1ce8302b8e8794e2e4c9c8031c62ff9774a3f63f6f58
urate,direct_neighbor_ridge,kidney,0,3,23,19.190813381738316,19.98453296924873,9492e163b6ef19b0563b1ce8302b8e8794e2e4c9c8031c62ff9774a3f63f6f58
urate,direct_neighbor_ridge,liver,0,3,25,23.28166448831455,19.648263466404583,9492e163b6ef19b0563b1ce8302b8e8794e2e4c9c8031c62ff9774a3f63f6f58
urate,direct_neighbor_ridge,lung,0,4,176,287.5332388323773,283.27782387980596,cf9883e99ee1b956d01c2cb42a4d284b982ce23065d3616a5e1cced359e41fb5
urate,direct_neighbor_ridge,bone,1,0,19,13.57772200135416,12.742425990143293,32d2e2f547f707a9f12d899e65a934275c9f49020e10d214973126d05910ec9c
urate,direct_neighbor_ridge,ovary,1,0,45,56.421814316905426,57.00241033794912,32d2e2f547f707a9f12d899e65a934275c9f49020e10d214973126d05910ec9c
urate,direct_neighbor_ridge,skin,1,0,52,37.03139196515013,37.93269673529344,32d2e2f547f707a9f12d899e65a934275c9f49020e10d214973126d05910ec9c
urate,direct_neighbor_ridge,upper_aerodigestive_tract,1,0,30,17.496495362281266,16.88849122789896,32d2e2f547f707a9f12d899e65a934275c9f49020e10d214973126d05910ec9c
urate,direct_neighbor_ridge,urinary_tract,1,0,25,12.043793164808672,12.90358447950893,32d2e2f547f707a9f12d899e65a934275c9f49020e10d214973126d05910ec9c
urate,direct_neighbor_ridge,lung,1,1,176,287.5332388323773,283.27782387980596,cf9883e99ee1b956d01c2cb42a4d284b982ce23065d3616a5e1cced359e41fb5
urate,direct_neighbor_ridge,autonomic_ganglia,1,2,16,16.346861811446495,16.037433759391128,db1ab3680dcfc2deb10e2511ec28b70b27966d5a436d724be48267bcbf200acf
urate,direct_neighbor_ridge,haematopoietic_and_lymphoid_tissue,1,2,163,214.80318306908907,209.1829177391799,db1ab3680dcfc2deb10e2511ec28b70b27966d5a436d724be48267bcbf200acf
urate,direct_neighbor_ridge,large_intestine,1,3,55,49.80885293539804,52.14990836746471,659dce4f66bf4ee0228513d024a4e287e9f1aa3957152332b1483ab0af67cb42
urate,direct_neighbor_ridge,oesophagus,1,3,25,15.103463947305723,15.727881724871766,659dce4f66bf4ee0228513d024a4e287e9f1aa3957152332b1483ab0af67cb42
urate,direct_neighbor_ridge,pancreas,1,3,41,24.70116721501334,24.771746925748683,659dce4f66bf4ee0228513d024a4e287e9f1aa3957152332b1483ab0af67cb42
urate,direct_neighbor_ridge,soft_tissue,1,3,18,19.104017565932235,18.376625011496078,659dce4f66bf4ee0228513d024a4e287e9f1aa3957152332b1483ab0af67cb42
urate,direct_neighbor_ridge,stomach,1,3,37,38.70173053240087,37.470714465867395,659dce4f66bf4ee0228513d024a4e287e9f1aa3957152332b1483ab0af67cb42
urate,direct_neighbor_ridge,breast,1,4,49,61.0082649233666,54.419075035178494,9492e163b6ef19b0563b1ce8302b8e8794e2e4c9c8031c62ff9774a3f63f6f58
urate,direct_neighbor_ridge,central_nervous_system,1,4,49,34.6419996216861,29.856703938707458,9492e163b6ef19b0563b1ce8302b8e8794e2e4c9c8031c62ff9774a3f63f6f58
urate,direct_neighbor_ridge,endometrium,1,4,28,22.444233327326852,22.61137262192783,9492e163b6ef19b0563b1ce8302b8e8794e2e4c9c8031c62ff9774a3f63f6f58
urate,direct_neighbor_ridge,kidney,1,4,23,19.190813381738316,19.98453296924873,9492e163b6ef19b0563b1ce8302b8e8794e2e4c9c8031c62ff9774a3f63f6f58
urate,direct_neighbor_ridge,liver,1,4,25,23.28166448831455,19.648263466404583,9492e163b6ef19b0563b1ce8302b8e8794e2e4c9c8031c62ff9774a3f63f6f58
uridine,direct_neighbor_ridge,autonomic_ganglia,0,0,16,55.908969691513406,55.946004491412296,db1ab3680dcfc2deb10e2511ec28b70b27966d5a436d724be48267bcbf200acf
uridine,direct_neighbor_ridge,haematopoietic_and_lymphoid_tissue,0,0,163,524.0949538079395,522.1138611855528,db1ab3680dcfc2deb10e2511ec28b70b27966d5a436d724be48267bcbf200acf
uridine,direct_neighbor_ridge,bone,0,1,19,19.025763335422738,18.61792068168126,32d2e2f547f707a9f12d899e65a934275c9f49020e10d214973126d05910ec9c
uridine,direct_neighbor_ridge,ovary,0,1,45,22.33799415916256,22.5844845363011,32d2e2f547f707a9f12d899e65a934275c9f49020e10d214973126d05910ec9c
uridine,direct_neighbor_ridge,skin,0,1,52,19.55496132075088,18.817699150012256,32d2e2f547f707a9f12d899e65a934275c9f49020e10d214973126d05910ec9c
uridine,direct_neighbor_ridge,upper_aerodigestive_tract,0,1,30,10.821703665027266,10.432247565132,32d2e2f547f707a9f12d899e65a934275c9f49020e10d214973126d05910ec9c
uridine,direct_neighbor_ridge,urinary_tract,0,1,25,13.467649146892635,13.017015162067509,32d2e2f547f707a9f12d899e65a934275c9f49020e10d214973126d05910ec9c
uridine,direct_neighbor_ridge,large_intestine,0,2,55,56.916742839914555,56.88903722563451,659dce4f66bf4ee0228513d024a4e287e9f1aa3957152332b1483ab0af67cb42
uridine,direct_neighbor_ridge,oesophagus,0,2,25,10.730186209651347,10.544264585516814,659dce4f66bf4ee0228513d024a4e287e9f1aa3957152332b1483ab0af67cb42
uridine,direct_neighbor_ridge,pancreas,0,2,41,14.205370061517032,13.219255814162224,659dce4f66bf4ee0228513d024a4e287e9f1aa3957152332b1483ab0af67cb42
uridine,direct_neighbor_ridge,soft_tissue,0,2,18,17.299890945352566,16.54983361890276,659dce4f66bf4ee0228513d024a4e287e9f1aa3957152332b1483ab0af67cb42
uridine,direct_neighbor_ridge,stomach,0,2,37,34.22896141279414,33.116412693077834,659dce4f66bf4ee0228513d024a4e287e9f1aa3957152332b1483ab0af67cb42
uridine,direct_neighbor_ridge,breast,0,3,49,36.17043639500473,37.405554023092314,9492e163b6ef19b0563b1ce8302b8e8794e2e4c9c8031c62ff9774a3f63f6f58
uridine,direct_neighbor_ridge,central_nervous_system,0,3,49,18.306849277053484,17.790468564884293,9492e163b6ef19b0563b1ce8302b8e8794e2e4c9c8031c62ff9774a3f63f6f58
uridine,direct_neighbor_ridge,endometrium,0,3,28,25.966275401449483,25.054654360624554,9492e163b6ef19b0563b1ce8302b8e8794e2e4c9c8031c62ff9774a3f63f6f58
uridine,direct_neighbor_ridge,kidney,0,3,23,10.604485707385525,10.966289871625598,9492e163b6ef19b0563b1ce8302b8e8794e2e4c9c8031c62ff9774a3f63f6f58
uridine,direct_neighbor_ridge,liver,0,3,25,13.54586473792217,13.11021919044888,9492e163b6ef19b0563b1ce8302b8e8794e2e4c9c8031c62ff9774a3f63f6f58
uridine,direct_neighbor_ridge,lung,0,4,176,136.87846710280309,135.7546928193319,cf9883e99ee1b956d01c2cb42a4d284b982ce23065d3616a5e1cced359e41fb5
uridine,direct_neighbor_ridge,bone,1,0,19,19.025763335422738,18.61792068168126,32d2e2f547f707a9f12d899e65a934275c9f49020e10d214973126d05910ec9c
uridine,direct_neighbor_ridge,ovary,1,0,45,22.33799415916256,22.5844845363011,32d2e2f547f707a9f12d899e65a934275c9f49020e10d214973126d05910ec9c
uridine,direct_neighbor_ridge,skin,1,0,52,19.55496132075088,18.817699150012256,32d2e2f547f707a9f12d899e65a934275c9f49020e10d214973126d05910ec9c
uridine,direct_neighbor_ridge,upper_aerodigestive_tract,1,0,30,10.821703665027266,10.432247565132,32d2e2f547f707a9f12d899e65a934275c9f49020e10d214973126d05910ec9c
uridine,direct_neighbor_ridge,urinary_tract,1,0,25,13.467649146892635,13.017015162067509,32d2e2f547f707a9f12d899e65a934275c9f49020e10d214973126d05910ec9c
uridine,direct_neighbor_ridge,lung,1,1,176,136.87846710280309,135.7546928193319,cf9883e99ee1b956d01c2cb42a4d284b982ce23065d3616a5e1cced359e41fb5
uridine,direct_neighbor_ridge,autonomic_ganglia,1,2,16,55.908969691513406,55.946004491412296,db1ab3680dcfc2deb10e2511ec28b70b27966d5a436d724be48267bcbf200acf
uridine,direct_neighbor_ridge,haematopoietic_and_lymphoid_tissue,1,2,163,524.0949538079395,522.1138611855528,db1ab3680dcfc2deb10e2511ec28b70b27966d5a436d724be48267bcbf200acf
uridine,direct_neighbor_ridge,large_intestine,1,3,55,56.916742839914555,56.88903722563451,659dce4f66bf4ee0228513d024a4e287e9f1aa3957152332b1483ab0af67cb42
uridine,direct_neighbor_ridge,oesophagus,1,3,25,10.730186209651347,10.544264585516814,659dce4f66bf4ee0228513d024a4e287e9f1aa3957152332b1483ab0af67cb42
uridine,direct_neighbor_ridge,pancreas,1,3,41,14.205370061517032,13.219255814162224,659dce4f66bf4ee0228513d024a4e287e9f1aa3957152332b1483ab0af67cb42
uridine,direct_neighbor_ridge,soft_tissue,1,3,18,17.299890945352566,16.54983361890276,659dce4f66bf4ee0228513d024a4e287e9f1aa3957152332b1483ab0af67cb42
uridine,direct_neighbor_ridge,stomach,1,3,37,34.22896141279414,33.116412693077834,659dce4f66bf4ee0228513d024a4e287e9f1aa3957152332b1483ab0af67cb42
uridine,direct_neighbor_ridge,breast,1,4,49,36.17043639500473,37.405554023092314,9492e163b6ef19b0563b1ce8302b8e8794e2e4c9c8031c62ff9774a3f63f6f58
uridine,direct_neighbor_ridge,central_nervous_system,1,4,49,18.306849277053484,17.790468564884293,9492e163b6ef19b0563b1ce8302b8e8794e2e4c9c8031c62ff9774a3f63f6f58
uridine,direct_neighbor_ridge,endometrium,1,4,28,25.966275401449483,25.054654360624554,9492e163b6ef19b0563b1ce8302b8e8794e2e4c9c8031c62ff9774a3f63f6f58
uridine,direct_neighbor_ridge,kidney,1,4,23,10.604485707385525,10.966289871625598,9492e163b6ef19b0563b1ce8302b8e8794e2e4c9c8031c62ff9774a3f63f6f58
uridine,direct_neighbor_ridge,liver,1,4,25,13.54586473792217,13.11021919044888,9492e163b6ef19b0563b1ce8302b8e8794e2e4c9c8031c62ff9774a3f63f6f58
valine,direct_neighbor_ridge,autonomic_ganglia,0,0,16,14.348128556552709,14.749404555042048,db1ab3680dcfc2deb10e2511ec28b70b27966d5a436d724be48267bcbf200acf
valine,direct_neighbor_ridge,haematopoietic_and_lymphoid_tissue,0,0,163,307.9851719259091,305.66547902841853,db1ab3680dcfc2deb10e2511ec28b70b27966d5a436d724be48267bcbf200acf
valine,direct_neighbor_ridge,bone,0,1,19,25.31825095716235,25.746360066965646,32d2e2f547f707a9f12d899e65a934275c9f49020e10d214973126d05910ec9c
valine,direct_neighbor_ridge,ovary,0,1,45,34.619929211665045,35.22467884318992,32d2e2f547f707a9f12d899e65a934275c9f49020e10d214973126d05910ec9c
valine,direct_neighbor_ridge,skin,0,1,52,68.61145581090555,69.638587472986,32d2e2f547f707a9f12d899e65a934275c9f49020e10d214973126d05910ec9c
valine,direct_neighbor_ridge,upper_aerodigestive_tract,0,1,30,57.55451188387677,55.11968776989112,32d2e2f547f707a9f12d899e65a934275c9f49020e10d214973126d05910ec9c
valine,direct_neighbor_ridge,urinary_tract,0,1,25,36.01267669354552,35.37830108889244,32d2e2f547f707a9f12d899e65a934275c9f49020e10d214973126d05910ec9c
valine,direct_neighbor_ridge,large_intestine,0,2,55,62.70234494148311,63.42122120020647,659dce4f66bf4ee0228513d024a4e287e9f1aa3957152332b1483ab0af67cb42
valine,direct_neighbor_ridge,oesophagus,0,2,25,14.157531546323172,14.693053756718601,659dce4f66bf4ee0228513d024a4e287e9f1aa3957152332b1483ab0af67cb42
valine,direct_neighbor_ridge,pancreas,0,2,41,22.309399093993186,22.316113319775205,659dce4f66bf4ee0228513d024a4e287e9f1aa3957152332b1483ab0af67cb42
valine,direct_neighbor_ridge,soft_tissue,0,2,18,10.923135463577083,11.144271941300788,659dce4f66bf4ee0228513d024a4e287e9f1aa3957152332b1483ab0af67cb42
valine,direct_neighbor_ridge,stomach,0,2,37,25.253864616282492,25.423547483784045,659dce4f66bf4ee0228513d024a4e287e9f1aa3957152332b1483ab0af67cb42
valine,direct_neighbor_ridge,breast,0,3,49,40.16190647598354,37.683475247385836,9492e163b6ef19b0563b1ce8302b8e8794e2e4c9c8031c62ff9774a3f63f6f58
valine,direct_neighbor_ridge,central_nervous_system,0,3,49,52.62246576104177,54.38458456325798,9492e163b6ef19b0563b1ce8302b8e8794e2e4c9c8031c62ff9774a3f63f6f58
valine,direct_neighbor_ridge,endometrium,0,3,28,19.745228389325337,20.47180899759318,9492e163b6ef19b0563b1ce8302b8e8794e2e4c9c8031c62ff9774a3f63f6f58
valine,direct_neighbor_ridge,kidney,0,3,23,21.639145666534116,21.128323547624287,9492e163b6ef19b0563b1ce8302b8e8794e2e4c9c8031c62ff9774a3f63f6f58
valine,direct_neighbor_ridge,liver,0,3,25,24.36912923459332,22.929086975011735,9492e163b6ef19b0563b1ce8302b8e8794e2e4c9c8031c62ff9774a3f63f6f58
valine,direct_neighbor_ridge,lung,0,4,176,155.04724805335422,155.67495648545167,cf9883e99ee1b956d01c2cb42a4d284b982ce23065d3616a5e1cced359e41fb5
valine,direct_neighbor_ridge,bone,1,0,19,25.31825095716235,25.746360066965646,32d2e2f547f707a9f12d899e65a934275c9f49020e10d214973126d05910ec9c
valine,direct_neighbor_ridge,ovary,1,0,45,34.619929211665045,35.22467884318992,32d2e2f547f707a9f12d899e65a934275c9f49020e10d214973126d05910ec9c
valine,direct_neighbor_ridge,skin,1,0,52,68.61145581090555,69.638587472986,32d2e2f547f707a9f12d899e65a934275c9f49020e10d214973126d05910ec9c
valine,direct_neighbor_ridge,upper_aerodigestive_tract,1,0,30,57.55451188387677,55.11968776989112,32d2e2f547f707a9f12d899e65a934275c9f49020e10d214973126d05910ec9c
valine,direct_neighbor_ridge,urinary_tract,1,0,25,36.01267669354552,35.37830108889244,32d2e2f547f707a9f12d899e65a934275c9f49020e10d214973126d05910ec9c
valine,direct_neighbor_ridge,lung,1,1,176,155.04724805335422,155.67495648545167,cf9883e99ee1b956d01c2cb42a4d284b982ce23065d3616a5e1cced359e41fb5
valine,direct_neighbor_ridge,autonomic_ganglia,1,2,16,14.348128556552709,14.749404555042048,db1ab3680dcfc2deb10e2511ec28b70b27966d5a436d724be48267bcbf200acf
valine,direct_neighbor_ridge,haematopoietic_and_lymphoid_tissue,1,2,163,307.9851719259091,305.66547902841853,db1ab3680dcfc2deb10e2511ec28b70b27966d5a436d724be48267bcbf200acf
valine,direct_neighbor_ridge,large_intestine,1,3,55,62.70234494148311,63.42122120020647,659dce4f66bf4ee0228513d024a4e287e9f1aa3957152332b1483ab0af67cb42
valine,direct_neighbor_ridge,oesophagus,1,3,25,14.157531546323172,14.693053756718601,659dce4f66bf4ee0228513d024a4e287e9f1aa3957152332b1483ab0af67cb42
valine,direct_neighbor_ridge,pancreas,1,3,41,22.309399093993186,22.316113319775205,659dce4f66bf4ee0228513d024a4e287e9f1aa3957152332b1483ab0af67cb42
valine,direct_neighbor_ridge,soft_tissue,1,3,18,10.923135463577083,11.144271941300788,659dce4f66bf4ee0228513d024a4e287e9f1aa3957152332b1483ab0af67cb42
valine,direct_neighbor_ridge,stomach,1,3,37,25.253864616282492,25.423547483784045,659dce4f66bf4ee0228513d024a4e287e9f1aa3957152332b1483ab0af67cb42
valine,direct_neighbor_ridge,breast,1,4,49,40.16190647598354,37.683475247385836,9492e163b6ef19b0563b1ce8302b8e8794e2e4c9c8031c62ff9774a3f63f6f58
valine,direct_neighbor_ridge,central_nervous_system,1,4,49,52.62246576104177,54.38458456325798,9492e163b6ef19b0563b1ce8302b8e8794e2e4c9c8031c62ff9774a3f63f6f58
valine,direct_neighbor_ridge,endometrium,1,4,28,19.745228389325337,20.47180899759318,9492e163b6ef19b0563b1ce8302b8e8794e2e4c9c8031c62ff9774a3f63f6f58
valine,direct_neighbor_ridge,kidney,1,4,23,21.639145666534116,21.128323547624287,9492e163b6ef19b0563b1ce8302b8e8794e2e4c9c8031c62ff9774a3f63f6f58
valine,direct_neighbor_ridge,liver,1,4,25,24.36912923459332,22.929086975011735,9492e163b6ef19b0563b1ce8302b8e8794e2e4c9c8031c62ff9774a3f63f6f58
xanthine,direct_neighbor_ridge,autonomic_ganglia,0,0,16,34.95118015172264,33.11751451663089,db1ab3680dcfc2deb10e2511ec28b70b27966d5a436d724be48267bcbf200acf
xanthine,direct_neighbor_ridge,haematopoietic_and_lymphoid_tissue,0,0,163,879.2960639086008,869.0735041883507,db1ab3680dcfc2deb10e2511ec28b70b27966d5a436d724be48267bcbf200acf
xanthine,direct_neighbor_ridge,bone,0,1,19,12.724047508446905,12.787957670491874,32d2e2f547f707a9f12d899e65a934275c9f49020e10d214973126d05910ec9c
xanthine,direct_neighbor_ridge,ovary,0,1,45,25.075693474928674,27.936624934023452,32d2e2f547f707a9f12d899e65a934275c9f49020e10d214973126d05910ec9c
xanthine,direct_neighbor_ridge,skin,0,1,52,21.853111394809225,17.9925231155266,32d2e2f547f707a9f12d899e65a934275c9f49020e10d214973126d05910ec9c
xanthine,direct_neighbor_ridge,upper_aerodigestive_tract,0,1,30,13.26049333792299,12.328299719164939,32d2e2f547f707a9f12d899e65a934275c9f49020e10d214973126d05910ec9c
xanthine,direct_neighbor_ridge,urinary_tract,0,1,25,15.563295367101604,11.198277703007664,32d2e2f547f707a9f12d899e65a934275c9f49020e10d214973126d05910ec9c
xanthine,direct_neighbor_ridge,large_intestine,0,2,55,29.784666274910485,33.3462413234663,659dce4f66bf4ee0228513d024a4e287e9f1aa3957152332b1483ab0af67cb42
xanthine,direct_neighbor_ridge,oesophagus,0,2,25,6.609598617709864,8.017569257089496,659dce4f66bf4ee0228513d024a4e287e9f1aa3957152332b1483ab0af67cb42
xanthine,direct_neighbor_ridge,pancreas,0,2,41,26.90956848929701,24.314286851097215,659dce4f66bf4ee0228513d024a4e287e9f1aa3957152332b1483ab0af67cb42
xanthine,direct_neighbor_ridge,soft_tissue,0,2,18,17.17313699787353,16.90944806332515,659dce4f66bf4ee0228513d024a4e287e9f1aa3957152332b1483ab0af67cb42
xanthine,direct_neighbor_ridge,stomach,0,2,37,27.530421670299695,25.774907517052316,659dce4f66bf4ee0228513d024a4e287e9f1aa3957152332b1483ab0af67cb42
xanthine,direct_neighbor_ridge,breast,0,3,49,51.527907692873626,46.704159241409286,9492e163b6ef19b0563b1ce8302b8e8794e2e4c9c8031c62ff9774a3f63f6f58
xanthine,direct_neighbor_ridge,central_nervous_system,0,3,49,23.1483050651502,23.78334758500866,9492e163b6ef19b0563b1ce8302b8e8794e2e4c9c8031c62ff9774a3f63f6f58
xanthine,direct_neighbor_ridge,endometrium,0,3,28,20.475055304594903,21.2222000708111,9492e163b6ef19b0563b1ce8302b8e8794e2e4c9c8031c62ff9774a3f63f6f58
xanthine,direct_neighbor_ridge,kidney,0,3,23,11.25746374404708,9.570696657651318,9492e163b6ef19b0563b1ce8302b8e8794e2e4c9c8031c62ff9774a3f63f6f58
xanthine,direct_neighbor_ridge,liver,0,3,25,22.018831279856045,16.45648434616125,9492e163b6ef19b0563b1ce8302b8e8794e2e4c9c8031c62ff9774a3f63f6f58
xanthine,direct_neighbor_ridge,lung,0,4,176,156.28269322541433,160.4612116741083,cf9883e99ee1b956d01c2cb42a4d284b982ce23065d3616a5e1cced359e41fb5
xanthine,direct_neighbor_ridge,bone,1,0,19,12.724047508446905,12.787957670491874,32d2e2f547f707a9f12d899e65a934275c9f49020e10d214973126d05910ec9c
xanthine,direct_neighbor_ridge,ovary,1,0,45,25.075693474928674,27.936624934023452,32d2e2f547f707a9f12d899e65a934275c9f49020e10d214973126d05910ec9c
xanthine,direct_neighbor_ridge,skin,1,0,52,21.853111394809225,17.9925231155266,32d2e2f547f707a9f12d899e65a934275c9f49020e10d214973126d05910ec9c
xanthine,direct_neighbor_ridge,upper_aerodigestive_tract,1,0,30,13.26049333792299,12.328299719164939,32d2e2f547f707a9f12d899e65a934275c9f49020e10d214973126d05910ec9c
xanthine,direct_neighbor_ridge,urinary_tract,1,0,25,15.563295367101604,11.198277703007664,32d2e2f547f707a9f12d899e65a934275c9f49020e10d214973126d05910ec9c
xanthine,direct_neighbor_ridge,lung,1,1,176,156.28269322541433,160.4612116741083,cf9883e99ee1b956d01c2cb42a4d284b982ce23065d3616a5e1cced359e41fb5
xanthine,direct_neighbor_ridge,autonomic_ganglia,1,2,16,34.95118015172264,33.11751451663089,db1ab3680dcfc2deb10e2511ec28b70b27966d5a436d724be48267bcbf200acf
xanthine,direct_neighbor_ridge,haematopoietic_and_lymphoid_tissue,1,2,163,879.2960639086008,869.0735041883507,db1ab3680dcfc2deb10e2511ec28b70b27966d5a436d724be48267bcbf200acf
xanthine,direct_neighbor_ridge,large_intestine,1,3,55,29.784666274910485,33.3462413234663,659dce4f66bf4ee0228513d024a4e287e9f1aa3957152332b1483ab0af67cb42
xanthine,direct_neighbor_ridge,oesophagus,1,3,25,6.609598617709864,8.017569257089496,659dce4f66bf4ee0228513d024a4e287e9f1aa3957152332b1483ab0af67cb42
xanthine,direct_neighbor_ridge,pancreas,1,3,41,26.90956848929701,24.314286851097215,659dce4f66bf4ee0228513d024a4e287e9f1aa3957152332b1483ab0af67cb42
xanthine,direct_neighbor_ridge,soft_tissue,1,3,18,17.17313699787353,16.90944806332515,659dce4f66bf4ee0228513d024a4e287e9f1aa3957152332b1483ab0af67cb42
xanthine,direct_neighbor_ridge,stomach,1,3,37,27.530421670299695,25.774907517052316,659dce4f66bf4ee0228513d024a4e287e9f1aa3957152332b1483ab0af67cb42
xanthine,direct_neighbor_ridge,breast,1,4,49,51.527907692873626,46.704159241409286,9492e163b6ef19b0563b1ce8302b8e8794e2e4c9c8031c62ff9774a3f63f6f58
xanthine,direct_neighbor_ridge,central_nervous_system,1,4,49,23.1483050651502,23.78334758500866,9492e163b6ef19b0563b1ce8302b8e8794e2e4c9c8031c62ff9774a3f63f6f58
xanthine,direct_neighbor_ridge,endometrium,1,4,28,20.475055304594903,21.2222000708111,9492e163b6ef19b0563b1ce8302b8e8794e2e4c9c8031c62ff9774a3f63f6f58
xanthine,direct_neighbor_ridge,kidney,1,4,23,11.25746374404708,9.570696657651318,9492e163b6ef19b0563b1ce8302b8e8794e2e4c9c8031c62ff9774a3f63f6f58
xanthine,direct_neighbor_ridge,liver,1,4,25,22.018831279856045,16.45648434616125,9492e163b6ef19b0563b1ce8302b8e8794e2e4c9c8031c62ff9774a3f63f6f58
xanthosine,direct_neighbor_ridge,autonomic_ganglia,0,0,16,11.399348910478666,11.008198663553578,db1ab3680dcfc2deb10e2511ec28b70b27966d5a436d724be48267bcbf200acf
xanthosine,direct_neighbor_ridge,haematopoietic_and_lymphoid_tissue,0,0,163,423.04462992626475,441.2936332324988,db1ab3680dcfc2deb10e2511ec28b70b27966d5a436d724be48267bcbf200acf
xanthosine,direct_neighbor_ridge,bone,0,1,19,9.971428793805522,11.043281048783864,32d2e2f547f707a9f12d899e65a934275c9f49020e10d214973126d05910ec9c
xanthosine,direct_neighbor_ridge,ovary,0,1,45,25.15457388077873,26.26572238488897,32d2e2f547f707a9f12d899e65a934275c9f49020e10d214973126d05910ec9c
xanthosine,direct_neighbor_ridge,skin,0,1,52,13.748757655632012,13.472059766737333,32d2e2f547f707a9f12d899e65a934275c9f49020e10d214973126d05910ec9c
xanthosine,direct_neighbor_ridge,upper_aerodigestive_tract,0,1,30,9.68107636949777,10.642069353386418,32d2e2f547f707a9f12d899e65a934275c9f49020e10d214973126d05910ec9c
xanthosine,direct_neighbor_ridge,urinary_tract,0,1,25,8.691946369570816,8.25905430372015,32d2e2f547f707a9f12d899e65a934275c9f49020e10d214973126d05910ec9c
xanthosine,direct_neighbor_ridge,large_intestine,0,2,55,54.918906891695904,51.228898375660066,659dce4f66bf4ee0228513d024a4e287e9f1aa3957152332b1483ab0af67cb42
xanthosine,direct_neighbor_ridge,oesophagus,0,2,25,10.883688124208973,12.233475224941403,659dce4f66bf4ee0228513d024a4e287e9f1aa3957152332b1483ab0af67cb42
xanthosine,direct_neighbor_ridge,pancreas,0,2,41,17.252536619881603,18.04293717632629,659dce4f66bf4ee0228513d024a4e287e9f1aa3957152332b1483ab0af67cb42
xanthosine,direct_neighbor_ridge,soft_tissue,0,2,18,16.120816360741326,17.282931220467947,659dce4f66bf4ee0228513d024a4e287e9f1aa3957152332b1483ab0af67cb42
xanthosine,direct_neighbor_ridge,stomach,0,2,37,27.522047934335674,27.57073682162232,659dce4f66bf4ee0228513d024a4e287e9f1aa3957152332b1483ab0af67cb42
xanthosine,direct_neighbor_ridge,breast,0,3,49,65.99570878138421,64.26581063723616,9492e163b6ef19b0563b1ce8302b8e8794e2e4c9c8031c62ff9774a3f63f6f58
xanthosine,direct_neighbor_ridge,central_nervous_system,0,3,49,43.71420049670437,43.54806803670751,9492e163b6ef19b0563b1ce8302b8e8794e2e4c9c8031c62ff9774a3f63f6f58
xanthosine,direct_neighbor_ridge,endometrium,0,3,28,22.049638285890307,23.10768688402864,9492e163b6ef19b0563b1ce8302b8e8794e2e4c9c8031c62ff9774a3f63f6f58
xanthosine,direct_neighbor_ridge,kidney,0,3,23,16.716247908658968,15.300775390293909,9492e163b6ef19b0563b1ce8302b8e8794e2e4c9c8031c62ff9774a3f63f6f58
xanthosine,direct_neighbor_ridge,liver,0,3,25,33.78214861993118,34.01149625380925,9492e163b6ef19b0563b1ce8302b8e8794e2e4c9c8031c62ff9774a3f63f6f58
xanthosine,direct_neighbor_ridge,lung,0,4,176,183.82536487348344,192.0577103945816,cf9883e99ee1b956d01c2cb42a4d284b982ce23065d3616a5e1cced359e41fb5
xanthosine,direct_neighbor_ridge,bone,1,0,19,9.971428793805522,11.043281048783864,32d2e2f547f707a9f12d899e65a934275c9f49020e10d214973126d05910ec9c
xanthosine,direct_neighbor_ridge,ovary,1,0,45,25.15457388077873,26.26572238488897,32d2e2f547f707a9f12d899e65a934275c9f49020e10d214973126d05910ec9c
xanthosine,direct_neighbor_ridge,skin,1,0,52,13.748757655632012,13.472059766737333,32d2e2f547f707a9f12d899e65a934275c9f49020e10d214973126d05910ec9c
xanthosine,direct_neighbor_ridge,upper_aerodigestive_tract,1,0,30,9.68107636949777,10.642069353386418,32d2e2f547f707a9f12d899e65a934275c9f49020e10d214973126d05910ec9c
xanthosine,direct_neighbor_ridge,urinary_tract,1,0,25,8.691946369570816,8.25905430372015,32d2e2f547f707a9f12d899e65a934275c9f49020e10d214973126d05910ec9c
xanthosine,direct_neighbor_ridge,lung,1,1,176,183.82536487348344,192.0577103945816,cf9883e99ee1b956d01c2cb42a4d284b982ce23065d3616a5e1cced359e41fb5
xanthosine,direct_neighbor_ridge,autonomic_ganglia,1,2,16,11.399348910478666,11.008198663553578,db1ab3680dcfc2deb10e2511ec28b70b27966d5a436d724be48267bcbf200acf
xanthosine,direct_neighbor_ridge,haematopoietic_and_lymphoid_tissue,1,2,163,423.04462992626475,441.2936332324988,db1ab3680dcfc2deb10e2511ec28b70b27966d5a436d724be48267bcbf200acf
xanthosine,direct_neighbor_ridge,large_intestine,1,3,55,54.918906891695904,51.228898375660066,659dce4f66bf4ee0228513d024a4e287e9f1aa3957152332b1483ab0af67cb42
xanthosine,direct_neighbor_ridge,oesophagus,1,3,25,10.883688124208973,12.233475224941403,659dce4f66bf4ee0228513d024a4e287e9f1aa3957152332b1483ab0af67cb42
xanthosine,direct_neighbor_ridge,pancreas,1,3,41,17.252536619881603,18.04293717632629,659dce4f66bf4ee0228513d024a4e287e9f1aa3957152332b1483ab0af67cb42
xanthosine,direct_neighbor_ridge,soft_tissue,1,3,18,16.120816360741326,17.282931220467947,659dce4f66bf4ee0228513d024a4e287e9f1aa3957152332b1483ab0af67cb42
xanthosine,direct_neighbor_ridge,stomach,1,3,37,27.522047934335674,27.57073682162232,659dce4f66bf4ee0228513d024a4e287e9f1aa3957152332b1483ab0af67cb42
xanthosine,direct_neighbor_ridge,breast,1,4,49,65.99570878138421,64.26581063723616,9492e163b6ef19b0563b1ce8302b8e8794e2e4c9c8031c62ff9774a3f63f6f58
xanthosine,direct_neighbor_ridge,central_nervous_system,1,4,49,43.71420049670437,43.54806803670751,9492e163b6ef19b0563b1ce8302b8e8794e2e4c9c8031c62ff9774a3f63f6f58
xanthosine,direct_neighbor_ridge,endometrium,1,4,28,22.049638285890307,23.10768688402864,9492e163b6ef19b0563b1ce8302b8e8794e2e4c9c8031c62ff9774a3f63f6f58
xanthosine,direct_neighbor_ridge,kidney,1,4,23,16.716247908658968,15.300775390293909,9492e163b6ef19b0563b1ce8302b8e8794e2e4c9c8031c62ff9774a3f63f6f58
xanthosine,direct_neighbor_ridge,liver,1,4,25,33.78214861993118,34.01149625380925,9492e163b6ef19b0563b1ce8302b8e8794e2e4c9c8031c62ff9774a3f63f6f58
