model,selection_candidate_metabolites,raw_transcript_genes,expression_signatures,interaction_count,pca_requested_components,pca_training_rank,pca_rank_capped,raw_metabolites,selected_metabolites,selected_signatures,empty_training_features,constant_training_features,transform_learned_parameters,representation_dimension,coefficient_count,target,repeat,outer_fold,selected_alpha,training_samples,test_samples,training_groups,test_groups,target_center,target_scale,training_target_constant,split_digest,elapsed_seconds
direct_neighbor_ridge,0,0,0,0,0,0,False,15,"[""alanine"", ""arginine"", ""betaine"", ""cytidine"", ""dimethylglycine"", ""glutamate"", ""homocysteine"", ""isocitrate"", ""leucine"", ""methionine"", ""ornithine"", ""sarcosine"", ""serine"", ""uracil"", ""xanthosine""]",[],0,0,30,15,16,AMP,0,0,100.0,697,179,16,2,5.876602736441894,0.3500566287910305,False,db1ab3680dcfc2deb10e2511ec28b70b27966d5a436d724be48267bcbf200acf,0.14733038702979684
direct_neighbor_ridge,0,0,0,0,0,0,False,15,"[""alanine"", ""arginine"", ""betaine"", ""cytidine"", ""dimethylglycine"", ""glutamate"", ""homocysteine"", ""isocitrate"", ""leucine"", ""methionine"", ""ornithine"", ""sarcosine"", ""serine"", ""uracil"", ""xanthosine""]",[],0,0,30,15,16,AMP,0,1,100.0,705,171,13,5,6.0308758873758865,0.5084438756529834,False,32d2e2f547f707a9f12d899e65a934275c9f49020e10d214973126d05910ec9c,0.10989548405632377
direct_neighbor_ridge,0,0,0,0,0,0,False,15,"[""alanine"", ""arginine"", ""betaine"", ""cytidine"", ""dimethylglycine"", ""glutamate"", ""homocysteine"", ""isocitrate"", ""leucine"", ""methionine"", ""ornithine"", ""sarcosine"", ""serine"", ""uracil"", ""xanthosine""]",[],0,0,30,15,16,AMP,0,2,10.0,700,176,13,5,6.004757570571429,0.5031283164328217,False,659dce4f66bf4ee0228513d024a4e287e9f1aa3957152332b1483ab0af67cb42,0.09917781804688275
direct_neighbor_ridge,0,0,0,0,0,0,False,15,"[""alanine"", ""arginine"", ""betaine"", ""cytidine"", ""dimethylglycine"", ""glutamate"", ""homocysteine"", ""isocitrate"", ""leucine"", ""methionine"", ""ornithine"", ""sarcosine"", ""serine"", ""uracil"", ""xanthosine""]",[],0,0,30,15,16,AMP,0,3,100.0,702,174,13,5,6.036753952706553,0.5105127136917674,False,9492e163b6ef19b0563b1ce8302b8e8794e2e4c9c8031c62ff9774a3f63f6f58,0.08500553201884031
direct_neighbor_ridge,0,0,0,0,0,0,False,15,"[""alanine"", ""arginine"", ""betaine"", ""cytidine"", ""dimethylglycine"", ""glutamate"", ""homocysteine"", ""isocitrate"", ""leucine"", ""methionine"", ""ornithine"", ""sarcosine"", ""serine"", ""uracil"", ""xanthosine""]",[],0,0,30,15,16,AMP,0,4,100.0,700,176,17,1,6.003706712428572,0.5019081462358086,False,cf9883e99ee1b956d01c2cb42a4d284b982ce23065d3616a5e1cced359e41fb5,0.07741797203198075
direct_neighbor_ridge,0,0,0,0,0,0,False,15,"[""alanine"", ""arginine"", ""betaine"", ""cytidine"", ""dimethylglycine"", ""glutamate"", ""homocysteine"", ""isocitrate"", ""leucine"", ""methionine"", ""ornithine"", ""sarcosine"", ""serine"", ""uracil"", ""xanthosine""]",[],0,0,30,15,16,AMP,1,0,100.0,705,171,13,5,6.0308758873758865,0.5084438756529834,False,32d2e2f547f707a9f12d899e65a934275c9f49020e10d214973126d05910ec9c,0.07202627114020288
direct_neighbor_ridge,0,0,0,0,0,0,False,15,"[""alanine"", ""arginine"", ""betaine"", ""cytidine"", ""dimethylglycine"", ""glutamate"", ""homocysteine"", ""isocitrate"", ""leucine"", ""methionine"", ""ornithine"", ""sarcosine"", ""serine"", ""uracil"", ""xanthosine""]",[],0,0,30,15,16,AMP,1,1,100.0,700,176,17,1,6.003706712428572,0.5019081462358086,False,cf9883e99ee1b956d01c2cb42a4d284b982ce23065d3616a5e1cced359e41fb5,0.06537339393980801
direct_neighbor_ridge,0,0,0,0,0,0,False,15,"[""alanine"", ""arginine"", ""betaine"", ""cytidine"", ""dimethylglycine"", ""glutamate"", ""homocysteine"", ""isocitrate"", ""leucine"", ""methionine"", ""ornithine"", ""sarcosine"", ""serine"", ""uracil"", ""xanthosine""]",[],0,0,30,15,16,AMP,1,2,100.0,697,179,16,2,5.876602736441894,0.3500566287910305,False,db1ab3680dcfc2deb10e2511ec28b70b27966d5a436d724be48267bcbf200acf,0.07316721696406603
direct_neighbor_ridge,0,0,0,0,0,0,False,15,"[""alanine"", ""arginine"", ""betaine"", ""cytidine"", ""dimethylglycine"", ""glutamate"", ""homocysteine"", ""isocitrate"", ""leucine"", ""methionine"", ""ornithine"", ""sarcosine"", ""serine"", ""uracil"", ""xanthosine""]",[],0,0,30,15,16,AMP,1,3,100.0,700,176,13,5,6.004757570571429,0.5031283164328217,False,659dce4f66bf4ee0228513d024a4e287e9f1aa3957152332b1483ab0af67cb42,0.07017591898329556
direct_neighbor_ridge,0,0,0,0,0,0,False,15,"[""alanine"", ""arginine"", ""betaine"", ""cytidine"", ""dimethylglycine"", ""glutamate"", ""homocysteine"", ""isocitrate"", ""leucine"", ""methionine"", ""ornithine"", ""sarcosine"", ""serine"", ""uracil"", ""xanthosine""]",[],0,0,30,15,16,AMP,1,4,100.0,702,174,13,5,6.036753952706553,0.5105127136917674,False,9492e163b6ef19b0563b1ce8302b8e8794e2e4c9c8031c62ff9774a3f63f6f58,0.0671125240623951
direct_neighbor_ridge,0,0,0,0,0,0,False,5,"[""NAD"", ""aconitate"", ""alanine"", ""citrate"", ""citrulline""]",[],0,0,10,5,6,CMP,0,0,10.0,697,179,16,2,5.881799451219512,0.3375083671874914,False,db1ab3680dcfc2deb10e2511ec28b70b27966d5a436d724be48267bcbf200acf,0.059751031920313835
direct_neighbor_ridge,0,0,0,0,0,0,False,5,"[""NAD"", ""aconitate"", ""alanine"", ""citrate"", ""citrulline""]",[],0,0,10,5,6,CMP,0,1,0.1,705,171,13,5,6.017746583404255,0.47245130631595555,False,32d2e2f547f707a9f12d899e65a934275c9f49020e10d214973126d05910ec9c,0.05885860603302717
direct_neighbor_ridge,0,0,0,0,0,0,False,5,"[""NAD"", ""aconitate"", ""alanine"", ""citrate"", ""citrulline""]",[],0,0,10,5,6,CMP,0,2,0.1,700,176,13,5,6.0109321772857145,0.461104447843522,False,659dce4f66bf4ee0228513d024a4e287e9f1aa3957152332b1483ab0af67cb42,0.05811963998712599
direct_neighbor_ridge,0,0,0,0,0,0,False,5,"[""NAD"", ""aconitate"", ""alanine"", ""citrate"", ""citrulline""]",[],0,0,10,5,6,CMP,0,3,0.1,702,174,13,5,6.029179082051282,0.46845959043845226,False,9492e163b6ef19b0563b1ce8302b8e8794e2e4c9c8031c62ff9774a3f63f6f58,0.06347176106646657
direct_neighbor_ridge,0,0,0,0,0,0,False,5,"[""NAD"", ""aconitate"", ""alanine"", ""citrate"", ""citrulline""]",[],0,0,10,5,6,CMP,0,4,0.1,700,176,17,1,5.992087687857143,0.4681468933552064,False,cf9883e99ee1b956d01c2cb42a4d284b982ce23065d3616a5e1cced359e41fb5,0.0529134611133486
direct_neighbor_ridge,0,0,0,0,0,0,False,5,"[""NAD"", ""aconitate"", ""alanine"", ""citrate"", ""citrulline""]",[],0,0,10,5,6,CMP,1,0,0.1,705,171,13,5,6.017746583404255,0.47245130631595555,False,32d2e2f547f707a9f12d899e65a934275c9f49020e10d214973126d05910ec9c,0.05699786404147744
direct_neighbor_ridge,0,0,0,0,0,0,False,5,"[""NAD"", ""aconitate"", ""alanine"", ""citrate"", ""citrulline""]",[],0,0,10,5,6,CMP,1,1,1.0,700,176,17,1,5.992087687857143,0.4681468933552064,False,cf9883e99ee1b956d01c2cb42a4d284b982ce23065d3616a5e1cced359e41fb5,0.06382436607964337
direct_neighbor_ridge,0,0,0,0,0,0,False,5,"[""NAD"", ""aconitate"", ""alanine"", ""citrate"", ""citrulline""]",[],0,0,10,5,6,CMP,1,2,10.0,697,179,16,2,5.881799451219512,0.3375083671874914,False,db1ab3680dcfc2deb10e2511ec28b70b27966d5a436d724be48267bcbf200acf,0.11275463597849011
direct_neighbor_ridge,0,0,0,0,0,0,False,5,"[""NAD"", ""aconitate"", ""alanine"", ""citrate"", ""citrulline""]",[],0,0,10,5,6,CMP,1,3,0.1,700,176,13,5,6.0109321772857145,0.461104447843522,False,659dce4f66bf4ee0228513d024a4e287e9f1aa3957152332b1483ab0af67cb42,0.10968720307573676
direct_neighbor_ridge,0,0,0,0,0,0,False,5,"[""NAD"", ""aconitate"", ""alanine"", ""citrate"", ""citrulline""]",[],0,0,10,5,6,CMP,1,4,0.1,702,174,13,5,6.029179082051282,0.46845959043845226,False,9492e163b6ef19b0563b1ce8302b8e8794e2e4c9c8031c62ff9774a3f63f6f58,0.06685386109165847
direct_neighbor_ridge,0,0,0,0,0,0,False,5,"[""NAD"", ""betaine"", ""glutamate"", ""ornithine"", ""thyroxine""]",[],0,0,10,5,6,GMP,0,0,0.1,697,179,16,2,5.9022510956958385,0.3718471387264023,False,db1ab3680dcfc2deb10e2511ec28b70b27966d5a436d724be48267bcbf200acf,0.07996511901728809
direct_neighbor_ridge,0,0,0,0,0,0,False,5,"[""NAD"", ""betaine"", ""glutamate"", ""ornithine"", ""thyroxine""]",[],0,0,10,5,6,GMP,0,1,10.0,705,171,13,5,6.010947650212766,0.46377983172504383,False,32d2e2f547f707a9f12d899e65a934275c9f49020e10d214973126d05910ec9c,0.09099186188541353
direct_neighbor_ridge,0,0,0,0,0,0,False,5,"[""NAD"", ""betaine"", ""glutamate"", ""ornithine"", ""thyroxine""]",[],0,0,10,5,6,GMP,0,2,10.0,700,176,13,5,5.9920470568571425,0.45731235719204294,False,659dce4f66bf4ee0228513d024a4e287e9f1aa3957152332b1483ab0af67cb42,0.056029739091172814
direct_neighbor_ridge,0,0,0,0,0,0,False,5,"[""NAD"", ""betaine"", ""glutamate"", ""ornithine"", ""thyroxine""]",[],0,0,10,5,6,GMP,0,3,10.0,702,174,13,5,6.020292437606837,0.468773552378771,False,9492e163b6ef19b0563b1ce8302b8e8794e2e4c9c8031c62ff9774a3f63f6f58,0.05367665784433484
direct_neighbor_ridge,0,0,0,0,0,0,False,5,"[""NAD"", ""betaine"", ""glutamate"", ""ornithine"", ""thyroxine""]",[],0,0,10,5,6,GMP,0,4,100.0,700,176,17,1,5.976454316428572,0.4636214295380626,False,cf9883e99ee1b956d01c2cb42a4d284b982ce23065d3616a5e1cced359e41fb5,0.13710963702760637
direct_neighbor_ridge,0,0,0,0,0,0,False,5,"[""NAD"", ""betaine"", ""glutamate"", ""ornithine"", ""thyroxine""]",[],0,0,10,5,6,GMP,1,0,10.0,705,171,13,5,6.010947650212766,0.46377983172504383,False,32d2e2f547f707a9f12d899e65a934275c9f49020e10d214973126d05910ec9c,0.04886780492961407
direct_neighbor_ridge,0,0,0,0,0,0,False,5,"[""NAD"", ""betaine"", ""glutamate"", ""ornithine"", ""thyroxine""]",[],0,0,10,5,6,GMP,1,1,100.0,700,176,17,1,5.976454316428572,0.4636214295380626,False,cf9883e99ee1b956d01c2cb42a4d284b982ce23065d3616a5e1cced359e41fb5,0.04903648607432842
direct_neighbor_ridge,0,0,0,0,0,0,False,5,"[""NAD"", ""betaine"", ""glutamate"", ""ornithine"", ""thyroxine""]",[],0,0,10,5,6,GMP,1,2,10.0,697,179,16,2,5.9022510956958385,0.3718471387264023,False,db1ab3680dcfc2deb10e2511ec28b70b27966d5a436d724be48267bcbf200acf,0.05485021392814815
direct_neighbor_ridge,0,0,0,0,0,0,False,5,"[""NAD"", ""betaine"", ""glutamate"", ""ornithine"", ""thyroxine""]",[],0,0,10,5,6,GMP,1,3,10.0,700,176,13,5,5.9920470568571425,0.45731235719204294,False,659dce4f66bf4ee0228513d024a4e287e9f1aa3957152332b1483ab0af67cb42,0.06766258692368865
direct_neighbor_ridge,0,0,0,0,0,0,False,5,"[""NAD"", ""betaine"", ""glutamate"", ""ornithine"", ""thyroxine""]",[],0,0,10,5,6,GMP,1,4,10.0,702,174,13,5,6.020292437606837,0.468773552378771,False,9492e163b6ef19b0563b1ce8302b8e8794e2e4c9c8031c62ff9774a3f63f6f58,0.067992014111951
direct_neighbor_ridge,0,0,0,0,0,0,False,15,"[""alanine"", ""aspartate"", ""carnosine"", ""citrate"", ""glycine"", ""homocysteine"", ""kynurenine"", ""leucine"", ""methionine"", ""ornithine"", ""sarcosine"", ""serine"", ""tyrosine"", ""uridine"", ""xanthosine""]",[],0,0,30,15,16,NAD,0,0,10.0,697,179,16,2,5.8592628566714495,0.273737772496672,False,db1ab3680dcfc2deb10e2511ec28b70b27966d5a436d724be48267bcbf200acf,0.07811918295919895
direct_neighbor_ridge,0,0,0,0,0,0,False,15,"[""alanine"", ""aspartate"", ""carnosine"", ""citrate"", ""glycine"", ""homocysteine"", ""kynurenine"", ""leucine"", ""methionine"", ""ornithine"", ""sarcosine"", ""serine"", ""tyrosine"", ""uridine"", ""xanthosine""]",[],0,0,30,15,16,NAD,0,1,100.0,705,171,13,5,5.83252649248227,0.3166483062230965,False,32d2e2f547f707a9f12d899e65a934275c9f49020e10d214973126d05910ec9c,0.07553904200904071
direct_neighbor_ridge,0,0,0,0,0,0,False,15,"[""alanine"", ""aspartate"", ""carnosine"", ""citrate"", ""glycine"", ""homocysteine"", ""kynurenine"", ""leucine"", ""methionine"", ""ornithine"", ""sarcosine"", ""serine"", ""tyrosine"", ""uridine"", ""xanthosine""]",[],0,0,30,15,16,NAD,0,2,10.0,700,176,13,5,5.829537320142857,0.3140293000367684,False,659dce4f66bf4ee0228513d024a4e287e9f1aa3957152332b1483ab0af67cb42,0.059180126059800386
direct_neighbor_ridge,0,0,0,0,0,0,False,15,"[""alanine"", ""aspartate"", ""carnosine"", ""citrate"", ""glycine"", ""homocysteine"", ""kynurenine"", ""leucine"", ""methionine"", ""ornithine"", ""sarcosine"", ""serine"", ""tyrosine"", ""uridine"", ""xanthosine""]",[],0,0,30,15,16,NAD,0,3,100.0,702,174,13,5,5.849133417236467,0.30221474081553895,False,9492e163b6ef19b0563b1ce8302b8e8794e2e4c9c8031c62ff9774a3f63f6f58,0.06098375911824405
direct_neighbor_ridge,0,0,0,0,0,0,False,15,"[""alanine"", ""aspartate"", ""carnosine"", ""citrate"", ""glycine"", ""homocysteine"", ""kynurenine"", ""leucine"", ""methionine"", ""ornithine"", ""sarcosine"", ""serine"", ""tyrosine"", ""uridine"", ""xanthosine""]",[],0,0,30,15,16,NAD,0,4,10.0,700,176,17,1,5.835856427857143,0.30880467410775864,False,cf9883e99ee1b956d01c2cb42a4d284b982ce23065d3616a5e1cced359e41fb5,0.1318548289127648
direct_neighbor_ridge,0,0,0,0,0,0,False,15,"[""alanine"", ""aspartate"", ""carnosine"", ""citrate"", ""glycine"", ""homocysteine"", ""kynurenine"", ""leucine"", ""methionine"", ""ornithine"", ""sarcosine"", ""serine"", ""tyrosine"", ""uridine"", ""xanthosine""]",[],0,0,30,15,16,NAD,1,0,100.0,705,171,13,5,5.83252649248227,0.3166483062230965,False,32d2e2f547f707a9f12d899e65a934275c9f49020e10d214973126d05910ec9c,0.08110686088912189
direct_neighbor_ridge,0,0,0,0,0,0,False,15,"[""alanine"", ""aspartate"", ""carnosine"", ""citrate"", ""glycine"", ""homocysteine"", ""kynurenine"", ""leucine"", ""methionine"", ""ornithine"", ""sarcosine"", ""serine"", ""tyrosine"", ""uridine"", ""xanthosine""]",[],0,0,30,15,16,NAD,1,1,10.0,700,176,17,1,5.835856427857143,0.30880467410775864,False,cf9883e99ee1b956d01c2cb42a4d284b982ce23065d3616a5e1cced359e41fb5,0.0795862921513617
direct_neighbor_ridge,0,0,0,0,0,0,False,15,"[""alanine"", ""aspartate"", ""carnosine"", ""citrate"", ""glycine"", ""homocysteine"", ""kynurenine"", ""leucine"", ""methionine"", ""ornithine"", ""sarcosine"", ""serine"", ""tyrosine"", ""uridine"", ""xanthosine""]",[],0,0,30,15,16,NAD,1,2,100.0,697,179,16,2,5.8592628566714495,0.273737772496672,False,db1ab3680dcfc2deb10e2511ec28b70b27966d5a436d724be48267bcbf200acf,0.07071131793782115
direct_neighbor_ridge,0,0,0,0,0,0,False,15,"[""alanine"", ""aspartate"", ""carnosine"", ""citrate"", ""glycine"", ""homocysteine"", ""kynurenine"", ""leucine"", ""methionine"", ""ornithine"", ""sarcosine"", ""serine"", ""tyrosine"", ""uridine"", ""xanthosine""]",[],0,0,30,15,16,NAD,1,3,10.0,700,176,13,5,5.829537320142857,0.3140293000367684,False,659dce4f66bf4ee0228513d024a4e287e9f1aa3957152332b1483ab0af67cb42,0.07504828181117773
direct_neighbor_ridge,0,0,0,0,0,0,False,15,"[""alanine"", ""aspartate"", ""carnosine"", ""citrate"", ""glycine"", ""homocysteine"", ""kynurenine"", ""leucine"", ""methionine"", ""ornithine"", ""sarcosine"", ""serine"", ""tyrosine"", ""uridine"", ""xanthosine""]",[],0,0,30,15,16,NAD,1,4,10.0,702,174,13,5,5.849133417236467,0.30221474081553895,False,9492e163b6ef19b0563b1ce8302b8e8794e2e4c9c8031c62ff9774a3f63f6f58,0.07195834792219102
direct_neighbor_ridge,0,0,0,0,0,0,False,19,"[""AMP"", ""CMP"", ""UMP"", ""aconitate"", ""adenosine"", ""aspartate"", ""carnosine"", ""cytidine"", ""glycine"", ""histidine"", ""homocysteine"", ""hypoxanthine"", ""isoleucine"", ""leucine"", ""ornithine"", ""oxalate"", ""phenylalanine"", ""taurine"", ""thymidine""]",[],0,0,38,19,20,NADP,0,0,100.0,697,179,16,2,5.964262021233859,0.3620365863705779,False,db1ab3680dcfc2deb10e2511ec28b70b27966d5a436d724be48267bcbf200acf,0.06339526688680053
direct_neighbor_ridge,0,0,0,0,0,0,False,19,"[""AMP"", ""CMP"", ""UMP"", ""aconitate"", ""adenosine"", ""aspartate"", ""carnosine"", ""cytidine"", ""glycine"", ""histidine"", ""homocysteine"", ""hypoxanthine"", ""isoleucine"", ""leucine"", ""ornithine"", ""oxalate"", ""phenylalanine"", ""taurine"", ""thymidine""]",[],0,0,38,19,20,NADP,0,1,100.0,705,171,13,5,5.924742738723404,0.373625630639,False,32d2e2f547f707a9f12d899e65a934275c9f49020e10d214973126d05910ec9c,0.07532137213274837
direct_neighbor_ridge,0,0,0,0,0,0,False,19,"[""AMP"", ""CMP"", ""UMP"", ""aconitate"", ""adenosine"", ""aspartate"", ""carnosine"", ""cytidine"", ""glycine"", ""histidine"", ""homocysteine"", ""hypoxanthine"", ""isoleucine"", ""leucine"", ""ornithine"", ""oxalate"", ""phenylalanine"", ""taurine"", ""thymidine""]",[],0,0,38,19,20,NADP,0,2,100.0,700,176,13,5,5.893307024142857,0.36362936668919077,False,659dce4f66bf4ee0228513d024a4e287e9f1aa3957152332b1483ab0af67cb42,0.06915535405278206
direct_neighbor_ridge,0,0,0,0,0,0,False,19,"[""AMP"", ""CMP"", ""UMP"", ""aconitate"", ""adenosine"", ""aspartate"", ""carnosine"", ""cytidine"", ""glycine"", ""histidine"", ""homocysteine"", ""hypoxanthine"", ""isoleucine"", ""leucine"", ""ornithine"", ""oxalate"", ""phenylalanine"", ""taurine"", ""thymidine""]",[],0,0,38,19,20,NADP,0,3,100.0,702,174,13,5,5.922061383618234,0.3605050337536695,False,9492e163b6ef19b0563b1ce8302b8e8794e2e4c9c8031c62ff9774a3f63f6f58,0.07163611892610788
direct_neighbor_ridge,0,0,0,0,0,0,False,19,"[""AMP"", ""CMP"", ""UMP"", ""aconitate"", ""adenosine"", ""aspartate"", ""carnosine"", ""cytidine"", ""glycine"", ""histidine"", ""homocysteine"", ""hypoxanthine"", ""isoleucine"", ""leucine"", ""ornithine"", ""oxalate"", ""phenylalanine"", ""taurine"", ""thymidine""]",[],0,0,38,19,20,NADP,0,4,100.0,700,176,17,1,5.8943222774285715,0.34709365585279683,False,cf9883e99ee1b956d01c2cb42a4d284b982ce23065d3616a5e1cced359e41fb5,0.07211205502972007
direct_neighbor_ridge,0,0,0,0,0,0,False,19,"[""AMP"", ""CMP"", ""UMP"", ""aconitate"", ""adenosine"", ""aspartate"", ""carnosine"", ""cytidine"", ""glycine"", ""histidine"", ""homocysteine"", ""hypoxanthine"", ""isoleucine"", ""leucine"", ""ornithine"", ""oxalate"", ""phenylalanine"", ""taurine"", ""thymidine""]",[],0,0,38,19,20,NADP,1,0,100.0,705,171,13,5,5.924742738723404,0.373625630639,False,32d2e2f547f707a9f12d899e65a934275c9f49020e10d214973126d05910ec9c,0.113991481019184
direct_neighbor_ridge,0,0,0,0,0,0,False,19,"[""AMP"", ""CMP"", ""UMP"", ""aconitate"", ""adenosine"", ""aspartate"", ""carnosine"", ""cytidine"", ""glycine"", ""histidine"", ""homocysteine"", ""hypoxanthine"", ""isoleucine"", ""leucine"", ""ornithine"", ""oxalate"", ""phenylalanine"", ""taurine"", ""thymidine""]",[],0,0,38,19,20,NADP,1,1,100.0,700,176,17,1,5.8943222774285715,0.34709365585279683,False,cf9883e99ee1b956d01c2cb42a4d284b982ce23065d3616a5e1cced359e41fb5,0.08988128881901503
direct_neighbor_ridge,0,0,0,0,0,0,False,19,"[""AMP"", ""CMP"", ""UMP"", ""aconitate"", ""adenosine"", ""aspartate"", ""carnosine"", ""cytidine"", ""glycine"", ""histidine"", ""homocysteine"", ""hypoxanthine"", ""isoleucine"", ""leucine"", ""ornithine"", ""oxalate"", ""phenylalanine"", ""taurine"", ""thymidine""]",[],0,0,38,19,20,NADP,1,2,100.0,697,179,16,2,5.964262021233859,0.3620365863705779,False,db1ab3680dcfc2deb10e2511ec28b70b27966d5a436d724be48267bcbf200acf,0.07028009393252432
direct_neighbor_ridge,0,0,0,0,0,0,False,19,"[""AMP"", ""CMP"", ""UMP"", ""aconitate"", ""adenosine"", ""aspartate"", ""carnosine"", ""cytidine"", ""glycine"", ""histidine"", ""homocysteine"", ""hypoxanthine"", ""isoleucine"", ""leucine"", ""ornithine"", ""oxalate"", ""phenylalanine"", ""taurine"", ""thymidine""]",[],0,0,38,19,20,NADP,1,3,100.0,700,176,13,5,5.893307024142857,0.36362936668919077,False,659dce4f66bf4ee0228513d024a4e287e9f1aa3957152332b1483ab0af67cb42,0.0821092170663178
direct_neighbor_ridge,0,0,0,0,0,0,False,19,"[""AMP"", ""CMP"", ""UMP"", ""aconitate"", ""adenosine"", ""aspartate"", ""carnosine"", ""cytidine"", ""glycine"", ""histidine"", ""homocysteine"", ""hypoxanthine"", ""isoleucine"", ""leucine"", ""ornithine"", ""oxalate"", ""phenylalanine"", ""taurine"", ""thymidine""]",[],0,0,38,19,20,NADP,1,4,100.0,702,174,13,5,5.922061383618234,0.3605050337536695,False,9492e163b6ef19b0563b1ce8302b8e8794e2e4c9c8031c62ff9774a3f63f6f58,0.07896093907766044
direct_neighbor_ridge,0,0,0,0,0,0,False,5,"[""NAD"", ""citrulline"", ""kynurenine"", ""ornithine"", ""proline""]",[],0,0,10,5,6,UMP,0,0,10.0,697,179,16,2,5.8803286489239595,0.3673249774248067,False,db1ab3680dcfc2deb10e2511ec28b70b27966d5a436d724be48267bcbf200acf,0.05528730107471347
direct_neighbor_ridge,0,0,0,0,0,0,False,5,"[""NAD"", ""citrulline"", ""kynurenine"", ""ornithine"", ""proline""]",[],0,0,10,5,6,UMP,0,1,100.0,705,171,13,5,6.046802519858156,0.5194126213200596,False,32d2e2f547f707a9f12d899e65a934275c9f49020e10d214973126d05910ec9c,0.055724511155858636
direct_neighbor_ridge,0,0,0,0,0,0,False,5,"[""NAD"", ""citrulline"", ""kynurenine"", ""ornithine"", ""proline""]",[],0,0,10,5,6,UMP,0,2,0.1,700,176,13,5,6.0201290528571425,0.508479905148374,False,659dce4f66bf4ee0228513d024a4e287e9f1aa3957152332b1483ab0af67cb42,0.06185957882553339
direct_neighbor_ridge,0,0,0,0,0,0,False,5,"[""NAD"", ""citrulline"", ""kynurenine"", ""ornithine"", ""proline""]",[],0,0,10,5,6,UMP,0,3,100.0,702,174,13,5,6.04453301980057,0.5234043492380395,False,9492e163b6ef19b0563b1ce8302b8e8794e2e4c9c8031c62ff9774a3f63f6f58,0.06740718614310026
direct_neighbor_ridge,0,0,0,0,0,0,False,5,"[""NAD"", ""citrulline"", ""kynurenine"", ""ornithine"", ""proline""]",[],0,0,10,5,6,UMP,0,4,100.0,700,176,17,1,6.0070047598571445,0.5168236538621338,False,cf9883e99ee1b956d01c2cb42a4d284b982ce23065d3616a5e1cced359e41fb5,0.06497896392829716
direct_neighbor_ridge,0,0,0,0,0,0,False,5,"[""NAD"", ""citrulline"", ""kynurenine"", ""ornithine"", ""proline""]",[],0,0,10,5,6,UMP,1,0,100.0,705,171,13,5,6.046802519858156,0.5194126213200596,False,32d2e2f547f707a9f12d899e65a934275c9f49020e10d214973126d05910ec9c,0.06678957585245371
direct_neighbor_ridge,0,0,0,0,0,0,False,5,"[""NAD"", ""citrulline"", ""kynurenine"", ""ornithine"", ""proline""]",[],0,0,10,5,6,UMP,1,1,10.0,700,176,17,1,6.0070047598571445,0.5168236538621338,False,cf9883e99ee1b956d01c2cb42a4d284b982ce23065d3616a5e1cced359e41fb5,0.06257096701301634
direct_neighbor_ridge,0,0,0,0,0,0,False,5,"[""NAD"", ""citrulline"", ""kynurenine"", ""ornithine"", ""proline""]",[],0,0,10,5,6,UMP,1,2,10.0,697,179,16,2,5.8803286489239595,0.3673249774248067,False,db1ab3680dcfc2deb10e2511ec28b70b27966d5a436d724be48267bcbf200acf,0.0603108499199152
direct_neighbor_ridge,0,0,0,0,0,0,False,5,"[""NAD"", ""citrulline"", ""kynurenine"", ""ornithine"", ""proline""]",[],0,0,10,5,6,UMP,1,3,0.1,700,176,13,5,6.0201290528571425,0.508479905148374,False,659dce4f66bf4ee0228513d024a4e287e9f1aa3957152332b1483ab0af67cb42,0.06888839392922819
direct_neighbor_ridge,0,0,0,0,0,0,False,5,"[""NAD"", ""citrulline"", ""kynurenine"", ""ornithine"", ""proline""]",[],0,0,10,5,6,UMP,1,4,100.0,702,174,13,5,6.04453301980057,0.5234043492380395,False,9492e163b6ef19b0563b1ce8302b8e8794e2e4c9c8031c62ff9774a3f63f6f58,0.06337034003809094
direct_neighbor_ridge,0,0,0,0,0,0,False,1,"[""proline""]",[],0,0,2,1,2,acetylcholine,0,0,100.0,697,179,16,2,5.659545420659971,0.9034786933874055,False,db1ab3680dcfc2deb10e2511ec28b70b27966d5a436d724be48267bcbf200acf,0.057009506970644
direct_neighbor_ridge,0,0,0,0,0,0,False,1,"[""proline""]",[],0,0,2,1,2,acetylcholine,0,1,100.0,705,171,13,5,5.700987920851063,0.901549377737082,False,32d2e2f547f707a9f12d899e65a934275c9f49020e10d214973126d05910ec9c,0.054093611892312765
direct_neighbor_ridge,0,0,0,0,0,0,False,1,"[""proline""]",[],0,0,2,1,2,acetylcholine,0,2,10.0,700,176,13,5,5.708044984285714,0.9098811471364079,False,659dce4f66bf4ee0228513d024a4e287e9f1aa3957152332b1483ab0af67cb42,0.05564025207422674
direct_neighbor_ridge,0,0,0,0,0,0,False,1,"[""proline""]",[],0,0,2,1,2,acetylcholine,0,3,0.1,702,174,13,5,5.713083329344729,0.9000553995988789,False,9492e163b6ef19b0563b1ce8302b8e8794e2e4c9c8031c62ff9774a3f63f6f58,0.05480924085713923
direct_neighbor_ridge,0,0,0,0,0,0,False,1,"[""proline""]",[],0,0,2,1,2,acetylcholine,0,4,100.0,700,176,17,1,5.586330824285715,0.8863693262476297,False,cf9883e99ee1b956d01c2cb42a4d284b982ce23065d3616a5e1cced359e41fb5,0.05448895297013223
direct_neighbor_ridge,0,0,0,0,0,0,False,1,"[""proline""]",[],0,0,2,1,2,acetylcholine,1,0,100.0,705,171,13,5,5.700987920851063,0.901549377737082,False,32d2e2f547f707a9f12d899e65a934275c9f49020e10d214973126d05910ec9c,0.05384712596423924
direct_neighbor_ridge,0,0,0,0,0,0,False,1,"[""proline""]",[],0,0,2,1,2,acetylcholine,1,1,100.0,700,176,17,1,5.586330824285715,0.8863693262476297,False,cf9883e99ee1b956d01c2cb42a4d284b982ce23065d3616a5e1cced359e41fb5,0.057502469047904015
direct_neighbor_ridge,0,0,0,0,0,0,False,1,"[""proline""]",[],0,0,2,1,2,acetylcholine,1,2,100.0,697,179,16,2,5.659545420659971,0.9034786933874055,False,db1ab3680dcfc2deb10e2511ec28b70b27966d5a436d724be48267bcbf200acf,0.05041248886846006
direct_neighbor_ridge,0,0,0,0,0,0,False,1,"[""proline""]",[],0,0,2,1,2,acetylcholine,1,3,100.0,700,176,13,5,5.708044984285714,0.9098811471364079,False,659dce4f66bf4ee0228513d024a4e287e9f1aa3957152332b1483ab0af67cb42,0.05184685508720577
direct_neighbor_ridge,0,0,0,0,0,0,False,1,"[""proline""]",[],0,0,2,1,2,acetylcholine,1,4,0.1,702,174,13,5,5.713083329344729,0.9000553995988789,False,9492e163b6ef19b0563b1ce8302b8e8794e2e4c9c8031c62ff9774a3f63f6f58,0.06002774182707071
direct_neighbor_ridge,0,0,0,0,0,0,False,2,"[""adenosine"", ""cytidine""]",[],0,0,4,2,3,aconitate,0,0,100.0,697,179,16,2,5.869085316068866,0.29352602161706304,False,db1ab3680dcfc2deb10e2511ec28b70b27966d5a436d724be48267bcbf200acf,0.060386168072000146
direct_neighbor_ridge,0,0,0,0,0,0,False,2,"[""adenosine"", ""cytidine""]",[],0,0,4,2,3,aconitate,0,1,0.1,705,171,13,5,5.80245032141844,0.31475097153342196,False,32d2e2f547f707a9f12d899e65a934275c9f49020e10d214973126d05910ec9c,0.05731595098040998
direct_neighbor_ridge,0,0,0,0,0,0,False,2,"[""adenosine"", ""cytidine""]",[],0,0,4,2,3,aconitate,0,2,0.1,700,176,13,5,5.810027651857142,0.305354314605211,False,659dce4f66bf4ee0228513d024a4e287e9f1aa3957152332b1483ab0af67cb42,0.05593964294530451
direct_neighbor_ridge,0,0,0,0,0,0,False,2,"[""adenosine"", ""cytidine""]",[],0,0,4,2,3,aconitate,0,3,0.1,702,174,13,5,5.8194074274928775,0.30426103660559667,False,9492e163b6ef19b0563b1ce8302b8e8794e2e4c9c8031c62ff9774a3f63f6f58,0.055117317009717226
direct_neighbor_ridge,0,0,0,0,0,0,False,2,"[""adenosine"", ""cytidine""]",[],0,0,4,2,3,aconitate,0,4,100.0,700,176,17,1,5.833991273857143,0.3116707085063351,False,cf9883e99ee1b956d01c2cb42a4d284b982ce23065d3616a5e1cced359e41fb5,0.05236000916920602
direct_neighbor_ridge,0,0,0,0,0,0,False,2,"[""adenosine"", ""cytidine""]",[],0,0,4,2,3,aconitate,1,0,0.1,705,171,13,5,5.80245032141844,0.31475097153342196,False,32d2e2f547f707a9f12d899e65a934275c9f49020e10d214973126d05910ec9c,0.054894707165658474
direct_neighbor_ridge,0,0,0,0,0,0,False,2,"[""adenosine"", ""cytidine""]",[],0,0,4,2,3,aconitate,1,1,10.0,700,176,17,1,5.833991273857143,0.3116707085063351,False,cf9883e99ee1b956d01c2cb42a4d284b982ce23065d3616a5e1cced359e41fb5,0.056665002135559916
direct_neighbor_ridge,0,0,0,0,0,0,False,2,"[""adenosine"", ""cytidine""]",[],0,0,4,2,3,aconitate,1,2,100.0,697,179,16,2,5.869085316068866,0.29352602161706304,False,db1ab3680dcfc2deb10e2511ec28b70b27966d5a436d724be48267bcbf200acf,0.051857376005500555
direct_neighbor_ridge,0,0,0,0,0,0,False,2,"[""adenosine"", ""cytidine""]",[],0,0,4,2,3,aconitate,1,3,100.0,700,176,13,5,5.810027651857142,0.305354314605211,False,659dce4f66bf4ee0228513d024a4e287e9f1aa3957152332b1483ab0af67cb42,0.05257620010524988
direct_neighbor_ridge,0,0,0,0,0,0,False,2,"[""adenosine"", ""cytidine""]",[],0,0,4,2,3,aconitate,1,4,0.1,702,174,13,5,5.8194074274928775,0.30426103660559667,False,9492e163b6ef19b0563b1ce8302b8e8794e2e4c9c8031c62ff9774a3f63f6f58,0.05772691289894283
direct_neighbor_ridge,0,0,0,0,0,0,False,2,"[""NAD"", ""serine""]",[],0,0,4,2,3,adenine,0,0,0.1,697,179,16,2,5.874204923529412,0.34214960869733474,False,db1ab3680dcfc2deb10e2511ec28b70b27966d5a436d724be48267bcbf200acf,0.051639082143083215
direct_neighbor_ridge,0,0,0,0,0,0,False,2,"[""NAD"", ""serine""]",[],0,0,4,2,3,adenine,0,1,0.1,705,171,13,5,5.9312896307801415,0.3566075982980052,False,32d2e2f547f707a9f12d899e65a934275c9f49020e10d214973126d05910ec9c,0.050850877072662115
direct_neighbor_ridge,0,0,0,0,0,0,False,2,"[""NAD"", ""serine""]",[],0,0,4,2,3,adenine,0,2,0.1,700,176,13,5,5.925568285714287,0.3546125934251921,False,659dce4f66bf4ee0228513d024a4e287e9f1aa3957152332b1483ab0af67cb42,0.05472149699926376
direct_neighbor_ridge,0,0,0,0,0,0,False,2,"[""NAD"", ""serine""]",[],0,0,4,2,3,adenine,0,3,100.0,702,174,13,5,5.939394801851851,0.3634544913962929,False,9492e163b6ef19b0563b1ce8302b8e8794e2e4c9c8031c62ff9774a3f63f6f58,0.05038336920551956
direct_neighbor_ridge,0,0,0,0,0,0,False,2,"[""NAD"", ""serine""]",[],0,0,4,2,3,adenine,0,4,0.1,700,176,17,1,5.922040124714285,0.3757034409504105,False,cf9883e99ee1b956d01c2cb42a4d284b982ce23065d3616a5e1cced359e41fb5,0.052271706983447075
direct_neighbor_ridge,0,0,0,0,0,0,False,2,"[""NAD"", ""serine""]",[],0,0,4,2,3,adenine,1,0,0.1,705,171,13,5,5.9312896307801415,0.3566075982980052,False,32d2e2f547f707a9f12d899e65a934275c9f49020e10d214973126d05910ec9c,0.07396380696445704
direct_neighbor_ridge,0,0,0,0,0,0,False,2,"[""NAD"", ""serine""]",[],0,0,4,2,3,adenine,1,1,0.1,700,176,17,1,5.922040124714285,0.3757034409504105,False,cf9883e99ee1b956d01c2cb42a4d284b982ce23065d3616a5e1cced359e41fb5,0.06226563802920282
direct_neighbor_ridge,0,0,0,0,0,0,False,2,"[""NAD"", ""serine""]",[],0,0,4,2,3,adenine,1,2,100.0,697,179,16,2,5.874204923529412,0.34214960869733474,False,db1ab3680dcfc2deb10e2511ec28b70b27966d5a436d724be48267bcbf200acf,0.049166691955178976
direct_neighbor_ridge,0,0,0,0,0,0,False,2,"[""NAD"", ""serine""]",[],0,0,4,2,3,adenine,1,3,0.1,700,176,13,5,5.925568285714287,0.3546125934251921,False,659dce4f66bf4ee0228513d024a4e287e9f1aa3957152332b1483ab0af67cb42,0.06535995495505631
direct_neighbor_ridge,0,0,0,0,0,0,False,2,"[""NAD"", ""serine""]",[],0,0,4,2,3,adenine,1,4,0.1,702,174,13,5,5.939394801851851,0.3634544913962929,False,9492e163b6ef19b0563b1ce8302b8e8794e2e4c9c8031c62ff9774a3f63f6f58,0.06582941301167011
direct_neighbor_ridge,0,0,0,0,0,0,False,4,"[""GMP"", ""citrate"", ""glutamate"", ""tyrosine""]",[],0,0,8,4,5,adenosine,0,0,10.0,697,179,16,2,5.889763096987087,0.5899105462602858,False,db1ab3680dcfc2deb10e2511ec28b70b27966d5a436d724be48267bcbf200acf,0.06393692805431783
direct_neighbor_ridge,0,0,0,0,0,0,False,4,"[""GMP"", ""citrate"", ""glutamate"", ""tyrosine""]",[],0,0,8,4,5,adenosine,0,1,100.0,705,171,13,5,5.826710083829787,0.5566391017151358,False,32d2e2f547f707a9f12d899e65a934275c9f49020e10d214973126d05910ec9c,0.0692836968228221
direct_neighbor_ridge,0,0,0,0,0,0,False,4,"[""GMP"", ""citrate"", ""glutamate"", ""tyrosine""]",[],0,0,8,4,5,adenosine,0,2,100.0,700,176,13,5,5.880261045142857,0.564616432252999,False,659dce4f66bf4ee0228513d024a4e287e9f1aa3957152332b1483ab0af67cb42,0.06395525694824755
direct_neighbor_ridge,0,0,0,0,0,0,False,4,"[""GMP"", ""citrate"", ""glutamate"", ""tyrosine""]",[],0,0,8,4,5,adenosine,0,3,100.0,702,174,13,5,5.8464648170940166,0.5743075987654248,False,9492e163b6ef19b0563b1ce8302b8e8794e2e4c9c8031c62ff9774a3f63f6f58,0.06294976780191064
direct_neighbor_ridge,0,0,0,0,0,0,False,4,"[""GMP"", ""citrate"", ""glutamate"", ""tyrosine""]",[],0,0,8,4,5,adenosine,0,4,100.0,700,176,17,1,5.822932310714286,0.5820115277556642,False,cf9883e99ee1b956d01c2cb42a4d284b982ce23065d3616a5e1cced359e41fb5,0.06399382115341723
direct_neighbor_ridge,0,0,0,0,0,0,False,4,"[""GMP"", ""citrate"", ""glutamate"", ""tyrosine""]",[],0,0,8,4,5,adenosine,1,0,100.0,705,171,13,5,5.826710083829787,0.5566391017151358,False,32d2e2f547f707a9f12d899e65a934275c9f49020e10d214973126d05910ec9c,0.06327669112943113
direct_neighbor_ridge,0,0,0,0,0,0,False,4,"[""GMP"", ""citrate"", ""glutamate"", ""tyrosine""]",[],0,0,8,4,5,adenosine,1,1,100.0,700,176,17,1,5.822932310714286,0.5820115277556642,False,cf9883e99ee1b956d01c2cb42a4d284b982ce23065d3616a5e1cced359e41fb5,0.07757268496789038
direct_neighbor_ridge,0,0,0,0,0,0,False,4,"[""GMP"", ""citrate"", ""glutamate"", ""tyrosine""]",[],0,0,8,4,5,adenosine,1,2,10.0,697,179,16,2,5.889763096987087,0.5899105462602858,False,db1ab3680dcfc2deb10e2511ec28b70b27966d5a436d724be48267bcbf200acf,0.06685074116103351
direct_neighbor_ridge,0,0,0,0,0,0,False,4,"[""GMP"", ""citrate"", ""glutamate"", ""tyrosine""]",[],0,0,8,4,5,adenosine,1,3,100.0,700,176,13,5,5.880261045142857,0.564616432252999,False,659dce4f66bf4ee0228513d024a4e287e9f1aa3957152332b1483ab0af67cb42,0.06042215717025101
direct_neighbor_ridge,0,0,0,0,0,0,False,4,"[""GMP"", ""citrate"", ""glutamate"", ""tyrosine""]",[],0,0,8,4,5,adenosine,1,4,100.0,702,174,13,5,5.8464648170940166,0.5743075987654248,False,9492e163b6ef19b0563b1ce8302b8e8794e2e4c9c8031c62ff9774a3f63f6f58,0.05809501907788217
direct_neighbor_ridge,0,0,0,0,0,0,False,5,"[""NAD"", ""beta-alanine"", ""glucuronate"", ""histidine"", ""xanthine""]",[],0,0,10,5,6,alanine,0,0,10.0,697,179,16,2,5.909789567575323,0.3726797820270718,False,db1ab3680dcfc2deb10e2511ec28b70b27966d5a436d724be48267bcbf200acf,0.06453044014051557
direct_neighbor_ridge,0,0,0,0,0,0,False,5,"[""NAD"", ""beta-alanine"", ""glucuronate"", ""histidine"", ""xanthine""]",[],0,0,10,5,6,alanine,0,1,10.0,705,171,13,5,5.858488998156029,0.3904771460922022,False,32d2e2f547f707a9f12d899e65a934275c9f49020e10d214973126d05910ec9c,0.05957828089594841
direct_neighbor_ridge,0,0,0,0,0,0,False,5,"[""NAD"", ""beta-alanine"", ""glucuronate"", ""histidine"", ""xanthine""]",[],0,0,10,5,6,alanine,0,2,1.0,700,176,13,5,5.822541076857142,0.38433692877401887,False,659dce4f66bf4ee0228513d024a4e287e9f1aa3957152332b1483ab0af67cb42,0.06317985104396939
direct_neighbor_ridge,0,0,0,0,0,0,False,5,"[""NAD"", ""beta-alanine"", ""glucuronate"", ""histidine"", ""xanthine""]",[],0,0,10,5,6,alanine,0,3,10.0,702,174,13,5,5.857928736894587,0.3876645862607939,False,9492e163b6ef19b0563b1ce8302b8e8794e2e4c9c8031c62ff9774a3f63f6f58,0.06523883203044534
direct_neighbor_ridge,0,0,0,0,0,0,False,5,"[""NAD"", ""beta-alanine"", ""glucuronate"", ""histidine"", ""xanthine""]",[],0,0,10,5,6,alanine,0,4,100.0,700,176,17,1,5.8615306351428575,0.38301923456583287,False,cf9883e99ee1b956d01c2cb42a4d284b982ce23065d3616a5e1cced359e41fb5,0.06633721804246306
direct_neighbor_ridge,0,0,0,0,0,0,False,5,"[""NAD"", ""beta-alanine"", ""glucuronate"", ""histidine"", ""xanthine""]",[],0,0,10,5,6,alanine,1,0,10.0,705,171,13,5,5.858488998156029,0.3904771460922022,False,32d2e2f547f707a9f12d899e65a934275c9f49020e10d214973126d05910ec9c,0.06660277489572763
direct_neighbor_ridge,0,0,0,0,0,0,False,5,"[""NAD"", ""beta-alanine"", ""glucuronate"", ""histidine"", ""xanthine""]",[],0,0,10,5,6,alanine,1,1,100.0,700,176,17,1,5.8615306351428575,0.38301923456583287,False,cf9883e99ee1b956d01c2cb42a4d284b982ce23065d3616a5e1cced359e41fb5,0.06417653197422624
direct_neighbor_ridge,0,0,0,0,0,0,False,5,"[""NAD"", ""beta-alanine"", ""glucuronate"", ""histidine"", ""xanthine""]",[],0,0,10,5,6,alanine,1,2,10.0,697,179,16,2,5.909789567575323,0.3726797820270718,False,db1ab3680dcfc2deb10e2511ec28b70b27966d5a436d724be48267bcbf200acf,0.055735568050295115
direct_neighbor_ridge,0,0,0,0,0,0,False,5,"[""NAD"", ""beta-alanine"", ""glucuronate"", ""histidine"", ""xanthine""]",[],0,0,10,5,6,alanine,1,3,10.0,700,176,13,5,5.822541076857142,0.38433692877401887,False,659dce4f66bf4ee0228513d024a4e287e9f1aa3957152332b1483ab0af67cb42,0.05929385800845921
direct_neighbor_ridge,0,0,0,0,0,0,False,5,"[""NAD"", ""beta-alanine"", ""glucuronate"", ""histidine"", ""xanthine""]",[],0,0,10,5,6,alanine,1,4,10.0,702,174,13,5,5.857928736894587,0.3876645862607939,False,9492e163b6ef19b0563b1ce8302b8e8794e2e4c9c8031c62ff9774a3f63f6f58,0.06322257011197507
direct_neighbor_ridge,0,0,0,0,0,0,False,4,"[""CMP"", ""NAD"", ""UMP"", ""beta-alanine""]",[],0,0,8,4,5,arginine,0,0,100.0,697,179,16,2,5.863509545050215,0.2892319453010906,False,db1ab3680dcfc2deb10e2511ec28b70b27966d5a436d724be48267bcbf200acf,0.052248809952288866
direct_neighbor_ridge,0,0,0,0,0,0,False,4,"[""CMP"", ""NAD"", ""UMP"", ""beta-alanine""]",[],0,0,8,4,5,arginine,0,1,100.0,705,171,13,5,5.815171706666666,0.31845379830911313,False,32d2e2f547f707a9f12d899e65a934275c9f49020e10d214973126d05910ec9c,0.04849927802570164
direct_neighbor_ridge,0,0,0,0,0,0,False,4,"[""CMP"", ""NAD"", ""UMP"", ""beta-alanine""]",[],0,0,8,4,5,arginine,0,2,100.0,700,176,13,5,5.805769005428571,0.30185736890451725,False,659dce4f66bf4ee0228513d024a4e287e9f1aa3957152332b1483ab0af67cb42,0.04747560410760343
direct_neighbor_ridge,0,0,0,0,0,0,False,4,"[""CMP"", ""NAD"", ""UMP"", ""beta-alanine""]",[],0,0,8,4,5,arginine,0,3,100.0,702,174,13,5,5.817618240883191,0.30757781466220807,False,9492e163b6ef19b0563b1ce8302b8e8794e2e4c9c8031c62ff9774a3f63f6f58,0.052393306978046894
direct_neighbor_ridge,0,0,0,0,0,0,False,4,"[""CMP"", ""NAD"", ""UMP"", ""beta-alanine""]",[],0,0,8,4,5,arginine,0,4,0.1,700,176,17,1,5.814149637428571,0.29315784153849683,False,cf9883e99ee1b956d01c2cb42a4d284b982ce23065d3616a5e1cced359e41fb5,0.06363994115963578
direct_neighbor_ridge,0,0,0,0,0,0,False,4,"[""CMP"", ""NAD"", ""UMP"", ""beta-alanine""]",[],0,0,8,4,5,arginine,1,0,100.0,705,171,13,5,5.815171706666666,0.31845379830911313,False,32d2e2f547f707a9f12d899e65a934275c9f49020e10d214973126d05910ec9c,0.06440172507427633
direct_neighbor_ridge,0,0,0,0,0,0,False,4,"[""CMP"", ""NAD"", ""UMP"", ""beta-alanine""]",[],0,0,8,4,5,arginine,1,1,10.0,700,176,17,1,5.814149637428571,0.29315784153849683,False,cf9883e99ee1b956d01c2cb42a4d284b982ce23065d3616a5e1cced359e41fb5,0.06493844301439822
direct_neighbor_ridge,0,0,0,0,0,0,False,4,"[""CMP"", ""NAD"", ""UMP"", ""beta-alanine""]",[],0,0,8,4,5,arginine,1,2,100.0,697,179,16,2,5.863509545050215,0.2892319453010906,False,db1ab3680dcfc2deb10e2511ec28b70b27966d5a436d724be48267bcbf200acf,0.060987416887655854
direct_neighbor_ridge,0,0,0,0,0,0,False,4,"[""CMP"", ""NAD"", ""UMP"", ""beta-alanine""]",[],0,0,8,4,5,arginine,1,3,100.0,700,176,13,5,5.805769005428571,0.30185736890451725,False,659dce4f66bf4ee0228513d024a4e287e9f1aa3957152332b1483ab0af67cb42,0.06976601295173168
direct_neighbor_ridge,0,0,0,0,0,0,False,4,"[""CMP"", ""NAD"", ""UMP"", ""beta-alanine""]",[],0,0,8,4,5,arginine,1,4,100.0,702,174,13,5,5.817618240883191,0.30757781466220807,False,9492e163b6ef19b0563b1ce8302b8e8794e2e4c9c8031c62ff9774a3f63f6f58,0.07146183797158301
direct_neighbor_ridge,0,0,0,0,0,0,False,1,"[""homocysteine""]",[],0,0,2,1,2,asparagine,0,0,100.0,697,179,16,2,5.770933249067432,0.5547028758197723,False,db1ab3680dcfc2deb10e2511ec28b70b27966d5a436d724be48267bcbf200acf,0.0729439640417695
direct_neighbor_ridge,0,0,0,0,0,0,False,1,"[""homocysteine""]",[],0,0,2,1,2,asparagine,0,1,0.1,705,171,13,5,5.822742776737589,0.5073316430090837,False,32d2e2f547f707a9f12d899e65a934275c9f49020e10d214973126d05910ec9c,0.06601299811154604
direct_neighbor_ridge,0,0,0,0,0,0,False,1,"[""homocysteine""]",[],0,0,2,1,2,asparagine,0,2,100.0,700,176,13,5,5.760654128285714,0.5062160501130749,False,659dce4f66bf4ee0228513d024a4e287e9f1aa3957152332b1483ab0af67cb42,0.05767437000758946
direct_neighbor_ridge,0,0,0,0,0,0,False,1,"[""homocysteine""]",[],0,0,2,1,2,asparagine,0,3,0.1,702,174,13,5,5.834951135327635,0.4986691932677111,False,9492e163b6ef19b0563b1ce8302b8e8794e2e4c9c8031c62ff9774a3f63f6f58,0.07215460715815425
direct_neighbor_ridge,0,0,0,0,0,0,False,1,"[""homocysteine""]",[],0,0,2,1,2,asparagine,0,4,0.1,700,176,17,1,5.7793045951428565,0.5296973350103227,False,cf9883e99ee1b956d01c2cb42a4d284b982ce23065d3616a5e1cced359e41fb5,0.06815723399631679
direct_neighbor_ridge,0,0,0,0,0,0,False,1,"[""homocysteine""]",[],0,0,2,1,2,asparagine,1,0,0.1,705,171,13,5,5.822742776737589,0.5073316430090837,False,32d2e2f547f707a9f12d899e65a934275c9f49020e10d214973126d05910ec9c,0.051855928963050246
direct_neighbor_ridge,0,0,0,0,0,0,False,1,"[""homocysteine""]",[],0,0,2,1,2,asparagine,1,1,100.0,700,176,17,1,5.7793045951428565,0.5296973350103227,False,cf9883e99ee1b956d01c2cb42a4d284b982ce23065d3616a5e1cced359e41fb5,0.06541443290188909
direct_neighbor_ridge,0,0,0,0,0,0,False,1,"[""homocysteine""]",[],0,0,2,1,2,asparagine,1,2,0.1,697,179,16,2,5.770933249067432,0.5547028758197723,False,db1ab3680dcfc2deb10e2511ec28b70b27966d5a436d724be48267bcbf200acf,0.06445748405531049
direct_neighbor_ridge,0,0,0,0,0,0,False,1,"[""homocysteine""]",[],0,0,2,1,2,asparagine,1,3,100.0,700,176,13,5,5.760654128285714,0.5062160501130749,False,659dce4f66bf4ee0228513d024a4e287e9f1aa3957152332b1483ab0af67cb42,0.05612401315011084
direct_neighbor_ridge,0,0,0,0,0,0,False,1,"[""homocysteine""]",[],0,0,2,1,2,asparagine,1,4,0.1,702,174,13,5,5.834951135327635,0.4986691932677111,False,9492e163b6ef19b0563b1ce8302b8e8794e2e4c9c8031c62ff9774a3f63f6f58,0.048837452894076705
direct_neighbor_ridge,0,0,0,0,0,0,False,5,"[""NAD"", ""NADP"", ""betaine"", ""glycine"", ""thyroxine""]",[],0,0,10,5,6,aspartate,0,0,1.0,697,179,16,2,5.880295525824964,0.31459989253788373,False,db1ab3680dcfc2deb10e2511ec28b70b27966d5a436d724be48267bcbf200acf,0.05835783085785806
direct_neighbor_ridge,0,0,0,0,0,0,False,5,"[""NAD"", ""NADP"", ""betaine"", ""glycine"", ""thyroxine""]",[],0,0,10,5,6,aspartate,0,1,100.0,705,171,13,5,5.874632417021277,0.31483712856725005,False,32d2e2f547f707a9f12d899e65a934275c9f49020e10d214973126d05910ec9c,0.05442051193676889
direct_neighbor_ridge,0,0,0,0,0,0,False,5,"[""NAD"", ""NADP"", ""betaine"", ""glycine"", ""thyroxine""]",[],0,0,10,5,6,aspartate,0,2,100.0,700,176,13,5,5.847491705857142,0.3070662955662841,False,659dce4f66bf4ee0228513d024a4e287e9f1aa3957152332b1483ab0af67cb42,0.056344668148085475
direct_neighbor_ridge,0,0,0,0,0,0,False,5,"[""NAD"", ""NADP"", ""betaine"", ""glycine"", ""thyroxine""]",[],0,0,10,5,6,aspartate,0,3,100.0,702,174,13,5,5.891541375356125,0.30470940794430695,False,9492e163b6ef19b0563b1ce8302b8e8794e2e4c9c8031c62ff9774a3f63f6f58,0.055988176027312875
direct_neighbor_ridge,0,0,0,0,0,0,False,5,"[""NAD"", ""NADP"", ""betaine"", ""glycine"", ""thyroxine""]",[],0,0,10,5,6,aspartate,0,4,100.0,700,176,17,1,5.858449629857143,0.3205310760569602,False,cf9883e99ee1b956d01c2cb42a4d284b982ce23065d3616a5e1cced359e41fb5,0.05496202292852104
direct_neighbor_ridge,0,0,0,0,0,0,False,5,"[""NAD"", ""NADP"", ""betaine"", ""glycine"", ""thyroxine""]",[],0,0,10,5,6,aspartate,1,0,100.0,705,171,13,5,5.874632417021277,0.31483712856725005,False,32d2e2f547f707a9f12d899e65a934275c9f49020e10d214973126d05910ec9c,0.05726648587733507
direct_neighbor_ridge,0,0,0,0,0,0,False,5,"[""NAD"", ""NADP"", ""betaine"", ""glycine"", ""thyroxine""]",[],0,0,10,5,6,aspartate,1,1,100.0,700,176,17,1,5.858449629857143,0.3205310760569602,False,cf9883e99ee1b956d01c2cb42a4d284b982ce23065d3616a5e1cced359e41fb5,0.05888666189275682
direct_neighbor_ridge,0,0,0,0,0,0,False,5,"[""NAD"", ""NADP"", ""betaine"", ""glycine"", ""thyroxine""]",[],0,0,10,5,6,aspartate,1,2,10.0,697,179,16,2,5.880295525824964,0.31459989253788373,False,db1ab3680dcfc2deb10e2511ec28b70b27966d5a436d724be48267bcbf200acf,0.06003992701880634
direct_neighbor_ridge,0,0,0,0,0,0,False,5,"[""NAD"", ""NADP"", ""betaine"", ""glycine"", ""thyroxine""]",[],0,0,10,5,6,aspartate,1,3,100.0,700,176,13,5,5.847491705857142,0.3070662955662841,False,659dce4f66bf4ee0228513d024a4e287e9f1aa3957152332b1483ab0af67cb42,0.05799009487964213
direct_neighbor_ridge,0,0,0,0,0,0,False,5,"[""NAD"", ""NADP"", ""betaine"", ""glycine"", ""thyroxine""]",[],0,0,10,5,6,aspartate,1,4,100.0,702,174,13,5,5.891541375356125,0.30470940794430695,False,9492e163b6ef19b0563b1ce8302b8e8794e2e4c9c8031c62ff9774a3f63f6f58,0.06280447309836745
direct_neighbor_ridge,0,0,0,0,0,0,False,7,"[""GMP"", ""citrulline"", ""dimethylglycine"", ""glycine"", ""homocysteine"", ""taurine"", ""uracil""]",[],0,0,14,7,8,beta-alanine,0,0,10.0,697,179,16,2,5.89606564619799,0.38552157905093615,False,db1ab3680dcfc2deb10e2511ec28b70b27966d5a436d724be48267bcbf200acf,0.08287293277680874
direct_neighbor_ridge,0,0,0,0,0,0,False,7,"[""GMP"", ""citrulline"", ""dimethylglycine"", ""glycine"", ""homocysteine"", ""taurine"", ""uracil""]",[],0,0,14,7,8,beta-alanine,0,1,10.0,705,171,13,5,5.88588785106383,0.37906560080676954,False,32d2e2f547f707a9f12d899e65a934275c9f49020e10d214973126d05910ec9c,0.13175144814886153
direct_neighbor_ridge,0,0,0,0,0,0,False,7,"[""GMP"", ""citrulline"", ""dimethylglycine"", ""glycine"", ""homocysteine"", ""taurine"", ""uracil""]",[],0,0,14,7,8,beta-alanine,0,2,1.0,700,176,13,5,5.858867382571429,0.37488335636279413,False,659dce4f66bf4ee0228513d024a4e287e9f1aa3957152332b1483ab0af67cb42,0.06405952898785472
direct_neighbor_ridge,0,0,0,0,0,0,False,7,"[""GMP"", ""citrulline"", ""dimethylglycine"", ""glycine"", ""homocysteine"", ""taurine"", ""uracil""]",[],0,0,14,7,8,beta-alanine,0,3,10.0,702,174,13,5,5.889754005413106,0.3645264448798111,False,9492e163b6ef19b0563b1ce8302b8e8794e2e4c9c8031c62ff9774a3f63f6f58,0.06586778303608298
direct_neighbor_ridge,0,0,0,0,0,0,False,7,"[""GMP"", ""citrulline"", ""dimethylglycine"", ""glycine"", ""homocysteine"", ""taurine"", ""uracil""]",[],0,0,14,7,8,beta-alanine,0,4,10.0,700,176,17,1,5.876934778285714,0.37122422318563114,False,cf9883e99ee1b956d01c2cb42a4d284b982ce23065d3616a5e1cced359e41fb5,0.0590997498948127
direct_neighbor_ridge,0,0,0,0,0,0,False,7,"[""GMP"", ""citrulline"", ""dimethylglycine"", ""glycine"", ""homocysteine"", ""taurine"", ""uracil""]",[],0,0,14,7,8,beta-alanine,1,0,10.0,705,171,13,5,5.88588785106383,0.37906560080676954,False,32d2e2f547f707a9f12d899e65a934275c9f49020e10d214973126d05910ec9c,0.06508867582306266
direct_neighbor_ridge,0,0,0,0,0,0,False,7,"[""GMP"", ""citrulline"", ""dimethylglycine"", ""glycine"", ""homocysteine"", ""taurine"", ""uracil""]",[],0,0,14,7,8,beta-alanine,1,1,10.0,700,176,17,1,5.876934778285714,0.37122422318563114,False,cf9883e99ee1b956d01c2cb42a4d284b982ce23065d3616a5e1cced359e41fb5,0.06490634405054152
direct_neighbor_ridge,0,0,0,0,0,0,False,7,"[""GMP"", ""citrulline"", ""dimethylglycine"", ""glycine"", ""homocysteine"", ""taurine"", ""uracil""]",[],0,0,14,7,8,beta-alanine,1,2,100.0,697,179,16,2,5.89606564619799,0.38552157905093615,False,db1ab3680dcfc2deb10e2511ec28b70b27966d5a436d724be48267bcbf200acf,0.0616322981659323
direct_neighbor_ridge,0,0,0,0,0,0,False,7,"[""GMP"", ""citrulline"", ""dimethylglycine"", ""glycine"", ""homocysteine"", ""taurine"", ""uracil""]",[],0,0,14,7,8,beta-alanine,1,3,1.0,700,176,13,5,5.858867382571429,0.37488335636279413,False,659dce4f66bf4ee0228513d024a4e287e9f1aa3957152332b1483ab0af67cb42,0.068975635105744
direct_neighbor_ridge,0,0,0,0,0,0,False,7,"[""GMP"", ""citrulline"", ""dimethylglycine"", ""glycine"", ""homocysteine"", ""taurine"", ""uracil""]",[],0,0,14,7,8,beta-alanine,1,4,10.0,702,174,13,5,5.889754005413106,0.3645264448798111,False,9492e163b6ef19b0563b1ce8302b8e8794e2e4c9c8031c62ff9774a3f63f6f58,0.07080531306564808
direct_neighbor_ridge,0,0,0,0,0,0,False,5,"[""AMP"", ""GMP"", ""UMP"", ""glutamate"", ""isocitrate""]",[],0,0,10,5,6,betaine,0,0,100.0,697,179,16,2,5.8714377137733145,0.18159899344090086,False,db1ab3680dcfc2deb10e2511ec28b70b27966d5a436d724be48267bcbf200acf,0.059474093141034245
direct_neighbor_ridge,0,0,0,0,0,0,False,5,"[""AMP"", ""GMP"", ""UMP"", ""glutamate"", ""isocitrate""]",[],0,0,10,5,6,betaine,0,1,100.0,705,171,13,5,5.844790105815603,0.2090158756680175,False,32d2e2f547f707a9f12d899e65a934275c9f49020e10d214973126d05910ec9c,0.09529704391025007
direct_neighbor_ridge,0,0,0,0,0,0,False,5,"[""AMP"", ""GMP"", ""UMP"", ""glutamate"", ""isocitrate""]",[],0,0,10,5,6,betaine,0,2,100.0,700,176,13,5,5.823641747,0.19709735634486064,False,659dce4f66bf4ee0228513d024a4e287e9f1aa3957152332b1483ab0af67cb42,0.08252650313079357
direct_neighbor_ridge,0,0,0,0,0,0,False,5,"[""AMP"", ""GMP"", ""UMP"", ""glutamate"", ""isocitrate""]",[],0,0,10,5,6,betaine,0,3,100.0,702,174,13,5,5.841853994301995,0.20015594660079908,False,9492e163b6ef19b0563b1ce8302b8e8794e2e4c9c8031c62ff9774a3f63f6f58,0.0634040420409292
direct_neighbor_ridge,0,0,0,0,0,0,False,5,"[""AMP"", ""GMP"", ""UMP"", ""glutamate"", ""isocitrate""]",[],0,0,10,5,6,betaine,0,4,100.0,700,176,17,1,5.841625063428572,0.19284290121241865,False,cf9883e99ee1b956d01c2cb42a4d284b982ce23065d3616a5e1cced359e41fb5,0.060608721105381846
direct_neighbor_ridge,0,0,0,0,0,0,False,5,"[""AMP"", ""GMP"", ""UMP"", ""glutamate"", ""isocitrate""]",[],0,0,10,5,6,betaine,1,0,100.0,705,171,13,5,5.844790105815603,0.2090158756680175,False,32d2e2f547f707a9f12d899e65a934275c9f49020e10d214973126d05910ec9c,0.056859929114580154
direct_neighbor_ridge,0,0,0,0,0,0,False,5,"[""AMP"", ""GMP"", ""UMP"", ""glutamate"", ""isocitrate""]",[],0,0,10,5,6,betaine,1,1,100.0,700,176,17,1,5.841625063428572,0.19284290121241865,False,cf9883e99ee1b956d01c2cb42a4d284b982ce23065d3616a5e1cced359e41fb5,0.05714763607829809
direct_neighbor_ridge,0,0,0,0,0,0,False,5,"[""AMP"", ""GMP"", ""UMP"", ""glutamate"", ""isocitrate""]",[],0,0,10,5,6,betaine,1,2,0.1,697,179,16,2,5.8714377137733145,0.18159899344090086,False,db1ab3680dcfc2deb10e2511ec28b70b27966d5a436d724be48267bcbf200acf,0.0599230770021677
direct_neighbor_ridge,0,0,0,0,0,0,False,5,"[""AMP"", ""GMP"", ""UMP"", ""glutamate"", ""isocitrate""]",[],0,0,10,5,6,betaine,1,3,10.0,700,176,13,5,5.823641747,0.19709735634486064,False,659dce4f66bf4ee0228513d024a4e287e9f1aa3957152332b1483ab0af67cb42,0.05832040519453585
direct_neighbor_ridge,0,0,0,0,0,0,False,5,"[""AMP"", ""GMP"", ""UMP"", ""glutamate"", ""isocitrate""]",[],0,0,10,5,6,betaine,1,4,100.0,702,174,13,5,5.841853994301995,0.20015594660079908,False,9492e163b6ef19b0563b1ce8302b8e8794e2e4c9c8031c62ff9774a3f63f6f58,0.05624736286699772
direct_neighbor_ridge,0,0,0,0,0,0,False,1,"[""NAD""]",[],0,0,2,1,2,cAMP,0,0,0.1,697,179,16,2,5.950858155093256,0.2858460941092765,False,db1ab3680dcfc2deb10e2511ec28b70b27966d5a436d724be48267bcbf200acf,0.05519613204523921
direct_neighbor_ridge,0,0,0,0,0,0,False,1,"[""NAD""]",[],0,0,2,1,2,cAMP,0,1,100.0,705,171,13,5,5.9900215581560285,0.2949595974021159,False,32d2e2f547f707a9f12d899e65a934275c9f49020e10d214973126d05910ec9c,0.06475652195513248
direct_neighbor_ridge,0,0,0,0,0,0,False,1,"[""NAD""]",[],0,0,2,1,2,cAMP,0,2,100.0,700,176,13,5,5.979318919714286,0.3061051247886878,False,659dce4f66bf4ee0228513d024a4e287e9f1aa3957152332b1483ab0af67cb42,0.05687569314613938
direct_neighbor_ridge,0,0,0,0,0,0,False,1,"[""NAD""]",[],0,0,2,1,2,cAMP,0,3,100.0,702,174,13,5,5.992108657692308,0.3013222098747822,False,9492e163b6ef19b0563b1ce8302b8e8794e2e4c9c8031c62ff9774a3f63f6f58,0.07777042593806982
direct_neighbor_ridge,0,0,0,0,0,0,False,1,"[""NAD""]",[],0,0,2,1,2,cAMP,0,4,0.1,700,176,17,1,6.001160348428571,0.2957637599772958,False,cf9883e99ee1b956d01c2cb42a4d284b982ce23065d3616a5e1cced359e41fb5,0.053700459189713
direct_neighbor_ridge,0,0,0,0,0,0,False,1,"[""NAD""]",[],0,0,2,1,2,cAMP,1,0,100.0,705,171,13,5,5.9900215581560285,0.2949595974021159,False,32d2e2f547f707a9f12d899e65a934275c9f49020e10d214973126d05910ec9c,0.05281265405938029
direct_neighbor_ridge,0,0,0,0,0,0,False,1,"[""NAD""]",[],0,0,2,1,2,cAMP,1,1,0.1,700,176,17,1,6.001160348428571,0.2957637599772958,False,cf9883e99ee1b956d01c2cb42a4d284b982ce23065d3616a5e1cced359e41fb5,0.045101163908839226
direct_neighbor_ridge,0,0,0,0,0,0,False,1,"[""NAD""]",[],0,0,2,1,2,cAMP,1,2,0.1,697,179,16,2,5.950858155093256,0.2858460941092765,False,db1ab3680dcfc2deb10e2511ec28b70b27966d5a436d724be48267bcbf200acf,0.05566681595519185
direct_neighbor_ridge,0,0,0,0,0,0,False,1,"[""NAD""]",[],0,0,2,1,2,cAMP,1,3,0.1,700,176,13,5,5.979318919714286,0.3061051247886878,False,659dce4f66bf4ee0228513d024a4e287e9f1aa3957152332b1483ab0af67cb42,0.05887860618531704
direct_neighbor_ridge,0,0,0,0,0,0,False,1,"[""NAD""]",[],0,0,2,1,2,cAMP,1,4,100.0,702,174,13,5,5.992108657692308,0.3013222098747822,False,9492e163b6ef19b0563b1ce8302b8e8794e2e4c9c8031c62ff9774a3f63f6f58,0.055174805922433734
direct_neighbor_ridge,0,0,0,0,0,0,False,3,"[""glutamate"", ""glycine"", ""thymine""]",[],0,0,6,3,4,carnosine,0,0,100.0,697,179,16,2,5.848187210903874,0.3346815694032456,False,db1ab3680dcfc2deb10e2511ec28b70b27966d5a436d724be48267bcbf200acf,0.07432228000834584
direct_neighbor_ridge,0,0,0,0,0,0,False,3,"[""glutamate"", ""glycine"", ""thymine""]",[],0,0,6,3,4,carnosine,0,1,100.0,705,171,13,5,5.717911871205674,0.4169635505808757,False,32d2e2f547f707a9f12d899e65a934275c9f49020e10d214973126d05910ec9c,0.06899334280751646
direct_neighbor_ridge,0,0,0,0,0,0,False,3,"[""glutamate"", ""glycine"", ""thymine""]",[],0,0,6,3,4,carnosine,0,2,100.0,700,176,13,5,5.728871635,0.406759957033559,False,659dce4f66bf4ee0228513d024a4e287e9f1aa3957152332b1483ab0af67cb42,0.06051907385699451
direct_neighbor_ridge,0,0,0,0,0,0,False,3,"[""glutamate"", ""glycine"", ""thymine""]",[],0,0,6,3,4,carnosine,0,3,100.0,702,174,13,5,5.720513488319089,0.41215713156509043,False,9492e163b6ef19b0563b1ce8302b8e8794e2e4c9c8031c62ff9774a3f63f6f58,0.069565299898386
direct_neighbor_ridge,0,0,0,0,0,0,False,3,"[""glutamate"", ""glycine"", ""thymine""]",[],0,0,6,3,4,carnosine,0,4,100.0,700,176,17,1,5.747184804428572,0.40402742531557306,False,cf9883e99ee1b956d01c2cb42a4d284b982ce23065d3616a5e1cced359e41fb5,0.11026570107787848
direct_neighbor_ridge,0,0,0,0,0,0,False,3,"[""glutamate"", ""glycine"", ""thymine""]",[],0,0,6,3,4,carnosine,1,0,100.0,705,171,13,5,5.717911871205674,0.4169635505808757,False,32d2e2f547f707a9f12d899e65a934275c9f49020e10d214973126d05910ec9c,0.08269077120348811
direct_neighbor_ridge,0,0,0,0,0,0,False,3,"[""glutamate"", ""glycine"", ""thymine""]",[],0,0,6,3,4,carnosine,1,1,100.0,700,176,17,1,5.747184804428572,0.40402742531557306,False,cf9883e99ee1b956d01c2cb42a4d284b982ce23065d3616a5e1cced359e41fb5,0.08081206493079662
direct_neighbor_ridge,0,0,0,0,0,0,False,3,"[""glutamate"", ""glycine"", ""thymine""]",[],0,0,6,3,4,carnosine,1,2,100.0,697,179,16,2,5.848187210903874,0.3346815694032456,False,db1ab3680dcfc2deb10e2511ec28b70b27966d5a436d724be48267bcbf200acf,0.11376454192213714
direct_neighbor_ridge,0,0,0,0,0,0,False,3,"[""glutamate"", ""glycine"", ""thymine""]",[],0,0,6,3,4,carnosine,1,3,100.0,700,176,13,5,5.728871635,0.406759957033559,False,659dce4f66bf4ee0228513d024a4e287e9f1aa3957152332b1483ab0af67cb42,0.08516609785147011
direct_neighbor_ridge,0,0,0,0,0,0,False,3,"[""glutamate"", ""glycine"", ""thymine""]",[],0,0,6,3,4,carnosine,1,4,100.0,702,174,13,5,5.720513488319089,0.41215713156509043,False,9492e163b6ef19b0563b1ce8302b8e8794e2e4c9c8031c62ff9774a3f63f6f58,0.07854187302291393
direct_neighbor_ridge,0,0,0,0,0,0,False,3,"[""AMP"", ""methionine"", ""putrescine""]",[],0,0,6,3,4,choline,0,0,100.0,697,179,16,2,5.8239385981348635,0.338166872104974,False,db1ab3680dcfc2deb10e2511ec28b70b27966d5a436d724be48267bcbf200acf,0.05563598405569792
direct_neighbor_ridge,0,0,0,0,0,0,False,3,"[""AMP"", ""methionine"", ""putrescine""]",[],0,0,6,3,4,choline,0,1,100.0,705,171,13,5,5.859232645531915,0.32003460065194833,False,32d2e2f547f707a9f12d899e65a934275c9f49020e10d214973126d05910ec9c,0.06882716808468103
direct_neighbor_ridge,0,0,0,0,0,0,False,3,"[""AMP"", ""methionine"", ""putrescine""]",[],0,0,6,3,4,choline,0,2,100.0,700,176,13,5,5.867582237714285,0.32489858486978823,False,659dce4f66bf4ee0228513d024a4e287e9f1aa3957152332b1483ab0af67cb42,0.05944890296086669
direct_neighbor_ridge,0,0,0,0,0,0,False,3,"[""AMP"", ""methionine"", ""putrescine""]",[],0,0,6,3,4,choline,0,3,100.0,702,174,13,5,5.8625390531339026,0.3226075591600372,False,9492e163b6ef19b0563b1ce8302b8e8794e2e4c9c8031c62ff9774a3f63f6f58,0.06262229289859533
direct_neighbor_ridge,0,0,0,0,0,0,False,3,"[""AMP"", ""methionine"", ""putrescine""]",[],0,0,6,3,4,choline,0,4,100.0,700,176,17,1,5.852284691285713,0.32270601790601433,False,cf9883e99ee1b956d01c2cb42a4d284b982ce23065d3616a5e1cced359e41fb5,0.08318307902663946
direct_neighbor_ridge,0,0,0,0,0,0,False,3,"[""AMP"", ""methionine"", ""putrescine""]",[],0,0,6,3,4,choline,1,0,100.0,705,171,13,5,5.859232645531915,0.32003460065194833,False,32d2e2f547f707a9f12d899e65a934275c9f49020e10d214973126d05910ec9c,0.08438598783686757
direct_neighbor_ridge,0,0,0,0,0,0,False,3,"[""AMP"", ""methionine"", ""putrescine""]",[],0,0,6,3,4,choline,1,1,100.0,700,176,17,1,5.852284691285713,0.32270601790601433,False,cf9883e99ee1b956d01c2cb42a4d284b982ce23065d3616a5e1cced359e41fb5,0.06074689910747111
direct_neighbor_ridge,0,0,0,0,0,0,False,3,"[""AMP"", ""methionine"", ""putrescine""]",[],0,0,6,3,4,choline,1,2,100.0,697,179,16,2,5.8239385981348635,0.338166872104974,False,db1ab3680dcfc2deb10e2511ec28b70b27966d5a436d724be48267bcbf200acf,0.06109907617792487
direct_neighbor_ridge,0,0,0,0,0,0,False,3,"[""AMP"", ""methionine"", ""putrescine""]",[],0,0,6,3,4,choline,1,3,100.0,700,176,13,5,5.867582237714285,0.32489858486978823,False,659dce4f66bf4ee0228513d024a4e287e9f1aa3957152332b1483ab0af67cb42,0.05972710601054132
direct_neighbor_ridge,0,0,0,0,0,0,False,3,"[""AMP"", ""methionine"", ""putrescine""]",[],0,0,6,3,4,choline,1,4,100.0,702,174,13,5,5.8625390531339026,0.3226075591600372,False,9492e163b6ef19b0563b1ce8302b8e8794e2e4c9c8031c62ff9774a3f63f6f58,0.046031977981328964
direct_neighbor_ridge,0,0,0,0,0,0,False,2,"[""adenine"", ""adenosine""]",[],0,0,4,2,3,citrate,0,0,100.0,697,179,16,2,5.856802146628407,0.28662588456419313,False,db1ab3680dcfc2deb10e2511ec28b70b27966d5a436d724be48267bcbf200acf,0.055945717031136155
direct_neighbor_ridge,0,0,0,0,0,0,False,2,"[""adenine"", ""adenosine""]",[],0,0,4,2,3,citrate,0,1,0.1,705,171,13,5,5.791562419007092,0.33160955849208257,False,32d2e2f547f707a9f12d899e65a934275c9f49020e10d214973126d05910ec9c,0.05204527918249369
direct_neighbor_ridge,0,0,0,0,0,0,False,2,"[""adenine"", ""adenosine""]",[],0,0,4,2,3,citrate,0,2,10.0,700,176,13,5,5.796659042428571,0.3209738076981834,False,659dce4f66bf4ee0228513d024a4e287e9f1aa3957152332b1483ab0af67cb42,0.052545758895576
direct_neighbor_ridge,0,0,0,0,0,0,False,2,"[""adenine"", ""adenosine""]",[],0,0,4,2,3,citrate,0,3,100.0,702,174,13,5,5.816074590598291,0.3172362249439492,False,9492e163b6ef19b0563b1ce8302b8e8794e2e4c9c8031c62ff9774a3f63f6f58,0.05176599696278572
direct_neighbor_ridge,0,0,0,0,0,0,False,2,"[""adenine"", ""adenosine""]",[],0,0,4,2,3,citrate,0,4,100.0,700,176,17,1,5.8187439961428575,0.3243083616569265,False,cf9883e99ee1b956d01c2cb42a4d284b982ce23065d3616a5e1cced359e41fb5,0.05213947291485965
direct_neighbor_ridge,0,0,0,0,0,0,False,2,"[""adenine"", ""adenosine""]",[],0,0,4,2,3,citrate,1,0,0.1,705,171,13,5,5.791562419007092,0.33160955849208257,False,32d2e2f547f707a9f12d899e65a934275c9f49020e10d214973126d05910ec9c,0.050739392871037126
direct_neighbor_ridge,0,0,0,0,0,0,False,2,"[""adenine"", ""adenosine""]",[],0,0,4,2,3,citrate,1,1,100.0,700,176,17,1,5.8187439961428575,0.3243083616569265,False,cf9883e99ee1b956d01c2cb42a4d284b982ce23065d3616a5e1cced359e41fb5,0.051139828050509095
direct_neighbor_ridge,0,0,0,0,0,0,False,2,"[""adenine"", ""adenosine""]",[],0,0,4,2,3,citrate,1,2,100.0,697,179,16,2,5.856802146628407,0.28662588456419313,False,db1ab3680dcfc2deb10e2511ec28b70b27966d5a436d724be48267bcbf200acf,0.05215664906427264
direct_neighbor_ridge,0,0,0,0,0,0,False,2,"[""adenine"", ""adenosine""]",[],0,0,4,2,3,citrate,1,3,100.0,700,176,13,5,5.796659042428571,0.3209738076981834,False,659dce4f66bf4ee0228513d024a4e287e9f1aa3957152332b1483ab0af67cb42,0.05223941686563194
direct_neighbor_ridge,0,0,0,0,0,0,False,2,"[""adenine"", ""adenosine""]",[],0,0,4,2,3,citrate,1,4,10.0,702,174,13,5,5.816074590598291,0.3172362249439492,False,9492e163b6ef19b0563b1ce8302b8e8794e2e4c9c8031c62ff9774a3f63f6f58,0.05063906614668667
direct_neighbor_ridge,0,0,0,0,0,0,False,5,"[""GMP"", ""NAD"", ""dimethylglycine"", ""glutamate"", ""phenylalanine""]",[],0,0,10,5,6,citrulline,0,0,10.0,697,179,16,2,5.850244435150646,0.2837581540578788,False,db1ab3680dcfc2deb10e2511ec28b70b27966d5a436d724be48267bcbf200acf,0.05615326901897788
direct_neighbor_ridge,0,0,0,0,0,0,False,5,"[""GMP"", ""NAD"", ""dimethylglycine"", ""glutamate"", ""phenylalanine""]",[],0,0,10,5,6,citrulline,0,1,10.0,705,171,13,5,5.795729869078015,0.31706795344862154,False,32d2e2f547f707a9f12d899e65a934275c9f49020e10d214973126d05910ec9c,0.05514201521873474
direct_neighbor_ridge,0,0,0,0,0,0,False,5,"[""GMP"", ""NAD"", ""dimethylglycine"", ""glutamate"", ""phenylalanine""]",[],0,0,10,5,6,citrulline,0,2,10.0,700,176,13,5,5.808392116714286,0.30975075225231685,False,659dce4f66bf4ee0228513d024a4e287e9f1aa3957152332b1483ab0af67cb42,0.056362845934927464
direct_neighbor_ridge,0,0,0,0,0,0,False,5,"[""GMP"", ""NAD"", ""dimethylglycine"", ""glutamate"", ""phenylalanine""]",[],0,0,10,5,6,citrulline,0,3,10.0,702,174,13,5,5.80420118960114,0.30130689878614486,False,9492e163b6ef19b0563b1ce8302b8e8794e2e4c9c8031c62ff9774a3f63f6f58,0.055230967001989484
direct_neighbor_ridge,0,0,0,0,0,0,False,5,"[""GMP"", ""NAD"", ""dimethylglycine"", ""glutamate"", ""phenylalanine""]",[],0,0,10,5,6,citrulline,0,4,10.0,700,176,17,1,5.817242098,0.2998443205544627,False,cf9883e99ee1b956d01c2cb42a4d284b982ce23065d3616a5e1cced359e41fb5,0.05494269193150103
direct_neighbor_ridge,0,0,0,0,0,0,False,5,"[""GMP"", ""NAD"", ""dimethylglycine"", ""glutamate"", ""phenylalanine""]",[],0,0,10,5,6,citrulline,1,0,10.0,705,171,13,5,5.795729869078015,0.31706795344862154,False,32d2e2f547f707a9f12d899e65a934275c9f49020e10d214973126d05910ec9c,0.05545260012149811
direct_neighbor_ridge,0,0,0,0,0,0,False,5,"[""GMP"", ""NAD"", ""dimethylglycine"", ""glutamate"", ""phenylalanine""]",[],0,0,10,5,6,citrulline,1,1,10.0,700,176,17,1,5.817242098,0.2998443205544627,False,cf9883e99ee1b956d01c2cb42a4d284b982ce23065d3616a5e1cced359e41fb5,0.054307150887325406
direct_neighbor_ridge,0,0,0,0,0,0,False,5,"[""GMP"", ""NAD"", ""dimethylglycine"", ""glutamate"", ""phenylalanine""]",[],0,0,10,5,6,citrulline,1,2,10.0,697,179,16,2,5.850244435150646,0.2837581540578788,False,db1ab3680dcfc2deb10e2511ec28b70b27966d5a436d724be48267bcbf200acf,0.0584398761857301
direct_neighbor_ridge,0,0,0,0,0,0,False,5,"[""GMP"", ""NAD"", ""dimethylglycine"", ""glutamate"", ""phenylalanine""]",[],0,0,10,5,6,citrulline,1,3,1.0,700,176,13,5,5.808392116714286,0.30975075225231685,False,659dce4f66bf4ee0228513d024a4e287e9f1aa3957152332b1483ab0af67cb42,0.06318685389123857
direct_neighbor_ridge,0,0,0,0,0,0,False,5,"[""GMP"", ""NAD"", ""dimethylglycine"", ""glutamate"", ""phenylalanine""]",[],0,0,10,5,6,citrulline,1,4,10.0,702,174,13,5,5.80420118960114,0.30130689878614486,False,9492e163b6ef19b0563b1ce8302b8e8794e2e4c9c8031c62ff9774a3f63f6f58,0.05899827601388097
direct_neighbor_ridge,0,0,0,0,0,0,False,2,"[""ornithine"", ""taurine""]",[],0,0,4,2,3,cytidine,0,0,100.0,697,179,16,2,5.821940568292683,0.4881534049700528,False,db1ab3680dcfc2deb10e2511ec28b70b27966d5a436d724be48267bcbf200acf,0.07485528709366918
direct_neighbor_ridge,0,0,0,0,0,0,False,2,"[""ornithine"", ""taurine""]",[],0,0,4,2,3,cytidine,0,1,100.0,705,171,13,5,5.9433197194326235,0.5687678071111162,False,32d2e2f547f707a9f12d899e65a934275c9f49020e10d214973126d05910ec9c,0.08000082918442786
direct_neighbor_ridge,0,0,0,0,0,0,False,2,"[""ornithine"", ""taurine""]",[],0,0,4,2,3,cytidine,0,2,100.0,700,176,13,5,5.986364081142857,0.5599634922930096,False,659dce4f66bf4ee0228513d024a4e287e9f1aa3957152332b1483ab0af67cb42,0.0866665318608284
direct_neighbor_ridge,0,0,0,0,0,0,False,2,"[""ornithine"", ""taurine""]",[],0,0,4,2,3,cytidine,0,3,100.0,702,174,13,5,5.943676573361824,0.5762399457215668,False,9492e163b6ef19b0563b1ce8302b8e8794e2e4c9c8031c62ff9774a3f63f6f58,0.06524569890461862
direct_neighbor_ridge,0,0,0,0,0,0,False,2,"[""ornithine"", ""taurine""]",[],0,0,4,2,3,cytidine,0,4,100.0,700,176,17,1,5.943439289714285,0.5728846534204469,False,cf9883e99ee1b956d01c2cb42a4d284b982ce23065d3616a5e1cced359e41fb5,0.08374427701346576
direct_neighbor_ridge,0,0,0,0,0,0,False,2,"[""ornithine"", ""taurine""]",[],0,0,4,2,3,cytidine,1,0,100.0,705,171,13,5,5.9433197194326235,0.5687678071111162,False,32d2e2f547f707a9f12d899e65a934275c9f49020e10d214973126d05910ec9c,0.05376561405137181
direct_neighbor_ridge,0,0,0,0,0,0,False,2,"[""ornithine"", ""taurine""]",[],0,0,4,2,3,cytidine,1,1,100.0,700,176,17,1,5.943439289714285,0.5728846534204469,False,cf9883e99ee1b956d01c2cb42a4d284b982ce23065d3616a5e1cced359e41fb5,0.0633296431042254
direct_neighbor_ridge,0,0,0,0,0,0,False,2,"[""ornithine"", ""taurine""]",[],0,0,4,2,3,cytidine,1,2,100.0,697,179,16,2,5.821940568292683,0.4881534049700528,False,db1ab3680dcfc2deb10e2511ec28b70b27966d5a436d724be48267bcbf200acf,0.05932687781751156
direct_neighbor_ridge,0,0,0,0,0,0,False,2,"[""ornithine"", ""taurine""]",[],0,0,4,2,3,cytidine,1,3,100.0,700,176,13,5,5.986364081142857,0.5599634922930096,False,659dce4f66bf4ee0228513d024a4e287e9f1aa3957152332b1483ab0af67cb42,0.08222978003323078
direct_neighbor_ridge,0,0,0,0,0,0,False,2,"[""ornithine"", ""taurine""]",[],0,0,4,2,3,cytidine,1,4,10.0,702,174,13,5,5.943676573361824,0.5762399457215668,False,9492e163b6ef19b0563b1ce8302b8e8794e2e4c9c8031c62ff9774a3f63f6f58,0.06396731990389526
direct_neighbor_ridge,0,0,0,0,0,0,False,5,"[""NAD"", ""aspartate"", ""hypoxanthine"", ""ornithine"", ""phenylalanine""]",[],0,0,10,5,6,dimethylglycine,0,0,100.0,697,179,16,2,5.842713994691535,0.2412852905128361,False,db1ab3680dcfc2deb10e2511ec28b70b27966d5a436d724be48267bcbf200acf,0.05984250898472965
direct_neighbor_ridge,0,0,0,0,0,0,False,5,"[""NAD"", ""aspartate"", ""hypoxanthine"", ""ornithine"", ""phenylalanine""]",[],0,0,10,5,6,dimethylglycine,0,1,100.0,705,171,13,5,5.7773420750354605,0.2754153009172702,False,32d2e2f547f707a9f12d899e65a934275c9f49020e10d214973126d05910ec9c,0.06714438507333398
direct_neighbor_ridge,0,0,0,0,0,0,False,5,"[""NAD"", ""aspartate"", ""hypoxanthine"", ""ornithine"", ""phenylalanine""]",[],0,0,10,5,6,dimethylglycine,0,2,10.0,700,176,13,5,5.776686067571429,0.2684533693166957,False,659dce4f66bf4ee0228513d024a4e287e9f1aa3957152332b1483ab0af67cb42,0.07077557896263897
direct_neighbor_ridge,0,0,0,0,0,0,False,5,"[""NAD"", ""aspartate"", ""hypoxanthine"", ""ornithine"", ""phenylalanine""]",[],0,0,10,5,6,dimethylglycine,0,3,10.0,702,174,13,5,5.778814191452991,0.2645452231216455,False,9492e163b6ef19b0563b1ce8302b8e8794e2e4c9c8031c62ff9774a3f63f6f58,0.05804409319534898
direct_neighbor_ridge,0,0,0,0,0,0,False,5,"[""NAD"", ""aspartate"", ""hypoxanthine"", ""ornithine"", ""phenylalanine""]",[],0,0,10,5,6,dimethylglycine,0,4,10.0,700,176,17,1,5.798933204428572,0.25781198933068716,False,cf9883e99ee1b956d01c2cb42a4d284b982ce23065d3616a5e1cced359e41fb5,0.0653198310174048
direct_neighbor_ridge,0,0,0,0,0,0,False,5,"[""NAD"", ""aspartate"", ""hypoxanthine"", ""ornithine"", ""phenylalanine""]",[],0,0,10,5,6,dimethylglycine,1,0,100.0,705,171,13,5,5.7773420750354605,0.2754153009172702,False,32d2e2f547f707a9f12d899e65a934275c9f49020e10d214973126d05910ec9c,0.05698796594515443
direct_neighbor_ridge,0,0,0,0,0,0,False,5,"[""NAD"", ""aspartate"", ""hypoxanthine"", ""ornithine"", ""phenylalanine""]",[],0,0,10,5,6,dimethylglycine,1,1,10.0,700,176,17,1,5.798933204428572,0.25781198933068716,False,cf9883e99ee1b956d01c2cb42a4d284b982ce23065d3616a5e1cced359e41fb5,0.05437144706957042
direct_neighbor_ridge,0,0,0,0,0,0,False,5,"[""NAD"", ""aspartate"", ""hypoxanthine"", ""ornithine"", ""phenylalanine""]",[],0,0,10,5,6,dimethylglycine,1,2,100.0,697,179,16,2,5.842713994691535,0.2412852905128361,False,db1ab3680dcfc2deb10e2511ec28b70b27966d5a436d724be48267bcbf200acf,0.05517397006042302
direct_neighbor_ridge,0,0,0,0,0,0,False,5,"[""NAD"", ""aspartate"", ""hypoxanthine"", ""ornithine"", ""phenylalanine""]",[],0,0,10,5,6,dimethylglycine,1,3,1.0,700,176,13,5,5.776686067571429,0.2684533693166957,False,659dce4f66bf4ee0228513d024a4e287e9f1aa3957152332b1483ab0af67cb42,0.04766301903873682
direct_neighbor_ridge,0,0,0,0,0,0,False,5,"[""NAD"", ""aspartate"", ""hypoxanthine"", ""ornithine"", ""phenylalanine""]",[],0,0,10,5,6,dimethylglycine,1,4,10.0,702,174,13,5,5.778814191452991,0.2645452231216455,False,9492e163b6ef19b0563b1ce8302b8e8794e2e4c9c8031c62ff9774a3f63f6f58,0.0560711279977113
direct_neighbor_ridge,0,0,0,0,0,0,False,2,"[""AMP"", ""inosine""]",[],0,0,4,2,3,glucuronate,0,0,100.0,697,179,16,2,5.875591368579626,0.21436797356403015,False,db1ab3680dcfc2deb10e2511ec28b70b27966d5a436d724be48267bcbf200acf,0.05806115409359336
direct_neighbor_ridge,0,0,0,0,0,0,False,2,"[""AMP"", ""inosine""]",[],0,0,4,2,3,glucuronate,0,1,0.1,705,171,13,5,5.8372711251063825,0.264059395571085,False,32d2e2f547f707a9f12d899e65a934275c9f49020e10d214973126d05910ec9c,0.05327049409970641
direct_neighbor_ridge,0,0,0,0,0,0,False,2,"[""AMP"", ""inosine""]",[],0,0,4,2,3,glucuronate,0,2,100.0,700,176,13,5,5.841330032428572,0.2627256409648469,False,659dce4f66bf4ee0228513d024a4e287e9f1aa3957152332b1483ab0af67cb42,0.053365795873105526
direct_neighbor_ridge,0,0,0,0,0,0,False,2,"[""AMP"", ""inosine""]",[],0,0,4,2,3,glucuronate,0,3,0.1,702,174,13,5,5.840461464102564,0.26023183008970724,False,9492e163b6ef19b0563b1ce8302b8e8794e2e4c9c8031c62ff9774a3f63f6f58,0.051183049101382494
direct_neighbor_ridge,0,0,0,0,0,0,False,2,"[""AMP"", ""inosine""]",[],0,0,4,2,3,glucuronate,0,4,100.0,700,176,17,1,5.853340806857143,0.2561959379747985,False,cf9883e99ee1b956d01c2cb42a4d284b982ce23065d3616a5e1cced359e41fb5,0.051400166004896164
direct_neighbor_ridge,0,0,0,0,0,0,False,2,"[""AMP"", ""inosine""]",[],0,0,4,2,3,glucuronate,1,0,0.1,705,171,13,5,5.8372711251063825,0.264059395571085,False,32d2e2f547f707a9f12d899e65a934275c9f49020e10d214973126d05910ec9c,0.053766675060614944
direct_neighbor_ridge,0,0,0,0,0,0,False,2,"[""AMP"", ""inosine""]",[],0,0,4,2,3,glucuronate,1,1,100.0,700,176,17,1,5.853340806857143,0.2561959379747985,False,cf9883e99ee1b956d01c2cb42a4d284b982ce23065d3616a5e1cced359e41fb5,0.0522985749412328
direct_neighbor_ridge,0,0,0,0,0,0,False,2,"[""AMP"", ""inosine""]",[],0,0,4,2,3,glucuronate,1,2,100.0,697,179,16,2,5.875591368579626,0.21436797356403015,False,db1ab3680dcfc2deb10e2511ec28b70b27966d5a436d724be48267bcbf200acf,0.053428309969604015
direct_neighbor_ridge,0,0,0,0,0,0,False,2,"[""AMP"", ""inosine""]",[],0,0,4,2,3,glucuronate,1,3,100.0,700,176,13,5,5.841330032428572,0.2627256409648469,False,659dce4f66bf4ee0228513d024a4e287e9f1aa3957152332b1483ab0af67cb42,0.055061420891433954
direct_neighbor_ridge,0,0,0,0,0,0,False,2,"[""AMP"", ""inosine""]",[],0,0,4,2,3,glucuronate,1,4,0.1,702,174,13,5,5.840461464102564,0.26023183008970724,False,9492e163b6ef19b0563b1ce8302b8e8794e2e4c9c8031c62ff9774a3f63f6f58,0.055970449000597
direct_neighbor_ridge,0,0,0,0,0,0,False,15,"[""AMP"", ""CMP"", ""GMP"", ""adenine"", ""adenosine"", ""betaine"", ""citrulline"", ""dimethylglycine"", ""homocysteine"", ""hypoxanthine"", ""inosine"", ""isocitrate"", ""putrescine"", ""taurocholate"", ""uracil""]",[],0,0,30,15,16,glutamate,0,0,100.0,697,179,16,2,5.837754748206599,0.22300075523157906,False,db1ab3680dcfc2deb10e2511ec28b70b27966d5a436d724be48267bcbf200acf,0.18920072889886796
direct_neighbor_ridge,0,0,0,0,0,0,False,15,"[""AMP"", ""CMP"", ""GMP"", ""adenine"", ""adenosine"", ""betaine"", ""citrulline"", ""dimethylglycine"", ""homocysteine"", ""hypoxanthine"", ""inosine"", ""isocitrate"", ""putrescine"", ""taurocholate"", ""uracil""]",[],0,0,30,15,16,glutamate,0,1,10.0,705,171,13,5,5.856274995319149,0.23737426526109665,False,32d2e2f547f707a9f12d899e65a934275c9f49020e10d214973126d05910ec9c,0.10256901802495122
direct_neighbor_ridge,0,0,0,0,0,0,False,15,"[""AMP"", ""CMP"", ""GMP"", ""adenine"", ""adenosine"", ""betaine"", ""citrulline"", ""dimethylglycine"", ""homocysteine"", ""hypoxanthine"", ""inosine"", ""isocitrate"", ""putrescine"", ""taurocholate"", ""uracil""]",[],0,0,30,15,16,glutamate,0,2,10.0,700,176,13,5,5.877516673,0.23263179623229843,False,659dce4f66bf4ee0228513d024a4e287e9f1aa3957152332b1483ab0af67cb42,0.07586226682178676
direct_neighbor_ridge,0,0,0,0,0,0,False,15,"[""AMP"", ""CMP"", ""GMP"", ""adenine"", ""adenosine"", ""betaine"", ""citrulline"", ""dimethylglycine"", ""homocysteine"", ""hypoxanthine"", ""inosine"", ""isocitrate"", ""putrescine"", ""taurocholate"", ""uracil""]",[],0,0,30,15,16,glutamate,0,3,100.0,702,174,13,5,5.872189215954415,0.2121533254343439,False,9492e163b6ef19b0563b1ce8302b8e8794e2e4c9c8031c62ff9774a3f63f6f58,0.06192629807628691
direct_neighbor_ridge,0,0,0,0,0,0,False,15,"[""AMP"", ""CMP"", ""GMP"", ""adenine"", ""adenosine"", ""betaine"", ""citrulline"", ""dimethylglycine"", ""homocysteine"", ""hypoxanthine"", ""inosine"", ""isocitrate"", ""putrescine"", ""taurocholate"", ""uracil""]",[],0,0,30,15,16,glutamate,0,4,10.0,700,176,17,1,5.8762459510000005,0.2365122296350026,False,cf9883e99ee1b956d01c2cb42a4d284b982ce23065d3616a5e1cced359e41fb5,0.061740436125546694
direct_neighbor_ridge,0,0,0,0,0,0,False,15,"[""AMP"", ""CMP"", ""GMP"", ""adenine"", ""adenosine"", ""betaine"", ""citrulline"", ""dimethylglycine"", ""homocysteine"", ""hypoxanthine"", ""inosine"", ""isocitrate"", ""putrescine"", ""taurocholate"", ""uracil""]",[],0,0,30,15,16,glutamate,1,0,10.0,705,171,13,5,5.856274995319149,0.23737426526109665,False,32d2e2f547f707a9f12d899e65a934275c9f49020e10d214973126d05910ec9c,0.07847827300429344
direct_neighbor_ridge,0,0,0,0,0,0,False,15,"[""AMP"", ""CMP"", ""GMP"", ""adenine"", ""adenosine"", ""betaine"", ""citrulline"", ""dimethylglycine"", ""homocysteine"", ""hypoxanthine"", ""inosine"", ""isocitrate"", ""putrescine"", ""taurocholate"", ""uracil""]",[],0,0,30,15,16,glutamate,1,1,100.0,700,176,17,1,5.8762459510000005,0.2365122296350026,False,cf9883e99ee1b956d01c2cb42a4d284b982ce23065d3616a5e1cced359e41fb5,0.06466123415157199
direct_neighbor_ridge,0,0,0,0,0,0,False,15,"[""AMP"", ""CMP"", ""GMP"", ""adenine"", ""adenosine"", ""betaine"", ""citrulline"", ""dimethylglycine"", ""homocysteine"", ""hypoxanthine"", ""inosine"", ""isocitrate"", ""putrescine"", ""taurocholate"", ""uracil""]",[],0,0,30,15,16,glutamate,1,2,100.0,697,179,16,2,5.837754748206599,0.22300075523157906,False,db1ab3680dcfc2deb10e2511ec28b70b27966d5a436d724be48267bcbf200acf,0.06360135902650654
direct_neighbor_ridge,0,0,0,0,0,0,False,15,"[""AMP"", ""CMP"", ""GMP"", ""adenine"", ""adenosine"", ""betaine"", ""citrulline"", ""dimethylglycine"", ""homocysteine"", ""hypoxanthine"", ""inosine"", ""isocitrate"", ""putrescine"", ""taurocholate"", ""uracil""]",[],0,0,30,15,16,glutamate,1,3,100.0,700,176,13,5,5.877516673,0.23263179623229843,False,659dce4f66bf4ee0228513d024a4e287e9f1aa3957152332b1483ab0af67cb42,0.06776404310949147
direct_neighbor_ridge,0,0,0,0,0,0,False,15,"[""AMP"", ""CMP"", ""GMP"", ""adenine"", ""adenosine"", ""betaine"", ""citrulline"", ""dimethylglycine"", ""homocysteine"", ""hypoxanthine"", ""inosine"", ""isocitrate"", ""putrescine"", ""taurocholate"", ""uracil""]",[],0,0,30,15,16,glutamate,1,4,100.0,702,174,13,5,5.872189215954415,0.2121533254343439,False,9492e163b6ef19b0563b1ce8302b8e8794e2e4c9c8031c62ff9774a3f63f6f58,0.0868889729026705
direct_neighbor_ridge,0,0,0,0,0,0,False,2,"[""AMP"", ""ornithine""]",[],0,0,4,2,3,glutamine,0,0,10.0,697,179,16,2,5.792856942180775,0.4999001304148671,False,db1ab3680dcfc2deb10e2511ec28b70b27966d5a436d724be48267bcbf200acf,0.06687246612273157
direct_neighbor_ridge,0,0,0,0,0,0,False,2,"[""AMP"", ""ornithine""]",[],0,0,4,2,3,glutamine,0,1,0.1,705,171,13,5,5.730142647375887,0.517307750185761,False,32d2e2f547f707a9f12d899e65a934275c9f49020e10d214973126d05910ec9c,0.06971660302951932
direct_neighbor_ridge,0,0,0,0,0,0,False,2,"[""AMP"", ""ornithine""]",[],0,0,4,2,3,glutamine,0,2,0.1,700,176,13,5,5.760236144285714,0.5055726521798546,False,659dce4f66bf4ee0228513d024a4e287e9f1aa3957152332b1483ab0af67cb42,0.06832267995923758
direct_neighbor_ridge,0,0,0,0,0,0,False,2,"[""AMP"", ""ornithine""]",[],0,0,4,2,3,glutamine,0,3,0.1,702,174,13,5,5.749858374216524,0.5089141907702129,False,9492e163b6ef19b0563b1ce8302b8e8794e2e4c9c8031c62ff9774a3f63f6f58,0.06629236787557602
direct_neighbor_ridge,0,0,0,0,0,0,False,2,"[""AMP"", ""ornithine""]",[],0,0,4,2,3,glutamine,0,4,100.0,700,176,17,1,5.742727689142857,0.5229622387958501,False,cf9883e99ee1b956d01c2cb42a4d284b982ce23065d3616a5e1cced359e41fb5,0.08805855992250144
direct_neighbor_ridge,0,0,0,0,0,0,False,2,"[""AMP"", ""ornithine""]",[],0,0,4,2,3,glutamine,1,0,0.1,705,171,13,5,5.730142647375887,0.517307750185761,False,32d2e2f547f707a9f12d899e65a934275c9f49020e10d214973126d05910ec9c,0.07758765202015638
direct_neighbor_ridge,0,0,0,0,0,0,False,2,"[""AMP"", ""ornithine""]",[],0,0,4,2,3,glutamine,1,1,10.0,700,176,17,1,5.742727689142857,0.5229622387958501,False,cf9883e99ee1b956d01c2cb42a4d284b982ce23065d3616a5e1cced359e41fb5,0.058105625910684466
direct_neighbor_ridge,0,0,0,0,0,0,False,2,"[""AMP"", ""ornithine""]",[],0,0,4,2,3,glutamine,1,2,100.0,697,179,16,2,5.792856942180775,0.4999001304148671,False,db1ab3680dcfc2deb10e2511ec28b70b27966d5a436d724be48267bcbf200acf,0.06489725108258426
direct_neighbor_ridge,0,0,0,0,0,0,False,2,"[""AMP"", ""ornithine""]",[],0,0,4,2,3,glutamine,1,3,100.0,700,176,13,5,5.760236144285714,0.5055726521798546,False,659dce4f66bf4ee0228513d024a4e287e9f1aa3957152332b1483ab0af67cb42,0.06180686107836664
direct_neighbor_ridge,0,0,0,0,0,0,False,2,"[""AMP"", ""ornithine""]",[],0,0,4,2,3,glutamine,1,4,0.1,702,174,13,5,5.749858374216524,0.5089141907702129,False,9492e163b6ef19b0563b1ce8302b8e8794e2e4c9c8031c62ff9774a3f63f6f58,0.05239192512817681
direct_neighbor_ridge,0,0,0,0,0,0,False,9,"[""GMP"", ""NAD"", ""NADP"", ""adenosine"", ""aspartate"", ""isocitrate"", ""thymine"", ""uracil"", ""uridine""]",[],0,0,18,9,10,glycine,0,0,100.0,697,179,16,2,5.901400717790531,0.3232334686793832,False,db1ab3680dcfc2deb10e2511ec28b70b27966d5a436d724be48267bcbf200acf,0.05723088700324297
direct_neighbor_ridge,0,0,0,0,0,0,False,9,"[""GMP"", ""NAD"", ""NADP"", ""adenosine"", ""aspartate"", ""isocitrate"", ""thymine"", ""uracil"", ""uridine""]",[],0,0,18,9,10,glycine,0,1,100.0,705,171,13,5,5.891562820992907,0.30388093169523356,False,32d2e2f547f707a9f12d899e65a934275c9f49020e10d214973126d05910ec9c,0.05577138205990195
direct_neighbor_ridge,0,0,0,0,0,0,False,9,"[""GMP"", ""NAD"", ""NADP"", ""adenosine"", ""aspartate"", ""isocitrate"", ""thymine"", ""uracil"", ""uridine""]",[],0,0,18,9,10,glycine,0,2,100.0,700,176,13,5,5.895880774285714,0.3016342641672332,False,659dce4f66bf4ee0228513d024a4e287e9f1aa3957152332b1483ab0af67cb42,0.06162747507914901
direct_neighbor_ridge,0,0,0,0,0,0,False,9,"[""GMP"", ""NAD"", ""NADP"", ""adenosine"", ""aspartate"", ""isocitrate"", ""thymine"", ""uracil"", ""uridine""]",[],0,0,18,9,10,glycine,0,3,0.1,702,174,13,5,5.919905869658121,0.29925995925495313,False,9492e163b6ef19b0563b1ce8302b8e8794e2e4c9c8031c62ff9774a3f63f6f58,0.06055305106565356
direct_neighbor_ridge,0,0,0,0,0,0,False,9,"[""GMP"", ""NAD"", ""NADP"", ""adenosine"", ""aspartate"", ""isocitrate"", ""thymine"", ""uracil"", ""uridine""]",[],0,0,18,9,10,glycine,0,4,100.0,700,176,17,1,5.911124145142858,0.31233130965412215,False,cf9883e99ee1b956d01c2cb42a4d284b982ce23065d3616a5e1cced359e41fb5,0.058679762994870543
direct_neighbor_ridge,0,0,0,0,0,0,False,9,"[""GMP"", ""NAD"", ""NADP"", ""adenosine"", ""aspartate"", ""isocitrate"", ""thymine"", ""uracil"", ""uridine""]",[],0,0,18,9,10,glycine,1,0,100.0,705,171,13,5,5.891562820992907,0.30388093169523356,False,32d2e2f547f707a9f12d899e65a934275c9f49020e10d214973126d05910ec9c,0.05976267997175455
direct_neighbor_ridge,0,0,0,0,0,0,False,9,"[""GMP"", ""NAD"", ""NADP"", ""adenosine"", ""aspartate"", ""isocitrate"", ""thymine"", ""uracil"", ""uridine""]",[],0,0,18,9,10,glycine,1,1,100.0,700,176,17,1,5.911124145142858,0.31233130965412215,False,cf9883e99ee1b956d01c2cb42a4d284b982ce23065d3616a5e1cced359e41fb5,0.06034105806611478
direct_neighbor_ridge,0,0,0,0,0,0,False,9,"[""GMP"", ""NAD"", ""NADP"", ""adenosine"", ""aspartate"", ""isocitrate"", ""thymine"", ""uracil"", ""uridine""]",[],0,0,18,9,10,glycine,1,2,100.0,697,179,16,2,5.901400717790531,0.3232334686793832,False,db1ab3680dcfc2deb10e2511ec28b70b27966d5a436d724be48267bcbf200acf,0.061650835908949375
direct_neighbor_ridge,0,0,0,0,0,0,False,9,"[""GMP"", ""NAD"", ""NADP"", ""adenosine"", ""aspartate"", ""isocitrate"", ""thymine"", ""uracil"", ""uridine""]",[],0,0,18,9,10,glycine,1,3,100.0,700,176,13,5,5.895880774285714,0.3016342641672332,False,659dce4f66bf4ee0228513d024a4e287e9f1aa3957152332b1483ab0af67cb42,0.05135273700580001
direct_neighbor_ridge,0,0,0,0,0,0,False,9,"[""GMP"", ""NAD"", ""NADP"", ""adenosine"", ""aspartate"", ""isocitrate"", ""thymine"", ""uracil"", ""uridine""]",[],0,0,18,9,10,glycine,1,4,0.1,702,174,13,5,5.919905869658121,0.29925995925495313,False,9492e163b6ef19b0563b1ce8302b8e8794e2e4c9c8031c62ff9774a3f63f6f58,0.05286595202051103
direct_neighbor_ridge,0,0,0,0,0,0,False,1,"[""aspartate""]",[],0,0,2,1,2,guanosine,0,0,100.0,697,179,16,2,5.952859866857963,0.40817502232841674,False,db1ab3680dcfc2deb10e2511ec28b70b27966d5a436d724be48267bcbf200acf,0.06495014019310474
direct_neighbor_ridge,0,0,0,0,0,0,False,1,"[""aspartate""]",[],0,0,2,1,2,guanosine,0,1,0.1,705,171,13,5,5.946455211205673,0.3930879666913112,False,32d2e2f547f707a9f12d899e65a934275c9f49020e10d214973126d05910ec9c,0.056652689119800925
direct_neighbor_ridge,0,0,0,0,0,0,False,1,"[""aspartate""]",[],0,0,2,1,2,guanosine,0,2,100.0,700,176,13,5,6.008024284285714,0.39823813293836846,False,659dce4f66bf4ee0228513d024a4e287e9f1aa3957152332b1483ab0af67cb42,0.06150355306454003
direct_neighbor_ridge,0,0,0,0,0,0,False,1,"[""aspartate""]",[],0,0,2,1,2,guanosine,0,3,0.1,702,174,13,5,5.9592625129629635,0.3946489909296684,False,9492e163b6ef19b0563b1ce8302b8e8794e2e4c9c8031c62ff9774a3f63f6f58,0.06652945093810558
direct_neighbor_ridge,0,0,0,0,0,0,False,1,"[""aspartate""]",[],0,0,2,1,2,guanosine,0,4,100.0,700,176,17,1,5.964684184857142,0.4006223332620162,False,cf9883e99ee1b956d01c2cb42a4d284b982ce23065d3616a5e1cced359e41fb5,0.06629296997562051
direct_neighbor_ridge,0,0,0,0,0,0,False,1,"[""aspartate""]",[],0,0,2,1,2,guanosine,1,0,0.1,705,171,13,5,5.946455211205673,0.3930879666913112,False,32d2e2f547f707a9f12d899e65a934275c9f49020e10d214973126d05910ec9c,0.09722385602071881
direct_neighbor_ridge,0,0,0,0,0,0,False,1,"[""aspartate""]",[],0,0,2,1,2,guanosine,1,1,100.0,700,176,17,1,5.964684184857142,0.4006223332620162,False,cf9883e99ee1b956d01c2cb42a4d284b982ce23065d3616a5e1cced359e41fb5,0.07148891990073025
direct_neighbor_ridge,0,0,0,0,0,0,False,1,"[""aspartate""]",[],0,0,2,1,2,guanosine,1,2,100.0,697,179,16,2,5.952859866857963,0.40817502232841674,False,db1ab3680dcfc2deb10e2511ec28b70b27966d5a436d724be48267bcbf200acf,0.08429158898070455
direct_neighbor_ridge,0,0,0,0,0,0,False,1,"[""aspartate""]",[],0,0,2,1,2,guanosine,1,3,0.1,700,176,13,5,6.008024284285714,0.39823813293836846,False,659dce4f66bf4ee0228513d024a4e287e9f1aa3957152332b1483ab0af67cb42,0.06381785590201616
direct_neighbor_ridge,0,0,0,0,0,0,False,1,"[""aspartate""]",[],0,0,2,1,2,guanosine,1,4,0.1,702,174,13,5,5.9592625129629635,0.3946489909296684,False,9492e163b6ef19b0563b1ce8302b8e8794e2e4c9c8031c62ff9774a3f63f6f58,0.10133114387281239
direct_neighbor_ridge,0,0,0,0,0,0,False,3,"[""NAD"", ""glycine"", ""proline""]",[],0,0,6,3,4,histidine,0,0,100.0,697,179,16,2,5.873915259110474,0.3291920204680799,False,db1ab3680dcfc2deb10e2511ec28b70b27966d5a436d724be48267bcbf200acf,0.07390220602974296
direct_neighbor_ridge,0,0,0,0,0,0,False,3,"[""NAD"", ""glycine"", ""proline""]",[],0,0,6,3,4,histidine,0,1,100.0,705,171,13,5,5.74606351574468,0.3834823875863205,False,32d2e2f547f707a9f12d899e65a934275c9f49020e10d214973126d05910ec9c,0.05462069693021476
direct_neighbor_ridge,0,0,0,0,0,0,False,3,"[""NAD"", ""glycine"", ""proline""]",[],0,0,6,3,4,histidine,0,2,100.0,700,176,13,5,5.773813457,0.3766527889621979,False,659dce4f66bf4ee0228513d024a4e287e9f1aa3957152332b1483ab0af67cb42,0.05239586904644966
direct_neighbor_ridge,0,0,0,0,0,0,False,3,"[""NAD"", ""glycine"", ""proline""]",[],0,0,6,3,4,histidine,0,3,100.0,702,174,13,5,5.75916735968661,0.38002427826007085,False,9492e163b6ef19b0563b1ce8302b8e8794e2e4c9c8031c62ff9774a3f63f6f58,0.0551966349594295
direct_neighbor_ridge,0,0,0,0,0,0,False,3,"[""NAD"", ""glycine"", ""proline""]",[],0,0,6,3,4,histidine,0,4,100.0,700,176,17,1,5.783386876285714,0.3699975084983585,False,cf9883e99ee1b956d01c2cb42a4d284b982ce23065d3616a5e1cced359e41fb5,0.05618754890747368
direct_neighbor_ridge,0,0,0,0,0,0,False,3,"[""NAD"", ""glycine"", ""proline""]",[],0,0,6,3,4,histidine,1,0,100.0,705,171,13,5,5.74606351574468,0.3834823875863205,False,32d2e2f547f707a9f12d899e65a934275c9f49020e10d214973126d05910ec9c,0.05478406394831836
direct_neighbor_ridge,0,0,0,0,0,0,False,3,"[""NAD"", ""glycine"", ""proline""]",[],0,0,6,3,4,histidine,1,1,100.0,700,176,17,1,5.783386876285714,0.3699975084983585,False,cf9883e99ee1b956d01c2cb42a4d284b982ce23065d3616a5e1cced359e41fb5,0.056630477076396346
direct_neighbor_ridge,0,0,0,0,0,0,False,3,"[""NAD"", ""glycine"", ""proline""]",[],0,0,6,3,4,histidine,1,2,100.0,697,179,16,2,5.873915259110474,0.3291920204680799,False,db1ab3680dcfc2deb10e2511ec28b70b27966d5a436d724be48267bcbf200acf,0.0538873509503901
direct_neighbor_ridge,0,0,0,0,0,0,False,3,"[""NAD"", ""glycine"", ""proline""]",[],0,0,6,3,4,histidine,1,3,100.0,700,176,13,5,5.773813457,0.3766527889621979,False,659dce4f66bf4ee0228513d024a4e287e9f1aa3957152332b1483ab0af67cb42,0.05402778694406152
direct_neighbor_ridge,0,0,0,0,0,0,False,3,"[""NAD"", ""glycine"", ""proline""]",[],0,0,6,3,4,histidine,1,4,100.0,702,174,13,5,5.75916735968661,0.38002427826007085,False,9492e163b6ef19b0563b1ce8302b8e8794e2e4c9c8031c62ff9774a3f63f6f58,0.053627074928954244
direct_neighbor_ridge,0,0,0,0,0,0,False,5,"[""GMP"", ""arginine"", ""citrulline"", ""isocitrate"", ""xanthine""]",[],0,0,10,5,6,homocysteine,0,0,100.0,697,179,16,2,5.966777393113342,0.42813016520146235,False,db1ab3680dcfc2deb10e2511ec28b70b27966d5a436d724be48267bcbf200acf,0.0589498660992831
direct_neighbor_ridge,0,0,0,0,0,0,False,5,"[""GMP"", ""arginine"", ""citrulline"", ""isocitrate"", ""xanthine""]",[],0,0,10,5,6,homocysteine,0,1,100.0,705,171,13,5,5.930638070921986,0.4218160003765535,False,32d2e2f547f707a9f12d899e65a934275c9f49020e10d214973126d05910ec9c,0.06263483897782862
direct_neighbor_ridge,0,0,0,0,0,0,False,5,"[""GMP"", ""arginine"", ""citrulline"", ""isocitrate"", ""xanthine""]",[],0,0,10,5,6,homocysteine,0,2,100.0,700,176,13,5,5.9298201530000005,0.4180998034350187,False,659dce4f66bf4ee0228513d024a4e287e9f1aa3957152332b1483ab0af67cb42,0.05664506019093096
direct_neighbor_ridge,0,0,0,0,0,0,False,5,"[""GMP"", ""arginine"", ""citrulline"", ""isocitrate"", ""xanthine""]",[],0,0,10,5,6,homocysteine,0,3,100.0,702,174,13,5,5.9377934,0.4372468572375198,False,9492e163b6ef19b0563b1ce8302b8e8794e2e4c9c8031c62ff9774a3f63f6f58,0.05740978103131056
direct_neighbor_ridge,0,0,0,0,0,0,False,5,"[""GMP"", ""arginine"", ""citrulline"", ""isocitrate"", ""xanthine""]",[],0,0,10,5,6,homocysteine,0,4,100.0,700,176,17,1,5.941327949571429,0.4304566272401467,False,cf9883e99ee1b956d01c2cb42a4d284b982ce23065d3616a5e1cced359e41fb5,0.056722549023106694
direct_neighbor_ridge,0,0,0,0,0,0,False,5,"[""GMP"", ""arginine"", ""citrulline"", ""isocitrate"", ""xanthine""]",[],0,0,10,5,6,homocysteine,1,0,100.0,705,171,13,5,5.930638070921986,0.4218160003765535,False,32d2e2f547f707a9f12d899e65a934275c9f49020e10d214973126d05910ec9c,0.08603795291855931
direct_neighbor_ridge,0,0,0,0,0,0,False,5,"[""GMP"", ""arginine"", ""citrulline"", ""isocitrate"", ""xanthine""]",[],0,0,10,5,6,homocysteine,1,1,100.0,700,176,17,1,5.941327949571429,0.4304566272401467,False,cf9883e99ee1b956d01c2cb42a4d284b982ce23065d3616a5e1cced359e41fb5,0.05296881101094186
direct_neighbor_ridge,0,0,0,0,0,0,False,5,"[""GMP"", ""arginine"", ""citrulline"", ""isocitrate"", ""xanthine""]",[],0,0,10,5,6,homocysteine,1,2,0.1,697,179,16,2,5.966777393113342,0.42813016520146235,False,db1ab3680dcfc2deb10e2511ec28b70b27966d5a436d724be48267bcbf200acf,0.07227000407874584
direct_neighbor_ridge,0,0,0,0,0,0,False,5,"[""GMP"", ""arginine"", ""citrulline"", ""isocitrate"", ""xanthine""]",[],0,0,10,5,6,homocysteine,1,3,100.0,700,176,13,5,5.9298201530000005,0.4180998034350187,False,659dce4f66bf4ee0228513d024a4e287e9f1aa3957152332b1483ab0af67cb42,0.07440213998779655
direct_neighbor_ridge,0,0,0,0,0,0,False,5,"[""GMP"", ""arginine"", ""citrulline"", ""isocitrate"", ""xanthine""]",[],0,0,10,5,6,homocysteine,1,4,100.0,702,174,13,5,5.9377934,0.4372468572375198,False,9492e163b6ef19b0563b1ce8302b8e8794e2e4c9c8031c62ff9774a3f63f6f58,0.0780723171774298
direct_neighbor_ridge,0,0,0,0,0,0,False,3,"[""adenine"", ""glutamate"", ""methionine""]",[],0,0,6,3,4,hypoxanthine,0,0,100.0,697,179,16,2,5.849323068723098,0.623036540019427,False,db1ab3680dcfc2deb10e2511ec28b70b27966d5a436d724be48267bcbf200acf,0.06122772512026131
direct_neighbor_ridge,0,0,0,0,0,0,False,3,"[""adenine"", ""glutamate"", ""methionine""]",[],0,0,6,3,4,hypoxanthine,0,1,100.0,705,171,13,5,5.959764552482269,0.6436309456644432,False,32d2e2f547f707a9f12d899e65a934275c9f49020e10d214973126d05910ec9c,0.07959078485146165
direct_neighbor_ridge,0,0,0,0,0,0,False,3,"[""adenine"", ""glutamate"", ""methionine""]",[],0,0,6,3,4,hypoxanthine,0,2,100.0,700,176,13,5,5.962295129857141,0.6325694182712881,False,659dce4f66bf4ee0228513d024a4e287e9f1aa3957152332b1483ab0af67cb42,0.04929623194038868
direct_neighbor_ridge,0,0,0,0,0,0,False,3,"[""adenine"", ""glutamate"", ""methionine""]",[],0,0,6,3,4,hypoxanthine,0,3,100.0,702,174,13,5,5.94913957094017,0.6410585826307021,False,9492e163b6ef19b0563b1ce8302b8e8794e2e4c9c8031c62ff9774a3f63f6f58,0.05049565387889743
direct_neighbor_ridge,0,0,0,0,0,0,False,3,"[""adenine"", ""glutamate"", ""methionine""]",[],0,0,6,3,4,hypoxanthine,0,4,100.0,700,176,17,1,5.912266724999999,0.6370004092718197,False,cf9883e99ee1b956d01c2cb42a4d284b982ce23065d3616a5e1cced359e41fb5,0.046677144011482596
direct_neighbor_ridge,0,0,0,0,0,0,False,3,"[""adenine"", ""glutamate"", ""methionine""]",[],0,0,6,3,4,hypoxanthine,1,0,100.0,705,171,13,5,5.959764552482269,0.6436309456644432,False,32d2e2f547f707a9f12d899e65a934275c9f49020e10d214973126d05910ec9c,0.04719057702459395
direct_neighbor_ridge,0,0,0,0,0,0,False,3,"[""adenine"", ""glutamate"", ""methionine""]",[],0,0,6,3,4,hypoxanthine,1,1,100.0,700,176,17,1,5.912266724999999,0.6370004092718197,False,cf9883e99ee1b956d01c2cb42a4d284b982ce23065d3616a5e1cced359e41fb5,0.05982427205890417
direct_neighbor_ridge,0,0,0,0,0,0,False,3,"[""adenine"", ""glutamate"", ""methionine""]",[],0,0,6,3,4,hypoxanthine,1,2,100.0,697,179,16,2,5.849323068723098,0.623036540019427,False,db1ab3680dcfc2deb10e2511ec28b70b27966d5a436d724be48267bcbf200acf,0.07025226089172065
direct_neighbor_ridge,0,0,0,0,0,0,False,3,"[""adenine"", ""glutamate"", ""methionine""]",[],0,0,6,3,4,hypoxanthine,1,3,100.0,700,176,13,5,5.962295129857141,0.6325694182712881,False,659dce4f66bf4ee0228513d024a4e287e9f1aa3957152332b1483ab0af67cb42,0.08758738893084228
direct_neighbor_ridge,0,0,0,0,0,0,False,3,"[""adenine"", ""glutamate"", ""methionine""]",[],0,0,6,3,4,hypoxanthine,1,4,100.0,702,174,13,5,5.94913957094017,0.6410585826307021,False,9492e163b6ef19b0563b1ce8302b8e8794e2e4c9c8031c62ff9774a3f63f6f58,0.059583326103165746
direct_neighbor_ridge,0,0,0,0,0,0,False,2,"[""phenylalanine"", ""sarcosine""]",[],0,0,4,2,3,inosine,0,0,0.1,697,179,16,2,5.938844414203731,0.33789854266326597,False,db1ab3680dcfc2deb10e2511ec28b70b27966d5a436d724be48267bcbf200acf,0.049841787898913026
direct_neighbor_ridge,0,0,0,0,0,0,False,2,"[""phenylalanine"", ""sarcosine""]",[],0,0,4,2,3,inosine,0,1,100.0,705,171,13,5,5.956673833900711,0.3555685434234304,False,32d2e2f547f707a9f12d899e65a934275c9f49020e10d214973126d05910ec9c,0.07263513212092221
direct_neighbor_ridge,0,0,0,0,0,0,False,2,"[""phenylalanine"", ""sarcosine""]",[],0,0,4,2,3,inosine,0,2,100.0,700,176,13,5,5.990979952571428,0.3427823190075909,False,659dce4f66bf4ee0228513d024a4e287e9f1aa3957152332b1483ab0af67cb42,0.056393421022221446
direct_neighbor_ridge,0,0,0,0,0,0,False,2,"[""phenylalanine"", ""sarcosine""]",[],0,0,4,2,3,inosine,0,3,100.0,702,174,13,5,5.955585952849004,0.353629138206935,False,9492e163b6ef19b0563b1ce8302b8e8794e2e4c9c8031c62ff9774a3f63f6f58,0.059293598867952824
direct_neighbor_ridge,0,0,0,0,0,0,False,2,"[""phenylalanine"", ""sarcosine""]",[],0,0,4,2,3,inosine,0,4,100.0,700,176,17,1,5.959558305571428,0.3363091904878781,False,cf9883e99ee1b956d01c2cb42a4d284b982ce23065d3616a5e1cced359e41fb5,0.05771945393644273
direct_neighbor_ridge,0,0,0,0,0,0,False,2,"[""phenylalanine"", ""sarcosine""]",[],0,0,4,2,3,inosine,1,0,100.0,705,171,13,5,5.956673833900711,0.3555685434234304,False,32d2e2f547f707a9f12d899e65a934275c9f49020e10d214973126d05910ec9c,0.054717668797820807
direct_neighbor_ridge,0,0,0,0,0,0,False,2,"[""phenylalanine"", ""sarcosine""]",[],0,0,4,2,3,inosine,1,1,100.0,700,176,17,1,5.959558305571428,0.3363091904878781,False,cf9883e99ee1b956d01c2cb42a4d284b982ce23065d3616a5e1cced359e41fb5,0.06193673680536449
direct_neighbor_ridge,0,0,0,0,0,0,False,2,"[""phenylalanine"", ""sarcosine""]",[],0,0,4,2,3,inosine,1,2,10.0,697,179,16,2,5.938844414203731,0.33789854266326597,False,db1ab3680dcfc2deb10e2511ec28b70b27966d5a436d724be48267bcbf200acf,0.06672403984703124
direct_neighbor_ridge,0,0,0,0,0,0,False,2,"[""phenylalanine"", ""sarcosine""]",[],0,0,4,2,3,inosine,1,3,100.0,700,176,13,5,5.990979952571428,0.3427823190075909,False,659dce4f66bf4ee0228513d024a4e287e9f1aa3957152332b1483ab0af67cb42,0.06352690700441599
direct_neighbor_ridge,0,0,0,0,0,0,False,2,"[""phenylalanine"", ""sarcosine""]",[],0,0,4,2,3,inosine,1,4,100.0,702,174,13,5,5.955585952849004,0.353629138206935,False,9492e163b6ef19b0563b1ce8302b8e8794e2e4c9c8031c62ff9774a3f63f6f58,0.05275098793208599
direct_neighbor_ridge,0,0,0,0,0,0,False,2,"[""GMP"", ""cytidine""]",[],0,0,4,2,3,inositol,0,0,0.1,697,179,16,2,5.888768051936872,0.3085624695175605,False,db1ab3680dcfc2deb10e2511ec28b70b27966d5a436d724be48267bcbf200acf,0.043309043161571026
direct_neighbor_ridge,0,0,0,0,0,0,False,2,"[""GMP"", ""cytidine""]",[],0,0,4,2,3,inositol,0,1,100.0,705,171,13,5,5.914651623971631,0.30612678425281226,False,32d2e2f547f707a9f12d899e65a934275c9f49020e10d214973126d05910ec9c,0.05576163297519088
direct_neighbor_ridge,0,0,0,0,0,0,False,2,"[""GMP"", ""cytidine""]",[],0,0,4,2,3,inositol,0,2,10.0,700,176,13,5,5.883116619857143,0.31208583026363,False,659dce4f66bf4ee0228513d024a4e287e9f1aa3957152332b1483ab0af67cb42,0.05288827698677778
direct_neighbor_ridge,0,0,0,0,0,0,False,2,"[""GMP"", ""cytidine""]",[],0,0,4,2,3,inositol,0,3,0.1,702,174,13,5,5.90932381937322,0.30743427904961906,False,9492e163b6ef19b0563b1ce8302b8e8794e2e4c9c8031c62ff9774a3f63f6f58,0.053481061942875385
direct_neighbor_ridge,0,0,0,0,0,0,False,2,"[""GMP"", ""cytidine""]",[],0,0,4,2,3,inositol,0,4,100.0,700,176,17,1,5.901945362571428,0.3203548605400837,False,cf9883e99ee1b956d01c2cb42a4d284b982ce23065d3616a5e1cced359e41fb5,0.05362427607178688
direct_neighbor_ridge,0,0,0,0,0,0,False,2,"[""GMP"", ""cytidine""]",[],0,0,4,2,3,inositol,1,0,100.0,705,171,13,5,5.914651623971631,0.30612678425281226,False,32d2e2f547f707a9f12d899e65a934275c9f49020e10d214973126d05910ec9c,0.04965896694920957
direct_neighbor_ridge,0,0,0,0,0,0,False,2,"[""GMP"", ""cytidine""]",[],0,0,4,2,3,inositol,1,1,10.0,700,176,17,1,5.901945362571428,0.3203548605400837,False,cf9883e99ee1b956d01c2cb42a4d284b982ce23065d3616a5e1cced359e41fb5,0.04828301095403731
direct_neighbor_ridge,0,0,0,0,0,0,False,2,"[""GMP"", ""cytidine""]",[],0,0,4,2,3,inositol,1,2,0.1,697,179,16,2,5.888768051936872,0.3085624695175605,False,db1ab3680dcfc2deb10e2511ec28b70b27966d5a436d724be48267bcbf200acf,0.049401982221752405
direct_neighbor_ridge,0,0,0,0,0,0,False,2,"[""GMP"", ""cytidine""]",[],0,0,4,2,3,inositol,1,3,100.0,700,176,13,5,5.883116619857143,0.31208583026363,False,659dce4f66bf4ee0228513d024a4e287e9f1aa3957152332b1483ab0af67cb42,0.048182110069319606
direct_neighbor_ridge,0,0,0,0,0,0,False,2,"[""GMP"", ""cytidine""]",[],0,0,4,2,3,inositol,1,4,0.1,702,174,13,5,5.90932381937322,0.30743427904961906,False,9492e163b6ef19b0563b1ce8302b8e8794e2e4c9c8031c62ff9774a3f63f6f58,0.04847661405801773
direct_neighbor_ridge,0,0,0,0,0,0,False,4,"[""AMP"", ""glutamate"", ""glutamine"", ""inositol""]",[],0,0,8,4,5,isocitrate,0,0,10.0,697,179,16,2,5.851803350502152,0.2874344660326567,False,db1ab3680dcfc2deb10e2511ec28b70b27966d5a436d724be48267bcbf200acf,0.0590990639757365
direct_neighbor_ridge,0,0,0,0,0,0,False,4,"[""AMP"", ""glutamate"", ""glutamine"", ""inositol""]",[],0,0,8,4,5,isocitrate,0,1,0.1,705,171,13,5,5.801671359148936,0.3220998150747993,False,32d2e2f547f707a9f12d899e65a934275c9f49020e10d214973126d05910ec9c,0.06311681703664362
direct_neighbor_ridge,0,0,0,0,0,0,False,4,"[""AMP"", ""glutamate"", ""glutamine"", ""inositol""]",[],0,0,8,4,5,isocitrate,0,2,100.0,700,176,13,5,5.819626022285714,0.3125991244461808,False,659dce4f66bf4ee0228513d024a4e287e9f1aa3957152332b1483ab0af67cb42,0.0708774239756167
direct_neighbor_ridge,0,0,0,0,0,0,False,4,"[""AMP"", ""glutamate"", ""glutamine"", ""inositol""]",[],0,0,8,4,5,isocitrate,0,3,0.1,702,174,13,5,5.813583703703704,0.31261532643959306,False,9492e163b6ef19b0563b1ce8302b8e8794e2e4c9c8031c62ff9774a3f63f6f58,0.06672317604534328
direct_neighbor_ridge,0,0,0,0,0,0,False,4,"[""AMP"", ""glutamate"", ""glutamine"", ""inositol""]",[],0,0,8,4,5,isocitrate,0,4,0.1,700,176,17,1,5.8259869698571425,0.3181488605265445,False,cf9883e99ee1b956d01c2cb42a4d284b982ce23065d3616a5e1cced359e41fb5,0.057162967044860125
direct_neighbor_ridge,0,0,0,0,0,0,False,4,"[""AMP"", ""glutamate"", ""glutamine"", ""inositol""]",[],0,0,8,4,5,isocitrate,1,0,0.1,705,171,13,5,5.801671359148936,0.3220998150747993,False,32d2e2f547f707a9f12d899e65a934275c9f49020e10d214973126d05910ec9c,0.06714836903847754
direct_neighbor_ridge,0,0,0,0,0,0,False,4,"[""AMP"", ""glutamate"", ""glutamine"", ""inositol""]",[],0,0,8,4,5,isocitrate,1,1,10.0,700,176,17,1,5.8259869698571425,0.3181488605265445,False,cf9883e99ee1b956d01c2cb42a4d284b982ce23065d3616a5e1cced359e41fb5,0.05837560701183975
direct_neighbor_ridge,0,0,0,0,0,0,False,4,"[""AMP"", ""glutamate"", ""glutamine"", ""inositol""]",[],0,0,8,4,5,isocitrate,1,2,10.0,697,179,16,2,5.851803350502152,0.2874344660326567,False,db1ab3680dcfc2deb10e2511ec28b70b27966d5a436d724be48267bcbf200acf,0.059441398130729795
direct_neighbor_ridge,0,0,0,0,0,0,False,4,"[""AMP"", ""glutamate"", ""glutamine"", ""inositol""]",[],0,0,8,4,5,isocitrate,1,3,100.0,700,176,13,5,5.819626022285714,0.3125991244461808,False,659dce4f66bf4ee0228513d024a4e287e9f1aa3957152332b1483ab0af67cb42,0.056056541157886386
direct_neighbor_ridge,0,0,0,0,0,0,False,4,"[""AMP"", ""glutamate"", ""glutamine"", ""inositol""]",[],0,0,8,4,5,isocitrate,1,4,0.1,702,174,13,5,5.813583703703704,0.31261532643959306,False,9492e163b6ef19b0563b1ce8302b8e8794e2e4c9c8031c62ff9774a3f63f6f58,0.053406815975904465
direct_neighbor_ridge,0,0,0,0,0,0,False,1,"[""NAD""]",[],0,0,2,1,2,isoleucine,0,0,100.0,697,179,16,2,5.817292354949784,0.35729730334085963,False,db1ab3680dcfc2deb10e2511ec28b70b27966d5a436d724be48267bcbf200acf,0.04728562291711569
direct_neighbor_ridge,0,0,0,0,0,0,False,1,"[""NAD""]",[],0,0,2,1,2,isoleucine,0,1,100.0,705,171,13,5,5.704429871063829,0.3843932156639209,False,32d2e2f547f707a9f12d899e65a934275c9f49020e10d214973126d05910ec9c,0.04742044094018638
direct_neighbor_ridge,0,0,0,0,0,0,False,1,"[""NAD""]",[],0,0,2,1,2,isoleucine,0,2,100.0,700,176,13,5,5.724266333285715,0.38201203949617024,False,659dce4f66bf4ee0228513d024a4e287e9f1aa3957152332b1483ab0af67cb42,0.0635982439853251
direct_neighbor_ridge,0,0,0,0,0,0,False,1,"[""NAD""]",[],0,0,2,1,2,isoleucine,0,3,100.0,702,174,13,5,5.717218183618233,0.3896156708274436,False,9492e163b6ef19b0563b1ce8302b8e8794e2e4c9c8031c62ff9774a3f63f6f58,0.060723163885995746
direct_neighbor_ridge,0,0,0,0,0,0,False,1,"[""NAD""]",[],0,0,2,1,2,isoleucine,0,4,100.0,700,176,17,1,5.740546115571429,0.36965045572416955,False,cf9883e99ee1b956d01c2cb42a4d284b982ce23065d3616a5e1cced359e41fb5,0.05306447786279023
direct_neighbor_ridge,0,0,0,0,0,0,False,1,"[""NAD""]",[],0,0,2,1,2,isoleucine,1,0,100.0,705,171,13,5,5.704429871063829,0.3843932156639209,False,32d2e2f547f707a9f12d899e65a934275c9f49020e10d214973126d05910ec9c,0.05218912195414305
direct_neighbor_ridge,0,0,0,0,0,0,False,1,"[""NAD""]",[],0,0,2,1,2,isoleucine,1,1,100.0,700,176,17,1,5.740546115571429,0.36965045572416955,False,cf9883e99ee1b956d01c2cb42a4d284b982ce23065d3616a5e1cced359e41fb5,0.05336092412471771
direct_neighbor_ridge,0,0,0,0,0,0,False,1,"[""NAD""]",[],0,0,2,1,2,isoleucine,1,2,100.0,697,179,16,2,5.817292354949784,0.35729730334085963,False,db1ab3680dcfc2deb10e2511ec28b70b27966d5a436d724be48267bcbf200acf,0.06061328109353781
direct_neighbor_ridge,0,0,0,0,0,0,False,1,"[""NAD""]",[],0,0,2,1,2,isoleucine,1,3,100.0,700,176,13,5,5.724266333285715,0.38201203949617024,False,659dce4f66bf4ee0228513d024a4e287e9f1aa3957152332b1483ab0af67cb42,0.057281284825876355
direct_neighbor_ridge,0,0,0,0,0,0,False,1,"[""NAD""]",[],0,0,2,1,2,isoleucine,1,4,100.0,702,174,13,5,5.717218183618233,0.3896156708274436,False,9492e163b6ef19b0563b1ce8302b8e8794e2e4c9c8031c62ff9774a3f63f6f58,0.0684616279322654
direct_neighbor_ridge,0,0,0,0,0,0,False,3,"[""AMP"", ""NAD"", ""aspartate""]",[],0,0,6,3,4,kynurenine,0,0,100.0,697,179,16,2,5.934133664705882,0.43781396467582306,False,db1ab3680dcfc2deb10e2511ec28b70b27966d5a436d724be48267bcbf200acf,0.05843580304645002
direct_neighbor_ridge,0,0,0,0,0,0,False,3,"[""AMP"", ""NAD"", ""aspartate""]",[],0,0,6,3,4,kynurenine,0,1,100.0,705,171,13,5,5.926552404964539,0.42337591229378796,False,32d2e2f547f707a9f12d899e65a934275c9f49020e10d214973126d05910ec9c,0.057466777972877026
direct_neighbor_ridge,0,0,0,0,0,0,False,3,"[""AMP"", ""NAD"", ""aspartate""]",[],0,0,6,3,4,kynurenine,0,2,100.0,700,176,13,5,5.9390966704285715,0.43616254118090847,False,659dce4f66bf4ee0228513d024a4e287e9f1aa3957152332b1483ab0af67cb42,0.057239793008193374
direct_neighbor_ridge,0,0,0,0,0,0,False,3,"[""AMP"", ""NAD"", ""aspartate""]",[],0,0,6,3,4,kynurenine,0,3,100.0,702,174,13,5,5.952286661396012,0.4239211231682899,False,9492e163b6ef19b0563b1ce8302b8e8794e2e4c9c8031c62ff9774a3f63f6f58,0.05527626699768007
direct_neighbor_ridge,0,0,0,0,0,0,False,3,"[""AMP"", ""NAD"", ""aspartate""]",[],0,0,6,3,4,kynurenine,0,4,100.0,700,176,17,1,5.939905379142859,0.44267273159479614,False,cf9883e99ee1b956d01c2cb42a4d284b982ce23065d3616a5e1cced359e41fb5,0.05658939108252525
direct_neighbor_ridge,0,0,0,0,0,0,False,3,"[""AMP"", ""NAD"", ""aspartate""]",[],0,0,6,3,4,kynurenine,1,0,100.0,705,171,13,5,5.926552404964539,0.42337591229378796,False,32d2e2f547f707a9f12d899e65a934275c9f49020e10d214973126d05910ec9c,0.047829241026192904
direct_neighbor_ridge,0,0,0,0,0,0,False,3,"[""AMP"", ""NAD"", ""aspartate""]",[],0,0,6,3,4,kynurenine,1,1,100.0,700,176,17,1,5.939905379142859,0.44267273159479614,False,cf9883e99ee1b956d01c2cb42a4d284b982ce23065d3616a5e1cced359e41fb5,0.05070682498626411
direct_neighbor_ridge,0,0,0,0,0,0,False,3,"[""AMP"", ""NAD"", ""aspartate""]",[],0,0,6,3,4,kynurenine,1,2,100.0,697,179,16,2,5.934133664705882,0.43781396467582306,False,db1ab3680dcfc2deb10e2511ec28b70b27966d5a436d724be48267bcbf200acf,0.04887040494941175
direct_neighbor_ridge,0,0,0,0,0,0,False,3,"[""AMP"", ""NAD"", ""aspartate""]",[],0,0,6,3,4,kynurenine,1,3,100.0,700,176,13,5,5.9390966704285715,0.43616254118090847,False,659dce4f66bf4ee0228513d024a4e287e9f1aa3957152332b1483ab0af67cb42,0.05660173203796148
direct_neighbor_ridge,0,0,0,0,0,0,False,3,"[""AMP"", ""NAD"", ""aspartate""]",[],0,0,6,3,4,kynurenine,1,4,100.0,702,174,13,5,5.952286661396012,0.4239211231682899,False,9492e163b6ef19b0563b1ce8302b8e8794e2e4c9c8031c62ff9774a3f63f6f58,0.05340117611922324
direct_neighbor_ridge,0,0,0,0,0,0,False,3,"[""AMP"", ""arginine"", ""beta-alanine""]",[],0,0,6,3,4,leucine,0,0,100.0,697,179,16,2,5.831542355954089,0.2951264468207581,False,db1ab3680dcfc2deb10e2511ec28b70b27966d5a436d724be48267bcbf200acf,0.05396021902561188
direct_neighbor_ridge,0,0,0,0,0,0,False,3,"[""AMP"", ""arginine"", ""beta-alanine""]",[],0,0,6,3,4,leucine,0,1,10.0,705,171,13,5,5.71278935716312,0.3461939858441402,False,32d2e2f547f707a9f12d899e65a934275c9f49020e10d214973126d05910ec9c,0.04179000109434128
direct_neighbor_ridge,0,0,0,0,0,0,False,3,"[""AMP"", ""arginine"", ""beta-alanine""]",[],0,0,6,3,4,leucine,0,2,10.0,700,176,13,5,5.738065795428572,0.3490973408490637,False,659dce4f66bf4ee0228513d024a4e287e9f1aa3957152332b1483ab0af67cb42,0.04320674599148333
direct_neighbor_ridge,0,0,0,0,0,0,False,3,"[""AMP"", ""arginine"", ""beta-alanine""]",[],0,0,6,3,4,leucine,0,3,10.0,702,174,13,5,5.729321187321937,0.341575517760423,False,9492e163b6ef19b0563b1ce8302b8e8794e2e4c9c8031c62ff9774a3f63f6f58,0.044748568907380104
direct_neighbor_ridge,0,0,0,0,0,0,False,3,"[""AMP"", ""arginine"", ""beta-alanine""]",[],0,0,6,3,4,leucine,0,4,0.1,700,176,17,1,5.747189129714286,0.3342929822214523,False,cf9883e99ee1b956d01c2cb42a4d284b982ce23065d3616a5e1cced359e41fb5,0.046157958917319775
direct_neighbor_ridge,0,0,0,0,0,0,False,3,"[""AMP"", ""arginine"", ""beta-alanine""]",[],0,0,6,3,4,leucine,1,0,10.0,705,171,13,5,5.71278935716312,0.3461939858441402,False,32d2e2f547f707a9f12d899e65a934275c9f49020e10d214973126d05910ec9c,0.04661036189645529
direct_neighbor_ridge,0,0,0,0,0,0,False,3,"[""AMP"", ""arginine"", ""beta-alanine""]",[],0,0,6,3,4,leucine,1,1,0.1,700,176,17,1,5.747189129714286,0.3342929822214523,False,cf9883e99ee1b956d01c2cb42a4d284b982ce23065d3616a5e1cced359e41fb5,0.04963109316304326
direct_neighbor_ridge,0,0,0,0,0,0,False,3,"[""AMP"", ""arginine"", ""beta-alanine""]",[],0,0,6,3,4,leucine,1,2,100.0,697,179,16,2,5.831542355954089,0.2951264468207581,False,db1ab3680dcfc2deb10e2511ec28b70b27966d5a436d724be48267bcbf200acf,0.06404113792814314
direct_neighbor_ridge,0,0,0,0,0,0,False,3,"[""AMP"", ""arginine"", ""beta-alanine""]",[],0,0,6,3,4,leucine,1,3,10.0,700,176,13,5,5.738065795428572,0.3490973408490637,False,659dce4f66bf4ee0228513d024a4e287e9f1aa3957152332b1483ab0af67cb42,0.05882837204262614
direct_neighbor_ridge,0,0,0,0,0,0,False,3,"[""AMP"", ""arginine"", ""beta-alanine""]",[],0,0,6,3,4,leucine,1,4,10.0,702,174,13,5,5.729321187321937,0.341575517760423,False,9492e163b6ef19b0563b1ce8302b8e8794e2e4c9c8031c62ff9774a3f63f6f58,0.05616370192728937
direct_neighbor_ridge,0,0,0,0,0,0,False,1,"[""NAD""]",[],0,0,2,1,2,lysine,0,0,100.0,697,179,16,2,5.934322607747489,0.4071035682376424,False,db1ab3680dcfc2deb10e2511ec28b70b27966d5a436d724be48267bcbf200acf,0.051546611823141575
direct_neighbor_ridge,0,0,0,0,0,0,False,1,"[""NAD""]",[],0,0,2,1,2,lysine,0,1,100.0,705,171,13,5,5.763875533617021,0.4753635421432698,False,32d2e2f547f707a9f12d899e65a934275c9f49020e10d214973126d05910ec9c,0.051140737952664495
direct_neighbor_ridge,0,0,0,0,0,0,False,1,"[""NAD""]",[],0,0,2,1,2,lysine,0,2,100.0,700,176,13,5,5.818256463428571,0.4878590191417011,False,659dce4f66bf4ee0228513d024a4e287e9f1aa3957152332b1483ab0af67cb42,0.05238683894276619
direct_neighbor_ridge,0,0,0,0,0,0,False,1,"[""NAD""]",[],0,0,2,1,2,lysine,0,3,100.0,702,174,13,5,5.772962760683761,0.4814261181271888,False,9492e163b6ef19b0563b1ce8302b8e8794e2e4c9c8031c62ff9774a3f63f6f58,0.05014721606858075
direct_neighbor_ridge,0,0,0,0,0,0,False,1,"[""NAD""]",[],0,0,2,1,2,lysine,0,4,100.0,700,176,17,1,5.809447613714285,0.47990437809288217,False,cf9883e99ee1b956d01c2cb42a4d284b982ce23065d3616a5e1cced359e41fb5,0.05462713586166501
direct_neighbor_ridge,0,0,0,0,0,0,False,1,"[""NAD""]",[],0,0,2,1,2,lysine,1,0,100.0,705,171,13,5,5.763875533617021,0.4753635421432698,False,32d2e2f547f707a9f12d899e65a934275c9f49020e10d214973126d05910ec9c,0.0528760829474777
direct_neighbor_ridge,0,0,0,0,0,0,False,1,"[""NAD""]",[],0,0,2,1,2,lysine,1,1,100.0,700,176,17,1,5.809447613714285,0.47990437809288217,False,cf9883e99ee1b956d01c2cb42a4d284b982ce23065d3616a5e1cced359e41fb5,0.05216859607025981
direct_neighbor_ridge,0,0,0,0,0,0,False,1,"[""NAD""]",[],0,0,2,1,2,lysine,1,2,100.0,697,179,16,2,5.934322607747489,0.4071035682376424,False,db1ab3680dcfc2deb10e2511ec28b70b27966d5a436d724be48267bcbf200acf,0.05095760407857597
direct_neighbor_ridge,0,0,0,0,0,0,False,1,"[""NAD""]",[],0,0,2,1,2,lysine,1,3,0.1,700,176,13,5,5.818256463428571,0.4878590191417011,False,659dce4f66bf4ee0228513d024a4e287e9f1aa3957152332b1483ab0af67cb42,0.05323621490970254
direct_neighbor_ridge,0,0,0,0,0,0,False,1,"[""NAD""]",[],0,0,2,1,2,lysine,1,4,100.0,702,174,13,5,5.772962760683761,0.4814261181271888,False,9492e163b6ef19b0563b1ce8302b8e8794e2e4c9c8031c62ff9774a3f63f6f58,0.052893332904204726
direct_neighbor_ridge,0,0,0,0,0,0,False,2,"[""AMP"", ""glutamate""]",[],0,0,4,2,3,malate,0,0,10.0,697,179,16,2,5.84539932697274,0.2374032760953075,False,db1ab3680dcfc2deb10e2511ec28b70b27966d5a436d724be48267bcbf200acf,0.049069589003920555
direct_neighbor_ridge,0,0,0,0,0,0,False,2,"[""AMP"", ""glutamate""]",[],0,0,4,2,3,malate,0,1,100.0,705,171,13,5,5.832756050070921,0.27493887360433295,False,32d2e2f547f707a9f12d899e65a934275c9f49020e10d214973126d05910ec9c,0.05238085286691785
direct_neighbor_ridge,0,0,0,0,0,0,False,2,"[""AMP"", ""glutamate""]",[],0,0,4,2,3,malate,0,2,100.0,700,176,13,5,5.831384746571429,0.2691691871484761,False,659dce4f66bf4ee0228513d024a4e287e9f1aa3957152332b1483ab0af67cb42,0.05381002416834235
direct_neighbor_ridge,0,0,0,0,0,0,False,2,"[""AMP"", ""glutamate""]",[],0,0,4,2,3,malate,0,3,100.0,702,174,13,5,5.846637076923078,0.260711235793023,False,9492e163b6ef19b0563b1ce8302b8e8794e2e4c9c8031c62ff9774a3f63f6f58,0.05633367691189051
direct_neighbor_ridge,0,0,0,0,0,0,False,2,"[""AMP"", ""glutamate""]",[],0,0,4,2,3,malate,0,4,100.0,700,176,17,1,5.840662609714286,0.2716781962373946,False,cf9883e99ee1b956d01c2cb42a4d284b982ce23065d3616a5e1cced359e41fb5,0.06951592396944761
direct_neighbor_ridge,0,0,0,0,0,0,False,2,"[""AMP"", ""glutamate""]",[],0,0,4,2,3,malate,1,0,100.0,705,171,13,5,5.832756050070921,0.27493887360433295,False,32d2e2f547f707a9f12d899e65a934275c9f49020e10d214973126d05910ec9c,0.049091766122728586
direct_neighbor_ridge,0,0,0,0,0,0,False,2,"[""AMP"", ""glutamate""]",[],0,0,4,2,3,malate,1,1,100.0,700,176,17,1,5.840662609714286,0.2716781962373946,False,cf9883e99ee1b956d01c2cb42a4d284b982ce23065d3616a5e1cced359e41fb5,0.06918440409936011
direct_neighbor_ridge,0,0,0,0,0,0,False,2,"[""AMP"", ""glutamate""]",[],0,0,4,2,3,malate,1,2,10.0,697,179,16,2,5.84539932697274,0.2374032760953075,False,db1ab3680dcfc2deb10e2511ec28b70b27966d5a436d724be48267bcbf200acf,0.059998312033712864
direct_neighbor_ridge,0,0,0,0,0,0,False,2,"[""AMP"", ""glutamate""]",[],0,0,4,2,3,malate,1,3,100.0,700,176,13,5,5.831384746571429,0.2691691871484761,False,659dce4f66bf4ee0228513d024a4e287e9f1aa3957152332b1483ab0af67cb42,0.05487686302512884
direct_neighbor_ridge,0,0,0,0,0,0,False,2,"[""AMP"", ""glutamate""]",[],0,0,4,2,3,malate,1,4,100.0,702,174,13,5,5.846637076923078,0.260711235793023,False,9492e163b6ef19b0563b1ce8302b8e8794e2e4c9c8031c62ff9774a3f63f6f58,0.053570079850032926
direct_neighbor_ridge,0,0,0,0,0,0,False,4,"[""AMP"", ""alanine"", ""citrulline"", ""ornithine""]",[],0,0,8,4,5,methionine,0,0,10.0,697,179,16,2,5.844706393113342,0.3516238559885935,False,db1ab3680dcfc2deb10e2511ec28b70b27966d5a436d724be48267bcbf200acf,0.054424209985882044
direct_neighbor_ridge,0,0,0,0,0,0,False,4,"[""AMP"", ""alanine"", ""citrulline"", ""ornithine""]",[],0,0,8,4,5,methionine,0,1,10.0,705,171,13,5,5.710732257446809,0.4029734963810446,False,32d2e2f547f707a9f12d899e65a934275c9f49020e10d214973126d05910ec9c,0.05071550793945789
direct_neighbor_ridge,0,0,0,0,0,0,False,4,"[""AMP"", ""alanine"", ""citrulline"", ""ornithine""]",[],0,0,8,4,5,methionine,0,2,0.1,700,176,13,5,5.740705925428571,0.3974252920124316,False,659dce4f66bf4ee0228513d024a4e287e9f1aa3957152332b1483ab0af67cb42,0.052356981206685305
direct_neighbor_ridge,0,0,0,0,0,0,False,4,"[""AMP"", ""alanine"", ""citrulline"", ""ornithine""]",[],0,0,8,4,5,methionine,0,3,0.1,702,174,13,5,5.726730337464388,0.3991828927493059,False,9492e163b6ef19b0563b1ce8302b8e8794e2e4c9c8031c62ff9774a3f63f6f58,0.05385606805793941
direct_neighbor_ridge,0,0,0,0,0,0,False,4,"[""AMP"", ""alanine"", ""citrulline"", ""ornithine""]",[],0,0,8,4,5,methionine,0,4,0.1,700,176,17,1,5.751831437428572,0.3837665333034442,False,cf9883e99ee1b956d01c2cb42a4d284b982ce23065d3616a5e1cced359e41fb5,0.05549910315312445
direct_neighbor_ridge,0,0,0,0,0,0,False,4,"[""AMP"", ""alanine"", ""citrulline"", ""ornithine""]",[],0,0,8,4,5,methionine,1,0,10.0,705,171,13,5,5.710732257446809,0.4029734963810446,False,32d2e2f547f707a9f12d899e65a934275c9f49020e10d214973126d05910ec9c,0.05401630490086973
direct_neighbor_ridge,0,0,0,0,0,0,False,4,"[""AMP"", ""alanine"", ""citrulline"", ""ornithine""]",[],0,0,8,4,5,methionine,1,1,0.1,700,176,17,1,5.751831437428572,0.3837665333034442,False,cf9883e99ee1b956d01c2cb42a4d284b982ce23065d3616a5e1cced359e41fb5,0.05452579795382917
direct_neighbor_ridge,0,0,0,0,0,0,False,4,"[""AMP"", ""alanine"", ""citrulline"", ""ornithine""]",[],0,0,8,4,5,methionine,1,2,10.0,697,179,16,2,5.844706393113342,0.3516238559885935,False,db1ab3680dcfc2deb10e2511ec28b70b27966d5a436d724be48267bcbf200acf,0.07066656998358667
direct_neighbor_ridge,0,0,0,0,0,0,False,4,"[""AMP"", ""alanine"", ""citrulline"", ""ornithine""]",[],0,0,8,4,5,methionine,1,3,10.0,700,176,13,5,5.740705925428571,0.3974252920124316,False,659dce4f66bf4ee0228513d024a4e287e9f1aa3957152332b1483ab0af67cb42,0.05417120712809265
direct_neighbor_ridge,0,0,0,0,0,0,False,4,"[""AMP"", ""alanine"", ""citrulline"", ""ornithine""]",[],0,0,8,4,5,methionine,1,4,0.1,702,174,13,5,5.726730337464388,0.3991828927493059,False,9492e163b6ef19b0563b1ce8302b8e8794e2e4c9c8031c62ff9774a3f63f6f58,0.05451994598843157
direct_neighbor_ridge,0,0,0,0,0,0,False,5,"[""NAD"", ""UMP"", ""beta-alanine"", ""thymidine"", ""xanthine""]",[],0,0,10,5,6,ornithine,0,0,100.0,697,179,16,2,5.901764725107604,0.37091255999449113,False,db1ab3680dcfc2deb10e2511ec28b70b27966d5a436d724be48267bcbf200acf,0.06530299107544124
direct_neighbor_ridge,0,0,0,0,0,0,False,5,"[""NAD"", ""UMP"", ""beta-alanine"", ""thymidine"", ""xanthine""]",[],0,0,10,5,6,ornithine,0,1,100.0,705,171,13,5,5.868419232765957,0.39189021898334747,False,32d2e2f547f707a9f12d899e65a934275c9f49020e10d214973126d05910ec9c,0.052100272849202156
direct_neighbor_ridge,0,0,0,0,0,0,False,5,"[""NAD"", ""UMP"", ""beta-alanine"", ""thymidine"", ""xanthine""]",[],0,0,10,5,6,ornithine,0,2,100.0,700,176,13,5,5.857476163,0.37685730093351216,False,659dce4f66bf4ee0228513d024a4e287e9f1aa3957152332b1483ab0af67cb42,0.05026498599909246
direct_neighbor_ridge,0,0,0,0,0,0,False,5,"[""NAD"", ""UMP"", ""beta-alanine"", ""thymidine"", ""xanthine""]",[],0,0,10,5,6,ornithine,0,3,100.0,702,174,13,5,5.870326695584046,0.38229349463561557,False,9492e163b6ef19b0563b1ce8302b8e8794e2e4c9c8031c62ff9774a3f63f6f58,0.054581153905019164
direct_neighbor_ridge,0,0,0,0,0,0,False,5,"[""NAD"", ""UMP"", ""beta-alanine"", ""thymidine"", ""xanthine""]",[],0,0,10,5,6,ornithine,0,4,100.0,700,176,17,1,5.861688638714287,0.3763700504060924,False,cf9883e99ee1b956d01c2cb42a4d284b982ce23065d3616a5e1cced359e41fb5,0.05165603500790894
direct_neighbor_ridge,0,0,0,0,0,0,False,5,"[""NAD"", ""UMP"", ""beta-alanine"", ""thymidine"", ""xanthine""]",[],0,0,10,5,6,ornithine,1,0,100.0,705,171,13,5,5.868419232765957,0.39189021898334747,False,32d2e2f547f707a9f12d899e65a934275c9f49020e10d214973126d05910ec9c,0.07143509993329644
direct_neighbor_ridge,0,0,0,0,0,0,False,5,"[""NAD"", ""UMP"", ""beta-alanine"", ""thymidine"", ""xanthine""]",[],0,0,10,5,6,ornithine,1,1,100.0,700,176,17,1,5.861688638714287,0.3763700504060924,False,cf9883e99ee1b956d01c2cb42a4d284b982ce23065d3616a5e1cced359e41fb5,0.05572565202601254
direct_neighbor_ridge,0,0,0,0,0,0,False,5,"[""NAD"", ""UMP"", ""beta-alanine"", ""thymidine"", ""xanthine""]",[],0,0,10,5,6,ornithine,1,2,10.0,697,179,16,2,5.901764725107604,0.37091255999449113,False,db1ab3680dcfc2deb10e2511ec28b70b27966d5a436d724be48267bcbf200acf,0.05554326996207237
direct_neighbor_ridge,0,0,0,0,0,0,False,5,"[""NAD"", ""UMP"", ""beta-alanine"", ""thymidine"", ""xanthine""]",[],0,0,10,5,6,ornithine,1,3,100.0,700,176,13,5,5.857476163,0.37685730093351216,False,659dce4f66bf4ee0228513d024a4e287e9f1aa3957152332b1483ab0af67cb42,0.05605465592816472
direct_neighbor_ridge,0,0,0,0,0,0,False,5,"[""NAD"", ""UMP"", ""beta-alanine"", ""thymidine"", ""xanthine""]",[],0,0,10,5,6,ornithine,1,4,100.0,702,174,13,5,5.870326695584046,0.38229349463561557,False,9492e163b6ef19b0563b1ce8302b8e8794e2e4c9c8031c62ff9774a3f63f6f58,0.06080111092887819
direct_neighbor_ridge,0,0,0,0,0,0,False,1,"[""glutamate""]",[],0,0,2,1,2,oxalate,0,0,100.0,697,179,16,2,5.8571481606886655,0.19123230688172624,False,db1ab3680dcfc2deb10e2511ec28b70b27966d5a436d724be48267bcbf200acf,0.05501898401416838
direct_neighbor_ridge,0,0,0,0,0,0,False,1,"[""glutamate""]",[],0,0,2,1,2,oxalate,0,1,100.0,705,171,13,5,5.943317970496454,0.24685378640027086,False,32d2e2f547f707a9f12d899e65a934275c9f49020e10d214973126d05910ec9c,0.04369269008748233
direct_neighbor_ridge,0,0,0,0,0,0,False,1,"[""glutamate""]",[],0,0,2,1,2,oxalate,0,2,100.0,700,176,13,5,5.94393518457143,0.24464424725957237,False,659dce4f66bf4ee0228513d024a4e287e9f1aa3957152332b1483ab0af67cb42,0.05414529819972813
direct_neighbor_ridge,0,0,0,0,0,0,False,1,"[""glutamate""]",[],0,0,2,1,2,oxalate,0,3,100.0,702,174,13,5,5.932151932336182,0.24734399059798892,False,9492e163b6ef19b0563b1ce8302b8e8794e2e4c9c8031c62ff9774a3f63f6f58,0.060016134986653924
direct_neighbor_ridge,0,0,0,0,0,0,False,1,"[""glutamate""]",[],0,0,2,1,2,oxalate,0,4,100.0,700,176,17,1,5.923174090142856,0.23355041846191812,False,cf9883e99ee1b956d01c2cb42a4d284b982ce23065d3616a5e1cced359e41fb5,0.04967591492459178
direct_neighbor_ridge,0,0,0,0,0,0,False,1,"[""glutamate""]",[],0,0,2,1,2,oxalate,1,0,100.0,705,171,13,5,5.943317970496454,0.24685378640027086,False,32d2e2f547f707a9f12d899e65a934275c9f49020e10d214973126d05910ec9c,0.050641801906749606
direct_neighbor_ridge,0,0,0,0,0,0,False,1,"[""glutamate""]",[],0,0,2,1,2,oxalate,1,1,100.0,700,176,17,1,5.923174090142856,0.23355041846191812,False,cf9883e99ee1b956d01c2cb42a4d284b982ce23065d3616a5e1cced359e41fb5,0.0420475450810045
direct_neighbor_ridge,0,0,0,0,0,0,False,1,"[""glutamate""]",[],0,0,2,1,2,oxalate,1,2,100.0,697,179,16,2,5.8571481606886655,0.19123230688172624,False,db1ab3680dcfc2deb10e2511ec28b70b27966d5a436d724be48267bcbf200acf,0.05244952091015875
direct_neighbor_ridge,0,0,0,0,0,0,False,1,"[""glutamate""]",[],0,0,2,1,2,oxalate,1,3,100.0,700,176,13,5,5.94393518457143,0.24464424725957237,False,659dce4f66bf4ee0228513d024a4e287e9f1aa3957152332b1483ab0af67cb42,0.05023304792121053
direct_neighbor_ridge,0,0,0,0,0,0,False,1,"[""glutamate""]",[],0,0,2,1,2,oxalate,1,4,100.0,702,174,13,5,5.932151932336182,0.24734399059798892,False,9492e163b6ef19b0563b1ce8302b8e8794e2e4c9c8031c62ff9774a3f63f6f58,0.05033803288824856
direct_neighbor_ridge,0,0,0,0,0,0,False,4,"[""NAD"", ""NADP"", ""glucuronate"", ""hypoxanthine""]",[],0,0,8,4,5,phenylalanine,0,0,100.0,697,179,16,2,5.936915044619799,0.38787707730618587,False,db1ab3680dcfc2deb10e2511ec28b70b27966d5a436d724be48267bcbf200acf,0.05296869995072484
direct_neighbor_ridge,0,0,0,0,0,0,False,4,"[""NAD"", ""NADP"", ""glucuronate"", ""hypoxanthine""]",[],0,0,8,4,5,phenylalanine,0,1,10.0,705,171,13,5,5.785095450496454,0.4305034051315013,False,32d2e2f547f707a9f12d899e65a934275c9f49020e10d214973126d05910ec9c,0.0523656290024519
direct_neighbor_ridge,0,0,0,0,0,0,False,4,"[""NAD"", ""NADP"", ""glucuronate"", ""hypoxanthine""]",[],0,0,8,4,5,phenylalanine,0,2,10.0,700,176,13,5,5.836019977714286,0.43676103299292846,False,659dce4f66bf4ee0228513d024a4e287e9f1aa3957152332b1483ab0af67cb42,0.056257271906360984
direct_neighbor_ridge,0,0,0,0,0,0,False,4,"[""NAD"", ""NADP"", ""glucuronate"", ""hypoxanthine""]",[],0,0,8,4,5,phenylalanine,0,3,0.1,702,174,13,5,5.804011151994302,0.4357928814395778,False,9492e163b6ef19b0563b1ce8302b8e8794e2e4c9c8031c62ff9774a3f63f6f58,0.05584401800297201
direct_neighbor_ridge,0,0,0,0,0,0,False,4,"[""NAD"", ""NADP"", ""glucuronate"", ""hypoxanthine""]",[],0,0,8,4,5,phenylalanine,0,4,100.0,700,176,17,1,5.839300081428571,0.43520662066993177,False,cf9883e99ee1b956d01c2cb42a4d284b982ce23065d3616a5e1cced359e41fb5,0.055929680122062564
direct_neighbor_ridge,0,0,0,0,0,0,False,4,"[""NAD"", ""NADP"", ""glucuronate"", ""hypoxanthine""]",[],0,0,8,4,5,phenylalanine,1,0,10.0,705,171,13,5,5.785095450496454,0.4305034051315013,False,32d2e2f547f707a9f12d899e65a934275c9f49020e10d214973126d05910ec9c,0.0538576589897275
direct_neighbor_ridge,0,0,0,0,0,0,False,4,"[""NAD"", ""NADP"", ""glucuronate"", ""hypoxanthine""]",[],0,0,8,4,5,phenylalanine,1,1,100.0,700,176,17,1,5.839300081428571,0.43520662066993177,False,cf9883e99ee1b956d01c2cb42a4d284b982ce23065d3616a5e1cced359e41fb5,0.053829455049708486
direct_neighbor_ridge,0,0,0,0,0,0,False,4,"[""NAD"", ""NADP"", ""glucuronate"", ""hypoxanthine""]",[],0,0,8,4,5,phenylalanine,1,2,100.0,697,179,16,2,5.936915044619799,0.38787707730618587,False,db1ab3680dcfc2deb10e2511ec28b70b27966d5a436d724be48267bcbf200acf,0.054356334963813424
direct_neighbor_ridge,0,0,0,0,0,0,False,4,"[""NAD"", ""NADP"", ""glucuronate"", ""hypoxanthine""]",[],0,0,8,4,5,phenylalanine,1,3,10.0,700,176,13,5,5.836019977714286,0.43676103299292846,False,659dce4f66bf4ee0228513d024a4e287e9f1aa3957152332b1483ab0af67cb42,0.055392149137333035
direct_neighbor_ridge,0,0,0,0,0,0,False,4,"[""NAD"", ""NADP"", ""glucuronate"", ""hypoxanthine""]",[],0,0,8,4,5,phenylalanine,1,4,10.0,702,174,13,5,5.804011151994302,0.4357928814395778,False,9492e163b6ef19b0563b1ce8302b8e8794e2e4c9c8031c62ff9774a3f63f6f58,0.05564325884915888
direct_neighbor_ridge,0,0,0,0,0,0,False,3,"[""AMP"", ""beta-alanine"", ""glutamate""]",[],0,0,6,3,4,proline,0,0,0.1,697,179,16,2,5.845378479196557,0.2597836119794736,False,db1ab3680dcfc2deb10e2511ec28b70b27966d5a436d724be48267bcbf200acf,0.05400188406929374
direct_neighbor_ridge,0,0,0,0,0,0,False,3,"[""AMP"", ""beta-alanine"", ""glutamate""]",[],0,0,6,3,4,proline,0,1,10.0,705,171,13,5,5.842336137872341,0.2589631265461561,False,32d2e2f547f707a9f12d899e65a934275c9f49020e10d214973126d05910ec9c,0.07797329709865153
direct_neighbor_ridge,0,0,0,0,0,0,False,3,"[""AMP"", ""beta-alanine"", ""glutamate""]",[],0,0,6,3,4,proline,0,2,0.1,700,176,13,5,5.830172965428571,0.2636424283030725,False,659dce4f66bf4ee0228513d024a4e287e9f1aa3957152332b1483ab0af67cb42,0.05807751487009227
direct_neighbor_ridge,0,0,0,0,0,0,False,3,"[""AMP"", ""beta-alanine"", ""glutamate""]",[],0,0,6,3,4,proline,0,3,0.1,702,174,13,5,5.858766810683761,0.2529611541886748,False,9492e163b6ef19b0563b1ce8302b8e8794e2e4c9c8031c62ff9774a3f63f6f58,0.0667142050806433
direct_neighbor_ridge,0,0,0,0,0,0,False,3,"[""AMP"", ""beta-alanine"", ""glutamate""]",[],0,0,6,3,4,proline,0,4,1.0,700,176,17,1,5.847336737571429,0.2643426691214404,False,cf9883e99ee1b956d01c2cb42a4d284b982ce23065d3616a5e1cced359e41fb5,0.09018682083114982
direct_neighbor_ridge,0,0,0,0,0,0,False,3,"[""AMP"", ""beta-alanine"", ""glutamate""]",[],0,0,6,3,4,proline,1,0,10.0,705,171,13,5,5.842336137872341,0.2589631265461561,False,32d2e2f547f707a9f12d899e65a934275c9f49020e10d214973126d05910ec9c,0.06738031096756458
direct_neighbor_ridge,0,0,0,0,0,0,False,3,"[""AMP"", ""beta-alanine"", ""glutamate""]",[],0,0,6,3,4,proline,1,1,1.0,700,176,17,1,5.847336737571429,0.2643426691214404,False,cf9883e99ee1b956d01c2cb42a4d284b982ce23065d3616a5e1cced359e41fb5,0.054768445901572704
direct_neighbor_ridge,0,0,0,0,0,0,False,3,"[""AMP"", ""beta-alanine"", ""glutamate""]",[],0,0,6,3,4,proline,1,2,0.1,697,179,16,2,5.845378479196557,0.2597836119794736,False,db1ab3680dcfc2deb10e2511ec28b70b27966d5a436d724be48267bcbf200acf,0.05412779585458338
direct_neighbor_ridge,0,0,0,0,0,0,False,3,"[""AMP"", ""beta-alanine"", ""glutamate""]",[],0,0,6,3,4,proline,1,3,0.1,700,176,13,5,5.830172965428571,0.2636424283030725,False,659dce4f66bf4ee0228513d024a4e287e9f1aa3957152332b1483ab0af67cb42,0.05479842401109636
direct_neighbor_ridge,0,0,0,0,0,0,False,3,"[""AMP"", ""beta-alanine"", ""glutamate""]",[],0,0,6,3,4,proline,1,4,0.1,702,174,13,5,5.858766810683761,0.2529611541886748,False,9492e163b6ef19b0563b1ce8302b8e8794e2e4c9c8031c62ff9774a3f63f6f58,0.054199050879105926
direct_neighbor_ridge,0,0,0,0,0,0,False,1,"[""CMP""]",[],0,0,2,1,2,putrescine,0,0,100.0,697,179,16,2,5.834476610903874,0.34981390103904925,False,db1ab3680dcfc2deb10e2511ec28b70b27966d5a436d724be48267bcbf200acf,0.05092925298959017
direct_neighbor_ridge,0,0,0,0,0,0,False,1,"[""CMP""]",[],0,0,2,1,2,putrescine,0,1,100.0,705,171,13,5,5.86676280468085,0.34453860408251974,False,32d2e2f547f707a9f12d899e65a934275c9f49020e10d214973126d05910ec9c,0.05083388090133667
direct_neighbor_ridge,0,0,0,0,0,0,False,1,"[""CMP""]",[],0,0,2,1,2,putrescine,0,2,100.0,700,176,13,5,5.834921169142857,0.3603584147236382,False,659dce4f66bf4ee0228513d024a4e287e9f1aa3957152332b1483ab0af67cb42,0.05140153109095991
direct_neighbor_ridge,0,0,0,0,0,0,False,1,"[""CMP""]",[],0,0,2,1,2,putrescine,0,3,100.0,702,174,13,5,5.858962787749288,0.360190081438807,False,9492e163b6ef19b0563b1ce8302b8e8794e2e4c9c8031c62ff9774a3f63f6f58,0.05779666011221707
direct_neighbor_ridge,0,0,0,0,0,0,False,1,"[""CMP""]",[],0,0,2,1,2,putrescine,0,4,100.0,700,176,17,1,5.842789945571428,0.34901274084762085,False,cf9883e99ee1b956d01c2cb42a4d284b982ce23065d3616a5e1cced359e41fb5,0.052560409996658564
direct_neighbor_ridge,0,0,0,0,0,0,False,1,"[""CMP""]",[],0,0,2,1,2,putrescine,1,0,100.0,705,171,13,5,5.86676280468085,0.34453860408251974,False,32d2e2f547f707a9f12d899e65a934275c9f49020e10d214973126d05910ec9c,0.0510971259791404
direct_neighbor_ridge,0,0,0,0,0,0,False,1,"[""CMP""]",[],0,0,2,1,2,putrescine,1,1,100.0,700,176,17,1,5.842789945571428,0.34901274084762085,False,cf9883e99ee1b956d01c2cb42a4d284b982ce23065d3616a5e1cced359e41fb5,0.05196003685705364
direct_neighbor_ridge,0,0,0,0,0,0,False,1,"[""CMP""]",[],0,0,2,1,2,putrescine,1,2,100.0,697,179,16,2,5.834476610903874,0.34981390103904925,False,db1ab3680dcfc2deb10e2511ec28b70b27966d5a436d724be48267bcbf200acf,0.05162620800547302
direct_neighbor_ridge,0,0,0,0,0,0,False,1,"[""CMP""]",[],0,0,2,1,2,putrescine,1,3,100.0,700,176,13,5,5.834921169142857,0.3603584147236382,False,659dce4f66bf4ee0228513d024a4e287e9f1aa3957152332b1483ab0af67cb42,0.05320451711304486
direct_neighbor_ridge,0,0,0,0,0,0,False,1,"[""CMP""]",[],0,0,2,1,2,putrescine,1,4,100.0,702,174,13,5,5.858962787749288,0.360190081438807,False,9492e163b6ef19b0563b1ce8302b8e8794e2e4c9c8031c62ff9774a3f63f6f58,0.05403862311504781
direct_neighbor_ridge,0,0,0,0,0,0,False,3,"[""NAD"", ""beta-alanine"", ""homocysteine""]",[],0,0,6,3,4,sarcosine,0,0,0.1,697,179,16,2,5.9369144758967005,0.2599483145796618,False,db1ab3680dcfc2deb10e2511ec28b70b27966d5a436d724be48267bcbf200acf,0.06126131792552769
direct_neighbor_ridge,0,0,0,0,0,0,False,3,"[""NAD"", ""beta-alanine"", ""homocysteine""]",[],0,0,6,3,4,sarcosine,0,1,100.0,705,171,13,5,5.9332476963120575,0.2541831682725793,False,32d2e2f547f707a9f12d899e65a934275c9f49020e10d214973126d05910ec9c,0.057324997149407864
direct_neighbor_ridge,0,0,0,0,0,0,False,3,"[""NAD"", ""beta-alanine"", ""homocysteine""]",[],0,0,6,3,4,sarcosine,0,2,10.0,700,176,13,5,5.912223672428571,0.24962732851458677,False,659dce4f66bf4ee0228513d024a4e287e9f1aa3957152332b1483ab0af67cb42,0.055605005007237196
direct_neighbor_ridge,0,0,0,0,0,0,False,3,"[""NAD"", ""beta-alanine"", ""homocysteine""]",[],0,0,6,3,4,sarcosine,0,3,10.0,702,174,13,5,5.933046833618233,0.2506930619362083,False,9492e163b6ef19b0563b1ce8302b8e8794e2e4c9c8031c62ff9774a3f63f6f58,0.05297168204560876
direct_neighbor_ridge,0,0,0,0,0,0,False,3,"[""NAD"", ""beta-alanine"", ""homocysteine""]",[],0,0,6,3,4,sarcosine,0,4,100.0,700,176,17,1,5.933609104142857,0.2533006462103011,False,cf9883e99ee1b956d01c2cb42a4d284b982ce23065d3616a5e1cced359e41fb5,0.04965920699760318
direct_neighbor_ridge,0,0,0,0,0,0,False,3,"[""NAD"", ""beta-alanine"", ""homocysteine""]",[],0,0,6,3,4,sarcosine,1,0,100.0,705,171,13,5,5.9332476963120575,0.2541831682725793,False,32d2e2f547f707a9f12d899e65a934275c9f49020e10d214973126d05910ec9c,0.050959374057129025
direct_neighbor_ridge,0,0,0,0,0,0,False,3,"[""NAD"", ""beta-alanine"", ""homocysteine""]",[],0,0,6,3,4,sarcosine,1,1,100.0,700,176,17,1,5.933609104142857,0.2533006462103011,False,cf9883e99ee1b956d01c2cb42a4d284b982ce23065d3616a5e1cced359e41fb5,0.050896625965833664
direct_neighbor_ridge,0,0,0,0,0,0,False,3,"[""NAD"", ""beta-alanine"", ""homocysteine""]",[],0,0,6,3,4,sarcosine,1,2,1.0,697,179,16,2,5.9369144758967005,0.2599483145796618,False,db1ab3680dcfc2deb10e2511ec28b70b27966d5a436d724be48267bcbf200acf,0.05134569900110364
direct_neighbor_ridge,0,0,0,0,0,0,False,3,"[""NAD"", ""beta-alanine"", ""homocysteine""]",[],0,0,6,3,4,sarcosine,1,3,10.0,700,176,13,5,5.912223672428571,0.24962732851458677,False,659dce4f66bf4ee0228513d024a4e287e9f1aa3957152332b1483ab0af67cb42,0.05131394602358341
direct_neighbor_ridge,0,0,0,0,0,0,False,3,"[""NAD"", ""beta-alanine"", ""homocysteine""]",[],0,0,6,3,4,sarcosine,1,4,10.0,702,174,13,5,5.933046833618233,0.2506930619362083,False,9492e163b6ef19b0563b1ce8302b8e8794e2e4c9c8031c62ff9774a3f63f6f58,0.05147694796323776
direct_neighbor_ridge,0,0,0,0,0,0,False,4,"[""GMP"", ""beta-alanine"", ""dimethylglycine"", ""thymine""]",[],0,0,8,4,5,serine,0,0,10.0,697,179,16,2,5.8674860375896705,0.40389784825569003,False,db1ab3680dcfc2deb10e2511ec28b70b27966d5a436d724be48267bcbf200acf,0.05319050280377269
direct_neighbor_ridge,0,0,0,0,0,0,False,4,"[""GMP"", ""beta-alanine"", ""dimethylglycine"", ""thymine""]",[],0,0,8,4,5,serine,0,1,10.0,705,171,13,5,5.829443674326242,0.40077940544884644,False,32d2e2f547f707a9f12d899e65a934275c9f49020e10d214973126d05910ec9c,0.054274053778499365
direct_neighbor_ridge,0,0,0,0,0,0,False,4,"[""GMP"", ""beta-alanine"", ""dimethylglycine"", ""thymine""]",[],0,0,8,4,5,serine,0,2,1.0,700,176,13,5,5.840584020857143,0.40234808993882604,False,659dce4f66bf4ee0228513d024a4e287e9f1aa3957152332b1483ab0af67cb42,0.055528545984998345
direct_neighbor_ridge,0,0,0,0,0,0,False,4,"[""GMP"", ""beta-alanine"", ""dimethylglycine"", ""thymine""]",[],0,0,8,4,5,serine,0,3,10.0,702,174,13,5,5.833095458831909,0.401278310400293,False,9492e163b6ef19b0563b1ce8302b8e8794e2e4c9c8031c62ff9774a3f63f6f58,0.052156326128169894
direct_neighbor_ridge,0,0,0,0,0,0,False,4,"[""GMP"", ""beta-alanine"", ""dimethylglycine"", ""thymine""]",[],0,0,8,4,5,serine,0,4,0.1,700,176,17,1,5.839002695285714,0.3967722698628182,False,cf9883e99ee1b956d01c2cb42a4d284b982ce23065d3616a5e1cced359e41fb5,0.052743764128535986
direct_neighbor_ridge,0,0,0,0,0,0,False,4,"[""GMP"", ""beta-alanine"", ""dimethylglycine"", ""thymine""]",[],0,0,8,4,5,serine,1,0,10.0,705,171,13,5,5.829443674326242,0.40077940544884644,False,32d2e2f547f707a9f12d899e65a934275c9f49020e10d214973126d05910ec9c,0.050779445096850395
direct_neighbor_ridge,0,0,0,0,0,0,False,4,"[""GMP"", ""beta-alanine"", ""dimethylglycine"", ""thymine""]",[],0,0,8,4,5,serine,1,1,0.1,700,176,17,1,5.839002695285714,0.3967722698628182,False,cf9883e99ee1b956d01c2cb42a4d284b982ce23065d3616a5e1cced359e41fb5,0.06634606001898646
direct_neighbor_ridge,0,0,0,0,0,0,False,4,"[""GMP"", ""beta-alanine"", ""dimethylglycine"", ""thymine""]",[],0,0,8,4,5,serine,1,2,1.0,697,179,16,2,5.8674860375896705,0.40389784825569003,False,db1ab3680dcfc2deb10e2511ec28b70b27966d5a436d724be48267bcbf200acf,0.05102643510326743
direct_neighbor_ridge,0,0,0,0,0,0,False,4,"[""GMP"", ""beta-alanine"", ""dimethylglycine"", ""thymine""]",[],0,0,8,4,5,serine,1,3,1.0,700,176,13,5,5.840584020857143,0.40234808993882604,False,659dce4f66bf4ee0228513d024a4e287e9f1aa3957152332b1483ab0af67cb42,0.052740626968443394
direct_neighbor_ridge,0,0,0,0,0,0,False,4,"[""GMP"", ""beta-alanine"", ""dimethylglycine"", ""thymine""]",[],0,0,8,4,5,serine,1,4,10.0,702,174,13,5,5.833095458831909,0.401278310400293,False,9492e163b6ef19b0563b1ce8302b8e8794e2e4c9c8031c62ff9774a3f63f6f58,0.0554988500662148
direct_neighbor_ridge,0,0,0,0,0,0,False,3,"[""NADP"", ""glutamate"", ""guanosine""]",[],0,0,6,3,4,taurine,0,0,100.0,697,179,16,2,5.794030961836442,0.41554377802074033,False,db1ab3680dcfc2deb10e2511ec28b70b27966d5a436d724be48267bcbf200acf,0.0705967741087079
direct_neighbor_ridge,0,0,0,0,0,0,False,3,"[""NADP"", ""glutamate"", ""guanosine""]",[],0,0,6,3,4,taurine,0,1,100.0,705,171,13,5,5.861509952340425,0.41422394247227196,False,32d2e2f547f707a9f12d899e65a934275c9f49020e10d214973126d05910ec9c,0.06520368717610836
direct_neighbor_ridge,0,0,0,0,0,0,False,3,"[""NADP"", ""glutamate"", ""guanosine""]",[],0,0,6,3,4,taurine,0,2,100.0,700,176,13,5,5.818380698285715,0.4283518066690608,False,659dce4f66bf4ee0228513d024a4e287e9f1aa3957152332b1483ab0af67cb42,0.06672340515069664
direct_neighbor_ridge,0,0,0,0,0,0,False,3,"[""NADP"", ""glutamate"", ""guanosine""]",[],0,0,6,3,4,taurine,0,3,100.0,702,174,13,5,5.834618115099715,0.4193170364031223,False,9492e163b6ef19b0563b1ce8302b8e8794e2e4c9c8031c62ff9774a3f63f6f58,0.07362746400758624
direct_neighbor_ridge,0,0,0,0,0,0,False,3,"[""NADP"", ""glutamate"", ""guanosine""]",[],0,0,6,3,4,taurine,0,4,100.0,700,176,17,1,5.827953608571429,0.4264426525650688,False,cf9883e99ee1b956d01c2cb42a4d284b982ce23065d3616a5e1cced359e41fb5,0.11133209802210331
direct_neighbor_ridge,0,0,0,0,0,0,False,3,"[""NADP"", ""glutamate"", ""guanosine""]",[],0,0,6,3,4,taurine,1,0,100.0,705,171,13,5,5.861509952340425,0.41422394247227196,False,32d2e2f547f707a9f12d899e65a934275c9f49020e10d214973126d05910ec9c,0.06626640795730054
direct_neighbor_ridge,0,0,0,0,0,0,False,3,"[""NADP"", ""glutamate"", ""guanosine""]",[],0,0,6,3,4,taurine,1,1,100.0,700,176,17,1,5.827953608571429,0.4264426525650688,False,cf9883e99ee1b956d01c2cb42a4d284b982ce23065d3616a5e1cced359e41fb5,0.056899002054706216
direct_neighbor_ridge,0,0,0,0,0,0,False,3,"[""NADP"", ""glutamate"", ""guanosine""]",[],0,0,6,3,4,taurine,1,2,100.0,697,179,16,2,5.794030961836442,0.41554377802074033,False,db1ab3680dcfc2deb10e2511ec28b70b27966d5a436d724be48267bcbf200acf,0.055328906048089266
direct_neighbor_ridge,0,0,0,0,0,0,False,3,"[""NADP"", ""glutamate"", ""guanosine""]",[],0,0,6,3,4,taurine,1,3,100.0,700,176,13,5,5.818380698285715,0.4283518066690608,False,659dce4f66bf4ee0228513d024a4e287e9f1aa3957152332b1483ab0af67cb42,0.05385721498169005
direct_neighbor_ridge,0,0,0,0,0,0,False,3,"[""NADP"", ""glutamate"", ""guanosine""]",[],0,0,6,3,4,taurine,1,4,100.0,702,174,13,5,5.834618115099715,0.4193170364031223,False,9492e163b6ef19b0563b1ce8302b8e8794e2e4c9c8031c62ff9774a3f63f6f58,0.056008185958489776
direct_neighbor_ridge,0,0,0,0,0,0,False,1,"[""carnosine""]",[],0,0,2,1,2,taurocholate,0,0,0.1,697,179,16,2,5.911435611764705,0.34414844738965594,False,db1ab3680dcfc2deb10e2511ec28b70b27966d5a436d724be48267bcbf200acf,0.05652725393883884
direct_neighbor_ridge,0,0,0,0,0,0,False,1,"[""carnosine""]",[],0,0,2,1,2,taurocholate,0,1,0.1,705,171,13,5,5.878043725106383,0.3820486809030721,False,32d2e2f547f707a9f12d899e65a934275c9f49020e10d214973126d05910ec9c,0.05199239798821509
direct_neighbor_ridge,0,0,0,0,0,0,False,1,"[""carnosine""]",[],0,0,2,1,2,taurocholate,0,2,100.0,700,176,13,5,5.887844617428572,0.374976441178634,False,659dce4f66bf4ee0228513d024a4e287e9f1aa3957152332b1483ab0af67cb42,0.0519248868804425
direct_neighbor_ridge,0,0,0,0,0,0,False,1,"[""carnosine""]",[],0,0,2,1,2,taurocholate,0,3,100.0,702,174,13,5,5.889667015669515,0.38335104763913297,False,9492e163b6ef19b0563b1ce8302b8e8794e2e4c9c8031c62ff9774a3f63f6f58,0.055673508904874325
direct_neighbor_ridge,0,0,0,0,0,0,False,1,"[""carnosine""]",[],0,0,2,1,2,taurocholate,0,4,100.0,700,176,17,1,5.9090318879999995,0.3790101357978578,False,cf9883e99ee1b956d01c2cb42a4d284b982ce23065d3616a5e1cced359e41fb5,0.05169008602388203
direct_neighbor_ridge,0,0,0,0,0,0,False,1,"[""carnosine""]",[],0,0,2,1,2,taurocholate,1,0,0.1,705,171,13,5,5.878043725106383,0.3820486809030721,False,32d2e2f547f707a9f12d899e65a934275c9f49020e10d214973126d05910ec9c,0.05122414790093899
direct_neighbor_ridge,0,0,0,0,0,0,False,1,"[""carnosine""]",[],0,0,2,1,2,taurocholate,1,1,100.0,700,176,17,1,5.9090318879999995,0.3790101357978578,False,cf9883e99ee1b956d01c2cb42a4d284b982ce23065d3616a5e1cced359e41fb5,0.06853442802093923
direct_neighbor_ridge,0,0,0,0,0,0,False,1,"[""carnosine""]",[],0,0,2,1,2,taurocholate,1,2,0.1,697,179,16,2,5.911435611764705,0.34414844738965594,False,db1ab3680dcfc2deb10e2511ec28b70b27966d5a436d724be48267bcbf200acf,0.059889578027650714
direct_neighbor_ridge,0,0,0,0,0,0,False,1,"[""carnosine""]",[],0,0,2,1,2,taurocholate,1,3,100.0,700,176,13,5,5.887844617428572,0.374976441178634,False,659dce4f66bf4ee0228513d024a4e287e9f1aa3957152332b1483ab0af67cb42,0.05232529481872916
direct_neighbor_ridge,0,0,0,0,0,0,False,1,"[""carnosine""]",[],0,0,2,1,2,taurocholate,1,4,0.1,702,174,13,5,5.889667015669515,0.38335104763913297,False,9492e163b6ef19b0563b1ce8302b8e8794e2e4c9c8031c62ff9774a3f63f6f58,0.04993027006275952
direct_neighbor_ridge,0,0,0,0,0,0,False,1,"[""leucine""]",[],0,0,2,1,2,thymidine,0,0,100.0,697,179,16,2,5.962375816929699,0.5300513139536057,False,db1ab3680dcfc2deb10e2511ec28b70b27966d5a436d724be48267bcbf200acf,0.05060325004160404
direct_neighbor_ridge,0,0,0,0,0,0,False,1,"[""leucine""]",[],0,0,2,1,2,thymidine,0,1,0.1,705,171,13,5,5.908778622553192,0.5600769326427631,False,32d2e2f547f707a9f12d899e65a934275c9f49020e10d214973126d05910ec9c,0.048722992883995175
direct_neighbor_ridge,0,0,0,0,0,0,False,1,"[""leucine""]",[],0,0,2,1,2,thymidine,0,2,0.1,700,176,13,5,5.909023223714285,0.557115820969454,False,659dce4f66bf4ee0228513d024a4e287e9f1aa3957152332b1483ab0af67cb42,0.04995934199541807
direct_neighbor_ridge,0,0,0,0,0,0,False,1,"[""leucine""]",[],0,0,2,1,2,thymidine,0,3,0.1,702,174,13,5,5.886195089173788,0.5399623589888455,False,9492e163b6ef19b0563b1ce8302b8e8794e2e4c9c8031c62ff9774a3f63f6f58,0.05043696891516447
direct_neighbor_ridge,0,0,0,0,0,0,False,1,"[""leucine""]",[],0,0,2,1,2,thymidine,0,4,100.0,700,176,17,1,5.899427595285714,0.5575419702739152,False,cf9883e99ee1b956d01c2cb42a4d284b982ce23065d3616a5e1cced359e41fb5,0.05050665000453591
direct_neighbor_ridge,0,0,0,0,0,0,False,1,"[""leucine""]",[],0,0,2,1,2,thymidine,1,0,0.1,705,171,13,5,5.908778622553192,0.5600769326427631,False,32d2e2f547f707a9f12d899e65a934275c9f49020e10d214973126d05910ec9c,0.04957017698325217
direct_neighbor_ridge,0,0,0,0,0,0,False,1,"[""leucine""]",[],0,0,2,1,2,thymidine,1,1,100.0,700,176,17,1,5.899427595285714,0.5575419702739152,False,cf9883e99ee1b956d01c2cb42a4d284b982ce23065d3616a5e1cced359e41fb5,0.048450227128341794
direct_neighbor_ridge,0,0,0,0,0,0,False,1,"[""leucine""]",[],0,0,2,1,2,thymidine,1,2,100.0,697,179,16,2,5.962375816929699,0.5300513139536057,False,db1ab3680dcfc2deb10e2511ec28b70b27966d5a436d724be48267bcbf200acf,0.051741240080446005
direct_neighbor_ridge,0,0,0,0,0,0,False,1,"[""leucine""]",[],0,0,2,1,2,thymidine,1,3,0.1,700,176,13,5,5.909023223714285,0.557115820969454,False,659dce4f66bf4ee0228513d024a4e287e9f1aa3957152332b1483ab0af67cb42,0.058231602190062404
direct_neighbor_ridge,0,0,0,0,0,0,False,1,"[""leucine""]",[],0,0,2,1,2,thymidine,1,4,100.0,702,174,13,5,5.886195089173788,0.5399623589888455,False,9492e163b6ef19b0563b1ce8302b8e8794e2e4c9c8031c62ff9774a3f63f6f58,0.052102549001574516
direct_neighbor_ridge,0,0,0,0,0,0,False,3,"[""AMP"", ""glutamate"", ""oxalate""]",[],0,0,6,3,4,thymine,0,0,100.0,697,179,16,2,5.970911329268292,0.3295812339804376,False,db1ab3680dcfc2deb10e2511ec28b70b27966d5a436d724be48267bcbf200acf,0.05311539187096059
direct_neighbor_ridge,0,0,0,0,0,0,False,3,"[""AMP"", ""glutamate"", ""oxalate""]",[],0,0,6,3,4,thymine,0,1,100.0,705,171,13,5,5.980005672765958,0.33619117341695987,False,32d2e2f547f707a9f12d899e65a934275c9f49020e10d214973126d05910ec9c,0.053377323085442185
direct_neighbor_ridge,0,0,0,0,0,0,False,3,"[""AMP"", ""glutamate"", ""oxalate""]",[],0,0,6,3,4,thymine,0,2,10.0,700,176,13,5,5.969867460571427,0.3276358116038228,False,659dce4f66bf4ee0228513d024a4e287e9f1aa3957152332b1483ab0af67cb42,0.04595741908997297
direct_neighbor_ridge,0,0,0,0,0,0,False,3,"[""AMP"", ""glutamate"", ""oxalate""]",[],0,0,6,3,4,thymine,0,3,100.0,702,174,13,5,5.9758683723646735,0.32288297218963347,False,9492e163b6ef19b0563b1ce8302b8e8794e2e4c9c8031c62ff9774a3f63f6f58,0.04503726516850293
direct_neighbor_ridge,0,0,0,0,0,0,False,3,"[""AMP"", ""glutamate"", ""oxalate""]",[],0,0,6,3,4,thymine,0,4,100.0,700,176,17,1,5.984653504571428,0.3365079394697031,False,cf9883e99ee1b956d01c2cb42a4d284b982ce23065d3616a5e1cced359e41fb5,0.049691339023411274
direct_neighbor_ridge,0,0,0,0,0,0,False,3,"[""AMP"", ""glutamate"", ""oxalate""]",[],0,0,6,3,4,thymine,1,0,100.0,705,171,13,5,5.980005672765958,0.33619117341695987,False,32d2e2f547f707a9f12d899e65a934275c9f49020e10d214973126d05910ec9c,0.06180083681829274
direct_neighbor_ridge,0,0,0,0,0,0,False,3,"[""AMP"", ""glutamate"", ""oxalate""]",[],0,0,6,3,4,thymine,1,1,100.0,700,176,17,1,5.984653504571428,0.3365079394697031,False,cf9883e99ee1b956d01c2cb42a4d284b982ce23065d3616a5e1cced359e41fb5,0.06184651399962604
direct_neighbor_ridge,0,0,0,0,0,0,False,3,"[""AMP"", ""glutamate"", ""oxalate""]",[],0,0,6,3,4,thymine,1,2,100.0,697,179,16,2,5.970911329268292,0.3295812339804376,False,db1ab3680dcfc2deb10e2511ec28b70b27966d5a436d724be48267bcbf200acf,0.05898651015013456
direct_neighbor_ridge,0,0,0,0,0,0,False,3,"[""AMP"", ""glutamate"", ""oxalate""]",[],0,0,6,3,4,thymine,1,3,10.0,700,176,13,5,5.969867460571427,0.3276358116038228,False,659dce4f66bf4ee0228513d024a4e287e9f1aa3957152332b1483ab0af67cb42,0.06061014602892101
direct_neighbor_ridge,0,0,0,0,0,0,False,3,"[""AMP"", ""glutamate"", ""oxalate""]",[],0,0,6,3,4,thymine,1,4,100.0,702,174,13,5,5.9758683723646735,0.32288297218963347,False,9492e163b6ef19b0563b1ce8302b8e8794e2e4c9c8031c62ff9774a3f63f6f58,0.061858233995735645
direct_neighbor_ridge,0,0,0,0,0,0,False,1,"[""NAD""]",[],0,0,2,1,2,thyroxine,0,0,100.0,697,179,16,2,5.855241731850789,0.22628691761232106,False,db1ab3680dcfc2deb10e2511ec28b70b27966d5a436d724be48267bcbf200acf,0.054420063039287925
direct_neighbor_ridge,0,0,0,0,0,0,False,1,"[""NAD""]",[],0,0,2,1,2,thyroxine,0,1,100.0,705,171,13,5,5.7866734052482265,0.25824962552561564,False,32d2e2f547f707a9f12d899e65a934275c9f49020e10d214973126d05910ec9c,0.04492288501933217
direct_neighbor_ridge,0,0,0,0,0,0,False,1,"[""NAD""]",[],0,0,2,1,2,thyroxine,0,2,100.0,700,176,13,5,5.796167202571429,0.25031687531324254,False,659dce4f66bf4ee0228513d024a4e287e9f1aa3957152332b1483ab0af67cb42,0.045423910953104496
direct_neighbor_ridge,0,0,0,0,0,0,False,1,"[""NAD""]",[],0,0,2,1,2,thyroxine,0,3,100.0,702,174,13,5,5.787326907122507,0.2531773542850331,False,9492e163b6ef19b0563b1ce8302b8e8794e2e4c9c8031c62ff9774a3f63f6f58,0.05398440104909241
direct_neighbor_ridge,0,0,0,0,0,0,False,1,"[""NAD""]",[],0,0,2,1,2,thyroxine,0,4,100.0,700,176,17,1,5.803289504,0.2563724684382436,False,cf9883e99ee1b956d01c2cb42a4d284b982ce23065d3616a5e1cced359e41fb5,0.05305551318451762
direct_neighbor_ridge,0,0,0,0,0,0,False,1,"[""NAD""]",[],0,0,2,1,2,thyroxine,1,0,100.0,705,171,13,5,5.7866734052482265,0.25824962552561564,False,32d2e2f547f707a9f12d899e65a934275c9f49020e10d214973126d05910ec9c,0.04819279699586332
direct_neighbor_ridge,0,0,0,0,0,0,False,1,"[""NAD""]",[],0,0,2,1,2,thyroxine,1,1,100.0,700,176,17,1,5.803289504,0.2563724684382436,False,cf9883e99ee1b956d01c2cb42a4d284b982ce23065d3616a5e1cced359e41fb5,0.04967158613726497
direct_neighbor_ridge,0,0,0,0,0,0,False,1,"[""NAD""]",[],0,0,2,1,2,thyroxine,1,2,100.0,697,179,16,2,5.855241731850789,0.22628691761232106,False,db1ab3680dcfc2deb10e2511ec28b70b27966d5a436d724be48267bcbf200acf,0.048754473915323615
direct_neighbor_ridge,0,0,0,0,0,0,False,1,"[""NAD""]",[],0,0,2,1,2,thyroxine,1,3,10.0,700,176,13,5,5.796167202571429,0.25031687531324254,False,659dce4f66bf4ee0228513d024a4e287e9f1aa3957152332b1483ab0af67cb42,0.050800024066120386
direct_neighbor_ridge,0,0,0,0,0,0,False,1,"[""NAD""]",[],0,0,2,1,2,thyroxine,1,4,100.0,702,174,13,5,5.787326907122507,0.2531773542850331,False,9492e163b6ef19b0563b1ce8302b8e8794e2e4c9c8031c62ff9774a3f63f6f58,0.05002169916406274
direct_neighbor_ridge,0,0,0,0,0,0,False,1,"[""NAD""]",[],0,0,2,1,2,trimethylamine-N-oxide,0,0,10.0,697,179,16,2,5.856797537302725,0.2547969015671801,False,db1ab3680dcfc2deb10e2511ec28b70b27966d5a436d724be48267bcbf200acf,0.0499516639392823
direct_neighbor_ridge,0,0,0,0,0,0,False,1,"[""NAD""]",[],0,0,2,1,2,trimethylamine-N-oxide,0,1,0.1,705,171,13,5,5.919379167092199,0.2899780925131509,False,32d2e2f547f707a9f12d899e65a934275c9f49020e10d214973126d05910ec9c,0.0496927669737488
direct_neighbor_ridge,0,0,0,0,0,0,False,1,"[""NAD""]",[],0,0,2,1,2,trimethylamine-N-oxide,0,2,0.1,700,176,13,5,5.927241334714285,0.2901267256784374,False,659dce4f66bf4ee0228513d024a4e287e9f1aa3957152332b1483ab0af67cb42,0.05174166802316904
direct_neighbor_ridge,0,0,0,0,0,0,False,1,"[""NAD""]",[],0,0,2,1,2,trimethylamine-N-oxide,0,3,0.1,702,174,13,5,5.907509206410257,0.2903992841751525,False,9492e163b6ef19b0563b1ce8302b8e8794e2e4c9c8031c62ff9774a3f63f6f58,0.04994069808162749
direct_neighbor_ridge,0,0,0,0,0,0,False,1,"[""NAD""]",[],0,0,2,1,2,trimethylamine-N-oxide,0,4,0.1,700,176,17,1,5.932823168142856,0.22097707794343013,False,cf9883e99ee1b956d01c2cb42a4d284b982ce23065d3616a5e1cced359e41fb5,0.06063274201005697
direct_neighbor_ridge,0,0,0,0,0,0,False,1,"[""NAD""]",[],0,0,2,1,2,trimethylamine-N-oxide,1,0,0.1,705,171,13,5,5.919379167092199,0.2899780925131509,False,32d2e2f547f707a9f12d899e65a934275c9f49020e10d214973126d05910ec9c,0.07950862613506615
direct_neighbor_ridge,0,0,0,0,0,0,False,1,"[""NAD""]",[],0,0,2,1,2,trimethylamine-N-oxide,1,1,0.1,700,176,17,1,5.932823168142856,0.22097707794343013,False,cf9883e99ee1b956d01c2cb42a4d284b982ce23065d3616a5e1cced359e41fb5,0.05765936314128339
direct_neighbor_ridge,0,0,0,0,0,0,False,1,"[""NAD""]",[],0,0,2,1,2,trimethylamine-N-oxide,1,2,10.0,697,179,16,2,5.856797537302725,0.2547969015671801,False,db1ab3680dcfc2deb10e2511ec28b70b27966d5a436d724be48267bcbf200acf,0.07358338683843613
direct_neighbor_ridge,0,0,0,0,0,0,False,1,"[""NAD""]",[],0,0,2,1,2,trimethylamine-N-oxide,1,3,10.0,700,176,13,5,5.927241334714285,0.2901267256784374,False,659dce4f66bf4ee0228513d024a4e287e9f1aa3957152332b1483ab0af67cb42,0.0722928459290415
direct_neighbor_ridge,0,0,0,0,0,0,False,1,"[""NAD""]",[],0,0,2,1,2,trimethylamine-N-oxide,1,4,0.1,702,174,13,5,5.907509206410257,0.2903992841751525,False,9492e163b6ef19b0563b1ce8302b8e8794e2e4c9c8031c62ff9774a3f63f6f58,0.0574907420668751
direct_neighbor_ridge,0,0,0,0,0,0,False,2,"[""AMP"", ""methionine""]",[],0,0,4,2,3,tyrosine,0,0,0.1,697,179,16,2,5.917222123959827,0.3722744418302163,False,db1ab3680dcfc2deb10e2511ec28b70b27966d5a436d724be48267bcbf200acf,0.05167578300461173
direct_neighbor_ridge,0,0,0,0,0,0,False,2,"[""AMP"", ""methionine""]",[],0,0,4,2,3,tyrosine,0,1,1.0,705,171,13,5,5.773517087092199,0.41759768808280395,False,32d2e2f547f707a9f12d899e65a934275c9f49020e10d214973126d05910ec9c,0.05242863995954394
direct_neighbor_ridge,0,0,0,0,0,0,False,2,"[""AMP"", ""methionine""]",[],0,0,4,2,3,tyrosine,0,2,0.1,700,176,13,5,5.814119894,0.4182054905141444,False,659dce4f66bf4ee0228513d024a4e287e9f1aa3957152332b1483ab0af67cb42,0.05486045707948506
direct_neighbor_ridge,0,0,0,0,0,0,False,2,"[""AMP"", ""methionine""]",[],0,0,4,2,3,tyrosine,0,3,0.1,702,174,13,5,5.791375897720797,0.4207102216982868,False,9492e163b6ef19b0563b1ce8302b8e8794e2e4c9c8031c62ff9774a3f63f6f58,0.05233606602996588
direct_neighbor_ridge,0,0,0,0,0,0,False,2,"[""AMP"", ""methionine""]",[],0,0,4,2,3,tyrosine,0,4,10.0,700,176,17,1,5.8235101828571425,0.4117771377078516,False,cf9883e99ee1b956d01c2cb42a4d284b982ce23065d3616a5e1cced359e41fb5,0.05009092413820326
direct_neighbor_ridge,0,0,0,0,0,0,False,2,"[""AMP"", ""methionine""]",[],0,0,4,2,3,tyrosine,1,0,1.0,705,171,13,5,5.773517087092199,0.41759768808280395,False,32d2e2f547f707a9f12d899e65a934275c9f49020e10d214973126d05910ec9c,0.05166168697178364
direct_neighbor_ridge,0,0,0,0,0,0,False,2,"[""AMP"", ""methionine""]",[],0,0,4,2,3,tyrosine,1,1,10.0,700,176,17,1,5.8235101828571425,0.4117771377078516,False,cf9883e99ee1b956d01c2cb42a4d284b982ce23065d3616a5e1cced359e41fb5,0.06856861896812916
direct_neighbor_ridge,0,0,0,0,0,0,False,2,"[""AMP"", ""methionine""]",[],0,0,4,2,3,tyrosine,1,2,0.1,697,179,16,2,5.917222123959827,0.3722744418302163,False,db1ab3680dcfc2deb10e2511ec28b70b27966d5a436d724be48267bcbf200acf,0.05940798716619611
direct_neighbor_ridge,0,0,0,0,0,0,False,2,"[""AMP"", ""methionine""]",[],0,0,4,2,3,tyrosine,1,3,0.1,700,176,13,5,5.814119894,0.4182054905141444,False,659dce4f66bf4ee0228513d024a4e287e9f1aa3957152332b1483ab0af67cb42,0.06408985797315836
direct_neighbor_ridge,0,0,0,0,0,0,False,2,"[""AMP"", ""methionine""]",[],0,0,4,2,3,tyrosine,1,4,0.1,702,174,13,5,5.791375897720797,0.4207102216982868,False,9492e163b6ef19b0563b1ce8302b8e8794e2e4c9c8031c62ff9774a3f63f6f58,0.059014055179432034
direct_neighbor_ridge,0,0,0,0,0,0,False,3,"[""NAD"", ""aspartate"", ""carnosine""]",[],0,0,6,3,4,uracil,0,0,100.0,697,179,16,2,5.845100508608321,0.3159661360177283,False,db1ab3680dcfc2deb10e2511ec28b70b27966d5a436d724be48267bcbf200acf,0.05720896110869944
direct_neighbor_ridge,0,0,0,0,0,0,False,3,"[""NAD"", ""aspartate"", ""carnosine""]",[],0,0,6,3,4,uracil,0,1,10.0,705,171,13,5,5.727848015744681,0.3774054832536749,False,32d2e2f547f707a9f12d899e65a934275c9f49020e10d214973126d05910ec9c,0.061085858149454
direct_neighbor_ridge,0,0,0,0,0,0,False,3,"[""NAD"", ""aspartate"", ""carnosine""]",[],0,0,6,3,4,uracil,0,2,10.0,700,176,13,5,5.735356466142857,0.3695420163498155,False,659dce4f66bf4ee0228513d024a4e287e9f1aa3957152332b1483ab0af67cb42,0.05730506684631109
direct_neighbor_ridge,0,0,0,0,0,0,False,3,"[""NAD"", ""aspartate"", ""carnosine""]",[],0,0,6,3,4,uracil,0,3,0.1,702,174,13,5,5.759301471225071,0.37150365774601596,False,9492e163b6ef19b0563b1ce8302b8e8794e2e4c9c8031c62ff9774a3f63f6f58,0.06801741989329457
direct_neighbor_ridge,0,0,0,0,0,0,False,3,"[""NAD"", ""aspartate"", ""carnosine""]",[],0,0,6,3,4,uracil,0,4,10.0,700,176,17,1,5.755836698428571,0.3648126906194723,False,cf9883e99ee1b956d01c2cb42a4d284b982ce23065d3616a5e1cced359e41fb5,0.04159912187606096
direct_neighbor_ridge,0,0,0,0,0,0,False,3,"[""NAD"", ""aspartate"", ""carnosine""]",[],0,0,6,3,4,uracil,1,0,10.0,705,171,13,5,5.727848015744681,0.3774054832536749,False,32d2e2f547f707a9f12d899e65a934275c9f49020e10d214973126d05910ec9c,0.08185198903083801
direct_neighbor_ridge,0,0,0,0,0,0,False,3,"[""NAD"", ""aspartate"", ""carnosine""]",[],0,0,6,3,4,uracil,1,1,10.0,700,176,17,1,5.755836698428571,0.3648126906194723,False,cf9883e99ee1b956d01c2cb42a4d284b982ce23065d3616a5e1cced359e41fb5,0.07898258999921381
direct_neighbor_ridge,0,0,0,0,0,0,False,3,"[""NAD"", ""aspartate"", ""carnosine""]",[],0,0,6,3,4,uracil,1,2,100.0,697,179,16,2,5.845100508608321,0.3159661360177283,False,db1ab3680dcfc2deb10e2511ec28b70b27966d5a436d724be48267bcbf200acf,0.11801037099212408
direct_neighbor_ridge,0,0,0,0,0,0,False,3,"[""NAD"", ""aspartate"", ""carnosine""]",[],0,0,6,3,4,uracil,1,3,100.0,700,176,13,5,5.735356466142857,0.3695420163498155,False,659dce4f66bf4ee0228513d024a4e287e9f1aa3957152332b1483ab0af67cb42,0.06240728194825351
direct_neighbor_ridge,0,0,0,0,0,0,False,3,"[""NAD"", ""aspartate"", ""carnosine""]",[],0,0,6,3,4,uracil,1,4,10.0,702,174,13,5,5.759301471225071,0.37150365774601596,False,9492e163b6ef19b0563b1ce8302b8e8794e2e4c9c8031c62ff9774a3f63f6f58,0.06660416792146862
direct_neighbor_ridge,0,0,0,0,0,0,False,2,"[""AMP"", ""methionine""]",[],0,0,4,2,3,urate,0,0,100.0,697,179,16,2,5.797735194404591,0.4578812329363871,False,db1ab3680dcfc2deb10e2511ec28b70b27966d5a436d724be48267bcbf200acf,0.09704729914665222
direct_neighbor_ridge,0,0,0,0,0,0,False,2,"[""AMP"", ""methionine""]",[],0,0,4,2,3,urate,0,1,100.0,705,171,13,5,5.702445728226951,0.4768405401686225,False,32d2e2f547f707a9f12d899e65a934275c9f49020e10d214973126d05910ec9c,0.06912249512970448
direct_neighbor_ridge,0,0,0,0,0,0,False,2,"[""AMP"", ""methionine""]",[],0,0,4,2,3,urate,0,2,100.0,700,176,13,5,5.725258205285715,0.4738774760521925,False,659dce4f66bf4ee0228513d024a4e287e9f1aa3957152332b1483ab0af67cb42,0.06964926607906818
direct_neighbor_ridge,0,0,0,0,0,0,False,2,"[""AMP"", ""methionine""]",[],0,0,4,2,3,urate,0,3,100.0,702,174,13,5,5.714262068091168,0.47434052084248074,False,9492e163b6ef19b0563b1ce8302b8e8794e2e4c9c8031c62ff9774a3f63f6f58,0.05520813795737922
direct_neighbor_ridge,0,0,0,0,0,0,False,2,"[""AMP"", ""methionine""]",[],0,0,4,2,3,urate,0,4,100.0,700,176,17,1,5.757721383428571,0.4403424910616518,False,cf9883e99ee1b956d01c2cb42a4d284b982ce23065d3616a5e1cced359e41fb5,0.05178886791691184
direct_neighbor_ridge,0,0,0,0,0,0,False,2,"[""AMP"", ""methionine""]",[],0,0,4,2,3,urate,1,0,100.0,705,171,13,5,5.702445728226951,0.4768405401686225,False,32d2e2f547f707a9f12d899e65a934275c9f49020e10d214973126d05910ec9c,0.10824348707683384
direct_neighbor_ridge,0,0,0,0,0,0,False,2,"[""AMP"", ""methionine""]",[],0,0,4,2,3,urate,1,1,100.0,700,176,17,1,5.757721383428571,0.4403424910616518,False,cf9883e99ee1b956d01c2cb42a4d284b982ce23065d3616a5e1cced359e41fb5,0.15341117908246815
direct_neighbor_ridge,0,0,0,0,0,0,False,2,"[""AMP"", ""methionine""]",[],0,0,4,2,3,urate,1,2,100.0,697,179,16,2,5.797735194404591,0.4578812329363871,False,db1ab3680dcfc2deb10e2511ec28b70b27966d5a436d724be48267bcbf200acf,0.0827751811593771
direct_neighbor_ridge,0,0,0,0,0,0,False,2,"[""AMP"", ""methionine""]",[],0,0,4,2,3,urate,1,3,100.0,700,176,13,5,5.725258205285715,0.4738774760521925,False,659dce4f66bf4ee0228513d024a4e287e9f1aa3957152332b1483ab0af67cb42,0.0555183959659189
direct_neighbor_ridge,0,0,0,0,0,0,False,2,"[""AMP"", ""methionine""]",[],0,0,4,2,3,urate,1,4,100.0,702,174,13,5,5.714262068091168,0.47434052084248074,False,9492e163b6ef19b0563b1ce8302b8e8794e2e4c9c8031c62ff9774a3f63f6f58,0.06571992090903223
direct_neighbor_ridge,0,0,0,0,0,0,False,3,"[""betaine"", ""choline"", ""tyrosine""]",[],0,0,6,3,4,uridine,0,0,100.0,697,179,16,2,5.8853204464849345,0.41578380381128677,False,db1ab3680dcfc2deb10e2511ec28b70b27966d5a436d724be48267bcbf200acf,0.053936320124194026
direct_neighbor_ridge,0,0,0,0,0,0,False,3,"[""betaine"", ""choline"", ""tyrosine""]",[],0,0,6,3,4,uridine,0,1,100.0,705,171,13,5,5.912085544539007,0.5282150813484331,False,32d2e2f547f707a9f12d899e65a934275c9f49020e10d214973126d05910ec9c,0.05839811102487147
direct_neighbor_ridge,0,0,0,0,0,0,False,3,"[""betaine"", ""choline"", ""tyrosine""]",[],0,0,6,3,4,uridine,0,2,100.0,700,176,13,5,5.909856147857143,0.5147179309281458,False,659dce4f66bf4ee0228513d024a4e287e9f1aa3957152332b1483ab0af67cb42,0.05848198593594134
direct_neighbor_ridge,0,0,0,0,0,0,False,3,"[""betaine"", ""choline"", ""tyrosine""]",[],0,0,6,3,4,uridine,0,3,100.0,702,174,13,5,5.934038315811966,0.5230206325839802,False,9492e163b6ef19b0563b1ce8302b8e8794e2e4c9c8031c62ff9774a3f63f6f58,0.06907599396072328
direct_neighbor_ridge,0,0,0,0,0,0,False,3,"[""betaine"", ""choline"", ""tyrosine""]",[],0,0,6,3,4,uridine,0,4,100.0,700,176,17,1,5.898471694142857,0.5131303828795306,False,cf9883e99ee1b956d01c2cb42a4d284b982ce23065d3616a5e1cced359e41fb5,0.05679107503965497
direct_neighbor_ridge,0,0,0,0,0,0,False,3,"[""betaine"", ""choline"", ""tyrosine""]",[],0,0,6,3,4,uridine,1,0,100.0,705,171,13,5,5.912085544539007,0.5282150813484331,False,32d2e2f547f707a9f12d899e65a934275c9f49020e10d214973126d05910ec9c,0.06208532489836216
direct_neighbor_ridge,0,0,0,0,0,0,False,3,"[""betaine"", ""choline"", ""tyrosine""]",[],0,0,6,3,4,uridine,1,1,100.0,700,176,17,1,5.898471694142857,0.5131303828795306,False,cf9883e99ee1b956d01c2cb42a4d284b982ce23065d3616a5e1cced359e41fb5,0.07864795112982392
direct_neighbor_ridge,0,0,0,0,0,0,False,3,"[""betaine"", ""choline"", ""tyrosine""]",[],0,0,6,3,4,uridine,1,2,100.0,697,179,16,2,5.8853204464849345,0.41578380381128677,False,db1ab3680dcfc2deb10e2511ec28b70b27966d5a436d724be48267bcbf200acf,0.05355873401276767
direct_neighbor_ridge,0,0,0,0,0,0,False,3,"[""betaine"", ""choline"", ""tyrosine""]",[],0,0,6,3,4,uridine,1,3,100.0,700,176,13,5,5.909856147857143,0.5147179309281458,False,659dce4f66bf4ee0228513d024a4e287e9f1aa3957152332b1483ab0af67cb42,0.0696407170034945
direct_neighbor_ridge,0,0,0,0,0,0,False,3,"[""betaine"", ""choline"", ""tyrosine""]",[],0,0,6,3,4,uridine,1,4,100.0,702,174,13,5,5.934038315811966,0.5230206325839802,False,9492e163b6ef19b0563b1ce8302b8e8794e2e4c9c8031c62ff9774a3f63f6f58,0.06468495610170066
direct_neighbor_ridge,0,0,0,0,0,0,False,1,"[""AMP""]",[],0,0,2,1,2,valine,0,0,0.1,697,179,16,2,5.952121997417504,0.36407681708229,False,db1ab3680dcfc2deb10e2511ec28b70b27966d5a436d724be48267bcbf200acf,0.05252560810185969
direct_neighbor_ridge,0,0,0,0,0,0,False,1,"[""AMP""]",[],0,0,2,1,2,valine,0,1,0.1,705,171,13,5,5.8379196573049645,0.3773248284035181,False,32d2e2f547f707a9f12d899e65a934275c9f49020e10d214973126d05910ec9c,0.053468963131308556
direct_neighbor_ridge,0,0,0,0,0,0,False,1,"[""AMP""]",[],0,0,2,1,2,valine,0,2,0.1,700,176,13,5,5.8849640270000005,0.3945943885573533,False,659dce4f66bf4ee0228513d024a4e287e9f1aa3957152332b1483ab0af67cb42,0.0564158889465034
direct_neighbor_ridge,0,0,0,0,0,0,False,1,"[""AMP""]",[],0,0,2,1,2,valine,0,3,0.1,702,174,13,5,5.848345252849003,0.390876603874631,False,9492e163b6ef19b0563b1ce8302b8e8794e2e4c9c8031c62ff9774a3f63f6f58,0.050591840874403715
direct_neighbor_ridge,0,0,0,0,0,0,False,1,"[""AMP""]",[],0,0,2,1,2,valine,0,4,0.1,700,176,17,1,5.877318387142858,0.3902412272704989,False,cf9883e99ee1b956d01c2cb42a4d284b982ce23065d3616a5e1cced359e41fb5,0.05407954612746835
direct_neighbor_ridge,0,0,0,0,0,0,False,1,"[""AMP""]",[],0,0,2,1,2,valine,1,0,0.1,705,171,13,5,5.8379196573049645,0.3773248284035181,False,32d2e2f547f707a9f12d899e65a934275c9f49020e10d214973126d05910ec9c,0.0607970638666302
direct_neighbor_ridge,0,0,0,0,0,0,False,1,"[""AMP""]",[],0,0,2,1,2,valine,1,1,0.1,700,176,17,1,5.877318387142858,0.3902412272704989,False,cf9883e99ee1b956d01c2cb42a4d284b982ce23065d3616a5e1cced359e41fb5,0.04979141498915851
direct_neighbor_ridge,0,0,0,0,0,0,False,1,"[""AMP""]",[],0,0,2,1,2,valine,1,2,0.1,697,179,16,2,5.952121997417504,0.36407681708229,False,db1ab3680dcfc2deb10e2511ec28b70b27966d5a436d724be48267bcbf200acf,0.050841776886954904
direct_neighbor_ridge,0,0,0,0,0,0,False,1,"[""AMP""]",[],0,0,2,1,2,valine,1,3,0.1,700,176,13,5,5.8849640270000005,0.3945943885573533,False,659dce4f66bf4ee0228513d024a4e287e9f1aa3957152332b1483ab0af67cb42,0.06771489093080163
direct_neighbor_ridge,0,0,0,0,0,0,False,1,"[""AMP""]",[],0,0,2,1,2,valine,1,4,0.1,702,174,13,5,5.848345252849003,0.390876603874631,False,9492e163b6ef19b0563b1ce8302b8e8794e2e4c9c8031c62ff9774a3f63f6f58,0.05795656377449632
direct_neighbor_ridge,0,0,0,0,0,0,False,4,"[""aconitate"", ""glutamate"", ""thyroxine"", ""uracil""]",[],0,0,8,4,5,xanthine,0,0,100.0,697,179,16,2,5.8261626595408895,0.3226517288205138,False,db1ab3680dcfc2deb10e2511ec28b70b27966d5a436d724be48267bcbf200acf,0.05638720607385039
direct_neighbor_ridge,0,0,0,0,0,0,False,4,"[""aconitate"", ""glutamate"", ""thyroxine"", ""uracil""]",[],0,0,8,4,5,xanthine,0,1,0.1,705,171,13,5,5.668218426241134,0.44533618503026734,False,32d2e2f547f707a9f12d899e65a934275c9f49020e10d214973126d05910ec9c,0.06286261696368456
direct_neighbor_ridge,0,0,0,0,0,0,False,4,"[""aconitate"", ""glutamate"", ""thyroxine"", ""uracil""]",[],0,0,8,4,5,xanthine,0,2,0.1,700,176,13,5,5.675177004,0.4388265188264273,False,659dce4f66bf4ee0228513d024a4e287e9f1aa3957152332b1483ab0af67cb42,0.05293563404120505
direct_neighbor_ridge,0,0,0,0,0,0,False,4,"[""aconitate"", ""glutamate"", ""thyroxine"", ""uracil""]",[],0,0,8,4,5,xanthine,0,3,0.1,702,174,13,5,5.677283422934472,0.4355980429993409,False,9492e163b6ef19b0563b1ce8302b8e8794e2e4c9c8031c62ff9774a3f63f6f58,0.0550668491050601
direct_neighbor_ridge,0,0,0,0,0,0,False,4,"[""aconitate"", ""glutamate"", ""thyroxine"", ""uracil""]",[],0,0,8,4,5,xanthine,0,4,0.1,700,176,17,1,5.702935143571429,0.4239551919699778,False,cf9883e99ee1b956d01c2cb42a4d284b982ce23065d3616a5e1cced359e41fb5,0.06162395398132503
direct_neighbor_ridge,0,0,0,0,0,0,False,4,"[""aconitate"", ""glutamate"", ""thyroxine"", ""uracil""]",[],0,0,8,4,5,xanthine,1,0,0.1,705,171,13,5,5.668218426241134,0.44533618503026734,False,32d2e2f547f707a9f12d899e65a934275c9f49020e10d214973126d05910ec9c,0.06365416198968887
direct_neighbor_ridge,0,0,0,0,0,0,False,4,"[""aconitate"", ""glutamate"", ""thyroxine"", ""uracil""]",[],0,0,8,4,5,xanthine,1,1,0.1,700,176,17,1,5.702935143571429,0.4239551919699778,False,cf9883e99ee1b956d01c2cb42a4d284b982ce23065d3616a5e1cced359e41fb5,0.0604786928743124
direct_neighbor_ridge,0,0,0,0,0,0,False,4,"[""aconitate"", ""glutamate"", ""thyroxine"", ""uracil""]",[],0,0,8,4,5,xanthine,1,2,100.0,697,179,16,2,5.8261626595408895,0.3226517288205138,False,db1ab3680dcfc2deb10e2511ec28b70b27966d5a436d724be48267bcbf200acf,0.06463296990841627
direct_neighbor_ridge,0,0,0,0,0,0,False,4,"[""aconitate"", ""glutamate"", ""thyroxine"", ""uracil""]",[],0,0,8,4,5,xanthine,1,3,0.1,700,176,13,5,5.675177004,0.4388265188264273,False,659dce4f66bf4ee0228513d024a4e287e9f1aa3957152332b1483ab0af67cb42,0.05471298098564148
direct_neighbor_ridge,0,0,0,0,0,0,False,4,"[""aconitate"", ""glutamate"", ""thyroxine"", ""uracil""]",[],0,0,8,4,5,xanthine,1,4,0.1,702,174,13,5,5.677283422934472,0.4355980429993409,False,9492e163b6ef19b0563b1ce8302b8e8794e2e4c9c8031c62ff9774a3f63f6f58,0.061341086868196726
direct_neighbor_ridge,0,0,0,0,0,0,False,1,"[""adenosine""]",[],0,0,2,1,2,xanthosine,0,0,100.0,697,179,16,2,5.868730441750358,0.23648420012118596,False,db1ab3680dcfc2deb10e2511ec28b70b27966d5a436d724be48267bcbf200acf,0.04216769500635564
direct_neighbor_ridge,0,0,0,0,0,0,False,1,"[""adenosine""]",[],0,0,2,1,2,xanthosine,0,1,100.0,705,171,13,5,5.809038896737588,0.28486213680139005,False,32d2e2f547f707a9f12d899e65a934275c9f49020e10d214973126d05910ec9c,0.039931247010827065
direct_neighbor_ridge,0,0,0,0,0,0,False,1,"[""adenosine""]",[],0,0,2,1,2,xanthosine,0,2,100.0,700,176,13,5,5.8054182618571435,0.2760639029596894,False,659dce4f66bf4ee0228513d024a4e287e9f1aa3957152332b1483ab0af67cb42,0.05077057587914169
direct_neighbor_ridge,0,0,0,0,0,0,False,1,"[""adenosine""]",[],0,0,2,1,2,xanthosine,0,3,100.0,702,174,13,5,5.81375750071225,0.26668885124187874,False,9492e163b6ef19b0563b1ce8302b8e8794e2e4c9c8031c62ff9774a3f63f6f58,0.036576657090336084
direct_neighbor_ridge,0,0,0,0,0,0,False,1,"[""adenosine""]",[],0,0,2,1,2,xanthosine,0,4,100.0,700,176,17,1,5.830317585,0.2650109615358276,False,cf9883e99ee1b956d01c2cb42a4d284b982ce23065d3616a5e1cced359e41fb5,0.03873867099173367
direct_neighbor_ridge,0,0,0,0,0,0,False,1,"[""adenosine""]",[],0,0,2,1,2,xanthosine,1,0,100.0,705,171,13,5,5.809038896737588,0.28486213680139005,False,32d2e2f547f707a9f12d899e65a934275c9f49020e10d214973126d05910ec9c,0.04462147201411426
direct_neighbor_ridge,0,0,0,0,0,0,False,1,"[""adenosine""]",[],0,0,2,1,2,xanthosine,1,1,100.0,700,176,17,1,5.830317585,0.2650109615358276,False,cf9883e99ee1b956d01c2cb42a4d284b982ce23065d3616a5e1cced359e41fb5,0.03755006589926779
direct_neighbor_ridge,0,0,0,0,0,0,False,1,"[""adenosine""]",[],0,0,2,1,2,xanthosine,1,2,100.0,697,179,16,2,5.868730441750358,0.23648420012118596,False,db1ab3680dcfc2deb10e2511ec28b70b27966d5a436d724be48267bcbf200acf,0.06044235685840249
direct_neighbor_ridge,0,0,0,0,0,0,False,1,"[""adenosine""]",[],0,0,2,1,2,xanthosine,1,3,100.0,700,176,13,5,5.8054182618571435,0.2760639029596894,False,659dce4f66bf4ee0228513d024a4e287e9f1aa3957152332b1483ab0af67cb42,0.055689399829134345
direct_neighbor_ridge,0,0,0,0,0,0,False,1,"[""adenosine""]",[],0,0,2,1,2,xanthosine,1,4,100.0,702,174,13,5,5.81375750071225,0.26668885124187874,False,9492e163b6ef19b0563b1ce8302b8e8794e2e4c9c8031c62ff9774a3f63f6f58,0.048017290187999606
