target,model,lineage,squared_error_sum,truth_energy_sum,observations,mean_squared_error
AMP,direct_neighbor_ridge,autonomic_ganglia,35.37700739884721,38.662305357892606,32,1.1055314812139754
AMP,direct_neighbor_ridge,bone,19.062453359211595,40.56386320165723,38,0.5016435094529367
AMP,direct_neighbor_ridge,breast,30.472675744147462,38.51496032623904,98,0.31094567085864755
AMP,direct_neighbor_ridge,central_nervous_system,51.044536761099856,52.952843751440916,98,0.520862620011223
AMP,direct_neighbor_ridge,endometrium,16.12765664328287,33.28088229173083,56,0.2879938686300512
AMP,direct_neighbor_ridge,haematopoietic_and_lymphoid_tissue,1060.7410163161721,2083.528147210272,326,3.2538067985158654
AMP,direct_neighbor_ridge,kidney,11.92954927390001,25.099128973646497,46,0.25933802769347847
AMP,direct_neighbor_ridge,large_intestine,55.77927092265209,106.60262709170267,110,0.507084281115019
AMP,direct_neighbor_ridge,liver,18.65242751864459,26.09228080500443,50,0.3730485503728918
AMP,direct_neighbor_ridge,lung,92.53210937610714,221.01175331085415,352,0.26287531072757714
AMP,direct_neighbor_ridge,oesophagus,22.46351415667822,8.500264834188513,50,0.4492702831335644
AMP,direct_neighbor_ridge,ovary,17.74568624482457,36.89714606921265,90,0.19717429160916186
AMP,direct_neighbor_ridge,pancreas,20.180574496382945,28.91547555591152,82,0.2461045670290603
AMP,direct_neighbor_ridge,skin,33.79156204898188,48.13402072116802,104,0.324918865855595
AMP,direct_neighbor_ridge,soft_tissue,17.511174895548038,26.339490446249194,36,0.4864215248763344
AMP,direct_neighbor_ridge,stomach,31.29691022674279,42.99751915048565,74,0.42293121928030797
AMP,direct_neighbor_ridge,upper_aerodigestive_tract,13.083271246447051,25.425542301736822,60,0.21805452077411752
AMP,direct_neighbor_ridge,urinary_tract,15.172807499760598,28.369666106732684,50,0.303456149995212
CMP,direct_neighbor_ridge,autonomic_ganglia,19.52209530835331,21.238592629932704,32,0.610065478386041
CMP,direct_neighbor_ridge,bone,29.897917407138355,36.71405371155091,38,0.7867873001878515
CMP,direct_neighbor_ridge,breast,28.487863691235077,30.86042284622687,98,0.2906924866452559
CMP,direct_neighbor_ridge,central_nervous_system,66.0737119504621,73.26051620621128,98,0.6742215505149194
CMP,direct_neighbor_ridge,endometrium,20.785796218097083,43.96081565408872,56,0.37117493246601935
CMP,direct_neighbor_ridge,haematopoietic_and_lymphoid_tissue,1599.987430990433,1839.5865189765327,326,4.907936904878629
CMP,direct_neighbor_ridge,kidney,31.100620603526643,33.84335697811922,46,0.6761004479027531
CMP,direct_neighbor_ridge,large_intestine,92.70000435277393,117.76756573295344,110,0.8427273122979448
CMP,direct_neighbor_ridge,liver,20.11874111262644,30.560188973731307,50,0.40237482225252885
CMP,direct_neighbor_ridge,lung,167.05117496459445,204.33837393758895,352,0.4745772016039615
CMP,direct_neighbor_ridge,oesophagus,18.758025536254213,17.351043449096238,50,0.3751605107250843
CMP,direct_neighbor_ridge,ovary,29.776707028758235,39.814346384244615,90,0.33085230031953594
CMP,direct_neighbor_ridge,pancreas,29.107702075201217,37.02849202604523,82,0.3549719765268441
CMP,direct_neighbor_ridge,skin,43.70950235216027,47.28850584060537,104,0.4202836764630795
CMP,direct_neighbor_ridge,soft_tissue,25.898237073230753,36.70653271868176,36,0.7193954742564098
CMP,direct_neighbor_ridge,stomach,27.567654022199196,49.524198160616514,74,0.372535865164854
CMP,direct_neighbor_ridge,upper_aerodigestive_tract,35.968186791533455,30.347893502680414,60,0.5994697798588909
CMP,direct_neighbor_ridge,urinary_tract,18.8797615041145,18.488380884538014,50,0.37759523008229
GMP,direct_neighbor_ridge,autonomic_ganglia,17.473339497054827,17.092799205563985,32,0.5460418592829633
GMP,direct_neighbor_ridge,bone,54.74998626673304,55.97831873052658,38,1.4407891122824483
GMP,direct_neighbor_ridge,breast,58.23677699168211,48.07977710520926,98,0.5942528264457358
GMP,direct_neighbor_ridge,central_nervous_system,34.98842372630954,57.208349241802495,98,0.3570247319011178
GMP,direct_neighbor_ridge,endometrium,21.872215849051432,43.27288697300067,56,0.3905752830187756
GMP,direct_neighbor_ridge,haematopoietic_and_lymphoid_tissue,635.4514464475303,1216.8861404112283,326,1.9492375657899703
GMP,direct_neighbor_ridge,kidney,22.19569568869842,21.37232268027582,46,0.482515123667357
GMP,direct_neighbor_ridge,large_intestine,59.06785375848259,121.31802520119751,110,0.5369804887134781
GMP,direct_neighbor_ridge,liver,25.57653371928955,43.392486977733675,50,0.511530674385791
GMP,direct_neighbor_ridge,lung,161.88318601801683,240.72115569875484,352,0.45989541482391144
GMP,direct_neighbor_ridge,oesophagus,20.528141907998446,25.128955068098843,50,0.4105628381599689
GMP,direct_neighbor_ridge,ovary,28.055260656919344,46.160059766538176,90,0.31172511841021494
GMP,direct_neighbor_ridge,pancreas,37.664409498271475,55.60507350247176,82,0.45932206705209117
GMP,direct_neighbor_ridge,skin,64.71842379597867,84.83285737032926,104,0.6222925364997949
GMP,direct_neighbor_ridge,soft_tissue,17.647729097482593,33.805213836615714,36,0.49021469715229427
GMP,direct_neighbor_ridge,stomach,33.99776109150928,51.41845301812486,74,0.45942920393931463
GMP,direct_neighbor_ridge,upper_aerodigestive_tract,22.989696021392,21.463481391668612,60,0.38316160035653335
GMP,direct_neighbor_ridge,urinary_tract,20.774949855228638,28.5659224689543,50,0.4154989971045728
NAD,direct_neighbor_ridge,autonomic_ganglia,47.16415038306533,63.11028556307281,32,1.4738796994707917
NAD,direct_neighbor_ridge,bone,8.373730138935347,35.12804112273649,38,0.22036131944566703
NAD,direct_neighbor_ridge,breast,52.80508463736601,119.28477183741332,98,0.5388273942588369
NAD,direct_neighbor_ridge,central_nervous_system,84.61197447941213,167.1470983214205,98,0.8633874946878788
NAD,direct_neighbor_ridge,endometrium,12.294533958767037,29.318390877662882,56,0.2195452492636971
NAD,direct_neighbor_ridge,haematopoietic_and_lymphoid_tissue,444.3891043072066,707.4557134285053,326,1.3631567616785478
NAD,direct_neighbor_ridge,kidney,20.47478617670642,20.115359237885276,46,0.44510404731970477
NAD,direct_neighbor_ridge,large_intestine,59.174056936142335,61.85458379251278,110,0.5379459721467486
NAD,direct_neighbor_ridge,liver,29.470614289838707,30.95977205445173,50,0.5894122857967742
NAD,direct_neighbor_ridge,lung,167.05728269543545,295.44025649389823,352,0.4745945531120325
NAD,direct_neighbor_ridge,oesophagus,18.526786129186263,30.70281121042122,50,0.37053572258372525
NAD,direct_neighbor_ridge,ovary,32.55901007280823,43.42659377797654,90,0.3617667785867581
NAD,direct_neighbor_ridge,pancreas,30.43722184617414,67.5029020667356,82,0.37118563227041634
NAD,direct_neighbor_ridge,skin,28.839788680976397,55.33165626777842,104,0.27730566039400384
NAD,direct_neighbor_ridge,soft_tissue,20.402607042185732,27.01477918279766,36,0.5667390845051592
NAD,direct_neighbor_ridge,stomach,37.14466324616695,54.33729477342882,74,0.5019549087319858
NAD,direct_neighbor_ridge,upper_aerodigestive_tract,14.730854152379012,20.967252642578686,60,0.24551423587298352
NAD,direct_neighbor_ridge,urinary_tract,18.170545396719966,48.45243405618742,50,0.36341090793439934
NADP,direct_neighbor_ridge,autonomic_ganglia,20.263368506432773,34.77893908684556,32,0.6332302658260242
NADP,direct_neighbor_ridge,bone,25.40380708703235,19.484173299656543,38,0.6685212391324303
NADP,direct_neighbor_ridge,breast,93.68420310639932,117.9990063816851,98,0.9559612561877482
NADP,direct_neighbor_ridge,central_nervous_system,75.32879934263369,113.20848800730701,98,0.7686612177819764
NADP,direct_neighbor_ridge,endometrium,49.470003684711735,39.34500569184417,56,0.883392922941281
NADP,direct_neighbor_ridge,haematopoietic_and_lymphoid_tissue,292.2884719916726,353.4522219094337,326,0.8965904048824314
NADP,direct_neighbor_ridge,kidney,36.0184322841179,54.33470459694155,46,0.7830093974808239
NADP,direct_neighbor_ridge,large_intestine,62.032041239949656,72.58815511411154,110,0.563927647635906
NADP,direct_neighbor_ridge,liver,31.38591040447181,41.83556460715585,50,0.6277182080894362
NADP,direct_neighbor_ridge,lung,393.065594476515,519.4969468124134,352,1.1166636206719176
NADP,direct_neighbor_ridge,oesophagus,63.300913327436476,100.0446120521017,50,1.2660182665487296
NADP,direct_neighbor_ridge,ovary,48.717763719969305,57.76577855401612,90,0.5413084857774367
NADP,direct_neighbor_ridge,pancreas,51.672896893223836,69.81904395286148,82,0.6301572791856566
NADP,direct_neighbor_ridge,skin,84.8843747412529,91.19949398148815,104,0.8161959109735856
NADP,direct_neighbor_ridge,soft_tissue,23.83897763328847,34.316976174977434,36,0.6621938231469019
NADP,direct_neighbor_ridge,stomach,55.60408929160276,72.81943642163343,74,0.751406612048686
NADP,direct_neighbor_ridge,upper_aerodigestive_tract,24.46702104018893,30.228839209089394,60,0.4077836840031488
NADP,direct_neighbor_ridge,urinary_tract,24.749053201122152,40.11186558324279,50,0.494981064022443
UMP,direct_neighbor_ridge,autonomic_ganglia,15.956361234962875,19.760988378641137,32,0.49863628859258985
UMP,direct_neighbor_ridge,bone,26.976240028076745,40.16199023144217,38,0.7099010533704406
UMP,direct_neighbor_ridge,breast,24.61477404852226,29.183906998294468,98,0.25117116376043125
UMP,direct_neighbor_ridge,central_nervous_system,46.145338496528424,62.75807454101035,98,0.4708708009849839
UMP,direct_neighbor_ridge,endometrium,23.225779387693684,32.766886686989864,56,0.41474606049453006
UMP,direct_neighbor_ridge,haematopoietic_and_lymphoid_tissue,1445.179310200998,1950.6397672106914,326,4.433065368714718
UMP,direct_neighbor_ridge,kidney,26.499217000142323,25.116069342207112,46,0.5760699347857027
UMP,direct_neighbor_ridge,large_intestine,86.80107891812726,124.08565610022644,110,0.7891007174375205
UMP,direct_neighbor_ridge,liver,15.513668748443282,24.409137029823377,50,0.31027337496886565
UMP,direct_neighbor_ridge,lung,143.8546657316909,205.97249812644475,352,0.40867802764684913
UMP,direct_neighbor_ridge,oesophagus,25.031291391159044,15.665613481881948,50,0.5006258278231809
UMP,direct_neighbor_ridge,ovary,33.91943348238661,41.53131833176785,90,0.3768825942487401
UMP,direct_neighbor_ridge,pancreas,37.84770032524502,36.22642499941739,82,0.4615573210395734
UMP,direct_neighbor_ridge,skin,36.56190883724511,53.88439487638264,104,0.35155681574274145
UMP,direct_neighbor_ridge,soft_tissue,13.994933842650248,25.00767528767332,36,0.3887481622958402
UMP,direct_neighbor_ridge,stomach,40.21395564831478,60.54617987562938,74,0.5434318330853348
UMP,direct_neighbor_ridge,upper_aerodigestive_tract,39.68931916113726,31.765226060507924,60,0.6614886526856211
UMP,direct_neighbor_ridge,urinary_tract,30.144429381595675,26.589514445291933,50,0.6028885876319134
acetylcholine,direct_neighbor_ridge,autonomic_ganglia,19.090970387720503,19.073387560248506,32,0.5965928246162657
acetylcholine,direct_neighbor_ridge,bone,27.03720503929334,26.89945407565188,38,0.7115053957708773
acetylcholine,direct_neighbor_ridge,breast,123.09528608600445,122.1083996130125,98,1.2560743478163718
acetylcholine,direct_neighbor_ridge,central_nervous_system,117.74914985071273,117.64195315225031,98,1.2015219372521706
acetylcholine,direct_neighbor_ridge,endometrium,35.78913065237914,35.682446269029505,56,0.6390916187924847
acetylcholine,direct_neighbor_ridge,haematopoietic_and_lymphoid_tissue,333.66262650853827,331.8966324034542,326,1.0235049892899948
acetylcholine,direct_neighbor_ridge,kidney,36.7539726803275,36.69499034276428,46,0.798999406094076
acetylcholine,direct_neighbor_ridge,large_intestine,85.66266382773165,85.32942755340547,110,0.778751489343015
acetylcholine,direct_neighbor_ridge,liver,45.418841990728666,45.068793248579695,50,0.9083768398145733
acetylcholine,direct_neighbor_ridge,lung,429.5797803194429,429.55216963647916,352,1.2203971031802354
acetylcholine,direct_neighbor_ridge,oesophagus,55.504830081241536,54.89784696968565,50,1.1100966016248308
acetylcholine,direct_neighbor_ridge,ovary,71.39645332839048,71.45363582088704,90,0.7932939258710053
acetylcholine,direct_neighbor_ridge,pancreas,104.00985027056643,104.27798053160409,82,1.2684128081776394
acetylcholine,direct_neighbor_ridge,skin,140.61715805452047,140.8374025694817,104,1.352088058216543
acetylcholine,direct_neighbor_ridge,soft_tissue,39.12067618809333,38.13442612832989,36,1.086685449669259
acetylcholine,direct_neighbor_ridge,stomach,39.5127623915634,39.937480846346595,74,0.5339562485346405
acetylcholine,direct_neighbor_ridge,upper_aerodigestive_tract,51.59379007974168,51.90729662059759,60,0.859896501329028
acetylcholine,direct_neighbor_ridge,urinary_tract,52.79149120329433,52.526881226891796,50,1.0558298240658865
aconitate,direct_neighbor_ridge,autonomic_ganglia,18.454791901981892,21.156138623980944,32,0.5767122469369341
aconitate,direct_neighbor_ridge,bone,41.83456510666843,43.02342313701088,38,1.1009096080702219
aconitate,direct_neighbor_ridge,breast,117.71916687559089,113.08395533955772,98,1.2012159885264375
aconitate,direct_neighbor_ridge,central_nervous_system,121.69772559499839,115.14224383023384,98,1.2418135264795753
aconitate,direct_neighbor_ridge,endometrium,41.60187992007735,41.46219102832633,56,0.7428907128585241
aconitate,direct_neighbor_ridge,haematopoietic_and_lymphoid_tissue,525.9044088737037,536.5867279465049,326,1.6132037082015451
aconitate,direct_neighbor_ridge,kidney,37.8778811740808,41.305337624127155,46,0.8234321994365391
aconitate,direct_neighbor_ridge,large_intestine,91.04940401893587,93.43009728592288,110,0.8277218547175988
aconitate,direct_neighbor_ridge,liver,69.20709571558581,68.87001494232362,50,1.3841419143117162
aconitate,direct_neighbor_ridge,lung,293.7390624965045,299.9381910107744,352,0.8344859730014332
aconitate,direct_neighbor_ridge,oesophagus,41.96444108359857,43.533068351731565,50,0.8392888216719715
aconitate,direct_neighbor_ridge,ovary,53.68999994584172,55.84033313491042,90,0.5965555549537969
aconitate,direct_neighbor_ridge,pancreas,88.87586311407003,91.00443852293584,82,1.083851989195976
aconitate,direct_neighbor_ridge,skin,98.29550252509362,88.39221726141031,104,0.9451490627412849
aconitate,direct_neighbor_ridge,soft_tissue,50.38105534695178,49.95862375835942,36,1.3994737596375495
aconitate,direct_neighbor_ridge,stomach,96.96096971033937,97.48684521500269,74,1.3102833744640456
aconitate,direct_neighbor_ridge,upper_aerodigestive_tract,38.85620372043863,43.97616019932545,60,0.6476033953406438
aconitate,direct_neighbor_ridge,urinary_tract,34.983374396947625,35.29789691098174,50,0.6996674879389525
adenine,direct_neighbor_ridge,autonomic_ganglia,57.18351213674051,57.898961864671875,32,1.786984754273141
adenine,direct_neighbor_ridge,bone,20.429679071209566,23.26363964132603,38,0.5376231334528834
adenine,direct_neighbor_ridge,breast,99.59703726972828,104.75384453408847,98,1.0162962986706967
adenine,direct_neighbor_ridge,central_nervous_system,66.72252290723765,66.01585064902538,98,0.6808420704820168
adenine,direct_neighbor_ridge,endometrium,76.13256077563767,75.1273543127937,56,1.3595100138506726
adenine,direct_neighbor_ridge,haematopoietic_and_lymphoid_tissue,501.24576401899344,510.8526568086553,326,1.5375636933097958
adenine,direct_neighbor_ridge,kidney,38.22222024268301,39.918333750847395,46,0.830917831362674
adenine,direct_neighbor_ridge,large_intestine,135.4368994750814,138.74338152667934,110,1.231244540682558
adenine,direct_neighbor_ridge,liver,29.884898231834903,29.227364717171906,50,0.5976979646366981
adenine,direct_neighbor_ridge,lung,208.42855780605927,203.54477033234213,352,0.5921265846763047
adenine,direct_neighbor_ridge,oesophagus,25.08211893027782,25.10309424877233,50,0.5016423786055564
adenine,direct_neighbor_ridge,ovary,133.69814994357418,133.88603317030805,90,1.4855349993730464
adenine,direct_neighbor_ridge,pancreas,143.21726374401274,141.371852071896,82,1.7465519968782042
adenine,direct_neighbor_ridge,skin,90.19424869214608,90.12670542672161,104,0.8672523912706354
adenine,direct_neighbor_ridge,soft_tissue,21.355147556012987,23.806984158531446,36,0.593198543222583
adenine,direct_neighbor_ridge,stomach,70.10616523588138,71.45062673491321,74,0.9473806112956943
adenine,direct_neighbor_ridge,upper_aerodigestive_tract,61.16813401674636,63.25817840419706,60,1.019468900279106
adenine,direct_neighbor_ridge,urinary_tract,63.98684470428787,61.4071621131486,50,1.2797368940857574
adenosine,direct_neighbor_ridge,autonomic_ganglia,20.49310065856807,17.257740252767025,32,0.6404093955802522
adenosine,direct_neighbor_ridge,bone,71.41388709528,77.07273738524964,38,1.8793128182968422
adenosine,direct_neighbor_ridge,breast,90.24229355961957,92.2557522264633,98,0.9208397302001997
adenosine,direct_neighbor_ridge,central_nervous_system,79.15236982824153,81.58307835788716,98,0.8076772431453217
adenosine,direct_neighbor_ridge,endometrium,67.88842037651608,71.42708335182857,56,1.2122932210092157
adenosine,direct_neighbor_ridge,haematopoietic_and_lymphoid_tissue,356.12574830515854,255.5984441555666,326,1.0924102708747194
adenosine,direct_neighbor_ridge,kidney,35.72277709554319,35.228379622612756,46,0.7765821107726779
adenosine,direct_neighbor_ridge,large_intestine,112.33177779646326,110.7076808743577,110,1.021197979967848
adenosine,direct_neighbor_ridge,liver,71.06482724302126,67.28172943762347,50,1.4212965448604251
adenosine,direct_neighbor_ridge,lung,297.92802952908653,310.1997667869059,352,0.846386447525814
adenosine,direct_neighbor_ridge,oesophagus,80.35161630821499,81.49460399720425,50,1.6070323261642998
adenosine,direct_neighbor_ridge,ovary,101.96114811451322,101.26301917169239,90,1.1329016457168135
adenosine,direct_neighbor_ridge,pancreas,78.68794646169071,80.98667419279118,82,0.9596091031913502
adenosine,direct_neighbor_ridge,skin,145.337837568542,155.13548673805846,104,1.397479207389827
adenosine,direct_neighbor_ridge,soft_tissue,73.85792186424055,74.93928243256796,36,2.051608940673349
adenosine,direct_neighbor_ridge,stomach,73.52376251030765,68.09198349182661,74,0.9935643582474006
adenosine,direct_neighbor_ridge,upper_aerodigestive_tract,55.02874582999175,55.17294302203916,60,0.9171457638331958
adenosine,direct_neighbor_ridge,urinary_tract,65.55144345523446,69.8052282410424,50,1.3110288691046892
alanine,direct_neighbor_ridge,autonomic_ganglia,13.38470351625372,23.089499831099115,32,0.41827198488292877
alanine,direct_neighbor_ridge,bone,9.141059320320997,26.64316876260873,38,0.24055419264002623
alanine,direct_neighbor_ridge,breast,50.64344125874594,82.96913257169436,98,0.5167698087627136
alanine,direct_neighbor_ridge,central_nervous_system,53.98808746562493,85.53417266585544,98,0.5508988516900503
alanine,direct_neighbor_ridge,endometrium,29.218083255971475,60.952694288916106,56,0.5217514867137764
alanine,direct_neighbor_ridge,haematopoietic_and_lymphoid_tissue,271.9341559478345,478.6311020838161,326,0.8341538526007193
alanine,direct_neighbor_ridge,kidney,41.93140409875884,27.50621270269501,46,0.9115522630164965
alanine,direct_neighbor_ridge,large_intestine,95.1424706281227,164.88751866260512,110,0.8649315511647517
alanine,direct_neighbor_ridge,liver,35.82092883963681,64.61370015183205,50,0.7164185767927361
alanine,direct_neighbor_ridge,lung,327.7867352226503,367.49019348686073,352,0.9312123159734383
alanine,direct_neighbor_ridge,oesophagus,28.08232953321783,34.350824210010664,50,0.5616465906643566
alanine,direct_neighbor_ridge,ovary,73.23913137222976,59.84568194936855,90,0.8137681263581085
alanine,direct_neighbor_ridge,pancreas,39.64664474366571,67.82019691236589,82,0.4834956676056794
alanine,direct_neighbor_ridge,skin,102.82572056746658,93.17992928231165,104,0.9887088516102556
alanine,direct_neighbor_ridge,soft_tissue,20.59274205354894,28.048289044364843,36,0.5720206125985816
alanine,direct_neighbor_ridge,stomach,42.65001741154124,78.75598937323949,74,0.5763515866424492
alanine,direct_neighbor_ridge,upper_aerodigestive_tract,36.31407310974136,51.499982911539945,60,0.6052345518290226
alanine,direct_neighbor_ridge,urinary_tract,32.344986651600856,59.589535073453646,50,0.6468997330320171
arginine,direct_neighbor_ridge,autonomic_ganglia,15.310040389890412,20.419695597072042,32,0.4784387621840754
arginine,direct_neighbor_ridge,bone,14.796426718218253,15.018978515847651,38,0.38937965047942774
arginine,direct_neighbor_ridge,breast,76.6317413044344,91.17265232153031,98,0.7819565439228
arginine,direct_neighbor_ridge,central_nervous_system,62.58787643974337,72.30166719781926,98,0.6386518004055446
arginine,direct_neighbor_ridge,endometrium,48.17846423818112,50.706444376820215,56,0.8603297185389486
arginine,direct_neighbor_ridge,haematopoietic_and_lymphoid_tissue,359.6259364488109,541.9594788407371,326,1.1031470443215057
arginine,direct_neighbor_ridge,kidney,17.267792250416413,20.811170372803282,46,0.37538678805253073
arginine,direct_neighbor_ridge,large_intestine,91.07483014827318,114.48808108636429,110,0.827953001347938
arginine,direct_neighbor_ridge,liver,63.74286538160984,61.44224906764218,50,1.2748573076321967
arginine,direct_neighbor_ridge,lung,347.8971273737508,472.86561234358965,352,0.9883441118572466
arginine,direct_neighbor_ridge,oesophagus,23.76717825897689,33.09495820589126,50,0.4753435651795378
arginine,direct_neighbor_ridge,ovary,31.087038149313496,37.63687465658164,90,0.3454115349923722
arginine,direct_neighbor_ridge,pancreas,60.65665574555119,81.09523640831478,82,0.7397153139701365
arginine,direct_neighbor_ridge,skin,47.464348532991075,60.606692441398884,104,0.4563879666633757
arginine,direct_neighbor_ridge,soft_tissue,39.4729985284803,52.9701127039788,36,1.0964721813466751
arginine,direct_neighbor_ridge,stomach,67.21887924639692,89.08630975498839,74,0.9083632330594179
arginine,direct_neighbor_ridge,upper_aerodigestive_tract,24.4249214187926,24.85650164067756,60,0.40708202364654333
arginine,direct_neighbor_ridge,urinary_tract,38.972382293152904,38.72522714517315,50,0.779447645863058
asparagine,direct_neighbor_ridge,autonomic_ganglia,14.962514292535923,15.136842708697744,32,0.4675785716417476
asparagine,direct_neighbor_ridge,bone,34.94259005988591,35.24592263555744,38,0.9195418436812082
asparagine,direct_neighbor_ridge,breast,108.78893032503184,106.65833863182871,98,1.110091125765631
asparagine,direct_neighbor_ridge,central_nervous_system,190.4299960572395,190.15045488443204,98,1.9431632250738724
asparagine,direct_neighbor_ridge,endometrium,65.72359220672757,66.2205144532516,56,1.1736355751201353
asparagine,direct_neighbor_ridge,haematopoietic_and_lymphoid_tissue,142.7987772535713,136.48890899858543,326,0.43803305906003465
asparagine,direct_neighbor_ridge,kidney,105.45311602253076,105.3108920546143,46,2.29245904396806
asparagine,direct_neighbor_ridge,large_intestine,198.3327671229238,197.4091449972501,110,1.8030251556629435
asparagine,direct_neighbor_ridge,liver,48.65299586193914,48.39931089312142,50,0.9730599172387828
asparagine,direct_neighbor_ridge,lung,292.96502298307,293.04642835193795,352,0.8322869971109944
asparagine,direct_neighbor_ridge,oesophagus,46.686166012369945,45.0014286127975,50,0.9337233202473989
asparagine,direct_neighbor_ridge,ovary,89.6223448766663,89.86678958336473,90,0.995803831962959
asparagine,direct_neighbor_ridge,pancreas,87.42901106329099,87.7092614993141,82,1.0662074519913536
asparagine,direct_neighbor_ridge,skin,154.6805664722244,154.42300731796203,104,1.487313139156004
asparagine,direct_neighbor_ridge,soft_tissue,73.25767748242791,72.70394555017299,36,2.0349354856229973
asparagine,direct_neighbor_ridge,stomach,59.05235971363665,57.007708232434375,74,0.7980048609950898
asparagine,direct_neighbor_ridge,upper_aerodigestive_tract,74.88910435048913,74.86580111669254,60,1.248151739174819
asparagine,direct_neighbor_ridge,urinary_tract,85.56187390216763,85.48189159302245,50,1.7112374780433526
aspartate,direct_neighbor_ridge,autonomic_ganglia,18.223136375659642,17.17623144586339,32,0.5694730117393638
aspartate,direct_neighbor_ridge,bone,38.31405069509758,39.251747644867265,38,1.008264491976252
aspartate,direct_neighbor_ridge,breast,99.1990716943961,113.42038161542135,98,1.0122354254530215
aspartate,direct_neighbor_ridge,central_nervous_system,100.85709705187212,116.59261752189498,98,1.0291540515497155
aspartate,direct_neighbor_ridge,endometrium,74.12519269021844,71.93318893557321,56,1.3236641551824722
aspartate,direct_neighbor_ridge,haematopoietic_and_lymphoid_tissue,323.34743635752886,322.44830593709486,326,0.9918633017102112
aspartate,direct_neighbor_ridge,kidney,78.25891968840534,77.24007983553128,46,1.7012808627914204
aspartate,direct_neighbor_ridge,large_intestine,133.07297324835395,149.7640375511704,110,1.2097543022577633
aspartate,direct_neighbor_ridge,liver,55.328514582039595,71.35457844544234,50,1.106570291640792
aspartate,direct_neighbor_ridge,lung,245.58066331356272,270.8931344156823,352,0.6976723389589851
aspartate,direct_neighbor_ridge,oesophagus,54.87642559751983,61.60674523217737,50,1.0975285119503966
aspartate,direct_neighbor_ridge,ovary,104.59712312418239,104.51522264162212,90,1.16219025693536
aspartate,direct_neighbor_ridge,pancreas,100.50831771470409,109.91492039561005,82,1.2257111916427328
aspartate,direct_neighbor_ridge,skin,87.24279584007255,87.0054556859795,104,0.8388730369237745
aspartate,direct_neighbor_ridge,soft_tissue,42.09494238351874,38.35551439488721,36,1.1693039550977429
aspartate,direct_neighbor_ridge,stomach,61.61131954610554,68.13609207594341,74,0.8325853992716965
aspartate,direct_neighbor_ridge,upper_aerodigestive_tract,54.40216645852928,52.9791338619717,60,0.9067027743088213
aspartate,direct_neighbor_ridge,urinary_tract,32.03181892462207,35.865520843360805,50,0.6406363784924415
beta-alanine,direct_neighbor_ridge,autonomic_ganglia,14.337234170213334,27.155580360579886,32,0.4480385678191667
beta-alanine,direct_neighbor_ridge,bone,7.5616435263739445,39.901350947723415,38,0.1989906191151038
beta-alanine,direct_neighbor_ridge,breast,107.94299546093582,157.34294034052164,98,1.101459137356488
beta-alanine,direct_neighbor_ridge,central_nervous_system,26.480837593273975,92.78485047386592,98,0.27021262850279565
beta-alanine,direct_neighbor_ridge,endometrium,28.51667961871152,80.84785028936237,56,0.5092264217627057
beta-alanine,direct_neighbor_ridge,haematopoietic_and_lymphoid_tissue,143.3262832141633,241.8799418377345,326,0.4396511755035684
beta-alanine,direct_neighbor_ridge,kidney,23.458955786664994,70.11406650302291,46,0.5099772997101085
beta-alanine,direct_neighbor_ridge,large_intestine,43.052041140256335,101.23111311434177,110,0.3913821921841485
beta-alanine,direct_neighbor_ridge,liver,38.02416951258267,53.13078698059365,50,0.7604833902516533
beta-alanine,direct_neighbor_ridge,lung,132.57669718898484,391.1708175901135,352,0.37663834428688875
beta-alanine,direct_neighbor_ridge,oesophagus,13.035553815372637,42.13654884543426,50,0.2607110763074527
beta-alanine,direct_neighbor_ridge,ovary,34.66431134123069,97.52528675461429,90,0.38515901490256327
beta-alanine,direct_neighbor_ridge,pancreas,27.402101148001734,81.56789169204893,82,0.33417196521953335
beta-alanine,direct_neighbor_ridge,skin,16.5000580940555,72.16575926443952,104,0.15865440475053366
beta-alanine,direct_neighbor_ridge,soft_tissue,17.036141771712447,40.999904503976914,36,0.47322616032534576
beta-alanine,direct_neighbor_ridge,stomach,37.031065701923445,96.56587813792835,74,0.5004198067827492
beta-alanine,direct_neighbor_ridge,upper_aerodigestive_tract,14.414556386996352,55.582242672384176,60,0.2402426064499392
beta-alanine,direct_neighbor_ridge,urinary_tract,22.29322480604253,42.63861686366154,50,0.4458644961208506
betaine,direct_neighbor_ridge,autonomic_ganglia,29.900601721235926,31.59509117749247,32,0.9343938037886227
betaine,direct_neighbor_ridge,bone,20.48990804503663,28.4677462376888,38,0.5392081064483323
betaine,direct_neighbor_ridge,breast,110.00554461848012,114.13265292053791,98,1.1225055573314298
betaine,direct_neighbor_ridge,central_nervous_system,40.22692177015895,37.76813594031321,98,0.41047879357305056
betaine,direct_neighbor_ridge,endometrium,43.327690300519556,54.12303175344165,56,0.7737087553664207
betaine,direct_neighbor_ridge,haematopoietic_and_lymphoid_tissue,610.3914865969452,673.8330308332752,326,1.872366523303513
betaine,direct_neighbor_ridge,kidney,19.865673917354204,16.74802240309998,46,0.4318624764642218
betaine,direct_neighbor_ridge,large_intestine,175.9423437347568,186.63802893901297,110,1.5994758521341528
betaine,direct_neighbor_ridge,liver,69.02183091832129,70.36456208355474,50,1.3804366183664256
betaine,direct_neighbor_ridge,lung,414.3188119828383,428.3583531784592,352,1.1770420794966998
betaine,direct_neighbor_ridge,oesophagus,18.565074622154462,24.079170951412507,50,0.37130149244308924
betaine,direct_neighbor_ridge,ovary,35.98032883776303,43.56103042823341,90,0.39978143153070034
betaine,direct_neighbor_ridge,pancreas,47.43808362198618,50.213645833492855,82,0.5785132149022705
betaine,direct_neighbor_ridge,skin,32.75366956009574,29.19898154741583,104,0.31493913038553595
betaine,direct_neighbor_ridge,soft_tissue,70.80820891007451,58.40601425182145,36,1.9668946919465142
betaine,direct_neighbor_ridge,stomach,46.77633608159762,50.425515802918476,74,0.6321126497513192
betaine,direct_neighbor_ridge,upper_aerodigestive_tract,26.9632325465672,22.11900502644344,60,0.4493872091094533
betaine,direct_neighbor_ridge,urinary_tract,23.08847408446396,22.648337748710848,50,0.4617694816892792
cAMP,direct_neighbor_ridge,autonomic_ganglia,21.87316552029754,20.296808561421255,32,0.6835364225092981
cAMP,direct_neighbor_ridge,bone,35.14889628708077,35.499520630365694,38,0.924970954923178
cAMP,direct_neighbor_ridge,breast,136.0994084370892,136.3842477695486,98,1.388769473847849
cAMP,direct_neighbor_ridge,central_nervous_system,51.233749270837784,52.49054482073651,98,0.522793359906508
cAMP,direct_neighbor_ridge,endometrium,50.16024708582388,51.98990068687109,56,0.8957186979611408
cAMP,direct_neighbor_ridge,haematopoietic_and_lymphoid_tissue,525.375848960783,503.88818827842647,326,1.611582358775408
cAMP,direct_neighbor_ridge,kidney,29.897677305645917,29.41173432492039,46,0.6499495066444765
cAMP,direct_neighbor_ridge,large_intestine,108.39867710484174,109.56026330964401,110,0.9854425191349249
cAMP,direct_neighbor_ridge,liver,33.95851766354343,34.01537668704064,50,0.6791703532708686
cAMP,direct_neighbor_ridge,lung,386.5821416497447,378.1439873372851,352,1.0982447205958656
cAMP,direct_neighbor_ridge,oesophagus,28.490806221230464,28.600123350441393,50,0.5698161244246093
cAMP,direct_neighbor_ridge,ovary,82.37096923102723,83.10313884378255,90,0.9152329914558581
cAMP,direct_neighbor_ridge,pancreas,52.47359759716417,53.63542182004924,82,0.6399219219166362
cAMP,direct_neighbor_ridge,skin,154.0638191536321,154.94864815789347,104,1.4813828764772317
cAMP,direct_neighbor_ridge,soft_tissue,19.846976220011122,20.497205798559875,36,0.551304895000309
cAMP,direct_neighbor_ridge,stomach,42.15112922464526,41.607558727800274,74,0.5696098543870981
cAMP,direct_neighbor_ridge,upper_aerodigestive_tract,44.82061577685451,44.760014213368116,60,0.7470102629475751
cAMP,direct_neighbor_ridge,urinary_tract,53.38694181206891,53.77486928593575,50,1.0677388362413782
carnosine,direct_neighbor_ridge,autonomic_ganglia,34.55675745861117,29.28009046008644,32,1.0798986705815992
carnosine,direct_neighbor_ridge,bone,44.078079022082,45.067295409121414,38,1.1599494479495263
carnosine,direct_neighbor_ridge,breast,103.36656660975414,101.43686525685138,98,1.0547608837730014
carnosine,direct_neighbor_ridge,central_nervous_system,76.24068555807855,60.093663702431186,98,0.7779661791640669
carnosine,direct_neighbor_ridge,endometrium,35.10058140656163,38.926289710088476,56,0.6267960965457434
carnosine,direct_neighbor_ridge,haematopoietic_and_lymphoid_tissue,1267.610366241488,1212.5700774442041,326,3.888375356568982
carnosine,direct_neighbor_ridge,kidney,20.98601087957975,16.088168500154858,46,0.45621762781695113
carnosine,direct_neighbor_ridge,large_intestine,91.64840038488799,96.96249413782826,110,0.8331672762262545
carnosine,direct_neighbor_ridge,liver,43.774871365115594,33.306569473789544,50,0.8754974273023118
carnosine,direct_neighbor_ridge,lung,311.56339616158414,310.4660676425657,352,0.8851232845499549
carnosine,direct_neighbor_ridge,oesophagus,18.336016156576918,15.566670363795744,50,0.36672032313153835
carnosine,direct_neighbor_ridge,ovary,85.36875153344695,86.3204218663058,90,0.9485416837049662
carnosine,direct_neighbor_ridge,pancreas,59.85905345806624,61.4837844490474,82,0.7299884568056859
carnosine,direct_neighbor_ridge,skin,43.952816337781734,41.70673084932338,104,0.42262323401713203
carnosine,direct_neighbor_ridge,soft_tissue,41.44404434216114,42.50881951679851,36,1.1512234539489206
carnosine,direct_neighbor_ridge,stomach,84.17449810215489,76.60817159219197,74,1.1374932175966876
carnosine,direct_neighbor_ridge,upper_aerodigestive_tract,22.832151344991573,20.952962034589223,60,0.38053585574985954
carnosine,direct_neighbor_ridge,urinary_tract,13.620195731282482,13.634684300945606,50,0.27240391462564967
choline,direct_neighbor_ridge,autonomic_ganglia,10.051801237767755,10.448102850250764,32,0.31411878868024234
choline,direct_neighbor_ridge,bone,59.523827375460165,60.06740501799859,38,1.5664165098805307
choline,direct_neighbor_ridge,breast,44.21868286683963,45.01673124809979,98,0.45121104966162884
choline,direct_neighbor_ridge,central_nervous_system,59.15357364151129,60.12067000628494,98,0.6036078943011356
choline,direct_neighbor_ridge,endometrium,103.07756004875748,104.7573908083379,56,1.8406707151563835
choline,direct_neighbor_ridge,haematopoietic_and_lymphoid_tissue,384.9621241552113,237.71073632125004,326,1.180865411519053
choline,direct_neighbor_ridge,kidney,21.92101819913103,22.546935569678475,46,0.4765438738941528
choline,direct_neighbor_ridge,large_intestine,90.6010391994285,90.55228342525487,110,0.8236458109038954
choline,direct_neighbor_ridge,liver,161.3899726845279,155.05271697967362,50,3.2277994536905577
choline,direct_neighbor_ridge,lung,385.41139466182966,388.9325131457225,352,1.0949187348347433
choline,direct_neighbor_ridge,oesophagus,32.27396250476559,31.81559706259283,50,0.6454792500953118
choline,direct_neighbor_ridge,ovary,53.891396088982496,57.3216545918251,90,0.5987932898775833
choline,direct_neighbor_ridge,pancreas,121.39986181209598,121.82389196356861,82,1.480486119659707
choline,direct_neighbor_ridge,skin,152.96379817539938,148.21403191199536,104,1.4708057516865325
choline,direct_neighbor_ridge,soft_tissue,18.99158308305596,19.250593298838595,36,0.5275439745293322
choline,direct_neighbor_ridge,stomach,101.8527422565175,104.86884102188029,74,1.376388408871858
choline,direct_neighbor_ridge,upper_aerodigestive_tract,35.45730676882978,36.35796826674986,60,0.5909551128138297
choline,direct_neighbor_ridge,urinary_tract,113.30312580928025,107.5805291079323,50,2.2660625161856047
citrate,direct_neighbor_ridge,autonomic_ganglia,34.78910587109552,37.844314516277365,32,1.087159558471735
citrate,direct_neighbor_ridge,bone,38.27313342291699,36.352858081436864,38,1.0071877216557104
citrate,direct_neighbor_ridge,breast,124.92743849308991,121.39721528874728,98,1.2747697805417337
citrate,direct_neighbor_ridge,central_nervous_system,94.20890700450286,99.65757029022703,98,0.961315377596968
citrate,direct_neighbor_ridge,endometrium,33.4033412908324,34.295205967414994,56,0.5964882373362929
citrate,direct_neighbor_ridge,haematopoietic_and_lymphoid_tissue,725.9612761324945,752.374670654528,326,2.226875080161026
citrate,direct_neighbor_ridge,kidney,30.342220056833433,32.565104058860776,46,0.6596134794963789
citrate,direct_neighbor_ridge,large_intestine,100.19912870064366,98.30618958866987,110,0.9109011700058514
citrate,direct_neighbor_ridge,liver,61.79409289859227,62.0004405714531,50,1.2358818579718454
citrate,direct_neighbor_ridge,lung,269.5211745564817,278.3892600719381,352,0.7656851549900048
citrate,direct_neighbor_ridge,oesophagus,36.348520384693174,29.943650891141065,50,0.7269704076938635
citrate,direct_neighbor_ridge,ovary,40.22389225732376,37.44420484303684,90,0.44693213619248623
citrate,direct_neighbor_ridge,pancreas,75.22628776475872,75.94529182738415,82,0.9173937532287649
citrate,direct_neighbor_ridge,skin,63.217315803480695,65.10853763043978,104,0.607858805802699
citrate,direct_neighbor_ridge,soft_tissue,31.222102820826475,33.72724556493904,36,0.8672806339118465
citrate,direct_neighbor_ridge,stomach,85.078106718238,81.67839892520078,74,1.149704144841054
citrate,direct_neighbor_ridge,upper_aerodigestive_tract,31.036002641915665,35.244912783007734,60,0.5172667106985944
citrate,direct_neighbor_ridge,urinary_tract,33.109392121548716,30.45171230240248,50,0.6621878424309743
citrulline,direct_neighbor_ridge,autonomic_ganglia,3.462219719238229,26.956380435993758,32,0.10819436622619466
citrulline,direct_neighbor_ridge,bone,12.33787464972236,25.676798625150315,38,0.32468091183479897
citrulline,direct_neighbor_ridge,breast,35.5829167782241,126.85741430360807,98,0.36309098753289903
citrulline,direct_neighbor_ridge,central_nervous_system,35.187696745084295,106.20368241203039,98,0.3590581300518806
citrulline,direct_neighbor_ridge,endometrium,23.619884167169932,53.15730850982486,56,0.4217836458423202
citrulline,direct_neighbor_ridge,haematopoietic_and_lymphoid_tissue,266.53484976210655,605.8818994587248,326,0.8175915636874433
citrulline,direct_neighbor_ridge,kidney,10.060225935559751,32.185545035359766,46,0.21870056381651634
citrulline,direct_neighbor_ridge,large_intestine,36.3525073866935,87.77807277964598,110,0.33047733987903183
citrulline,direct_neighbor_ridge,liver,24.722583104812827,53.66789528810695,50,0.4944516620962565
citrulline,direct_neighbor_ridge,lung,155.1444400170394,391.2164638643016,352,0.4407512500484074
citrulline,direct_neighbor_ridge,oesophagus,27.423697857869918,30.063328612878916,50,0.5484739571573983
citrulline,direct_neighbor_ridge,ovary,21.500246128832877,79.96959430092173,90,0.23889162365369865
citrulline,direct_neighbor_ridge,pancreas,20.29765613885142,64.15702662603245,82,0.24753239193721244
citrulline,direct_neighbor_ridge,skin,31.282244206688073,41.127379727288805,104,0.300790809679693
citrulline,direct_neighbor_ridge,soft_tissue,18.312316014699533,35.00083688041383,36,0.5086754448527648
citrulline,direct_neighbor_ridge,stomach,38.37354680445938,62.21333707386258,74,0.5185614433035052
citrulline,direct_neighbor_ridge,upper_aerodigestive_tract,17.96209697563441,29.796277138760836,60,0.29936828292724016
citrulline,direct_neighbor_ridge,urinary_tract,16.551698313290494,21.785793525147866,50,0.3310339662658099
cytidine,direct_neighbor_ridge,autonomic_ganglia,88.56919141013368,88.53327134339168,32,2.7677872315666776
cytidine,direct_neighbor_ridge,bone,29.44111710284694,29.028282846054417,38,0.7747662395486037
cytidine,direct_neighbor_ridge,breast,100.89032872751937,90.69338596418714,98,1.02949315028081
cytidine,direct_neighbor_ridge,central_nervous_system,44.20223524901711,44.540444905077486,98,0.4510432168267052
cytidine,direct_neighbor_ridge,endometrium,34.703568078641254,38.782164928279066,56,0.6197065728328796
cytidine,direct_neighbor_ridge,haematopoietic_and_lymphoid_tissue,862.7345324163587,881.217395748793,326,2.64642494606245
cytidine,direct_neighbor_ridge,kidney,29.693279793607005,23.211968488564597,46,0.6455060824697175
cytidine,direct_neighbor_ridge,large_intestine,130.39351114728188,121.45142356421029,110,1.1853955558843807
cytidine,direct_neighbor_ridge,liver,36.592489630319044,37.20430157396657,50,0.7318497926063808
cytidine,direct_neighbor_ridge,lung,262.2022538766083,257.64078784222585,352,0.74489276669491
cytidine,direct_neighbor_ridge,oesophagus,52.12806377511018,55.40872783044671,50,1.0425612755022036
cytidine,direct_neighbor_ridge,ovary,57.03029990707432,58.20209469657201,90,0.6336699989674924
cytidine,direct_neighbor_ridge,pancreas,75.6324558757495,80.46586253743045,82,0.9223470228749939
cytidine,direct_neighbor_ridge,skin,65.1301738829407,65.56595311133827,104,0.6262516719513529
cytidine,direct_neighbor_ridge,soft_tissue,31.00506420292873,31.872118404016465,36,0.8612517834146869
cytidine,direct_neighbor_ridge,stomach,62.923765499594886,63.58885528798008,74,0.8503211553999309
cytidine,direct_neighbor_ridge,upper_aerodigestive_tract,75.61330080802001,76.06074801544645,60,1.260221680133667
cytidine,direct_neighbor_ridge,urinary_tract,42.57040700971355,42.847087694650796,50,0.851408140194271
dimethylglycine,direct_neighbor_ridge,autonomic_ganglia,7.960391987116758,28.37578223436372,32,0.24876224959739868
dimethylglycine,direct_neighbor_ridge,bone,9.07503910783707,24.894316933060765,38,0.2388168186272913
dimethylglycine,direct_neighbor_ridge,breast,28.009405307776188,106.47209363339256,98,0.28581025824261413
dimethylglycine,direct_neighbor_ridge,central_nervous_system,37.42460045607187,96.42997959664116,98,0.38188367812318236
dimethylglycine,direct_neighbor_ridge,endometrium,20.066332354161464,48.63914869796666,56,0.358327363467169
dimethylglycine,direct_neighbor_ridge,haematopoietic_and_lymphoid_tissue,221.23809153368762,728.4037362840984,326,0.678644452557324
dimethylglycine,direct_neighbor_ridge,kidney,15.783352251715483,27.307804750980637,46,0.34311635329816265
dimethylglycine,direct_neighbor_ridge,large_intestine,38.164202060302244,91.87690829833963,110,0.34694729145729314
dimethylglycine,direct_neighbor_ridge,liver,40.687902189770114,55.34401412771776,50,0.8137580437954023
dimethylglycine,direct_neighbor_ridge,lung,193.17496642622353,423.861114859025,352,0.5487925182563168
dimethylglycine,direct_neighbor_ridge,oesophagus,14.29014494494908,21.626683288182704,50,0.2858028988989816
dimethylglycine,direct_neighbor_ridge,ovary,46.76988956711047,88.57290041360964,90,0.5196654396345608
dimethylglycine,direct_neighbor_ridge,pancreas,28.807335099077733,71.27757638973233,82,0.3513089646228992
dimethylglycine,direct_neighbor_ridge,skin,29.37176564458053,37.252565808105736,104,0.282420823505582
dimethylglycine,direct_neighbor_ridge,soft_tissue,48.84737205689828,30.163030156665126,36,1.3568714460249522
dimethylglycine,direct_neighbor_ridge,stomach,36.86514951023646,74.77451120454074,74,0.49817769608427653
dimethylglycine,direct_neighbor_ridge,upper_aerodigestive_tract,11.63454431766683,29.542757868404752,60,0.19390907196111382
dimethylglycine,direct_neighbor_ridge,urinary_tract,14.057942697768164,14.570967160635634,50,0.2811588539553633
glucuronate,direct_neighbor_ridge,autonomic_ganglia,12.478195461877267,13.656932867705866,32,0.3899436081836646
glucuronate,direct_neighbor_ridge,bone,22.350180268678614,19.65013104880602,38,0.5881626386494372
glucuronate,direct_neighbor_ridge,breast,77.45422225648748,75.64507790911131,98,0.7903492066988519
glucuronate,direct_neighbor_ridge,central_nervous_system,76.83142313446756,78.66276754841896,98,0.7839941136170159
glucuronate,direct_neighbor_ridge,endometrium,37.123675919741586,40.35863248587207,56,0.6629227842810997
glucuronate,direct_neighbor_ridge,haematopoietic_and_lymphoid_tissue,982.8732324686198,1051.996142948738,326,3.0149485658546618
glucuronate,direct_neighbor_ridge,kidney,24.38394881179062,27.5388384124715,46,0.5300858437345787
glucuronate,direct_neighbor_ridge,large_intestine,68.1040682772942,56.908303966053246,110,0.6191278934299473
glucuronate,direct_neighbor_ridge,liver,28.827785346423227,27.457641131343774,50,0.5765557069284646
glucuronate,direct_neighbor_ridge,lung,291.94372640579957,304.35017690493146,352,0.8293855863801124
glucuronate,direct_neighbor_ridge,oesophagus,25.520749428022732,25.134227780637175,50,0.5104149885604546
glucuronate,direct_neighbor_ridge,ovary,37.413912905925926,42.196046076360666,90,0.41571014339917695
glucuronate,direct_neighbor_ridge,pancreas,66.55211964209016,69.0082383119491,82,0.811611215147441
glucuronate,direct_neighbor_ridge,skin,51.15339530971376,51.72102471939011,104,0.4918595702857092
glucuronate,direct_neighbor_ridge,soft_tissue,20.233973836767543,21.214563453751364,36,0.5620548287990984
glucuronate,direct_neighbor_ridge,stomach,52.487580086734624,49.7714820284511,74,0.7092916227937112
glucuronate,direct_neighbor_ridge,upper_aerodigestive_tract,37.068472583503834,42.41040653035355,60,0.6178078763917305
glucuronate,direct_neighbor_ridge,urinary_tract,38.62961105031772,41.806276043042395,50,0.7725922210063544
glutamate,direct_neighbor_ridge,autonomic_ganglia,14.916762427863466,17.884780646834365,32,0.4661488258707333
glutamate,direct_neighbor_ridge,bone,21.083890323466886,30.68821572279227,38,0.5548392190386022
glutamate,direct_neighbor_ridge,breast,245.2113984533158,297.23453838673845,98,2.502157127074651
glutamate,direct_neighbor_ridge,central_nervous_system,91.97466142925414,119.91697022332326,98,0.9385169533597362
glutamate,direct_neighbor_ridge,endometrium,30.578445165643178,43.0017062007455,56,0.5460436636721996
glutamate,direct_neighbor_ridge,haematopoietic_and_lymphoid_tissue,531.4708870586629,460.64089116443927,326,1.6302787946584751
glutamate,direct_neighbor_ridge,kidney,55.99712086288969,52.754906592371604,46,1.2173287144106453
glutamate,direct_neighbor_ridge,large_intestine,110.2687007882396,145.61438134861365,110,1.0024427344385418
glutamate,direct_neighbor_ridge,liver,108.53502417571205,127.76259223207654,50,2.170700483514241
glutamate,direct_neighbor_ridge,lung,221.56732483692306,247.78253389728505,352,0.6294526273776223
glutamate,direct_neighbor_ridge,oesophagus,15.832367462763855,12.578419279297668,50,0.3166473492552771
glutamate,direct_neighbor_ridge,ovary,51.30553196765881,53.766944339431284,90,0.5700614663073201
glutamate,direct_neighbor_ridge,pancreas,55.83057393238409,49.09091708197224,82,0.6808606577120011
glutamate,direct_neighbor_ridge,skin,68.66249216855894,65.73260780739935,104,0.6602162708515282
glutamate,direct_neighbor_ridge,soft_tissue,18.072879202626837,18.055365260274602,36,0.50202442229519
glutamate,direct_neighbor_ridge,stomach,71.54093337055133,78.93267848220165,74,0.9667693698723152
glutamate,direct_neighbor_ridge,upper_aerodigestive_tract,31.709803602026394,28.8585825407158,60,0.5284967267004399
glutamate,direct_neighbor_ridge,urinary_tract,45.729101599591665,43.998029857175176,50,0.9145820319918333
glutamine,direct_neighbor_ridge,autonomic_ganglia,17.062518033579117,17.73809693594835,32,0.5332036885493474
glutamine,direct_neighbor_ridge,bone,32.55299201908269,33.32546453808344,38,0.8566576847127023
glutamine,direct_neighbor_ridge,breast,53.130483754519304,60.52285620622036,98,0.5421477934134623
glutamine,direct_neighbor_ridge,central_nervous_system,89.84660560239394,98.62226834071858,98,0.9168020979836116
glutamine,direct_neighbor_ridge,endometrium,70.23188359009421,65.00195482965954,56,1.2541407783945395
glutamine,direct_neighbor_ridge,haematopoietic_and_lymphoid_tissue,324.9485278938934,432.1924754103308,326,0.9967746254413908
glutamine,direct_neighbor_ridge,kidney,51.76086076027806,47.65303485857338,46,1.1252361034843055
glutamine,direct_neighbor_ridge,large_intestine,164.71827780513735,176.81803468766097,110,1.4974388891376123
glutamine,direct_neighbor_ridge,liver,106.44489567514597,93.92670786555531,50,2.1288979135029193
glutamine,direct_neighbor_ridge,lung,268.00198418026895,276.7294330629547,352,0.7613692732394004
glutamine,direct_neighbor_ridge,oesophagus,9.357783834802648,10.215492440738693,50,0.18715567669605296
glutamine,direct_neighbor_ridge,ovary,72.01843361955568,77.76634057783211,90,0.8002048179950632
glutamine,direct_neighbor_ridge,pancreas,64.95870681316309,74.2409176577061,82,0.7921793513800377
glutamine,direct_neighbor_ridge,skin,67.36714416336469,74.32240966791385,104,0.6477610015708143
glutamine,direct_neighbor_ridge,soft_tissue,26.170564434806842,24.986487506844135,36,0.726960123189079
glutamine,direct_neighbor_ridge,stomach,89.67343647868819,106.93035309769125,74,1.2118031956579485
glutamine,direct_neighbor_ridge,upper_aerodigestive_tract,41.523156755622196,47.772038867676514,60,0.6920526125937033
glutamine,direct_neighbor_ridge,urinary_tract,64.28120671645485,73.47347019164614,50,1.2856241343290968
glycine,direct_neighbor_ridge,autonomic_ganglia,14.35731124278518,11.286199975381846,32,0.44866597633703686
glycine,direct_neighbor_ridge,bone,91.54021473502742,102.05159215932598,38,2.408953019342827
glycine,direct_neighbor_ridge,breast,57.25174704905864,53.098498274836174,98,0.5842015005005984
glycine,direct_neighbor_ridge,central_nervous_system,109.15388686341215,120.53337169894951,98,1.1138151720756342
glycine,direct_neighbor_ridge,endometrium,100.22119155580913,110.24179770181917,56,1.789664134925163
glycine,direct_neighbor_ridge,haematopoietic_and_lymphoid_tissue,190.36380669876968,189.10407870379953,326,0.5839380573581892
glycine,direct_neighbor_ridge,kidney,54.114045822799,65.57592730469655,46,1.1763923004956305
glycine,direct_neighbor_ridge,large_intestine,154.31229817448798,173.64667185884713,110,1.402839074313527
glycine,direct_neighbor_ridge,liver,108.2943573733849,111.46376215693958,50,2.165887147467698
glycine,direct_neighbor_ridge,lung,286.614739267259,308.4408853782585,352,0.8142464183728948
glycine,direct_neighbor_ridge,oesophagus,54.88526645428635,54.35536268587594,50,1.097705329085727
glycine,direct_neighbor_ridge,ovary,60.45482599640893,60.53763801568016,90,0.671720288848988
glycine,direct_neighbor_ridge,pancreas,68.78617418707884,71.65572920652322,82,0.8388557827692542
glycine,direct_neighbor_ridge,skin,90.09950634921546,93.78066528001993,104,0.8663414072039948
glycine,direct_neighbor_ridge,soft_tissue,58.91617846895059,63.038504514075335,36,1.6365605130264054
glycine,direct_neighbor_ridge,stomach,77.5689632461724,69.34186170075002,74,1.0482292330563838
glycine,direct_neighbor_ridge,upper_aerodigestive_tract,43.33199503571239,46.66941269749037,60,0.7221999172618732
glycine,direct_neighbor_ridge,urinary_tract,82.48289308671139,93.68840199981967,50,1.6496578617342277
guanosine,direct_neighbor_ridge,autonomic_ganglia,50.821105134101266,52.224022554678,32,1.5881595354406646
guanosine,direct_neighbor_ridge,bone,52.68086083366342,55.36028218657023,38,1.3863384429911425
guanosine,direct_neighbor_ridge,breast,80.68788517089959,82.74799651134627,98,0.8233457670499958
guanosine,direct_neighbor_ridge,central_nervous_system,161.1075947360364,162.4320853463253,98,1.6439550483269019
guanosine,direct_neighbor_ridge,endometrium,64.36670991225142,59.252078544237584,56,1.1494055341473468
guanosine,direct_neighbor_ridge,haematopoietic_and_lymphoid_tissue,240.0420970167184,234.51508772888812,326,0.7363254509715288
guanosine,direct_neighbor_ridge,kidney,37.099293564669374,39.79644278291816,46,0.8065063818406386
guanosine,direct_neighbor_ridge,large_intestine,129.83725493215832,131.5834855936937,110,1.1803386812014391
guanosine,direct_neighbor_ridge,liver,51.24085951556277,48.229002213484634,50,1.0248171903112553
guanosine,direct_neighbor_ridge,lung,341.2021123039821,342.7814427232185,352,0.9693241826817673
guanosine,direct_neighbor_ridge,oesophagus,66.48063500082884,66.57265278362907,50,1.3296127000165767
guanosine,direct_neighbor_ridge,ovary,72.00365175798927,71.83149003798675,90,0.8000405750887697
guanosine,direct_neighbor_ridge,pancreas,56.3037504258256,56.142579083135004,82,0.6866311027539707
guanosine,direct_neighbor_ridge,skin,205.32571528383562,204.15392519996078,104,1.974285723883035
guanosine,direct_neighbor_ridge,soft_tissue,39.00416400318265,39.51126758154456,36,1.083449000088407
guanosine,direct_neighbor_ridge,stomach,87.32921219620398,89.16564311487066,74,1.1801244891378917
guanosine,direct_neighbor_ridge,upper_aerodigestive_tract,29.540136491575677,29.594765003075565,60,0.49233560819292793
guanosine,direct_neighbor_ridge,urinary_tract,42.83485046210844,43.698852299716684,50,0.8566970092421688
histidine,direct_neighbor_ridge,autonomic_ganglia,37.37368845382671,36.403516029872485,32,1.1679277641820847
histidine,direct_neighbor_ridge,bone,29.02013821825387,29.204159591233246,38,0.7636878478487861
histidine,direct_neighbor_ridge,breast,84.89528644231964,87.60094784746114,98,0.8662784330848944
histidine,direct_neighbor_ridge,central_nervous_system,95.97341508581977,76.88961855745991,98,0.9793205621002017
histidine,direct_neighbor_ridge,endometrium,35.79718685755178,43.33070677310896,56,0.639235479599139
histidine,direct_neighbor_ridge,haematopoietic_and_lymphoid_tissue,904.7557904557387,919.2165462067455,326,2.7753245106004254
histidine,direct_neighbor_ridge,kidney,31.800877425622687,24.721920698936955,46,0.6913234222961454
histidine,direct_neighbor_ridge,large_intestine,131.6917231785445,168.18139783832893,110,1.1971974834413135
histidine,direct_neighbor_ridge,liver,44.21142964876997,44.631682432734515,50,0.8842285929753995
histidine,direct_neighbor_ridge,lung,317.68345637479,363.706302468809,352,0.9025098192465625
histidine,direct_neighbor_ridge,oesophagus,14.338375949328704,13.579654260943327,50,0.2867675189865741
histidine,direct_neighbor_ridge,ovary,44.06154704813852,58.96622011689066,90,0.4895727449793169
histidine,direct_neighbor_ridge,pancreas,30.837377635098587,30.329336202167784,82,0.3760655809158364
histidine,direct_neighbor_ridge,skin,67.97724253669105,67.05758267762819,104,0.6536273320835678
histidine,direct_neighbor_ridge,soft_tissue,41.73158539719162,43.45410639988698,36,1.1592107054775451
histidine,direct_neighbor_ridge,stomach,45.28402751592603,48.39933374619394,74,0.6119463177827842
histidine,direct_neighbor_ridge,upper_aerodigestive_tract,40.8506090088376,40.88891077267308,60,0.6808434834806267
histidine,direct_neighbor_ridge,urinary_tract,58.12222294984012,55.64760353374382,50,1.1624444589968024
homocysteine,direct_neighbor_ridge,autonomic_ganglia,25.109545819930762,24.141431190199697,32,0.7846733068728363
homocysteine,direct_neighbor_ridge,bone,40.32649774794947,42.33921517020665,38,1.0612236249460387
homocysteine,direct_neighbor_ridge,breast,78.52862478589489,75.65375228945449,98,0.801312497815254
homocysteine,direct_neighbor_ridge,central_nervous_system,87.6816736211177,97.4595293647346,98,0.8947109553175275
homocysteine,direct_neighbor_ridge,endometrium,42.39367376535534,43.98250557822242,56,0.7570298886670596
homocysteine,direct_neighbor_ridge,haematopoietic_and_lymphoid_tissue,481.23450775793816,334.2170238648355,326,1.476179471650117
homocysteine,direct_neighbor_ridge,kidney,28.943049940840073,31.243996551610078,46,0.6291967378443494
homocysteine,direct_neighbor_ridge,large_intestine,143.99105478445287,151.52377236481996,110,1.3090095889495716
homocysteine,direct_neighbor_ridge,liver,21.72552533070548,21.83486751641966,50,0.4345105066141096
homocysteine,direct_neighbor_ridge,lung,330.0472928826624,327.2979779009977,352,0.937634354780291
homocysteine,direct_neighbor_ridge,oesophagus,42.34336795888842,42.13531524915373,50,0.8468673591777685
homocysteine,direct_neighbor_ridge,ovary,68.84886649111233,64.9615904435199,90,0.7649874054568037
homocysteine,direct_neighbor_ridge,pancreas,89.42109806784491,92.20708152929657,82,1.0905011959493283
homocysteine,direct_neighbor_ridge,skin,156.57826784674796,164.627096253268,104,1.505560267757192
homocysteine,direct_neighbor_ridge,soft_tissue,46.633257776593354,46.73531618210813,36,1.2953682715720376
homocysteine,direct_neighbor_ridge,stomach,97.40443594347518,99.61010809945972,74,1.3162761613983132
homocysteine,direct_neighbor_ridge,upper_aerodigestive_tract,56.32489174302186,56.88555936811435,60,0.9387481957170309
homocysteine,direct_neighbor_ridge,urinary_tract,61.88227247285373,61.079555185686985,50,1.2376454494570746
hypoxanthine,direct_neighbor_ridge,autonomic_ganglia,44.55566681525192,46.81003054446879,32,1.3923645879766224
hypoxanthine,direct_neighbor_ridge,bone,32.68601395855576,33.869479348858974,38,0.8601582620672569
hypoxanthine,direct_neighbor_ridge,breast,80.24450298408676,77.09299854519368,98,0.8188214590212936
hypoxanthine,direct_neighbor_ridge,central_nervous_system,116.18852139644159,127.08172437388374,98,1.185597157106547
hypoxanthine,direct_neighbor_ridge,endometrium,50.73573915626879,52.36349605466948,56,0.9059953420762284
hypoxanthine,direct_neighbor_ridge,haematopoietic_and_lymphoid_tissue,458.2025265795798,417.30105167080467,326,1.4055292226367477
hypoxanthine,direct_neighbor_ridge,kidney,28.474047670092435,28.526105977590127,46,0.6190010363063573
hypoxanthine,direct_neighbor_ridge,large_intestine,134.6316226884801,142.94296284228122,110,1.2239238426225463
hypoxanthine,direct_neighbor_ridge,liver,41.885996383370404,42.67671707055951,50,0.8377199276674081
hypoxanthine,direct_neighbor_ridge,lung,356.46794337625795,352.5966379003855,352,1.0126930209552782
hypoxanthine,direct_neighbor_ridge,oesophagus,61.51819208024466,59.54067048983085,50,1.2303638416048932
hypoxanthine,direct_neighbor_ridge,ovary,72.32925840489048,73.43105643234294,90,0.8036584267210054
hypoxanthine,direct_neighbor_ridge,pancreas,72.2265396832914,80.91707389763172,82,0.8808114595523342
hypoxanthine,direct_neighbor_ridge,skin,103.91210821236766,100.24631483545119,104,0.9991548866573813
hypoxanthine,direct_neighbor_ridge,soft_tissue,32.09884064795311,32.81050730777413,36,0.8916344624431419
hypoxanthine,direct_neighbor_ridge,stomach,66.14672400765618,65.6667495576617,74,0.8938746487521104
hypoxanthine,direct_neighbor_ridge,upper_aerodigestive_tract,65.9548447607192,72.403490285959,60,1.0992474126786533
hypoxanthine,direct_neighbor_ridge,urinary_tract,27.57370460817893,30.471579780779738,50,0.5514740921635786
inosine,direct_neighbor_ridge,autonomic_ganglia,46.43520854224829,48.17505654427296,32,1.451100266945259
inosine,direct_neighbor_ridge,bone,48.27702506730002,49.903773602137015,38,1.2704480280868427
inosine,direct_neighbor_ridge,breast,70.75546681253228,73.20905678065458,98,0.7219945593115539
inosine,direct_neighbor_ridge,central_nervous_system,76.57981259172502,69.28803701436968,98,0.7814266590992348
inosine,direct_neighbor_ridge,endometrium,45.471359203612124,49.14838510834445,56,0.8119885572073594
inosine,direct_neighbor_ridge,haematopoietic_and_lymphoid_tissue,399.70506816087675,399.49410384819714,326,1.2260891661376587
inosine,direct_neighbor_ridge,kidney,41.65186560171327,39.272089421840775,46,0.9054753391676797
inosine,direct_neighbor_ridge,large_intestine,127.73011787879541,133.03991423145715,110,1.161182889807231
inosine,direct_neighbor_ridge,liver,40.65003173818912,40.39239609364602,50,0.8130006347637824
inosine,direct_neighbor_ridge,lung,460.64923190060915,451.96998691320056,352,1.3086625906267306
inosine,direct_neighbor_ridge,oesophagus,75.98262133308155,77.99357719746178,50,1.5196524266616311
inosine,direct_neighbor_ridge,ovary,41.128853351815785,40.035441730184644,90,0.4569872594646198
inosine,direct_neighbor_ridge,pancreas,70.3181307512139,71.65119465306098,82,0.8575381798928524
inosine,direct_neighbor_ridge,skin,94.49003689346704,89.11352419642628,104,0.9085580470525676
inosine,direct_neighbor_ridge,soft_tissue,11.868064920191589,12.65907631611945,36,0.3296684700053219
inosine,direct_neighbor_ridge,stomach,100.72051866856872,101.33125665374071,74,1.3610880901157933
inosine,direct_neighbor_ridge,upper_aerodigestive_tract,28.397885731510122,30.857356127885314,60,0.4732980955251687
inosine,direct_neighbor_ridge,urinary_tract,33.804048822077014,37.047255393347726,50,0.6760809764415403
inositol,direct_neighbor_ridge,autonomic_ganglia,8.862360626616068,7.483763308192955,32,0.27694876958175213
inositol,direct_neighbor_ridge,bone,42.70874790309221,43.85644667630355,38,1.1239144185024266
inositol,direct_neighbor_ridge,breast,113.7394528329019,111.21234535461247,98,1.1606066615602235
inositol,direct_neighbor_ridge,central_nervous_system,87.90215849157225,87.03474490100693,98,0.8969608009344108
inositol,direct_neighbor_ridge,endometrium,89.66443287820931,84.8482067518926,56,1.6011505871108807
inositol,direct_neighbor_ridge,haematopoietic_and_lymphoid_tissue,363.5402457028123,382.5069011582972,326,1.115154127922737
inositol,direct_neighbor_ridge,kidney,32.24768330801083,29.027711909642196,46,0.7010365936524093
inositol,direct_neighbor_ridge,large_intestine,113.85104230986181,123.17458166354228,110,1.0350094755441983
inositol,direct_neighbor_ridge,liver,85.30360098703827,80.56480353963683,50,1.7060720197407653
inositol,direct_neighbor_ridge,lung,243.14448931221088,253.1611965327462,352,0.6907513900915082
inositol,direct_neighbor_ridge,oesophagus,43.08830939943162,45.941249080401185,50,0.8617661879886325
inositol,direct_neighbor_ridge,ovary,97.26697717829033,98.16941174408352,90,1.0807441908698925
inositol,direct_neighbor_ridge,pancreas,81.30049099055103,77.95253701504959,82,0.991469402323793
inositol,direct_neighbor_ridge,skin,160.16582266351202,164.66288858440592,104,1.540055987149154
inositol,direct_neighbor_ridge,soft_tissue,34.483419402645964,36.26413045266661,36,0.9578727611846101
inositol,direct_neighbor_ridge,stomach,63.138292085231605,63.38037004942292,74,0.8532201633139406
inositol,direct_neighbor_ridge,upper_aerodigestive_tract,32.592518158002875,32.978086947938316,60,0.5432086359667145
inositol,direct_neighbor_ridge,urinary_tract,59.46070084413751,64.86964146144484,50,1.1892140168827503
isocitrate,direct_neighbor_ridge,autonomic_ganglia,21.919737124461626,26.112212122513586,32,0.6849917851394258
isocitrate,direct_neighbor_ridge,bone,25.364002522138648,36.8765006239022,38,0.667473750582596
isocitrate,direct_neighbor_ridge,breast,95.89929528676096,107.1059357149613,98,0.9785642376200098
isocitrate,direct_neighbor_ridge,central_nervous_system,72.92759893419765,97.60721837866232,98,0.7441591727979352
isocitrate,direct_neighbor_ridge,endometrium,28.406842508921255,38.09011813596171,56,0.5072650448021653
isocitrate,direct_neighbor_ridge,haematopoietic_and_lymphoid_tissue,724.5692537906718,653.1346269881255,326,2.222605072977521
isocitrate,direct_neighbor_ridge,kidney,35.74535988378752,40.65785734604586,46,0.7770730409519027
isocitrate,direct_neighbor_ridge,large_intestine,66.66084796464393,80.59821863114456,110,0.6060077087694903
isocitrate,direct_neighbor_ridge,liver,36.68400922246578,51.237387566468755,50,0.7336801844493156
isocitrate,direct_neighbor_ridge,lung,252.18892345113744,277.58784822228347,352,0.7164458052589132
isocitrate,direct_neighbor_ridge,oesophagus,16.93706744530633,22.167268043168974,50,0.3387413489061266
isocitrate,direct_neighbor_ridge,ovary,39.912261855560345,49.030449985918324,90,0.44346957617289273
isocitrate,direct_neighbor_ridge,pancreas,79.26042530399211,83.20798166273573,82,0.9665905524877086
isocitrate,direct_neighbor_ridge,skin,73.32634872521781,72.9075606585253,104,0.7050610454347866
isocitrate,direct_neighbor_ridge,soft_tissue,45.226362961883034,51.500218200672606,36,1.2562878600523064
isocitrate,direct_neighbor_ridge,stomach,86.9662890547262,100.1333475788621,74,1.175220122361165
isocitrate,direct_neighbor_ridge,upper_aerodigestive_tract,38.563336237807114,39.29168841839046,60,0.6427222706301186
isocitrate,direct_neighbor_ridge,urinary_tract,29.380648138347578,35.67839730664943,50,0.5876129627669515
isoleucine,direct_neighbor_ridge,autonomic_ganglia,30.33782123724282,30.103273530298768,32,0.9480569136638382
isoleucine,direct_neighbor_ridge,bone,26.309114682780805,26.286105635355987,38,0.6923451232310738
isoleucine,direct_neighbor_ridge,breast,69.88893797287727,70.10659404675569,98,0.7131524282946661
isoleucine,direct_neighbor_ridge,central_nervous_system,70.44264854894283,69.7969121067918,98,0.7188025362137023
isoleucine,direct_neighbor_ridge,endometrium,50.104802751345446,49.93271106124534,56,0.8947286205597401
isoleucine,direct_neighbor_ridge,haematopoietic_and_lymphoid_tissue,625.7906721183101,627.0534503746735,326,1.9196032887064727
isoleucine,direct_neighbor_ridge,kidney,24.641119448043277,24.783796660491113,46,0.5356765097400712
isoleucine,direct_neighbor_ridge,large_intestine,109.2889303975008,107.18019763501597,110,0.9935357308863709
isoleucine,direct_neighbor_ridge,liver,44.11534793208243,44.83748360937226,50,0.8823069586416485
isoleucine,direct_neighbor_ridge,lung,440.86285826000994,440.97871712167205,352,1.2524513018750283
isoleucine,direct_neighbor_ridge,oesophagus,13.690995279858821,14.216700057961763,50,0.27381990559717645
isoleucine,direct_neighbor_ridge,ovary,81.68994388982507,81.7097913472025,90,0.9076660432202786
isoleucine,direct_neighbor_ridge,pancreas,71.70691024161857,72.61437386196867,82,0.87447451514169
isoleucine,direct_neighbor_ridge,skin,60.62941169096909,60.61704501729017,104,0.5829751124131644
isoleucine,direct_neighbor_ridge,soft_tissue,81.149946009376,80.1976778821274,36,2.2541651669271108
isoleucine,direct_neighbor_ridge,stomach,52.63927650607282,52.76310743349265,74,0.7113415744063895
isoleucine,direct_neighbor_ridge,upper_aerodigestive_tract,53.93200305522895,54.36261584065088,60,0.8988667175871491
isoleucine,direct_neighbor_ridge,urinary_tract,85.00286508889253,85.02531124252579,50,1.7000573017778506
kynurenine,direct_neighbor_ridge,autonomic_ganglia,23.899823845374723,22.740356259298725,32,0.7468694951679601
kynurenine,direct_neighbor_ridge,bone,41.34775269639118,42.25613234320605,38,1.088098755168189
kynurenine,direct_neighbor_ridge,breast,104.14400221405711,104.70217694063977,98,1.06269390014344
kynurenine,direct_neighbor_ridge,central_nervous_system,167.7132177638699,167.248884508982,98,1.711359364937448
kynurenine,direct_neighbor_ridge,endometrium,29.31465313860636,30.207128559254663,56,0.523475948903685
kynurenine,direct_neighbor_ridge,haematopoietic_and_lymphoid_tissue,293.0884687767816,296.4622366487638,326,0.8990443827508638
kynurenine,direct_neighbor_ridge,kidney,39.519301125175254,41.110197193085696,46,0.8591152418516359
kynurenine,direct_neighbor_ridge,large_intestine,103.83273382424807,102.78531732027052,110,0.9439339438568006
kynurenine,direct_neighbor_ridge,liver,81.32472277637353,81.77139223579366,50,1.6264944555274707
kynurenine,direct_neighbor_ridge,lung,273.47434687567096,275.65942890883525,352,0.7769157581695197
kynurenine,direct_neighbor_ridge,oesophagus,30.577508830042948,32.569040023802565,50,0.611550176600859
kynurenine,direct_neighbor_ridge,ovary,155.34829490724428,155.34965166877146,90,1.7260921656360475
kynurenine,direct_neighbor_ridge,pancreas,113.55374018969036,111.38148271015444,82,1.3848017096303702
kynurenine,direct_neighbor_ridge,skin,98.15512704902328,97.81283329804934,104,0.9437992985483008
kynurenine,direct_neighbor_ridge,soft_tissue,18.602407835109716,16.878618193953734,36,0.5167335509752699
kynurenine,direct_neighbor_ridge,stomach,64.41484700004045,62.42373452212467,74,0.8704709054059521
kynurenine,direct_neighbor_ridge,upper_aerodigestive_tract,70.66183744777193,69.85119321333907,60,1.177697290796199
kynurenine,direct_neighbor_ridge,urinary_tract,59.37775111947778,57.965662915228656,50,1.1875550223895557
leucine,direct_neighbor_ridge,autonomic_ganglia,35.25149750881787,44.39401504380479,32,1.1016092971505584
leucine,direct_neighbor_ridge,bone,21.776889194048213,35.15672894024065,38,0.5730760314223214
leucine,direct_neighbor_ridge,breast,50.88233940839771,89.6856850034243,98,0.5192075449836501
leucine,direct_neighbor_ridge,central_nervous_system,55.426113472721354,86.09427601685573,98,0.5655725864563403
leucine,direct_neighbor_ridge,endometrium,26.022995899027997,37.50388777750932,56,0.46469635533978565
leucine,direct_neighbor_ridge,haematopoietic_and_lymphoid_tissue,435.28002850721487,966.9964555400786,326,1.3352148113718247
leucine,direct_neighbor_ridge,kidney,14.20651347993972,30.302132119365695,46,0.30883724956390696
leucine,direct_neighbor_ridge,large_intestine,44.69360154071776,98.82120414047279,110,0.40630546855197963
leucine,direct_neighbor_ridge,liver,48.57912982074176,59.71711084041577,50,0.9715825964148352
leucine,direct_neighbor_ridge,lung,193.06510802930813,374.9985676648406,352,0.5484804205378072
leucine,direct_neighbor_ridge,oesophagus,15.414141125338238,15.5529595619441,50,0.30828282250676475
leucine,direct_neighbor_ridge,ovary,43.81115913112724,54.29801100995483,90,0.4867906570125249
leucine,direct_neighbor_ridge,pancreas,36.74865177907232,39.20462101543679,82,0.4481542899886868
leucine,direct_neighbor_ridge,skin,57.63768387447625,65.30123849641238,104,0.5542084987930409
leucine,direct_neighbor_ridge,soft_tissue,19.779201423951328,36.263348432508344,36,0.5494222617764257
leucine,direct_neighbor_ridge,stomach,41.6137790381919,40.167348884420285,74,0.5623483653809717
leucine,direct_neighbor_ridge,upper_aerodigestive_tract,65.55809486142819,61.991325895604824,60,1.0926349143571366
leucine,direct_neighbor_ridge,urinary_tract,42.153938756059624,50.09134759129472,50,0.8430787751211924
lysine,direct_neighbor_ridge,autonomic_ganglia,30.197792623684737,31.881697357456588,32,0.943681019490148
lysine,direct_neighbor_ridge,bone,42.44477555567005,45.12194575709871,38,1.1169677777807907
lysine,direct_neighbor_ridge,breast,84.74719053838993,75.06701829686159,98,0.864767250391734
lysine,direct_neighbor_ridge,central_nervous_system,90.39000779694462,92.48198715657074,98,0.9223470183361695
lysine,direct_neighbor_ridge,endometrium,35.885099966948246,40.28951730006323,56,0.6408053565526473
lysine,direct_neighbor_ridge,haematopoietic_and_lymphoid_tissue,1052.5286858903528,1061.410130477398,326,3.228615600890653
lysine,direct_neighbor_ridge,kidney,45.74833237276119,42.10813851663326,46,0.9945289646252433
lysine,direct_neighbor_ridge,large_intestine,103.3398271363045,110.388950819427,110,0.9394529739664046
lysine,direct_neighbor_ridge,liver,45.72874147980945,41.525141708316376,50,0.914574829596189
lysine,direct_neighbor_ridge,lung,282.3177774123657,290.496973593029,352,0.8020391403760389
lysine,direct_neighbor_ridge,oesophagus,15.426252096271146,18.949115345992233,50,0.3085250419254229
lysine,direct_neighbor_ridge,ovary,69.01869833659482,72.99080204691398,90,0.7668744259621647
lysine,direct_neighbor_ridge,pancreas,33.619983926584624,33.354020798557556,82,0.40999980398273933
lysine,direct_neighbor_ridge,skin,96.21803007854055,99.90670558929557,104,0.9251733661398129
lysine,direct_neighbor_ridge,soft_tissue,16.554662815398032,18.95489232072659,36,0.45985174487216757
lysine,direct_neighbor_ridge,stomach,49.52954420629342,53.430291665730365,74,0.6693181649499111
lysine,direct_neighbor_ridge,upper_aerodigestive_tract,79.46243783625373,71.59857881603938,60,1.324373963937562
lysine,direct_neighbor_ridge,urinary_tract,48.58361128522325,46.58361596460328,50,0.971672225704465
malate,direct_neighbor_ridge,autonomic_ganglia,17.87604245017837,19.84121264258016,32,0.5586263265680741
malate,direct_neighbor_ridge,bone,24.888684563507365,35.2913998855552,38,0.6549653832501938
malate,direct_neighbor_ridge,breast,75.8253208108016,111.75384653000741,98,0.7737277633755265
malate,direct_neighbor_ridge,central_nervous_system,112.35505300397038,151.50743371592282,98,1.1464801326935754
malate,direct_neighbor_ridge,endometrium,21.94578326088428,27.694892468244685,56,0.391888986801505
malate,direct_neighbor_ridge,haematopoietic_and_lymphoid_tissue,734.200357919473,741.3984866626931,326,2.2521483371762976
malate,direct_neighbor_ridge,kidney,16.185618303002503,21.831080252394923,46,0.35186126745657614
malate,direct_neighbor_ridge,large_intestine,58.11766340968879,82.80526041968886,110,0.5283423946335344
malate,direct_neighbor_ridge,liver,44.74377220548265,70.74039821213101,50,0.894875444109653
malate,direct_neighbor_ridge,lung,189.15808285243912,244.90712254551394,352,0.5373809171944294
malate,direct_neighbor_ridge,oesophagus,50.236940520125906,52.36317309374923,50,1.0047388104025181
malate,direct_neighbor_ridge,ovary,42.28579652853622,50.324431706736874,90,0.4698421836504024
malate,direct_neighbor_ridge,pancreas,67.89962304487241,61.86464749486163,82,0.8280441834740538
malate,direct_neighbor_ridge,skin,34.21094050426507,47.02010175430008,104,0.32895135100254874
malate,direct_neighbor_ridge,soft_tissue,27.778194110861044,26.65505158076134,36,0.7716165030794735
malate,direct_neighbor_ridge,stomach,37.637706868586726,53.52319456626257,74,0.5086176603863071
malate,direct_neighbor_ridge,upper_aerodigestive_tract,32.21307221469847,32.097003176607664,60,0.5368845369116412
malate,direct_neighbor_ridge,urinary_tract,25.670426567479893,32.36008683217915,50,0.5134085313495979
methionine,direct_neighbor_ridge,autonomic_ganglia,11.264518954188295,28.913798916867744,32,0.35201621731838423
methionine,direct_neighbor_ridge,bone,11.639064809486428,29.0827344418866,38,0.30629117919701127
methionine,direct_neighbor_ridge,breast,35.76708633721593,82.3544720281677,98,0.3649702687471013
methionine,direct_neighbor_ridge,central_nervous_system,31.692547748723996,81.32677635191394,98,0.32339334437473466
methionine,direct_neighbor_ridge,endometrium,26.712667558693102,34.98199169494261,56,0.4770119206909483
methionine,direct_neighbor_ridge,haematopoietic_and_lymphoid_tissue,237.74997367133955,850.6833644378879,326,0.7292943977648453
methionine,direct_neighbor_ridge,kidney,6.15366645546823,24.871540197090734,46,0.1337753577275702
methionine,direct_neighbor_ridge,large_intestine,82.37218856036121,160.7036962504014,110,0.7488380778214655
methionine,direct_neighbor_ridge,liver,49.167762849800205,56.329269100195816,50,0.9833552569960041
methionine,direct_neighbor_ridge,lung,250.63265199151323,412.6077429716564,352,0.7120245795213443
methionine,direct_neighbor_ridge,oesophagus,30.527910448801077,34.995761697852615,50,0.6105582089760215
methionine,direct_neighbor_ridge,ovary,52.001324665693005,60.302741265706544,90,0.5777924962854778
methionine,direct_neighbor_ridge,pancreas,13.441306144009815,31.76311467840428,82,0.1639183676098758
methionine,direct_neighbor_ridge,skin,45.54706683028951,52.09326254598395,104,0.43795256567586066
methionine,direct_neighbor_ridge,soft_tissue,16.056450802249618,17.00843877766209,36,0.4460125222847116
methionine,direct_neighbor_ridge,stomach,52.129546581070734,47.787916490601255,74,0.7044533321766315
methionine,direct_neighbor_ridge,upper_aerodigestive_tract,34.69280104221601,59.30356234777404,60,0.5782133507036001
methionine,direct_neighbor_ridge,urinary_tract,19.214388964506192,53.99798264426069,50,0.3842877792901238
ornithine,direct_neighbor_ridge,autonomic_ganglia,32.05940886025306,24.20233199152689,32,1.001856526882908
ornithine,direct_neighbor_ridge,bone,19.08313293147433,23.78239036045597,38,0.5021877087230088
ornithine,direct_neighbor_ridge,breast,85.97978956779993,136.65277685340993,98,0.8773447915081625
ornithine,direct_neighbor_ridge,central_nervous_system,75.74420793923666,75.13709965446118,98,0.772900081012619
ornithine,direct_neighbor_ridge,endometrium,21.959641379241226,37.690592756360665,56,0.3921364532007362
ornithine,direct_neighbor_ridge,haematopoietic_and_lymphoid_tissue,318.40547757624785,432.79919136147794,326,0.9767039189455455
ornithine,direct_neighbor_ridge,kidney,26.454061361695874,28.887275428275192,46,0.5750882904716494
ornithine,direct_neighbor_ridge,large_intestine,90.05056187150193,107.18317782538425,110,0.8186414715591084
ornithine,direct_neighbor_ridge,liver,44.15191456331866,49.40550452580338,50,0.8830382912663732
ornithine,direct_neighbor_ridge,lung,268.2884328691004,387.9725214548,352,0.7621830479235807
ornithine,direct_neighbor_ridge,oesophagus,28.353906924138066,32.17885560097294,50,0.5670781384827613
ornithine,direct_neighbor_ridge,ovary,47.90228430237352,66.14263132589384,90,0.5322476033597058
ornithine,direct_neighbor_ridge,pancreas,89.84611974321628,114.45189429201847,82,1.0956843871123936
ornithine,direct_neighbor_ridge,skin,60.234264900258545,71.46057253323757,104,0.5791756240409476
ornithine,direct_neighbor_ridge,soft_tissue,38.367723899382675,49.35991946470628,36,1.0657701083161855
ornithine,direct_neighbor_ridge,stomach,64.41521705169706,81.45877637922891,74,0.8704759061040143
ornithine,direct_neighbor_ridge,upper_aerodigestive_tract,43.393578038006005,36.30973854854841,60,0.7232263006334334
ornithine,direct_neighbor_ridge,urinary_tract,36.92825161048717,40.41019744274121,50,0.7385650322097435
oxalate,direct_neighbor_ridge,autonomic_ganglia,64.87735767886758,65.13371588314762,32,2.027417427464612
oxalate,direct_neighbor_ridge,bone,25.48709721413368,24.235981648505714,38,0.6707130845824653
oxalate,direct_neighbor_ridge,breast,57.87974646428811,51.83671677835306,98,0.5906096577988583
oxalate,direct_neighbor_ridge,central_nervous_system,68.65927787570224,64.16699160238674,98,0.700604876282676
oxalate,direct_neighbor_ridge,endometrium,31.487694947329068,31.516249813879714,56,0.5622802669165905
oxalate,direct_neighbor_ridge,haematopoietic_and_lymphoid_tissue,1489.4558109199454,1398.1810092187347,326,4.568882855582655
oxalate,direct_neighbor_ridge,kidney,15.079971464717115,13.196191210170026,46,0.32782546662428513
oxalate,direct_neighbor_ridge,large_intestine,63.21637596257377,63.755623052996526,110,0.5746943269324888
oxalate,direct_neighbor_ridge,liver,37.16081599425257,34.17624167959782,50,0.7432163198850514
oxalate,direct_neighbor_ridge,lung,395.85486274985044,388.9351539817884,352,1.1245876782666206
oxalate,direct_neighbor_ridge,oesophagus,38.93795608243111,38.952283142046454,50,0.7787591216486222
oxalate,direct_neighbor_ridge,ovary,53.37167650942328,52.589556737849804,90,0.5930186278824809
oxalate,direct_neighbor_ridge,pancreas,66.4000395687955,67.03440783936315,82,0.8097565801072623
oxalate,direct_neighbor_ridge,skin,78.9564838520524,79.72197389214911,104,0.7591969601158884
oxalate,direct_neighbor_ridge,soft_tissue,16.92213324703237,16.50719366614892,36,0.4700592568620103
oxalate,direct_neighbor_ridge,stomach,59.81979610675708,60.546576586683464,74,0.8083756230642849
oxalate,direct_neighbor_ridge,upper_aerodigestive_tract,36.48417319644039,35.7764519754928,60,0.6080695532740065
oxalate,direct_neighbor_ridge,urinary_tract,14.893396946530798,14.286636548781939,50,0.29786793893061597
phenylalanine,direct_neighbor_ridge,autonomic_ganglia,29.560057315002112,32.883887805091,32,0.923751791093816
phenylalanine,direct_neighbor_ridge,bone,44.76192996599458,43.353491615857514,38,1.1779455254209101
phenylalanine,direct_neighbor_ridge,breast,81.55378341521669,79.2381257718854,98,0.8321814634205784
phenylalanine,direct_neighbor_ridge,central_nervous_system,83.70200963687785,97.10900074327829,98,0.8541021391518148
phenylalanine,direct_neighbor_ridge,endometrium,38.312407816279176,44.09012037384953,56,0.6841501395764139
phenylalanine,direct_neighbor_ridge,haematopoietic_and_lymphoid_tissue,751.1289169053664,824.3965004380756,326,2.30407643222505
phenylalanine,direct_neighbor_ridge,kidney,29.61023722472545,33.80246346163484,46,0.643700809233162
phenylalanine,direct_neighbor_ridge,large_intestine,128.15947834927314,122.2883955299115,110,1.165086166811574
phenylalanine,direct_neighbor_ridge,liver,52.01446996053281,50.70855418082585,50,1.040289399210656
phenylalanine,direct_neighbor_ridge,lung,274.938829381363,301.52322827389344,352,0.7810762198334177
phenylalanine,direct_neighbor_ridge,oesophagus,70.40955628554686,57.29084618165158,50,1.4081911257109372
phenylalanine,direct_neighbor_ridge,ovary,60.43375264883879,65.17211395277127,90,0.6714861405426532
phenylalanine,direct_neighbor_ridge,pancreas,33.261419268913066,31.809028186611467,82,0.4056270642550374
phenylalanine,direct_neighbor_ridge,skin,102.99094426925912,92.32034037413429,104,0.9902975410505684
phenylalanine,direct_neighbor_ridge,soft_tissue,28.874719798316452,34.11501280443619,36,0.8020755499532348
phenylalanine,direct_neighbor_ridge,stomach,47.10473120093317,44.076389746569326,74,0.636550421634232
phenylalanine,direct_neighbor_ridge,upper_aerodigestive_tract,75.29842826299512,89.54168842810118,60,1.254973804383252
phenylalanine,direct_neighbor_ridge,urinary_tract,66.0895187138427,67.09726795095955,50,1.321790374276854
proline,direct_neighbor_ridge,autonomic_ganglia,8.565316226104898,14.851342600204786,32,0.26766613206577805
proline,direct_neighbor_ridge,bone,31.052928809426664,63.64269608513686,38,0.8171823370901754
proline,direct_neighbor_ridge,breast,83.31036225332211,130.37337346306262,98,0.850105737278797
proline,direct_neighbor_ridge,central_nervous_system,61.30506270055276,90.80170767429978,98,0.6255618642913547
proline,direct_neighbor_ridge,endometrium,30.262919409300682,38.69978582498739,56,0.5404092751660836
proline,direct_neighbor_ridge,haematopoietic_and_lymphoid_tissue,278.7186126298018,347.7986155673416,326,0.8549650694165699
proline,direct_neighbor_ridge,kidney,65.95136608766475,49.66055024137207,46,1.4337253497318425
proline,direct_neighbor_ridge,large_intestine,83.71268025082739,101.08423107165589,110,0.7610243659166126
proline,direct_neighbor_ridge,liver,95.48740028427395,144.4775675251946,50,1.909748005685479
proline,direct_neighbor_ridge,lung,207.71237156665057,296.7321389298876,352,0.5900919646779846
proline,direct_neighbor_ridge,oesophagus,21.796568156781177,33.53053781388453,50,0.43593136313562353
proline,direct_neighbor_ridge,ovary,50.13499841623112,52.33719061857071,90,0.5570555379581236
proline,direct_neighbor_ridge,pancreas,52.97700167922522,67.38497030206499,82,0.6460609960881124
proline,direct_neighbor_ridge,skin,58.99832871364723,77.27747029163636,104,0.567291622246608
proline,direct_neighbor_ridge,soft_tissue,44.41743173010163,62.28622844133294,36,1.2338175480583786
proline,direct_neighbor_ridge,stomach,31.574246226519676,46.70378051569512,74,0.4266790030610767
proline,direct_neighbor_ridge,upper_aerodigestive_tract,54.55433057028025,78.84812531002007,60,0.9092388428380042
proline,direct_neighbor_ridge,urinary_tract,51.86649940866051,85.8436694734423,50,1.03732998817321
putrescine,direct_neighbor_ridge,autonomic_ganglia,33.68312811808363,32.80564405161942,32,1.0525977536901134
putrescine,direct_neighbor_ridge,bone,66.19782300398991,67.54345195929112,38,1.742047973789208
putrescine,direct_neighbor_ridge,breast,121.73418588878195,123.34587402425223,98,1.2421855702936935
putrescine,direct_neighbor_ridge,central_nervous_system,63.70480240527115,66.79668392506133,98,0.6500490041354199
putrescine,direct_neighbor_ridge,endometrium,36.096169552926206,36.2143355200959,56,0.6445744563022536
putrescine,direct_neighbor_ridge,haematopoietic_and_lymphoid_tissue,354.210110800488,360.51215434202265,326,1.086534082210086
putrescine,direct_neighbor_ridge,kidney,23.920428786701738,22.20819765061692,46,0.5200093214500378
putrescine,direct_neighbor_ridge,large_intestine,75.15955820923799,74.71061081494351,110,0.6832687109930726
putrescine,direct_neighbor_ridge,liver,33.88604233031235,32.65906768909892,50,0.677720846606247
putrescine,direct_neighbor_ridge,lung,388.64542885552146,393.38184680231024,352,1.1041063319759132
putrescine,direct_neighbor_ridge,oesophagus,44.78119456497961,43.72126823028973,50,0.8956238912995922
putrescine,direct_neighbor_ridge,ovary,66.11848269781784,66.68374864987031,90,0.7346498077535315
putrescine,direct_neighbor_ridge,pancreas,70.10180712475963,68.31530039204806,82,0.8549000868873126
putrescine,direct_neighbor_ridge,skin,184.6050345762914,188.1488369571319,104,1.7750484093874173
putrescine,direct_neighbor_ridge,soft_tissue,58.270098417884014,55.15993603908142,36,1.6186138449412226
putrescine,direct_neighbor_ridge,stomach,42.41150497028119,42.187856607444594,74,0.5731284455443404
putrescine,direct_neighbor_ridge,upper_aerodigestive_tract,35.46951331974838,35.28488354354974,60,0.5911585553291396
putrescine,direct_neighbor_ridge,urinary_tract,78.29257686305365,77.65923459243206,50,1.565851537261073
sarcosine,direct_neighbor_ridge,autonomic_ganglia,8.639248515460096,10.436573288503475,32,0.269976516108128
sarcosine,direct_neighbor_ridge,bone,33.374878657569596,46.70910057603611,38,0.8782862804623578
sarcosine,direct_neighbor_ridge,breast,114.65502792204171,114.49658578195168,98,1.1699492645106297
sarcosine,direct_neighbor_ridge,central_nervous_system,104.40410944735576,124.58030359008715,98,1.0653480555852628
sarcosine,direct_neighbor_ridge,endometrium,34.47619491399248,43.054625206265285,56,0.6156463377498657
sarcosine,direct_neighbor_ridge,haematopoietic_and_lymphoid_tissue,249.08450195443436,266.0008781323397,326,0.7640628894307803
sarcosine,direct_neighbor_ridge,kidney,59.08259860856111,43.891502201989134,46,1.2844043175774156
sarcosine,direct_neighbor_ridge,large_intestine,92.76065495834062,122.3289667312412,110,0.8432786814394602
sarcosine,direct_neighbor_ridge,liver,57.746982730475224,64.91665427745896,50,1.1549396546095045
sarcosine,direct_neighbor_ridge,lung,353.914848847158,358.28220566972027,352,1.005439911497608
sarcosine,direct_neighbor_ridge,oesophagus,61.57735032723723,79.22506105962552,50,1.2315470065447445
sarcosine,direct_neighbor_ridge,ovary,32.46211788436545,30.840397312630667,90,0.36069019871517166
sarcosine,direct_neighbor_ridge,pancreas,73.39658303856335,79.79872311019193,82,0.8950802809580897
sarcosine,direct_neighbor_ridge,skin,123.84069336859864,130.0362720702842,104,1.190775897774987
sarcosine,direct_neighbor_ridge,soft_tissue,30.914511330699263,23.71976779707796,36,0.8587364258527573
sarcosine,direct_neighbor_ridge,stomach,90.01016256003061,113.62603614287417,74,1.2163535481085217
sarcosine,direct_neighbor_ridge,upper_aerodigestive_tract,51.05244377718776,62.63616997783069,60,0.8508740629531294
sarcosine,direct_neighbor_ridge,urinary_tract,48.113852587276,65.80103433149141,50,0.96227705174552
serine,direct_neighbor_ridge,autonomic_ganglia,18.475675639026903,22.457745119340622,32,0.5773648637195907
serine,direct_neighbor_ridge,bone,55.39091108437247,74.20347849613246,38,1.457655554851907
serine,direct_neighbor_ridge,breast,49.54021696747228,79.4329487572832,98,0.5055124180354315
serine,direct_neighbor_ridge,central_nervous_system,144.09948099674094,143.58582374390951,98,1.470402867313683
serine,direct_neighbor_ridge,endometrium,46.06898130277605,48.55693926636733,56,0.8226603804067152
serine,direct_neighbor_ridge,haematopoietic_and_lymphoid_tissue,207.90031737349713,319.6259193427835,326,0.637731034888028
serine,direct_neighbor_ridge,kidney,26.375823888709125,25.892952063749295,46,0.5733874758415027
serine,direct_neighbor_ridge,large_intestine,156.57689582572442,152.48525233052905,110,1.4234263256884039
serine,direct_neighbor_ridge,liver,60.96410195945887,51.059178306437936,50,1.2192820391891774
serine,direct_neighbor_ridge,lung,353.03706583697146,391.79353957520755,352,1.0029462097641235
serine,direct_neighbor_ridge,oesophagus,15.841286158968943,29.887029294871272,50,0.31682572317937885
serine,direct_neighbor_ridge,ovary,35.552038999103374,60.45175937716083,90,0.395022655545593
serine,direct_neighbor_ridge,pancreas,68.0032226765429,70.05839294573168,82,0.8293075936163768
serine,direct_neighbor_ridge,skin,73.22588745647188,84.75476825230903,104,0.704095071696845
serine,direct_neighbor_ridge,soft_tissue,39.575335494908586,44.97720378924979,36,1.099314874858572
serine,direct_neighbor_ridge,stomach,35.747437706249244,44.99636913851757,74,0.48307348251688165
serine,direct_neighbor_ridge,upper_aerodigestive_tract,27.287082520521853,39.97374456345512,60,0.4547847086753642
serine,direct_neighbor_ridge,urinary_tract,89.81496642519312,88.35510441081385,50,1.7962993285038624
taurine,direct_neighbor_ridge,autonomic_ganglia,27.80739438116929,24.757053655703878,32,0.8689810744115403
taurine,direct_neighbor_ridge,bone,21.352181168596577,27.674710411936626,38,0.561899504436752
taurine,direct_neighbor_ridge,breast,112.97560347313545,130.85724849327485,98,1.152812280338117
taurine,direct_neighbor_ridge,central_nervous_system,56.97652939582786,64.9369588389751,98,0.5813931571002843
taurine,direct_neighbor_ridge,endometrium,56.84217708046728,55.657101615166454,56,1.0150388764369158
taurine,direct_neighbor_ridge,haematopoietic_and_lymphoid_tissue,376.38705886382843,394.09712546496564,326,1.1545615302571424
taurine,direct_neighbor_ridge,kidney,25.330505035339264,37.147372208279,46,0.550663152942158
taurine,direct_neighbor_ridge,large_intestine,71.96947686435665,69.90813817239447,110,0.6542679714941514
taurine,direct_neighbor_ridge,liver,69.51572858647273,77.21604221896419,50,1.3903145717294547
taurine,direct_neighbor_ridge,lung,270.29071557713746,310.6621067145945,352,0.7678713510714132
taurine,direct_neighbor_ridge,oesophagus,29.122268907795902,25.936571784560044,50,0.582445378155918
taurine,direct_neighbor_ridge,ovary,153.93470799669768,146.95191107953394,90,1.710385644407752
taurine,direct_neighbor_ridge,pancreas,53.40072876393956,62.56935341964211,82,0.6512283995602386
taurine,direct_neighbor_ridge,skin,54.138488627164655,63.41980522209097,104,0.520562390645814
taurine,direct_neighbor_ridge,soft_tissue,75.83585078851381,74.70869138762853,36,2.10655141079205
taurine,direct_neighbor_ridge,stomach,54.61728126798635,63.09475998170571,74,0.7380713684863021
taurine,direct_neighbor_ridge,upper_aerodigestive_tract,122.32734054830705,116.35859217286846,60,2.038789009138451
taurine,direct_neighbor_ridge,urinary_tract,58.28416278721968,60.557971463180245,50,1.1656832557443935
taurocholate,direct_neighbor_ridge,autonomic_ganglia,23.443411070882338,22.144156459582295,32,0.732606595965073
taurocholate,direct_neighbor_ridge,bone,47.1969076269091,52.56115141287511,38,1.2420238849186607
taurocholate,direct_neighbor_ridge,breast,60.72644788547555,58.11098658614519,98,0.6196576314844444
taurocholate,direct_neighbor_ridge,central_nervous_system,47.8227369404962,45.40676848128772,98,0.4879871116377163
taurocholate,direct_neighbor_ridge,endometrium,81.99282620321387,83.85097457297267,56,1.4641576107716763
taurocholate,direct_neighbor_ridge,haematopoietic_and_lymphoid_tissue,617.8165058781696,648.6893811830165,326,1.8951426560680047
taurocholate,direct_neighbor_ridge,kidney,30.794370301967042,33.56335961287344,46,0.6694428326514574
taurocholate,direct_neighbor_ridge,large_intestine,108.58692200697709,108.15121489005797,110,0.9871538364270644
taurocholate,direct_neighbor_ridge,liver,35.049329045242715,36.38628899915363,50,0.7009865809048543
taurocholate,direct_neighbor_ridge,lung,314.8499677996508,301.5689362597554,352,0.8944601357944625
taurocholate,direct_neighbor_ridge,oesophagus,33.10017483415563,34.686903280145394,50,0.6620034966831126
taurocholate,direct_neighbor_ridge,ovary,87.28193833028985,85.98553954692805,90,0.9697993147809983
taurocholate,direct_neighbor_ridge,pancreas,77.74778636572809,81.23059380632401,82,0.9481437361674158
taurocholate,direct_neighbor_ridge,skin,65.66839595510658,67.16255007340389,104,0.6314268841837171
taurocholate,direct_neighbor_ridge,soft_tissue,61.41995495599614,61.1993079381605,36,1.7061098598887816
taurocholate,direct_neighbor_ridge,stomach,49.41137600749932,51.376726049707045,74,0.6677212973986395
taurocholate,direct_neighbor_ridge,upper_aerodigestive_tract,19.718301740949126,21.163701530997592,60,0.3286383623491521
taurocholate,direct_neighbor_ridge,urinary_tract,40.404217902244554,38.94649715201725,50,0.8080843580448911
thymidine,direct_neighbor_ridge,autonomic_ganglia,38.18465134396399,43.159828637020645,32,1.1932703544988748
thymidine,direct_neighbor_ridge,bone,26.986333554716424,31.652636997321743,38,0.7101666724925375
thymidine,direct_neighbor_ridge,breast,87.86821552598221,77.7946872798995,98,0.8966144441426755
thymidine,direct_neighbor_ridge,central_nervous_system,125.4824020817843,146.96538968149923,98,1.2804326743039214
thymidine,direct_neighbor_ridge,endometrium,113.96415922120715,116.11973195586498,56,2.0350742718072707
thymidine,direct_neighbor_ridge,haematopoietic_and_lymphoid_tissue,421.13927189970843,462.3939306586684,326,1.2918382573610687
thymidine,direct_neighbor_ridge,kidney,27.03367573829808,26.521197563576585,46,0.58768860300648
thymidine,direct_neighbor_ridge,large_intestine,81.39973350532371,89.09637456833272,110,0.7399975773211246
thymidine,direct_neighbor_ridge,liver,39.010087062283084,48.815614590891364,50,0.7802017412456617
thymidine,direct_neighbor_ridge,lung,288.023590088269,304.21564002373356,352,0.8182488354780368
thymidine,direct_neighbor_ridge,oesophagus,33.13126530785832,30.96752194059733,50,0.6626253061571664
thymidine,direct_neighbor_ridge,ovary,92.85039896218987,93.7728081590994,90,1.0316710995798875
thymidine,direct_neighbor_ridge,pancreas,70.91561219464334,65.32128095676353,82,0.8648245389590652
thymidine,direct_neighbor_ridge,skin,74.48792800276091,72.66157325860657,104,0.7162300769496242
thymidine,direct_neighbor_ridge,soft_tissue,40.68198707795935,37.04749193457819,36,1.1300551966099819
thymidine,direct_neighbor_ridge,stomach,77.46422660816025,83.43016910440078,74,1.0468138730832466
thymidine,direct_neighbor_ridge,upper_aerodigestive_tract,78.11047727798076,56.39780371546568,60,1.3018412879663461
thymidine,direct_neighbor_ridge,urinary_tract,21.492170841757435,23.399459908770275,50,0.4298434168351487
thymine,direct_neighbor_ridge,autonomic_ganglia,74.3397584218087,84.27862672670544,32,2.3231174506815218
thymine,direct_neighbor_ridge,bone,34.65354354072517,33.273008548823974,38,0.9119353563348728
thymine,direct_neighbor_ridge,breast,123.12500691101596,128.79434092839966,98,1.2563776215409792
thymine,direct_neighbor_ridge,central_nervous_system,96.14610725344936,98.76215126109179,98,0.9810827270760138
thymine,direct_neighbor_ridge,endometrium,99.34381974258848,97.61401241244545,56,1.7739967811176514
thymine,direct_neighbor_ridge,haematopoietic_and_lymphoid_tissue,214.09082620239565,285.586553099819,326,0.6567203257742198
thymine,direct_neighbor_ridge,kidney,51.845147134729295,49.07568476782979,46,1.127068415972376
thymine,direct_neighbor_ridge,large_intestine,127.90388443309702,122.39085338886794,110,1.1627625857554273
thymine,direct_neighbor_ridge,liver,51.75204099106879,59.08143542980079,50,1.0350408198213759
thymine,direct_neighbor_ridge,lung,259.53726961243535,292.6401833147617,352,0.7373217886716913
thymine,direct_neighbor_ridge,oesophagus,42.00205419250904,52.64669050023031,50,0.8400410838501808
thymine,direct_neighbor_ridge,ovary,65.79072933110939,64.99321678083675,90,0.7310081036789933
thymine,direct_neighbor_ridge,pancreas,122.63667960100166,114.96851477694149,82,1.4955692634268496
thymine,direct_neighbor_ridge,skin,77.21988032823488,74.68622177314514,104,0.7424988493099508
thymine,direct_neighbor_ridge,soft_tissue,19.851646393371418,19.97363389083264,36,0.5514346220380949
thymine,direct_neighbor_ridge,stomach,72.04263789400841,75.09489790036561,74,0.9735491607298433
thymine,direct_neighbor_ridge,upper_aerodigestive_tract,63.77008966606722,62.46863050528738,60,1.062834827767787
thymine,direct_neighbor_ridge,urinary_tract,50.50862864013497,49.537284365578465,50,1.0101725728026993
thyroxine,direct_neighbor_ridge,autonomic_ganglia,27.302473857864253,30.80985145543534,32,0.8532023080582579
thyroxine,direct_neighbor_ridge,bone,28.77630892168275,27.577098816109412,38,0.757271287412704
thyroxine,direct_neighbor_ridge,breast,101.46413716041788,107.12627675534888,98,1.0353483383716109
thyroxine,direct_neighbor_ridge,central_nervous_system,86.64465771884082,84.63230254043158,98,0.8841291603963349
thyroxine,direct_neighbor_ridge,endometrium,59.07326006417491,64.78016860998252,56,1.0548796440031234
thyroxine,direct_neighbor_ridge,haematopoietic_and_lymphoid_tissue,777.8351256476441,806.0007256036415,326,2.3859973179375586
thyroxine,direct_neighbor_ridge,kidney,23.080171121341223,22.098777636746245,46,0.5017428504639396
thyroxine,direct_neighbor_ridge,large_intestine,103.35017534197465,117.95785486341731,110,0.9395470485634059
thyroxine,direct_neighbor_ridge,liver,44.67709005046804,41.45342186669866,50,0.8935418010093608
thyroxine,direct_neighbor_ridge,lung,257.9475070898968,272.5758099919716,352,0.7328054178690251
thyroxine,direct_neighbor_ridge,oesophagus,33.16109199707627,27.121717923892234,50,0.6632218399415254
thyroxine,direct_neighbor_ridge,ovary,72.57442758212069,79.98913678322765,90,0.8063825286902299
thyroxine,direct_neighbor_ridge,pancreas,66.8678239243013,64.25528223661999,82,0.8154612673695281
thyroxine,direct_neighbor_ridge,skin,73.63695308433597,75.69166635950609,104,0.7080476258109228
thyroxine,direct_neighbor_ridge,soft_tissue,28.147836897231944,28.656701663669313,36,0.7818843582564429
thyroxine,direct_neighbor_ridge,stomach,116.09805081358311,118.85044879846436,74,1.5688925785619339
thyroxine,direct_neighbor_ridge,upper_aerodigestive_tract,44.153849822368564,37.436323649740196,60,0.735897497039476
thyroxine,direct_neighbor_ridge,urinary_tract,27.656705340481498,26.97687386951634,50,0.5531341068096299
trimethylamine-N-oxide,direct_neighbor_ridge,autonomic_ganglia,21.70226415020833,32.084729486560185,32,0.6781957546940103
trimethylamine-N-oxide,direct_neighbor_ridge,bone,11.321859876514079,16.709417973233492,38,0.2979436809608968
trimethylamine-N-oxide,direct_neighbor_ridge,breast,34.01637284427499,46.405524692281546,98,0.3471058453497448
trimethylamine-N-oxide,direct_neighbor_ridge,central_nervous_system,36.21806897275255,38.674096357222346,98,0.369572132375026
trimethylamine-N-oxide,direct_neighbor_ridge,endometrium,19.507562016927995,18.398818116911848,56,0.34834932173085703
trimethylamine-N-oxide,direct_neighbor_ridge,haematopoietic_and_lymphoid_tissue,580.1772629690847,645.0465102783012,326,1.7796848557333886
trimethylamine-N-oxide,direct_neighbor_ridge,kidney,13.428379347739293,15.074551263858453,46,0.2919212901682455
trimethylamine-N-oxide,direct_neighbor_ridge,large_intestine,27.22373874781872,32.214738852448704,110,0.2474885340710793
trimethylamine-N-oxide,direct_neighbor_ridge,liver,12.123766864118965,15.709102494578026,50,0.2424753372823793
trimethylamine-N-oxide,direct_neighbor_ridge,lung,1191.993323159316,1277.2349159846665,352,3.386344668066239
trimethylamine-N-oxide,direct_neighbor_ridge,oesophagus,15.558712571500735,24.257013411422676,50,0.3111742514300147
trimethylamine-N-oxide,direct_neighbor_ridge,ovary,51.05387109449352,49.1096585679748,90,0.5672652343832614
trimethylamine-N-oxide,direct_neighbor_ridge,pancreas,29.946592844092947,41.9798733875467,82,0.3652023517572311
trimethylamine-N-oxide,direct_neighbor_ridge,skin,23.905492869851177,30.323543052477326,104,0.2298605083639536
trimethylamine-N-oxide,direct_neighbor_ridge,soft_tissue,14.318026272392354,17.28228966487603,36,0.3977229520108987
trimethylamine-N-oxide,direct_neighbor_ridge,stomach,27.76525849542677,32.456208967108786,74,0.37520619588414555
trimethylamine-N-oxide,direct_neighbor_ridge,upper_aerodigestive_tract,15.353458106331916,20.560596343507175,60,0.2558909684388653
trimethylamine-N-oxide,direct_neighbor_ridge,urinary_tract,15.295231276058416,18.323462857345437,50,0.3059046255211683
tyrosine,direct_neighbor_ridge,autonomic_ganglia,4.12191269889464,31.089284102199514,32,0.1288097718404575
tyrosine,direct_neighbor_ridge,bone,9.3062483031664,39.70790828158148,38,0.24490127113595792
tyrosine,direct_neighbor_ridge,breast,10.740180225733582,72.49215963353328,98,0.10959367577279165
tyrosine,direct_neighbor_ridge,central_nervous_system,12.050023754557982,86.35625736784759,98,0.12295942606691818
tyrosine,direct_neighbor_ridge,endometrium,10.947815335710239,39.647523937015734,56,0.19549670242339712
tyrosine,direct_neighbor_ridge,haematopoietic_and_lymphoid_tissue,69.45272544908639,826.8185631110293,326,0.21304517008922205
tyrosine,direct_neighbor_ridge,kidney,5.048691071143945,28.29286955505329,46,0.10975415372052054
tyrosine,direct_neighbor_ridge,large_intestine,35.191073929691484,142.73943494397776,110,0.3199188539062862
tyrosine,direct_neighbor_ridge,liver,11.641403792273522,56.41159345774172,50,0.23282807584547044
tyrosine,direct_neighbor_ridge,lung,95.43120553471162,350.3507921735718,352,0.2711113793599762
tyrosine,direct_neighbor_ridge,oesophagus,17.24922667695044,8.354524679828032,50,0.34498453353900876
tyrosine,direct_neighbor_ridge,ovary,19.43486266986262,55.9463278072323,90,0.2159429185540291
tyrosine,direct_neighbor_ridge,pancreas,20.032718588523917,47.702639045160126,82,0.24430144620151117
tyrosine,direct_neighbor_ridge,skin,15.35832529010777,74.90555768197963,104,0.1476762047125747
tyrosine,direct_neighbor_ridge,soft_tissue,24.253363519540812,42.11410742487865,36,0.673704542209467
tyrosine,direct_neighbor_ridge,stomach,27.14057017941071,56.97720682657253,74,0.36676446188392847
tyrosine,direct_neighbor_ridge,upper_aerodigestive_tract,8.212826955070584,80.56929447250039,60,0.1368804492511764
tyrosine,direct_neighbor_ridge,urinary_tract,7.999503944379499,66.14750265808209,50,0.15999007888758998
uracil,direct_neighbor_ridge,autonomic_ganglia,20.811048258902698,33.64371909375918,32,0.6503452580907093
uracil,direct_neighbor_ridge,bone,32.92830301790134,26.03590622798076,38,0.8665342899447722
uracil,direct_neighbor_ridge,breast,57.59143450006009,92.01694623202643,98,0.587667698980205
uracil,direct_neighbor_ridge,central_nervous_system,92.50405211791204,71.52468020543918,98,0.9439188991623677
uracil,direct_neighbor_ridge,endometrium,20.383812749813885,40.47205277884424,56,0.3639966562466765
uracil,direct_neighbor_ridge,haematopoietic_and_lymphoid_tissue,452.660215927401,998.9248178820667,326,1.388528269715954
uracil,direct_neighbor_ridge,kidney,13.821472939137742,24.21908535475143,46,0.3004668030247335
uracil,direct_neighbor_ridge,large_intestine,73.85512682445372,91.68932373742892,110,0.6714102438586702
uracil,direct_neighbor_ridge,liver,34.55139636177442,41.06662806579172,50,0.6910279272354884
uracil,direct_neighbor_ridge,lung,191.78637331148119,335.8797649488789,352,0.5448476514530716
uracil,direct_neighbor_ridge,oesophagus,14.820735284845775,22.3275624808379,50,0.29641470569691547
uracil,direct_neighbor_ridge,ovary,23.682616352040885,62.42391220777729,90,0.26314018168934317
uracil,direct_neighbor_ridge,pancreas,75.73107054437912,98.57202466587525,82,0.9235496407851113
uracil,direct_neighbor_ridge,skin,58.31020529775454,58.78805571808588,104,0.5606750509399475
uracil,direct_neighbor_ridge,soft_tissue,25.30709131791515,27.328768882563246,36,0.7029747588309765
uracil,direct_neighbor_ridge,stomach,63.80187530672739,61.78292204484784,74,0.8621875041449647
uracil,direct_neighbor_ridge,upper_aerodigestive_tract,42.8941855193904,47.567470842579176,60,0.7149030919898399
uracil,direct_neighbor_ridge,urinary_tract,24.84539426931569,32.80062053348276,50,0.4969078853863138
urate,direct_neighbor_ridge,autonomic_ganglia,23.641402408255566,32.074867518782256,32,0.7387938252579864
urate,direct_neighbor_ridge,bone,16.485565806608577,25.484851980286585,38,0.4338306791212783
urate,direct_neighbor_ridge,breast,81.66153077359516,108.83815007035699,98,0.8332809262611751
urate,direct_neighbor_ridge,central_nervous_system,38.813009273835625,59.713407877414916,98,0.39605111503913903
urate,direct_neighbor_ridge,endometrium,32.84349248945944,45.22274524385566,56,0.5864909373117758
urate,direct_neighbor_ridge,haematopoietic_and_lymphoid_tissue,309.36607199089974,418.3658354783598,326,0.9489756809536802
urate,direct_neighbor_ridge,kidney,33.387022015136175,39.96906593849746,46,0.7258048264160039
urate,direct_neighbor_ridge,large_intestine,74.0850711240731,104.29981673492942,110,0.6735006465824827
urate,direct_neighbor_ridge,liver,24.631841506039656,39.296526932809165,50,0.4926368301207931
urate,direct_neighbor_ridge,lung,471.1050681491173,566.5556477596119,352,1.338366670878174
urate,direct_neighbor_ridge,oesophagus,31.596875348493654,31.455763449743532,50,0.631937506969873
urate,direct_neighbor_ridge,ovary,104.40786148916678,114.00482067589824,90,1.160087349879631
urate,direct_neighbor_ridge,pancreas,36.667597477714665,49.54349385149737,82,0.44716582289895934
urate,direct_neighbor_ridge,skin,60.52786405695536,75.86539347058688,104,0.58199869285534
urate,direct_neighbor_ridge,soft_tissue,33.24559396980866,36.753250022992155,36,0.9234887213835739
urate,direct_neighbor_ridge,stomach,63.50388044231954,74.94142893173479,74,0.8581605465178317
urate,direct_neighbor_ridge,upper_aerodigestive_tract,22.1384577121178,33.77698245579792,60,0.3689742952019633
urate,direct_neighbor_ridge,urinary_tract,21.360093424482557,25.80716895901786,50,0.42720186848965114
uridine,direct_neighbor_ridge,autonomic_ganglia,110.88255470027806,111.89200898282459,32,3.4650798343836895
uridine,direct_neighbor_ridge,bone,36.62269082351675,37.23584136336252,38,0.9637550216714934
uridine,direct_neighbor_ridge,breast,75.337561785959,74.81110804618463,98,0.7687506304689693
uridine,direct_neighbor_ridge,central_nervous_system,35.507255863979786,35.580937129768586,98,0.36231893738754883
uridine,direct_neighbor_ridge,endometrium,49.05110008321128,50.10930872124911,56,0.8759125014859157
uridine,direct_neighbor_ridge,haematopoietic_and_lymphoid_tissue,1054.4282003769952,1044.2277223711055,326,3.2344423324447704
uridine,direct_neighbor_ridge,kidney,21.972080333628057,21.932579743251196,46,0.4776539202962621
uridine,direct_neighbor_ridge,large_intestine,112.3951790617694,113.77807445126902,110,1.0217743551069944
uridine,direct_neighbor_ridge,liver,27.603543407470006,26.22043838089776,50,0.5520708681494001
uridine,direct_neighbor_ridge,lung,272.4909747506814,271.5093856386638,352,0.7741220873598903
uridine,direct_neighbor_ridge,oesophagus,21.79125556155702,21.088529171033628,50,0.43582511123114037
uridine,direct_neighbor_ridge,ovary,45.6294329604538,45.1689690726022,90,0.5069936995605977
uridine,direct_neighbor_ridge,pancreas,26.49104532907723,26.43851162832445,82,0.32306152840338087
uridine,direct_neighbor_ridge,skin,37.91341399075158,37.63539830002451,104,0.36455205760338055
uridine,direct_neighbor_ridge,soft_tissue,34.89141208600088,33.09966723780552,36,0.9692058912778021
uridine,direct_neighbor_ridge,stomach,66.89896664740195,66.23282538615567,74,0.904040089829756
uridine,direct_neighbor_ridge,upper_aerodigestive_tract,20.69011392553112,20.864495130264,60,0.3448352320921853
uridine,direct_neighbor_ridge,urinary_tract,25.99704257118821,26.034030324135017,50,0.5199408514237642
valine,direct_neighbor_ridge,autonomic_ganglia,26.557488060166317,29.498809110084096,32,0.8299215018801974
valine,direct_neighbor_ridge,bone,35.009808705590636,51.49272013393129,38,0.9213107554102798
valine,direct_neighbor_ridge,breast,63.02584344505069,75.36695049477167,98,0.6431208514801091
valine,direct_neighbor_ridge,central_nervous_system,84.92399485531391,108.76916912651596,98,0.8665713760746317
valine,direct_neighbor_ridge,endometrium,31.294930819478143,40.94361799518636,56,0.558838050347824
valine,direct_neighbor_ridge,haematopoietic_and_lymphoid_tissue,340.92458656556767,611.3309580568371,326,1.045780940385177
valine,direct_neighbor_ridge,kidney,26.19653199892808,42.256647095248574,46,0.569489826063654
valine,direct_neighbor_ridge,large_intestine,100.76438346391998,126.84244240041293,110,0.9160398496719998
valine,direct_neighbor_ridge,liver,51.94151841450556,45.85817395002347,50,1.0388303682901112
valine,direct_neighbor_ridge,lung,299.46056100129067,311.34991297090335,352,0.850740230117303
valine,direct_neighbor_ridge,oesophagus,32.21695686037047,29.386107513437203,50,0.6443391372074094
valine,direct_neighbor_ridge,ovary,54.96962669867315,70.44935768637984,90,0.6107736299852573
valine,direct_neighbor_ridge,pancreas,50.11776151961696,44.63222663955041,82,0.6111922136538654
valine,direct_neighbor_ridge,skin,120.29210639670917,139.277174945972,104,1.1566548691991267
valine,direct_neighbor_ridge,soft_tissue,22.28290128379127,22.288543882601576,36,0.618969480105313
valine,direct_neighbor_ridge,stomach,49.720313489184015,50.84709496756809,74,0.6718961282322164
valine,direct_neighbor_ridge,upper_aerodigestive_tract,90.38256897995556,110.23937553978224,60,1.506376149665926
valine,direct_neighbor_ridge,urinary_tract,57.93556951023781,70.75660217778488,50,1.1587113902047563
xanthine,direct_neighbor_ridge,autonomic_ganglia,34.54542608283526,66.23502903326178,32,1.079544565088602
xanthine,direct_neighbor_ridge,bone,7.683516240506759,25.575915340983748,38,0.20219779580280947
xanthine,direct_neighbor_ridge,breast,23.74561028194017,93.40831848281857,98,0.24230214573408337
xanthine,direct_neighbor_ridge,central_nervous_system,32.49117318967594,47.56669517001732,98,0.33154258356812183
xanthine,direct_neighbor_ridge,endometrium,9.01746711623795,42.4444001416222,56,0.16102619850424912
xanthine,direct_neighbor_ridge,haematopoietic_and_lymphoid_tissue,557.0241096949983,1738.1470083767015,326,1.7086629131748414
xanthine,direct_neighbor_ridge,kidney,8.49455437638074,19.141393315302636,46,0.18466422557349435
xanthine,direct_neighbor_ridge,large_intestine,15.344186812105988,66.6924826469326,110,0.1394926073827817
xanthine,direct_neighbor_ridge,liver,26.666669196416944,32.9129686923225,50,0.5333333839283388
xanthine,direct_neighbor_ridge,lung,124.13072797654303,320.9224233482166,352,0.3526441135697245
xanthine,direct_neighbor_ridge,oesophagus,10.727169140909867,16.035138514178993,50,0.21454338281819735
xanthine,direct_neighbor_ridge,ovary,13.975980180651124,55.873249868046905,90,0.15528866867390137
xanthine,direct_neighbor_ridge,pancreas,40.760193180538415,48.62857370219443,82,0.4970755265919319
xanthine,direct_neighbor_ridge,skin,13.74675478118523,35.9850462310532,104,0.13218033443447336
xanthine,direct_neighbor_ridge,soft_tissue,19.783563160058183,33.8188961266503,36,0.5495434211127272
xanthine,direct_neighbor_ridge,stomach,37.02374043622288,51.54981503410463,74,0.5003208167057146
xanthine,direct_neighbor_ridge,upper_aerodigestive_tract,13.941542279473953,24.656599438329877,60,0.23235903799123256
xanthine,direct_neighbor_ridge,urinary_tract,12.674781088857372,22.396555406015327,50,0.25349562177714746
xanthosine,direct_neighbor_ridge,autonomic_ganglia,22.026310631869165,22.016397327107157,32,0.6883222072459114
xanthosine,direct_neighbor_ridge,bone,22.755581748669705,22.08656209756773,38,0.5988310986492028
xanthosine,direct_neighbor_ridge,breast,126.68526960367657,128.53162127447231,98,1.2927068326905773
xanthosine,direct_neighbor_ridge,central_nervous_system,85.21872390810987,87.09613607341502,98,0.8695788153888762
xanthosine,direct_neighbor_ridge,endometrium,46.91463191425997,46.21537376805728,56,0.8377612841832137
xanthosine,direct_neighbor_ridge,haematopoietic_and_lymphoid_tissue,884.3475591001841,882.5872664649976,326,2.712722573926945
xanthosine,direct_neighbor_ridge,kidney,30.66622562916851,30.601550780587818,46,0.6666570788949676
xanthosine,direct_neighbor_ridge,large_intestine,106.01271759124462,102.45779675132013,110,0.9637519781022238
xanthosine,direct_neighbor_ridge,liver,71.02419749156522,68.0229925076185,50,1.4204839498313044
xanthosine,direct_neighbor_ridge,lung,382.21248238795886,384.1154207891632,352,1.0858309158748831
xanthosine,direct_neighbor_ridge,oesophagus,24.431641738742183,24.466950449882805,50,0.48863283477484365
xanthosine,direct_neighbor_ridge,ovary,53.81034862694118,52.53144476977794,90,0.5978927625215686
xanthosine,direct_neighbor_ridge,pancreas,36.47705456519035,36.08587435265258,82,0.44484212884378477
xanthosine,direct_neighbor_ridge,skin,27.486094028197428,26.944119533474666,104,0.2642893656557445
xanthosine,direct_neighbor_ridge,soft_tissue,33.888258227553756,34.565862440935895,36,0.9413405063209377
xanthosine,direct_neighbor_ridge,stomach,59.03082530242878,55.14147364324464,74,0.7977138554382268
xanthosine,direct_neighbor_ridge,upper_aerodigestive_tract,20.539932595727176,21.284138706772836,60,0.34233220992878627
xanthosine,direct_neighbor_ridge,urinary_tract,17.395745527539503,16.5181086074403,50,0.34791491055079005
