target,model,lineage,squared_error_sum,truth_energy_sum,observations,mean_squared_error
AMP,direct_neighbor_ridge,autonomic_ganglia,25.550882666898744,38.662305357892606,32,0.7984650833405857
AMP,direct_neighbor_ridge,bone,17.56671272151504,40.56386320165723,38,0.46228191372407995
AMP,direct_neighbor_ridge,breast,35.020345147345274,38.51496032623904,98,0.35735046068719667
AMP,direct_neighbor_ridge,central_nervous_system,29.550971713515462,52.952843751440916,98,0.3015405276889333
AMP,direct_neighbor_ridge,endometrium,17.694749007909103,33.28088229173083,56,0.3159776608555197
AMP,direct_neighbor_ridge,haematopoietic_and_lymphoid_tissue,1126.9913739778085,2083.528147210272,326,3.457028754533155
AMP,direct_neighbor_ridge,kidney,16.446803966712174,25.099128973646497,46,0.357539216667656
AMP,direct_neighbor_ridge,large_intestine,63.969712922681275,106.60262709170267,110,0.581542844751648
AMP,direct_neighbor_ridge,liver,20.32610771072246,26.09228080500443,50,0.4065221542144492
AMP,direct_neighbor_ridge,lung,111.0353817330368,221.01175331085415,352,0.31544142537794545
AMP,direct_neighbor_ridge,oesophagus,11.87352735317093,8.500264834188513,50,0.2374705470634186
AMP,direct_neighbor_ridge,ovary,19.258582407659585,36.89714606921265,90,0.2139842489739954
AMP,direct_neighbor_ridge,pancreas,20.408587014616426,28.91547555591152,82,0.24888520749532228
AMP,direct_neighbor_ridge,skin,30.73521601493221,48.13402072116802,104,0.295530923220502
AMP,direct_neighbor_ridge,soft_tissue,19.037911536241335,26.339490446249194,36,0.5288308760067038
AMP,direct_neighbor_ridge,stomach,29.032946816441253,42.99751915048565,74,0.39233711914109803
AMP,direct_neighbor_ridge,upper_aerodigestive_tract,11.313994396673614,25.425542301736822,60,0.18856657327789356
AMP,direct_neighbor_ridge,urinary_tract,22.98839639541798,28.369666106732684,50,0.4597679279083596
CMP,direct_neighbor_ridge,autonomic_ganglia,11.86745949913937,21.238592629932704,32,0.3708581093481053
CMP,direct_neighbor_ridge,bone,36.90052536196985,36.71405371155091,38,0.9710664568939433
CMP,direct_neighbor_ridge,breast,23.076288649155188,30.86042284622687,98,0.23547233315464478
CMP,direct_neighbor_ridge,central_nervous_system,66.62588871040468,73.26051620621128,98,0.6798560072490274
CMP,direct_neighbor_ridge,endometrium,26.491003107505087,43.96081565408872,56,0.4730536269197337
CMP,direct_neighbor_ridge,haematopoietic_and_lymphoid_tissue,1466.0407599925406,1839.5865189765327,326,4.497057545989389
CMP,direct_neighbor_ridge,kidney,38.748282259041716,33.84335697811922,46,0.8423539621530808
CMP,direct_neighbor_ridge,large_intestine,97.27232234322278,117.76756573295344,110,0.8842938394838434
CMP,direct_neighbor_ridge,liver,25.536972768307912,30.560188973731307,50,0.5107394553661583
CMP,direct_neighbor_ridge,lung,164.53994382704485,204.33837393758895,352,0.4674430222359229
CMP,direct_neighbor_ridge,oesophagus,17.98114947037587,17.351043449096238,50,0.35962298940751736
CMP,direct_neighbor_ridge,ovary,37.409548259307286,39.814346384244615,90,0.4156616473256365
CMP,direct_neighbor_ridge,pancreas,26.82792890193904,37.02849202604523,82,0.3271698646577932
CMP,direct_neighbor_ridge,skin,40.44357671386118,47.28850584060537,104,0.38888054532558824
CMP,direct_neighbor_ridge,soft_tissue,25.72526051763197,36.70653271868176,36,0.7145905699342214
CMP,direct_neighbor_ridge,stomach,55.922688119742055,49.524198160616514,74,0.7557120016181359
CMP,direct_neighbor_ridge,upper_aerodigestive_tract,29.80992792316977,30.347893502680414,60,0.4968321320528295
CMP,direct_neighbor_ridge,urinary_tract,36.72559136173114,18.488380884538014,50,0.7345118272346228
GMP,direct_neighbor_ridge,autonomic_ganglia,17.625676150028333,17.092799205563985,32,0.5508023796883854
GMP,direct_neighbor_ridge,bone,52.90106061604891,55.97831873052658,38,1.3921331741065501
GMP,direct_neighbor_ridge,breast,61.31464301742487,48.07977710520926,98,0.6256596226267844
GMP,direct_neighbor_ridge,central_nervous_system,36.007532622114056,57.208349241802495,98,0.36742380226647
GMP,direct_neighbor_ridge,endometrium,22.888955417142835,43.27288697300067,56,0.40873134673469347
GMP,direct_neighbor_ridge,haematopoietic_and_lymphoid_tissue,656.0054960674568,1216.8861404112283,326,2.012286797752935
GMP,direct_neighbor_ridge,kidney,27.855842998368114,21.37232268027582,46,0.6055618043123503
GMP,direct_neighbor_ridge,large_intestine,60.576175244660725,121.31802520119751,110,0.5506925022241884
GMP,direct_neighbor_ridge,liver,25.816335804612347,43.392486977733675,50,0.5163267160922469
GMP,direct_neighbor_ridge,lung,163.060119281421,240.72115569875484,352,0.4632389752313097
GMP,direct_neighbor_ridge,oesophagus,20.992134478332158,25.128955068098843,50,0.41984268956664317
GMP,direct_neighbor_ridge,ovary,27.592117870181173,46.160059766538176,90,0.30657908744645745
GMP,direct_neighbor_ridge,pancreas,35.58850207895333,55.60507350247176,82,0.43400612291406504
GMP,direct_neighbor_ridge,skin,65.35071856480167,84.83285737032926,104,0.6283722938923237
GMP,direct_neighbor_ridge,soft_tissue,18.48647275678619,33.805213836615714,36,0.5135131321329497
GMP,direct_neighbor_ridge,stomach,31.095012325825998,51.41845301812486,74,0.4202028692679189
GMP,direct_neighbor_ridge,upper_aerodigestive_tract,23.638906077449825,21.463481391668612,60,0.39398176795749706
GMP,direct_neighbor_ridge,urinary_tract,20.837047937318772,28.5659224689543,50,0.41674095874637546
NAD,direct_neighbor_ridge,autonomic_ganglia,51.46216180937725,63.11028556307281,32,1.608192556543039
NAD,direct_neighbor_ridge,bone,11.496540801381212,35.12804112273649,38,0.3025405474047687
NAD,direct_neighbor_ridge,breast,78.83289006592248,119.28477183741332,98,0.8044172455706375
NAD,direct_neighbor_ridge,central_nervous_system,134.0958954715962,167.1470983214205,98,1.3683254639958797
NAD,direct_neighbor_ridge,endometrium,22.752203207780937,29.318390877662882,56,0.40628934299608815
NAD,direct_neighbor_ridge,haematopoietic_and_lymphoid_tissue,524.0204003153858,707.4557134285053,326,1.6074245408447418
NAD,direct_neighbor_ridge,kidney,26.4553115293517,20.115359237885276,46,0.5751154680293847
NAD,direct_neighbor_ridge,large_intestine,31.972709360945515,61.85458379251278,110,0.2906609941904138
NAD,direct_neighbor_ridge,liver,22.119131027944288,30.95977205445173,50,0.4423826205588858
NAD,direct_neighbor_ridge,lung,240.16390487042653,295.44025649389823,352,0.6822838206546208
NAD,direct_neighbor_ridge,oesophagus,31.459676065940513,30.70281121042122,50,0.6291935213188102
NAD,direct_neighbor_ridge,ovary,33.84871495452887,43.42659377797654,90,0.3760968328280986
NAD,direct_neighbor_ridge,pancreas,41.22673530949357,67.5029020667356,82,0.5027650647499216
NAD,direct_neighbor_ridge,skin,56.569355487420125,55.33165626777842,104,0.5439361104559628
NAD,direct_neighbor_ridge,soft_tissue,16.866971298509487,27.01477918279766,36,0.4685269805141524
NAD,direct_neighbor_ridge,stomach,31.406734143496962,54.33729477342882,74,0.42441532626347245
NAD,direct_neighbor_ridge,upper_aerodigestive_tract,25.86191172683416,20.967252642578686,60,0.43103186211390265
NAD,direct_neighbor_ridge,urinary_tract,30.519425271925332,48.45243405618742,50,0.6103885054385066
NADP,direct_neighbor_ridge,autonomic_ganglia,18.256645637875742,34.77893908684556,32,0.570520176183617
NADP,direct_neighbor_ridge,bone,21.940630320681944,19.484173299656543,38,0.5773850084389985
NADP,direct_neighbor_ridge,breast,104.10772241172354,117.9990063816851,98,1.0623236980788118
NADP,direct_neighbor_ridge,central_nervous_system,100.10060001943671,113.20848800730701,98,1.0214346940758847
NADP,direct_neighbor_ridge,endometrium,39.75837754141361,39.34500569184417,56,0.709971027525243
NADP,direct_neighbor_ridge,haematopoietic_and_lymphoid_tissue,313.8513169743533,353.4522219094337,326,0.962734101148323
NADP,direct_neighbor_ridge,kidney,49.36527817882243,54.33470459694155,46,1.0731582212787485
NADP,direct_neighbor_ridge,large_intestine,60.264560679137695,72.58815511411154,110,0.5478596425376154
NADP,direct_neighbor_ridge,liver,33.84889713549504,41.83556460715585,50,0.6769779427099007
NADP,direct_neighbor_ridge,lung,456.15947583381734,519.4969468124134,352,1.2959076018006175
NADP,direct_neighbor_ridge,oesophagus,83.41166386814362,100.0446120521017,50,1.6682332773628723
NADP,direct_neighbor_ridge,ovary,62.799752142072585,57.76577855401612,90,0.6977750238008065
NADP,direct_neighbor_ridge,pancreas,58.98096586328762,69.81904395286148,82,0.7192800715035076
NADP,direct_neighbor_ridge,skin,95.88281527324301,91.19949398148815,104,0.9219501468581058
NADP,direct_neighbor_ridge,soft_tissue,22.46980855259602,34.316976174977434,36,0.6241613486832228
NADP,direct_neighbor_ridge,stomach,53.8806122221715,72.81943642163343,74,0.7281163813806959
NADP,direct_neighbor_ridge,upper_aerodigestive_tract,26.7496902151784,30.228839209089394,60,0.44582817025297333
NADP,direct_neighbor_ridge,urinary_tract,33.38144926975826,40.11186558324279,50,0.6676289853951651
UMP,direct_neighbor_ridge,autonomic_ganglia,16.694065693480475,19.760988378641137,32,0.5216895529212648
UMP,direct_neighbor_ridge,bone,28.853380935948934,40.16199023144217,38,0.7592994983144457
UMP,direct_neighbor_ridge,breast,45.1241369090382,29.183906998294468,98,0.4604503766228388
UMP,direct_neighbor_ridge,central_nervous_system,61.5835727869202,62.75807454101035,98,0.6284038039481653
UMP,direct_neighbor_ridge,endometrium,24.400133370456793,32.766886686989864,56,0.4357166673295856
UMP,direct_neighbor_ridge,haematopoietic_and_lymphoid_tissue,1759.0185153915331,1950.6397672106914,326,5.395762317151942
UMP,direct_neighbor_ridge,kidney,35.44054765142369,25.116069342207112,46,0.7704466880744281
UMP,direct_neighbor_ridge,large_intestine,109.01568653231742,124.08565610022644,110,0.9910516957483402
UMP,direct_neighbor_ridge,liver,27.005417819839792,24.409137029823377,50,0.5401083563967959
UMP,direct_neighbor_ridge,lung,199.3359995322953,205.97249812644475,352,0.566295453216748
UMP,direct_neighbor_ridge,oesophagus,14.828884439099452,15.665613481881948,50,0.29657768878198904
UMP,direct_neighbor_ridge,ovary,44.370892348627045,41.53131833176785,90,0.49300991498474495
UMP,direct_neighbor_ridge,pancreas,38.830475459620104,36.22642499941739,82,0.4735423836539037
UMP,direct_neighbor_ridge,skin,56.21015140805541,53.88439487638264,104,0.5404822250774559
UMP,direct_neighbor_ridge,soft_tissue,40.24882419522816,25.00767528767332,36,1.1180228943118933
UMP,direct_neighbor_ridge,stomach,61.329185280768044,60.54617987562938,74,0.8287727740644331
UMP,direct_neighbor_ridge,upper_aerodigestive_tract,29.575396890470696,31.765226060507924,60,0.4929232815078449
UMP,direct_neighbor_ridge,urinary_tract,27.701702324275164,26.589514445291933,50,0.5540340464855033
acetylcholine,direct_neighbor_ridge,autonomic_ganglia,18.989519931145193,19.073387560248506,32,0.5934224978482873
acetylcholine,direct_neighbor_ridge,bone,26.8857052900029,26.89945407565188,38,0.7075185602632342
acetylcholine,direct_neighbor_ridge,breast,122.41218767930731,122.1083996130125,98,1.249103955911299
acetylcholine,direct_neighbor_ridge,central_nervous_system,116.06763227213175,117.64195315225031,98,1.1843635946135893
acetylcholine,direct_neighbor_ridge,endometrium,35.63961059819838,35.682446269029505,56,0.6364216178249711
acetylcholine,direct_neighbor_ridge,haematopoietic_and_lymphoid_tissue,336.1122236174601,331.8966324034542,326,1.0310190908511045
acetylcholine,direct_neighbor_ridge,kidney,36.66998841510993,36.69499034276428,46,0.7971736611980419
acetylcholine,direct_neighbor_ridge,large_intestine,85.12417931461187,85.32942755340547,110,0.7738561755873806
acetylcholine,direct_neighbor_ridge,liver,46.45607082621614,45.068793248579695,50,0.9291214165243228
acetylcholine,direct_neighbor_ridge,lung,429.2952369696685,429.55216963647916,352,1.2195887413911037
acetylcholine,direct_neighbor_ridge,oesophagus,54.96021881250155,54.89784696968565,50,1.099204376250031
acetylcholine,direct_neighbor_ridge,ovary,71.52871210182094,71.45363582088704,90,0.7947634677980104
acetylcholine,direct_neighbor_ridge,pancreas,104.06912916752032,104.27798053160409,82,1.2691357215551258
acetylcholine,direct_neighbor_ridge,skin,140.5052129143261,140.8374025694817,104,1.351011662637751
acetylcholine,direct_neighbor_ridge,soft_tissue,38.14842260235213,38.13442612832989,36,1.0596784056208923
acetylcholine,direct_neighbor_ridge,stomach,39.611905468305594,39.937480846346595,74,0.5352960198419675
acetylcholine,direct_neighbor_ridge,upper_aerodigestive_tract,51.850932160969265,51.90729662059759,60,0.8641822026828211
acetylcholine,direct_neighbor_ridge,urinary_tract,52.35294180595909,52.526881226891796,50,1.0470588361191817
aconitate,direct_neighbor_ridge,autonomic_ganglia,19.022033633580747,21.156138623980944,32,0.5944385510493984
aconitate,direct_neighbor_ridge,bone,44.81491285419965,43.02342313701088,38,1.1793398119526224
aconitate,direct_neighbor_ridge,breast,109.06789945551495,113.08395533955772,98,1.1129377495460708
aconitate,direct_neighbor_ridge,central_nervous_system,117.54535592093761,115.14224383023384,98,1.1994424073565062
aconitate,direct_neighbor_ridge,endometrium,42.81203229657134,41.46219102832633,56,0.7645005767244882
aconitate,direct_neighbor_ridge,haematopoietic_and_lymphoid_tissue,496.5160306057991,536.5867279465049,326,1.5230553086067455
aconitate,direct_neighbor_ridge,kidney,40.329854594356554,41.305337624127155,46,0.8767359694425337
aconitate,direct_neighbor_ridge,large_intestine,87.24107005409851,93.43009728592288,110,0.7931006368554411
aconitate,direct_neighbor_ridge,liver,65.37687304362183,68.87001494232362,50,1.3075374608724366
aconitate,direct_neighbor_ridge,lung,280.7205553151085,299.9381910107744,352,0.7975015775997402
aconitate,direct_neighbor_ridge,oesophagus,34.959226025469256,43.533068351731565,50,0.6991845205093852
aconitate,direct_neighbor_ridge,ovary,51.13843743330883,55.84033313491042,90,0.5682048603700981
aconitate,direct_neighbor_ridge,pancreas,86.73213971665542,91.00443852293584,82,1.0577090209348223
aconitate,direct_neighbor_ridge,skin,97.65251253014601,88.39221726141031,104,0.9389664666360193
aconitate,direct_neighbor_ridge,soft_tissue,44.75432079606793,49.95862375835942,36,1.2431755776685536
aconitate,direct_neighbor_ridge,stomach,88.11865459820022,97.48684521500269,74,1.1907926297054083
aconitate,direct_neighbor_ridge,upper_aerodigestive_tract,40.58680690117561,43.97616019932545,60,0.6764467816862603
aconitate,direct_neighbor_ridge,urinary_tract,42.53022414488495,35.29789691098174,50,0.850604482897699
adenine,direct_neighbor_ridge,autonomic_ganglia,55.52932958111988,57.898961864671875,32,1.7352915494099963
adenine,direct_neighbor_ridge,bone,24.29272608564693,23.26363964132603,38,0.6392822654117613
adenine,direct_neighbor_ridge,breast,105.74540157547082,104.75384453408847,98,1.0790347099537838
adenine,direct_neighbor_ridge,central_nervous_system,58.464069659034244,66.01585064902538,98,0.5965721393779004
adenine,direct_neighbor_ridge,endometrium,67.75641193176376,75.1273543127937,56,1.2099359273529244
adenine,direct_neighbor_ridge,haematopoietic_and_lymphoid_tissue,382.2343877249135,510.8526568086553,326,1.172498121855563
adenine,direct_neighbor_ridge,kidney,35.03740977732907,39.918333750847395,46,0.7616828212462841
adenine,direct_neighbor_ridge,large_intestine,119.15961395014529,138.74338152667934,110,1.0832692177285934
adenine,direct_neighbor_ridge,liver,25.617731842100063,29.227364717171906,50,0.5123546368420012
adenine,direct_neighbor_ridge,lung,199.0969715445678,203.54477033234213,352,0.5656163964334312
adenine,direct_neighbor_ridge,oesophagus,27.035720287952035,25.10309424877233,50,0.5407144057590407
adenine,direct_neighbor_ridge,ovary,130.58364121518127,133.88603317030805,90,1.4509293468353475
adenine,direct_neighbor_ridge,pancreas,137.02522453925474,141.371852071896,82,1.671039323649448
adenine,direct_neighbor_ridge,skin,87.02124951656612,90.12670542672161,104,0.8367427838131357
adenine,direct_neighbor_ridge,soft_tissue,17.675503437100836,23.806984158531446,36,0.49098620658613434
adenine,direct_neighbor_ridge,stomach,72.19962163177735,71.45062673491321,74,0.9756705625915858
adenine,direct_neighbor_ridge,upper_aerodigestive_tract,54.35441965977052,63.25817840419706,60,0.9059069943295087
adenine,direct_neighbor_ridge,urinary_tract,64.13621462345377,61.4071621131486,50,1.2827242924690754
adenosine,direct_neighbor_ridge,autonomic_ganglia,17.160767117908485,17.257740252767025,32,0.5362739724346401
adenosine,direct_neighbor_ridge,bone,68.56585341938586,77.07273738524964,38,1.804364563668049
adenosine,direct_neighbor_ridge,breast,86.95935964552089,92.2557522264633,98,0.8873404045461315
adenosine,direct_neighbor_ridge,central_nervous_system,75.40383850296558,81.58307835788716,98,0.7694269234996488
adenosine,direct_neighbor_ridge,endometrium,67.30990766934104,71.42708335182857,56,1.2019626369525187
adenosine,direct_neighbor_ridge,haematopoietic_and_lymphoid_tissue,293.70340487643034,255.5984441555666,326,0.900930689805001
adenosine,direct_neighbor_ridge,kidney,33.131883140067075,35.228379622612756,46,0.7202583291318929
adenosine,direct_neighbor_ridge,large_intestine,105.99420490559746,110.7076808743577,110,0.9635836809599769
adenosine,direct_neighbor_ridge,liver,63.32197526501093,67.28172943762347,50,1.2664395053002186
adenosine,direct_neighbor_ridge,lung,298.8036781253361,310.1997667869059,352,0.8488740855833412
adenosine,direct_neighbor_ridge,oesophagus,79.97859150097617,81.49460399720425,50,1.5995718300195234
adenosine,direct_neighbor_ridge,ovary,102.50906657650151,101.26301917169239,90,1.1389896286277945
adenosine,direct_neighbor_ridge,pancreas,84.78243801833419,80.98667419279118,82,1.033932170955295
adenosine,direct_neighbor_ridge,skin,144.12813637083482,155.13548673805846,104,1.385847465104181
adenosine,direct_neighbor_ridge,soft_tissue,70.68673366917011,74.93928243256796,36,1.9635203796991698
adenosine,direct_neighbor_ridge,stomach,70.96137306662776,68.09198349182661,74,0.958937473873348
adenosine,direct_neighbor_ridge,upper_aerodigestive_tract,48.59444363273068,55.17294302203916,60,0.8099073938788447
adenosine,direct_neighbor_ridge,urinary_tract,68.59983035497419,69.8052282410424,50,1.3719966070994838
alanine,direct_neighbor_ridge,autonomic_ganglia,12.433019101476035,23.089499831099115,32,0.3885318469211261
alanine,direct_neighbor_ridge,bone,12.177653227458975,26.64316876260873,38,0.32046455861734147
alanine,direct_neighbor_ridge,breast,54.47683505803079,82.96913257169436,98,0.5558860720207223
alanine,direct_neighbor_ridge,central_nervous_system,52.94881281904364,85.53417266585544,98,0.5402940083575881
alanine,direct_neighbor_ridge,endometrium,39.3210660870785,60.952694288916106,56,0.7021618944121161
alanine,direct_neighbor_ridge,haematopoietic_and_lymphoid_tissue,407.3778633880721,478.6311020838161,326,1.249625347816172
alanine,direct_neighbor_ridge,kidney,30.737291475902957,27.50621270269501,46,0.668201988606586
alanine,direct_neighbor_ridge,large_intestine,122.60775001712277,164.88751866260512,110,1.1146159092465706
alanine,direct_neighbor_ridge,liver,40.98800742897914,64.61370015183205,50,0.8197601485795828
alanine,direct_neighbor_ridge,lung,344.41120421281863,367.49019348686073,352,0.9784409210591438
alanine,direct_neighbor_ridge,oesophagus,42.710577490133076,34.350824210010664,50,0.8542115498026616
alanine,direct_neighbor_ridge,ovary,70.8344389224138,59.84568194936855,90,0.7870493213601533
alanine,direct_neighbor_ridge,pancreas,40.112186046827276,67.82019691236589,82,0.48917300057106433
alanine,direct_neighbor_ridge,skin,96.37109275436109,93.17992928231165,104,0.9266451226380874
alanine,direct_neighbor_ridge,soft_tissue,22.942122159541338,28.048289044364843,36,0.6372811710983705
alanine,direct_neighbor_ridge,stomach,43.66845058796214,78.75598937323949,74,0.5901141971346235
alanine,direct_neighbor_ridge,upper_aerodigestive_tract,35.550351412310704,51.499982911539945,60,0.5925058568718451
alanine,direct_neighbor_ridge,urinary_tract,33.05418162093672,59.589535073453646,50,0.6610836324187344
arginine,direct_neighbor_ridge,autonomic_ganglia,16.378824251437308,20.419695597072042,32,0.5118382578574159
arginine,direct_neighbor_ridge,bone,15.99897661612808,15.018978515847651,38,0.42102570042442317
arginine,direct_neighbor_ridge,breast,81.15981129560757,91.17265232153031,98,0.8281613397510976
arginine,direct_neighbor_ridge,central_nervous_system,62.80791645656366,72.30166719781926,98,0.6408971066996292
arginine,direct_neighbor_ridge,endometrium,43.565797112205196,50.706444376820215,56,0.77796066271795
arginine,direct_neighbor_ridge,haematopoietic_and_lymphoid_tissue,375.80213420804114,541.9594788407371,326,1.152767282846752
arginine,direct_neighbor_ridge,kidney,19.73223837045905,20.811170372803282,46,0.4289617037056315
arginine,direct_neighbor_ridge,large_intestine,96.69906356181843,114.48808108636429,110,0.8790823960165313
arginine,direct_neighbor_ridge,liver,62.589603926978306,61.44224906764218,50,1.2517920785395662
arginine,direct_neighbor_ridge,lung,337.05451757963385,472.86561234358965,352,0.9575412431239598
arginine,direct_neighbor_ridge,oesophagus,25.29138385164737,33.09495820589126,50,0.5058276770329474
arginine,direct_neighbor_ridge,ovary,31.570954590498612,37.63687465658164,90,0.3507883843388735
arginine,direct_neighbor_ridge,pancreas,61.335071895354105,81.09523640831478,82,0.7479886816506598
arginine,direct_neighbor_ridge,skin,50.9228719139255,60.606692441398884,104,0.48964299917236054
arginine,direct_neighbor_ridge,soft_tissue,38.69197021336203,52.9701127039788,36,1.0747769503711675
arginine,direct_neighbor_ridge,stomach,67.33592880063931,89.08630975498839,74,0.9099449837924231
arginine,direct_neighbor_ridge,upper_aerodigestive_tract,24.345128209718144,24.85650164067756,60,0.40575213682863576
arginine,direct_neighbor_ridge,urinary_tract,39.15247234607497,38.72522714517315,50,0.7830494469214995
asparagine,direct_neighbor_ridge,autonomic_ganglia,14.336571690873093,15.136842708697744,32,0.44801786533978416
asparagine,direct_neighbor_ridge,bone,33.61213602694331,35.24592263555744,38,0.8845298954458766
asparagine,direct_neighbor_ridge,breast,97.64378194603832,106.65833863182871,98,0.9963651218983501
asparagine,direct_neighbor_ridge,central_nervous_system,187.85710603233352,190.15045488443204,98,1.916909245227893
asparagine,direct_neighbor_ridge,endometrium,74.19016390063926,66.2205144532516,56,1.3248243553685584
asparagine,direct_neighbor_ridge,haematopoietic_and_lymphoid_tissue,137.75532743539412,136.48890899858543,326,0.422562354096301
asparagine,direct_neighbor_ridge,kidney,110.85655861581502,105.3108920546143,46,2.4099251873003267
asparagine,direct_neighbor_ridge,large_intestine,195.7644257958076,197.4091449972501,110,1.7796765981437055
asparagine,direct_neighbor_ridge,liver,39.66310917271097,48.39931089312142,50,0.7932621834542194
asparagine,direct_neighbor_ridge,lung,270.4908033503671,293.04642835193795,352,0.7684397822453611
asparagine,direct_neighbor_ridge,oesophagus,45.9355950072531,45.0014286127975,50,0.918711900145062
asparagine,direct_neighbor_ridge,ovary,92.89832208424137,89.86678958336473,90,1.032203578713793
asparagine,direct_neighbor_ridge,pancreas,79.8694379690853,87.7092614993141,82,0.9740175362083573
asparagine,direct_neighbor_ridge,skin,156.63386363352043,154.42300731796203,104,1.5060948426300043
asparagine,direct_neighbor_ridge,soft_tissue,69.40178033499751,72.70394555017299,36,1.9278272315277087
asparagine,direct_neighbor_ridge,stomach,53.04300538755645,57.007708232434375,74,0.7167973701021142
asparagine,direct_neighbor_ridge,upper_aerodigestive_tract,76.2544289631084,74.86580111669254,60,1.2709071493851398
asparagine,direct_neighbor_ridge,urinary_tract,89.50184380948235,85.48189159302245,50,1.790036876189647
aspartate,direct_neighbor_ridge,autonomic_ganglia,15.673893369039767,17.17623144586339,32,0.4898091677824927
aspartate,direct_neighbor_ridge,bone,36.90569213518433,39.251747644867265,38,0.971202424610114
aspartate,direct_neighbor_ridge,breast,94.1428269818375,113.42038161542135,98,0.9606410916514031
aspartate,direct_neighbor_ridge,central_nervous_system,90.74879071151815,116.59261752189498,98,0.9260080684848792
aspartate,direct_neighbor_ridge,endometrium,66.95541206860428,71.93318893557321,56,1.1956323583679336
aspartate,direct_neighbor_ridge,haematopoietic_and_lymphoid_tissue,312.90275460339296,322.44830593709486,326,0.9598244006239048
aspartate,direct_neighbor_ridge,kidney,73.89866226975204,77.24007983553128,46,1.6064926580380878
aspartate,direct_neighbor_ridge,large_intestine,140.51510334844428,149.7640375511704,110,1.2774100304404026
aspartate,direct_neighbor_ridge,liver,46.88423422014162,71.35457844544234,50,0.9376846844028325
aspartate,direct_neighbor_ridge,lung,245.25561967094805,270.8931344156823,352,0.6967489195197388
aspartate,direct_neighbor_ridge,oesophagus,51.22951832363032,61.60674523217737,50,1.0245903664726064
aspartate,direct_neighbor_ridge,ovary,92.26277793541117,104.51522264162212,90,1.025141977060124
aspartate,direct_neighbor_ridge,pancreas,82.56659135041646,109.91492039561005,82,1.006909650614835
aspartate,direct_neighbor_ridge,skin,79.13591324662914,87.0054556859795,104,0.7609222427560495
aspartate,direct_neighbor_ridge,soft_tissue,37.731871608848984,38.35551439488721,36,1.0481075446902495
aspartate,direct_neighbor_ridge,stomach,68.85617274499153,68.13609207594341,74,0.9304888208782639
aspartate,direct_neighbor_ridge,upper_aerodigestive_tract,56.75143188371618,52.9791338619717,60,0.9458571980619364
aspartate,direct_neighbor_ridge,urinary_tract,31.630033040984454,35.865520843360805,50,0.6326006608196891
beta-alanine,direct_neighbor_ridge,autonomic_ganglia,24.55241420450788,27.155580360579886,32,0.7672629438908712
beta-alanine,direct_neighbor_ridge,bone,20.333339133292696,39.901350947723415,38,0.5350878719287552
beta-alanine,direct_neighbor_ridge,breast,134.51664397104855,157.34294034052164,98,1.3726188160311077
beta-alanine,direct_neighbor_ridge,central_nervous_system,62.556257650896825,92.78485047386592,98,0.6383291597030288
beta-alanine,direct_neighbor_ridge,endometrium,62.48834814134858,80.84785028936237,56,1.115863359666939
beta-alanine,direct_neighbor_ridge,haematopoietic_and_lymphoid_tissue,188.59393518756093,241.8799418377345,326,0.578509003642825
beta-alanine,direct_neighbor_ridge,kidney,89.14549731710972,70.11406650302291,46,1.9379455938502113
beta-alanine,direct_neighbor_ridge,large_intestine,86.8297131878767,101.23111311434177,110,0.7893610289806974
beta-alanine,direct_neighbor_ridge,liver,44.722726731031266,53.13078698059365,50,0.8944545346206253
beta-alanine,direct_neighbor_ridge,lung,306.59188199823205,391.1708175901135,352,0.8709996647677047
beta-alanine,direct_neighbor_ridge,oesophagus,31.737400300707552,42.13654884543426,50,0.634748006014151
beta-alanine,direct_neighbor_ridge,ovary,92.88835110206101,97.52528675461429,90,1.0320927900229
beta-alanine,direct_neighbor_ridge,pancreas,58.83050606640342,81.56789169204893,82,0.717445195931749
beta-alanine,direct_neighbor_ridge,skin,42.8885839039292,72.16575926443952,104,0.4123902298454731
beta-alanine,direct_neighbor_ridge,soft_tissue,35.03983745608259,40.999904503976914,36,0.9733288182245163
beta-alanine,direct_neighbor_ridge,stomach,72.09231685417285,96.56587813792835,74,0.9742204980293628
beta-alanine,direct_neighbor_ridge,upper_aerodigestive_tract,44.66486100196483,55.582242672384176,60,0.7444143500327471
beta-alanine,direct_neighbor_ridge,urinary_tract,31.544192215841345,42.63861686366154,50,0.6308838443168269
betaine,direct_neighbor_ridge,autonomic_ganglia,22.672375694648107,31.59509117749247,32,0.7085117404577533
betaine,direct_neighbor_ridge,bone,19.084758913772827,28.4677462376888,38,0.5022304977308639
betaine,direct_neighbor_ridge,breast,98.88290708640076,114.13265292053791,98,1.0090092559836812
betaine,direct_neighbor_ridge,central_nervous_system,41.365961720428864,37.76813594031321,98,0.4221016502084578
betaine,direct_neighbor_ridge,endometrium,33.04613943683471,54.12303175344165,56,0.5901096328006198
betaine,direct_neighbor_ridge,haematopoietic_and_lymphoid_tissue,471.2111367850767,673.8330308332752,326,1.4454329349235482
betaine,direct_neighbor_ridge,kidney,15.390606498914494,16.74802240309998,46,0.3345784021503151
betaine,direct_neighbor_ridge,large_intestine,133.7970734517438,186.63802893901297,110,1.2163370313794892
betaine,direct_neighbor_ridge,liver,54.36360348927096,70.36456208355474,50,1.0872720697854192
betaine,direct_neighbor_ridge,lung,364.92406315016365,428.3583531784592,352,1.036716088494783
betaine,direct_neighbor_ridge,oesophagus,22.192615202031227,24.079170951412507,50,0.44385230404062453
betaine,direct_neighbor_ridge,ovary,39.961779919990846,43.56103042823341,90,0.4440197768887872
betaine,direct_neighbor_ridge,pancreas,33.82637754322642,50.213645833492855,82,0.4125167993076393
betaine,direct_neighbor_ridge,skin,30.950922671000807,29.19898154741583,104,0.2976050256827001
betaine,direct_neighbor_ridge,soft_tissue,76.72336823378214,58.40601425182145,36,2.131204673160615
betaine,direct_neighbor_ridge,stomach,37.927781209586755,50.425515802918476,74,0.5125375839133345
betaine,direct_neighbor_ridge,upper_aerodigestive_tract,23.31555518323138,22.11900502644344,60,0.38859258638718963
betaine,direct_neighbor_ridge,urinary_tract,27.816099906938167,22.648337748710848,50,0.5563219981387634
cAMP,direct_neighbor_ridge,autonomic_ganglia,21.87316552029754,20.296808561421255,32,0.6835364225092981
cAMP,direct_neighbor_ridge,bone,35.14889628708077,35.499520630365694,38,0.924970954923178
cAMP,direct_neighbor_ridge,breast,136.0994084370892,136.3842477695486,98,1.388769473847849
cAMP,direct_neighbor_ridge,central_nervous_system,51.233749270837784,52.49054482073651,98,0.522793359906508
cAMP,direct_neighbor_ridge,endometrium,50.16024708582388,51.98990068687109,56,0.8957186979611408
cAMP,direct_neighbor_ridge,haematopoietic_and_lymphoid_tissue,525.375848960783,503.88818827842647,326,1.611582358775408
cAMP,direct_neighbor_ridge,kidney,29.897677305645917,29.41173432492039,46,0.6499495066444765
cAMP,direct_neighbor_ridge,large_intestine,108.39867710484174,109.56026330964401,110,0.9854425191349249
cAMP,direct_neighbor_ridge,liver,33.95851766354343,34.01537668704064,50,0.6791703532708686
cAMP,direct_neighbor_ridge,lung,386.5821416497447,378.1439873372851,352,1.0982447205958656
cAMP,direct_neighbor_ridge,oesophagus,28.490806221230464,28.600123350441393,50,0.5698161244246093
cAMP,direct_neighbor_ridge,ovary,82.37096923102723,83.10313884378255,90,0.9152329914558581
cAMP,direct_neighbor_ridge,pancreas,52.47359759716417,53.63542182004924,82,0.6399219219166362
cAMP,direct_neighbor_ridge,skin,154.0638191536321,154.94864815789347,104,1.4813828764772317
cAMP,direct_neighbor_ridge,soft_tissue,19.846976220011122,20.497205798559875,36,0.551304895000309
cAMP,direct_neighbor_ridge,stomach,42.15112922464526,41.607558727800274,74,0.5696098543870981
cAMP,direct_neighbor_ridge,upper_aerodigestive_tract,44.82061577685451,44.760014213368116,60,0.7470102629475751
cAMP,direct_neighbor_ridge,urinary_tract,53.38694181206891,53.77486928593575,50,1.0677388362413782
carnosine,direct_neighbor_ridge,autonomic_ganglia,30.999243159880113,29.28009046008644,32,0.9687263487462535
carnosine,direct_neighbor_ridge,bone,41.416640943187744,45.067295409121414,38,1.0899116037680985
carnosine,direct_neighbor_ridge,breast,108.8237342538026,101.43686525685138,98,1.1104462678959448
carnosine,direct_neighbor_ridge,central_nervous_system,74.5192934025293,60.093663702431186,98,0.7604009530870337
carnosine,direct_neighbor_ridge,endometrium,37.85422222241106,38.926289710088476,56,0.6759682539716261
carnosine,direct_neighbor_ridge,haematopoietic_and_lymphoid_tissue,1277.3615410257923,1212.5700774442041,326,3.9182869356619396
carnosine,direct_neighbor_ridge,kidney,22.41678979262678,16.088168500154858,46,0.48732151723101697
carnosine,direct_neighbor_ridge,large_intestine,92.86440554122642,96.96249413782826,110,0.8442218685566037
carnosine,direct_neighbor_ridge,liver,41.91059206952432,33.306569473789544,50,0.8382118413904864
carnosine,direct_neighbor_ridge,lung,318.5369135077033,310.4660676425657,352,0.904934413374157
carnosine,direct_neighbor_ridge,oesophagus,13.864151390654483,15.566670363795744,50,0.27728302781308967
carnosine,direct_neighbor_ridge,ovary,85.71151990626906,86.3204218663058,90,0.9523502211807673
carnosine,direct_neighbor_ridge,pancreas,59.03944037312472,61.4837844490474,82,0.7199931752820088
carnosine,direct_neighbor_ridge,skin,43.72318729653315,41.70673084932338,104,0.4204152624666649
carnosine,direct_neighbor_ridge,soft_tissue,45.271735844335105,42.50881951679851,36,1.2575482178981974
carnosine,direct_neighbor_ridge,stomach,81.57933957024765,76.60817159219197,74,1.1024235077060494
carnosine,direct_neighbor_ridge,upper_aerodigestive_tract,20.535571716051074,20.952962034589223,60,0.34225952860085124
carnosine,direct_neighbor_ridge,urinary_tract,14.61796027093368,13.634684300945606,50,0.2923592054186736
choline,direct_neighbor_ridge,autonomic_ganglia,12.90452986309607,10.448102850250764,32,0.40326655822175217
choline,direct_neighbor_ridge,bone,55.08570504706031,60.06740501799859,38,1.4496238170279028
choline,direct_neighbor_ridge,breast,51.20121597440512,45.01673124809979,98,0.5224613874939298
choline,direct_neighbor_ridge,central_nervous_system,56.71888596479622,60.12067000628494,98,0.5787641424979206
choline,direct_neighbor_ridge,endometrium,94.54188446822909,104.7573908083379,56,1.6882479369326622
choline,direct_neighbor_ridge,haematopoietic_and_lymphoid_tissue,207.43830391823752,237.71073632125004,326,0.6363138157001151
choline,direct_neighbor_ridge,kidney,18.31419960663594,22.546935569678475,46,0.398134774057303
choline,direct_neighbor_ridge,large_intestine,81.44383662268405,90.55228342525487,110,0.7403985147516732
choline,direct_neighbor_ridge,liver,155.52703503182505,155.05271697967362,50,3.110540700636501
choline,direct_neighbor_ridge,lung,358.3394505013433,388.9325131457225,352,1.0180098025606343
choline,direct_neighbor_ridge,oesophagus,26.894235678342238,31.81559706259283,50,0.5378847135668448
choline,direct_neighbor_ridge,ovary,53.86168660054655,57.3216545918251,90,0.5984631844505172
choline,direct_neighbor_ridge,pancreas,112.86958987702963,121.82389196356861,82,1.3764584131345077
choline,direct_neighbor_ridge,skin,131.6830199767301,148.21403191199536,104,1.2661828843916356
choline,direct_neighbor_ridge,soft_tissue,25.097945784134176,19.250593298838595,36,0.6971651606703938
choline,direct_neighbor_ridge,stomach,94.29986246588668,104.86884102188029,74,1.2743224657552255
choline,direct_neighbor_ridge,upper_aerodigestive_tract,29.268634144590674,36.35796826674986,60,0.4878105690765112
choline,direct_neighbor_ridge,urinary_tract,102.08957866402024,107.5805291079323,50,2.041791573280405
citrate,direct_neighbor_ridge,autonomic_ganglia,28.41945188459841,37.844314516277365,32,0.8881078713937003
citrate,direct_neighbor_ridge,bone,22.710706050376356,36.352858081436864,38,0.5976501592204304
citrate,direct_neighbor_ridge,breast,65.19919481833728,121.39721528874728,98,0.6652979063095641
citrate,direct_neighbor_ridge,central_nervous_system,47.37976165541127,99.65757029022703,98,0.48346695566746195
citrate,direct_neighbor_ridge,endometrium,24.35027427119232,34.295205967414994,56,0.4348263262712914
citrate,direct_neighbor_ridge,haematopoietic_and_lymphoid_tissue,386.1115174603789,752.374670654528,326,1.184391157853923
citrate,direct_neighbor_ridge,kidney,26.484839657500387,32.565104058860776,46,0.5757573838587041
citrate,direct_neighbor_ridge,large_intestine,70.1653857988051,98.30618958866987,110,0.6378671436255009
citrate,direct_neighbor_ridge,liver,24.530930914450686,62.0004405714531,50,0.4906186182890137
citrate,direct_neighbor_ridge,lung,176.4973378108894,278.3892600719381,352,0.5014128915082086
citrate,direct_neighbor_ridge,oesophagus,29.961899785826787,29.943650891141065,50,0.5992379957165358
citrate,direct_neighbor_ridge,ovary,27.65608900931138,37.44420484303684,90,0.30728987788123757
citrate,direct_neighbor_ridge,pancreas,50.95811288931226,75.94529182738415,82,0.6214404010891739
citrate,direct_neighbor_ridge,skin,48.69694474983516,65.10853763043978,104,0.46823985336379964
citrate,direct_neighbor_ridge,soft_tissue,25.70530435356948,33.72724556493904,36,0.7140362320435967
citrate,direct_neighbor_ridge,stomach,64.63972817502545,81.67839892520078,74,0.8735098402030467
citrate,direct_neighbor_ridge,upper_aerodigestive_tract,17.10920476543248,35.244912783007734,60,0.285153412757208
citrate,direct_neighbor_ridge,urinary_tract,25.002957491061174,30.45171230240248,50,0.5000591498212235
citrulline,direct_neighbor_ridge,autonomic_ganglia,5.524819720532024,26.956380435993758,32,0.17265061626662576
citrulline,direct_neighbor_ridge,bone,13.65070021967998,25.676798625150315,38,0.3592289531494732
citrulline,direct_neighbor_ridge,breast,72.61460481908088,126.85741430360807,98,0.7409653552967437
citrulline,direct_neighbor_ridge,central_nervous_system,55.863484733953385,106.20368241203039,98,0.5700355585097284
citrulline,direct_neighbor_ridge,endometrium,26.58705453557795,53.15730850982486,56,0.47476883099246336
citrulline,direct_neighbor_ridge,haematopoietic_and_lymphoid_tissue,267.1679874430922,605.8818994587248,326,0.8195337038131663
citrulline,direct_neighbor_ridge,kidney,13.097522972834001,32.185545035359766,46,0.284728760279
citrulline,direct_neighbor_ridge,large_intestine,69.45162041745307,87.77807277964598,110,0.6313783674313915
citrulline,direct_neighbor_ridge,liver,37.71248103418138,53.66789528810695,50,0.7542496206836276
citrulline,direct_neighbor_ridge,lung,251.52071165752935,391.2164638643016,352,0.7145474762997993
citrulline,direct_neighbor_ridge,oesophagus,27.656154839244593,30.063328612878916,50,0.5531230967848919
citrulline,direct_neighbor_ridge,ovary,54.078958732656666,79.96959430092173,90,0.6008773192517407
citrulline,direct_neighbor_ridge,pancreas,31.840045326899585,64.15702662603245,82,0.3882932356938974
citrulline,direct_neighbor_ridge,skin,35.4053871151163,41.127379727288805,104,0.34043641456842594
citrulline,direct_neighbor_ridge,soft_tissue,28.997558278823426,35.00083688041383,36,0.8054877299673174
citrulline,direct_neighbor_ridge,stomach,47.2425324400549,62.21333707386258,74,0.6384126005412825
citrulline,direct_neighbor_ridge,upper_aerodigestive_tract,22.57908171382122,29.796277138760836,60,0.376318028563687
citrulline,direct_neighbor_ridge,urinary_tract,10.640165723668346,21.785793525147866,50,0.21280331447336692
cytidine,direct_neighbor_ridge,autonomic_ganglia,85.01439222325351,88.53327134339168,32,2.656699756976672
cytidine,direct_neighbor_ridge,bone,27.328807108513864,29.028282846054417,38,0.7191791344345754
cytidine,direct_neighbor_ridge,breast,92.55200504564328,90.69338596418714,98,0.9444082147514621
cytidine,direct_neighbor_ridge,central_nervous_system,67.30910813078536,44.540444905077486,98,0.6868276339876057
cytidine,direct_neighbor_ridge,endometrium,33.293712628275834,38.782164928279066,56,0.5945305826477828
cytidine,direct_neighbor_ridge,haematopoietic_and_lymphoid_tissue,802.1928592136786,881.217395748793,326,2.460714292066499
cytidine,direct_neighbor_ridge,kidney,24.7224333325073,23.211968488564597,46,0.5374442028805935
cytidine,direct_neighbor_ridge,large_intestine,104.19259750779261,121.45142356421029,110,0.9472054318890237
cytidine,direct_neighbor_ridge,liver,36.864148678747924,37.20430157396657,50,0.7372829735749584
cytidine,direct_neighbor_ridge,lung,249.36332816108535,257.64078784222585,352,0.7084185459121742
cytidine,direct_neighbor_ridge,oesophagus,47.984503620919455,55.40872783044671,50,0.9596900724183891
cytidine,direct_neighbor_ridge,ovary,54.12138081286154,58.20209469657201,90,0.6013486756984615
cytidine,direct_neighbor_ridge,pancreas,77.8991208216901,80.46586253743045,82,0.9499892783132939
cytidine,direct_neighbor_ridge,skin,82.09219310763375,65.56595311133827,104,0.7893480106503244
cytidine,direct_neighbor_ridge,soft_tissue,41.07516343139726,31.872118404016465,36,1.1409767619832571
cytidine,direct_neighbor_ridge,stomach,61.450478389155165,63.58885528798008,74,0.8304118701237184
cytidine,direct_neighbor_ridge,upper_aerodigestive_tract,64.61693358589658,76.06074801544645,60,1.0769488930982762
cytidine,direct_neighbor_ridge,urinary_tract,39.459728498680384,42.847087694650796,50,0.7891945699736077
dimethylglycine,direct_neighbor_ridge,autonomic_ganglia,9.583833523437734,28.37578223436372,32,0.2994947976074292
dimethylglycine,direct_neighbor_ridge,bone,17.75658997710531,24.894316933060765,38,0.4672786836080345
dimethylglycine,direct_neighbor_ridge,breast,37.70796058428548,106.47209363339256,98,0.3847751080029131
dimethylglycine,direct_neighbor_ridge,central_nervous_system,69.03014509116474,96.42997959664116,98,0.70438923562413
dimethylglycine,direct_neighbor_ridge,endometrium,20.973155539648342,48.63914869796666,56,0.37452063463657753
dimethylglycine,direct_neighbor_ridge,haematopoietic_and_lymphoid_tissue,281.70915918119505,728.4037362840984,326,0.8641385250956903
dimethylglycine,direct_neighbor_ridge,kidney,12.397605097092107,27.307804750980637,46,0.26951315428461103
dimethylglycine,direct_neighbor_ridge,large_intestine,46.986081996880024,91.87690829833963,110,0.4271461999716366
dimethylglycine,direct_neighbor_ridge,liver,29.176450468272698,55.34401412771776,50,0.5835290093654539
dimethylglycine,direct_neighbor_ridge,lung,201.34360725207773,423.861114859025,352,0.5719988842388571
dimethylglycine,direct_neighbor_ridge,oesophagus,18.70117558473122,21.626683288182704,50,0.37402351169462444
dimethylglycine,direct_neighbor_ridge,ovary,45.83763624341515,88.57290041360964,90,0.5093070693712795
dimethylglycine,direct_neighbor_ridge,pancreas,32.97223758208859,71.27757638973233,82,0.4021004583181535
dimethylglycine,direct_neighbor_ridge,skin,36.95827450788001,37.252565808105736,104,0.3553680241142309
dimethylglycine,direct_neighbor_ridge,soft_tissue,35.976960836558,30.163030156665126,36,0.9993600232377222
dimethylglycine,direct_neighbor_ridge,stomach,44.90495377092876,74.77451120454074,74,0.6068236996071454
dimethylglycine,direct_neighbor_ridge,upper_aerodigestive_tract,29.104579714729425,29.542757868404752,60,0.48507632857882377
dimethylglycine,direct_neighbor_ridge,urinary_tract,25.45151840679705,14.570967160635634,50,0.5090303681359409
glucuronate,direct_neighbor_ridge,autonomic_ganglia,14.848940747013025,13.656932867705866,32,0.464029398344157
glucuronate,direct_neighbor_ridge,bone,18.654786339666675,19.65013104880602,38,0.4909154299912283
glucuronate,direct_neighbor_ridge,breast,71.60253566673124,75.64507790911131,98,0.730638119048278
glucuronate,direct_neighbor_ridge,central_nervous_system,60.893875666571475,78.66276754841896,98,0.6213660782303212
glucuronate,direct_neighbor_ridge,endometrium,32.559937515890574,40.35863248587207,56,0.5814274556409031
glucuronate,direct_neighbor_ridge,haematopoietic_and_lymphoid_tissue,940.3337847803862,1051.996142948738,326,2.884459462516522
glucuronate,direct_neighbor_ridge,kidney,22.87679005551122,27.5388384124715,46,0.49732152294589604
glucuronate,direct_neighbor_ridge,large_intestine,68.32332159471798,56.908303966053246,110,0.6211211054065271
glucuronate,direct_neighbor_ridge,liver,30.232621838799282,27.457641131343774,50,0.6046524367759857
glucuronate,direct_neighbor_ridge,lung,263.68213280271505,304.35017690493146,352,0.7490969681895314
glucuronate,direct_neighbor_ridge,oesophagus,22.019569918303997,25.134227780637175,50,0.44039139836607993
glucuronate,direct_neighbor_ridge,ovary,34.263978206418365,42.196046076360666,90,0.38071086896020406
glucuronate,direct_neighbor_ridge,pancreas,54.080947510303126,69.0082383119491,82,0.6595237501256479
glucuronate,direct_neighbor_ridge,skin,47.09294992178347,51.72102471939011,104,0.45281682617099495
glucuronate,direct_neighbor_ridge,soft_tissue,18.992791637292292,21.214563453751364,36,0.5275775454803414
glucuronate,direct_neighbor_ridge,stomach,50.02846520087625,49.7714820284511,74,0.6760603405523817
glucuronate,direct_neighbor_ridge,upper_aerodigestive_tract,33.20285974160048,42.41040653035355,60,0.5533809956933413
glucuronate,direct_neighbor_ridge,urinary_tract,35.391092016198904,41.806276043042395,50,0.7078218403239781
glutamate,direct_neighbor_ridge,autonomic_ganglia,16.828391989186688,17.884780646834365,32,0.525887249662084
glutamate,direct_neighbor_ridge,bone,23.108419010022466,30.68821572279227,38,0.6081162897374334
glutamate,direct_neighbor_ridge,breast,247.2629796070808,297.23453838673845,98,2.5230916286436815
glutamate,direct_neighbor_ridge,central_nervous_system,73.4380609084961,119.91697022332326,98,0.7493679684540419
glutamate,direct_neighbor_ridge,endometrium,38.7242636441403,43.0017062007455,56,0.6915047079310768
glutamate,direct_neighbor_ridge,haematopoietic_and_lymphoid_tissue,472.2829927459565,460.64089116443927,326,1.4487208366440383
glutamate,direct_neighbor_ridge,kidney,44.88908476112647,52.754906592371604,46,0.9758496687201407
glutamate,direct_neighbor_ridge,large_intestine,96.62565671726458,145.61438134861365,110,0.8784150610660416
glutamate,direct_neighbor_ridge,liver,91.54515581801283,127.76259223207654,50,1.8309031163602567
glutamate,direct_neighbor_ridge,lung,209.4004954002595,247.78253389728505,352,0.5948877710234645
glutamate,direct_neighbor_ridge,oesophagus,9.43807369887998,12.578419279297668,50,0.18876147397759963
glutamate,direct_neighbor_ridge,ovary,46.75534325758257,53.766944339431284,90,0.5195038139731396
glutamate,direct_neighbor_ridge,pancreas,58.88327532255083,49.09091708197224,82,0.7180887234457418
glutamate,direct_neighbor_ridge,skin,51.820138080185174,65.73260780739935,104,0.49827055846331897
glutamate,direct_neighbor_ridge,soft_tissue,18.090670136246704,18.055365260274602,36,0.5025186148957418
glutamate,direct_neighbor_ridge,stomach,71.22800290093797,78.93267848220165,74,0.9625405797424049
glutamate,direct_neighbor_ridge,upper_aerodigestive_tract,29.23994433119159,28.8585825407158,60,0.48733240551985985
glutamate,direct_neighbor_ridge,urinary_tract,44.96804611418856,43.998029857175176,50,0.8993609222837712
glutamine,direct_neighbor_ridge,autonomic_ganglia,14.804514798221902,17.73809693594835,32,0.46264108744443444
glutamine,direct_neighbor_ridge,bone,30.317673045514876,33.32546453808344,38,0.7978335011977599
glutamine,direct_neighbor_ridge,breast,49.79767924423864,60.52285620622036,98,0.508139584124884
glutamine,direct_neighbor_ridge,central_nervous_system,87.01926073515271,98.62226834071858,98,0.8879516401546195
glutamine,direct_neighbor_ridge,endometrium,66.81356434319547,65.00195482965954,56,1.1930993632713476
glutamine,direct_neighbor_ridge,haematopoietic_and_lymphoid_tissue,315.4521432273884,432.1924754103308,326,0.9676446111269582
glutamine,direct_neighbor_ridge,kidney,55.72514401702143,47.65303485857338,46,1.2114161742830745
glutamine,direct_neighbor_ridge,large_intestine,156.3581172284732,176.81803468766097,110,1.4214374293497563
glutamine,direct_neighbor_ridge,liver,104.84732271999225,93.92670786555531,50,2.096946454399845
glutamine,direct_neighbor_ridge,lung,267.9782352898296,276.7294330629547,352,0.7613018048006523
glutamine,direct_neighbor_ridge,oesophagus,7.86417593489676,10.215492440738693,50,0.15728351869793522
glutamine,direct_neighbor_ridge,ovary,67.6228909049843,77.76634057783211,90,0.7513654544998256
glutamine,direct_neighbor_ridge,pancreas,69.46563465739271,74.2409176577061,82,0.8471418860657648
glutamine,direct_neighbor_ridge,skin,64.60949355918697,74.32240966791385,104,0.6212451303767978
glutamine,direct_neighbor_ridge,soft_tissue,28.91016278253803,24.986487506844135,36,0.8030600772927231
glutamine,direct_neighbor_ridge,stomach,93.2283530180398,106.93035309769125,74,1.2598426083518892
glutamine,direct_neighbor_ridge,upper_aerodigestive_tract,38.77044530451844,47.772038867676514,60,0.6461740884086407
glutamine,direct_neighbor_ridge,urinary_tract,61.984200336309044,73.47347019164614,50,1.239684006726181
glycine,direct_neighbor_ridge,autonomic_ganglia,13.286734264242094,11.286199975381846,32,0.41521044575756544
glycine,direct_neighbor_ridge,bone,86.51822387554611,102.05159215932598,38,2.2767953651459503
glycine,direct_neighbor_ridge,breast,44.005724933285364,53.098498274836174,98,0.44903800952332007
glycine,direct_neighbor_ridge,central_nervous_system,148.83182926390924,120.53337169894951,98,1.5186921353460128
glycine,direct_neighbor_ridge,endometrium,70.2271063890899,110.24179770181917,56,1.2540554712337482
glycine,direct_neighbor_ridge,haematopoietic_and_lymphoid_tissue,232.7008437720148,189.10407870379953,326,0.7138062692393092
glycine,direct_neighbor_ridge,kidney,60.50451938259401,65.57592730469655,46,1.3153156387520437
glycine,direct_neighbor_ridge,large_intestine,135.91853611906987,173.64667185884713,110,1.235623055627908
glycine,direct_neighbor_ridge,liver,89.30803097145437,111.46376215693958,50,1.7861606194290873
glycine,direct_neighbor_ridge,lung,244.26434538599432,308.4408853782585,352,0.6939327993920293
glycine,direct_neighbor_ridge,oesophagus,40.30207222048029,54.35536268587594,50,0.8060414444096058
glycine,direct_neighbor_ridge,ovary,45.18856832153108,60.53763801568016,90,0.5020952035725675
glycine,direct_neighbor_ridge,pancreas,68.10610151941471,71.65572920652322,82,0.8305622136513988
glycine,direct_neighbor_ridge,skin,75.23444129778959,93.78066528001993,104,0.723408089401823
glycine,direct_neighbor_ridge,soft_tissue,58.580547717538,63.038504514075335,36,1.6272374365982778
glycine,direct_neighbor_ridge,stomach,66.44782219873906,69.34186170075002,74,0.8979435432262035
glycine,direct_neighbor_ridge,upper_aerodigestive_tract,29.738455090990666,46.66941269749037,60,0.49564091818317774
glycine,direct_neighbor_ridge,urinary_tract,68.87426464243339,93.68840199981967,50,1.3774852928486678
guanosine,direct_neighbor_ridge,autonomic_ganglia,49.95095615866104,52.224022554678,32,1.5609673799581576
guanosine,direct_neighbor_ridge,bone,52.97129142846781,55.36028218657023,38,1.3939813533807317
guanosine,direct_neighbor_ridge,breast,81.41474867956137,82.74799651134627,98,0.8307627416281772
guanosine,direct_neighbor_ridge,central_nervous_system,170.12026600263175,162.4320853463253,98,1.7359210816595076
guanosine,direct_neighbor_ridge,endometrium,58.115575324367214,59.252078544237584,56,1.0377781307922718
guanosine,direct_neighbor_ridge,haematopoietic_and_lymphoid_tissue,225.43291256019972,234.51508772888812,326,0.6915120017184041
guanosine,direct_neighbor_ridge,kidney,39.385375561941274,39.79644278291816,46,0.8562038165639407
guanosine,direct_neighbor_ridge,large_intestine,122.05991912918277,131.5834855936937,110,1.109635628447116
guanosine,direct_neighbor_ridge,liver,50.61061326192659,48.229002213484634,50,1.0122122652385317
guanosine,direct_neighbor_ridge,lung,353.00083167904853,342.7814427232185,352,1.0028432718154787
guanosine,direct_neighbor_ridge,oesophagus,65.83339837361528,66.57265278362907,50,1.3166679674723056
guanosine,direct_neighbor_ridge,ovary,67.42706583100093,71.83149003798675,90,0.7491896203444548
guanosine,direct_neighbor_ridge,pancreas,57.008690189000454,56.142579083135004,82,0.6952279291341519
guanosine,direct_neighbor_ridge,skin,205.26269297147908,204.15392519996078,104,1.9736797401103758
guanosine,direct_neighbor_ridge,soft_tissue,38.26681783856507,39.51126758154456,36,1.062967162182363
guanosine,direct_neighbor_ridge,stomach,86.69891512191491,89.16564311487066,74,1.1716069611069582
guanosine,direct_neighbor_ridge,upper_aerodigestive_tract,31.682260635613897,29.594765003075565,60,0.5280376772602317
guanosine,direct_neighbor_ridge,urinary_tract,45.234604729493135,43.698852299716684,50,0.9046920945898627
histidine,direct_neighbor_ridge,autonomic_ganglia,12.447439717809784,36.403516029872485,32,0.38898249118155576
histidine,direct_neighbor_ridge,bone,7.273289814859836,29.204159591233246,38,0.19140236354894305
histidine,direct_neighbor_ridge,breast,24.298115053408356,87.60094784746114,98,0.24793994952457507
histidine,direct_neighbor_ridge,central_nervous_system,31.09371758477501,76.88961855745991,98,0.31728283249770417
histidine,direct_neighbor_ridge,endometrium,25.897335402149434,43.33070677310896,56,0.4624524178955256
histidine,direct_neighbor_ridge,haematopoietic_and_lymphoid_tissue,180.01724702835767,919.2165462067455,326,0.5522001442587658
histidine,direct_neighbor_ridge,kidney,9.152921581004456,24.721920698936955,46,0.19897655610879253
histidine,direct_neighbor_ridge,large_intestine,44.440897443003095,168.18139783832893,110,0.4040081585727554
histidine,direct_neighbor_ridge,liver,21.00139864951954,44.631682432734515,50,0.4200279729903908
histidine,direct_neighbor_ridge,lung,150.5586564435309,363.706302468809,352,0.42772345580548554
histidine,direct_neighbor_ridge,oesophagus,19.853726776003878,13.579654260943327,50,0.39707453552007754
histidine,direct_neighbor_ridge,ovary,33.235243820007305,58.96622011689066,90,0.3692804868889701
histidine,direct_neighbor_ridge,pancreas,17.35333733863416,30.329336202167784,82,0.2116260651052946
histidine,direct_neighbor_ridge,skin,25.10511327223242,67.05758267762819,104,0.2413953199253117
histidine,direct_neighbor_ridge,soft_tissue,16.299829679206116,43.45410639988698,36,0.4527730466446143
histidine,direct_neighbor_ridge,stomach,39.04146134089616,48.39933374619394,74,0.5275873154175157
histidine,direct_neighbor_ridge,upper_aerodigestive_tract,13.611156867910228,40.88891077267308,60,0.22685261446517047
histidine,direct_neighbor_ridge,urinary_tract,29.68231908554881,55.64760353374382,50,0.5936463817109762
homocysteine,direct_neighbor_ridge,autonomic_ganglia,30.034224597096163,24.141431190199697,32,0.9385695186592551
homocysteine,direct_neighbor_ridge,bone,39.35038935996397,42.33921517020665,38,1.0355365621043149
homocysteine,direct_neighbor_ridge,breast,71.59078277100407,75.65375228945449,98,0.7305181915408578
homocysteine,direct_neighbor_ridge,central_nervous_system,84.90314095845515,97.4595293647346,98,0.8663585812087261
homocysteine,direct_neighbor_ridge,endometrium,42.17692040893305,43.98250557822242,56,0.7531592930166616
homocysteine,direct_neighbor_ridge,haematopoietic_and_lymphoid_tissue,436.8846528892436,334.2170238648355,326,1.3401369720528946
homocysteine,direct_neighbor_ridge,kidney,29.771174600274264,31.243996551610078,46,0.6471994478320492
homocysteine,direct_neighbor_ridge,large_intestine,145.19164958417804,151.52377236481996,110,1.3199240871288913
homocysteine,direct_neighbor_ridge,liver,18.85443632588812,21.83486751641966,50,0.3770887265177624
homocysteine,direct_neighbor_ridge,lung,317.13338714202905,327.2979779009977,352,0.9009471225625826
homocysteine,direct_neighbor_ridge,oesophagus,44.55209812162915,42.13531524915373,50,0.891041962432583
homocysteine,direct_neighbor_ridge,ovary,64.90921314805176,64.9615904435199,90,0.7212134794227973
homocysteine,direct_neighbor_ridge,pancreas,84.53398043208644,92.20708152929657,82,1.030902200391298
homocysteine,direct_neighbor_ridge,skin,148.83510723403924,164.627096253268,104,1.4311068003273004
homocysteine,direct_neighbor_ridge,soft_tissue,46.49655576785949,46.73531618210813,36,1.2915709935516526
homocysteine,direct_neighbor_ridge,stomach,107.21084762337941,99.61010809945972,74,1.4487952381537759
homocysteine,direct_neighbor_ridge,upper_aerodigestive_tract,54.233958495334335,56.88555936811435,60,0.9038993082555723
homocysteine,direct_neighbor_ridge,urinary_tract,59.015945699991505,61.079555185686985,50,1.18031891399983
hypoxanthine,direct_neighbor_ridge,autonomic_ganglia,47.6264257238802,46.81003054446879,32,1.4883258038712563
hypoxanthine,direct_neighbor_ridge,bone,35.03019772468274,33.869479348858974,38,0.9218473085442828
hypoxanthine,direct_neighbor_ridge,breast,82.48819699417315,77.09299854519368,98,0.8417162958589097
hypoxanthine,direct_neighbor_ridge,central_nervous_system,120.475246807834,127.08172437388374,98,1.2293392531411633
hypoxanthine,direct_neighbor_ridge,endometrium,49.898661171920466,52.36349605466948,56,0.8910475209271512
hypoxanthine,direct_neighbor_ridge,haematopoietic_and_lymphoid_tissue,366.2090690704978,417.30105167080467,326,1.1233407026702387
hypoxanthine,direct_neighbor_ridge,kidney,30.20639422351059,28.526105977590127,46,0.6566607439893606
hypoxanthine,direct_neighbor_ridge,large_intestine,143.90200336241267,142.94296284228122,110,1.308200030567388
hypoxanthine,direct_neighbor_ridge,liver,39.404306809955955,42.67671707055951,50,0.788086136199119
hypoxanthine,direct_neighbor_ridge,lung,357.74549991807726,352.5966379003855,352,1.0163224429490831
hypoxanthine,direct_neighbor_ridge,oesophagus,61.071107986214216,59.54067048983085,50,1.2214221597242843
hypoxanthine,direct_neighbor_ridge,ovary,72.88647526324779,73.43105643234294,90,0.8098497251471977
hypoxanthine,direct_neighbor_ridge,pancreas,73.60683165202143,80.91707389763172,82,0.8976442884392857
hypoxanthine,direct_neighbor_ridge,skin,101.08788506925542,100.24631483545119,104,0.9719988948966868
hypoxanthine,direct_neighbor_ridge,soft_tissue,33.50370140605174,32.81050730777413,36,0.9306583723903261
hypoxanthine,direct_neighbor_ridge,stomach,62.34987639343113,65.6667495576617,74,0.8425658972085288
hypoxanthine,direct_neighbor_ridge,upper_aerodigestive_tract,62.78812862355568,72.403490285959,60,1.0464688103925945
hypoxanthine,direct_neighbor_ridge,urinary_tract,30.45995397019098,30.471579780779738,50,0.6091990794038196
inosine,direct_neighbor_ridge,autonomic_ganglia,46.73420209209185,48.17505654427296,32,1.4604438153778703
inosine,direct_neighbor_ridge,bone,47.57321909262388,49.903773602137015,38,1.2519268182269443
inosine,direct_neighbor_ridge,breast,71.13918476576862,73.20905678065458,98,0.7259100486302921
inosine,direct_neighbor_ridge,central_nervous_system,78.81766876697631,69.28803701436968,98,0.8042619261936358
inosine,direct_neighbor_ridge,endometrium,42.70321980245699,49.14838510834445,56,0.7625574964724463
inosine,direct_neighbor_ridge,haematopoietic_and_lymphoid_tissue,374.4018455750158,399.49410384819714,326,1.1484719189417663
inosine,direct_neighbor_ridge,kidney,44.43139230059522,39.272089421840775,46,0.9658998326216353
inosine,direct_neighbor_ridge,large_intestine,125.86628795428373,133.03991423145715,110,1.1442389814025795
inosine,direct_neighbor_ridge,liver,40.421056861804814,40.39239609364602,50,0.8084211372360963
inosine,direct_neighbor_ridge,lung,446.01636920030876,451.96998691320056,352,1.2670919579554225
inosine,direct_neighbor_ridge,oesophagus,71.08332359046051,77.99357719746178,50,1.4216664718092102
inosine,direct_neighbor_ridge,ovary,41.10083411944581,40.035441730184644,90,0.456675934660509
inosine,direct_neighbor_ridge,pancreas,65.87892611123988,71.65119465306098,82,0.8034015379419497
inosine,direct_neighbor_ridge,skin,96.41192275052593,89.11352419642628,104,0.927037718755057
inosine,direct_neighbor_ridge,soft_tissue,11.746684159532434,12.65907631611945,36,0.32629678220923425
inosine,direct_neighbor_ridge,stomach,98.28342136570159,101.33125665374071,74,1.328154342779751
inosine,direct_neighbor_ridge,upper_aerodigestive_tract,27.75875495813387,30.857356127885314,60,0.46264591596889787
inosine,direct_neighbor_ridge,urinary_tract,30.54061001043987,37.047255393347726,50,0.6108122002087975
inositol,direct_neighbor_ridge,autonomic_ganglia,7.19761114955855,7.483763308192955,32,0.22492534842370468
inositol,direct_neighbor_ridge,bone,42.57541162251396,43.85644667630355,38,1.1204055690135253
inositol,direct_neighbor_ridge,breast,105.51515001929752,111.21234535461247,98,1.0766852042785462
inositol,direct_neighbor_ridge,central_nervous_system,95.77080622036529,87.03474490100693,98,0.977253124697605
inositol,direct_neighbor_ridge,endometrium,88.13456071795177,84.8482067518926,56,1.5738314413919958
inositol,direct_neighbor_ridge,haematopoietic_and_lymphoid_tissue,381.8156010918678,382.5069011582972,326,1.171213500281803
inositol,direct_neighbor_ridge,kidney,30.64047104335225,29.027711909642196,46,0.6660971965946141
inositol,direct_neighbor_ridge,large_intestine,121.54657305954726,123.17458166354228,110,1.1049688459958842
inositol,direct_neighbor_ridge,liver,83.43194026501591,80.56480353963683,50,1.6686388053003183
inositol,direct_neighbor_ridge,lung,259.87467555328027,253.1611965327462,352,0.7382803282763644
inositol,direct_neighbor_ridge,oesophagus,41.596425213520476,45.941249080401185,50,0.8319285042704095
inositol,direct_neighbor_ridge,ovary,93.88140085516486,98.16941174408352,90,1.0431266761684983
inositol,direct_neighbor_ridge,pancreas,72.26533947609883,77.95253701504959,82,0.8812846277573028
inositol,direct_neighbor_ridge,skin,154.25827326054306,164.66288858440592,104,1.4832526275052218
inositol,direct_neighbor_ridge,soft_tissue,35.3905214742389,36.26413045266661,36,0.9830700409510806
inositol,direct_neighbor_ridge,stomach,61.37386933570127,63.38037004942292,74,0.8293766126446118
inositol,direct_neighbor_ridge,upper_aerodigestive_tract,31.410345598380655,32.978086947938316,60,0.523505759973011
inositol,direct_neighbor_ridge,urinary_tract,60.71803599010522,64.86964146144484,50,1.2143607198021045
isocitrate,direct_neighbor_ridge,autonomic_ganglia,21.994951939725564,26.112212122513586,32,0.6873422481164239
isocitrate,direct_neighbor_ridge,bone,27.228313449085817,36.8765006239022,38,0.7165345644496268
isocitrate,direct_neighbor_ridge,breast,83.21836513549955,107.1059357149613,98,0.8491669911785669
isocitrate,direct_neighbor_ridge,central_nervous_system,78.58585905187789,97.60721837866232,98,0.8018965209375295
isocitrate,direct_neighbor_ridge,endometrium,27.10854668856213,38.09011813596171,56,0.4840811908671809
isocitrate,direct_neighbor_ridge,haematopoietic_and_lymphoid_tissue,657.6166356953834,653.1346269881255,326,2.0172289438508693
isocitrate,direct_neighbor_ridge,kidney,41.94700177421494,40.65785734604586,46,0.9118913429177161
isocitrate,direct_neighbor_ridge,large_intestine,69.9950814882389,80.59821863114456,110,0.6363189226203536
isocitrate,direct_neighbor_ridge,liver,35.41201299290679,51.237387566468755,50,0.7082402598581358
isocitrate,direct_neighbor_ridge,lung,243.78213081483636,277.58784822228347,352,0.6925628716330579
isocitrate,direct_neighbor_ridge,oesophagus,20.569870756895156,22.167268043168974,50,0.4113974151379031
isocitrate,direct_neighbor_ridge,ovary,46.229392626318855,49.030449985918324,90,0.5136599180702095
isocitrate,direct_neighbor_ridge,pancreas,78.48730700681593,83.20798166273573,82,0.9571622805709259
isocitrate,direct_neighbor_ridge,skin,70.17296379606734,72.9075606585253,104,0.6747400365006475
isocitrate,direct_neighbor_ridge,soft_tissue,42.41483926554071,51.500218200672606,36,1.178189979598353
isocitrate,direct_neighbor_ridge,stomach,85.25746562060723,100.1333475788621,74,1.1521279137919898
isocitrate,direct_neighbor_ridge,upper_aerodigestive_tract,33.95209742159412,39.29168841839046,60,0.5658682903599019
isocitrate,direct_neighbor_ridge,urinary_tract,28.78431844119486,35.67839730664943,50,0.5756863688238972
isoleucine,direct_neighbor_ridge,autonomic_ganglia,25.22541671259111,30.103273530298768,32,0.7882942722684722
isoleucine,direct_neighbor_ridge,bone,14.10463831181641,26.286105635355987,38,0.3711746924162213
isoleucine,direct_neighbor_ridge,breast,56.00615923552707,70.10659404675569,98,0.5714914207706844
isoleucine,direct_neighbor_ridge,central_nervous_system,50.23829231213152,69.7969121067918,98,0.5126356358380767
isoleucine,direct_neighbor_ridge,endometrium,48.95534419669572,49.93271106124534,56,0.874202574940995
isoleucine,direct_neighbor_ridge,haematopoietic_and_lymphoid_tissue,387.36070601812906,627.0534503746735,326,1.188223024595488
isoleucine,direct_neighbor_ridge,kidney,11.800793033288718,24.783796660491113,46,0.25653897898453737
isoleucine,direct_neighbor_ridge,large_intestine,82.78616856776968,107.18019763501597,110,0.7526015324342697
isoleucine,direct_neighbor_ridge,liver,49.34059869351079,44.83748360937226,50,0.9868119738702158
isoleucine,direct_neighbor_ridge,lung,371.5186507036679,440.97871712167205,352,1.0554507122263292
isoleucine,direct_neighbor_ridge,oesophagus,10.472519248872516,14.216700057961763,50,0.2094503849774503
isoleucine,direct_neighbor_ridge,ovary,68.46000813822594,81.7097913472025,90,0.7606667570913994
isoleucine,direct_neighbor_ridge,pancreas,63.610556194742074,72.61437386196867,82,0.7757384901797814
isoleucine,direct_neighbor_ridge,skin,44.425461728859176,60.61704501729017,104,0.42716790123903053
isoleucine,direct_neighbor_ridge,soft_tissue,75.4071996179741,80.1976778821274,36,2.094644433832614
isoleucine,direct_neighbor_ridge,stomach,56.76893280078949,52.76310743349265,74,0.7671477405512094
isoleucine,direct_neighbor_ridge,upper_aerodigestive_tract,38.81926738536923,54.36261584065088,60,0.6469877897561538
isoleucine,direct_neighbor_ridge,urinary_tract,77.06979374399943,85.02531124252579,50,1.5413958748799885
kynurenine,direct_neighbor_ridge,autonomic_ganglia,24.151691801356804,22.740356259298725,32,0.7547403687924001
kynurenine,direct_neighbor_ridge,bone,41.86315755147838,42.25613234320605,38,1.1016620408283784
kynurenine,direct_neighbor_ridge,breast,102.62601723037348,104.70217694063977,98,1.0472042574527907
kynurenine,direct_neighbor_ridge,central_nervous_system,165.9946041164021,167.248884508982,98,1.6938224909836948
kynurenine,direct_neighbor_ridge,endometrium,29.26051512100086,30.207128559254663,56,0.5225091985893011
kynurenine,direct_neighbor_ridge,haematopoietic_and_lymphoid_tissue,288.6280090749583,296.4622366487638,326,0.8853619910274795
kynurenine,direct_neighbor_ridge,kidney,39.9080022061817,41.110197193085696,46,0.867565265351776
kynurenine,direct_neighbor_ridge,large_intestine,112.41514879937365,102.78531732027052,110,1.021955898176124
kynurenine,direct_neighbor_ridge,liver,80.89313802377363,81.77139223579366,50,1.6178627604754725
kynurenine,direct_neighbor_ridge,lung,273.72251564528307,275.65942890883525,352,0.7776207830831905
kynurenine,direct_neighbor_ridge,oesophagus,33.40082993427499,32.569040023802565,50,0.6680165986854998
kynurenine,direct_neighbor_ridge,ovary,154.1515162129269,155.34965166877146,90,1.7127946245880767
kynurenine,direct_neighbor_ridge,pancreas,118.06128947840119,111.38148271015444,82,1.4397718229073315
kynurenine,direct_neighbor_ridge,skin,98.54123993093597,97.81283329804934,104,0.9475119224128459
kynurenine,direct_neighbor_ridge,soft_tissue,19.487723402241294,16.878618193953734,36,0.5413256500622582
kynurenine,direct_neighbor_ridge,stomach,59.250575617976025,62.42373452212467,74,0.8006834542969733
kynurenine,direct_neighbor_ridge,upper_aerodigestive_tract,70.80113088631094,69.85119321333907,60,1.1800188481051823
kynurenine,direct_neighbor_ridge,urinary_tract,59.52395069136668,57.965662915228656,50,1.1904790138273336
leucine,direct_neighbor_ridge,autonomic_ganglia,37.20619088919342,44.39401504380479,32,1.1626934652872944
leucine,direct_neighbor_ridge,bone,16.112859491457655,35.15672894024065,38,0.4240226181962541
leucine,direct_neighbor_ridge,breast,58.002079526503266,89.6856850034243,98,0.5918579543520741
leucine,direct_neighbor_ridge,central_nervous_system,59.32938713599884,86.09427601685573,98,0.6054019095510086
leucine,direct_neighbor_ridge,endometrium,31.98898506779016,37.50388777750932,56,0.5712318762105386
leucine,direct_neighbor_ridge,haematopoietic_and_lymphoid_tissue,486.36261472986257,966.9964555400786,326,1.4919098611345478
leucine,direct_neighbor_ridge,kidney,16.816136011634462,30.302132119365695,46,0.3655681741659666
leucine,direct_neighbor_ridge,large_intestine,65.03014322044378,98.82120414047279,110,0.5911831201858525
leucine,direct_neighbor_ridge,liver,56.67811474385657,59.71711084041577,50,1.1335622948771313
leucine,direct_neighbor_ridge,lung,236.90537556024512,374.9985676648406,352,0.6730266351143327
leucine,direct_neighbor_ridge,oesophagus,16.84945113469851,15.5529595619441,50,0.3369890226939702
leucine,direct_neighbor_ridge,ovary,44.404999294884924,54.29801100995483,90,0.4933888810542769
leucine,direct_neighbor_ridge,pancreas,26.04190260221043,39.20462101543679,82,0.31758417807573697
leucine,direct_neighbor_ridge,skin,48.392145283166116,65.30123849641238,104,0.46530908926121267
leucine,direct_neighbor_ridge,soft_tissue,24.31894757989211,36.263348432508344,36,0.6755263216636698
leucine,direct_neighbor_ridge,stomach,36.86857046332701,40.167348884420285,74,0.49822392518009473
leucine,direct_neighbor_ridge,upper_aerodigestive_tract,43.439074446844124,61.991325895604824,60,0.7239845741140687
leucine,direct_neighbor_ridge,urinary_tract,42.348187094674095,50.09134759129472,50,0.8469637418934819
lysine,direct_neighbor_ridge,autonomic_ganglia,31.214848731646317,31.881697357456588,32,0.9754640228639474
lysine,direct_neighbor_ridge,bone,46.39042230532124,45.12194575709871,38,1.220800586982138
lysine,direct_neighbor_ridge,breast,84.50169950646657,75.06701829686159,98,0.8622622398619038
lysine,direct_neighbor_ridge,central_nervous_system,100.15645349852022,92.48198715657074,98,1.0220046275359207
lysine,direct_neighbor_ridge,endometrium,37.1746773453617,40.28951730006323,56,0.6638335240243161
lysine,direct_neighbor_ridge,haematopoietic_and_lymphoid_tissue,1175.5144150171768,1061.410130477398,326,3.6058724387029963
lysine,direct_neighbor_ridge,kidney,46.34359101751018,42.10813851663326,46,1.0074693699458734
lysine,direct_neighbor_ridge,large_intestine,110.36424726085973,110.388950819427,110,1.0033113387350885
lysine,direct_neighbor_ridge,liver,49.196045668018016,41.525141708316376,50,0.9839209133603604
lysine,direct_neighbor_ridge,lung,292.2966323250628,290.496973593029,352,0.8303881600143829
lysine,direct_neighbor_ridge,oesophagus,19.096543018928557,18.949115345992233,50,0.38193086037857116
lysine,direct_neighbor_ridge,ovary,74.66799931671453,72.99080204691398,90,0.8296444368523836
lysine,direct_neighbor_ridge,pancreas,32.916938551077955,33.354020798557556,82,0.40142607989119455
lysine,direct_neighbor_ridge,skin,99.53880132547093,99.90670558929557,104,0.9571038588987589
lysine,direct_neighbor_ridge,soft_tissue,18.992708073208505,18.95489232072659,36,0.5275752242557918
lysine,direct_neighbor_ridge,stomach,54.927543902418215,53.430291665730365,74,0.7422641067894353
lysine,direct_neighbor_ridge,upper_aerodigestive_tract,73.68258740298982,71.59857881603938,60,1.2280431233831637
lysine,direct_neighbor_ridge,urinary_tract,47.42599069470128,46.58361596460328,50,0.9485198138940255
malate,direct_neighbor_ridge,autonomic_ganglia,17.87604245017837,19.84121264258016,32,0.5586263265680741
malate,direct_neighbor_ridge,bone,24.888684563507365,35.2913998855552,38,0.6549653832501938
malate,direct_neighbor_ridge,breast,75.8253208108016,111.75384653000741,98,0.7737277633755265
malate,direct_neighbor_ridge,central_nervous_system,112.35505300397038,151.50743371592282,98,1.1464801326935754
malate,direct_neighbor_ridge,endometrium,21.94578326088428,27.694892468244685,56,0.391888986801505
malate,direct_neighbor_ridge,haematopoietic_and_lymphoid_tissue,734.200357919473,741.3984866626931,326,2.2521483371762976
malate,direct_neighbor_ridge,kidney,16.185618303002503,21.831080252394923,46,0.35186126745657614
malate,direct_neighbor_ridge,large_intestine,58.11766340968879,82.80526041968886,110,0.5283423946335344
malate,direct_neighbor_ridge,liver,44.74377220548265,70.74039821213101,50,0.894875444109653
malate,direct_neighbor_ridge,lung,189.15808285243912,244.90712254551394,352,0.5373809171944294
malate,direct_neighbor_ridge,oesophagus,50.236940520125906,52.36317309374923,50,1.0047388104025181
malate,direct_neighbor_ridge,ovary,42.28579652853622,50.324431706736874,90,0.4698421836504024
malate,direct_neighbor_ridge,pancreas,67.89962304487241,61.86464749486163,82,0.8280441834740538
malate,direct_neighbor_ridge,skin,34.21094050426507,47.02010175430008,104,0.32895135100254874
malate,direct_neighbor_ridge,soft_tissue,27.778194110861044,26.65505158076134,36,0.7716165030794735
malate,direct_neighbor_ridge,stomach,37.637706868586726,53.52319456626257,74,0.5086176603863071
malate,direct_neighbor_ridge,upper_aerodigestive_tract,32.21307221469847,32.097003176607664,60,0.5368845369116412
malate,direct_neighbor_ridge,urinary_tract,25.670426567479893,32.36008683217915,50,0.5134085313495979
methionine,direct_neighbor_ridge,autonomic_ganglia,19.78917983847021,28.913798916867744,32,0.6184118699521941
methionine,direct_neighbor_ridge,bone,13.90650171110998,29.0827344418866,38,0.3659605713449995
methionine,direct_neighbor_ridge,breast,44.76857047775486,82.3544720281677,98,0.45682214773219243
methionine,direct_neighbor_ridge,central_nervous_system,44.43101700569976,81.32677635191394,98,0.4533777245479567
methionine,direct_neighbor_ridge,endometrium,25.75998183381679,34.98199169494261,56,0.4599996756038713
methionine,direct_neighbor_ridge,haematopoietic_and_lymphoid_tissue,336.68414492433885,850.6833644378879,326,1.032773450688156
methionine,direct_neighbor_ridge,kidney,10.442803884294928,24.871540197090734,46,0.22701747574554193
methionine,direct_neighbor_ridge,large_intestine,105.00401296487814,160.7036962504014,110,0.9545819360443467
methionine,direct_neighbor_ridge,liver,45.526400389264204,56.329269100195816,50,0.9105280077852841
methionine,direct_neighbor_ridge,lung,307.4792632711258,412.6077429716564,352,0.873520634292971
methionine,direct_neighbor_ridge,oesophagus,49.48676300158527,34.995761697852615,50,0.9897352600317053
methionine,direct_neighbor_ridge,ovary,46.046443539583905,60.302741265706544,90,0.5116271504398212
methionine,direct_neighbor_ridge,pancreas,21.89038777921015,31.76311467840428,82,0.26695594852695304
methionine,direct_neighbor_ridge,skin,48.52082316314783,52.09326254598395,104,0.46654637656872916
methionine,direct_neighbor_ridge,soft_tissue,15.28626778386923,17.00843877766209,36,0.424618549551923
methionine,direct_neighbor_ridge,stomach,52.599685637031314,47.787916490601255,74,0.7108065626625854
methionine,direct_neighbor_ridge,upper_aerodigestive_tract,35.98531765628832,59.30356234777404,60,0.599755294271472
methionine,direct_neighbor_ridge,urinary_tract,32.163344245062,53.99798264426069,50,0.64326688490124
ornithine,direct_neighbor_ridge,autonomic_ganglia,22.362049263496903,24.20233199152689,32,0.6988140394842782
ornithine,direct_neighbor_ridge,bone,17.92172620177662,23.78239036045597,38,0.4716243737309637
ornithine,direct_neighbor_ridge,breast,111.90612037677188,136.65277685340993,98,1.1418991875180804
ornithine,direct_neighbor_ridge,central_nervous_system,70.71034866114465,75.13709965446118,98,0.7215341700116801
ornithine,direct_neighbor_ridge,endometrium,31.895248128828413,37.690592756360665,56,0.5695580023005073
ornithine,direct_neighbor_ridge,haematopoietic_and_lymphoid_tissue,341.67335969398937,432.79919136147794,326,1.04807779047236
ornithine,direct_neighbor_ridge,kidney,27.89849287883152,28.887275428275192,46,0.6064889756267722
ornithine,direct_neighbor_ridge,large_intestine,92.65988782527562,107.18317782538425,110,0.8423626165934147
ornithine,direct_neighbor_ridge,liver,36.68704090863539,49.40550452580338,50,0.7337408181727078
ornithine,direct_neighbor_ridge,lung,291.344024622627,387.9725214548,352,0.827681888132463
ornithine,direct_neighbor_ridge,oesophagus,28.635613811383507,32.17885560097294,50,0.5727122762276702
ornithine,direct_neighbor_ridge,ovary,49.60472644394741,66.14263132589384,90,0.5511636271549712
ornithine,direct_neighbor_ridge,pancreas,95.35885062121017,114.45189429201847,82,1.1629128124537824
ornithine,direct_neighbor_ridge,skin,58.68545199752084,71.46057253323757,104,0.5642831922838543
ornithine,direct_neighbor_ridge,soft_tissue,36.62155806709299,49.35991946470628,36,1.0172655018636942
ornithine,direct_neighbor_ridge,stomach,61.45138043074289,81.45877637922891,74,0.8304240598749039
ornithine,direct_neighbor_ridge,upper_aerodigestive_tract,45.35765289862082,36.30973854854841,60,0.7559608816436804
ornithine,direct_neighbor_ridge,urinary_tract,47.10007341252301,40.41019744274121,50,0.9420014682504602
oxalate,direct_neighbor_ridge,autonomic_ganglia,64.87735767886758,65.13371588314762,32,2.027417427464612
oxalate,direct_neighbor_ridge,bone,25.48709721413368,24.235981648505714,38,0.6707130845824653
oxalate,direct_neighbor_ridge,breast,57.87974646428811,51.83671677835306,98,0.5906096577988583
oxalate,direct_neighbor_ridge,central_nervous_system,68.65927787570224,64.16699160238674,98,0.700604876282676
oxalate,direct_neighbor_ridge,endometrium,31.487694947329068,31.516249813879714,56,0.5622802669165905
oxalate,direct_neighbor_ridge,haematopoietic_and_lymphoid_tissue,1489.4558109199454,1398.1810092187347,326,4.568882855582655
oxalate,direct_neighbor_ridge,kidney,15.079971464717115,13.196191210170026,46,0.32782546662428513
oxalate,direct_neighbor_ridge,large_intestine,63.21637596257377,63.755623052996526,110,0.5746943269324888
oxalate,direct_neighbor_ridge,liver,37.16081599425257,34.17624167959782,50,0.7432163198850514
oxalate,direct_neighbor_ridge,lung,395.85486274985044,388.9351539817884,352,1.1245876782666206
oxalate,direct_neighbor_ridge,oesophagus,38.93795608243111,38.952283142046454,50,0.7787591216486222
oxalate,direct_neighbor_ridge,ovary,53.37167650942328,52.589556737849804,90,0.5930186278824809
oxalate,direct_neighbor_ridge,pancreas,66.4000395687955,67.03440783936315,82,0.8097565801072623
oxalate,direct_neighbor_ridge,skin,78.9564838520524,79.72197389214911,104,0.7591969601158884
oxalate,direct_neighbor_ridge,soft_tissue,16.92213324703237,16.50719366614892,36,0.4700592568620103
oxalate,direct_neighbor_ridge,stomach,59.81979610675708,60.546576586683464,74,0.8083756230642849
oxalate,direct_neighbor_ridge,upper_aerodigestive_tract,36.48417319644039,35.7764519754928,60,0.6080695532740065
oxalate,direct_neighbor_ridge,urinary_tract,14.893396946530798,14.286636548781939,50,0.29786793893061597
phenylalanine,direct_neighbor_ridge,autonomic_ganglia,32.68525644705315,32.883887805091,32,1.021414263970411
phenylalanine,direct_neighbor_ridge,bone,43.957720588444346,43.353491615857514,38,1.1567821207485354
phenylalanine,direct_neighbor_ridge,breast,82.8576798157784,79.2381257718854,98,0.8454865287324326
phenylalanine,direct_neighbor_ridge,central_nervous_system,112.4657235893264,97.10900074327829,98,1.1476094243808816
phenylalanine,direct_neighbor_ridge,endometrium,43.693029670046755,44.09012037384953,56,0.7802326726794063
phenylalanine,direct_neighbor_ridge,haematopoietic_and_lymphoid_tissue,768.0494540288555,824.3965004380756,326,2.3559799203339127
phenylalanine,direct_neighbor_ridge,kidney,35.18288253042884,33.80246346163484,46,0.7648452724006269
phenylalanine,direct_neighbor_ridge,large_intestine,108.6153467665258,122.2883955299115,110,0.9874122433320528
phenylalanine,direct_neighbor_ridge,liver,49.58235148008329,50.70855418082585,50,0.9916470296016658
phenylalanine,direct_neighbor_ridge,lung,300.9130731296103,301.52322827389344,352,0.854866685027302
phenylalanine,direct_neighbor_ridge,oesophagus,69.48190803170087,57.29084618165158,50,1.3896381606340173
phenylalanine,direct_neighbor_ridge,ovary,62.35526522152402,65.17211395277127,90,0.6928362802391558
phenylalanine,direct_neighbor_ridge,pancreas,31.38291823706075,31.809028186611467,82,0.3827185150861067
phenylalanine,direct_neighbor_ridge,skin,101.56349819667035,92.32034037413429,104,0.9765720980449072
phenylalanine,direct_neighbor_ridge,soft_tissue,40.4148524199531,34.11501280443619,36,1.1226347894431417
phenylalanine,direct_neighbor_ridge,stomach,44.838536045549574,44.076389746569326,74,0.605926162777697
phenylalanine,direct_neighbor_ridge,upper_aerodigestive_tract,77.19896737499771,89.54168842810118,60,1.2866494562499617
phenylalanine,direct_neighbor_ridge,urinary_tract,61.21439629013267,67.09726795095955,50,1.2242879258026533
proline,direct_neighbor_ridge,autonomic_ganglia,8.565316226104898,14.851342600204786,32,0.26766613206577805
proline,direct_neighbor_ridge,bone,31.052928809426664,63.64269608513686,38,0.8171823370901754
proline,direct_neighbor_ridge,breast,83.31036225332211,130.37337346306262,98,0.850105737278797
proline,direct_neighbor_ridge,central_nervous_system,61.30506270055276,90.80170767429978,98,0.6255618642913547
proline,direct_neighbor_ridge,endometrium,30.262919409300682,38.69978582498739,56,0.5404092751660836
proline,direct_neighbor_ridge,haematopoietic_and_lymphoid_tissue,278.7186126298018,347.7986155673416,326,0.8549650694165699
proline,direct_neighbor_ridge,kidney,65.95136608766475,49.66055024137207,46,1.4337253497318425
proline,direct_neighbor_ridge,large_intestine,83.71268025082739,101.08423107165589,110,0.7610243659166126
proline,direct_neighbor_ridge,liver,95.48740028427395,144.4775675251946,50,1.909748005685479
proline,direct_neighbor_ridge,lung,207.71237156665057,296.7321389298876,352,0.5900919646779846
proline,direct_neighbor_ridge,oesophagus,21.796568156781177,33.53053781388453,50,0.43593136313562353
proline,direct_neighbor_ridge,ovary,50.13499841623112,52.33719061857071,90,0.5570555379581236
proline,direct_neighbor_ridge,pancreas,52.97700167922522,67.38497030206499,82,0.6460609960881124
proline,direct_neighbor_ridge,skin,58.99832871364723,77.27747029163636,104,0.567291622246608
proline,direct_neighbor_ridge,soft_tissue,44.41743173010163,62.28622844133294,36,1.2338175480583786
proline,direct_neighbor_ridge,stomach,31.574246226519676,46.70378051569512,74,0.4266790030610767
proline,direct_neighbor_ridge,upper_aerodigestive_tract,54.55433057028025,78.84812531002007,60,0.9092388428380042
proline,direct_neighbor_ridge,urinary_tract,51.86649940866051,85.8436694734423,50,1.03732998817321
putrescine,direct_neighbor_ridge,autonomic_ganglia,33.14965596089443,32.80564405161942,32,1.0359267487779509
putrescine,direct_neighbor_ridge,bone,67.62279188301905,67.54345195929112,38,1.7795471548162907
putrescine,direct_neighbor_ridge,breast,125.40339837456666,123.34587402425223,98,1.2796265140261904
putrescine,direct_neighbor_ridge,central_nervous_system,66.93806135309993,66.79668392506133,98,0.6830414423785707
putrescine,direct_neighbor_ridge,endometrium,36.6990930730236,36.2143355200959,56,0.6553409477325642
putrescine,direct_neighbor_ridge,haematopoietic_and_lymphoid_tissue,361.9234300622461,360.51215434202265,326,1.1101945707430863
putrescine,direct_neighbor_ridge,kidney,22.071127660689022,22.20819765061692,46,0.479807123058457
putrescine,direct_neighbor_ridge,large_intestine,74.8830006255737,74.71061081494351,110,0.6807545511415791
putrescine,direct_neighbor_ridge,liver,34.49284604068443,32.65906768909892,50,0.6898569208136885
putrescine,direct_neighbor_ridge,lung,395.1824328849434,393.38184680231024,352,1.1226773661504075
putrescine,direct_neighbor_ridge,oesophagus,43.73935112378697,43.72126823028973,50,0.8747870224757394
putrescine,direct_neighbor_ridge,ovary,66.47923335176075,66.68374864987031,90,0.7386581483528972
putrescine,direct_neighbor_ridge,pancreas,68.40582367504231,68.31530039204806,82,0.8342173618907599
putrescine,direct_neighbor_ridge,skin,188.69895659175256,188.1488369571319,104,1.814413044151467
putrescine,direct_neighbor_ridge,soft_tissue,55.07992493628569,55.15993603908142,36,1.5299979148968248
putrescine,direct_neighbor_ridge,stomach,42.16009179121193,42.187856607444594,74,0.5697309701515126
putrescine,direct_neighbor_ridge,upper_aerodigestive_tract,35.28588766028879,35.28488354354974,60,0.5880981276714798
putrescine,direct_neighbor_ridge,urinary_tract,77.69854838593223,77.65923459243206,50,1.5539709677186446
sarcosine,direct_neighbor_ridge,autonomic_ganglia,9.005798443355827,10.436573288503475,32,0.2814312013548696
sarcosine,direct_neighbor_ridge,bone,37.61096447785925,46.70910057603611,38,0.9897622231015591
sarcosine,direct_neighbor_ridge,breast,125.94339651587232,114.49658578195168,98,1.2851366991415543
sarcosine,direct_neighbor_ridge,central_nervous_system,110.47779992196601,124.58030359008715,98,1.1273244889996532
sarcosine,direct_neighbor_ridge,endometrium,30.391115165387422,43.054625206265285,56,0.542698485096204
sarcosine,direct_neighbor_ridge,haematopoietic_and_lymphoid_tissue,277.45743969370733,266.0008781323397,326,0.8510964407782433
sarcosine,direct_neighbor_ridge,kidney,65.18070875268756,43.891502201989134,46,1.4169719294062515
sarcosine,direct_neighbor_ridge,large_intestine,110.25383159726385,122.3289667312412,110,1.0023075599751259
sarcosine,direct_neighbor_ridge,liver,67.52934300260296,64.91665427745896,50,1.3505868600520592
sarcosine,direct_neighbor_ridge,lung,354.7451716188119,358.28220566972027,352,1.0077987830079884
sarcosine,direct_neighbor_ridge,oesophagus,69.36955538814988,79.22506105962552,50,1.3873911077629975
sarcosine,direct_neighbor_ridge,ovary,31.5688729435827,30.840397312630667,90,0.3507652549286967
sarcosine,direct_neighbor_ridge,pancreas,72.31714071074968,79.79872311019193,82,0.8819163501310937
sarcosine,direct_neighbor_ridge,skin,126.86820806828985,130.0362720702842,104,1.2198866160412485
sarcosine,direct_neighbor_ridge,soft_tissue,23.694672872153244,23.71976779707796,36,0.6581853575598123
sarcosine,direct_neighbor_ridge,stomach,96.32605857592141,113.62603614287417,74,1.3017034942692083
sarcosine,direct_neighbor_ridge,upper_aerodigestive_tract,56.40694768601611,62.63616997783069,60,0.9401157947669352
sarcosine,direct_neighbor_ridge,urinary_tract,57.08660647944417,65.80103433149141,50,1.1417321295888834
serine,direct_neighbor_ridge,autonomic_ganglia,14.501081244226743,22.457745119340622,32,0.4531587888820857
serine,direct_neighbor_ridge,bone,65.06280421749969,74.20347849613246,38,1.712179058355255
serine,direct_neighbor_ridge,breast,52.79763060427141,79.4329487572832,98,0.5387513326966471
serine,direct_neighbor_ridge,central_nervous_system,120.32875177658867,143.58582374390951,98,1.2278444058835578
serine,direct_neighbor_ridge,endometrium,39.05626206090783,48.55693926636733,56,0.6974332510876398
serine,direct_neighbor_ridge,haematopoietic_and_lymphoid_tissue,180.94462887344176,319.6259193427835,326,0.5550448738449134
serine,direct_neighbor_ridge,kidney,29.287839624791474,25.892952063749295,46,0.6366921657563364
serine,direct_neighbor_ridge,large_intestine,134.71541828652497,152.48525233052905,110,1.2246856207865906
serine,direct_neighbor_ridge,liver,58.38960477526286,51.059178306437936,50,1.1677920955052572
serine,direct_neighbor_ridge,lung,319.99838029888934,391.79353957520755,352,0.9090863076672993
serine,direct_neighbor_ridge,oesophagus,21.204322166937615,29.887029294871272,50,0.4240864433387523
serine,direct_neighbor_ridge,ovary,36.75327702368425,60.45175937716083,90,0.40836974470760273
serine,direct_neighbor_ridge,pancreas,63.395876725645095,70.05839294573168,82,0.7731204478737207
serine,direct_neighbor_ridge,skin,66.9495176788925,84.75476825230903,104,0.6437453622970433
serine,direct_neighbor_ridge,soft_tissue,29.921666349051783,44.97720378924979,36,0.8311573985847718
serine,direct_neighbor_ridge,stomach,36.32429332333548,44.99636913851757,74,0.4908688286937227
serine,direct_neighbor_ridge,upper_aerodigestive_tract,31.04581321444158,39.97374456345512,60,0.517430220240693
serine,direct_neighbor_ridge,urinary_tract,82.60272959283891,88.35510441081385,50,1.6520545918567782
taurine,direct_neighbor_ridge,autonomic_ganglia,24.032550560847287,24.757053655703878,32,0.7510172050264777
taurine,direct_neighbor_ridge,bone,18.53597854245238,27.674710411936626,38,0.48778890901190475
taurine,direct_neighbor_ridge,breast,108.18869378816655,130.85724849327485,98,1.1039662631445566
taurine,direct_neighbor_ridge,central_nervous_system,58.471950525304614,64.9369588389751,98,0.5966525563806593
taurine,direct_neighbor_ridge,endometrium,56.934271908642074,55.657101615166454,56,1.016683426940037
taurine,direct_neighbor_ridge,haematopoietic_and_lymphoid_tissue,374.0678116817683,394.09712546496564,326,1.147447275097449
taurine,direct_neighbor_ridge,kidney,24.30552425185158,37.147372208279,46,0.5283809619967734
taurine,direct_neighbor_ridge,large_intestine,70.19477144004881,69.90813817239447,110,0.6381342858186255
taurine,direct_neighbor_ridge,liver,70.88488711008048,77.21604221896419,50,1.4176977422016097
taurine,direct_neighbor_ridge,lung,268.5342479310732,310.6621067145945,352,0.7628813861678215
taurine,direct_neighbor_ridge,oesophagus,28.7569173739868,25.936571784560044,50,0.575138347479736
taurine,direct_neighbor_ridge,ovary,147.06748127655683,146.95191107953394,90,1.6340831252950758
taurine,direct_neighbor_ridge,pancreas,52.63071688648124,62.56935341964211,82,0.6418380108107468
taurine,direct_neighbor_ridge,skin,49.79827200177602,63.41980522209097,104,0.4788295384786156
taurine,direct_neighbor_ridge,soft_tissue,70.89819569599548,74.70869138762853,36,1.9693943248887633
taurine,direct_neighbor_ridge,stomach,51.45386767476383,63.09475998170571,74,0.6953225361454571
taurine,direct_neighbor_ridge,upper_aerodigestive_tract,125.30812053196038,116.35859217286846,60,2.088468675532673
taurine,direct_neighbor_ridge,urinary_tract,53.85989809063913,60.557971463180245,50,1.0771979618127825
taurocholate,direct_neighbor_ridge,autonomic_ganglia,17.15921791123567,22.144156459582295,32,0.5362255597261147
taurocholate,direct_neighbor_ridge,bone,45.216739358612614,52.56115141287511,38,1.1899141936477005
taurocholate,direct_neighbor_ridge,breast,57.41766638319236,58.11098658614519,98,0.5858945549305343
taurocholate,direct_neighbor_ridge,central_nervous_system,47.50082111943506,45.40676848128772,98,0.4847022563207659
taurocholate,direct_neighbor_ridge,endometrium,86.12888050525832,83.85097457297267,56,1.5380157233081844
taurocholate,direct_neighbor_ridge,haematopoietic_and_lymphoid_tissue,623.4619216134827,648.6893811830165,326,1.9124598822499468
taurocholate,direct_neighbor_ridge,kidney,33.68351560137097,33.56335961287344,46,0.7322503391602385
taurocholate,direct_neighbor_ridge,large_intestine,104.71807892210538,108.15121489005797,110,0.9519825356555034
taurocholate,direct_neighbor_ridge,liver,34.64055764751354,36.38628899915363,50,0.6928111529502707
taurocholate,direct_neighbor_ridge,lung,289.4778425449813,301.5689362597554,352,0.8223802345027877
taurocholate,direct_neighbor_ridge,oesophagus,40.62227422637468,34.686903280145394,50,0.8124454845274935
taurocholate,direct_neighbor_ridge,ovary,79.48037891100776,85.98553954692805,90,0.8831153212334196
taurocholate,direct_neighbor_ridge,pancreas,78.88826477646474,81.23059380632401,82,0.9620520094690822
taurocholate,direct_neighbor_ridge,skin,70.6017901764626,67.16255007340389,104,0.6788633670813712
taurocholate,direct_neighbor_ridge,soft_tissue,58.07341163387323,61.1993079381605,36,1.6131503231631452
taurocholate,direct_neighbor_ridge,stomach,42.706771892508144,51.376726049707045,74,0.5771185390879479
taurocholate,direct_neighbor_ridge,upper_aerodigestive_tract,19.578567874796374,21.163701530997592,60,0.32630946457993953
taurocholate,direct_neighbor_ridge,urinary_tract,41.51331204623579,38.94649715201725,50,0.8302662409247158
thymidine,direct_neighbor_ridge,autonomic_ganglia,43.636980805934016,43.159828637020645,32,1.363655650185438
thymidine,direct_neighbor_ridge,bone,32.34979563534422,31.652636997321743,38,0.8513104114564269
thymidine,direct_neighbor_ridge,breast,77.04133230209726,77.7946872798995,98,0.7861360438989516
thymidine,direct_neighbor_ridge,central_nervous_system,144.8076672811527,146.96538968149923,98,1.477629257970946
thymidine,direct_neighbor_ridge,endometrium,115.66706317188363,116.11973195586498,56,2.065483270926493
thymidine,direct_neighbor_ridge,haematopoietic_and_lymphoid_tissue,459.2977027716174,462.3939306586684,326,1.4088886588086424
thymidine,direct_neighbor_ridge,kidney,25.840288834798052,26.521197563576585,46,0.5617454094521316
thymidine,direct_neighbor_ridge,large_intestine,91.26679026824992,89.09637456833272,110,0.8296980933477266
thymidine,direct_neighbor_ridge,liver,49.823316661138065,48.815614590891364,50,0.9964663332227613
thymidine,direct_neighbor_ridge,lung,301.7104563058384,304.21564002373356,352,0.8571319781415864
thymidine,direct_neighbor_ridge,oesophagus,32.026177048090986,30.96752194059733,50,0.6405235409618197
thymidine,direct_neighbor_ridge,ovary,98.16462585093748,93.7728081590994,90,1.0907180650104165
thymidine,direct_neighbor_ridge,pancreas,66.45869330365639,65.32128095676353,82,0.8104718695567852
thymidine,direct_neighbor_ridge,skin,72.0546404711414,72.66157325860657,104,0.6928330814532827
thymidine,direct_neighbor_ridge,soft_tissue,37.52978444884765,37.04749193457819,36,1.0424940124679902
thymidine,direct_neighbor_ridge,stomach,81.32159250963373,83.43016910440078,74,1.0989404393193747
thymidine,direct_neighbor_ridge,upper_aerodigestive_tract,58.98608785815418,56.39780371546568,60,0.9831014643025696
thymidine,direct_neighbor_ridge,urinary_tract,23.135999029776645,23.399459908770275,50,0.4627199805955329
thymine,direct_neighbor_ridge,autonomic_ganglia,74.55578393284938,84.27862672670544,32,2.329868247901543
thymine,direct_neighbor_ridge,bone,35.10181322786734,33.273008548823974,38,0.9237319270491405
thymine,direct_neighbor_ridge,breast,120.57118139986116,128.79434092839966,98,1.2303181775496037
thymine,direct_neighbor_ridge,central_nervous_system,95.89726080079967,98.76215126109179,98,0.9785434775591804
thymine,direct_neighbor_ridge,endometrium,97.9455662271636,97.61401241244545,56,1.749027968342207
thymine,direct_neighbor_ridge,haematopoietic_and_lymphoid_tissue,217.65516726409388,285.586553099819,326,0.6676538873131714
thymine,direct_neighbor_ridge,kidney,56.0319567482883,49.07568476782979,46,1.218086016267137
thymine,direct_neighbor_ridge,large_intestine,117.27639264743596,122.39085338886794,110,1.0661490240675995
thymine,direct_neighbor_ridge,liver,52.676401047345315,59.08143542980079,50,1.0535280209469062
thymine,direct_neighbor_ridge,lung,261.1086484468491,292.6401833147617,352,0.7417859330876394
thymine,direct_neighbor_ridge,oesophagus,46.017282047779496,52.64669050023031,50,0.9203456409555899
thymine,direct_neighbor_ridge,ovary,62.54821187383568,64.99321678083675,90,0.6949801319315075
thymine,direct_neighbor_ridge,pancreas,108.97603914441626,114.96851477694149,82,1.3289760871270275
thymine,direct_neighbor_ridge,skin,81.97908329818637,74.68622177314514,104,0.788260416328715
thymine,direct_neighbor_ridge,soft_tissue,18.63679206053953,19.97363389083264,36,0.5176886683483203
thymine,direct_neighbor_ridge,stomach,68.3393249434224,75.09489790036561,74,0.9235043911273297
thymine,direct_neighbor_ridge,upper_aerodigestive_tract,61.37041517696706,62.46863050528738,60,1.022840252949451
thymine,direct_neighbor_ridge,urinary_tract,47.27949192681615,49.537284365578465,50,0.945589838536323
thyroxine,direct_neighbor_ridge,autonomic_ganglia,22.58337015580645,30.80985145543534,32,0.7057303173689515
thyroxine,direct_neighbor_ridge,bone,29.633031245979392,27.577098816109412,38,0.7798166117362998
thyroxine,direct_neighbor_ridge,breast,81.59066135674635,107.12627675534888,98,0.8325577689463913
thyroxine,direct_neighbor_ridge,central_nervous_system,50.151094452573396,84.63230254043158,98,0.511745861760953
thyroxine,direct_neighbor_ridge,endometrium,26.16336209883468,64.78016860998252,56,0.46720289462204784
thyroxine,direct_neighbor_ridge,haematopoietic_and_lymphoid_tissue,291.91708229836246,806.0007256036415,326,0.8954511726943634
thyroxine,direct_neighbor_ridge,kidney,19.34330753324767,22.098777636746245,46,0.42050668550538417
thyroxine,direct_neighbor_ridge,large_intestine,56.89481703783279,117.95785486341731,110,0.5172256094348435
thyroxine,direct_neighbor_ridge,liver,26.510654128862505,41.45342186669866,50,0.5302130825772501
thyroxine,direct_neighbor_ridge,lung,156.98765967986446,272.5758099919716,352,0.4459876695450695
thyroxine,direct_neighbor_ridge,oesophagus,19.399216667339402,27.121717923892234,50,0.38798433334678806
thyroxine,direct_neighbor_ridge,ovary,53.25035213404692,79.98913678322765,90,0.591670579267188
thyroxine,direct_neighbor_ridge,pancreas,45.03286855962661,64.25528223661999,82,0.5491813238978854
thyroxine,direct_neighbor_ridge,skin,61.39603042595757,75.69166635950609,104,0.5903464464034381
thyroxine,direct_neighbor_ridge,soft_tissue,19.969820259977695,28.656701663669313,36,0.5547172294438248
thyroxine,direct_neighbor_ridge,stomach,81.29982865430107,118.85044879846436,74,1.0986463331662306
thyroxine,direct_neighbor_ridge,upper_aerodigestive_tract,23.773078374935114,37.436323649740196,60,0.39621797291558525
thyroxine,direct_neighbor_ridge,urinary_tract,13.15957153046379,26.97687386951634,50,0.2631914306092758
trimethylamine-N-oxide,direct_neighbor_ridge,autonomic_ganglia,32.66868292005148,32.084729486560185,32,1.0208963412516088
trimethylamine-N-oxide,direct_neighbor_ridge,bone,16.720319020020778,16.709417973233492,38,0.44000839526370467
trimethylamine-N-oxide,direct_neighbor_ridge,breast,50.685858637201555,46.405524692281546,98,0.5172026391551179
trimethylamine-N-oxide,direct_neighbor_ridge,central_nervous_system,41.02830465951588,38.674096357222346,98,0.41865616999506
trimethylamine-N-oxide,direct_neighbor_ridge,endometrium,19.371825779044382,18.398818116911848,56,0.34592546034007826
trimethylamine-N-oxide,direct_neighbor_ridge,haematopoietic_and_lymphoid_tissue,720.0853979950434,645.0465102783012,326,2.2088509140952253
trimethylamine-N-oxide,direct_neighbor_ridge,kidney,15.363119651763812,15.074551263858453,46,0.3339808619948655
trimethylamine-N-oxide,direct_neighbor_ridge,large_intestine,32.59803914919503,32.214738852448704,110,0.2963458104472276
trimethylamine-N-oxide,direct_neighbor_ridge,liver,16.933755831588503,15.709102494578026,50,0.3386751166317701
trimethylamine-N-oxide,direct_neighbor_ridge,lung,1276.7387091891965,1277.2349159846665,352,3.6270986056511263
trimethylamine-N-oxide,direct_neighbor_ridge,oesophagus,24.078429916098678,24.257013411422676,50,0.4815685983219736
trimethylamine-N-oxide,direct_neighbor_ridge,ovary,49.141025873073325,49.1096585679748,90,0.5460113985897036
trimethylamine-N-oxide,direct_neighbor_ridge,pancreas,42.16574229712802,41.9798733875467,82,0.514216369477171
trimethylamine-N-oxide,direct_neighbor_ridge,skin,30.333625018138253,30.323543052477326,104,0.29166947132825244
trimethylamine-N-oxide,direct_neighbor_ridge,soft_tissue,16.95701121352085,17.28228966487603,36,0.47102808926446804
trimethylamine-N-oxide,direct_neighbor_ridge,stomach,33.21924621324194,32.456208967108786,74,0.44890873261137754
trimethylamine-N-oxide,direct_neighbor_ridge,upper_aerodigestive_tract,20.578036283577983,20.560596343507175,60,0.3429672713929664
trimethylamine-N-oxide,direct_neighbor_ridge,urinary_tract,18.3402808387093,18.323462857345437,50,0.366805616774186
tyrosine,direct_neighbor_ridge,autonomic_ganglia,25.343799522401376,31.089284102199514,32,0.791993735075043
tyrosine,direct_neighbor_ridge,bone,23.245402640507972,39.70790828158148,38,0.6117211221186308
tyrosine,direct_neighbor_ridge,breast,54.243978326898215,72.49215963353328,98,0.5535099829275328
tyrosine,direct_neighbor_ridge,central_nervous_system,65.59375945741004,86.35625736784759,98,0.6693240760960208
tyrosine,direct_neighbor_ridge,endometrium,29.7844817461139,39.647523937015734,56,0.5318657454663197
tyrosine,direct_neighbor_ridge,haematopoietic_and_lymphoid_tissue,454.6399520821449,826.8185631110293,326,1.3946010800065793
tyrosine,direct_neighbor_ridge,kidney,22.251229334611043,28.29286955505329,46,0.4837223768393705
tyrosine,direct_neighbor_ridge,large_intestine,123.06050473119318,142.73943494397776,110,1.1187318611926653
tyrosine,direct_neighbor_ridge,liver,56.38435017279877,56.41159345774172,50,1.1276870034559754
tyrosine,direct_neighbor_ridge,lung,285.8937888091807,350.3507921735718,352,0.8121982636624452
tyrosine,direct_neighbor_ridge,oesophagus,13.949128547678315,8.354524679828032,50,0.2789825709535663
tyrosine,direct_neighbor_ridge,ovary,48.874103628293334,55.9463278072323,90,0.543045595869926
tyrosine,direct_neighbor_ridge,pancreas,49.40265528751222,47.702639045160126,82,0.6024714059452709
tyrosine,direct_neighbor_ridge,skin,59.803163446175695,74.90555768197963,104,0.5750304177516894
tyrosine,direct_neighbor_ridge,soft_tissue,28.939111305066366,42.11410742487865,36,0.8038642029185101
tyrosine,direct_neighbor_ridge,stomach,65.6890953265152,56.97720682657253,74,0.8876904773853406
tyrosine,direct_neighbor_ridge,upper_aerodigestive_tract,58.52356833635287,80.56929447250039,60,0.9753928056058812
tyrosine,direct_neighbor_ridge,urinary_tract,51.453025150592076,66.14750265808209,50,1.0290605030118416
uracil,direct_neighbor_ridge,autonomic_ganglia,30.699557394150567,33.64371909375918,32,0.9593611685672052
uracil,direct_neighbor_ridge,bone,24.36450691536896,26.03590622798076,38,0.6411712346149726
uracil,direct_neighbor_ridge,breast,101.78542778479815,92.01694623202643,98,1.0386268141305932
uracil,direct_neighbor_ridge,central_nervous_system,67.40126261587838,71.52468020543918,98,0.68776798587631
uracil,direct_neighbor_ridge,endometrium,37.69281759919562,40.47205277884424,56,0.6730860285570647
uracil,direct_neighbor_ridge,haematopoietic_and_lymphoid_tissue,1049.2436575252002,998.9248178820667,326,3.218538826764418
uracil,direct_neighbor_ridge,kidney,25.08505863506535,24.21908535475143,46,0.5453273616318555
uracil,direct_neighbor_ridge,large_intestine,83.68994738277084,91.68932373742892,110,0.7608177034797349
uracil,direct_neighbor_ridge,liver,43.46210144594083,41.06662806579172,50,0.8692420289188166
uracil,direct_neighbor_ridge,lung,331.76468433355774,335.8797649488789,352,0.942513307765789
uracil,direct_neighbor_ridge,oesophagus,23.08861810529555,22.3275624808379,50,0.461772362105911
uracil,direct_neighbor_ridge,ovary,65.98104855639579,62.42391220777729,90,0.733122761737731
uracil,direct_neighbor_ridge,pancreas,102.85509762251516,98.57202466587525,82,1.2543304588111606
uracil,direct_neighbor_ridge,skin,67.24764262769762,58.78805571808588,104,0.6466119483432463
uracil,direct_neighbor_ridge,soft_tissue,25.879606705408133,27.328768882563246,36,0.7188779640391147
uracil,direct_neighbor_ridge,stomach,62.553923753762,61.78292204484784,74,0.8453232939697568
uracil,direct_neighbor_ridge,upper_aerodigestive_tract,50.037032703077124,47.567470842579176,60,0.8339505450512854
uracil,direct_neighbor_ridge,urinary_tract,41.66311924222284,32.80062053348276,50,0.8332623848444568
urate,direct_neighbor_ridge,autonomic_ganglia,30.29500350649966,32.074867518782256,32,0.9467188595781144
urate,direct_neighbor_ridge,bone,21.147585461300586,25.484851980286585,38,0.5565154068763313
urate,direct_neighbor_ridge,breast,113.70287954760889,108.83815007035699,98,1.1602334647715193
urate,direct_neighbor_ridge,central_nervous_system,55.3773160457049,59.713407877414916,98,0.565074653527601
urate,direct_neighbor_ridge,endometrium,36.81040962798197,45.22274524385566,56,0.6573287433568209
urate,direct_neighbor_ridge,haematopoietic_and_lymphoid_tissue,356.6975292331838,418.3658354783598,326,1.0941642001017908
urate,direct_neighbor_ridge,kidney,36.07967347575601,39.96906593849746,46,0.7843407277338263
urate,direct_neighbor_ridge,large_intestine,88.56567787865583,104.29981673492942,110,0.8051425261695985
urate,direct_neighbor_ridge,liver,38.59846522347505,39.296526932809165,50,0.7719693044695011
urate,direct_neighbor_ridge,lung,512.0146809299088,566.5556477596119,352,1.4545871617326953
urate,direct_neighbor_ridge,oesophagus,35.11718050641882,31.455763449743532,50,0.7023436101283764
urate,direct_neighbor_ridge,ovary,108.53716265615043,114.00482067589824,90,1.205968473957227
urate,direct_neighbor_ridge,pancreas,45.04217047612839,49.54349385149737,82,0.5492947619040047
urate,direct_neighbor_ridge,skin,67.43467584765229,75.86539347058688,104,0.6484103446889643
urate,direct_neighbor_ridge,soft_tissue,28.25230666814695,36.753250022992155,36,0.7847862963374153
urate,direct_neighbor_ridge,stomach,61.39409803299549,74.94142893173479,74,0.8296499734188579
urate,direct_neighbor_ridge,upper_aerodigestive_tract,30.772887263743762,33.77698245579792,60,0.5128814543957294
urate,direct_neighbor_ridge,urinary_tract,26.318139455755116,25.80716895901786,50,0.5263627891151024
uridine,direct_neighbor_ridge,autonomic_ganglia,117.77184437720865,111.89200898282459,32,3.6803701367877704
uridine,direct_neighbor_ridge,bone,36.75031747434613,37.23584136336252,38,0.9671136177459508
uridine,direct_neighbor_ridge,breast,77.28422120841172,74.81110804618463,98,0.7886145021266502
uridine,direct_neighbor_ridge,central_nervous_system,34.00586988428678,35.580937129768586,98,0.3469986722886406
uridine,direct_neighbor_ridge,endometrium,48.59823653849964,50.10930872124911,56,0.8678256524732079
uridine,direct_neighbor_ridge,haematopoietic_and_lymphoid_tissue,1078.7138949155242,1044.2277223711055,326,3.3089383279617306
uridine,direct_neighbor_ridge,kidney,21.948946370638954,21.932579743251196,46,0.47715100805736854
uridine,direct_neighbor_ridge,large_intestine,115.10618491675895,113.77807445126902,110,1.0464198628796268
uridine,direct_neighbor_ridge,liver,26.252153647982208,26.22043838089776,50,0.5250430729596441
uridine,direct_neighbor_ridge,lung,281.50794702781934,271.5093856386638,352,0.7997384858744868
uridine,direct_neighbor_ridge,oesophagus,20.30153372770436,21.088529171033628,50,0.4060306745540872
uridine,direct_neighbor_ridge,ovary,44.73124986846206,45.1689690726022,90,0.4970138874273562
uridine,direct_neighbor_ridge,pancreas,28.456952750156766,26.43851162832445,82,0.3470360091482532
uridine,direct_neighbor_ridge,skin,37.39951418910181,37.63539830002451,104,0.35961071335674816
uridine,direct_neighbor_ridge,soft_tissue,34.3316017440938,33.09966723780552,36,0.9536556040026056
uridine,direct_neighbor_ridge,stomach,65.57696879427134,66.23282538615567,74,0.8861752539766397
uridine,direct_neighbor_ridge,upper_aerodigestive_tract,20.397832767057505,20.864495130264,60,0.3399638794509584
uridine,direct_neighbor_ridge,urinary_tract,26.89116264781902,26.034030324135017,50,0.5378232529563803
valine,direct_neighbor_ridge,autonomic_ganglia,28.696257113105418,29.498809110084096,32,0.8967580347845443
valine,direct_neighbor_ridge,bone,50.6365019143247,51.49272013393129,38,1.3325395240611762
valine,direct_neighbor_ridge,breast,80.32381295196708,75.36695049477167,98,0.8196307444078273
valine,direct_neighbor_ridge,central_nervous_system,105.24493152208353,108.76916912651596,98,1.0739278726743218
valine,direct_neighbor_ridge,endometrium,39.490456778650675,40.94361799518636,56,0.7051867281901906
valine,direct_neighbor_ridge,haematopoietic_and_lymphoid_tissue,615.9703438518183,611.3309580568371,326,1.8894795823675408
valine,direct_neighbor_ridge,kidney,43.27829133306823,42.256647095248574,46,0.940832420284092
valine,direct_neighbor_ridge,large_intestine,125.40468988296622,126.84244240041293,110,1.1400426352996929
valine,direct_neighbor_ridge,liver,48.73825846918664,45.85817395002347,50,0.9747651693837328
valine,direct_neighbor_ridge,lung,310.09449610670845,311.34991297090335,352,0.8809502730304217
valine,direct_neighbor_ridge,oesophagus,28.315063092646344,29.386107513437203,50,0.5663012618529268
valine,direct_neighbor_ridge,ovary,69.23985842333009,70.44935768637984,90,0.7693317602592232
valine,direct_neighbor_ridge,pancreas,44.61879818798637,44.63222663955041,82,0.544131685219346
valine,direct_neighbor_ridge,skin,137.2229116218111,139.277174945972,104,1.3194510732866453
valine,direct_neighbor_ridge,soft_tissue,21.846270927154166,22.288543882601576,36,0.6068408590876158
valine,direct_neighbor_ridge,stomach,50.507729232564984,50.84709496756809,74,0.6825368815211484
valine,direct_neighbor_ridge,upper_aerodigestive_tract,115.10902376775354,110.23937553978224,60,1.918483729462559
valine,direct_neighbor_ridge,urinary_tract,72.02535338709104,70.75660217778488,50,1.4405070677418208
xanthine,direct_neighbor_ridge,autonomic_ganglia,50.464199187382846,66.23502903326178,32,1.577006224605714
xanthine,direct_neighbor_ridge,bone,15.279142439739273,25.575915340983748,38,0.40208269578261246
xanthine,direct_neighbor_ridge,breast,49.831761670811275,93.40831848281857,98,0.5084873639878702
xanthine,direct_neighbor_ridge,central_nervous_system,30.852861239332526,47.56669517001732,98,0.3148251146870666
xanthine,direct_neighbor_ridge,endometrium,18.008960915950688,42.4444001416222,56,0.32158858778483373
xanthine,direct_neighbor_ridge,haematopoietic_and_lymphoid_tissue,677.1498895827788,1738.1470083767015,326,2.077146900560671
xanthine,direct_neighbor_ridge,kidney,8.53785589643472,19.141393315302636,46,0.1856055629659722
xanthine,direct_neighbor_ridge,large_intestine,41.21979631167878,66.6924826469326,110,0.37472542101526163
xanthine,direct_neighbor_ridge,liver,9.116513447800518,32.9129686923225,50,0.18233026895601034
xanthine,direct_neighbor_ridge,lung,195.66752218098054,320.9224233482166,352,0.5558736425596038
xanthine,direct_neighbor_ridge,oesophagus,23.09225471969968,16.035138514178993,50,0.4618450943939936
xanthine,direct_neighbor_ridge,ovary,32.935952521927064,55.873249868046905,90,0.36595502802141183
xanthine,direct_neighbor_ridge,pancreas,37.83660447013874,48.62857370219443,82,0.46142200573339925
xanthine,direct_neighbor_ridge,skin,22.352610058579536,35.9850462310532,104,0.21492894287095707
xanthine,direct_neighbor_ridge,soft_tissue,24.67134182503195,33.8188961266503,36,0.6853150506953319
xanthine,direct_neighbor_ridge,stomach,34.707248454486106,51.54981503410463,74,0.46901687100656897
xanthine,direct_neighbor_ridge,upper_aerodigestive_tract,24.199180058389405,24.656599438329877,60,0.4033196676398234
xanthine,direct_neighbor_ridge,urinary_tract,13.754923296163133,22.396555406015327,50,0.27509846592326265
xanthosine,direct_neighbor_ridge,autonomic_ganglia,22.68999976202274,22.016397327107157,32,0.7090624925632106
xanthosine,direct_neighbor_ridge,bone,25.865130081831232,22.08656209756773,38,0.6806613179429272
xanthosine,direct_neighbor_ridge,breast,115.65025362678156,128.53162127447231,98,1.18010462884471
xanthosine,direct_neighbor_ridge,central_nervous_system,90.3265776332126,87.09613607341502,98,0.9216997717674754
xanthosine,direct_neighbor_ridge,endometrium,49.62498239258719,46.21537376805728,56,0.8861603998676284
xanthosine,direct_neighbor_ridge,haematopoietic_and_lymphoid_tissue,849.7770060602552,882.5872664649976,326,2.6066779327001695
xanthosine,direct_neighbor_ridge,kidney,26.280992570776622,30.601550780587818,46,0.5713259254516657
xanthosine,direct_neighbor_ridge,large_intestine,100.42950730653027,102.45779675132013,110,0.912995520968457
xanthosine,direct_neighbor_ridge,liver,64.58833769550682,68.0229925076185,50,1.2917667539101365
xanthosine,direct_neighbor_ridge,lung,375.3217586976634,384.1154207891632,352,1.0662549963001802
xanthosine,direct_neighbor_ridge,oesophagus,23.30906937318771,24.466950449882805,50,0.4661813874637542
xanthosine,direct_neighbor_ridge,ovary,47.03634713291858,52.53144476977794,90,0.5226260792546509
xanthosine,direct_neighbor_ridge,pancreas,41.32148553347887,36.08587435265258,82,0.5039205552863277
xanthosine,direct_neighbor_ridge,skin,27.209415604568992,26.944119533474666,104,0.2616289961977788
xanthosine,direct_neighbor_ridge,soft_tissue,27.76622316698125,34.565862440935895,36,0.7712839768605902
xanthosine,direct_neighbor_ridge,stomach,58.1231276481513,55.14147364324464,74,0.7854476709209636
xanthosine,direct_neighbor_ridge,upper_aerodigestive_tract,20.257841773294988,21.284138706772836,60,0.33763069622158315
xanthosine,direct_neighbor_ridge,urinary_tract,13.941797157847098,16.5181086074403,50,0.278835943156942
