model,selection_candidate_metabolites,raw_transcript_genes,expression_signatures,interaction_count,pca_requested_components,pca_training_rank,pca_rank_capped,raw_metabolites,selected_metabolites,selected_signatures,empty_training_features,constant_training_features,transform_learned_parameters,representation_dimension,coefficient_count,target,repeat,outer_fold,selected_alpha,training_samples,test_samples,training_groups,test_groups,target_center,target_scale,training_target_constant,split_digest,elapsed_seconds
direct_neighbor_ridge,0,0,0,0,0,0,False,15,"[""NADP"", ""alanine"", ""betaine"", ""cytidine"", ""dimethylglycine"", ""glutamate"", ""homocysteine"", ""leucine"", ""methionine"", ""ornithine"", ""oxalate"", ""proline"", ""serine"", ""thymine"", ""xanthine""]",[],0,0,30,15,16,AMP,0,0,100.0,697,179,16,2,5.876602736441894,0.3500566287910305,False,db1ab3680dcfc2deb10e2511ec28b70b27966d5a436d724be48267bcbf200acf,0.08007272705435753
direct_neighbor_ridge,0,0,0,0,0,0,False,15,"[""NADP"", ""alanine"", ""betaine"", ""cytidine"", ""dimethylglycine"", ""glutamate"", ""homocysteine"", ""leucine"", ""methionine"", ""ornithine"", ""oxalate"", ""proline"", ""serine"", ""thymine"", ""xanthine""]",[],0,0,30,15,16,AMP,0,1,10.0,705,171,13,5,6.0308758873758865,0.5084438756529834,False,32d2e2f547f707a9f12d899e65a934275c9f49020e10d214973126d05910ec9c,0.08658126392401755
direct_neighbor_ridge,0,0,0,0,0,0,False,15,"[""NADP"", ""alanine"", ""betaine"", ""cytidine"", ""dimethylglycine"", ""glutamate"", ""homocysteine"", ""leucine"", ""methionine"", ""ornithine"", ""oxalate"", ""proline"", ""serine"", ""thymine"", ""xanthine""]",[],0,0,30,15,16,AMP,0,2,10.0,700,176,13,5,6.004757570571429,0.5031283164328217,False,659dce4f66bf4ee0228513d024a4e287e9f1aa3957152332b1483ab0af67cb42,0.09632873302325606
direct_neighbor_ridge,0,0,0,0,0,0,False,15,"[""NADP"", ""alanine"", ""betaine"", ""cytidine"", ""dimethylglycine"", ""glutamate"", ""homocysteine"", ""leucine"", ""methionine"", ""ornithine"", ""oxalate"", ""proline"", ""serine"", ""thymine"", ""xanthine""]",[],0,0,30,15,16,AMP,0,3,100.0,702,174,13,5,6.036753952706553,0.5105127136917674,False,9492e163b6ef19b0563b1ce8302b8e8794e2e4c9c8031c62ff9774a3f63f6f58,0.06982945883646607
direct_neighbor_ridge,0,0,0,0,0,0,False,15,"[""NADP"", ""alanine"", ""betaine"", ""cytidine"", ""dimethylglycine"", ""glutamate"", ""homocysteine"", ""leucine"", ""methionine"", ""ornithine"", ""oxalate"", ""proline"", ""serine"", ""thymine"", ""xanthine""]",[],0,0,30,15,16,AMP,0,4,10.0,700,176,17,1,6.003706712428572,0.5019081462358086,False,cf9883e99ee1b956d01c2cb42a4d284b982ce23065d3616a5e1cced359e41fb5,0.07322407700121403
direct_neighbor_ridge,0,0,0,0,0,0,False,15,"[""NADP"", ""alanine"", ""betaine"", ""cytidine"", ""dimethylglycine"", ""glutamate"", ""homocysteine"", ""leucine"", ""methionine"", ""ornithine"", ""oxalate"", ""proline"", ""serine"", ""thymine"", ""xanthine""]",[],0,0,30,15,16,AMP,1,0,10.0,705,171,13,5,6.0308758873758865,0.5084438756529834,False,32d2e2f547f707a9f12d899e65a934275c9f49020e10d214973126d05910ec9c,0.07280662399716675
direct_neighbor_ridge,0,0,0,0,0,0,False,15,"[""NADP"", ""alanine"", ""betaine"", ""cytidine"", ""dimethylglycine"", ""glutamate"", ""homocysteine"", ""leucine"", ""methionine"", ""ornithine"", ""oxalate"", ""proline"", ""serine"", ""thymine"", ""xanthine""]",[],0,0,30,15,16,AMP,1,1,10.0,700,176,17,1,6.003706712428572,0.5019081462358086,False,cf9883e99ee1b956d01c2cb42a4d284b982ce23065d3616a5e1cced359e41fb5,0.06214134395122528
direct_neighbor_ridge,0,0,0,0,0,0,False,15,"[""NADP"", ""alanine"", ""betaine"", ""cytidine"", ""dimethylglycine"", ""glutamate"", ""homocysteine"", ""leucine"", ""methionine"", ""ornithine"", ""oxalate"", ""proline"", ""serine"", ""thymine"", ""xanthine""]",[],0,0,30,15,16,AMP,1,2,100.0,697,179,16,2,5.876602736441894,0.3500566287910305,False,db1ab3680dcfc2deb10e2511ec28b70b27966d5a436d724be48267bcbf200acf,0.08381245005875826
direct_neighbor_ridge,0,0,0,0,0,0,False,15,"[""NADP"", ""alanine"", ""betaine"", ""cytidine"", ""dimethylglycine"", ""glutamate"", ""homocysteine"", ""leucine"", ""methionine"", ""ornithine"", ""oxalate"", ""proline"", ""serine"", ""thymine"", ""xanthine""]",[],0,0,30,15,16,AMP,1,3,10.0,700,176,13,5,6.004757570571429,0.5031283164328217,False,659dce4f66bf4ee0228513d024a4e287e9f1aa3957152332b1483ab0af67cb42,0.06040820199996233
direct_neighbor_ridge,0,0,0,0,0,0,False,15,"[""NADP"", ""alanine"", ""betaine"", ""cytidine"", ""dimethylglycine"", ""glutamate"", ""homocysteine"", ""leucine"", ""methionine"", ""ornithine"", ""oxalate"", ""proline"", ""serine"", ""thymine"", ""xanthine""]",[],0,0,30,15,16,AMP,1,4,100.0,702,174,13,5,6.036753952706553,0.5105127136917674,False,9492e163b6ef19b0563b1ce8302b8e8794e2e4c9c8031c62ff9774a3f63f6f58,0.06517592701129615
direct_neighbor_ridge,0,0,0,0,0,0,False,5,"[""alanine"", ""citrate"", ""citrulline"", ""glutamate"", ""urate""]",[],0,0,10,5,6,CMP,0,0,100.0,697,179,16,2,5.881799451219512,0.3375083671874914,False,db1ab3680dcfc2deb10e2511ec28b70b27966d5a436d724be48267bcbf200acf,0.06796010700054467
direct_neighbor_ridge,0,0,0,0,0,0,False,5,"[""alanine"", ""citrate"", ""citrulline"", ""glutamate"", ""urate""]",[],0,0,10,5,6,CMP,0,1,100.0,705,171,13,5,6.017746583404255,0.47245130631595555,False,32d2e2f547f707a9f12d899e65a934275c9f49020e10d214973126d05910ec9c,0.049848339054733515
direct_neighbor_ridge,0,0,0,0,0,0,False,5,"[""alanine"", ""citrate"", ""citrulline"", ""glutamate"", ""urate""]",[],0,0,10,5,6,CMP,0,2,100.0,700,176,13,5,6.0109321772857145,0.461104447843522,False,659dce4f66bf4ee0228513d024a4e287e9f1aa3957152332b1483ab0af67cb42,0.05787452100776136
direct_neighbor_ridge,0,0,0,0,0,0,False,5,"[""alanine"", ""citrate"", ""citrulline"", ""glutamate"", ""urate""]",[],0,0,10,5,6,CMP,0,3,10.0,702,174,13,5,6.029179082051282,0.46845959043845226,False,9492e163b6ef19b0563b1ce8302b8e8794e2e4c9c8031c62ff9774a3f63f6f58,0.056611672043800354
direct_neighbor_ridge,0,0,0,0,0,0,False,5,"[""alanine"", ""citrate"", ""citrulline"", ""glutamate"", ""urate""]",[],0,0,10,5,6,CMP,0,4,10.0,700,176,17,1,5.992087687857143,0.4681468933552064,False,cf9883e99ee1b956d01c2cb42a4d284b982ce23065d3616a5e1cced359e41fb5,0.05714944191277027
direct_neighbor_ridge,0,0,0,0,0,0,False,5,"[""alanine"", ""citrate"", ""citrulline"", ""glutamate"", ""urate""]",[],0,0,10,5,6,CMP,1,0,100.0,705,171,13,5,6.017746583404255,0.47245130631595555,False,32d2e2f547f707a9f12d899e65a934275c9f49020e10d214973126d05910ec9c,0.05350287398323417
direct_neighbor_ridge,0,0,0,0,0,0,False,5,"[""alanine"", ""citrate"", ""citrulline"", ""glutamate"", ""urate""]",[],0,0,10,5,6,CMP,1,1,100.0,700,176,17,1,5.992087687857143,0.4681468933552064,False,cf9883e99ee1b956d01c2cb42a4d284b982ce23065d3616a5e1cced359e41fb5,0.05641606799326837
direct_neighbor_ridge,0,0,0,0,0,0,False,5,"[""alanine"", ""citrate"", ""citrulline"", ""glutamate"", ""urate""]",[],0,0,10,5,6,CMP,1,2,100.0,697,179,16,2,5.881799451219512,0.3375083671874914,False,db1ab3680dcfc2deb10e2511ec28b70b27966d5a436d724be48267bcbf200acf,0.05829962692223489
direct_neighbor_ridge,0,0,0,0,0,0,False,5,"[""alanine"", ""citrate"", ""citrulline"", ""glutamate"", ""urate""]",[],0,0,10,5,6,CMP,1,3,100.0,700,176,13,5,6.0109321772857145,0.461104447843522,False,659dce4f66bf4ee0228513d024a4e287e9f1aa3957152332b1483ab0af67cb42,0.057963856030255556
direct_neighbor_ridge,0,0,0,0,0,0,False,5,"[""alanine"", ""citrate"", ""citrulline"", ""glutamate"", ""urate""]",[],0,0,10,5,6,CMP,1,4,10.0,702,174,13,5,6.029179082051282,0.46845959043845226,False,9492e163b6ef19b0563b1ce8302b8e8794e2e4c9c8031c62ff9774a3f63f6f58,0.055531244026497006
direct_neighbor_ridge,0,0,0,0,0,0,False,5,"[""NAD"", ""dimethylglycine"", ""glutamate"", ""homocysteine"", ""taurocholate""]",[],0,0,10,5,6,GMP,0,0,0.1,697,179,16,2,5.9022510956958385,0.3718471387264023,False,db1ab3680dcfc2deb10e2511ec28b70b27966d5a436d724be48267bcbf200acf,0.05750937503762543
direct_neighbor_ridge,0,0,0,0,0,0,False,5,"[""NAD"", ""dimethylglycine"", ""glutamate"", ""homocysteine"", ""taurocholate""]",[],0,0,10,5,6,GMP,0,1,0.1,705,171,13,5,6.010947650212766,0.46377983172504383,False,32d2e2f547f707a9f12d899e65a934275c9f49020e10d214973126d05910ec9c,0.061297073028981686
direct_neighbor_ridge,0,0,0,0,0,0,False,5,"[""NAD"", ""dimethylglycine"", ""glutamate"", ""homocysteine"", ""taurocholate""]",[],0,0,10,5,6,GMP,0,2,0.1,700,176,13,5,5.9920470568571425,0.45731235719204294,False,659dce4f66bf4ee0228513d024a4e287e9f1aa3957152332b1483ab0af67cb42,0.05425995890982449
direct_neighbor_ridge,0,0,0,0,0,0,False,5,"[""NAD"", ""dimethylglycine"", ""glutamate"", ""homocysteine"", ""taurocholate""]",[],0,0,10,5,6,GMP,0,3,0.1,702,174,13,5,6.020292437606837,0.468773552378771,False,9492e163b6ef19b0563b1ce8302b8e8794e2e4c9c8031c62ff9774a3f63f6f58,0.0665163560770452
direct_neighbor_ridge,0,0,0,0,0,0,False,5,"[""NAD"", ""dimethylglycine"", ""glutamate"", ""homocysteine"", ""taurocholate""]",[],0,0,10,5,6,GMP,0,4,1.0,700,176,17,1,5.976454316428572,0.4636214295380626,False,cf9883e99ee1b956d01c2cb42a4d284b982ce23065d3616a5e1cced359e41fb5,0.05922464397735894
direct_neighbor_ridge,0,0,0,0,0,0,False,5,"[""NAD"", ""dimethylglycine"", ""glutamate"", ""homocysteine"", ""taurocholate""]",[],0,0,10,5,6,GMP,1,0,0.1,705,171,13,5,6.010947650212766,0.46377983172504383,False,32d2e2f547f707a9f12d899e65a934275c9f49020e10d214973126d05910ec9c,0.05764151504263282
direct_neighbor_ridge,0,0,0,0,0,0,False,5,"[""NAD"", ""dimethylglycine"", ""glutamate"", ""homocysteine"", ""taurocholate""]",[],0,0,10,5,6,GMP,1,1,0.1,700,176,17,1,5.976454316428572,0.4636214295380626,False,cf9883e99ee1b956d01c2cb42a4d284b982ce23065d3616a5e1cced359e41fb5,0.07012077700346708
direct_neighbor_ridge,0,0,0,0,0,0,False,5,"[""NAD"", ""dimethylglycine"", ""glutamate"", ""homocysteine"", ""taurocholate""]",[],0,0,10,5,6,GMP,1,2,0.1,697,179,16,2,5.9022510956958385,0.3718471387264023,False,db1ab3680dcfc2deb10e2511ec28b70b27966d5a436d724be48267bcbf200acf,0.07197108399122953
direct_neighbor_ridge,0,0,0,0,0,0,False,5,"[""NAD"", ""dimethylglycine"", ""glutamate"", ""homocysteine"", ""taurocholate""]",[],0,0,10,5,6,GMP,1,3,0.1,700,176,13,5,5.9920470568571425,0.45731235719204294,False,659dce4f66bf4ee0228513d024a4e287e9f1aa3957152332b1483ab0af67cb42,0.06961360410787165
direct_neighbor_ridge,0,0,0,0,0,0,False,5,"[""NAD"", ""dimethylglycine"", ""glutamate"", ""homocysteine"", ""taurocholate""]",[],0,0,10,5,6,GMP,1,4,0.1,702,174,13,5,6.020292437606837,0.468773552378771,False,9492e163b6ef19b0563b1ce8302b8e8794e2e4c9c8031c62ff9774a3f63f6f58,0.05795285804197192
direct_neighbor_ridge,0,0,0,0,0,0,False,15,"[""GMP"", ""UMP"", ""citrulline"", ""dimethylglycine"", ""glycine"", ""histidine"", ""inositol"", ""kynurenine"", ""leucine"", ""methionine"", ""phenylalanine"", ""putrescine"", ""tyrosine"", ""uracil"", ""uridine""]",[],0,0,30,15,16,NAD,0,0,0.1,697,179,16,2,5.8592628566714495,0.273737772496672,False,db1ab3680dcfc2deb10e2511ec28b70b27966d5a436d724be48267bcbf200acf,0.07789246086031199
direct_neighbor_ridge,0,0,0,0,0,0,False,15,"[""GMP"", ""UMP"", ""citrulline"", ""dimethylglycine"", ""glycine"", ""histidine"", ""inositol"", ""kynurenine"", ""leucine"", ""methionine"", ""phenylalanine"", ""putrescine"", ""tyrosine"", ""uracil"", ""uridine""]",[],0,0,30,15,16,NAD,0,1,0.1,705,171,13,5,5.83252649248227,0.3166483062230965,False,32d2e2f547f707a9f12d899e65a934275c9f49020e10d214973126d05910ec9c,0.0834205572027713
direct_neighbor_ridge,0,0,0,0,0,0,False,15,"[""GMP"", ""UMP"", ""citrulline"", ""dimethylglycine"", ""glycine"", ""histidine"", ""inositol"", ""kynurenine"", ""leucine"", ""methionine"", ""phenylalanine"", ""putrescine"", ""tyrosine"", ""uracil"", ""uridine""]",[],0,0,30,15,16,NAD,0,2,100.0,700,176,13,5,5.829537320142857,0.3140293000367684,False,659dce4f66bf4ee0228513d024a4e287e9f1aa3957152332b1483ab0af67cb42,0.1322569560725242
direct_neighbor_ridge,0,0,0,0,0,0,False,15,"[""GMP"", ""UMP"", ""citrulline"", ""dimethylglycine"", ""glycine"", ""histidine"", ""inositol"", ""kynurenine"", ""leucine"", ""methionine"", ""phenylalanine"", ""putrescine"", ""tyrosine"", ""uracil"", ""uridine""]",[],0,0,30,15,16,NAD,0,3,10.0,702,174,13,5,5.849133417236467,0.30221474081553895,False,9492e163b6ef19b0563b1ce8302b8e8794e2e4c9c8031c62ff9774a3f63f6f58,0.05883313296362758
direct_neighbor_ridge,0,0,0,0,0,0,False,15,"[""GMP"", ""UMP"", ""citrulline"", ""dimethylglycine"", ""glycine"", ""histidine"", ""inositol"", ""kynurenine"", ""leucine"", ""methionine"", ""phenylalanine"", ""putrescine"", ""tyrosine"", ""uracil"", ""uridine""]",[],0,0,30,15,16,NAD,0,4,100.0,700,176,17,1,5.835856427857143,0.30880467410775864,False,cf9883e99ee1b956d01c2cb42a4d284b982ce23065d3616a5e1cced359e41fb5,0.06828444404527545
direct_neighbor_ridge,0,0,0,0,0,0,False,15,"[""GMP"", ""UMP"", ""citrulline"", ""dimethylglycine"", ""glycine"", ""histidine"", ""inositol"", ""kynurenine"", ""leucine"", ""methionine"", ""phenylalanine"", ""putrescine"", ""tyrosine"", ""uracil"", ""uridine""]",[],0,0,30,15,16,NAD,1,0,0.1,705,171,13,5,5.83252649248227,0.3166483062230965,False,32d2e2f547f707a9f12d899e65a934275c9f49020e10d214973126d05910ec9c,0.06282619899138808
direct_neighbor_ridge,0,0,0,0,0,0,False,15,"[""GMP"", ""UMP"", ""citrulline"", ""dimethylglycine"", ""glycine"", ""histidine"", ""inositol"", ""kynurenine"", ""leucine"", ""methionine"", ""phenylalanine"", ""putrescine"", ""tyrosine"", ""uracil"", ""uridine""]",[],0,0,30,15,16,NAD,1,1,100.0,700,176,17,1,5.835856427857143,0.30880467410775864,False,cf9883e99ee1b956d01c2cb42a4d284b982ce23065d3616a5e1cced359e41fb5,0.06907477485947311
direct_neighbor_ridge,0,0,0,0,0,0,False,15,"[""GMP"", ""UMP"", ""citrulline"", ""dimethylglycine"", ""glycine"", ""histidine"", ""inositol"", ""kynurenine"", ""leucine"", ""methionine"", ""phenylalanine"", ""putrescine"", ""tyrosine"", ""uracil"", ""uridine""]",[],0,0,30,15,16,NAD,1,2,100.0,697,179,16,2,5.8592628566714495,0.273737772496672,False,db1ab3680dcfc2deb10e2511ec28b70b27966d5a436d724be48267bcbf200acf,0.06695332610979676
direct_neighbor_ridge,0,0,0,0,0,0,False,15,"[""GMP"", ""UMP"", ""citrulline"", ""dimethylglycine"", ""glycine"", ""histidine"", ""inositol"", ""kynurenine"", ""leucine"", ""methionine"", ""phenylalanine"", ""putrescine"", ""tyrosine"", ""uracil"", ""uridine""]",[],0,0,30,15,16,NAD,1,3,100.0,700,176,13,5,5.829537320142857,0.3140293000367684,False,659dce4f66bf4ee0228513d024a4e287e9f1aa3957152332b1483ab0af67cb42,0.07027158606797457
direct_neighbor_ridge,0,0,0,0,0,0,False,15,"[""GMP"", ""UMP"", ""citrulline"", ""dimethylglycine"", ""glycine"", ""histidine"", ""inositol"", ""kynurenine"", ""leucine"", ""methionine"", ""phenylalanine"", ""putrescine"", ""tyrosine"", ""uracil"", ""uridine""]",[],0,0,30,15,16,NAD,1,4,10.0,702,174,13,5,5.849133417236467,0.30221474081553895,False,9492e163b6ef19b0563b1ce8302b8e8794e2e4c9c8031c62ff9774a3f63f6f58,0.06540986290201545
direct_neighbor_ridge,0,0,0,0,0,0,False,19,"[""AMP"", ""CMP"", ""acetylcholine"", ""adenosine"", ""alanine"", ""asparagine"", ""aspartate"", ""cAMP"", ""carnosine"", ""choline"", ""glycine"", ""histidine"", ""homocysteine"", ""hypoxanthine"", ""leucine"", ""ornithine"", ""phenylalanine"", ""tyrosine"", ""urate""]",[],0,0,38,19,20,NADP,0,0,100.0,697,179,16,2,5.964262021233859,0.3620365863705779,False,db1ab3680dcfc2deb10e2511ec28b70b27966d5a436d724be48267bcbf200acf,0.06909140199422836
direct_neighbor_ridge,0,0,0,0,0,0,False,19,"[""AMP"", ""CMP"", ""acetylcholine"", ""adenosine"", ""alanine"", ""asparagine"", ""aspartate"", ""cAMP"", ""carnosine"", ""choline"", ""glycine"", ""histidine"", ""homocysteine"", ""hypoxanthine"", ""leucine"", ""ornithine"", ""phenylalanine"", ""tyrosine"", ""urate""]",[],0,0,38,19,20,NADP,0,1,100.0,705,171,13,5,5.924742738723404,0.373625630639,False,32d2e2f547f707a9f12d899e65a934275c9f49020e10d214973126d05910ec9c,0.06974708801135421
direct_neighbor_ridge,0,0,0,0,0,0,False,19,"[""AMP"", ""CMP"", ""acetylcholine"", ""adenosine"", ""alanine"", ""asparagine"", ""aspartate"", ""cAMP"", ""carnosine"", ""choline"", ""glycine"", ""histidine"", ""homocysteine"", ""hypoxanthine"", ""leucine"", ""ornithine"", ""phenylalanine"", ""tyrosine"", ""urate""]",[],0,0,38,19,20,NADP,0,2,100.0,700,176,13,5,5.893307024142857,0.36362936668919077,False,659dce4f66bf4ee0228513d024a4e287e9f1aa3957152332b1483ab0af67cb42,0.08354278816841543
direct_neighbor_ridge,0,0,0,0,0,0,False,19,"[""AMP"", ""CMP"", ""acetylcholine"", ""adenosine"", ""alanine"", ""asparagine"", ""aspartate"", ""cAMP"", ""carnosine"", ""choline"", ""glycine"", ""histidine"", ""homocysteine"", ""hypoxanthine"", ""leucine"", ""ornithine"", ""phenylalanine"", ""tyrosine"", ""urate""]",[],0,0,38,19,20,NADP,0,3,100.0,702,174,13,5,5.922061383618234,0.3605050337536695,False,9492e163b6ef19b0563b1ce8302b8e8794e2e4c9c8031c62ff9774a3f63f6f58,0.0834414151031524
direct_neighbor_ridge,0,0,0,0,0,0,False,19,"[""AMP"", ""CMP"", ""acetylcholine"", ""adenosine"", ""alanine"", ""asparagine"", ""aspartate"", ""cAMP"", ""carnosine"", ""choline"", ""glycine"", ""histidine"", ""homocysteine"", ""hypoxanthine"", ""leucine"", ""ornithine"", ""phenylalanine"", ""tyrosine"", ""urate""]",[],0,0,38,19,20,NADP,0,4,100.0,700,176,17,1,5.8943222774285715,0.34709365585279683,False,cf9883e99ee1b956d01c2cb42a4d284b982ce23065d3616a5e1cced359e41fb5,0.089173300890252
direct_neighbor_ridge,0,0,0,0,0,0,False,19,"[""AMP"", ""CMP"", ""acetylcholine"", ""adenosine"", ""alanine"", ""asparagine"", ""aspartate"", ""cAMP"", ""carnosine"", ""choline"", ""glycine"", ""histidine"", ""homocysteine"", ""hypoxanthine"", ""leucine"", ""ornithine"", ""phenylalanine"", ""tyrosine"", ""urate""]",[],0,0,38,19,20,NADP,1,0,100.0,705,171,13,5,5.924742738723404,0.373625630639,False,32d2e2f547f707a9f12d899e65a934275c9f49020e10d214973126d05910ec9c,0.0710810050368309
direct_neighbor_ridge,0,0,0,0,0,0,False,19,"[""AMP"", ""CMP"", ""acetylcholine"", ""adenosine"", ""alanine"", ""asparagine"", ""aspartate"", ""cAMP"", ""carnosine"", ""choline"", ""glycine"", ""histidine"", ""homocysteine"", ""hypoxanthine"", ""leucine"", ""ornithine"", ""phenylalanine"", ""tyrosine"", ""urate""]",[],0,0,38,19,20,NADP,1,1,100.0,700,176,17,1,5.8943222774285715,0.34709365585279683,False,cf9883e99ee1b956d01c2cb42a4d284b982ce23065d3616a5e1cced359e41fb5,0.06675778911449015
direct_neighbor_ridge,0,0,0,0,0,0,False,19,"[""AMP"", ""CMP"", ""acetylcholine"", ""adenosine"", ""alanine"", ""asparagine"", ""aspartate"", ""cAMP"", ""carnosine"", ""choline"", ""glycine"", ""histidine"", ""homocysteine"", ""hypoxanthine"", ""leucine"", ""ornithine"", ""phenylalanine"", ""tyrosine"", ""urate""]",[],0,0,38,19,20,NADP,1,2,100.0,697,179,16,2,5.964262021233859,0.3620365863705779,False,db1ab3680dcfc2deb10e2511ec28b70b27966d5a436d724be48267bcbf200acf,0.06334840203635395
direct_neighbor_ridge,0,0,0,0,0,0,False,19,"[""AMP"", ""CMP"", ""acetylcholine"", ""adenosine"", ""alanine"", ""asparagine"", ""aspartate"", ""cAMP"", ""carnosine"", ""choline"", ""glycine"", ""histidine"", ""homocysteine"", ""hypoxanthine"", ""leucine"", ""ornithine"", ""phenylalanine"", ""tyrosine"", ""urate""]",[],0,0,38,19,20,NADP,1,3,100.0,700,176,13,5,5.893307024142857,0.36362936668919077,False,659dce4f66bf4ee0228513d024a4e287e9f1aa3957152332b1483ab0af67cb42,0.06856941501609981
direct_neighbor_ridge,0,0,0,0,0,0,False,19,"[""AMP"", ""CMP"", ""acetylcholine"", ""adenosine"", ""alanine"", ""asparagine"", ""aspartate"", ""cAMP"", ""carnosine"", ""choline"", ""glycine"", ""histidine"", ""homocysteine"", ""hypoxanthine"", ""leucine"", ""ornithine"", ""phenylalanine"", ""tyrosine"", ""urate""]",[],0,0,38,19,20,NADP,1,4,100.0,702,174,13,5,5.922061383618234,0.3605050337536695,False,9492e163b6ef19b0563b1ce8302b8e8794e2e4c9c8031c62ff9774a3f63f6f58,0.06723545305430889
direct_neighbor_ridge,0,0,0,0,0,0,False,5,"[""NAD"", ""citrulline"", ""homocysteine"", ""proline"", ""sarcosine""]",[],0,0,10,5,6,UMP,0,0,10.0,697,179,16,2,5.8803286489239595,0.3673249774248067,False,db1ab3680dcfc2deb10e2511ec28b70b27966d5a436d724be48267bcbf200acf,0.07819351996295154
direct_neighbor_ridge,0,0,0,0,0,0,False,5,"[""NAD"", ""citrulline"", ""homocysteine"", ""proline"", ""sarcosine""]",[],0,0,10,5,6,UMP,0,1,10.0,705,171,13,5,6.046802519858156,0.5194126213200596,False,32d2e2f547f707a9f12d899e65a934275c9f49020e10d214973126d05910ec9c,0.08261034195311368
direct_neighbor_ridge,0,0,0,0,0,0,False,5,"[""NAD"", ""citrulline"", ""homocysteine"", ""proline"", ""sarcosine""]",[],0,0,10,5,6,UMP,0,2,0.1,700,176,13,5,6.0201290528571425,0.508479905148374,False,659dce4f66bf4ee0228513d024a4e287e9f1aa3957152332b1483ab0af67cb42,0.0899587981402874
direct_neighbor_ridge,0,0,0,0,0,0,False,5,"[""NAD"", ""citrulline"", ""homocysteine"", ""proline"", ""sarcosine""]",[],0,0,10,5,6,UMP,0,3,10.0,702,174,13,5,6.04453301980057,0.5234043492380395,False,9492e163b6ef19b0563b1ce8302b8e8794e2e4c9c8031c62ff9774a3f63f6f58,0.06473592715337873
direct_neighbor_ridge,0,0,0,0,0,0,False,5,"[""NAD"", ""citrulline"", ""homocysteine"", ""proline"", ""sarcosine""]",[],0,0,10,5,6,UMP,0,4,10.0,700,176,17,1,6.0070047598571445,0.5168236538621338,False,cf9883e99ee1b956d01c2cb42a4d284b982ce23065d3616a5e1cced359e41fb5,0.062222737120464444
direct_neighbor_ridge,0,0,0,0,0,0,False,5,"[""NAD"", ""citrulline"", ""homocysteine"", ""proline"", ""sarcosine""]",[],0,0,10,5,6,UMP,1,0,10.0,705,171,13,5,6.046802519858156,0.5194126213200596,False,32d2e2f547f707a9f12d899e65a934275c9f49020e10d214973126d05910ec9c,0.0637439121492207
direct_neighbor_ridge,0,0,0,0,0,0,False,5,"[""NAD"", ""citrulline"", ""homocysteine"", ""proline"", ""sarcosine""]",[],0,0,10,5,6,UMP,1,1,100.0,700,176,17,1,6.0070047598571445,0.5168236538621338,False,cf9883e99ee1b956d01c2cb42a4d284b982ce23065d3616a5e1cced359e41fb5,0.08313313801772892
direct_neighbor_ridge,0,0,0,0,0,0,False,5,"[""NAD"", ""citrulline"", ""homocysteine"", ""proline"", ""sarcosine""]",[],0,0,10,5,6,UMP,1,2,10.0,697,179,16,2,5.8803286489239595,0.3673249774248067,False,db1ab3680dcfc2deb10e2511ec28b70b27966d5a436d724be48267bcbf200acf,0.058780600083991885
direct_neighbor_ridge,0,0,0,0,0,0,False,5,"[""NAD"", ""citrulline"", ""homocysteine"", ""proline"", ""sarcosine""]",[],0,0,10,5,6,UMP,1,3,0.1,700,176,13,5,6.0201290528571425,0.508479905148374,False,659dce4f66bf4ee0228513d024a4e287e9f1aa3957152332b1483ab0af67cb42,0.05819163308478892
direct_neighbor_ridge,0,0,0,0,0,0,False,5,"[""NAD"", ""citrulline"", ""homocysteine"", ""proline"", ""sarcosine""]",[],0,0,10,5,6,UMP,1,4,10.0,702,174,13,5,6.04453301980057,0.5234043492380395,False,9492e163b6ef19b0563b1ce8302b8e8794e2e4c9c8031c62ff9774a3f63f6f58,0.05749096488580108
direct_neighbor_ridge,0,0,0,0,0,0,False,1,"[""uracil""]",[],0,0,2,1,2,acetylcholine,0,0,100.0,697,179,16,2,5.659545420659971,0.9034786933874055,False,db1ab3680dcfc2deb10e2511ec28b70b27966d5a436d724be48267bcbf200acf,0.05397801799699664
direct_neighbor_ridge,0,0,0,0,0,0,False,1,"[""uracil""]",[],0,0,2,1,2,acetylcholine,0,1,0.1,705,171,13,5,5.700987920851063,0.901549377737082,False,32d2e2f547f707a9f12d899e65a934275c9f49020e10d214973126d05910ec9c,0.05586121906526387
direct_neighbor_ridge,0,0,0,0,0,0,False,1,"[""uracil""]",[],0,0,2,1,2,acetylcholine,0,2,0.1,700,176,13,5,5.708044984285714,0.9098811471364079,False,659dce4f66bf4ee0228513d024a4e287e9f1aa3957152332b1483ab0af67cb42,0.05472066788934171
direct_neighbor_ridge,0,0,0,0,0,0,False,1,"[""uracil""]",[],0,0,2,1,2,acetylcholine,0,3,10.0,702,174,13,5,5.713083329344729,0.9000553995988789,False,9492e163b6ef19b0563b1ce8302b8e8794e2e4c9c8031c62ff9774a3f63f6f58,0.05338874808512628
direct_neighbor_ridge,0,0,0,0,0,0,False,1,"[""uracil""]",[],0,0,2,1,2,acetylcholine,0,4,100.0,700,176,17,1,5.586330824285715,0.8863693262476297,False,cf9883e99ee1b956d01c2cb42a4d284b982ce23065d3616a5e1cced359e41fb5,0.05489915399812162
direct_neighbor_ridge,0,0,0,0,0,0,False,1,"[""uracil""]",[],0,0,2,1,2,acetylcholine,1,0,0.1,705,171,13,5,5.700987920851063,0.901549377737082,False,32d2e2f547f707a9f12d899e65a934275c9f49020e10d214973126d05910ec9c,0.05889586894772947
direct_neighbor_ridge,0,0,0,0,0,0,False,1,"[""uracil""]",[],0,0,2,1,2,acetylcholine,1,1,100.0,700,176,17,1,5.586330824285715,0.8863693262476297,False,cf9883e99ee1b956d01c2cb42a4d284b982ce23065d3616a5e1cced359e41fb5,0.05588491400703788
direct_neighbor_ridge,0,0,0,0,0,0,False,1,"[""uracil""]",[],0,0,2,1,2,acetylcholine,1,2,100.0,697,179,16,2,5.659545420659971,0.9034786933874055,False,db1ab3680dcfc2deb10e2511ec28b70b27966d5a436d724be48267bcbf200acf,0.057269366923719645
direct_neighbor_ridge,0,0,0,0,0,0,False,1,"[""uracil""]",[],0,0,2,1,2,acetylcholine,1,3,100.0,700,176,13,5,5.708044984285714,0.9098811471364079,False,659dce4f66bf4ee0228513d024a4e287e9f1aa3957152332b1483ab0af67cb42,0.05129451700486243
direct_neighbor_ridge,0,0,0,0,0,0,False,1,"[""uracil""]",[],0,0,2,1,2,acetylcholine,1,4,100.0,702,174,13,5,5.713083329344729,0.9000553995988789,False,9492e163b6ef19b0563b1ce8302b8e8794e2e4c9c8031c62ff9774a3f63f6f58,0.049536932026967406
direct_neighbor_ridge,0,0,0,0,0,0,False,2,"[""adenosine"", ""inosine""]",[],0,0,4,2,3,aconitate,0,0,0.1,697,179,16,2,5.869085316068866,0.29352602161706304,False,db1ab3680dcfc2deb10e2511ec28b70b27966d5a436d724be48267bcbf200acf,0.05312845413573086
direct_neighbor_ridge,0,0,0,0,0,0,False,2,"[""adenosine"", ""inosine""]",[],0,0,4,2,3,aconitate,0,1,0.1,705,171,13,5,5.80245032141844,0.31475097153342196,False,32d2e2f547f707a9f12d899e65a934275c9f49020e10d214973126d05910ec9c,0.07409644103609025
direct_neighbor_ridge,0,0,0,0,0,0,False,2,"[""adenosine"", ""inosine""]",[],0,0,4,2,3,aconitate,0,2,0.1,700,176,13,5,5.810027651857142,0.305354314605211,False,659dce4f66bf4ee0228513d024a4e287e9f1aa3957152332b1483ab0af67cb42,0.05183440912514925
direct_neighbor_ridge,0,0,0,0,0,0,False,2,"[""adenosine"", ""inosine""]",[],0,0,4,2,3,aconitate,0,3,0.1,702,174,13,5,5.8194074274928775,0.30426103660559667,False,9492e163b6ef19b0563b1ce8302b8e8794e2e4c9c8031c62ff9774a3f63f6f58,0.05368628981523216
direct_neighbor_ridge,0,0,0,0,0,0,False,2,"[""adenosine"", ""inosine""]",[],0,0,4,2,3,aconitate,0,4,0.1,700,176,17,1,5.833991273857143,0.3116707085063351,False,cf9883e99ee1b956d01c2cb42a4d284b982ce23065d3616a5e1cced359e41fb5,0.053713351022452116
direct_neighbor_ridge,0,0,0,0,0,0,False,2,"[""adenosine"", ""inosine""]",[],0,0,4,2,3,aconitate,1,0,0.1,705,171,13,5,5.80245032141844,0.31475097153342196,False,32d2e2f547f707a9f12d899e65a934275c9f49020e10d214973126d05910ec9c,0.05268166516907513
direct_neighbor_ridge,0,0,0,0,0,0,False,2,"[""adenosine"", ""inosine""]",[],0,0,4,2,3,aconitate,1,1,0.1,700,176,17,1,5.833991273857143,0.3116707085063351,False,cf9883e99ee1b956d01c2cb42a4d284b982ce23065d3616a5e1cced359e41fb5,0.0543665939476341
direct_neighbor_ridge,0,0,0,0,0,0,False,2,"[""adenosine"", ""inosine""]",[],0,0,4,2,3,aconitate,1,2,0.1,697,179,16,2,5.869085316068866,0.29352602161706304,False,db1ab3680dcfc2deb10e2511ec28b70b27966d5a436d724be48267bcbf200acf,0.05498629785142839
direct_neighbor_ridge,0,0,0,0,0,0,False,2,"[""adenosine"", ""inosine""]",[],0,0,4,2,3,aconitate,1,3,0.1,700,176,13,5,5.810027651857142,0.305354314605211,False,659dce4f66bf4ee0228513d024a4e287e9f1aa3957152332b1483ab0af67cb42,0.054196997778490186
direct_neighbor_ridge,0,0,0,0,0,0,False,2,"[""adenosine"", ""inosine""]",[],0,0,4,2,3,aconitate,1,4,0.1,702,174,13,5,5.8194074274928775,0.30426103660559667,False,9492e163b6ef19b0563b1ce8302b8e8794e2e4c9c8031c62ff9774a3f63f6f58,0.05418953485786915
direct_neighbor_ridge,0,0,0,0,0,0,False,2,"[""arginine"", ""glutamate""]",[],0,0,4,2,3,adenine,0,0,100.0,697,179,16,2,5.874204923529412,0.34214960869733474,False,db1ab3680dcfc2deb10e2511ec28b70b27966d5a436d724be48267bcbf200acf,0.060594073962420225
direct_neighbor_ridge,0,0,0,0,0,0,False,2,"[""arginine"", ""glutamate""]",[],0,0,4,2,3,adenine,0,1,10.0,705,171,13,5,5.9312896307801415,0.3566075982980052,False,32d2e2f547f707a9f12d899e65a934275c9f49020e10d214973126d05910ec9c,0.05057753506116569
direct_neighbor_ridge,0,0,0,0,0,0,False,2,"[""arginine"", ""glutamate""]",[],0,0,4,2,3,adenine,0,2,100.0,700,176,13,5,5.925568285714287,0.3546125934251921,False,659dce4f66bf4ee0228513d024a4e287e9f1aa3957152332b1483ab0af67cb42,0.050780809950083494
direct_neighbor_ridge,0,0,0,0,0,0,False,2,"[""arginine"", ""glutamate""]",[],0,0,4,2,3,adenine,0,3,10.0,702,174,13,5,5.939394801851851,0.3634544913962929,False,9492e163b6ef19b0563b1ce8302b8e8794e2e4c9c8031c62ff9774a3f63f6f58,0.05279489001259208
direct_neighbor_ridge,0,0,0,0,0,0,False,2,"[""arginine"", ""glutamate""]",[],0,0,4,2,3,adenine,0,4,100.0,700,176,17,1,5.922040124714285,0.3757034409504105,False,cf9883e99ee1b956d01c2cb42a4d284b982ce23065d3616a5e1cced359e41fb5,0.05424093105830252
direct_neighbor_ridge,0,0,0,0,0,0,False,2,"[""arginine"", ""glutamate""]",[],0,0,4,2,3,adenine,1,0,10.0,705,171,13,5,5.9312896307801415,0.3566075982980052,False,32d2e2f547f707a9f12d899e65a934275c9f49020e10d214973126d05910ec9c,0.05706066498532891
direct_neighbor_ridge,0,0,0,0,0,0,False,2,"[""arginine"", ""glutamate""]",[],0,0,4,2,3,adenine,1,1,10.0,700,176,17,1,5.922040124714285,0.3757034409504105,False,cf9883e99ee1b956d01c2cb42a4d284b982ce23065d3616a5e1cced359e41fb5,0.057651557959616184
direct_neighbor_ridge,0,0,0,0,0,0,False,2,"[""arginine"", ""glutamate""]",[],0,0,4,2,3,adenine,1,2,100.0,697,179,16,2,5.874204923529412,0.34214960869733474,False,db1ab3680dcfc2deb10e2511ec28b70b27966d5a436d724be48267bcbf200acf,0.06640835991129279
direct_neighbor_ridge,0,0,0,0,0,0,False,2,"[""arginine"", ""glutamate""]",[],0,0,4,2,3,adenine,1,3,10.0,700,176,13,5,5.925568285714287,0.3546125934251921,False,659dce4f66bf4ee0228513d024a4e287e9f1aa3957152332b1483ab0af67cb42,0.0628912360407412
direct_neighbor_ridge,0,0,0,0,0,0,False,2,"[""arginine"", ""glutamate""]",[],0,0,4,2,3,adenine,1,4,0.1,702,174,13,5,5.939394801851851,0.3634544913962929,False,9492e163b6ef19b0563b1ce8302b8e8794e2e4c9c8031c62ff9774a3f63f6f58,0.06679668393917382
direct_neighbor_ridge,0,0,0,0,0,0,False,4,"[""NAD"", ""aspartate"", ""glutamine"", ""inositol""]",[],0,0,8,4,5,adenosine,0,0,100.0,697,179,16,2,5.889763096987087,0.5899105462602858,False,db1ab3680dcfc2deb10e2511ec28b70b27966d5a436d724be48267bcbf200acf,0.06932972394861281
direct_neighbor_ridge,0,0,0,0,0,0,False,4,"[""NAD"", ""aspartate"", ""glutamine"", ""inositol""]",[],0,0,8,4,5,adenosine,0,1,100.0,705,171,13,5,5.826710083829787,0.5566391017151358,False,32d2e2f547f707a9f12d899e65a934275c9f49020e10d214973126d05910ec9c,0.06340433796867728
direct_neighbor_ridge,0,0,0,0,0,0,False,4,"[""NAD"", ""aspartate"", ""glutamine"", ""inositol""]",[],0,0,8,4,5,adenosine,0,2,100.0,700,176,13,5,5.880261045142857,0.564616432252999,False,659dce4f66bf4ee0228513d024a4e287e9f1aa3957152332b1483ab0af67cb42,0.06098003895021975
direct_neighbor_ridge,0,0,0,0,0,0,False,4,"[""NAD"", ""aspartate"", ""glutamine"", ""inositol""]",[],0,0,8,4,5,adenosine,0,3,100.0,702,174,13,5,5.8464648170940166,0.5743075987654248,False,9492e163b6ef19b0563b1ce8302b8e8794e2e4c9c8031c62ff9774a3f63f6f58,0.05665870709344745
direct_neighbor_ridge,0,0,0,0,0,0,False,4,"[""NAD"", ""aspartate"", ""glutamine"", ""inositol""]",[],0,0,8,4,5,adenosine,0,4,100.0,700,176,17,1,5.822932310714286,0.5820115277556642,False,cf9883e99ee1b956d01c2cb42a4d284b982ce23065d3616a5e1cced359e41fb5,0.06624422082677484
direct_neighbor_ridge,0,0,0,0,0,0,False,4,"[""NAD"", ""aspartate"", ""glutamine"", ""inositol""]",[],0,0,8,4,5,adenosine,1,0,100.0,705,171,13,5,5.826710083829787,0.5566391017151358,False,32d2e2f547f707a9f12d899e65a934275c9f49020e10d214973126d05910ec9c,0.056520947022363544
direct_neighbor_ridge,0,0,0,0,0,0,False,4,"[""NAD"", ""aspartate"", ""glutamine"", ""inositol""]",[],0,0,8,4,5,adenosine,1,1,100.0,700,176,17,1,5.822932310714286,0.5820115277556642,False,cf9883e99ee1b956d01c2cb42a4d284b982ce23065d3616a5e1cced359e41fb5,0.05535069014877081
direct_neighbor_ridge,0,0,0,0,0,0,False,4,"[""NAD"", ""aspartate"", ""glutamine"", ""inositol""]",[],0,0,8,4,5,adenosine,1,2,100.0,697,179,16,2,5.889763096987087,0.5899105462602858,False,db1ab3680dcfc2deb10e2511ec28b70b27966d5a436d724be48267bcbf200acf,0.05744280689395964
direct_neighbor_ridge,0,0,0,0,0,0,False,4,"[""NAD"", ""aspartate"", ""glutamine"", ""inositol""]",[],0,0,8,4,5,adenosine,1,3,100.0,700,176,13,5,5.880261045142857,0.564616432252999,False,659dce4f66bf4ee0228513d024a4e287e9f1aa3957152332b1483ab0af67cb42,0.055958358803763986
direct_neighbor_ridge,0,0,0,0,0,0,False,4,"[""NAD"", ""aspartate"", ""glutamine"", ""inositol""]",[],0,0,8,4,5,adenosine,1,4,100.0,702,174,13,5,5.8464648170940166,0.5743075987654248,False,9492e163b6ef19b0563b1ce8302b8e8794e2e4c9c8031c62ff9774a3f63f6f58,0.054105395916849375
direct_neighbor_ridge,0,0,0,0,0,0,False,5,"[""AMP"", ""aconitate"", ""beta-alanine"", ""phenylalanine"", ""taurine""]",[],0,0,10,5,6,alanine,0,0,10.0,697,179,16,2,5.909789567575323,0.3726797820270718,False,db1ab3680dcfc2deb10e2511ec28b70b27966d5a436d724be48267bcbf200acf,0.05779921682551503
direct_neighbor_ridge,0,0,0,0,0,0,False,5,"[""AMP"", ""aconitate"", ""beta-alanine"", ""phenylalanine"", ""taurine""]",[],0,0,10,5,6,alanine,0,1,100.0,705,171,13,5,5.858488998156029,0.3904771460922022,False,32d2e2f547f707a9f12d899e65a934275c9f49020e10d214973126d05910ec9c,0.05714460392482579
direct_neighbor_ridge,0,0,0,0,0,0,False,5,"[""AMP"", ""aconitate"", ""beta-alanine"", ""phenylalanine"", ""taurine""]",[],0,0,10,5,6,alanine,0,2,10.0,700,176,13,5,5.822541076857142,0.38433692877401887,False,659dce4f66bf4ee0228513d024a4e287e9f1aa3957152332b1483ab0af67cb42,0.05759613704867661
direct_neighbor_ridge,0,0,0,0,0,0,False,5,"[""AMP"", ""aconitate"", ""beta-alanine"", ""phenylalanine"", ""taurine""]",[],0,0,10,5,6,alanine,0,3,100.0,702,174,13,5,5.857928736894587,0.3876645862607939,False,9492e163b6ef19b0563b1ce8302b8e8794e2e4c9c8031c62ff9774a3f63f6f58,0.057438098127022386
direct_neighbor_ridge,0,0,0,0,0,0,False,5,"[""AMP"", ""aconitate"", ""beta-alanine"", ""phenylalanine"", ""taurine""]",[],0,0,10,5,6,alanine,0,4,100.0,700,176,17,1,5.8615306351428575,0.38301923456583287,False,cf9883e99ee1b956d01c2cb42a4d284b982ce23065d3616a5e1cced359e41fb5,0.05665604514069855
direct_neighbor_ridge,0,0,0,0,0,0,False,5,"[""AMP"", ""aconitate"", ""beta-alanine"", ""phenylalanine"", ""taurine""]",[],0,0,10,5,6,alanine,1,0,100.0,705,171,13,5,5.858488998156029,0.3904771460922022,False,32d2e2f547f707a9f12d899e65a934275c9f49020e10d214973126d05910ec9c,0.059184005949646235
direct_neighbor_ridge,0,0,0,0,0,0,False,5,"[""AMP"", ""aconitate"", ""beta-alanine"", ""phenylalanine"", ""taurine""]",[],0,0,10,5,6,alanine,1,1,100.0,700,176,17,1,5.8615306351428575,0.38301923456583287,False,cf9883e99ee1b956d01c2cb42a4d284b982ce23065d3616a5e1cced359e41fb5,0.06121410406194627
direct_neighbor_ridge,0,0,0,0,0,0,False,5,"[""AMP"", ""aconitate"", ""beta-alanine"", ""phenylalanine"", ""taurine""]",[],0,0,10,5,6,alanine,1,2,1.0,697,179,16,2,5.909789567575323,0.3726797820270718,False,db1ab3680dcfc2deb10e2511ec28b70b27966d5a436d724be48267bcbf200acf,0.05644794111140072
direct_neighbor_ridge,0,0,0,0,0,0,False,5,"[""AMP"", ""aconitate"", ""beta-alanine"", ""phenylalanine"", ""taurine""]",[],0,0,10,5,6,alanine,1,3,100.0,700,176,13,5,5.822541076857142,0.38433692877401887,False,659dce4f66bf4ee0228513d024a4e287e9f1aa3957152332b1483ab0af67cb42,0.05893362802453339
direct_neighbor_ridge,0,0,0,0,0,0,False,5,"[""AMP"", ""aconitate"", ""beta-alanine"", ""phenylalanine"", ""taurine""]",[],0,0,10,5,6,alanine,1,4,100.0,702,174,13,5,5.857928736894587,0.3876645862607939,False,9492e163b6ef19b0563b1ce8302b8e8794e2e4c9c8031c62ff9774a3f63f6f58,0.057078862097114325
direct_neighbor_ridge,0,0,0,0,0,0,False,4,"[""CMP"", ""NAD"", ""aspartate"", ""beta-alanine""]",[],0,0,8,4,5,arginine,0,0,100.0,697,179,16,2,5.863509545050215,0.2892319453010906,False,db1ab3680dcfc2deb10e2511ec28b70b27966d5a436d724be48267bcbf200acf,0.06595619698055089
direct_neighbor_ridge,0,0,0,0,0,0,False,4,"[""CMP"", ""NAD"", ""aspartate"", ""beta-alanine""]",[],0,0,8,4,5,arginine,0,1,10.0,705,171,13,5,5.815171706666666,0.31845379830911313,False,32d2e2f547f707a9f12d899e65a934275c9f49020e10d214973126d05910ec9c,0.06616692501120269
direct_neighbor_ridge,0,0,0,0,0,0,False,4,"[""CMP"", ""NAD"", ""aspartate"", ""beta-alanine""]",[],0,0,8,4,5,arginine,0,2,10.0,700,176,13,5,5.805769005428571,0.30185736890451725,False,659dce4f66bf4ee0228513d024a4e287e9f1aa3957152332b1483ab0af67cb42,0.06544791394844651
direct_neighbor_ridge,0,0,0,0,0,0,False,4,"[""CMP"", ""NAD"", ""aspartate"", ""beta-alanine""]",[],0,0,8,4,5,arginine,0,3,100.0,702,174,13,5,5.817618240883191,0.30757781466220807,False,9492e163b6ef19b0563b1ce8302b8e8794e2e4c9c8031c62ff9774a3f63f6f58,0.073453304823488
direct_neighbor_ridge,0,0,0,0,0,0,False,4,"[""CMP"", ""NAD"", ""aspartate"", ""beta-alanine""]",[],0,0,8,4,5,arginine,0,4,0.1,700,176,17,1,5.814149637428571,0.29315784153849683,False,cf9883e99ee1b956d01c2cb42a4d284b982ce23065d3616a5e1cced359e41fb5,0.09241290716454387
direct_neighbor_ridge,0,0,0,0,0,0,False,4,"[""CMP"", ""NAD"", ""aspartate"", ""beta-alanine""]",[],0,0,8,4,5,arginine,1,0,10.0,705,171,13,5,5.815171706666666,0.31845379830911313,False,32d2e2f547f707a9f12d899e65a934275c9f49020e10d214973126d05910ec9c,0.059094781056046486
direct_neighbor_ridge,0,0,0,0,0,0,False,4,"[""CMP"", ""NAD"", ""aspartate"", ""beta-alanine""]",[],0,0,8,4,5,arginine,1,1,0.1,700,176,17,1,5.814149637428571,0.29315784153849683,False,cf9883e99ee1b956d01c2cb42a4d284b982ce23065d3616a5e1cced359e41fb5,0.08892409084364772
direct_neighbor_ridge,0,0,0,0,0,0,False,4,"[""CMP"", ""NAD"", ""aspartate"", ""beta-alanine""]",[],0,0,8,4,5,arginine,1,2,100.0,697,179,16,2,5.863509545050215,0.2892319453010906,False,db1ab3680dcfc2deb10e2511ec28b70b27966d5a436d724be48267bcbf200acf,0.06293861288577318
direct_neighbor_ridge,0,0,0,0,0,0,False,4,"[""CMP"", ""NAD"", ""aspartate"", ""beta-alanine""]",[],0,0,8,4,5,arginine,1,3,100.0,700,176,13,5,5.805769005428571,0.30185736890451725,False,659dce4f66bf4ee0228513d024a4e287e9f1aa3957152332b1483ab0af67cb42,0.053233393002301455
direct_neighbor_ridge,0,0,0,0,0,0,False,4,"[""CMP"", ""NAD"", ""aspartate"", ""beta-alanine""]",[],0,0,8,4,5,arginine,1,4,10.0,702,174,13,5,5.817618240883191,0.30757781466220807,False,9492e163b6ef19b0563b1ce8302b8e8794e2e4c9c8031c62ff9774a3f63f6f58,0.057376137003302574
direct_neighbor_ridge,0,0,0,0,0,0,False,1,"[""CMP""]",[],0,0,2,1,2,asparagine,0,0,100.0,697,179,16,2,5.770933249067432,0.5547028758197723,False,db1ab3680dcfc2deb10e2511ec28b70b27966d5a436d724be48267bcbf200acf,0.06958344299346209
direct_neighbor_ridge,0,0,0,0,0,0,False,1,"[""CMP""]",[],0,0,2,1,2,asparagine,0,1,100.0,705,171,13,5,5.822742776737589,0.5073316430090837,False,32d2e2f547f707a9f12d899e65a934275c9f49020e10d214973126d05910ec9c,0.04993763007223606
direct_neighbor_ridge,0,0,0,0,0,0,False,1,"[""CMP""]",[],0,0,2,1,2,asparagine,0,2,0.1,700,176,13,5,5.760654128285714,0.5062160501130749,False,659dce4f66bf4ee0228513d024a4e287e9f1aa3957152332b1483ab0af67cb42,0.07650216505862772
direct_neighbor_ridge,0,0,0,0,0,0,False,1,"[""CMP""]",[],0,0,2,1,2,asparagine,0,3,100.0,702,174,13,5,5.834951135327635,0.4986691932677111,False,9492e163b6ef19b0563b1ce8302b8e8794e2e4c9c8031c62ff9774a3f63f6f58,0.08692637388594449
direct_neighbor_ridge,0,0,0,0,0,0,False,1,"[""CMP""]",[],0,0,2,1,2,asparagine,0,4,100.0,700,176,17,1,5.7793045951428565,0.5296973350103227,False,cf9883e99ee1b956d01c2cb42a4d284b982ce23065d3616a5e1cced359e41fb5,0.05349600501358509
direct_neighbor_ridge,0,0,0,0,0,0,False,1,"[""CMP""]",[],0,0,2,1,2,asparagine,1,0,100.0,705,171,13,5,5.822742776737589,0.5073316430090837,False,32d2e2f547f707a9f12d899e65a934275c9f49020e10d214973126d05910ec9c,0.04853560891933739
direct_neighbor_ridge,0,0,0,0,0,0,False,1,"[""CMP""]",[],0,0,2,1,2,asparagine,1,1,100.0,700,176,17,1,5.7793045951428565,0.5296973350103227,False,cf9883e99ee1b956d01c2cb42a4d284b982ce23065d3616a5e1cced359e41fb5,0.051860050996765494
direct_neighbor_ridge,0,0,0,0,0,0,False,1,"[""CMP""]",[],0,0,2,1,2,asparagine,1,2,100.0,697,179,16,2,5.770933249067432,0.5547028758197723,False,db1ab3680dcfc2deb10e2511ec28b70b27966d5a436d724be48267bcbf200acf,0.047854745062068105
direct_neighbor_ridge,0,0,0,0,0,0,False,1,"[""CMP""]",[],0,0,2,1,2,asparagine,1,3,0.1,700,176,13,5,5.760654128285714,0.5062160501130749,False,659dce4f66bf4ee0228513d024a4e287e9f1aa3957152332b1483ab0af67cb42,0.04051662585698068
direct_neighbor_ridge,0,0,0,0,0,0,False,1,"[""CMP""]",[],0,0,2,1,2,asparagine,1,4,100.0,702,174,13,5,5.834951135327635,0.4986691932677111,False,9492e163b6ef19b0563b1ce8302b8e8794e2e4c9c8031c62ff9774a3f63f6f58,0.043900910997763276
direct_neighbor_ridge,0,0,0,0,0,0,False,5,"[""NAD"", ""NADP"", ""dimethylglycine"", ""glycine"", ""oxalate""]",[],0,0,10,5,6,aspartate,0,0,100.0,697,179,16,2,5.880295525824964,0.31459989253788373,False,db1ab3680dcfc2deb10e2511ec28b70b27966d5a436d724be48267bcbf200acf,0.05590077396482229
direct_neighbor_ridge,0,0,0,0,0,0,False,5,"[""NAD"", ""NADP"", ""dimethylglycine"", ""glycine"", ""oxalate""]",[],0,0,10,5,6,aspartate,0,1,100.0,705,171,13,5,5.874632417021277,0.31483712856725005,False,32d2e2f547f707a9f12d899e65a934275c9f49020e10d214973126d05910ec9c,0.058604546124115586
direct_neighbor_ridge,0,0,0,0,0,0,False,5,"[""NAD"", ""NADP"", ""dimethylglycine"", ""glycine"", ""oxalate""]",[],0,0,10,5,6,aspartate,0,2,0.1,700,176,13,5,5.847491705857142,0.3070662955662841,False,659dce4f66bf4ee0228513d024a4e287e9f1aa3957152332b1483ab0af67cb42,0.062372277956455946
direct_neighbor_ridge,0,0,0,0,0,0,False,5,"[""NAD"", ""NADP"", ""dimethylglycine"", ""glycine"", ""oxalate""]",[],0,0,10,5,6,aspartate,0,3,100.0,702,174,13,5,5.891541375356125,0.30470940794430695,False,9492e163b6ef19b0563b1ce8302b8e8794e2e4c9c8031c62ff9774a3f63f6f58,0.05901932390406728
direct_neighbor_ridge,0,0,0,0,0,0,False,5,"[""NAD"", ""NADP"", ""dimethylglycine"", ""glycine"", ""oxalate""]",[],0,0,10,5,6,aspartate,0,4,100.0,700,176,17,1,5.858449629857143,0.3205310760569602,False,cf9883e99ee1b956d01c2cb42a4d284b982ce23065d3616a5e1cced359e41fb5,0.05607286607846618
direct_neighbor_ridge,0,0,0,0,0,0,False,5,"[""NAD"", ""NADP"", ""dimethylglycine"", ""glycine"", ""oxalate""]",[],0,0,10,5,6,aspartate,1,0,100.0,705,171,13,5,5.874632417021277,0.31483712856725005,False,32d2e2f547f707a9f12d899e65a934275c9f49020e10d214973126d05910ec9c,0.06013016193173826
direct_neighbor_ridge,0,0,0,0,0,0,False,5,"[""NAD"", ""NADP"", ""dimethylglycine"", ""glycine"", ""oxalate""]",[],0,0,10,5,6,aspartate,1,1,100.0,700,176,17,1,5.858449629857143,0.3205310760569602,False,cf9883e99ee1b956d01c2cb42a4d284b982ce23065d3616a5e1cced359e41fb5,0.05839124205522239
direct_neighbor_ridge,0,0,0,0,0,0,False,5,"[""NAD"", ""NADP"", ""dimethylglycine"", ""glycine"", ""oxalate""]",[],0,0,10,5,6,aspartate,1,2,100.0,697,179,16,2,5.880295525824964,0.31459989253788373,False,db1ab3680dcfc2deb10e2511ec28b70b27966d5a436d724be48267bcbf200acf,0.0647702889982611
direct_neighbor_ridge,0,0,0,0,0,0,False,5,"[""NAD"", ""NADP"", ""dimethylglycine"", ""glycine"", ""oxalate""]",[],0,0,10,5,6,aspartate,1,3,0.1,700,176,13,5,5.847491705857142,0.3070662955662841,False,659dce4f66bf4ee0228513d024a4e287e9f1aa3957152332b1483ab0af67cb42,0.06502561015076935
direct_neighbor_ridge,0,0,0,0,0,0,False,5,"[""NAD"", ""NADP"", ""dimethylglycine"", ""glycine"", ""oxalate""]",[],0,0,10,5,6,aspartate,1,4,10.0,702,174,13,5,5.891541375356125,0.30470940794430695,False,9492e163b6ef19b0563b1ce8302b8e8794e2e4c9c8031c62ff9774a3f63f6f58,0.069339046953246
direct_neighbor_ridge,0,0,0,0,0,0,False,7,"[""CMP"", ""alanine"", ""dimethylglycine"", ""glycine"", ""homocysteine"", ""leucine"", ""taurine""]",[],0,0,14,7,8,beta-alanine,0,0,10.0,697,179,16,2,5.89606564619799,0.38552157905093615,False,db1ab3680dcfc2deb10e2511ec28b70b27966d5a436d724be48267bcbf200acf,0.08389516407623887
direct_neighbor_ridge,0,0,0,0,0,0,False,7,"[""CMP"", ""alanine"", ""dimethylglycine"", ""glycine"", ""homocysteine"", ""leucine"", ""taurine""]",[],0,0,14,7,8,beta-alanine,0,1,10.0,705,171,13,5,5.88588785106383,0.37906560080676954,False,32d2e2f547f707a9f12d899e65a934275c9f49020e10d214973126d05910ec9c,0.11989110987633467
direct_neighbor_ridge,0,0,0,0,0,0,False,7,"[""CMP"", ""alanine"", ""dimethylglycine"", ""glycine"", ""homocysteine"", ""leucine"", ""taurine""]",[],0,0,14,7,8,beta-alanine,0,2,1.0,700,176,13,5,5.858867382571429,0.37488335636279413,False,659dce4f66bf4ee0228513d024a4e287e9f1aa3957152332b1483ab0af67cb42,0.09572039102204144
direct_neighbor_ridge,0,0,0,0,0,0,False,7,"[""CMP"", ""alanine"", ""dimethylglycine"", ""glycine"", ""homocysteine"", ""leucine"", ""taurine""]",[],0,0,14,7,8,beta-alanine,0,3,10.0,702,174,13,5,5.889754005413106,0.3645264448798111,False,9492e163b6ef19b0563b1ce8302b8e8794e2e4c9c8031c62ff9774a3f63f6f58,0.0624967641197145
direct_neighbor_ridge,0,0,0,0,0,0,False,7,"[""CMP"", ""alanine"", ""dimethylglycine"", ""glycine"", ""homocysteine"", ""leucine"", ""taurine""]",[],0,0,14,7,8,beta-alanine,0,4,10.0,700,176,17,1,5.876934778285714,0.37122422318563114,False,cf9883e99ee1b956d01c2cb42a4d284b982ce23065d3616a5e1cced359e41fb5,0.15531769394874573
direct_neighbor_ridge,0,0,0,0,0,0,False,7,"[""CMP"", ""alanine"", ""dimethylglycine"", ""glycine"", ""homocysteine"", ""leucine"", ""taurine""]",[],0,0,14,7,8,beta-alanine,1,0,10.0,705,171,13,5,5.88588785106383,0.37906560080676954,False,32d2e2f547f707a9f12d899e65a934275c9f49020e10d214973126d05910ec9c,0.1191522921435535
direct_neighbor_ridge,0,0,0,0,0,0,False,7,"[""CMP"", ""alanine"", ""dimethylglycine"", ""glycine"", ""homocysteine"", ""leucine"", ""taurine""]",[],0,0,14,7,8,beta-alanine,1,1,10.0,700,176,17,1,5.876934778285714,0.37122422318563114,False,cf9883e99ee1b956d01c2cb42a4d284b982ce23065d3616a5e1cced359e41fb5,0.09035968803800642
direct_neighbor_ridge,0,0,0,0,0,0,False,7,"[""CMP"", ""alanine"", ""dimethylglycine"", ""glycine"", ""homocysteine"", ""leucine"", ""taurine""]",[],0,0,14,7,8,beta-alanine,1,2,100.0,697,179,16,2,5.89606564619799,0.38552157905093615,False,db1ab3680dcfc2deb10e2511ec28b70b27966d5a436d724be48267bcbf200acf,0.12926678988151252
direct_neighbor_ridge,0,0,0,0,0,0,False,7,"[""CMP"", ""alanine"", ""dimethylglycine"", ""glycine"", ""homocysteine"", ""leucine"", ""taurine""]",[],0,0,14,7,8,beta-alanine,1,3,10.0,700,176,13,5,5.858867382571429,0.37488335636279413,False,659dce4f66bf4ee0228513d024a4e287e9f1aa3957152332b1483ab0af67cb42,0.08570391498506069
direct_neighbor_ridge,0,0,0,0,0,0,False,7,"[""CMP"", ""alanine"", ""dimethylglycine"", ""glycine"", ""homocysteine"", ""leucine"", ""taurine""]",[],0,0,14,7,8,beta-alanine,1,4,100.0,702,174,13,5,5.889754005413106,0.3645264448798111,False,9492e163b6ef19b0563b1ce8302b8e8794e2e4c9c8031c62ff9774a3f63f6f58,0.05827701999805868
direct_neighbor_ridge,0,0,0,0,0,0,False,5,"[""AMP"", ""GMP"", ""aspartate"", ""glutamate"", ""phenylalanine""]",[],0,0,10,5,6,betaine,0,0,100.0,697,179,16,2,5.8714377137733145,0.18159899344090086,False,db1ab3680dcfc2deb10e2511ec28b70b27966d5a436d724be48267bcbf200acf,0.058211257914081216
direct_neighbor_ridge,0,0,0,0,0,0,False,5,"[""AMP"", ""GMP"", ""aspartate"", ""glutamate"", ""phenylalanine""]",[],0,0,10,5,6,betaine,0,1,100.0,705,171,13,5,5.844790105815603,0.2090158756680175,False,32d2e2f547f707a9f12d899e65a934275c9f49020e10d214973126d05910ec9c,0.05722213187254965
direct_neighbor_ridge,0,0,0,0,0,0,False,5,"[""AMP"", ""GMP"", ""aspartate"", ""glutamate"", ""phenylalanine""]",[],0,0,10,5,6,betaine,0,2,100.0,700,176,13,5,5.823641747,0.19709735634486064,False,659dce4f66bf4ee0228513d024a4e287e9f1aa3957152332b1483ab0af67cb42,0.0562328239902854
direct_neighbor_ridge,0,0,0,0,0,0,False,5,"[""AMP"", ""GMP"", ""aspartate"", ""glutamate"", ""phenylalanine""]",[],0,0,10,5,6,betaine,0,3,100.0,702,174,13,5,5.841853994301995,0.20015594660079908,False,9492e163b6ef19b0563b1ce8302b8e8794e2e4c9c8031c62ff9774a3f63f6f58,0.07062733010388911
direct_neighbor_ridge,0,0,0,0,0,0,False,5,"[""AMP"", ""GMP"", ""aspartate"", ""glutamate"", ""phenylalanine""]",[],0,0,10,5,6,betaine,0,4,100.0,700,176,17,1,5.841625063428572,0.19284290121241865,False,cf9883e99ee1b956d01c2cb42a4d284b982ce23065d3616a5e1cced359e41fb5,0.07076813513413072
direct_neighbor_ridge,0,0,0,0,0,0,False,5,"[""AMP"", ""GMP"", ""aspartate"", ""glutamate"", ""phenylalanine""]",[],0,0,10,5,6,betaine,1,0,100.0,705,171,13,5,5.844790105815603,0.2090158756680175,False,32d2e2f547f707a9f12d899e65a934275c9f49020e10d214973126d05910ec9c,0.08509362279437482
direct_neighbor_ridge,0,0,0,0,0,0,False,5,"[""AMP"", ""GMP"", ""aspartate"", ""glutamate"", ""phenylalanine""]",[],0,0,10,5,6,betaine,1,1,100.0,700,176,17,1,5.841625063428572,0.19284290121241865,False,cf9883e99ee1b956d01c2cb42a4d284b982ce23065d3616a5e1cced359e41fb5,0.05779535695910454
direct_neighbor_ridge,0,0,0,0,0,0,False,5,"[""AMP"", ""GMP"", ""aspartate"", ""glutamate"", ""phenylalanine""]",[],0,0,10,5,6,betaine,1,2,100.0,697,179,16,2,5.8714377137733145,0.18159899344090086,False,db1ab3680dcfc2deb10e2511ec28b70b27966d5a436d724be48267bcbf200acf,0.06762655801139772
direct_neighbor_ridge,0,0,0,0,0,0,False,5,"[""AMP"", ""GMP"", ""aspartate"", ""glutamate"", ""phenylalanine""]",[],0,0,10,5,6,betaine,1,3,100.0,700,176,13,5,5.823641747,0.19709735634486064,False,659dce4f66bf4ee0228513d024a4e287e9f1aa3957152332b1483ab0af67cb42,0.05778244184330106
direct_neighbor_ridge,0,0,0,0,0,0,False,5,"[""AMP"", ""GMP"", ""aspartate"", ""glutamate"", ""phenylalanine""]",[],0,0,10,5,6,betaine,1,4,100.0,702,174,13,5,5.841853994301995,0.20015594660079908,False,9492e163b6ef19b0563b1ce8302b8e8794e2e4c9c8031c62ff9774a3f63f6f58,0.05857525090686977
direct_neighbor_ridge,0,0,0,0,0,0,False,1,"[""NAD""]",[],0,0,2,1,2,cAMP,0,0,0.1,697,179,16,2,5.950858155093256,0.2858460941092765,False,db1ab3680dcfc2deb10e2511ec28b70b27966d5a436d724be48267bcbf200acf,0.05457249307073653
direct_neighbor_ridge,0,0,0,0,0,0,False,1,"[""NAD""]",[],0,0,2,1,2,cAMP,0,1,100.0,705,171,13,5,5.9900215581560285,0.2949595974021159,False,32d2e2f547f707a9f12d899e65a934275c9f49020e10d214973126d05910ec9c,0.0529386920388788
direct_neighbor_ridge,0,0,0,0,0,0,False,1,"[""NAD""]",[],0,0,2,1,2,cAMP,0,2,100.0,700,176,13,5,5.979318919714286,0.3061051247886878,False,659dce4f66bf4ee0228513d024a4e287e9f1aa3957152332b1483ab0af67cb42,0.06032049190253019
direct_neighbor_ridge,0,0,0,0,0,0,False,1,"[""NAD""]",[],0,0,2,1,2,cAMP,0,3,100.0,702,174,13,5,5.992108657692308,0.3013222098747822,False,9492e163b6ef19b0563b1ce8302b8e8794e2e4c9c8031c62ff9774a3f63f6f58,0.06342531205154955
direct_neighbor_ridge,0,0,0,0,0,0,False,1,"[""NAD""]",[],0,0,2,1,2,cAMP,0,4,0.1,700,176,17,1,6.001160348428571,0.2957637599772958,False,cf9883e99ee1b956d01c2cb42a4d284b982ce23065d3616a5e1cced359e41fb5,0.05595166306011379
direct_neighbor_ridge,0,0,0,0,0,0,False,1,"[""NAD""]",[],0,0,2,1,2,cAMP,1,0,100.0,705,171,13,5,5.9900215581560285,0.2949595974021159,False,32d2e2f547f707a9f12d899e65a934275c9f49020e10d214973126d05910ec9c,0.053122900892049074
direct_neighbor_ridge,0,0,0,0,0,0,False,1,"[""NAD""]",[],0,0,2,1,2,cAMP,1,1,0.1,700,176,17,1,6.001160348428571,0.2957637599772958,False,cf9883e99ee1b956d01c2cb42a4d284b982ce23065d3616a5e1cced359e41fb5,0.057442723074927926
direct_neighbor_ridge,0,0,0,0,0,0,False,1,"[""NAD""]",[],0,0,2,1,2,cAMP,1,2,0.1,697,179,16,2,5.950858155093256,0.2858460941092765,False,db1ab3680dcfc2deb10e2511ec28b70b27966d5a436d724be48267bcbf200acf,0.05417457688599825
direct_neighbor_ridge,0,0,0,0,0,0,False,1,"[""NAD""]",[],0,0,2,1,2,cAMP,1,3,0.1,700,176,13,5,5.979318919714286,0.3061051247886878,False,659dce4f66bf4ee0228513d024a4e287e9f1aa3957152332b1483ab0af67cb42,0.061950244940817356
direct_neighbor_ridge,0,0,0,0,0,0,False,1,"[""NAD""]",[],0,0,2,1,2,cAMP,1,4,100.0,702,174,13,5,5.992108657692308,0.3013222098747822,False,9492e163b6ef19b0563b1ce8302b8e8794e2e4c9c8031c62ff9774a3f63f6f58,0.05716997105628252
direct_neighbor_ridge,0,0,0,0,0,0,False,3,"[""NAD"", ""glycine"", ""uridine""]",[],0,0,6,3,4,carnosine,0,0,100.0,697,179,16,2,5.848187210903874,0.3346815694032456,False,db1ab3680dcfc2deb10e2511ec28b70b27966d5a436d724be48267bcbf200acf,0.07310740207321942
direct_neighbor_ridge,0,0,0,0,0,0,False,3,"[""NAD"", ""glycine"", ""uridine""]",[],0,0,6,3,4,carnosine,0,1,100.0,705,171,13,5,5.717911871205674,0.4169635505808757,False,32d2e2f547f707a9f12d899e65a934275c9f49020e10d214973126d05910ec9c,0.055264556081965566
direct_neighbor_ridge,0,0,0,0,0,0,False,3,"[""NAD"", ""glycine"", ""uridine""]",[],0,0,6,3,4,carnosine,0,2,100.0,700,176,13,5,5.728871635,0.406759957033559,False,659dce4f66bf4ee0228513d024a4e287e9f1aa3957152332b1483ab0af67cb42,0.05882248701527715
direct_neighbor_ridge,0,0,0,0,0,0,False,3,"[""NAD"", ""glycine"", ""uridine""]",[],0,0,6,3,4,carnosine,0,3,100.0,702,174,13,5,5.720513488319089,0.41215713156509043,False,9492e163b6ef19b0563b1ce8302b8e8794e2e4c9c8031c62ff9774a3f63f6f58,0.058594861067831516
direct_neighbor_ridge,0,0,0,0,0,0,False,3,"[""NAD"", ""glycine"", ""uridine""]",[],0,0,6,3,4,carnosine,0,4,100.0,700,176,17,1,5.747184804428572,0.40402742531557306,False,cf9883e99ee1b956d01c2cb42a4d284b982ce23065d3616a5e1cced359e41fb5,0.06092880293726921
direct_neighbor_ridge,0,0,0,0,0,0,False,3,"[""NAD"", ""glycine"", ""uridine""]",[],0,0,6,3,4,carnosine,1,0,100.0,705,171,13,5,5.717911871205674,0.4169635505808757,False,32d2e2f547f707a9f12d899e65a934275c9f49020e10d214973126d05910ec9c,0.059298155130818486
direct_neighbor_ridge,0,0,0,0,0,0,False,3,"[""NAD"", ""glycine"", ""uridine""]",[],0,0,6,3,4,carnosine,1,1,100.0,700,176,17,1,5.747184804428572,0.40402742531557306,False,cf9883e99ee1b956d01c2cb42a4d284b982ce23065d3616a5e1cced359e41fb5,0.0555323560256511
direct_neighbor_ridge,0,0,0,0,0,0,False,3,"[""NAD"", ""glycine"", ""uridine""]",[],0,0,6,3,4,carnosine,1,2,100.0,697,179,16,2,5.848187210903874,0.3346815694032456,False,db1ab3680dcfc2deb10e2511ec28b70b27966d5a436d724be48267bcbf200acf,0.059208577033132315
direct_neighbor_ridge,0,0,0,0,0,0,False,3,"[""NAD"", ""glycine"", ""uridine""]",[],0,0,6,3,4,carnosine,1,3,100.0,700,176,13,5,5.728871635,0.406759957033559,False,659dce4f66bf4ee0228513d024a4e287e9f1aa3957152332b1483ab0af67cb42,0.05894010281190276
direct_neighbor_ridge,0,0,0,0,0,0,False,3,"[""NAD"", ""glycine"", ""uridine""]",[],0,0,6,3,4,carnosine,1,4,100.0,702,174,13,5,5.720513488319089,0.41215713156509043,False,9492e163b6ef19b0563b1ce8302b8e8794e2e4c9c8031c62ff9774a3f63f6f58,0.05640643904916942
direct_neighbor_ridge,0,0,0,0,0,0,False,3,"[""AMP"", ""methionine"", ""putrescine""]",[],0,0,6,3,4,choline,0,0,100.0,697,179,16,2,5.8239385981348635,0.338166872104974,False,db1ab3680dcfc2deb10e2511ec28b70b27966d5a436d724be48267bcbf200acf,0.06393434992060065
direct_neighbor_ridge,0,0,0,0,0,0,False,3,"[""AMP"", ""methionine"", ""putrescine""]",[],0,0,6,3,4,choline,0,1,100.0,705,171,13,5,5.859232645531915,0.32003460065194833,False,32d2e2f547f707a9f12d899e65a934275c9f49020e10d214973126d05910ec9c,0.059325603069737554
direct_neighbor_ridge,0,0,0,0,0,0,False,3,"[""AMP"", ""methionine"", ""putrescine""]",[],0,0,6,3,4,choline,0,2,100.0,700,176,13,5,5.867582237714285,0.32489858486978823,False,659dce4f66bf4ee0228513d024a4e287e9f1aa3957152332b1483ab0af67cb42,0.055998467141762376
direct_neighbor_ridge,0,0,0,0,0,0,False,3,"[""AMP"", ""methionine"", ""putrescine""]",[],0,0,6,3,4,choline,0,3,100.0,702,174,13,5,5.8625390531339026,0.3226075591600372,False,9492e163b6ef19b0563b1ce8302b8e8794e2e4c9c8031c62ff9774a3f63f6f58,0.061710562789812684
direct_neighbor_ridge,0,0,0,0,0,0,False,3,"[""AMP"", ""methionine"", ""putrescine""]",[],0,0,6,3,4,choline,0,4,100.0,700,176,17,1,5.852284691285713,0.32270601790601433,False,cf9883e99ee1b956d01c2cb42a4d284b982ce23065d3616a5e1cced359e41fb5,0.05346427904441953
direct_neighbor_ridge,0,0,0,0,0,0,False,3,"[""AMP"", ""methionine"", ""putrescine""]",[],0,0,6,3,4,choline,1,0,100.0,705,171,13,5,5.859232645531915,0.32003460065194833,False,32d2e2f547f707a9f12d899e65a934275c9f49020e10d214973126d05910ec9c,0.05882490100339055
direct_neighbor_ridge,0,0,0,0,0,0,False,3,"[""AMP"", ""methionine"", ""putrescine""]",[],0,0,6,3,4,choline,1,1,100.0,700,176,17,1,5.852284691285713,0.32270601790601433,False,cf9883e99ee1b956d01c2cb42a4d284b982ce23065d3616a5e1cced359e41fb5,0.058449472999200225
direct_neighbor_ridge,0,0,0,0,0,0,False,3,"[""AMP"", ""methionine"", ""putrescine""]",[],0,0,6,3,4,choline,1,2,100.0,697,179,16,2,5.8239385981348635,0.338166872104974,False,db1ab3680dcfc2deb10e2511ec28b70b27966d5a436d724be48267bcbf200acf,0.056438022991642356
direct_neighbor_ridge,0,0,0,0,0,0,False,3,"[""AMP"", ""methionine"", ""putrescine""]",[],0,0,6,3,4,choline,1,3,100.0,700,176,13,5,5.867582237714285,0.32489858486978823,False,659dce4f66bf4ee0228513d024a4e287e9f1aa3957152332b1483ab0af67cb42,0.058818438090384007
direct_neighbor_ridge,0,0,0,0,0,0,False,3,"[""AMP"", ""methionine"", ""putrescine""]",[],0,0,6,3,4,choline,1,4,100.0,702,174,13,5,5.8625390531339026,0.3226075591600372,False,9492e163b6ef19b0563b1ce8302b8e8794e2e4c9c8031c62ff9774a3f63f6f58,0.059019142063334584
direct_neighbor_ridge,0,0,0,0,0,0,False,2,"[""inosine"", ""serine""]",[],0,0,4,2,3,citrate,0,0,0.1,697,179,16,2,5.856802146628407,0.28662588456419313,False,db1ab3680dcfc2deb10e2511ec28b70b27966d5a436d724be48267bcbf200acf,0.054771016119048
direct_neighbor_ridge,0,0,0,0,0,0,False,2,"[""inosine"", ""serine""]",[],0,0,4,2,3,citrate,0,1,0.1,705,171,13,5,5.791562419007092,0.33160955849208257,False,32d2e2f547f707a9f12d899e65a934275c9f49020e10d214973126d05910ec9c,0.04851480992510915
direct_neighbor_ridge,0,0,0,0,0,0,False,2,"[""inosine"", ""serine""]",[],0,0,4,2,3,citrate,0,2,100.0,700,176,13,5,5.796659042428571,0.3209738076981834,False,659dce4f66bf4ee0228513d024a4e287e9f1aa3957152332b1483ab0af67cb42,0.04598129307851195
direct_neighbor_ridge,0,0,0,0,0,0,False,2,"[""inosine"", ""serine""]",[],0,0,4,2,3,citrate,0,3,10.0,702,174,13,5,5.816074590598291,0.3172362249439492,False,9492e163b6ef19b0563b1ce8302b8e8794e2e4c9c8031c62ff9774a3f63f6f58,0.04811786999925971
direct_neighbor_ridge,0,0,0,0,0,0,False,2,"[""inosine"", ""serine""]",[],0,0,4,2,3,citrate,0,4,100.0,700,176,17,1,5.8187439961428575,0.3243083616569265,False,cf9883e99ee1b956d01c2cb42a4d284b982ce23065d3616a5e1cced359e41fb5,0.06471546413376927
direct_neighbor_ridge,0,0,0,0,0,0,False,2,"[""inosine"", ""serine""]",[],0,0,4,2,3,citrate,1,0,0.1,705,171,13,5,5.791562419007092,0.33160955849208257,False,32d2e2f547f707a9f12d899e65a934275c9f49020e10d214973126d05910ec9c,0.05172300501726568
direct_neighbor_ridge,0,0,0,0,0,0,False,2,"[""inosine"", ""serine""]",[],0,0,4,2,3,citrate,1,1,10.0,700,176,17,1,5.8187439961428575,0.3243083616569265,False,cf9883e99ee1b956d01c2cb42a4d284b982ce23065d3616a5e1cced359e41fb5,0.04988782596774399
direct_neighbor_ridge,0,0,0,0,0,0,False,2,"[""inosine"", ""serine""]",[],0,0,4,2,3,citrate,1,2,0.1,697,179,16,2,5.856802146628407,0.28662588456419313,False,db1ab3680dcfc2deb10e2511ec28b70b27966d5a436d724be48267bcbf200acf,0.05762939783744514
direct_neighbor_ridge,0,0,0,0,0,0,False,2,"[""inosine"", ""serine""]",[],0,0,4,2,3,citrate,1,3,10.0,700,176,13,5,5.796659042428571,0.3209738076981834,False,659dce4f66bf4ee0228513d024a4e287e9f1aa3957152332b1483ab0af67cb42,0.054402783047407866
direct_neighbor_ridge,0,0,0,0,0,0,False,2,"[""inosine"", ""serine""]",[],0,0,4,2,3,citrate,1,4,0.1,702,174,13,5,5.816074590598291,0.3172362249439492,False,9492e163b6ef19b0563b1ce8302b8e8794e2e4c9c8031c62ff9774a3f63f6f58,0.05381846288219094
direct_neighbor_ridge,0,0,0,0,0,0,False,5,"[""NAD"", ""alanine"", ""glutamate"", ""homocysteine"", ""xanthine""]",[],0,0,10,5,6,citrulline,0,0,10.0,697,179,16,2,5.850244435150646,0.2837581540578788,False,db1ab3680dcfc2deb10e2511ec28b70b27966d5a436d724be48267bcbf200acf,0.061254655942320824
direct_neighbor_ridge,0,0,0,0,0,0,False,5,"[""NAD"", ""alanine"", ""glutamate"", ""homocysteine"", ""xanthine""]",[],0,0,10,5,6,citrulline,0,1,100.0,705,171,13,5,5.795729869078015,0.31706795344862154,False,32d2e2f547f707a9f12d899e65a934275c9f49020e10d214973126d05910ec9c,0.05882747913710773
direct_neighbor_ridge,0,0,0,0,0,0,False,5,"[""NAD"", ""alanine"", ""glutamate"", ""homocysteine"", ""xanthine""]",[],0,0,10,5,6,citrulline,0,2,10.0,700,176,13,5,5.808392116714286,0.30975075225231685,False,659dce4f66bf4ee0228513d024a4e287e9f1aa3957152332b1483ab0af67cb42,0.06221746397204697
direct_neighbor_ridge,0,0,0,0,0,0,False,5,"[""NAD"", ""alanine"", ""glutamate"", ""homocysteine"", ""xanthine""]",[],0,0,10,5,6,citrulline,0,3,10.0,702,174,13,5,5.80420118960114,0.30130689878614486,False,9492e163b6ef19b0563b1ce8302b8e8794e2e4c9c8031c62ff9774a3f63f6f58,0.062284796964377165
direct_neighbor_ridge,0,0,0,0,0,0,False,5,"[""NAD"", ""alanine"", ""glutamate"", ""homocysteine"", ""xanthine""]",[],0,0,10,5,6,citrulline,0,4,100.0,700,176,17,1,5.817242098,0.2998443205544627,False,cf9883e99ee1b956d01c2cb42a4d284b982ce23065d3616a5e1cced359e41fb5,0.06138859409838915
direct_neighbor_ridge,0,0,0,0,0,0,False,5,"[""NAD"", ""alanine"", ""glutamate"", ""homocysteine"", ""xanthine""]",[],0,0,10,5,6,citrulline,1,0,100.0,705,171,13,5,5.795729869078015,0.31706795344862154,False,32d2e2f547f707a9f12d899e65a934275c9f49020e10d214973126d05910ec9c,0.06191918393597007
direct_neighbor_ridge,0,0,0,0,0,0,False,5,"[""NAD"", ""alanine"", ""glutamate"", ""homocysteine"", ""xanthine""]",[],0,0,10,5,6,citrulline,1,1,100.0,700,176,17,1,5.817242098,0.2998443205544627,False,cf9883e99ee1b956d01c2cb42a4d284b982ce23065d3616a5e1cced359e41fb5,0.06087536993436515
direct_neighbor_ridge,0,0,0,0,0,0,False,5,"[""NAD"", ""alanine"", ""glutamate"", ""homocysteine"", ""xanthine""]",[],0,0,10,5,6,citrulline,1,2,10.0,697,179,16,2,5.850244435150646,0.2837581540578788,False,db1ab3680dcfc2deb10e2511ec28b70b27966d5a436d724be48267bcbf200acf,0.05678443587385118
direct_neighbor_ridge,0,0,0,0,0,0,False,5,"[""NAD"", ""alanine"", ""glutamate"", ""homocysteine"", ""xanthine""]",[],0,0,10,5,6,citrulline,1,3,100.0,700,176,13,5,5.808392116714286,0.30975075225231685,False,659dce4f66bf4ee0228513d024a4e287e9f1aa3957152332b1483ab0af67cb42,0.06920819892548025
direct_neighbor_ridge,0,0,0,0,0,0,False,5,"[""NAD"", ""alanine"", ""glutamate"", ""homocysteine"", ""xanthine""]",[],0,0,10,5,6,citrulline,1,4,100.0,702,174,13,5,5.80420118960114,0.30130689878614486,False,9492e163b6ef19b0563b1ce8302b8e8794e2e4c9c8031c62ff9774a3f63f6f58,0.0713338979985565
direct_neighbor_ridge,0,0,0,0,0,0,False,2,"[""alanine"", ""uracil""]",[],0,0,4,2,3,cytidine,0,0,100.0,697,179,16,2,5.821940568292683,0.4881534049700528,False,db1ab3680dcfc2deb10e2511ec28b70b27966d5a436d724be48267bcbf200acf,0.054204873042181134
direct_neighbor_ridge,0,0,0,0,0,0,False,2,"[""alanine"", ""uracil""]",[],0,0,4,2,3,cytidine,0,1,0.1,705,171,13,5,5.9433197194326235,0.5687678071111162,False,32d2e2f547f707a9f12d899e65a934275c9f49020e10d214973126d05910ec9c,0.053982511861249804
direct_neighbor_ridge,0,0,0,0,0,0,False,2,"[""alanine"", ""uracil""]",[],0,0,4,2,3,cytidine,0,2,100.0,700,176,13,5,5.986364081142857,0.5599634922930096,False,659dce4f66bf4ee0228513d024a4e287e9f1aa3957152332b1483ab0af67cb42,0.0913986898958683
direct_neighbor_ridge,0,0,0,0,0,0,False,2,"[""alanine"", ""uracil""]",[],0,0,4,2,3,cytidine,0,3,0.1,702,174,13,5,5.943676573361824,0.5762399457215668,False,9492e163b6ef19b0563b1ce8302b8e8794e2e4c9c8031c62ff9774a3f63f6f58,0.06402274500578642
direct_neighbor_ridge,0,0,0,0,0,0,False,2,"[""alanine"", ""uracil""]",[],0,0,4,2,3,cytidine,0,4,100.0,700,176,17,1,5.943439289714285,0.5728846534204469,False,cf9883e99ee1b956d01c2cb42a4d284b982ce23065d3616a5e1cced359e41fb5,0.056863953825086355
direct_neighbor_ridge,0,0,0,0,0,0,False,2,"[""alanine"", ""uracil""]",[],0,0,4,2,3,cytidine,1,0,0.1,705,171,13,5,5.9433197194326235,0.5687678071111162,False,32d2e2f547f707a9f12d899e65a934275c9f49020e10d214973126d05910ec9c,0.06063420814462006
direct_neighbor_ridge,0,0,0,0,0,0,False,2,"[""alanine"", ""uracil""]",[],0,0,4,2,3,cytidine,1,1,100.0,700,176,17,1,5.943439289714285,0.5728846534204469,False,cf9883e99ee1b956d01c2cb42a4d284b982ce23065d3616a5e1cced359e41fb5,0.0578954191878438
direct_neighbor_ridge,0,0,0,0,0,0,False,2,"[""alanine"", ""uracil""]",[],0,0,4,2,3,cytidine,1,2,100.0,697,179,16,2,5.821940568292683,0.4881534049700528,False,db1ab3680dcfc2deb10e2511ec28b70b27966d5a436d724be48267bcbf200acf,0.051207357086241245
direct_neighbor_ridge,0,0,0,0,0,0,False,2,"[""alanine"", ""uracil""]",[],0,0,4,2,3,cytidine,1,3,100.0,700,176,13,5,5.986364081142857,0.5599634922930096,False,659dce4f66bf4ee0228513d024a4e287e9f1aa3957152332b1483ab0af67cb42,0.04723394406028092
direct_neighbor_ridge,0,0,0,0,0,0,False,2,"[""alanine"", ""uracil""]",[],0,0,4,2,3,cytidine,1,4,0.1,702,174,13,5,5.943676573361824,0.5762399457215668,False,9492e163b6ef19b0563b1ce8302b8e8794e2e4c9c8031c62ff9774a3f63f6f58,0.048219310119748116
direct_neighbor_ridge,0,0,0,0,0,0,False,5,"[""AMP"", ""aspartate"", ""citrulline"", ""histidine"", ""serine""]",[],0,0,10,5,6,dimethylglycine,0,0,10.0,697,179,16,2,5.842713994691535,0.2412852905128361,False,db1ab3680dcfc2deb10e2511ec28b70b27966d5a436d724be48267bcbf200acf,0.07001123018562794
direct_neighbor_ridge,0,0,0,0,0,0,False,5,"[""AMP"", ""aspartate"", ""citrulline"", ""histidine"", ""serine""]",[],0,0,10,5,6,dimethylglycine,0,1,1.0,705,171,13,5,5.7773420750354605,0.2754153009172702,False,32d2e2f547f707a9f12d899e65a934275c9f49020e10d214973126d05910ec9c,0.04916269006207585
direct_neighbor_ridge,0,0,0,0,0,0,False,5,"[""AMP"", ""aspartate"", ""citrulline"", ""histidine"", ""serine""]",[],0,0,10,5,6,dimethylglycine,0,2,10.0,700,176,13,5,5.776686067571429,0.2684533693166957,False,659dce4f66bf4ee0228513d024a4e287e9f1aa3957152332b1483ab0af67cb42,0.049078722950071096
direct_neighbor_ridge,0,0,0,0,0,0,False,5,"[""AMP"", ""aspartate"", ""citrulline"", ""histidine"", ""serine""]",[],0,0,10,5,6,dimethylglycine,0,3,100.0,702,174,13,5,5.778814191452991,0.2645452231216455,False,9492e163b6ef19b0563b1ce8302b8e8794e2e4c9c8031c62ff9774a3f63f6f58,0.056229224894195795
direct_neighbor_ridge,0,0,0,0,0,0,False,5,"[""AMP"", ""aspartate"", ""citrulline"", ""histidine"", ""serine""]",[],0,0,10,5,6,dimethylglycine,0,4,1.0,700,176,17,1,5.798933204428572,0.25781198933068716,False,cf9883e99ee1b956d01c2cb42a4d284b982ce23065d3616a5e1cced359e41fb5,0.058967696968466043
direct_neighbor_ridge,0,0,0,0,0,0,False,5,"[""AMP"", ""aspartate"", ""citrulline"", ""histidine"", ""serine""]",[],0,0,10,5,6,dimethylglycine,1,0,1.0,705,171,13,5,5.7773420750354605,0.2754153009172702,False,32d2e2f547f707a9f12d899e65a934275c9f49020e10d214973126d05910ec9c,0.054621448973193765
direct_neighbor_ridge,0,0,0,0,0,0,False,5,"[""AMP"", ""aspartate"", ""citrulline"", ""histidine"", ""serine""]",[],0,0,10,5,6,dimethylglycine,1,1,10.0,700,176,17,1,5.798933204428572,0.25781198933068716,False,cf9883e99ee1b956d01c2cb42a4d284b982ce23065d3616a5e1cced359e41fb5,0.055787027115002275
direct_neighbor_ridge,0,0,0,0,0,0,False,5,"[""AMP"", ""aspartate"", ""citrulline"", ""histidine"", ""serine""]",[],0,0,10,5,6,dimethylglycine,1,2,10.0,697,179,16,2,5.842713994691535,0.2412852905128361,False,db1ab3680dcfc2deb10e2511ec28b70b27966d5a436d724be48267bcbf200acf,0.05555444397032261
direct_neighbor_ridge,0,0,0,0,0,0,False,5,"[""AMP"", ""aspartate"", ""citrulline"", ""histidine"", ""serine""]",[],0,0,10,5,6,dimethylglycine,1,3,0.1,700,176,13,5,5.776686067571429,0.2684533693166957,False,659dce4f66bf4ee0228513d024a4e287e9f1aa3957152332b1483ab0af67cb42,0.05328314402140677
direct_neighbor_ridge,0,0,0,0,0,0,False,5,"[""AMP"", ""aspartate"", ""citrulline"", ""histidine"", ""serine""]",[],0,0,10,5,6,dimethylglycine,1,4,0.1,702,174,13,5,5.778814191452991,0.2645452231216455,False,9492e163b6ef19b0563b1ce8302b8e8794e2e4c9c8031c62ff9774a3f63f6f58,0.05395465297624469
direct_neighbor_ridge,0,0,0,0,0,0,False,2,"[""NAD"", ""cytidine""]",[],0,0,4,2,3,glucuronate,0,0,0.1,697,179,16,2,5.875591368579626,0.21436797356403015,False,db1ab3680dcfc2deb10e2511ec28b70b27966d5a436d724be48267bcbf200acf,0.049833460012450814
direct_neighbor_ridge,0,0,0,0,0,0,False,2,"[""NAD"", ""cytidine""]",[],0,0,4,2,3,glucuronate,0,1,100.0,705,171,13,5,5.8372711251063825,0.264059395571085,False,32d2e2f547f707a9f12d899e65a934275c9f49020e10d214973126d05910ec9c,0.05086137098260224
direct_neighbor_ridge,0,0,0,0,0,0,False,2,"[""NAD"", ""cytidine""]",[],0,0,4,2,3,glucuronate,0,2,10.0,700,176,13,5,5.841330032428572,0.2627256409648469,False,659dce4f66bf4ee0228513d024a4e287e9f1aa3957152332b1483ab0af67cb42,0.050760427955538034
direct_neighbor_ridge,0,0,0,0,0,0,False,2,"[""NAD"", ""cytidine""]",[],0,0,4,2,3,glucuronate,0,3,10.0,702,174,13,5,5.840461464102564,0.26023183008970724,False,9492e163b6ef19b0563b1ce8302b8e8794e2e4c9c8031c62ff9774a3f63f6f58,0.05147239309735596
direct_neighbor_ridge,0,0,0,0,0,0,False,2,"[""NAD"", ""cytidine""]",[],0,0,4,2,3,glucuronate,0,4,0.1,700,176,17,1,5.853340806857143,0.2561959379747985,False,cf9883e99ee1b956d01c2cb42a4d284b982ce23065d3616a5e1cced359e41fb5,0.050096597988158464
direct_neighbor_ridge,0,0,0,0,0,0,False,2,"[""NAD"", ""cytidine""]",[],0,0,4,2,3,glucuronate,1,0,100.0,705,171,13,5,5.8372711251063825,0.264059395571085,False,32d2e2f547f707a9f12d899e65a934275c9f49020e10d214973126d05910ec9c,0.05134890601038933
direct_neighbor_ridge,0,0,0,0,0,0,False,2,"[""NAD"", ""cytidine""]",[],0,0,4,2,3,glucuronate,1,1,10.0,700,176,17,1,5.853340806857143,0.2561959379747985,False,cf9883e99ee1b956d01c2cb42a4d284b982ce23065d3616a5e1cced359e41fb5,0.07262660400010645
direct_neighbor_ridge,0,0,0,0,0,0,False,2,"[""NAD"", ""cytidine""]",[],0,0,4,2,3,glucuronate,1,2,0.1,697,179,16,2,5.875591368579626,0.21436797356403015,False,db1ab3680dcfc2deb10e2511ec28b70b27966d5a436d724be48267bcbf200acf,0.11305432207882404
direct_neighbor_ridge,0,0,0,0,0,0,False,2,"[""NAD"", ""cytidine""]",[],0,0,4,2,3,glucuronate,1,3,10.0,700,176,13,5,5.841330032428572,0.2627256409648469,False,659dce4f66bf4ee0228513d024a4e287e9f1aa3957152332b1483ab0af67cb42,0.1267836159095168
direct_neighbor_ridge,0,0,0,0,0,0,False,2,"[""NAD"", ""cytidine""]",[],0,0,4,2,3,glucuronate,1,4,10.0,702,174,13,5,5.840461464102564,0.26023183008970724,False,9492e163b6ef19b0563b1ce8302b8e8794e2e4c9c8031c62ff9774a3f63f6f58,0.13382542715407908
direct_neighbor_ridge,0,0,0,0,0,0,False,15,"[""AMP"", ""CMP"", ""GMP"", ""UMP"", ""betaine"", ""citrate"", ""citrulline"", ""homocysteine"", ""oxalate"", ""serine"", ""taurine"", ""trimethylamine-N-oxide"", ""uracil"", ""urate"", ""xanthine""]",[],0,0,30,15,16,glutamate,0,0,100.0,697,179,16,2,5.837754748206599,0.22300075523157906,False,db1ab3680dcfc2deb10e2511ec28b70b27966d5a436d724be48267bcbf200acf,0.06425806903280318
direct_neighbor_ridge,0,0,0,0,0,0,False,15,"[""AMP"", ""CMP"", ""GMP"", ""UMP"", ""betaine"", ""citrate"", ""citrulline"", ""homocysteine"", ""oxalate"", ""serine"", ""taurine"", ""trimethylamine-N-oxide"", ""uracil"", ""urate"", ""xanthine""]",[],0,0,30,15,16,glutamate,0,1,100.0,705,171,13,5,5.856274995319149,0.23737426526109665,False,32d2e2f547f707a9f12d899e65a934275c9f49020e10d214973126d05910ec9c,0.06434141006320715
direct_neighbor_ridge,0,0,0,0,0,0,False,15,"[""AMP"", ""CMP"", ""GMP"", ""UMP"", ""betaine"", ""citrate"", ""citrulline"", ""homocysteine"", ""oxalate"", ""serine"", ""taurine"", ""trimethylamine-N-oxide"", ""uracil"", ""urate"", ""xanthine""]",[],0,0,30,15,16,glutamate,0,2,10.0,700,176,13,5,5.877516673,0.23263179623229843,False,659dce4f66bf4ee0228513d024a4e287e9f1aa3957152332b1483ab0af67cb42,0.06387990596704185
direct_neighbor_ridge,0,0,0,0,0,0,False,15,"[""AMP"", ""CMP"", ""GMP"", ""UMP"", ""betaine"", ""citrate"", ""citrulline"", ""homocysteine"", ""oxalate"", ""serine"", ""taurine"", ""trimethylamine-N-oxide"", ""uracil"", ""urate"", ""xanthine""]",[],0,0,30,15,16,glutamate,0,3,100.0,702,174,13,5,5.872189215954415,0.2121533254343439,False,9492e163b6ef19b0563b1ce8302b8e8794e2e4c9c8031c62ff9774a3f63f6f58,0.06397093809209764
direct_neighbor_ridge,0,0,0,0,0,0,False,15,"[""AMP"", ""CMP"", ""GMP"", ""UMP"", ""betaine"", ""citrate"", ""citrulline"", ""homocysteine"", ""oxalate"", ""serine"", ""taurine"", ""trimethylamine-N-oxide"", ""uracil"", ""urate"", ""xanthine""]",[],0,0,30,15,16,glutamate,0,4,100.0,700,176,17,1,5.8762459510000005,0.2365122296350026,False,cf9883e99ee1b956d01c2cb42a4d284b982ce23065d3616a5e1cced359e41fb5,0.07111877715215087
direct_neighbor_ridge,0,0,0,0,0,0,False,15,"[""AMP"", ""CMP"", ""GMP"", ""UMP"", ""betaine"", ""citrate"", ""citrulline"", ""homocysteine"", ""oxalate"", ""serine"", ""taurine"", ""trimethylamine-N-oxide"", ""uracil"", ""urate"", ""xanthine""]",[],0,0,30,15,16,glutamate,1,0,100.0,705,171,13,5,5.856274995319149,0.23737426526109665,False,32d2e2f547f707a9f12d899e65a934275c9f49020e10d214973126d05910ec9c,0.08551412401720881
direct_neighbor_ridge,0,0,0,0,0,0,False,15,"[""AMP"", ""CMP"", ""GMP"", ""UMP"", ""betaine"", ""citrate"", ""citrulline"", ""homocysteine"", ""oxalate"", ""serine"", ""taurine"", ""trimethylamine-N-oxide"", ""uracil"", ""urate"", ""xanthine""]",[],0,0,30,15,16,glutamate,1,1,100.0,700,176,17,1,5.8762459510000005,0.2365122296350026,False,cf9883e99ee1b956d01c2cb42a4d284b982ce23065d3616a5e1cced359e41fb5,0.08148984285071492
direct_neighbor_ridge,0,0,0,0,0,0,False,15,"[""AMP"", ""CMP"", ""GMP"", ""UMP"", ""betaine"", ""citrate"", ""citrulline"", ""homocysteine"", ""oxalate"", ""serine"", ""taurine"", ""trimethylamine-N-oxide"", ""uracil"", ""urate"", ""xanthine""]",[],0,0,30,15,16,glutamate,1,2,100.0,697,179,16,2,5.837754748206599,0.22300075523157906,False,db1ab3680dcfc2deb10e2511ec28b70b27966d5a436d724be48267bcbf200acf,0.07855509989894927
direct_neighbor_ridge,0,0,0,0,0,0,False,15,"[""AMP"", ""CMP"", ""GMP"", ""UMP"", ""betaine"", ""citrate"", ""citrulline"", ""homocysteine"", ""oxalate"", ""serine"", ""taurine"", ""trimethylamine-N-oxide"", ""uracil"", ""urate"", ""xanthine""]",[],0,0,30,15,16,glutamate,1,3,100.0,700,176,13,5,5.877516673,0.23263179623229843,False,659dce4f66bf4ee0228513d024a4e287e9f1aa3957152332b1483ab0af67cb42,0.07639289181679487
direct_neighbor_ridge,0,0,0,0,0,0,False,15,"[""AMP"", ""CMP"", ""GMP"", ""UMP"", ""betaine"", ""citrate"", ""citrulline"", ""homocysteine"", ""oxalate"", ""serine"", ""taurine"", ""trimethylamine-N-oxide"", ""uracil"", ""urate"", ""xanthine""]",[],0,0,30,15,16,glutamate,1,4,100.0,702,174,13,5,5.872189215954415,0.2121533254343439,False,9492e163b6ef19b0563b1ce8302b8e8794e2e4c9c8031c62ff9774a3f63f6f58,0.07062337989918888
direct_neighbor_ridge,0,0,0,0,0,0,False,2,"[""NAD"", ""homocysteine""]",[],0,0,4,2,3,glutamine,0,0,100.0,697,179,16,2,5.792856942180775,0.4999001304148671,False,db1ab3680dcfc2deb10e2511ec28b70b27966d5a436d724be48267bcbf200acf,0.055628267815336585
direct_neighbor_ridge,0,0,0,0,0,0,False,2,"[""NAD"", ""homocysteine""]",[],0,0,4,2,3,glutamine,0,1,100.0,705,171,13,5,5.730142647375887,0.517307750185761,False,32d2e2f547f707a9f12d899e65a934275c9f49020e10d214973126d05910ec9c,0.058686868054792285
direct_neighbor_ridge,0,0,0,0,0,0,False,2,"[""NAD"", ""homocysteine""]",[],0,0,4,2,3,glutamine,0,2,100.0,700,176,13,5,5.760236144285714,0.5055726521798546,False,659dce4f66bf4ee0228513d024a4e287e9f1aa3957152332b1483ab0af67cb42,0.057438574032858014
direct_neighbor_ridge,0,0,0,0,0,0,False,2,"[""NAD"", ""homocysteine""]",[],0,0,4,2,3,glutamine,0,3,0.1,702,174,13,5,5.749858374216524,0.5089141907702129,False,9492e163b6ef19b0563b1ce8302b8e8794e2e4c9c8031c62ff9774a3f63f6f58,0.09301324398256838
direct_neighbor_ridge,0,0,0,0,0,0,False,2,"[""NAD"", ""homocysteine""]",[],0,0,4,2,3,glutamine,0,4,100.0,700,176,17,1,5.742727689142857,0.5229622387958501,False,cf9883e99ee1b956d01c2cb42a4d284b982ce23065d3616a5e1cced359e41fb5,0.06432084902189672
direct_neighbor_ridge,0,0,0,0,0,0,False,2,"[""NAD"", ""homocysteine""]",[],0,0,4,2,3,glutamine,1,0,100.0,705,171,13,5,5.730142647375887,0.517307750185761,False,32d2e2f547f707a9f12d899e65a934275c9f49020e10d214973126d05910ec9c,0.052697340957820415
direct_neighbor_ridge,0,0,0,0,0,0,False,2,"[""NAD"", ""homocysteine""]",[],0,0,4,2,3,glutamine,1,1,100.0,700,176,17,1,5.742727689142857,0.5229622387958501,False,cf9883e99ee1b956d01c2cb42a4d284b982ce23065d3616a5e1cced359e41fb5,0.050851861014962196
direct_neighbor_ridge,0,0,0,0,0,0,False,2,"[""NAD"", ""homocysteine""]",[],0,0,4,2,3,glutamine,1,2,100.0,697,179,16,2,5.792856942180775,0.4999001304148671,False,db1ab3680dcfc2deb10e2511ec28b70b27966d5a436d724be48267bcbf200acf,0.04310715897008777
direct_neighbor_ridge,0,0,0,0,0,0,False,2,"[""NAD"", ""homocysteine""]",[],0,0,4,2,3,glutamine,1,3,100.0,700,176,13,5,5.760236144285714,0.5055726521798546,False,659dce4f66bf4ee0228513d024a4e287e9f1aa3957152332b1483ab0af67cb42,0.04736138414591551
direct_neighbor_ridge,0,0,0,0,0,0,False,2,"[""NAD"", ""homocysteine""]",[],0,0,4,2,3,glutamine,1,4,0.1,702,174,13,5,5.749858374216524,0.5089141907702129,False,9492e163b6ef19b0563b1ce8302b8e8794e2e4c9c8031c62ff9774a3f63f6f58,0.04370502498932183
direct_neighbor_ridge,0,0,0,0,0,0,False,9,"[""CMP"", ""NAD"", ""NADP"", ""aspartate"", ""carnosine"", ""isocitrate"", ""taurine"", ""uridine"", ""xanthine""]",[],0,0,18,9,10,glycine,0,0,100.0,697,179,16,2,5.901400717790531,0.3232334686793832,False,db1ab3680dcfc2deb10e2511ec28b70b27966d5a436d724be48267bcbf200acf,0.06774636381305754
direct_neighbor_ridge,0,0,0,0,0,0,False,9,"[""CMP"", ""NAD"", ""NADP"", ""aspartate"", ""carnosine"", ""isocitrate"", ""taurine"", ""uridine"", ""xanthine""]",[],0,0,18,9,10,glycine,0,1,100.0,705,171,13,5,5.891562820992907,0.30388093169523356,False,32d2e2f547f707a9f12d899e65a934275c9f49020e10d214973126d05910ec9c,0.06827551615424454
direct_neighbor_ridge,0,0,0,0,0,0,False,9,"[""CMP"", ""NAD"", ""NADP"", ""aspartate"", ""carnosine"", ""isocitrate"", ""taurine"", ""uridine"", ""xanthine""]",[],0,0,18,9,10,glycine,0,2,100.0,700,176,13,5,5.895880774285714,0.3016342641672332,False,659dce4f66bf4ee0228513d024a4e287e9f1aa3957152332b1483ab0af67cb42,0.061512515880167484
direct_neighbor_ridge,0,0,0,0,0,0,False,9,"[""CMP"", ""NAD"", ""NADP"", ""aspartate"", ""carnosine"", ""isocitrate"", ""taurine"", ""uridine"", ""xanthine""]",[],0,0,18,9,10,glycine,0,3,100.0,702,174,13,5,5.919905869658121,0.29925995925495313,False,9492e163b6ef19b0563b1ce8302b8e8794e2e4c9c8031c62ff9774a3f63f6f58,0.06161783798597753
direct_neighbor_ridge,0,0,0,0,0,0,False,9,"[""CMP"", ""NAD"", ""NADP"", ""aspartate"", ""carnosine"", ""isocitrate"", ""taurine"", ""uridine"", ""xanthine""]",[],0,0,18,9,10,glycine,0,4,100.0,700,176,17,1,5.911124145142858,0.31233130965412215,False,cf9883e99ee1b956d01c2cb42a4d284b982ce23065d3616a5e1cced359e41fb5,0.06226821290329099
direct_neighbor_ridge,0,0,0,0,0,0,False,9,"[""CMP"", ""NAD"", ""NADP"", ""aspartate"", ""carnosine"", ""isocitrate"", ""taurine"", ""uridine"", ""xanthine""]",[],0,0,18,9,10,glycine,1,0,100.0,705,171,13,5,5.891562820992907,0.30388093169523356,False,32d2e2f547f707a9f12d899e65a934275c9f49020e10d214973126d05910ec9c,0.06844743504188955
direct_neighbor_ridge,0,0,0,0,0,0,False,9,"[""CMP"", ""NAD"", ""NADP"", ""aspartate"", ""carnosine"", ""isocitrate"", ""taurine"", ""uridine"", ""xanthine""]",[],0,0,18,9,10,glycine,1,1,100.0,700,176,17,1,5.911124145142858,0.31233130965412215,False,cf9883e99ee1b956d01c2cb42a4d284b982ce23065d3616a5e1cced359e41fb5,0.04796544089913368
direct_neighbor_ridge,0,0,0,0,0,0,False,9,"[""CMP"", ""NAD"", ""NADP"", ""aspartate"", ""carnosine"", ""isocitrate"", ""taurine"", ""uridine"", ""xanthine""]",[],0,0,18,9,10,glycine,1,2,10.0,697,179,16,2,5.901400717790531,0.3232334686793832,False,db1ab3680dcfc2deb10e2511ec28b70b27966d5a436d724be48267bcbf200acf,0.07312485901638865
direct_neighbor_ridge,0,0,0,0,0,0,False,9,"[""CMP"", ""NAD"", ""NADP"", ""aspartate"", ""carnosine"", ""isocitrate"", ""taurine"", ""uridine"", ""xanthine""]",[],0,0,18,9,10,glycine,1,3,10.0,700,176,13,5,5.895880774285714,0.3016342641672332,False,659dce4f66bf4ee0228513d024a4e287e9f1aa3957152332b1483ab0af67cb42,0.09105631685815752
direct_neighbor_ridge,0,0,0,0,0,0,False,9,"[""CMP"", ""NAD"", ""NADP"", ""aspartate"", ""carnosine"", ""isocitrate"", ""taurine"", ""uridine"", ""xanthine""]",[],0,0,18,9,10,glycine,1,4,100.0,702,174,13,5,5.919905869658121,0.29925995925495313,False,9492e163b6ef19b0563b1ce8302b8e8794e2e4c9c8031c62ff9774a3f63f6f58,0.07502979412674904
direct_neighbor_ridge,0,0,0,0,0,0,False,1,"[""CMP""]",[],0,0,2,1,2,guanosine,0,0,0.1,697,179,16,2,5.952859866857963,0.40817502232841674,False,db1ab3680dcfc2deb10e2511ec28b70b27966d5a436d724be48267bcbf200acf,0.04411670402623713
direct_neighbor_ridge,0,0,0,0,0,0,False,1,"[""CMP""]",[],0,0,2,1,2,guanosine,0,1,10.0,705,171,13,5,5.946455211205673,0.3930879666913112,False,32d2e2f547f707a9f12d899e65a934275c9f49020e10d214973126d05910ec9c,0.04514225898310542
direct_neighbor_ridge,0,0,0,0,0,0,False,1,"[""CMP""]",[],0,0,2,1,2,guanosine,0,2,100.0,700,176,13,5,6.008024284285714,0.39823813293836846,False,659dce4f66bf4ee0228513d024a4e287e9f1aa3957152332b1483ab0af67cb42,0.052901828894391656
direct_neighbor_ridge,0,0,0,0,0,0,False,1,"[""CMP""]",[],0,0,2,1,2,guanosine,0,3,1.0,702,174,13,5,5.9592625129629635,0.3946489909296684,False,9492e163b6ef19b0563b1ce8302b8e8794e2e4c9c8031c62ff9774a3f63f6f58,0.04512969288043678
direct_neighbor_ridge,0,0,0,0,0,0,False,1,"[""CMP""]",[],0,0,2,1,2,guanosine,0,4,100.0,700,176,17,1,5.964684184857142,0.4006223332620162,False,cf9883e99ee1b956d01c2cb42a4d284b982ce23065d3616a5e1cced359e41fb5,0.055163527838885784
direct_neighbor_ridge,0,0,0,0,0,0,False,1,"[""CMP""]",[],0,0,2,1,2,guanosine,1,0,10.0,705,171,13,5,5.946455211205673,0.3930879666913112,False,32d2e2f547f707a9f12d899e65a934275c9f49020e10d214973126d05910ec9c,0.0551790299359709
direct_neighbor_ridge,0,0,0,0,0,0,False,1,"[""CMP""]",[],0,0,2,1,2,guanosine,1,1,100.0,700,176,17,1,5.964684184857142,0.4006223332620162,False,cf9883e99ee1b956d01c2cb42a4d284b982ce23065d3616a5e1cced359e41fb5,0.05646205693483353
direct_neighbor_ridge,0,0,0,0,0,0,False,1,"[""CMP""]",[],0,0,2,1,2,guanosine,1,2,0.1,697,179,16,2,5.952859866857963,0.40817502232841674,False,db1ab3680dcfc2deb10e2511ec28b70b27966d5a436d724be48267bcbf200acf,0.0743663189932704
direct_neighbor_ridge,0,0,0,0,0,0,False,1,"[""CMP""]",[],0,0,2,1,2,guanosine,1,3,0.1,700,176,13,5,6.008024284285714,0.39823813293836846,False,659dce4f66bf4ee0228513d024a4e287e9f1aa3957152332b1483ab0af67cb42,0.06999829690903425
direct_neighbor_ridge,0,0,0,0,0,0,False,1,"[""CMP""]",[],0,0,2,1,2,guanosine,1,4,0.1,702,174,13,5,5.9592625129629635,0.3946489909296684,False,9492e163b6ef19b0563b1ce8302b8e8794e2e4c9c8031c62ff9774a3f63f6f58,0.06542269699275494
direct_neighbor_ridge,0,0,0,0,0,0,False,3,"[""glutamate"", ""glycine"", ""taurine""]",[],0,0,6,3,4,histidine,0,0,100.0,697,179,16,2,5.873915259110474,0.3291920204680799,False,db1ab3680dcfc2deb10e2511ec28b70b27966d5a436d724be48267bcbf200acf,0.06646745698526502
direct_neighbor_ridge,0,0,0,0,0,0,False,3,"[""glutamate"", ""glycine"", ""taurine""]",[],0,0,6,3,4,histidine,0,1,100.0,705,171,13,5,5.74606351574468,0.3834823875863205,False,32d2e2f547f707a9f12d899e65a934275c9f49020e10d214973126d05910ec9c,0.05284545407630503
direct_neighbor_ridge,0,0,0,0,0,0,False,3,"[""glutamate"", ""glycine"", ""taurine""]",[],0,0,6,3,4,histidine,0,2,100.0,700,176,13,5,5.773813457,0.3766527889621979,False,659dce4f66bf4ee0228513d024a4e287e9f1aa3957152332b1483ab0af67cb42,0.053109389962628484
direct_neighbor_ridge,0,0,0,0,0,0,False,3,"[""glutamate"", ""glycine"", ""taurine""]",[],0,0,6,3,4,histidine,0,3,10.0,702,174,13,5,5.75916735968661,0.38002427826007085,False,9492e163b6ef19b0563b1ce8302b8e8794e2e4c9c8031c62ff9774a3f63f6f58,0.05124040716327727
direct_neighbor_ridge,0,0,0,0,0,0,False,3,"[""glutamate"", ""glycine"", ""taurine""]",[],0,0,6,3,4,histidine,0,4,100.0,700,176,17,1,5.783386876285714,0.3699975084983585,False,cf9883e99ee1b956d01c2cb42a4d284b982ce23065d3616a5e1cced359e41fb5,0.051833273842930794
direct_neighbor_ridge,0,0,0,0,0,0,False,3,"[""glutamate"", ""glycine"", ""taurine""]",[],0,0,6,3,4,histidine,1,0,100.0,705,171,13,5,5.74606351574468,0.3834823875863205,False,32d2e2f547f707a9f12d899e65a934275c9f49020e10d214973126d05910ec9c,0.05157854710705578
direct_neighbor_ridge,0,0,0,0,0,0,False,3,"[""glutamate"", ""glycine"", ""taurine""]",[],0,0,6,3,4,histidine,1,1,100.0,700,176,17,1,5.783386876285714,0.3699975084983585,False,cf9883e99ee1b956d01c2cb42a4d284b982ce23065d3616a5e1cced359e41fb5,0.05289770709350705
direct_neighbor_ridge,0,0,0,0,0,0,False,3,"[""glutamate"", ""glycine"", ""taurine""]",[],0,0,6,3,4,histidine,1,2,100.0,697,179,16,2,5.873915259110474,0.3291920204680799,False,db1ab3680dcfc2deb10e2511ec28b70b27966d5a436d724be48267bcbf200acf,0.052915920969098806
direct_neighbor_ridge,0,0,0,0,0,0,False,3,"[""glutamate"", ""glycine"", ""taurine""]",[],0,0,6,3,4,histidine,1,3,100.0,700,176,13,5,5.773813457,0.3766527889621979,False,659dce4f66bf4ee0228513d024a4e287e9f1aa3957152332b1483ab0af67cb42,0.05173557810485363
direct_neighbor_ridge,0,0,0,0,0,0,False,3,"[""glutamate"", ""glycine"", ""taurine""]",[],0,0,6,3,4,histidine,1,4,100.0,702,174,13,5,5.75916735968661,0.38002427826007085,False,9492e163b6ef19b0563b1ce8302b8e8794e2e4c9c8031c62ff9774a3f63f6f58,0.053788322024047375
direct_neighbor_ridge,0,0,0,0,0,0,False,5,"[""UMP"", ""alanine"", ""isocitrate"", ""phenylalanine"", ""xanthine""]",[],0,0,10,5,6,homocysteine,0,0,0.1,697,179,16,2,5.966777393113342,0.42813016520146235,False,db1ab3680dcfc2deb10e2511ec28b70b27966d5a436d724be48267bcbf200acf,0.08809106214903295
direct_neighbor_ridge,0,0,0,0,0,0,False,5,"[""UMP"", ""alanine"", ""isocitrate"", ""phenylalanine"", ""xanthine""]",[],0,0,10,5,6,homocysteine,0,1,100.0,705,171,13,5,5.930638070921986,0.4218160003765535,False,32d2e2f547f707a9f12d899e65a934275c9f49020e10d214973126d05910ec9c,0.07709304010495543
direct_neighbor_ridge,0,0,0,0,0,0,False,5,"[""UMP"", ""alanine"", ""isocitrate"", ""phenylalanine"", ""xanthine""]",[],0,0,10,5,6,homocysteine,0,2,100.0,700,176,13,5,5.9298201530000005,0.4180998034350187,False,659dce4f66bf4ee0228513d024a4e287e9f1aa3957152332b1483ab0af67cb42,0.056015993002802134
direct_neighbor_ridge,0,0,0,0,0,0,False,5,"[""UMP"", ""alanine"", ""isocitrate"", ""phenylalanine"", ""xanthine""]",[],0,0,10,5,6,homocysteine,0,3,100.0,702,174,13,5,5.9377934,0.4372468572375198,False,9492e163b6ef19b0563b1ce8302b8e8794e2e4c9c8031c62ff9774a3f63f6f58,0.06714931689202785
direct_neighbor_ridge,0,0,0,0,0,0,False,5,"[""UMP"", ""alanine"", ""isocitrate"", ""phenylalanine"", ""xanthine""]",[],0,0,10,5,6,homocysteine,0,4,100.0,700,176,17,1,5.941327949571429,0.4304566272401467,False,cf9883e99ee1b956d01c2cb42a4d284b982ce23065d3616a5e1cced359e41fb5,0.06915741693228483
direct_neighbor_ridge,0,0,0,0,0,0,False,5,"[""UMP"", ""alanine"", ""isocitrate"", ""phenylalanine"", ""xanthine""]",[],0,0,10,5,6,homocysteine,1,0,100.0,705,171,13,5,5.930638070921986,0.4218160003765535,False,32d2e2f547f707a9f12d899e65a934275c9f49020e10d214973126d05910ec9c,0.08257701899856329
direct_neighbor_ridge,0,0,0,0,0,0,False,5,"[""UMP"", ""alanine"", ""isocitrate"", ""phenylalanine"", ""xanthine""]",[],0,0,10,5,6,homocysteine,1,1,100.0,700,176,17,1,5.941327949571429,0.4304566272401467,False,cf9883e99ee1b956d01c2cb42a4d284b982ce23065d3616a5e1cced359e41fb5,0.06951912702061236
direct_neighbor_ridge,0,0,0,0,0,0,False,5,"[""UMP"", ""alanine"", ""isocitrate"", ""phenylalanine"", ""xanthine""]",[],0,0,10,5,6,homocysteine,1,2,0.1,697,179,16,2,5.966777393113342,0.42813016520146235,False,db1ab3680dcfc2deb10e2511ec28b70b27966d5a436d724be48267bcbf200acf,0.06259702704846859
direct_neighbor_ridge,0,0,0,0,0,0,False,5,"[""UMP"", ""alanine"", ""isocitrate"", ""phenylalanine"", ""xanthine""]",[],0,0,10,5,6,homocysteine,1,3,100.0,700,176,13,5,5.9298201530000005,0.4180998034350187,False,659dce4f66bf4ee0228513d024a4e287e9f1aa3957152332b1483ab0af67cb42,0.06453169486485422
direct_neighbor_ridge,0,0,0,0,0,0,False,5,"[""UMP"", ""alanine"", ""isocitrate"", ""phenylalanine"", ""xanthine""]",[],0,0,10,5,6,homocysteine,1,4,100.0,702,174,13,5,5.9377934,0.4372468572375198,False,9492e163b6ef19b0563b1ce8302b8e8794e2e4c9c8031c62ff9774a3f63f6f58,0.057263270020484924
direct_neighbor_ridge,0,0,0,0,0,0,False,3,"[""AMP"", ""adenosine"", ""glutamine""]",[],0,0,6,3,4,hypoxanthine,0,0,100.0,697,179,16,2,5.849323068723098,0.623036540019427,False,db1ab3680dcfc2deb10e2511ec28b70b27966d5a436d724be48267bcbf200acf,0.0591820920817554
direct_neighbor_ridge,0,0,0,0,0,0,False,3,"[""AMP"", ""adenosine"", ""glutamine""]",[],0,0,6,3,4,hypoxanthine,0,1,0.1,705,171,13,5,5.959764552482269,0.6436309456644432,False,32d2e2f547f707a9f12d899e65a934275c9f49020e10d214973126d05910ec9c,0.060187920928001404
direct_neighbor_ridge,0,0,0,0,0,0,False,3,"[""AMP"", ""adenosine"", ""glutamine""]",[],0,0,6,3,4,hypoxanthine,0,2,100.0,700,176,13,5,5.962295129857141,0.6325694182712881,False,659dce4f66bf4ee0228513d024a4e287e9f1aa3957152332b1483ab0af67cb42,0.06002840888686478
direct_neighbor_ridge,0,0,0,0,0,0,False,3,"[""AMP"", ""adenosine"", ""glutamine""]",[],0,0,6,3,4,hypoxanthine,0,3,100.0,702,174,13,5,5.94913957094017,0.6410585826307021,False,9492e163b6ef19b0563b1ce8302b8e8794e2e4c9c8031c62ff9774a3f63f6f58,0.053664255887269974
direct_neighbor_ridge,0,0,0,0,0,0,False,3,"[""AMP"", ""adenosine"", ""glutamine""]",[],0,0,6,3,4,hypoxanthine,0,4,100.0,700,176,17,1,5.912266724999999,0.6370004092718197,False,cf9883e99ee1b956d01c2cb42a4d284b982ce23065d3616a5e1cced359e41fb5,0.05436669592745602
direct_neighbor_ridge,0,0,0,0,0,0,False,3,"[""AMP"", ""adenosine"", ""glutamine""]",[],0,0,6,3,4,hypoxanthine,1,0,0.1,705,171,13,5,5.959764552482269,0.6436309456644432,False,32d2e2f547f707a9f12d899e65a934275c9f49020e10d214973126d05910ec9c,0.05360469501465559
direct_neighbor_ridge,0,0,0,0,0,0,False,3,"[""AMP"", ""adenosine"", ""glutamine""]",[],0,0,6,3,4,hypoxanthine,1,1,100.0,700,176,17,1,5.912266724999999,0.6370004092718197,False,cf9883e99ee1b956d01c2cb42a4d284b982ce23065d3616a5e1cced359e41fb5,0.059168835170567036
direct_neighbor_ridge,0,0,0,0,0,0,False,3,"[""AMP"", ""adenosine"", ""glutamine""]",[],0,0,6,3,4,hypoxanthine,1,2,100.0,697,179,16,2,5.849323068723098,0.623036540019427,False,db1ab3680dcfc2deb10e2511ec28b70b27966d5a436d724be48267bcbf200acf,0.06590191787108779
direct_neighbor_ridge,0,0,0,0,0,0,False,3,"[""AMP"", ""adenosine"", ""glutamine""]",[],0,0,6,3,4,hypoxanthine,1,3,100.0,700,176,13,5,5.962295129857141,0.6325694182712881,False,659dce4f66bf4ee0228513d024a4e287e9f1aa3957152332b1483ab0af67cb42,0.07090833387337625
direct_neighbor_ridge,0,0,0,0,0,0,False,3,"[""AMP"", ""adenosine"", ""glutamine""]",[],0,0,6,3,4,hypoxanthine,1,4,100.0,702,174,13,5,5.94913957094017,0.6410585826307021,False,9492e163b6ef19b0563b1ce8302b8e8794e2e4c9c8031c62ff9774a3f63f6f58,0.06862185685895383
direct_neighbor_ridge,0,0,0,0,0,0,False,2,"[""uracil"", ""xanthine""]",[],0,0,4,2,3,inosine,0,0,10.0,697,179,16,2,5.938844414203731,0.33789854266326597,False,db1ab3680dcfc2deb10e2511ec28b70b27966d5a436d724be48267bcbf200acf,0.06499860109761357
direct_neighbor_ridge,0,0,0,0,0,0,False,2,"[""uracil"", ""xanthine""]",[],0,0,4,2,3,inosine,0,1,100.0,705,171,13,5,5.956673833900711,0.3555685434234304,False,32d2e2f547f707a9f12d899e65a934275c9f49020e10d214973126d05910ec9c,0.0690651701297611
direct_neighbor_ridge,0,0,0,0,0,0,False,2,"[""uracil"", ""xanthine""]",[],0,0,4,2,3,inosine,0,2,100.0,700,176,13,5,5.990979952571428,0.3427823190075909,False,659dce4f66bf4ee0228513d024a4e287e9f1aa3957152332b1483ab0af67cb42,0.0650000509340316
direct_neighbor_ridge,0,0,0,0,0,0,False,2,"[""uracil"", ""xanthine""]",[],0,0,4,2,3,inosine,0,3,100.0,702,174,13,5,5.955585952849004,0.353629138206935,False,9492e163b6ef19b0563b1ce8302b8e8794e2e4c9c8031c62ff9774a3f63f6f58,0.06163049698807299
direct_neighbor_ridge,0,0,0,0,0,0,False,2,"[""uracil"", ""xanthine""]",[],0,0,4,2,3,inosine,0,4,100.0,700,176,17,1,5.959558305571428,0.3363091904878781,False,cf9883e99ee1b956d01c2cb42a4d284b982ce23065d3616a5e1cced359e41fb5,0.07606596103869379
direct_neighbor_ridge,0,0,0,0,0,0,False,2,"[""uracil"", ""xanthine""]",[],0,0,4,2,3,inosine,1,0,100.0,705,171,13,5,5.956673833900711,0.3555685434234304,False,32d2e2f547f707a9f12d899e65a934275c9f49020e10d214973126d05910ec9c,0.05394611996598542
direct_neighbor_ridge,0,0,0,0,0,0,False,2,"[""uracil"", ""xanthine""]",[],0,0,4,2,3,inosine,1,1,100.0,700,176,17,1,5.959558305571428,0.3363091904878781,False,cf9883e99ee1b956d01c2cb42a4d284b982ce23065d3616a5e1cced359e41fb5,0.060156099032610655
direct_neighbor_ridge,0,0,0,0,0,0,False,2,"[""uracil"", ""xanthine""]",[],0,0,4,2,3,inosine,1,2,100.0,697,179,16,2,5.938844414203731,0.33789854266326597,False,db1ab3680dcfc2deb10e2511ec28b70b27966d5a436d724be48267bcbf200acf,0.06050365301780403
direct_neighbor_ridge,0,0,0,0,0,0,False,2,"[""uracil"", ""xanthine""]",[],0,0,4,2,3,inosine,1,3,100.0,700,176,13,5,5.990979952571428,0.3427823190075909,False,659dce4f66bf4ee0228513d024a4e287e9f1aa3957152332b1483ab0af67cb42,0.05842334404587746
direct_neighbor_ridge,0,0,0,0,0,0,False,2,"[""uracil"", ""xanthine""]",[],0,0,4,2,3,inosine,1,4,10.0,702,174,13,5,5.955585952849004,0.353629138206935,False,9492e163b6ef19b0563b1ce8302b8e8794e2e4c9c8031c62ff9774a3f63f6f58,0.05793488095514476
direct_neighbor_ridge,0,0,0,0,0,0,False,2,"[""alanine"", ""tyrosine""]",[],0,0,4,2,3,inositol,0,0,0.1,697,179,16,2,5.888768051936872,0.3085624695175605,False,db1ab3680dcfc2deb10e2511ec28b70b27966d5a436d724be48267bcbf200acf,0.05603908794000745
direct_neighbor_ridge,0,0,0,0,0,0,False,2,"[""alanine"", ""tyrosine""]",[],0,0,4,2,3,inositol,0,1,0.1,705,171,13,5,5.914651623971631,0.30612678425281226,False,32d2e2f547f707a9f12d899e65a934275c9f49020e10d214973126d05910ec9c,0.0557978420984
direct_neighbor_ridge,0,0,0,0,0,0,False,2,"[""alanine"", ""tyrosine""]",[],0,0,4,2,3,inositol,0,2,0.1,700,176,13,5,5.883116619857143,0.31208583026363,False,659dce4f66bf4ee0228513d024a4e287e9f1aa3957152332b1483ab0af67cb42,0.054935290943831205
direct_neighbor_ridge,0,0,0,0,0,0,False,2,"[""alanine"", ""tyrosine""]",[],0,0,4,2,3,inositol,0,3,0.1,702,174,13,5,5.90932381937322,0.30743427904961906,False,9492e163b6ef19b0563b1ce8302b8e8794e2e4c9c8031c62ff9774a3f63f6f58,0.05571444798260927
direct_neighbor_ridge,0,0,0,0,0,0,False,2,"[""alanine"", ""tyrosine""]",[],0,0,4,2,3,inositol,0,4,10.0,700,176,17,1,5.901945362571428,0.3203548605400837,False,cf9883e99ee1b956d01c2cb42a4d284b982ce23065d3616a5e1cced359e41fb5,0.05291484808549285
direct_neighbor_ridge,0,0,0,0,0,0,False,2,"[""alanine"", ""tyrosine""]",[],0,0,4,2,3,inositol,1,0,0.1,705,171,13,5,5.914651623971631,0.30612678425281226,False,32d2e2f547f707a9f12d899e65a934275c9f49020e10d214973126d05910ec9c,0.0545154451392591
direct_neighbor_ridge,0,0,0,0,0,0,False,2,"[""alanine"", ""tyrosine""]",[],0,0,4,2,3,inositol,1,1,0.1,700,176,17,1,5.901945362571428,0.3203548605400837,False,cf9883e99ee1b956d01c2cb42a4d284b982ce23065d3616a5e1cced359e41fb5,0.05443466384895146
direct_neighbor_ridge,0,0,0,0,0,0,False,2,"[""alanine"", ""tyrosine""]",[],0,0,4,2,3,inositol,1,2,0.1,697,179,16,2,5.888768051936872,0.3085624695175605,False,db1ab3680dcfc2deb10e2511ec28b70b27966d5a436d724be48267bcbf200acf,0.055982999969273806
direct_neighbor_ridge,0,0,0,0,0,0,False,2,"[""alanine"", ""tyrosine""]",[],0,0,4,2,3,inositol,1,3,0.1,700,176,13,5,5.883116619857143,0.31208583026363,False,659dce4f66bf4ee0228513d024a4e287e9f1aa3957152332b1483ab0af67cb42,0.0671987240202725
direct_neighbor_ridge,0,0,0,0,0,0,False,2,"[""alanine"", ""tyrosine""]",[],0,0,4,2,3,inositol,1,4,0.1,702,174,13,5,5.90932381937322,0.30743427904961906,False,9492e163b6ef19b0563b1ce8302b8e8794e2e4c9c8031c62ff9774a3f63f6f58,0.05166853009723127
direct_neighbor_ridge,0,0,0,0,0,0,False,4,"[""AMP"", ""cytidine"", ""glucuronate"", ""glutamate""]",[],0,0,8,4,5,isocitrate,0,0,10.0,697,179,16,2,5.851803350502152,0.2874344660326567,False,db1ab3680dcfc2deb10e2511ec28b70b27966d5a436d724be48267bcbf200acf,0.06826072419062257
direct_neighbor_ridge,0,0,0,0,0,0,False,4,"[""AMP"", ""cytidine"", ""glucuronate"", ""glutamate""]",[],0,0,8,4,5,isocitrate,0,1,10.0,705,171,13,5,5.801671359148936,0.3220998150747993,False,32d2e2f547f707a9f12d899e65a934275c9f49020e10d214973126d05910ec9c,0.06657246593385935
direct_neighbor_ridge,0,0,0,0,0,0,False,4,"[""AMP"", ""cytidine"", ""glucuronate"", ""glutamate""]",[],0,0,8,4,5,isocitrate,0,2,100.0,700,176,13,5,5.819626022285714,0.3125991244461808,False,659dce4f66bf4ee0228513d024a4e287e9f1aa3957152332b1483ab0af67cb42,0.053849640069529414
direct_neighbor_ridge,0,0,0,0,0,0,False,4,"[""AMP"", ""cytidine"", ""glucuronate"", ""glutamate""]",[],0,0,8,4,5,isocitrate,0,3,100.0,702,174,13,5,5.813583703703704,0.31261532643959306,False,9492e163b6ef19b0563b1ce8302b8e8794e2e4c9c8031c62ff9774a3f63f6f58,0.05370813608169556
direct_neighbor_ridge,0,0,0,0,0,0,False,4,"[""AMP"", ""cytidine"", ""glucuronate"", ""glutamate""]",[],0,0,8,4,5,isocitrate,0,4,10.0,700,176,17,1,5.8259869698571425,0.3181488605265445,False,cf9883e99ee1b956d01c2cb42a4d284b982ce23065d3616a5e1cced359e41fb5,0.05370071087963879
direct_neighbor_ridge,0,0,0,0,0,0,False,4,"[""AMP"", ""cytidine"", ""glucuronate"", ""glutamate""]",[],0,0,8,4,5,isocitrate,1,0,10.0,705,171,13,5,5.801671359148936,0.3220998150747993,False,32d2e2f547f707a9f12d899e65a934275c9f49020e10d214973126d05910ec9c,0.05862742196768522
direct_neighbor_ridge,0,0,0,0,0,0,False,4,"[""AMP"", ""cytidine"", ""glucuronate"", ""glutamate""]",[],0,0,8,4,5,isocitrate,1,1,10.0,700,176,17,1,5.8259869698571425,0.3181488605265445,False,cf9883e99ee1b956d01c2cb42a4d284b982ce23065d3616a5e1cced359e41fb5,0.0571733140386641
direct_neighbor_ridge,0,0,0,0,0,0,False,4,"[""AMP"", ""cytidine"", ""glucuronate"", ""glutamate""]",[],0,0,8,4,5,isocitrate,1,2,10.0,697,179,16,2,5.851803350502152,0.2874344660326567,False,db1ab3680dcfc2deb10e2511ec28b70b27966d5a436d724be48267bcbf200acf,0.05248947907239199
direct_neighbor_ridge,0,0,0,0,0,0,False,4,"[""AMP"", ""cytidine"", ""glucuronate"", ""glutamate""]",[],0,0,8,4,5,isocitrate,1,3,100.0,700,176,13,5,5.819626022285714,0.3125991244461808,False,659dce4f66bf4ee0228513d024a4e287e9f1aa3957152332b1483ab0af67cb42,0.05334199802018702
direct_neighbor_ridge,0,0,0,0,0,0,False,4,"[""AMP"", ""cytidine"", ""glucuronate"", ""glutamate""]",[],0,0,8,4,5,isocitrate,1,4,100.0,702,174,13,5,5.813583703703704,0.31261532643959306,False,9492e163b6ef19b0563b1ce8302b8e8794e2e4c9c8031c62ff9774a3f63f6f58,0.0504062520340085
direct_neighbor_ridge,0,0,0,0,0,0,False,1,"[""AMP""]",[],0,0,2,1,2,isoleucine,0,0,100.0,697,179,16,2,5.817292354949784,0.35729730334085963,False,db1ab3680dcfc2deb10e2511ec28b70b27966d5a436d724be48267bcbf200acf,0.062245620880275965
direct_neighbor_ridge,0,0,0,0,0,0,False,1,"[""AMP""]",[],0,0,2,1,2,isoleucine,0,1,0.1,705,171,13,5,5.704429871063829,0.3843932156639209,False,32d2e2f547f707a9f12d899e65a934275c9f49020e10d214973126d05910ec9c,0.05025794799439609
direct_neighbor_ridge,0,0,0,0,0,0,False,1,"[""AMP""]",[],0,0,2,1,2,isoleucine,0,2,0.1,700,176,13,5,5.724266333285715,0.38201203949617024,False,659dce4f66bf4ee0228513d024a4e287e9f1aa3957152332b1483ab0af67cb42,0.06783009297214448
direct_neighbor_ridge,0,0,0,0,0,0,False,1,"[""AMP""]",[],0,0,2,1,2,isoleucine,0,3,0.1,702,174,13,5,5.717218183618233,0.3896156708274436,False,9492e163b6ef19b0563b1ce8302b8e8794e2e4c9c8031c62ff9774a3f63f6f58,0.049723886884748936
direct_neighbor_ridge,0,0,0,0,0,0,False,1,"[""AMP""]",[],0,0,2,1,2,isoleucine,0,4,0.1,700,176,17,1,5.740546115571429,0.36965045572416955,False,cf9883e99ee1b956d01c2cb42a4d284b982ce23065d3616a5e1cced359e41fb5,0.051015492994338274
direct_neighbor_ridge,0,0,0,0,0,0,False,1,"[""AMP""]",[],0,0,2,1,2,isoleucine,1,0,0.1,705,171,13,5,5.704429871063829,0.3843932156639209,False,32d2e2f547f707a9f12d899e65a934275c9f49020e10d214973126d05910ec9c,0.04963531997054815
direct_neighbor_ridge,0,0,0,0,0,0,False,1,"[""AMP""]",[],0,0,2,1,2,isoleucine,1,1,0.1,700,176,17,1,5.740546115571429,0.36965045572416955,False,cf9883e99ee1b956d01c2cb42a4d284b982ce23065d3616a5e1cced359e41fb5,0.04845061618834734
direct_neighbor_ridge,0,0,0,0,0,0,False,1,"[""AMP""]",[],0,0,2,1,2,isoleucine,1,2,100.0,697,179,16,2,5.817292354949784,0.35729730334085963,False,db1ab3680dcfc2deb10e2511ec28b70b27966d5a436d724be48267bcbf200acf,0.06357314484193921
direct_neighbor_ridge,0,0,0,0,0,0,False,1,"[""AMP""]",[],0,0,2,1,2,isoleucine,1,3,0.1,700,176,13,5,5.724266333285715,0.38201203949617024,False,659dce4f66bf4ee0228513d024a4e287e9f1aa3957152332b1483ab0af67cb42,0.0560802249237895
direct_neighbor_ridge,0,0,0,0,0,0,False,1,"[""AMP""]",[],0,0,2,1,2,isoleucine,1,4,0.1,702,174,13,5,5.717218183618233,0.3896156708274436,False,9492e163b6ef19b0563b1ce8302b8e8794e2e4c9c8031c62ff9774a3f63f6f58,0.05014137178659439
direct_neighbor_ridge,0,0,0,0,0,0,False,3,"[""AMP"", ""CMP"", ""NAD""]",[],0,0,6,3,4,kynurenine,0,0,100.0,697,179,16,2,5.934133664705882,0.43781396467582306,False,db1ab3680dcfc2deb10e2511ec28b70b27966d5a436d724be48267bcbf200acf,0.06331035098992288
direct_neighbor_ridge,0,0,0,0,0,0,False,3,"[""AMP"", ""CMP"", ""NAD""]",[],0,0,6,3,4,kynurenine,0,1,100.0,705,171,13,5,5.926552404964539,0.42337591229378796,False,32d2e2f547f707a9f12d899e65a934275c9f49020e10d214973126d05910ec9c,0.05420319200493395
direct_neighbor_ridge,0,0,0,0,0,0,False,3,"[""AMP"", ""CMP"", ""NAD""]",[],0,0,6,3,4,kynurenine,0,2,100.0,700,176,13,5,5.9390966704285715,0.43616254118090847,False,659dce4f66bf4ee0228513d024a4e287e9f1aa3957152332b1483ab0af67cb42,0.05634095403365791
direct_neighbor_ridge,0,0,0,0,0,0,False,3,"[""AMP"", ""CMP"", ""NAD""]",[],0,0,6,3,4,kynurenine,0,3,100.0,702,174,13,5,5.952286661396012,0.4239211231682899,False,9492e163b6ef19b0563b1ce8302b8e8794e2e4c9c8031c62ff9774a3f63f6f58,0.04947780095972121
direct_neighbor_ridge,0,0,0,0,0,0,False,3,"[""AMP"", ""CMP"", ""NAD""]",[],0,0,6,3,4,kynurenine,0,4,10.0,700,176,17,1,5.939905379142859,0.44267273159479614,False,cf9883e99ee1b956d01c2cb42a4d284b982ce23065d3616a5e1cced359e41fb5,0.056214119074866176
direct_neighbor_ridge,0,0,0,0,0,0,False,3,"[""AMP"", ""CMP"", ""NAD""]",[],0,0,6,3,4,kynurenine,1,0,100.0,705,171,13,5,5.926552404964539,0.42337591229378796,False,32d2e2f547f707a9f12d899e65a934275c9f49020e10d214973126d05910ec9c,0.046690745977684855
direct_neighbor_ridge,0,0,0,0,0,0,False,3,"[""AMP"", ""CMP"", ""NAD""]",[],0,0,6,3,4,kynurenine,1,1,100.0,700,176,17,1,5.939905379142859,0.44267273159479614,False,cf9883e99ee1b956d01c2cb42a4d284b982ce23065d3616a5e1cced359e41fb5,0.05018468992784619
direct_neighbor_ridge,0,0,0,0,0,0,False,3,"[""AMP"", ""CMP"", ""NAD""]",[],0,0,6,3,4,kynurenine,1,2,100.0,697,179,16,2,5.934133664705882,0.43781396467582306,False,db1ab3680dcfc2deb10e2511ec28b70b27966d5a436d724be48267bcbf200acf,0.048692630836740136
direct_neighbor_ridge,0,0,0,0,0,0,False,3,"[""AMP"", ""CMP"", ""NAD""]",[],0,0,6,3,4,kynurenine,1,3,100.0,700,176,13,5,5.9390966704285715,0.43616254118090847,False,659dce4f66bf4ee0228513d024a4e287e9f1aa3957152332b1483ab0af67cb42,0.06326842401176691
direct_neighbor_ridge,0,0,0,0,0,0,False,3,"[""AMP"", ""CMP"", ""NAD""]",[],0,0,6,3,4,kynurenine,1,4,100.0,702,174,13,5,5.952286661396012,0.4239211231682899,False,9492e163b6ef19b0563b1ce8302b8e8794e2e4c9c8031c62ff9774a3f63f6f58,0.04631745908409357
direct_neighbor_ridge,0,0,0,0,0,0,False,3,"[""AMP"", ""beta-alanine"", ""isocitrate""]",[],0,0,6,3,4,leucine,0,0,100.0,697,179,16,2,5.831542355954089,0.2951264468207581,False,db1ab3680dcfc2deb10e2511ec28b70b27966d5a436d724be48267bcbf200acf,0.052147535141557455
direct_neighbor_ridge,0,0,0,0,0,0,False,3,"[""AMP"", ""beta-alanine"", ""isocitrate""]",[],0,0,6,3,4,leucine,0,1,10.0,705,171,13,5,5.71278935716312,0.3461939858441402,False,32d2e2f547f707a9f12d899e65a934275c9f49020e10d214973126d05910ec9c,0.058845255989581347
direct_neighbor_ridge,0,0,0,0,0,0,False,3,"[""AMP"", ""beta-alanine"", ""isocitrate""]",[],0,0,6,3,4,leucine,0,2,10.0,700,176,13,5,5.738065795428572,0.3490973408490637,False,659dce4f66bf4ee0228513d024a4e287e9f1aa3957152332b1483ab0af67cb42,0.061735261930152774
direct_neighbor_ridge,0,0,0,0,0,0,False,3,"[""AMP"", ""beta-alanine"", ""isocitrate""]",[],0,0,6,3,4,leucine,0,3,1.0,702,174,13,5,5.729321187321937,0.341575517760423,False,9492e163b6ef19b0563b1ce8302b8e8794e2e4c9c8031c62ff9774a3f63f6f58,0.06033547385595739
direct_neighbor_ridge,0,0,0,0,0,0,False,3,"[""AMP"", ""beta-alanine"", ""isocitrate""]",[],0,0,6,3,4,leucine,0,4,0.1,700,176,17,1,5.747189129714286,0.3342929822214523,False,cf9883e99ee1b956d01c2cb42a4d284b982ce23065d3616a5e1cced359e41fb5,0.05166487116366625
direct_neighbor_ridge,0,0,0,0,0,0,False,3,"[""AMP"", ""beta-alanine"", ""isocitrate""]",[],0,0,6,3,4,leucine,1,0,10.0,705,171,13,5,5.71278935716312,0.3461939858441402,False,32d2e2f547f707a9f12d899e65a934275c9f49020e10d214973126d05910ec9c,0.053786351112648845
direct_neighbor_ridge,0,0,0,0,0,0,False,3,"[""AMP"", ""beta-alanine"", ""isocitrate""]",[],0,0,6,3,4,leucine,1,1,0.1,700,176,17,1,5.747189129714286,0.3342929822214523,False,cf9883e99ee1b956d01c2cb42a4d284b982ce23065d3616a5e1cced359e41fb5,0.05374005390331149
direct_neighbor_ridge,0,0,0,0,0,0,False,3,"[""AMP"", ""beta-alanine"", ""isocitrate""]",[],0,0,6,3,4,leucine,1,2,100.0,697,179,16,2,5.831542355954089,0.2951264468207581,False,db1ab3680dcfc2deb10e2511ec28b70b27966d5a436d724be48267bcbf200acf,0.05435540690086782
direct_neighbor_ridge,0,0,0,0,0,0,False,3,"[""AMP"", ""beta-alanine"", ""isocitrate""]",[],0,0,6,3,4,leucine,1,3,10.0,700,176,13,5,5.738065795428572,0.3490973408490637,False,659dce4f66bf4ee0228513d024a4e287e9f1aa3957152332b1483ab0af67cb42,0.05235603917390108
direct_neighbor_ridge,0,0,0,0,0,0,False,3,"[""AMP"", ""beta-alanine"", ""isocitrate""]",[],0,0,6,3,4,leucine,1,4,10.0,702,174,13,5,5.729321187321937,0.341575517760423,False,9492e163b6ef19b0563b1ce8302b8e8794e2e4c9c8031c62ff9774a3f63f6f58,0.053890747018158436
direct_neighbor_ridge,0,0,0,0,0,0,False,1,"[""AMP""]",[],0,0,2,1,2,lysine,0,0,0.1,697,179,16,2,5.934322607747489,0.4071035682376424,False,db1ab3680dcfc2deb10e2511ec28b70b27966d5a436d724be48267bcbf200acf,0.04971156385727227
direct_neighbor_ridge,0,0,0,0,0,0,False,1,"[""AMP""]",[],0,0,2,1,2,lysine,0,1,0.1,705,171,13,5,5.763875533617021,0.4753635421432698,False,32d2e2f547f707a9f12d899e65a934275c9f49020e10d214973126d05910ec9c,0.0481633769813925
direct_neighbor_ridge,0,0,0,0,0,0,False,1,"[""AMP""]",[],0,0,2,1,2,lysine,0,2,0.1,700,176,13,5,5.818256463428571,0.4878590191417011,False,659dce4f66bf4ee0228513d024a4e287e9f1aa3957152332b1483ab0af67cb42,0.04872387205250561
direct_neighbor_ridge,0,0,0,0,0,0,False,1,"[""AMP""]",[],0,0,2,1,2,lysine,0,3,0.1,702,174,13,5,5.772962760683761,0.4814261181271888,False,9492e163b6ef19b0563b1ce8302b8e8794e2e4c9c8031c62ff9774a3f63f6f58,0.049275297904387116
direct_neighbor_ridge,0,0,0,0,0,0,False,1,"[""AMP""]",[],0,0,2,1,2,lysine,0,4,0.1,700,176,17,1,5.809447613714285,0.47990437809288217,False,cf9883e99ee1b956d01c2cb42a4d284b982ce23065d3616a5e1cced359e41fb5,0.05162139981985092
direct_neighbor_ridge,0,0,0,0,0,0,False,1,"[""AMP""]",[],0,0,2,1,2,lysine,1,0,0.1,705,171,13,5,5.763875533617021,0.4753635421432698,False,32d2e2f547f707a9f12d899e65a934275c9f49020e10d214973126d05910ec9c,0.048436890821903944
direct_neighbor_ridge,0,0,0,0,0,0,False,1,"[""AMP""]",[],0,0,2,1,2,lysine,1,1,0.1,700,176,17,1,5.809447613714285,0.47990437809288217,False,cf9883e99ee1b956d01c2cb42a4d284b982ce23065d3616a5e1cced359e41fb5,0.04971089516766369
direct_neighbor_ridge,0,0,0,0,0,0,False,1,"[""AMP""]",[],0,0,2,1,2,lysine,1,2,10.0,697,179,16,2,5.934322607747489,0.4071035682376424,False,db1ab3680dcfc2deb10e2511ec28b70b27966d5a436d724be48267bcbf200acf,0.05032709310762584
direct_neighbor_ridge,0,0,0,0,0,0,False,1,"[""AMP""]",[],0,0,2,1,2,lysine,1,3,0.1,700,176,13,5,5.818256463428571,0.4878590191417011,False,659dce4f66bf4ee0228513d024a4e287e9f1aa3957152332b1483ab0af67cb42,0.05421589408069849
direct_neighbor_ridge,0,0,0,0,0,0,False,1,"[""AMP""]",[],0,0,2,1,2,lysine,1,4,0.1,702,174,13,5,5.772962760683761,0.4814261181271888,False,9492e163b6ef19b0563b1ce8302b8e8794e2e4c9c8031c62ff9774a3f63f6f58,0.07088816398754716
direct_neighbor_ridge,0,0,0,0,0,0,False,2,"[""AMP"", ""glutamate""]",[],0,0,4,2,3,malate,0,0,10.0,697,179,16,2,5.84539932697274,0.2374032760953075,False,db1ab3680dcfc2deb10e2511ec28b70b27966d5a436d724be48267bcbf200acf,0.06374941789545119
direct_neighbor_ridge,0,0,0,0,0,0,False,2,"[""AMP"", ""glutamate""]",[],0,0,4,2,3,malate,0,1,100.0,705,171,13,5,5.832756050070921,0.27493887360433295,False,32d2e2f547f707a9f12d899e65a934275c9f49020e10d214973126d05910ec9c,0.085061214864254
direct_neighbor_ridge,0,0,0,0,0,0,False,2,"[""AMP"", ""glutamate""]",[],0,0,4,2,3,malate,0,2,100.0,700,176,13,5,5.831384746571429,0.2691691871484761,False,659dce4f66bf4ee0228513d024a4e287e9f1aa3957152332b1483ab0af67cb42,0.06781994015909731
direct_neighbor_ridge,0,0,0,0,0,0,False,2,"[""AMP"", ""glutamate""]",[],0,0,4,2,3,malate,0,3,100.0,702,174,13,5,5.846637076923078,0.260711235793023,False,9492e163b6ef19b0563b1ce8302b8e8794e2e4c9c8031c62ff9774a3f63f6f58,0.06255078199319541
direct_neighbor_ridge,0,0,0,0,0,0,False,2,"[""AMP"", ""glutamate""]",[],0,0,4,2,3,malate,0,4,100.0,700,176,17,1,5.840662609714286,0.2716781962373946,False,cf9883e99ee1b956d01c2cb42a4d284b982ce23065d3616a5e1cced359e41fb5,0.05757075105793774
direct_neighbor_ridge,0,0,0,0,0,0,False,2,"[""AMP"", ""glutamate""]",[],0,0,4,2,3,malate,1,0,100.0,705,171,13,5,5.832756050070921,0.27493887360433295,False,32d2e2f547f707a9f12d899e65a934275c9f49020e10d214973126d05910ec9c,0.059474184177815914
direct_neighbor_ridge,0,0,0,0,0,0,False,2,"[""AMP"", ""glutamate""]",[],0,0,4,2,3,malate,1,1,100.0,700,176,17,1,5.840662609714286,0.2716781962373946,False,cf9883e99ee1b956d01c2cb42a4d284b982ce23065d3616a5e1cced359e41fb5,0.0789832470472902
direct_neighbor_ridge,0,0,0,0,0,0,False,2,"[""AMP"", ""glutamate""]",[],0,0,4,2,3,malate,1,2,10.0,697,179,16,2,5.84539932697274,0.2374032760953075,False,db1ab3680dcfc2deb10e2511ec28b70b27966d5a436d724be48267bcbf200acf,0.0637265199329704
direct_neighbor_ridge,0,0,0,0,0,0,False,2,"[""AMP"", ""glutamate""]",[],0,0,4,2,3,malate,1,3,100.0,700,176,13,5,5.831384746571429,0.2691691871484761,False,659dce4f66bf4ee0228513d024a4e287e9f1aa3957152332b1483ab0af67cb42,0.050769189139828086
direct_neighbor_ridge,0,0,0,0,0,0,False,2,"[""AMP"", ""glutamate""]",[],0,0,4,2,3,malate,1,4,100.0,702,174,13,5,5.846637076923078,0.260711235793023,False,9492e163b6ef19b0563b1ce8302b8e8794e2e4c9c8031c62ff9774a3f63f6f58,0.05347079108469188
direct_neighbor_ridge,0,0,0,0,0,0,False,4,"[""AMP"", ""GMP"", ""aspartate"", ""ornithine""]",[],0,0,8,4,5,methionine,0,0,100.0,697,179,16,2,5.844706393113342,0.3516238559885935,False,db1ab3680dcfc2deb10e2511ec28b70b27966d5a436d724be48267bcbf200acf,0.05550671089440584
direct_neighbor_ridge,0,0,0,0,0,0,False,4,"[""AMP"", ""GMP"", ""aspartate"", ""ornithine""]",[],0,0,8,4,5,methionine,0,1,100.0,705,171,13,5,5.710732257446809,0.4029734963810446,False,32d2e2f547f707a9f12d899e65a934275c9f49020e10d214973126d05910ec9c,0.05914674303494394
direct_neighbor_ridge,0,0,0,0,0,0,False,4,"[""AMP"", ""GMP"", ""aspartate"", ""ornithine""]",[],0,0,8,4,5,methionine,0,2,10.0,700,176,13,5,5.740705925428571,0.3974252920124316,False,659dce4f66bf4ee0228513d024a4e287e9f1aa3957152332b1483ab0af67cb42,0.05581350205466151
direct_neighbor_ridge,0,0,0,0,0,0,False,4,"[""AMP"", ""GMP"", ""aspartate"", ""ornithine""]",[],0,0,8,4,5,methionine,0,3,10.0,702,174,13,5,5.726730337464388,0.3991828927493059,False,9492e163b6ef19b0563b1ce8302b8e8794e2e4c9c8031c62ff9774a3f63f6f58,0.05694940802641213
direct_neighbor_ridge,0,0,0,0,0,0,False,4,"[""AMP"", ""GMP"", ""aspartate"", ""ornithine""]",[],0,0,8,4,5,methionine,0,4,1.0,700,176,17,1,5.751831437428572,0.3837665333034442,False,cf9883e99ee1b956d01c2cb42a4d284b982ce23065d3616a5e1cced359e41fb5,0.060555171919986606
direct_neighbor_ridge,0,0,0,0,0,0,False,4,"[""AMP"", ""GMP"", ""aspartate"", ""ornithine""]",[],0,0,8,4,5,methionine,1,0,100.0,705,171,13,5,5.710732257446809,0.4029734963810446,False,32d2e2f547f707a9f12d899e65a934275c9f49020e10d214973126d05910ec9c,0.058681551832705736
direct_neighbor_ridge,0,0,0,0,0,0,False,4,"[""AMP"", ""GMP"", ""aspartate"", ""ornithine""]",[],0,0,8,4,5,methionine,1,1,1.0,700,176,17,1,5.751831437428572,0.3837665333034442,False,cf9883e99ee1b956d01c2cb42a4d284b982ce23065d3616a5e1cced359e41fb5,0.05856235115788877
direct_neighbor_ridge,0,0,0,0,0,0,False,4,"[""AMP"", ""GMP"", ""aspartate"", ""ornithine""]",[],0,0,8,4,5,methionine,1,2,100.0,697,179,16,2,5.844706393113342,0.3516238559885935,False,db1ab3680dcfc2deb10e2511ec28b70b27966d5a436d724be48267bcbf200acf,0.05689842998981476
direct_neighbor_ridge,0,0,0,0,0,0,False,4,"[""AMP"", ""GMP"", ""aspartate"", ""ornithine""]",[],0,0,8,4,5,methionine,1,3,10.0,700,176,13,5,5.740705925428571,0.3974252920124316,False,659dce4f66bf4ee0228513d024a4e287e9f1aa3957152332b1483ab0af67cb42,0.05258124112151563
direct_neighbor_ridge,0,0,0,0,0,0,False,4,"[""AMP"", ""GMP"", ""aspartate"", ""ornithine""]",[],0,0,8,4,5,methionine,1,4,100.0,702,174,13,5,5.726730337464388,0.3991828927493059,False,9492e163b6ef19b0563b1ce8302b8e8794e2e4c9c8031c62ff9774a3f63f6f58,0.05171287013217807
direct_neighbor_ridge,0,0,0,0,0,0,False,5,"[""CMP"", ""NAD"", ""beta-alanine"", ""methionine"", ""oxalate""]",[],0,0,10,5,6,ornithine,0,0,100.0,697,179,16,2,5.901764725107604,0.37091255999449113,False,db1ab3680dcfc2deb10e2511ec28b70b27966d5a436d724be48267bcbf200acf,0.05940452008508146
direct_neighbor_ridge,0,0,0,0,0,0,False,5,"[""CMP"", ""NAD"", ""beta-alanine"", ""methionine"", ""oxalate""]",[],0,0,10,5,6,ornithine,0,1,100.0,705,171,13,5,5.868419232765957,0.39189021898334747,False,32d2e2f547f707a9f12d899e65a934275c9f49020e10d214973126d05910ec9c,0.058301951037719846
direct_neighbor_ridge,0,0,0,0,0,0,False,5,"[""CMP"", ""NAD"", ""beta-alanine"", ""methionine"", ""oxalate""]",[],0,0,10,5,6,ornithine,0,2,100.0,700,176,13,5,5.857476163,0.37685730093351216,False,659dce4f66bf4ee0228513d024a4e287e9f1aa3957152332b1483ab0af67cb42,0.058387893019244075
direct_neighbor_ridge,0,0,0,0,0,0,False,5,"[""CMP"", ""NAD"", ""beta-alanine"", ""methionine"", ""oxalate""]",[],0,0,10,5,6,ornithine,0,3,100.0,702,174,13,5,5.870326695584046,0.38229349463561557,False,9492e163b6ef19b0563b1ce8302b8e8794e2e4c9c8031c62ff9774a3f63f6f58,0.060052017914131284
direct_neighbor_ridge,0,0,0,0,0,0,False,5,"[""CMP"", ""NAD"", ""beta-alanine"", ""methionine"", ""oxalate""]",[],0,0,10,5,6,ornithine,0,4,100.0,700,176,17,1,5.861688638714287,0.3763700504060924,False,cf9883e99ee1b956d01c2cb42a4d284b982ce23065d3616a5e1cced359e41fb5,0.05722948396578431
direct_neighbor_ridge,0,0,0,0,0,0,False,5,"[""CMP"", ""NAD"", ""beta-alanine"", ""methionine"", ""oxalate""]",[],0,0,10,5,6,ornithine,1,0,100.0,705,171,13,5,5.868419232765957,0.39189021898334747,False,32d2e2f547f707a9f12d899e65a934275c9f49020e10d214973126d05910ec9c,0.06366280699148774
direct_neighbor_ridge,0,0,0,0,0,0,False,5,"[""CMP"", ""NAD"", ""beta-alanine"", ""methionine"", ""oxalate""]",[],0,0,10,5,6,ornithine,1,1,100.0,700,176,17,1,5.861688638714287,0.3763700504060924,False,cf9883e99ee1b956d01c2cb42a4d284b982ce23065d3616a5e1cced359e41fb5,0.08043769793584943
direct_neighbor_ridge,0,0,0,0,0,0,False,5,"[""CMP"", ""NAD"", ""beta-alanine"", ""methionine"", ""oxalate""]",[],0,0,10,5,6,ornithine,1,2,100.0,697,179,16,2,5.901764725107604,0.37091255999449113,False,db1ab3680dcfc2deb10e2511ec28b70b27966d5a436d724be48267bcbf200acf,0.08366286288946867
direct_neighbor_ridge,0,0,0,0,0,0,False,5,"[""CMP"", ""NAD"", ""beta-alanine"", ""methionine"", ""oxalate""]",[],0,0,10,5,6,ornithine,1,3,100.0,700,176,13,5,5.857476163,0.37685730093351216,False,659dce4f66bf4ee0228513d024a4e287e9f1aa3957152332b1483ab0af67cb42,0.05622605117969215
direct_neighbor_ridge,0,0,0,0,0,0,False,5,"[""CMP"", ""NAD"", ""beta-alanine"", ""methionine"", ""oxalate""]",[],0,0,10,5,6,ornithine,1,4,100.0,702,174,13,5,5.870326695584046,0.38229349463561557,False,9492e163b6ef19b0563b1ce8302b8e8794e2e4c9c8031c62ff9774a3f63f6f58,0.05614566104486585
direct_neighbor_ridge,0,0,0,0,0,0,False,1,"[""AMP""]",[],0,0,2,1,2,oxalate,0,0,100.0,697,179,16,2,5.8571481606886655,0.19123230688172624,False,db1ab3680dcfc2deb10e2511ec28b70b27966d5a436d724be48267bcbf200acf,0.04952253703959286
direct_neighbor_ridge,0,0,0,0,0,0,False,1,"[""AMP""]",[],0,0,2,1,2,oxalate,0,1,0.1,705,171,13,5,5.943317970496454,0.24685378640027086,False,32d2e2f547f707a9f12d899e65a934275c9f49020e10d214973126d05910ec9c,0.053656532894819975
direct_neighbor_ridge,0,0,0,0,0,0,False,1,"[""AMP""]",[],0,0,2,1,2,oxalate,0,2,0.1,700,176,13,5,5.94393518457143,0.24464424725957237,False,659dce4f66bf4ee0228513d024a4e287e9f1aa3957152332b1483ab0af67cb42,0.05653373897075653
direct_neighbor_ridge,0,0,0,0,0,0,False,1,"[""AMP""]",[],0,0,2,1,2,oxalate,0,3,0.1,702,174,13,5,5.932151932336182,0.24734399059798892,False,9492e163b6ef19b0563b1ce8302b8e8794e2e4c9c8031c62ff9774a3f63f6f58,0.05447130696848035
direct_neighbor_ridge,0,0,0,0,0,0,False,1,"[""AMP""]",[],0,0,2,1,2,oxalate,0,4,0.1,700,176,17,1,5.923174090142856,0.23355041846191812,False,cf9883e99ee1b956d01c2cb42a4d284b982ce23065d3616a5e1cced359e41fb5,0.05590966995805502
direct_neighbor_ridge,0,0,0,0,0,0,False,1,"[""AMP""]",[],0,0,2,1,2,oxalate,1,0,0.1,705,171,13,5,5.943317970496454,0.24685378640027086,False,32d2e2f547f707a9f12d899e65a934275c9f49020e10d214973126d05910ec9c,0.04784232401289046
direct_neighbor_ridge,0,0,0,0,0,0,False,1,"[""AMP""]",[],0,0,2,1,2,oxalate,1,1,0.1,700,176,17,1,5.923174090142856,0.23355041846191812,False,cf9883e99ee1b956d01c2cb42a4d284b982ce23065d3616a5e1cced359e41fb5,0.04737198702059686
direct_neighbor_ridge,0,0,0,0,0,0,False,1,"[""AMP""]",[],0,0,2,1,2,oxalate,1,2,100.0,697,179,16,2,5.8571481606886655,0.19123230688172624,False,db1ab3680dcfc2deb10e2511ec28b70b27966d5a436d724be48267bcbf200acf,0.04898046585731208
direct_neighbor_ridge,0,0,0,0,0,0,False,1,"[""AMP""]",[],0,0,2,1,2,oxalate,1,3,0.1,700,176,13,5,5.94393518457143,0.24464424725957237,False,659dce4f66bf4ee0228513d024a4e287e9f1aa3957152332b1483ab0af67cb42,0.04866540199145675
direct_neighbor_ridge,0,0,0,0,0,0,False,1,"[""AMP""]",[],0,0,2,1,2,oxalate,1,4,0.1,702,174,13,5,5.932151932336182,0.24734399059798892,False,9492e163b6ef19b0563b1ce8302b8e8794e2e4c9c8031c62ff9774a3f63f6f58,0.051804260117933154
direct_neighbor_ridge,0,0,0,0,0,0,False,4,"[""NAD"", ""NADP"", ""cytidine"", ""kynurenine""]",[],0,0,8,4,5,phenylalanine,0,0,100.0,697,179,16,2,5.936915044619799,0.38787707730618587,False,db1ab3680dcfc2deb10e2511ec28b70b27966d5a436d724be48267bcbf200acf,0.057295460952445865
direct_neighbor_ridge,0,0,0,0,0,0,False,4,"[""NAD"", ""NADP"", ""cytidine"", ""kynurenine""]",[],0,0,8,4,5,phenylalanine,0,1,100.0,705,171,13,5,5.785095450496454,0.4305034051315013,False,32d2e2f547f707a9f12d899e65a934275c9f49020e10d214973126d05910ec9c,0.05731295212171972
direct_neighbor_ridge,0,0,0,0,0,0,False,4,"[""NAD"", ""NADP"", ""cytidine"", ""kynurenine""]",[],0,0,8,4,5,phenylalanine,0,2,100.0,700,176,13,5,5.836019977714286,0.43676103299292846,False,659dce4f66bf4ee0228513d024a4e287e9f1aa3957152332b1483ab0af67cb42,0.05635510105639696
direct_neighbor_ridge,0,0,0,0,0,0,False,4,"[""NAD"", ""NADP"", ""cytidine"", ""kynurenine""]",[],0,0,8,4,5,phenylalanine,0,3,0.1,702,174,13,5,5.804011151994302,0.4357928814395778,False,9492e163b6ef19b0563b1ce8302b8e8794e2e4c9c8031c62ff9774a3f63f6f58,0.058283654041588306
direct_neighbor_ridge,0,0,0,0,0,0,False,4,"[""NAD"", ""NADP"", ""cytidine"", ""kynurenine""]",[],0,0,8,4,5,phenylalanine,0,4,100.0,700,176,17,1,5.839300081428571,0.43520662066993177,False,cf9883e99ee1b956d01c2cb42a4d284b982ce23065d3616a5e1cced359e41fb5,0.06170172709971666
direct_neighbor_ridge,0,0,0,0,0,0,False,4,"[""NAD"", ""NADP"", ""cytidine"", ""kynurenine""]",[],0,0,8,4,5,phenylalanine,1,0,100.0,705,171,13,5,5.785095450496454,0.4305034051315013,False,32d2e2f547f707a9f12d899e65a934275c9f49020e10d214973126d05910ec9c,0.05840456089936197
direct_neighbor_ridge,0,0,0,0,0,0,False,4,"[""NAD"", ""NADP"", ""cytidine"", ""kynurenine""]",[],0,0,8,4,5,phenylalanine,1,1,100.0,700,176,17,1,5.839300081428571,0.43520662066993177,False,cf9883e99ee1b956d01c2cb42a4d284b982ce23065d3616a5e1cced359e41fb5,0.06286005885340273
direct_neighbor_ridge,0,0,0,0,0,0,False,4,"[""NAD"", ""NADP"", ""cytidine"", ""kynurenine""]",[],0,0,8,4,5,phenylalanine,1,2,100.0,697,179,16,2,5.936915044619799,0.38787707730618587,False,db1ab3680dcfc2deb10e2511ec28b70b27966d5a436d724be48267bcbf200acf,0.06057493481785059
direct_neighbor_ridge,0,0,0,0,0,0,False,4,"[""NAD"", ""NADP"", ""cytidine"", ""kynurenine""]",[],0,0,8,4,5,phenylalanine,1,3,100.0,700,176,13,5,5.836019977714286,0.43676103299292846,False,659dce4f66bf4ee0228513d024a4e287e9f1aa3957152332b1483ab0af67cb42,0.0878695051651448
direct_neighbor_ridge,0,0,0,0,0,0,False,4,"[""NAD"", ""NADP"", ""cytidine"", ""kynurenine""]",[],0,0,8,4,5,phenylalanine,1,4,10.0,702,174,13,5,5.804011151994302,0.4357928814395778,False,9492e163b6ef19b0563b1ce8302b8e8794e2e4c9c8031c62ff9774a3f63f6f58,0.12504348601214588
direct_neighbor_ridge,0,0,0,0,0,0,False,3,"[""AMP"", ""beta-alanine"", ""glutamate""]",[],0,0,6,3,4,proline,0,0,0.1,697,179,16,2,5.845378479196557,0.2597836119794736,False,db1ab3680dcfc2deb10e2511ec28b70b27966d5a436d724be48267bcbf200acf,0.043499937979504466
direct_neighbor_ridge,0,0,0,0,0,0,False,3,"[""AMP"", ""beta-alanine"", ""glutamate""]",[],0,0,6,3,4,proline,0,1,10.0,705,171,13,5,5.842336137872341,0.2589631265461561,False,32d2e2f547f707a9f12d899e65a934275c9f49020e10d214973126d05910ec9c,0.04679626505821943
direct_neighbor_ridge,0,0,0,0,0,0,False,3,"[""AMP"", ""beta-alanine"", ""glutamate""]",[],0,0,6,3,4,proline,0,2,0.1,700,176,13,5,5.830172965428571,0.2636424283030725,False,659dce4f66bf4ee0228513d024a4e287e9f1aa3957152332b1483ab0af67cb42,0.04789984878152609
direct_neighbor_ridge,0,0,0,0,0,0,False,3,"[""AMP"", ""beta-alanine"", ""glutamate""]",[],0,0,6,3,4,proline,0,3,0.1,702,174,13,5,5.858766810683761,0.2529611541886748,False,9492e163b6ef19b0563b1ce8302b8e8794e2e4c9c8031c62ff9774a3f63f6f58,0.06931220414116979
direct_neighbor_ridge,0,0,0,0,0,0,False,3,"[""AMP"", ""beta-alanine"", ""glutamate""]",[],0,0,6,3,4,proline,0,4,1.0,700,176,17,1,5.847336737571429,0.2643426691214404,False,cf9883e99ee1b956d01c2cb42a4d284b982ce23065d3616a5e1cced359e41fb5,0.08130639907903969
direct_neighbor_ridge,0,0,0,0,0,0,False,3,"[""AMP"", ""beta-alanine"", ""glutamate""]",[],0,0,6,3,4,proline,1,0,10.0,705,171,13,5,5.842336137872341,0.2589631265461561,False,32d2e2f547f707a9f12d899e65a934275c9f49020e10d214973126d05910ec9c,0.05723127303645015
direct_neighbor_ridge,0,0,0,0,0,0,False,3,"[""AMP"", ""beta-alanine"", ""glutamate""]",[],0,0,6,3,4,proline,1,1,1.0,700,176,17,1,5.847336737571429,0.2643426691214404,False,cf9883e99ee1b956d01c2cb42a4d284b982ce23065d3616a5e1cced359e41fb5,0.07888270495459437
direct_neighbor_ridge,0,0,0,0,0,0,False,3,"[""AMP"", ""beta-alanine"", ""glutamate""]",[],0,0,6,3,4,proline,1,2,0.1,697,179,16,2,5.845378479196557,0.2597836119794736,False,db1ab3680dcfc2deb10e2511ec28b70b27966d5a436d724be48267bcbf200acf,0.06589911202900112
direct_neighbor_ridge,0,0,0,0,0,0,False,3,"[""AMP"", ""beta-alanine"", ""glutamate""]",[],0,0,6,3,4,proline,1,3,0.1,700,176,13,5,5.830172965428571,0.2636424283030725,False,659dce4f66bf4ee0228513d024a4e287e9f1aa3957152332b1483ab0af67cb42,0.05944733903743327
direct_neighbor_ridge,0,0,0,0,0,0,False,3,"[""AMP"", ""beta-alanine"", ""glutamate""]",[],0,0,6,3,4,proline,1,4,0.1,702,174,13,5,5.858766810683761,0.2529611541886748,False,9492e163b6ef19b0563b1ce8302b8e8794e2e4c9c8031c62ff9774a3f63f6f58,0.060132299084216356
direct_neighbor_ridge,0,0,0,0,0,0,False,1,"[""CMP""]",[],0,0,2,1,2,putrescine,0,0,100.0,697,179,16,2,5.834476610903874,0.34981390103904925,False,db1ab3680dcfc2deb10e2511ec28b70b27966d5a436d724be48267bcbf200acf,0.050632418831810355
direct_neighbor_ridge,0,0,0,0,0,0,False,1,"[""CMP""]",[],0,0,2,1,2,putrescine,0,1,100.0,705,171,13,5,5.86676280468085,0.34453860408251974,False,32d2e2f547f707a9f12d899e65a934275c9f49020e10d214973126d05910ec9c,0.05360970017500222
direct_neighbor_ridge,0,0,0,0,0,0,False,1,"[""CMP""]",[],0,0,2,1,2,putrescine,0,2,100.0,700,176,13,5,5.834921169142857,0.3603584147236382,False,659dce4f66bf4ee0228513d024a4e287e9f1aa3957152332b1483ab0af67cb42,0.0571719438303262
direct_neighbor_ridge,0,0,0,0,0,0,False,1,"[""CMP""]",[],0,0,2,1,2,putrescine,0,3,100.0,702,174,13,5,5.858962787749288,0.360190081438807,False,9492e163b6ef19b0563b1ce8302b8e8794e2e4c9c8031c62ff9774a3f63f6f58,0.10811350797303021
direct_neighbor_ridge,0,0,0,0,0,0,False,1,"[""CMP""]",[],0,0,2,1,2,putrescine,0,4,100.0,700,176,17,1,5.842789945571428,0.34901274084762085,False,cf9883e99ee1b956d01c2cb42a4d284b982ce23065d3616a5e1cced359e41fb5,0.05408648611046374
direct_neighbor_ridge,0,0,0,0,0,0,False,1,"[""CMP""]",[],0,0,2,1,2,putrescine,1,0,100.0,705,171,13,5,5.86676280468085,0.34453860408251974,False,32d2e2f547f707a9f12d899e65a934275c9f49020e10d214973126d05910ec9c,0.05235798400826752
direct_neighbor_ridge,0,0,0,0,0,0,False,1,"[""CMP""]",[],0,0,2,1,2,putrescine,1,1,100.0,700,176,17,1,5.842789945571428,0.34901274084762085,False,cf9883e99ee1b956d01c2cb42a4d284b982ce23065d3616a5e1cced359e41fb5,0.04909628699533641
direct_neighbor_ridge,0,0,0,0,0,0,False,1,"[""CMP""]",[],0,0,2,1,2,putrescine,1,2,100.0,697,179,16,2,5.834476610903874,0.34981390103904925,False,db1ab3680dcfc2deb10e2511ec28b70b27966d5a436d724be48267bcbf200acf,0.052130569936707616
direct_neighbor_ridge,0,0,0,0,0,0,False,1,"[""CMP""]",[],0,0,2,1,2,putrescine,1,3,100.0,700,176,13,5,5.834921169142857,0.3603584147236382,False,659dce4f66bf4ee0228513d024a4e287e9f1aa3957152332b1483ab0af67cb42,0.05061364779248834
direct_neighbor_ridge,0,0,0,0,0,0,False,1,"[""CMP""]",[],0,0,2,1,2,putrescine,1,4,100.0,702,174,13,5,5.858962787749288,0.360190081438807,False,9492e163b6ef19b0563b1ce8302b8e8794e2e4c9c8031c62ff9774a3f63f6f58,0.05129343713633716
direct_neighbor_ridge,0,0,0,0,0,0,False,3,"[""AMP"", ""beta-alanine"", ""ornithine""]",[],0,0,6,3,4,sarcosine,0,0,100.0,697,179,16,2,5.9369144758967005,0.2599483145796618,False,db1ab3680dcfc2deb10e2511ec28b70b27966d5a436d724be48267bcbf200acf,0.054185949033126235
direct_neighbor_ridge,0,0,0,0,0,0,False,3,"[""AMP"", ""beta-alanine"", ""ornithine""]",[],0,0,6,3,4,sarcosine,0,1,100.0,705,171,13,5,5.9332476963120575,0.2541831682725793,False,32d2e2f547f707a9f12d899e65a934275c9f49020e10d214973126d05910ec9c,0.05357423494569957
direct_neighbor_ridge,0,0,0,0,0,0,False,3,"[""AMP"", ""beta-alanine"", ""ornithine""]",[],0,0,6,3,4,sarcosine,0,2,100.0,700,176,13,5,5.912223672428571,0.24962732851458677,False,659dce4f66bf4ee0228513d024a4e287e9f1aa3957152332b1483ab0af67cb42,0.05498851113952696
direct_neighbor_ridge,0,0,0,0,0,0,False,3,"[""AMP"", ""beta-alanine"", ""ornithine""]",[],0,0,6,3,4,sarcosine,0,3,100.0,702,174,13,5,5.933046833618233,0.2506930619362083,False,9492e163b6ef19b0563b1ce8302b8e8794e2e4c9c8031c62ff9774a3f63f6f58,0.05632598395459354
direct_neighbor_ridge,0,0,0,0,0,0,False,3,"[""AMP"", ""beta-alanine"", ""ornithine""]",[],0,0,6,3,4,sarcosine,0,4,100.0,700,176,17,1,5.933609104142857,0.2533006462103011,False,cf9883e99ee1b956d01c2cb42a4d284b982ce23065d3616a5e1cced359e41fb5,0.0546464161016047
direct_neighbor_ridge,0,0,0,0,0,0,False,3,"[""AMP"", ""beta-alanine"", ""ornithine""]",[],0,0,6,3,4,sarcosine,1,0,100.0,705,171,13,5,5.9332476963120575,0.2541831682725793,False,32d2e2f547f707a9f12d899e65a934275c9f49020e10d214973126d05910ec9c,0.0547520259860903
direct_neighbor_ridge,0,0,0,0,0,0,False,3,"[""AMP"", ""beta-alanine"", ""ornithine""]",[],0,0,6,3,4,sarcosine,1,1,100.0,700,176,17,1,5.933609104142857,0.2533006462103011,False,cf9883e99ee1b956d01c2cb42a4d284b982ce23065d3616a5e1cced359e41fb5,0.053733312990516424
direct_neighbor_ridge,0,0,0,0,0,0,False,3,"[""AMP"", ""beta-alanine"", ""ornithine""]",[],0,0,6,3,4,sarcosine,1,2,100.0,697,179,16,2,5.9369144758967005,0.2599483145796618,False,db1ab3680dcfc2deb10e2511ec28b70b27966d5a436d724be48267bcbf200acf,0.05303618707694113
direct_neighbor_ridge,0,0,0,0,0,0,False,3,"[""AMP"", ""beta-alanine"", ""ornithine""]",[],0,0,6,3,4,sarcosine,1,3,100.0,700,176,13,5,5.912223672428571,0.24962732851458677,False,659dce4f66bf4ee0228513d024a4e287e9f1aa3957152332b1483ab0af67cb42,0.05247184191830456
direct_neighbor_ridge,0,0,0,0,0,0,False,3,"[""AMP"", ""beta-alanine"", ""ornithine""]",[],0,0,6,3,4,sarcosine,1,4,100.0,702,174,13,5,5.933046833618233,0.2506930619362083,False,9492e163b6ef19b0563b1ce8302b8e8794e2e4c9c8031c62ff9774a3f63f6f58,0.05511733400635421
direct_neighbor_ridge,0,0,0,0,0,0,False,4,"[""aspartate"", ""beta-alanine"", ""carnosine"", ""ornithine""]",[],0,0,8,4,5,serine,0,0,10.0,697,179,16,2,5.8674860375896705,0.40389784825569003,False,db1ab3680dcfc2deb10e2511ec28b70b27966d5a436d724be48267bcbf200acf,0.056233535055071115
direct_neighbor_ridge,0,0,0,0,0,0,False,4,"[""aspartate"", ""beta-alanine"", ""carnosine"", ""ornithine""]",[],0,0,8,4,5,serine,0,1,10.0,705,171,13,5,5.829443674326242,0.40077940544884644,False,32d2e2f547f707a9f12d899e65a934275c9f49020e10d214973126d05910ec9c,0.05503928614780307
direct_neighbor_ridge,0,0,0,0,0,0,False,4,"[""aspartate"", ""beta-alanine"", ""carnosine"", ""ornithine""]",[],0,0,8,4,5,serine,0,2,10.0,700,176,13,5,5.840584020857143,0.40234808993882604,False,659dce4f66bf4ee0228513d024a4e287e9f1aa3957152332b1483ab0af67cb42,0.06488623796030879
direct_neighbor_ridge,0,0,0,0,0,0,False,4,"[""aspartate"", ""beta-alanine"", ""carnosine"", ""ornithine""]",[],0,0,8,4,5,serine,0,3,10.0,702,174,13,5,5.833095458831909,0.401278310400293,False,9492e163b6ef19b0563b1ce8302b8e8794e2e4c9c8031c62ff9774a3f63f6f58,0.08654082799330354
direct_neighbor_ridge,0,0,0,0,0,0,False,4,"[""aspartate"", ""beta-alanine"", ""carnosine"", ""ornithine""]",[],0,0,8,4,5,serine,0,4,100.0,700,176,17,1,5.839002695285714,0.3967722698628182,False,cf9883e99ee1b956d01c2cb42a4d284b982ce23065d3616a5e1cced359e41fb5,0.10879809688776731
direct_neighbor_ridge,0,0,0,0,0,0,False,4,"[""aspartate"", ""beta-alanine"", ""carnosine"", ""ornithine""]",[],0,0,8,4,5,serine,1,0,10.0,705,171,13,5,5.829443674326242,0.40077940544884644,False,32d2e2f547f707a9f12d899e65a934275c9f49020e10d214973126d05910ec9c,0.057291140081360936
direct_neighbor_ridge,0,0,0,0,0,0,False,4,"[""aspartate"", ""beta-alanine"", ""carnosine"", ""ornithine""]",[],0,0,8,4,5,serine,1,1,100.0,700,176,17,1,5.839002695285714,0.3967722698628182,False,cf9883e99ee1b956d01c2cb42a4d284b982ce23065d3616a5e1cced359e41fb5,0.05486658588051796
direct_neighbor_ridge,0,0,0,0,0,0,False,4,"[""aspartate"", ""beta-alanine"", ""carnosine"", ""ornithine""]",[],0,0,8,4,5,serine,1,2,100.0,697,179,16,2,5.8674860375896705,0.40389784825569003,False,db1ab3680dcfc2deb10e2511ec28b70b27966d5a436d724be48267bcbf200acf,0.11313608405180275
direct_neighbor_ridge,0,0,0,0,0,0,False,4,"[""aspartate"", ""beta-alanine"", ""carnosine"", ""ornithine""]",[],0,0,8,4,5,serine,1,3,10.0,700,176,13,5,5.840584020857143,0.40234808993882604,False,659dce4f66bf4ee0228513d024a4e287e9f1aa3957152332b1483ab0af67cb42,0.05253620492294431
direct_neighbor_ridge,0,0,0,0,0,0,False,4,"[""aspartate"", ""beta-alanine"", ""carnosine"", ""ornithine""]",[],0,0,8,4,5,serine,1,4,10.0,702,174,13,5,5.833095458831909,0.401278310400293,False,9492e163b6ef19b0563b1ce8302b8e8794e2e4c9c8031c62ff9774a3f63f6f58,0.04778378293849528
direct_neighbor_ridge,0,0,0,0,0,0,False,3,"[""NADP"", ""glutamate"", ""oxalate""]",[],0,0,6,3,4,taurine,0,0,10.0,697,179,16,2,5.794030961836442,0.41554377802074033,False,db1ab3680dcfc2deb10e2511ec28b70b27966d5a436d724be48267bcbf200acf,0.04998348210938275
direct_neighbor_ridge,0,0,0,0,0,0,False,3,"[""NADP"", ""glutamate"", ""oxalate""]",[],0,0,6,3,4,taurine,0,1,100.0,705,171,13,5,5.861509952340425,0.41422394247227196,False,32d2e2f547f707a9f12d899e65a934275c9f49020e10d214973126d05910ec9c,0.05431529809720814
direct_neighbor_ridge,0,0,0,0,0,0,False,3,"[""NADP"", ""glutamate"", ""oxalate""]",[],0,0,6,3,4,taurine,0,2,100.0,700,176,13,5,5.818380698285715,0.4283518066690608,False,659dce4f66bf4ee0228513d024a4e287e9f1aa3957152332b1483ab0af67cb42,0.05448750895448029
direct_neighbor_ridge,0,0,0,0,0,0,False,3,"[""NADP"", ""glutamate"", ""oxalate""]",[],0,0,6,3,4,taurine,0,3,100.0,702,174,13,5,5.834618115099715,0.4193170364031223,False,9492e163b6ef19b0563b1ce8302b8e8794e2e4c9c8031c62ff9774a3f63f6f58,0.05629231687635183
direct_neighbor_ridge,0,0,0,0,0,0,False,3,"[""NADP"", ""glutamate"", ""oxalate""]",[],0,0,6,3,4,taurine,0,4,100.0,700,176,17,1,5.827953608571429,0.4264426525650688,False,cf9883e99ee1b956d01c2cb42a4d284b982ce23065d3616a5e1cced359e41fb5,0.05857508513145149
direct_neighbor_ridge,0,0,0,0,0,0,False,3,"[""NADP"", ""glutamate"", ""oxalate""]",[],0,0,6,3,4,taurine,1,0,100.0,705,171,13,5,5.861509952340425,0.41422394247227196,False,32d2e2f547f707a9f12d899e65a934275c9f49020e10d214973126d05910ec9c,0.05894491099752486
direct_neighbor_ridge,0,0,0,0,0,0,False,3,"[""NADP"", ""glutamate"", ""oxalate""]",[],0,0,6,3,4,taurine,1,1,100.0,700,176,17,1,5.827953608571429,0.4264426525650688,False,cf9883e99ee1b956d01c2cb42a4d284b982ce23065d3616a5e1cced359e41fb5,0.05335874296724796
direct_neighbor_ridge,0,0,0,0,0,0,False,3,"[""NADP"", ""glutamate"", ""oxalate""]",[],0,0,6,3,4,taurine,1,2,10.0,697,179,16,2,5.794030961836442,0.41554377802074033,False,db1ab3680dcfc2deb10e2511ec28b70b27966d5a436d724be48267bcbf200acf,0.05410719197243452
direct_neighbor_ridge,0,0,0,0,0,0,False,3,"[""NADP"", ""glutamate"", ""oxalate""]",[],0,0,6,3,4,taurine,1,3,100.0,700,176,13,5,5.818380698285715,0.4283518066690608,False,659dce4f66bf4ee0228513d024a4e287e9f1aa3957152332b1483ab0af67cb42,0.05173078109510243
direct_neighbor_ridge,0,0,0,0,0,0,False,3,"[""NADP"", ""glutamate"", ""oxalate""]",[],0,0,6,3,4,taurine,1,4,100.0,702,174,13,5,5.834618115099715,0.4193170364031223,False,9492e163b6ef19b0563b1ce8302b8e8794e2e4c9c8031c62ff9774a3f63f6f58,0.04198349895887077
direct_neighbor_ridge,0,0,0,0,0,0,False,1,"[""leucine""]",[],0,0,2,1,2,taurocholate,0,0,0.1,697,179,16,2,5.911435611764705,0.34414844738965594,False,db1ab3680dcfc2deb10e2511ec28b70b27966d5a436d724be48267bcbf200acf,0.051910491893067956
direct_neighbor_ridge,0,0,0,0,0,0,False,1,"[""leucine""]",[],0,0,2,1,2,taurocholate,0,1,0.1,705,171,13,5,5.878043725106383,0.3820486809030721,False,32d2e2f547f707a9f12d899e65a934275c9f49020e10d214973126d05910ec9c,0.05117330886423588
direct_neighbor_ridge,0,0,0,0,0,0,False,1,"[""leucine""]",[],0,0,2,1,2,taurocholate,0,2,0.1,700,176,13,5,5.887844617428572,0.374976441178634,False,659dce4f66bf4ee0228513d024a4e287e9f1aa3957152332b1483ab0af67cb42,0.04941404704004526
direct_neighbor_ridge,0,0,0,0,0,0,False,1,"[""leucine""]",[],0,0,2,1,2,taurocholate,0,3,0.1,702,174,13,5,5.889667015669515,0.38335104763913297,False,9492e163b6ef19b0563b1ce8302b8e8794e2e4c9c8031c62ff9774a3f63f6f58,0.04779753601178527
direct_neighbor_ridge,0,0,0,0,0,0,False,1,"[""leucine""]",[],0,0,2,1,2,taurocholate,0,4,0.1,700,176,17,1,5.9090318879999995,0.3790101357978578,False,cf9883e99ee1b956d01c2cb42a4d284b982ce23065d3616a5e1cced359e41fb5,0.050949815195053816
direct_neighbor_ridge,0,0,0,0,0,0,False,1,"[""leucine""]",[],0,0,2,1,2,taurocholate,1,0,0.1,705,171,13,5,5.878043725106383,0.3820486809030721,False,32d2e2f547f707a9f12d899e65a934275c9f49020e10d214973126d05910ec9c,0.04840115807019174
direct_neighbor_ridge,0,0,0,0,0,0,False,1,"[""leucine""]",[],0,0,2,1,2,taurocholate,1,1,0.1,700,176,17,1,5.9090318879999995,0.3790101357978578,False,cf9883e99ee1b956d01c2cb42a4d284b982ce23065d3616a5e1cced359e41fb5,0.04826814797706902
direct_neighbor_ridge,0,0,0,0,0,0,False,1,"[""leucine""]",[],0,0,2,1,2,taurocholate,1,2,0.1,697,179,16,2,5.911435611764705,0.34414844738965594,False,db1ab3680dcfc2deb10e2511ec28b70b27966d5a436d724be48267bcbf200acf,0.05051901307888329
direct_neighbor_ridge,0,0,0,0,0,0,False,1,"[""leucine""]",[],0,0,2,1,2,taurocholate,1,3,0.1,700,176,13,5,5.887844617428572,0.374976441178634,False,659dce4f66bf4ee0228513d024a4e287e9f1aa3957152332b1483ab0af67cb42,0.04923786805011332
direct_neighbor_ridge,0,0,0,0,0,0,False,1,"[""leucine""]",[],0,0,2,1,2,taurocholate,1,4,0.1,702,174,13,5,5.889667015669515,0.38335104763913297,False,9492e163b6ef19b0563b1ce8302b8e8794e2e4c9c8031c62ff9774a3f63f6f58,0.04914392903447151
direct_neighbor_ridge,0,0,0,0,0,0,False,1,"[""carnosine""]",[],0,0,2,1,2,thymidine,0,0,100.0,697,179,16,2,5.962375816929699,0.5300513139536057,False,db1ab3680dcfc2deb10e2511ec28b70b27966d5a436d724be48267bcbf200acf,0.050959974993020296
direct_neighbor_ridge,0,0,0,0,0,0,False,1,"[""carnosine""]",[],0,0,2,1,2,thymidine,0,1,0.1,705,171,13,5,5.908778622553192,0.5600769326427631,False,32d2e2f547f707a9f12d899e65a934275c9f49020e10d214973126d05910ec9c,0.05109740002080798
direct_neighbor_ridge,0,0,0,0,0,0,False,1,"[""carnosine""]",[],0,0,2,1,2,thymidine,0,2,0.1,700,176,13,5,5.909023223714285,0.557115820969454,False,659dce4f66bf4ee0228513d024a4e287e9f1aa3957152332b1483ab0af67cb42,0.049333275062963367
direct_neighbor_ridge,0,0,0,0,0,0,False,1,"[""carnosine""]",[],0,0,2,1,2,thymidine,0,3,0.1,702,174,13,5,5.886195089173788,0.5399623589888455,False,9492e163b6ef19b0563b1ce8302b8e8794e2e4c9c8031c62ff9774a3f63f6f58,0.04964431910775602
direct_neighbor_ridge,0,0,0,0,0,0,False,1,"[""carnosine""]",[],0,0,2,1,2,thymidine,0,4,100.0,700,176,17,1,5.899427595285714,0.5575419702739152,False,cf9883e99ee1b956d01c2cb42a4d284b982ce23065d3616a5e1cced359e41fb5,0.04907832993194461
direct_neighbor_ridge,0,0,0,0,0,0,False,1,"[""carnosine""]",[],0,0,2,1,2,thymidine,1,0,0.1,705,171,13,5,5.908778622553192,0.5600769326427631,False,32d2e2f547f707a9f12d899e65a934275c9f49020e10d214973126d05910ec9c,0.04836414288729429
direct_neighbor_ridge,0,0,0,0,0,0,False,1,"[""carnosine""]",[],0,0,2,1,2,thymidine,1,1,100.0,700,176,17,1,5.899427595285714,0.5575419702739152,False,cf9883e99ee1b956d01c2cb42a4d284b982ce23065d3616a5e1cced359e41fb5,0.04783009481616318
direct_neighbor_ridge,0,0,0,0,0,0,False,1,"[""carnosine""]",[],0,0,2,1,2,thymidine,1,2,100.0,697,179,16,2,5.962375816929699,0.5300513139536057,False,db1ab3680dcfc2deb10e2511ec28b70b27966d5a436d724be48267bcbf200acf,0.04848121595568955
direct_neighbor_ridge,0,0,0,0,0,0,False,1,"[""carnosine""]",[],0,0,2,1,2,thymidine,1,3,0.1,700,176,13,5,5.909023223714285,0.557115820969454,False,659dce4f66bf4ee0228513d024a4e287e9f1aa3957152332b1483ab0af67cb42,0.049692136934027076
direct_neighbor_ridge,0,0,0,0,0,0,False,1,"[""carnosine""]",[],0,0,2,1,2,thymidine,1,4,1.0,702,174,13,5,5.886195089173788,0.5399623589888455,False,9492e163b6ef19b0563b1ce8302b8e8794e2e4c9c8031c62ff9774a3f63f6f58,0.05005273502320051
direct_neighbor_ridge,0,0,0,0,0,0,False,3,"[""AMP"", ""glutamate"", ""xanthosine""]",[],0,0,6,3,4,thymine,0,0,100.0,697,179,16,2,5.970911329268292,0.3295812339804376,False,db1ab3680dcfc2deb10e2511ec28b70b27966d5a436d724be48267bcbf200acf,0.06752640008926392
direct_neighbor_ridge,0,0,0,0,0,0,False,3,"[""AMP"", ""glutamate"", ""xanthosine""]",[],0,0,6,3,4,thymine,0,1,100.0,705,171,13,5,5.980005672765958,0.33619117341695987,False,32d2e2f547f707a9f12d899e65a934275c9f49020e10d214973126d05910ec9c,0.05914727901108563
direct_neighbor_ridge,0,0,0,0,0,0,False,3,"[""AMP"", ""glutamate"", ""xanthosine""]",[],0,0,6,3,4,thymine,0,2,100.0,700,176,13,5,5.969867460571427,0.3276358116038228,False,659dce4f66bf4ee0228513d024a4e287e9f1aa3957152332b1483ab0af67cb42,0.05652362806722522
direct_neighbor_ridge,0,0,0,0,0,0,False,3,"[""AMP"", ""glutamate"", ""xanthosine""]",[],0,0,6,3,4,thymine,0,3,100.0,702,174,13,5,5.9758683723646735,0.32288297218963347,False,9492e163b6ef19b0563b1ce8302b8e8794e2e4c9c8031c62ff9774a3f63f6f58,0.05762387998402119
direct_neighbor_ridge,0,0,0,0,0,0,False,3,"[""AMP"", ""glutamate"", ""xanthosine""]",[],0,0,6,3,4,thymine,0,4,100.0,700,176,17,1,5.984653504571428,0.3365079394697031,False,cf9883e99ee1b956d01c2cb42a4d284b982ce23065d3616a5e1cced359e41fb5,0.04998066904954612
direct_neighbor_ridge,0,0,0,0,0,0,False,3,"[""AMP"", ""glutamate"", ""xanthosine""]",[],0,0,6,3,4,thymine,1,0,100.0,705,171,13,5,5.980005672765958,0.33619117341695987,False,32d2e2f547f707a9f12d899e65a934275c9f49020e10d214973126d05910ec9c,0.05456172092817724
direct_neighbor_ridge,0,0,0,0,0,0,False,3,"[""AMP"", ""glutamate"", ""xanthosine""]",[],0,0,6,3,4,thymine,1,1,100.0,700,176,17,1,5.984653504571428,0.3365079394697031,False,cf9883e99ee1b956d01c2cb42a4d284b982ce23065d3616a5e1cced359e41fb5,0.06233524298295379
direct_neighbor_ridge,0,0,0,0,0,0,False,3,"[""AMP"", ""glutamate"", ""xanthosine""]",[],0,0,6,3,4,thymine,1,2,10.0,697,179,16,2,5.970911329268292,0.3295812339804376,False,db1ab3680dcfc2deb10e2511ec28b70b27966d5a436d724be48267bcbf200acf,0.055934254080057144
direct_neighbor_ridge,0,0,0,0,0,0,False,3,"[""AMP"", ""glutamate"", ""xanthosine""]",[],0,0,6,3,4,thymine,1,3,100.0,700,176,13,5,5.969867460571427,0.3276358116038228,False,659dce4f66bf4ee0228513d024a4e287e9f1aa3957152332b1483ab0af67cb42,0.05382742895744741
direct_neighbor_ridge,0,0,0,0,0,0,False,3,"[""AMP"", ""glutamate"", ""xanthosine""]",[],0,0,6,3,4,thymine,1,4,100.0,702,174,13,5,5.9758683723646735,0.32288297218963347,False,9492e163b6ef19b0563b1ce8302b8e8794e2e4c9c8031c62ff9774a3f63f6f58,0.04886315995827317
direct_neighbor_ridge,0,0,0,0,0,0,False,1,"[""glutamate""]",[],0,0,2,1,2,thyroxine,0,0,100.0,697,179,16,2,5.855241731850789,0.22628691761232106,False,db1ab3680dcfc2deb10e2511ec28b70b27966d5a436d724be48267bcbf200acf,0.07653297507204115
direct_neighbor_ridge,0,0,0,0,0,0,False,1,"[""glutamate""]",[],0,0,2,1,2,thyroxine,0,1,100.0,705,171,13,5,5.7866734052482265,0.25824962552561564,False,32d2e2f547f707a9f12d899e65a934275c9f49020e10d214973126d05910ec9c,0.06323062512092292
direct_neighbor_ridge,0,0,0,0,0,0,False,1,"[""glutamate""]",[],0,0,2,1,2,thyroxine,0,2,100.0,700,176,13,5,5.796167202571429,0.25031687531324254,False,659dce4f66bf4ee0228513d024a4e287e9f1aa3957152332b1483ab0af67cb42,0.07416960690170527
direct_neighbor_ridge,0,0,0,0,0,0,False,1,"[""glutamate""]",[],0,0,2,1,2,thyroxine,0,3,100.0,702,174,13,5,5.787326907122507,0.2531773542850331,False,9492e163b6ef19b0563b1ce8302b8e8794e2e4c9c8031c62ff9774a3f63f6f58,0.06602709903381765
direct_neighbor_ridge,0,0,0,0,0,0,False,1,"[""glutamate""]",[],0,0,2,1,2,thyroxine,0,4,100.0,700,176,17,1,5.803289504,0.2563724684382436,False,cf9883e99ee1b956d01c2cb42a4d284b982ce23065d3616a5e1cced359e41fb5,0.052636900916695595
direct_neighbor_ridge,0,0,0,0,0,0,False,1,"[""glutamate""]",[],0,0,2,1,2,thyroxine,1,0,100.0,705,171,13,5,5.7866734052482265,0.25824962552561564,False,32d2e2f547f707a9f12d899e65a934275c9f49020e10d214973126d05910ec9c,0.05545228300616145
direct_neighbor_ridge,0,0,0,0,0,0,False,1,"[""glutamate""]",[],0,0,2,1,2,thyroxine,1,1,100.0,700,176,17,1,5.803289504,0.2563724684382436,False,cf9883e99ee1b956d01c2cb42a4d284b982ce23065d3616a5e1cced359e41fb5,0.05246119387447834
direct_neighbor_ridge,0,0,0,0,0,0,False,1,"[""glutamate""]",[],0,0,2,1,2,thyroxine,1,2,100.0,697,179,16,2,5.855241731850789,0.22628691761232106,False,db1ab3680dcfc2deb10e2511ec28b70b27966d5a436d724be48267bcbf200acf,0.05520008900202811
direct_neighbor_ridge,0,0,0,0,0,0,False,1,"[""glutamate""]",[],0,0,2,1,2,thyroxine,1,3,100.0,700,176,13,5,5.796167202571429,0.25031687531324254,False,659dce4f66bf4ee0228513d024a4e287e9f1aa3957152332b1483ab0af67cb42,0.08271480514667928
direct_neighbor_ridge,0,0,0,0,0,0,False,1,"[""glutamate""]",[],0,0,2,1,2,thyroxine,1,4,100.0,702,174,13,5,5.787326907122507,0.2531773542850331,False,9492e163b6ef19b0563b1ce8302b8e8794e2e4c9c8031c62ff9774a3f63f6f58,0.04464303678832948
direct_neighbor_ridge,0,0,0,0,0,0,False,1,"[""NAD""]",[],0,0,2,1,2,trimethylamine-N-oxide,0,0,10.0,697,179,16,2,5.856797537302725,0.2547969015671801,False,db1ab3680dcfc2deb10e2511ec28b70b27966d5a436d724be48267bcbf200acf,0.05390692292712629
direct_neighbor_ridge,0,0,0,0,0,0,False,1,"[""NAD""]",[],0,0,2,1,2,trimethylamine-N-oxide,0,1,0.1,705,171,13,5,5.919379167092199,0.2899780925131509,False,32d2e2f547f707a9f12d899e65a934275c9f49020e10d214973126d05910ec9c,0.056647673016414046
direct_neighbor_ridge,0,0,0,0,0,0,False,1,"[""NAD""]",[],0,0,2,1,2,trimethylamine-N-oxide,0,2,0.1,700,176,13,5,5.927241334714285,0.2901267256784374,False,659dce4f66bf4ee0228513d024a4e287e9f1aa3957152332b1483ab0af67cb42,0.05893923109397292
direct_neighbor_ridge,0,0,0,0,0,0,False,1,"[""NAD""]",[],0,0,2,1,2,trimethylamine-N-oxide,0,3,0.1,702,174,13,5,5.907509206410257,0.2903992841751525,False,9492e163b6ef19b0563b1ce8302b8e8794e2e4c9c8031c62ff9774a3f63f6f58,0.05419101403094828
direct_neighbor_ridge,0,0,0,0,0,0,False,1,"[""NAD""]",[],0,0,2,1,2,trimethylamine-N-oxide,0,4,0.1,700,176,17,1,5.932823168142856,0.22097707794343013,False,cf9883e99ee1b956d01c2cb42a4d284b982ce23065d3616a5e1cced359e41fb5,0.05219895485788584
direct_neighbor_ridge,0,0,0,0,0,0,False,1,"[""NAD""]",[],0,0,2,1,2,trimethylamine-N-oxide,1,0,0.1,705,171,13,5,5.919379167092199,0.2899780925131509,False,32d2e2f547f707a9f12d899e65a934275c9f49020e10d214973126d05910ec9c,0.05154576897621155
direct_neighbor_ridge,0,0,0,0,0,0,False,1,"[""NAD""]",[],0,0,2,1,2,trimethylamine-N-oxide,1,1,0.1,700,176,17,1,5.932823168142856,0.22097707794343013,False,cf9883e99ee1b956d01c2cb42a4d284b982ce23065d3616a5e1cced359e41fb5,0.07253270503133535
direct_neighbor_ridge,0,0,0,0,0,0,False,1,"[""NAD""]",[],0,0,2,1,2,trimethylamine-N-oxide,1,2,10.0,697,179,16,2,5.856797537302725,0.2547969015671801,False,db1ab3680dcfc2deb10e2511ec28b70b27966d5a436d724be48267bcbf200acf,0.050948108080774546
direct_neighbor_ridge,0,0,0,0,0,0,False,1,"[""NAD""]",[],0,0,2,1,2,trimethylamine-N-oxide,1,3,10.0,700,176,13,5,5.927241334714285,0.2901267256784374,False,659dce4f66bf4ee0228513d024a4e287e9f1aa3957152332b1483ab0af67cb42,0.05161846103146672
direct_neighbor_ridge,0,0,0,0,0,0,False,1,"[""NAD""]",[],0,0,2,1,2,trimethylamine-N-oxide,1,4,0.1,702,174,13,5,5.907509206410257,0.2903992841751525,False,9492e163b6ef19b0563b1ce8302b8e8794e2e4c9c8031c62ff9774a3f63f6f58,0.06417478201910853
direct_neighbor_ridge,0,0,0,0,0,0,False,2,"[""NAD"", ""arginine""]",[],0,0,4,2,3,tyrosine,0,0,100.0,697,179,16,2,5.917222123959827,0.3722744418302163,False,db1ab3680dcfc2deb10e2511ec28b70b27966d5a436d724be48267bcbf200acf,0.054134292993694544
direct_neighbor_ridge,0,0,0,0,0,0,False,2,"[""NAD"", ""arginine""]",[],0,0,4,2,3,tyrosine,0,1,10.0,705,171,13,5,5.773517087092199,0.41759768808280395,False,32d2e2f547f707a9f12d899e65a934275c9f49020e10d214973126d05910ec9c,0.05424918397329748
direct_neighbor_ridge,0,0,0,0,0,0,False,2,"[""NAD"", ""arginine""]",[],0,0,4,2,3,tyrosine,0,2,10.0,700,176,13,5,5.814119894,0.4182054905141444,False,659dce4f66bf4ee0228513d024a4e287e9f1aa3957152332b1483ab0af67cb42,0.05515003600157797
direct_neighbor_ridge,0,0,0,0,0,0,False,2,"[""NAD"", ""arginine""]",[],0,0,4,2,3,tyrosine,0,3,100.0,702,174,13,5,5.791375897720797,0.4207102216982868,False,9492e163b6ef19b0563b1ce8302b8e8794e2e4c9c8031c62ff9774a3f63f6f58,0.05642749089747667
direct_neighbor_ridge,0,0,0,0,0,0,False,2,"[""NAD"", ""arginine""]",[],0,0,4,2,3,tyrosine,0,4,100.0,700,176,17,1,5.8235101828571425,0.4117771377078516,False,cf9883e99ee1b956d01c2cb42a4d284b982ce23065d3616a5e1cced359e41fb5,0.05947943194769323
direct_neighbor_ridge,0,0,0,0,0,0,False,2,"[""NAD"", ""arginine""]",[],0,0,4,2,3,tyrosine,1,0,10.0,705,171,13,5,5.773517087092199,0.41759768808280395,False,32d2e2f547f707a9f12d899e65a934275c9f49020e10d214973126d05910ec9c,0.05802103504538536
direct_neighbor_ridge,0,0,0,0,0,0,False,2,"[""NAD"", ""arginine""]",[],0,0,4,2,3,tyrosine,1,1,100.0,700,176,17,1,5.8235101828571425,0.4117771377078516,False,cf9883e99ee1b956d01c2cb42a4d284b982ce23065d3616a5e1cced359e41fb5,0.0549774169921875
direct_neighbor_ridge,0,0,0,0,0,0,False,2,"[""NAD"", ""arginine""]",[],0,0,4,2,3,tyrosine,1,2,100.0,697,179,16,2,5.917222123959827,0.3722744418302163,False,db1ab3680dcfc2deb10e2511ec28b70b27966d5a436d724be48267bcbf200acf,0.058485624846071005
direct_neighbor_ridge,0,0,0,0,0,0,False,2,"[""NAD"", ""arginine""]",[],0,0,4,2,3,tyrosine,1,3,100.0,700,176,13,5,5.814119894,0.4182054905141444,False,659dce4f66bf4ee0228513d024a4e287e9f1aa3957152332b1483ab0af67cb42,0.057092648930847645
direct_neighbor_ridge,0,0,0,0,0,0,False,2,"[""NAD"", ""arginine""]",[],0,0,4,2,3,tyrosine,1,4,100.0,702,174,13,5,5.791375897720797,0.4207102216982868,False,9492e163b6ef19b0563b1ce8302b8e8794e2e4c9c8031c62ff9774a3f63f6f58,0.05658783903345466
direct_neighbor_ridge,0,0,0,0,0,0,False,3,"[""CMP"", ""glutamate"", ""thymine""]",[],0,0,6,3,4,uracil,0,0,10.0,697,179,16,2,5.845100508608321,0.3159661360177283,False,db1ab3680dcfc2deb10e2511ec28b70b27966d5a436d724be48267bcbf200acf,0.05575059587135911
direct_neighbor_ridge,0,0,0,0,0,0,False,3,"[""CMP"", ""glutamate"", ""thymine""]",[],0,0,6,3,4,uracil,0,1,0.1,705,171,13,5,5.727848015744681,0.3774054832536749,False,32d2e2f547f707a9f12d899e65a934275c9f49020e10d214973126d05910ec9c,0.06562065496109426
direct_neighbor_ridge,0,0,0,0,0,0,False,3,"[""CMP"", ""glutamate"", ""thymine""]",[],0,0,6,3,4,uracil,0,2,0.1,700,176,13,5,5.735356466142857,0.3695420163498155,False,659dce4f66bf4ee0228513d024a4e287e9f1aa3957152332b1483ab0af67cb42,0.06295038294047117
direct_neighbor_ridge,0,0,0,0,0,0,False,3,"[""CMP"", ""glutamate"", ""thymine""]",[],0,0,6,3,4,uracil,0,3,0.1,702,174,13,5,5.759301471225071,0.37150365774601596,False,9492e163b6ef19b0563b1ce8302b8e8794e2e4c9c8031c62ff9774a3f63f6f58,0.05279852822422981
direct_neighbor_ridge,0,0,0,0,0,0,False,3,"[""CMP"", ""glutamate"", ""thymine""]",[],0,0,6,3,4,uracil,0,4,0.1,700,176,17,1,5.755836698428571,0.3648126906194723,False,cf9883e99ee1b956d01c2cb42a4d284b982ce23065d3616a5e1cced359e41fb5,0.05816659308038652
direct_neighbor_ridge,0,0,0,0,0,0,False,3,"[""CMP"", ""glutamate"", ""thymine""]",[],0,0,6,3,4,uracil,1,0,0.1,705,171,13,5,5.727848015744681,0.3774054832536749,False,32d2e2f547f707a9f12d899e65a934275c9f49020e10d214973126d05910ec9c,0.0650750850327313
direct_neighbor_ridge,0,0,0,0,0,0,False,3,"[""CMP"", ""glutamate"", ""thymine""]",[],0,0,6,3,4,uracil,1,1,0.1,700,176,17,1,5.755836698428571,0.3648126906194723,False,cf9883e99ee1b956d01c2cb42a4d284b982ce23065d3616a5e1cced359e41fb5,0.06325667491182685
direct_neighbor_ridge,0,0,0,0,0,0,False,3,"[""CMP"", ""glutamate"", ""thymine""]",[],0,0,6,3,4,uracil,1,2,10.0,697,179,16,2,5.845100508608321,0.3159661360177283,False,db1ab3680dcfc2deb10e2511ec28b70b27966d5a436d724be48267bcbf200acf,0.06536442507058382
direct_neighbor_ridge,0,0,0,0,0,0,False,3,"[""CMP"", ""glutamate"", ""thymine""]",[],0,0,6,3,4,uracil,1,3,0.1,700,176,13,5,5.735356466142857,0.3695420163498155,False,659dce4f66bf4ee0228513d024a4e287e9f1aa3957152332b1483ab0af67cb42,0.07701534102670848
direct_neighbor_ridge,0,0,0,0,0,0,False,3,"[""CMP"", ""glutamate"", ""thymine""]",[],0,0,6,3,4,uracil,1,4,0.1,702,174,13,5,5.759301471225071,0.37150365774601596,False,9492e163b6ef19b0563b1ce8302b8e8794e2e4c9c8031c62ff9774a3f63f6f58,0.06614267197437584
direct_neighbor_ridge,0,0,0,0,0,0,False,2,"[""adenosine"", ""glutamate""]",[],0,0,4,2,3,urate,0,0,100.0,697,179,16,2,5.797735194404591,0.4578812329363871,False,db1ab3680dcfc2deb10e2511ec28b70b27966d5a436d724be48267bcbf200acf,0.10471357498317957
direct_neighbor_ridge,0,0,0,0,0,0,False,2,"[""adenosine"", ""glutamate""]",[],0,0,4,2,3,urate,0,1,100.0,705,171,13,5,5.702445728226951,0.4768405401686225,False,32d2e2f547f707a9f12d899e65a934275c9f49020e10d214973126d05910ec9c,0.05948883015662432
direct_neighbor_ridge,0,0,0,0,0,0,False,2,"[""adenosine"", ""glutamate""]",[],0,0,4,2,3,urate,0,2,100.0,700,176,13,5,5.725258205285715,0.4738774760521925,False,659dce4f66bf4ee0228513d024a4e287e9f1aa3957152332b1483ab0af67cb42,0.055399628821760416
direct_neighbor_ridge,0,0,0,0,0,0,False,2,"[""adenosine"", ""glutamate""]",[],0,0,4,2,3,urate,0,3,100.0,702,174,13,5,5.714262068091168,0.47434052084248074,False,9492e163b6ef19b0563b1ce8302b8e8794e2e4c9c8031c62ff9774a3f63f6f58,0.061050612945109606
direct_neighbor_ridge,0,0,0,0,0,0,False,2,"[""adenosine"", ""glutamate""]",[],0,0,4,2,3,urate,0,4,100.0,700,176,17,1,5.757721383428571,0.4403424910616518,False,cf9883e99ee1b956d01c2cb42a4d284b982ce23065d3616a5e1cced359e41fb5,0.06704036495648324
direct_neighbor_ridge,0,0,0,0,0,0,False,2,"[""adenosine"", ""glutamate""]",[],0,0,4,2,3,urate,1,0,100.0,705,171,13,5,5.702445728226951,0.4768405401686225,False,32d2e2f547f707a9f12d899e65a934275c9f49020e10d214973126d05910ec9c,0.06133004720322788
direct_neighbor_ridge,0,0,0,0,0,0,False,2,"[""adenosine"", ""glutamate""]",[],0,0,4,2,3,urate,1,1,100.0,700,176,17,1,5.757721383428571,0.4403424910616518,False,cf9883e99ee1b956d01c2cb42a4d284b982ce23065d3616a5e1cced359e41fb5,0.06356986588798463
direct_neighbor_ridge,0,0,0,0,0,0,False,2,"[""adenosine"", ""glutamate""]",[],0,0,4,2,3,urate,1,2,100.0,697,179,16,2,5.797735194404591,0.4578812329363871,False,db1ab3680dcfc2deb10e2511ec28b70b27966d5a436d724be48267bcbf200acf,0.062172230100259185
direct_neighbor_ridge,0,0,0,0,0,0,False,2,"[""adenosine"", ""glutamate""]",[],0,0,4,2,3,urate,1,3,100.0,700,176,13,5,5.725258205285715,0.4738774760521925,False,659dce4f66bf4ee0228513d024a4e287e9f1aa3957152332b1483ab0af67cb42,0.0672174571081996
direct_neighbor_ridge,0,0,0,0,0,0,False,2,"[""adenosine"", ""glutamate""]",[],0,0,4,2,3,urate,1,4,100.0,702,174,13,5,5.714262068091168,0.47434052084248074,False,9492e163b6ef19b0563b1ce8302b8e8794e2e4c9c8031c62ff9774a3f63f6f58,0.05746023985557258
direct_neighbor_ridge,0,0,0,0,0,0,False,3,"[""GMP"", ""glucuronate"", ""sarcosine""]",[],0,0,6,3,4,uridine,0,0,100.0,697,179,16,2,5.8853204464849345,0.41578380381128677,False,db1ab3680dcfc2deb10e2511ec28b70b27966d5a436d724be48267bcbf200acf,0.07018130295909941
direct_neighbor_ridge,0,0,0,0,0,0,False,3,"[""GMP"", ""glucuronate"", ""sarcosine""]",[],0,0,6,3,4,uridine,0,1,100.0,705,171,13,5,5.912085544539007,0.5282150813484331,False,32d2e2f547f707a9f12d899e65a934275c9f49020e10d214973126d05910ec9c,0.0611522130202502
direct_neighbor_ridge,0,0,0,0,0,0,False,3,"[""GMP"", ""glucuronate"", ""sarcosine""]",[],0,0,6,3,4,uridine,0,2,100.0,700,176,13,5,5.909856147857143,0.5147179309281458,False,659dce4f66bf4ee0228513d024a4e287e9f1aa3957152332b1483ab0af67cb42,0.05830209283158183
direct_neighbor_ridge,0,0,0,0,0,0,False,3,"[""GMP"", ""glucuronate"", ""sarcosine""]",[],0,0,6,3,4,uridine,0,3,100.0,702,174,13,5,5.934038315811966,0.5230206325839802,False,9492e163b6ef19b0563b1ce8302b8e8794e2e4c9c8031c62ff9774a3f63f6f58,0.058437332045286894
direct_neighbor_ridge,0,0,0,0,0,0,False,3,"[""GMP"", ""glucuronate"", ""sarcosine""]",[],0,0,6,3,4,uridine,0,4,100.0,700,176,17,1,5.898471694142857,0.5131303828795306,False,cf9883e99ee1b956d01c2cb42a4d284b982ce23065d3616a5e1cced359e41fb5,0.058361069997772574
direct_neighbor_ridge,0,0,0,0,0,0,False,3,"[""GMP"", ""glucuronate"", ""sarcosine""]",[],0,0,6,3,4,uridine,1,0,100.0,705,171,13,5,5.912085544539007,0.5282150813484331,False,32d2e2f547f707a9f12d899e65a934275c9f49020e10d214973126d05910ec9c,0.06325721088796854
direct_neighbor_ridge,0,0,0,0,0,0,False,3,"[""GMP"", ""glucuronate"", ""sarcosine""]",[],0,0,6,3,4,uridine,1,1,100.0,700,176,17,1,5.898471694142857,0.5131303828795306,False,cf9883e99ee1b956d01c2cb42a4d284b982ce23065d3616a5e1cced359e41fb5,0.05349138914607465
direct_neighbor_ridge,0,0,0,0,0,0,False,3,"[""GMP"", ""glucuronate"", ""sarcosine""]",[],0,0,6,3,4,uridine,1,2,100.0,697,179,16,2,5.8853204464849345,0.41578380381128677,False,db1ab3680dcfc2deb10e2511ec28b70b27966d5a436d724be48267bcbf200acf,0.051998395938426256
direct_neighbor_ridge,0,0,0,0,0,0,False,3,"[""GMP"", ""glucuronate"", ""sarcosine""]",[],0,0,6,3,4,uridine,1,3,100.0,700,176,13,5,5.909856147857143,0.5147179309281458,False,659dce4f66bf4ee0228513d024a4e287e9f1aa3957152332b1483ab0af67cb42,0.058773187920451164
direct_neighbor_ridge,0,0,0,0,0,0,False,3,"[""GMP"", ""glucuronate"", ""sarcosine""]",[],0,0,6,3,4,uridine,1,4,100.0,702,174,13,5,5.934038315811966,0.5230206325839802,False,9492e163b6ef19b0563b1ce8302b8e8794e2e4c9c8031c62ff9774a3f63f6f58,0.05202688300050795
direct_neighbor_ridge,0,0,0,0,0,0,False,1,"[""NAD""]",[],0,0,2,1,2,valine,0,0,100.0,697,179,16,2,5.952121997417504,0.36407681708229,False,db1ab3680dcfc2deb10e2511ec28b70b27966d5a436d724be48267bcbf200acf,0.050202650018036366
direct_neighbor_ridge,0,0,0,0,0,0,False,1,"[""NAD""]",[],0,0,2,1,2,valine,0,1,100.0,705,171,13,5,5.8379196573049645,0.3773248284035181,False,32d2e2f547f707a9f12d899e65a934275c9f49020e10d214973126d05910ec9c,0.06749839405529201
direct_neighbor_ridge,0,0,0,0,0,0,False,1,"[""NAD""]",[],0,0,2,1,2,valine,0,2,100.0,700,176,13,5,5.8849640270000005,0.3945943885573533,False,659dce4f66bf4ee0228513d024a4e287e9f1aa3957152332b1483ab0af67cb42,0.05758255301043391
direct_neighbor_ridge,0,0,0,0,0,0,False,1,"[""NAD""]",[],0,0,2,1,2,valine,0,3,100.0,702,174,13,5,5.848345252849003,0.390876603874631,False,9492e163b6ef19b0563b1ce8302b8e8794e2e4c9c8031c62ff9774a3f63f6f58,0.08257854008115828
direct_neighbor_ridge,0,0,0,0,0,0,False,1,"[""NAD""]",[],0,0,2,1,2,valine,0,4,100.0,700,176,17,1,5.877318387142858,0.3902412272704989,False,cf9883e99ee1b956d01c2cb42a4d284b982ce23065d3616a5e1cced359e41fb5,0.05284682707861066
direct_neighbor_ridge,0,0,0,0,0,0,False,1,"[""NAD""]",[],0,0,2,1,2,valine,1,0,100.0,705,171,13,5,5.8379196573049645,0.3773248284035181,False,32d2e2f547f707a9f12d899e65a934275c9f49020e10d214973126d05910ec9c,0.04379511205479503
direct_neighbor_ridge,0,0,0,0,0,0,False,1,"[""NAD""]",[],0,0,2,1,2,valine,1,1,100.0,700,176,17,1,5.877318387142858,0.3902412272704989,False,cf9883e99ee1b956d01c2cb42a4d284b982ce23065d3616a5e1cced359e41fb5,0.044177773175761104
direct_neighbor_ridge,0,0,0,0,0,0,False,1,"[""NAD""]",[],0,0,2,1,2,valine,1,2,100.0,697,179,16,2,5.952121997417504,0.36407681708229,False,db1ab3680dcfc2deb10e2511ec28b70b27966d5a436d724be48267bcbf200acf,0.05204859399236739
direct_neighbor_ridge,0,0,0,0,0,0,False,1,"[""NAD""]",[],0,0,2,1,2,valine,1,3,100.0,700,176,13,5,5.8849640270000005,0.3945943885573533,False,659dce4f66bf4ee0228513d024a4e287e9f1aa3957152332b1483ab0af67cb42,0.05557560408487916
direct_neighbor_ridge,0,0,0,0,0,0,False,1,"[""NAD""]",[],0,0,2,1,2,valine,1,4,100.0,702,174,13,5,5.848345252849003,0.390876603874631,False,9492e163b6ef19b0563b1ce8302b8e8794e2e4c9c8031c62ff9774a3f63f6f58,0.04904766799882054
direct_neighbor_ridge,0,0,0,0,0,0,False,4,"[""adenine"", ""cAMP"", ""glutamate"", ""proline""]",[],0,0,8,4,5,xanthine,0,0,100.0,697,179,16,2,5.8261626595408895,0.3226517288205138,False,db1ab3680dcfc2deb10e2511ec28b70b27966d5a436d724be48267bcbf200acf,0.07098934100940824
direct_neighbor_ridge,0,0,0,0,0,0,False,4,"[""adenine"", ""cAMP"", ""glutamate"", ""proline""]",[],0,0,8,4,5,xanthine,0,1,0.1,705,171,13,5,5.668218426241134,0.44533618503026734,False,32d2e2f547f707a9f12d899e65a934275c9f49020e10d214973126d05910ec9c,0.05528951087035239
direct_neighbor_ridge,0,0,0,0,0,0,False,4,"[""adenine"", ""cAMP"", ""glutamate"", ""proline""]",[],0,0,8,4,5,xanthine,0,2,10.0,700,176,13,5,5.675177004,0.4388265188264273,False,659dce4f66bf4ee0228513d024a4e287e9f1aa3957152332b1483ab0af67cb42,0.07029647706076503
direct_neighbor_ridge,0,0,0,0,0,0,False,4,"[""adenine"", ""cAMP"", ""glutamate"", ""proline""]",[],0,0,8,4,5,xanthine,0,3,100.0,702,174,13,5,5.677283422934472,0.4355980429993409,False,9492e163b6ef19b0563b1ce8302b8e8794e2e4c9c8031c62ff9774a3f63f6f58,0.05965710198506713
direct_neighbor_ridge,0,0,0,0,0,0,False,4,"[""adenine"", ""cAMP"", ""glutamate"", ""proline""]",[],0,0,8,4,5,xanthine,0,4,100.0,700,176,17,1,5.702935143571429,0.4239551919699778,False,cf9883e99ee1b956d01c2cb42a4d284b982ce23065d3616a5e1cced359e41fb5,0.05162275582551956
direct_neighbor_ridge,0,0,0,0,0,0,False,4,"[""adenine"", ""cAMP"", ""glutamate"", ""proline""]",[],0,0,8,4,5,xanthine,1,0,0.1,705,171,13,5,5.668218426241134,0.44533618503026734,False,32d2e2f547f707a9f12d899e65a934275c9f49020e10d214973126d05910ec9c,0.12187286885455251
direct_neighbor_ridge,0,0,0,0,0,0,False,4,"[""adenine"", ""cAMP"", ""glutamate"", ""proline""]",[],0,0,8,4,5,xanthine,1,1,100.0,700,176,17,1,5.702935143571429,0.4239551919699778,False,cf9883e99ee1b956d01c2cb42a4d284b982ce23065d3616a5e1cced359e41fb5,0.07580268406309187
direct_neighbor_ridge,0,0,0,0,0,0,False,4,"[""adenine"", ""cAMP"", ""glutamate"", ""proline""]",[],0,0,8,4,5,xanthine,1,2,100.0,697,179,16,2,5.8261626595408895,0.3226517288205138,False,db1ab3680dcfc2deb10e2511ec28b70b27966d5a436d724be48267bcbf200acf,0.05568151315674186
direct_neighbor_ridge,0,0,0,0,0,0,False,4,"[""adenine"", ""cAMP"", ""glutamate"", ""proline""]",[],0,0,8,4,5,xanthine,1,3,100.0,700,176,13,5,5.675177004,0.4388265188264273,False,659dce4f66bf4ee0228513d024a4e287e9f1aa3957152332b1483ab0af67cb42,0.053260214161127806
direct_neighbor_ridge,0,0,0,0,0,0,False,4,"[""adenine"", ""cAMP"", ""glutamate"", ""proline""]",[],0,0,8,4,5,xanthine,1,4,10.0,702,174,13,5,5.677283422934472,0.4355980429993409,False,9492e163b6ef19b0563b1ce8302b8e8794e2e4c9c8031c62ff9774a3f63f6f58,0.05458729504607618
direct_neighbor_ridge,0,0,0,0,0,0,False,1,"[""isocitrate""]",[],0,0,2,1,2,xanthosine,0,0,100.0,697,179,16,2,5.868730441750358,0.23648420012118596,False,db1ab3680dcfc2deb10e2511ec28b70b27966d5a436d724be48267bcbf200acf,0.05848707305267453
direct_neighbor_ridge,0,0,0,0,0,0,False,1,"[""isocitrate""]",[],0,0,2,1,2,xanthosine,0,1,0.1,705,171,13,5,5.809038896737588,0.28486213680139005,False,32d2e2f547f707a9f12d899e65a934275c9f49020e10d214973126d05910ec9c,0.04896403499878943
direct_neighbor_ridge,0,0,0,0,0,0,False,1,"[""isocitrate""]",[],0,0,2,1,2,xanthosine,0,2,100.0,700,176,13,5,5.8054182618571435,0.2760639029596894,False,659dce4f66bf4ee0228513d024a4e287e9f1aa3957152332b1483ab0af67cb42,0.04679608903825283
direct_neighbor_ridge,0,0,0,0,0,0,False,1,"[""isocitrate""]",[],0,0,2,1,2,xanthosine,0,3,0.1,702,174,13,5,5.81375750071225,0.26668885124187874,False,9492e163b6ef19b0563b1ce8302b8e8794e2e4c9c8031c62ff9774a3f63f6f58,0.04634559294208884
direct_neighbor_ridge,0,0,0,0,0,0,False,1,"[""isocitrate""]",[],0,0,2,1,2,xanthosine,0,4,100.0,700,176,17,1,5.830317585,0.2650109615358276,False,cf9883e99ee1b956d01c2cb42a4d284b982ce23065d3616a5e1cced359e41fb5,0.05224818806163967
direct_neighbor_ridge,0,0,0,0,0,0,False,1,"[""isocitrate""]",[],0,0,2,1,2,xanthosine,1,0,0.1,705,171,13,5,5.809038896737588,0.28486213680139005,False,32d2e2f547f707a9f12d899e65a934275c9f49020e10d214973126d05910ec9c,0.05884103709831834
direct_neighbor_ridge,0,0,0,0,0,0,False,1,"[""isocitrate""]",[],0,0,2,1,2,xanthosine,1,1,100.0,700,176,17,1,5.830317585,0.2650109615358276,False,cf9883e99ee1b956d01c2cb42a4d284b982ce23065d3616a5e1cced359e41fb5,0.050829729065299034
direct_neighbor_ridge,0,0,0,0,0,0,False,1,"[""isocitrate""]",[],0,0,2,1,2,xanthosine,1,2,100.0,697,179,16,2,5.868730441750358,0.23648420012118596,False,db1ab3680dcfc2deb10e2511ec28b70b27966d5a436d724be48267bcbf200acf,0.06094600190408528
direct_neighbor_ridge,0,0,0,0,0,0,False,1,"[""isocitrate""]",[],0,0,2,1,2,xanthosine,1,3,100.0,700,176,13,5,5.8054182618571435,0.2760639029596894,False,659dce4f66bf4ee0228513d024a4e287e9f1aa3957152332b1483ab0af67cb42,0.05294818012043834
direct_neighbor_ridge,0,0,0,0,0,0,False,1,"[""isocitrate""]",[],0,0,2,1,2,xanthosine,1,4,0.1,702,174,13,5,5.81375750071225,0.26668885124187874,False,9492e163b6ef19b0563b1ce8302b8e8794e2e4c9c8031c62ff9774a3f63f6f58,0.054001527139917016
