target,model,lineage,squared_error_sum,truth_energy_sum,observations,mean_squared_error
AMP,direct_neighbor_ridge,autonomic_ganglia,27.17726925916415,38.662305357892606,32,0.8492896643488796
AMP,direct_neighbor_ridge,bone,25.22930812164696,40.56386320165723,38,0.6639291610959726
AMP,direct_neighbor_ridge,breast,43.012688274090564,38.51496032623904,98,0.43890498238867925
AMP,direct_neighbor_ridge,central_nervous_system,30.40740253595024,52.952843751440916,98,0.31027961771377793
AMP,direct_neighbor_ridge,endometrium,15.369061928783275,33.28088229173083,56,0.2744475344425585
AMP,direct_neighbor_ridge,haematopoietic_and_lymphoid_tissue,1214.160499963417,2083.528147210272,326,3.7244187115442235
AMP,direct_neighbor_ridge,kidney,22.821157559809308,25.099128973646497,46,0.4961121208654197
AMP,direct_neighbor_ridge,large_intestine,51.38441669970387,106.60262709170267,110,0.46713106090639883
AMP,direct_neighbor_ridge,liver,18.966817957326484,26.09228080500443,50,0.3793363591465297
AMP,direct_neighbor_ridge,lung,116.0366195445269,221.01175331085415,352,0.32964948734240596
AMP,direct_neighbor_ridge,oesophagus,16.587219937563397,8.500264834188513,50,0.33174439875126793
AMP,direct_neighbor_ridge,ovary,23.15962692511735,36.89714606921265,90,0.25732918805685945
AMP,direct_neighbor_ridge,pancreas,17.86725138393953,28.91547555591152,82,0.21789330956023814
AMP,direct_neighbor_ridge,skin,33.70011084244123,48.13402072116802,104,0.32403952733116564
AMP,direct_neighbor_ridge,soft_tissue,18.612897466509388,26.339490446249194,36,0.5170249296252608
AMP,direct_neighbor_ridge,stomach,28.12106981717967,42.99751915048565,74,0.38001445698891445
AMP,direct_neighbor_ridge,upper_aerodigestive_tract,14.212610668559307,25.425542301736822,60,0.23687684447598845
AMP,direct_neighbor_ridge,urinary_tract,19.536630395255944,28.369666106732684,50,0.3907326079051189
CMP,direct_neighbor_ridge,autonomic_ganglia,17.84537210679451,21.238592629932704,32,0.5576678783373284
CMP,direct_neighbor_ridge,bone,36.282847977657404,36.71405371155091,38,0.9548117888857212
CMP,direct_neighbor_ridge,breast,28.80678650697824,30.86042284622687,98,0.2939468010916147
CMP,direct_neighbor_ridge,central_nervous_system,85.65537036603885,73.26051620621128,98,0.8740343914901924
CMP,direct_neighbor_ridge,endometrium,25.58153692209828,43.96081565408872,56,0.45681315932318356
CMP,direct_neighbor_ridge,haematopoietic_and_lymphoid_tissue,1639.2199564398431,1839.5865189765327,326,5.028282074968844
CMP,direct_neighbor_ridge,kidney,38.95798413328539,33.84335697811922,46,0.8469126985496824
CMP,direct_neighbor_ridge,large_intestine,87.36219647225074,117.76756573295344,110,0.7942017861113704
CMP,direct_neighbor_ridge,liver,24.578013651204213,30.560188973731307,50,0.4915602730240842
CMP,direct_neighbor_ridge,lung,152.04735652986568,204.33837393758895,352,0.4319527174143911
CMP,direct_neighbor_ridge,oesophagus,15.484709947103434,17.351043449096238,50,0.3096941989420687
CMP,direct_neighbor_ridge,ovary,34.981622995527964,39.814346384244615,90,0.3886846999503107
CMP,direct_neighbor_ridge,pancreas,23.484375781542287,37.02849202604523,82,0.28639482660417426
CMP,direct_neighbor_ridge,skin,44.667063023361585,47.28850584060537,104,0.429490990609246
CMP,direct_neighbor_ridge,soft_tissue,31.40593518131463,36.70653271868176,36,0.8723870883698508
CMP,direct_neighbor_ridge,stomach,36.35495058006837,49.524198160616514,74,0.49128311594686985
CMP,direct_neighbor_ridge,upper_aerodigestive_tract,40.16916691828976,30.347893502680414,60,0.6694861153048294
CMP,direct_neighbor_ridge,urinary_tract,20.55332170993853,18.488380884538014,50,0.4110664341987706
GMP,direct_neighbor_ridge,autonomic_ganglia,16.948106046201037,17.092799205563985,32,0.5296283139437824
GMP,direct_neighbor_ridge,bone,45.254983805580125,55.97831873052658,38,1.1909206264626349
GMP,direct_neighbor_ridge,breast,49.576111235099866,48.07977710520926,98,0.5058786860724476
GMP,direct_neighbor_ridge,central_nervous_system,57.07399929199742,57.208349241802495,98,0.5823877478775247
GMP,direct_neighbor_ridge,endometrium,28.61208214171623,43.27288697300067,56,0.5109300382449327
GMP,direct_neighbor_ridge,haematopoietic_and_lymphoid_tissue,994.9894039931867,1216.8861404112283,326,3.0521147361754193
GMP,direct_neighbor_ridge,kidney,26.68795851008695,21.37232268027582,46,0.5801730110888468
GMP,direct_neighbor_ridge,large_intestine,78.0759792025028,121.31802520119751,110,0.7097816291136617
GMP,direct_neighbor_ridge,liver,26.17622340097609,43.392486977733675,50,0.5235244680195218
GMP,direct_neighbor_ridge,lung,181.1912520521193,240.72115569875484,352,0.5147478751480662
GMP,direct_neighbor_ridge,oesophagus,21.370115682878136,25.128955068098843,50,0.4274023136575627
GMP,direct_neighbor_ridge,ovary,37.388806875436174,46.160059766538176,90,0.41543118750484637
GMP,direct_neighbor_ridge,pancreas,43.69043799026936,55.60507350247176,82,0.5328102193935288
GMP,direct_neighbor_ridge,skin,60.726432590660764,84.83285737032926,104,0.5839080056794305
GMP,direct_neighbor_ridge,soft_tissue,25.153890870806116,33.805213836615714,36,0.6987191908557254
GMP,direct_neighbor_ridge,stomach,39.506160282683425,51.41845301812486,74,0.5338670308470733
GMP,direct_neighbor_ridge,upper_aerodigestive_tract,26.696616623678324,21.463481391668612,60,0.44494361039463876
GMP,direct_neighbor_ridge,urinary_tract,22.9854574690942,28.5659224689543,50,0.459709149381884
NAD,direct_neighbor_ridge,autonomic_ganglia,43.945420052382076,63.11028556307281,32,1.3732943766369399
NAD,direct_neighbor_ridge,bone,9.644835357481645,35.12804112273649,38,0.2538114567758328
NAD,direct_neighbor_ridge,breast,63.168892768358326,119.28477183741332,98,0.644580538452636
NAD,direct_neighbor_ridge,central_nervous_system,76.22944449717657,167.1470983214205,98,0.7778514744609855
NAD,direct_neighbor_ridge,endometrium,12.13736880053709,29.318390877662882,56,0.21673872858101945
NAD,direct_neighbor_ridge,haematopoietic_and_lymphoid_tissue,467.0656564049507,707.4557134285053,326,1.432716737438499
NAD,direct_neighbor_ridge,kidney,26.527458266216748,20.115359237885276,46,0.576683875352538
NAD,direct_neighbor_ridge,large_intestine,33.199707101317856,61.85458379251278,110,0.3018155191028896
NAD,direct_neighbor_ridge,liver,18.918948475457313,30.95977205445173,50,0.37837896950914623
NAD,direct_neighbor_ridge,lung,183.17821972408498,295.44025649389823,352,0.520392669670696
NAD,direct_neighbor_ridge,oesophagus,15.961326826893274,30.70281121042122,50,0.3192265365378655
NAD,direct_neighbor_ridge,ovary,31.901044536491213,43.42659377797654,90,0.3544560504054579
NAD,direct_neighbor_ridge,pancreas,35.55051392723854,67.5029020667356,82,0.4335428527712017
NAD,direct_neighbor_ridge,skin,24.30990451493165,55.33165626777842,104,0.2337490818743428
NAD,direct_neighbor_ridge,soft_tissue,15.324500086651724,27.01477918279766,36,0.4256805579625479
NAD,direct_neighbor_ridge,stomach,32.48867564112569,54.33729477342882,74,0.4390361573125093
NAD,direct_neighbor_ridge,upper_aerodigestive_tract,10.728679530842129,20.967252642578686,60,0.17881132551403547
NAD,direct_neighbor_ridge,urinary_tract,19.475089683580265,48.45243405618742,50,0.3895017936716053
NADP,direct_neighbor_ridge,autonomic_ganglia,25.693633849945034,34.77893908684556,32,0.8029260578107823
NADP,direct_neighbor_ridge,bone,31.98515443625199,19.484173299656543,38,0.8417145904276839
NADP,direct_neighbor_ridge,breast,94.75209860733246,117.9990063816851,98,0.9668581490544128
NADP,direct_neighbor_ridge,central_nervous_system,78.97011065382503,113.20848800730701,98,0.8058174556512758
NADP,direct_neighbor_ridge,endometrium,39.3488495676638,39.34500569184417,56,0.7026580279939963
NADP,direct_neighbor_ridge,haematopoietic_and_lymphoid_tissue,342.9858861713343,353.4522219094337,326,1.0521039453108414
NADP,direct_neighbor_ridge,kidney,41.05255319207347,54.33470459694155,46,0.8924468085233362
NADP,direct_neighbor_ridge,large_intestine,56.380407111579004,72.58815511411154,110,0.5125491555598092
NADP,direct_neighbor_ridge,liver,33.55339253921218,41.83556460715585,50,0.6710678507842437
NADP,direct_neighbor_ridge,lung,441.9263716402439,519.4969468124134,352,1.2554726467052382
NADP,direct_neighbor_ridge,oesophagus,71.29664031308252,100.0446120521017,50,1.4259328062616503
NADP,direct_neighbor_ridge,ovary,59.24318332638958,57.76577855401612,90,0.6582575925154397
NADP,direct_neighbor_ridge,pancreas,51.94829961120647,69.81904395286148,82,0.6335158489171521
NADP,direct_neighbor_ridge,skin,86.01401325816792,91.19949398148815,104,0.8270578197900762
NADP,direct_neighbor_ridge,soft_tissue,28.560533190352515,34.316976174977434,36,0.7933481441764587
NADP,direct_neighbor_ridge,stomach,62.26827389031055,72.81943642163343,74,0.8414631606798724
NADP,direct_neighbor_ridge,upper_aerodigestive_tract,25.502556899214568,30.228839209089394,60,0.4250426149869095
NADP,direct_neighbor_ridge,urinary_tract,23.912356848164688,40.11186558324279,50,0.47824713696329374
UMP,direct_neighbor_ridge,autonomic_ganglia,16.203951506933866,19.760988378641137,32,0.5063734845916833
UMP,direct_neighbor_ridge,bone,15.745364487777845,40.16199023144217,38,0.41435169704678537
UMP,direct_neighbor_ridge,breast,31.199773503027174,29.183906998294468,98,0.3183650357451753
UMP,direct_neighbor_ridge,central_nervous_system,35.7028231741839,62.75807454101035,98,0.36431452218555
UMP,direct_neighbor_ridge,endometrium,20.48045996814706,32.766886686989864,56,0.3657224994311975
UMP,direct_neighbor_ridge,haematopoietic_and_lymphoid_tissue,1009.4532447014512,1950.6397672106914,326,3.096482345709973
UMP,direct_neighbor_ridge,kidney,19.37599352947489,25.116069342207112,46,0.4212172506407585
UMP,direct_neighbor_ridge,large_intestine,75.16321033734037,124.08565610022644,110,0.6833019121576398
UMP,direct_neighbor_ridge,liver,15.559525502802952,24.409137029823377,50,0.311190510056059
UMP,direct_neighbor_ridge,lung,136.23107078965936,205.97249812644475,352,0.38702008747062316
UMP,direct_neighbor_ridge,oesophagus,15.59054337584326,15.665613481881948,50,0.3118108675168652
UMP,direct_neighbor_ridge,ovary,28.840035884200102,41.53131833176785,90,0.32044484315777894
UMP,direct_neighbor_ridge,pancreas,36.56113538483084,36.22642499941739,82,0.445867504693059
UMP,direct_neighbor_ridge,skin,24.082023487570044,53.88439487638264,104,0.23155791814971197
UMP,direct_neighbor_ridge,soft_tissue,18.19620498895433,25.00767528767332,36,0.5054501385820648
UMP,direct_neighbor_ridge,stomach,28.55890821355415,60.54617987562938,74,0.3859311920750561
UMP,direct_neighbor_ridge,upper_aerodigestive_tract,22.060324540262503,31.765226060507924,60,0.3676720756710417
UMP,direct_neighbor_ridge,urinary_tract,24.731087180554105,26.589514445291933,50,0.49462174361108213
acetylcholine,direct_neighbor_ridge,autonomic_ganglia,19.000939572931173,19.073387560248506,32,0.5937793616540992
acetylcholine,direct_neighbor_ridge,bone,26.959693023532417,26.89945407565188,38,0.709465605882432
acetylcholine,direct_neighbor_ridge,breast,121.80765816614365,122.1083996130125,98,1.242935287409629
acetylcholine,direct_neighbor_ridge,central_nervous_system,117.75086838902479,117.64195315225031,98,1.2015394733573959
acetylcholine,direct_neighbor_ridge,endometrium,35.620855193533814,35.682446269029505,56,0.6360866998845324
acetylcholine,direct_neighbor_ridge,haematopoietic_and_lymphoid_tissue,348.4736819277328,331.8966324034542,326,1.0689376746249473
acetylcholine,direct_neighbor_ridge,kidney,36.607907861844744,36.69499034276428,46,0.7958240839531466
acetylcholine,direct_neighbor_ridge,large_intestine,85.52655703518343,85.32942755340547,110,0.777514154865304
acetylcholine,direct_neighbor_ridge,liver,44.99454291120839,45.068793248579695,50,0.8998908582241678
acetylcholine,direct_neighbor_ridge,lung,429.2435739328205,429.55216963647916,352,1.2194419714000582
acetylcholine,direct_neighbor_ridge,oesophagus,55.016401576223025,54.89784696968565,50,1.1003280315244606
acetylcholine,direct_neighbor_ridge,ovary,71.41787750440857,71.45363582088704,90,0.7935319722712063
acetylcholine,direct_neighbor_ridge,pancreas,104.24236470672153,104.27798053160409,82,1.2712483500819698
acetylcholine,direct_neighbor_ridge,skin,140.47813838726688,140.8374025694817,104,1.3507513306467969
acetylcholine,direct_neighbor_ridge,soft_tissue,38.14038767155079,38.13442612832989,36,1.059455213098633
acetylcholine,direct_neighbor_ridge,stomach,39.949424286174136,39.937480846346595,74,0.5398570849482991
acetylcholine,direct_neighbor_ridge,upper_aerodigestive_tract,51.94126733018006,51.90729662059759,60,0.8656877888363343
acetylcholine,direct_neighbor_ridge,urinary_tract,52.48480633660115,52.526881226891796,50,1.049696126732023
aconitate,direct_neighbor_ridge,autonomic_ganglia,15.30593260961041,21.156138623980944,32,0.4783103940503253
aconitate,direct_neighbor_ridge,bone,36.75654452347036,43.02342313701088,38,0.9672774874597463
aconitate,direct_neighbor_ridge,breast,105.8084221392156,113.08395533955772,98,1.0796777769307713
aconitate,direct_neighbor_ridge,central_nervous_system,109.4670642726326,115.14224383023384,98,1.1170108599248225
aconitate,direct_neighbor_ridge,endometrium,37.78083185310685,41.46219102832633,56,0.6746577116626222
aconitate,direct_neighbor_ridge,haematopoietic_and_lymphoid_tissue,456.8921166328227,536.5867279465049,326,1.4015095602233825
aconitate,direct_neighbor_ridge,kidney,45.66478763261145,41.305337624127155,46,0.992712774621988
aconitate,direct_neighbor_ridge,large_intestine,94.11586134903897,93.43009728592288,110,0.8555987395367178
aconitate,direct_neighbor_ridge,liver,58.680400444106276,68.87001494232362,50,1.1736080088821255
aconitate,direct_neighbor_ridge,lung,274.44558106925297,299.9381910107744,352,0.7796749462194686
aconitate,direct_neighbor_ridge,oesophagus,68.93174323323419,43.533068351731565,50,1.3786348646646838
aconitate,direct_neighbor_ridge,ovary,53.023211263058904,55.84033313491042,90,0.5891467918117657
aconitate,direct_neighbor_ridge,pancreas,87.49264585864373,91.00443852293584,82,1.066983486081021
aconitate,direct_neighbor_ridge,skin,92.76187970822583,88.39221726141031,104,0.891941151040633
aconitate,direct_neighbor_ridge,soft_tissue,43.167936144009126,49.95862375835942,36,1.1991093373335868
aconitate,direct_neighbor_ridge,stomach,94.32243677153036,97.48684521500269,74,1.2746275239395994
aconitate,direct_neighbor_ridge,upper_aerodigestive_tract,32.00244847314371,43.97616019932545,60,0.5333741412190618
aconitate,direct_neighbor_ridge,urinary_tract,31.501300979669946,35.29789691098174,50,0.6300260195933989
adenine,direct_neighbor_ridge,autonomic_ganglia,57.18351213674051,57.898961864671875,32,1.786984754273141
adenine,direct_neighbor_ridge,bone,20.429679071209566,23.26363964132603,38,0.5376231334528834
adenine,direct_neighbor_ridge,breast,99.59703726972828,104.75384453408847,98,1.0162962986706967
adenine,direct_neighbor_ridge,central_nervous_system,66.72252290723765,66.01585064902538,98,0.6808420704820168
adenine,direct_neighbor_ridge,endometrium,76.13256077563767,75.1273543127937,56,1.3595100138506726
adenine,direct_neighbor_ridge,haematopoietic_and_lymphoid_tissue,501.24576401899344,510.8526568086553,326,1.5375636933097958
adenine,direct_neighbor_ridge,kidney,38.22222024268301,39.918333750847395,46,0.830917831362674
adenine,direct_neighbor_ridge,large_intestine,135.4368994750814,138.74338152667934,110,1.231244540682558
adenine,direct_neighbor_ridge,liver,29.884898231834903,29.227364717171906,50,0.5976979646366981
adenine,direct_neighbor_ridge,lung,208.42855780605927,203.54477033234213,352,0.5921265846763047
adenine,direct_neighbor_ridge,oesophagus,25.08211893027782,25.10309424877233,50,0.5016423786055564
adenine,direct_neighbor_ridge,ovary,133.69814994357418,133.88603317030805,90,1.4855349993730464
adenine,direct_neighbor_ridge,pancreas,143.21726374401274,141.371852071896,82,1.7465519968782042
adenine,direct_neighbor_ridge,skin,90.19424869214608,90.12670542672161,104,0.8672523912706354
adenine,direct_neighbor_ridge,soft_tissue,21.355147556012987,23.806984158531446,36,0.593198543222583
adenine,direct_neighbor_ridge,stomach,70.10616523588138,71.45062673491321,74,0.9473806112956943
adenine,direct_neighbor_ridge,upper_aerodigestive_tract,61.16813401674636,63.25817840419706,60,1.019468900279106
adenine,direct_neighbor_ridge,urinary_tract,63.98684470428787,61.4071621131486,50,1.2797368940857574
adenosine,direct_neighbor_ridge,autonomic_ganglia,22.302434732256156,17.257740252767025,32,0.6969510853830049
adenosine,direct_neighbor_ridge,bone,66.74411155725842,77.07273738524964,38,1.756423988348906
adenosine,direct_neighbor_ridge,breast,85.70577895807176,92.2557522264633,98,0.8745487648782833
adenosine,direct_neighbor_ridge,central_nervous_system,97.71574262416107,81.58307835788716,98,0.9970994145322558
adenosine,direct_neighbor_ridge,endometrium,60.77834333609596,71.42708335182857,56,1.0853275595731422
adenosine,direct_neighbor_ridge,haematopoietic_and_lymphoid_tissue,228.10641530258334,255.5984441555666,326,0.6997129303760226
adenosine,direct_neighbor_ridge,kidney,29.731130786450578,35.228379622612756,46,0.64632893014023
adenosine,direct_neighbor_ridge,large_intestine,87.2844136782862,110.7076808743577,110,0.7934946698026019
adenosine,direct_neighbor_ridge,liver,61.15795391735193,67.28172943762347,50,1.2231590783470387
adenosine,direct_neighbor_ridge,lung,279.4636700649488,310.1997667869059,352,0.7939308808663319
adenosine,direct_neighbor_ridge,oesophagus,93.88414477703256,81.49460399720425,50,1.8776828955406513
adenosine,direct_neighbor_ridge,ovary,96.64717756827173,101.26301917169239,90,1.0738575285363525
adenosine,direct_neighbor_ridge,pancreas,84.90075874931209,80.98667419279118,82,1.0353751066989278
adenosine,direct_neighbor_ridge,skin,147.08180120323647,155.13548673805846,104,1.4142480884926583
adenosine,direct_neighbor_ridge,soft_tissue,61.94114257614967,74.93928243256796,36,1.7205872937819353
adenosine,direct_neighbor_ridge,stomach,69.54405375948099,68.09198349182661,74,0.9397845102632566
adenosine,direct_neighbor_ridge,upper_aerodigestive_tract,50.26567835998211,55.17294302203916,60,0.8377613059997019
adenosine,direct_neighbor_ridge,urinary_tract,62.86613166853229,69.8052282410424,50,1.2573226333706458
alanine,direct_neighbor_ridge,autonomic_ganglia,15.253753963474756,23.089499831099115,32,0.4766798113585861
alanine,direct_neighbor_ridge,bone,13.448759505361837,26.64316876260873,38,0.3539147238253115
alanine,direct_neighbor_ridge,breast,50.8146486718647,82.96913257169436,98,0.5185168231822929
alanine,direct_neighbor_ridge,central_nervous_system,57.711119628350204,85.53417266585544,98,0.5888889757994918
alanine,direct_neighbor_ridge,endometrium,41.76230240959652,60.952694288916106,56,0.7457554001713664
alanine,direct_neighbor_ridge,haematopoietic_and_lymphoid_tissue,494.5460314603606,478.6311020838161,326,1.517012366442824
alanine,direct_neighbor_ridge,kidney,37.85841578461321,27.50621270269501,46,0.8230090387959393
alanine,direct_neighbor_ridge,large_intestine,117.0623497429261,164.88751866260512,110,1.0642031794811464
alanine,direct_neighbor_ridge,liver,38.843024401149776,64.61370015183205,50,0.7768604880229956
alanine,direct_neighbor_ridge,lung,352.2689149596556,367.49019348686073,352,1.000763962953567
alanine,direct_neighbor_ridge,oesophagus,37.62512602308761,34.350824210010664,50,0.7525025204617521
alanine,direct_neighbor_ridge,ovary,67.57887666968678,59.84568194936855,90,0.7508764074409642
alanine,direct_neighbor_ridge,pancreas,44.65391954916791,67.82019691236589,82,0.5445599945020477
alanine,direct_neighbor_ridge,skin,96.91011734393052,93.17992928231165,104,0.9318280513839473
alanine,direct_neighbor_ridge,soft_tissue,23.700626972084603,28.048289044364843,36,0.6583507492245723
alanine,direct_neighbor_ridge,stomach,47.65195388072424,78.75598937323949,74,0.6439453227124897
alanine,direct_neighbor_ridge,upper_aerodigestive_tract,33.94742970411354,51.499982911539945,60,0.5657904950685589
alanine,direct_neighbor_ridge,urinary_tract,38.66100658367914,59.589535073453646,50,0.7732201316735828
arginine,direct_neighbor_ridge,autonomic_ganglia,16.836137837905895,20.419695597072042,32,0.5261293074345592
arginine,direct_neighbor_ridge,bone,16.560630864508532,15.018978515847651,38,0.4358060753818035
arginine,direct_neighbor_ridge,breast,76.04223489276588,91.17265232153031,98,0.775941172375162
arginine,direct_neighbor_ridge,central_nervous_system,71.43530887379355,72.30166719781926,98,0.728931723201975
arginine,direct_neighbor_ridge,endometrium,47.93347438035981,50.706444376820215,56,0.8559548996492824
arginine,direct_neighbor_ridge,haematopoietic_and_lymphoid_tissue,379.37053230086997,541.9594788407371,326,1.1637132892664723
arginine,direct_neighbor_ridge,kidney,21.59950553238563,20.811170372803282,46,0.4695544680953398
arginine,direct_neighbor_ridge,large_intestine,96.9299058187743,114.48808108636429,110,0.8811809619888573
arginine,direct_neighbor_ridge,liver,60.83538102642024,61.44224906764218,50,1.2167076205284046
arginine,direct_neighbor_ridge,lung,385.5382591021522,472.86561234358965,352,1.0952791451765689
arginine,direct_neighbor_ridge,oesophagus,26.037497865166163,33.09495820589126,50,0.5207499573033233
arginine,direct_neighbor_ridge,ovary,31.115812210707297,37.63687465658164,90,0.34573124678563666
arginine,direct_neighbor_ridge,pancreas,67.42485279830018,81.09523640831478,82,0.8222543024182949
arginine,direct_neighbor_ridge,skin,56.35642258872493,60.606692441398884,104,0.5418886787377397
arginine,direct_neighbor_ridge,soft_tissue,41.6159302230669,52.9701127039788,36,1.1559980617518582
arginine,direct_neighbor_ridge,stomach,72.2563041887947,89.08630975498839,74,0.9764365430918203
arginine,direct_neighbor_ridge,upper_aerodigestive_tract,26.38295756826224,24.85650164067756,60,0.4397159594710373
arginine,direct_neighbor_ridge,urinary_tract,45.684926401468914,38.72522714517315,50,0.9136985280293782
asparagine,direct_neighbor_ridge,autonomic_ganglia,13.05367977959661,15.136842708697744,32,0.40792749311239407
asparagine,direct_neighbor_ridge,bone,32.35919615573461,35.24592263555744,38,0.8515577935719634
asparagine,direct_neighbor_ridge,breast,100.57914603151974,106.65833863182871,98,1.0263178166481606
asparagine,direct_neighbor_ridge,central_nervous_system,188.88894498666085,190.15045488443204,98,1.9274382141496005
asparagine,direct_neighbor_ridge,endometrium,69.35013903151432,66.2205144532516,56,1.23839533984847
asparagine,direct_neighbor_ridge,haematopoietic_and_lymphoid_tissue,175.02878712011307,136.48890899858543,326,0.5368981200003469
asparagine,direct_neighbor_ridge,kidney,108.84793686480579,105.3108920546143,46,2.3662594970609954
asparagine,direct_neighbor_ridge,large_intestine,195.30319674387812,197.4091449972501,110,1.7754836067625284
asparagine,direct_neighbor_ridge,liver,42.869645871319655,48.39931089312142,50,0.8573929174263931
asparagine,direct_neighbor_ridge,lung,280.0604472827845,293.04642835193795,352,0.7956262706897287
asparagine,direct_neighbor_ridge,oesophagus,42.02903583717441,45.0014286127975,50,0.8405807167434882
asparagine,direct_neighbor_ridge,ovary,90.69521908270039,89.86678958336473,90,1.0077246564744489
asparagine,direct_neighbor_ridge,pancreas,83.40261345351712,87.7092614993141,82,1.0171050421160623
asparagine,direct_neighbor_ridge,skin,153.8583565230346,154.42300731796203,104,1.479407274259948
asparagine,direct_neighbor_ridge,soft_tissue,74.68503989384783,72.70394555017299,36,2.074584441495773
asparagine,direct_neighbor_ridge,stomach,52.30341743836729,57.007708232434375,74,0.7068029383563147
asparagine,direct_neighbor_ridge,upper_aerodigestive_tract,77.47265067824367,74.86580111669254,60,1.2912108446373944
asparagine,direct_neighbor_ridge,urinary_tract,86.27663463709882,85.48189159302245,50,1.7255326927419765
aspartate,direct_neighbor_ridge,autonomic_ganglia,14.956482977226033,17.17623144586339,32,0.4673900930383135
aspartate,direct_neighbor_ridge,bone,35.613738060759054,39.251747644867265,38,0.9372036331778698
aspartate,direct_neighbor_ridge,breast,106.32535845861561,113.42038161542135,98,1.0849526373328124
aspartate,direct_neighbor_ridge,central_nervous_system,98.99885050028537,116.59261752189498,98,1.0101923520437284
aspartate,direct_neighbor_ridge,endometrium,71.36596426909304,71.93318893557321,56,1.2743922190909471
aspartate,direct_neighbor_ridge,haematopoietic_and_lymphoid_tissue,364.43873924962634,322.44830593709486,326,1.1179102430970134
aspartate,direct_neighbor_ridge,kidney,69.66751281721433,77.24007983553128,46,1.5145111482003115
aspartate,direct_neighbor_ridge,large_intestine,135.07631683485903,149.7640375511704,110,1.2279665166805367
aspartate,direct_neighbor_ridge,liver,61.480890820424165,71.35457844544234,50,1.2296178164084832
aspartate,direct_neighbor_ridge,lung,249.60336379668465,270.8931344156823,352,0.7091004653314905
aspartate,direct_neighbor_ridge,oesophagus,52.855142523361835,61.60674523217737,50,1.0571028504672366
aspartate,direct_neighbor_ridge,ovary,98.53875654552098,104.51522264162212,90,1.094875072728011
aspartate,direct_neighbor_ridge,pancreas,102.60759811104141,109.91492039561005,82,1.2513121720858709
aspartate,direct_neighbor_ridge,skin,83.82615882093951,87.0054556859795,104,0.8060207578936491
aspartate,direct_neighbor_ridge,soft_tissue,37.956822036507575,38.35551439488721,36,1.054356167680766
aspartate,direct_neighbor_ridge,stomach,65.96316814353457,68.13609207594341,74,0.8913941641018186
aspartate,direct_neighbor_ridge,upper_aerodigestive_tract,49.24439909777803,52.9791338619717,60,0.8207399849629672
aspartate,direct_neighbor_ridge,urinary_tract,28.90407162838202,35.865520843360805,50,0.5780814325676404
beta-alanine,direct_neighbor_ridge,autonomic_ganglia,25.77918251323843,27.155580360579886,32,0.8055994535387009
beta-alanine,direct_neighbor_ridge,bone,25.517591156919877,39.901350947723415,38,0.6715155567610495
beta-alanine,direct_neighbor_ridge,breast,137.4683015638594,157.34294034052164,98,1.4027377710597897
beta-alanine,direct_neighbor_ridge,central_nervous_system,68.54557975436452,92.78485047386592,98,0.6994446913710666
beta-alanine,direct_neighbor_ridge,endometrium,68.19681679891494,80.84785028936237,56,1.217800299980624
beta-alanine,direct_neighbor_ridge,haematopoietic_and_lymphoid_tissue,215.09864089958984,241.8799418377345,326,0.6598117819005823
beta-alanine,direct_neighbor_ridge,kidney,79.91836335853692,70.11406650302291,46,1.7373557251855853
beta-alanine,direct_neighbor_ridge,large_intestine,99.81804190736145,101.23111311434177,110,0.9074367446123768
beta-alanine,direct_neighbor_ridge,liver,40.46402365426334,53.13078698059365,50,0.8092804730852668
beta-alanine,direct_neighbor_ridge,lung,336.9351674706832,391.1708175901135,352,0.9572021803144409
beta-alanine,direct_neighbor_ridge,oesophagus,36.650909979100646,42.13654884543426,50,0.733018199582013
beta-alanine,direct_neighbor_ridge,ovary,84.80574672550122,97.52528675461429,90,0.9422860747277914
beta-alanine,direct_neighbor_ridge,pancreas,69.10189137565678,81.56789169204893,82,0.8427059923860583
beta-alanine,direct_neighbor_ridge,skin,42.42832668763581,72.16575926443952,104,0.40796467968880584
beta-alanine,direct_neighbor_ridge,soft_tissue,31.468347225608493,40.999904503976914,36,0.8741207562669026
beta-alanine,direct_neighbor_ridge,stomach,84.30160316263905,96.56587813792835,74,1.1392108535491765
beta-alanine,direct_neighbor_ridge,upper_aerodigestive_tract,41.680153921083125,55.582242672384176,60,0.6946692320180521
beta-alanine,direct_neighbor_ridge,urinary_tract,31.735183464248394,42.63861686366154,50,0.6347036692849679
betaine,direct_neighbor_ridge,autonomic_ganglia,30.420399851035306,31.59509117749247,32,0.9506374953448533
betaine,direct_neighbor_ridge,bone,16.630458231933456,28.4677462376888,38,0.4376436376824594
betaine,direct_neighbor_ridge,breast,94.0456243157078,114.13265292053791,98,0.959649227711304
betaine,direct_neighbor_ridge,central_nervous_system,26.340657007960946,37.76813594031321,98,0.26878221436694844
betaine,direct_neighbor_ridge,endometrium,44.23763919765059,54.12303175344165,56,0.7899578428151891
betaine,direct_neighbor_ridge,haematopoietic_and_lymphoid_tissue,524.2644028915549,673.8330308332752,326,1.6081730150047697
betaine,direct_neighbor_ridge,kidney,10.723093525543065,16.74802240309998,46,0.2331107288161536
betaine,direct_neighbor_ridge,large_intestine,158.24408527510556,186.63802893901297,110,1.4385825934100505
betaine,direct_neighbor_ridge,liver,60.61582353028425,70.36456208355474,50,1.212316470605685
betaine,direct_neighbor_ridge,lung,402.43399996562596,428.3583531784592,352,1.1432784089932555
betaine,direct_neighbor_ridge,oesophagus,18.587253334662286,24.079170951412507,50,0.3717450666932457
betaine,direct_neighbor_ridge,ovary,31.32622107969348,43.56103042823341,90,0.3480691231077053
betaine,direct_neighbor_ridge,pancreas,39.83105567857042,50.213645833492855,82,0.48574458144598076
betaine,direct_neighbor_ridge,skin,27.386183678805363,29.19898154741583,104,0.2633286892192823
betaine,direct_neighbor_ridge,soft_tissue,84.39753928679274,58.40601425182145,36,2.3443760912997984
betaine,direct_neighbor_ridge,stomach,42.964697224014664,50.425515802918476,74,0.5806040165407387
betaine,direct_neighbor_ridge,upper_aerodigestive_tract,16.966860316040663,22.11900502644344,60,0.2827810052673444
betaine,direct_neighbor_ridge,urinary_tract,17.107437366692587,22.648337748710848,50,0.34214874733385175
cAMP,direct_neighbor_ridge,autonomic_ganglia,20.4451725239581,20.296808561421255,32,0.6389116413736906
cAMP,direct_neighbor_ridge,bone,36.227201553124395,35.499520630365694,38,0.9533474092927472
cAMP,direct_neighbor_ridge,breast,136.07507602147842,136.3842477695486,98,1.388521183892637
cAMP,direct_neighbor_ridge,central_nervous_system,52.438082617737315,52.49054482073651,98,0.535082475691197
cAMP,direct_neighbor_ridge,endometrium,51.1542799352173,51.98990068687109,56,0.9134692845574518
cAMP,direct_neighbor_ridge,haematopoietic_and_lymphoid_tissue,501.34982453442444,503.88818827842647,326,1.5378828973448602
cAMP,direct_neighbor_ridge,kidney,29.498736108086003,29.41173432492039,46,0.6412768719149131
cAMP,direct_neighbor_ridge,large_intestine,108.92626917391907,109.56026330964401,110,0.9902388106719915
cAMP,direct_neighbor_ridge,liver,33.85042953145547,34.01537668704064,50,0.6770085906291093
cAMP,direct_neighbor_ridge,lung,377.4645269288782,378.1439873372851,352,1.0723424060479494
cAMP,direct_neighbor_ridge,oesophagus,28.37800076540524,28.600123350441393,50,0.5675600153081048
cAMP,direct_neighbor_ridge,ovary,81.7291107541593,83.10313884378255,90,0.90810123060177
cAMP,direct_neighbor_ridge,pancreas,52.67120492585963,53.63542182004924,82,0.642331767388532
cAMP,direct_neighbor_ridge,skin,157.7336123468973,154.94864815789347,104,1.5166693494893972
cAMP,direct_neighbor_ridge,soft_tissue,20.245174998911295,20.497205798559875,36,0.5623659721919805
cAMP,direct_neighbor_ridge,stomach,42.428655757923444,41.607558727800274,74,0.5733602129449114
cAMP,direct_neighbor_ridge,upper_aerodigestive_tract,45.50665956410679,44.760014213368116,60,0.7584443260684465
cAMP,direct_neighbor_ridge,urinary_tract,54.28966539322926,53.77486928593575,50,1.0857933078645852
carnosine,direct_neighbor_ridge,autonomic_ganglia,19.69465024866257,29.28009046008644,32,0.6154578202707053
carnosine,direct_neighbor_ridge,bone,46.514630942031104,45.067295409121414,38,1.224069235316608
carnosine,direct_neighbor_ridge,breast,69.05372657271893,101.43686525685138,98,0.7046298629869279
carnosine,direct_neighbor_ridge,central_nervous_system,85.16234314641235,60.093663702431186,98,0.8690035014940036
carnosine,direct_neighbor_ridge,endometrium,16.320454615373038,38.926289710088476,56,0.29143668956023283
carnosine,direct_neighbor_ridge,haematopoietic_and_lymphoid_tissue,633.4145775325604,1212.5700774442041,326,1.942989501633621
carnosine,direct_neighbor_ridge,kidney,9.607860839587769,16.088168500154858,46,0.20886653999103846
carnosine,direct_neighbor_ridge,large_intestine,75.98888213571081,96.96249413782826,110,0.6908080194155528
carnosine,direct_neighbor_ridge,liver,31.25304909440372,33.306569473789544,50,0.6250609818880745
carnosine,direct_neighbor_ridge,lung,162.82784006029948,310.4660676425657,352,0.46257909108039624
carnosine,direct_neighbor_ridge,oesophagus,15.29410496103764,15.566670363795744,50,0.30588209922075277
carnosine,direct_neighbor_ridge,ovary,36.37829172093775,86.3204218663058,90,0.4042032413437528
carnosine,direct_neighbor_ridge,pancreas,54.984226292011364,61.4837844490474,82,0.6705393450245288
carnosine,direct_neighbor_ridge,skin,49.454180615113614,41.70673084932338,104,0.47552096745301553
carnosine,direct_neighbor_ridge,soft_tissue,36.23625840245608,42.50881951679851,36,1.0065627334015579
carnosine,direct_neighbor_ridge,stomach,75.41731699764168,76.60817159219197,74,1.0191529324005633
carnosine,direct_neighbor_ridge,upper_aerodigestive_tract,25.31858294852197,20.952962034589223,60,0.4219763824753662
carnosine,direct_neighbor_ridge,urinary_tract,13.654234750838349,13.634684300945606,50,0.27308469501676697
choline,direct_neighbor_ridge,autonomic_ganglia,9.483618423982238,10.448102850250764,32,0.2963630757494449
choline,direct_neighbor_ridge,bone,63.817172083710275,60.06740501799859,38,1.6793992653607968
choline,direct_neighbor_ridge,breast,43.931294794793104,45.01673124809979,98,0.44827851831421534
choline,direct_neighbor_ridge,central_nervous_system,62.08718265067403,60.12067000628494,98,0.6335426801089187
choline,direct_neighbor_ridge,endometrium,107.77562641897833,104.7573908083379,56,1.924564757481756
choline,direct_neighbor_ridge,haematopoietic_and_lymphoid_tissue,279.1022008022855,237.71073632125004,326,0.8561417202524095
choline,direct_neighbor_ridge,kidney,17.215764920558836,22.546935569678475,46,0.3742557591425834
choline,direct_neighbor_ridge,large_intestine,94.35950627902197,90.55228342525487,110,0.8578136934456543
choline,direct_neighbor_ridge,liver,147.43917726961766,155.05271697967362,50,2.948783545392353
choline,direct_neighbor_ridge,lung,376.0646813683039,388.9325131457225,352,1.0683655720690453
choline,direct_neighbor_ridge,oesophagus,31.726427518038733,31.81559706259283,50,0.6345285503607747
choline,direct_neighbor_ridge,ovary,52.50286427831229,57.3216545918251,90,0.5833651586479143
choline,direct_neighbor_ridge,pancreas,124.75484199455965,121.82389196356861,82,1.5214005121287764
choline,direct_neighbor_ridge,skin,137.74519685210097,148.21403191199536,104,1.3244730466548171
choline,direct_neighbor_ridge,soft_tissue,20.227834006739805,19.250593298838595,36,0.5618842779649946
choline,direct_neighbor_ridge,stomach,100.71546023331226,104.86884102188029,74,1.3610197328825981
choline,direct_neighbor_ridge,upper_aerodigestive_tract,35.45091880959188,36.35796826674986,60,0.5908486468265314
choline,direct_neighbor_ridge,urinary_tract,113.94547975292542,107.5805291079323,50,2.2789095950585083
citrate,direct_neighbor_ridge,autonomic_ganglia,22.98075525198743,37.844314516277365,32,0.7181486016246071
citrate,direct_neighbor_ridge,bone,22.062223068916044,36.352858081436864,38,0.5805848176030538
citrate,direct_neighbor_ridge,breast,57.80083546625879,121.39721528874728,98,0.5898044435332529
citrate,direct_neighbor_ridge,central_nervous_system,45.37277708578705,99.65757029022703,98,0.4629875212835413
citrate,direct_neighbor_ridge,endometrium,26.422937345730695,34.295205967414994,56,0.47183816688804814
citrate,direct_neighbor_ridge,haematopoietic_and_lymphoid_tissue,361.30624138008216,752.374670654528,326,1.1083013539266324
citrate,direct_neighbor_ridge,kidney,21.56111774457014,32.565104058860776,46,0.4687199509689161
citrate,direct_neighbor_ridge,large_intestine,57.36169462654166,98.30618958866987,110,0.5214699511503788
citrate,direct_neighbor_ridge,liver,26.195057821756503,62.0004405714531,50,0.52390115643513
citrate,direct_neighbor_ridge,lung,158.67968967490566,278.3892600719381,352,0.4507945729400729
citrate,direct_neighbor_ridge,oesophagus,12.789904383016374,29.943650891141065,50,0.25579808766032747
citrate,direct_neighbor_ridge,ovary,24.783560390280993,37.44420484303684,90,0.27537289322534436
citrate,direct_neighbor_ridge,pancreas,54.997218686324274,75.94529182738415,82,0.6706977888576131
citrate,direct_neighbor_ridge,skin,51.99809763408264,65.10853763043978,104,0.4999817080200254
citrate,direct_neighbor_ridge,soft_tissue,26.446742921568127,33.72724556493904,36,0.7346317478213369
citrate,direct_neighbor_ridge,stomach,54.75632645724625,81.67839892520078,74,0.7399503575303548
citrate,direct_neighbor_ridge,upper_aerodigestive_tract,18.862111411426167,35.244912783007734,60,0.3143685235237694
citrate,direct_neighbor_ridge,urinary_tract,26.23018224570529,30.45171230240248,50,0.5246036449141058
citrulline,direct_neighbor_ridge,autonomic_ganglia,13.935441227132719,26.956380435993758,32,0.43548253834789746
citrulline,direct_neighbor_ridge,bone,15.062930464371124,25.676798625150315,38,0.39639290695713486
citrulline,direct_neighbor_ridge,breast,104.30323086446855,126.85741430360807,98,1.0643186822904953
citrulline,direct_neighbor_ridge,central_nervous_system,73.07497004500341,106.20368241203039,98,0.745662959642892
citrulline,direct_neighbor_ridge,endometrium,31.650427465435254,53.15730850982486,56,0.5651862047399152
citrulline,direct_neighbor_ridge,haematopoietic_and_lymphoid_tissue,440.69318362718644,605.8818994587248,326,1.351819581678486
citrulline,direct_neighbor_ridge,kidney,20.06590928344392,32.185545035359766,46,0.4362154192053026
citrulline,direct_neighbor_ridge,large_intestine,106.19106696576509,87.77807277964598,110,0.9653733360524099
citrulline,direct_neighbor_ridge,liver,40.600647803390125,53.66789528810695,50,0.8120129560678024
citrulline,direct_neighbor_ridge,lung,326.53709314987,391.2164638643016,352,0.9276621964484942
citrulline,direct_neighbor_ridge,oesophagus,41.11813366132325,30.063328612878916,50,0.822362673226465
citrulline,direct_neighbor_ridge,ovary,48.44441603933597,79.96959430092173,90,0.5382712893259552
citrulline,direct_neighbor_ridge,pancreas,46.19705007093955,64.15702662603245,82,0.5633786594017018
citrulline,direct_neighbor_ridge,skin,43.60741546644313,41.127379727288805,104,0.4193020717927224
citrulline,direct_neighbor_ridge,soft_tissue,43.356949693992256,35.00083688041383,36,1.204359713722007
citrulline,direct_neighbor_ridge,stomach,45.08310091305714,62.21333707386258,74,0.6092310934196911
citrulline,direct_neighbor_ridge,upper_aerodigestive_tract,16.502767774765886,29.796277138760836,60,0.2750461295794314
citrulline,direct_neighbor_ridge,urinary_tract,21.71644515855961,21.785793525147866,50,0.43432890317119216
cytidine,direct_neighbor_ridge,autonomic_ganglia,81.65712263334274,88.53327134339168,32,2.5517850822919605
cytidine,direct_neighbor_ridge,bone,30.29915624997534,29.028282846054417,38,0.7973462171046142
cytidine,direct_neighbor_ridge,breast,87.34080511905286,90.69338596418714,98,0.8912327052964577
cytidine,direct_neighbor_ridge,central_nervous_system,50.849012936731,44.540444905077486,98,0.5188674789462348
cytidine,direct_neighbor_ridge,endometrium,36.9735591460869,38.782164928279066,56,0.6602421276086946
cytidine,direct_neighbor_ridge,haematopoietic_and_lymphoid_tissue,873.9548831260001,881.217395748793,326,2.6808431997730064
cytidine,direct_neighbor_ridge,kidney,22.350795868266072,23.211968488564597,46,0.4858868667014363
cytidine,direct_neighbor_ridge,large_intestine,122.96216758187892,121.45142356421029,110,1.1178378871079901
cytidine,direct_neighbor_ridge,liver,37.040606425291436,37.20430157396657,50,0.7408121285058287
cytidine,direct_neighbor_ridge,lung,253.59394898453098,257.64078784222585,352,0.7204373550696903
cytidine,direct_neighbor_ridge,oesophagus,48.270838554374535,55.40872783044671,50,0.9654167710874907
cytidine,direct_neighbor_ridge,ovary,60.07502249796908,58.20209469657201,90,0.6675002499774342
cytidine,direct_neighbor_ridge,pancreas,83.67417844976428,80.46586253743045,82,1.0204168103629792
cytidine,direct_neighbor_ridge,skin,72.10342910023779,65.56595311133827,104,0.6933022028869018
cytidine,direct_neighbor_ridge,soft_tissue,33.51721488472409,31.872118404016465,36,0.9310337467978914
cytidine,direct_neighbor_ridge,stomach,62.490688764695825,63.58885528798008,74,0.8444687670904841
cytidine,direct_neighbor_ridge,upper_aerodigestive_tract,72.42325147011354,76.06074801544645,60,1.207054191168559
cytidine,direct_neighbor_ridge,urinary_tract,44.362770779916,42.847087694650796,50,0.88725541559832
dimethylglycine,direct_neighbor_ridge,autonomic_ganglia,8.245009350802707,28.37578223436372,32,0.2576565422125846
dimethylglycine,direct_neighbor_ridge,bone,16.344387451786556,24.894316933060765,38,0.43011545925754097
dimethylglycine,direct_neighbor_ridge,breast,44.492160156205024,106.47209363339256,98,0.45400163424699
dimethylglycine,direct_neighbor_ridge,central_nervous_system,52.60865595624985,96.42997959664116,98,0.5368230199617331
dimethylglycine,direct_neighbor_ridge,endometrium,33.04509729701872,48.63914869796666,56,0.5900910231610486
dimethylglycine,direct_neighbor_ridge,haematopoietic_and_lymphoid_tissue,274.2724304392134,728.4037362840984,326,0.8413264737399184
dimethylglycine,direct_neighbor_ridge,kidney,14.034770432024327,27.307804750980637,46,0.30510370504400713
dimethylglycine,direct_neighbor_ridge,large_intestine,46.05797616614175,91.87690829833963,110,0.41870887423765224
dimethylglycine,direct_neighbor_ridge,liver,24.951077726271443,55.34401412771776,50,0.49902155452542885
dimethylglycine,direct_neighbor_ridge,lung,198.96335230165278,423.861114859025,352,0.5652367963115136
dimethylglycine,direct_neighbor_ridge,oesophagus,13.698268373873889,21.626683288182704,50,0.2739653674774778
dimethylglycine,direct_neighbor_ridge,ovary,51.79474067344803,88.57290041360964,90,0.575497118593867
dimethylglycine,direct_neighbor_ridge,pancreas,34.21117366637413,71.27757638973233,82,0.41720943495578205
dimethylglycine,direct_neighbor_ridge,skin,33.19109735443805,37.252565808105736,104,0.31914516686959665
dimethylglycine,direct_neighbor_ridge,soft_tissue,34.31051655411802,30.163030156665126,36,0.953069904281056
dimethylglycine,direct_neighbor_ridge,stomach,37.15275592545853,74.77451120454074,74,0.5020642692629531
dimethylglycine,direct_neighbor_ridge,upper_aerodigestive_tract,18.628622221358956,29.542757868404752,60,0.3104770370226493
dimethylglycine,direct_neighbor_ridge,urinary_tract,24.506739933258345,14.570967160635634,50,0.4901347986651669
glucuronate,direct_neighbor_ridge,autonomic_ganglia,10.390692461716942,13.656932867705866,32,0.3247091394286544
glucuronate,direct_neighbor_ridge,bone,18.580090987898206,19.65013104880602,38,0.4889497628394265
glucuronate,direct_neighbor_ridge,breast,67.1515040630338,75.64507790911131,98,0.6852194292146306
glucuronate,direct_neighbor_ridge,central_nervous_system,50.14982960097802,78.66276754841896,98,0.5117329551120207
glucuronate,direct_neighbor_ridge,endometrium,29.019424758168256,40.35863248587207,56,0.5182040135387188
glucuronate,direct_neighbor_ridge,haematopoietic_and_lymphoid_tissue,992.6153223704987,1051.996142948738,326,3.044832277210119
glucuronate,direct_neighbor_ridge,kidney,22.95374071125221,27.5388384124715,46,0.4989943632880915
glucuronate,direct_neighbor_ridge,large_intestine,55.37323853228017,56.908303966053246,110,0.5033930775661833
glucuronate,direct_neighbor_ridge,liver,26.4842269606522,27.457641131343774,50,0.529684539213044
glucuronate,direct_neighbor_ridge,lung,260.17737716860336,304.35017690493146,352,0.7391402760471686
glucuronate,direct_neighbor_ridge,oesophagus,23.893603700634046,25.134227780637175,50,0.4778720740126809
glucuronate,direct_neighbor_ridge,ovary,34.138424395361476,42.196046076360666,90,0.3793158266151275
glucuronate,direct_neighbor_ridge,pancreas,51.728633777703386,69.0082383119491,82,0.6308369972890657
glucuronate,direct_neighbor_ridge,skin,55.774821524200014,51.72102471939011,104,0.5362963608096155
glucuronate,direct_neighbor_ridge,soft_tissue,14.764213632982877,21.214563453751364,36,0.4101170453606355
glucuronate,direct_neighbor_ridge,stomach,39.60409893084634,49.7714820284511,74,0.5351905260925182
glucuronate,direct_neighbor_ridge,upper_aerodigestive_tract,26.834952550971604,42.41040653035355,60,0.44724920918286004
glucuronate,direct_neighbor_ridge,urinary_tract,26.08155225107049,41.806276043042395,50,0.5216310450214098
glutamate,direct_neighbor_ridge,autonomic_ganglia,15.222929558354114,17.884780646834365,32,0.47571654869856606
glutamate,direct_neighbor_ridge,bone,22.38701031129653,30.68821572279227,38,0.5891318502972771
glutamate,direct_neighbor_ridge,breast,252.3737183078468,297.23453838673845,98,2.575242023549457
glutamate,direct_neighbor_ridge,central_nervous_system,94.50806953435881,119.91697022332326,98,0.9643680564730491
glutamate,direct_neighbor_ridge,endometrium,33.75128548830693,43.0017062007455,56,0.6027015265769095
glutamate,direct_neighbor_ridge,haematopoietic_and_lymphoid_tissue,644.7359108656132,460.64089116443927,326,1.9777175179926785
glutamate,direct_neighbor_ridge,kidney,50.102217585193586,52.754906592371604,46,1.0891786431563824
glutamate,direct_neighbor_ridge,large_intestine,111.15295256189565,145.61438134861365,110,1.010481386926324
glutamate,direct_neighbor_ridge,liver,109.48007722649056,127.76259223207654,50,2.189601544529811
glutamate,direct_neighbor_ridge,lung,221.91471423931546,247.78253389728505,352,0.6304395290889644
glutamate,direct_neighbor_ridge,oesophagus,16.676212716157266,12.578419279297668,50,0.3335242543231453
glutamate,direct_neighbor_ridge,ovary,49.09917295547606,53.766944339431284,90,0.5455463661719562
glutamate,direct_neighbor_ridge,pancreas,48.599987596606596,49.09091708197224,82,0.5926827755683731
glutamate,direct_neighbor_ridge,skin,62.85313589166176,65.73260780739935,104,0.604357075881363
glutamate,direct_neighbor_ridge,soft_tissue,22.09880231138688,18.055365260274602,36,0.6138556197607467
glutamate,direct_neighbor_ridge,stomach,78.18669585830023,78.93267848220165,74,1.0565769710581112
glutamate,direct_neighbor_ridge,upper_aerodigestive_tract,28.056648220749917,28.8585825407158,60,0.4676108036791653
glutamate,direct_neighbor_ridge,urinary_tract,38.447135634738856,43.998029857175176,50,0.7689427126947771
glutamine,direct_neighbor_ridge,autonomic_ganglia,14.804514798221902,17.73809693594835,32,0.46264108744443444
glutamine,direct_neighbor_ridge,bone,30.317673045514876,33.32546453808344,38,0.7978335011977599
glutamine,direct_neighbor_ridge,breast,49.79767924423864,60.52285620622036,98,0.508139584124884
glutamine,direct_neighbor_ridge,central_nervous_system,87.01926073515271,98.62226834071858,98,0.8879516401546195
glutamine,direct_neighbor_ridge,endometrium,66.81356434319547,65.00195482965954,56,1.1930993632713476
glutamine,direct_neighbor_ridge,haematopoietic_and_lymphoid_tissue,315.4521432273884,432.1924754103308,326,0.9676446111269582
glutamine,direct_neighbor_ridge,kidney,55.72514401702143,47.65303485857338,46,1.2114161742830745
glutamine,direct_neighbor_ridge,large_intestine,156.3581172284732,176.81803468766097,110,1.4214374293497563
glutamine,direct_neighbor_ridge,liver,104.84732271999225,93.92670786555531,50,2.096946454399845
glutamine,direct_neighbor_ridge,lung,267.9782352898296,276.7294330629547,352,0.7613018048006523
glutamine,direct_neighbor_ridge,oesophagus,7.86417593489676,10.215492440738693,50,0.15728351869793522
glutamine,direct_neighbor_ridge,ovary,67.6228909049843,77.76634057783211,90,0.7513654544998256
glutamine,direct_neighbor_ridge,pancreas,69.46563465739271,74.2409176577061,82,0.8471418860657648
glutamine,direct_neighbor_ridge,skin,64.60949355918697,74.32240966791385,104,0.6212451303767978
glutamine,direct_neighbor_ridge,soft_tissue,28.91016278253803,24.986487506844135,36,0.8030600772927231
glutamine,direct_neighbor_ridge,stomach,93.2283530180398,106.93035309769125,74,1.2598426083518892
glutamine,direct_neighbor_ridge,upper_aerodigestive_tract,38.77044530451844,47.772038867676514,60,0.6461740884086407
glutamine,direct_neighbor_ridge,urinary_tract,61.984200336309044,73.47347019164614,50,1.239684006726181
glycine,direct_neighbor_ridge,autonomic_ganglia,13.948662873004677,11.286199975381846,32,0.43589571478139616
glycine,direct_neighbor_ridge,bone,74.46622830442882,102.05159215932598,38,1.9596375869586533
glycine,direct_neighbor_ridge,breast,47.89239607375322,53.098498274836174,98,0.4886979191199308
glycine,direct_neighbor_ridge,central_nervous_system,127.15256875188129,120.53337169894951,98,1.2974751913457274
glycine,direct_neighbor_ridge,endometrium,72.8728647200853,110.24179770181917,56,1.301301155715809
glycine,direct_neighbor_ridge,haematopoietic_and_lymphoid_tissue,195.6446216237563,189.10407870379953,326,0.6001368761464917
glycine,direct_neighbor_ridge,kidney,57.69841125819375,65.57592730469655,46,1.2543132882216033
glycine,direct_neighbor_ridge,large_intestine,137.4397641316196,173.64667185884713,110,1.2494524011965418
glycine,direct_neighbor_ridge,liver,81.15612295206545,111.46376215693958,50,1.623122459041309
glycine,direct_neighbor_ridge,lung,233.2384851019251,308.4408853782585,352,0.6626093326759236
glycine,direct_neighbor_ridge,oesophagus,40.335536036179406,54.35536268587594,50,0.8067107207235881
glycine,direct_neighbor_ridge,ovary,43.68058980642597,60.53763801568016,90,0.48533988673806633
glycine,direct_neighbor_ridge,pancreas,65.38899508217553,71.65572920652322,82,0.7974267692948235
glycine,direct_neighbor_ridge,skin,68.18939143165201,93.78066528001993,104,0.6556672253043463
glycine,direct_neighbor_ridge,soft_tissue,58.5651666053355,63.038504514075335,36,1.6268101834815416
glycine,direct_neighbor_ridge,stomach,69.27804132744947,69.34186170075002,74,0.9361897476682361
glycine,direct_neighbor_ridge,upper_aerodigestive_tract,26.13325421462206,46.66941269749037,60,0.43555423691036765
glycine,direct_neighbor_ridge,urinary_tract,70.08873035806116,93.68840199981967,50,1.4017746071612232
guanosine,direct_neighbor_ridge,autonomic_ganglia,47.930417549125536,52.224022554678,32,1.497825548410173
guanosine,direct_neighbor_ridge,bone,49.83021473761968,55.36028218657023,38,1.3113214404636757
guanosine,direct_neighbor_ridge,breast,80.82789476050999,82.74799651134627,98,0.8247744363317346
guanosine,direct_neighbor_ridge,central_nervous_system,165.9286244702085,162.4320853463253,98,1.6931492292878418
guanosine,direct_neighbor_ridge,endometrium,50.35906308937161,59.252078544237584,56,0.8992689837387787
guanosine,direct_neighbor_ridge,haematopoietic_and_lymphoid_tissue,241.7901188858027,234.51508772888812,326,0.7416874812447936
guanosine,direct_neighbor_ridge,kidney,41.04401375155779,39.79644278291816,46,0.8922611685121259
guanosine,direct_neighbor_ridge,large_intestine,117.06325882313583,131.5834855936937,110,1.0642114438466894
guanosine,direct_neighbor_ridge,liver,50.041888390560466,48.229002213484634,50,1.0008377678112093
guanosine,direct_neighbor_ridge,lung,333.0910194708115,342.7814427232185,352,0.9462813053148054
guanosine,direct_neighbor_ridge,oesophagus,60.10938704408728,66.57265278362907,50,1.2021877408817456
guanosine,direct_neighbor_ridge,ovary,62.61039021519818,71.83149003798675,90,0.6956710023910909
guanosine,direct_neighbor_ridge,pancreas,51.21233676426208,56.142579083135004,82,0.6245406922470986
guanosine,direct_neighbor_ridge,skin,210.51612855022557,204.15392519996078,104,2.024193543752169
guanosine,direct_neighbor_ridge,soft_tissue,38.238180666468885,39.51126758154456,36,1.0621716851796912
guanosine,direct_neighbor_ridge,stomach,78.9478991180997,89.16564311487066,74,1.0668635015959418
guanosine,direct_neighbor_ridge,upper_aerodigestive_tract,26.41570292997428,29.594765003075565,60,0.4402617154995713
guanosine,direct_neighbor_ridge,urinary_tract,41.63600595512216,43.698852299716684,50,0.8327201191024431
histidine,direct_neighbor_ridge,autonomic_ganglia,37.90694854178356,36.403516029872485,32,1.1845921419307361
histidine,direct_neighbor_ridge,bone,30.98470798237168,29.204159591233246,38,0.8153870521676758
histidine,direct_neighbor_ridge,breast,88.39035446935192,87.60094784746114,98,0.9019423925444073
histidine,direct_neighbor_ridge,central_nervous_system,109.46715687136474,76.88961855745991,98,1.1170118048098443
histidine,direct_neighbor_ridge,endometrium,36.25620597036835,43.33070677310896,56,0.6474322494708634
histidine,direct_neighbor_ridge,haematopoietic_and_lymphoid_tissue,1053.8870743436396,919.2165462067455,326,3.2327824366369313
histidine,direct_neighbor_ridge,kidney,33.01552397007984,24.721920698936955,46,0.7177287819582574
histidine,direct_neighbor_ridge,large_intestine,135.39770535877537,168.18139783832893,110,1.2308882305343216
histidine,direct_neighbor_ridge,liver,55.437681115260006,44.631682432734515,50,1.1087536223052001
histidine,direct_neighbor_ridge,lung,348.2842151924873,363.706302468809,352,0.9894437931604753
histidine,direct_neighbor_ridge,oesophagus,16.392004131915055,13.579654260943327,50,0.3278400826383011
histidine,direct_neighbor_ridge,ovary,52.049396242512536,58.96622011689066,90,0.578326624916806
histidine,direct_neighbor_ridge,pancreas,32.47232172350644,30.329336202167784,82,0.3960039234573956
histidine,direct_neighbor_ridge,skin,66.08212060274893,67.05758267762819,104,0.6354050057956628
histidine,direct_neighbor_ridge,soft_tissue,41.52790587340939,43.45410639988698,36,1.1535529409280385
histidine,direct_neighbor_ridge,stomach,54.82137727377511,48.39933374619394,74,0.7408294226185826
histidine,direct_neighbor_ridge,upper_aerodigestive_tract,32.61770310523747,40.88891077267308,60,0.5436283850872912
histidine,direct_neighbor_ridge,urinary_tract,50.866897292250805,55.64760353374382,50,1.017337945845016
homocysteine,direct_neighbor_ridge,autonomic_ganglia,29.145743327831703,24.141431190199697,32,0.9108044789947407
homocysteine,direct_neighbor_ridge,bone,44.39359579085201,42.33921517020665,38,1.168252520811895
homocysteine,direct_neighbor_ridge,breast,74.00830778252421,75.65375228945449,98,0.75518681410739
homocysteine,direct_neighbor_ridge,central_nervous_system,91.99081741810734,97.4595293647346,98,0.9386818103888505
homocysteine,direct_neighbor_ridge,endometrium,41.53007552531043,43.98250557822242,56,0.7416084915234006
homocysteine,direct_neighbor_ridge,haematopoietic_and_lymphoid_tissue,358.5145945599596,334.2170238648355,326,1.0997380201225755
homocysteine,direct_neighbor_ridge,kidney,30.04820479094225,31.243996551610078,46,0.6532218432813532
homocysteine,direct_neighbor_ridge,large_intestine,148.40602348049205,151.52377236481996,110,1.349145668004473
homocysteine,direct_neighbor_ridge,liver,20.889088510517645,21.83486751641966,50,0.4177817702103529
homocysteine,direct_neighbor_ridge,lung,311.3828177561612,327.2979779009977,352,0.8846102777163671
homocysteine,direct_neighbor_ridge,oesophagus,45.25279997357161,42.13531524915373,50,0.9050559994714322
homocysteine,direct_neighbor_ridge,ovary,65.31293468453335,64.9615904435199,90,0.7256992742725927
homocysteine,direct_neighbor_ridge,pancreas,81.83006268069879,92.20708152929657,82,0.9979275936670584
homocysteine,direct_neighbor_ridge,skin,154.9060184329509,164.627096253268,104,1.4894809464706817
homocysteine,direct_neighbor_ridge,soft_tissue,44.320830053441696,46.73531618210813,36,1.2311341681511583
homocysteine,direct_neighbor_ridge,stomach,108.52361965895001,99.61010809945972,74,1.4665354007966218
homocysteine,direct_neighbor_ridge,upper_aerodigestive_tract,55.3614704626586,56.88555936811435,60,0.9226911743776434
homocysteine,direct_neighbor_ridge,urinary_tract,61.12962813688905,61.079555185686985,50,1.2225925627377812
hypoxanthine,direct_neighbor_ridge,autonomic_ganglia,48.32526692872425,46.81003054446879,32,1.5101645915226327
hypoxanthine,direct_neighbor_ridge,bone,35.18904104770296,33.869479348858974,38,0.9260273959921831
hypoxanthine,direct_neighbor_ridge,breast,82.21658557600531,77.09299854519368,98,0.8389447507755644
hypoxanthine,direct_neighbor_ridge,central_nervous_system,122.69403640945087,127.08172437388374,98,1.2519799633617437
hypoxanthine,direct_neighbor_ridge,endometrium,51.85936878292077,52.36349605466948,56,0.9260601568378709
hypoxanthine,direct_neighbor_ridge,haematopoietic_and_lymphoid_tissue,385.0143565424894,417.30105167080467,326,1.1810256335659184
hypoxanthine,direct_neighbor_ridge,kidney,29.054794702813165,28.526105977590127,46,0.6316259718002862
hypoxanthine,direct_neighbor_ridge,large_intestine,139.22431494327859,142.94296284228122,110,1.2656755903934418
hypoxanthine,direct_neighbor_ridge,liver,41.776660302288384,42.67671707055951,50,0.8355332060457676
hypoxanthine,direct_neighbor_ridge,lung,357.6079557372086,352.5966379003855,352,1.0159316924352517
hypoxanthine,direct_neighbor_ridge,oesophagus,56.200286766455605,59.54067048983085,50,1.1240057353291122
hypoxanthine,direct_neighbor_ridge,ovary,76.07030677049362,73.43105643234294,90,0.8452256307832624
hypoxanthine,direct_neighbor_ridge,pancreas,75.41444961463581,80.91707389763172,82,0.9196884099345831
hypoxanthine,direct_neighbor_ridge,skin,98.4487628800916,100.24631483545119,104,0.9466227200008809
hypoxanthine,direct_neighbor_ridge,soft_tissue,37.69068738952276,32.81050730777413,36,1.0469635385978544
hypoxanthine,direct_neighbor_ridge,stomach,63.61762925322157,65.6667495576617,74,0.8596976926111023
hypoxanthine,direct_neighbor_ridge,upper_aerodigestive_tract,67.92305542642731,72.403490285959,60,1.1320509237737886
hypoxanthine,direct_neighbor_ridge,urinary_tract,29.95085179285759,30.471579780779738,50,0.5990170358571518
inosine,direct_neighbor_ridge,autonomic_ganglia,44.598196201727475,48.17505654427296,32,1.3936936313039836
inosine,direct_neighbor_ridge,bone,46.646032013770906,49.903773602137015,38,1.2275271582571292
inosine,direct_neighbor_ridge,breast,76.10615682921812,73.20905678065458,98,0.776593437032838
inosine,direct_neighbor_ridge,central_nervous_system,76.65511512939104,69.28803701436968,98,0.7821950523407248
inosine,direct_neighbor_ridge,endometrium,44.31939490211781,49.14838510834445,56,0.7914177661092465
inosine,direct_neighbor_ridge,haematopoietic_and_lymphoid_tissue,368.50933533298496,399.49410384819714,326,1.1303967341502605
inosine,direct_neighbor_ridge,kidney,45.139068107374825,39.272089421840775,46,0.9812840892907571
inosine,direct_neighbor_ridge,large_intestine,124.06628375275827,133.03991423145715,110,1.127875306843257
inosine,direct_neighbor_ridge,liver,34.98744396613118,40.39239609364602,50,0.6997488793226236
inosine,direct_neighbor_ridge,lung,426.40739194654884,451.96998691320056,352,1.2113846362117864
inosine,direct_neighbor_ridge,oesophagus,73.56883276010895,77.99357719746178,50,1.471376655202179
inosine,direct_neighbor_ridge,ovary,43.64845279373449,40.035441730184644,90,0.48498280881927214
inosine,direct_neighbor_ridge,pancreas,64.64608181135257,71.65119465306098,82,0.7883668513579583
inosine,direct_neighbor_ridge,skin,98.7925548502868,89.11352419642628,104,0.9499284120219885
inosine,direct_neighbor_ridge,soft_tissue,12.791194037903148,12.65907631611945,36,0.3553109454973097
inosine,direct_neighbor_ridge,stomach,95.236250953314,101.33125665374071,74,1.2869763642339729
inosine,direct_neighbor_ridge,upper_aerodigestive_tract,29.964669589048096,30.857356127885314,60,0.49941115981746825
inosine,direct_neighbor_ridge,urinary_tract,36.52179626921711,37.047255393347726,50,0.7304359253843422
inositol,direct_neighbor_ridge,autonomic_ganglia,6.581180385589974,7.483763308192955,32,0.2056618870496867
inositol,direct_neighbor_ridge,bone,42.00617980340567,43.85644667630355,38,1.1054257843001494
inositol,direct_neighbor_ridge,breast,110.3453949120864,111.21234535461247,98,1.1259734174702694
inositol,direct_neighbor_ridge,central_nervous_system,92.36861896344789,87.03474490100693,98,0.9425369281984478
inositol,direct_neighbor_ridge,endometrium,86.48172294603361,84.8482067518926,56,1.5443164811791716
inositol,direct_neighbor_ridge,haematopoietic_and_lymphoid_tissue,399.6294952420701,382.5069011582972,326,1.2258573473683132
inositol,direct_neighbor_ridge,kidney,30.413701494743005,29.027711909642196,46,0.661167423798761
inositol,direct_neighbor_ridge,large_intestine,121.97614388300855,123.17458166354228,110,1.1088740353000777
inositol,direct_neighbor_ridge,liver,82.54586542350592,80.56480353963683,50,1.6509173084701183
inositol,direct_neighbor_ridge,lung,253.96209538473533,253.1611965327462,352,0.7214832255248163
inositol,direct_neighbor_ridge,oesophagus,44.479012465427516,45.941249080401185,50,0.8895802493085503
inositol,direct_neighbor_ridge,ovary,96.90662956166794,98.16941174408352,90,1.076740328462977
inositol,direct_neighbor_ridge,pancreas,73.26203332342,77.95253701504959,82,0.8934394307734146
inositol,direct_neighbor_ridge,skin,163.25585477414052,164.66288858440592,104,1.5697678343667358
inositol,direct_neighbor_ridge,soft_tissue,37.84914434339548,36.26413045266661,36,1.0513651206498744
inositol,direct_neighbor_ridge,stomach,61.70302098998149,63.38037004942292,74,0.8338246079727228
inositol,direct_neighbor_ridge,upper_aerodigestive_tract,32.9024957568385,32.978086947938316,60,0.5483749292806416
inositol,direct_neighbor_ridge,urinary_tract,63.91079785756155,64.86964146144484,50,1.278215957151231
isocitrate,direct_neighbor_ridge,autonomic_ganglia,23.12566445889547,26.112212122513586,32,0.7226770143404835
isocitrate,direct_neighbor_ridge,bone,25.76506533685781,36.8765006239022,38,0.6780280351804686
isocitrate,direct_neighbor_ridge,breast,91.87508391444837,107.1059357149613,98,0.9375008562698813
isocitrate,direct_neighbor_ridge,central_nervous_system,84.58679614720683,97.60721837866232,98,0.8631305729306818
isocitrate,direct_neighbor_ridge,endometrium,30.381191301568975,38.09011813596171,56,0.5425212732423031
isocitrate,direct_neighbor_ridge,haematopoietic_and_lymphoid_tissue,710.8302023179965,653.1346269881255,326,2.1804607433067376
isocitrate,direct_neighbor_ridge,kidney,34.7153317084624,40.65785734604586,46,0.7546811240970087
isocitrate,direct_neighbor_ridge,large_intestine,65.49717943841033,80.59821863114456,110,0.5954289039855485
isocitrate,direct_neighbor_ridge,liver,37.82035560043873,51.237387566468755,50,0.7564071120087746
isocitrate,direct_neighbor_ridge,lung,250.00774383863654,277.58784822228347,352,0.7102492722688538
isocitrate,direct_neighbor_ridge,oesophagus,15.57436204182365,22.167268043168974,50,0.311487240836473
isocitrate,direct_neighbor_ridge,ovary,38.922225040368176,49.030449985918324,90,0.43246916711520195
isocitrate,direct_neighbor_ridge,pancreas,77.18543135935579,83.20798166273573,82,0.9412857482848267
isocitrate,direct_neighbor_ridge,skin,81.45849827298461,72.9075606585253,104,0.7832547910863905
isocitrate,direct_neighbor_ridge,soft_tissue,47.142670926897125,51.500218200672606,36,1.3095186368582534
isocitrate,direct_neighbor_ridge,stomach,86.12769894891147,100.1333475788621,74,1.1638878236339387
isocitrate,direct_neighbor_ridge,upper_aerodigestive_tract,34.34917866097714,39.29168841839046,60,0.5724863110162857
isocitrate,direct_neighbor_ridge,urinary_tract,29.33937452712587,35.67839730664943,50,0.5867874905425174
isoleucine,direct_neighbor_ridge,autonomic_ganglia,25.22541671259111,30.103273530298768,32,0.7882942722684722
isoleucine,direct_neighbor_ridge,bone,14.10463831181641,26.286105635355987,38,0.3711746924162213
isoleucine,direct_neighbor_ridge,breast,56.00615923552707,70.10659404675569,98,0.5714914207706844
isoleucine,direct_neighbor_ridge,central_nervous_system,50.23829231213152,69.7969121067918,98,0.5126356358380767
isoleucine,direct_neighbor_ridge,endometrium,48.95534419669572,49.93271106124534,56,0.874202574940995
isoleucine,direct_neighbor_ridge,haematopoietic_and_lymphoid_tissue,387.36070601812906,627.0534503746735,326,1.188223024595488
isoleucine,direct_neighbor_ridge,kidney,11.800793033288718,24.783796660491113,46,0.25653897898453737
isoleucine,direct_neighbor_ridge,large_intestine,82.78616856776968,107.18019763501597,110,0.7526015324342697
isoleucine,direct_neighbor_ridge,liver,49.34059869351079,44.83748360937226,50,0.9868119738702158
isoleucine,direct_neighbor_ridge,lung,371.5186507036679,440.97871712167205,352,1.0554507122263292
isoleucine,direct_neighbor_ridge,oesophagus,10.472519248872516,14.216700057961763,50,0.2094503849774503
isoleucine,direct_neighbor_ridge,ovary,68.46000813822594,81.7097913472025,90,0.7606667570913994
isoleucine,direct_neighbor_ridge,pancreas,63.610556194742074,72.61437386196867,82,0.7757384901797814
isoleucine,direct_neighbor_ridge,skin,44.425461728859176,60.61704501729017,104,0.42716790123903053
isoleucine,direct_neighbor_ridge,soft_tissue,75.4071996179741,80.1976778821274,36,2.094644433832614
isoleucine,direct_neighbor_ridge,stomach,56.76893280078949,52.76310743349265,74,0.7671477405512094
isoleucine,direct_neighbor_ridge,upper_aerodigestive_tract,38.81926738536923,54.36261584065088,60,0.6469877897561538
isoleucine,direct_neighbor_ridge,urinary_tract,77.06979374399943,85.02531124252579,50,1.5413958748799885
kynurenine,direct_neighbor_ridge,autonomic_ganglia,23.901088305359945,22.740356259298725,32,0.7469090095424983
kynurenine,direct_neighbor_ridge,bone,41.124634367588,42.25613234320605,38,1.0822272201996843
kynurenine,direct_neighbor_ridge,breast,103.67898482679811,104.70217694063977,98,1.057948824763246
kynurenine,direct_neighbor_ridge,central_nervous_system,167.81431688690031,167.248884508982,98,1.71239098864184
kynurenine,direct_neighbor_ridge,endometrium,29.50234907269835,30.207128559254663,56,0.5268276620124706
kynurenine,direct_neighbor_ridge,haematopoietic_and_lymphoid_tissue,293.2191109200818,296.4622366487638,326,0.8994451255217233
kynurenine,direct_neighbor_ridge,kidney,40.26367681656205,41.110197193085696,46,0.8752973220991749
kynurenine,direct_neighbor_ridge,large_intestine,103.7147481784012,102.78531732027052,110,0.9428613470763745
kynurenine,direct_neighbor_ridge,liver,80.74376956177069,81.77139223579366,50,1.614875391235414
kynurenine,direct_neighbor_ridge,lung,275.5742626098484,275.65942890883525,352,0.7828814278688875
kynurenine,direct_neighbor_ridge,oesophagus,31.054349005812135,32.569040023802565,50,0.6210869801162427
kynurenine,direct_neighbor_ridge,ovary,156.92579608597146,155.34965166877146,90,1.743619956510794
kynurenine,direct_neighbor_ridge,pancreas,113.5491013411587,111.38148271015444,82,1.3847451383068135
kynurenine,direct_neighbor_ridge,skin,98.21733768295621,97.81283329804934,104,0.9443974777207328
kynurenine,direct_neighbor_ridge,soft_tissue,18.231421668324376,16.878618193953734,36,0.5064283796756771
kynurenine,direct_neighbor_ridge,stomach,63.17842831749927,62.42373452212467,74,0.8537625448310712
kynurenine,direct_neighbor_ridge,upper_aerodigestive_tract,70.07424096629532,69.85119321333907,60,1.1679040161049221
kynurenine,direct_neighbor_ridge,urinary_tract,59.51820741161213,57.965662915228656,50,1.1903641482322427
leucine,direct_neighbor_ridge,autonomic_ganglia,27.50871067293521,44.39401504380479,32,0.8596472085292253
leucine,direct_neighbor_ridge,bone,15.589891425020076,35.15672894024065,38,0.41026030065842306
leucine,direct_neighbor_ridge,breast,40.520195369417124,89.6856850034243,98,0.4134713813205829
leucine,direct_neighbor_ridge,central_nervous_system,52.32454779480918,86.09427601685573,98,0.5339239570898896
leucine,direct_neighbor_ridge,endometrium,33.49225977868997,37.50388777750932,56,0.5980760674766066
leucine,direct_neighbor_ridge,haematopoietic_and_lymphoid_tissue,262.8975597621537,966.9964555400786,326,0.8064342323992445
leucine,direct_neighbor_ridge,kidney,10.006340181104353,30.302132119365695,46,0.21752913437183374
leucine,direct_neighbor_ridge,large_intestine,62.548257820836824,98.82120414047279,110,0.5686205256439711
leucine,direct_neighbor_ridge,liver,31.247132675786126,59.71711084041577,50,0.6249426535157225
leucine,direct_neighbor_ridge,lung,196.89576396684532,374.9985676648406,352,0.5593629658149015
leucine,direct_neighbor_ridge,oesophagus,17.43329571897566,15.5529595619441,50,0.3486659143795132
leucine,direct_neighbor_ridge,ovary,33.74822175936173,54.29801100995483,90,0.37498024177068595
leucine,direct_neighbor_ridge,pancreas,26.76546040707141,39.20462101543679,82,0.3264080537447733
leucine,direct_neighbor_ridge,skin,37.55218786618406,65.30123849641238,104,0.36107872948253905
leucine,direct_neighbor_ridge,soft_tissue,23.483989540435722,36.263348432508344,36,0.6523330427898811
leucine,direct_neighbor_ridge,stomach,34.87525426412333,40.167348884420285,74,0.47128721978545035
leucine,direct_neighbor_ridge,upper_aerodigestive_tract,35.279431033718815,61.991325895604824,60,0.5879905172286469
leucine,direct_neighbor_ridge,urinary_tract,38.77933044856083,50.09134759129472,50,0.7755866089712166
lysine,direct_neighbor_ridge,autonomic_ganglia,31.214848731646317,31.881697357456588,32,0.9754640228639474
lysine,direct_neighbor_ridge,bone,46.39042230532124,45.12194575709871,38,1.220800586982138
lysine,direct_neighbor_ridge,breast,84.50169950646657,75.06701829686159,98,0.8622622398619038
lysine,direct_neighbor_ridge,central_nervous_system,100.15645349852022,92.48198715657074,98,1.0220046275359207
lysine,direct_neighbor_ridge,endometrium,37.1746773453617,40.28951730006323,56,0.6638335240243161
lysine,direct_neighbor_ridge,haematopoietic_and_lymphoid_tissue,1175.5144150171768,1061.410130477398,326,3.6058724387029963
lysine,direct_neighbor_ridge,kidney,46.34359101751018,42.10813851663326,46,1.0074693699458734
lysine,direct_neighbor_ridge,large_intestine,110.36424726085973,110.388950819427,110,1.0033113387350885
lysine,direct_neighbor_ridge,liver,49.196045668018016,41.525141708316376,50,0.9839209133603604
lysine,direct_neighbor_ridge,lung,292.2966323250628,290.496973593029,352,0.8303881600143829
lysine,direct_neighbor_ridge,oesophagus,19.096543018928557,18.949115345992233,50,0.38193086037857116
lysine,direct_neighbor_ridge,ovary,74.66799931671453,72.99080204691398,90,0.8296444368523836
lysine,direct_neighbor_ridge,pancreas,32.916938551077955,33.354020798557556,82,0.40142607989119455
lysine,direct_neighbor_ridge,skin,99.53880132547093,99.90670558929557,104,0.9571038588987589
lysine,direct_neighbor_ridge,soft_tissue,18.992708073208505,18.95489232072659,36,0.5275752242557918
lysine,direct_neighbor_ridge,stomach,54.927543902418215,53.430291665730365,74,0.7422641067894353
lysine,direct_neighbor_ridge,upper_aerodigestive_tract,73.68258740298982,71.59857881603938,60,1.2280431233831637
lysine,direct_neighbor_ridge,urinary_tract,47.42599069470128,46.58361596460328,50,0.9485198138940255
malate,direct_neighbor_ridge,autonomic_ganglia,17.87604245017837,19.84121264258016,32,0.5586263265680741
malate,direct_neighbor_ridge,bone,24.888684563507365,35.2913998855552,38,0.6549653832501938
malate,direct_neighbor_ridge,breast,75.8253208108016,111.75384653000741,98,0.7737277633755265
malate,direct_neighbor_ridge,central_nervous_system,112.35505300397038,151.50743371592282,98,1.1464801326935754
malate,direct_neighbor_ridge,endometrium,21.94578326088428,27.694892468244685,56,0.391888986801505
malate,direct_neighbor_ridge,haematopoietic_and_lymphoid_tissue,734.200357919473,741.3984866626931,326,2.2521483371762976
malate,direct_neighbor_ridge,kidney,16.185618303002503,21.831080252394923,46,0.35186126745657614
malate,direct_neighbor_ridge,large_intestine,58.11766340968879,82.80526041968886,110,0.5283423946335344
malate,direct_neighbor_ridge,liver,44.74377220548265,70.74039821213101,50,0.894875444109653
malate,direct_neighbor_ridge,lung,189.15808285243912,244.90712254551394,352,0.5373809171944294
malate,direct_neighbor_ridge,oesophagus,50.236940520125906,52.36317309374923,50,1.0047388104025181
malate,direct_neighbor_ridge,ovary,42.28579652853622,50.324431706736874,90,0.4698421836504024
malate,direct_neighbor_ridge,pancreas,67.89962304487241,61.86464749486163,82,0.8280441834740538
malate,direct_neighbor_ridge,skin,34.21094050426507,47.02010175430008,104,0.32895135100254874
malate,direct_neighbor_ridge,soft_tissue,27.778194110861044,26.65505158076134,36,0.7716165030794735
malate,direct_neighbor_ridge,stomach,37.637706868586726,53.52319456626257,74,0.5086176603863071
malate,direct_neighbor_ridge,upper_aerodigestive_tract,32.21307221469847,32.097003176607664,60,0.5368845369116412
malate,direct_neighbor_ridge,urinary_tract,25.670426567479893,32.36008683217915,50,0.5134085313495979
methionine,direct_neighbor_ridge,autonomic_ganglia,22.244230242499192,28.913798916867744,32,0.6951321950780998
methionine,direct_neighbor_ridge,bone,18.88567555595087,29.0827344418866,38,0.4969914619987071
methionine,direct_neighbor_ridge,breast,41.92512944145556,82.3544720281677,98,0.4278074432801588
methionine,direct_neighbor_ridge,central_nervous_system,49.92664047275858,81.32677635191394,98,0.5094555150281488
methionine,direct_neighbor_ridge,endometrium,28.30206162391827,34.98199169494261,56,0.5053939575699691
methionine,direct_neighbor_ridge,haematopoietic_and_lymphoid_tissue,363.4273868684146,850.6833644378879,326,1.114807935179186
methionine,direct_neighbor_ridge,kidney,13.744684805133321,24.871540197090734,46,0.29879749576376785
methionine,direct_neighbor_ridge,large_intestine,107.57925488096437,160.7036962504014,110,0.9779932261905852
methionine,direct_neighbor_ridge,liver,38.39798440133137,56.329269100195816,50,0.7679596880266274
methionine,direct_neighbor_ridge,lung,320.5065055010127,412.6077429716564,352,0.9105298451733316
methionine,direct_neighbor_ridge,oesophagus,47.36762373759076,34.995761697852615,50,0.9473524747518153
methionine,direct_neighbor_ridge,ovary,51.45703036209251,60.302741265706544,90,0.571744781801028
methionine,direct_neighbor_ridge,pancreas,25.77705689979511,31.76311467840428,82,0.3143543524365257
methionine,direct_neighbor_ridge,skin,55.33975244530498,52.09326254598395,104,0.5321130042817787
methionine,direct_neighbor_ridge,soft_tissue,17.32039564239667,17.00843877766209,36,0.4811221011776852
methionine,direct_neighbor_ridge,stomach,53.770849652507835,47.787916490601255,74,0.726633103412268
methionine,direct_neighbor_ridge,upper_aerodigestive_tract,43.83472624393972,59.30356234777404,60,0.7305787707323287
methionine,direct_neighbor_ridge,urinary_tract,40.4045257051049,53.99798264426069,50,0.8080905141020981
ornithine,direct_neighbor_ridge,autonomic_ganglia,34.60861603825255,24.20233199152689,32,1.0815192511953922
ornithine,direct_neighbor_ridge,bone,16.43409836611172,23.78239036045597,38,0.4324762727924137
ornithine,direct_neighbor_ridge,breast,82.64042548461138,136.65277685340993,98,0.843269647802157
ornithine,direct_neighbor_ridge,central_nervous_system,59.68167341879888,75.13709965446118,98,0.6089966675387641
ornithine,direct_neighbor_ridge,endometrium,22.87581050343047,37.690592756360665,56,0.40849661613268695
ornithine,direct_neighbor_ridge,haematopoietic_and_lymphoid_tissue,309.2417080350346,432.79919136147794,326,0.9485941964264866
ornithine,direct_neighbor_ridge,kidney,22.036153945088802,28.887275428275192,46,0.47904682489323486
ornithine,direct_neighbor_ridge,large_intestine,87.12417192746015,107.18317782538425,110,0.7920379266132741
ornithine,direct_neighbor_ridge,liver,38.15531239069524,49.40550452580338,50,0.7631062478139047
ornithine,direct_neighbor_ridge,lung,291.66914046176,387.9725214548,352,0.8286055126754545
ornithine,direct_neighbor_ridge,oesophagus,24.848402595589075,32.17885560097294,50,0.4969680519117815
ornithine,direct_neighbor_ridge,ovary,47.63595586967952,66.14263132589384,90,0.5292883985519947
ornithine,direct_neighbor_ridge,pancreas,84.28936819582121,114.45189429201847,82,1.0279191243392831
ornithine,direct_neighbor_ridge,skin,59.66560774506045,71.46057253323757,104,0.5737077667794274
ornithine,direct_neighbor_ridge,soft_tissue,49.05010537524182,49.35991946470628,36,1.3625029270900506
ornithine,direct_neighbor_ridge,stomach,62.90030222421713,81.45877637922891,74,0.8500040841110422
ornithine,direct_neighbor_ridge,upper_aerodigestive_tract,43.132655514978346,36.30973854854841,60,0.7188775919163057
ornithine,direct_neighbor_ridge,urinary_tract,37.122343619694725,40.41019744274121,50,0.7424468723938945
oxalate,direct_neighbor_ridge,autonomic_ganglia,64.09750944853869,65.13371588314762,32,2.003047170266834
oxalate,direct_neighbor_ridge,bone,22.199967710094107,24.235981648505714,38,0.5842096765814239
oxalate,direct_neighbor_ridge,breast,48.62401128497139,51.83671677835306,98,0.4961633804588917
oxalate,direct_neighbor_ridge,central_nervous_system,58.298175825071404,64.16699160238674,98,0.5948793451537898
oxalate,direct_neighbor_ridge,endometrium,27.995737351327215,31.516249813879714,56,0.49992388127370024
oxalate,direct_neighbor_ridge,haematopoietic_and_lymphoid_tissue,1244.1152649736246,1398.1810092187347,326,3.8163044937841244
oxalate,direct_neighbor_ridge,kidney,11.750685395557344,13.196191210170026,46,0.2554496825121162
oxalate,direct_neighbor_ridge,large_intestine,63.55987270561467,63.755623052996526,110,0.577817024596497
oxalate,direct_neighbor_ridge,liver,31.102629181882637,34.17624167959782,50,0.6220525836376527
oxalate,direct_neighbor_ridge,lung,352.16942346800244,388.9351539817884,352,1.0004813166704614
oxalate,direct_neighbor_ridge,oesophagus,36.22241864686524,38.952283142046454,50,0.7244483729373049
oxalate,direct_neighbor_ridge,ovary,43.43867707742184,52.589556737849804,90,0.48265196752690936
oxalate,direct_neighbor_ridge,pancreas,62.47432460664101,67.03440783936315,82,0.7618820073980611
oxalate,direct_neighbor_ridge,skin,73.85509977955303,79.72197389214911,104,0.7101451901880099
oxalate,direct_neighbor_ridge,soft_tissue,13.538919684604217,16.50719366614892,36,0.37608110235011716
oxalate,direct_neighbor_ridge,stomach,66.09761522734844,60.546576586683464,74,0.8932110165857897
oxalate,direct_neighbor_ridge,upper_aerodigestive_tract,31.075449449104944,35.7764519754928,60,0.5179241574850824
oxalate,direct_neighbor_ridge,urinary_tract,13.561887410499494,14.286636548781939,50,0.2712377482099899
phenylalanine,direct_neighbor_ridge,autonomic_ganglia,21.736428489093843,32.883887805091,32,0.6792633902841826
phenylalanine,direct_neighbor_ridge,bone,24.56796200111039,43.353491615857514,38,0.6465253158186945
phenylalanine,direct_neighbor_ridge,breast,66.36855961595401,79.2381257718854,98,0.677230200162796
phenylalanine,direct_neighbor_ridge,central_nervous_system,65.53508625890481,97.10900074327829,98,0.6687253699888246
phenylalanine,direct_neighbor_ridge,endometrium,29.48006259142982,44.09012037384953,56,0.5264296891326754
phenylalanine,direct_neighbor_ridge,haematopoietic_and_lymphoid_tissue,321.8926897813591,824.3965004380756,326,0.9874008888998744
phenylalanine,direct_neighbor_ridge,kidney,18.891653061684263,33.80246346163484,46,0.41068811003661443
phenylalanine,direct_neighbor_ridge,large_intestine,76.99812616413361,122.2883955299115,110,0.6999829651284873
phenylalanine,direct_neighbor_ridge,liver,25.965594843491083,50.70855418082585,50,0.5193118968698216
phenylalanine,direct_neighbor_ridge,lung,212.87829136326366,301.52322827389344,352,0.6047678731910899
phenylalanine,direct_neighbor_ridge,oesophagus,74.31823556247697,57.29084618165158,50,1.4863647112495395
phenylalanine,direct_neighbor_ridge,ovary,48.2020943208666,65.17211395277127,90,0.5355788257874067
phenylalanine,direct_neighbor_ridge,pancreas,45.997825744697415,31.809028186611467,82,0.5609490944475295
phenylalanine,direct_neighbor_ridge,skin,74.19456782134878,92.32034037413429,104,0.7134093059745076
phenylalanine,direct_neighbor_ridge,soft_tissue,16.461885757569913,34.11501280443619,36,0.457274604376942
phenylalanine,direct_neighbor_ridge,stomach,48.57938128091191,44.076389746569326,74,0.6564781254177285
phenylalanine,direct_neighbor_ridge,upper_aerodigestive_tract,65.4587046451134,89.54168842810118,60,1.09097841075189
phenylalanine,direct_neighbor_ridge,urinary_tract,55.06357016726221,67.09726795095955,50,1.1012714033452442
proline,direct_neighbor_ridge,autonomic_ganglia,8.565316226104898,14.851342600204786,32,0.26766613206577805
proline,direct_neighbor_ridge,bone,31.052928809426664,63.64269608513686,38,0.8171823370901754
proline,direct_neighbor_ridge,breast,83.31036225332211,130.37337346306262,98,0.850105737278797
proline,direct_neighbor_ridge,central_nervous_system,61.30506270055276,90.80170767429978,98,0.6255618642913547
proline,direct_neighbor_ridge,endometrium,30.262919409300682,38.69978582498739,56,0.5404092751660836
proline,direct_neighbor_ridge,haematopoietic_and_lymphoid_tissue,278.7186126298018,347.7986155673416,326,0.8549650694165699
proline,direct_neighbor_ridge,kidney,65.95136608766475,49.66055024137207,46,1.4337253497318425
proline,direct_neighbor_ridge,large_intestine,83.71268025082739,101.08423107165589,110,0.7610243659166126
proline,direct_neighbor_ridge,liver,95.48740028427395,144.4775675251946,50,1.909748005685479
proline,direct_neighbor_ridge,lung,207.71237156665057,296.7321389298876,352,0.5900919646779846
proline,direct_neighbor_ridge,oesophagus,21.796568156781177,33.53053781388453,50,0.43593136313562353
proline,direct_neighbor_ridge,ovary,50.13499841623112,52.33719061857071,90,0.5570555379581236
proline,direct_neighbor_ridge,pancreas,52.97700167922522,67.38497030206499,82,0.6460609960881124
proline,direct_neighbor_ridge,skin,58.99832871364723,77.27747029163636,104,0.567291622246608
proline,direct_neighbor_ridge,soft_tissue,44.41743173010163,62.28622844133294,36,1.2338175480583786
proline,direct_neighbor_ridge,stomach,31.574246226519676,46.70378051569512,74,0.4266790030610767
proline,direct_neighbor_ridge,upper_aerodigestive_tract,54.55433057028025,78.84812531002007,60,0.9092388428380042
proline,direct_neighbor_ridge,urinary_tract,51.86649940866051,85.8436694734423,50,1.03732998817321
putrescine,direct_neighbor_ridge,autonomic_ganglia,34.85037861491019,32.80564405161942,32,1.0890743317159435
putrescine,direct_neighbor_ridge,bone,67.61651632868252,67.54345195929112,38,1.77938200864954
putrescine,direct_neighbor_ridge,breast,123.52432203781662,123.34587402425223,98,1.2604522656920063
putrescine,direct_neighbor_ridge,central_nervous_system,66.84777068829113,66.79668392506133,98,0.6821201090641953
putrescine,direct_neighbor_ridge,endometrium,36.318202814610125,36.2143355200959,56,0.6485393359751808
putrescine,direct_neighbor_ridge,haematopoietic_and_lymphoid_tissue,374.64248606877,360.51215434202265,326,1.149210079965552
putrescine,direct_neighbor_ridge,kidney,22.007978340535207,22.20819765061692,46,0.47843431175076534
putrescine,direct_neighbor_ridge,large_intestine,74.68438539014396,74.71061081494351,110,0.6789489580922178
putrescine,direct_neighbor_ridge,liver,33.17106081149499,32.65906768909892,50,0.6634212162298998
putrescine,direct_neighbor_ridge,lung,394.0949629944639,393.38184680231024,352,1.1195879630524543
putrescine,direct_neighbor_ridge,oesophagus,43.710640373822706,43.72126823028973,50,0.8742128074764541
putrescine,direct_neighbor_ridge,ovary,66.66397448504088,66.68374864987031,90,0.7407108276115654
putrescine,direct_neighbor_ridge,pancreas,68.28478033630672,68.31530039204806,82,0.8327412236134967
putrescine,direct_neighbor_ridge,skin,188.21920220899483,188.1488369571319,104,1.809800021240335
putrescine,direct_neighbor_ridge,soft_tissue,55.22896281250957,55.15993603908142,36,1.5341378559030436
putrescine,direct_neighbor_ridge,stomach,42.143020853653525,42.187856607444594,74,0.5695002818061287
putrescine,direct_neighbor_ridge,upper_aerodigestive_tract,35.255064833205594,35.28488354354974,60,0.5875844138867599
putrescine,direct_neighbor_ridge,urinary_tract,77.73218627143576,77.65923459243206,50,1.5546437254287153
sarcosine,direct_neighbor_ridge,autonomic_ganglia,12.301000435898276,10.436573288503475,32,0.3844062636218211
sarcosine,direct_neighbor_ridge,bone,37.258681622611554,46.70910057603611,38,0.9804916216476725
sarcosine,direct_neighbor_ridge,breast,121.38165530529518,114.49658578195168,98,1.2385883194417875
sarcosine,direct_neighbor_ridge,central_nervous_system,109.76633623045784,124.58030359008715,98,1.120064655412835
sarcosine,direct_neighbor_ridge,endometrium,30.836131343126223,43.054625206265285,56,0.5506452025558254
sarcosine,direct_neighbor_ridge,haematopoietic_and_lymphoid_tissue,411.83360031459154,266.0008781323397,326,1.263293252498747
sarcosine,direct_neighbor_ridge,kidney,62.03709360837736,43.891502201989134,46,1.348632469747334
sarcosine,direct_neighbor_ridge,large_intestine,111.44921198131775,122.3289667312412,110,1.013174654375616
sarcosine,direct_neighbor_ridge,liver,62.77484617695338,64.91665427745896,50,1.2554969235390676
sarcosine,direct_neighbor_ridge,lung,355.9704189440006,358.28220566972027,352,1.011279599272729
sarcosine,direct_neighbor_ridge,oesophagus,74.36605535387294,79.22506105962552,50,1.4873211070774588
sarcosine,direct_neighbor_ridge,ovary,30.832416012719367,30.840397312630667,90,0.3425824001413263
sarcosine,direct_neighbor_ridge,pancreas,71.84774023223581,79.79872311019193,82,0.8761919540516562
sarcosine,direct_neighbor_ridge,skin,125.1011135908628,130.0362720702842,104,1.2028953229890653
sarcosine,direct_neighbor_ridge,soft_tissue,22.00778352619169,23.71976779707796,36,0.6113273201719914
sarcosine,direct_neighbor_ridge,stomach,97.834302206291,113.62603614287417,74,1.3220851649498784
sarcosine,direct_neighbor_ridge,upper_aerodigestive_tract,55.63246507288153,62.63616997783069,60,0.9272077512146921
sarcosine,direct_neighbor_ridge,urinary_tract,55.920181185297864,65.80103433149141,50,1.1184036237059574
serine,direct_neighbor_ridge,autonomic_ganglia,17.94275973308555,22.457745119340622,32,0.5607112416589234
serine,direct_neighbor_ridge,bone,64.25000473844597,74.20347849613246,38,1.690789598380157
serine,direct_neighbor_ridge,breast,46.203564804095784,79.4329487572832,98,0.47146494698056923
serine,direct_neighbor_ridge,central_nervous_system,147.41987136074098,143.58582374390951,98,1.5042844016402142
serine,direct_neighbor_ridge,endometrium,46.48111110343196,48.55693926636733,56,0.8300198411327135
serine,direct_neighbor_ridge,haematopoietic_and_lymphoid_tissue,243.427474208464,319.6259193427835,326,0.7467100435842454
serine,direct_neighbor_ridge,kidney,29.24647020293039,25.892952063749295,46,0.6357928304984867
serine,direct_neighbor_ridge,large_intestine,160.07874972935042,152.48525233052905,110,1.4552613611759129
serine,direct_neighbor_ridge,liver,61.287777952109636,51.059178306437936,50,1.2257555590421927
serine,direct_neighbor_ridge,lung,366.14021101555426,391.79353957520755,352,1.040171054021461
serine,direct_neighbor_ridge,oesophagus,20.035462970486442,29.887029294871272,50,0.40070925940972885
serine,direct_neighbor_ridge,ovary,40.56984493238526,60.45175937716083,90,0.4507760548042806
serine,direct_neighbor_ridge,pancreas,65.6392058193659,70.05839294573168,82,0.8004781197483646
serine,direct_neighbor_ridge,skin,78.34525370146454,84.75476825230903,104,0.7533197471294668
serine,direct_neighbor_ridge,soft_tissue,43.34824168149334,44.97720378924979,36,1.204117824485926
serine,direct_neighbor_ridge,stomach,36.031325026304245,44.99636913851757,74,0.48690979765276005
serine,direct_neighbor_ridge,upper_aerodigestive_tract,29.223893457252764,39.97374456345512,60,0.48706489095421274
serine,direct_neighbor_ridge,urinary_tract,92.4624578787018,88.35510441081385,50,1.849249157574036
taurine,direct_neighbor_ridge,autonomic_ganglia,27.146819048480165,24.757053655703878,32,0.8483380952650051
taurine,direct_neighbor_ridge,bone,19.74590188122005,27.674710411936626,38,0.5196289968742118
taurine,direct_neighbor_ridge,breast,111.60589982492144,130.85724849327485,98,1.1388357124991983
taurine,direct_neighbor_ridge,central_nervous_system,60.2965290252908,64.9369588389751,98,0.6152707043397021
taurine,direct_neighbor_ridge,endometrium,56.075509643509385,55.657101615166454,56,1.001348386491239
taurine,direct_neighbor_ridge,haematopoietic_and_lymphoid_tissue,347.96895816023016,394.09712546496564,326,1.0673894422092949
taurine,direct_neighbor_ridge,kidney,31.11588780482165,37.147372208279,46,0.6764323435830794
taurine,direct_neighbor_ridge,large_intestine,72.91651538782904,69.90813817239447,110,0.6628774126166276
taurine,direct_neighbor_ridge,liver,68.21747740001646,77.21604221896419,50,1.3643495480003294
taurine,direct_neighbor_ridge,lung,286.27631707097225,310.6621067145945,352,0.8132849916788985
taurine,direct_neighbor_ridge,oesophagus,29.733934633454567,25.936571784560044,50,0.5946786926690913
taurine,direct_neighbor_ridge,ovary,142.81840025683297,146.95191107953394,90,1.5868711139648108
taurine,direct_neighbor_ridge,pancreas,52.77069136598828,62.56935341964211,82,0.6435450166583936
taurine,direct_neighbor_ridge,skin,53.384718032364326,63.41980522209097,104,0.5133145964650416
taurine,direct_neighbor_ridge,soft_tissue,72.73519003659308,74.70869138762853,36,2.020421945460919
taurine,direct_neighbor_ridge,stomach,52.8038903917221,63.09475998170571,74,0.7135660863746229
taurine,direct_neighbor_ridge,upper_aerodigestive_tract,108.87947698646117,116.35859217286846,60,1.814657949774353
taurine,direct_neighbor_ridge,urinary_tract,51.825118170467555,60.557971463180245,50,1.036502363409351
taurocholate,direct_neighbor_ridge,autonomic_ganglia,23.443411070882338,22.144156459582295,32,0.732606595965073
taurocholate,direct_neighbor_ridge,bone,47.1969076269091,52.56115141287511,38,1.2420238849186607
taurocholate,direct_neighbor_ridge,breast,60.72644788547555,58.11098658614519,98,0.6196576314844444
taurocholate,direct_neighbor_ridge,central_nervous_system,47.8227369404962,45.40676848128772,98,0.4879871116377163
taurocholate,direct_neighbor_ridge,endometrium,81.99282620321387,83.85097457297267,56,1.4641576107716763
taurocholate,direct_neighbor_ridge,haematopoietic_and_lymphoid_tissue,617.8165058781696,648.6893811830165,326,1.8951426560680047
taurocholate,direct_neighbor_ridge,kidney,30.794370301967042,33.56335961287344,46,0.6694428326514574
taurocholate,direct_neighbor_ridge,large_intestine,108.58692200697709,108.15121489005797,110,0.9871538364270644
taurocholate,direct_neighbor_ridge,liver,35.049329045242715,36.38628899915363,50,0.7009865809048543
taurocholate,direct_neighbor_ridge,lung,314.8499677996508,301.5689362597554,352,0.8944601357944625
taurocholate,direct_neighbor_ridge,oesophagus,33.10017483415563,34.686903280145394,50,0.6620034966831126
taurocholate,direct_neighbor_ridge,ovary,87.28193833028985,85.98553954692805,90,0.9697993147809983
taurocholate,direct_neighbor_ridge,pancreas,77.74778636572809,81.23059380632401,82,0.9481437361674158
taurocholate,direct_neighbor_ridge,skin,65.66839595510658,67.16255007340389,104,0.6314268841837171
taurocholate,direct_neighbor_ridge,soft_tissue,61.41995495599614,61.1993079381605,36,1.7061098598887816
taurocholate,direct_neighbor_ridge,stomach,49.41137600749932,51.376726049707045,74,0.6677212973986395
taurocholate,direct_neighbor_ridge,upper_aerodigestive_tract,19.718301740949126,21.163701530997592,60,0.3286383623491521
taurocholate,direct_neighbor_ridge,urinary_tract,40.404217902244554,38.94649715201725,50,0.8080843580448911
thymidine,direct_neighbor_ridge,autonomic_ganglia,39.39073416392111,43.159828637020645,32,1.2309604426225347
thymidine,direct_neighbor_ridge,bone,26.168501875560928,31.652636997321743,38,0.6886447861989717
thymidine,direct_neighbor_ridge,breast,88.29469754358453,77.7946872798995,98,0.9009663014651483
thymidine,direct_neighbor_ridge,central_nervous_system,150.94188619604893,146.96538968149923,98,1.5402233285311115
thymidine,direct_neighbor_ridge,endometrium,107.65794146713816,116.11973195586498,56,1.92246324048461
thymidine,direct_neighbor_ridge,haematopoietic_and_lymphoid_tissue,408.62296884230676,462.3939306586684,326,1.2534446897003275
thymidine,direct_neighbor_ridge,kidney,28.172924362344304,26.521197563576585,46,0.6124548774422675
thymidine,direct_neighbor_ridge,large_intestine,86.93850727991835,89.09637456833272,110,0.790350066181076
thymidine,direct_neighbor_ridge,liver,43.44364236158603,48.815614590891364,50,0.8688728472317205
thymidine,direct_neighbor_ridge,lung,293.1387699149309,304.21564002373356,352,0.8327805963492355
thymidine,direct_neighbor_ridge,oesophagus,33.56424565749136,30.96752194059733,50,0.6712849131498273
thymidine,direct_neighbor_ridge,ovary,86.81942854170504,93.7728081590994,90,0.964660317130056
thymidine,direct_neighbor_ridge,pancreas,63.81052313217011,65.32128095676353,82,0.7781771113679282
thymidine,direct_neighbor_ridge,skin,73.31619064737555,72.66157325860657,104,0.7049633716093803
thymidine,direct_neighbor_ridge,soft_tissue,36.63057057496746,37.04749193457819,36,1.0175158493046517
thymidine,direct_neighbor_ridge,stomach,77.24826637616053,83.43016910440078,74,1.043895491569737
thymidine,direct_neighbor_ridge,upper_aerodigestive_tract,71.52470677538795,56.39780371546568,60,1.192078446256466
thymidine,direct_neighbor_ridge,urinary_tract,20.81975146806847,23.399459908770275,50,0.4163950293613694
thymine,direct_neighbor_ridge,autonomic_ganglia,86.45990754422307,84.27862672670544,32,2.701872110756971
thymine,direct_neighbor_ridge,bone,32.00236606020457,33.273008548823974,38,0.8421675279001203
thymine,direct_neighbor_ridge,breast,124.85567169439057,128.79434092839966,98,1.2740374662692915
thymine,direct_neighbor_ridge,central_nervous_system,97.17768382183849,98.76215126109179,98,0.9916090185901886
thymine,direct_neighbor_ridge,endometrium,97.87228368150276,97.61401241244545,56,1.7477193514554066
thymine,direct_neighbor_ridge,haematopoietic_and_lymphoid_tissue,330.8788011275459,285.586553099819,326,1.014965647630509
thymine,direct_neighbor_ridge,kidney,50.43513813669779,49.07568476782979,46,1.096416046449952
thymine,direct_neighbor_ridge,large_intestine,111.81483598623338,122.39085338886794,110,1.0164985089657579
thymine,direct_neighbor_ridge,liver,60.65102333378553,59.08143542980079,50,1.2130204666757107
thymine,direct_neighbor_ridge,lung,291.65955271811816,292.6401833147617,352,0.8285782747673811
thymine,direct_neighbor_ridge,oesophagus,52.615077915022866,52.64669050023031,50,1.0523015583004574
thymine,direct_neighbor_ridge,ovary,65.22145794217529,64.99321678083675,90,0.7246828660241699
thymine,direct_neighbor_ridge,pancreas,110.53074799602466,114.96851477694149,82,1.3479359511710325
thymine,direct_neighbor_ridge,skin,81.82997401305956,74.68622177314514,104,0.7868266732024958
thymine,direct_neighbor_ridge,soft_tissue,18.669874259484224,19.97363389083264,36,0.5186076183190063
thymine,direct_neighbor_ridge,stomach,73.570762612431,75.09489790036561,74,0.9941994947625811
thymine,direct_neighbor_ridge,upper_aerodigestive_tract,62.64740372742631,62.46863050528738,60,1.0441233954571052
thymine,direct_neighbor_ridge,urinary_tract,50.34920994712324,49.537284365578465,50,1.0069841989424648
thyroxine,direct_neighbor_ridge,autonomic_ganglia,31.18233494834105,30.80985145543534,32,0.9744479671356578
thyroxine,direct_neighbor_ridge,bone,32.404653390878195,27.577098816109412,38,0.8527540366020577
thyroxine,direct_neighbor_ridge,breast,105.35147428192951,107.12627675534888,98,1.0750150436931583
thyroxine,direct_neighbor_ridge,central_nervous_system,94.4707903708939,84.63230254043158,98,0.9639876568458561
thyroxine,direct_neighbor_ridge,endometrium,61.26085507054708,64.78016860998252,56,1.0939438405454835
thyroxine,direct_neighbor_ridge,haematopoietic_and_lymphoid_tissue,817.614947299602,806.0007256036415,326,2.5080213107349754
thyroxine,direct_neighbor_ridge,kidney,25.36559084722824,22.098777636746245,46,0.5514258879832227
thyroxine,direct_neighbor_ridge,large_intestine,120.79582919142653,117.95785486341731,110,1.0981439017402412
thyroxine,direct_neighbor_ridge,liver,42.1839298777302,41.45342186669866,50,0.8436785975546041
thyroxine,direct_neighbor_ridge,lung,267.13335676916216,272.5758099919716,352,0.7589015817305743
thyroxine,direct_neighbor_ridge,oesophagus,26.68865057327841,27.121717923892234,50,0.5337730114655682
thyroxine,direct_neighbor_ridge,ovary,79.78416021297262,79.98913678322765,90,0.8864906690330291
thyroxine,direct_neighbor_ridge,pancreas,61.423550823136154,64.25528223661999,82,0.749067692965075
thyroxine,direct_neighbor_ridge,skin,77.4565141565074,75.69166635950609,104,0.7447741745818018
thyroxine,direct_neighbor_ridge,soft_tissue,28.024711705653207,28.656701663669313,36,0.7784642140459224
thyroxine,direct_neighbor_ridge,stomach,129.14522511772822,118.85044879846436,74,1.7452057448341651
thyroxine,direct_neighbor_ridge,upper_aerodigestive_tract,40.26207130042082,37.436323649740196,60,0.6710345216736804
thyroxine,direct_neighbor_ridge,urinary_tract,29.003338020972095,26.97687386951634,50,0.5800667604194419
trimethylamine-N-oxide,direct_neighbor_ridge,autonomic_ganglia,21.70226415020833,32.084729486560185,32,0.6781957546940103
trimethylamine-N-oxide,direct_neighbor_ridge,bone,11.321859876514079,16.709417973233492,38,0.2979436809608968
trimethylamine-N-oxide,direct_neighbor_ridge,breast,34.01637284427499,46.405524692281546,98,0.3471058453497448
trimethylamine-N-oxide,direct_neighbor_ridge,central_nervous_system,36.21806897275255,38.674096357222346,98,0.369572132375026
trimethylamine-N-oxide,direct_neighbor_ridge,endometrium,19.507562016927995,18.398818116911848,56,0.34834932173085703
trimethylamine-N-oxide,direct_neighbor_ridge,haematopoietic_and_lymphoid_tissue,580.1772629690847,645.0465102783012,326,1.7796848557333886
trimethylamine-N-oxide,direct_neighbor_ridge,kidney,13.428379347739293,15.074551263858453,46,0.2919212901682455
trimethylamine-N-oxide,direct_neighbor_ridge,large_intestine,27.22373874781872,32.214738852448704,110,0.2474885340710793
trimethylamine-N-oxide,direct_neighbor_ridge,liver,12.123766864118965,15.709102494578026,50,0.2424753372823793
trimethylamine-N-oxide,direct_neighbor_ridge,lung,1191.993323159316,1277.2349159846665,352,3.386344668066239
trimethylamine-N-oxide,direct_neighbor_ridge,oesophagus,15.558712571500735,24.257013411422676,50,0.3111742514300147
trimethylamine-N-oxide,direct_neighbor_ridge,ovary,51.05387109449352,49.1096585679748,90,0.5672652343832614
trimethylamine-N-oxide,direct_neighbor_ridge,pancreas,29.946592844092947,41.9798733875467,82,0.3652023517572311
trimethylamine-N-oxide,direct_neighbor_ridge,skin,23.905492869851177,30.323543052477326,104,0.2298605083639536
trimethylamine-N-oxide,direct_neighbor_ridge,soft_tissue,14.318026272392354,17.28228966487603,36,0.3977229520108987
trimethylamine-N-oxide,direct_neighbor_ridge,stomach,27.76525849542677,32.456208967108786,74,0.37520619588414555
trimethylamine-N-oxide,direct_neighbor_ridge,upper_aerodigestive_tract,15.353458106331916,20.560596343507175,60,0.2558909684388653
trimethylamine-N-oxide,direct_neighbor_ridge,urinary_tract,15.295231276058416,18.323462857345437,50,0.3059046255211683
tyrosine,direct_neighbor_ridge,autonomic_ganglia,20.929318581700397,31.089284102199514,32,0.6540412056781374
tyrosine,direct_neighbor_ridge,bone,29.32233014846243,39.70790828158148,38,0.7716402670648008
tyrosine,direct_neighbor_ridge,breast,54.77471061852403,72.49215963353328,98,0.5589256185563677
tyrosine,direct_neighbor_ridge,central_nervous_system,58.30222185708004,86.35625736784759,98,0.5949206311946943
tyrosine,direct_neighbor_ridge,endometrium,25.608680988386883,39.647523937015734,56,0.4572978747926229
tyrosine,direct_neighbor_ridge,haematopoietic_and_lymphoid_tissue,276.0528524977813,826.8185631110293,326,0.8467878910974888
tyrosine,direct_neighbor_ridge,kidney,17.867401572786264,28.29286955505329,46,0.3884217733214405
tyrosine,direct_neighbor_ridge,large_intestine,120.9110106130061,142.73943494397776,110,1.0991910055727827
tyrosine,direct_neighbor_ridge,liver,23.394959298413543,56.41159345774172,50,0.46789918596827085
tyrosine,direct_neighbor_ridge,lung,266.93501509795556,350.3507921735718,352,0.7583381110737374
tyrosine,direct_neighbor_ridge,oesophagus,20.803439589683965,8.354524679828032,50,0.4160687917936793
tyrosine,direct_neighbor_ridge,ovary,39.53367123264924,55.9463278072323,90,0.43926301369610266
tyrosine,direct_neighbor_ridge,pancreas,51.280601692305176,47.702639045160126,82,0.6253731913695754
tyrosine,direct_neighbor_ridge,skin,54.9059799718588,74.90555768197963,104,0.5279421151140269
tyrosine,direct_neighbor_ridge,soft_tissue,31.563883744047793,42.11410742487865,36,0.8767745484457721
tyrosine,direct_neighbor_ridge,stomach,60.42659652495315,56.97720682657253,74,0.8165756287155831
tyrosine,direct_neighbor_ridge,upper_aerodigestive_tract,53.56703738559782,80.56929447250039,60,0.8927839564266303
tyrosine,direct_neighbor_ridge,urinary_tract,52.84800515894533,66.14750265808209,50,1.0569601031789064
uracil,direct_neighbor_ridge,autonomic_ganglia,29.232840714247075,33.64371909375918,32,0.9135262723202211
uracil,direct_neighbor_ridge,bone,24.877601617095234,26.03590622798076,38,0.654673726765664
uracil,direct_neighbor_ridge,breast,98.69353168215181,92.01694623202643,98,1.0070768538995083
uracil,direct_neighbor_ridge,central_nervous_system,73.40568244323288,71.52468020543918,98,0.7490375759513559
uracil,direct_neighbor_ridge,endometrium,38.200629043402635,40.47205277884424,56,0.6821540900607613
uracil,direct_neighbor_ridge,haematopoietic_and_lymphoid_tissue,1045.825610986901,998.9248178820667,326,3.2080540214322117
uracil,direct_neighbor_ridge,kidney,26.09400831186606,24.21908535475143,46,0.5672610502579578
uracil,direct_neighbor_ridge,large_intestine,93.90621459391957,91.68932373742892,110,0.8536928599447233
uracil,direct_neighbor_ridge,liver,45.227766373071965,41.06662806579172,50,0.9045553274614393
uracil,direct_neighbor_ridge,lung,356.7864540279011,335.8797649488789,352,1.0135978807610826
uracil,direct_neighbor_ridge,oesophagus,22.57161068175207,22.3275624808379,50,0.4514322136350414
uracil,direct_neighbor_ridge,ovary,58.92838696740769,62.42391220777729,90,0.6547598551934187
uracil,direct_neighbor_ridge,pancreas,94.97250295128985,98.57202466587525,82,1.1582012555035348
uracil,direct_neighbor_ridge,skin,57.62032688823484,58.78805571808588,104,0.5540416046945658
uracil,direct_neighbor_ridge,soft_tissue,25.84815376450277,27.328768882563246,36,0.718004271236188
uracil,direct_neighbor_ridge,stomach,62.78835277179071,61.78292204484784,74,0.8484912536728475
uracil,direct_neighbor_ridge,upper_aerodigestive_tract,50.07471453983474,47.567470842579176,60,0.8345785756639122
uracil,direct_neighbor_ridge,urinary_tract,34.424067849349605,32.80062053348276,50,0.6884813569869921
urate,direct_neighbor_ridge,autonomic_ganglia,24.30965970548641,32.074867518782256,32,0.7596768657964503
urate,direct_neighbor_ridge,bone,17.40546719843341,25.484851980286585,38,0.45803861048508976
urate,direct_neighbor_ridge,breast,83.61338105326996,108.83815007035699,98,0.8531977658496935
urate,direct_neighbor_ridge,central_nervous_system,34.780880435991044,59.713407877414916,98,0.3549069432243984
urate,direct_neighbor_ridge,endometrium,27.078217775893368,45.22274524385566,56,0.483539603140953
urate,direct_neighbor_ridge,haematopoietic_and_lymphoid_tissue,308.7681108734385,418.3658354783598,326,0.9471414443970506
urate,direct_neighbor_ridge,kidney,35.3750088358503,39.96906593849746,46,0.769021931214137
urate,direct_neighbor_ridge,large_intestine,67.74414159166987,104.29981673492942,110,0.6158558326515443
urate,direct_neighbor_ridge,liver,25.786066672933995,39.296526932809165,50,0.5157213334586799
urate,direct_neighbor_ridge,lung,468.855456971556,566.5556477596119,352,1.3319757300328297
urate,direct_neighbor_ridge,oesophagus,29.52865331710039,31.455763449743532,50,0.5905730663420078
urate,direct_neighbor_ridge,ovary,99.69335688650165,114.00482067589824,90,1.1077039654055738
urate,direct_neighbor_ridge,pancreas,41.21175290022131,49.54349385149737,82,0.5025823524417233
urate,direct_neighbor_ridge,skin,60.247728164119735,75.86539347058688,104,0.5793050785011513
urate,direct_neighbor_ridge,soft_tissue,29.052501859574154,36.753250022992155,36,0.8070139405437264
urate,direct_neighbor_ridge,stomach,59.014637982797254,74.94142893173479,74,0.7974951078756386
urate,direct_neighbor_ridge,upper_aerodigestive_tract,21.28357554644592,33.77698245579792,60,0.354726259107432
urate,direct_neighbor_ridge,urinary_tract,21.033042288815118,25.80716895901786,50,0.42066084577630236
uridine,direct_neighbor_ridge,autonomic_ganglia,112.93555563644091,111.89200898282459,32,3.5292361136387784
uridine,direct_neighbor_ridge,bone,37.444400742024285,37.23584136336252,38,0.985378966895376
uridine,direct_neighbor_ridge,breast,69.7527483938326,74.81110804618463,98,0.7117627387125776
uridine,direct_neighbor_ridge,central_nervous_system,33.80106917854455,35.580937129768586,98,0.34490886916882196
uridine,direct_neighbor_ridge,endometrium,49.06935862667003,50.10930872124911,56,0.876238546904822
uridine,direct_neighbor_ridge,haematopoietic_and_lymphoid_tissue,1039.3321491525448,1044.2277223711055,326,3.188135426848297
uridine,direct_neighbor_ridge,kidney,21.949017435653527,21.932579743251196,46,0.4771525529489897
uridine,direct_neighbor_ridge,large_intestine,115.17079755438199,113.77807445126902,110,1.0470072504943817
uridine,direct_neighbor_ridge,liver,25.828835548348415,26.22043838089776,50,0.5165767109669683
uridine,direct_neighbor_ridge,lung,271.44151682453696,271.5093856386638,352,0.77114067279698
uridine,direct_neighbor_ridge,oesophagus,20.616437712100964,21.088529171033628,50,0.4123287542420193
uridine,direct_neighbor_ridge,ovary,43.61874900651106,45.1689690726022,90,0.48465276673901175
uridine,direct_neighbor_ridge,pancreas,28.56183909102772,26.43851162832445,82,0.3483151108661917
uridine,direct_neighbor_ridge,skin,33.82381525747321,37.63539830002451,104,0.3252289928603193
uridine,direct_neighbor_ridge,soft_tissue,41.44653728904453,33.09966723780552,36,1.1512927024734592
uridine,direct_neighbor_ridge,stomach,69.76418758706635,66.23282538615567,74,0.9427592917171128
uridine,direct_neighbor_ridge,upper_aerodigestive_tract,21.27796471467417,20.864495130264,60,0.3546327452445695
uridine,direct_neighbor_ridge,urinary_tract,26.970618351041406,26.034030324135017,50,0.5394123670208281
valine,direct_neighbor_ridge,autonomic_ganglia,26.557488060166317,29.498809110084096,32,0.8299215018801974
valine,direct_neighbor_ridge,bone,35.009808705590636,51.49272013393129,38,0.9213107554102798
valine,direct_neighbor_ridge,breast,63.02584344505069,75.36695049477167,98,0.6431208514801091
valine,direct_neighbor_ridge,central_nervous_system,84.92399485531391,108.76916912651596,98,0.8665713760746317
valine,direct_neighbor_ridge,endometrium,31.294930819478143,40.94361799518636,56,0.558838050347824
valine,direct_neighbor_ridge,haematopoietic_and_lymphoid_tissue,340.92458656556767,611.3309580568371,326,1.045780940385177
valine,direct_neighbor_ridge,kidney,26.19653199892808,42.256647095248574,46,0.569489826063654
valine,direct_neighbor_ridge,large_intestine,100.76438346391998,126.84244240041293,110,0.9160398496719998
valine,direct_neighbor_ridge,liver,51.94151841450556,45.85817395002347,50,1.0388303682901112
valine,direct_neighbor_ridge,lung,299.46056100129067,311.34991297090335,352,0.850740230117303
valine,direct_neighbor_ridge,oesophagus,32.21695686037047,29.386107513437203,50,0.6443391372074094
valine,direct_neighbor_ridge,ovary,54.96962669867315,70.44935768637984,90,0.6107736299852573
valine,direct_neighbor_ridge,pancreas,50.11776151961696,44.63222663955041,82,0.6111922136538654
valine,direct_neighbor_ridge,skin,120.29210639670917,139.277174945972,104,1.1566548691991267
valine,direct_neighbor_ridge,soft_tissue,22.28290128379127,22.288543882601576,36,0.618969480105313
valine,direct_neighbor_ridge,stomach,49.720313489184015,50.84709496756809,74,0.6718961282322164
valine,direct_neighbor_ridge,upper_aerodigestive_tract,90.38256897995556,110.23937553978224,60,1.506376149665926
valine,direct_neighbor_ridge,urinary_tract,57.93556951023781,70.75660217778488,50,1.1587113902047563
xanthine,direct_neighbor_ridge,autonomic_ganglia,51.79263642297434,66.23502903326178,32,1.6185198882179481
xanthine,direct_neighbor_ridge,bone,15.302954151155419,25.575915340983748,38,0.40270931976724783
xanthine,direct_neighbor_ridge,breast,53.90911113211713,93.40831848281857,98,0.5500929707358891
xanthine,direct_neighbor_ridge,central_nervous_system,32.40477284663047,47.56669517001732,98,0.3306609474145967
xanthine,direct_neighbor_ridge,endometrium,17.211367797461676,42.4444001416222,56,0.3073458535261014
xanthine,direct_neighbor_ridge,haematopoietic_and_lymphoid_tissue,639.7726079399504,1738.1470083767015,326,1.9624926623924859
xanthine,direct_neighbor_ridge,kidney,10.287260173521942,19.141393315302636,46,0.22363609072873786
xanthine,direct_neighbor_ridge,large_intestine,42.63640483988003,66.6924826469326,110,0.3876036803625457
xanthine,direct_neighbor_ridge,liver,8.562654627610362,32.9129686923225,50,0.17125309255220725
xanthine,direct_neighbor_ridge,lung,191.94168897000984,320.9224233482166,352,0.5452888891193461
xanthine,direct_neighbor_ridge,oesophagus,20.366372992069245,16.035138514178993,50,0.4073274598413849
xanthine,direct_neighbor_ridge,ovary,29.12016392282845,55.873249868046905,90,0.3235573769203161
xanthine,direct_neighbor_ridge,pancreas,35.77729842589594,48.62857370219443,82,0.4363085173889749
xanthine,direct_neighbor_ridge,skin,22.277856414261375,35.9850462310532,104,0.2142101578294363
xanthine,direct_neighbor_ridge,soft_tissue,23.634201085266742,33.8188961266503,36,0.6565055857018539
xanthine,direct_neighbor_ridge,stomach,32.781352636342554,51.54981503410463,74,0.44299125184246696
xanthine,direct_neighbor_ridge,upper_aerodigestive_tract,24.21816951628478,24.656599438329877,60,0.4036361586047464
xanthine,direct_neighbor_ridge,urinary_tract,14.348391832827836,22.396555406015327,50,0.28696783665655673
xanthosine,direct_neighbor_ridge,autonomic_ganglia,22.026310631869165,22.016397327107157,32,0.6883222072459114
xanthosine,direct_neighbor_ridge,bone,22.755581748669705,22.08656209756773,38,0.5988310986492028
xanthosine,direct_neighbor_ridge,breast,126.68526960367657,128.53162127447231,98,1.2927068326905773
xanthosine,direct_neighbor_ridge,central_nervous_system,85.21872390810987,87.09613607341502,98,0.8695788153888762
xanthosine,direct_neighbor_ridge,endometrium,46.91463191425997,46.21537376805728,56,0.8377612841832137
xanthosine,direct_neighbor_ridge,haematopoietic_and_lymphoid_tissue,884.3475591001841,882.5872664649976,326,2.712722573926945
xanthosine,direct_neighbor_ridge,kidney,30.66622562916851,30.601550780587818,46,0.6666570788949676
xanthosine,direct_neighbor_ridge,large_intestine,106.01271759124462,102.45779675132013,110,0.9637519781022238
xanthosine,direct_neighbor_ridge,liver,71.02419749156522,68.0229925076185,50,1.4204839498313044
xanthosine,direct_neighbor_ridge,lung,382.21248238795886,384.1154207891632,352,1.0858309158748831
xanthosine,direct_neighbor_ridge,oesophagus,24.431641738742183,24.466950449882805,50,0.48863283477484365
xanthosine,direct_neighbor_ridge,ovary,53.81034862694118,52.53144476977794,90,0.5978927625215686
xanthosine,direct_neighbor_ridge,pancreas,36.47705456519035,36.08587435265258,82,0.44484212884378477
xanthosine,direct_neighbor_ridge,skin,27.486094028197428,26.944119533474666,104,0.2642893656557445
xanthosine,direct_neighbor_ridge,soft_tissue,33.888258227553756,34.565862440935895,36,0.9413405063209377
xanthosine,direct_neighbor_ridge,stomach,59.03082530242878,55.14147364324464,74,0.7977138554382268
xanthosine,direct_neighbor_ridge,upper_aerodigestive_tract,20.539932595727176,21.284138706772836,60,0.34233220992878627
xanthosine,direct_neighbor_ridge,urinary_tract,17.395745527539503,16.5181086074403,50,0.34791491055079005
