mask,fold,inner_fold,model,alpha,group_mse,validation_groups,training_targets
0,0,0,structural_median,0.1,0.39912641379734154,4,53
0,0,0,structural_median,1.0,0.3849187745926813,4,53
0,0,0,structural_median,10.0,0.34133641098244805,4,53
0,0,0,structural_median,100.0,0.3279510185561398,4,53
0,0,0,descriptor_local_svd,0.1,0.3143463947541319,4,53
0,0,0,descriptor_local_svd,1.0,0.2969968663553576,4,53
0,0,0,descriptor_local_svd,10.0,0.28454486365858794,4,53
0,0,0,descriptor_local_svd,100.0,0.3091710132650128,4,53
0,0,0,degree_preserving_null,0.1,0.4920786089212221,4,53
0,0,0,degree_preserving_null,1.0,0.47566705036763807,4,53
0,0,0,degree_preserving_null,10.0,0.40903904370426075,4,53
0,0,0,degree_preserving_null,100.0,0.37516404098875883,4,53
0,0,0,family_median,0.1,0.5317158578819707,4,53
0,0,0,family_median,1.0,0.5315331908835225,4,53
0,0,0,family_median,10.0,0.5312812622847309,4,53
0,0,0,family_median,100.0,0.5596443190517275,4,53
0,0,0,all_visible_ridge,0.1,0.7823031279067091,4,53
0,0,0,all_visible_ridge,1.0,0.4436980541877375,4,53
0,0,0,all_visible_ridge,10.0,0.274579071197976,4,53
0,0,0,all_visible_ridge,100.0,0.2396067546495365,4,53
0,0,0,pca_matched_dimension,0.1,0.26546856327785984,4,53
0,0,0,pca_matched_dimension,1.0,0.2648990292880303,4,53
0,0,0,pca_matched_dimension,10.0,0.2605570652728086,4,53
0,0,0,pca_matched_dimension,100.0,0.2883430239717339,4,53
0,0,0,descriptor_mean,0.1,0.3185237501275253,4,53
0,0,0,descriptor_mean,1.0,0.3078062763544392,4,53
0,0,0,descriptor_mean,10.0,0.2916570359289523,4,53
0,0,0,descriptor_mean,100.0,0.3164867924171626,4,53
0,0,0,null_mean,0.1,0.36796040882861597,4,53
0,0,0,null_mean,1.0,0.33426923480823334,4,53
0,0,0,null_mean,10.0,0.2941742631100144,4,53
0,0,0,null_mean,100.0,0.3258773972019946,4,53
0,0,0,null_local_svd,0.1,0.34657741405221665,4,53
0,0,0,null_local_svd,1.0,0.3143501089022352,4,53
0,0,0,null_local_svd,10.0,0.2846332815669246,4,53
0,0,0,null_local_svd,100.0,0.33360666953303275,4,53
0,0,1,structural_median,0.1,7.122556456204422,4,53
0,0,1,structural_median,1.0,6.638389850839733,4,53
0,0,1,structural_median,10.0,4.514037644691049,4,53
0,0,1,structural_median,100.0,1.841694806737189,4,53
0,0,1,descriptor_local_svd,0.1,3.295760841610993,4,53
0,0,1,descriptor_local_svd,1.0,3.078928747561742,4,53
0,0,1,descriptor_local_svd,10.0,2.74768130074671,4,53
0,0,1,descriptor_local_svd,100.0,1.7801624712191684,4,53
0,0,1,degree_preserving_null,0.1,0.8459610633399626,4,53
0,0,1,degree_preserving_null,1.0,0.8241348928248835,4,53
0,0,1,degree_preserving_null,10.0,0.7345328800643351,4,53
0,0,1,degree_preserving_null,100.0,0.6906707117432227,4,53
0,0,1,family_median,0.1,0.9053121908896036,4,53
0,0,1,family_median,1.0,0.904732028150289,4,53
0,0,1,family_median,10.0,0.9010636211970631,4,53
0,0,1,family_median,100.0,0.9211648837545958,4,53
0,0,1,all_visible_ridge,0.1,7.118889305299094,4,53
0,0,1,all_visible_ridge,1.0,4.637673951949634,4,53
0,0,1,all_visible_ridge,10.0,2.9077126849263797,4,53
0,0,1,all_visible_ridge,100.0,1.8197108652613336,4,53
0,0,1,pca_matched_dimension,0.1,2.780017983039481,4,53
0,0,1,pca_matched_dimension,1.0,2.7616603430513815,4,53
0,0,1,pca_matched_dimension,10.0,2.5903407023971776,4,53
0,0,1,pca_matched_dimension,100.0,1.6349424068215341,4,53
0,0,1,descriptor_mean,0.1,2.935298534863315,4,53
0,0,1,descriptor_mean,1.0,2.779442112989648,4,53
0,0,1,descriptor_mean,10.0,2.386441558630156,4,53
0,0,1,descriptor_mean,100.0,1.7474617538349606,4,53
0,0,1,null_mean,0.1,3.465747881513289,4,53
0,0,1,null_mean,1.0,2.960289618991788,4,53
0,0,1,null_mean,10.0,2.369980306022869,4,53
0,0,1,null_mean,100.0,1.8276153523134433,4,53
0,0,1,null_local_svd,0.1,2.1073609168017633,4,53
0,0,1,null_local_svd,1.0,1.789184562995347,4,53
0,0,1,null_local_svd,10.0,1.239160325125673,4,53
0,0,1,null_local_svd,100.0,0.8209190238666862,4,53
0,0,2,structural_median,0.1,0.7157830676338424,4,53
0,0,2,structural_median,1.0,0.6766649037249788,4,53
0,0,2,structural_median,10.0,0.5744685728097569,4,53
0,0,2,structural_median,100.0,0.5664150936562079,4,53
0,0,2,descriptor_local_svd,0.1,0.546299339730079,4,53
0,0,2,descriptor_local_svd,1.0,0.512367276456408,4,53
0,0,2,descriptor_local_svd,10.0,0.4786012931518502,4,53
0,0,2,descriptor_local_svd,100.0,0.4975756354848714,4,53
0,0,2,degree_preserving_null,0.1,0.9881132173131679,4,53
0,0,2,degree_preserving_null,1.0,0.9565664672078523,4,53
0,0,2,degree_preserving_null,10.0,0.8362731514337604,4,53
0,0,2,degree_preserving_null,100.0,0.7964661508047215,4,53
0,0,2,family_median,0.1,1.2874840958865272,4,53
0,0,2,family_median,1.0,1.2876519671303772,4,53
0,0,2,family_median,10.0,1.2904678533267844,4,53
0,0,2,family_median,100.0,1.3479676674145908,4,53
0,0,2,all_visible_ridge,0.1,1.725832712742292,4,53
0,0,2,all_visible_ridge,1.0,0.8091697307060643,4,53
0,0,2,all_visible_ridge,10.0,0.4511770390197347,4,53
0,0,2,all_visible_ridge,100.0,0.39404235168942564,4,53
0,0,2,pca_matched_dimension,0.1,0.44466276433409024,4,53
0,0,2,pca_matched_dimension,1.0,0.44365905993754917,4,53
0,0,2,pca_matched_dimension,10.0,0.4364493891698259,4,53
0,0,2,pca_matched_dimension,100.0,0.5115177981535125,4,53
0,0,2,descriptor_mean,0.1,0.5518392781661924,4,53
0,0,2,descriptor_mean,1.0,0.5203260500505985,4,53
0,0,2,descriptor_mean,10.0,0.4966590578252287,4,53
0,0,2,descriptor_mean,100.0,0.5202264398408633,4,53
0,0,2,null_mean,0.1,0.6195544217840008,4,53
0,0,2,null_mean,1.0,0.5716760513275214,4,53
0,0,2,null_mean,10.0,0.5191312380068531,4,53
0,0,2,null_mean,100.0,0.5836702978126207,4,53
0,0,2,null_local_svd,0.1,0.5969263819226747,4,53
0,0,2,null_local_svd,1.0,0.5392911618750245,4,53
0,0,2,null_local_svd,10.0,0.49301525643538024,4,53
0,0,2,null_local_svd,100.0,0.589784742815888,4,53
0,1,0,structural_median,0.1,0.3608474582119982,4,53
0,1,0,structural_median,1.0,0.34588079825735807,4,53
0,1,0,structural_median,10.0,0.30387619402321864,4,53
0,1,0,structural_median,100.0,0.2952202678020735,4,53
0,1,0,descriptor_local_svd,0.1,0.2678430988833522,4,53
0,1,0,descriptor_local_svd,1.0,0.2594200310227094,4,53
0,1,0,descriptor_local_svd,10.0,0.24912256985948192,4,53
0,1,0,descriptor_local_svd,100.0,0.26719906452728265,4,53
0,1,0,degree_preserving_null,0.1,0.4360143546626891,4,53
0,1,0,degree_preserving_null,1.0,0.42114748752282344,4,53
0,1,0,degree_preserving_null,10.0,0.3642752210104576,4,53
0,1,0,degree_preserving_null,100.0,0.34353579074702195,4,53
0,1,0,family_median,0.1,0.48406162390261365,4,53
0,1,0,family_median,1.0,0.4838919359035651,4,53
0,1,0,family_median,10.0,0.4830040684574065,4,53
0,1,0,family_median,100.0,0.49597390121335305,4,53
0,1,0,all_visible_ridge,0.1,0.6766039964000012,4,53
0,1,0,all_visible_ridge,1.0,0.3729969701032294,4,53
0,1,0,all_visible_ridge,10.0,0.22946995981867915,4,53
0,1,0,all_visible_ridge,100.0,0.20394390872127888,4,53
0,1,0,pca_matched_dimension,0.1,0.23302901493393027,4,53
0,1,0,pca_matched_dimension,1.0,0.23258139562503455,4,53
0,1,0,pca_matched_dimension,10.0,0.22921630842889065,4,53
0,1,0,pca_matched_dimension,100.0,0.253853627218167,4,53
0,1,0,descriptor_mean,0.1,0.2749406819317496,4,53
0,1,0,descriptor_mean,1.0,0.26526661176351823,4,53
0,1,0,descriptor_mean,10.0,0.2528855907503212,4,53
0,1,0,descriptor_mean,100.0,0.27490274213550875,4,53
0,1,0,null_mean,0.1,0.309133237670852,4,53
0,1,0,null_mean,1.0,0.2843085372737242,4,53
0,1,0,null_mean,10.0,0.25886047491426956,4,53
0,1,0,null_mean,100.0,0.2920834383440807,4,53
0,1,0,null_local_svd,0.1,0.3047484303375555,4,53
0,1,0,null_local_svd,1.0,0.2750500635736077,4,53
0,1,0,null_local_svd,10.0,0.2518732505680283,4,53
0,1,0,null_local_svd,100.0,0.29027125002671433,4,53
0,1,1,structural_median,0.1,6.063737427061632,4,53
0,1,1,structural_median,1.0,5.652061489207171,4,53
0,1,1,structural_median,10.0,4.090560659452243,4,53
0,1,1,structural_median,100.0,1.995985364011917,4,53
0,1,1,descriptor_local_svd,0.1,3.931148895096645,4,53
0,1,1,descriptor_local_svd,1.0,3.299108979994819,4,53
0,1,1,descriptor_local_svd,10.0,2.714346683623568,4,53
0,1,1,descriptor_local_svd,100.0,1.5894972994861334,4,53
0,1,1,degree_preserving_null,0.1,1.3214229098187122,4,53
0,1,1,degree_preserving_null,1.0,1.2794305566767923,4,53
0,1,1,degree_preserving_null,10.0,1.118474590351198,4,53
0,1,1,degree_preserving_null,100.0,1.0534007477169416,4,53
0,1,1,family_median,0.1,1.5413895015089083,4,53
0,1,1,family_median,1.0,1.541363679063801,4,53
0,1,1,family_median,10.0,1.544205816534887,4,53
0,1,1,family_median,100.0,1.6179500560341473,4,53
0,1,1,all_visible_ridge,0.1,12.761962583730938,4,53
0,1,1,all_visible_ridge,1.0,8.02711408370668,4,53
0,1,1,all_visible_ridge,10.0,4.520989501874852,4,53
0,1,1,all_visible_ridge,100.0,2.2180879464316634,4,53
0,1,1,pca_matched_dimension,0.1,3.645341009033759,4,53
0,1,1,pca_matched_dimension,1.0,3.622096232469296,4,53
0,1,1,pca_matched_dimension,10.0,3.4056306902698164,4,53
0,1,1,pca_matched_dimension,100.0,2.2231811185157913,4,53
0,1,1,descriptor_mean,0.1,3.519360130300405,4,53
0,1,1,descriptor_mean,1.0,3.1434402510998884,4,53
0,1,1,descriptor_mean,10.0,2.525904906992288,4,53
0,1,1,descriptor_mean,100.0,1.5627763339529779,4,53
0,1,1,null_mean,0.1,6.468223594681185,4,53
0,1,1,null_mean,1.0,5.422486212329364,4,53
0,1,1,null_mean,10.0,3.002940322493433,4,53
0,1,1,null_mean,100.0,2.0536149655745715,4,53
0,1,1,null_local_svd,0.1,2.372877669486906,4,53
0,1,1,null_local_svd,1.0,1.9801471094937164,4,53
0,1,1,null_local_svd,10.0,1.290407680076115,4,53
0,1,1,null_local_svd,100.0,1.0096299222283076,4,53
0,1,2,structural_median,0.1,0.4709158370649549,4,53
0,1,2,structural_median,1.0,0.4538359284905547,4,53
0,1,2,structural_median,10.0,0.4117032142335045,4,53
0,1,2,structural_median,100.0,0.4244656684993051,4,53
0,1,2,descriptor_local_svd,0.1,0.36070523386145625,4,53
0,1,2,descriptor_local_svd,1.0,0.33899822634623517,4,53
0,1,2,descriptor_local_svd,10.0,0.3273214820768291,4,53
0,1,2,descriptor_local_svd,100.0,0.37205145889629704,4,53
0,1,2,degree_preserving_null,0.1,0.5715849104084005,4,53
0,1,2,degree_preserving_null,1.0,0.5537312415334995,4,53
0,1,2,degree_preserving_null,10.0,0.4846401399560733,4,53
0,1,2,degree_preserving_null,100.0,0.46912170305834483,4,53
0,1,2,family_median,0.1,0.7002881793083282,4,53
0,1,2,family_median,1.0,0.699599000495858,4,53
0,1,2,family_median,10.0,0.6960248606562724,4,53
0,1,2,family_median,100.0,0.7206613278684757,4,53
0,1,2,all_visible_ridge,0.1,0.8582867775720607,4,53
0,1,2,all_visible_ridge,1.0,0.4935419253989486,4,53
0,1,2,all_visible_ridge,10.0,0.3095172079233841,4,53
0,1,2,all_visible_ridge,100.0,0.2768587621044785,4,53
0,1,2,pca_matched_dimension,0.1,0.3084240027631149,4,53
0,1,2,pca_matched_dimension,1.0,0.3079013865402601,4,53
0,1,2,pca_matched_dimension,10.0,0.3042133748565696,4,53
0,1,2,pca_matched_dimension,100.0,0.3471938102919031,4,53
0,1,2,descriptor_mean,0.1,0.36677287109243123,4,53
0,1,2,descriptor_mean,1.0,0.3520305377531815,4,53
0,1,2,descriptor_mean,10.0,0.33640415334166707,4,53
0,1,2,descriptor_mean,100.0,0.3838719094998587,4,53
0,1,2,null_mean,0.1,0.4080810827470276,4,53
0,1,2,null_mean,1.0,0.37728355761868826,4,53
0,1,2,null_mean,10.0,0.34013015219128473,4,53
0,1,2,null_mean,100.0,0.39687556958329073,4,53
0,1,2,null_local_svd,0.1,0.4133223091162573,4,53
0,1,2,null_local_svd,1.0,0.3754352813120701,4,53
0,1,2,null_local_svd,10.0,0.34558102214034125,4,53
0,1,2,null_local_svd,100.0,0.40840143043206806,4,53
0,2,0,structural_median,0.1,0.4410404508194852,4,53
0,2,0,structural_median,1.0,0.4204556234189098,4,53
0,2,0,structural_median,10.0,0.3648242360067779,4,53
0,2,0,structural_median,100.0,0.3531757421820335,4,53
0,2,0,descriptor_local_svd,0.1,0.3434483581956598,4,53
0,2,0,descriptor_local_svd,1.0,0.3227807377047515,4,53
0,2,0,descriptor_local_svd,10.0,0.3029953037583974,4,53
0,2,0,descriptor_local_svd,100.0,0.3278311628382539,4,53
0,2,0,degree_preserving_null,0.1,0.5028412410403642,4,53
0,2,0,degree_preserving_null,1.0,0.486276253543432,4,53
0,2,0,degree_preserving_null,10.0,0.42103112363772177,4,53
0,2,0,degree_preserving_null,100.0,0.39469195998559703,4,53
0,2,0,family_median,0.1,0.5729652557947266,4,53
0,2,0,family_median,1.0,0.572225491569152,4,53
0,2,0,family_median,10.0,0.5678537946571416,4,53
0,2,0,family_median,100.0,0.5848279316374886,4,53
0,2,0,all_visible_ridge,0.1,1.0133185537544986,4,53
0,2,0,all_visible_ridge,1.0,0.5683858400104579,4,53
0,2,0,all_visible_ridge,10.0,0.3100532695142168,4,53
0,2,0,all_visible_ridge,100.0,0.2441434094431788,4,53
0,2,0,pca_matched_dimension,0.1,0.2837911052600817,4,53
0,2,0,pca_matched_dimension,1.0,0.2831078832336378,4,53
0,2,0,pca_matched_dimension,10.0,0.2777098286136415,4,53
0,2,0,pca_matched_dimension,100.0,0.29986728017514797,4,53
0,2,0,descriptor_mean,0.1,0.36694216804630897,4,53
0,2,0,descriptor_mean,1.0,0.3549036760442956,4,53
0,2,0,descriptor_mean,10.0,0.337319406092638,4,53
0,2,0,descriptor_mean,100.0,0.3439440108946016,4,53
0,2,0,null_mean,0.1,0.41814572278998663,4,53
0,2,0,null_mean,1.0,0.3858429356175846,4,53
0,2,0,null_mean,10.0,0.33163252252895936,4,53
0,2,0,null_mean,100.0,0.35129752859811375,4,53
0,2,0,null_local_svd,0.1,0.40373279755297375,4,53
0,2,0,null_local_svd,1.0,0.3555712326465455,4,53
0,2,0,null_local_svd,10.0,0.32013127809736536,4,53
0,2,0,null_local_svd,100.0,0.3588512081924092,4,53
0,2,1,structural_median,0.1,0.7324241173211203,4,53
0,2,1,structural_median,1.0,0.6926331064627236,4,53
0,2,1,structural_median,10.0,0.5794587040636169,4,53
0,2,1,structural_median,100.0,0.5597706846848589,4,53
0,2,1,descriptor_local_svd,0.1,0.49882439282361984,4,53
0,2,1,descriptor_local_svd,1.0,0.47426237666004695,4,53
0,2,1,descriptor_local_svd,10.0,0.4432846031578757,4,53
0,2,1,descriptor_local_svd,100.0,0.47282147394986557,4,53
0,2,1,degree_preserving_null,0.1,0.8680233240763777,4,53
0,2,1,degree_preserving_null,1.0,0.8414891241947008,4,53
0,2,1,degree_preserving_null,10.0,0.7517662073752724,4,53
0,2,1,degree_preserving_null,100.0,0.748866858320211,4,53
0,2,1,family_median,0.1,1.2027856320403398,4,53
0,2,1,family_median,1.0,1.2021714402309647,4,53
0,2,1,family_median,10.0,1.2001574948452571,4,53
0,2,1,family_median,100.0,1.2599809130777784,4,53
0,2,1,all_visible_ridge,0.1,1.94235481114239,4,53
0,2,1,all_visible_ridge,1.0,0.8954502039435768,4,53
0,2,1,all_visible_ridge,10.0,0.4504753188970581,4,53
0,2,1,all_visible_ridge,100.0,0.36033518496994466,4,53
0,2,1,pca_matched_dimension,0.1,0.4115606503992013,4,53
0,2,1,pca_matched_dimension,1.0,0.4105127734304648,4,53
0,2,1,pca_matched_dimension,10.0,0.402911872649631,4,53
0,2,1,pca_matched_dimension,100.0,0.476920842681812,4,53
0,2,1,descriptor_mean,0.1,0.5008147765622729,4,53
0,2,1,descriptor_mean,1.0,0.4821304067642427,4,53
0,2,1,descriptor_mean,10.0,0.46216851609452403,4,53
0,2,1,descriptor_mean,100.0,0.5040207892658788,4,53
0,2,1,null_mean,0.1,0.5960667935439755,4,53
0,2,1,null_mean,1.0,0.5514905516620181,4,53
0,2,1,null_mean,10.0,0.4845634736788268,4,53
0,2,1,null_mean,100.0,0.5586814220621518,4,53
0,2,1,null_local_svd,0.1,0.6102948302273307,4,53
0,2,1,null_local_svd,1.0,0.5416507457348497,4,53
0,2,1,null_local_svd,10.0,0.49623543527963987,4,53
0,2,1,null_local_svd,100.0,0.5569004666872118,4,53
0,2,2,structural_median,0.1,0.4571356713186031,4,53
0,2,2,structural_median,1.0,0.4333947994658588,4,53
0,2,2,structural_median,10.0,0.37160052542189803,4,53
0,2,2,structural_median,100.0,0.35600248234690585,4,53
0,2,2,descriptor_local_svd,0.1,0.3264826469633334,4,53
0,2,2,descriptor_local_svd,1.0,0.31613280520174153,4,53
0,2,2,descriptor_local_svd,10.0,0.30269539016860386,4,53
0,2,2,descriptor_local_svd,100.0,0.3303402405331073,4,53
0,2,2,degree_preserving_null,0.1,0.5320019284451724,4,53
0,2,2,degree_preserving_null,1.0,0.514078144376145,4,53
0,2,2,degree_preserving_null,10.0,0.44500464743024326,4,53
0,2,2,degree_preserving_null,100.0,0.4108350910293908,4,53
0,2,2,family_median,0.1,0.5595756199116091,4,53
0,2,2,family_median,1.0,0.5596132776522811,4,53
0,2,2,family_median,10.0,0.5611741006481185,4,53
0,2,2,family_median,100.0,0.5936396610021281,4,53
0,2,2,all_visible_ridge,0.1,0.7828791247023811,4,53
0,2,2,all_visible_ridge,1.0,0.4389641512223248,4,53
0,2,2,all_visible_ridge,10.0,0.2790658654172901,4,53
0,2,2,all_visible_ridge,100.0,0.25203900091056053,4,53
0,2,2,pca_matched_dimension,0.1,0.2789192694914826,4,53
0,2,2,pca_matched_dimension,1.0,0.2785784198396816,4,53
0,2,2,pca_matched_dimension,10.0,0.2763740177203401,4,53
0,2,2,pca_matched_dimension,100.0,0.3162623682184298,4,53
0,2,2,descriptor_mean,0.1,0.33898535868187185,4,53
0,2,2,descriptor_mean,1.0,0.3318702403734525,4,53
0,2,2,descriptor_mean,10.0,0.31835428228130974,4,53
0,2,2,descriptor_mean,100.0,0.34282260505250045,4,53
0,2,2,null_mean,0.1,0.36468182382953135,4,53
0,2,2,null_mean,1.0,0.34059375839611766,4,53
0,2,2,null_mean,10.0,0.3148168556568893,4,53
0,2,2,null_mean,100.0,0.3563709274146951,4,53
0,2,2,null_local_svd,0.1,0.3583819377447143,4,53
0,2,2,null_local_svd,1.0,0.33051833103489386,4,53
0,2,2,null_local_svd,10.0,0.3115332228056515,4,53
0,2,2,null_local_svd,100.0,0.3570182410622189,4,53
0,3,0,structural_median,0.1,0.40445895960676753,4,53
0,3,0,structural_median,1.0,0.3902774243174893,4,53
0,3,0,structural_median,10.0,0.3511066565117585,4,53
0,3,0,structural_median,100.0,0.34738379789901913,4,53
0,3,0,descriptor_local_svd,0.1,0.3141006949253869,4,53
0,3,0,descriptor_local_svd,1.0,0.2987491215895706,4,53
0,3,0,descriptor_local_svd,10.0,0.28693277338623435,4,53
0,3,0,descriptor_local_svd,100.0,0.3187680049609303,4,53
0,3,0,degree_preserving_null,0.1,0.5204023111868705,4,53
0,3,0,degree_preserving_null,1.0,0.5041230182728127,4,53
0,3,0,degree_preserving_null,10.0,0.43788617500566657,4,53
0,3,0,degree_preserving_null,100.0,0.40037327969223335,4,53
0,3,0,family_median,0.1,0.5501550171313571,4,53
0,3,0,family_median,1.0,0.5493490137707457,4,53
0,3,0,family_median,10.0,0.5440914801518899,4,53
0,3,0,family_median,100.0,0.553005612617536,4,53
0,3,0,all_visible_ridge,0.1,0.7167109547720166,4,53
0,3,0,all_visible_ridge,1.0,0.43686726893339106,4,53
0,3,0,all_visible_ridge,10.0,0.27490513835533514,4,53
0,3,0,all_visible_ridge,100.0,0.243682540013647,4,53
0,3,0,pca_matched_dimension,0.1,0.2626002920395897,4,53
0,3,0,pca_matched_dimension,1.0,0.2622432938905921,4,53
0,3,0,pca_matched_dimension,10.0,0.25984569171804817,4,53
0,3,0,pca_matched_dimension,100.0,0.2963857488332732,4,53
0,3,0,descriptor_mean,0.1,0.3213959215908776,4,53
0,3,0,descriptor_mean,1.0,0.3109626716657878,4,53
0,3,0,descriptor_mean,10.0,0.3009764626291415,4,53
0,3,0,descriptor_mean,100.0,0.33181708212480177,4,53
0,3,0,null_mean,0.1,0.3619750975455051,4,53
0,3,0,null_mean,1.0,0.335053031588379,4,53
0,3,0,null_mean,10.0,0.30121888580699663,4,53
0,3,0,null_mean,100.0,0.3386886506466021,4,53
0,3,0,null_local_svd,0.1,0.35877839477521983,4,53
0,3,0,null_local_svd,1.0,0.3237599895931625,4,53
0,3,0,null_local_svd,10.0,0.2982649362510705,4,53
0,3,0,null_local_svd,100.0,0.3493857746942454,4,53
0,3,1,structural_median,0.1,5.387400028983616,4,53
0,3,1,structural_median,1.0,5.106738568262431,4,53
0,3,1,structural_median,10.0,3.943625600309541,4,53
0,3,1,structural_median,100.0,2.091428961545158,4,53
0,3,1,descriptor_local_svd,0.1,3.4267832718679347,4,53
0,3,1,descriptor_local_svd,1.0,3.0624986381745485,4,53
0,3,1,descriptor_local_svd,10.0,2.9358765755708323,4,53
0,3,1,descriptor_local_svd,100.0,2.0928417336461083,4,53
0,3,1,degree_preserving_null,0.1,1.1394043644222789,4,53
0,3,1,degree_preserving_null,1.0,1.1026723975655417,4,53
0,3,1,degree_preserving_null,10.0,0.9854036959395415,4,53
0,3,1,degree_preserving_null,100.0,0.9719886348211261,4,53
0,3,1,family_median,0.1,1.2161781435591383,4,53
0,3,1,family_median,1.0,1.2155393600667987,4,53
0,3,1,family_median,10.0,1.2116800843182112,4,53
0,3,1,family_median,100.0,1.237971238612158,4,53
0,3,1,all_visible_ridge,0.1,11.739583817884297,4,53
0,3,1,all_visible_ridge,1.0,6.913913566536292,4,53
0,3,1,all_visible_ridge,10.0,3.6142880456346513,4,53
0,3,1,all_visible_ridge,100.0,2.3995275003044827,4,53
0,3,1,pca_matched_dimension,0.1,3.656262324198406,4,53
0,3,1,pca_matched_dimension,1.0,3.6332123204438256,4,53
0,3,1,pca_matched_dimension,10.0,3.417852764191923,4,53
0,3,1,pca_matched_dimension,100.0,2.203540395241362,4,53
0,3,1,descriptor_mean,0.1,4.24501974599369,4,53
0,3,1,descriptor_mean,1.0,3.940306737634746,4,53
0,3,1,descriptor_mean,10.0,3.247788711909309,4,53
0,3,1,descriptor_mean,100.0,2.0960992307846174,4,53
0,3,1,null_mean,0.1,4.560021210941778,4,53
0,3,1,null_mean,1.0,4.07262970554706,4,53
0,3,1,null_mean,10.0,3.311857287109683,4,53
0,3,1,null_mean,100.0,2.4590101169221095,4,53
0,3,1,null_local_svd,0.1,3.324400596860871,4,53
0,3,1,null_local_svd,1.0,3.0497040061852965,4,53
0,3,1,null_local_svd,10.0,2.2644204488082362,4,53
0,3,1,null_local_svd,100.0,1.3941086483190985,4,53
0,3,2,structural_median,0.1,0.7199917776678151,4,53
0,3,2,structural_median,1.0,0.6741027954121477,4,53
0,3,2,structural_median,10.0,0.5454580710175394,4,53
0,3,2,structural_median,100.0,0.5097600127580779,4,53
0,3,2,descriptor_local_svd,0.1,0.517245213615116,4,53
0,3,2,descriptor_local_svd,1.0,0.48787458481253165,4,53
0,3,2,descriptor_local_svd,10.0,0.44305442849763355,4,53
0,3,2,descriptor_local_svd,100.0,0.44727912122122027,4,53
0,3,2,degree_preserving_null,0.1,0.8680869741951804,4,53
0,3,2,degree_preserving_null,1.0,0.8420481502484134,4,53
0,3,2,degree_preserving_null,10.0,0.7348258132069965,4,53
0,3,2,degree_preserving_null,100.0,0.6899327035456987,4,53
0,3,2,family_median,0.1,1.2032589153128967,4,53
0,3,2,family_median,1.0,1.203455872940328,4,53
0,3,2,family_median,10.0,1.206756741604899,4,53
0,3,2,family_median,100.0,1.267101349544707,4,53
0,3,2,all_visible_ridge,0.1,1.430654616589167,4,53
0,3,2,all_visible_ridge,1.0,0.8515466615595367,4,53
0,3,2,all_visible_ridge,10.0,0.4892246172546135,4,53
0,3,2,all_visible_ridge,100.0,0.37746592488527225,4,53
0,3,2,pca_matched_dimension,0.1,0.46269903178105404,4,53
0,3,2,pca_matched_dimension,1.0,0.46136760298232865,4,53
0,3,2,pca_matched_dimension,10.0,0.45093401510348136,4,53
0,3,2,pca_matched_dimension,100.0,0.4991807932392883,4,53
0,3,2,descriptor_mean,0.1,0.5375417301020944,4,53
0,3,2,descriptor_mean,1.0,0.49806780253843896,4,53
0,3,2,descriptor_mean,10.0,0.4568973399682309,4,53
0,3,2,descriptor_mean,100.0,0.47199474587998846,4,53
0,3,2,null_mean,0.1,0.6752383571969004,4,53
0,3,2,null_mean,1.0,0.6296629732595889,4,53
0,3,2,null_mean,10.0,0.5543517296597265,4,53
0,3,2,null_mean,100.0,0.5709232987191435,4,53
0,3,2,null_local_svd,0.1,0.7097084975812142,4,53
0,3,2,null_local_svd,1.0,0.6283151435468363,4,53
0,3,2,null_local_svd,10.0,0.5319912749075595,4,53
0,3,2,null_local_svd,100.0,0.5417374992161068,4,53
0,4,0,structural_median,0.1,4.62761935385236,4,53
0,4,0,structural_median,1.0,4.269576388615031,4,53
0,4,0,structural_median,10.0,2.981994762382127,4,53
0,4,0,structural_median,100.0,1.5216583227033025,4,53
0,4,0,descriptor_local_svd,0.1,2.389072410361531,4,53
0,4,0,descriptor_local_svd,1.0,2.1894239959821036,4,53
0,4,0,descriptor_local_svd,10.0,1.9541349758686242,4,53
0,4,0,descriptor_local_svd,100.0,1.569199137835806,4,53
0,4,0,degree_preserving_null,0.1,1.0175383082643021,4,53
0,4,0,degree_preserving_null,1.0,0.9877776913746394,4,53
0,4,0,degree_preserving_null,10.0,0.8792931555240558,4,53
0,4,0,degree_preserving_null,100.0,0.8560127342863961,4,53
0,4,0,family_median,0.1,1.1407231295140976,4,53
0,4,0,family_median,1.0,1.1392123683129711,4,53
0,4,0,family_median,10.0,1.130691352549019,4,53
0,4,0,family_median,100.0,1.1638436666993113,4,53
0,4,0,all_visible_ridge,0.1,7.587229466117396,4,53
0,4,0,all_visible_ridge,1.0,4.20895928573628,4,53
0,4,0,all_visible_ridge,10.0,2.1270968344955428,4,53
0,4,0,all_visible_ridge,100.0,1.3511166975224773,4,53
0,4,0,pca_matched_dimension,0.1,1.8356781306338352,4,53
0,4,0,pca_matched_dimension,1.0,1.8246889547625333,4,53
0,4,0,pca_matched_dimension,10.0,1.7230850210622028,4,53
0,4,0,pca_matched_dimension,100.0,1.207273993469268,4,53
0,4,0,descriptor_mean,0.1,2.5282245341036496,4,53
0,4,0,descriptor_mean,1.0,2.375324692272771,4,53
0,4,0,descriptor_mean,10.0,1.980240101963919,4,53
0,4,0,descriptor_mean,100.0,1.6479634685824778,4,53
0,4,0,null_mean,0.1,2.9305053857137904,4,53
0,4,0,null_mean,1.0,2.5336063275646357,4,53
0,4,0,null_mean,10.0,2.0911577943966217,4,53
0,4,0,null_mean,100.0,2.008548666036037,4,53
0,4,0,null_local_svd,0.1,1.671177258184947,4,53
0,4,0,null_local_svd,1.0,1.3610881737365188,4,53
0,4,0,null_local_svd,10.0,0.9653471837234001,4,53
0,4,0,null_local_svd,100.0,0.8733932131022649,4,53
0,4,1,structural_median,0.1,0.40992699429625434,4,53
0,4,1,structural_median,1.0,0.39086621506033037,4,53
0,4,1,structural_median,10.0,0.3372386208867617,4,53
0,4,1,structural_median,100.0,0.3278866431969633,4,53
0,4,1,descriptor_local_svd,0.1,0.3180553304985022,4,53
0,4,1,descriptor_local_svd,1.0,0.30204359040207535,4,53
0,4,1,descriptor_local_svd,10.0,0.2852469966040607,4,53
0,4,1,descriptor_local_svd,100.0,0.30312765055292096,4,53
0,4,1,degree_preserving_null,0.1,0.5359075304279246,4,53
0,4,1,degree_preserving_null,1.0,0.5140151452751069,4,53
0,4,1,degree_preserving_null,10.0,0.42744662725684796,4,53
0,4,1,degree_preserving_null,100.0,0.3775030342982794,4,53
0,4,1,family_median,0.1,0.5497898602696153,4,53
0,4,1,family_median,1.0,0.5499130760271697,4,53
0,4,1,family_median,10.0,0.5518568833811016,4,53
0,4,1,family_median,100.0,0.5864473516711515,4,53
0,4,1,all_visible_ridge,0.1,0.7518656370770511,4,53
0,4,1,all_visible_ridge,1.0,0.43651779328508733,4,53
0,4,1,all_visible_ridge,10.0,0.2721973954018198,4,53
0,4,1,all_visible_ridge,100.0,0.23327494016148803,4,53
0,4,1,pca_matched_dimension,0.1,0.2621369142651074,4,53
0,4,1,pca_matched_dimension,1.0,0.26160634966197477,4,53
0,4,1,pca_matched_dimension,10.0,0.2576999197796469,4,53
0,4,1,pca_matched_dimension,100.0,0.2917545870182427,4,53
0,4,1,descriptor_mean,0.1,0.328686601337275,4,53
0,4,1,descriptor_mean,1.0,0.31630805255547784,4,53
0,4,1,descriptor_mean,10.0,0.2947002479775358,4,53
0,4,1,descriptor_mean,100.0,0.31514155168821556,4,53
0,4,1,null_mean,0.1,0.36197035343528583,4,53
0,4,1,null_mean,1.0,0.3310860986012596,4,53
0,4,1,null_mean,10.0,0.2954601527415893,4,53
0,4,1,null_mean,100.0,0.3327069419715617,4,53
0,4,1,null_local_svd,0.1,0.36099884830103385,4,53
0,4,1,null_local_svd,1.0,0.3236203649806721,4,53
0,4,1,null_local_svd,10.0,0.286272561168726,4,53
0,4,1,null_local_svd,100.0,0.3205576092098402,4,53
0,4,2,structural_median,0.1,0.430889977354513,4,53
0,4,2,structural_median,1.0,0.4134632916385513,4,53
0,4,2,structural_median,10.0,0.3610741718171353,4,53
0,4,2,structural_median,100.0,0.35311139067831926,4,53
0,4,2,descriptor_local_svd,0.1,0.3359394000361629,4,53
0,4,2,descriptor_local_svd,1.0,0.3160410722026853,4,53
0,4,2,descriptor_local_svd,10.0,0.2993183163719497,4,53
0,4,2,descriptor_local_svd,100.0,0.323367719409786,4,53
0,4,2,degree_preserving_null,0.1,0.4820811896625169,4,53
0,4,2,degree_preserving_null,1.0,0.4686524549970507,4,53
0,4,2,degree_preserving_null,10.0,0.4128968101490563,4,53
0,4,2,degree_preserving_null,100.0,0.397464080444039,4,53
0,4,2,family_median,0.1,0.5989237215426456,4,53
0,4,2,family_median,1.0,0.5982410094400266,4,53
0,4,2,family_median,10.0,0.5937829258675902,4,53
0,4,2,family_median,100.0,0.6061163094682044,4,53
0,4,2,all_visible_ridge,0.1,0.895522580323395,4,53
0,4,2,all_visible_ridge,1.0,0.5061163134928259,4,53
0,4,2,all_visible_ridge,10.0,0.29727385339393275,4,53
0,4,2,all_visible_ridge,100.0,0.2446199819669877,4,53
0,4,2,pca_matched_dimension,0.1,0.2765819379162892,4,53
0,4,2,pca_matched_dimension,1.0,0.27607894222330365,4,53
0,4,2,pca_matched_dimension,10.0,0.2724701910204755,4,53
0,4,2,pca_matched_dimension,100.0,0.3103435552818613,4,53
0,4,2,descriptor_mean,0.1,0.343926789955735,4,53
0,4,2,descriptor_mean,1.0,0.32649525463290413,4,53
0,4,2,descriptor_mean,10.0,0.30980276416946073,4,53
0,4,2,descriptor_mean,100.0,0.3342188323267646,4,53
0,4,2,null_mean,0.1,0.37188011014828126,4,53
0,4,2,null_mean,1.0,0.3433883260032515,4,53
0,4,2,null_mean,10.0,0.3051423191707016,4,53
0,4,2,null_mean,100.0,0.34353662533703244,4,53
0,4,2,null_local_svd,0.1,0.38207906027523153,4,53
0,4,2,null_local_svd,1.0,0.3408226662224871,4,53
0,4,2,null_local_svd,10.0,0.30203714020054495,4,53
0,4,2,null_local_svd,100.0,0.34461542221869235,4,53
1,0,0,structural_median,0.1,0.447259405180887,4,53
1,0,0,structural_median,1.0,0.42293732000150536,4,53
1,0,0,structural_median,10.0,0.36289471784927685,4,53
1,0,0,structural_median,100.0,0.34799386657619374,4,53
1,0,0,descriptor_local_svd,0.1,0.32087117592849407,4,53
1,0,0,descriptor_local_svd,1.0,0.30146006269740344,4,53
1,0,0,descriptor_local_svd,10.0,0.2893077786102686,4,53
1,0,0,descriptor_local_svd,100.0,0.31244237183031426,4,53
1,0,0,degree_preserving_null,0.1,0.5207273677084824,4,53
1,0,0,degree_preserving_null,1.0,0.5001208765798647,4,53
1,0,0,degree_preserving_null,10.0,0.4224862694397788,4,53
1,0,0,degree_preserving_null,100.0,0.3790179922708183,4,53
1,0,0,family_median,0.1,0.5196300469665386,4,53
1,0,0,family_median,1.0,0.5192095966453156,4,53
1,0,0,family_median,10.0,0.5169427596060837,4,53
1,0,0,family_median,100.0,0.5370113029017459,4,53
1,0,0,all_visible_ridge,0.1,0.7700811748214123,4,53
1,0,0,all_visible_ridge,1.0,0.4844135355066021,4,53
1,0,0,all_visible_ridge,10.0,0.2998710097825689,4,53
1,0,0,all_visible_ridge,100.0,0.2507096662852343,4,53
1,0,0,pca_matched_dimension,0.1,0.28704969020983323,4,53
1,0,0,pca_matched_dimension,1.0,0.2864696055903118,4,53
1,0,0,pca_matched_dimension,10.0,0.281924337688668,4,53
1,0,0,pca_matched_dimension,100.0,0.3029741720207737,4,53
1,0,0,descriptor_mean,0.1,0.32614318199861264,4,53
1,0,0,descriptor_mean,1.0,0.31546810107005524,4,53
1,0,0,descriptor_mean,10.0,0.303331371629756,4,53
1,0,0,descriptor_mean,100.0,0.3210961619920185,4,53
1,0,0,null_mean,0.1,0.3747055116318364,4,53
1,0,0,null_mean,1.0,0.3411978772033625,4,53
1,0,0,null_mean,10.0,0.3013747859965742,4,53
1,0,0,null_mean,100.0,0.32162052385709394,4,53
1,0,0,null_local_svd,0.1,0.37565368520622555,4,53
1,0,0,null_local_svd,1.0,0.3380125005918954,4,53
1,0,0,null_local_svd,10.0,0.30173213670147103,4,53
1,0,0,null_local_svd,100.0,0.3262202248491636,4,53
1,0,1,structural_median,0.1,4.8207454888790195,4,53
1,0,1,structural_median,1.0,4.515292337585631,4,53
1,0,1,structural_median,10.0,3.396483599984422,4,53
1,0,1,structural_median,100.0,1.748143058820867,4,53
1,0,1,descriptor_local_svd,0.1,2.462229725569393,4,53
1,0,1,descriptor_local_svd,1.0,2.167770133745819,4,53
1,0,1,descriptor_local_svd,10.0,1.8726087581182336,4,53
1,0,1,descriptor_local_svd,100.0,1.4822981122147625,4,53
1,0,1,degree_preserving_null,0.1,0.9118532144818546,4,53
1,0,1,degree_preserving_null,1.0,0.8901630730801715,4,53
1,0,1,degree_preserving_null,10.0,0.8080727192414217,4,53
1,0,1,degree_preserving_null,100.0,0.7845145722222295,4,53
1,0,1,family_median,0.1,1.0476967135199176,4,53
1,0,1,family_median,1.0,1.0475435432291267,4,53
1,0,1,family_median,10.0,1.0473219297310705,4,53
1,0,1,family_median,100.0,1.0816801016587,4,53
1,0,1,all_visible_ridge,0.1,7.422559414621132,4,53
1,0,1,all_visible_ridge,1.0,4.648085995449538,4,53
1,0,1,all_visible_ridge,10.0,2.566013231568566,4,53
1,0,1,all_visible_ridge,100.0,1.4875320349675911,4,53
1,0,1,pca_matched_dimension,0.1,2.6113029542678112,4,53
1,0,1,pca_matched_dimension,1.0,2.5937704977235567,4,53
1,0,1,pca_matched_dimension,10.0,2.430563681207187,4,53
1,0,1,pca_matched_dimension,100.0,1.542420502960902,4,53
1,0,1,descriptor_mean,0.1,2.876659497639634,4,53
1,0,1,descriptor_mean,1.0,2.5417352043471433,4,53
1,0,1,descriptor_mean,10.0,1.936395916146414,4,53
1,0,1,descriptor_mean,100.0,1.559458296205215,4,53
1,0,1,null_mean,0.1,3.403226243196299,4,53
1,0,1,null_mean,1.0,3.2396426122910444,4,53
1,0,1,null_mean,10.0,2.551831762441715,4,53
1,0,1,null_mean,100.0,1.6569552579223388,4,53
1,0,1,null_local_svd,0.1,2.1476974578018444,4,53
1,0,1,null_local_svd,1.0,1.8404349775454023,4,53
1,0,1,null_local_svd,10.0,1.3602798070426483,4,53
1,0,1,null_local_svd,100.0,0.8854528737414991,4,53
1,0,2,structural_median,0.1,0.8845534077582411,4,53
1,0,2,structural_median,1.0,0.8363382821032606,4,53
1,0,2,structural_median,10.0,0.7122497595346367,4,53
1,0,2,structural_median,100.0,0.7182504979294766,4,53
1,0,2,descriptor_local_svd,0.1,0.5931024019841784,4,53
1,0,2,descriptor_local_svd,1.0,0.5783140214408462,4,53
1,0,2,descriptor_local_svd,10.0,0.5378172800702048,4,53
1,0,2,descriptor_local_svd,100.0,0.5941057980062412,4,53
1,0,2,degree_preserving_null,0.1,1.1148655103666893,4,53
1,0,2,degree_preserving_null,1.0,1.0785735279623814,4,53
1,0,2,degree_preserving_null,10.0,0.940651767557806,4,53
1,0,2,degree_preserving_null,100.0,0.8819368259200833,4,53
1,0,2,family_median,0.1,1.2078241739211233,4,53
1,0,2,family_median,1.0,1.2075313989926149,4,53
1,0,2,family_median,10.0,1.2074508739767762,4,53
1,0,2,family_median,100.0,1.253629733752038,4,53
1,0,2,all_visible_ridge,0.1,2.0378792292987904,4,53
1,0,2,all_visible_ridge,1.0,0.9717634787185923,4,53
1,0,2,all_visible_ridge,10.0,0.5028283781287082,4,53
1,0,2,all_visible_ridge,100.0,0.42765345980811753,4,53
1,0,2,pca_matched_dimension,0.1,0.479162991791517,4,53
1,0,2,pca_matched_dimension,1.0,0.47846852770270926,4,53
1,0,2,pca_matched_dimension,10.0,0.4738087470541194,4,53
1,0,2,pca_matched_dimension,100.0,0.5451401928119863,4,53
1,0,2,descriptor_mean,0.1,0.6135530341252835,4,53
1,0,2,descriptor_mean,1.0,0.5755113310707712,4,53
1,0,2,descriptor_mean,10.0,0.5386621199148302,4,53
1,0,2,descriptor_mean,100.0,0.6158753352941335,4,53
1,0,2,null_mean,0.1,0.6277094672304779,4,53
1,0,2,null_mean,1.0,0.5762755275089737,4,53
1,0,2,null_mean,10.0,0.5290627348046127,4,53
1,0,2,null_mean,100.0,0.6071398263058327,4,53
1,0,2,null_local_svd,0.1,0.6254426141352312,4,53
1,0,2,null_local_svd,1.0,0.5489281740794313,4,53
1,0,2,null_local_svd,10.0,0.48974250248861945,4,53
1,0,2,null_local_svd,100.0,0.6064076239088767,4,53
1,1,0,structural_median,0.1,0.4018202846080403,4,53
1,1,0,structural_median,1.0,0.38664612933228537,4,53
1,1,0,structural_median,10.0,0.34368317820391936,4,53
1,1,0,structural_median,100.0,0.3401003805692953,4,53
1,1,0,descriptor_local_svd,0.1,0.29879782592481663,4,53
1,1,0,descriptor_local_svd,1.0,0.2834960651270255,4,53
1,1,0,descriptor_local_svd,10.0,0.2729324140102736,4,53
1,1,0,descriptor_local_svd,100.0,0.30539314882246626,4,53
1,1,0,degree_preserving_null,0.1,0.4904875642688942,4,53
1,1,0,degree_preserving_null,1.0,0.47584535328079514,4,53
1,1,0,degree_preserving_null,10.0,0.41699609008953964,4,53
1,1,0,degree_preserving_null,100.0,0.38592318902305994,4,53
1,1,0,family_median,0.1,0.5422281867473318,4,53
1,1,0,family_median,1.0,0.541797853628167,4,53
1,1,0,family_median,10.0,0.5387408736199935,4,53
1,1,0,family_median,100.0,0.5474657041339337,4,53
1,1,0,all_visible_ridge,0.1,0.7046155874880817,4,53
1,1,0,all_visible_ridge,1.0,0.42563754171988655,4,53
1,1,0,all_visible_ridge,10.0,0.2783192498793613,4,53
1,1,0,all_visible_ridge,100.0,0.24434518849986875,4,53
1,1,0,pca_matched_dimension,0.1,0.2712368103298033,4,53
1,1,0,pca_matched_dimension,1.0,0.27084137762197724,4,53
1,1,0,pca_matched_dimension,10.0,0.26798147305579334,4,53
1,1,0,pca_matched_dimension,100.0,0.2964064361616322,4,53
1,1,0,descriptor_mean,0.1,0.30827035010313814,4,53
1,1,0,descriptor_mean,1.0,0.29631296100311216,4,53
1,1,0,descriptor_mean,10.0,0.2835261352283449,4,53
1,1,0,descriptor_mean,100.0,0.3116452114389781,4,53
1,1,0,null_mean,0.1,0.34022470063993204,4,53
1,1,0,null_mean,1.0,0.3196693131889515,4,53
1,1,0,null_mean,10.0,0.29284800291766966,4,53
1,1,0,null_mean,100.0,0.3186105327465186,4,53
1,1,0,null_local_svd,0.1,0.3284689527081306,4,53
1,1,0,null_local_svd,1.0,0.3021935400417957,4,53
1,1,0,null_local_svd,10.0,0.2785331154509,4,53
1,1,0,null_local_svd,100.0,0.3148561900140245,4,53
1,1,1,structural_median,0.1,7.270848251726969,4,53
1,1,1,structural_median,1.0,6.572970310874773,4,53
1,1,1,structural_median,10.0,4.281677016435498,4,53
1,1,1,structural_median,100.0,2.3584681445903013,4,53
1,1,1,descriptor_local_svd,0.1,3.7135716132559686,4,53
1,1,1,descriptor_local_svd,1.0,3.262620352975938,4,53
1,1,1,descriptor_local_svd,10.0,2.880430485170102,4,53
1,1,1,descriptor_local_svd,100.0,2.3323051945124047,4,53
1,1,1,degree_preserving_null,0.1,1.6594455754750177,4,53
1,1,1,degree_preserving_null,1.0,1.613321272310186,4,53
1,1,1,degree_preserving_null,10.0,1.4329007967693916,4,53
1,1,1,degree_preserving_null,100.0,1.3493921900275405,4,53
1,1,1,family_median,0.1,1.8112712422253265,4,53
1,1,1,family_median,1.0,1.8123188054321822,4,53
1,1,1,family_median,10.0,1.8231256867301586,4,53
1,1,1,family_median,100.0,1.9107765507535555,4,53
1,1,1,all_visible_ridge,0.1,17.077475247395252,4,53
1,1,1,all_visible_ridge,1.0,7.784564752991975,4,53
1,1,1,all_visible_ridge,10.0,3.755758486857031,4,53
1,1,1,all_visible_ridge,100.0,1.9300695991924568,4,53
1,1,1,pca_matched_dimension,0.1,2.808875460468794,4,53
1,1,1,pca_matched_dimension,1.0,2.791557395162407,4,53
1,1,1,pca_matched_dimension,10.0,2.6313308151517374,4,53
1,1,1,pca_matched_dimension,100.0,1.8121465226644675,4,53
1,1,1,descriptor_mean,0.1,3.8178389725780884,4,53
1,1,1,descriptor_mean,1.0,3.511577991926572,4,53
1,1,1,descriptor_mean,10.0,2.756538341376793,4,53
1,1,1,descriptor_mean,100.0,2.200757476973876,4,53
1,1,1,null_mean,0.1,3.854023332544563,4,53
1,1,1,null_mean,1.0,3.3682635657040403,4,53
1,1,1,null_mean,10.0,2.465544507823646,4,53
1,1,1,null_mean,100.0,1.6721889912299033,4,53
1,1,1,null_local_svd,0.1,2.884846091331256,4,53
1,1,1,null_local_svd,1.0,2.387706293188299,4,53
1,1,1,null_local_svd,10.0,1.5394052121995911,4,53
1,1,1,null_local_svd,100.0,1.1574401150143565,4,53
1,1,2,structural_median,0.1,0.5026265686914428,4,53
1,1,2,structural_median,1.0,0.47700652344084593,4,53
1,1,2,structural_median,10.0,0.40939504806594496,4,53
1,1,2,structural_median,100.0,0.38502252860603015,4,53
1,1,2,descriptor_local_svd,0.1,0.3786067922765351,4,53
1,1,2,descriptor_local_svd,1.0,0.3492269892312991,4,53
1,1,2,descriptor_local_svd,10.0,0.31968345017418676,4,53
1,1,2,descriptor_local_svd,100.0,0.33645942874895474,4,53
1,1,2,degree_preserving_null,0.1,0.5647977345881464,4,53
1,1,2,degree_preserving_null,1.0,0.5445044029489454,4,53
1,1,2,degree_preserving_null,10.0,0.469856838691415,4,53
1,1,2,degree_preserving_null,100.0,0.4345951269848484,4,53
1,1,2,family_median,0.1,0.6343677025911028,4,53
1,1,2,family_median,1.0,0.6337670683776627,4,53
1,1,2,family_median,10.0,0.6301569910296824,4,53
1,1,2,family_median,100.0,0.6477243137729671,4,53
1,1,2,all_visible_ridge,0.1,1.0278214988798564,4,53
1,1,2,all_visible_ridge,1.0,0.5564043452094302,4,53
1,1,2,all_visible_ridge,10.0,0.32658345721613447,4,53
1,1,2,all_visible_ridge,100.0,0.2727064716158598,4,53
1,1,2,pca_matched_dimension,0.1,0.31309516384894487,4,53
1,1,2,pca_matched_dimension,1.0,0.3124097982575071,4,53
1,1,2,pca_matched_dimension,10.0,0.30702414647909443,4,53
1,1,2,pca_matched_dimension,100.0,0.3309824907845515,4,53
1,1,2,descriptor_mean,0.1,0.3697931348499425,4,53
1,1,2,descriptor_mean,1.0,0.35442369584022976,4,53
1,1,2,descriptor_mean,10.0,0.3322973821904772,4,53
1,1,2,descriptor_mean,100.0,0.3465937069050007,4,53
1,1,2,null_mean,0.1,0.41860908773172506,4,53
1,1,2,null_mean,1.0,0.3908971923750247,4,53
1,1,2,null_mean,10.0,0.35012482897804487,4,53
1,1,2,null_mean,100.0,0.36977203932948777,4,53
1,1,2,null_local_svd,0.1,0.39018754015537843,4,53
1,1,2,null_local_svd,1.0,0.35868462007205154,4,53
1,1,2,null_local_svd,10.0,0.32637903907714333,4,53
1,1,2,null_local_svd,100.0,0.3611743229551724,4,53
1,2,0,structural_median,0.1,0.5892830166405627,4,53
1,2,0,structural_median,1.0,0.5634100835466517,4,53
1,2,0,structural_median,10.0,0.514170168078693,4,53
1,2,0,structural_median,100.0,0.520028276226355,4,53
1,2,0,descriptor_local_svd,0.1,0.4754583342309053,4,53
1,2,0,descriptor_local_svd,1.0,0.45057087303334353,4,53
1,2,0,descriptor_local_svd,10.0,0.43746485119193856,4,53
1,2,0,descriptor_local_svd,100.0,0.4825146405457482,4,53
1,2,0,degree_preserving_null,0.1,0.6801179004005989,4,53
1,2,0,degree_preserving_null,1.0,0.6595218898136885,4,53
1,2,0,degree_preserving_null,10.0,0.5859100449243155,4,53
1,2,0,degree_preserving_null,100.0,0.5695246723050751,4,53
1,2,0,family_median,0.1,0.7324873408916442,4,53
1,2,0,family_median,1.0,0.7321356779650987,4,53
1,2,0,family_median,10.0,0.7303068038442871,4,53
1,2,0,family_median,100.0,0.750080471644284,4,53
1,2,0,all_visible_ridge,0.1,1.1922467529443561,4,53
1,2,0,all_visible_ridge,1.0,0.6853087126363981,4,53
1,2,0,all_visible_ridge,10.0,0.43370177280382505,4,53
1,2,0,all_visible_ridge,100.0,0.3713649777984003,4,53
1,2,0,pca_matched_dimension,0.1,0.41691997174359596,4,53
1,2,0,pca_matched_dimension,1.0,0.41619525310651573,4,53
1,2,0,pca_matched_dimension,10.0,0.4104100841083036,4,53
1,2,0,pca_matched_dimension,100.0,0.43041651013497095,4,53
1,2,0,descriptor_mean,0.1,0.48369130178047615,4,53
1,2,0,descriptor_mean,1.0,0.46204732606754506,4,53
1,2,0,descriptor_mean,10.0,0.43595954784159263,4,53
1,2,0,descriptor_mean,100.0,0.46940621310378655,4,53
1,2,0,null_mean,0.1,0.5553161564585101,4,53
1,2,0,null_mean,1.0,0.5174259831017057,4,53
1,2,0,null_mean,10.0,0.46090826556389375,4,53
1,2,0,null_mean,100.0,0.4925778870791164,4,53
1,2,0,null_local_svd,0.1,0.5079760544466516,4,53
1,2,0,null_local_svd,1.0,0.4663549952740441,4,53
1,2,0,null_local_svd,10.0,0.42938286297018924,4,53
1,2,0,null_local_svd,100.0,0.4775998830776491,4,53
1,2,1,structural_median,0.1,0.9222111951726861,4,53
1,2,1,structural_median,1.0,0.8845549289867254,4,53
1,2,1,structural_median,10.0,0.8232546134986203,4,53
1,2,1,structural_median,100.0,0.9087407002877028,4,53
1,2,1,descriptor_local_svd,0.1,0.6157848055861435,4,53
1,2,1,descriptor_local_svd,1.0,0.6017635969632141,4,53
1,2,1,descriptor_local_svd,10.0,0.6052354910601345,4,53
1,2,1,descriptor_local_svd,100.0,0.7472737731612621,4,53
1,2,1,degree_preserving_null,0.1,1.250378496726269,4,53
1,2,1,degree_preserving_null,1.0,1.2188151488121242,4,53
1,2,1,degree_preserving_null,10.0,1.0973379430426509,4,53
1,2,1,degree_preserving_null,100.0,1.052767590984258,4,53
1,2,1,family_median,0.1,1.4387585432972858,4,53
1,2,1,family_median,1.0,1.4390292201480983,4,53
1,2,1,family_median,10.0,1.443306941203053,4,53
1,2,1,family_median,100.0,1.5091192409421224,4,53
1,2,1,all_visible_ridge,0.1,1.8839009621861478,4,53
1,2,1,all_visible_ridge,1.0,1.0312338500958456,4,53
1,2,1,all_visible_ridge,10.0,0.5575027760198055,4,53
1,2,1,all_visible_ridge,100.0,0.43823110514705166,4,53
1,2,1,pca_matched_dimension,0.1,0.4882285113237348,4,53
1,2,1,pca_matched_dimension,1.0,0.48698985752632623,4,53
1,2,1,pca_matched_dimension,10.0,0.4777702291012342,4,53
1,2,1,pca_matched_dimension,100.0,0.551390846284674,4,53
1,2,1,descriptor_mean,0.1,0.596569990912198,4,53
1,2,1,descriptor_mean,1.0,0.5795937148255735,4,53
1,2,1,descriptor_mean,10.0,0.6053869335356828,4,53
1,2,1,descriptor_mean,100.0,0.7436155438281524,4,53
1,2,1,null_mean,0.1,0.8282787493284671,4,53
1,2,1,null_mean,1.0,0.7558856581486009,4,53
1,2,1,null_mean,10.0,0.6461473964160486,4,53
1,2,1,null_mean,100.0,0.6700292873507024,4,53
1,2,1,null_local_svd,0.1,0.6513297534392123,4,53
1,2,1,null_local_svd,1.0,0.5801844274694278,4,53
1,2,1,null_local_svd,10.0,0.5479131299505136,4,53
1,2,1,null_local_svd,100.0,0.6940613255438937,4,53
1,2,2,structural_median,0.1,0.498207783301865,4,53
1,2,2,structural_median,1.0,0.4734888231460823,4,53
1,2,2,structural_median,10.0,0.40885540286804056,4,53
1,2,2,structural_median,100.0,0.3901699780687756,4,53
1,2,2,descriptor_local_svd,0.1,0.3516626550732042,4,53
1,2,2,descriptor_local_svd,1.0,0.3366189849538382,4,53
1,2,2,descriptor_local_svd,10.0,0.32660994539890387,4,53
1,2,2,descriptor_local_svd,100.0,0.3533040669505061,4,53
1,2,2,degree_preserving_null,0.1,0.5786713210438369,4,53
1,2,2,degree_preserving_null,1.0,0.5575071918496615,4,53
1,2,2,degree_preserving_null,10.0,0.480739688981046,4,53
1,2,2,degree_preserving_null,100.0,0.4449632119845927,4,53
1,2,2,family_median,0.1,0.6057912945353553,4,53
1,2,2,family_median,1.0,0.6056217652427324,4,53
1,2,2,family_median,10.0,0.6057624796395763,4,53
1,2,2,family_median,100.0,0.6428741169762173,4,53
1,2,2,all_visible_ridge,0.1,0.9206547840334578,4,53
1,2,2,all_visible_ridge,1.0,0.5239618845827886,4,53
1,2,2,all_visible_ridge,10.0,0.3197667400625591,4,53
1,2,2,all_visible_ridge,100.0,0.2776867901807411,4,53
1,2,2,pca_matched_dimension,0.1,0.30492595233839803,4,53
1,2,2,pca_matched_dimension,1.0,0.304567660733881,4,53
1,2,2,pca_matched_dimension,10.0,0.3022637426784627,4,53
1,2,2,pca_matched_dimension,100.0,0.3449774054626803,4,53
1,2,2,descriptor_mean,0.1,0.3608720377891508,4,53
1,2,2,descriptor_mean,1.0,0.34752190297098356,4,53
1,2,2,descriptor_mean,10.0,0.3336876317580094,4,53
1,2,2,descriptor_mean,100.0,0.3556181626653902,4,53
1,2,2,null_mean,0.1,0.41774264175778797,4,53
1,2,2,null_mean,1.0,0.3861259391392634,4,53
1,2,2,null_mean,10.0,0.34607367239921216,4,53
1,2,2,null_mean,100.0,0.37328411177863713,4,53
1,2,2,null_local_svd,0.1,0.38984458336107003,4,53
1,2,2,null_local_svd,1.0,0.35845709515805174,4,53
1,2,2,null_local_svd,10.0,0.3348899498220746,4,53
1,2,2,null_local_svd,100.0,0.37034036487255295,4,53
1,3,0,structural_median,0.1,0.42159033083594705,4,53
1,3,0,structural_median,1.0,0.40369691520383694,4,53
1,3,0,structural_median,10.0,0.35574198632181026,4,53
1,3,0,structural_median,100.0,0.34648335177373063,4,53
1,3,0,descriptor_local_svd,0.1,0.3175228067841576,4,53
1,3,0,descriptor_local_svd,1.0,0.2959129590661176,4,53
1,3,0,descriptor_local_svd,10.0,0.280736846904478,4,53
1,3,0,descriptor_local_svd,100.0,0.30649068508682703,4,53
1,3,0,degree_preserving_null,0.1,0.5078737198582952,4,53
1,3,0,degree_preserving_null,1.0,0.4891049754073701,4,53
1,3,0,degree_preserving_null,10.0,0.42391260661309343,4,53
1,3,0,degree_preserving_null,100.0,0.3984460672966257,4,53
1,3,0,family_median,0.1,0.5561830514098292,4,53
1,3,0,family_median,1.0,0.5553229846179653,4,53
1,3,0,family_median,10.0,0.5493292198162436,4,53
1,3,0,family_median,100.0,0.5552723000808742,4,53
1,3,0,all_visible_ridge,0.1,0.8373353455972318,4,53
1,3,0,all_visible_ridge,1.0,0.47223293307827796,4,53
1,3,0,all_visible_ridge,10.0,0.2966368160423486,4,53
1,3,0,all_visible_ridge,100.0,0.2523964675191721,4,53
1,3,0,pca_matched_dimension,0.1,0.28920370675940826,4,53
1,3,0,pca_matched_dimension,1.0,0.2887010209616016,4,53
1,3,0,pca_matched_dimension,10.0,0.28489632057944514,4,53
1,3,0,pca_matched_dimension,100.0,0.3110516005256554,4,53
1,3,0,descriptor_mean,0.1,0.3317633862925904,4,53
1,3,0,descriptor_mean,1.0,0.31377442346292084,4,53
1,3,0,descriptor_mean,10.0,0.29820221493231125,4,53
1,3,0,descriptor_mean,100.0,0.31931050742272366,4,53
1,3,0,null_mean,0.1,0.37222141282353466,4,53
1,3,0,null_mean,1.0,0.3436645050618934,4,53
1,3,0,null_mean,10.0,0.3081008017944053,4,53
1,3,0,null_mean,100.0,0.3372483681416274,4,53
1,3,0,null_local_svd,0.1,0.36538704993316234,4,53
1,3,0,null_local_svd,1.0,0.32663095500247924,4,53
1,3,0,null_local_svd,10.0,0.2916745392475946,4,53
1,3,0,null_local_svd,100.0,0.32522936655004636,4,53
1,3,1,structural_median,0.1,6.283925584550707,4,53
1,3,1,structural_median,1.0,5.786691925091381,4,53
1,3,1,structural_median,10.0,4.027015199728406,4,53
1,3,1,structural_median,100.0,2.140974778763302,4,53
1,3,1,descriptor_local_svd,0.1,2.7432742260825043,4,53
1,3,1,descriptor_local_svd,1.0,2.5039208938702013,4,53
1,3,1,descriptor_local_svd,10.0,2.0569647672902316,4,53
1,3,1,descriptor_local_svd,100.0,1.48656791123526,4,53
1,3,1,degree_preserving_null,0.1,1.2128013284453107,4,53
1,3,1,degree_preserving_null,1.0,1.181917341471905,4,53
1,3,1,degree_preserving_null,10.0,1.0807410435176443,4,53
1,3,1,degree_preserving_null,100.0,1.0615337226603012,4,53
1,3,1,family_median,0.1,1.2887726868944787,4,53
1,3,1,family_median,1.0,1.2884528332883556,4,53
1,3,1,family_median,10.0,1.2874330007535197,4,53
1,3,1,family_median,100.0,1.3293565862321393,4,53
1,3,1,all_visible_ridge,0.1,16.44530037684884,4,53
1,3,1,all_visible_ridge,1.0,7.444109348463069,4,53
1,3,1,all_visible_ridge,10.0,2.9665941947592342,4,53
1,3,1,all_visible_ridge,100.0,1.5989741610333197,4,53
1,3,1,pca_matched_dimension,0.1,2.685571371260788,4,53
1,3,1,pca_matched_dimension,1.0,2.670098471144481,4,53
1,3,1,pca_matched_dimension,10.0,2.526161138153229,4,53
1,3,1,pca_matched_dimension,100.0,1.7480971995792012,4,53
1,3,1,descriptor_mean,0.1,3.104015990734916,4,53
1,3,1,descriptor_mean,1.0,2.8821460602976896,4,53
1,3,1,descriptor_mean,10.0,2.3869930041049625,4,53
1,3,1,descriptor_mean,100.0,1.6727361000020817,4,53
1,3,1,null_mean,0.1,5.422597414488341,4,53
1,3,1,null_mean,1.0,4.717813976560734,4,53
1,3,1,null_mean,10.0,3.1728128005549374,4,53
1,3,1,null_mean,100.0,2.115348935187255,4,53
1,3,1,null_local_svd,0.1,2.3801727961945884,4,53
1,3,1,null_local_svd,1.0,1.897049971255331,4,53
1,3,1,null_local_svd,10.0,1.449452030234887,4,53
1,3,1,null_local_svd,100.0,1.1971916711842625,4,53
1,3,2,structural_median,0.1,1.1758642849031875,4,53
1,3,2,structural_median,1.0,1.1256500049295963,4,53
1,3,2,structural_median,10.0,1.000562587842697,4,53
1,3,2,structural_median,100.0,1.0099178327411087,4,53
1,3,2,descriptor_local_svd,0.1,0.7462584058322351,4,53
1,3,2,descriptor_local_svd,1.0,0.7530881669430289,4,53
1,3,2,descriptor_local_svd,10.0,0.7795682993047481,4,53
1,3,2,descriptor_local_svd,100.0,0.894640147158448,4,53
1,3,2,degree_preserving_null,0.1,1.3691893818728889,4,53
1,3,2,degree_preserving_null,1.0,1.333327384694862,4,53
1,3,2,degree_preserving_null,10.0,1.212640106531659,4,53
1,3,2,degree_preserving_null,100.0,1.1921484537476208,4,53
1,3,2,family_median,0.1,1.646505135881741,4,53
1,3,2,family_median,1.0,1.6470022296461395,4,53
1,3,2,family_median,10.0,1.6526561270765314,4,53
1,3,2,family_median,100.0,1.7103850474758664,4,53
1,3,2,all_visible_ridge,0.1,1.9743190939243795,4,53
1,3,2,all_visible_ridge,1.0,1.0647466341007674,4,53
1,3,2,all_visible_ridge,10.0,0.6565172348484297,4,53
1,3,2,all_visible_ridge,100.0,0.627169080218976,4,53
1,3,2,pca_matched_dimension,0.1,0.6583885309796131,4,53
1,3,2,pca_matched_dimension,1.0,0.6581069986176423,4,53
1,3,2,pca_matched_dimension,10.0,0.6575687081230124,4,53
1,3,2,pca_matched_dimension,100.0,0.7661986085806491,4,53
1,3,2,descriptor_mean,0.1,0.7699541733368257,4,53
1,3,2,descriptor_mean,1.0,0.7729425667419333,4,53
1,3,2,descriptor_mean,10.0,0.7833858521745554,4,53
1,3,2,descriptor_mean,100.0,0.8899450024126909,4,53
1,3,2,null_mean,0.1,0.8291108300076389,4,53
1,3,2,null_mean,1.0,0.7657282460668315,4,53
1,3,2,null_mean,10.0,0.7257041988981477,4,53
1,3,2,null_mean,100.0,0.8620775986134979,4,53
1,3,2,null_local_svd,0.1,0.8347252370618838,4,53
1,3,2,null_local_svd,1.0,0.7600275360832064,4,53
1,3,2,null_local_svd,10.0,0.7225856623222546,4,53
1,3,2,null_local_svd,100.0,0.8772679004490538,4,53
1,4,0,structural_median,0.1,4.540037009385883,4,53
1,4,0,structural_median,1.0,4.171055244554075,4,53
1,4,0,structural_median,10.0,3.1248032102978165,4,53
1,4,0,structural_median,100.0,1.9066932867062028,4,53
1,4,0,descriptor_local_svd,0.1,2.688819855761237,4,53
1,4,0,descriptor_local_svd,1.0,2.259087830329844,4,53
1,4,0,descriptor_local_svd,10.0,1.7760312846979547,4,53
1,4,0,descriptor_local_svd,100.0,1.4302072285855278,4,53
1,4,0,degree_preserving_null,0.1,1.1984740120435555,4,53
1,4,0,degree_preserving_null,1.0,1.1681098317414245,4,53
1,4,0,degree_preserving_null,10.0,1.0706284610451793,4,53
1,4,0,degree_preserving_null,100.0,1.0817090438172838,4,53
1,4,0,family_median,0.1,1.4047737641099276,4,53
1,4,0,family_median,1.0,1.4046703826262785,4,53
1,4,0,family_median,10.0,1.4066514149009344,4,53
1,4,0,family_median,100.0,1.4683123635062312,4,53
1,4,0,all_visible_ridge,0.1,9.855512642707518,4,53
1,4,0,all_visible_ridge,1.0,5.075460583711259,4,53
1,4,0,all_visible_ridge,10.0,2.4188987314418324,4,53
1,4,0,all_visible_ridge,100.0,1.3181744182652466,4,53
1,4,0,pca_matched_dimension,0.1,2.536436821169087,4,53
1,4,0,pca_matched_dimension,1.0,2.5201658973591594,4,53
1,4,0,pca_matched_dimension,10.0,2.369296518000897,4,53
1,4,0,pca_matched_dimension,100.0,1.5801145064077817,4,53
1,4,0,descriptor_mean,0.1,2.8758830161523545,4,53
1,4,0,descriptor_mean,1.0,2.632824018623955,4,53
1,4,0,descriptor_mean,10.0,2.1235419093665824,4,53
1,4,0,descriptor_mean,100.0,1.5882556621116906,4,53
1,4,0,null_mean,0.1,3.365116563298676,4,53
1,4,0,null_mean,1.0,2.945047956891093,4,53
1,4,0,null_mean,10.0,1.9793636072341403,4,53
1,4,0,null_mean,100.0,1.444043902774177,4,53
1,4,0,null_local_svd,0.1,1.966284541371222,4,53
1,4,0,null_local_svd,1.0,1.537206159914838,4,53
1,4,0,null_local_svd,10.0,1.0528034459196118,4,53
1,4,0,null_local_svd,100.0,0.9928901196874185,4,53
1,4,1,structural_median,0.1,0.5328506598146451,4,53
1,4,1,structural_median,1.0,0.510720922301776,4,53
1,4,1,structural_median,10.0,0.4547260943184726,4,53
1,4,1,structural_median,100.0,0.45072441286767256,4,53
1,4,1,descriptor_local_svd,0.1,0.3942988619103306,4,53
1,4,1,descriptor_local_svd,1.0,0.38376854117155196,4,53
1,4,1,descriptor_local_svd,10.0,0.3808849977049955,4,53
1,4,1,descriptor_local_svd,100.0,0.4203909090173956,4,53
1,4,1,degree_preserving_null,0.1,0.6309474495323748,4,53
1,4,1,degree_preserving_null,1.0,0.6058574484100996,4,53
1,4,1,degree_preserving_null,10.0,0.5256632540955518,4,53
1,4,1,degree_preserving_null,100.0,0.4964019779262782,4,53
1,4,1,family_median,0.1,0.6759831459562154,4,53
1,4,1,family_median,1.0,0.6759939188839217,4,53
1,4,1,family_median,10.0,0.6771564933128162,4,53
1,4,1,family_median,100.0,0.7078159051492281,4,53
1,4,1,all_visible_ridge,0.1,0.9186288274953486,4,53
1,4,1,all_visible_ridge,1.0,0.5519888893102353,4,53
1,4,1,all_visible_ridge,10.0,0.35839142165596594,4,53
1,4,1,all_visible_ridge,100.0,0.3285968701574784,4,53
1,4,1,pca_matched_dimension,0.1,0.3487355942010075,4,53
1,4,1,pca_matched_dimension,1.0,0.3483634668647965,4,53
1,4,1,pca_matched_dimension,10.0,0.3459197865905011,4,53
1,4,1,pca_matched_dimension,100.0,0.3872853396696487,4,53
1,4,1,descriptor_mean,0.1,0.4043584907506565,4,53
1,4,1,descriptor_mean,1.0,0.39439376883226857,4,53
1,4,1,descriptor_mean,10.0,0.3838923832687716,4,53
1,4,1,descriptor_mean,100.0,0.41947625073379335,4,53
1,4,1,null_mean,0.1,0.45895369585927154,4,53
1,4,1,null_mean,1.0,0.4253006694839641,4,53
1,4,1,null_mean,10.0,0.3918794945454771,4,53
1,4,1,null_mean,100.0,0.4340219796726577,4,53
1,4,1,null_local_svd,0.1,0.44287313086919977,4,53
1,4,1,null_local_svd,1.0,0.400313786289215,4,53
1,4,1,null_local_svd,10.0,0.3751368570618634,4,53
1,4,1,null_local_svd,100.0,0.4239324694293706,4,53
1,4,2,structural_median,0.1,0.4468625160951615,4,53
1,4,2,structural_median,1.0,0.4268238735169366,4,53
1,4,2,structural_median,10.0,0.37357900250533244,4,53
1,4,2,structural_median,100.0,0.35515433279312103,4,53
1,4,2,descriptor_local_svd,0.1,0.3463838339327858,4,53
1,4,2,descriptor_local_svd,1.0,0.3171255571555639,4,53
1,4,2,descriptor_local_svd,10.0,0.29247993567468555,4,53
1,4,2,descriptor_local_svd,100.0,0.310125704263644,4,53
1,4,2,degree_preserving_null,0.1,0.4937795409143285,4,53
1,4,2,degree_preserving_null,1.0,0.47552107281546563,4,53
1,4,2,degree_preserving_null,10.0,0.4091595071870399,4,53
1,4,2,degree_preserving_null,100.0,0.38570920026015376,4,53
1,4,2,family_median,0.1,0.5669860852641275,4,53
1,4,2,family_median,1.0,0.5665044086655254,4,53
1,4,2,family_median,10.0,0.5632457111306505,4,53
1,4,2,family_median,100.0,0.573038197847872,4,53
1,4,2,all_visible_ridge,0.1,1.0778964032448826,4,53
1,4,2,all_visible_ridge,1.0,0.5487806669029989,4,53
1,4,2,all_visible_ridge,10.0,0.3174764421597521,4,53
1,4,2,all_visible_ridge,100.0,0.2594746331294818,4,53
1,4,2,pca_matched_dimension,0.1,0.3085496976365798,4,53
1,4,2,pca_matched_dimension,1.0,0.30784211379251963,4,53
1,4,2,pca_matched_dimension,10.0,0.30217961759834694,4,53
1,4,2,pca_matched_dimension,100.0,0.32088046302388396,4,53
1,4,2,descriptor_mean,0.1,0.3729729841671622,4,53
1,4,2,descriptor_mean,1.0,0.3362371163182003,4,53
1,4,2,descriptor_mean,10.0,0.302343108240999,4,53
1,4,2,descriptor_mean,100.0,0.3189925646077813,4,53
1,4,2,null_mean,0.1,0.38985198542286387,4,53
1,4,2,null_mean,1.0,0.35613900902001827,4,53
1,4,2,null_mean,10.0,0.31415777714135024,4,53
1,4,2,null_mean,100.0,0.335093679659469,4,53
1,4,2,null_local_svd,0.1,0.37550059548540665,4,53
1,4,2,null_local_svd,1.0,0.33792730931962317,4,53
1,4,2,null_local_svd,10.0,0.29704646952260355,4,53
1,4,2,null_local_svd,100.0,0.3250000837606445,4,53
2,0,0,structural_median,0.1,0.4171340121465363,4,52
2,0,0,structural_median,1.0,0.3923060822894912,4,52
2,0,0,structural_median,10.0,0.33220782422985445,4,52
2,0,0,structural_median,100.0,0.3113072819343069,4,52
2,0,0,descriptor_local_svd,0.1,0.2957112950258537,4,52
2,0,0,descriptor_local_svd,1.0,0.28407248408749664,4,52
2,0,0,descriptor_local_svd,10.0,0.27319951130585407,4,52
2,0,0,descriptor_local_svd,100.0,0.28917943357193515,4,52
2,0,0,degree_preserving_null,0.1,0.4665938855789724,4,52
2,0,0,degree_preserving_null,1.0,0.44960125666014256,4,52
2,0,0,degree_preserving_null,10.0,0.38787183948482573,4,52
2,0,0,degree_preserving_null,100.0,0.35355673924462805,4,52
2,0,0,family_median,0.1,0.4954365133316722,4,52
2,0,0,family_median,1.0,0.49432074432337325,4,52
2,0,0,family_median,10.0,0.4866523518114698,4,52
2,0,0,family_median,100.0,0.4915798002598507,4,52
2,0,0,all_visible_ridge,0.1,0.7083861972368899,4,52
2,0,0,all_visible_ridge,1.0,0.41795612020676315,4,52
2,0,0,all_visible_ridge,10.0,0.2601376053763948,4,52
2,0,0,all_visible_ridge,100.0,0.23051475256549314,4,52
2,0,0,pca_matched_dimension,0.1,0.26227394357487,4,52
2,0,0,pca_matched_dimension,1.0,0.2618352182908451,4,52
2,0,0,pca_matched_dimension,10.0,0.25852022090049687,4,52
2,0,0,pca_matched_dimension,100.0,0.2816781695467178,4,52
2,0,0,descriptor_mean,0.1,0.31466390568026764,4,52
2,0,0,descriptor_mean,1.0,0.30375489512744464,4,52
2,0,0,descriptor_mean,10.0,0.28643077346634443,4,52
2,0,0,descriptor_mean,100.0,0.29935503226911964,4,52
2,0,0,null_mean,0.1,0.3430841864196907,4,52
2,0,0,null_mean,1.0,0.3201017730397051,4,52
2,0,0,null_mean,10.0,0.2922077825076435,4,52
2,0,0,null_mean,100.0,0.3095162469617795,4,52
2,0,0,null_local_svd,0.1,0.3320267588152281,4,52
2,0,0,null_local_svd,1.0,0.30472885431173424,4,52
2,0,0,null_local_svd,10.0,0.2761281087436459,4,52
2,0,0,null_local_svd,100.0,0.30402887729008243,4,52
2,0,1,structural_median,0.1,9.686134212302903,4,52
2,0,1,structural_median,1.0,9.644017647928727,4,52
2,0,1,structural_median,10.0,10.043297962548436,4,52
2,0,1,structural_median,100.0,14.162210234787475,4,52
2,0,1,descriptor_local_svd,0.1,5.288042174138938,4,52
2,0,1,descriptor_local_svd,1.0,5.384853610787261,4,52
2,0,1,descriptor_local_svd,10.0,6.117031595765737,4,52
2,0,1,descriptor_local_svd,100.0,11.100625051690518,4,52
2,0,1,degree_preserving_null,0.1,23.62505087480649,4,52
2,0,1,degree_preserving_null,1.0,23.60154114325337,4,52
2,0,1,degree_preserving_null,10.0,23.50335900298287,4,52
2,0,1,degree_preserving_null,100.0,23.506147409709857,4,52
2,0,1,family_median,0.1,24.065337808697212,4,52
2,0,1,family_median,1.0,24.066785865087105,4,52
2,0,1,family_median,10.0,24.08221278103751,4,52
2,0,1,family_median,100.0,24.22190612938668,4,52
2,0,1,all_visible_ridge,0.1,8.467200632874697,4,52
2,0,1,all_visible_ridge,1.0,5.013518353577856,4,52
2,0,1,all_visible_ridge,10.0,4.171331446251293,4,52
2,0,1,all_visible_ridge,100.0,5.8830389883827845,4,52
2,0,1,pca_matched_dimension,0.1,4.3839009247042675,4,52
2,0,1,pca_matched_dimension,1.0,4.400713228816566,4,52
2,0,1,pca_matched_dimension,10.0,4.5849408570675205,4,52
2,0,1,pca_matched_dimension,100.0,7.072714054093431,4,52
2,0,1,descriptor_mean,0.1,5.33470374075243,4,52
2,0,1,descriptor_mean,1.0,5.394432987731884,4,52
2,0,1,descriptor_mean,10.0,6.1196840876977605,4,52
2,0,1,descriptor_mean,100.0,10.792855496002607,4,52
2,0,1,null_mean,0.1,6.696505695454087,4,52
2,0,1,null_mean,1.0,6.729074245877085,4,52
2,0,1,null_mean,10.0,7.603199851621885,4,52
2,0,1,null_mean,100.0,12.324560679470808,4,52
2,0,1,null_local_svd,0.1,5.400429157431726,4,52
2,0,1,null_local_svd,1.0,5.981716512440619,4,52
2,0,1,null_local_svd,10.0,9.177975485407924,4,52
2,0,1,null_local_svd,100.0,16.67699564440305,4,52
2,0,2,structural_median,0.1,0.9300748827290253,4,52
2,0,2,structural_median,1.0,0.8982396881138939,4,52
2,0,2,structural_median,10.0,0.8473403106862176,4,52
2,0,2,structural_median,100.0,0.9456107239969529,4,52
2,0,2,descriptor_local_svd,0.1,0.4996522184564465,4,52
2,0,2,descriptor_local_svd,1.0,0.47882832843317413,4,52
2,0,2,descriptor_local_svd,10.0,0.450871507403695,4,52
2,0,2,descriptor_local_svd,100.0,0.5869943891467637,4,52
2,0,2,degree_preserving_null,0.1,1.0126412733502441,4,52
2,0,2,degree_preserving_null,1.0,0.9776972253186026,4,52
2,0,2,degree_preserving_null,10.0,0.8810397423500529,4,52
2,0,2,degree_preserving_null,100.0,0.9810394335072409,4,52
2,0,2,family_median,0.1,1.9363082644406013,4,52
2,0,2,family_median,1.0,1.936725489562126,4,52
2,0,2,family_median,10.0,1.9414309300982768,4,52
2,0,2,family_median,100.0,1.9939009631301086,4,52
2,0,2,all_visible_ridge,0.1,1.3848103780422394,4,52
2,0,2,all_visible_ridge,1.0,0.7186526082199345,4,52
2,0,2,all_visible_ridge,10.0,0.44016430485069324,4,52
2,0,2,all_visible_ridge,100.0,0.4238531052887994,4,52
2,0,2,pca_matched_dimension,0.1,0.4543795159754075,4,52
2,0,2,pca_matched_dimension,1.0,0.45455261560147314,4,52
2,0,2,pca_matched_dimension,10.0,0.4589240566130616,4,52
2,0,2,pca_matched_dimension,100.0,0.6305735761850342,4,52
2,0,2,descriptor_mean,0.1,0.5256857712084109,4,52
2,0,2,descriptor_mean,1.0,0.49770366091638235,4,52
2,0,2,descriptor_mean,10.0,0.48386870076195226,4,52
2,0,2,descriptor_mean,100.0,0.6556599527172413,4,52
2,0,2,null_mean,0.1,0.6455425081632871,4,52
2,0,2,null_mean,1.0,0.6030216542703084,4,52
2,0,2,null_mean,10.0,0.561705531728172,4,52
2,0,2,null_mean,100.0,0.7301622078699381,4,52
2,0,2,null_local_svd,0.1,0.6686182983146933,4,52
2,0,2,null_local_svd,1.0,0.6226981043391239,4,52
2,0,2,null_local_svd,10.0,0.5854574534243511,4,52
2,0,2,null_local_svd,100.0,0.7259039320337703,4,52
2,1,0,structural_median,0.1,0.36697343168875546,4,52
2,1,0,structural_median,1.0,0.3506414627192719,4,52
2,1,0,structural_median,10.0,0.30916780773291525,4,52
2,1,0,structural_median,100.0,0.3052676255258949,4,52
2,1,0,descriptor_local_svd,0.1,0.2629581784666708,4,52
2,1,0,descriptor_local_svd,1.0,0.25017231624582226,4,52
2,1,0,descriptor_local_svd,10.0,0.2411622828472348,4,52
2,1,0,descriptor_local_svd,100.0,0.274541048754887,4,52
2,1,0,degree_preserving_null,0.1,0.43383022492556805,4,52
2,1,0,degree_preserving_null,1.0,0.4172851629306158,4,52
2,1,0,degree_preserving_null,10.0,0.36080798711102674,4,52
2,1,0,degree_preserving_null,100.0,0.34164878723650893,4,52
2,1,0,family_median,0.1,0.5103846641344754,4,52
2,1,0,family_median,1.0,0.5099595443298679,4,52
2,1,0,family_median,10.0,0.5069034152890995,4,52
2,1,0,family_median,100.0,0.5142528524283444,4,52
2,1,0,all_visible_ridge,0.1,0.6087380728556595,4,52
2,1,0,all_visible_ridge,1.0,0.35275610327740037,4,52
2,1,0,all_visible_ridge,10.0,0.22536885149005262,4,52
2,1,0,all_visible_ridge,100.0,0.20599129756275675,4,52
2,1,0,pca_matched_dimension,0.1,0.228315871979468,4,52
2,1,0,pca_matched_dimension,1.0,0.22802461183401534,4,52
2,1,0,pca_matched_dimension,10.0,0.22611262805349386,4,52
2,1,0,pca_matched_dimension,100.0,0.25852790162890843,4,52
2,1,0,descriptor_mean,0.1,0.2777551404298031,4,52
2,1,0,descriptor_mean,1.0,0.26691992490552324,4,52
2,1,0,descriptor_mean,10.0,0.2538523729006328,4,52
2,1,0,descriptor_mean,100.0,0.286350451609735,4,52
2,1,0,null_mean,0.1,0.3022830514939912,4,52
2,1,0,null_mean,1.0,0.2813349156657508,4,52
2,1,0,null_mean,10.0,0.2560436254646529,4,52
2,1,0,null_mean,100.0,0.2900787109570291,4,52
2,1,0,null_local_svd,0.1,0.30954436078819053,4,52
2,1,0,null_local_svd,1.0,0.28064689727553627,4,52
2,1,0,null_local_svd,10.0,0.2547501822079591,4,52
2,1,0,null_local_svd,100.0,0.28975535249046863,4,52
2,1,1,structural_median,0.1,8.054830715567402,4,52
2,1,1,structural_median,1.0,7.809379587429737,4,52
2,1,1,structural_median,10.0,7.486903794830636,4,52
2,1,1,structural_median,100.0,10.073106342160946,4,52
2,1,1,descriptor_local_svd,0.1,3.900607068310734,4,52
2,1,1,descriptor_local_svd,1.0,3.695748129802522,4,52
2,1,1,descriptor_local_svd,10.0,4.080049787180543,4,52
2,1,1,descriptor_local_svd,100.0,7.68511895598191,4,52
2,1,1,degree_preserving_null,0.1,17.341866548216064,4,52
2,1,1,degree_preserving_null,1.0,17.303758406677602,4,52
2,1,1,degree_preserving_null,10.0,17.215087158836106,4,52
2,1,1,degree_preserving_null,100.0,17.477087386789606,4,52
2,1,1,family_median,0.1,18.842044209375796,4,52
2,1,1,family_median,1.0,18.843992287732004,4,52
2,1,1,family_median,10.0,18.864780757157554,4,52
2,1,1,family_median,100.0,19.033360871062662,4,52
2,1,1,all_visible_ridge,0.1,13.184126811252098,4,52
2,1,1,all_visible_ridge,1.0,7.157476405098278,4,52
2,1,1,all_visible_ridge,10.0,3.9912196608315345,4,52
2,1,1,all_visible_ridge,100.0,4.00330372891343,4,52
2,1,1,pca_matched_dimension,0.1,3.1765716623155202,4,52
2,1,1,pca_matched_dimension,1.0,3.1847480144306957,4,52
2,1,1,pca_matched_dimension,10.0,3.2837290456581165,4,52
2,1,1,pca_matched_dimension,100.0,5.0474683919480245,4,52
2,1,1,descriptor_mean,0.1,4.762983259872442,4,52
2,1,1,descriptor_mean,1.0,4.315377779513022,4,52
2,1,1,descriptor_mean,10.0,4.3568014380695566,4,52
2,1,1,descriptor_mean,100.0,7.496871669491376,4,52
2,1,1,null_mean,0.1,5.125524134498613,4,52
2,1,1,null_mean,1.0,4.845411387012102,4,52
2,1,1,null_mean,10.0,5.040709049350058,4,52
2,1,1,null_mean,100.0,8.902240682273737,4,52
2,1,1,null_local_svd,0.1,5.682793498101002,4,52
2,1,1,null_local_svd,1.0,5.9818021005211985,4,52
2,1,1,null_local_svd,10.0,8.21534141520099,4,52
2,1,1,null_local_svd,100.0,12.778335106131728,4,52
2,1,2,structural_median,0.1,0.49635781563457226,4,52
2,1,2,structural_median,1.0,0.4714943439890503,4,52
2,1,2,structural_median,10.0,0.4081074288228479,4,52
2,1,2,structural_median,100.0,0.39682283801252893,4,52
2,1,2,descriptor_local_svd,0.1,0.3273741579260446,4,52
2,1,2,descriptor_local_svd,1.0,0.3160817836644177,4,52
2,1,2,descriptor_local_svd,10.0,0.3106260081309007,4,52
2,1,2,descriptor_local_svd,100.0,0.34846681703472593,4,52
2,1,2,degree_preserving_null,0.1,0.5651029243817991,4,52
2,1,2,degree_preserving_null,1.0,0.5471684792961127,4,52
2,1,2,degree_preserving_null,10.0,0.4774104030496686,4,52
2,1,2,degree_preserving_null,100.0,0.4458394113861972,4,52
2,1,2,family_median,0.1,0.6346066682805492,4,52
2,1,2,family_median,1.0,0.6334858908691745,4,52
2,1,2,family_median,10.0,0.6261432906045837,4,52
2,1,2,family_median,100.0,0.636470593674739,4,52
2,1,2,all_visible_ridge,0.1,0.8822061414945401,4,52
2,1,2,all_visible_ridge,1.0,0.4784964580333413,4,52
2,1,2,all_visible_ridge,10.0,0.29767990983784814,4,52
2,1,2,all_visible_ridge,100.0,0.2671322503765183,4,52
2,1,2,pca_matched_dimension,0.1,0.2999512745617898,4,52
2,1,2,pca_matched_dimension,1.0,0.29946786573219186,4,52
2,1,2,pca_matched_dimension,10.0,0.29593478426029873,4,52
2,1,2,pca_matched_dimension,100.0,0.3285059654855848,4,52
2,1,2,descriptor_mean,0.1,0.34045861049356835,4,52
2,1,2,descriptor_mean,1.0,0.32999997939769354,4,52
2,1,2,descriptor_mean,10.0,0.32516922651047286,4,52
2,1,2,descriptor_mean,100.0,0.3616738489118998,4,52
2,1,2,null_mean,0.1,0.3802530540429023,4,52
2,1,2,null_mean,1.0,0.35310668142150964,4,52
2,1,2,null_mean,10.0,0.3253629748139731,4,52
2,1,2,null_mean,100.0,0.3630709719019638,4,52
2,1,2,null_local_svd,0.1,0.3917292534173142,4,52
2,1,2,null_local_svd,1.0,0.3516882862296461,4,52
2,1,2,null_local_svd,10.0,0.31789414198665383,4,52
2,1,2,null_local_svd,100.0,0.36495757258718753,4,52
2,2,0,structural_median,0.1,0.49889491968428973,4,52
2,2,0,structural_median,1.0,0.47079494672482136,4,52
2,2,0,structural_median,10.0,0.41086157973489357,4,52
2,2,0,structural_median,100.0,0.3990558139244408,4,52
2,2,0,descriptor_local_svd,0.1,0.3999593304793665,4,52
2,2,0,descriptor_local_svd,1.0,0.37471007181916705,4,52
2,2,0,descriptor_local_svd,10.0,0.3526353621917281,4,52
2,2,0,descriptor_local_svd,100.0,0.36613094835465204,4,52
2,2,0,degree_preserving_null,0.1,0.5736617699147486,4,52
2,2,0,degree_preserving_null,1.0,0.5529793297607644,4,52
2,2,0,degree_preserving_null,10.0,0.4794318447202545,4,52
2,2,0,degree_preserving_null,100.0,0.4455221644684846,4,52
2,2,0,family_median,0.1,0.5934262466111708,4,52
2,2,0,family_median,1.0,0.5926385742480393,4,52
2,2,0,family_median,10.0,0.5867033570056414,4,52
2,2,0,family_median,100.0,0.5852466961971732,4,52
2,2,0,all_visible_ridge,0.1,1.1018388922055047,4,52
2,2,0,all_visible_ridge,1.0,0.59990240726241,4,52
2,2,0,all_visible_ridge,10.0,0.3433878051682858,4,52
2,2,0,all_visible_ridge,100.0,0.2956026742608379,4,52
2,2,0,pca_matched_dimension,0.1,0.342163338161781,4,52
2,2,0,pca_matched_dimension,1.0,0.34123704185616244,4,52
2,2,0,pca_matched_dimension,10.0,0.3334132766974465,4,52
2,2,0,pca_matched_dimension,100.0,0.33363987836713493,4,52
2,2,0,descriptor_mean,0.1,0.40142527969286734,4,52
2,2,0,descriptor_mean,1.0,0.386188248568393,4,52
2,2,0,descriptor_mean,10.0,0.3717853646851865,4,52
2,2,0,descriptor_mean,100.0,0.3830010736238145,4,52
2,2,0,null_mean,0.1,0.46196987673107626,4,52
2,2,0,null_mean,1.0,0.4206803611032591,4,52
2,2,0,null_mean,10.0,0.3648222046629154,4,52
2,2,0,null_mean,100.0,0.3809664055444738,4,52
2,2,0,null_local_svd,0.1,0.38922898746568135,4,52
2,2,0,null_local_svd,1.0,0.3484735112333241,4,52
2,2,0,null_local_svd,10.0,0.3240490153063678,4,52
2,2,0,null_local_svd,100.0,0.37689306904296616,4,52
2,2,1,structural_median,0.1,1.3607209448649507,4,52
2,2,1,structural_median,1.0,1.3209397631874429,4,52
2,2,1,structural_median,10.0,1.2403599580401377,4,52
2,2,1,structural_median,100.0,1.3484482667157087,4,52
2,2,1,descriptor_local_svd,0.1,0.7310846862678824,4,52
2,2,1,descriptor_local_svd,1.0,0.7328389386918454,4,52
2,2,1,descriptor_local_svd,10.0,0.7610292088219542,4,52
2,2,1,descriptor_local_svd,100.0,0.9964695643653382,4,52
2,2,1,degree_preserving_null,0.1,1.4994869783922744,4,52
2,2,1,degree_preserving_null,1.0,1.4624482188491206,4,52
2,2,1,degree_preserving_null,10.0,1.3591350941846292,4,52
2,2,1,degree_preserving_null,100.0,1.467556598646029,4,52
2,2,1,family_median,0.1,2.2912146487182237,4,52
2,2,1,family_median,1.0,2.2920600941857017,4,52
2,2,1,family_median,10.0,2.3022551033231164,4,52
2,2,1,family_median,100.0,2.4004598642751476,4,52
2,2,1,all_visible_ridge,0.1,1.7903848382924181,4,52
2,2,1,all_visible_ridge,1.0,0.9583004478342542,4,52
2,2,1,all_visible_ridge,10.0,0.6172280461434061,4,52
2,2,1,all_visible_ridge,100.0,0.6433473355571058,4,52
2,2,1,pca_matched_dimension,0.1,0.6232002894198053,4,52
2,2,1,pca_matched_dimension,1.0,0.6243465562793261,4,52
2,2,1,pca_matched_dimension,10.0,0.6382612627860033,4,52
2,2,1,pca_matched_dimension,100.0,0.8877831740106943,4,52
2,2,1,descriptor_mean,0.1,0.6505623609424535,4,52
2,2,1,descriptor_mean,1.0,0.6728337233327177,4,52
2,2,1,descriptor_mean,10.0,0.7625496695770713,4,52
2,2,1,descriptor_mean,100.0,1.0406318013774298,4,52
2,2,1,null_mean,0.1,0.8424735747493493,4,52
2,2,1,null_mean,1.0,0.7943088689677302,4,52
2,2,1,null_mean,10.0,0.7749148124695933,4,52
2,2,1,null_mean,100.0,1.0591073007161043,4,52
2,2,1,null_local_svd,0.1,0.8370520269030864,4,52
2,2,1,null_local_svd,1.0,0.7913019774758198,4,52
2,2,1,null_local_svd,10.0,0.8134536499389983,4,52
2,2,1,null_local_svd,100.0,1.0877135612518187,4,52
2,2,2,structural_median,0.1,0.4366229366182184,4,52
2,2,2,structural_median,1.0,0.4120723288991101,4,52
2,2,2,structural_median,10.0,0.3542135139748736,4,52
2,2,2,structural_median,100.0,0.34231012083752926,4,52
2,2,2,descriptor_local_svd,0.1,0.32361160038142567,4,52
2,2,2,descriptor_local_svd,1.0,0.3108605636728528,4,52
2,2,2,descriptor_local_svd,10.0,0.297457837467371,4,52
2,2,2,descriptor_local_svd,100.0,0.3207087240333206,4,52
2,2,2,degree_preserving_null,0.1,0.5236711734400296,4,52
2,2,2,degree_preserving_null,1.0,0.5007806103125158,4,52
2,2,2,degree_preserving_null,10.0,0.4217554386801312,4,52
2,2,2,degree_preserving_null,100.0,0.38527657306997437,4,52
2,2,2,family_median,0.1,0.5653624967994076,4,52
2,2,2,family_median,1.0,0.5644575304920638,4,52
2,2,2,family_median,10.0,0.5585416363904948,4,52
2,2,2,family_median,100.0,0.5701267729634396,4,52
2,2,2,all_visible_ridge,0.1,0.7829645586369128,4,52
2,2,2,all_visible_ridge,1.0,0.46099144954777677,4,52
2,2,2,all_visible_ridge,10.0,0.2926290444325721,4,52
2,2,2,all_visible_ridge,100.0,0.2553440157439778,4,52
2,2,2,pca_matched_dimension,0.1,0.29222864457581954,4,52
2,2,2,pca_matched_dimension,1.0,0.29157150579223023,4,52
2,2,2,pca_matched_dimension,10.0,0.28634129112796725,4,52
2,2,2,pca_matched_dimension,100.0,0.3053961505536483,4,52
2,2,2,descriptor_mean,0.1,0.3341427543644288,4,52
2,2,2,descriptor_mean,1.0,0.3219432692845031,4,52
2,2,2,descriptor_mean,10.0,0.310171810715873,4,52
2,2,2,descriptor_mean,100.0,0.327676406414141,4,52
2,2,2,null_mean,0.1,0.3714018790295224,4,52
2,2,2,null_mean,1.0,0.3432655697453789,4,52
2,2,2,null_mean,10.0,0.3098318292325506,4,52
2,2,2,null_mean,100.0,0.3335982163228095,4,52
2,2,2,null_local_svd,0.1,0.3673724784126804,4,52
2,2,2,null_local_svd,1.0,0.33468756246116294,4,52
2,2,2,null_local_svd,10.0,0.30597412546996716,4,52
2,2,2,null_local_svd,100.0,0.3357184309462172,4,52
2,3,0,structural_median,0.1,0.40231112591180096,4,52
2,3,0,structural_median,1.0,0.38267587888205173,4,52
2,3,0,structural_median,10.0,0.3297603299867413,4,52
2,3,0,structural_median,100.0,0.31542898501813443,4,52
2,3,0,descriptor_local_svd,0.1,0.28839058087132097,4,52
2,3,0,descriptor_local_svd,1.0,0.27784615102834154,4,52
2,3,0,descriptor_local_svd,10.0,0.26454409309599825,4,52
2,3,0,descriptor_local_svd,100.0,0.28761581896181027,4,52
2,3,0,degree_preserving_null,0.1,0.4562777700628363,4,52
2,3,0,degree_preserving_null,1.0,0.44094834059528365,4,52
2,3,0,degree_preserving_null,10.0,0.38131559106693763,4,52
2,3,0,degree_preserving_null,100.0,0.3529715667830269,4,52
2,3,0,family_median,0.1,0.49825798095799034,4,52
2,3,0,family_median,1.0,0.49720772045223405,4,52
2,3,0,family_median,10.0,0.48919798365533806,4,52
2,3,0,family_median,100.0,0.483867582925847,4,52
2,3,0,all_visible_ridge,0.1,0.6700964921446854,4,52
2,3,0,all_visible_ridge,1.0,0.3966215478376199,4,52
2,3,0,all_visible_ridge,10.0,0.24811531854219326,4,52
2,3,0,all_visible_ridge,100.0,0.21995086748822318,4,52
2,3,0,pca_matched_dimension,0.1,0.2430946435408225,4,52
2,3,0,pca_matched_dimension,1.0,0.24266270048630903,4,52
2,3,0,pca_matched_dimension,10.0,0.23942958504898568,4,52
2,3,0,pca_matched_dimension,100.0,0.2640374338737857,4,52
2,3,0,descriptor_mean,0.1,0.2880738007826832,4,52
2,3,0,descriptor_mean,1.0,0.2766084674839604,4,52
2,3,0,descriptor_mean,10.0,0.26633036467979865,4,52
2,3,0,descriptor_mean,100.0,0.2913294060777105,4,52
2,3,0,null_mean,0.1,0.33383764658790943,4,52
2,3,0,null_mean,1.0,0.3036233831002619,4,52
2,3,0,null_mean,10.0,0.27130435224928706,4,52
2,3,0,null_mean,100.0,0.3040797510081154,4,52
2,3,0,null_local_svd,0.1,0.30799514194817157,4,52
2,3,0,null_local_svd,1.0,0.282415671732931,4,52
2,3,0,null_local_svd,10.0,0.26391075283842624,4,52
2,3,0,null_local_svd,100.0,0.3123702626101933,4,52
2,3,1,structural_median,0.1,10.478974986149101,4,52
2,3,1,structural_median,1.0,10.32783024915979,4,52
2,3,1,structural_median,10.0,10.545502798720472,4,52
2,3,1,structural_median,100.0,14.882350663880997,4,52
2,3,1,descriptor_local_svd,0.1,7.395961019618056,4,52
2,3,1,descriptor_local_svd,1.0,7.252102648796237,4,52
2,3,1,descriptor_local_svd,10.0,7.554616707460904,4,52
2,3,1,descriptor_local_svd,100.0,11.257852242911133,4,52
2,3,1,degree_preserving_null,0.1,24.261696351340834,4,52
2,3,1,degree_preserving_null,1.0,24.240951136547356,4,52
2,3,1,degree_preserving_null,10.0,24.173332765548764,4,52
2,3,1,degree_preserving_null,100.0,24.184622352276826,4,52
2,3,1,family_median,0.1,24.652206047127226,4,52
2,3,1,family_median,1.0,24.654178556110704,4,52
2,3,1,family_median,10.0,24.67463547215631,4,52
2,3,1,family_median,100.0,24.841639374146997,4,52
2,3,1,all_visible_ridge,0.1,9.740716342555213,4,52
2,3,1,all_visible_ridge,1.0,6.83768402306543,4,52
2,3,1,all_visible_ridge,10.0,5.407537922780894,4,52
2,3,1,all_visible_ridge,100.0,6.682186430401256,4,52
2,3,1,pca_matched_dimension,0.1,5.808970628046995,4,52
2,3,1,pca_matched_dimension,1.0,5.803787751930281,4,52
2,3,1,pca_matched_dimension,10.0,5.7840539790371235,4,52
2,3,1,pca_matched_dimension,100.0,7.204128969567772,4,52
2,3,1,descriptor_mean,0.1,8.148708885033088,4,52
2,3,1,descriptor_mean,1.0,8.101260632946857,4,52
2,3,1,descriptor_mean,10.0,8.010388122521192,4,52
2,3,1,descriptor_mean,100.0,11.737139983099503,4,52
2,3,1,null_mean,0.1,8.40579834489684,4,52
2,3,1,null_mean,1.0,8.048932439650873,4,52
2,3,1,null_mean,10.0,8.093353914130077,4,52
2,3,1,null_mean,100.0,12.474254227151945,4,52
2,3,1,null_local_svd,0.1,6.34182701915401,4,52
2,3,1,null_local_svd,1.0,6.51095080102596,4,52
2,3,1,null_local_svd,10.0,7.327349182263643,4,52
2,3,1,null_local_svd,100.0,11.781858143147005,4,52
2,3,2,structural_median,0.1,0.991950737408371,4,52
2,3,2,structural_median,1.0,0.9638828109496165,4,52
2,3,2,structural_median,10.0,0.9243501037975004,4,52
2,3,2,structural_median,100.0,0.9968655781626283,4,52
2,3,2,descriptor_local_svd,0.1,0.6392053819630614,4,52
2,3,2,descriptor_local_svd,1.0,0.6223533148817264,4,52
2,3,2,descriptor_local_svd,10.0,0.6158286836578117,4,52
2,3,2,descriptor_local_svd,100.0,0.7786355516127355,4,52
2,3,2,degree_preserving_null,0.1,1.1904897470060471,4,52
2,3,2,degree_preserving_null,1.0,1.1626527101564346,4,52
2,3,2,degree_preserving_null,10.0,1.0685492188168788,4,52
2,3,2,degree_preserving_null,100.0,1.1224662895087418,4,52
2,3,2,family_median,0.1,1.8816329561699079,4,52
2,3,2,family_median,1.0,1.8816843995867822,4,52
2,3,2,family_median,10.0,1.8839423852403887,4,52
2,3,2,family_median,100.0,1.9344820223084804,4,52
2,3,2,all_visible_ridge,0.1,1.4513069224461064,4,52
2,3,2,all_visible_ridge,1.0,0.8063870249642036,4,52
2,3,2,all_visible_ridge,10.0,0.5199242517005473,4,52
2,3,2,all_visible_ridge,100.0,0.520249784923454,4,52
2,3,2,pca_matched_dimension,0.1,0.5396754376673205,4,52
2,3,2,pca_matched_dimension,1.0,0.5403024958793057,4,52
2,3,2,pca_matched_dimension,10.0,0.5486453304405752,4,52
2,3,2,pca_matched_dimension,100.0,0.7282761697002278,4,52
2,3,2,descriptor_mean,0.1,0.6189236280501371,4,52
2,3,2,descriptor_mean,1.0,0.6233361338330143,4,52
2,3,2,descriptor_mean,10.0,0.6486638617257694,4,52
2,3,2,descriptor_mean,100.0,0.8159868806394872,4,52
2,3,2,null_mean,0.1,0.687720807306297,4,52
2,3,2,null_mean,1.0,0.652059523652504,4,52
2,3,2,null_mean,10.0,0.6413947565076615,4,52
2,3,2,null_mean,100.0,0.8515863020584723,4,52
2,3,2,null_local_svd,0.1,0.7400680978502387,4,52
2,3,2,null_local_svd,1.0,0.6959443522462596,4,52
2,3,2,null_local_svd,10.0,0.6836567105421489,4,52
2,3,2,null_local_svd,100.0,0.866447010015335,4,52
2,4,0,structural_median,0.1,9.758915620316383,4,52
2,4,0,structural_median,1.0,9.812854352726053,4,52
2,4,0,structural_median,10.0,10.471869989615346,4,52
2,4,0,structural_median,100.0,14.634689814217642,4,52
2,4,0,descriptor_local_svd,0.1,7.26813256190684,4,52
2,4,0,descriptor_local_svd,1.0,7.471734745958533,4,52
2,4,0,descriptor_local_svd,10.0,8.205424945373819,4,52
2,4,0,descriptor_local_svd,100.0,11.948967680286616,4,52
2,4,0,degree_preserving_null,0.1,23.589866092758108,4,52
2,4,0,degree_preserving_null,1.0,23.54944047290394,4,52
2,4,0,degree_preserving_null,10.0,23.408224651223865,4,52
2,4,0,degree_preserving_null,100.0,23.455715972957123,4,52
2,4,0,family_median,0.1,24.01662781858708,4,52
2,4,0,family_median,1.0,24.018630419100077,4,52
2,4,0,family_median,10.0,24.040078436601178,4,52
2,4,0,family_median,100.0,24.20949595323349,4,52
2,4,0,all_visible_ridge,0.1,11.17075839668619,4,52
2,4,0,all_visible_ridge,1.0,8.14876732036014,4,52
2,4,0,all_visible_ridge,10.0,6.573220638469071,4,52
2,4,0,all_visible_ridge,100.0,7.45224372864484,4,52
2,4,0,pca_matched_dimension,0.1,6.644775255202742,4,52
2,4,0,pca_matched_dimension,1.0,6.643405149983095,4,52
2,4,0,pca_matched_dimension,10.0,6.656733103491629,4,52
2,4,0,pca_matched_dimension,100.0,8.1265065069794,4,52
2,4,0,descriptor_mean,0.1,7.053480286870224,4,52
2,4,0,descriptor_mean,1.0,7.346984376007987,4,52
2,4,0,descriptor_mean,10.0,8.279951797672455,4,52
2,4,0,descriptor_mean,100.0,12.130151372037675,4,52
2,4,0,null_mean,0.1,7.461537390600755,4,52
2,4,0,null_mean,1.0,7.519445662123116,4,52
2,4,0,null_mean,10.0,8.328698671531487,4,52
2,4,0,null_mean,100.0,12.865186943207533,4,52
2,4,0,null_local_svd,0.1,8.25155443817025,4,52
2,4,0,null_local_svd,1.0,8.440275833163964,4,52
2,4,0,null_local_svd,10.0,10.877636780784119,4,52
2,4,0,null_local_svd,100.0,16.622065853224676,4,52
2,4,1,structural_median,0.1,0.4633815239707057,4,52
2,4,1,structural_median,1.0,0.43578336635258597,4,52
2,4,1,structural_median,10.0,0.3650964810353888,4,52
2,4,1,structural_median,100.0,0.3352796903264852,4,52
2,4,1,descriptor_local_svd,0.1,0.3401410349712172,4,52
2,4,1,descriptor_local_svd,1.0,0.32788784222686257,4,52
2,4,1,descriptor_local_svd,10.0,0.31262755813033954,4,52
2,4,1,descriptor_local_svd,100.0,0.32246369045989476,4,52
2,4,1,degree_preserving_null,0.1,0.5325223100961872,4,52
2,4,1,degree_preserving_null,1.0,0.5098816486080677,4,52
2,4,1,degree_preserving_null,10.0,0.4273129645042203,4,52
2,4,1,degree_preserving_null,100.0,0.37776356645265075,4,52
2,4,1,family_median,0.1,0.5426233083155159,4,52
2,4,1,family_median,1.0,0.542277276848305,4,52
2,4,1,family_median,10.0,0.5402626460798097,4,52
2,4,1,family_median,100.0,0.5543228294218452,4,52
2,4,1,all_visible_ridge,0.1,0.7350691776413505,4,52
2,4,1,all_visible_ridge,1.0,0.44291225430505304,4,52
2,4,1,all_visible_ridge,10.0,0.29266806517627525,4,52
2,4,1,all_visible_ridge,100.0,0.2583466296807464,4,52
2,4,1,pca_matched_dimension,0.1,0.28905468169989273,4,52
2,4,1,pca_matched_dimension,1.0,0.28871449224442036,4,52
2,4,1,pca_matched_dimension,10.0,0.28639078849756894,4,52
2,4,1,pca_matched_dimension,100.0,0.31890956479790933,4,52
2,4,1,descriptor_mean,0.1,0.3490706870787603,4,52
2,4,1,descriptor_mean,1.0,0.33821705786465867,4,52
2,4,1,descriptor_mean,10.0,0.32324305127800523,4,52
2,4,1,descriptor_mean,100.0,0.3359191682226637,4,52
2,4,1,null_mean,0.1,0.3710995303711946,4,52
2,4,1,null_mean,1.0,0.3487153118441333,4,52
2,4,1,null_mean,10.0,0.31907918684703984,4,52
2,4,1,null_mean,100.0,0.3374113985544547,4,52
2,4,1,null_local_svd,0.1,0.3721067869503086,4,52
2,4,1,null_local_svd,1.0,0.33836065104393165,4,52
2,4,1,null_local_svd,10.0,0.3044009311745056,4,52
2,4,1,null_local_svd,100.0,0.3270381646566,4,52
2,4,2,structural_median,0.1,0.4505776344936498,4,52
2,4,2,structural_median,1.0,0.42790622484629204,4,52
2,4,2,structural_median,10.0,0.369433622869925,4,52
2,4,2,structural_median,100.0,0.35278175747895335,4,52
2,4,2,descriptor_local_svd,0.1,0.3231776005126237,4,52
2,4,2,descriptor_local_svd,1.0,0.3105137982591854,4,52
2,4,2,descriptor_local_svd,10.0,0.289620667890401,4,52
2,4,2,descriptor_local_svd,100.0,0.31209731568820154,4,52
2,4,2,degree_preserving_null,0.1,0.5457992682602222,4,52
2,4,2,degree_preserving_null,1.0,0.521688634067109,4,52
2,4,2,degree_preserving_null,10.0,0.4352291640099878,4,52
2,4,2,degree_preserving_null,100.0,0.3919504687916746,4,52
2,4,2,family_median,0.1,0.553461466168379,4,52
2,4,2,family_median,1.0,0.5528842375793042,4,52
2,4,2,family_median,10.0,0.5489088290072993,4,52
2,4,2,family_median,100.0,0.5585508884733719,4,52
2,4,2,all_visible_ridge,0.1,0.9404933995727072,4,52
2,4,2,all_visible_ridge,1.0,0.49153343760407064,4,52
2,4,2,all_visible_ridge,10.0,0.27695922100204245,4,52
2,4,2,all_visible_ridge,100.0,0.23991720243960157,4,52
2,4,2,pca_matched_dimension,0.1,0.2712004101901466,4,52
2,4,2,pca_matched_dimension,1.0,0.27071305361964126,4,52
2,4,2,pca_matched_dimension,10.0,0.26713412078322935,4,52
2,4,2,pca_matched_dimension,100.0,0.2989681565387634,4,52
2,4,2,descriptor_mean,0.1,0.3330951411762734,4,52
2,4,2,descriptor_mean,1.0,0.3114152400395675,4,52
2,4,2,descriptor_mean,10.0,0.2908501888522734,4,52
2,4,2,descriptor_mean,100.0,0.31588760592346055,4,52
2,4,2,null_mean,0.1,0.35849372789134193,4,52
2,4,2,null_mean,1.0,0.33244863228438215,4,52
2,4,2,null_mean,10.0,0.3001488970975227,4,52
2,4,2,null_mean,100.0,0.3339504268652106,4,52
2,4,2,null_local_svd,0.1,0.3582931578323557,4,52
2,4,2,null_local_svd,1.0,0.32417643445562294,4,52
2,4,2,null_local_svd,10.0,0.29162072462293054,4,52
2,4,2,null_local_svd,100.0,0.3275399382592046,4,52
3,0,0,structural_median,0.1,0.3291848714486845,4,50
3,0,0,structural_median,1.0,0.3115593254978224,4,50
3,0,0,structural_median,10.0,0.27046716186211356,4,50
3,0,0,structural_median,100.0,0.26094681370942846,4,50
3,0,0,descriptor_local_svd,0.1,0.23123091183719802,4,50
3,0,0,descriptor_local_svd,1.0,0.21548088480074476,4,50
3,0,0,descriptor_local_svd,10.0,0.21026543787849444,4,50
3,0,0,descriptor_local_svd,100.0,0.232449001114512,4,50
3,0,0,degree_preserving_null,0.1,0.41405122354740803,4,50
3,0,0,degree_preserving_null,1.0,0.39727149989880045,4,50
3,0,0,degree_preserving_null,10.0,0.3337161842935445,4,50
3,0,0,degree_preserving_null,100.0,0.29188453378794643,4,50
3,0,0,family_median,0.1,0.39823421437783424,4,50
3,0,0,family_median,1.0,0.39771191438475273,4,50
3,0,0,family_median,10.0,0.3945433284984884,4,50
3,0,0,family_median,100.0,0.4152395819480466,4,50
3,0,0,all_visible_ridge,0.1,0.6792760913781949,4,50
3,0,0,all_visible_ridge,1.0,0.37278478080206057,4,50
3,0,0,all_visible_ridge,10.0,0.2175099279413553,4,50
3,0,0,all_visible_ridge,100.0,0.18421792483449204,4,50
3,0,0,pca_matched_dimension,0.1,0.20759915486178904,4,50
3,0,0,pca_matched_dimension,1.0,0.2072464446064856,4,50
3,0,0,pca_matched_dimension,10.0,0.20479513769195415,4,50
3,0,0,pca_matched_dimension,100.0,0.23602760901192996,4,50
3,0,0,descriptor_mean,0.1,0.25447661773782004,4,50
3,0,0,descriptor_mean,1.0,0.2428883320060894,4,50
3,0,0,descriptor_mean,10.0,0.23300728387030292,4,50
3,0,0,descriptor_mean,100.0,0.24805629442494428,4,50
3,0,0,null_mean,0.1,0.2859947913196469,4,50
3,0,0,null_mean,1.0,0.262484259092824,4,50
3,0,0,null_mean,10.0,0.2320393752596065,4,50
3,0,0,null_mean,100.0,0.25295974615596006,4,50
3,0,0,null_local_svd,0.1,0.28070026970970374,4,50
3,0,0,null_local_svd,1.0,0.24900966541774947,4,50
3,0,0,null_local_svd,10.0,0.22063326542381548,4,50
3,0,0,null_local_svd,100.0,0.24466661183007193,4,50
3,0,1,structural_median,0.1,4.720254224558273,4,50
3,0,1,structural_median,1.0,4.541040510080683,4,50
3,0,1,structural_median,10.0,4.2703748344718555,4,50
3,0,1,structural_median,100.0,6.570534705261592,4,50
3,0,1,descriptor_local_svd,0.1,2.465242053311005,4,50
3,0,1,descriptor_local_svd,1.0,2.4365568689636103,4,50
3,0,1,descriptor_local_svd,10.0,2.574367365712341,4,50
3,0,1,descriptor_local_svd,100.0,4.722239592810875,4,50
3,0,1,degree_preserving_null,0.1,23.102003392126303,4,50
3,0,1,degree_preserving_null,1.0,23.09038535318709,4,50
3,0,1,degree_preserving_null,10.0,23.04966288322068,4,50
3,0,1,degree_preserving_null,100.0,23.275131143589597,4,50
3,0,1,family_median,0.1,24.216833307153497,4,50
3,0,1,family_median,1.0,24.218682860231144,4,50
3,0,1,family_median,10.0,24.238809978298786,4,50
3,0,1,family_median,100.0,24.426714669733812,4,50
3,0,1,all_visible_ridge,0.1,4.812228226684335,4,50
3,0,1,all_visible_ridge,1.0,2.778963867657233,4,50
3,0,1,all_visible_ridge,10.0,2.041068769359835,4,50
3,0,1,all_visible_ridge,100.0,3.3779250546618007,4,50
3,0,1,pca_matched_dimension,0.1,2.1967852402330084,4,50
3,0,1,pca_matched_dimension,1.0,2.202821290192426,4,50
3,0,1,pca_matched_dimension,10.0,2.291328192568357,4,50
3,0,1,pca_matched_dimension,100.0,4.504295051543464,4,50
3,0,1,descriptor_mean,0.1,2.5279475501266804,4,50
3,0,1,descriptor_mean,1.0,2.5598955339578913,4,50
3,0,1,descriptor_mean,10.0,2.762301358002782,4,50
3,0,1,descriptor_mean,100.0,5.5942896891033795,4,50
3,0,1,null_mean,0.1,3.71822109628911,4,50
3,0,1,null_mean,1.0,3.9310106074041817,4,50
3,0,1,null_mean,10.0,5.596598912756403,4,50
3,0,1,null_mean,100.0,13.507121758827118,4,50
3,0,1,null_local_svd,0.1,7.295112286254908,4,50
3,0,1,null_local_svd,1.0,8.880442441661806,4,50
3,0,1,null_local_svd,10.0,14.538491603243662,4,50
3,0,1,null_local_svd,100.0,20.339666078673105,4,50
3,0,2,structural_median,0.1,0.7201091437669443,4,50
3,0,2,structural_median,1.0,0.6884379652484947,4,50
3,0,2,structural_median,10.0,0.6184870695905693,4,50
3,0,2,structural_median,100.0,0.6704614617045142,4,50
3,0,2,descriptor_local_svd,0.1,0.5264271842359626,4,50
3,0,2,descriptor_local_svd,1.0,0.5119644887854568,4,50
3,0,2,descriptor_local_svd,10.0,0.5077445142254136,4,50
3,0,2,descriptor_local_svd,100.0,0.589022891229465,4,50
3,0,2,degree_preserving_null,0.1,1.150882858388355,4,50
3,0,2,degree_preserving_null,1.0,1.113715240445355,4,50
3,0,2,degree_preserving_null,10.0,0.9792755440521319,4,50
3,0,2,degree_preserving_null,100.0,0.9307126548900082,4,50
3,0,2,family_median,0.1,1.377643899535806,4,50
3,0,2,family_median,1.0,1.379503227127557,4,50
3,0,2,family_median,10.0,1.3973427305277646,4,50
3,0,2,family_median,100.0,1.5166525390117476,4,50
3,0,2,all_visible_ridge,0.1,1.636551809736308,4,50
3,0,2,all_visible_ridge,1.0,0.8407035782899246,4,50
3,0,2,all_visible_ridge,10.0,0.5220465901344129,4,50
3,0,2,all_visible_ridge,100.0,0.4599238734620372,4,50
3,0,2,pca_matched_dimension,0.1,0.4852872802513345,4,50
3,0,2,pca_matched_dimension,1.0,0.4844974336304345,4,50
3,0,2,pca_matched_dimension,10.0,0.4795617716594919,4,50
3,0,2,pca_matched_dimension,100.0,0.5821784974426801,4,50
3,0,2,descriptor_mean,0.1,0.6212394226694617,4,50
3,0,2,descriptor_mean,1.0,0.5943007849746408,4,50
3,0,2,descriptor_mean,10.0,0.5664261701409472,4,50
3,0,2,descriptor_mean,100.0,0.6319649487613774,4,50
3,0,2,null_mean,0.1,0.648595284189202,4,50
3,0,2,null_mean,1.0,0.607506943744254,4,50
3,0,2,null_mean,10.0,0.5716987243354681,4,50
3,0,2,null_mean,100.0,0.6672720746797334,4,50
3,0,2,null_local_svd,0.1,0.638395228829721,4,50
3,0,2,null_local_svd,1.0,0.5763472762930626,4,50
3,0,2,null_local_svd,10.0,0.5358162563920063,4,50
3,0,2,null_local_svd,100.0,0.6503034855133757,4,50
3,1,0,structural_median,0.1,0.3091459634221786,4,50
3,1,0,structural_median,1.0,0.2933510108019132,4,50
3,1,0,structural_median,10.0,0.25723559106755917,4,50
3,1,0,structural_median,100.0,0.25191547206580633,4,50
3,1,0,descriptor_local_svd,0.1,0.22672708090006016,4,50
3,1,0,descriptor_local_svd,1.0,0.21529078489089967,4,50
3,1,0,descriptor_local_svd,10.0,0.20846852772667238,4,50
3,1,0,descriptor_local_svd,100.0,0.2288326095555558,4,50
3,1,0,degree_preserving_null,0.1,0.39150799945234366,4,50
3,1,0,degree_preserving_null,1.0,0.37800094543044566,4,50
3,1,0,degree_preserving_null,10.0,0.3252535253883371,4,50
3,1,0,degree_preserving_null,100.0,0.29342491488667777,4,50
3,1,0,family_median,0.1,0.4274606560590712,4,50
3,1,0,family_median,1.0,0.4266381087238926,4,50
3,1,0,family_median,10.0,0.4200297801777493,4,50
3,1,0,family_median,100.0,0.41195509401319463,4,50
3,1,0,all_visible_ridge,0.1,0.5379238704264373,4,50
3,1,0,all_visible_ridge,1.0,0.3065847056874672,4,50
3,1,0,all_visible_ridge,10.0,0.19483870199423572,4,50
3,1,0,all_visible_ridge,100.0,0.17826120975110477,4,50
3,1,0,pca_matched_dimension,0.1,0.19696254420723058,4,50
3,1,0,pca_matched_dimension,1.0,0.1966709912388362,4,50
3,1,0,pca_matched_dimension,10.0,0.19469780744890897,4,50
3,1,0,pca_matched_dimension,100.0,0.22364751282111023,4,50
3,1,0,descriptor_mean,0.1,0.2437469528446252,4,50
3,1,0,descriptor_mean,1.0,0.2374398750369116,4,50
3,1,0,descriptor_mean,10.0,0.22856327796872883,4,50
3,1,0,descriptor_mean,100.0,0.240536401974836,4,50
3,1,0,null_mean,0.1,0.2720629392455892,4,50
3,1,0,null_mean,1.0,0.2538266763490371,4,50
3,1,0,null_mean,10.0,0.23091794730896173,4,50
3,1,0,null_mean,100.0,0.24501423974992131,4,50
3,1,0,null_local_svd,0.1,0.25039985528314557,4,50
3,1,0,null_local_svd,1.0,0.23119013201552047,4,50
3,1,0,null_local_svd,10.0,0.21131025402389503,4,50
3,1,0,null_local_svd,100.0,0.23502669135615678,4,50
3,1,1,structural_median,0.1,6.970342533749107,4,50
3,1,1,structural_median,1.0,6.687173320741965,4,50
3,1,1,structural_median,10.0,5.439022291319075,4,50
3,1,1,structural_median,100.0,5.077893201415926,4,50
3,1,1,descriptor_local_svd,0.1,3.42556178148581,4,50
3,1,1,descriptor_local_svd,1.0,3.1178427406726565,4,50
3,1,1,descriptor_local_svd,10.0,2.896312468312378,4,50
3,1,1,descriptor_local_svd,100.0,3.8970560955049,4,50
3,1,1,degree_preserving_null,0.1,17.95041804321146,4,50
3,1,1,degree_preserving_null,1.0,17.916515547855706,4,50
3,1,1,degree_preserving_null,10.0,17.799176850093232,4,50
3,1,1,degree_preserving_null,100.0,17.998932577348754,4,50
3,1,1,family_median,0.1,19.191693272596915,4,50
3,1,1,family_median,1.0,19.196743521875746,4,50
3,1,1,family_median,10.0,19.244374886192738,4,50
3,1,1,family_median,100.0,19.540564769090572,4,50
3,1,1,all_visible_ridge,0.1,12.52354479229984,4,50
3,1,1,all_visible_ridge,1.0,6.375456713795605,4,50
3,1,1,all_visible_ridge,10.0,3.55401093452097,4,50
3,1,1,all_visible_ridge,100.0,3.4305175284598652,4,50
3,1,1,pca_matched_dimension,0.1,3.3170864094776165,4,50
3,1,1,pca_matched_dimension,1.0,3.3177407238801706,4,50
3,1,1,pca_matched_dimension,10.0,3.3483490290170024,4,50
3,1,1,pca_matched_dimension,100.0,4.828339284996354,4,50
3,1,1,descriptor_mean,0.1,3.329537944337042,4,50
3,1,1,descriptor_mean,1.0,3.300402768962698,4,50
3,1,1,descriptor_mean,10.0,3.2201112267772056,4,50
3,1,1,descriptor_mean,100.0,4.695558570770302,4,50
3,1,1,null_mean,0.1,4.114205406165137,4,50
3,1,1,null_mean,1.0,4.002371521576137,4,50
3,1,1,null_mean,10.0,5.670090457314868,4,50
3,1,1,null_mean,100.0,11.319117071345037,4,50
3,1,1,null_local_svd,0.1,10.967853176764445,4,50
3,1,1,null_local_svd,1.0,11.060919581131783,4,50
3,1,1,null_local_svd,10.0,12.999902787612106,4,50
3,1,1,null_local_svd,100.0,15.75879017388422,4,50
3,1,2,structural_median,0.1,0.3989987258566632,4,50
3,1,2,structural_median,1.0,0.3795930890146874,4,50
3,1,2,structural_median,10.0,0.33109703034038795,4,50
3,1,2,structural_median,100.0,0.32030780928337166,4,50
3,1,2,descriptor_local_svd,0.1,0.2690159232711523,4,50
3,1,2,descriptor_local_svd,1.0,0.2511710066261122,4,50
3,1,2,descriptor_local_svd,10.0,0.2416189365379014,4,50
3,1,2,descriptor_local_svd,100.0,0.2749255351785287,4,50
3,1,2,degree_preserving_null,0.1,0.4667526188907114,4,50
3,1,2,degree_preserving_null,1.0,0.44979545666167614,4,50
3,1,2,degree_preserving_null,10.0,0.38011403725302595,4,50
3,1,2,degree_preserving_null,100.0,0.3378156816398309,4,50
3,1,2,family_median,0.1,0.5205953858921292,4,50
3,1,2,family_median,1.0,0.5196972211168295,4,50
3,1,2,family_median,10.0,0.5136376953812585,4,50
3,1,2,family_median,100.0,0.5256910425552263,4,50
3,1,2,all_visible_ridge,0.1,0.8015073493674905,4,50
3,1,2,all_visible_ridge,1.0,0.4152742705585516,4,50
3,1,2,all_visible_ridge,10.0,0.23643485671568173,4,50
3,1,2,all_visible_ridge,100.0,0.19951952258076558,4,50
3,1,2,pca_matched_dimension,0.1,0.23158701786022268,4,50
3,1,2,pca_matched_dimension,1.0,0.23097523100251469,4,50
3,1,2,pca_matched_dimension,10.0,0.2262752546152449,4,50
3,1,2,pca_matched_dimension,100.0,0.2540047180642377,4,50
3,1,2,descriptor_mean,0.1,0.2876165595487284,4,50
3,1,2,descriptor_mean,1.0,0.2759797260266746,4,50
3,1,2,descriptor_mean,10.0,0.26375580278480837,4,50
3,1,2,descriptor_mean,100.0,0.2928537491156053,4,50
3,1,2,null_mean,0.1,0.3222618604867536,4,50
3,1,2,null_mean,1.0,0.2953087132650791,4,50
3,1,2,null_mean,10.0,0.2583484351725689,4,50
3,1,2,null_mean,100.0,0.28496842438472725,4,50
3,1,2,null_local_svd,0.1,0.3056092960994484,4,50
3,1,2,null_local_svd,1.0,0.2756135854020702,4,50
3,1,2,null_local_svd,10.0,0.2432512696058983,4,50
3,1,2,null_local_svd,100.0,0.28293585401673343,4,50
3,2,0,structural_median,0.1,0.44433130250339004,4,50
3,2,0,structural_median,1.0,0.43049706790853853,4,50
3,2,0,structural_median,10.0,0.3991030477856611,4,50
3,2,0,structural_median,100.0,0.41514006488657546,4,50
3,2,0,descriptor_local_svd,0.1,0.3197888540499355,4,50
3,2,0,descriptor_local_svd,1.0,0.30339454533862964,4,50
3,2,0,descriptor_local_svd,10.0,0.3022295729631004,4,50
3,2,0,descriptor_local_svd,100.0,0.3654357609605039,4,50
3,2,0,degree_preserving_null,0.1,0.6106897863487097,4,50
3,2,0,degree_preserving_null,1.0,0.5894094903480774,4,50
3,2,0,degree_preserving_null,10.0,0.5092430554255178,4,50
3,2,0,degree_preserving_null,100.0,0.4742183892554136,4,50
3,2,0,family_median,0.1,0.6272897843058973,4,50
3,2,0,family_median,1.0,0.6267411416153879,4,50
3,2,0,family_median,10.0,0.623336341988209,4,50
3,2,0,family_median,100.0,0.6409198856111245,4,50
3,2,0,all_visible_ridge,0.1,0.9167026826392186,4,50
3,2,0,all_visible_ridge,1.0,0.4938867892359383,4,50
3,2,0,all_visible_ridge,10.0,0.2873259896327114,4,50
3,2,0,all_visible_ridge,100.0,0.24957809214799123,4,50
3,2,0,pca_matched_dimension,0.1,0.2795949911376114,4,50
3,2,0,pca_matched_dimension,1.0,0.27913520874490333,4,50
3,2,0,pca_matched_dimension,10.0,0.2758904535046851,4,50
3,2,0,pca_matched_dimension,100.0,0.3136944690705633,4,50
3,2,0,descriptor_mean,0.1,0.34892223511603027,4,50
3,2,0,descriptor_mean,1.0,0.3401867462478637,4,50
3,2,0,descriptor_mean,10.0,0.3268578856075081,4,50
3,2,0,descriptor_mean,100.0,0.37555893095642334,4,50
3,2,0,null_mean,0.1,0.3686067385306485,4,50
3,2,0,null_mean,1.0,0.3401557979126722,4,50
3,2,0,null_mean,10.0,0.3165771868276065,4,50
3,2,0,null_mean,100.0,0.3793734918215622,4,50
3,2,0,null_local_svd,0.1,0.36886044189166445,4,50
3,2,0,null_local_svd,1.0,0.33060213044734604,4,50
3,2,0,null_local_svd,10.0,0.30976377826709345,4,50
3,2,0,null_local_svd,100.0,0.37322613934377785,4,50
3,2,1,structural_median,0.1,0.7787230597955233,4,50
3,2,1,structural_median,1.0,0.7270635675808764,4,50
3,2,1,structural_median,10.0,0.5964375986864205,4,50
3,2,1,structural_median,100.0,0.5608886954988226,4,50
3,2,1,descriptor_local_svd,0.1,0.5670222838737758,4,50
3,2,1,descriptor_local_svd,1.0,0.5426668957339907,4,50
3,2,1,descriptor_local_svd,10.0,0.5070357662969179,4,50
3,2,1,descriptor_local_svd,100.0,0.5105600017199518,4,50
3,2,1,degree_preserving_null,0.1,0.923338517272452,4,50
3,2,1,degree_preserving_null,1.0,0.8899640439635013,4,50
3,2,1,degree_preserving_null,10.0,0.7658464652492996,4,50
3,2,1,degree_preserving_null,100.0,0.7138733482387146,4,50
3,2,1,family_median,0.1,1.1181594791110003,4,50
3,2,1,family_median,1.0,1.1193354789000127,4,50
3,2,1,family_median,10.0,1.1316962910565054,4,50
3,2,1,family_median,100.0,1.2340054166860863,4,50
3,2,1,all_visible_ridge,0.1,1.6245886814463657,4,50
3,2,1,all_visible_ridge,1.0,0.8318479209613724,4,50
3,2,1,all_visible_ridge,10.0,0.4896197024710647,4,50
3,2,1,all_visible_ridge,100.0,0.40503438094943933,4,50
3,2,1,pca_matched_dimension,0.1,0.45346231342315824,4,50
3,2,1,pca_matched_dimension,1.0,0.45256755278429917,4,50
3,2,1,pca_matched_dimension,10.0,0.4463342467473173,4,50
3,2,1,pca_matched_dimension,100.0,0.5246922035195346,4,50
3,2,1,descriptor_mean,0.1,0.5939318502710601,4,50
3,2,1,descriptor_mean,1.0,0.5667904477760306,4,50
3,2,1,descriptor_mean,10.0,0.5368986563431586,4,50
3,2,1,descriptor_mean,100.0,0.5348324874540792,4,50
3,2,1,null_mean,0.1,0.625518683840299,4,50
3,2,1,null_mean,1.0,0.5850628822011191,4,50
3,2,1,null_mean,10.0,0.5269867488526335,4,50
3,2,1,null_mean,100.0,0.5535030414750363,4,50
3,2,1,null_local_svd,0.1,0.6329112724935336,4,50
3,2,1,null_local_svd,1.0,0.571420560914618,4,50
3,2,1,null_local_svd,10.0,0.5128807702452057,4,50
3,2,1,null_local_svd,100.0,0.5568215486389771,4,50
3,2,2,structural_median,0.1,0.40520464794754896,4,50
3,2,2,structural_median,1.0,0.381031088028553,4,50
3,2,2,structural_median,10.0,0.31942596459132533,4,50
3,2,2,structural_median,100.0,0.30793386448571014,4,50
3,2,2,descriptor_local_svd,0.1,0.27876310631052875,4,50
3,2,2,descriptor_local_svd,1.0,0.26599126929111133,4,50
3,2,2,descriptor_local_svd,10.0,0.2580736450582877,4,50
3,2,2,descriptor_local_svd,100.0,0.28664053654760124,4,50
3,2,2,degree_preserving_null,0.1,0.5374132582090881,4,50
3,2,2,degree_preserving_null,1.0,0.5145184725483928,4,50
3,2,2,degree_preserving_null,10.0,0.42606965338141306,4,50
3,2,2,degree_preserving_null,100.0,0.3702331525935449,4,50
3,2,2,family_median,0.1,0.5049047050491292,4,50
3,2,2,family_median,1.0,0.5043904469662501,4,50
3,2,2,family_median,10.0,0.5011219362351812,4,50
3,2,2,family_median,100.0,0.519136760361983,4,50
3,2,2,all_visible_ridge,0.1,0.6532613375628809,4,50
3,2,2,all_visible_ridge,1.0,0.3813943533641922,4,50
3,2,2,all_visible_ridge,10.0,0.2535939980456908,4,50
3,2,2,all_visible_ridge,100.0,0.2295613523886576,4,50
3,2,2,pca_matched_dimension,0.1,0.25281708095182787,4,50
3,2,2,pca_matched_dimension,1.0,0.2524035085381945,4,50
3,2,2,pca_matched_dimension,10.0,0.24950371610741792,4,50
3,2,2,pca_matched_dimension,100.0,0.2846207805827282,4,50
3,2,2,descriptor_mean,0.1,0.293285650066809,4,50
3,2,2,descriptor_mean,1.0,0.2862548595663403,4,50
3,2,2,descriptor_mean,10.0,0.2764117996075987,4,50
3,2,2,descriptor_mean,100.0,0.2982465505969828,4,50
3,2,2,null_mean,0.1,0.3283829228678572,4,50
3,2,2,null_mean,1.0,0.3049055153718313,4,50
3,2,2,null_mean,10.0,0.2846647686467382,4,50
3,2,2,null_mean,100.0,0.317843672485372,4,50
3,2,2,null_local_svd,0.1,0.3155174986125894,4,50
3,2,2,null_local_svd,1.0,0.28965031378762596,4,50
3,2,2,null_local_svd,10.0,0.2712654650200535,4,50
3,2,2,null_local_svd,100.0,0.30611161503821965,4,50
3,3,0,structural_median,0.1,0.3301501056850181,4,50
3,3,0,structural_median,1.0,0.31660766866659007,4,50
3,3,0,structural_median,10.0,0.28767145843664815,4,50
3,3,0,structural_median,100.0,0.29274141831525063,4,50
3,3,0,descriptor_local_svd,0.1,0.2414436455581816,4,50
3,3,0,descriptor_local_svd,1.0,0.22947906962633197,4,50
3,3,0,descriptor_local_svd,10.0,0.2289476692088903,4,50
3,3,0,descriptor_local_svd,100.0,0.25908543861451205,4,50
3,3,0,degree_preserving_null,0.1,0.4263906128010678,4,50
3,3,0,degree_preserving_null,1.0,0.4126422004572417,4,50
3,3,0,degree_preserving_null,10.0,0.35853504701483674,4,50
3,3,0,degree_preserving_null,100.0,0.326763615154528,4,50
3,3,0,family_median,0.1,0.45810014372131075,4,50
3,3,0,family_median,1.0,0.4574082755915629,4,50
3,3,0,family_median,10.0,0.45214857462529173,4,50
3,3,0,family_median,100.0,0.4537534575350288,4,50
3,3,0,all_visible_ridge,0.1,0.5744458386804834,4,50
3,3,0,all_visible_ridge,1.0,0.33240476398138563,4,50
3,3,0,all_visible_ridge,10.0,0.21934294258527381,4,50
3,3,0,all_visible_ridge,100.0,0.2012341072367276,4,50
3,3,0,pca_matched_dimension,0.1,0.22396250896040792,4,50
3,3,0,pca_matched_dimension,1.0,0.22362089516252265,4,50
3,3,0,pca_matched_dimension,10.0,0.22127000855679343,4,50
3,3,0,pca_matched_dimension,100.0,0.2528949419564873,4,50
3,3,0,descriptor_mean,0.1,0.2725043391784361,4,50
3,3,0,descriptor_mean,1.0,0.26200855470333695,4,50
3,3,0,descriptor_mean,10.0,0.25394312801285546,4,50
3,3,0,descriptor_mean,100.0,0.2760768837023598,4,50
3,3,0,null_mean,0.1,0.2995321333458517,4,50
3,3,0,null_mean,1.0,0.2796520995053153,4,50
3,3,0,null_mean,10.0,0.25553523610564255,4,50
3,3,0,null_mean,100.0,0.2767900843152292,4,50
3,3,0,null_local_svd,0.1,0.287522462718926,4,50
3,3,0,null_local_svd,1.0,0.26249550581428116,4,50
3,3,0,null_local_svd,10.0,0.24147813540191446,4,50
3,3,0,null_local_svd,100.0,0.2732308383844306,4,50
3,3,1,structural_median,0.1,8.766384211032237,4,50
3,3,1,structural_median,1.0,8.548898424928447,4,50
3,3,1,structural_median,10.0,8.151149856638725,4,50
3,3,1,structural_median,100.0,11.849988261545192,4,50
3,3,1,descriptor_local_svd,0.1,4.1894704358556725,4,50
3,3,1,descriptor_local_svd,1.0,4.186551733867858,4,50
3,3,1,descriptor_local_svd,10.0,4.384949457104447,4,50
3,3,1,descriptor_local_svd,100.0,8.809734536583301,4,50
3,3,1,degree_preserving_null,0.1,32.45043506185618,4,50
3,3,1,degree_preserving_null,1.0,32.40451257140966,4,50
3,3,1,degree_preserving_null,10.0,32.19866709674896,4,50
3,3,1,degree_preserving_null,100.0,32.29386577622157,4,50
3,3,1,family_median,0.1,33.01880735371151,4,50
3,3,1,family_median,1.0,33.02316430726129,4,50
3,3,1,family_median,10.0,33.065721742738674,4,50
3,3,1,family_median,100.0,33.36810415070035,4,50
3,3,1,all_visible_ridge,0.1,7.632064994273464,4,50
3,3,1,all_visible_ridge,1.0,5.194701014643149,4,50
3,3,1,all_visible_ridge,10.0,3.949476335580309,4,50
3,3,1,all_visible_ridge,100.0,6.239869068004709,4,50
3,3,1,pca_matched_dimension,0.1,4.815433896153877,4,50
3,3,1,pca_matched_dimension,1.0,4.834103425861055,4,50
3,3,1,pca_matched_dimension,10.0,5.04846619668396,4,50
3,3,1,pca_matched_dimension,100.0,8.388432901027294,4,50
3,3,1,descriptor_mean,0.1,4.7270255406968085,4,50
3,3,1,descriptor_mean,1.0,4.885083480504269,4,50
3,3,1,descriptor_mean,10.0,5.302304831166313,4,50
3,3,1,descriptor_mean,100.0,10.190278958852831,4,50
3,3,1,null_mean,0.1,4.880730856012532,4,50
3,3,1,null_mean,1.0,5.214072392309194,4,50
3,3,1,null_mean,10.0,8.75570517771438,4,50
3,3,1,null_mean,100.0,19.989820011600774,4,50
3,3,1,null_local_svd,0.1,14.47859290828484,4,50
3,3,1,null_local_svd,1.0,16.668559595684627,4,50
3,3,1,null_local_svd,10.0,22.64210583588308,4,50
3,3,1,null_local_svd,100.0,28.882501176272704,4,50
3,3,2,structural_median,0.1,0.6584621773661956,4,50
3,3,2,structural_median,1.0,0.6226802530642812,4,50
3,3,2,structural_median,10.0,0.5313523855641391,4,50
3,3,2,structural_median,100.0,0.47744118901768284,4,50
3,3,2,descriptor_local_svd,0.1,0.5478124270869318,4,50
3,3,2,descriptor_local_svd,1.0,0.49327032835953355,4,50
3,3,2,descriptor_local_svd,10.0,0.43910336210728435,4,50
3,3,2,descriptor_local_svd,100.0,0.4533144416154098,4,50
3,3,2,degree_preserving_null,0.1,0.8200627665418364,4,50
3,3,2,degree_preserving_null,1.0,0.7904690065695703,4,50
3,3,2,degree_preserving_null,10.0,0.6884213198705527,4,50
3,3,2,degree_preserving_null,100.0,0.6400632394198515,4,50
3,3,2,family_median,0.1,1.021657407314473,4,50
3,3,2,family_median,1.0,1.0227285179800556,4,50
3,3,2,family_median,10.0,1.0335376035476616,4,50
3,3,2,family_median,100.0,1.1198203178630788,4,50
3,3,2,all_visible_ridge,0.1,1.452213566135974,4,50
3,3,2,all_visible_ridge,1.0,0.8113503920705296,4,50
3,3,2,all_visible_ridge,10.0,0.4711123351944584,4,50
3,3,2,all_visible_ridge,100.0,0.3819821538013214,4,50
3,3,2,pca_matched_dimension,0.1,0.4461492433243174,4,50
3,3,2,pca_matched_dimension,1.0,0.4445094959686332,4,50
3,3,2,pca_matched_dimension,10.0,0.43104679732869206,4,50
3,3,2,pca_matched_dimension,100.0,0.4542906390772981,4,50
3,3,2,descriptor_mean,0.1,0.6114216557544612,4,50
3,3,2,descriptor_mean,1.0,0.5738808873560165,4,50
3,3,2,descriptor_mean,10.0,0.49735298747004253,4,50
3,3,2,descriptor_mean,100.0,0.48080616792449027,4,50
3,3,2,null_mean,0.1,0.6051142610395746,4,50
3,3,2,null_mean,1.0,0.5686435086207693,4,50
3,3,2,null_mean,10.0,0.5293259845843271,4,50
3,3,2,null_mean,100.0,0.5395852552002183,4,50
3,3,2,null_local_svd,0.1,0.5543006220422354,4,50
3,3,2,null_local_svd,1.0,0.50030967156172,4,50
3,3,2,null_local_svd,10.0,0.4524800100119541,4,50
3,3,2,null_local_svd,100.0,0.49610021471844434,4,50
3,4,0,structural_median,0.1,7.32543301028378,4,50
3,4,0,structural_median,1.0,7.041482122364459,4,50
3,4,0,structural_median,10.0,6.572445900273172,4,50
3,4,0,structural_median,100.0,9.605099391455594,4,50
3,4,0,descriptor_local_svd,0.1,4.017531177626403,4,50
3,4,0,descriptor_local_svd,1.0,3.9457011312315484,4,50
3,4,0,descriptor_local_svd,10.0,4.27932858218583,4,50
3,4,0,descriptor_local_svd,100.0,7.857502863540021,4,50
3,4,0,degree_preserving_null,0.1,27.223811983056862,4,50
3,4,0,degree_preserving_null,1.0,27.142672569685686,4,50
3,4,0,degree_preserving_null,10.0,26.84413364586265,4,50
3,4,0,degree_preserving_null,100.0,26.85912914095947,4,50
3,4,0,family_median,0.1,27.73406611066052,4,50
3,4,0,family_median,1.0,27.737480888983256,4,50
3,4,0,family_median,10.0,27.771849843632065,4,50
3,4,0,family_median,100.0,28.021145225006766,4,50
3,4,0,all_visible_ridge,0.1,9.088345667232142,4,50
3,4,0,all_visible_ridge,1.0,5.647843147673309,4,50
3,4,0,all_visible_ridge,10.0,3.7757678039116804,4,50
3,4,0,all_visible_ridge,100.0,5.696237670617643,4,50
3,4,0,pca_matched_dimension,0.1,3.5626924626159786,4,50
3,4,0,pca_matched_dimension,1.0,3.587050546219302,4,50
3,4,0,pca_matched_dimension,10.0,3.8478549976690037,4,50
3,4,0,pca_matched_dimension,100.0,7.091685795242142,4,50
3,4,0,descriptor_mean,0.1,4.422945583486978,4,50
3,4,0,descriptor_mean,1.0,4.392491617742975,4,50
3,4,0,descriptor_mean,10.0,4.754832927903666,4,50
3,4,0,descriptor_mean,100.0,8.879146701052713,4,50
3,4,0,null_mean,0.1,4.741589493415975,4,50
3,4,0,null_mean,1.0,4.9968011033751845,4,50
3,4,0,null_mean,10.0,8.204946459692888,4,50
3,4,0,null_mean,100.0,17.56682807437045,4,50
3,4,0,null_local_svd,0.1,12.18721623588767,4,50
3,4,0,null_local_svd,1.0,12.832900167784251,4,50
3,4,0,null_local_svd,10.0,17.180630589466904,4,50
3,4,0,null_local_svd,100.0,23.17827220440486,4,50
3,4,1,structural_median,0.1,0.36257632895586195,4,50
3,4,1,structural_median,1.0,0.34036280006635594,4,50
3,4,1,structural_median,10.0,0.2861682506558318,4,50
3,4,1,structural_median,100.0,0.26890409185073616,4,50
3,4,1,descriptor_local_svd,0.1,0.2634141396529519,4,50
3,4,1,descriptor_local_svd,1.0,0.24623730016072576,4,50
3,4,1,descriptor_local_svd,10.0,0.23528699319826826,4,50
3,4,1,descriptor_local_svd,100.0,0.24922830096792453,4,50
3,4,1,degree_preserving_null,0.1,0.4566137175539444,4,50
3,4,1,degree_preserving_null,1.0,0.43643854556971595,4,50
3,4,1,degree_preserving_null,10.0,0.35579731147916327,4,50
3,4,1,degree_preserving_null,100.0,0.29799581411041914,4,50
3,4,1,family_median,0.1,0.40794960197580227,4,50
3,4,1,family_median,1.0,0.40764246451321684,4,50
3,4,1,family_median,10.0,0.4059326754493839,4,50
3,4,1,family_median,100.0,0.4255086217458936,4,50
3,4,1,all_visible_ridge,0.1,0.6816742589872277,4,50
3,4,1,all_visible_ridge,1.0,0.403775200849584,4,50
3,4,1,all_visible_ridge,10.0,0.2443914752493495,4,50
3,4,1,all_visible_ridge,100.0,0.2001363032167648,4,50
3,4,1,pca_matched_dimension,0.1,0.2347338933426142,4,50
3,4,1,pca_matched_dimension,1.0,0.2341194298887271,4,50
3,4,1,pca_matched_dimension,10.0,0.22922797008434703,4,50
3,4,1,pca_matched_dimension,100.0,0.24699220619867832,4,50
3,4,1,descriptor_mean,0.1,0.28710630634493994,4,50
3,4,1,descriptor_mean,1.0,0.27357962846309714,4,50
3,4,1,descriptor_mean,10.0,0.2548809591996648,4,50
3,4,1,descriptor_mean,100.0,0.2610003945806302,4,50
3,4,1,null_mean,0.1,0.318278110967477,4,50
3,4,1,null_mean,1.0,0.293409020000558,4,50
3,4,1,null_mean,10.0,0.2613295879320765,4,50
3,4,1,null_mean,100.0,0.2695655380518962,4,50
3,4,1,null_local_svd,0.1,0.32097386537317174,4,50
3,4,1,null_local_svd,1.0,0.28434967787910304,4,50
3,4,1,null_local_svd,10.0,0.24636858389820787,4,50
3,4,1,null_local_svd,100.0,0.2613293194988399,4,50
3,4,2,structural_median,0.1,0.4122296676863186,4,50
3,4,2,structural_median,1.0,0.39089166680796916,4,50
3,4,2,structural_median,10.0,0.3480542742181456,4,50
3,4,2,structural_median,100.0,0.35509741666744477,4,50
3,4,2,descriptor_local_svd,0.1,0.2989918852473298,4,50
3,4,2,descriptor_local_svd,1.0,0.2855499726202317,4,50
3,4,2,descriptor_local_svd,10.0,0.27997370434278374,4,50
3,4,2,descriptor_local_svd,100.0,0.3169081129196861,4,50
3,4,2,degree_preserving_null,0.1,0.5257097712254187,4,50
3,4,2,degree_preserving_null,1.0,0.5073168515490886,4,50
3,4,2,degree_preserving_null,10.0,0.43815818141096796,4,50
3,4,2,degree_preserving_null,100.0,0.407691026267876,4,50
3,4,2,family_median,0.1,0.5689842624672896,4,50
3,4,2,family_median,1.0,0.5684642483443694,4,50
3,4,2,family_median,10.0,0.564796554541932,4,50
3,4,2,family_median,100.0,0.5725225172410751,4,50
3,4,2,all_visible_ridge,0.1,0.8554497161176893,4,50
3,4,2,all_visible_ridge,1.0,0.4673272097672065,4,50
3,4,2,all_visible_ridge,10.0,0.28163524653899696,4,50
3,4,2,all_visible_ridge,100.0,0.2477337595847642,4,50
3,4,2,pca_matched_dimension,0.1,0.27015563825487765,4,50
3,4,2,pca_matched_dimension,1.0,0.2698040515810887,4,50
3,4,2,pca_matched_dimension,10.0,0.2675477215652062,4,50
3,4,2,pca_matched_dimension,100.0,0.30972604640172885,4,50
3,4,2,descriptor_mean,0.1,0.32553681442337723,4,50
3,4,2,descriptor_mean,1.0,0.30884181215568257,4,50
3,4,2,descriptor_mean,10.0,0.3007274258708048,4,50
3,4,2,descriptor_mean,100.0,0.33360506775423404,4,50
3,4,2,null_mean,0.1,0.36796228774249196,4,50
3,4,2,null_mean,1.0,0.3393018848357284,4,50
3,4,2,null_mean,10.0,0.30931262608828297,4,50
3,4,2,null_mean,100.0,0.34166254373654803,4,50
3,4,2,null_local_svd,0.1,0.34154758100513544,4,50
3,4,2,null_local_svd,1.0,0.3136058835250822,4,50
3,4,2,null_local_svd,10.0,0.29119376504081296,4,50
3,4,2,null_local_svd,100.0,0.33552915137898137,4,50
4,0,0,structural_median,0.1,0.3867667915356119,4,47
4,0,0,structural_median,1.0,0.36354030579095087,4,47
4,0,0,structural_median,10.0,0.3098956082376604,4,47
4,0,0,structural_median,100.0,0.3068052212127468,4,47
4,0,0,descriptor_local_svd,0.1,0.2719466062995177,4,47
4,0,0,descriptor_local_svd,1.0,0.2596365277048369,4,47
4,0,0,descriptor_local_svd,10.0,0.2565268996714442,4,47
4,0,0,descriptor_local_svd,100.0,0.2912105991898042,4,47
4,0,0,degree_preserving_null,0.1,0.5150629311614061,4,47
4,0,0,degree_preserving_null,1.0,0.49710035569426536,4,47
4,0,0,degree_preserving_null,10.0,0.4219012553909358,4,47
4,0,0,degree_preserving_null,100.0,0.37281820858639314,4,47
4,0,0,family_median,0.1,0.5065753039596881,4,47
4,0,0,family_median,1.0,0.5055764542153872,4,47
4,0,0,family_median,10.0,0.4983329355636683,4,47
4,0,0,family_median,100.0,0.4991300347508252,4,47
4,0,0,all_visible_ridge,0.1,0.7716145815269133,4,47
4,0,0,all_visible_ridge,1.0,0.4264501103774553,4,47
4,0,0,all_visible_ridge,10.0,0.25092883908847474,4,47
4,0,0,all_visible_ridge,100.0,0.21948693306112846,4,47
4,0,0,pca_matched_dimension,0.1,0.2444951362029561,4,47
4,0,0,pca_matched_dimension,1.0,0.24421542319678097,4,47
4,0,0,pca_matched_dimension,10.0,0.24237193580736038,4,47
4,0,0,pca_matched_dimension,100.0,0.27307099770377585,4,47
4,0,0,descriptor_mean,0.1,0.28566997502073593,4,47
4,0,0,descriptor_mean,1.0,0.2760097222505459,4,47
4,0,0,descriptor_mean,10.0,0.26409991487299866,4,47
4,0,0,descriptor_mean,100.0,0.29047326762451076,4,47
4,0,0,null_mean,0.1,0.32623886675553626,4,47
4,0,0,null_mean,1.0,0.3012764180680646,4,47
4,0,0,null_mean,10.0,0.268158585702306,4,47
4,0,0,null_mean,100.0,0.2992137801115039,4,47
4,0,0,null_local_svd,0.1,0.3405690601948779,4,47
4,0,0,null_local_svd,1.0,0.3011847667276986,4,47
4,0,0,null_local_svd,10.0,0.269817137594918,4,47
4,0,0,null_local_svd,100.0,0.3030358906048732,4,47
4,0,1,structural_median,0.1,5.46554440022201,4,47
4,0,1,structural_median,1.0,5.243554684170706,4,47
4,0,1,structural_median,10.0,5.07974631142399,4,47
4,0,1,structural_median,100.0,7.184333669328303,4,47
4,0,1,descriptor_local_svd,0.1,3.405041229713485,4,47
4,0,1,descriptor_local_svd,1.0,3.0541903513370183,4,47
4,0,1,descriptor_local_svd,10.0,2.928298415326158,4,47
4,0,1,descriptor_local_svd,100.0,3.7390010258567643,4,47
4,0,1,degree_preserving_null,0.1,15.077593157976699,4,47
4,0,1,degree_preserving_null,1.0,15.06170370735834,4,47
4,0,1,degree_preserving_null,10.0,15.051985495364153,4,47
4,0,1,degree_preserving_null,100.0,15.231397017498782,4,47
4,0,1,family_median,0.1,15.539470274048549,4,47
4,0,1,family_median,1.0,15.540058412045124,4,47
4,0,1,family_median,10.0,15.547960500223779,4,47
4,0,1,family_median,100.0,15.655226427521454,4,47
4,0,1,all_visible_ridge,0.1,7.882318072481979,4,47
4,0,1,all_visible_ridge,1.0,4.601535542851422,4,47
4,0,1,all_visible_ridge,10.0,3.029095159340468,4,47
4,0,1,all_visible_ridge,100.0,2.6655350654505394,4,47
4,0,1,pca_matched_dimension,0.1,2.9051575350899688,4,47
4,0,1,pca_matched_dimension,1.0,2.8945035396164025,4,47
4,0,1,pca_matched_dimension,10.0,2.815296037065299,4,47
4,0,1,pca_matched_dimension,100.0,3.454015552175515,4,47
4,0,1,descriptor_mean,0.1,3.307466549210107,4,47
4,0,1,descriptor_mean,1.0,3.3273538040278607,4,47
4,0,1,descriptor_mean,10.0,3.4802249242484224,4,47
4,0,1,descriptor_mean,100.0,5.44581763850427,4,47
4,0,1,null_mean,0.1,4.2496576134804975,4,47
4,0,1,null_mean,1.0,3.9834471820508193,4,47
4,0,1,null_mean,10.0,3.9548674624549376,4,47
4,0,1,null_mean,100.0,7.101548065248872,4,47
4,0,1,null_local_svd,0.1,3.928005685298717,4,47
4,0,1,null_local_svd,1.0,4.347549767090196,4,47
4,0,1,null_local_svd,10.0,7.366487111870955,4,47
4,0,1,null_local_svd,100.0,11.910845982272269,4,47
4,0,2,structural_median,0.1,0.7487114904728815,4,47
4,0,2,structural_median,1.0,0.7116433048939881,4,47
4,0,2,structural_median,10.0,0.623503767885494,4,47
4,0,2,structural_median,100.0,0.7537716019104621,4,47
4,0,2,descriptor_local_svd,0.1,0.5438153069856841,4,47
4,0,2,descriptor_local_svd,1.0,0.5305370132586835,4,47
4,0,2,descriptor_local_svd,10.0,0.5231267550145668,4,47
4,0,2,descriptor_local_svd,100.0,0.6462386558224116,4,47
4,0,2,degree_preserving_null,0.1,1.6533396237819247,4,47
4,0,2,degree_preserving_null,1.0,1.6245064353618601,4,47
4,0,2,degree_preserving_null,10.0,1.533356378800419,4,47
4,0,2,degree_preserving_null,100.0,1.5652960099166862,4,47
4,0,2,family_median,0.1,2.068112947162104,4,47
4,0,2,family_median,1.0,2.0697734318577954,4,47
4,0,2,family_median,10.0,2.0857656676102656,4,47
4,0,2,family_median,100.0,2.195726196589286,4,47
4,0,2,all_visible_ridge,0.1,1.5733108765996,4,47
4,0,2,all_visible_ridge,1.0,0.8671161173572626,4,47
4,0,2,all_visible_ridge,10.0,0.5258752916383874,4,47
4,0,2,all_visible_ridge,100.0,0.44535480767335944,4,47
4,0,2,pca_matched_dimension,0.1,0.49001981417904333,4,47
4,0,2,pca_matched_dimension,1.0,0.4882394143254205,4,47
4,0,2,pca_matched_dimension,10.0,0.4750460797937786,4,47
4,0,2,pca_matched_dimension,100.0,0.5843272192768774,4,47
4,0,2,descriptor_mean,0.1,0.5937682305811309,4,47
4,0,2,descriptor_mean,1.0,0.5499732638209406,4,47
4,0,2,descriptor_mean,10.0,0.5311204091602765,4,47
4,0,2,descriptor_mean,100.0,0.6477408834117037,4,47
4,0,2,null_mean,0.1,0.6277027611733641,4,47
4,0,2,null_mean,1.0,0.5858872850462258,4,47
4,0,2,null_mean,10.0,0.5552736128246449,4,47
4,0,2,null_mean,100.0,0.746279102768006,4,47
4,0,2,null_local_svd,0.1,0.6695431587710399,4,47
4,0,2,null_local_svd,1.0,0.5982256987638841,4,47
4,0,2,null_local_svd,10.0,0.5488854645279599,4,47
4,0,2,null_local_svd,100.0,0.6772323127365647,4,47
4,1,0,structural_median,0.1,0.3403011268432809,4,47
4,1,0,structural_median,1.0,0.3209607216759839,4,47
4,1,0,structural_median,10.0,0.27066580629160886,4,47
4,1,0,structural_median,100.0,0.2535994880883407,4,47
4,1,0,descriptor_local_svd,0.1,0.25218488613035567,4,47
4,1,0,descriptor_local_svd,1.0,0.23780960685447133,4,47
4,1,0,descriptor_local_svd,10.0,0.22782713206354163,4,47
4,1,0,descriptor_local_svd,100.0,0.23871208518538015,4,47
4,1,0,degree_preserving_null,0.1,0.4602305286876781,4,47
4,1,0,degree_preserving_null,1.0,0.4392766742640867,4,47
4,1,0,degree_preserving_null,10.0,0.3565530945021752,4,47
4,1,0,degree_preserving_null,100.0,0.294427133779029,4,47
4,1,0,family_median,0.1,0.4036580011958423,4,47
4,1,0,family_median,1.0,0.40297332652731177,4,47
4,1,0,family_median,10.0,0.39749438087989314,4,47
4,1,0,family_median,100.0,0.3892465855853261,4,47
4,1,0,all_visible_ridge,0.1,0.7192297234373513,4,47
4,1,0,all_visible_ridge,1.0,0.36235054682117673,4,47
4,1,0,all_visible_ridge,10.0,0.218102567124857,4,47
4,1,0,all_visible_ridge,100.0,0.18693277709071318,4,47
4,1,0,pca_matched_dimension,0.1,0.2161009029163139,4,47
4,1,0,pca_matched_dimension,1.0,0.2155098809586362,4,47
4,1,0,pca_matched_dimension,10.0,0.21058935363783038,4,47
4,1,0,pca_matched_dimension,100.0,0.21494830170545742,4,47
4,1,0,descriptor_mean,0.1,0.261543405764371,4,47
4,1,0,descriptor_mean,1.0,0.24960155479302193,4,47
4,1,0,descriptor_mean,10.0,0.2293580353895625,4,47
4,1,0,descriptor_mean,100.0,0.2377684507568767,4,47
4,1,0,null_mean,0.1,0.3016014715871789,4,47
4,1,0,null_mean,1.0,0.27964260929787493,4,47
4,1,0,null_mean,10.0,0.24557806719638575,4,47
4,1,0,null_mean,100.0,0.24562269607867043,4,47
4,1,0,null_local_svd,0.1,0.28622094016865296,4,47
4,1,0,null_local_svd,1.0,0.2586156009795237,4,47
4,1,0,null_local_svd,10.0,0.2313593172982339,4,47
4,1,0,null_local_svd,100.0,0.24614194099048964,4,47
4,1,1,structural_median,0.1,10.120073428163774,4,47
4,1,1,structural_median,1.0,10.042096500657408,4,47
4,1,1,structural_median,10.0,9.822192754141554,4,47
4,1,1,structural_median,100.0,10.898008693157461,4,47
4,1,1,descriptor_local_svd,0.1,7.658624836506294,4,47
4,1,1,descriptor_local_svd,1.0,7.636020402091699,4,47
4,1,1,descriptor_local_svd,10.0,7.6278625997049785,4,47
4,1,1,descriptor_local_svd,100.0,8.916593485111111,4,47
4,1,1,degree_preserving_null,0.1,18.070412099248205,4,47
4,1,1,degree_preserving_null,1.0,18.026971216911903,4,47
4,1,1,degree_preserving_null,10.0,17.89549086655533,4,47
4,1,1,degree_preserving_null,100.0,18.0116746163043,4,47
4,1,1,family_median,0.1,18.600514934183323,4,47
4,1,1,family_median,1.0,18.603875693132906,4,47
4,1,1,family_median,10.0,18.637158608570818,4,47
4,1,1,family_median,100.0,18.858650500176328,4,47
4,1,1,all_visible_ridge,0.1,19.66550496443586,4,47
4,1,1,all_visible_ridge,1.0,11.01483997811591,4,47
4,1,1,all_visible_ridge,10.0,6.836172983926465,4,47
4,1,1,all_visible_ridge,100.0,6.714198338926194,4,47
4,1,1,pca_matched_dimension,0.1,7.020723904985982,4,47
4,1,1,pca_matched_dimension,1.0,7.015634786623642,4,47
4,1,1,pca_matched_dimension,10.0,6.986755734160156,4,47
4,1,1,pca_matched_dimension,100.0,7.820384957712872,4,47
4,1,1,descriptor_mean,0.1,8.618028597604903,4,47
4,1,1,descriptor_mean,1.0,8.403991989271134,4,47
4,1,1,descriptor_mean,10.0,8.278432506513601,4,47
4,1,1,descriptor_mean,100.0,10.08792132159326,4,47
4,1,1,null_mean,0.1,8.072850706995249,4,47
4,1,1,null_mean,1.0,8.095289333017625,4,47
4,1,1,null_mean,10.0,8.318528546582947,4,47
4,1,1,null_mean,100.0,10.83325430781684,4,47
4,1,1,null_local_svd,0.1,10.338659364078396,4,47
4,1,1,null_local_svd,1.0,10.743323317697117,4,47
4,1,1,null_local_svd,10.0,12.45135444569818,4,47
4,1,1,null_local_svd,100.0,15.306473913974182,4,47
4,1,2,structural_median,0.1,0.4545360076570295,4,47
4,1,2,structural_median,1.0,0.4297531862884446,4,47
4,1,2,structural_median,10.0,0.37672454930376215,4,47
4,1,2,structural_median,100.0,0.38084023935725575,4,47
4,1,2,descriptor_local_svd,0.1,0.35111005072946827,4,47
4,1,2,descriptor_local_svd,1.0,0.3366974859353429,4,47
4,1,2,descriptor_local_svd,10.0,0.32918990678101206,4,47
4,1,2,descriptor_local_svd,100.0,0.3597337206640345,4,47
4,1,2,degree_preserving_null,0.1,0.6292459307655882,4,47
4,1,2,degree_preserving_null,1.0,0.6097528387537793,4,47
4,1,2,degree_preserving_null,10.0,0.526866984632626,4,47
4,1,2,degree_preserving_null,100.0,0.4737784400310217,4,47
4,1,2,family_median,0.1,0.6439264816141252,4,47
4,1,2,family_median,1.0,0.6424572777740526,4,47
4,1,2,family_median,10.0,0.6315621482824685,4,47
4,1,2,family_median,100.0,0.6240598607259753,4,47
4,1,2,all_visible_ridge,0.1,0.8487444058616799,4,47
4,1,2,all_visible_ridge,1.0,0.48103827605482335,4,47
4,1,2,all_visible_ridge,10.0,0.290019889186734,4,47
4,1,2,all_visible_ridge,100.0,0.2601535534206496,4,47
4,1,2,pca_matched_dimension,0.1,0.2827349865851555,4,47
4,1,2,pca_matched_dimension,1.0,0.2824313723998825,4,47
4,1,2,pca_matched_dimension,10.0,0.28049369506555744,4,47
4,1,2,pca_matched_dimension,100.0,0.3175534924853881,4,47
4,1,2,descriptor_mean,0.1,0.33704557831567594,4,47
4,1,2,descriptor_mean,1.0,0.33093544136784475,4,47
4,1,2,descriptor_mean,10.0,0.3240506028731371,4,47
4,1,2,descriptor_mean,100.0,0.35589621398563814,4,47
4,1,2,null_mean,0.1,0.40452237009216196,4,47
4,1,2,null_mean,1.0,0.3727392388234704,4,47
4,1,2,null_mean,10.0,0.332741685154174,4,47
4,1,2,null_mean,100.0,0.3758044752869708,4,47
4,1,2,null_local_svd,0.1,0.38428765114328695,4,47
4,1,2,null_local_svd,1.0,0.3474095837210021,4,47
4,1,2,null_local_svd,10.0,0.3151616289107327,4,47
4,1,2,null_local_svd,100.0,0.37262698169180397,4,47
4,2,0,structural_median,0.1,0.6718545426016382,4,47
4,2,0,structural_median,1.0,0.6501576360893679,4,47
4,2,0,structural_median,10.0,0.5968986208371818,4,47
4,2,0,structural_median,100.0,0.5936579142848235,4,47
4,2,0,descriptor_local_svd,0.1,0.5602358074605294,4,47
4,2,0,descriptor_local_svd,1.0,0.5432001203249622,4,47
4,2,0,descriptor_local_svd,10.0,0.5182875316880515,4,47
4,2,0,descriptor_local_svd,100.0,0.5575032603776098,4,47
4,2,0,degree_preserving_null,0.1,0.7598849009529709,4,47
4,2,0,degree_preserving_null,1.0,0.7448104264069926,4,47
4,2,0,degree_preserving_null,10.0,0.6890119188844208,4,47
4,2,0,degree_preserving_null,100.0,0.6824936338191281,4,47
4,2,0,family_median,0.1,0.8350850450164429,4,47
4,2,0,family_median,1.0,0.8345932963373244,4,47
4,2,0,family_median,10.0,0.8311736166421042,4,47
4,2,0,family_median,100.0,0.83848397674092,4,47
4,2,0,all_visible_ridge,0.1,1.1412503171808606,4,47
4,2,0,all_visible_ridge,1.0,0.7111120900056052,4,47
4,2,0,all_visible_ridge,10.0,0.4838635341885916,4,47
4,2,0,all_visible_ridge,100.0,0.442022871612193,4,47
4,2,0,pca_matched_dimension,0.1,0.4585729633025003,4,47
4,2,0,pca_matched_dimension,1.0,0.4583042186866265,4,47
4,2,0,pca_matched_dimension,10.0,0.45672588712033435,4,47
4,2,0,pca_matched_dimension,100.0,0.49760280918996846,4,47
4,2,0,descriptor_mean,0.1,0.5487074373193853,4,47
4,2,0,descriptor_mean,1.0,0.5354512942713882,4,47
4,2,0,descriptor_mean,10.0,0.520334143273812,4,47
4,2,0,descriptor_mean,100.0,0.5500735330820825,4,47
4,2,0,null_mean,0.1,0.5905242037233323,4,47
4,2,0,null_mean,1.0,0.5606688650156015,4,47
4,2,0,null_mean,10.0,0.5269798833360617,4,47
4,2,0,null_mean,100.0,0.5842660747574839,4,47
4,2,0,null_local_svd,0.1,0.552590938990866,4,47
4,2,0,null_local_svd,1.0,0.5182136566744808,4,47
4,2,0,null_local_svd,10.0,0.5056193276333414,4,47
4,2,0,null_local_svd,100.0,0.5764080031455244,4,47
4,2,1,structural_median,0.1,0.8282675748122702,4,47
4,2,1,structural_median,1.0,0.7763451368938292,4,47
4,2,1,structural_median,10.0,0.6446818326458793,4,47
4,2,1,structural_median,100.0,0.6498976929075966,4,47
4,2,1,descriptor_local_svd,0.1,0.686967262169377,4,47
4,2,1,descriptor_local_svd,1.0,0.6049618717073815,4,47
4,2,1,descriptor_local_svd,10.0,0.533366247589218,4,47
4,2,1,descriptor_local_svd,100.0,0.5527847116948119,4,47
4,2,1,degree_preserving_null,0.1,1.368150167489921,4,47
4,2,1,degree_preserving_null,1.0,1.3285431207164533,4,47
4,2,1,degree_preserving_null,10.0,1.1933462059319184,4,47
4,2,1,degree_preserving_null,100.0,1.1770589233275666,4,47
4,2,1,family_median,0.1,1.5491668537303578,4,47
4,2,1,family_median,1.0,1.5505454885990488,4,47
4,2,1,family_median,10.0,1.5651063782805394,4,47
4,2,1,family_median,100.0,1.6764434014001135,4,47
4,2,1,all_visible_ridge,0.1,1.9007403989497826,4,47
4,2,1,all_visible_ridge,1.0,1.0821219261583037,4,47
4,2,1,all_visible_ridge,10.0,0.6426546414042167,4,47
4,2,1,all_visible_ridge,100.0,0.45610616676403737,4,47
4,2,1,pca_matched_dimension,0.1,0.5694460185787159,4,47
4,2,1,pca_matched_dimension,1.0,0.5662079351472079,4,47
4,2,1,pca_matched_dimension,10.0,0.538724411841291,4,47
4,2,1,pca_matched_dimension,100.0,0.5316242249880999,4,47
4,2,1,descriptor_mean,0.1,0.7851844357731591,4,47
4,2,1,descriptor_mean,1.0,0.645480250612442,4,47
4,2,1,descriptor_mean,10.0,0.5584622553590957,4,47
4,2,1,descriptor_mean,100.0,0.5658762538657252,4,47
4,2,1,null_mean,0.1,0.8393018049371752,4,47
4,2,1,null_mean,1.0,0.7655177171567784,4,47
4,2,1,null_mean,10.0,0.6118633530052073,4,47
4,2,1,null_mean,100.0,0.5956010862623605,4,47
4,2,1,null_local_svd,0.1,0.8905661889394298,4,47
4,2,1,null_local_svd,1.0,0.7987090490441431,4,47
4,2,1,null_local_svd,10.0,0.6549712765399249,4,47
4,2,1,null_local_svd,100.0,0.5628274918131215,4,47
4,2,2,structural_median,0.1,0.4329897096840333,4,47
4,2,2,structural_median,1.0,0.40407613138138754,4,47
4,2,2,structural_median,10.0,0.33791700594835294,4,47
4,2,2,structural_median,100.0,0.3176325073892429,4,47
4,2,2,descriptor_local_svd,0.1,0.33115867646672115,4,47
4,2,2,descriptor_local_svd,1.0,0.3129976850524046,4,47
4,2,2,descriptor_local_svd,10.0,0.29297735008488673,4,47
4,2,2,descriptor_local_svd,100.0,0.3031615417948178,4,47
4,2,2,degree_preserving_null,0.1,0.5499171178689066,4,47
4,2,2,degree_preserving_null,1.0,0.5248169383804252,4,47
4,2,2,degree_preserving_null,10.0,0.432289890026026,4,47
4,2,2,degree_preserving_null,100.0,0.3768737472597993,4,47
4,2,2,family_median,0.1,0.5019986145214039,4,47
4,2,2,family_median,1.0,0.5011626934115021,4,47
4,2,2,family_median,10.0,0.4952106836788528,4,47
4,2,2,family_median,100.0,0.49995070839776334,4,47
4,2,2,all_visible_ridge,0.1,0.8777069136441727,4,47
4,2,2,all_visible_ridge,1.0,0.48403174002120963,4,47
4,2,2,all_visible_ridge,10.0,0.2896396129900601,4,47
4,2,2,all_visible_ridge,100.0,0.23510051051549657,4,47
4,2,2,pca_matched_dimension,0.1,0.26666259549426735,4,47
4,2,2,pca_matched_dimension,1.0,0.26612836874214385,4,47
4,2,2,pca_matched_dimension,10.0,0.2619089107911619,4,47
4,2,2,pca_matched_dimension,100.0,0.2793171197260833,4,47
4,2,2,descriptor_mean,0.1,0.3280252132221692,4,47
4,2,2,descriptor_mean,1.0,0.3173209560004207,4,47
4,2,2,descriptor_mean,10.0,0.29562458558510224,4,47
4,2,2,descriptor_mean,100.0,0.30096544982878953,4,47
4,2,2,null_mean,0.1,0.39051726974058687,4,47
4,2,2,null_mean,1.0,0.3551182914553672,4,47
4,2,2,null_mean,10.0,0.3101805151681342,4,47
4,2,2,null_mean,100.0,0.32390632442112993,4,47
4,2,2,null_local_svd,0.1,0.3710871376333161,4,47
4,2,2,null_local_svd,1.0,0.33702292079733787,4,47
4,2,2,null_local_svd,10.0,0.3012344141703138,4,47
4,2,2,null_local_svd,100.0,0.32033552549239297,4,47
4,3,0,structural_median,0.1,0.3945974821747687,4,47
4,3,0,structural_median,1.0,0.3706257972504054,4,47
4,3,0,structural_median,10.0,0.32183267786812964,4,47
4,3,0,structural_median,100.0,0.3282765874629987,4,47
4,3,0,descriptor_local_svd,0.1,0.2843208863908133,4,47
4,3,0,descriptor_local_svd,1.0,0.273515037594975,4,47
4,3,0,descriptor_local_svd,10.0,0.2697740132797657,4,47
4,3,0,descriptor_local_svd,100.0,0.3060158099419958,4,47
4,3,0,degree_preserving_null,0.1,0.5393068807645034,4,47
4,3,0,degree_preserving_null,1.0,0.520669206919159,4,47
4,3,0,degree_preserving_null,10.0,0.4446117133827024,4,47
4,3,0,degree_preserving_null,100.0,0.4008151836330345,4,47
4,3,0,family_median,0.1,0.5282471739926408,4,47
4,3,0,family_median,1.0,0.5272806193095343,4,47
4,3,0,family_median,10.0,0.5199007310410304,4,47
4,3,0,family_median,100.0,0.5130710960696232,4,47
4,3,0,all_visible_ridge,0.1,0.8043071459172666,4,47
4,3,0,all_visible_ridge,1.0,0.4567979434699776,4,47
4,3,0,all_visible_ridge,10.0,0.2717502538355045,4,47
4,3,0,all_visible_ridge,100.0,0.22538235312253085,4,47
4,3,0,pca_matched_dimension,0.1,0.2603721758868065,4,47
4,3,0,pca_matched_dimension,1.0,0.25985875579477447,4,47
4,3,0,pca_matched_dimension,10.0,0.2558331046386185,4,47
4,3,0,pca_matched_dimension,100.0,0.27430245565490324,4,47
4,3,0,descriptor_mean,0.1,0.2894161821633373,4,47
4,3,0,descriptor_mean,1.0,0.279329546789868,4,47
4,3,0,descriptor_mean,10.0,0.26955524764523286,4,47
4,3,0,descriptor_mean,100.0,0.2997771118470335,4,47
4,3,0,null_mean,0.1,0.35360137347335047,4,47
4,3,0,null_mean,1.0,0.3272054418621101,4,47
4,3,0,null_mean,10.0,0.2924202770309624,4,47
4,3,0,null_mean,100.0,0.3277781735537293,4,47
4,3,0,null_local_svd,0.1,0.33298923504338623,4,47
4,3,0,null_local_svd,1.0,0.30094400862459425,4,47
4,3,0,null_local_svd,10.0,0.2734040264589119,4,47
4,3,0,null_local_svd,100.0,0.31772967009800696,4,47
4,3,1,structural_median,0.1,9.888203535442434,4,47
4,3,1,structural_median,1.0,9.778699438287198,4,47
4,3,1,structural_median,10.0,9.321420019139259,4,47
4,3,1,structural_median,100.0,10.485558020509288,4,47
4,3,1,descriptor_local_svd,0.1,6.890628910868987,4,47
4,3,1,descriptor_local_svd,1.0,6.85876581391135,4,47
4,3,1,descriptor_local_svd,10.0,6.517730764229984,4,47
4,3,1,descriptor_local_svd,100.0,7.491458725368533,4,47
4,3,1,degree_preserving_null,0.1,17.960772031630178,4,47
4,3,1,degree_preserving_null,1.0,17.948964810772225,4,47
4,3,1,degree_preserving_null,10.0,17.93671291266344,4,47
4,3,1,degree_preserving_null,100.0,18.083655550498353,4,47
4,3,1,family_median,0.1,18.239939934127097,4,47
4,3,1,family_median,1.0,18.241512921988164,4,47
4,3,1,family_median,10.0,18.25796608496875,4,47
4,3,1,family_median,100.0,18.405455516978922,4,47
4,3,1,all_visible_ridge,0.1,12.482701460595623,4,47
4,3,1,all_visible_ridge,1.0,7.993436634524316,4,47
4,3,1,all_visible_ridge,10.0,6.019814084604469,4,47
4,3,1,all_visible_ridge,100.0,5.4435318449213055,4,47
4,3,1,pca_matched_dimension,0.1,6.780558923080741,4,47
4,3,1,pca_matched_dimension,1.0,6.753390347543351,4,47
4,3,1,pca_matched_dimension,10.0,6.520445183812827,4,47
4,3,1,pca_matched_dimension,100.0,6.32222461125246,4,47
4,3,1,descriptor_mean,0.1,7.072217046823952,4,47
4,3,1,descriptor_mean,1.0,7.026871662987839,4,47
4,3,1,descriptor_mean,10.0,7.146099136842569,4,47
4,3,1,descriptor_mean,100.0,8.653995369182697,4,47
4,3,1,null_mean,0.1,6.237640099475805,4,47
4,3,1,null_mean,1.0,6.110107664914894,4,47
4,3,1,null_mean,10.0,6.335289935868118,4,47
4,3,1,null_mean,100.0,9.242461537641583,4,47
4,3,1,null_local_svd,0.1,8.297635934280088,4,47
4,3,1,null_local_svd,1.0,8.62209484403348,4,47
4,3,1,null_local_svd,10.0,10.636010605783545,4,47
4,3,1,null_local_svd,100.0,14.618832603881737,4,47
4,3,2,structural_median,0.1,0.7191966726541631,4,47
4,3,2,structural_median,1.0,0.6780224224099636,4,47
4,3,2,structural_median,10.0,0.579735806468165,4,47
4,3,2,structural_median,100.0,0.601505593948949,4,47
4,3,2,descriptor_local_svd,0.1,0.6015436082183883,4,47
4,3,2,descriptor_local_svd,1.0,0.5421741561203188,4,47
4,3,2,descriptor_local_svd,10.0,0.5088121422586425,4,47
4,3,2,descriptor_local_svd,100.0,0.5338386104459063,4,47
4,3,2,degree_preserving_null,0.1,1.280390510207635,4,47
4,3,2,degree_preserving_null,1.0,1.2554827092692133,4,47
4,3,2,degree_preserving_null,10.0,1.159867482938468,4,47
4,3,2,degree_preserving_null,100.0,1.140767165145986,4,47
4,3,2,family_median,0.1,1.5577859502784102,4,47
4,3,2,family_median,1.0,1.5580078907017745,4,47
4,3,2,family_median,10.0,1.5621287813685751,4,47
4,3,2,family_median,100.0,1.6257833049811095,4,47
4,3,2,all_visible_ridge,0.1,1.5869757204685235,4,47
4,3,2,all_visible_ridge,1.0,0.950672807014555,4,47
4,3,2,all_visible_ridge,10.0,0.5867358164189842,4,47
4,3,2,all_visible_ridge,100.0,0.43862068572668794,4,47
4,3,2,pca_matched_dimension,0.1,0.5244294030379031,4,47
4,3,2,pca_matched_dimension,1.0,0.5221021616443584,4,47
4,3,2,pca_matched_dimension,10.0,0.5028280419018419,4,47
4,3,2,pca_matched_dimension,100.0,0.5259657378879222,4,47
4,3,2,descriptor_mean,0.1,0.6288579771282461,4,47
4,3,2,descriptor_mean,1.0,0.5645287526732983,4,47
4,3,2,descriptor_mean,10.0,0.5145782834277067,4,47
4,3,2,descriptor_mean,100.0,0.538646631944841,4,47
4,3,2,null_mean,0.1,0.7321393627695374,4,47
4,3,2,null_mean,1.0,0.6784669468426543,4,47
4,3,2,null_mean,10.0,0.5897954881949369,4,47
4,3,2,null_mean,100.0,0.6330351735783117,4,47
4,3,2,null_local_svd,0.1,0.7663893350436177,4,47
4,3,2,null_local_svd,1.0,0.6823451390339186,4,47
4,3,2,null_local_svd,10.0,0.5809801646182815,4,47
4,3,2,null_local_svd,100.0,0.5642774876505992,4,47
4,4,0,structural_median,0.1,6.820353725539688,4,47
4,4,0,structural_median,1.0,6.428647838694704,4,47
4,4,0,structural_median,10.0,5.6035370614783035,4,47
4,4,0,structural_median,100.0,6.917340629034684,4,47
4,4,0,descriptor_local_svd,0.1,3.9130126814828308,4,47
4,4,0,descriptor_local_svd,1.0,3.488323272408633,4,47
4,4,0,descriptor_local_svd,10.0,3.309745884039147,4,47
4,4,0,descriptor_local_svd,100.0,4.665747668919711,4,47
4,4,0,degree_preserving_null,0.1,14.235559149938982,4,47
4,4,0,degree_preserving_null,1.0,14.219127773321084,4,47
4,4,0,degree_preserving_null,10.0,14.187352375920439,4,47
4,4,0,degree_preserving_null,100.0,14.342620381917694,4,47
4,4,0,family_median,0.1,14.634368933211046,4,47
4,4,0,family_median,1.0,14.636316045834464,4,47
4,4,0,family_median,10.0,14.656545879739665,4,47
4,4,0,family_median,100.0,14.810833833541952,4,47
4,4,0,all_visible_ridge,0.1,8.29822175923142,4,47
4,4,0,all_visible_ridge,1.0,4.965669947863811,4,47
4,4,0,all_visible_ridge,10.0,3.226175444492603,4,47
4,4,0,all_visible_ridge,100.0,2.706499904997939,4,47
4,4,0,pca_matched_dimension,0.1,3.2074255927924833,4,47
4,4,0,pca_matched_dimension,1.0,3.187921539269469,4,47
4,4,0,pca_matched_dimension,10.0,3.0255230199934187,4,47
4,4,0,pca_matched_dimension,100.0,3.168286115892618,4,47
4,4,0,descriptor_mean,0.1,3.8795651091601018,4,47
4,4,0,descriptor_mean,1.0,3.5228719499474184,4,47
4,4,0,descriptor_mean,10.0,3.4990302481865596,4,47
4,4,0,descriptor_mean,100.0,5.487407306718946,4,47
4,4,0,null_mean,0.1,5.755463637323911,4,47
4,4,0,null_mean,1.0,4.928629609700238,4,47
4,4,0,null_mean,10.0,4.146296159875248,4,47
4,4,0,null_mean,100.0,7.111201731822938,4,47
4,4,0,null_local_svd,0.1,5.8931477717529415,4,47
4,4,0,null_local_svd,1.0,6.498382798770271,4,47
4,4,0,null_local_svd,10.0,8.426003716525598,4,47
4,4,0,null_local_svd,100.0,11.515899253172147,4,47
4,4,1,structural_median,0.1,0.4366241323954525,4,47
4,4,1,structural_median,1.0,0.4127964586218923,4,47
4,4,1,structural_median,10.0,0.34944096428260796,4,47
4,4,1,structural_median,100.0,0.328335722626676,4,47
4,4,1,descriptor_local_svd,0.1,0.2981633569232723,4,47
4,4,1,descriptor_local_svd,1.0,0.28386150297115886,4,47
4,4,1,descriptor_local_svd,10.0,0.2760916986926324,4,47
4,4,1,descriptor_local_svd,100.0,0.304010528126733,4,47
4,4,1,degree_preserving_null,0.1,0.5693072004033964,4,47
4,4,1,degree_preserving_null,1.0,0.5441500982234415,4,47
4,4,1,degree_preserving_null,10.0,0.44930571354229365,4,47
4,4,1,degree_preserving_null,100.0,0.39673414368741267,4,47
4,4,1,family_median,0.1,0.5341460438476364,4,47
4,4,1,family_median,1.0,0.5335209340213618,4,47
4,4,1,family_median,10.0,0.5293057398889511,4,47
4,4,1,family_median,100.0,0.5367412273854992,4,47
4,4,1,all_visible_ridge,0.1,0.8151271998432369,4,47
4,4,1,all_visible_ridge,1.0,0.4585210265776851,4,47
4,4,1,all_visible_ridge,10.0,0.26643946702626975,4,47
4,4,1,all_visible_ridge,100.0,0.22860823510799483,4,47
4,4,1,pca_matched_dimension,0.1,0.2610819456804413,4,47
4,4,1,pca_matched_dimension,1.0,0.260607675510467,4,47
4,4,1,pca_matched_dimension,10.0,0.25703533668388207,4,47
4,4,1,pca_matched_dimension,100.0,0.28273251021588414,4,47
4,4,1,descriptor_mean,0.1,0.3051650635983394,4,47
4,4,1,descriptor_mean,1.0,0.2977862962164338,4,47
4,4,1,descriptor_mean,10.0,0.28214287800618054,4,47
4,4,1,descriptor_mean,100.0,0.3023025444316153,4,47
4,4,1,null_mean,0.1,0.3642913793513512,4,47
4,4,1,null_mean,1.0,0.33256989510730006,4,47
4,4,1,null_mean,10.0,0.28974839237719413,4,47
4,4,1,null_mean,100.0,0.31934932981911984,4,47
4,4,1,null_local_svd,0.1,0.3455786574373424,4,47
4,4,1,null_local_svd,1.0,0.31212769177080896,4,47
4,4,1,null_local_svd,10.0,0.2811497751092139,4,47
4,4,1,null_local_svd,100.0,0.3136519120986774,4,47
4,4,2,structural_median,0.1,0.48729174229316435,4,47
4,4,2,structural_median,1.0,0.4663164680413092,4,47
4,4,2,structural_median,10.0,0.4095266263100644,4,47
4,4,2,structural_median,100.0,0.4032220114849153,4,47
4,4,2,descriptor_local_svd,0.1,0.37137506613302285,4,47
4,4,2,descriptor_local_svd,1.0,0.34994181279665204,4,47
4,4,2,descriptor_local_svd,10.0,0.3299718424498411,4,47
4,4,2,descriptor_local_svd,100.0,0.3576592743808324,4,47
4,4,2,degree_preserving_null,0.1,0.6213120023356384,4,47
4,4,2,degree_preserving_null,1.0,0.6016654467212978,4,47
4,4,2,degree_preserving_null,10.0,0.5199661402797608,4,47
4,4,2,degree_preserving_null,100.0,0.4836430278116375,4,47
4,4,2,family_median,0.1,0.6258080124812684,4,47
4,4,2,family_median,1.0,0.6253775924473943,4,47
4,4,2,family_median,10.0,0.6225345612609395,4,47
4,4,2,family_median,100.0,0.6329794905882493,4,47
4,4,2,all_visible_ridge,0.1,0.8976818509730797,4,47
4,4,2,all_visible_ridge,1.0,0.512647752843676,4,47
4,4,2,all_visible_ridge,10.0,0.32435397055347504,4,47
4,4,2,all_visible_ridge,100.0,0.28016900858396837,4,47
4,4,2,pca_matched_dimension,0.1,0.307118619123175,4,47
4,4,2,pca_matched_dimension,1.0,0.30677738519551895,4,47
4,4,2,pca_matched_dimension,10.0,0.3045469996601534,4,47
4,4,2,pca_matched_dimension,100.0,0.34309362414239286,4,47
4,4,2,descriptor_mean,0.1,0.3625683173205181,4,47
4,4,2,descriptor_mean,1.0,0.3595917894854551,4,47
4,4,2,descriptor_mean,10.0,0.34090802180945784,4,47
4,4,2,descriptor_mean,100.0,0.363925933969175,4,47
4,4,2,null_mean,0.1,0.4100957014862946,4,47
4,4,2,null_mean,1.0,0.38286238452223875,4,47
4,4,2,null_mean,10.0,0.3510725171282231,4,47
4,4,2,null_mean,100.0,0.3928552582038388,4,47
4,4,2,null_local_svd,0.1,0.3980647973733644,4,47
4,4,2,null_local_svd,1.0,0.36328328346736233,4,47
4,4,2,null_local_svd,10.0,0.33256700521380805,4,47
4,4,2,null_local_svd,100.0,0.38380994073698405,4,47
