target,model,lineage,squared_error_sum,truth_energy_sum,observations,mean_squared_error
AMP,direct_neighbor_ridge,autonomic_ganglia,26.930824128091178,38.662305357892606,32,0.8415882540028493
AMP,direct_neighbor_ridge,bone,21.085795405581507,40.56386320165723,38,0.5548893527784607
AMP,direct_neighbor_ridge,breast,37.45057134741636,38.51496032623904,98,0.38214868721853423
AMP,direct_neighbor_ridge,central_nervous_system,30.125128761986282,52.952843751440916,98,0.3073992730814927
AMP,direct_neighbor_ridge,endometrium,16.074844098384915,33.28088229173083,56,0.2870507874711592
AMP,direct_neighbor_ridge,haematopoietic_and_lymphoid_tissue,1151.3742484908719,2083.528147210272,326,3.531822848131509
AMP,direct_neighbor_ridge,kidney,21.817943103885028,25.099128973646497,46,0.47430311095402233
AMP,direct_neighbor_ridge,large_intestine,49.504757426542234,106.60262709170267,110,0.45004324933220213
AMP,direct_neighbor_ridge,liver,17.979475923088224,26.09228080500443,50,0.35958951846176446
AMP,direct_neighbor_ridge,lung,113.52211588885343,221.01175331085415,352,0.32250601104787907
AMP,direct_neighbor_ridge,oesophagus,15.025491995824936,8.500264834188513,50,0.3005098399164987
AMP,direct_neighbor_ridge,ovary,23.274147093984524,36.89714606921265,90,0.2586016343776058
AMP,direct_neighbor_ridge,pancreas,18.066893428011284,28.91547555591152,82,0.22032796863428394
AMP,direct_neighbor_ridge,skin,32.80711328959096,48.13402072116802,104,0.3154530123999131
AMP,direct_neighbor_ridge,soft_tissue,18.33723651934308,26.339490446249194,36,0.5093676810928633
AMP,direct_neighbor_ridge,stomach,28.043491578930514,42.99751915048565,74,0.3789661024179799
AMP,direct_neighbor_ridge,upper_aerodigestive_tract,13.598184823353684,25.425542301736822,60,0.2266364137225614
AMP,direct_neighbor_ridge,urinary_tract,21.186805030495368,28.369666106732684,50,0.42373610060990735
CMP,direct_neighbor_ridge,autonomic_ganglia,16.90049428485016,21.238592629932704,32,0.5281404464015675
CMP,direct_neighbor_ridge,bone,32.416373923201796,36.71405371155091,38,0.8530624716632051
CMP,direct_neighbor_ridge,breast,22.65625668414533,30.86042284622687,98,0.2311862926953605
CMP,direct_neighbor_ridge,central_nervous_system,53.46381833052564,73.26051620621128,98,0.5455491666380168
CMP,direct_neighbor_ridge,endometrium,20.08980025360199,43.96081565408872,56,0.3587464331000355
CMP,direct_neighbor_ridge,haematopoietic_and_lymphoid_tissue,1483.8369137910488,1839.5865189765327,326,4.551646974819168
CMP,direct_neighbor_ridge,kidney,38.776976494538324,33.84335697811922,46,0.842977749881268
CMP,direct_neighbor_ridge,large_intestine,84.22748974037498,117.76756573295344,110,0.7657044521852271
CMP,direct_neighbor_ridge,liver,23.769057406470715,30.560188973731307,50,0.4753811481294143
CMP,direct_neighbor_ridge,lung,187.0738177364115,204.33837393758895,352,0.5314597094784418
CMP,direct_neighbor_ridge,oesophagus,16.250350207987804,17.351043449096238,50,0.3250070041597561
CMP,direct_neighbor_ridge,ovary,32.700603417846594,39.814346384244615,90,0.3633400379760733
CMP,direct_neighbor_ridge,pancreas,23.685982298948026,37.02849202604523,82,0.2888534426700979
CMP,direct_neighbor_ridge,skin,37.74743966287146,47.28850584060537,104,0.36295615060453323
CMP,direct_neighbor_ridge,soft_tissue,27.7995045597132,36.70653271868176,36,0.7722084599920334
CMP,direct_neighbor_ridge,stomach,35.93740957822482,49.524198160616514,74,0.48564066997601113
CMP,direct_neighbor_ridge,upper_aerodigestive_tract,33.15912046103576,30.347893502680414,60,0.5526520076839294
CMP,direct_neighbor_ridge,urinary_tract,31.3446917206912,18.488380884538014,50,0.626893834413824
GMP,direct_neighbor_ridge,autonomic_ganglia,19.035627806811046,17.092799205563985,32,0.5948633689628452
GMP,direct_neighbor_ridge,bone,44.77417118763234,55.97831873052658,38,1.17826766283243
GMP,direct_neighbor_ridge,breast,50.98631228354325,48.07977710520926,98,0.5202684926892168
GMP,direct_neighbor_ridge,central_nervous_system,51.823508767285965,57.208349241802495,98,0.5288113139518976
GMP,direct_neighbor_ridge,endometrium,23.981166021512013,43.27288697300067,56,0.4282351075270002
GMP,direct_neighbor_ridge,haematopoietic_and_lymphoid_tissue,873.0107478972587,1216.8861404112283,326,2.677947079439444
GMP,direct_neighbor_ridge,kidney,27.592173105681713,21.37232268027582,46,0.5998298501235155
GMP,direct_neighbor_ridge,large_intestine,79.00725793236958,121.31802520119751,110,0.718247799385178
GMP,direct_neighbor_ridge,liver,29.65385623471294,43.392486977733675,50,0.5930771246942588
GMP,direct_neighbor_ridge,lung,181.59121424580408,240.72115569875484,352,0.5158841313801252
GMP,direct_neighbor_ridge,oesophagus,20.756945586970616,25.128955068098843,50,0.4151389117394123
GMP,direct_neighbor_ridge,ovary,34.56902749278814,46.160059766538176,90,0.38410030547542373
GMP,direct_neighbor_ridge,pancreas,31.735386477123484,55.60507350247176,82,0.3870169082576035
GMP,direct_neighbor_ridge,skin,53.864722947367234,84.83285737032926,104,0.5179300283400695
GMP,direct_neighbor_ridge,soft_tissue,18.245586724901152,33.805213836615714,36,0.5068218534694764
GMP,direct_neighbor_ridge,stomach,37.95388755361576,51.41845301812486,74,0.5128903723461589
GMP,direct_neighbor_ridge,upper_aerodigestive_tract,27.96327167738523,21.463481391668612,60,0.4660545279564205
GMP,direct_neighbor_ridge,urinary_tract,28.321257882614447,28.5659224689543,50,0.566425157652289
NAD,direct_neighbor_ridge,autonomic_ganglia,46.249683118735305,63.11028556307281,32,1.4453025974604783
NAD,direct_neighbor_ridge,bone,13.682967410208207,35.12804112273649,38,0.36007808974232125
NAD,direct_neighbor_ridge,breast,81.10588505322981,119.28477183741332,98,0.8276110719717328
NAD,direct_neighbor_ridge,central_nervous_system,147.52774975149788,167.1470983214205,98,1.5053852015458968
NAD,direct_neighbor_ridge,endometrium,16.164376762199172,29.318390877662882,56,0.2886495850392709
NAD,direct_neighbor_ridge,haematopoietic_and_lymphoid_tissue,500.6069929253067,707.4557134285053,326,1.5356042727770145
NAD,direct_neighbor_ridge,kidney,22.49437468255545,20.115359237885276,46,0.48900814527294456
NAD,direct_neighbor_ridge,large_intestine,26.132105813990048,61.85458379251278,110,0.23756459830900042
NAD,direct_neighbor_ridge,liver,23.466638965345464,30.95977205445173,50,0.46933277930690925
NAD,direct_neighbor_ridge,lung,209.34523823163738,295.44025649389823,352,0.594730790430788
NAD,direct_neighbor_ridge,oesophagus,37.626402832652346,30.70281121042122,50,0.7525280566530469
NAD,direct_neighbor_ridge,ovary,23.576320207921057,43.42659377797654,90,0.2619591134213451
NAD,direct_neighbor_ridge,pancreas,45.229505920480804,67.5029020667356,82,0.5515793404936683
NAD,direct_neighbor_ridge,skin,45.731216841722784,55.33165626777842,104,0.4397232388627191
NAD,direct_neighbor_ridge,soft_tissue,14.91010142004504,27.01477918279766,36,0.41416948389013997
NAD,direct_neighbor_ridge,stomach,36.998723590645334,54.33729477342882,74,0.49998275122493696
NAD,direct_neighbor_ridge,upper_aerodigestive_tract,20.706507922345722,20.967252642578686,60,0.3451084653724287
NAD,direct_neighbor_ridge,urinary_tract,27.157516680174474,48.45243405618742,50,0.5431503336034895
NADP,direct_neighbor_ridge,autonomic_ganglia,23.917111757815068,34.77893908684556,32,0.7474097424317209
NADP,direct_neighbor_ridge,bone,21.157915788533117,19.484173299656543,38,0.5567872575929768
NADP,direct_neighbor_ridge,breast,95.3125958357284,117.9990063816851,98,0.9725775085278409
NADP,direct_neighbor_ridge,central_nervous_system,78.65813676578261,113.20848800730701,98,0.8026340486304349
NADP,direct_neighbor_ridge,endometrium,51.487048856316065,39.34500569184417,56,0.9194115867199297
NADP,direct_neighbor_ridge,haematopoietic_and_lymphoid_tissue,346.03894394188427,353.4522219094337,326,1.061469153195964
NADP,direct_neighbor_ridge,kidney,39.897513544924266,54.33470459694155,46,0.8673372509766145
NADP,direct_neighbor_ridge,large_intestine,66.8685201819892,72.58815511411154,110,0.6078956380180837
NADP,direct_neighbor_ridge,liver,30.384972602458788,41.83556460715585,50,0.6076994520491757
NADP,direct_neighbor_ridge,lung,419.5562570270023,519.4969468124134,352,1.191921184735802
NADP,direct_neighbor_ridge,oesophagus,68.76398823362398,100.0446120521017,50,1.3752797646724795
NADP,direct_neighbor_ridge,ovary,48.356734872233694,57.76577855401612,90,0.53729705413593
NADP,direct_neighbor_ridge,pancreas,55.82665096097183,69.81904395286148,82,0.6808128165972175
NADP,direct_neighbor_ridge,skin,87.58467466816623,91.19949398148815,104,0.8421603333477522
NADP,direct_neighbor_ridge,soft_tissue,24.574673976377564,34.316976174977434,36,0.6826298326771546
NADP,direct_neighbor_ridge,stomach,48.41923257285843,72.81943642163343,74,0.6543139536872761
NADP,direct_neighbor_ridge,upper_aerodigestive_tract,26.226326146744633,30.228839209089394,60,0.43710543577907723
NADP,direct_neighbor_ridge,urinary_tract,30.924973483084745,40.11186558324279,50,0.6184994696616949
UMP,direct_neighbor_ridge,autonomic_ganglia,18.162514361551494,19.760988378641137,32,0.5675785737984842
UMP,direct_neighbor_ridge,bone,26.856043993912493,40.16199023144217,38,0.7067379998398025
UMP,direct_neighbor_ridge,breast,30.442251707631776,29.183906998294468,98,0.3106352215064467
UMP,direct_neighbor_ridge,central_nervous_system,48.910159280506704,62.75807454101035,98,0.4990832579643541
UMP,direct_neighbor_ridge,endometrium,25.70028423331916,32.766886686989864,56,0.45893364702355643
UMP,direct_neighbor_ridge,haematopoietic_and_lymphoid_tissue,1580.9427635433672,1950.6397672106914,326,4.849517679580881
UMP,direct_neighbor_ridge,kidney,27.8895831170474,25.116069342207112,46,0.6062952851532044
UMP,direct_neighbor_ridge,large_intestine,78.98490225498037,124.08565610022644,110,0.7180445659543669
UMP,direct_neighbor_ridge,liver,17.125896619170057,24.409137029823377,50,0.3425179323834011
UMP,direct_neighbor_ridge,lung,157.0686595962395,205.97249812644475,352,0.4462177829438623
UMP,direct_neighbor_ridge,oesophagus,33.007706121237746,15.665613481881948,50,0.6601541224247549
UMP,direct_neighbor_ridge,ovary,29.718374457751228,41.53131833176785,90,0.3302041606416803
UMP,direct_neighbor_ridge,pancreas,35.28198607176528,36.22642499941739,82,0.43026812282640586
UMP,direct_neighbor_ridge,skin,43.72327828301646,53.88439487638264,104,0.42041613733669675
UMP,direct_neighbor_ridge,soft_tissue,17.401475600321916,25.00767528767332,36,0.48337432223116433
UMP,direct_neighbor_ridge,stomach,41.68228727871814,60.54617987562938,74,0.56327415241511
UMP,direct_neighbor_ridge,upper_aerodigestive_tract,37.46958174935459,31.765226060507924,60,0.6244930291559098
UMP,direct_neighbor_ridge,urinary_tract,26.97950820110565,26.589514445291933,50,0.539590164022113
acetylcholine,direct_neighbor_ridge,autonomic_ganglia,18.15371971537452,19.073387560248506,32,0.5673037411054538
acetylcholine,direct_neighbor_ridge,bone,26.713747453749793,26.89945407565188,38,0.7029933540460472
acetylcholine,direct_neighbor_ridge,breast,120.90864218155366,122.1083996130125,98,1.2337616549138128
acetylcholine,direct_neighbor_ridge,central_nervous_system,115.2725104729004,117.64195315225031,98,1.1762501068663305
acetylcholine,direct_neighbor_ridge,endometrium,35.62814608076236,35.682446269029505,56,0.6362168942993279
acetylcholine,direct_neighbor_ridge,haematopoietic_and_lymphoid_tissue,336.6141617216629,331.8966324034542,326,1.0325587782873096
acetylcholine,direct_neighbor_ridge,kidney,37.03405650411247,36.69499034276428,46,0.8050881848720103
acetylcholine,direct_neighbor_ridge,large_intestine,85.10375298008329,85.32942755340547,110,0.7736704816371208
acetylcholine,direct_neighbor_ridge,liver,45.84274456224615,45.068793248579695,50,0.916854891244923
acetylcholine,direct_neighbor_ridge,lung,425.04018620991775,429.55216963647916,352,1.2075005290054481
acetylcholine,direct_neighbor_ridge,oesophagus,55.467339968180355,54.89784696968565,50,1.109346799363607
acetylcholine,direct_neighbor_ridge,ovary,71.52300342129264,71.45363582088704,90,0.7947000380143627
acetylcholine,direct_neighbor_ridge,pancreas,103.71571702355583,104.27798053160409,82,1.264825817360437
acetylcholine,direct_neighbor_ridge,skin,138.6340412346251,140.8374025694817,104,1.3330196272560106
acetylcholine,direct_neighbor_ridge,soft_tissue,37.921661564800395,38.13442612832989,36,1.053379487911122
acetylcholine,direct_neighbor_ridge,stomach,38.60813823085481,39.937480846346595,74,0.5217315977142543
acetylcholine,direct_neighbor_ridge,upper_aerodigestive_tract,52.11272504038853,51.90729662059759,60,0.8685454173398088
acetylcholine,direct_neighbor_ridge,urinary_tract,50.39436401060468,52.526881226891796,50,1.0078872802120937
aconitate,direct_neighbor_ridge,autonomic_ganglia,21.494420099139994,21.156138623980944,32,0.6717006280981248
aconitate,direct_neighbor_ridge,bone,43.36576737302755,43.02342313701088,38,1.1412044045533567
aconitate,direct_neighbor_ridge,breast,110.81734667566549,113.08395533955772,98,1.1307892517925051
aconitate,direct_neighbor_ridge,central_nervous_system,116.56484010743766,115.14224383023384,98,1.1894371439534455
aconitate,direct_neighbor_ridge,endometrium,42.76035500123121,41.46219102832633,56,0.7635777678791288
aconitate,direct_neighbor_ridge,haematopoietic_and_lymphoid_tissue,541.7443457248369,536.5867279465049,326,1.6617924715485795
aconitate,direct_neighbor_ridge,kidney,42.374246235122314,41.305337624127155,46,0.9211792659809198
aconitate,direct_neighbor_ridge,large_intestine,95.82250500816268,93.43009728592288,110,0.871113681892388
aconitate,direct_neighbor_ridge,liver,66.92738479310061,68.87001494232362,50,1.3385476958620124
aconitate,direct_neighbor_ridge,lung,298.975355541635,299.9381910107744,352,0.8493618055160085
aconitate,direct_neighbor_ridge,oesophagus,45.64150342064834,43.533068351731565,50,0.9128300684129669
aconitate,direct_neighbor_ridge,ovary,54.33459389244832,55.84033313491042,90,0.6037177099160924
aconitate,direct_neighbor_ridge,pancreas,90.1231207964565,91.00443852293584,82,1.0990624487372744
aconitate,direct_neighbor_ridge,skin,90.0994586453922,88.39221726141031,104,0.8663409485133866
aconitate,direct_neighbor_ridge,soft_tissue,50.19593855892342,49.95862375835942,36,1.3943316266367618
aconitate,direct_neighbor_ridge,stomach,97.52137861039544,97.48684521500269,74,1.3178564677080467
aconitate,direct_neighbor_ridge,upper_aerodigestive_tract,42.56066420497052,43.97616019932545,60,0.7093444034161753
aconitate,direct_neighbor_ridge,urinary_tract,36.17042055458305,35.29789691098174,50,0.7234084110916611
adenine,direct_neighbor_ridge,autonomic_ganglia,52.10714781938772,57.898961864671875,32,1.6283483693558662
adenine,direct_neighbor_ridge,bone,26.995020476443365,23.26363964132603,38,0.710395275695878
adenine,direct_neighbor_ridge,breast,87.22709967035756,104.75384453408847,98,0.8900724456158935
adenine,direct_neighbor_ridge,central_nervous_system,65.49888767753664,66.01585064902538,98,0.6683559967095576
adenine,direct_neighbor_ridge,endometrium,69.73549613837825,75.1273543127937,56,1.2452767167567544
adenine,direct_neighbor_ridge,haematopoietic_and_lymphoid_tissue,359.4019902640308,510.8526568086553,326,1.1024600928344503
adenine,direct_neighbor_ridge,kidney,37.98776890103311,39.918333750847395,46,0.825821063065937
adenine,direct_neighbor_ridge,large_intestine,115.33492575811796,138.74338152667934,110,1.0484993250737997
adenine,direct_neighbor_ridge,liver,30.847219400728253,29.227364717171906,50,0.6169443880145651
adenine,direct_neighbor_ridge,lung,218.02214609548085,203.54477033234213,352,0.6193810968621615
adenine,direct_neighbor_ridge,oesophagus,27.276378745285896,25.10309424877233,50,0.5455275749057179
adenine,direct_neighbor_ridge,ovary,113.03241808770493,133.88603317030805,90,1.2559157565300547
adenine,direct_neighbor_ridge,pancreas,130.6401944737278,141.371852071896,82,1.593173103338144
adenine,direct_neighbor_ridge,skin,89.56510666925104,90.12670542672161,104,0.8612029487427985
adenine,direct_neighbor_ridge,soft_tissue,16.98656164712015,23.806984158531446,36,0.47184893464222644
adenine,direct_neighbor_ridge,stomach,60.25179108469196,71.45062673491321,74,0.8142133930363779
adenine,direct_neighbor_ridge,upper_aerodigestive_tract,42.39929193681844,63.25817840419706,60,0.7066548656136408
adenine,direct_neighbor_ridge,urinary_tract,74.70415574437276,61.4071621131486,50,1.4940831148874552
adenosine,direct_neighbor_ridge,autonomic_ganglia,21.828648956776128,17.257740252767025,32,0.682145279899254
adenosine,direct_neighbor_ridge,bone,67.84530356635977,77.07273738524964,38,1.7854027254305205
adenosine,direct_neighbor_ridge,breast,84.34146305200012,92.2557522264633,98,0.8606271740000012
adenosine,direct_neighbor_ridge,central_nervous_system,97.119197734277,81.58307835788716,98,0.9910122217783367
adenosine,direct_neighbor_ridge,endometrium,58.498265477885916,71.42708335182857,56,1.044611883533677
adenosine,direct_neighbor_ridge,haematopoietic_and_lymphoid_tissue,282.49682847804695,255.5984441555666,326,0.8665546885829661
adenosine,direct_neighbor_ridge,kidney,31.087219805225654,35.228379622612756,46,0.6758091262005577
adenosine,direct_neighbor_ridge,large_intestine,91.15806969801604,110.7076808743577,110,0.8287097245274185
adenosine,direct_neighbor_ridge,liver,64.44986919227009,67.28172943762347,50,1.2889973838454016
adenosine,direct_neighbor_ridge,lung,284.7775695223005,310.1997667869059,352,0.8090271861428991
adenosine,direct_neighbor_ridge,oesophagus,92.05066213511557,81.49460399720425,50,1.8410132427023114
adenosine,direct_neighbor_ridge,ovary,94.08807079087725,101.26301917169239,90,1.0454230087875251
adenosine,direct_neighbor_ridge,pancreas,81.30142730285667,80.98667419279118,82,0.9914808207665448
adenosine,direct_neighbor_ridge,skin,150.96797797391224,155.13548673805846,104,1.4516151728260793
adenosine,direct_neighbor_ridge,soft_tissue,63.862624357404094,74.93928243256796,36,1.7739617877056693
adenosine,direct_neighbor_ridge,stomach,69.99289088606825,68.09198349182661,74,0.9458498768387602
adenosine,direct_neighbor_ridge,upper_aerodigestive_tract,49.746826499401166,55.17294302203916,60,0.8291137749900195
adenosine,direct_neighbor_ridge,urinary_tract,64.6597524176989,69.8052282410424,50,1.293195048353978
alanine,direct_neighbor_ridge,autonomic_ganglia,12.428925901740769,23.089499831099115,32,0.388403934429399
alanine,direct_neighbor_ridge,bone,8.658985589420338,26.64316876260873,38,0.227868041826851
alanine,direct_neighbor_ridge,breast,49.042416681372565,82.96913257169436,98,0.5004328232793119
alanine,direct_neighbor_ridge,central_nervous_system,47.2150762781004,85.53417266585544,98,0.4817864926336775
alanine,direct_neighbor_ridge,endometrium,32.53658864362743,60.952694288916106,56,0.581010511493347
alanine,direct_neighbor_ridge,haematopoietic_and_lymphoid_tissue,349.3819180045615,478.6311020838161,326,1.071723674860618
alanine,direct_neighbor_ridge,kidney,29.166117440123728,27.50621270269501,46,0.6340460313070375
alanine,direct_neighbor_ridge,large_intestine,100.34498366050683,164.88751866260512,110,0.9122271241864257
alanine,direct_neighbor_ridge,liver,33.77323588332081,64.61370015183205,50,0.6754647176664161
alanine,direct_neighbor_ridge,lung,325.7718549350048,367.49019348686073,352,0.9254882242471727
alanine,direct_neighbor_ridge,oesophagus,45.717279911542185,34.350824210010664,50,0.9143455982308437
alanine,direct_neighbor_ridge,ovary,69.26709876273105,59.84568194936855,90,0.7696344306970117
alanine,direct_neighbor_ridge,pancreas,41.032998406464706,67.82019691236589,82,0.500402419591033
alanine,direct_neighbor_ridge,skin,96.69175334539786,93.17992928231165,104,0.9297283975519025
alanine,direct_neighbor_ridge,soft_tissue,24.024359721990983,28.048289044364843,36,0.6673433256108606
alanine,direct_neighbor_ridge,stomach,40.79795526273782,78.75598937323949,74,0.5513237197667273
alanine,direct_neighbor_ridge,upper_aerodigestive_tract,35.52837646118378,51.499982911539945,60,0.5921396076863964
alanine,direct_neighbor_ridge,urinary_tract,28.50593733266355,59.589535073453646,50,0.570118746653271
arginine,direct_neighbor_ridge,autonomic_ganglia,14.240705967200117,20.419695597072042,32,0.44502206147500367
arginine,direct_neighbor_ridge,bone,11.526216404955814,15.018978515847651,38,0.30332148434094247
arginine,direct_neighbor_ridge,breast,69.01871410782277,91.17265232153031,98,0.7042725929369671
arginine,direct_neighbor_ridge,central_nervous_system,61.21092124140464,72.30166719781926,98,0.6246012371571902
arginine,direct_neighbor_ridge,endometrium,43.195250198858446,50.706444376820215,56,0.7713437535510437
arginine,direct_neighbor_ridge,haematopoietic_and_lymphoid_tissue,374.19637302630224,541.9594788407371,326,1.147841635050007
arginine,direct_neighbor_ridge,kidney,18.100289629792474,20.811170372803282,46,0.3934845571694016
arginine,direct_neighbor_ridge,large_intestine,76.54528756205757,114.48808108636429,110,0.6958662505641597
arginine,direct_neighbor_ridge,liver,45.507975811534976,61.44224906764218,50,0.9101595162306996
arginine,direct_neighbor_ridge,lung,307.6114922749906,472.86561234358965,352,0.8738962848721324
arginine,direct_neighbor_ridge,oesophagus,17.998705148743337,33.09495820589126,50,0.35997410297486676
arginine,direct_neighbor_ridge,ovary,33.019809527970715,37.63687465658164,90,0.36688677253300794
arginine,direct_neighbor_ridge,pancreas,50.37291606686211,81.09523640831478,82,0.6143038544739282
arginine,direct_neighbor_ridge,skin,44.7371877268214,60.606692441398884,104,0.43016526660405197
arginine,direct_neighbor_ridge,soft_tissue,35.92289779045555,52.9701127039788,36,0.9978582719570986
arginine,direct_neighbor_ridge,stomach,59.596146501632035,89.08630975498839,74,0.8053533311031356
arginine,direct_neighbor_ridge,upper_aerodigestive_tract,19.890952517605562,24.85650164067756,60,0.331515875293426
arginine,direct_neighbor_ridge,urinary_tract,36.465357620439164,38.72522714517315,50,0.7293071524087833
asparagine,direct_neighbor_ridge,autonomic_ganglia,15.280594592301078,15.136842708697744,32,0.4775185810094087
asparagine,direct_neighbor_ridge,bone,32.80275557242578,35.24592263555744,38,0.8632304098006784
asparagine,direct_neighbor_ridge,breast,104.21931593693404,106.65833863182871,98,1.063462407519735
asparagine,direct_neighbor_ridge,central_nervous_system,186.6180060489209,190.15045488443204,98,1.9042653678461317
asparagine,direct_neighbor_ridge,endometrium,62.69393260833459,66.2205144532516,56,1.1195345108631176
asparagine,direct_neighbor_ridge,haematopoietic_and_lymphoid_tissue,121.60614563359505,136.48890899858543,326,0.37302498660611977
asparagine,direct_neighbor_ridge,kidney,100.51251164233858,105.3108920546143,46,2.1850546009204037
asparagine,direct_neighbor_ridge,large_intestine,201.31412977534876,197.4091449972501,110,1.8301284525031705
asparagine,direct_neighbor_ridge,liver,48.64327573873541,48.39931089312142,50,0.9728655147747083
asparagine,direct_neighbor_ridge,lung,305.3583227864376,293.04642835193795,352,0.8674952351887432
asparagine,direct_neighbor_ridge,oesophagus,44.82571327707293,45.0014286127975,50,0.8965142655414585
asparagine,direct_neighbor_ridge,ovary,87.55512188541816,89.86678958336473,90,0.9728346876157573
asparagine,direct_neighbor_ridge,pancreas,97.40665399527215,87.7092614993141,82,1.1878860243325873
asparagine,direct_neighbor_ridge,skin,151.10048674562552,154.42300731796203,104,1.4528892956310147
asparagine,direct_neighbor_ridge,soft_tissue,78.30496947891264,72.70394555017299,36,2.1751380410809067
asparagine,direct_neighbor_ridge,stomach,58.339031936004105,57.007708232434375,74,0.7883652964324879
asparagine,direct_neighbor_ridge,upper_aerodigestive_tract,73.71012635209199,74.86580111669254,60,1.2285021058681997
asparagine,direct_neighbor_ridge,urinary_tract,84.16779611816808,85.48189159302245,50,1.6833559223633616
aspartate,direct_neighbor_ridge,autonomic_ganglia,18.00936544741093,17.17623144586339,32,0.5627926702315915
aspartate,direct_neighbor_ridge,bone,42.64683326961753,39.251747644867265,38,1.1222850860425666
aspartate,direct_neighbor_ridge,breast,108.68507246664203,113.42038161542135,98,1.1090313517004289
aspartate,direct_neighbor_ridge,central_nervous_system,100.19133803840545,116.59261752189498,98,1.022360592228627
aspartate,direct_neighbor_ridge,endometrium,67.80551894167478,71.93318893557321,56,1.2108128382441925
aspartate,direct_neighbor_ridge,haematopoietic_and_lymphoid_tissue,329.2479302867316,322.44830593709486,326,1.0099629763396676
aspartate,direct_neighbor_ridge,kidney,80.42903589113918,77.24007983553128,46,1.7484573019812866
aspartate,direct_neighbor_ridge,large_intestine,141.92973850430715,149.7640375511704,110,1.290270350039156
aspartate,direct_neighbor_ridge,liver,63.409060221472394,71.35457844544234,50,1.2681812044294478
aspartate,direct_neighbor_ridge,lung,259.55855675820277,270.8931344156823,352,0.7373822635176215
aspartate,direct_neighbor_ridge,oesophagus,55.261006447077,61.60674523217737,50,1.10522012894154
aspartate,direct_neighbor_ridge,ovary,106.14984620240854,104.51522264162212,90,1.1794427355823172
aspartate,direct_neighbor_ridge,pancreas,103.12169678637862,109.91492039561005,82,1.2575816681265686
aspartate,direct_neighbor_ridge,skin,87.51740422293948,87.0054556859795,104,0.8415135021436488
aspartate,direct_neighbor_ridge,soft_tissue,39.03057497173625,38.35551439488721,36,1.0841826381037847
aspartate,direct_neighbor_ridge,stomach,68.88285907372861,68.13609207594341,74,0.9308494469422786
aspartate,direct_neighbor_ridge,upper_aerodigestive_tract,56.562404798521584,52.9791338619717,60,0.9427067466420264
aspartate,direct_neighbor_ridge,urinary_tract,33.38142577490547,35.865520843360805,50,0.6676285154981094
beta-alanine,direct_neighbor_ridge,autonomic_ganglia,20.617638860949867,27.155580360579886,32,0.6443012144046834
beta-alanine,direct_neighbor_ridge,bone,23.665383443108947,39.901350947723415,38,0.6227732485028671
beta-alanine,direct_neighbor_ridge,breast,131.76978302149226,157.34294034052164,98,1.3445896226682883
beta-alanine,direct_neighbor_ridge,central_nervous_system,77.3207709037701,92.78485047386592,98,0.7889874582017357
beta-alanine,direct_neighbor_ridge,endometrium,57.54909374893104,80.84785028936237,56,1.0276623883737686
beta-alanine,direct_neighbor_ridge,haematopoietic_and_lymphoid_tissue,172.17585630516336,241.8799418377345,326,0.5281467984820962
beta-alanine,direct_neighbor_ridge,kidney,78.73290430745809,70.11406650302291,46,1.7115848762490888
beta-alanine,direct_neighbor_ridge,large_intestine,85.49694344049898,101.23111311434177,110,0.7772449403681726
beta-alanine,direct_neighbor_ridge,liver,40.6302650958682,53.13078698059365,50,0.8126053019173639
beta-alanine,direct_neighbor_ridge,lung,361.74465339510317,391.1708175901135,352,1.0276836744179068
beta-alanine,direct_neighbor_ridge,oesophagus,38.7980373770513,42.13654884543426,50,0.7759607475410261
beta-alanine,direct_neighbor_ridge,ovary,113.22607342834381,97.52528675461429,90,1.2580674825371534
beta-alanine,direct_neighbor_ridge,pancreas,60.7206094727459,81.56789169204893,82,0.740495237472511
beta-alanine,direct_neighbor_ridge,skin,63.89034383637272,72.16575926443952,104,0.6143302291958915
beta-alanine,direct_neighbor_ridge,soft_tissue,36.600347977746985,40.999904503976914,36,1.016676332715194
beta-alanine,direct_neighbor_ridge,stomach,66.70236409677943,96.56587813792835,74,0.9013832986051274
beta-alanine,direct_neighbor_ridge,upper_aerodigestive_tract,40.55269639203658,55.582242672384176,60,0.6758782732006097
beta-alanine,direct_neighbor_ridge,urinary_tract,30.530136402688925,42.63861686366154,50,0.6106027280537785
betaine,direct_neighbor_ridge,autonomic_ganglia,22.99931844424434,31.59509117749247,32,0.7187287013826357
betaine,direct_neighbor_ridge,bone,17.533607621265084,28.4677462376888,38,0.4614107268753969
betaine,direct_neighbor_ridge,breast,89.83123964695334,114.13265292053791,98,0.916645302519932
betaine,direct_neighbor_ridge,central_nervous_system,30.36119745877229,37.76813594031321,98,0.3098081373344111
betaine,direct_neighbor_ridge,endometrium,30.575794226436514,54.12303175344165,56,0.5459963254720807
betaine,direct_neighbor_ridge,haematopoietic_and_lymphoid_tissue,399.20769481727683,673.8330308332752,326,1.2245634810345916
betaine,direct_neighbor_ridge,kidney,13.125126619311581,16.74802240309998,46,0.2853288395502518
betaine,direct_neighbor_ridge,large_intestine,148.85082873299783,186.63802893901297,110,1.3531893521181622
betaine,direct_neighbor_ridge,liver,45.90894721863397,70.36456208355474,50,0.9181789443726793
betaine,direct_neighbor_ridge,lung,385.2198828264693,428.3583531784592,352,1.0943746671206513
betaine,direct_neighbor_ridge,oesophagus,14.495890826572737,24.079170951412507,50,0.2899178165314547
betaine,direct_neighbor_ridge,ovary,29.055678696004463,43.56103042823341,90,0.3228408744000496
betaine,direct_neighbor_ridge,pancreas,34.18262408421584,50.213645833492855,82,0.41686126931970535
betaine,direct_neighbor_ridge,skin,33.964051832257816,29.19898154741583,104,0.32657742146401747
betaine,direct_neighbor_ridge,soft_tissue,81.60182366210408,58.40601425182145,36,2.2667173239473355
betaine,direct_neighbor_ridge,stomach,36.897887718568924,50.425515802918476,74,0.4986201043049855
betaine,direct_neighbor_ridge,upper_aerodigestive_tract,19.561275439216466,22.11900502644344,60,0.3260212573202744
betaine,direct_neighbor_ridge,urinary_tract,18.13614028091919,22.648337748710848,50,0.36272280561838377
cAMP,direct_neighbor_ridge,autonomic_ganglia,20.4451725239581,20.296808561421255,32,0.6389116413736906
cAMP,direct_neighbor_ridge,bone,36.227201553124395,35.499520630365694,38,0.9533474092927472
cAMP,direct_neighbor_ridge,breast,136.07507602147842,136.3842477695486,98,1.388521183892637
cAMP,direct_neighbor_ridge,central_nervous_system,52.438082617737315,52.49054482073651,98,0.535082475691197
cAMP,direct_neighbor_ridge,endometrium,51.1542799352173,51.98990068687109,56,0.9134692845574518
cAMP,direct_neighbor_ridge,haematopoietic_and_lymphoid_tissue,501.34982453442444,503.88818827842647,326,1.5378828973448602
cAMP,direct_neighbor_ridge,kidney,29.498736108086003,29.41173432492039,46,0.6412768719149131
cAMP,direct_neighbor_ridge,large_intestine,108.92626917391907,109.56026330964401,110,0.9902388106719915
cAMP,direct_neighbor_ridge,liver,33.85042953145547,34.01537668704064,50,0.6770085906291093
cAMP,direct_neighbor_ridge,lung,377.4645269288782,378.1439873372851,352,1.0723424060479494
cAMP,direct_neighbor_ridge,oesophagus,28.37800076540524,28.600123350441393,50,0.5675600153081048
cAMP,direct_neighbor_ridge,ovary,81.7291107541593,83.10313884378255,90,0.90810123060177
cAMP,direct_neighbor_ridge,pancreas,52.67120492585963,53.63542182004924,82,0.642331767388532
cAMP,direct_neighbor_ridge,skin,157.7336123468973,154.94864815789347,104,1.5166693494893972
cAMP,direct_neighbor_ridge,soft_tissue,20.245174998911295,20.497205798559875,36,0.5623659721919805
cAMP,direct_neighbor_ridge,stomach,42.428655757923444,41.607558727800274,74,0.5733602129449114
cAMP,direct_neighbor_ridge,upper_aerodigestive_tract,45.50665956410679,44.760014213368116,60,0.7584443260684465
cAMP,direct_neighbor_ridge,urinary_tract,54.28966539322926,53.77486928593575,50,1.0857933078645852
carnosine,direct_neighbor_ridge,autonomic_ganglia,34.55675745861117,29.28009046008644,32,1.0798986705815992
carnosine,direct_neighbor_ridge,bone,44.078079022082,45.067295409121414,38,1.1599494479495263
carnosine,direct_neighbor_ridge,breast,103.36656660975414,101.43686525685138,98,1.0547608837730014
carnosine,direct_neighbor_ridge,central_nervous_system,76.24068555807855,60.093663702431186,98,0.7779661791640669
carnosine,direct_neighbor_ridge,endometrium,35.10058140656163,38.926289710088476,56,0.6267960965457434
carnosine,direct_neighbor_ridge,haematopoietic_and_lymphoid_tissue,1267.610366241488,1212.5700774442041,326,3.888375356568982
carnosine,direct_neighbor_ridge,kidney,20.98601087957975,16.088168500154858,46,0.45621762781695113
carnosine,direct_neighbor_ridge,large_intestine,91.64840038488799,96.96249413782826,110,0.8331672762262545
carnosine,direct_neighbor_ridge,liver,43.774871365115594,33.306569473789544,50,0.8754974273023118
carnosine,direct_neighbor_ridge,lung,311.56339616158414,310.4660676425657,352,0.8851232845499549
carnosine,direct_neighbor_ridge,oesophagus,18.336016156576918,15.566670363795744,50,0.36672032313153835
carnosine,direct_neighbor_ridge,ovary,85.36875153344695,86.3204218663058,90,0.9485416837049662
carnosine,direct_neighbor_ridge,pancreas,59.85905345806624,61.4837844490474,82,0.7299884568056859
carnosine,direct_neighbor_ridge,skin,43.952816337781734,41.70673084932338,104,0.42262323401713203
carnosine,direct_neighbor_ridge,soft_tissue,41.44404434216114,42.50881951679851,36,1.1512234539489206
carnosine,direct_neighbor_ridge,stomach,84.17449810215489,76.60817159219197,74,1.1374932175966876
carnosine,direct_neighbor_ridge,upper_aerodigestive_tract,22.832151344991573,20.952962034589223,60,0.38053585574985954
carnosine,direct_neighbor_ridge,urinary_tract,13.620195731282482,13.634684300945606,50,0.27240391462564967
choline,direct_neighbor_ridge,autonomic_ganglia,8.85422130492131,10.448102850250764,32,0.27669441577879095
choline,direct_neighbor_ridge,bone,59.491855506146436,60.06740501799859,38,1.5655751448985904
choline,direct_neighbor_ridge,breast,43.04773499642066,45.01673124809979,98,0.43926260200429246
choline,direct_neighbor_ridge,central_nervous_system,59.73601844861058,60.12067000628494,98,0.6095512086592916
choline,direct_neighbor_ridge,endometrium,111.28064110561317,104.7573908083379,56,1.9871543054573781
choline,direct_neighbor_ridge,haematopoietic_and_lymphoid_tissue,421.4442833125523,237.71073632125004,326,1.292773875191878
choline,direct_neighbor_ridge,kidney,21.099069881756495,22.546935569678475,46,0.4586754322120977
choline,direct_neighbor_ridge,large_intestine,89.75337138823114,90.55228342525487,110,0.8159397398930104
choline,direct_neighbor_ridge,liver,151.80880081775064,155.05271697967362,50,3.0361760163550127
choline,direct_neighbor_ridge,lung,383.15695134398356,388.9325131457225,352,1.0885140663181352
choline,direct_neighbor_ridge,oesophagus,31.640000891597143,31.81559706259283,50,0.6328000178319428
choline,direct_neighbor_ridge,ovary,53.6987439987327,57.3216545918251,90,0.59665271109703
choline,direct_neighbor_ridge,pancreas,124.47809278240362,121.82389196356861,82,1.5180255217366296
choline,direct_neighbor_ridge,skin,147.58963201818727,148.21403191199536,104,1.4191310770979546
choline,direct_neighbor_ridge,soft_tissue,17.431443493610228,19.250593298838595,36,0.4842067637113952
choline,direct_neighbor_ridge,stomach,102.42353503688442,104.86884102188029,74,1.3841018248227623
choline,direct_neighbor_ridge,upper_aerodigestive_tract,36.78512761023563,36.35796826674986,60,0.6130854601705937
choline,direct_neighbor_ridge,urinary_tract,108.18135292800254,107.5805291079323,50,2.163627058560051
citrate,direct_neighbor_ridge,autonomic_ganglia,28.417637024840744,37.844314516277365,32,0.8880511570262732
citrate,direct_neighbor_ridge,bone,32.50619398650164,36.352858081436864,38,0.8554261575395169
citrate,direct_neighbor_ridge,breast,110.41697157865593,121.39721528874728,98,1.1267037916189382
citrate,direct_neighbor_ridge,central_nervous_system,91.66196431927139,99.65757029022703,98,0.9353261665231775
citrate,direct_neighbor_ridge,endometrium,29.98255681480326,34.295205967414994,56,0.535402800264344
citrate,direct_neighbor_ridge,haematopoietic_and_lymphoid_tissue,651.7558533725803,752.374670654528,326,1.9992510839649702
citrate,direct_neighbor_ridge,kidney,34.86993643261076,32.565104058860776,46,0.7580420963611034
citrate,direct_neighbor_ridge,large_intestine,81.74919147264772,98.30618958866987,110,0.7431744679331611
citrate,direct_neighbor_ridge,liver,48.88915624896136,62.0004405714531,50,0.9777831249792273
citrate,direct_neighbor_ridge,lung,236.67477836733866,278.3892600719381,352,0.6723715294526666
citrate,direct_neighbor_ridge,oesophagus,23.178183664628456,29.943650891141065,50,0.46356367329256915
citrate,direct_neighbor_ridge,ovary,30.0895036586038,37.44420484303684,90,0.3343278184289311
citrate,direct_neighbor_ridge,pancreas,70.49000093184506,75.94529182738415,82,0.8596341577054276
citrate,direct_neighbor_ridge,skin,59.17116175540377,65.10853763043978,104,0.568953478417344
citrate,direct_neighbor_ridge,soft_tissue,33.10830494382913,33.72724556493904,36,0.919675137328587
citrate,direct_neighbor_ridge,stomach,69.40535661509517,81.67839892520078,74,0.9379102245283132
citrate,direct_neighbor_ridge,upper_aerodigestive_tract,26.068666527060476,35.244912783007734,60,0.4344777754510079
citrate,direct_neighbor_ridge,urinary_tract,31.64103380452388,30.45171230240248,50,0.6328206760904775
citrulline,direct_neighbor_ridge,autonomic_ganglia,23.2231499651645,26.956380435993758,32,0.7257234364113906
citrulline,direct_neighbor_ridge,bone,21.455041839378733,25.676798625150315,38,0.5646063641941772
citrulline,direct_neighbor_ridge,breast,104.91887586461733,126.85741430360807,98,1.0706007741287482
citrulline,direct_neighbor_ridge,central_nervous_system,95.08745478185881,106.20368241203039,98,0.970280150835294
citrulline,direct_neighbor_ridge,endometrium,40.513982062492325,53.15730850982486,56,0.7234639654016487
citrulline,direct_neighbor_ridge,haematopoietic_and_lymphoid_tissue,577.9243164227134,605.8818994587248,326,1.7727739767567896
citrulline,direct_neighbor_ridge,kidney,25.567477014436722,32.185545035359766,46,0.5558147177051461
citrulline,direct_neighbor_ridge,large_intestine,62.763383197918415,87.77807277964598,110,0.5705762108901674
citrulline,direct_neighbor_ridge,liver,36.45441562113043,53.66789528810695,50,0.7290883124226086
citrulline,direct_neighbor_ridge,lung,324.8095940583434,391.2164638643016,352,0.9227545285748392
citrulline,direct_neighbor_ridge,oesophagus,27.654856810280975,30.063328612878916,50,0.5530971362056195
citrulline,direct_neighbor_ridge,ovary,61.8717070590836,79.96959430092173,90,0.6874634117675955
citrulline,direct_neighbor_ridge,pancreas,48.46221835526954,64.15702662603245,82,0.5910026628691407
citrulline,direct_neighbor_ridge,skin,39.6854256383169,41.127379727288805,104,0.3815906311376625
citrulline,direct_neighbor_ridge,soft_tissue,25.655864226133488,35.00083688041383,36,0.7126628951703746
citrulline,direct_neighbor_ridge,stomach,45.87099190988154,62.21333707386258,74,0.6198782690524532
citrulline,direct_neighbor_ridge,upper_aerodigestive_tract,30.514721424071656,29.796277138760836,60,0.5085786904011943
citrulline,direct_neighbor_ridge,urinary_tract,17.473733919093238,21.785793525147866,50,0.34947467838186475
cytidine,direct_neighbor_ridge,autonomic_ganglia,90.06729703661912,88.53327134339168,32,2.8146030323943476
cytidine,direct_neighbor_ridge,bone,20.613450656534884,29.028282846054417,38,0.5424592278035496
cytidine,direct_neighbor_ridge,breast,88.46127662274807,90.69338596418714,98,0.9026660879872253
cytidine,direct_neighbor_ridge,central_nervous_system,60.10720360050843,44.540444905077486,98,0.613338812250086
cytidine,direct_neighbor_ridge,endometrium,25.51062953070347,38.782164928279066,56,0.4555469559054191
cytidine,direct_neighbor_ridge,haematopoietic_and_lymphoid_tissue,667.0469453099363,881.217395748793,326,2.0461562739568597
cytidine,direct_neighbor_ridge,kidney,20.99458450164117,23.211968488564597,46,0.45640401090524285
cytidine,direct_neighbor_ridge,large_intestine,104.0390880033257,121.45142356421029,110,0.9458098909393245
cytidine,direct_neighbor_ridge,liver,32.70466674241123,37.20430157396657,50,0.6540933348482245
cytidine,direct_neighbor_ridge,lung,249.84779306249936,257.64078784222585,352,0.7097948666548277
cytidine,direct_neighbor_ridge,oesophagus,61.44226293024266,55.40872783044671,50,1.2288452586048533
cytidine,direct_neighbor_ridge,ovary,57.40487021423903,58.20209469657201,90,0.6378318912693226
cytidine,direct_neighbor_ridge,pancreas,65.30410819893235,80.46586253743045,82,0.7963915634016141
cytidine,direct_neighbor_ridge,skin,76.51918669795182,65.56595311133827,104,0.7357614105572291
cytidine,direct_neighbor_ridge,soft_tissue,36.7029275774128,31.872118404016465,36,1.0195257660392445
cytidine,direct_neighbor_ridge,stomach,59.31644449815451,63.58885528798008,74,0.8015735742993852
cytidine,direct_neighbor_ridge,upper_aerodigestive_tract,69.92558020988228,76.06074801544645,60,1.1654263368313713
cytidine,direct_neighbor_ridge,urinary_tract,38.28023778775204,42.847087694650796,50,0.7656047557550408
dimethylglycine,direct_neighbor_ridge,autonomic_ganglia,18.134689128524712,28.37578223436372,32,0.5667090352663973
dimethylglycine,direct_neighbor_ridge,bone,10.091299164793192,24.894316933060765,38,0.26556050433666295
dimethylglycine,direct_neighbor_ridge,breast,54.2848043388195,106.47209363339256,98,0.5539265748859132
dimethylglycine,direct_neighbor_ridge,central_nervous_system,58.49959968704672,96.42997959664116,98,0.5969346906841502
dimethylglycine,direct_neighbor_ridge,endometrium,34.92934835843725,48.63914869796666,56,0.6237383635435224
dimethylglycine,direct_neighbor_ridge,haematopoietic_and_lymphoid_tissue,373.34373311216706,728.4037362840984,326,1.1452261751906965
dimethylglycine,direct_neighbor_ridge,kidney,17.36083920628124,27.307804750980637,46,0.3774095479626357
dimethylglycine,direct_neighbor_ridge,large_intestine,30.994902004122004,91.87690829833963,110,0.28177183640110914
dimethylglycine,direct_neighbor_ridge,liver,31.665863492115328,55.34401412771776,50,0.6333172698423065
dimethylglycine,direct_neighbor_ridge,lung,259.0992541429663,423.861114859025,352,0.7360774265425178
dimethylglycine,direct_neighbor_ridge,oesophagus,15.53781910929267,21.626683288182704,50,0.3107563821858534
dimethylglycine,direct_neighbor_ridge,ovary,43.74175754244646,88.57290041360964,90,0.4860195282494051
dimethylglycine,direct_neighbor_ridge,pancreas,45.92684396137377,71.27757638973233,82,0.5600834629435826
dimethylglycine,direct_neighbor_ridge,skin,35.37136325415367,37.252565808105736,104,0.3401092620591699
dimethylglycine,direct_neighbor_ridge,soft_tissue,40.31034111334107,30.163030156665126,36,1.1197316975928073
dimethylglycine,direct_neighbor_ridge,stomach,35.79710725548049,74.77451120454074,74,0.4837446926416282
dimethylglycine,direct_neighbor_ridge,upper_aerodigestive_tract,20.293323280171595,29.542757868404752,60,0.3382220546695266
dimethylglycine,direct_neighbor_ridge,urinary_tract,10.037535127973504,14.570967160635634,50,0.20075070255947008
glucuronate,direct_neighbor_ridge,autonomic_ganglia,10.456173886187965,13.656932867705866,32,0.3267554339433739
glucuronate,direct_neighbor_ridge,bone,20.842626677861354,19.65013104880602,38,0.5484901757331935
glucuronate,direct_neighbor_ridge,breast,69.91468564811586,75.64507790911131,98,0.7134151596746516
glucuronate,direct_neighbor_ridge,central_nervous_system,61.33767996144808,78.66276754841896,98,0.625894693484164
glucuronate,direct_neighbor_ridge,endometrium,29.47502090380795,40.35863248587207,56,0.5263396589965705
glucuronate,direct_neighbor_ridge,haematopoietic_and_lymphoid_tissue,967.7609041377452,1051.996142948738,326,2.968591730483881
glucuronate,direct_neighbor_ridge,kidney,22.063006958122195,27.5388384124715,46,0.4796305860461347
glucuronate,direct_neighbor_ridge,large_intestine,69.73541989739655,56.908303966053246,110,0.6339583627036051
glucuronate,direct_neighbor_ridge,liver,25.820256350844588,27.457641131343774,50,0.5164051270168918
glucuronate,direct_neighbor_ridge,lung,253.67526283631605,304.35017690493146,352,0.7206683603304433
glucuronate,direct_neighbor_ridge,oesophagus,22.260436453025704,25.134227780637175,50,0.44520872906051406
glucuronate,direct_neighbor_ridge,ovary,33.539202463723626,42.196046076360666,90,0.37265780515248476
glucuronate,direct_neighbor_ridge,pancreas,51.5679355470789,69.0082383119491,82,0.6288772627692549
glucuronate,direct_neighbor_ridge,skin,45.18470131926369,51.72102471939011,104,0.434468281915997
glucuronate,direct_neighbor_ridge,soft_tissue,14.996460089916557,21.214563453751364,36,0.4165683358310155
glucuronate,direct_neighbor_ridge,stomach,60.87308938599858,49.7714820284511,74,0.8226093160270078
glucuronate,direct_neighbor_ridge,upper_aerodigestive_tract,32.274061265513545,42.41040653035355,60,0.5379010210918924
glucuronate,direct_neighbor_ridge,urinary_tract,32.85817972428648,41.806276043042395,50,0.6571635944857296
glutamate,direct_neighbor_ridge,autonomic_ganglia,21.051042512799416,17.884780646834365,32,0.6578450785249818
glutamate,direct_neighbor_ridge,bone,25.116718676844055,30.68821572279227,38,0.6609662809695804
glutamate,direct_neighbor_ridge,breast,260.53250059522736,297.23453838673845,98,2.658494904032932
glutamate,direct_neighbor_ridge,central_nervous_system,113.2225991610408,119.91697022332326,98,1.1553326445004164
glutamate,direct_neighbor_ridge,endometrium,38.14867374350319,43.0017062007455,56,0.6812263168482712
glutamate,direct_neighbor_ridge,haematopoietic_and_lymphoid_tissue,528.5633274273766,460.64089116443927,326,1.6213599000839773
glutamate,direct_neighbor_ridge,kidney,53.74772240934367,52.754906592371604,46,1.1684287480292104
glutamate,direct_neighbor_ridge,large_intestine,134.22421724167808,145.61438134861365,110,1.220220156742528
glutamate,direct_neighbor_ridge,liver,118.45769579340029,127.76259223207654,50,2.3691539158680057
glutamate,direct_neighbor_ridge,lung,248.04858024423982,247.78253389728505,352,0.704683466602954
glutamate,direct_neighbor_ridge,oesophagus,16.956808648740054,12.578419279297668,50,0.3391361729748011
glutamate,direct_neighbor_ridge,ovary,55.450247345559156,53.766944339431284,90,0.6161138593951018
glutamate,direct_neighbor_ridge,pancreas,48.596926185395404,49.09091708197224,82,0.5926454412853098
glutamate,direct_neighbor_ridge,skin,68.052571833144,65.73260780739935,104,0.6543516522417693
glutamate,direct_neighbor_ridge,soft_tissue,21.851500245162434,18.055365260274602,36,0.6069861179211787
glutamate,direct_neighbor_ridge,stomach,91.1193555012772,78.93267848220165,74,1.2313426419091513
glutamate,direct_neighbor_ridge,upper_aerodigestive_tract,33.15358266066171,28.8585825407158,60,0.5525597110110285
glutamate,direct_neighbor_ridge,urinary_tract,42.714516785114014,43.998029857175176,50,0.8542903357022803
glutamine,direct_neighbor_ridge,autonomic_ganglia,17.062518033579117,17.73809693594835,32,0.5332036885493474
glutamine,direct_neighbor_ridge,bone,32.55299201908269,33.32546453808344,38,0.8566576847127023
glutamine,direct_neighbor_ridge,breast,53.130483754519304,60.52285620622036,98,0.5421477934134623
glutamine,direct_neighbor_ridge,central_nervous_system,89.84660560239394,98.62226834071858,98,0.9168020979836116
glutamine,direct_neighbor_ridge,endometrium,70.23188359009421,65.00195482965954,56,1.2541407783945395
glutamine,direct_neighbor_ridge,haematopoietic_and_lymphoid_tissue,324.9485278938934,432.1924754103308,326,0.9967746254413908
glutamine,direct_neighbor_ridge,kidney,51.76086076027806,47.65303485857338,46,1.1252361034843055
glutamine,direct_neighbor_ridge,large_intestine,164.71827780513735,176.81803468766097,110,1.4974388891376123
glutamine,direct_neighbor_ridge,liver,106.44489567514597,93.92670786555531,50,2.1288979135029193
glutamine,direct_neighbor_ridge,lung,268.00198418026895,276.7294330629547,352,0.7613692732394004
glutamine,direct_neighbor_ridge,oesophagus,9.357783834802648,10.215492440738693,50,0.18715567669605296
glutamine,direct_neighbor_ridge,ovary,72.01843361955568,77.76634057783211,90,0.8002048179950632
glutamine,direct_neighbor_ridge,pancreas,64.95870681316309,74.2409176577061,82,0.7921793513800377
glutamine,direct_neighbor_ridge,skin,67.36714416336469,74.32240966791385,104,0.6477610015708143
glutamine,direct_neighbor_ridge,soft_tissue,26.170564434806842,24.986487506844135,36,0.726960123189079
glutamine,direct_neighbor_ridge,stomach,89.67343647868819,106.93035309769125,74,1.2118031956579485
glutamine,direct_neighbor_ridge,upper_aerodigestive_tract,41.523156755622196,47.772038867676514,60,0.6920526125937033
glutamine,direct_neighbor_ridge,urinary_tract,64.28120671645485,73.47347019164614,50,1.2856241343290968
glycine,direct_neighbor_ridge,autonomic_ganglia,12.75241446399811,11.286199975381846,32,0.3985129519999409
glycine,direct_neighbor_ridge,bone,100.63532913625426,102.05159215932598,38,2.648298135164586
glycine,direct_neighbor_ridge,breast,50.956137633044506,53.098498274836174,98,0.5199605880922908
glycine,direct_neighbor_ridge,central_nervous_system,121.3099063643884,120.53337169894951,98,1.2378561873917184
glycine,direct_neighbor_ridge,endometrium,107.17279649472577,110.24179770181917,56,1.9137999374058174
glycine,direct_neighbor_ridge,haematopoietic_and_lymphoid_tissue,219.6759195154456,189.10407870379953,326,0.6738525138510602
glycine,direct_neighbor_ridge,kidney,65.1132818928755,65.57592730469655,46,1.4155061281059893
glycine,direct_neighbor_ridge,large_intestine,162.49705649921367,173.64667185884713,110,1.4772459681746697
glycine,direct_neighbor_ridge,liver,99.35170808922574,111.46376215693958,50,1.9870341617845149
glycine,direct_neighbor_ridge,lung,296.08496363164033,308.4408853782585,352,0.8411504648626146
glycine,direct_neighbor_ridge,oesophagus,58.73738731723117,54.35536268587594,50,1.1747477463446234
glycine,direct_neighbor_ridge,ovary,58.831612361876005,60.53763801568016,90,0.6536845817986223
glycine,direct_neighbor_ridge,pancreas,71.11561781737969,71.65572920652322,82,0.8672636319192645
glycine,direct_neighbor_ridge,skin,94.70135154455963,93.78066528001993,104,0.9105899186976887
glycine,direct_neighbor_ridge,soft_tissue,57.698120823876714,63.038504514075335,36,1.60272557844102
glycine,direct_neighbor_ridge,stomach,73.13104234848494,69.34186170075002,74,0.9882573290335802
glycine,direct_neighbor_ridge,upper_aerodigestive_tract,43.91946909689374,46.66941269749037,60,0.7319911516148957
glycine,direct_neighbor_ridge,urinary_tract,83.66560770194671,93.68840199981967,50,1.6733121540389342
guanosine,direct_neighbor_ridge,autonomic_ganglia,50.45093050007072,52.224022554678,32,1.57659157812721
guanosine,direct_neighbor_ridge,bone,53.31391399245216,55.36028218657023,38,1.4029977366434778
guanosine,direct_neighbor_ridge,breast,82.69344425547592,82.74799651134627,98,0.8438106556681216
guanosine,direct_neighbor_ridge,central_nervous_system,168.23366768320383,162.4320853463253,98,1.716670078400039
guanosine,direct_neighbor_ridge,endometrium,56.01754518678037,59.252078544237584,56,1.0003133069067922
guanosine,direct_neighbor_ridge,haematopoietic_and_lymphoid_tissue,279.8340409108203,234.51508772888812,326,0.8583866285607985
guanosine,direct_neighbor_ridge,kidney,41.84375875834657,39.79644278291816,46,0.9096469295292732
guanosine,direct_neighbor_ridge,large_intestine,129.55059140293832,131.5834855936937,110,1.1777326491176212
guanosine,direct_neighbor_ridge,liver,47.89103201204142,48.229002213484634,50,0.9578206402408285
guanosine,direct_neighbor_ridge,lung,338.79022995582335,342.7814427232185,352,0.96247224419268
guanosine,direct_neighbor_ridge,oesophagus,65.67171934443412,66.57265278362907,50,1.3134343868886824
guanosine,direct_neighbor_ridge,ovary,70.04394383389503,71.83149003798675,90,0.7782660425988337
guanosine,direct_neighbor_ridge,pancreas,55.44852357207901,56.142579083135004,82,0.6762015069765733
guanosine,direct_neighbor_ridge,skin,209.15308788403445,204.15392519996078,104,2.0110873835003313
guanosine,direct_neighbor_ridge,soft_tissue,39.06554073318647,39.51126758154456,36,1.0851539092551796
guanosine,direct_neighbor_ridge,stomach,87.87454502808376,89.16564311487066,74,1.1874938517308615
guanosine,direct_neighbor_ridge,upper_aerodigestive_tract,27.972224344768037,29.594765003075565,60,0.46620373907946727
guanosine,direct_neighbor_ridge,urinary_tract,42.9551439318843,43.698852299716684,50,0.859102878637686
histidine,direct_neighbor_ridge,autonomic_ganglia,28.18265370660483,36.403516029872485,32,0.880707928331401
histidine,direct_neighbor_ridge,bone,30.472321075122608,29.204159591233246,38,0.8019031861874371
histidine,direct_neighbor_ridge,breast,53.818718669777496,87.60094784746114,98,0.549170598671199
histidine,direct_neighbor_ridge,central_nervous_system,129.2913847618621,76.88961855745991,98,1.319299844508797
histidine,direct_neighbor_ridge,endometrium,18.40224939397989,43.33070677310896,56,0.32861159632106945
histidine,direct_neighbor_ridge,haematopoietic_and_lymphoid_tissue,565.2353947613221,919.2165462067455,326,1.7338509041758348
histidine,direct_neighbor_ridge,kidney,22.415112973640014,24.721920698936955,46,0.4872850646443481
histidine,direct_neighbor_ridge,large_intestine,113.27942899260154,168.18139783832893,110,1.029812990841832
histidine,direct_neighbor_ridge,liver,42.12415888282642,44.631682432734515,50,0.8424831776565285
histidine,direct_neighbor_ridge,lung,261.13161797680795,363.706302468809,352,0.7418511874341135
histidine,direct_neighbor_ridge,oesophagus,17.333068075401542,13.579654260943327,50,0.34666136150803084
histidine,direct_neighbor_ridge,ovary,41.52144282814904,58.96622011689066,90,0.46134936475721156
histidine,direct_neighbor_ridge,pancreas,41.56214981722535,30.329336202167784,82,0.5068554855759189
histidine,direct_neighbor_ridge,skin,42.72290051012684,67.05758267762819,104,0.4107971202896812
histidine,direct_neighbor_ridge,soft_tissue,40.962379097270855,43.45410639988698,36,1.1378438638130792
histidine,direct_neighbor_ridge,stomach,44.95328645815583,48.39933374619394,74,0.6074768440291328
histidine,direct_neighbor_ridge,upper_aerodigestive_tract,38.14161145634181,40.88891077267308,60,0.6356935242723636
histidine,direct_neighbor_ridge,urinary_tract,41.096003923604066,55.64760353374382,50,0.8219200784720813
homocysteine,direct_neighbor_ridge,autonomic_ganglia,27.945263669928504,24.141431190199697,32,0.8732894896852658
homocysteine,direct_neighbor_ridge,bone,35.60507761806697,42.33921517020665,38,0.9369757267912361
homocysteine,direct_neighbor_ridge,breast,76.77766145101644,75.65375228945449,98,0.7834455250103719
homocysteine,direct_neighbor_ridge,central_nervous_system,86.43908846043146,97.4595293647346,98,0.8820315149023619
homocysteine,direct_neighbor_ridge,endometrium,45.13897322469775,43.98250557822242,56,0.8060530932981741
homocysteine,direct_neighbor_ridge,haematopoietic_and_lymphoid_tissue,426.9716355207848,334.2170238648355,326,1.3097289433152908
homocysteine,direct_neighbor_ridge,kidney,32.06142229679278,31.243996551610078,46,0.6969874412346256
homocysteine,direct_neighbor_ridge,large_intestine,143.2791060350136,151.52377236481996,110,1.3025373275910328
homocysteine,direct_neighbor_ridge,liver,21.60262839485302,21.83486751641966,50,0.4320525678970604
homocysteine,direct_neighbor_ridge,lung,318.5487717909141,327.2979779009977,352,0.9049681016787332
homocysteine,direct_neighbor_ridge,oesophagus,36.653852490844976,42.13531524915373,50,0.7330770498168995
homocysteine,direct_neighbor_ridge,ovary,66.92563578473876,64.9615904435199,90,0.7436181753859862
homocysteine,direct_neighbor_ridge,pancreas,86.31596406853544,92.20708152929657,82,1.0526337081528712
homocysteine,direct_neighbor_ridge,skin,161.09597029044784,164.627096253268,104,1.5489997143312293
homocysteine,direct_neighbor_ridge,soft_tissue,48.42061197040185,46.73531618210813,36,1.3450169991778291
homocysteine,direct_neighbor_ridge,stomach,100.41440546315448,99.61010809945972,74,1.3569514251777632
homocysteine,direct_neighbor_ridge,upper_aerodigestive_tract,54.03286507525266,56.88555936811435,60,0.9005477512542109
homocysteine,direct_neighbor_ridge,urinary_tract,60.597568727551156,61.079555185686985,50,1.211951374551023
hypoxanthine,direct_neighbor_ridge,autonomic_ganglia,43.578490962188695,46.81003054446879,32,1.3618278425683967
hypoxanthine,direct_neighbor_ridge,bone,33.933614764344135,33.869479348858974,38,0.8929898622195825
hypoxanthine,direct_neighbor_ridge,breast,73.69524086099894,77.09299854519368,98,0.7519922536836626
hypoxanthine,direct_neighbor_ridge,central_nervous_system,118.67909573323428,127.08172437388374,98,1.2110111809513702
hypoxanthine,direct_neighbor_ridge,endometrium,51.97868788880938,52.36349605466948,56,0.9281908551573104
hypoxanthine,direct_neighbor_ridge,haematopoietic_and_lymphoid_tissue,475.00948399770766,417.30105167080467,326,1.4570843067414345
hypoxanthine,direct_neighbor_ridge,kidney,25.28869356283074,28.526105977590127,46,0.5497542078876247
hypoxanthine,direct_neighbor_ridge,large_intestine,139.09816783040003,142.94296284228122,110,1.2645287984581821
hypoxanthine,direct_neighbor_ridge,liver,42.43178526298675,42.67671707055951,50,0.848635705259735
hypoxanthine,direct_neighbor_ridge,lung,351.30804000887537,352.5966379003855,352,0.9980342045706686
hypoxanthine,direct_neighbor_ridge,oesophagus,61.37159145178477,59.54067048983085,50,1.2274318290356954
hypoxanthine,direct_neighbor_ridge,ovary,74.21792389368338,73.43105643234294,90,0.8246435988187042
hypoxanthine,direct_neighbor_ridge,pancreas,74.62226191461518,80.91707389763172,82,0.9100275843245753
hypoxanthine,direct_neighbor_ridge,skin,106.2976516833846,100.24631483545119,104,1.022092804647929
hypoxanthine,direct_neighbor_ridge,soft_tissue,33.74941774737743,32.81050730777413,36,0.9374838263160397
hypoxanthine,direct_neighbor_ridge,stomach,63.936345093462926,65.6667495576617,74,0.8640046634251747
hypoxanthine,direct_neighbor_ridge,upper_aerodigestive_tract,70.56866146907795,72.403490285959,60,1.1761443578179658
hypoxanthine,direct_neighbor_ridge,urinary_tract,29.497951432084125,30.471579780779738,50,0.5899590286416825
inosine,direct_neighbor_ridge,autonomic_ganglia,47.66648424159709,48.17505654427296,32,1.489577632549909
inosine,direct_neighbor_ridge,bone,40.835007370985906,49.903773602137015,38,1.074605457131208
inosine,direct_neighbor_ridge,breast,61.46653250563885,73.20905678065458,98,0.6272095153636618
inosine,direct_neighbor_ridge,central_nervous_system,71.48186397930243,69.28803701436968,98,0.7294067752990044
inosine,direct_neighbor_ridge,endometrium,45.932652463494215,49.14838510834445,56,0.820225936848111
inosine,direct_neighbor_ridge,haematopoietic_and_lymphoid_tissue,398.99891232697814,399.49410384819714,326,1.2239230439477857
inosine,direct_neighbor_ridge,kidney,34.71610450614531,39.272089421840775,46,0.754697924046637
inosine,direct_neighbor_ridge,large_intestine,123.67880882203788,133.03991423145715,110,1.1243528074730715
inosine,direct_neighbor_ridge,liver,35.32546516776006,40.39239609364602,50,0.7065093033552011
inosine,direct_neighbor_ridge,lung,443.1781629090992,451.96998691320056,352,1.25902887190085
inosine,direct_neighbor_ridge,oesophagus,63.28848249053458,77.99357719746178,50,1.2657696498106916
inosine,direct_neighbor_ridge,ovary,38.13196236534194,40.035441730184644,90,0.42368847072602156
inosine,direct_neighbor_ridge,pancreas,68.51366382559179,71.65119465306098,82,0.8355324856779487
inosine,direct_neighbor_ridge,skin,97.71643168778208,89.11352419642628,104,0.9395810739209816
inosine,direct_neighbor_ridge,soft_tissue,13.034963938006326,12.65907631611945,36,0.36208233161128683
inosine,direct_neighbor_ridge,stomach,96.13939322770105,101.33125665374071,74,1.2991809895635278
inosine,direct_neighbor_ridge,upper_aerodigestive_tract,23.551437434795027,30.857356127885314,60,0.3925239572465838
inosine,direct_neighbor_ridge,urinary_tract,31.468766839093128,37.047255393347726,50,0.6293753367818625
inositol,direct_neighbor_ridge,autonomic_ganglia,7.6386553713226295,7.483763308192955,32,0.23870798035383217
inositol,direct_neighbor_ridge,bone,40.969175400952224,43.85644667630355,38,1.0781361947619006
inositol,direct_neighbor_ridge,breast,102.31842175933849,111.21234535461247,98,1.0440655281565152
inositol,direct_neighbor_ridge,central_nervous_system,91.56924464942131,87.03474490100693,98,0.9343800474430746
inositol,direct_neighbor_ridge,endometrium,84.37876179263999,84.8482067518926,56,1.5067636034399998
inositol,direct_neighbor_ridge,haematopoietic_and_lymphoid_tissue,398.3324554178971,382.5069011582972,326,1.2218786976009113
inositol,direct_neighbor_ridge,kidney,29.69142891018468,29.027711909642196,46,0.64546584587358
inositol,direct_neighbor_ridge,large_intestine,122.45742168822791,123.17458166354228,110,1.1132492880747993
inositol,direct_neighbor_ridge,liver,81.99759153258316,80.56480353963683,50,1.6399518306516632
inositol,direct_neighbor_ridge,lung,251.54777436960956,253.1611965327462,352,0.7146243590045726
inositol,direct_neighbor_ridge,oesophagus,43.47854702227441,45.941249080401185,50,0.8695709404454882
inositol,direct_neighbor_ridge,ovary,93.36446874526668,98.16941174408352,90,1.0373829860585186
inositol,direct_neighbor_ridge,pancreas,71.17925969190799,77.95253701504959,82,0.8680397523403413
inositol,direct_neighbor_ridge,skin,164.083932979345,164.66288858440592,104,1.5777301248013944
inositol,direct_neighbor_ridge,soft_tissue,37.14353698043083,36.26413045266661,36,1.0317649161230786
inositol,direct_neighbor_ridge,stomach,61.15864199793704,63.38037004942292,74,0.8264681351072573
inositol,direct_neighbor_ridge,upper_aerodigestive_tract,32.5608793109385,32.978086947938316,60,0.5426813218489751
inositol,direct_neighbor_ridge,urinary_tract,65.02434400662081,64.86964146144484,50,1.300486880132416
isocitrate,direct_neighbor_ridge,autonomic_ganglia,21.08900768353301,26.112212122513586,32,0.6590314901104065
isocitrate,direct_neighbor_ridge,bone,32.30119998028847,36.8765006239022,38,0.8500315784286441
isocitrate,direct_neighbor_ridge,breast,92.6112620410563,107.1059357149613,98,0.9450128779699624
isocitrate,direct_neighbor_ridge,central_nervous_system,80.58499784914467,97.60721837866232,98,0.8222958964198436
isocitrate,direct_neighbor_ridge,endometrium,33.272459894252634,38.09011813596171,56,0.5941510695402256
isocitrate,direct_neighbor_ridge,haematopoietic_and_lymphoid_tissue,700.2223917814965,653.1346269881255,326,2.1479214471825046
isocitrate,direct_neighbor_ridge,kidney,33.17199518699768,40.65785734604586,46,0.7211303301521234
isocitrate,direct_neighbor_ridge,large_intestine,73.9286659002822,80.59821863114456,110,0.6720787809116563
isocitrate,direct_neighbor_ridge,liver,39.675810037483025,51.237387566468755,50,0.7935162007496604
isocitrate,direct_neighbor_ridge,lung,234.63201280911352,277.58784822228347,352,0.6665682182077088
isocitrate,direct_neighbor_ridge,oesophagus,21.564792130105115,22.167268043168974,50,0.4312958426021023
isocitrate,direct_neighbor_ridge,ovary,44.245571121120484,49.030449985918324,90,0.49161745690133873
isocitrate,direct_neighbor_ridge,pancreas,78.70357718979791,83.20798166273573,82,0.9597997218268038
isocitrate,direct_neighbor_ridge,skin,74.30563870708099,72.9075606585253,104,0.7144772952603942
isocitrate,direct_neighbor_ridge,soft_tissue,48.09803103883029,51.500218200672606,36,1.3360564177452858
isocitrate,direct_neighbor_ridge,stomach,87.02465720801776,100.1333475788621,74,1.1760088811894291
isocitrate,direct_neighbor_ridge,upper_aerodigestive_tract,34.7758796576506,39.29168841839046,60,0.5795979942941767
isocitrate,direct_neighbor_ridge,urinary_tract,36.579300888633924,35.67839730664943,50,0.7315860177726785
isoleucine,direct_neighbor_ridge,autonomic_ganglia,30.33782123724282,30.103273530298768,32,0.9480569136638382
isoleucine,direct_neighbor_ridge,bone,26.309114682780805,26.286105635355987,38,0.6923451232310738
isoleucine,direct_neighbor_ridge,breast,69.88893797287727,70.10659404675569,98,0.7131524282946661
isoleucine,direct_neighbor_ridge,central_nervous_system,70.44264854894283,69.7969121067918,98,0.7188025362137023
isoleucine,direct_neighbor_ridge,endometrium,50.104802751345446,49.93271106124534,56,0.8947286205597401
isoleucine,direct_neighbor_ridge,haematopoietic_and_lymphoid_tissue,625.7906721183101,627.0534503746735,326,1.9196032887064727
isoleucine,direct_neighbor_ridge,kidney,24.641119448043277,24.783796660491113,46,0.5356765097400712
isoleucine,direct_neighbor_ridge,large_intestine,109.2889303975008,107.18019763501597,110,0.9935357308863709
isoleucine,direct_neighbor_ridge,liver,44.11534793208243,44.83748360937226,50,0.8823069586416485
isoleucine,direct_neighbor_ridge,lung,440.86285826000994,440.97871712167205,352,1.2524513018750283
isoleucine,direct_neighbor_ridge,oesophagus,13.690995279858821,14.216700057961763,50,0.27381990559717645
isoleucine,direct_neighbor_ridge,ovary,81.68994388982507,81.7097913472025,90,0.9076660432202786
isoleucine,direct_neighbor_ridge,pancreas,71.70691024161857,72.61437386196867,82,0.87447451514169
isoleucine,direct_neighbor_ridge,skin,60.62941169096909,60.61704501729017,104,0.5829751124131644
isoleucine,direct_neighbor_ridge,soft_tissue,81.149946009376,80.1976778821274,36,2.2541651669271108
isoleucine,direct_neighbor_ridge,stomach,52.63927650607282,52.76310743349265,74,0.7113415744063895
isoleucine,direct_neighbor_ridge,upper_aerodigestive_tract,53.93200305522895,54.36261584065088,60,0.8988667175871491
isoleucine,direct_neighbor_ridge,urinary_tract,85.00286508889253,85.02531124252579,50,1.7000573017778506
kynurenine,direct_neighbor_ridge,autonomic_ganglia,23.675788148720947,22.740356259298725,32,0.7398683796475296
kynurenine,direct_neighbor_ridge,bone,41.46404731645646,42.25613234320605,38,1.0911591399067488
kynurenine,direct_neighbor_ridge,breast,104.3081938119085,104.70217694063977,98,1.0643693246113113
kynurenine,direct_neighbor_ridge,central_nervous_system,166.86229711376532,167.248884508982,98,1.7026765011608707
kynurenine,direct_neighbor_ridge,endometrium,29.925072745911216,30.207128559254663,56,0.5343762990341289
kynurenine,direct_neighbor_ridge,haematopoietic_and_lymphoid_tissue,291.80479207375345,296.4622366487638,326,0.8951067241526179
kynurenine,direct_neighbor_ridge,kidney,40.45510549560164,41.110197193085696,46,0.8794588151217748
kynurenine,direct_neighbor_ridge,large_intestine,103.28546568886098,102.78531732027052,110,0.9389587789896453
kynurenine,direct_neighbor_ridge,liver,82.02385194132914,81.77139223579366,50,1.6404770388265828
kynurenine,direct_neighbor_ridge,lung,273.3410439674802,275.65942890883525,352,0.776537056725796
kynurenine,direct_neighbor_ridge,oesophagus,31.6810650619329,32.569040023802565,50,0.633621301238658
kynurenine,direct_neighbor_ridge,ovary,155.36955846676423,155.34965166877146,90,1.7263284274084916
kynurenine,direct_neighbor_ridge,pancreas,112.76156563548997,111.38148271015444,82,1.3751410443352436
kynurenine,direct_neighbor_ridge,skin,97.556024254699,97.81283329804934,104,0.9380386947567211
kynurenine,direct_neighbor_ridge,soft_tissue,18.091539618067024,16.878618193953734,36,0.5025427671685284
kynurenine,direct_neighbor_ridge,stomach,63.16517234541465,62.42373452212467,74,0.853583410073171
kynurenine,direct_neighbor_ridge,upper_aerodigestive_tract,70.19182946654337,69.85119321333907,60,1.1698638244423896
kynurenine,direct_neighbor_ridge,urinary_tract,59.54016682013199,57.965662915228656,50,1.1908033364026398
leucine,direct_neighbor_ridge,autonomic_ganglia,38.598358762747424,44.39401504380479,32,1.206198711335857
leucine,direct_neighbor_ridge,bone,35.88262230488023,35.15672894024065,38,0.9442795343389534
leucine,direct_neighbor_ridge,breast,56.82142769475897,89.6856850034243,98,0.5798104866812139
leucine,direct_neighbor_ridge,central_nervous_system,73.62426849018371,86.09427601685573,98,0.7512680458182012
leucine,direct_neighbor_ridge,endometrium,27.989869855821325,37.50388777750932,56,0.49981910456823797
leucine,direct_neighbor_ridge,haematopoietic_and_lymphoid_tissue,632.0052054586607,966.9964555400786,326,1.9386662744130696
leucine,direct_neighbor_ridge,kidney,25.641314575565005,30.302132119365695,46,0.5574198820775002
leucine,direct_neighbor_ridge,large_intestine,59.602448112150626,98.82120414047279,110,0.5418404373831875
leucine,direct_neighbor_ridge,liver,46.61857411630578,59.71711084041577,50,0.9323714823261156
leucine,direct_neighbor_ridge,lung,205.97466040293133,374.9985676648406,352,0.5851552852356003
leucine,direct_neighbor_ridge,oesophagus,15.560413373009157,15.5529595619441,50,0.31120826746018315
leucine,direct_neighbor_ridge,ovary,52.072669053300906,54.29801100995483,90,0.5785852117033434
leucine,direct_neighbor_ridge,pancreas,43.58331510640038,39.20462101543679,82,0.5315038427609802
leucine,direct_neighbor_ridge,skin,76.24780503458979,65.30123849641238,104,0.7331519714864403
leucine,direct_neighbor_ridge,soft_tissue,24.995210509629487,36.263348432508344,36,0.6943114030452635
leucine,direct_neighbor_ridge,stomach,41.966445299075545,40.167348884420285,74,0.5671141256631831
leucine,direct_neighbor_ridge,upper_aerodigestive_tract,84.69137008768418,61.991325895604824,60,1.4115228347947364
leucine,direct_neighbor_ridge,urinary_tract,51.83460260146823,50.09134759129472,50,1.0366920520293645
lysine,direct_neighbor_ridge,autonomic_ganglia,26.44462353364821,31.881697357456588,32,0.8263944854265065
lysine,direct_neighbor_ridge,bone,21.26912972648921,45.12194575709871,38,0.5597139401707687
lysine,direct_neighbor_ridge,breast,51.94888832675761,75.06701829686159,98,0.5300906972118123
lysine,direct_neighbor_ridge,central_nervous_system,56.18295693770223,92.48198715657074,98,0.5732954789561452
lysine,direct_neighbor_ridge,endometrium,21.250004812433207,40.28951730006323,56,0.379464371650593
lysine,direct_neighbor_ridge,haematopoietic_and_lymphoid_tissue,426.93661136639435,1061.410130477398,326,1.3096215072588784
lysine,direct_neighbor_ridge,kidney,18.26092481093301,42.10813851663326,46,0.39697662632463065
lysine,direct_neighbor_ridge,large_intestine,75.20896365775974,110.388950819427,110,0.6837178514341794
lysine,direct_neighbor_ridge,liver,44.04541138715943,41.525141708316376,50,0.8809082277431887
lysine,direct_neighbor_ridge,lung,219.9833167213393,290.496973593029,352,0.6249526043219866
lysine,direct_neighbor_ridge,oesophagus,22.058397104241845,18.949115345992233,50,0.4411679420848369
lysine,direct_neighbor_ridge,ovary,49.1169748314672,72.99080204691398,90,0.5457441647940801
lysine,direct_neighbor_ridge,pancreas,39.10531275155351,33.354020798557556,82,0.47689405794577455
lysine,direct_neighbor_ridge,skin,67.48265063995449,99.90670558929557,104,0.6488716407687931
lysine,direct_neighbor_ridge,soft_tissue,16.27766945094016,18.95489232072659,36,0.4521574847483378
lysine,direct_neighbor_ridge,stomach,36.38628204509072,53.430291665730365,74,0.4917065141228475
lysine,direct_neighbor_ridge,upper_aerodigestive_tract,49.669152020866534,71.59857881603938,60,0.8278192003477756
lysine,direct_neighbor_ridge,urinary_tract,29.63966234337444,46.58361596460328,50,0.5927932468674888
malate,direct_neighbor_ridge,autonomic_ganglia,17.87604245017837,19.84121264258016,32,0.5586263265680741
malate,direct_neighbor_ridge,bone,24.888684563507365,35.2913998855552,38,0.6549653832501938
malate,direct_neighbor_ridge,breast,75.8253208108016,111.75384653000741,98,0.7737277633755265
malate,direct_neighbor_ridge,central_nervous_system,112.35505300397038,151.50743371592282,98,1.1464801326935754
malate,direct_neighbor_ridge,endometrium,21.94578326088428,27.694892468244685,56,0.391888986801505
malate,direct_neighbor_ridge,haematopoietic_and_lymphoid_tissue,734.200357919473,741.3984866626931,326,2.2521483371762976
malate,direct_neighbor_ridge,kidney,16.185618303002503,21.831080252394923,46,0.35186126745657614
malate,direct_neighbor_ridge,large_intestine,58.11766340968879,82.80526041968886,110,0.5283423946335344
malate,direct_neighbor_ridge,liver,44.74377220548265,70.74039821213101,50,0.894875444109653
malate,direct_neighbor_ridge,lung,189.15808285243912,244.90712254551394,352,0.5373809171944294
malate,direct_neighbor_ridge,oesophagus,50.236940520125906,52.36317309374923,50,1.0047388104025181
malate,direct_neighbor_ridge,ovary,42.28579652853622,50.324431706736874,90,0.4698421836504024
malate,direct_neighbor_ridge,pancreas,67.89962304487241,61.86464749486163,82,0.8280441834740538
malate,direct_neighbor_ridge,skin,34.21094050426507,47.02010175430008,104,0.32895135100254874
malate,direct_neighbor_ridge,soft_tissue,27.778194110861044,26.65505158076134,36,0.7716165030794735
malate,direct_neighbor_ridge,stomach,37.637706868586726,53.52319456626257,74,0.5086176603863071
malate,direct_neighbor_ridge,upper_aerodigestive_tract,32.21307221469847,32.097003176607664,60,0.5368845369116412
malate,direct_neighbor_ridge,urinary_tract,25.670426567479893,32.36008683217915,50,0.5134085313495979
methionine,direct_neighbor_ridge,autonomic_ganglia,23.53557941115959,28.913798916867744,32,0.7354868565987371
methionine,direct_neighbor_ridge,bone,20.35175933925209,29.0827344418866,38,0.5355726141908445
methionine,direct_neighbor_ridge,breast,68.00617672145215,82.3544720281677,98,0.6939405787903281
methionine,direct_neighbor_ridge,central_nervous_system,62.82584814537066,81.32677635191394,98,0.6410800831160272
methionine,direct_neighbor_ridge,endometrium,32.18835303369083,34.98199169494261,56,0.5747920184587648
methionine,direct_neighbor_ridge,haematopoietic_and_lymphoid_tissue,441.9227264036109,850.6833644378879,326,1.35559118528715
methionine,direct_neighbor_ridge,kidney,19.921893633457792,24.871540197090734,46,0.43308464420560416
methionine,direct_neighbor_ridge,large_intestine,104.47950766221209,160.7036962504014,110,0.9498137060201098
methionine,direct_neighbor_ridge,liver,40.703859641989496,56.329269100195816,50,0.81407719283979
methionine,direct_neighbor_ridge,lung,324.3457712073299,412.6077429716564,352,0.9214368500208235
methionine,direct_neighbor_ridge,oesophagus,45.68873148189233,34.995761697852615,50,0.9137746296378466
methionine,direct_neighbor_ridge,ovary,51.93993897045749,60.302741265706544,90,0.5771104330050832
methionine,direct_neighbor_ridge,pancreas,20.537469596799845,31.76311467840428,82,0.25045694630243714
methionine,direct_neighbor_ridge,skin,43.58715089045425,52.09326254598395,104,0.4191072201005216
methionine,direct_neighbor_ridge,soft_tissue,13.86624771342531,17.00843877766209,36,0.3851735475951475
methionine,direct_neighbor_ridge,stomach,47.15189286548632,47.787916490601255,74,0.6371877414254907
methionine,direct_neighbor_ridge,upper_aerodigestive_tract,40.9735017746858,59.30356234777404,60,0.6828916962447633
methionine,direct_neighbor_ridge,urinary_tract,34.87613381033106,53.99798264426069,50,0.6975226762066212
ornithine,direct_neighbor_ridge,autonomic_ganglia,24.483895248308336,24.20233199152689,32,0.7651217265096355
ornithine,direct_neighbor_ridge,bone,21.85740758217794,23.78239036045597,38,0.5751949363731037
ornithine,direct_neighbor_ridge,breast,114.69520336508943,136.65277685340993,98,1.1703592180111166
ornithine,direct_neighbor_ridge,central_nervous_system,71.60646909717856,75.13709965446118,98,0.7306782560936588
ornithine,direct_neighbor_ridge,endometrium,29.153263853922862,37.690592756360665,56,0.5205939973914797
ornithine,direct_neighbor_ridge,haematopoietic_and_lymphoid_tissue,346.1712197676193,432.79919136147794,326,1.061874907262636
ornithine,direct_neighbor_ridge,kidney,34.68141487712854,28.887275428275192,46,0.7539438016767074
ornithine,direct_neighbor_ridge,large_intestine,94.284637527202,107.18317782538425,110,0.8571330684291091
ornithine,direct_neighbor_ridge,liver,44.75807393681565,49.40550452580338,50,0.895161478736313
ornithine,direct_neighbor_ridge,lung,323.5886223123742,387.9725214548,352,0.9192858588419721
ornithine,direct_neighbor_ridge,oesophagus,24.981386395378017,32.17885560097294,50,0.4996277279075603
ornithine,direct_neighbor_ridge,ovary,63.334665686165735,66.14263132589384,90,0.7037185076240637
ornithine,direct_neighbor_ridge,pancreas,104.4335209422144,114.45189429201847,82,1.2735795236855414
ornithine,direct_neighbor_ridge,skin,67.70611668697191,71.46057253323757,104,0.6510203527593453
ornithine,direct_neighbor_ridge,soft_tissue,38.03629874801321,49.35991946470628,36,1.0565638541114781
ornithine,direct_neighbor_ridge,stomach,67.32609229452851,81.45877637922891,74,0.909812058034169
ornithine,direct_neighbor_ridge,upper_aerodigestive_tract,57.006727627514074,36.30973854854841,60,0.9501121271252345
ornithine,direct_neighbor_ridge,urinary_tract,54.1630963503788,40.41019744274121,50,1.083261927007576
oxalate,direct_neighbor_ridge,autonomic_ganglia,64.87735767886758,65.13371588314762,32,2.027417427464612
oxalate,direct_neighbor_ridge,bone,25.48709721413368,24.235981648505714,38,0.6707130845824653
oxalate,direct_neighbor_ridge,breast,57.87974646428811,51.83671677835306,98,0.5906096577988583
oxalate,direct_neighbor_ridge,central_nervous_system,68.65927787570224,64.16699160238674,98,0.700604876282676
oxalate,direct_neighbor_ridge,endometrium,31.487694947329068,31.516249813879714,56,0.5622802669165905
oxalate,direct_neighbor_ridge,haematopoietic_and_lymphoid_tissue,1489.4558109199454,1398.1810092187347,326,4.568882855582655
oxalate,direct_neighbor_ridge,kidney,15.079971464717115,13.196191210170026,46,0.32782546662428513
oxalate,direct_neighbor_ridge,large_intestine,63.21637596257377,63.755623052996526,110,0.5746943269324888
oxalate,direct_neighbor_ridge,liver,37.16081599425257,34.17624167959782,50,0.7432163198850514
oxalate,direct_neighbor_ridge,lung,395.85486274985044,388.9351539817884,352,1.1245876782666206
oxalate,direct_neighbor_ridge,oesophagus,38.93795608243111,38.952283142046454,50,0.7787591216486222
oxalate,direct_neighbor_ridge,ovary,53.37167650942328,52.589556737849804,90,0.5930186278824809
oxalate,direct_neighbor_ridge,pancreas,66.4000395687955,67.03440783936315,82,0.8097565801072623
oxalate,direct_neighbor_ridge,skin,78.9564838520524,79.72197389214911,104,0.7591969601158884
oxalate,direct_neighbor_ridge,soft_tissue,16.92213324703237,16.50719366614892,36,0.4700592568620103
oxalate,direct_neighbor_ridge,stomach,59.81979610675708,60.546576586683464,74,0.8083756230642849
oxalate,direct_neighbor_ridge,upper_aerodigestive_tract,36.48417319644039,35.7764519754928,60,0.6080695532740065
oxalate,direct_neighbor_ridge,urinary_tract,14.893396946530798,14.286636548781939,50,0.29786793893061597
phenylalanine,direct_neighbor_ridge,autonomic_ganglia,32.4847202888588,32.883887805091,32,1.0151475090268376
phenylalanine,direct_neighbor_ridge,bone,47.34100637701732,43.353491615857514,38,1.2458159572899294
phenylalanine,direct_neighbor_ridge,breast,77.21519291770366,79.2381257718854,98,0.7879101318133026
phenylalanine,direct_neighbor_ridge,central_nervous_system,101.10343348624649,97.10900074327829,98,1.0316676886351683
phenylalanine,direct_neighbor_ridge,endometrium,50.07876780898128,44.09012037384953,56,0.8942637108746657
phenylalanine,direct_neighbor_ridge,haematopoietic_and_lymphoid_tissue,834.7444760217369,824.3965004380756,326,2.5605658773672912
phenylalanine,direct_neighbor_ridge,kidney,33.22246188585403,33.80246346163484,46,0.7222274323011746
phenylalanine,direct_neighbor_ridge,large_intestine,122.57930926801372,122.2883955299115,110,1.114357356981943
phenylalanine,direct_neighbor_ridge,liver,53.623956035893684,50.70855418082585,50,1.0724791207178737
phenylalanine,direct_neighbor_ridge,lung,300.0157084770311,301.52322827389344,352,0.8523173536279294
phenylalanine,direct_neighbor_ridge,oesophagus,54.971094383878956,57.29084618165158,50,1.0994218876775792
phenylalanine,direct_neighbor_ridge,ovary,60.304645983451714,65.17211395277127,90,0.6700516220383523
phenylalanine,direct_neighbor_ridge,pancreas,33.068244200791355,31.809028186611467,82,0.403271270741358
phenylalanine,direct_neighbor_ridge,skin,91.10194642272344,92.32034037413429,104,0.8759802540646485
phenylalanine,direct_neighbor_ridge,soft_tissue,33.424067807619096,34.11501280443619,36,0.9284463279894193
phenylalanine,direct_neighbor_ridge,stomach,42.553753395432835,44.076389746569326,74,0.5750507215599032
phenylalanine,direct_neighbor_ridge,upper_aerodigestive_tract,86.43586680823545,89.54168842810118,60,1.4405977801372574
phenylalanine,direct_neighbor_ridge,urinary_tract,70.44559439774545,67.09726795095955,50,1.408911887954909
proline,direct_neighbor_ridge,autonomic_ganglia,8.565316226104898,14.851342600204786,32,0.26766613206577805
proline,direct_neighbor_ridge,bone,31.052928809426664,63.64269608513686,38,0.8171823370901754
proline,direct_neighbor_ridge,breast,83.31036225332211,130.37337346306262,98,0.850105737278797
proline,direct_neighbor_ridge,central_nervous_system,61.30506270055276,90.80170767429978,98,0.6255618642913547
proline,direct_neighbor_ridge,endometrium,30.262919409300682,38.69978582498739,56,0.5404092751660836
proline,direct_neighbor_ridge,haematopoietic_and_lymphoid_tissue,278.7186126298018,347.7986155673416,326,0.8549650694165699
proline,direct_neighbor_ridge,kidney,65.95136608766475,49.66055024137207,46,1.4337253497318425
proline,direct_neighbor_ridge,large_intestine,83.71268025082739,101.08423107165589,110,0.7610243659166126
proline,direct_neighbor_ridge,liver,95.48740028427395,144.4775675251946,50,1.909748005685479
proline,direct_neighbor_ridge,lung,207.71237156665057,296.7321389298876,352,0.5900919646779846
proline,direct_neighbor_ridge,oesophagus,21.796568156781177,33.53053781388453,50,0.43593136313562353
proline,direct_neighbor_ridge,ovary,50.13499841623112,52.33719061857071,90,0.5570555379581236
proline,direct_neighbor_ridge,pancreas,52.97700167922522,67.38497030206499,82,0.6460609960881124
proline,direct_neighbor_ridge,skin,58.99832871364723,77.27747029163636,104,0.567291622246608
proline,direct_neighbor_ridge,soft_tissue,44.41743173010163,62.28622844133294,36,1.2338175480583786
proline,direct_neighbor_ridge,stomach,31.574246226519676,46.70378051569512,74,0.4266790030610767
proline,direct_neighbor_ridge,upper_aerodigestive_tract,54.55433057028025,78.84812531002007,60,0.9092388428380042
proline,direct_neighbor_ridge,urinary_tract,51.86649940866051,85.8436694734423,50,1.03732998817321
putrescine,direct_neighbor_ridge,autonomic_ganglia,33.68312811808363,32.80564405161942,32,1.0525977536901134
putrescine,direct_neighbor_ridge,bone,66.19782300398991,67.54345195929112,38,1.742047973789208
putrescine,direct_neighbor_ridge,breast,121.73418588878195,123.34587402425223,98,1.2421855702936935
putrescine,direct_neighbor_ridge,central_nervous_system,63.70480240527115,66.79668392506133,98,0.6500490041354199
putrescine,direct_neighbor_ridge,endometrium,36.096169552926206,36.2143355200959,56,0.6445744563022536
putrescine,direct_neighbor_ridge,haematopoietic_and_lymphoid_tissue,354.210110800488,360.51215434202265,326,1.086534082210086
putrescine,direct_neighbor_ridge,kidney,23.920428786701738,22.20819765061692,46,0.5200093214500378
putrescine,direct_neighbor_ridge,large_intestine,75.15955820923799,74.71061081494351,110,0.6832687109930726
putrescine,direct_neighbor_ridge,liver,33.88604233031235,32.65906768909892,50,0.677720846606247
putrescine,direct_neighbor_ridge,lung,388.64542885552146,393.38184680231024,352,1.1041063319759132
putrescine,direct_neighbor_ridge,oesophagus,44.78119456497961,43.72126823028973,50,0.8956238912995922
putrescine,direct_neighbor_ridge,ovary,66.11848269781784,66.68374864987031,90,0.7346498077535315
putrescine,direct_neighbor_ridge,pancreas,70.10180712475963,68.31530039204806,82,0.8549000868873126
putrescine,direct_neighbor_ridge,skin,184.6050345762914,188.1488369571319,104,1.7750484093874173
putrescine,direct_neighbor_ridge,soft_tissue,58.270098417884014,55.15993603908142,36,1.6186138449412226
putrescine,direct_neighbor_ridge,stomach,42.41150497028119,42.187856607444594,74,0.5731284455443404
putrescine,direct_neighbor_ridge,upper_aerodigestive_tract,35.46951331974838,35.28488354354974,60,0.5911585553291396
putrescine,direct_neighbor_ridge,urinary_tract,78.29257686305365,77.65923459243206,50,1.565851537261073
sarcosine,direct_neighbor_ridge,autonomic_ganglia,9.299924125339803,10.436573288503475,32,0.29062262891686885
sarcosine,direct_neighbor_ridge,bone,43.16237716471617,46.70910057603611,38,1.1358520306504254
sarcosine,direct_neighbor_ridge,breast,119.30889813159177,114.49658578195168,98,1.2174377360366508
sarcosine,direct_neighbor_ridge,central_nervous_system,112.86123896159711,124.58030359008715,98,1.151645295526501
sarcosine,direct_neighbor_ridge,endometrium,30.847925057107126,43.054625206265285,56,0.5508558045911987
sarcosine,direct_neighbor_ridge,haematopoietic_and_lymphoid_tissue,256.3220684272737,266.0008781323397,326,0.7862640135805941
sarcosine,direct_neighbor_ridge,kidney,55.552312702675415,43.891502201989134,46,1.2076589717972916
sarcosine,direct_neighbor_ridge,large_intestine,100.19575629884332,122.3289667312412,110,0.9108705118076665
sarcosine,direct_neighbor_ridge,liver,59.49327160808868,64.91665427745896,50,1.1898654321617737
sarcosine,direct_neighbor_ridge,lung,361.8968059453846,358.28220566972027,352,1.0281159259812063
sarcosine,direct_neighbor_ridge,oesophagus,64.83623139267374,79.22506105962552,50,1.2967246278534748
sarcosine,direct_neighbor_ridge,ovary,34.920851043017706,30.840397312630667,90,0.38800945603353004
sarcosine,direct_neighbor_ridge,pancreas,74.18139048148407,79.79872311019193,82,0.9046511034327326
sarcosine,direct_neighbor_ridge,skin,119.86772563614866,130.0362720702842,104,1.1525742849629679
sarcosine,direct_neighbor_ridge,soft_tissue,26.783519749645706,23.71976779707796,36,0.7439866597123808
sarcosine,direct_neighbor_ridge,stomach,92.06406814497845,113.62603614287417,74,1.2441090289861954
sarcosine,direct_neighbor_ridge,upper_aerodigestive_tract,53.178026902934434,62.63616997783069,60,0.8863004483822405
sarcosine,direct_neighbor_ridge,urinary_tract,55.014663064478526,65.80103433149141,50,1.1002932612895706
serine,direct_neighbor_ridge,autonomic_ganglia,13.296587075333937,22.457745119340622,32,0.41551834610418553
serine,direct_neighbor_ridge,bone,59.051757208706455,74.20347849613246,38,1.553993610755433
serine,direct_neighbor_ridge,breast,55.36473491099557,79.4329487572832,98,0.5649462746019956
serine,direct_neighbor_ridge,central_nervous_system,120.87113531857091,143.58582374390951,98,1.2333789318221522
serine,direct_neighbor_ridge,endometrium,39.005565826621556,48.55693926636733,56,0.6965279611896706
serine,direct_neighbor_ridge,haematopoietic_and_lymphoid_tissue,184.51722811966778,319.6259193427835,326,0.5660037672382447
serine,direct_neighbor_ridge,kidney,27.016942140465677,25.892952063749295,46,0.5873248291405582
serine,direct_neighbor_ridge,large_intestine,142.91907885489098,152.48525233052905,110,1.2992643532262818
serine,direct_neighbor_ridge,liver,59.432548716496285,51.059178306437936,50,1.1886509743299256
serine,direct_neighbor_ridge,lung,339.18476254375537,391.79353957520755,352,0.9635930754083959
serine,direct_neighbor_ridge,oesophagus,19.126278645265987,29.887029294871272,50,0.38252557290531974
serine,direct_neighbor_ridge,ovary,38.7887575227237,60.45175937716083,90,0.43098619469693
serine,direct_neighbor_ridge,pancreas,61.7121583093012,70.05839294573168,82,0.7525872964548928
serine,direct_neighbor_ridge,skin,70.0933042070317,84.75476825230903,104,0.6739740789137663
serine,direct_neighbor_ridge,soft_tissue,26.58822824319226,44.97720378924979,36,0.7385618956442294
serine,direct_neighbor_ridge,stomach,38.95951382049034,44.99636913851757,74,0.5264799164931128
serine,direct_neighbor_ridge,upper_aerodigestive_tract,30.135608258745492,39.97374456345512,60,0.5022601376457582
serine,direct_neighbor_ridge,urinary_tract,83.85488593268381,88.35510441081385,50,1.6770977186536762
taurine,direct_neighbor_ridge,autonomic_ganglia,30.307595439026656,24.757053655703878,32,0.947112357469583
taurine,direct_neighbor_ridge,bone,21.975499746033766,27.674710411936626,38,0.5783026248956255
taurine,direct_neighbor_ridge,breast,113.38239466568025,130.85724849327485,98,1.1569632108742882
taurine,direct_neighbor_ridge,central_nervous_system,57.219154484585154,64.9369588389751,98,0.5838689233120934
taurine,direct_neighbor_ridge,endometrium,57.237813687108776,55.657101615166454,56,1.0221038158412281
taurine,direct_neighbor_ridge,haematopoietic_and_lymphoid_tissue,404.9545132173148,394.09712546496564,326,1.2421917583353215
taurine,direct_neighbor_ridge,kidney,25.161725314324343,37.147372208279,46,0.5469940285722683
taurine,direct_neighbor_ridge,large_intestine,72.24079906537501,69.90813817239447,110,0.6567345369579547
taurine,direct_neighbor_ridge,liver,69.31727668993732,77.21604221896419,50,1.3863455337987463
taurine,direct_neighbor_ridge,lung,274.1525608622319,310.6621067145945,352,0.7788425024495225
taurine,direct_neighbor_ridge,oesophagus,29.37099520984455,25.936571784560044,50,0.587419904196891
taurine,direct_neighbor_ridge,ovary,149.0921611220782,146.95191107953394,90,1.6565795680230913
taurine,direct_neighbor_ridge,pancreas,53.41084303471066,62.56935341964211,82,0.6513517443257397
taurine,direct_neighbor_ridge,skin,53.428856105237315,63.41980522209097,104,0.5137390010118973
taurine,direct_neighbor_ridge,soft_tissue,77.50954483150544,74.70869138762853,36,2.153042911986262
taurine,direct_neighbor_ridge,stomach,55.53967802098766,63.09475998170571,74,0.7505361894728062
taurine,direct_neighbor_ridge,upper_aerodigestive_tract,121.26731597435764,116.35859217286846,60,2.021121932905961
taurine,direct_neighbor_ridge,urinary_tract,57.172756435544066,60.557971463180245,50,1.1434551287108814
taurocholate,direct_neighbor_ridge,autonomic_ganglia,24.518464217449225,22.144156459582295,32,0.7662020067952883
taurocholate,direct_neighbor_ridge,bone,56.23275690886039,52.56115141287511,38,1.4798093923384312
taurocholate,direct_neighbor_ridge,breast,59.90737062050061,58.11098658614519,98,0.6112997002091899
taurocholate,direct_neighbor_ridge,central_nervous_system,46.64136231584083,45.40676848128772,98,0.47593226852898807
taurocholate,direct_neighbor_ridge,endometrium,80.7562285424746,83.85097457297267,56,1.4420755096870466
taurocholate,direct_neighbor_ridge,haematopoietic_and_lymphoid_tissue,610.2632598408945,648.6893811830165,326,1.8719731896959955
taurocholate,direct_neighbor_ridge,kidney,34.431021075046985,33.56335961287344,46,0.7485004581531953
taurocholate,direct_neighbor_ridge,large_intestine,99.62156564977423,108.15121489005797,110,0.9056505968161294
taurocholate,direct_neighbor_ridge,liver,37.12431988901182,36.38628899915363,50,0.7424863977802364
taurocholate,direct_neighbor_ridge,lung,287.73807685007097,301.5689362597554,352,0.8174377183240652
taurocholate,direct_neighbor_ridge,oesophagus,32.73773436798577,34.686903280145394,50,0.6547546873597154
taurocholate,direct_neighbor_ridge,ovary,91.3100589988807,85.98553954692805,90,1.0145562110986746
taurocholate,direct_neighbor_ridge,pancreas,84.10627740122717,81.23059380632401,82,1.0256863097710631
taurocholate,direct_neighbor_ridge,skin,65.46958642453512,67.16255007340389,104,0.6295152540820685
taurocholate,direct_neighbor_ridge,soft_tissue,58.04880696638081,61.1993079381605,36,1.6124668601772447
taurocholate,direct_neighbor_ridge,stomach,53.65059874301612,51.376726049707045,74,0.7250080911218394
taurocholate,direct_neighbor_ridge,upper_aerodigestive_tract,21.056674269227848,21.163701530997592,60,0.35094457115379746
taurocholate,direct_neighbor_ridge,urinary_tract,40.11939103944479,38.94649715201725,50,0.8023878207888958
thymidine,direct_neighbor_ridge,autonomic_ganglia,43.276457674853134,43.159828637020645,32,1.3523893023391604
thymidine,direct_neighbor_ridge,bone,31.219356968377145,31.652636997321743,38,0.8215620254836091
thymidine,direct_neighbor_ridge,breast,78.13970343502345,77.7946872798995,98,0.7973439126022801
thymidine,direct_neighbor_ridge,central_nervous_system,148.32973559990887,146.96538968149923,98,1.513568730611315
thymidine,direct_neighbor_ridge,endometrium,115.42947574129529,116.11973195586498,56,2.061240638237416
thymidine,direct_neighbor_ridge,haematopoietic_and_lymphoid_tissue,471.64907598124927,462.3939306586684,326,1.4467763066909487
thymidine,direct_neighbor_ridge,kidney,26.888229952535394,26.521197563576585,46,0.5845267380985956
thymidine,direct_neighbor_ridge,large_intestine,88.20738395260197,89.09637456833272,110,0.801885308660018
thymidine,direct_neighbor_ridge,liver,47.32368930583887,48.815614590891364,50,0.9464737861167773
thymidine,direct_neighbor_ridge,lung,303.8794387482433,304.21564002373356,352,0.8632938600802366
thymidine,direct_neighbor_ridge,oesophagus,31.62841997590624,30.96752194059733,50,0.6325683995181248
thymidine,direct_neighbor_ridge,ovary,93.31924757580197,93.7728081590994,90,1.0368805286200218
thymidine,direct_neighbor_ridge,pancreas,65.46342204825042,65.32128095676353,82,0.7983344152225661
thymidine,direct_neighbor_ridge,skin,72.87262322886168,72.66157325860657,104,0.7006983002775162
thymidine,direct_neighbor_ridge,soft_tissue,36.5468158106437,37.04749193457819,36,1.015189328073436
thymidine,direct_neighbor_ridge,stomach,83.66219759983179,83.43016910440078,74,1.1305702378355647
thymidine,direct_neighbor_ridge,upper_aerodigestive_tract,56.00905969112537,56.39780371546568,60,0.9334843281854229
thymidine,direct_neighbor_ridge,urinary_tract,23.764988852454835,23.399459908770275,50,0.4752997770490967
thymine,direct_neighbor_ridge,autonomic_ganglia,74.3397584218087,84.27862672670544,32,2.3231174506815218
thymine,direct_neighbor_ridge,bone,34.65354354072517,33.273008548823974,38,0.9119353563348728
thymine,direct_neighbor_ridge,breast,123.12500691101596,128.79434092839966,98,1.2563776215409792
thymine,direct_neighbor_ridge,central_nervous_system,96.14610725344936,98.76215126109179,98,0.9810827270760138
thymine,direct_neighbor_ridge,endometrium,99.34381974258848,97.61401241244545,56,1.7739967811176514
thymine,direct_neighbor_ridge,haematopoietic_and_lymphoid_tissue,214.09082620239565,285.586553099819,326,0.6567203257742198
thymine,direct_neighbor_ridge,kidney,51.845147134729295,49.07568476782979,46,1.127068415972376
thymine,direct_neighbor_ridge,large_intestine,127.90388443309702,122.39085338886794,110,1.1627625857554273
thymine,direct_neighbor_ridge,liver,51.75204099106879,59.08143542980079,50,1.0350408198213759
thymine,direct_neighbor_ridge,lung,259.53726961243535,292.6401833147617,352,0.7373217886716913
thymine,direct_neighbor_ridge,oesophagus,42.00205419250904,52.64669050023031,50,0.8400410838501808
thymine,direct_neighbor_ridge,ovary,65.79072933110939,64.99321678083675,90,0.7310081036789933
thymine,direct_neighbor_ridge,pancreas,122.63667960100166,114.96851477694149,82,1.4955692634268496
thymine,direct_neighbor_ridge,skin,77.21988032823488,74.68622177314514,104,0.7424988493099508
thymine,direct_neighbor_ridge,soft_tissue,19.851646393371418,19.97363389083264,36,0.5514346220380949
thymine,direct_neighbor_ridge,stomach,72.04263789400841,75.09489790036561,74,0.9735491607298433
thymine,direct_neighbor_ridge,upper_aerodigestive_tract,63.77008966606722,62.46863050528738,60,1.062834827767787
thymine,direct_neighbor_ridge,urinary_tract,50.50862864013497,49.537284365578465,50,1.0101725728026993
thyroxine,direct_neighbor_ridge,autonomic_ganglia,27.302473857864253,30.80985145543534,32,0.8532023080582579
thyroxine,direct_neighbor_ridge,bone,28.77630892168275,27.577098816109412,38,0.757271287412704
thyroxine,direct_neighbor_ridge,breast,101.46413716041788,107.12627675534888,98,1.0353483383716109
thyroxine,direct_neighbor_ridge,central_nervous_system,86.64465771884082,84.63230254043158,98,0.8841291603963349
thyroxine,direct_neighbor_ridge,endometrium,59.07326006417491,64.78016860998252,56,1.0548796440031234
thyroxine,direct_neighbor_ridge,haematopoietic_and_lymphoid_tissue,777.8351256476441,806.0007256036415,326,2.3859973179375586
thyroxine,direct_neighbor_ridge,kidney,23.080171121341223,22.098777636746245,46,0.5017428504639396
thyroxine,direct_neighbor_ridge,large_intestine,103.35017534197465,117.95785486341731,110,0.9395470485634059
thyroxine,direct_neighbor_ridge,liver,44.67709005046804,41.45342186669866,50,0.8935418010093608
thyroxine,direct_neighbor_ridge,lung,257.9475070898968,272.5758099919716,352,0.7328054178690251
thyroxine,direct_neighbor_ridge,oesophagus,33.16109199707627,27.121717923892234,50,0.6632218399415254
thyroxine,direct_neighbor_ridge,ovary,72.57442758212069,79.98913678322765,90,0.8063825286902299
thyroxine,direct_neighbor_ridge,pancreas,66.8678239243013,64.25528223661999,82,0.8154612673695281
thyroxine,direct_neighbor_ridge,skin,73.63695308433597,75.69166635950609,104,0.7080476258109228
thyroxine,direct_neighbor_ridge,soft_tissue,28.147836897231944,28.656701663669313,36,0.7818843582564429
thyroxine,direct_neighbor_ridge,stomach,116.09805081358311,118.85044879846436,74,1.5688925785619339
thyroxine,direct_neighbor_ridge,upper_aerodigestive_tract,44.153849822368564,37.436323649740196,60,0.735897497039476
thyroxine,direct_neighbor_ridge,urinary_tract,27.656705340481498,26.97687386951634,50,0.5531341068096299
trimethylamine-N-oxide,direct_neighbor_ridge,autonomic_ganglia,32.12817729885836,32.084729486560185,32,1.0040055405893238
trimethylamine-N-oxide,direct_neighbor_ridge,bone,17.514081762701917,16.709417973233492,38,0.4608968884921557
trimethylamine-N-oxide,direct_neighbor_ridge,breast,46.98801946775787,46.405524692281546,98,0.4794695864056926
trimethylamine-N-oxide,direct_neighbor_ridge,central_nervous_system,41.45102744875027,38.674096357222346,98,0.4229696678443905
trimethylamine-N-oxide,direct_neighbor_ridge,endometrium,19.515974449872612,18.398818116911848,56,0.34849954374772524
trimethylamine-N-oxide,direct_neighbor_ridge,haematopoietic_and_lymphoid_tissue,651.2635967467287,645.0465102783012,326,1.9977410943151186
trimethylamine-N-oxide,direct_neighbor_ridge,kidney,16.12476945835197,15.074551263858453,46,0.3505384664859124
trimethylamine-N-oxide,direct_neighbor_ridge,large_intestine,35.079141157977794,32.214738852448704,110,0.3189012832543436
trimethylamine-N-oxide,direct_neighbor_ridge,liver,16.278623934336057,15.709102494578026,50,0.3255724786867211
trimethylamine-N-oxide,direct_neighbor_ridge,lung,1266.4693473118082,1277.2349159846665,352,3.5979242821358186
trimethylamine-N-oxide,direct_neighbor_ridge,oesophagus,23.837966310974622,24.257013411422676,50,0.47675932621949246
trimethylamine-N-oxide,direct_neighbor_ridge,ovary,48.1032763562816,49.1096585679748,90,0.5344808484031288
trimethylamine-N-oxide,direct_neighbor_ridge,pancreas,40.58942623611713,41.9798733875467,82,0.4949930028794772
trimethylamine-N-oxide,direct_neighbor_ridge,skin,30.907361136508925,30.323543052477326,104,0.2971861647741243
trimethylamine-N-oxide,direct_neighbor_ridge,soft_tissue,17.31145603109009,17.28228966487603,36,0.48087377864139136
trimethylamine-N-oxide,direct_neighbor_ridge,stomach,34.09080671077039,32.456208967108786,74,0.4606865771725728
trimethylamine-N-oxide,direct_neighbor_ridge,upper_aerodigestive_tract,20.10479254925765,20.560596343507175,60,0.3350798758209608
trimethylamine-N-oxide,direct_neighbor_ridge,urinary_tract,18.873397592127326,18.323462857345437,50,0.3774679518425465
tyrosine,direct_neighbor_ridge,autonomic_ganglia,31.062867554409415,31.089284102199514,32,0.9707146110752942
tyrosine,direct_neighbor_ridge,bone,40.37642186456563,39.70790828158148,38,1.0625374174885691
tyrosine,direct_neighbor_ridge,breast,72.2378377743727,72.49215963353328,98,0.7371207936160479
tyrosine,direct_neighbor_ridge,central_nervous_system,81.21006800903037,86.35625736784759,98,0.8286741633574527
tyrosine,direct_neighbor_ridge,endometrium,41.60506985288967,39.647523937015734,56,0.7429476759444584
tyrosine,direct_neighbor_ridge,haematopoietic_and_lymphoid_tissue,825.5356814447719,826.8185631110293,326,2.5323180412416315
tyrosine,direct_neighbor_ridge,kidney,28.742935093508038,28.29286955505329,46,0.6248464150762617
tyrosine,direct_neighbor_ridge,large_intestine,152.17633588566983,142.73943494397776,110,1.3834212353242712
tyrosine,direct_neighbor_ridge,liver,58.45064809406003,56.41159345774172,50,1.1690129618812006
tyrosine,direct_neighbor_ridge,lung,348.4030778527642,350.3507921735718,352,0.9897814711726256
tyrosine,direct_neighbor_ridge,oesophagus,8.543137910894496,8.354524679828032,50,0.1708627582178899
tyrosine,direct_neighbor_ridge,ovary,55.681513976731665,55.9463278072323,90,0.6186834886303518
tyrosine,direct_neighbor_ridge,pancreas,45.6800832387245,47.702639045160126,82,0.5570741858381036
tyrosine,direct_neighbor_ridge,skin,72.45574223769064,74.90555768197963,104,0.6966898292085639
tyrosine,direct_neighbor_ridge,soft_tissue,43.39961415592621,42.11410742487865,36,1.205544837664617
tyrosine,direct_neighbor_ridge,stomach,61.59217504007145,56.97720682657253,74,0.8323266897306953
tyrosine,direct_neighbor_ridge,upper_aerodigestive_tract,79.46839947440102,80.56929447250039,60,1.3244733245733504
tyrosine,direct_neighbor_ridge,urinary_tract,66.1258938876569,66.14750265808209,50,1.3225178777531381
uracil,direct_neighbor_ridge,autonomic_ganglia,31.914918942071903,33.64371909375918,32,0.997341216939747
uracil,direct_neighbor_ridge,bone,22.785427340902547,26.03590622798076,38,0.5996165089711196
uracil,direct_neighbor_ridge,breast,71.08516712581182,92.01694623202643,98,0.7253588482225696
uracil,direct_neighbor_ridge,central_nervous_system,82.68859255327764,71.52468020543918,98,0.8437611485028331
uracil,direct_neighbor_ridge,endometrium,28.024396277135214,40.47205277884424,56,0.5004356478059859
uracil,direct_neighbor_ridge,haematopoietic_and_lymphoid_tissue,680.536972607174,998.9248178820667,326,2.0875367257888775
uracil,direct_neighbor_ridge,kidney,20.002580147281297,24.21908535475143,46,0.4348386988539412
uracil,direct_neighbor_ridge,large_intestine,79.97550243576583,91.68932373742892,110,0.7270500221433257
uracil,direct_neighbor_ridge,liver,42.61986290026323,41.06662806579172,50,0.8523972580052646
uracil,direct_neighbor_ridge,lung,307.4709771616708,335.8797649488789,352,0.8734970942092921
uracil,direct_neighbor_ridge,oesophagus,25.632706638935826,22.3275624808379,50,0.5126541327787165
uracil,direct_neighbor_ridge,ovary,58.72471829261119,62.42391220777729,90,0.6524968699179021
uracil,direct_neighbor_ridge,pancreas,74.16316174608133,98.57202466587525,82,0.9044288017814797
uracil,direct_neighbor_ridge,skin,51.50046470550906,58.78805571808588,104,0.4951967760145102
uracil,direct_neighbor_ridge,soft_tissue,23.53463112896205,27.328768882563246,36,0.6537397535822792
uracil,direct_neighbor_ridge,stomach,60.37157706356402,61.78292204484784,74,0.8158321224805949
uracil,direct_neighbor_ridge,upper_aerodigestive_tract,41.8192376417348,47.567470842579176,60,0.6969872940289134
uracil,direct_neighbor_ridge,urinary_tract,35.69943122843351,32.80062053348276,50,0.7139886245686702
urate,direct_neighbor_ridge,autonomic_ganglia,28.739183704398542,32.074867518782256,32,0.8980994907624544
urate,direct_neighbor_ridge,bone,19.211634452690205,25.484851980286585,38,0.5055693277023738
urate,direct_neighbor_ridge,breast,90.66725553224288,108.83815007035699,98,0.9251760768596212
urate,direct_neighbor_ridge,central_nervous_system,46.17913497620006,59.713407877414916,98,0.4712156630224496
urate,direct_neighbor_ridge,endometrium,38.85470784842384,45.22274524385566,56,0.6938340687218544
urate,direct_neighbor_ridge,haematopoietic_and_lymphoid_tissue,216.01265298653175,418.3658354783598,326,0.6626154999586863
urate,direct_neighbor_ridge,kidney,32.463545383323655,39.96906593849746,46,0.7057292474635577
urate,direct_neighbor_ridge,large_intestine,80.15575506293644,104.29981673492942,110,0.7286886823903312
urate,direct_neighbor_ridge,liver,26.385307122704848,39.296526932809165,50,0.527706142454097
urate,direct_neighbor_ridge,lung,505.47729335590947,566.5556477596119,352,1.4360150379429246
urate,direct_neighbor_ridge,oesophagus,36.6222595820247,31.455763449743532,50,0.7324451916404939
urate,direct_neighbor_ridge,ovary,117.30995989594027,114.00482067589824,90,1.3034439988437807
urate,direct_neighbor_ridge,pancreas,38.23588219687912,49.54349385149737,82,0.46629124630340385
urate,direct_neighbor_ridge,skin,64.70026347407281,75.86539347058688,104,0.6221179180199309
urate,direct_neighbor_ridge,soft_tissue,40.519561842390715,36.753250022992155,36,1.1255433845108531
urate,direct_neighbor_ridge,stomach,74.21183110803156,74.94142893173479,74,1.002862582540967
urate,direct_neighbor_ridge,upper_aerodigestive_tract,21.61796762178409,33.77698245579792,60,0.36029946036306815
urate,direct_neighbor_ridge,urinary_tract,21.715013436256505,25.80716895901786,50,0.4343002687251301
uridine,direct_neighbor_ridge,autonomic_ganglia,115.31073767978367,111.89200898282459,32,3.6034605524932397
uridine,direct_neighbor_ridge,bone,39.28910674234589,37.23584136336252,38,1.0339238616406814
uridine,direct_neighbor_ridge,breast,70.34556882019828,74.81110804618463,98,0.7178119267367171
uridine,direct_neighbor_ridge,central_nervous_system,33.73161312081008,35.580937129768586,98,0.34420013388581716
uridine,direct_neighbor_ridge,endometrium,51.22164733489352,50.10930872124911,56,0.9146722738373843
uridine,direct_neighbor_ridge,haematopoietic_and_lymphoid_tissue,1027.7939261667364,1044.2277223711055,326,3.15274210480594
uridine,direct_neighbor_ridge,kidney,19.60006160195677,21.932579743251196,46,0.4260882956947124
uridine,direct_neighbor_ridge,large_intestine,116.74508543668054,113.77807445126902,110,1.0613189585152776
uridine,direct_neighbor_ridge,liver,23.687080232990244,26.22043838089776,50,0.47374160465980486
uridine,direct_neighbor_ridge,lung,276.0360749410403,271.5093856386638,352,0.7841933947188644
uridine,direct_neighbor_ridge,oesophagus,22.995187177981578,21.088529171033628,50,0.45990374355963154
uridine,direct_neighbor_ridge,ovary,42.99966979657428,45.1689690726022,90,0.47777410885082533
uridine,direct_neighbor_ridge,pancreas,29.434752936481797,26.43851162832445,82,0.3589604016644122
uridine,direct_neighbor_ridge,skin,30.395719591202624,37.63539830002451,104,0.2922665345307945
uridine,direct_neighbor_ridge,soft_tissue,37.05952840182605,33.09966723780552,36,1.0294313444951682
uridine,direct_neighbor_ridge,stomach,70.27767791320903,66.23282538615567,74,0.9496983501785005
uridine,direct_neighbor_ridge,upper_aerodigestive_tract,19.150365223780227,20.864495130264,60,0.31917275372967047
uridine,direct_neighbor_ridge,urinary_tract,26.71020039815732,26.034030324135017,50,0.5342040079631464
valine,direct_neighbor_ridge,autonomic_ganglia,26.557488060166317,29.498809110084096,32,0.8299215018801974
valine,direct_neighbor_ridge,bone,35.009808705590636,51.49272013393129,38,0.9213107554102798
valine,direct_neighbor_ridge,breast,63.02584344505069,75.36695049477167,98,0.6431208514801091
valine,direct_neighbor_ridge,central_nervous_system,84.92399485531391,108.76916912651596,98,0.8665713760746317
valine,direct_neighbor_ridge,endometrium,31.294930819478143,40.94361799518636,56,0.558838050347824
valine,direct_neighbor_ridge,haematopoietic_and_lymphoid_tissue,340.92458656556767,611.3309580568371,326,1.045780940385177
valine,direct_neighbor_ridge,kidney,26.19653199892808,42.256647095248574,46,0.569489826063654
valine,direct_neighbor_ridge,large_intestine,100.76438346391998,126.84244240041293,110,0.9160398496719998
valine,direct_neighbor_ridge,liver,51.94151841450556,45.85817395002347,50,1.0388303682901112
valine,direct_neighbor_ridge,lung,299.46056100129067,311.34991297090335,352,0.850740230117303
valine,direct_neighbor_ridge,oesophagus,32.21695686037047,29.386107513437203,50,0.6443391372074094
valine,direct_neighbor_ridge,ovary,54.96962669867315,70.44935768637984,90,0.6107736299852573
valine,direct_neighbor_ridge,pancreas,50.11776151961696,44.63222663955041,82,0.6111922136538654
valine,direct_neighbor_ridge,skin,120.29210639670917,139.277174945972,104,1.1566548691991267
valine,direct_neighbor_ridge,soft_tissue,22.28290128379127,22.288543882601576,36,0.618969480105313
valine,direct_neighbor_ridge,stomach,49.720313489184015,50.84709496756809,74,0.6718961282322164
valine,direct_neighbor_ridge,upper_aerodigestive_tract,90.38256897995556,110.23937553978224,60,1.506376149665926
valine,direct_neighbor_ridge,urinary_tract,57.93556951023781,70.75660217778488,50,1.1587113902047563
xanthine,direct_neighbor_ridge,autonomic_ganglia,52.40214604829817,66.23502903326178,32,1.6375670640093178
xanthine,direct_neighbor_ridge,bone,22.44968611069894,25.575915340983748,38,0.5907812134394458
xanthine,direct_neighbor_ridge,breast,74.82395194432172,93.40831848281857,98,0.7635097137175686
xanthine,direct_neighbor_ridge,central_nervous_system,31.514511502129007,47.56669517001732,98,0.32157664798090824
xanthine,direct_neighbor_ridge,endometrium,27.69333389965674,42.4444001416222,56,0.4945238196367275
xanthine,direct_neighbor_ridge,haematopoietic_and_lymphoid_tissue,1089.9680429689786,1738.1470083767015,326,3.3434602545060694
xanthine,direct_neighbor_ridge,kidney,14.526332653994306,19.141393315302636,46,0.315789840304224
xanthine,direct_neighbor_ridge,large_intestine,65.90019794678456,66.6924826469326,110,0.5990927086071324
xanthine,direct_neighbor_ridge,liver,11.885157569536243,32.9129686923225,50,0.23770315139072487
xanthine,direct_neighbor_ridge,lung,258.10201196617567,320.9224233482166,352,0.7332443521766354
xanthine,direct_neighbor_ridge,oesophagus,19.204032943908995,16.035138514178993,50,0.3840806588781799
xanthine,direct_neighbor_ridge,ovary,39.32257246725257,55.873249868046905,90,0.4369174718583619
xanthine,direct_neighbor_ridge,pancreas,51.71995021837413,48.62857370219443,82,0.6307311002240747
xanthine,direct_neighbor_ridge,skin,27.50982219225492,35.9850462310532,104,0.2645175210793742
xanthine,direct_neighbor_ridge,soft_tissue,26.30712882278777,33.8188961266503,36,0.7307535784107714
xanthine,direct_neighbor_ridge,stomach,58.107516372629405,51.54981503410463,74,0.7852367077382352
xanthine,direct_neighbor_ridge,upper_aerodigestive_tract,20.448312634751453,24.656599438329877,60,0.3408052105791909
xanthine,direct_neighbor_ridge,urinary_tract,24.81308207175553,22.396555406015327,50,0.49626164143511065
xanthosine,direct_neighbor_ridge,autonomic_ganglia,22.798697820957333,22.016397327107157,32,0.7124593069049167
xanthosine,direct_neighbor_ridge,bone,19.942857587611044,22.08656209756773,38,0.524812041779238
xanthosine,direct_neighbor_ridge,breast,131.99141756276842,128.53162127447231,98,1.3468511996200858
xanthosine,direct_neighbor_ridge,central_nervous_system,87.42840099340874,87.09613607341502,98,0.8921265407490688
xanthosine,direct_neighbor_ridge,endometrium,44.099276571780614,46.21537376805728,56,0.7874870816389395
xanthosine,direct_neighbor_ridge,haematopoietic_and_lymphoid_tissue,846.0892598525295,882.5872664649976,326,2.5953658277684952
xanthosine,direct_neighbor_ridge,kidney,33.432495817317935,30.601550780587818,46,0.7267933873329986
xanthosine,direct_neighbor_ridge,large_intestine,109.83781378339181,102.45779675132013,110,0.9985255798490165
xanthosine,direct_neighbor_ridge,liver,67.56429723986236,68.0229925076185,50,1.3512859447972472
xanthosine,direct_neighbor_ridge,lung,367.6507297469669,384.1154207891632,352,1.0444623004175195
xanthosine,direct_neighbor_ridge,oesophagus,21.767376248417946,24.466950449882805,50,0.43534752496835893
xanthosine,direct_neighbor_ridge,ovary,50.30914776155746,52.53144476977794,90,0.5589905306839718
xanthosine,direct_neighbor_ridge,pancreas,34.505073239763206,36.08587435265258,82,0.42079357609467327
xanthosine,direct_neighbor_ridge,skin,27.497515311264024,26.944119533474666,104,0.264399185685231
xanthosine,direct_neighbor_ridge,soft_tissue,32.24163272148265,34.565862440935895,36,0.8956009089300737
xanthosine,direct_neighbor_ridge,stomach,55.04409586867135,55.14147364324464,74,0.7438391333604236
xanthosine,direct_neighbor_ridge,upper_aerodigestive_tract,19.36215273899554,21.284138706772836,60,0.3227025456499257
xanthosine,direct_neighbor_ridge,urinary_tract,17.383892739141633,16.5181086074403,50,0.34767785478283264
