model,selection_candidate_metabolites,raw_transcript_genes,expression_signatures,interaction_count,pca_requested_components,pca_training_rank,pca_rank_capped,raw_metabolites,selected_metabolites,selected_signatures,empty_training_features,constant_training_features,transform_learned_parameters,representation_dimension,coefficient_count,target,repeat,outer_fold,selected_alpha,training_samples,test_samples,training_groups,test_groups,target_center,target_scale,training_target_constant,split_digest,elapsed_seconds
direct_neighbor_ridge,0,0,0,0,0,0,False,15,"[""NADP"", ""alanine"", ""arginine"", ""betaine"", ""citrate"", ""dimethylglycine"", ""glutamate"", ""homocysteine"", ""leucine"", ""methionine"", ""ornithine"", ""proline"", ""serine"", ""thyroxine"", ""uracil""]",[],0,0,30,15,16,AMP,0,0,100.0,697,179,16,2,5.876602736441894,0.3500566287910305,False,db1ab3680dcfc2deb10e2511ec28b70b27966d5a436d724be48267bcbf200acf,0.0730485690291971
direct_neighbor_ridge,0,0,0,0,0,0,False,15,"[""NADP"", ""alanine"", ""arginine"", ""betaine"", ""citrate"", ""dimethylglycine"", ""glutamate"", ""homocysteine"", ""leucine"", ""methionine"", ""ornithine"", ""proline"", ""serine"", ""thyroxine"", ""uracil""]",[],0,0,30,15,16,AMP,0,1,10.0,705,171,13,5,6.0308758873758865,0.5084438756529834,False,32d2e2f547f707a9f12d899e65a934275c9f49020e10d214973126d05910ec9c,0.06795385899022222
direct_neighbor_ridge,0,0,0,0,0,0,False,15,"[""NADP"", ""alanine"", ""arginine"", ""betaine"", ""citrate"", ""dimethylglycine"", ""glutamate"", ""homocysteine"", ""leucine"", ""methionine"", ""ornithine"", ""proline"", ""serine"", ""thyroxine"", ""uracil""]",[],0,0,30,15,16,AMP,0,2,100.0,700,176,13,5,6.004757570571429,0.5031283164328217,False,659dce4f66bf4ee0228513d024a4e287e9f1aa3957152332b1483ab0af67cb42,0.06815358088351786
direct_neighbor_ridge,0,0,0,0,0,0,False,15,"[""NADP"", ""alanine"", ""arginine"", ""betaine"", ""citrate"", ""dimethylglycine"", ""glutamate"", ""homocysteine"", ""leucine"", ""methionine"", ""ornithine"", ""proline"", ""serine"", ""thyroxine"", ""uracil""]",[],0,0,30,15,16,AMP,0,3,100.0,702,174,13,5,6.036753952706553,0.5105127136917674,False,9492e163b6ef19b0563b1ce8302b8e8794e2e4c9c8031c62ff9774a3f63f6f58,0.07410243502818048
direct_neighbor_ridge,0,0,0,0,0,0,False,15,"[""NADP"", ""alanine"", ""arginine"", ""betaine"", ""citrate"", ""dimethylglycine"", ""glutamate"", ""homocysteine"", ""leucine"", ""methionine"", ""ornithine"", ""proline"", ""serine"", ""thyroxine"", ""uracil""]",[],0,0,30,15,16,AMP,0,4,100.0,700,176,17,1,6.003706712428572,0.5019081462358086,False,cf9883e99ee1b956d01c2cb42a4d284b982ce23065d3616a5e1cced359e41fb5,0.07438873709179461
direct_neighbor_ridge,0,0,0,0,0,0,False,15,"[""NADP"", ""alanine"", ""arginine"", ""betaine"", ""citrate"", ""dimethylglycine"", ""glutamate"", ""homocysteine"", ""leucine"", ""methionine"", ""ornithine"", ""proline"", ""serine"", ""thyroxine"", ""uracil""]",[],0,0,30,15,16,AMP,1,0,10.0,705,171,13,5,6.0308758873758865,0.5084438756529834,False,32d2e2f547f707a9f12d899e65a934275c9f49020e10d214973126d05910ec9c,0.07063443586230278
direct_neighbor_ridge,0,0,0,0,0,0,False,15,"[""NADP"", ""alanine"", ""arginine"", ""betaine"", ""citrate"", ""dimethylglycine"", ""glutamate"", ""homocysteine"", ""leucine"", ""methionine"", ""ornithine"", ""proline"", ""serine"", ""thyroxine"", ""uracil""]",[],0,0,30,15,16,AMP,1,1,100.0,700,176,17,1,6.003706712428572,0.5019081462358086,False,cf9883e99ee1b956d01c2cb42a4d284b982ce23065d3616a5e1cced359e41fb5,0.06912265485152602
direct_neighbor_ridge,0,0,0,0,0,0,False,15,"[""NADP"", ""alanine"", ""arginine"", ""betaine"", ""citrate"", ""dimethylglycine"", ""glutamate"", ""homocysteine"", ""leucine"", ""methionine"", ""ornithine"", ""proline"", ""serine"", ""thyroxine"", ""uracil""]",[],0,0,30,15,16,AMP,1,2,100.0,697,179,16,2,5.876602736441894,0.3500566287910305,False,db1ab3680dcfc2deb10e2511ec28b70b27966d5a436d724be48267bcbf200acf,0.06702212407253683
direct_neighbor_ridge,0,0,0,0,0,0,False,15,"[""NADP"", ""alanine"", ""arginine"", ""betaine"", ""citrate"", ""dimethylglycine"", ""glutamate"", ""homocysteine"", ""leucine"", ""methionine"", ""ornithine"", ""proline"", ""serine"", ""thyroxine"", ""uracil""]",[],0,0,30,15,16,AMP,1,3,100.0,700,176,13,5,6.004757570571429,0.5031283164328217,False,659dce4f66bf4ee0228513d024a4e287e9f1aa3957152332b1483ab0af67cb42,0.08005839982070029
direct_neighbor_ridge,0,0,0,0,0,0,False,15,"[""NADP"", ""alanine"", ""arginine"", ""betaine"", ""citrate"", ""dimethylglycine"", ""glutamate"", ""homocysteine"", ""leucine"", ""methionine"", ""ornithine"", ""proline"", ""serine"", ""thyroxine"", ""uracil""]",[],0,0,30,15,16,AMP,1,4,100.0,702,174,13,5,6.036753952706553,0.5105127136917674,False,9492e163b6ef19b0563b1ce8302b8e8794e2e4c9c8031c62ff9774a3f63f6f58,0.07215260388329625
direct_neighbor_ridge,0,0,0,0,0,0,False,5,"[""aconitate"", ""citrulline"", ""glutamate"", ""glutamine"", ""homocysteine""]",[],0,0,10,5,6,CMP,0,0,100.0,697,179,16,2,5.881799451219512,0.3375083671874914,False,db1ab3680dcfc2deb10e2511ec28b70b27966d5a436d724be48267bcbf200acf,0.055726767051965
direct_neighbor_ridge,0,0,0,0,0,0,False,5,"[""aconitate"", ""citrulline"", ""glutamate"", ""glutamine"", ""homocysteine""]",[],0,0,10,5,6,CMP,0,1,10.0,705,171,13,5,6.017746583404255,0.47245130631595555,False,32d2e2f547f707a9f12d899e65a934275c9f49020e10d214973126d05910ec9c,0.059913443867117167
direct_neighbor_ridge,0,0,0,0,0,0,False,5,"[""aconitate"", ""citrulline"", ""glutamate"", ""glutamine"", ""homocysteine""]",[],0,0,10,5,6,CMP,0,2,10.0,700,176,13,5,6.0109321772857145,0.461104447843522,False,659dce4f66bf4ee0228513d024a4e287e9f1aa3957152332b1483ab0af67cb42,0.07543229986913502
direct_neighbor_ridge,0,0,0,0,0,0,False,5,"[""aconitate"", ""citrulline"", ""glutamate"", ""glutamine"", ""homocysteine""]",[],0,0,10,5,6,CMP,0,3,10.0,702,174,13,5,6.029179082051282,0.46845959043845226,False,9492e163b6ef19b0563b1ce8302b8e8794e2e4c9c8031c62ff9774a3f63f6f58,0.07017673691734672
direct_neighbor_ridge,0,0,0,0,0,0,False,5,"[""aconitate"", ""citrulline"", ""glutamate"", ""glutamine"", ""homocysteine""]",[],0,0,10,5,6,CMP,0,4,10.0,700,176,17,1,5.992087687857143,0.4681468933552064,False,cf9883e99ee1b956d01c2cb42a4d284b982ce23065d3616a5e1cced359e41fb5,0.06113575189374387
direct_neighbor_ridge,0,0,0,0,0,0,False,5,"[""aconitate"", ""citrulline"", ""glutamate"", ""glutamine"", ""homocysteine""]",[],0,0,10,5,6,CMP,1,0,10.0,705,171,13,5,6.017746583404255,0.47245130631595555,False,32d2e2f547f707a9f12d899e65a934275c9f49020e10d214973126d05910ec9c,0.060460747918114066
direct_neighbor_ridge,0,0,0,0,0,0,False,5,"[""aconitate"", ""citrulline"", ""glutamate"", ""glutamine"", ""homocysteine""]",[],0,0,10,5,6,CMP,1,1,10.0,700,176,17,1,5.992087687857143,0.4681468933552064,False,cf9883e99ee1b956d01c2cb42a4d284b982ce23065d3616a5e1cced359e41fb5,0.062098457012325525
direct_neighbor_ridge,0,0,0,0,0,0,False,5,"[""aconitate"", ""citrulline"", ""glutamate"", ""glutamine"", ""homocysteine""]",[],0,0,10,5,6,CMP,1,2,10.0,697,179,16,2,5.881799451219512,0.3375083671874914,False,db1ab3680dcfc2deb10e2511ec28b70b27966d5a436d724be48267bcbf200acf,0.060743998968973756
direct_neighbor_ridge,0,0,0,0,0,0,False,5,"[""aconitate"", ""citrulline"", ""glutamate"", ""glutamine"", ""homocysteine""]",[],0,0,10,5,6,CMP,1,3,0.1,700,176,13,5,6.0109321772857145,0.461104447843522,False,659dce4f66bf4ee0228513d024a4e287e9f1aa3957152332b1483ab0af67cb42,0.06274091312661767
direct_neighbor_ridge,0,0,0,0,0,0,False,5,"[""aconitate"", ""citrulline"", ""glutamate"", ""glutamine"", ""homocysteine""]",[],0,0,10,5,6,CMP,1,4,0.1,702,174,13,5,6.029179082051282,0.46845959043845226,False,9492e163b6ef19b0563b1ce8302b8e8794e2e4c9c8031c62ff9774a3f63f6f58,0.06041639996692538
direct_neighbor_ridge,0,0,0,0,0,0,False,5,"[""NAD"", ""glutamate"", ""homocysteine"", ""ornithine"", ""thyroxine""]",[],0,0,10,5,6,GMP,0,0,1.0,697,179,16,2,5.9022510956958385,0.3718471387264023,False,db1ab3680dcfc2deb10e2511ec28b70b27966d5a436d724be48267bcbf200acf,0.05987449805252254
direct_neighbor_ridge,0,0,0,0,0,0,False,5,"[""NAD"", ""glutamate"", ""homocysteine"", ""ornithine"", ""thyroxine""]",[],0,0,10,5,6,GMP,0,1,0.1,705,171,13,5,6.010947650212766,0.46377983172504383,False,32d2e2f547f707a9f12d899e65a934275c9f49020e10d214973126d05910ec9c,0.05789568298496306
direct_neighbor_ridge,0,0,0,0,0,0,False,5,"[""NAD"", ""glutamate"", ""homocysteine"", ""ornithine"", ""thyroxine""]",[],0,0,10,5,6,GMP,0,2,10.0,700,176,13,5,5.9920470568571425,0.45731235719204294,False,659dce4f66bf4ee0228513d024a4e287e9f1aa3957152332b1483ab0af67cb42,0.06255734106525779
direct_neighbor_ridge,0,0,0,0,0,0,False,5,"[""NAD"", ""glutamate"", ""homocysteine"", ""ornithine"", ""thyroxine""]",[],0,0,10,5,6,GMP,0,3,1.0,702,174,13,5,6.020292437606837,0.468773552378771,False,9492e163b6ef19b0563b1ce8302b8e8794e2e4c9c8031c62ff9774a3f63f6f58,0.05900441692210734
direct_neighbor_ridge,0,0,0,0,0,0,False,5,"[""NAD"", ""glutamate"", ""homocysteine"", ""ornithine"", ""thyroxine""]",[],0,0,10,5,6,GMP,0,4,100.0,700,176,17,1,5.976454316428572,0.4636214295380626,False,cf9883e99ee1b956d01c2cb42a4d284b982ce23065d3616a5e1cced359e41fb5,0.06076252111233771
direct_neighbor_ridge,0,0,0,0,0,0,False,5,"[""NAD"", ""glutamate"", ""homocysteine"", ""ornithine"", ""thyroxine""]",[],0,0,10,5,6,GMP,1,0,0.1,705,171,13,5,6.010947650212766,0.46377983172504383,False,32d2e2f547f707a9f12d899e65a934275c9f49020e10d214973126d05910ec9c,0.05928940698504448
direct_neighbor_ridge,0,0,0,0,0,0,False,5,"[""NAD"", ""glutamate"", ""homocysteine"", ""ornithine"", ""thyroxine""]",[],0,0,10,5,6,GMP,1,1,100.0,700,176,17,1,5.976454316428572,0.4636214295380626,False,cf9883e99ee1b956d01c2cb42a4d284b982ce23065d3616a5e1cced359e41fb5,0.05957525293342769
direct_neighbor_ridge,0,0,0,0,0,0,False,5,"[""NAD"", ""glutamate"", ""homocysteine"", ""ornithine"", ""thyroxine""]",[],0,0,10,5,6,GMP,1,2,10.0,697,179,16,2,5.9022510956958385,0.3718471387264023,False,db1ab3680dcfc2deb10e2511ec28b70b27966d5a436d724be48267bcbf200acf,0.06078604096546769
direct_neighbor_ridge,0,0,0,0,0,0,False,5,"[""NAD"", ""glutamate"", ""homocysteine"", ""ornithine"", ""thyroxine""]",[],0,0,10,5,6,GMP,1,3,10.0,700,176,13,5,5.9920470568571425,0.45731235719204294,False,659dce4f66bf4ee0228513d024a4e287e9f1aa3957152332b1483ab0af67cb42,0.06129671586677432
direct_neighbor_ridge,0,0,0,0,0,0,False,5,"[""NAD"", ""glutamate"", ""homocysteine"", ""ornithine"", ""thyroxine""]",[],0,0,10,5,6,GMP,1,4,10.0,702,174,13,5,6.020292437606837,0.468773552378771,False,9492e163b6ef19b0563b1ce8302b8e8794e2e4c9c8031c62ff9774a3f63f6f58,0.06224022898823023
direct_neighbor_ridge,0,0,0,0,0,0,False,15,"[""GMP"", ""arginine"", ""aspartate"", ""carnosine"", ""citrate"", ""citrulline"", ""glycine"", ""inositol"", ""leucine"", ""methionine"", ""ornithine"", ""sarcosine"", ""trimethylamine-N-oxide"", ""uracil"", ""uridine""]",[],0,0,30,15,16,NAD,0,0,100.0,697,179,16,2,5.8592628566714495,0.273737772496672,False,db1ab3680dcfc2deb10e2511ec28b70b27966d5a436d724be48267bcbf200acf,0.06692602811381221
direct_neighbor_ridge,0,0,0,0,0,0,False,15,"[""GMP"", ""arginine"", ""aspartate"", ""carnosine"", ""citrate"", ""citrulline"", ""glycine"", ""inositol"", ""leucine"", ""methionine"", ""ornithine"", ""sarcosine"", ""trimethylamine-N-oxide"", ""uracil"", ""uridine""]",[],0,0,30,15,16,NAD,0,1,100.0,705,171,13,5,5.83252649248227,0.3166483062230965,False,32d2e2f547f707a9f12d899e65a934275c9f49020e10d214973126d05910ec9c,0.07652411703020334
direct_neighbor_ridge,0,0,0,0,0,0,False,15,"[""GMP"", ""arginine"", ""aspartate"", ""carnosine"", ""citrate"", ""citrulline"", ""glycine"", ""inositol"", ""leucine"", ""methionine"", ""ornithine"", ""sarcosine"", ""trimethylamine-N-oxide"", ""uracil"", ""uridine""]",[],0,0,30,15,16,NAD,0,2,100.0,700,176,13,5,5.829537320142857,0.3140293000367684,False,659dce4f66bf4ee0228513d024a4e287e9f1aa3957152332b1483ab0af67cb42,0.16593629703857005
direct_neighbor_ridge,0,0,0,0,0,0,False,15,"[""GMP"", ""arginine"", ""aspartate"", ""carnosine"", ""citrate"", ""citrulline"", ""glycine"", ""inositol"", ""leucine"", ""methionine"", ""ornithine"", ""sarcosine"", ""trimethylamine-N-oxide"", ""uracil"", ""uridine""]",[],0,0,30,15,16,NAD,0,3,100.0,702,174,13,5,5.849133417236467,0.30221474081553895,False,9492e163b6ef19b0563b1ce8302b8e8794e2e4c9c8031c62ff9774a3f63f6f58,0.09821587800979614
direct_neighbor_ridge,0,0,0,0,0,0,False,15,"[""GMP"", ""arginine"", ""aspartate"", ""carnosine"", ""citrate"", ""citrulline"", ""glycine"", ""inositol"", ""leucine"", ""methionine"", ""ornithine"", ""sarcosine"", ""trimethylamine-N-oxide"", ""uracil"", ""uridine""]",[],0,0,30,15,16,NAD,0,4,100.0,700,176,17,1,5.835856427857143,0.30880467410775864,False,cf9883e99ee1b956d01c2cb42a4d284b982ce23065d3616a5e1cced359e41fb5,0.06689511705189943
direct_neighbor_ridge,0,0,0,0,0,0,False,15,"[""GMP"", ""arginine"", ""aspartate"", ""carnosine"", ""citrate"", ""citrulline"", ""glycine"", ""inositol"", ""leucine"", ""methionine"", ""ornithine"", ""sarcosine"", ""trimethylamine-N-oxide"", ""uracil"", ""uridine""]",[],0,0,30,15,16,NAD,1,0,100.0,705,171,13,5,5.83252649248227,0.3166483062230965,False,32d2e2f547f707a9f12d899e65a934275c9f49020e10d214973126d05910ec9c,0.07587314094416797
direct_neighbor_ridge,0,0,0,0,0,0,False,15,"[""GMP"", ""arginine"", ""aspartate"", ""carnosine"", ""citrate"", ""citrulline"", ""glycine"", ""inositol"", ""leucine"", ""methionine"", ""ornithine"", ""sarcosine"", ""trimethylamine-N-oxide"", ""uracil"", ""uridine""]",[],0,0,30,15,16,NAD,1,1,100.0,700,176,17,1,5.835856427857143,0.30880467410775864,False,cf9883e99ee1b956d01c2cb42a4d284b982ce23065d3616a5e1cced359e41fb5,0.06904730387032032
direct_neighbor_ridge,0,0,0,0,0,0,False,15,"[""GMP"", ""arginine"", ""aspartate"", ""carnosine"", ""citrate"", ""citrulline"", ""glycine"", ""inositol"", ""leucine"", ""methionine"", ""ornithine"", ""sarcosine"", ""trimethylamine-N-oxide"", ""uracil"", ""uridine""]",[],0,0,30,15,16,NAD,1,2,100.0,697,179,16,2,5.8592628566714495,0.273737772496672,False,db1ab3680dcfc2deb10e2511ec28b70b27966d5a436d724be48267bcbf200acf,0.06697647389955819
direct_neighbor_ridge,0,0,0,0,0,0,False,15,"[""GMP"", ""arginine"", ""aspartate"", ""carnosine"", ""citrate"", ""citrulline"", ""glycine"", ""inositol"", ""leucine"", ""methionine"", ""ornithine"", ""sarcosine"", ""trimethylamine-N-oxide"", ""uracil"", ""uridine""]",[],0,0,30,15,16,NAD,1,3,100.0,700,176,13,5,5.829537320142857,0.3140293000367684,False,659dce4f66bf4ee0228513d024a4e287e9f1aa3957152332b1483ab0af67cb42,0.06110259098932147
direct_neighbor_ridge,0,0,0,0,0,0,False,15,"[""GMP"", ""arginine"", ""aspartate"", ""carnosine"", ""citrate"", ""citrulline"", ""glycine"", ""inositol"", ""leucine"", ""methionine"", ""ornithine"", ""sarcosine"", ""trimethylamine-N-oxide"", ""uracil"", ""uridine""]",[],0,0,30,15,16,NAD,1,4,100.0,702,174,13,5,5.849133417236467,0.30221474081553895,False,9492e163b6ef19b0563b1ce8302b8e8794e2e4c9c8031c62ff9774a3f63f6f58,0.07674964680336416
direct_neighbor_ridge,0,0,0,0,0,0,False,19,"[""AMP"", ""CMP"", ""UMP"", ""adenine"", ""adenosine"", ""alanine"", ""carnosine"", ""choline"", ""cytidine"", ""glycine"", ""guanosine"", ""homocysteine"", ""hypoxanthine"", ""ornithine"", ""taurine"", ""taurocholate"", ""uridine"", ""valine"", ""xanthine""]",[],0,0,38,19,20,NADP,0,0,100.0,697,179,16,2,5.964262021233859,0.3620365863705779,False,db1ab3680dcfc2deb10e2511ec28b70b27966d5a436d724be48267bcbf200acf,0.08321206388063729
direct_neighbor_ridge,0,0,0,0,0,0,False,19,"[""AMP"", ""CMP"", ""UMP"", ""adenine"", ""adenosine"", ""alanine"", ""carnosine"", ""choline"", ""cytidine"", ""glycine"", ""guanosine"", ""homocysteine"", ""hypoxanthine"", ""ornithine"", ""taurine"", ""taurocholate"", ""uridine"", ""valine"", ""xanthine""]",[],0,0,38,19,20,NADP,0,1,100.0,705,171,13,5,5.924742738723404,0.373625630639,False,32d2e2f547f707a9f12d899e65a934275c9f49020e10d214973126d05910ec9c,0.08006788091734052
direct_neighbor_ridge,0,0,0,0,0,0,False,19,"[""AMP"", ""CMP"", ""UMP"", ""adenine"", ""adenosine"", ""alanine"", ""carnosine"", ""choline"", ""cytidine"", ""glycine"", ""guanosine"", ""homocysteine"", ""hypoxanthine"", ""ornithine"", ""taurine"", ""taurocholate"", ""uridine"", ""valine"", ""xanthine""]",[],0,0,38,19,20,NADP,0,2,100.0,700,176,13,5,5.893307024142857,0.36362936668919077,False,659dce4f66bf4ee0228513d024a4e287e9f1aa3957152332b1483ab0af67cb42,0.0680804499424994
direct_neighbor_ridge,0,0,0,0,0,0,False,19,"[""AMP"", ""CMP"", ""UMP"", ""adenine"", ""adenosine"", ""alanine"", ""carnosine"", ""choline"", ""cytidine"", ""glycine"", ""guanosine"", ""homocysteine"", ""hypoxanthine"", ""ornithine"", ""taurine"", ""taurocholate"", ""uridine"", ""valine"", ""xanthine""]",[],0,0,38,19,20,NADP,0,3,100.0,702,174,13,5,5.922061383618234,0.3605050337536695,False,9492e163b6ef19b0563b1ce8302b8e8794e2e4c9c8031c62ff9774a3f63f6f58,0.07305518887005746
direct_neighbor_ridge,0,0,0,0,0,0,False,19,"[""AMP"", ""CMP"", ""UMP"", ""adenine"", ""adenosine"", ""alanine"", ""carnosine"", ""choline"", ""cytidine"", ""glycine"", ""guanosine"", ""homocysteine"", ""hypoxanthine"", ""ornithine"", ""taurine"", ""taurocholate"", ""uridine"", ""valine"", ""xanthine""]",[],0,0,38,19,20,NADP,0,4,100.0,700,176,17,1,5.8943222774285715,0.34709365585279683,False,cf9883e99ee1b956d01c2cb42a4d284b982ce23065d3616a5e1cced359e41fb5,0.06403456605039537
direct_neighbor_ridge,0,0,0,0,0,0,False,19,"[""AMP"", ""CMP"", ""UMP"", ""adenine"", ""adenosine"", ""alanine"", ""carnosine"", ""choline"", ""cytidine"", ""glycine"", ""guanosine"", ""homocysteine"", ""hypoxanthine"", ""ornithine"", ""taurine"", ""taurocholate"", ""uridine"", ""valine"", ""xanthine""]",[],0,0,38,19,20,NADP,1,0,100.0,705,171,13,5,5.924742738723404,0.373625630639,False,32d2e2f547f707a9f12d899e65a934275c9f49020e10d214973126d05910ec9c,0.07053078291937709
direct_neighbor_ridge,0,0,0,0,0,0,False,19,"[""AMP"", ""CMP"", ""UMP"", ""adenine"", ""adenosine"", ""alanine"", ""carnosine"", ""choline"", ""cytidine"", ""glycine"", ""guanosine"", ""homocysteine"", ""hypoxanthine"", ""ornithine"", ""taurine"", ""taurocholate"", ""uridine"", ""valine"", ""xanthine""]",[],0,0,38,19,20,NADP,1,1,100.0,700,176,17,1,5.8943222774285715,0.34709365585279683,False,cf9883e99ee1b956d01c2cb42a4d284b982ce23065d3616a5e1cced359e41fb5,0.06844154302962124
direct_neighbor_ridge,0,0,0,0,0,0,False,19,"[""AMP"", ""CMP"", ""UMP"", ""adenine"", ""adenosine"", ""alanine"", ""carnosine"", ""choline"", ""cytidine"", ""glycine"", ""guanosine"", ""homocysteine"", ""hypoxanthine"", ""ornithine"", ""taurine"", ""taurocholate"", ""uridine"", ""valine"", ""xanthine""]",[],0,0,38,19,20,NADP,1,2,100.0,697,179,16,2,5.964262021233859,0.3620365863705779,False,db1ab3680dcfc2deb10e2511ec28b70b27966d5a436d724be48267bcbf200acf,0.073306520935148
direct_neighbor_ridge,0,0,0,0,0,0,False,19,"[""AMP"", ""CMP"", ""UMP"", ""adenine"", ""adenosine"", ""alanine"", ""carnosine"", ""choline"", ""cytidine"", ""glycine"", ""guanosine"", ""homocysteine"", ""hypoxanthine"", ""ornithine"", ""taurine"", ""taurocholate"", ""uridine"", ""valine"", ""xanthine""]",[],0,0,38,19,20,NADP,1,3,100.0,700,176,13,5,5.893307024142857,0.36362936668919077,False,659dce4f66bf4ee0228513d024a4e287e9f1aa3957152332b1483ab0af67cb42,0.06725955684669316
direct_neighbor_ridge,0,0,0,0,0,0,False,19,"[""AMP"", ""CMP"", ""UMP"", ""adenine"", ""adenosine"", ""alanine"", ""carnosine"", ""choline"", ""cytidine"", ""glycine"", ""guanosine"", ""homocysteine"", ""hypoxanthine"", ""ornithine"", ""taurine"", ""taurocholate"", ""uridine"", ""valine"", ""xanthine""]",[],0,0,38,19,20,NADP,1,4,100.0,702,174,13,5,5.922061383618234,0.3605050337536695,False,9492e163b6ef19b0563b1ce8302b8e8794e2e4c9c8031c62ff9774a3f63f6f58,0.07072885613888502
direct_neighbor_ridge,0,0,0,0,0,0,False,5,"[""NAD"", ""aspartate"", ""citrulline"", ""hypoxanthine"", ""thymine""]",[],0,0,10,5,6,UMP,0,0,100.0,697,179,16,2,5.8803286489239595,0.3673249774248067,False,db1ab3680dcfc2deb10e2511ec28b70b27966d5a436d724be48267bcbf200acf,0.05587078514508903
direct_neighbor_ridge,0,0,0,0,0,0,False,5,"[""NAD"", ""aspartate"", ""citrulline"", ""hypoxanthine"", ""thymine""]",[],0,0,10,5,6,UMP,0,1,0.1,705,171,13,5,6.046802519858156,0.5194126213200596,False,32d2e2f547f707a9f12d899e65a934275c9f49020e10d214973126d05910ec9c,0.05628565908409655
direct_neighbor_ridge,0,0,0,0,0,0,False,5,"[""NAD"", ""aspartate"", ""citrulline"", ""hypoxanthine"", ""thymine""]",[],0,0,10,5,6,UMP,0,2,0.1,700,176,13,5,6.0201290528571425,0.508479905148374,False,659dce4f66bf4ee0228513d024a4e287e9f1aa3957152332b1483ab0af67cb42,0.05943515803664923
direct_neighbor_ridge,0,0,0,0,0,0,False,5,"[""NAD"", ""aspartate"", ""citrulline"", ""hypoxanthine"", ""thymine""]",[],0,0,10,5,6,UMP,0,3,1.0,702,174,13,5,6.04453301980057,0.5234043492380395,False,9492e163b6ef19b0563b1ce8302b8e8794e2e4c9c8031c62ff9774a3f63f6f58,0.05623764800839126
direct_neighbor_ridge,0,0,0,0,0,0,False,5,"[""NAD"", ""aspartate"", ""citrulline"", ""hypoxanthine"", ""thymine""]",[],0,0,10,5,6,UMP,0,4,10.0,700,176,17,1,6.0070047598571445,0.5168236538621338,False,cf9883e99ee1b956d01c2cb42a4d284b982ce23065d3616a5e1cced359e41fb5,0.056150241987779737
direct_neighbor_ridge,0,0,0,0,0,0,False,5,"[""NAD"", ""aspartate"", ""citrulline"", ""hypoxanthine"", ""thymine""]",[],0,0,10,5,6,UMP,1,0,0.1,705,171,13,5,6.046802519858156,0.5194126213200596,False,32d2e2f547f707a9f12d899e65a934275c9f49020e10d214973126d05910ec9c,0.05829527205787599
direct_neighbor_ridge,0,0,0,0,0,0,False,5,"[""NAD"", ""aspartate"", ""citrulline"", ""hypoxanthine"", ""thymine""]",[],0,0,10,5,6,UMP,1,1,100.0,700,176,17,1,6.0070047598571445,0.5168236538621338,False,cf9883e99ee1b956d01c2cb42a4d284b982ce23065d3616a5e1cced359e41fb5,0.0561703210696578
direct_neighbor_ridge,0,0,0,0,0,0,False,5,"[""NAD"", ""aspartate"", ""citrulline"", ""hypoxanthine"", ""thymine""]",[],0,0,10,5,6,UMP,1,2,100.0,697,179,16,2,5.8803286489239595,0.3673249774248067,False,db1ab3680dcfc2deb10e2511ec28b70b27966d5a436d724be48267bcbf200acf,0.057348537957295775
direct_neighbor_ridge,0,0,0,0,0,0,False,5,"[""NAD"", ""aspartate"", ""citrulline"", ""hypoxanthine"", ""thymine""]",[],0,0,10,5,6,UMP,1,3,0.1,700,176,13,5,6.0201290528571425,0.508479905148374,False,659dce4f66bf4ee0228513d024a4e287e9f1aa3957152332b1483ab0af67cb42,0.06048730993643403
direct_neighbor_ridge,0,0,0,0,0,0,False,5,"[""NAD"", ""aspartate"", ""citrulline"", ""hypoxanthine"", ""thymine""]",[],0,0,10,5,6,UMP,1,4,0.1,702,174,13,5,6.04453301980057,0.5234043492380395,False,9492e163b6ef19b0563b1ce8302b8e8794e2e4c9c8031c62ff9774a3f63f6f58,0.057812422048300505
direct_neighbor_ridge,0,0,0,0,0,0,False,1,"[""proline""]",[],0,0,2,1,2,acetylcholine,0,0,100.0,697,179,16,2,5.659545420659971,0.9034786933874055,False,db1ab3680dcfc2deb10e2511ec28b70b27966d5a436d724be48267bcbf200acf,0.05140661098994315
direct_neighbor_ridge,0,0,0,0,0,0,False,1,"[""proline""]",[],0,0,2,1,2,acetylcholine,0,1,100.0,705,171,13,5,5.700987920851063,0.901549377737082,False,32d2e2f547f707a9f12d899e65a934275c9f49020e10d214973126d05910ec9c,0.05391199793666601
direct_neighbor_ridge,0,0,0,0,0,0,False,1,"[""proline""]",[],0,0,2,1,2,acetylcholine,0,2,10.0,700,176,13,5,5.708044984285714,0.9098811471364079,False,659dce4f66bf4ee0228513d024a4e287e9f1aa3957152332b1483ab0af67cb42,0.051398483105003834
direct_neighbor_ridge,0,0,0,0,0,0,False,1,"[""proline""]",[],0,0,2,1,2,acetylcholine,0,3,0.1,702,174,13,5,5.713083329344729,0.9000553995988789,False,9492e163b6ef19b0563b1ce8302b8e8794e2e4c9c8031c62ff9774a3f63f6f58,0.053700346034020185
direct_neighbor_ridge,0,0,0,0,0,0,False,1,"[""proline""]",[],0,0,2,1,2,acetylcholine,0,4,100.0,700,176,17,1,5.586330824285715,0.8863693262476297,False,cf9883e99ee1b956d01c2cb42a4d284b982ce23065d3616a5e1cced359e41fb5,0.05482720700092614
direct_neighbor_ridge,0,0,0,0,0,0,False,1,"[""proline""]",[],0,0,2,1,2,acetylcholine,1,0,100.0,705,171,13,5,5.700987920851063,0.901549377737082,False,32d2e2f547f707a9f12d899e65a934275c9f49020e10d214973126d05910ec9c,0.07207240397110581
direct_neighbor_ridge,0,0,0,0,0,0,False,1,"[""proline""]",[],0,0,2,1,2,acetylcholine,1,1,100.0,700,176,17,1,5.586330824285715,0.8863693262476297,False,cf9883e99ee1b956d01c2cb42a4d284b982ce23065d3616a5e1cced359e41fb5,0.0498075638897717
direct_neighbor_ridge,0,0,0,0,0,0,False,1,"[""proline""]",[],0,0,2,1,2,acetylcholine,1,2,100.0,697,179,16,2,5.659545420659971,0.9034786933874055,False,db1ab3680dcfc2deb10e2511ec28b70b27966d5a436d724be48267bcbf200acf,0.052812115056440234
direct_neighbor_ridge,0,0,0,0,0,0,False,1,"[""proline""]",[],0,0,2,1,2,acetylcholine,1,3,100.0,700,176,13,5,5.708044984285714,0.9098811471364079,False,659dce4f66bf4ee0228513d024a4e287e9f1aa3957152332b1483ab0af67cb42,0.0543575850315392
direct_neighbor_ridge,0,0,0,0,0,0,False,1,"[""proline""]",[],0,0,2,1,2,acetylcholine,1,4,0.1,702,174,13,5,5.713083329344729,0.9000553995988789,False,9492e163b6ef19b0563b1ce8302b8e8794e2e4c9c8031c62ff9774a3f63f6f58,0.058690316043794155
direct_neighbor_ridge,0,0,0,0,0,0,False,2,"[""adenosine"", ""inosine""]",[],0,0,4,2,3,aconitate,0,0,0.1,697,179,16,2,5.869085316068866,0.29352602161706304,False,db1ab3680dcfc2deb10e2511ec28b70b27966d5a436d724be48267bcbf200acf,0.06646737712435424
direct_neighbor_ridge,0,0,0,0,0,0,False,2,"[""adenosine"", ""inosine""]",[],0,0,4,2,3,aconitate,0,1,0.1,705,171,13,5,5.80245032141844,0.31475097153342196,False,32d2e2f547f707a9f12d899e65a934275c9f49020e10d214973126d05910ec9c,0.07633858197368681
direct_neighbor_ridge,0,0,0,0,0,0,False,2,"[""adenosine"", ""inosine""]",[],0,0,4,2,3,aconitate,0,2,0.1,700,176,13,5,5.810027651857142,0.305354314605211,False,659dce4f66bf4ee0228513d024a4e287e9f1aa3957152332b1483ab0af67cb42,0.055660442216321826
direct_neighbor_ridge,0,0,0,0,0,0,False,2,"[""adenosine"", ""inosine""]",[],0,0,4,2,3,aconitate,0,3,0.1,702,174,13,5,5.8194074274928775,0.30426103660559667,False,9492e163b6ef19b0563b1ce8302b8e8794e2e4c9c8031c62ff9774a3f63f6f58,0.048256032168865204
direct_neighbor_ridge,0,0,0,0,0,0,False,2,"[""adenosine"", ""inosine""]",[],0,0,4,2,3,aconitate,0,4,0.1,700,176,17,1,5.833991273857143,0.3116707085063351,False,cf9883e99ee1b956d01c2cb42a4d284b982ce23065d3616a5e1cced359e41fb5,0.05971194407902658
direct_neighbor_ridge,0,0,0,0,0,0,False,2,"[""adenosine"", ""inosine""]",[],0,0,4,2,3,aconitate,1,0,0.1,705,171,13,5,5.80245032141844,0.31475097153342196,False,32d2e2f547f707a9f12d899e65a934275c9f49020e10d214973126d05910ec9c,0.05263075791299343
direct_neighbor_ridge,0,0,0,0,0,0,False,2,"[""adenosine"", ""inosine""]",[],0,0,4,2,3,aconitate,1,1,0.1,700,176,17,1,5.833991273857143,0.3116707085063351,False,cf9883e99ee1b956d01c2cb42a4d284b982ce23065d3616a5e1cced359e41fb5,0.05051720608025789
direct_neighbor_ridge,0,0,0,0,0,0,False,2,"[""adenosine"", ""inosine""]",[],0,0,4,2,3,aconitate,1,2,0.1,697,179,16,2,5.869085316068866,0.29352602161706304,False,db1ab3680dcfc2deb10e2511ec28b70b27966d5a436d724be48267bcbf200acf,0.053367413114756346
direct_neighbor_ridge,0,0,0,0,0,0,False,2,"[""adenosine"", ""inosine""]",[],0,0,4,2,3,aconitate,1,3,0.1,700,176,13,5,5.810027651857142,0.305354314605211,False,659dce4f66bf4ee0228513d024a4e287e9f1aa3957152332b1483ab0af67cb42,0.0633097980171442
direct_neighbor_ridge,0,0,0,0,0,0,False,2,"[""adenosine"", ""inosine""]",[],0,0,4,2,3,aconitate,1,4,0.1,702,174,13,5,5.8194074274928775,0.30426103660559667,False,9492e163b6ef19b0563b1ce8302b8e8794e2e4c9c8031c62ff9774a3f63f6f58,0.0699069150723517
direct_neighbor_ridge,0,0,0,0,0,0,False,2,"[""glutamate"", ""phenylalanine""]",[],0,0,4,2,3,adenine,0,0,0.1,697,179,16,2,5.874204923529412,0.34214960869733474,False,db1ab3680dcfc2deb10e2511ec28b70b27966d5a436d724be48267bcbf200acf,0.07348343986086547
direct_neighbor_ridge,0,0,0,0,0,0,False,2,"[""glutamate"", ""phenylalanine""]",[],0,0,4,2,3,adenine,0,1,0.1,705,171,13,5,5.9312896307801415,0.3566075982980052,False,32d2e2f547f707a9f12d899e65a934275c9f49020e10d214973126d05910ec9c,0.07280361698940396
direct_neighbor_ridge,0,0,0,0,0,0,False,2,"[""glutamate"", ""phenylalanine""]",[],0,0,4,2,3,adenine,0,2,100.0,700,176,13,5,5.925568285714287,0.3546125934251921,False,659dce4f66bf4ee0228513d024a4e287e9f1aa3957152332b1483ab0af67cb42,0.0661775260232389
direct_neighbor_ridge,0,0,0,0,0,0,False,2,"[""glutamate"", ""phenylalanine""]",[],0,0,4,2,3,adenine,0,3,0.1,702,174,13,5,5.939394801851851,0.3634544913962929,False,9492e163b6ef19b0563b1ce8302b8e8794e2e4c9c8031c62ff9774a3f63f6f58,0.07560992520302534
direct_neighbor_ridge,0,0,0,0,0,0,False,2,"[""glutamate"", ""phenylalanine""]",[],0,0,4,2,3,adenine,0,4,0.1,700,176,17,1,5.922040124714285,0.3757034409504105,False,cf9883e99ee1b956d01c2cb42a4d284b982ce23065d3616a5e1cced359e41fb5,0.0517365369014442
direct_neighbor_ridge,0,0,0,0,0,0,False,2,"[""glutamate"", ""phenylalanine""]",[],0,0,4,2,3,adenine,1,0,0.1,705,171,13,5,5.9312896307801415,0.3566075982980052,False,32d2e2f547f707a9f12d899e65a934275c9f49020e10d214973126d05910ec9c,0.05542883393354714
direct_neighbor_ridge,0,0,0,0,0,0,False,2,"[""glutamate"", ""phenylalanine""]",[],0,0,4,2,3,adenine,1,1,0.1,700,176,17,1,5.922040124714285,0.3757034409504105,False,cf9883e99ee1b956d01c2cb42a4d284b982ce23065d3616a5e1cced359e41fb5,0.0708823490422219
direct_neighbor_ridge,0,0,0,0,0,0,False,2,"[""glutamate"", ""phenylalanine""]",[],0,0,4,2,3,adenine,1,2,0.1,697,179,16,2,5.874204923529412,0.34214960869733474,False,db1ab3680dcfc2deb10e2511ec28b70b27966d5a436d724be48267bcbf200acf,0.06928927800618112
direct_neighbor_ridge,0,0,0,0,0,0,False,2,"[""glutamate"", ""phenylalanine""]",[],0,0,4,2,3,adenine,1,3,0.1,700,176,13,5,5.925568285714287,0.3546125934251921,False,659dce4f66bf4ee0228513d024a4e287e9f1aa3957152332b1483ab0af67cb42,0.05929697398096323
direct_neighbor_ridge,0,0,0,0,0,0,False,2,"[""glutamate"", ""phenylalanine""]",[],0,0,4,2,3,adenine,1,4,0.1,702,174,13,5,5.939394801851851,0.3634544913962929,False,9492e163b6ef19b0563b1ce8302b8e8794e2e4c9c8031c62ff9774a3f63f6f58,0.063989139162004
direct_neighbor_ridge,0,0,0,0,0,0,False,4,"[""NAD"", ""alanine"", ""glucuronate"", ""glutamine""]",[],0,0,8,4,5,adenosine,0,0,100.0,697,179,16,2,5.889763096987087,0.5899105462602858,False,db1ab3680dcfc2deb10e2511ec28b70b27966d5a436d724be48267bcbf200acf,0.0555776699911803
direct_neighbor_ridge,0,0,0,0,0,0,False,4,"[""NAD"", ""alanine"", ""glucuronate"", ""glutamine""]",[],0,0,8,4,5,adenosine,0,1,100.0,705,171,13,5,5.826710083829787,0.5566391017151358,False,32d2e2f547f707a9f12d899e65a934275c9f49020e10d214973126d05910ec9c,0.05496370606124401
direct_neighbor_ridge,0,0,0,0,0,0,False,4,"[""NAD"", ""alanine"", ""glucuronate"", ""glutamine""]",[],0,0,8,4,5,adenosine,0,2,100.0,700,176,13,5,5.880261045142857,0.564616432252999,False,659dce4f66bf4ee0228513d024a4e287e9f1aa3957152332b1483ab0af67cb42,0.055819449946284294
direct_neighbor_ridge,0,0,0,0,0,0,False,4,"[""NAD"", ""alanine"", ""glucuronate"", ""glutamine""]",[],0,0,8,4,5,adenosine,0,3,100.0,702,174,13,5,5.8464648170940166,0.5743075987654248,False,9492e163b6ef19b0563b1ce8302b8e8794e2e4c9c8031c62ff9774a3f63f6f58,0.05649109301157296
direct_neighbor_ridge,0,0,0,0,0,0,False,4,"[""NAD"", ""alanine"", ""glucuronate"", ""glutamine""]",[],0,0,8,4,5,adenosine,0,4,100.0,700,176,17,1,5.822932310714286,0.5820115277556642,False,cf9883e99ee1b956d01c2cb42a4d284b982ce23065d3616a5e1cced359e41fb5,0.06160048907622695
direct_neighbor_ridge,0,0,0,0,0,0,False,4,"[""NAD"", ""alanine"", ""glucuronate"", ""glutamine""]",[],0,0,8,4,5,adenosine,1,0,100.0,705,171,13,5,5.826710083829787,0.5566391017151358,False,32d2e2f547f707a9f12d899e65a934275c9f49020e10d214973126d05910ec9c,0.056333109037950635
direct_neighbor_ridge,0,0,0,0,0,0,False,4,"[""NAD"", ""alanine"", ""glucuronate"", ""glutamine""]",[],0,0,8,4,5,adenosine,1,1,100.0,700,176,17,1,5.822932310714286,0.5820115277556642,False,cf9883e99ee1b956d01c2cb42a4d284b982ce23065d3616a5e1cced359e41fb5,0.061370700830593705
direct_neighbor_ridge,0,0,0,0,0,0,False,4,"[""NAD"", ""alanine"", ""glucuronate"", ""glutamine""]",[],0,0,8,4,5,adenosine,1,2,0.1,697,179,16,2,5.889763096987087,0.5899105462602858,False,db1ab3680dcfc2deb10e2511ec28b70b27966d5a436d724be48267bcbf200acf,0.06261214194819331
direct_neighbor_ridge,0,0,0,0,0,0,False,4,"[""NAD"", ""alanine"", ""glucuronate"", ""glutamine""]",[],0,0,8,4,5,adenosine,1,3,100.0,700,176,13,5,5.880261045142857,0.564616432252999,False,659dce4f66bf4ee0228513d024a4e287e9f1aa3957152332b1483ab0af67cb42,0.04843881702981889
direct_neighbor_ridge,0,0,0,0,0,0,False,4,"[""NAD"", ""alanine"", ""glucuronate"", ""glutamine""]",[],0,0,8,4,5,adenosine,1,4,1.0,702,174,13,5,5.8464648170940166,0.5743075987654248,False,9492e163b6ef19b0563b1ce8302b8e8794e2e4c9c8031c62ff9774a3f63f6f58,0.058289024978876114
direct_neighbor_ridge,0,0,0,0,0,0,False,5,"[""NAD"", ""adenine"", ""arginine"", ""beta-alanine"", ""uridine""]",[],0,0,10,5,6,alanine,0,0,100.0,697,179,16,2,5.909789567575323,0.3726797820270718,False,db1ab3680dcfc2deb10e2511ec28b70b27966d5a436d724be48267bcbf200acf,0.0605497220531106
direct_neighbor_ridge,0,0,0,0,0,0,False,5,"[""NAD"", ""adenine"", ""arginine"", ""beta-alanine"", ""uridine""]",[],0,0,10,5,6,alanine,0,1,100.0,705,171,13,5,5.858488998156029,0.3904771460922022,False,32d2e2f547f707a9f12d899e65a934275c9f49020e10d214973126d05910ec9c,0.06399260810576379
direct_neighbor_ridge,0,0,0,0,0,0,False,5,"[""NAD"", ""adenine"", ""arginine"", ""beta-alanine"", ""uridine""]",[],0,0,10,5,6,alanine,0,2,100.0,700,176,13,5,5.822541076857142,0.38433692877401887,False,659dce4f66bf4ee0228513d024a4e287e9f1aa3957152332b1483ab0af67cb42,0.05443832417950034
direct_neighbor_ridge,0,0,0,0,0,0,False,5,"[""NAD"", ""adenine"", ""arginine"", ""beta-alanine"", ""uridine""]",[],0,0,10,5,6,alanine,0,3,100.0,702,174,13,5,5.857928736894587,0.3876645862607939,False,9492e163b6ef19b0563b1ce8302b8e8794e2e4c9c8031c62ff9774a3f63f6f58,0.059181445045396686
direct_neighbor_ridge,0,0,0,0,0,0,False,5,"[""NAD"", ""adenine"", ""arginine"", ""beta-alanine"", ""uridine""]",[],0,0,10,5,6,alanine,0,4,100.0,700,176,17,1,5.8615306351428575,0.38301923456583287,False,cf9883e99ee1b956d01c2cb42a4d284b982ce23065d3616a5e1cced359e41fb5,0.05555668496526778
direct_neighbor_ridge,0,0,0,0,0,0,False,5,"[""NAD"", ""adenine"", ""arginine"", ""beta-alanine"", ""uridine""]",[],0,0,10,5,6,alanine,1,0,100.0,705,171,13,5,5.858488998156029,0.3904771460922022,False,32d2e2f547f707a9f12d899e65a934275c9f49020e10d214973126d05910ec9c,0.06605107407085598
direct_neighbor_ridge,0,0,0,0,0,0,False,5,"[""NAD"", ""adenine"", ""arginine"", ""beta-alanine"", ""uridine""]",[],0,0,10,5,6,alanine,1,1,100.0,700,176,17,1,5.8615306351428575,0.38301923456583287,False,cf9883e99ee1b956d01c2cb42a4d284b982ce23065d3616a5e1cced359e41fb5,0.05589351197704673
direct_neighbor_ridge,0,0,0,0,0,0,False,5,"[""NAD"", ""adenine"", ""arginine"", ""beta-alanine"", ""uridine""]",[],0,0,10,5,6,alanine,1,2,100.0,697,179,16,2,5.909789567575323,0.3726797820270718,False,db1ab3680dcfc2deb10e2511ec28b70b27966d5a436d724be48267bcbf200acf,0.05863119103014469
direct_neighbor_ridge,0,0,0,0,0,0,False,5,"[""NAD"", ""adenine"", ""arginine"", ""beta-alanine"", ""uridine""]",[],0,0,10,5,6,alanine,1,3,100.0,700,176,13,5,5.822541076857142,0.38433692877401887,False,659dce4f66bf4ee0228513d024a4e287e9f1aa3957152332b1483ab0af67cb42,0.06602125498466194
direct_neighbor_ridge,0,0,0,0,0,0,False,5,"[""NAD"", ""adenine"", ""arginine"", ""beta-alanine"", ""uridine""]",[],0,0,10,5,6,alanine,1,4,100.0,702,174,13,5,5.857928736894587,0.3876645862607939,False,9492e163b6ef19b0563b1ce8302b8e8794e2e4c9c8031c62ff9774a3f63f6f58,0.06164078903384507
direct_neighbor_ridge,0,0,0,0,0,0,False,4,"[""AMP"", ""GMP"", ""alanine"", ""beta-alanine""]",[],0,0,8,4,5,arginine,0,0,100.0,697,179,16,2,5.863509545050215,0.2892319453010906,False,db1ab3680dcfc2deb10e2511ec28b70b27966d5a436d724be48267bcbf200acf,0.07914206804707646
direct_neighbor_ridge,0,0,0,0,0,0,False,4,"[""AMP"", ""GMP"", ""alanine"", ""beta-alanine""]",[],0,0,8,4,5,arginine,0,1,100.0,705,171,13,5,5.815171706666666,0.31845379830911313,False,32d2e2f547f707a9f12d899e65a934275c9f49020e10d214973126d05910ec9c,0.0656730521004647
direct_neighbor_ridge,0,0,0,0,0,0,False,4,"[""AMP"", ""GMP"", ""alanine"", ""beta-alanine""]",[],0,0,8,4,5,arginine,0,2,100.0,700,176,13,5,5.805769005428571,0.30185736890451725,False,659dce4f66bf4ee0228513d024a4e287e9f1aa3957152332b1483ab0af67cb42,0.05845746211707592
direct_neighbor_ridge,0,0,0,0,0,0,False,4,"[""AMP"", ""GMP"", ""alanine"", ""beta-alanine""]",[],0,0,8,4,5,arginine,0,3,100.0,702,174,13,5,5.817618240883191,0.30757781466220807,False,9492e163b6ef19b0563b1ce8302b8e8794e2e4c9c8031c62ff9774a3f63f6f58,0.06451802607625723
direct_neighbor_ridge,0,0,0,0,0,0,False,4,"[""AMP"", ""GMP"", ""alanine"", ""beta-alanine""]",[],0,0,8,4,5,arginine,0,4,10.0,700,176,17,1,5.814149637428571,0.29315784153849683,False,cf9883e99ee1b956d01c2cb42a4d284b982ce23065d3616a5e1cced359e41fb5,0.05700474209152162
direct_neighbor_ridge,0,0,0,0,0,0,False,4,"[""AMP"", ""GMP"", ""alanine"", ""beta-alanine""]",[],0,0,8,4,5,arginine,1,0,100.0,705,171,13,5,5.815171706666666,0.31845379830911313,False,32d2e2f547f707a9f12d899e65a934275c9f49020e10d214973126d05910ec9c,0.04970580409280956
direct_neighbor_ridge,0,0,0,0,0,0,False,4,"[""AMP"", ""GMP"", ""alanine"", ""beta-alanine""]",[],0,0,8,4,5,arginine,1,1,10.0,700,176,17,1,5.814149637428571,0.29315784153849683,False,cf9883e99ee1b956d01c2cb42a4d284b982ce23065d3616a5e1cced359e41fb5,0.06124916905537248
direct_neighbor_ridge,0,0,0,0,0,0,False,4,"[""AMP"", ""GMP"", ""alanine"", ""beta-alanine""]",[],0,0,8,4,5,arginine,1,2,100.0,697,179,16,2,5.863509545050215,0.2892319453010906,False,db1ab3680dcfc2deb10e2511ec28b70b27966d5a436d724be48267bcbf200acf,0.06647235108539462
direct_neighbor_ridge,0,0,0,0,0,0,False,4,"[""AMP"", ""GMP"", ""alanine"", ""beta-alanine""]",[],0,0,8,4,5,arginine,1,3,100.0,700,176,13,5,5.805769005428571,0.30185736890451725,False,659dce4f66bf4ee0228513d024a4e287e9f1aa3957152332b1483ab0af67cb42,0.05754828406497836
direct_neighbor_ridge,0,0,0,0,0,0,False,4,"[""AMP"", ""GMP"", ""alanine"", ""beta-alanine""]",[],0,0,8,4,5,arginine,1,4,100.0,702,174,13,5,5.817618240883191,0.30757781466220807,False,9492e163b6ef19b0563b1ce8302b8e8794e2e4c9c8031c62ff9774a3f63f6f58,0.05988737288862467
direct_neighbor_ridge,0,0,0,0,0,0,False,1,"[""homocysteine""]",[],0,0,2,1,2,asparagine,0,0,100.0,697,179,16,2,5.770933249067432,0.5547028758197723,False,db1ab3680dcfc2deb10e2511ec28b70b27966d5a436d724be48267bcbf200acf,0.051455315900966525
direct_neighbor_ridge,0,0,0,0,0,0,False,1,"[""homocysteine""]",[],0,0,2,1,2,asparagine,0,1,0.1,705,171,13,5,5.822742776737589,0.5073316430090837,False,32d2e2f547f707a9f12d899e65a934275c9f49020e10d214973126d05910ec9c,0.050554641988128424
direct_neighbor_ridge,0,0,0,0,0,0,False,1,"[""homocysteine""]",[],0,0,2,1,2,asparagine,0,2,100.0,700,176,13,5,5.760654128285714,0.5062160501130749,False,659dce4f66bf4ee0228513d024a4e287e9f1aa3957152332b1483ab0af67cb42,0.05234421091154218
direct_neighbor_ridge,0,0,0,0,0,0,False,1,"[""homocysteine""]",[],0,0,2,1,2,asparagine,0,3,0.1,702,174,13,5,5.834951135327635,0.4986691932677111,False,9492e163b6ef19b0563b1ce8302b8e8794e2e4c9c8031c62ff9774a3f63f6f58,0.05066865310072899
direct_neighbor_ridge,0,0,0,0,0,0,False,1,"[""homocysteine""]",[],0,0,2,1,2,asparagine,0,4,0.1,700,176,17,1,5.7793045951428565,0.5296973350103227,False,cf9883e99ee1b956d01c2cb42a4d284b982ce23065d3616a5e1cced359e41fb5,0.05287842685356736
direct_neighbor_ridge,0,0,0,0,0,0,False,1,"[""homocysteine""]",[],0,0,2,1,2,asparagine,1,0,0.1,705,171,13,5,5.822742776737589,0.5073316430090837,False,32d2e2f547f707a9f12d899e65a934275c9f49020e10d214973126d05910ec9c,0.05146602797321975
direct_neighbor_ridge,0,0,0,0,0,0,False,1,"[""homocysteine""]",[],0,0,2,1,2,asparagine,1,1,100.0,700,176,17,1,5.7793045951428565,0.5296973350103227,False,cf9883e99ee1b956d01c2cb42a4d284b982ce23065d3616a5e1cced359e41fb5,0.07097833300940692
direct_neighbor_ridge,0,0,0,0,0,0,False,1,"[""homocysteine""]",[],0,0,2,1,2,asparagine,1,2,0.1,697,179,16,2,5.770933249067432,0.5547028758197723,False,db1ab3680dcfc2deb10e2511ec28b70b27966d5a436d724be48267bcbf200acf,0.0551701111253351
direct_neighbor_ridge,0,0,0,0,0,0,False,1,"[""homocysteine""]",[],0,0,2,1,2,asparagine,1,3,100.0,700,176,13,5,5.760654128285714,0.5062160501130749,False,659dce4f66bf4ee0228513d024a4e287e9f1aa3957152332b1483ab0af67cb42,0.05007730703800917
direct_neighbor_ridge,0,0,0,0,0,0,False,1,"[""homocysteine""]",[],0,0,2,1,2,asparagine,1,4,0.1,702,174,13,5,5.834951135327635,0.4986691932677111,False,9492e163b6ef19b0563b1ce8302b8e8794e2e4c9c8031c62ff9774a3f63f6f58,0.05232607293874025
direct_neighbor_ridge,0,0,0,0,0,0,False,5,"[""CMP"", ""NAD"", ""NADP"", ""acetylcholine"", ""glycine""]",[],0,0,10,5,6,aspartate,0,0,100.0,697,179,16,2,5.880295525824964,0.31459989253788373,False,db1ab3680dcfc2deb10e2511ec28b70b27966d5a436d724be48267bcbf200acf,0.05765770981088281
direct_neighbor_ridge,0,0,0,0,0,0,False,5,"[""CMP"", ""NAD"", ""NADP"", ""acetylcholine"", ""glycine""]",[],0,0,10,5,6,aspartate,0,1,100.0,705,171,13,5,5.874632417021277,0.31483712856725005,False,32d2e2f547f707a9f12d899e65a934275c9f49020e10d214973126d05910ec9c,0.05477739893831313
direct_neighbor_ridge,0,0,0,0,0,0,False,5,"[""CMP"", ""NAD"", ""NADP"", ""acetylcholine"", ""glycine""]",[],0,0,10,5,6,aspartate,0,2,100.0,700,176,13,5,5.847491705857142,0.3070662955662841,False,659dce4f66bf4ee0228513d024a4e287e9f1aa3957152332b1483ab0af67cb42,0.05649723298847675
direct_neighbor_ridge,0,0,0,0,0,0,False,5,"[""CMP"", ""NAD"", ""NADP"", ""acetylcholine"", ""glycine""]",[],0,0,10,5,6,aspartate,0,3,100.0,702,174,13,5,5.891541375356125,0.30470940794430695,False,9492e163b6ef19b0563b1ce8302b8e8794e2e4c9c8031c62ff9774a3f63f6f58,0.05837590200826526
direct_neighbor_ridge,0,0,0,0,0,0,False,5,"[""CMP"", ""NAD"", ""NADP"", ""acetylcholine"", ""glycine""]",[],0,0,10,5,6,aspartate,0,4,100.0,700,176,17,1,5.858449629857143,0.3205310760569602,False,cf9883e99ee1b956d01c2cb42a4d284b982ce23065d3616a5e1cced359e41fb5,0.06053039408288896
direct_neighbor_ridge,0,0,0,0,0,0,False,5,"[""CMP"", ""NAD"", ""NADP"", ""acetylcholine"", ""glycine""]",[],0,0,10,5,6,aspartate,1,0,100.0,705,171,13,5,5.874632417021277,0.31483712856725005,False,32d2e2f547f707a9f12d899e65a934275c9f49020e10d214973126d05910ec9c,0.059326753951609135
direct_neighbor_ridge,0,0,0,0,0,0,False,5,"[""CMP"", ""NAD"", ""NADP"", ""acetylcholine"", ""glycine""]",[],0,0,10,5,6,aspartate,1,1,100.0,700,176,17,1,5.858449629857143,0.3205310760569602,False,cf9883e99ee1b956d01c2cb42a4d284b982ce23065d3616a5e1cced359e41fb5,0.06490382482297719
direct_neighbor_ridge,0,0,0,0,0,0,False,5,"[""CMP"", ""NAD"", ""NADP"", ""acetylcholine"", ""glycine""]",[],0,0,10,5,6,aspartate,1,2,100.0,697,179,16,2,5.880295525824964,0.31459989253788373,False,db1ab3680dcfc2deb10e2511ec28b70b27966d5a436d724be48267bcbf200acf,0.05517550208605826
direct_neighbor_ridge,0,0,0,0,0,0,False,5,"[""CMP"", ""NAD"", ""NADP"", ""acetylcholine"", ""glycine""]",[],0,0,10,5,6,aspartate,1,3,100.0,700,176,13,5,5.847491705857142,0.3070662955662841,False,659dce4f66bf4ee0228513d024a4e287e9f1aa3957152332b1483ab0af67cb42,0.06612887908704579
direct_neighbor_ridge,0,0,0,0,0,0,False,5,"[""CMP"", ""NAD"", ""NADP"", ""acetylcholine"", ""glycine""]",[],0,0,10,5,6,aspartate,1,4,100.0,702,174,13,5,5.891541375356125,0.30470940794430695,False,9492e163b6ef19b0563b1ce8302b8e8794e2e4c9c8031c62ff9774a3f63f6f58,0.05980509100481868
direct_neighbor_ridge,0,0,0,0,0,0,False,7,"[""CMP"", ""UMP"", ""alanine"", ""betaine"", ""glycine"", ""kynurenine"", ""uracil""]",[],0,0,14,7,8,beta-alanine,0,0,0.1,697,179,16,2,5.89606564619799,0.38552157905093615,False,db1ab3680dcfc2deb10e2511ec28b70b27966d5a436d724be48267bcbf200acf,0.07303648185916245
direct_neighbor_ridge,0,0,0,0,0,0,False,7,"[""CMP"", ""UMP"", ""alanine"", ""betaine"", ""glycine"", ""kynurenine"", ""uracil""]",[],0,0,14,7,8,beta-alanine,0,1,100.0,705,171,13,5,5.88588785106383,0.37906560080676954,False,32d2e2f547f707a9f12d899e65a934275c9f49020e10d214973126d05910ec9c,0.06792375794611871
direct_neighbor_ridge,0,0,0,0,0,0,False,7,"[""CMP"", ""UMP"", ""alanine"", ""betaine"", ""glycine"", ""kynurenine"", ""uracil""]",[],0,0,14,7,8,beta-alanine,0,2,100.0,700,176,13,5,5.858867382571429,0.37488335636279413,False,659dce4f66bf4ee0228513d024a4e287e9f1aa3957152332b1483ab0af67cb42,0.1029897031839937
direct_neighbor_ridge,0,0,0,0,0,0,False,7,"[""CMP"", ""UMP"", ""alanine"", ""betaine"", ""glycine"", ""kynurenine"", ""uracil""]",[],0,0,14,7,8,beta-alanine,0,3,10.0,702,174,13,5,5.889754005413106,0.3645264448798111,False,9492e163b6ef19b0563b1ce8302b8e8794e2e4c9c8031c62ff9774a3f63f6f58,0.07446837495081127
direct_neighbor_ridge,0,0,0,0,0,0,False,7,"[""CMP"", ""UMP"", ""alanine"", ""betaine"", ""glycine"", ""kynurenine"", ""uracil""]",[],0,0,14,7,8,beta-alanine,0,4,100.0,700,176,17,1,5.876934778285714,0.37122422318563114,False,cf9883e99ee1b956d01c2cb42a4d284b982ce23065d3616a5e1cced359e41fb5,0.062040822114795446
direct_neighbor_ridge,0,0,0,0,0,0,False,7,"[""CMP"", ""UMP"", ""alanine"", ""betaine"", ""glycine"", ""kynurenine"", ""uracil""]",[],0,0,14,7,8,beta-alanine,1,0,100.0,705,171,13,5,5.88588785106383,0.37906560080676954,False,32d2e2f547f707a9f12d899e65a934275c9f49020e10d214973126d05910ec9c,0.061474265065044165
direct_neighbor_ridge,0,0,0,0,0,0,False,7,"[""CMP"", ""UMP"", ""alanine"", ""betaine"", ""glycine"", ""kynurenine"", ""uracil""]",[],0,0,14,7,8,beta-alanine,1,1,10.0,700,176,17,1,5.876934778285714,0.37122422318563114,False,cf9883e99ee1b956d01c2cb42a4d284b982ce23065d3616a5e1cced359e41fb5,0.06482329498976469
direct_neighbor_ridge,0,0,0,0,0,0,False,7,"[""CMP"", ""UMP"", ""alanine"", ""betaine"", ""glycine"", ""kynurenine"", ""uracil""]",[],0,0,14,7,8,beta-alanine,1,2,0.1,697,179,16,2,5.89606564619799,0.38552157905093615,False,db1ab3680dcfc2deb10e2511ec28b70b27966d5a436d724be48267bcbf200acf,0.07329061487689614
direct_neighbor_ridge,0,0,0,0,0,0,False,7,"[""CMP"", ""UMP"", ""alanine"", ""betaine"", ""glycine"", ""kynurenine"", ""uracil""]",[],0,0,14,7,8,beta-alanine,1,3,100.0,700,176,13,5,5.858867382571429,0.37488335636279413,False,659dce4f66bf4ee0228513d024a4e287e9f1aa3957152332b1483ab0af67cb42,0.06555443606339395
direct_neighbor_ridge,0,0,0,0,0,0,False,7,"[""CMP"", ""UMP"", ""alanine"", ""betaine"", ""glycine"", ""kynurenine"", ""uracil""]",[],0,0,14,7,8,beta-alanine,1,4,1.0,702,174,13,5,5.889754005413106,0.3645264448798111,False,9492e163b6ef19b0563b1ce8302b8e8794e2e4c9c8031c62ff9774a3f63f6f58,0.06503529101610184
direct_neighbor_ridge,0,0,0,0,0,0,False,5,"[""AMP"", ""CMP"", ""alanine"", ""glutamate"", ""phenylalanine""]",[],0,0,10,5,6,betaine,0,0,100.0,697,179,16,2,5.8714377137733145,0.18159899344090086,False,db1ab3680dcfc2deb10e2511ec28b70b27966d5a436d724be48267bcbf200acf,0.05951340403407812
direct_neighbor_ridge,0,0,0,0,0,0,False,5,"[""AMP"", ""CMP"", ""alanine"", ""glutamate"", ""phenylalanine""]",[],0,0,10,5,6,betaine,0,1,100.0,705,171,13,5,5.844790105815603,0.2090158756680175,False,32d2e2f547f707a9f12d899e65a934275c9f49020e10d214973126d05910ec9c,0.06324129900895059
direct_neighbor_ridge,0,0,0,0,0,0,False,5,"[""AMP"", ""CMP"", ""alanine"", ""glutamate"", ""phenylalanine""]",[],0,0,10,5,6,betaine,0,2,100.0,700,176,13,5,5.823641747,0.19709735634486064,False,659dce4f66bf4ee0228513d024a4e287e9f1aa3957152332b1483ab0af67cb42,0.06220615189522505
direct_neighbor_ridge,0,0,0,0,0,0,False,5,"[""AMP"", ""CMP"", ""alanine"", ""glutamate"", ""phenylalanine""]",[],0,0,10,5,6,betaine,0,3,100.0,702,174,13,5,5.841853994301995,0.20015594660079908,False,9492e163b6ef19b0563b1ce8302b8e8794e2e4c9c8031c62ff9774a3f63f6f58,0.07025579293258488
direct_neighbor_ridge,0,0,0,0,0,0,False,5,"[""AMP"", ""CMP"", ""alanine"", ""glutamate"", ""phenylalanine""]",[],0,0,10,5,6,betaine,0,4,100.0,700,176,17,1,5.841625063428572,0.19284290121241865,False,cf9883e99ee1b956d01c2cb42a4d284b982ce23065d3616a5e1cced359e41fb5,0.0686585190705955
direct_neighbor_ridge,0,0,0,0,0,0,False,5,"[""AMP"", ""CMP"", ""alanine"", ""glutamate"", ""phenylalanine""]",[],0,0,10,5,6,betaine,1,0,100.0,705,171,13,5,5.844790105815603,0.2090158756680175,False,32d2e2f547f707a9f12d899e65a934275c9f49020e10d214973126d05910ec9c,0.0598442901391536
direct_neighbor_ridge,0,0,0,0,0,0,False,5,"[""AMP"", ""CMP"", ""alanine"", ""glutamate"", ""phenylalanine""]",[],0,0,10,5,6,betaine,1,1,100.0,700,176,17,1,5.841625063428572,0.19284290121241865,False,cf9883e99ee1b956d01c2cb42a4d284b982ce23065d3616a5e1cced359e41fb5,0.05613573989830911
direct_neighbor_ridge,0,0,0,0,0,0,False,5,"[""AMP"", ""CMP"", ""alanine"", ""glutamate"", ""phenylalanine""]",[],0,0,10,5,6,betaine,1,2,100.0,697,179,16,2,5.8714377137733145,0.18159899344090086,False,db1ab3680dcfc2deb10e2511ec28b70b27966d5a436d724be48267bcbf200acf,0.05771317915059626
direct_neighbor_ridge,0,0,0,0,0,0,False,5,"[""AMP"", ""CMP"", ""alanine"", ""glutamate"", ""phenylalanine""]",[],0,0,10,5,6,betaine,1,3,100.0,700,176,13,5,5.823641747,0.19709735634486064,False,659dce4f66bf4ee0228513d024a4e287e9f1aa3957152332b1483ab0af67cb42,0.05920607806183398
direct_neighbor_ridge,0,0,0,0,0,0,False,5,"[""AMP"", ""CMP"", ""alanine"", ""glutamate"", ""phenylalanine""]",[],0,0,10,5,6,betaine,1,4,100.0,702,174,13,5,5.841853994301995,0.20015594660079908,False,9492e163b6ef19b0563b1ce8302b8e8794e2e4c9c8031c62ff9774a3f63f6f58,0.05573179991915822
direct_neighbor_ridge,0,0,0,0,0,0,False,1,"[""glutamate""]",[],0,0,2,1,2,cAMP,0,0,100.0,697,179,16,2,5.950858155093256,0.2858460941092765,False,db1ab3680dcfc2deb10e2511ec28b70b27966d5a436d724be48267bcbf200acf,0.05396435805596411
direct_neighbor_ridge,0,0,0,0,0,0,False,1,"[""glutamate""]",[],0,0,2,1,2,cAMP,0,1,0.1,705,171,13,5,5.9900215581560285,0.2949595974021159,False,32d2e2f547f707a9f12d899e65a934275c9f49020e10d214973126d05910ec9c,0.05504094297066331
direct_neighbor_ridge,0,0,0,0,0,0,False,1,"[""glutamate""]",[],0,0,2,1,2,cAMP,0,2,100.0,700,176,13,5,5.979318919714286,0.3061051247886878,False,659dce4f66bf4ee0228513d024a4e287e9f1aa3957152332b1483ab0af67cb42,0.05374294379726052
direct_neighbor_ridge,0,0,0,0,0,0,False,1,"[""glutamate""]",[],0,0,2,1,2,cAMP,0,3,100.0,702,174,13,5,5.992108657692308,0.3013222098747822,False,9492e163b6ef19b0563b1ce8302b8e8794e2e4c9c8031c62ff9774a3f63f6f58,0.05386546486988664
direct_neighbor_ridge,0,0,0,0,0,0,False,1,"[""glutamate""]",[],0,0,2,1,2,cAMP,0,4,100.0,700,176,17,1,6.001160348428571,0.2957637599772958,False,cf9883e99ee1b956d01c2cb42a4d284b982ce23065d3616a5e1cced359e41fb5,0.04434158303774893
direct_neighbor_ridge,0,0,0,0,0,0,False,1,"[""glutamate""]",[],0,0,2,1,2,cAMP,1,0,0.1,705,171,13,5,5.9900215581560285,0.2949595974021159,False,32d2e2f547f707a9f12d899e65a934275c9f49020e10d214973126d05910ec9c,0.05122099397704005
direct_neighbor_ridge,0,0,0,0,0,0,False,1,"[""glutamate""]",[],0,0,2,1,2,cAMP,1,1,0.1,700,176,17,1,6.001160348428571,0.2957637599772958,False,cf9883e99ee1b956d01c2cb42a4d284b982ce23065d3616a5e1cced359e41fb5,0.05339372903108597
direct_neighbor_ridge,0,0,0,0,0,0,False,1,"[""glutamate""]",[],0,0,2,1,2,cAMP,1,2,10.0,697,179,16,2,5.950858155093256,0.2858460941092765,False,db1ab3680dcfc2deb10e2511ec28b70b27966d5a436d724be48267bcbf200acf,0.050563076976686716
direct_neighbor_ridge,0,0,0,0,0,0,False,1,"[""glutamate""]",[],0,0,2,1,2,cAMP,1,3,0.1,700,176,13,5,5.979318919714286,0.3061051247886878,False,659dce4f66bf4ee0228513d024a4e287e9f1aa3957152332b1483ab0af67cb42,0.05087164300493896
direct_neighbor_ridge,0,0,0,0,0,0,False,1,"[""glutamate""]",[],0,0,2,1,2,cAMP,1,4,100.0,702,174,13,5,5.992108657692308,0.3013222098747822,False,9492e163b6ef19b0563b1ce8302b8e8794e2e4c9c8031c62ff9774a3f63f6f58,0.05082403100095689
direct_neighbor_ridge,0,0,0,0,0,0,False,3,"[""glutamate"", ""glycine"", ""hypoxanthine""]",[],0,0,6,3,4,carnosine,0,0,100.0,697,179,16,2,5.848187210903874,0.3346815694032456,False,db1ab3680dcfc2deb10e2511ec28b70b27966d5a436d724be48267bcbf200acf,0.05437682801857591
direct_neighbor_ridge,0,0,0,0,0,0,False,3,"[""glutamate"", ""glycine"", ""hypoxanthine""]",[],0,0,6,3,4,carnosine,0,1,100.0,705,171,13,5,5.717911871205674,0.4169635505808757,False,32d2e2f547f707a9f12d899e65a934275c9f49020e10d214973126d05910ec9c,0.054538097931072116
direct_neighbor_ridge,0,0,0,0,0,0,False,3,"[""glutamate"", ""glycine"", ""hypoxanthine""]",[],0,0,6,3,4,carnosine,0,2,100.0,700,176,13,5,5.728871635,0.406759957033559,False,659dce4f66bf4ee0228513d024a4e287e9f1aa3957152332b1483ab0af67cb42,0.05570377199910581
direct_neighbor_ridge,0,0,0,0,0,0,False,3,"[""glutamate"", ""glycine"", ""hypoxanthine""]",[],0,0,6,3,4,carnosine,0,3,100.0,702,174,13,5,5.720513488319089,0.41215713156509043,False,9492e163b6ef19b0563b1ce8302b8e8794e2e4c9c8031c62ff9774a3f63f6f58,0.054290102794766426
direct_neighbor_ridge,0,0,0,0,0,0,False,3,"[""glutamate"", ""glycine"", ""hypoxanthine""]",[],0,0,6,3,4,carnosine,0,4,100.0,700,176,17,1,5.747184804428572,0.40402742531557306,False,cf9883e99ee1b956d01c2cb42a4d284b982ce23065d3616a5e1cced359e41fb5,0.052546225022524595
direct_neighbor_ridge,0,0,0,0,0,0,False,3,"[""glutamate"", ""glycine"", ""hypoxanthine""]",[],0,0,6,3,4,carnosine,1,0,100.0,705,171,13,5,5.717911871205674,0.4169635505808757,False,32d2e2f547f707a9f12d899e65a934275c9f49020e10d214973126d05910ec9c,0.0542317689396441
direct_neighbor_ridge,0,0,0,0,0,0,False,3,"[""glutamate"", ""glycine"", ""hypoxanthine""]",[],0,0,6,3,4,carnosine,1,1,100.0,700,176,17,1,5.747184804428572,0.40402742531557306,False,cf9883e99ee1b956d01c2cb42a4d284b982ce23065d3616a5e1cced359e41fb5,0.05325714987702668
direct_neighbor_ridge,0,0,0,0,0,0,False,3,"[""glutamate"", ""glycine"", ""hypoxanthine""]",[],0,0,6,3,4,carnosine,1,2,100.0,697,179,16,2,5.848187210903874,0.3346815694032456,False,db1ab3680dcfc2deb10e2511ec28b70b27966d5a436d724be48267bcbf200acf,0.05674641998484731
direct_neighbor_ridge,0,0,0,0,0,0,False,3,"[""glutamate"", ""glycine"", ""hypoxanthine""]",[],0,0,6,3,4,carnosine,1,3,100.0,700,176,13,5,5.728871635,0.406759957033559,False,659dce4f66bf4ee0228513d024a4e287e9f1aa3957152332b1483ab0af67cb42,0.06527885887771845
direct_neighbor_ridge,0,0,0,0,0,0,False,3,"[""glutamate"", ""glycine"", ""hypoxanthine""]",[],0,0,6,3,4,carnosine,1,4,100.0,702,174,13,5,5.720513488319089,0.41215713156509043,False,9492e163b6ef19b0563b1ce8302b8e8794e2e4c9c8031c62ff9774a3f63f6f58,0.10059446701779962
direct_neighbor_ridge,0,0,0,0,0,0,False,3,"[""AMP"", ""adenosine"", ""thymidine""]",[],0,0,6,3,4,choline,0,0,10.0,697,179,16,2,5.8239385981348635,0.338166872104974,False,db1ab3680dcfc2deb10e2511ec28b70b27966d5a436d724be48267bcbf200acf,0.05518355709500611
direct_neighbor_ridge,0,0,0,0,0,0,False,3,"[""AMP"", ""adenosine"", ""thymidine""]",[],0,0,6,3,4,choline,0,1,100.0,705,171,13,5,5.859232645531915,0.32003460065194833,False,32d2e2f547f707a9f12d899e65a934275c9f49020e10d214973126d05910ec9c,0.055880190804600716
direct_neighbor_ridge,0,0,0,0,0,0,False,3,"[""AMP"", ""adenosine"", ""thymidine""]",[],0,0,6,3,4,choline,0,2,100.0,700,176,13,5,5.867582237714285,0.32489858486978823,False,659dce4f66bf4ee0228513d024a4e287e9f1aa3957152332b1483ab0af67cb42,0.05569270090200007
direct_neighbor_ridge,0,0,0,0,0,0,False,3,"[""AMP"", ""adenosine"", ""thymidine""]",[],0,0,6,3,4,choline,0,3,100.0,702,174,13,5,5.8625390531339026,0.3226075591600372,False,9492e163b6ef19b0563b1ce8302b8e8794e2e4c9c8031c62ff9774a3f63f6f58,0.054249134147539735
direct_neighbor_ridge,0,0,0,0,0,0,False,3,"[""AMP"", ""adenosine"", ""thymidine""]",[],0,0,6,3,4,choline,0,4,100.0,700,176,17,1,5.852284691285713,0.32270601790601433,False,cf9883e99ee1b956d01c2cb42a4d284b982ce23065d3616a5e1cced359e41fb5,0.05215728282928467
direct_neighbor_ridge,0,0,0,0,0,0,False,3,"[""AMP"", ""adenosine"", ""thymidine""]",[],0,0,6,3,4,choline,1,0,100.0,705,171,13,5,5.859232645531915,0.32003460065194833,False,32d2e2f547f707a9f12d899e65a934275c9f49020e10d214973126d05910ec9c,0.053568788105621934
direct_neighbor_ridge,0,0,0,0,0,0,False,3,"[""AMP"", ""adenosine"", ""thymidine""]",[],0,0,6,3,4,choline,1,1,100.0,700,176,17,1,5.852284691285713,0.32270601790601433,False,cf9883e99ee1b956d01c2cb42a4d284b982ce23065d3616a5e1cced359e41fb5,0.053034290904179215
direct_neighbor_ridge,0,0,0,0,0,0,False,3,"[""AMP"", ""adenosine"", ""thymidine""]",[],0,0,6,3,4,choline,1,2,10.0,697,179,16,2,5.8239385981348635,0.338166872104974,False,db1ab3680dcfc2deb10e2511ec28b70b27966d5a436d724be48267bcbf200acf,0.05383456498384476
direct_neighbor_ridge,0,0,0,0,0,0,False,3,"[""AMP"", ""adenosine"", ""thymidine""]",[],0,0,6,3,4,choline,1,3,100.0,700,176,13,5,5.867582237714285,0.32489858486978823,False,659dce4f66bf4ee0228513d024a4e287e9f1aa3957152332b1483ab0af67cb42,0.054458349011838436
direct_neighbor_ridge,0,0,0,0,0,0,False,3,"[""AMP"", ""adenosine"", ""thymidine""]",[],0,0,6,3,4,choline,1,4,100.0,702,174,13,5,5.8625390531339026,0.3226075591600372,False,9492e163b6ef19b0563b1ce8302b8e8794e2e4c9c8031c62ff9774a3f63f6f58,0.0581726529635489
direct_neighbor_ridge,0,0,0,0,0,0,False,2,"[""glutamine"", ""xanthine""]",[],0,0,4,2,3,citrate,0,0,10.0,697,179,16,2,5.856802146628407,0.28662588456419313,False,db1ab3680dcfc2deb10e2511ec28b70b27966d5a436d724be48267bcbf200acf,0.0530911348760128
direct_neighbor_ridge,0,0,0,0,0,0,False,2,"[""glutamine"", ""xanthine""]",[],0,0,4,2,3,citrate,0,1,0.1,705,171,13,5,5.791562419007092,0.33160955849208257,False,32d2e2f547f707a9f12d899e65a934275c9f49020e10d214973126d05910ec9c,0.05279851099476218
direct_neighbor_ridge,0,0,0,0,0,0,False,2,"[""glutamine"", ""xanthine""]",[],0,0,4,2,3,citrate,0,2,0.1,700,176,13,5,5.796659042428571,0.3209738076981834,False,659dce4f66bf4ee0228513d024a4e287e9f1aa3957152332b1483ab0af67cb42,0.05064004799351096
direct_neighbor_ridge,0,0,0,0,0,0,False,2,"[""glutamine"", ""xanthine""]",[],0,0,4,2,3,citrate,0,3,0.1,702,174,13,5,5.816074590598291,0.3172362249439492,False,9492e163b6ef19b0563b1ce8302b8e8794e2e4c9c8031c62ff9774a3f63f6f58,0.051535387989133596
direct_neighbor_ridge,0,0,0,0,0,0,False,2,"[""glutamine"", ""xanthine""]",[],0,0,4,2,3,citrate,0,4,10.0,700,176,17,1,5.8187439961428575,0.3243083616569265,False,cf9883e99ee1b956d01c2cb42a4d284b982ce23065d3616a5e1cced359e41fb5,0.05177113902755082
direct_neighbor_ridge,0,0,0,0,0,0,False,2,"[""glutamine"", ""xanthine""]",[],0,0,4,2,3,citrate,1,0,0.1,705,171,13,5,5.791562419007092,0.33160955849208257,False,32d2e2f547f707a9f12d899e65a934275c9f49020e10d214973126d05910ec9c,0.04957611905410886
direct_neighbor_ridge,0,0,0,0,0,0,False,2,"[""glutamine"", ""xanthine""]",[],0,0,4,2,3,citrate,1,1,10.0,700,176,17,1,5.8187439961428575,0.3243083616569265,False,cf9883e99ee1b956d01c2cb42a4d284b982ce23065d3616a5e1cced359e41fb5,0.05219521699473262
direct_neighbor_ridge,0,0,0,0,0,0,False,2,"[""glutamine"", ""xanthine""]",[],0,0,4,2,3,citrate,1,2,10.0,697,179,16,2,5.856802146628407,0.28662588456419313,False,db1ab3680dcfc2deb10e2511ec28b70b27966d5a436d724be48267bcbf200acf,0.05094292713329196
direct_neighbor_ridge,0,0,0,0,0,0,False,2,"[""glutamine"", ""xanthine""]",[],0,0,4,2,3,citrate,1,3,10.0,700,176,13,5,5.796659042428571,0.3209738076981834,False,659dce4f66bf4ee0228513d024a4e287e9f1aa3957152332b1483ab0af67cb42,0.0520457171369344
direct_neighbor_ridge,0,0,0,0,0,0,False,2,"[""glutamine"", ""xanthine""]",[],0,0,4,2,3,citrate,1,4,0.1,702,174,13,5,5.816074590598291,0.3172362249439492,False,9492e163b6ef19b0563b1ce8302b8e8794e2e4c9c8031c62ff9774a3f63f6f58,0.05082909599877894
direct_neighbor_ridge,0,0,0,0,0,0,False,5,"[""CMP"", ""NAD"", ""betaine"", ""glutamate"", ""methionine""]",[],0,0,10,5,6,citrulline,0,0,10.0,697,179,16,2,5.850244435150646,0.2837581540578788,False,db1ab3680dcfc2deb10e2511ec28b70b27966d5a436d724be48267bcbf200acf,0.055349755799397826
direct_neighbor_ridge,0,0,0,0,0,0,False,5,"[""CMP"", ""NAD"", ""betaine"", ""glutamate"", ""methionine""]",[],0,0,10,5,6,citrulline,0,1,100.0,705,171,13,5,5.795729869078015,0.31706795344862154,False,32d2e2f547f707a9f12d899e65a934275c9f49020e10d214973126d05910ec9c,0.05724405194632709
direct_neighbor_ridge,0,0,0,0,0,0,False,5,"[""CMP"", ""NAD"", ""betaine"", ""glutamate"", ""methionine""]",[],0,0,10,5,6,citrulline,0,2,100.0,700,176,13,5,5.808392116714286,0.30975075225231685,False,659dce4f66bf4ee0228513d024a4e287e9f1aa3957152332b1483ab0af67cb42,0.05904966592788696
direct_neighbor_ridge,0,0,0,0,0,0,False,5,"[""CMP"", ""NAD"", ""betaine"", ""glutamate"", ""methionine""]",[],0,0,10,5,6,citrulline,0,3,10.0,702,174,13,5,5.80420118960114,0.30130689878614486,False,9492e163b6ef19b0563b1ce8302b8e8794e2e4c9c8031c62ff9774a3f63f6f58,0.057955623138695955
direct_neighbor_ridge,0,0,0,0,0,0,False,5,"[""CMP"", ""NAD"", ""betaine"", ""glutamate"", ""methionine""]",[],0,0,10,5,6,citrulline,0,4,100.0,700,176,17,1,5.817242098,0.2998443205544627,False,cf9883e99ee1b956d01c2cb42a4d284b982ce23065d3616a5e1cced359e41fb5,0.05813655094243586
direct_neighbor_ridge,0,0,0,0,0,0,False,5,"[""CMP"", ""NAD"", ""betaine"", ""glutamate"", ""methionine""]",[],0,0,10,5,6,citrulline,1,0,100.0,705,171,13,5,5.795729869078015,0.31706795344862154,False,32d2e2f547f707a9f12d899e65a934275c9f49020e10d214973126d05910ec9c,0.046354219084605575
direct_neighbor_ridge,0,0,0,0,0,0,False,5,"[""CMP"", ""NAD"", ""betaine"", ""glutamate"", ""methionine""]",[],0,0,10,5,6,citrulline,1,1,100.0,700,176,17,1,5.817242098,0.2998443205544627,False,cf9883e99ee1b956d01c2cb42a4d284b982ce23065d3616a5e1cced359e41fb5,0.05285470304079354
direct_neighbor_ridge,0,0,0,0,0,0,False,5,"[""CMP"", ""NAD"", ""betaine"", ""glutamate"", ""methionine""]",[],0,0,10,5,6,citrulline,1,2,10.0,697,179,16,2,5.850244435150646,0.2837581540578788,False,db1ab3680dcfc2deb10e2511ec28b70b27966d5a436d724be48267bcbf200acf,0.04313972615636885
direct_neighbor_ridge,0,0,0,0,0,0,False,5,"[""CMP"", ""NAD"", ""betaine"", ""glutamate"", ""methionine""]",[],0,0,10,5,6,citrulline,1,3,100.0,700,176,13,5,5.808392116714286,0.30975075225231685,False,659dce4f66bf4ee0228513d024a4e287e9f1aa3957152332b1483ab0af67cb42,0.045557888923212886
direct_neighbor_ridge,0,0,0,0,0,0,False,5,"[""CMP"", ""NAD"", ""betaine"", ""glutamate"", ""methionine""]",[],0,0,10,5,6,citrulline,1,4,100.0,702,174,13,5,5.80420118960114,0.30130689878614486,False,9492e163b6ef19b0563b1ce8302b8e8794e2e4c9c8031c62ff9774a3f63f6f58,0.05409124097786844
direct_neighbor_ridge,0,0,0,0,0,0,False,2,"[""carnosine"", ""dimethylglycine""]",[],0,0,4,2,3,cytidine,0,0,100.0,697,179,16,2,5.821940568292683,0.4881534049700528,False,db1ab3680dcfc2deb10e2511ec28b70b27966d5a436d724be48267bcbf200acf,0.05483525991439819
direct_neighbor_ridge,0,0,0,0,0,0,False,2,"[""carnosine"", ""dimethylglycine""]",[],0,0,4,2,3,cytidine,0,1,100.0,705,171,13,5,5.9433197194326235,0.5687678071111162,False,32d2e2f547f707a9f12d899e65a934275c9f49020e10d214973126d05910ec9c,0.05769517901353538
direct_neighbor_ridge,0,0,0,0,0,0,False,2,"[""carnosine"", ""dimethylglycine""]",[],0,0,4,2,3,cytidine,0,2,100.0,700,176,13,5,5.986364081142857,0.5599634922930096,False,659dce4f66bf4ee0228513d024a4e287e9f1aa3957152332b1483ab0af67cb42,0.06560351513326168
direct_neighbor_ridge,0,0,0,0,0,0,False,2,"[""carnosine"", ""dimethylglycine""]",[],0,0,4,2,3,cytidine,0,3,100.0,702,174,13,5,5.943676573361824,0.5762399457215668,False,9492e163b6ef19b0563b1ce8302b8e8794e2e4c9c8031c62ff9774a3f63f6f58,0.05799051187932491
direct_neighbor_ridge,0,0,0,0,0,0,False,2,"[""carnosine"", ""dimethylglycine""]",[],0,0,4,2,3,cytidine,0,4,100.0,700,176,17,1,5.943439289714285,0.5728846534204469,False,cf9883e99ee1b956d01c2cb42a4d284b982ce23065d3616a5e1cced359e41fb5,0.06378343096002936
direct_neighbor_ridge,0,0,0,0,0,0,False,2,"[""carnosine"", ""dimethylglycine""]",[],0,0,4,2,3,cytidine,1,0,100.0,705,171,13,5,5.9433197194326235,0.5687678071111162,False,32d2e2f547f707a9f12d899e65a934275c9f49020e10d214973126d05910ec9c,0.0518534230068326
direct_neighbor_ridge,0,0,0,0,0,0,False,2,"[""carnosine"", ""dimethylglycine""]",[],0,0,4,2,3,cytidine,1,1,100.0,700,176,17,1,5.943439289714285,0.5728846534204469,False,cf9883e99ee1b956d01c2cb42a4d284b982ce23065d3616a5e1cced359e41fb5,0.051183079835027456
direct_neighbor_ridge,0,0,0,0,0,0,False,2,"[""carnosine"", ""dimethylglycine""]",[],0,0,4,2,3,cytidine,1,2,100.0,697,179,16,2,5.821940568292683,0.4881534049700528,False,db1ab3680dcfc2deb10e2511ec28b70b27966d5a436d724be48267bcbf200acf,0.05121717392466962
direct_neighbor_ridge,0,0,0,0,0,0,False,2,"[""carnosine"", ""dimethylglycine""]",[],0,0,4,2,3,cytidine,1,3,100.0,700,176,13,5,5.986364081142857,0.5599634922930096,False,659dce4f66bf4ee0228513d024a4e287e9f1aa3957152332b1483ab0af67cb42,0.04940353496931493
direct_neighbor_ridge,0,0,0,0,0,0,False,2,"[""carnosine"", ""dimethylglycine""]",[],0,0,4,2,3,cytidine,1,4,100.0,702,174,13,5,5.943676573361824,0.5762399457215668,False,9492e163b6ef19b0563b1ce8302b8e8794e2e4c9c8031c62ff9774a3f63f6f58,0.06055794493295252
direct_neighbor_ridge,0,0,0,0,0,0,False,5,"[""AMP"", ""GMP"", ""UMP"", ""choline"", ""phenylalanine""]",[],0,0,10,5,6,dimethylglycine,0,0,100.0,697,179,16,2,5.842713994691535,0.2412852905128361,False,db1ab3680dcfc2deb10e2511ec28b70b27966d5a436d724be48267bcbf200acf,0.059353991178795695
direct_neighbor_ridge,0,0,0,0,0,0,False,5,"[""AMP"", ""GMP"", ""UMP"", ""choline"", ""phenylalanine""]",[],0,0,10,5,6,dimethylglycine,0,1,100.0,705,171,13,5,5.7773420750354605,0.2754153009172702,False,32d2e2f547f707a9f12d899e65a934275c9f49020e10d214973126d05910ec9c,0.06162349600344896
direct_neighbor_ridge,0,0,0,0,0,0,False,5,"[""AMP"", ""GMP"", ""UMP"", ""choline"", ""phenylalanine""]",[],0,0,10,5,6,dimethylglycine,0,2,100.0,700,176,13,5,5.776686067571429,0.2684533693166957,False,659dce4f66bf4ee0228513d024a4e287e9f1aa3957152332b1483ab0af67cb42,0.05864303489215672
direct_neighbor_ridge,0,0,0,0,0,0,False,5,"[""AMP"", ""GMP"", ""UMP"", ""choline"", ""phenylalanine""]",[],0,0,10,5,6,dimethylglycine,0,3,100.0,702,174,13,5,5.778814191452991,0.2645452231216455,False,9492e163b6ef19b0563b1ce8302b8e8794e2e4c9c8031c62ff9774a3f63f6f58,0.05839418899267912
direct_neighbor_ridge,0,0,0,0,0,0,False,5,"[""AMP"", ""GMP"", ""UMP"", ""choline"", ""phenylalanine""]",[],0,0,10,5,6,dimethylglycine,0,4,100.0,700,176,17,1,5.798933204428572,0.25781198933068716,False,cf9883e99ee1b956d01c2cb42a4d284b982ce23065d3616a5e1cced359e41fb5,0.056465149158611894
direct_neighbor_ridge,0,0,0,0,0,0,False,5,"[""AMP"", ""GMP"", ""UMP"", ""choline"", ""phenylalanine""]",[],0,0,10,5,6,dimethylglycine,1,0,100.0,705,171,13,5,5.7773420750354605,0.2754153009172702,False,32d2e2f547f707a9f12d899e65a934275c9f49020e10d214973126d05910ec9c,0.054359602043405175
direct_neighbor_ridge,0,0,0,0,0,0,False,5,"[""AMP"", ""GMP"", ""UMP"", ""choline"", ""phenylalanine""]",[],0,0,10,5,6,dimethylglycine,1,1,100.0,700,176,17,1,5.798933204428572,0.25781198933068716,False,cf9883e99ee1b956d01c2cb42a4d284b982ce23065d3616a5e1cced359e41fb5,0.06373164989054203
direct_neighbor_ridge,0,0,0,0,0,0,False,5,"[""AMP"", ""GMP"", ""UMP"", ""choline"", ""phenylalanine""]",[],0,0,10,5,6,dimethylglycine,1,2,100.0,697,179,16,2,5.842713994691535,0.2412852905128361,False,db1ab3680dcfc2deb10e2511ec28b70b27966d5a436d724be48267bcbf200acf,0.06355229811742902
direct_neighbor_ridge,0,0,0,0,0,0,False,5,"[""AMP"", ""GMP"", ""UMP"", ""choline"", ""phenylalanine""]",[],0,0,10,5,6,dimethylglycine,1,3,100.0,700,176,13,5,5.776686067571429,0.2684533693166957,False,659dce4f66bf4ee0228513d024a4e287e9f1aa3957152332b1483ab0af67cb42,0.058986803982406855
direct_neighbor_ridge,0,0,0,0,0,0,False,5,"[""AMP"", ""GMP"", ""UMP"", ""choline"", ""phenylalanine""]",[],0,0,10,5,6,dimethylglycine,1,4,100.0,702,174,13,5,5.778814191452991,0.2645452231216455,False,9492e163b6ef19b0563b1ce8302b8e8794e2e4c9c8031c62ff9774a3f63f6f58,0.05430979607626796
direct_neighbor_ridge,0,0,0,0,0,0,False,2,"[""glutamate"", ""tyrosine""]",[],0,0,4,2,3,glucuronate,0,0,100.0,697,179,16,2,5.875591368579626,0.21436797356403015,False,db1ab3680dcfc2deb10e2511ec28b70b27966d5a436d724be48267bcbf200acf,0.050863680196926
direct_neighbor_ridge,0,0,0,0,0,0,False,2,"[""glutamate"", ""tyrosine""]",[],0,0,4,2,3,glucuronate,0,1,100.0,705,171,13,5,5.8372711251063825,0.264059395571085,False,32d2e2f547f707a9f12d899e65a934275c9f49020e10d214973126d05910ec9c,0.05316487397067249
direct_neighbor_ridge,0,0,0,0,0,0,False,2,"[""glutamate"", ""tyrosine""]",[],0,0,4,2,3,glucuronate,0,2,100.0,700,176,13,5,5.841330032428572,0.2627256409648469,False,659dce4f66bf4ee0228513d024a4e287e9f1aa3957152332b1483ab0af67cb42,0.0543308628257364
direct_neighbor_ridge,0,0,0,0,0,0,False,2,"[""glutamate"", ""tyrosine""]",[],0,0,4,2,3,glucuronate,0,3,100.0,702,174,13,5,5.840461464102564,0.26023183008970724,False,9492e163b6ef19b0563b1ce8302b8e8794e2e4c9c8031c62ff9774a3f63f6f58,0.0535705890506506
direct_neighbor_ridge,0,0,0,0,0,0,False,2,"[""glutamate"", ""tyrosine""]",[],0,0,4,2,3,glucuronate,0,4,100.0,700,176,17,1,5.853340806857143,0.2561959379747985,False,cf9883e99ee1b956d01c2cb42a4d284b982ce23065d3616a5e1cced359e41fb5,0.04936848906800151
direct_neighbor_ridge,0,0,0,0,0,0,False,2,"[""glutamate"", ""tyrosine""]",[],0,0,4,2,3,glucuronate,1,0,100.0,705,171,13,5,5.8372711251063825,0.264059395571085,False,32d2e2f547f707a9f12d899e65a934275c9f49020e10d214973126d05910ec9c,0.053283317014575005
direct_neighbor_ridge,0,0,0,0,0,0,False,2,"[""glutamate"", ""tyrosine""]",[],0,0,4,2,3,glucuronate,1,1,100.0,700,176,17,1,5.853340806857143,0.2561959379747985,False,cf9883e99ee1b956d01c2cb42a4d284b982ce23065d3616a5e1cced359e41fb5,0.05207960517145693
direct_neighbor_ridge,0,0,0,0,0,0,False,2,"[""glutamate"", ""tyrosine""]",[],0,0,4,2,3,glucuronate,1,2,100.0,697,179,16,2,5.875591368579626,0.21436797356403015,False,db1ab3680dcfc2deb10e2511ec28b70b27966d5a436d724be48267bcbf200acf,0.05283017014153302
direct_neighbor_ridge,0,0,0,0,0,0,False,2,"[""glutamate"", ""tyrosine""]",[],0,0,4,2,3,glucuronate,1,3,100.0,700,176,13,5,5.841330032428572,0.2627256409648469,False,659dce4f66bf4ee0228513d024a4e287e9f1aa3957152332b1483ab0af67cb42,0.052091510966420174
direct_neighbor_ridge,0,0,0,0,0,0,False,2,"[""glutamate"", ""tyrosine""]",[],0,0,4,2,3,glucuronate,1,4,100.0,702,174,13,5,5.840461464102564,0.26023183008970724,False,9492e163b6ef19b0563b1ce8302b8e8794e2e4c9c8031c62ff9774a3f63f6f58,0.05111428606323898
direct_neighbor_ridge,0,0,0,0,0,0,False,15,"[""AMP"", ""CMP"", ""GMP"", ""UMP"", ""aconitate"", ""adenosine"", ""arginine"", ""betaine"", ""citrate"", ""dimethylglycine"", ""homocysteine"", ""proline"", ""taurocholate"", ""thymine"", ""xanthosine""]",[],0,0,30,15,16,glutamate,0,0,100.0,697,179,16,2,5.837754748206599,0.22300075523157906,False,db1ab3680dcfc2deb10e2511ec28b70b27966d5a436d724be48267bcbf200acf,0.06660306104458869
direct_neighbor_ridge,0,0,0,0,0,0,False,15,"[""AMP"", ""CMP"", ""GMP"", ""UMP"", ""aconitate"", ""adenosine"", ""arginine"", ""betaine"", ""citrate"", ""dimethylglycine"", ""homocysteine"", ""proline"", ""taurocholate"", ""thymine"", ""xanthosine""]",[],0,0,30,15,16,glutamate,0,1,100.0,705,171,13,5,5.856274995319149,0.23737426526109665,False,32d2e2f547f707a9f12d899e65a934275c9f49020e10d214973126d05910ec9c,0.06959455297328532
direct_neighbor_ridge,0,0,0,0,0,0,False,15,"[""AMP"", ""CMP"", ""GMP"", ""UMP"", ""aconitate"", ""adenosine"", ""arginine"", ""betaine"", ""citrate"", ""dimethylglycine"", ""homocysteine"", ""proline"", ""taurocholate"", ""thymine"", ""xanthosine""]",[],0,0,30,15,16,glutamate,0,2,100.0,700,176,13,5,5.877516673,0.23263179623229843,False,659dce4f66bf4ee0228513d024a4e287e9f1aa3957152332b1483ab0af67cb42,0.06836346606723964
direct_neighbor_ridge,0,0,0,0,0,0,False,15,"[""AMP"", ""CMP"", ""GMP"", ""UMP"", ""aconitate"", ""adenosine"", ""arginine"", ""betaine"", ""citrate"", ""dimethylglycine"", ""homocysteine"", ""proline"", ""taurocholate"", ""thymine"", ""xanthosine""]",[],0,0,30,15,16,glutamate,0,3,100.0,702,174,13,5,5.872189215954415,0.2121533254343439,False,9492e163b6ef19b0563b1ce8302b8e8794e2e4c9c8031c62ff9774a3f63f6f58,0.06534931506030262
direct_neighbor_ridge,0,0,0,0,0,0,False,15,"[""AMP"", ""CMP"", ""GMP"", ""UMP"", ""aconitate"", ""adenosine"", ""arginine"", ""betaine"", ""citrate"", ""dimethylglycine"", ""homocysteine"", ""proline"", ""taurocholate"", ""thymine"", ""xanthosine""]",[],0,0,30,15,16,glutamate,0,4,100.0,700,176,17,1,5.8762459510000005,0.2365122296350026,False,cf9883e99ee1b956d01c2cb42a4d284b982ce23065d3616a5e1cced359e41fb5,0.0651324219070375
direct_neighbor_ridge,0,0,0,0,0,0,False,15,"[""AMP"", ""CMP"", ""GMP"", ""UMP"", ""aconitate"", ""adenosine"", ""arginine"", ""betaine"", ""citrate"", ""dimethylglycine"", ""homocysteine"", ""proline"", ""taurocholate"", ""thymine"", ""xanthosine""]",[],0,0,30,15,16,glutamate,1,0,100.0,705,171,13,5,5.856274995319149,0.23737426526109665,False,32d2e2f547f707a9f12d899e65a934275c9f49020e10d214973126d05910ec9c,0.06648651999421418
direct_neighbor_ridge,0,0,0,0,0,0,False,15,"[""AMP"", ""CMP"", ""GMP"", ""UMP"", ""aconitate"", ""adenosine"", ""arginine"", ""betaine"", ""citrate"", ""dimethylglycine"", ""homocysteine"", ""proline"", ""taurocholate"", ""thymine"", ""xanthosine""]",[],0,0,30,15,16,glutamate,1,1,100.0,700,176,17,1,5.8762459510000005,0.2365122296350026,False,cf9883e99ee1b956d01c2cb42a4d284b982ce23065d3616a5e1cced359e41fb5,0.06505139986984432
direct_neighbor_ridge,0,0,0,0,0,0,False,15,"[""AMP"", ""CMP"", ""GMP"", ""UMP"", ""aconitate"", ""adenosine"", ""arginine"", ""betaine"", ""citrate"", ""dimethylglycine"", ""homocysteine"", ""proline"", ""taurocholate"", ""thymine"", ""xanthosine""]",[],0,0,30,15,16,glutamate,1,2,100.0,697,179,16,2,5.837754748206599,0.22300075523157906,False,db1ab3680dcfc2deb10e2511ec28b70b27966d5a436d724be48267bcbf200acf,0.07756423112004995
direct_neighbor_ridge,0,0,0,0,0,0,False,15,"[""AMP"", ""CMP"", ""GMP"", ""UMP"", ""aconitate"", ""adenosine"", ""arginine"", ""betaine"", ""citrate"", ""dimethylglycine"", ""homocysteine"", ""proline"", ""taurocholate"", ""thymine"", ""xanthosine""]",[],0,0,30,15,16,glutamate,1,3,100.0,700,176,13,5,5.877516673,0.23263179623229843,False,659dce4f66bf4ee0228513d024a4e287e9f1aa3957152332b1483ab0af67cb42,0.18971132999286056
direct_neighbor_ridge,0,0,0,0,0,0,False,15,"[""AMP"", ""CMP"", ""GMP"", ""UMP"", ""aconitate"", ""adenosine"", ""arginine"", ""betaine"", ""citrate"", ""dimethylglycine"", ""homocysteine"", ""proline"", ""taurocholate"", ""thymine"", ""xanthosine""]",[],0,0,30,15,16,glutamate,1,4,100.0,702,174,13,5,5.872189215954415,0.2121533254343439,False,9492e163b6ef19b0563b1ce8302b8e8794e2e4c9c8031c62ff9774a3f63f6f58,0.1137342001311481
direct_neighbor_ridge,0,0,0,0,0,0,False,2,"[""GMP"", ""NAD""]",[],0,0,4,2,3,glutamine,0,0,100.0,697,179,16,2,5.792856942180775,0.4999001304148671,False,db1ab3680dcfc2deb10e2511ec28b70b27966d5a436d724be48267bcbf200acf,0.06399011914618313
direct_neighbor_ridge,0,0,0,0,0,0,False,2,"[""GMP"", ""NAD""]",[],0,0,4,2,3,glutamine,0,1,10.0,705,171,13,5,5.730142647375887,0.517307750185761,False,32d2e2f547f707a9f12d899e65a934275c9f49020e10d214973126d05910ec9c,0.06078897905535996
direct_neighbor_ridge,0,0,0,0,0,0,False,2,"[""GMP"", ""NAD""]",[],0,0,4,2,3,glutamine,0,2,100.0,700,176,13,5,5.760236144285714,0.5055726521798546,False,659dce4f66bf4ee0228513d024a4e287e9f1aa3957152332b1483ab0af67cb42,0.05871333507820964
direct_neighbor_ridge,0,0,0,0,0,0,False,2,"[""GMP"", ""NAD""]",[],0,0,4,2,3,glutamine,0,3,0.1,702,174,13,5,5.749858374216524,0.5089141907702129,False,9492e163b6ef19b0563b1ce8302b8e8794e2e4c9c8031c62ff9774a3f63f6f58,0.0590903100091964
direct_neighbor_ridge,0,0,0,0,0,0,False,2,"[""GMP"", ""NAD""]",[],0,0,4,2,3,glutamine,0,4,0.1,700,176,17,1,5.742727689142857,0.5229622387958501,False,cf9883e99ee1b956d01c2cb42a4d284b982ce23065d3616a5e1cced359e41fb5,0.055648637004196644
direct_neighbor_ridge,0,0,0,0,0,0,False,2,"[""GMP"", ""NAD""]",[],0,0,4,2,3,glutamine,1,0,10.0,705,171,13,5,5.730142647375887,0.517307750185761,False,32d2e2f547f707a9f12d899e65a934275c9f49020e10d214973126d05910ec9c,0.05951964599080384
direct_neighbor_ridge,0,0,0,0,0,0,False,2,"[""GMP"", ""NAD""]",[],0,0,4,2,3,glutamine,1,1,0.1,700,176,17,1,5.742727689142857,0.5229622387958501,False,cf9883e99ee1b956d01c2cb42a4d284b982ce23065d3616a5e1cced359e41fb5,0.052178721874952316
direct_neighbor_ridge,0,0,0,0,0,0,False,2,"[""GMP"", ""NAD""]",[],0,0,4,2,3,glutamine,1,2,100.0,697,179,16,2,5.792856942180775,0.4999001304148671,False,db1ab3680dcfc2deb10e2511ec28b70b27966d5a436d724be48267bcbf200acf,0.0502310108859092
direct_neighbor_ridge,0,0,0,0,0,0,False,2,"[""GMP"", ""NAD""]",[],0,0,4,2,3,glutamine,1,3,100.0,700,176,13,5,5.760236144285714,0.5055726521798546,False,659dce4f66bf4ee0228513d024a4e287e9f1aa3957152332b1483ab0af67cb42,0.053227758035063744
direct_neighbor_ridge,0,0,0,0,0,0,False,2,"[""GMP"", ""NAD""]",[],0,0,4,2,3,glutamine,1,4,0.1,702,174,13,5,5.749858374216524,0.5089141907702129,False,9492e163b6ef19b0563b1ce8302b8e8794e2e4c9c8031c62ff9774a3f63f6f58,0.05343739315867424
direct_neighbor_ridge,0,0,0,0,0,0,False,9,"[""NAD"", ""NADP"", ""adenosine"", ""aspartate"", ""carnosine"", ""histidine"", ""homocysteine"", ""uracil"", ""xanthine""]",[],0,0,18,9,10,glycine,0,0,100.0,697,179,16,2,5.901400717790531,0.3232334686793832,False,db1ab3680dcfc2deb10e2511ec28b70b27966d5a436d724be48267bcbf200acf,0.06286625890061259
direct_neighbor_ridge,0,0,0,0,0,0,False,9,"[""NAD"", ""NADP"", ""adenosine"", ""aspartate"", ""carnosine"", ""histidine"", ""homocysteine"", ""uracil"", ""xanthine""]",[],0,0,18,9,10,glycine,0,1,100.0,705,171,13,5,5.891562820992907,0.30388093169523356,False,32d2e2f547f707a9f12d899e65a934275c9f49020e10d214973126d05910ec9c,0.060256790835410357
direct_neighbor_ridge,0,0,0,0,0,0,False,9,"[""NAD"", ""NADP"", ""adenosine"", ""aspartate"", ""carnosine"", ""histidine"", ""homocysteine"", ""uracil"", ""xanthine""]",[],0,0,18,9,10,glycine,0,2,100.0,700,176,13,5,5.895880774285714,0.3016342641672332,False,659dce4f66bf4ee0228513d024a4e287e9f1aa3957152332b1483ab0af67cb42,0.0627578180283308
direct_neighbor_ridge,0,0,0,0,0,0,False,9,"[""NAD"", ""NADP"", ""adenosine"", ""aspartate"", ""carnosine"", ""histidine"", ""homocysteine"", ""uracil"", ""xanthine""]",[],0,0,18,9,10,glycine,0,3,10.0,702,174,13,5,5.919905869658121,0.29925995925495313,False,9492e163b6ef19b0563b1ce8302b8e8794e2e4c9c8031c62ff9774a3f63f6f58,0.07023236202076077
direct_neighbor_ridge,0,0,0,0,0,0,False,9,"[""NAD"", ""NADP"", ""adenosine"", ""aspartate"", ""carnosine"", ""histidine"", ""homocysteine"", ""uracil"", ""xanthine""]",[],0,0,18,9,10,glycine,0,4,100.0,700,176,17,1,5.911124145142858,0.31233130965412215,False,cf9883e99ee1b956d01c2cb42a4d284b982ce23065d3616a5e1cced359e41fb5,0.06141112186014652
direct_neighbor_ridge,0,0,0,0,0,0,False,9,"[""NAD"", ""NADP"", ""adenosine"", ""aspartate"", ""carnosine"", ""histidine"", ""homocysteine"", ""uracil"", ""xanthine""]",[],0,0,18,9,10,glycine,1,0,100.0,705,171,13,5,5.891562820992907,0.30388093169523356,False,32d2e2f547f707a9f12d899e65a934275c9f49020e10d214973126d05910ec9c,0.06161633296869695
direct_neighbor_ridge,0,0,0,0,0,0,False,9,"[""NAD"", ""NADP"", ""adenosine"", ""aspartate"", ""carnosine"", ""histidine"", ""homocysteine"", ""uracil"", ""xanthine""]",[],0,0,18,9,10,glycine,1,1,100.0,700,176,17,1,5.911124145142858,0.31233130965412215,False,cf9883e99ee1b956d01c2cb42a4d284b982ce23065d3616a5e1cced359e41fb5,0.061527554877102375
direct_neighbor_ridge,0,0,0,0,0,0,False,9,"[""NAD"", ""NADP"", ""adenosine"", ""aspartate"", ""carnosine"", ""histidine"", ""homocysteine"", ""uracil"", ""xanthine""]",[],0,0,18,9,10,glycine,1,2,100.0,697,179,16,2,5.901400717790531,0.3232334686793832,False,db1ab3680dcfc2deb10e2511ec28b70b27966d5a436d724be48267bcbf200acf,0.06225705589167774
direct_neighbor_ridge,0,0,0,0,0,0,False,9,"[""NAD"", ""NADP"", ""adenosine"", ""aspartate"", ""carnosine"", ""histidine"", ""homocysteine"", ""uracil"", ""xanthine""]",[],0,0,18,9,10,glycine,1,3,100.0,700,176,13,5,5.895880774285714,0.3016342641672332,False,659dce4f66bf4ee0228513d024a4e287e9f1aa3957152332b1483ab0af67cb42,0.06909555778838694
direct_neighbor_ridge,0,0,0,0,0,0,False,9,"[""NAD"", ""NADP"", ""adenosine"", ""aspartate"", ""carnosine"", ""histidine"", ""homocysteine"", ""uracil"", ""xanthine""]",[],0,0,18,9,10,glycine,1,4,10.0,702,174,13,5,5.919905869658121,0.29925995925495313,False,9492e163b6ef19b0563b1ce8302b8e8794e2e4c9c8031c62ff9774a3f63f6f58,0.06922632711939514
direct_neighbor_ridge,0,0,0,0,0,0,False,1,"[""aspartate""]",[],0,0,2,1,2,guanosine,0,0,100.0,697,179,16,2,5.952859866857963,0.40817502232841674,False,db1ab3680dcfc2deb10e2511ec28b70b27966d5a436d724be48267bcbf200acf,0.046452085953205824
direct_neighbor_ridge,0,0,0,0,0,0,False,1,"[""aspartate""]",[],0,0,2,1,2,guanosine,0,1,0.1,705,171,13,5,5.946455211205673,0.3930879666913112,False,32d2e2f547f707a9f12d899e65a934275c9f49020e10d214973126d05910ec9c,0.04664273909293115
direct_neighbor_ridge,0,0,0,0,0,0,False,1,"[""aspartate""]",[],0,0,2,1,2,guanosine,0,2,100.0,700,176,13,5,6.008024284285714,0.39823813293836846,False,659dce4f66bf4ee0228513d024a4e287e9f1aa3957152332b1483ab0af67cb42,0.05207029799930751
direct_neighbor_ridge,0,0,0,0,0,0,False,1,"[""aspartate""]",[],0,0,2,1,2,guanosine,0,3,0.1,702,174,13,5,5.9592625129629635,0.3946489909296684,False,9492e163b6ef19b0563b1ce8302b8e8794e2e4c9c8031c62ff9774a3f63f6f58,0.04455202096141875
direct_neighbor_ridge,0,0,0,0,0,0,False,1,"[""aspartate""]",[],0,0,2,1,2,guanosine,0,4,100.0,700,176,17,1,5.964684184857142,0.4006223332620162,False,cf9883e99ee1b956d01c2cb42a4d284b982ce23065d3616a5e1cced359e41fb5,0.04276230093091726
direct_neighbor_ridge,0,0,0,0,0,0,False,1,"[""aspartate""]",[],0,0,2,1,2,guanosine,1,0,0.1,705,171,13,5,5.946455211205673,0.3930879666913112,False,32d2e2f547f707a9f12d899e65a934275c9f49020e10d214973126d05910ec9c,0.05204817489720881
direct_neighbor_ridge,0,0,0,0,0,0,False,1,"[""aspartate""]",[],0,0,2,1,2,guanosine,1,1,100.0,700,176,17,1,5.964684184857142,0.4006223332620162,False,cf9883e99ee1b956d01c2cb42a4d284b982ce23065d3616a5e1cced359e41fb5,0.05116280307993293
direct_neighbor_ridge,0,0,0,0,0,0,False,1,"[""aspartate""]",[],0,0,2,1,2,guanosine,1,2,100.0,697,179,16,2,5.952859866857963,0.40817502232841674,False,db1ab3680dcfc2deb10e2511ec28b70b27966d5a436d724be48267bcbf200acf,0.05300652398727834
direct_neighbor_ridge,0,0,0,0,0,0,False,1,"[""aspartate""]",[],0,0,2,1,2,guanosine,1,3,0.1,700,176,13,5,6.008024284285714,0.39823813293836846,False,659dce4f66bf4ee0228513d024a4e287e9f1aa3957152332b1483ab0af67cb42,0.05211190413683653
direct_neighbor_ridge,0,0,0,0,0,0,False,1,"[""aspartate""]",[],0,0,2,1,2,guanosine,1,4,0.1,702,174,13,5,5.9592625129629635,0.3946489909296684,False,9492e163b6ef19b0563b1ce8302b8e8794e2e4c9c8031c62ff9774a3f63f6f58,0.049726573983207345
direct_neighbor_ridge,0,0,0,0,0,0,False,3,"[""glutamate"", ""glycine"", ""leucine""]",[],0,0,6,3,4,histidine,0,0,10.0,697,179,16,2,5.873915259110474,0.3291920204680799,False,db1ab3680dcfc2deb10e2511ec28b70b27966d5a436d724be48267bcbf200acf,0.05051689897663891
direct_neighbor_ridge,0,0,0,0,0,0,False,3,"[""glutamate"", ""glycine"", ""leucine""]",[],0,0,6,3,4,histidine,0,1,0.1,705,171,13,5,5.74606351574468,0.3834823875863205,False,32d2e2f547f707a9f12d899e65a934275c9f49020e10d214973126d05910ec9c,0.056650156155228615
direct_neighbor_ridge,0,0,0,0,0,0,False,3,"[""glutamate"", ""glycine"", ""leucine""]",[],0,0,6,3,4,histidine,0,2,0.1,700,176,13,5,5.773813457,0.3766527889621979,False,659dce4f66bf4ee0228513d024a4e287e9f1aa3957152332b1483ab0af67cb42,0.05574471806176007
direct_neighbor_ridge,0,0,0,0,0,0,False,3,"[""glutamate"", ""glycine"", ""leucine""]",[],0,0,6,3,4,histidine,0,3,0.1,702,174,13,5,5.75916735968661,0.38002427826007085,False,9492e163b6ef19b0563b1ce8302b8e8794e2e4c9c8031c62ff9774a3f63f6f58,0.05617167497985065
direct_neighbor_ridge,0,0,0,0,0,0,False,3,"[""glutamate"", ""glycine"", ""leucine""]",[],0,0,6,3,4,histidine,0,4,10.0,700,176,17,1,5.783386876285714,0.3699975084983585,False,cf9883e99ee1b956d01c2cb42a4d284b982ce23065d3616a5e1cced359e41fb5,0.052785733016207814
direct_neighbor_ridge,0,0,0,0,0,0,False,3,"[""glutamate"", ""glycine"", ""leucine""]",[],0,0,6,3,4,histidine,1,0,0.1,705,171,13,5,5.74606351574468,0.3834823875863205,False,32d2e2f547f707a9f12d899e65a934275c9f49020e10d214973126d05910ec9c,0.053305712062865496
direct_neighbor_ridge,0,0,0,0,0,0,False,3,"[""glutamate"", ""glycine"", ""leucine""]",[],0,0,6,3,4,histidine,1,1,10.0,700,176,17,1,5.783386876285714,0.3699975084983585,False,cf9883e99ee1b956d01c2cb42a4d284b982ce23065d3616a5e1cced359e41fb5,0.054381001042202115
direct_neighbor_ridge,0,0,0,0,0,0,False,3,"[""glutamate"", ""glycine"", ""leucine""]",[],0,0,6,3,4,histidine,1,2,10.0,697,179,16,2,5.873915259110474,0.3291920204680799,False,db1ab3680dcfc2deb10e2511ec28b70b27966d5a436d724be48267bcbf200acf,0.054626458091661334
direct_neighbor_ridge,0,0,0,0,0,0,False,3,"[""glutamate"", ""glycine"", ""leucine""]",[],0,0,6,3,4,histidine,1,3,0.1,700,176,13,5,5.773813457,0.3766527889621979,False,659dce4f66bf4ee0228513d024a4e287e9f1aa3957152332b1483ab0af67cb42,0.054067113902419806
direct_neighbor_ridge,0,0,0,0,0,0,False,3,"[""glutamate"", ""glycine"", ""leucine""]",[],0,0,6,3,4,histidine,1,4,0.1,702,174,13,5,5.75916735968661,0.38002427826007085,False,9492e163b6ef19b0563b1ce8302b8e8794e2e4c9c8031c62ff9774a3f63f6f58,0.06065630284138024
direct_neighbor_ridge,0,0,0,0,0,0,False,5,"[""arginine"", ""citrulline"", ""isocitrate"", ""ornithine"", ""xanthine""]",[],0,0,10,5,6,homocysteine,0,0,100.0,697,179,16,2,5.966777393113342,0.42813016520146235,False,db1ab3680dcfc2deb10e2511ec28b70b27966d5a436d724be48267bcbf200acf,0.07555333501659334
direct_neighbor_ridge,0,0,0,0,0,0,False,5,"[""arginine"", ""citrulline"", ""isocitrate"", ""ornithine"", ""xanthine""]",[],0,0,10,5,6,homocysteine,0,1,100.0,705,171,13,5,5.930638070921986,0.4218160003765535,False,32d2e2f547f707a9f12d899e65a934275c9f49020e10d214973126d05910ec9c,0.11846953490749002
direct_neighbor_ridge,0,0,0,0,0,0,False,5,"[""arginine"", ""citrulline"", ""isocitrate"", ""ornithine"", ""xanthine""]",[],0,0,10,5,6,homocysteine,0,2,100.0,700,176,13,5,5.9298201530000005,0.4180998034350187,False,659dce4f66bf4ee0228513d024a4e287e9f1aa3957152332b1483ab0af67cb42,0.09932220098562539
direct_neighbor_ridge,0,0,0,0,0,0,False,5,"[""arginine"", ""citrulline"", ""isocitrate"", ""ornithine"", ""xanthine""]",[],0,0,10,5,6,homocysteine,0,3,100.0,702,174,13,5,5.9377934,0.4372468572375198,False,9492e163b6ef19b0563b1ce8302b8e8794e2e4c9c8031c62ff9774a3f63f6f58,0.06862339400686324
direct_neighbor_ridge,0,0,0,0,0,0,False,5,"[""arginine"", ""citrulline"", ""isocitrate"", ""ornithine"", ""xanthine""]",[],0,0,10,5,6,homocysteine,0,4,100.0,700,176,17,1,5.941327949571429,0.4304566272401467,False,cf9883e99ee1b956d01c2cb42a4d284b982ce23065d3616a5e1cced359e41fb5,0.06887541501782835
direct_neighbor_ridge,0,0,0,0,0,0,False,5,"[""arginine"", ""citrulline"", ""isocitrate"", ""ornithine"", ""xanthine""]",[],0,0,10,5,6,homocysteine,1,0,100.0,705,171,13,5,5.930638070921986,0.4218160003765535,False,32d2e2f547f707a9f12d899e65a934275c9f49020e10d214973126d05910ec9c,0.07539865002036095
direct_neighbor_ridge,0,0,0,0,0,0,False,5,"[""arginine"", ""citrulline"", ""isocitrate"", ""ornithine"", ""xanthine""]",[],0,0,10,5,6,homocysteine,1,1,100.0,700,176,17,1,5.941327949571429,0.4304566272401467,False,cf9883e99ee1b956d01c2cb42a4d284b982ce23065d3616a5e1cced359e41fb5,0.04856533487327397
direct_neighbor_ridge,0,0,0,0,0,0,False,5,"[""arginine"", ""citrulline"", ""isocitrate"", ""ornithine"", ""xanthine""]",[],0,0,10,5,6,homocysteine,1,2,10.0,697,179,16,2,5.966777393113342,0.42813016520146235,False,db1ab3680dcfc2deb10e2511ec28b70b27966d5a436d724be48267bcbf200acf,0.0455168888438493
direct_neighbor_ridge,0,0,0,0,0,0,False,5,"[""arginine"", ""citrulline"", ""isocitrate"", ""ornithine"", ""xanthine""]",[],0,0,10,5,6,homocysteine,1,3,100.0,700,176,13,5,5.9298201530000005,0.4180998034350187,False,659dce4f66bf4ee0228513d024a4e287e9f1aa3957152332b1483ab0af67cb42,0.05485254083760083
direct_neighbor_ridge,0,0,0,0,0,0,False,5,"[""arginine"", ""citrulline"", ""isocitrate"", ""ornithine"", ""xanthine""]",[],0,0,10,5,6,homocysteine,1,4,100.0,702,174,13,5,5.9377934,0.4372468572375198,False,9492e163b6ef19b0563b1ce8302b8e8794e2e4c9c8031c62ff9774a3f63f6f58,0.053115478018298745
direct_neighbor_ridge,0,0,0,0,0,0,False,3,"[""AMP"", ""aconitate"", ""arginine""]",[],0,0,6,3,4,hypoxanthine,0,0,0.1,697,179,16,2,5.849323068723098,0.623036540019427,False,db1ab3680dcfc2deb10e2511ec28b70b27966d5a436d724be48267bcbf200acf,0.05145301390439272
direct_neighbor_ridge,0,0,0,0,0,0,False,3,"[""AMP"", ""aconitate"", ""arginine""]",[],0,0,6,3,4,hypoxanthine,0,1,10.0,705,171,13,5,5.959764552482269,0.6436309456644432,False,32d2e2f547f707a9f12d899e65a934275c9f49020e10d214973126d05910ec9c,0.05172880692407489
direct_neighbor_ridge,0,0,0,0,0,0,False,3,"[""AMP"", ""aconitate"", ""arginine""]",[],0,0,6,3,4,hypoxanthine,0,2,10.0,700,176,13,5,5.962295129857141,0.6325694182712881,False,659dce4f66bf4ee0228513d024a4e287e9f1aa3957152332b1483ab0af67cb42,0.052701677195727825
direct_neighbor_ridge,0,0,0,0,0,0,False,3,"[""AMP"", ""aconitate"", ""arginine""]",[],0,0,6,3,4,hypoxanthine,0,3,0.1,702,174,13,5,5.94913957094017,0.6410585826307021,False,9492e163b6ef19b0563b1ce8302b8e8794e2e4c9c8031c62ff9774a3f63f6f58,0.05359409679658711
direct_neighbor_ridge,0,0,0,0,0,0,False,3,"[""AMP"", ""aconitate"", ""arginine""]",[],0,0,6,3,4,hypoxanthine,0,4,0.1,700,176,17,1,5.912266724999999,0.6370004092718197,False,cf9883e99ee1b956d01c2cb42a4d284b982ce23065d3616a5e1cced359e41fb5,0.05130466097034514
direct_neighbor_ridge,0,0,0,0,0,0,False,3,"[""AMP"", ""aconitate"", ""arginine""]",[],0,0,6,3,4,hypoxanthine,1,0,10.0,705,171,13,5,5.959764552482269,0.6436309456644432,False,32d2e2f547f707a9f12d899e65a934275c9f49020e10d214973126d05910ec9c,0.1217661330010742
direct_neighbor_ridge,0,0,0,0,0,0,False,3,"[""AMP"", ""aconitate"", ""arginine""]",[],0,0,6,3,4,hypoxanthine,1,1,0.1,700,176,17,1,5.912266724999999,0.6370004092718197,False,cf9883e99ee1b956d01c2cb42a4d284b982ce23065d3616a5e1cced359e41fb5,0.052619992988184094
direct_neighbor_ridge,0,0,0,0,0,0,False,3,"[""AMP"", ""aconitate"", ""arginine""]",[],0,0,6,3,4,hypoxanthine,1,2,0.1,697,179,16,2,5.849323068723098,0.623036540019427,False,db1ab3680dcfc2deb10e2511ec28b70b27966d5a436d724be48267bcbf200acf,0.055500369053334
direct_neighbor_ridge,0,0,0,0,0,0,False,3,"[""AMP"", ""aconitate"", ""arginine""]",[],0,0,6,3,4,hypoxanthine,1,3,0.1,700,176,13,5,5.962295129857141,0.6325694182712881,False,659dce4f66bf4ee0228513d024a4e287e9f1aa3957152332b1483ab0af67cb42,0.052110665012151
direct_neighbor_ridge,0,0,0,0,0,0,False,3,"[""AMP"", ""aconitate"", ""arginine""]",[],0,0,6,3,4,hypoxanthine,1,4,0.1,702,174,13,5,5.94913957094017,0.6410585826307021,False,9492e163b6ef19b0563b1ce8302b8e8794e2e4c9c8031c62ff9774a3f63f6f58,0.053163807140663266
direct_neighbor_ridge,0,0,0,0,0,0,False,2,"[""isocitrate"", ""taurine""]",[],0,0,4,2,3,inosine,0,0,100.0,697,179,16,2,5.938844414203731,0.33789854266326597,False,db1ab3680dcfc2deb10e2511ec28b70b27966d5a436d724be48267bcbf200acf,0.05865675397217274
direct_neighbor_ridge,0,0,0,0,0,0,False,2,"[""isocitrate"", ""taurine""]",[],0,0,4,2,3,inosine,0,1,10.0,705,171,13,5,5.956673833900711,0.3555685434234304,False,32d2e2f547f707a9f12d899e65a934275c9f49020e10d214973126d05910ec9c,0.06940635899081826
direct_neighbor_ridge,0,0,0,0,0,0,False,2,"[""isocitrate"", ""taurine""]",[],0,0,4,2,3,inosine,0,2,0.1,700,176,13,5,5.990979952571428,0.3427823190075909,False,659dce4f66bf4ee0228513d024a4e287e9f1aa3957152332b1483ab0af67cb42,0.05806629383005202
direct_neighbor_ridge,0,0,0,0,0,0,False,2,"[""isocitrate"", ""taurine""]",[],0,0,4,2,3,inosine,0,3,100.0,702,174,13,5,5.955585952849004,0.353629138206935,False,9492e163b6ef19b0563b1ce8302b8e8794e2e4c9c8031c62ff9774a3f63f6f58,0.07057263888418674
direct_neighbor_ridge,0,0,0,0,0,0,False,2,"[""isocitrate"", ""taurine""]",[],0,0,4,2,3,inosine,0,4,1.0,700,176,17,1,5.959558305571428,0.3363091904878781,False,cf9883e99ee1b956d01c2cb42a4d284b982ce23065d3616a5e1cced359e41fb5,0.08309338800609112
direct_neighbor_ridge,0,0,0,0,0,0,False,2,"[""isocitrate"", ""taurine""]",[],0,0,4,2,3,inosine,1,0,10.0,705,171,13,5,5.956673833900711,0.3555685434234304,False,32d2e2f547f707a9f12d899e65a934275c9f49020e10d214973126d05910ec9c,0.06987283215858042
direct_neighbor_ridge,0,0,0,0,0,0,False,2,"[""isocitrate"", ""taurine""]",[],0,0,4,2,3,inosine,1,1,0.1,700,176,17,1,5.959558305571428,0.3363091904878781,False,cf9883e99ee1b956d01c2cb42a4d284b982ce23065d3616a5e1cced359e41fb5,0.07117184204980731
direct_neighbor_ridge,0,0,0,0,0,0,False,2,"[""isocitrate"", ""taurine""]",[],0,0,4,2,3,inosine,1,2,100.0,697,179,16,2,5.938844414203731,0.33789854266326597,False,db1ab3680dcfc2deb10e2511ec28b70b27966d5a436d724be48267bcbf200acf,0.07595927384682
direct_neighbor_ridge,0,0,0,0,0,0,False,2,"[""isocitrate"", ""taurine""]",[],0,0,4,2,3,inosine,1,3,0.1,700,176,13,5,5.990979952571428,0.3427823190075909,False,659dce4f66bf4ee0228513d024a4e287e9f1aa3957152332b1483ab0af67cb42,0.05582852801308036
direct_neighbor_ridge,0,0,0,0,0,0,False,2,"[""isocitrate"", ""taurine""]",[],0,0,4,2,3,inosine,1,4,100.0,702,174,13,5,5.955585952849004,0.353629138206935,False,9492e163b6ef19b0563b1ce8302b8e8794e2e4c9c8031c62ff9774a3f63f6f58,0.05222509405575693
direct_neighbor_ridge,0,0,0,0,0,0,False,2,"[""GMP"", ""adenine""]",[],0,0,4,2,3,inositol,0,0,0.1,697,179,16,2,5.888768051936872,0.3085624695175605,False,db1ab3680dcfc2deb10e2511ec28b70b27966d5a436d724be48267bcbf200acf,0.056771442061290145
direct_neighbor_ridge,0,0,0,0,0,0,False,2,"[""GMP"", ""adenine""]",[],0,0,4,2,3,inositol,0,1,100.0,705,171,13,5,5.914651623971631,0.30612678425281226,False,32d2e2f547f707a9f12d899e65a934275c9f49020e10d214973126d05910ec9c,0.054204717045649886
direct_neighbor_ridge,0,0,0,0,0,0,False,2,"[""GMP"", ""adenine""]",[],0,0,4,2,3,inositol,0,2,100.0,700,176,13,5,5.883116619857143,0.31208583026363,False,659dce4f66bf4ee0228513d024a4e287e9f1aa3957152332b1483ab0af67cb42,0.05697994213551283
direct_neighbor_ridge,0,0,0,0,0,0,False,2,"[""GMP"", ""adenine""]",[],0,0,4,2,3,inositol,0,3,0.1,702,174,13,5,5.90932381937322,0.30743427904961906,False,9492e163b6ef19b0563b1ce8302b8e8794e2e4c9c8031c62ff9774a3f63f6f58,0.0695525819901377
direct_neighbor_ridge,0,0,0,0,0,0,False,2,"[""GMP"", ""adenine""]",[],0,0,4,2,3,inositol,0,4,100.0,700,176,17,1,5.901945362571428,0.3203548605400837,False,cf9883e99ee1b956d01c2cb42a4d284b982ce23065d3616a5e1cced359e41fb5,0.08086980995722115
direct_neighbor_ridge,0,0,0,0,0,0,False,2,"[""GMP"", ""adenine""]",[],0,0,4,2,3,inositol,1,0,100.0,705,171,13,5,5.914651623971631,0.30612678425281226,False,32d2e2f547f707a9f12d899e65a934275c9f49020e10d214973126d05910ec9c,0.05333105614408851
direct_neighbor_ridge,0,0,0,0,0,0,False,2,"[""GMP"", ""adenine""]",[],0,0,4,2,3,inositol,1,1,10.0,700,176,17,1,5.901945362571428,0.3203548605400837,False,cf9883e99ee1b956d01c2cb42a4d284b982ce23065d3616a5e1cced359e41fb5,0.053041033912450075
direct_neighbor_ridge,0,0,0,0,0,0,False,2,"[""GMP"", ""adenine""]",[],0,0,4,2,3,inositol,1,2,0.1,697,179,16,2,5.888768051936872,0.3085624695175605,False,db1ab3680dcfc2deb10e2511ec28b70b27966d5a436d724be48267bcbf200acf,0.05502658011391759
direct_neighbor_ridge,0,0,0,0,0,0,False,2,"[""GMP"", ""adenine""]",[],0,0,4,2,3,inositol,1,3,100.0,700,176,13,5,5.883116619857143,0.31208583026363,False,659dce4f66bf4ee0228513d024a4e287e9f1aa3957152332b1483ab0af67cb42,0.05586235597729683
direct_neighbor_ridge,0,0,0,0,0,0,False,2,"[""GMP"", ""adenine""]",[],0,0,4,2,3,inositol,1,4,0.1,702,174,13,5,5.90932381937322,0.30743427904961906,False,9492e163b6ef19b0563b1ce8302b8e8794e2e4c9c8031c62ff9774a3f63f6f58,0.05026832292787731
direct_neighbor_ridge,0,0,0,0,0,0,False,4,"[""AMP"", ""glutamate"", ""inositol"", ""tyrosine""]",[],0,0,8,4,5,isocitrate,0,0,10.0,697,179,16,2,5.851803350502152,0.2874344660326567,False,db1ab3680dcfc2deb10e2511ec28b70b27966d5a436d724be48267bcbf200acf,0.056869511026889086
direct_neighbor_ridge,0,0,0,0,0,0,False,4,"[""AMP"", ""glutamate"", ""inositol"", ""tyrosine""]",[],0,0,8,4,5,isocitrate,0,1,100.0,705,171,13,5,5.801671359148936,0.3220998150747993,False,32d2e2f547f707a9f12d899e65a934275c9f49020e10d214973126d05910ec9c,0.05550055508501828
direct_neighbor_ridge,0,0,0,0,0,0,False,4,"[""AMP"", ""glutamate"", ""inositol"", ""tyrosine""]",[],0,0,8,4,5,isocitrate,0,2,100.0,700,176,13,5,5.819626022285714,0.3125991244461808,False,659dce4f66bf4ee0228513d024a4e287e9f1aa3957152332b1483ab0af67cb42,0.054228223860263824
direct_neighbor_ridge,0,0,0,0,0,0,False,4,"[""AMP"", ""glutamate"", ""inositol"", ""tyrosine""]",[],0,0,8,4,5,isocitrate,0,3,100.0,702,174,13,5,5.813583703703704,0.31261532643959306,False,9492e163b6ef19b0563b1ce8302b8e8794e2e4c9c8031c62ff9774a3f63f6f58,0.055861540138721466
direct_neighbor_ridge,0,0,0,0,0,0,False,4,"[""AMP"", ""glutamate"", ""inositol"", ""tyrosine""]",[],0,0,8,4,5,isocitrate,0,4,100.0,700,176,17,1,5.8259869698571425,0.3181488605265445,False,cf9883e99ee1b956d01c2cb42a4d284b982ce23065d3616a5e1cced359e41fb5,0.055284227011725307
direct_neighbor_ridge,0,0,0,0,0,0,False,4,"[""AMP"", ""glutamate"", ""inositol"", ""tyrosine""]",[],0,0,8,4,5,isocitrate,1,0,100.0,705,171,13,5,5.801671359148936,0.3220998150747993,False,32d2e2f547f707a9f12d899e65a934275c9f49020e10d214973126d05910ec9c,0.05404830491170287
direct_neighbor_ridge,0,0,0,0,0,0,False,4,"[""AMP"", ""glutamate"", ""inositol"", ""tyrosine""]",[],0,0,8,4,5,isocitrate,1,1,100.0,700,176,17,1,5.8259869698571425,0.3181488605265445,False,cf9883e99ee1b956d01c2cb42a4d284b982ce23065d3616a5e1cced359e41fb5,0.05014736903831363
direct_neighbor_ridge,0,0,0,0,0,0,False,4,"[""AMP"", ""glutamate"", ""inositol"", ""tyrosine""]",[],0,0,8,4,5,isocitrate,1,2,10.0,697,179,16,2,5.851803350502152,0.2874344660326567,False,db1ab3680dcfc2deb10e2511ec28b70b27966d5a436d724be48267bcbf200acf,0.04540194198489189
direct_neighbor_ridge,0,0,0,0,0,0,False,4,"[""AMP"", ""glutamate"", ""inositol"", ""tyrosine""]",[],0,0,8,4,5,isocitrate,1,3,100.0,700,176,13,5,5.819626022285714,0.3125991244461808,False,659dce4f66bf4ee0228513d024a4e287e9f1aa3957152332b1483ab0af67cb42,0.05099623999558389
direct_neighbor_ridge,0,0,0,0,0,0,False,4,"[""AMP"", ""glutamate"", ""inositol"", ""tyrosine""]",[],0,0,8,4,5,isocitrate,1,4,100.0,702,174,13,5,5.813583703703704,0.31261532643959306,False,9492e163b6ef19b0563b1ce8302b8e8794e2e4c9c8031c62ff9774a3f63f6f58,0.048983404180034995
direct_neighbor_ridge,0,0,0,0,0,0,False,1,"[""NAD""]",[],0,0,2,1,2,isoleucine,0,0,100.0,697,179,16,2,5.817292354949784,0.35729730334085963,False,db1ab3680dcfc2deb10e2511ec28b70b27966d5a436d724be48267bcbf200acf,0.057821123860776424
direct_neighbor_ridge,0,0,0,0,0,0,False,1,"[""NAD""]",[],0,0,2,1,2,isoleucine,0,1,100.0,705,171,13,5,5.704429871063829,0.3843932156639209,False,32d2e2f547f707a9f12d899e65a934275c9f49020e10d214973126d05910ec9c,0.05054412712343037
direct_neighbor_ridge,0,0,0,0,0,0,False,1,"[""NAD""]",[],0,0,2,1,2,isoleucine,0,2,100.0,700,176,13,5,5.724266333285715,0.38201203949617024,False,659dce4f66bf4ee0228513d024a4e287e9f1aa3957152332b1483ab0af67cb42,0.052840357879176736
direct_neighbor_ridge,0,0,0,0,0,0,False,1,"[""NAD""]",[],0,0,2,1,2,isoleucine,0,3,100.0,702,174,13,5,5.717218183618233,0.3896156708274436,False,9492e163b6ef19b0563b1ce8302b8e8794e2e4c9c8031c62ff9774a3f63f6f58,0.05506780790165067
direct_neighbor_ridge,0,0,0,0,0,0,False,1,"[""NAD""]",[],0,0,2,1,2,isoleucine,0,4,100.0,700,176,17,1,5.740546115571429,0.36965045572416955,False,cf9883e99ee1b956d01c2cb42a4d284b982ce23065d3616a5e1cced359e41fb5,0.05106605403125286
direct_neighbor_ridge,0,0,0,0,0,0,False,1,"[""NAD""]",[],0,0,2,1,2,isoleucine,1,0,100.0,705,171,13,5,5.704429871063829,0.3843932156639209,False,32d2e2f547f707a9f12d899e65a934275c9f49020e10d214973126d05910ec9c,0.049881446873769164
direct_neighbor_ridge,0,0,0,0,0,0,False,1,"[""NAD""]",[],0,0,2,1,2,isoleucine,1,1,100.0,700,176,17,1,5.740546115571429,0.36965045572416955,False,cf9883e99ee1b956d01c2cb42a4d284b982ce23065d3616a5e1cced359e41fb5,0.05216206004843116
direct_neighbor_ridge,0,0,0,0,0,0,False,1,"[""NAD""]",[],0,0,2,1,2,isoleucine,1,2,100.0,697,179,16,2,5.817292354949784,0.35729730334085963,False,db1ab3680dcfc2deb10e2511ec28b70b27966d5a436d724be48267bcbf200acf,0.05386535590514541
direct_neighbor_ridge,0,0,0,0,0,0,False,1,"[""NAD""]",[],0,0,2,1,2,isoleucine,1,3,100.0,700,176,13,5,5.724266333285715,0.38201203949617024,False,659dce4f66bf4ee0228513d024a4e287e9f1aa3957152332b1483ab0af67cb42,0.06091813207603991
direct_neighbor_ridge,0,0,0,0,0,0,False,1,"[""NAD""]",[],0,0,2,1,2,isoleucine,1,4,100.0,702,174,13,5,5.717218183618233,0.3896156708274436,False,9492e163b6ef19b0563b1ce8302b8e8794e2e4c9c8031c62ff9774a3f63f6f58,0.048630170058459044
direct_neighbor_ridge,0,0,0,0,0,0,False,3,"[""AMP"", ""NAD"", ""dimethylglycine""]",[],0,0,6,3,4,kynurenine,0,0,100.0,697,179,16,2,5.934133664705882,0.43781396467582306,False,db1ab3680dcfc2deb10e2511ec28b70b27966d5a436d724be48267bcbf200acf,0.06039535906165838
direct_neighbor_ridge,0,0,0,0,0,0,False,3,"[""AMP"", ""NAD"", ""dimethylglycine""]",[],0,0,6,3,4,kynurenine,0,1,100.0,705,171,13,5,5.926552404964539,0.42337591229378796,False,32d2e2f547f707a9f12d899e65a934275c9f49020e10d214973126d05910ec9c,0.05006676306948066
direct_neighbor_ridge,0,0,0,0,0,0,False,3,"[""AMP"", ""NAD"", ""dimethylglycine""]",[],0,0,6,3,4,kynurenine,0,2,100.0,700,176,13,5,5.9390966704285715,0.43616254118090847,False,659dce4f66bf4ee0228513d024a4e287e9f1aa3957152332b1483ab0af67cb42,0.04672637605108321
direct_neighbor_ridge,0,0,0,0,0,0,False,3,"[""AMP"", ""NAD"", ""dimethylglycine""]",[],0,0,6,3,4,kynurenine,0,3,100.0,702,174,13,5,5.952286661396012,0.4239211231682899,False,9492e163b6ef19b0563b1ce8302b8e8794e2e4c9c8031c62ff9774a3f63f6f58,0.04705950408242643
direct_neighbor_ridge,0,0,0,0,0,0,False,3,"[""AMP"", ""NAD"", ""dimethylglycine""]",[],0,0,6,3,4,kynurenine,0,4,100.0,700,176,17,1,5.939905379142859,0.44267273159479614,False,cf9883e99ee1b956d01c2cb42a4d284b982ce23065d3616a5e1cced359e41fb5,0.04869449092075229
direct_neighbor_ridge,0,0,0,0,0,0,False,3,"[""AMP"", ""NAD"", ""dimethylglycine""]",[],0,0,6,3,4,kynurenine,1,0,100.0,705,171,13,5,5.926552404964539,0.42337591229378796,False,32d2e2f547f707a9f12d899e65a934275c9f49020e10d214973126d05910ec9c,0.04271104000508785
direct_neighbor_ridge,0,0,0,0,0,0,False,3,"[""AMP"", ""NAD"", ""dimethylglycine""]",[],0,0,6,3,4,kynurenine,1,1,100.0,700,176,17,1,5.939905379142859,0.44267273159479614,False,cf9883e99ee1b956d01c2cb42a4d284b982ce23065d3616a5e1cced359e41fb5,0.042510590981692076
direct_neighbor_ridge,0,0,0,0,0,0,False,3,"[""AMP"", ""NAD"", ""dimethylglycine""]",[],0,0,6,3,4,kynurenine,1,2,100.0,697,179,16,2,5.934133664705882,0.43781396467582306,False,db1ab3680dcfc2deb10e2511ec28b70b27966d5a436d724be48267bcbf200acf,0.04388349293731153
direct_neighbor_ridge,0,0,0,0,0,0,False,3,"[""AMP"", ""NAD"", ""dimethylglycine""]",[],0,0,6,3,4,kynurenine,1,3,100.0,700,176,13,5,5.9390966704285715,0.43616254118090847,False,659dce4f66bf4ee0228513d024a4e287e9f1aa3957152332b1483ab0af67cb42,0.07462167809717357
direct_neighbor_ridge,0,0,0,0,0,0,False,3,"[""AMP"", ""NAD"", ""dimethylglycine""]",[],0,0,6,3,4,kynurenine,1,4,100.0,702,174,13,5,5.952286661396012,0.4239211231682899,False,9492e163b6ef19b0563b1ce8302b8e8794e2e4c9c8031c62ff9774a3f63f6f58,0.05546732502989471
direct_neighbor_ridge,0,0,0,0,0,0,False,3,"[""NAD"", ""adenosine"", ""beta-alanine""]",[],0,0,6,3,4,leucine,0,0,100.0,697,179,16,2,5.831542355954089,0.2951264468207581,False,db1ab3680dcfc2deb10e2511ec28b70b27966d5a436d724be48267bcbf200acf,0.04771039285697043
direct_neighbor_ridge,0,0,0,0,0,0,False,3,"[""NAD"", ""adenosine"", ""beta-alanine""]",[],0,0,6,3,4,leucine,0,1,100.0,705,171,13,5,5.71278935716312,0.3461939858441402,False,32d2e2f547f707a9f12d899e65a934275c9f49020e10d214973126d05910ec9c,0.04594347393140197
direct_neighbor_ridge,0,0,0,0,0,0,False,3,"[""NAD"", ""adenosine"", ""beta-alanine""]",[],0,0,6,3,4,leucine,0,2,100.0,700,176,13,5,5.738065795428572,0.3490973408490637,False,659dce4f66bf4ee0228513d024a4e287e9f1aa3957152332b1483ab0af67cb42,0.048120595049113035
direct_neighbor_ridge,0,0,0,0,0,0,False,3,"[""NAD"", ""adenosine"", ""beta-alanine""]",[],0,0,6,3,4,leucine,0,3,100.0,702,174,13,5,5.729321187321937,0.341575517760423,False,9492e163b6ef19b0563b1ce8302b8e8794e2e4c9c8031c62ff9774a3f63f6f58,0.06660744594410062
direct_neighbor_ridge,0,0,0,0,0,0,False,3,"[""NAD"", ""adenosine"", ""beta-alanine""]",[],0,0,6,3,4,leucine,0,4,100.0,700,176,17,1,5.747189129714286,0.3342929822214523,False,cf9883e99ee1b956d01c2cb42a4d284b982ce23065d3616a5e1cced359e41fb5,0.056929480051621795
direct_neighbor_ridge,0,0,0,0,0,0,False,3,"[""NAD"", ""adenosine"", ""beta-alanine""]",[],0,0,6,3,4,leucine,1,0,100.0,705,171,13,5,5.71278935716312,0.3461939858441402,False,32d2e2f547f707a9f12d899e65a934275c9f49020e10d214973126d05910ec9c,0.05789612606167793
direct_neighbor_ridge,0,0,0,0,0,0,False,3,"[""NAD"", ""adenosine"", ""beta-alanine""]",[],0,0,6,3,4,leucine,1,1,100.0,700,176,17,1,5.747189129714286,0.3342929822214523,False,cf9883e99ee1b956d01c2cb42a4d284b982ce23065d3616a5e1cced359e41fb5,0.08801946113817394
direct_neighbor_ridge,0,0,0,0,0,0,False,3,"[""NAD"", ""adenosine"", ""beta-alanine""]",[],0,0,6,3,4,leucine,1,2,100.0,697,179,16,2,5.831542355954089,0.2951264468207581,False,db1ab3680dcfc2deb10e2511ec28b70b27966d5a436d724be48267bcbf200acf,0.05930721806362271
direct_neighbor_ridge,0,0,0,0,0,0,False,3,"[""NAD"", ""adenosine"", ""beta-alanine""]",[],0,0,6,3,4,leucine,1,3,100.0,700,176,13,5,5.738065795428572,0.3490973408490637,False,659dce4f66bf4ee0228513d024a4e287e9f1aa3957152332b1483ab0af67cb42,0.05789267993532121
direct_neighbor_ridge,0,0,0,0,0,0,False,3,"[""NAD"", ""adenosine"", ""beta-alanine""]",[],0,0,6,3,4,leucine,1,4,100.0,702,174,13,5,5.729321187321937,0.341575517760423,False,9492e163b6ef19b0563b1ce8302b8e8794e2e4c9c8031c62ff9774a3f63f6f58,0.05951671814545989
direct_neighbor_ridge,0,0,0,0,0,0,False,1,"[""AMP""]",[],0,0,2,1,2,lysine,0,0,0.1,697,179,16,2,5.934322607747489,0.4071035682376424,False,db1ab3680dcfc2deb10e2511ec28b70b27966d5a436d724be48267bcbf200acf,0.056202106876298785
direct_neighbor_ridge,0,0,0,0,0,0,False,1,"[""AMP""]",[],0,0,2,1,2,lysine,0,1,0.1,705,171,13,5,5.763875533617021,0.4753635421432698,False,32d2e2f547f707a9f12d899e65a934275c9f49020e10d214973126d05910ec9c,0.05145097617059946
direct_neighbor_ridge,0,0,0,0,0,0,False,1,"[""AMP""]",[],0,0,2,1,2,lysine,0,2,0.1,700,176,13,5,5.818256463428571,0.4878590191417011,False,659dce4f66bf4ee0228513d024a4e287e9f1aa3957152332b1483ab0af67cb42,0.04893777286633849
direct_neighbor_ridge,0,0,0,0,0,0,False,1,"[""AMP""]",[],0,0,2,1,2,lysine,0,3,0.1,702,174,13,5,5.772962760683761,0.4814261181271888,False,9492e163b6ef19b0563b1ce8302b8e8794e2e4c9c8031c62ff9774a3f63f6f58,0.049657811876386404
direct_neighbor_ridge,0,0,0,0,0,0,False,1,"[""AMP""]",[],0,0,2,1,2,lysine,0,4,0.1,700,176,17,1,5.809447613714285,0.47990437809288217,False,cf9883e99ee1b956d01c2cb42a4d284b982ce23065d3616a5e1cced359e41fb5,0.04856306593865156
direct_neighbor_ridge,0,0,0,0,0,0,False,1,"[""AMP""]",[],0,0,2,1,2,lysine,1,0,0.1,705,171,13,5,5.763875533617021,0.4753635421432698,False,32d2e2f547f707a9f12d899e65a934275c9f49020e10d214973126d05910ec9c,0.04724449198693037
direct_neighbor_ridge,0,0,0,0,0,0,False,1,"[""AMP""]",[],0,0,2,1,2,lysine,1,1,0.1,700,176,17,1,5.809447613714285,0.47990437809288217,False,cf9883e99ee1b956d01c2cb42a4d284b982ce23065d3616a5e1cced359e41fb5,0.055128406966105103
direct_neighbor_ridge,0,0,0,0,0,0,False,1,"[""AMP""]",[],0,0,2,1,2,lysine,1,2,10.0,697,179,16,2,5.934322607747489,0.4071035682376424,False,db1ab3680dcfc2deb10e2511ec28b70b27966d5a436d724be48267bcbf200acf,0.065004131058231
direct_neighbor_ridge,0,0,0,0,0,0,False,1,"[""AMP""]",[],0,0,2,1,2,lysine,1,3,0.1,700,176,13,5,5.818256463428571,0.4878590191417011,False,659dce4f66bf4ee0228513d024a4e287e9f1aa3957152332b1483ab0af67cb42,0.04967261292040348
direct_neighbor_ridge,0,0,0,0,0,0,False,1,"[""AMP""]",[],0,0,2,1,2,lysine,1,4,0.1,702,174,13,5,5.772962760683761,0.4814261181271888,False,9492e163b6ef19b0563b1ce8302b8e8794e2e4c9c8031c62ff9774a3f63f6f58,0.04831873904913664
direct_neighbor_ridge,0,0,0,0,0,0,False,2,"[""AMP"", ""glutamate""]",[],0,0,4,2,3,malate,0,0,10.0,697,179,16,2,5.84539932697274,0.2374032760953075,False,db1ab3680dcfc2deb10e2511ec28b70b27966d5a436d724be48267bcbf200acf,0.05280058807693422
direct_neighbor_ridge,0,0,0,0,0,0,False,2,"[""AMP"", ""glutamate""]",[],0,0,4,2,3,malate,0,1,100.0,705,171,13,5,5.832756050070921,0.27493887360433295,False,32d2e2f547f707a9f12d899e65a934275c9f49020e10d214973126d05910ec9c,0.05467653088271618
direct_neighbor_ridge,0,0,0,0,0,0,False,2,"[""AMP"", ""glutamate""]",[],0,0,4,2,3,malate,0,2,100.0,700,176,13,5,5.831384746571429,0.2691691871484761,False,659dce4f66bf4ee0228513d024a4e287e9f1aa3957152332b1483ab0af67cb42,0.05262847291305661
direct_neighbor_ridge,0,0,0,0,0,0,False,2,"[""AMP"", ""glutamate""]",[],0,0,4,2,3,malate,0,3,100.0,702,174,13,5,5.846637076923078,0.260711235793023,False,9492e163b6ef19b0563b1ce8302b8e8794e2e4c9c8031c62ff9774a3f63f6f58,0.05227587907575071
direct_neighbor_ridge,0,0,0,0,0,0,False,2,"[""AMP"", ""glutamate""]",[],0,0,4,2,3,malate,0,4,100.0,700,176,17,1,5.840662609714286,0.2716781962373946,False,cf9883e99ee1b956d01c2cb42a4d284b982ce23065d3616a5e1cced359e41fb5,0.05246927193365991
direct_neighbor_ridge,0,0,0,0,0,0,False,2,"[""AMP"", ""glutamate""]",[],0,0,4,2,3,malate,1,0,100.0,705,171,13,5,5.832756050070921,0.27493887360433295,False,32d2e2f547f707a9f12d899e65a934275c9f49020e10d214973126d05910ec9c,0.05323307798244059
direct_neighbor_ridge,0,0,0,0,0,0,False,2,"[""AMP"", ""glutamate""]",[],0,0,4,2,3,malate,1,1,100.0,700,176,17,1,5.840662609714286,0.2716781962373946,False,cf9883e99ee1b956d01c2cb42a4d284b982ce23065d3616a5e1cced359e41fb5,0.04919929709285498
direct_neighbor_ridge,0,0,0,0,0,0,False,2,"[""AMP"", ""glutamate""]",[],0,0,4,2,3,malate,1,2,10.0,697,179,16,2,5.84539932697274,0.2374032760953075,False,db1ab3680dcfc2deb10e2511ec28b70b27966d5a436d724be48267bcbf200acf,0.0535118798725307
direct_neighbor_ridge,0,0,0,0,0,0,False,2,"[""AMP"", ""glutamate""]",[],0,0,4,2,3,malate,1,3,100.0,700,176,13,5,5.831384746571429,0.2691691871484761,False,659dce4f66bf4ee0228513d024a4e287e9f1aa3957152332b1483ab0af67cb42,0.051725981989875436
direct_neighbor_ridge,0,0,0,0,0,0,False,2,"[""AMP"", ""glutamate""]",[],0,0,4,2,3,malate,1,4,100.0,702,174,13,5,5.846637076923078,0.260711235793023,False,9492e163b6ef19b0563b1ce8302b8e8794e2e4c9c8031c62ff9774a3f63f6f58,0.042612149845808744
direct_neighbor_ridge,0,0,0,0,0,0,False,4,"[""AMP"", ""GMP"", ""UMP"", ""alanine""]",[],0,0,8,4,5,methionine,0,0,100.0,697,179,16,2,5.844706393113342,0.3516238559885935,False,db1ab3680dcfc2deb10e2511ec28b70b27966d5a436d724be48267bcbf200acf,0.06294188485480845
direct_neighbor_ridge,0,0,0,0,0,0,False,4,"[""AMP"", ""GMP"", ""UMP"", ""alanine""]",[],0,0,8,4,5,methionine,0,1,100.0,705,171,13,5,5.710732257446809,0.4029734963810446,False,32d2e2f547f707a9f12d899e65a934275c9f49020e10d214973126d05910ec9c,0.055895251920446754
direct_neighbor_ridge,0,0,0,0,0,0,False,4,"[""AMP"", ""GMP"", ""UMP"", ""alanine""]",[],0,0,8,4,5,methionine,0,2,100.0,700,176,13,5,5.740705925428571,0.3974252920124316,False,659dce4f66bf4ee0228513d024a4e287e9f1aa3957152332b1483ab0af67cb42,0.06488201091997325
direct_neighbor_ridge,0,0,0,0,0,0,False,4,"[""AMP"", ""GMP"", ""UMP"", ""alanine""]",[],0,0,8,4,5,methionine,0,3,100.0,702,174,13,5,5.726730337464388,0.3991828927493059,False,9492e163b6ef19b0563b1ce8302b8e8794e2e4c9c8031c62ff9774a3f63f6f58,0.0675549570005387
direct_neighbor_ridge,0,0,0,0,0,0,False,4,"[""AMP"", ""GMP"", ""UMP"", ""alanine""]",[],0,0,8,4,5,methionine,0,4,10.0,700,176,17,1,5.751831437428572,0.3837665333034442,False,cf9883e99ee1b956d01c2cb42a4d284b982ce23065d3616a5e1cced359e41fb5,0.055536063853651285
direct_neighbor_ridge,0,0,0,0,0,0,False,4,"[""AMP"", ""GMP"", ""UMP"", ""alanine""]",[],0,0,8,4,5,methionine,1,0,100.0,705,171,13,5,5.710732257446809,0.4029734963810446,False,32d2e2f547f707a9f12d899e65a934275c9f49020e10d214973126d05910ec9c,0.06485050008632243
direct_neighbor_ridge,0,0,0,0,0,0,False,4,"[""AMP"", ""GMP"", ""UMP"", ""alanine""]",[],0,0,8,4,5,methionine,1,1,100.0,700,176,17,1,5.751831437428572,0.3837665333034442,False,cf9883e99ee1b956d01c2cb42a4d284b982ce23065d3616a5e1cced359e41fb5,0.06297527998685837
direct_neighbor_ridge,0,0,0,0,0,0,False,4,"[""AMP"", ""GMP"", ""UMP"", ""alanine""]",[],0,0,8,4,5,methionine,1,2,100.0,697,179,16,2,5.844706393113342,0.3516238559885935,False,db1ab3680dcfc2deb10e2511ec28b70b27966d5a436d724be48267bcbf200acf,0.06491169589571655
direct_neighbor_ridge,0,0,0,0,0,0,False,4,"[""AMP"", ""GMP"", ""UMP"", ""alanine""]",[],0,0,8,4,5,methionine,1,3,10.0,700,176,13,5,5.740705925428571,0.3974252920124316,False,659dce4f66bf4ee0228513d024a4e287e9f1aa3957152332b1483ab0af67cb42,0.06899755517952144
direct_neighbor_ridge,0,0,0,0,0,0,False,4,"[""AMP"", ""GMP"", ""UMP"", ""alanine""]",[],0,0,8,4,5,methionine,1,4,100.0,702,174,13,5,5.726730337464388,0.3991828927493059,False,9492e163b6ef19b0563b1ce8302b8e8794e2e4c9c8031c62ff9774a3f63f6f58,0.059550594072788954
direct_neighbor_ridge,0,0,0,0,0,0,False,5,"[""AMP"", ""acetylcholine"", ""alanine"", ""beta-alanine"", ""phenylalanine""]",[],0,0,10,5,6,ornithine,0,0,10.0,697,179,16,2,5.901764725107604,0.37091255999449113,False,db1ab3680dcfc2deb10e2511ec28b70b27966d5a436d724be48267bcbf200acf,0.057886680122464895
direct_neighbor_ridge,0,0,0,0,0,0,False,5,"[""AMP"", ""acetylcholine"", ""alanine"", ""beta-alanine"", ""phenylalanine""]",[],0,0,10,5,6,ornithine,0,1,100.0,705,171,13,5,5.868419232765957,0.39189021898334747,False,32d2e2f547f707a9f12d899e65a934275c9f49020e10d214973126d05910ec9c,0.05416298797354102
direct_neighbor_ridge,0,0,0,0,0,0,False,5,"[""AMP"", ""acetylcholine"", ""alanine"", ""beta-alanine"", ""phenylalanine""]",[],0,0,10,5,6,ornithine,0,2,100.0,700,176,13,5,5.857476163,0.37685730093351216,False,659dce4f66bf4ee0228513d024a4e287e9f1aa3957152332b1483ab0af67cb42,0.05654268292710185
direct_neighbor_ridge,0,0,0,0,0,0,False,5,"[""AMP"", ""acetylcholine"", ""alanine"", ""beta-alanine"", ""phenylalanine""]",[],0,0,10,5,6,ornithine,0,3,10.0,702,174,13,5,5.870326695584046,0.38229349463561557,False,9492e163b6ef19b0563b1ce8302b8e8794e2e4c9c8031c62ff9774a3f63f6f58,0.05662672081962228
direct_neighbor_ridge,0,0,0,0,0,0,False,5,"[""AMP"", ""acetylcholine"", ""alanine"", ""beta-alanine"", ""phenylalanine""]",[],0,0,10,5,6,ornithine,0,4,0.1,700,176,17,1,5.861688638714287,0.3763700504060924,False,cf9883e99ee1b956d01c2cb42a4d284b982ce23065d3616a5e1cced359e41fb5,0.05489915795624256
direct_neighbor_ridge,0,0,0,0,0,0,False,5,"[""AMP"", ""acetylcholine"", ""alanine"", ""beta-alanine"", ""phenylalanine""]",[],0,0,10,5,6,ornithine,1,0,100.0,705,171,13,5,5.868419232765957,0.39189021898334747,False,32d2e2f547f707a9f12d899e65a934275c9f49020e10d214973126d05910ec9c,0.057860383996739984
direct_neighbor_ridge,0,0,0,0,0,0,False,5,"[""AMP"", ""acetylcholine"", ""alanine"", ""beta-alanine"", ""phenylalanine""]",[],0,0,10,5,6,ornithine,1,1,0.1,700,176,17,1,5.861688638714287,0.3763700504060924,False,cf9883e99ee1b956d01c2cb42a4d284b982ce23065d3616a5e1cced359e41fb5,0.0561595659237355
direct_neighbor_ridge,0,0,0,0,0,0,False,5,"[""AMP"", ""acetylcholine"", ""alanine"", ""beta-alanine"", ""phenylalanine""]",[],0,0,10,5,6,ornithine,1,2,10.0,697,179,16,2,5.901764725107604,0.37091255999449113,False,db1ab3680dcfc2deb10e2511ec28b70b27966d5a436d724be48267bcbf200acf,0.057040898129343987
direct_neighbor_ridge,0,0,0,0,0,0,False,5,"[""AMP"", ""acetylcholine"", ""alanine"", ""beta-alanine"", ""phenylalanine""]",[],0,0,10,5,6,ornithine,1,3,100.0,700,176,13,5,5.857476163,0.37685730093351216,False,659dce4f66bf4ee0228513d024a4e287e9f1aa3957152332b1483ab0af67cb42,0.053991445107385516
direct_neighbor_ridge,0,0,0,0,0,0,False,5,"[""AMP"", ""acetylcholine"", ""alanine"", ""beta-alanine"", ""phenylalanine""]",[],0,0,10,5,6,ornithine,1,4,0.1,702,174,13,5,5.870326695584046,0.38229349463561557,False,9492e163b6ef19b0563b1ce8302b8e8794e2e4c9c8031c62ff9774a3f63f6f58,0.056213565869256854
direct_neighbor_ridge,0,0,0,0,0,0,False,1,"[""glutamate""]",[],0,0,2,1,2,oxalate,0,0,100.0,697,179,16,2,5.8571481606886655,0.19123230688172624,False,db1ab3680dcfc2deb10e2511ec28b70b27966d5a436d724be48267bcbf200acf,0.051193444058299065
direct_neighbor_ridge,0,0,0,0,0,0,False,1,"[""glutamate""]",[],0,0,2,1,2,oxalate,0,1,100.0,705,171,13,5,5.943317970496454,0.24685378640027086,False,32d2e2f547f707a9f12d899e65a934275c9f49020e10d214973126d05910ec9c,0.049788383999839425
direct_neighbor_ridge,0,0,0,0,0,0,False,1,"[""glutamate""]",[],0,0,2,1,2,oxalate,0,2,100.0,700,176,13,5,5.94393518457143,0.24464424725957237,False,659dce4f66bf4ee0228513d024a4e287e9f1aa3957152332b1483ab0af67cb42,0.06220398307777941
direct_neighbor_ridge,0,0,0,0,0,0,False,1,"[""glutamate""]",[],0,0,2,1,2,oxalate,0,3,100.0,702,174,13,5,5.932151932336182,0.24734399059798892,False,9492e163b6ef19b0563b1ce8302b8e8794e2e4c9c8031c62ff9774a3f63f6f58,0.049670136999338865
direct_neighbor_ridge,0,0,0,0,0,0,False,1,"[""glutamate""]",[],0,0,2,1,2,oxalate,0,4,100.0,700,176,17,1,5.923174090142856,0.23355041846191812,False,cf9883e99ee1b956d01c2cb42a4d284b982ce23065d3616a5e1cced359e41fb5,0.04712009220384061
direct_neighbor_ridge,0,0,0,0,0,0,False,1,"[""glutamate""]",[],0,0,2,1,2,oxalate,1,0,100.0,705,171,13,5,5.943317970496454,0.24685378640027086,False,32d2e2f547f707a9f12d899e65a934275c9f49020e10d214973126d05910ec9c,0.058677369030192494
direct_neighbor_ridge,0,0,0,0,0,0,False,1,"[""glutamate""]",[],0,0,2,1,2,oxalate,1,1,100.0,700,176,17,1,5.923174090142856,0.23355041846191812,False,cf9883e99ee1b956d01c2cb42a4d284b982ce23065d3616a5e1cced359e41fb5,0.05031934706494212
direct_neighbor_ridge,0,0,0,0,0,0,False,1,"[""glutamate""]",[],0,0,2,1,2,oxalate,1,2,100.0,697,179,16,2,5.8571481606886655,0.19123230688172624,False,db1ab3680dcfc2deb10e2511ec28b70b27966d5a436d724be48267bcbf200acf,0.05058928718790412
direct_neighbor_ridge,0,0,0,0,0,0,False,1,"[""glutamate""]",[],0,0,2,1,2,oxalate,1,3,100.0,700,176,13,5,5.94393518457143,0.24464424725957237,False,659dce4f66bf4ee0228513d024a4e287e9f1aa3957152332b1483ab0af67cb42,0.048244842095300555
direct_neighbor_ridge,0,0,0,0,0,0,False,1,"[""glutamate""]",[],0,0,2,1,2,oxalate,1,4,100.0,702,174,13,5,5.932151932336182,0.24734399059798892,False,9492e163b6ef19b0563b1ce8302b8e8794e2e4c9c8031c62ff9774a3f63f6f58,0.050005997996777296
direct_neighbor_ridge,0,0,0,0,0,0,False,4,"[""NAD"", ""NADP"", ""adenine"", ""proline""]",[],0,0,8,4,5,phenylalanine,0,0,100.0,697,179,16,2,5.936915044619799,0.38787707730618587,False,db1ab3680dcfc2deb10e2511ec28b70b27966d5a436d724be48267bcbf200acf,0.05651404708623886
direct_neighbor_ridge,0,0,0,0,0,0,False,4,"[""NAD"", ""NADP"", ""adenine"", ""proline""]",[],0,0,8,4,5,phenylalanine,0,1,100.0,705,171,13,5,5.785095450496454,0.4305034051315013,False,32d2e2f547f707a9f12d899e65a934275c9f49020e10d214973126d05910ec9c,0.05518674897029996
direct_neighbor_ridge,0,0,0,0,0,0,False,4,"[""NAD"", ""NADP"", ""adenine"", ""proline""]",[],0,0,8,4,5,phenylalanine,0,2,100.0,700,176,13,5,5.836019977714286,0.43676103299292846,False,659dce4f66bf4ee0228513d024a4e287e9f1aa3957152332b1483ab0af67cb42,0.05725212814286351
direct_neighbor_ridge,0,0,0,0,0,0,False,4,"[""NAD"", ""NADP"", ""adenine"", ""proline""]",[],0,0,8,4,5,phenylalanine,0,3,100.0,702,174,13,5,5.804011151994302,0.4357928814395778,False,9492e163b6ef19b0563b1ce8302b8e8794e2e4c9c8031c62ff9774a3f63f6f58,0.0555999290663749
direct_neighbor_ridge,0,0,0,0,0,0,False,4,"[""NAD"", ""NADP"", ""adenine"", ""proline""]",[],0,0,8,4,5,phenylalanine,0,4,100.0,700,176,17,1,5.839300081428571,0.43520662066993177,False,cf9883e99ee1b956d01c2cb42a4d284b982ce23065d3616a5e1cced359e41fb5,0.05140245892107487
direct_neighbor_ridge,0,0,0,0,0,0,False,4,"[""NAD"", ""NADP"", ""adenine"", ""proline""]",[],0,0,8,4,5,phenylalanine,1,0,100.0,705,171,13,5,5.785095450496454,0.4305034051315013,False,32d2e2f547f707a9f12d899e65a934275c9f49020e10d214973126d05910ec9c,0.05884013487957418
direct_neighbor_ridge,0,0,0,0,0,0,False,4,"[""NAD"", ""NADP"", ""adenine"", ""proline""]",[],0,0,8,4,5,phenylalanine,1,1,100.0,700,176,17,1,5.839300081428571,0.43520662066993177,False,cf9883e99ee1b956d01c2cb42a4d284b982ce23065d3616a5e1cced359e41fb5,0.05282272514887154
direct_neighbor_ridge,0,0,0,0,0,0,False,4,"[""NAD"", ""NADP"", ""adenine"", ""proline""]",[],0,0,8,4,5,phenylalanine,1,2,100.0,697,179,16,2,5.936915044619799,0.38787707730618587,False,db1ab3680dcfc2deb10e2511ec28b70b27966d5a436d724be48267bcbf200acf,0.05297880689613521
direct_neighbor_ridge,0,0,0,0,0,0,False,4,"[""NAD"", ""NADP"", ""adenine"", ""proline""]",[],0,0,8,4,5,phenylalanine,1,3,100.0,700,176,13,5,5.836019977714286,0.43676103299292846,False,659dce4f66bf4ee0228513d024a4e287e9f1aa3957152332b1483ab0af67cb42,0.05302456999197602
direct_neighbor_ridge,0,0,0,0,0,0,False,4,"[""NAD"", ""NADP"", ""adenine"", ""proline""]",[],0,0,8,4,5,phenylalanine,1,4,100.0,702,174,13,5,5.804011151994302,0.4357928814395778,False,9492e163b6ef19b0563b1ce8302b8e8794e2e4c9c8031c62ff9774a3f63f6f58,0.054467199835926294
direct_neighbor_ridge,0,0,0,0,0,0,False,3,"[""AMP"", ""beta-alanine"", ""glutamate""]",[],0,0,6,3,4,proline,0,0,0.1,697,179,16,2,5.845378479196557,0.2597836119794736,False,db1ab3680dcfc2deb10e2511ec28b70b27966d5a436d724be48267bcbf200acf,0.048243020894005895
direct_neighbor_ridge,0,0,0,0,0,0,False,3,"[""AMP"", ""beta-alanine"", ""glutamate""]",[],0,0,6,3,4,proline,0,1,10.0,705,171,13,5,5.842336137872341,0.2589631265461561,False,32d2e2f547f707a9f12d899e65a934275c9f49020e10d214973126d05910ec9c,0.0531769129447639
direct_neighbor_ridge,0,0,0,0,0,0,False,3,"[""AMP"", ""beta-alanine"", ""glutamate""]",[],0,0,6,3,4,proline,0,2,0.1,700,176,13,5,5.830172965428571,0.2636424283030725,False,659dce4f66bf4ee0228513d024a4e287e9f1aa3957152332b1483ab0af67cb42,0.055987531086429954
direct_neighbor_ridge,0,0,0,0,0,0,False,3,"[""AMP"", ""beta-alanine"", ""glutamate""]",[],0,0,6,3,4,proline,0,3,0.1,702,174,13,5,5.858766810683761,0.2529611541886748,False,9492e163b6ef19b0563b1ce8302b8e8794e2e4c9c8031c62ff9774a3f63f6f58,0.05833161110058427
direct_neighbor_ridge,0,0,0,0,0,0,False,3,"[""AMP"", ""beta-alanine"", ""glutamate""]",[],0,0,6,3,4,proline,0,4,1.0,700,176,17,1,5.847336737571429,0.2643426691214404,False,cf9883e99ee1b956d01c2cb42a4d284b982ce23065d3616a5e1cced359e41fb5,0.05562335881404579
direct_neighbor_ridge,0,0,0,0,0,0,False,3,"[""AMP"", ""beta-alanine"", ""glutamate""]",[],0,0,6,3,4,proline,1,0,10.0,705,171,13,5,5.842336137872341,0.2589631265461561,False,32d2e2f547f707a9f12d899e65a934275c9f49020e10d214973126d05910ec9c,0.05294853588566184
direct_neighbor_ridge,0,0,0,0,0,0,False,3,"[""AMP"", ""beta-alanine"", ""glutamate""]",[],0,0,6,3,4,proline,1,1,1.0,700,176,17,1,5.847336737571429,0.2643426691214404,False,cf9883e99ee1b956d01c2cb42a4d284b982ce23065d3616a5e1cced359e41fb5,0.05402627307921648
direct_neighbor_ridge,0,0,0,0,0,0,False,3,"[""AMP"", ""beta-alanine"", ""glutamate""]",[],0,0,6,3,4,proline,1,2,0.1,697,179,16,2,5.845378479196557,0.2597836119794736,False,db1ab3680dcfc2deb10e2511ec28b70b27966d5a436d724be48267bcbf200acf,0.05537063209339976
direct_neighbor_ridge,0,0,0,0,0,0,False,3,"[""AMP"", ""beta-alanine"", ""glutamate""]",[],0,0,6,3,4,proline,1,3,0.1,700,176,13,5,5.830172965428571,0.2636424283030725,False,659dce4f66bf4ee0228513d024a4e287e9f1aa3957152332b1483ab0af67cb42,0.055004852125421166
direct_neighbor_ridge,0,0,0,0,0,0,False,3,"[""AMP"", ""beta-alanine"", ""glutamate""]",[],0,0,6,3,4,proline,1,4,0.1,702,174,13,5,5.858766810683761,0.2529611541886748,False,9492e163b6ef19b0563b1ce8302b8e8794e2e4c9c8031c62ff9774a3f63f6f58,0.05758311599493027
direct_neighbor_ridge,0,0,0,0,0,0,False,1,"[""betaine""]",[],0,0,2,1,2,putrescine,0,0,100.0,697,179,16,2,5.834476610903874,0.34981390103904925,False,db1ab3680dcfc2deb10e2511ec28b70b27966d5a436d724be48267bcbf200acf,0.05537257296964526
direct_neighbor_ridge,0,0,0,0,0,0,False,1,"[""betaine""]",[],0,0,2,1,2,putrescine,0,1,100.0,705,171,13,5,5.86676280468085,0.34453860408251974,False,32d2e2f547f707a9f12d899e65a934275c9f49020e10d214973126d05910ec9c,0.05168272601440549
direct_neighbor_ridge,0,0,0,0,0,0,False,1,"[""betaine""]",[],0,0,2,1,2,putrescine,0,2,100.0,700,176,13,5,5.834921169142857,0.3603584147236382,False,659dce4f66bf4ee0228513d024a4e287e9f1aa3957152332b1483ab0af67cb42,0.052015110151842237
direct_neighbor_ridge,0,0,0,0,0,0,False,1,"[""betaine""]",[],0,0,2,1,2,putrescine,0,3,100.0,702,174,13,5,5.858962787749288,0.360190081438807,False,9492e163b6ef19b0563b1ce8302b8e8794e2e4c9c8031c62ff9774a3f63f6f58,0.05396424396894872
direct_neighbor_ridge,0,0,0,0,0,0,False,1,"[""betaine""]",[],0,0,2,1,2,putrescine,0,4,100.0,700,176,17,1,5.842789945571428,0.34901274084762085,False,cf9883e99ee1b956d01c2cb42a4d284b982ce23065d3616a5e1cced359e41fb5,0.05197429494000971
direct_neighbor_ridge,0,0,0,0,0,0,False,1,"[""betaine""]",[],0,0,2,1,2,putrescine,1,0,100.0,705,171,13,5,5.86676280468085,0.34453860408251974,False,32d2e2f547f707a9f12d899e65a934275c9f49020e10d214973126d05910ec9c,0.05193130089901388
direct_neighbor_ridge,0,0,0,0,0,0,False,1,"[""betaine""]",[],0,0,2,1,2,putrescine,1,1,100.0,700,176,17,1,5.842789945571428,0.34901274084762085,False,cf9883e99ee1b956d01c2cb42a4d284b982ce23065d3616a5e1cced359e41fb5,0.05270962277427316
direct_neighbor_ridge,0,0,0,0,0,0,False,1,"[""betaine""]",[],0,0,2,1,2,putrescine,1,2,100.0,697,179,16,2,5.834476610903874,0.34981390103904925,False,db1ab3680dcfc2deb10e2511ec28b70b27966d5a436d724be48267bcbf200acf,0.05391135602258146
direct_neighbor_ridge,0,0,0,0,0,0,False,1,"[""betaine""]",[],0,0,2,1,2,putrescine,1,3,100.0,700,176,13,5,5.834921169142857,0.3603584147236382,False,659dce4f66bf4ee0228513d024a4e287e9f1aa3957152332b1483ab0af67cb42,0.05253796000033617
direct_neighbor_ridge,0,0,0,0,0,0,False,1,"[""betaine""]",[],0,0,2,1,2,putrescine,1,4,100.0,702,174,13,5,5.858962787749288,0.360190081438807,False,9492e163b6ef19b0563b1ce8302b8e8794e2e4c9c8031c62ff9774a3f63f6f58,0.05979262082837522
direct_neighbor_ridge,0,0,0,0,0,0,False,3,"[""alanine"", ""beta-alanine"", ""glutamate""]",[],0,0,6,3,4,sarcosine,0,0,10.0,697,179,16,2,5.9369144758967005,0.2599483145796618,False,db1ab3680dcfc2deb10e2511ec28b70b27966d5a436d724be48267bcbf200acf,0.059810897102579474
direct_neighbor_ridge,0,0,0,0,0,0,False,3,"[""alanine"", ""beta-alanine"", ""glutamate""]",[],0,0,6,3,4,sarcosine,0,1,10.0,705,171,13,5,5.9332476963120575,0.2541831682725793,False,32d2e2f547f707a9f12d899e65a934275c9f49020e10d214973126d05910ec9c,0.060027028899639845
direct_neighbor_ridge,0,0,0,0,0,0,False,3,"[""alanine"", ""beta-alanine"", ""glutamate""]",[],0,0,6,3,4,sarcosine,0,2,100.0,700,176,13,5,5.912223672428571,0.24962732851458677,False,659dce4f66bf4ee0228513d024a4e287e9f1aa3957152332b1483ab0af67cb42,0.062071569031104445
direct_neighbor_ridge,0,0,0,0,0,0,False,3,"[""alanine"", ""beta-alanine"", ""glutamate""]",[],0,0,6,3,4,sarcosine,0,3,100.0,702,174,13,5,5.933046833618233,0.2506930619362083,False,9492e163b6ef19b0563b1ce8302b8e8794e2e4c9c8031c62ff9774a3f63f6f58,0.05705412104725838
direct_neighbor_ridge,0,0,0,0,0,0,False,3,"[""alanine"", ""beta-alanine"", ""glutamate""]",[],0,0,6,3,4,sarcosine,0,4,0.1,700,176,17,1,5.933609104142857,0.2533006462103011,False,cf9883e99ee1b956d01c2cb42a4d284b982ce23065d3616a5e1cced359e41fb5,0.0556137110106647
direct_neighbor_ridge,0,0,0,0,0,0,False,3,"[""alanine"", ""beta-alanine"", ""glutamate""]",[],0,0,6,3,4,sarcosine,1,0,10.0,705,171,13,5,5.9332476963120575,0.2541831682725793,False,32d2e2f547f707a9f12d899e65a934275c9f49020e10d214973126d05910ec9c,0.07511507906019688
direct_neighbor_ridge,0,0,0,0,0,0,False,3,"[""alanine"", ""beta-alanine"", ""glutamate""]",[],0,0,6,3,4,sarcosine,1,1,0.1,700,176,17,1,5.933609104142857,0.2533006462103011,False,cf9883e99ee1b956d01c2cb42a4d284b982ce23065d3616a5e1cced359e41fb5,0.06086705392226577
direct_neighbor_ridge,0,0,0,0,0,0,False,3,"[""alanine"", ""beta-alanine"", ""glutamate""]",[],0,0,6,3,4,sarcosine,1,2,100.0,697,179,16,2,5.9369144758967005,0.2599483145796618,False,db1ab3680dcfc2deb10e2511ec28b70b27966d5a436d724be48267bcbf200acf,0.0626829790417105
direct_neighbor_ridge,0,0,0,0,0,0,False,3,"[""alanine"", ""beta-alanine"", ""glutamate""]",[],0,0,6,3,4,sarcosine,1,3,100.0,700,176,13,5,5.912223672428571,0.24962732851458677,False,659dce4f66bf4ee0228513d024a4e287e9f1aa3957152332b1483ab0af67cb42,0.062081914860755205
direct_neighbor_ridge,0,0,0,0,0,0,False,3,"[""alanine"", ""beta-alanine"", ""glutamate""]",[],0,0,6,3,4,sarcosine,1,4,10.0,702,174,13,5,5.933046833618233,0.2506930619362083,False,9492e163b6ef19b0563b1ce8302b8e8794e2e4c9c8031c62ff9774a3f63f6f58,0.062410996994003654
direct_neighbor_ridge,0,0,0,0,0,0,False,4,"[""CMP"", ""aspartate"", ""beta-alanine"", ""uracil""]",[],0,0,8,4,5,serine,0,0,10.0,697,179,16,2,5.8674860375896705,0.40389784825569003,False,db1ab3680dcfc2deb10e2511ec28b70b27966d5a436d724be48267bcbf200acf,0.0545880519784987
direct_neighbor_ridge,0,0,0,0,0,0,False,4,"[""CMP"", ""aspartate"", ""beta-alanine"", ""uracil""]",[],0,0,8,4,5,serine,0,1,100.0,705,171,13,5,5.829443674326242,0.40077940544884644,False,32d2e2f547f707a9f12d899e65a934275c9f49020e10d214973126d05910ec9c,0.04697991395369172
direct_neighbor_ridge,0,0,0,0,0,0,False,4,"[""CMP"", ""aspartate"", ""beta-alanine"", ""uracil""]",[],0,0,8,4,5,serine,0,2,10.0,700,176,13,5,5.840584020857143,0.40234808993882604,False,659dce4f66bf4ee0228513d024a4e287e9f1aa3957152332b1483ab0af67cb42,0.0560004289727658
direct_neighbor_ridge,0,0,0,0,0,0,False,4,"[""CMP"", ""aspartate"", ""beta-alanine"", ""uracil""]",[],0,0,8,4,5,serine,0,3,10.0,702,174,13,5,5.833095458831909,0.401278310400293,False,9492e163b6ef19b0563b1ce8302b8e8794e2e4c9c8031c62ff9774a3f63f6f58,0.05893130600452423
direct_neighbor_ridge,0,0,0,0,0,0,False,4,"[""CMP"", ""aspartate"", ""beta-alanine"", ""uracil""]",[],0,0,8,4,5,serine,0,4,10.0,700,176,17,1,5.839002695285714,0.3967722698628182,False,cf9883e99ee1b956d01c2cb42a4d284b982ce23065d3616a5e1cced359e41fb5,0.06450718897394836
direct_neighbor_ridge,0,0,0,0,0,0,False,4,"[""CMP"", ""aspartate"", ""beta-alanine"", ""uracil""]",[],0,0,8,4,5,serine,1,0,100.0,705,171,13,5,5.829443674326242,0.40077940544884644,False,32d2e2f547f707a9f12d899e65a934275c9f49020e10d214973126d05910ec9c,0.062340025091543794
direct_neighbor_ridge,0,0,0,0,0,0,False,4,"[""CMP"", ""aspartate"", ""beta-alanine"", ""uracil""]",[],0,0,8,4,5,serine,1,1,10.0,700,176,17,1,5.839002695285714,0.3967722698628182,False,cf9883e99ee1b956d01c2cb42a4d284b982ce23065d3616a5e1cced359e41fb5,0.06532566715031862
direct_neighbor_ridge,0,0,0,0,0,0,False,4,"[""CMP"", ""aspartate"", ""beta-alanine"", ""uracil""]",[],0,0,8,4,5,serine,1,2,10.0,697,179,16,2,5.8674860375896705,0.40389784825569003,False,db1ab3680dcfc2deb10e2511ec28b70b27966d5a436d724be48267bcbf200acf,0.050410332856699824
direct_neighbor_ridge,0,0,0,0,0,0,False,4,"[""CMP"", ""aspartate"", ""beta-alanine"", ""uracil""]",[],0,0,8,4,5,serine,1,3,0.1,700,176,13,5,5.840584020857143,0.40234808993882604,False,659dce4f66bf4ee0228513d024a4e287e9f1aa3957152332b1483ab0af67cb42,0.05384939699433744
direct_neighbor_ridge,0,0,0,0,0,0,False,4,"[""CMP"", ""aspartate"", ""beta-alanine"", ""uracil""]",[],0,0,8,4,5,serine,1,4,10.0,702,174,13,5,5.833095458831909,0.401278310400293,False,9492e163b6ef19b0563b1ce8302b8e8794e2e4c9c8031c62ff9774a3f63f6f58,0.052287374855950475
direct_neighbor_ridge,0,0,0,0,0,0,False,3,"[""NADP"", ""glutamate"", ""oxalate""]",[],0,0,6,3,4,taurine,0,0,10.0,697,179,16,2,5.794030961836442,0.41554377802074033,False,db1ab3680dcfc2deb10e2511ec28b70b27966d5a436d724be48267bcbf200acf,0.05203354079276323
direct_neighbor_ridge,0,0,0,0,0,0,False,3,"[""NADP"", ""glutamate"", ""oxalate""]",[],0,0,6,3,4,taurine,0,1,100.0,705,171,13,5,5.861509952340425,0.41422394247227196,False,32d2e2f547f707a9f12d899e65a934275c9f49020e10d214973126d05910ec9c,0.05371204297989607
direct_neighbor_ridge,0,0,0,0,0,0,False,3,"[""NADP"", ""glutamate"", ""oxalate""]",[],0,0,6,3,4,taurine,0,2,100.0,700,176,13,5,5.818380698285715,0.4283518066690608,False,659dce4f66bf4ee0228513d024a4e287e9f1aa3957152332b1483ab0af67cb42,0.05187315703369677
direct_neighbor_ridge,0,0,0,0,0,0,False,3,"[""NADP"", ""glutamate"", ""oxalate""]",[],0,0,6,3,4,taurine,0,3,100.0,702,174,13,5,5.834618115099715,0.4193170364031223,False,9492e163b6ef19b0563b1ce8302b8e8794e2e4c9c8031c62ff9774a3f63f6f58,0.05058021587319672
direct_neighbor_ridge,0,0,0,0,0,0,False,3,"[""NADP"", ""glutamate"", ""oxalate""]",[],0,0,6,3,4,taurine,0,4,100.0,700,176,17,1,5.827953608571429,0.4264426525650688,False,cf9883e99ee1b956d01c2cb42a4d284b982ce23065d3616a5e1cced359e41fb5,0.05108366999775171
direct_neighbor_ridge,0,0,0,0,0,0,False,3,"[""NADP"", ""glutamate"", ""oxalate""]",[],0,0,6,3,4,taurine,1,0,100.0,705,171,13,5,5.861509952340425,0.41422394247227196,False,32d2e2f547f707a9f12d899e65a934275c9f49020e10d214973126d05910ec9c,0.05326332384720445
direct_neighbor_ridge,0,0,0,0,0,0,False,3,"[""NADP"", ""glutamate"", ""oxalate""]",[],0,0,6,3,4,taurine,1,1,100.0,700,176,17,1,5.827953608571429,0.4264426525650688,False,cf9883e99ee1b956d01c2cb42a4d284b982ce23065d3616a5e1cced359e41fb5,0.05199524597264826
direct_neighbor_ridge,0,0,0,0,0,0,False,3,"[""NADP"", ""glutamate"", ""oxalate""]",[],0,0,6,3,4,taurine,1,2,10.0,697,179,16,2,5.794030961836442,0.41554377802074033,False,db1ab3680dcfc2deb10e2511ec28b70b27966d5a436d724be48267bcbf200acf,0.053632049122825265
direct_neighbor_ridge,0,0,0,0,0,0,False,3,"[""NADP"", ""glutamate"", ""oxalate""]",[],0,0,6,3,4,taurine,1,3,100.0,700,176,13,5,5.818380698285715,0.4283518066690608,False,659dce4f66bf4ee0228513d024a4e287e9f1aa3957152332b1483ab0af67cb42,0.051850331015884876
direct_neighbor_ridge,0,0,0,0,0,0,False,3,"[""NADP"", ""glutamate"", ""oxalate""]",[],0,0,6,3,4,taurine,1,4,100.0,702,174,13,5,5.834618115099715,0.4193170364031223,False,9492e163b6ef19b0563b1ce8302b8e8794e2e4c9c8031c62ff9774a3f63f6f58,0.05141943506896496
direct_neighbor_ridge,0,0,0,0,0,0,False,1,"[""thymine""]",[],0,0,2,1,2,taurocholate,0,0,1.0,697,179,16,2,5.911435611764705,0.34414844738965594,False,db1ab3680dcfc2deb10e2511ec28b70b27966d5a436d724be48267bcbf200acf,0.0629461850039661
direct_neighbor_ridge,0,0,0,0,0,0,False,1,"[""thymine""]",[],0,0,2,1,2,taurocholate,0,1,100.0,705,171,13,5,5.878043725106383,0.3820486809030721,False,32d2e2f547f707a9f12d899e65a934275c9f49020e10d214973126d05910ec9c,0.037322793854400516
direct_neighbor_ridge,0,0,0,0,0,0,False,1,"[""thymine""]",[],0,0,2,1,2,taurocholate,0,2,100.0,700,176,13,5,5.887844617428572,0.374976441178634,False,659dce4f66bf4ee0228513d024a4e287e9f1aa3957152332b1483ab0af67cb42,0.042822590097784996
direct_neighbor_ridge,0,0,0,0,0,0,False,1,"[""thymine""]",[],0,0,2,1,2,taurocholate,0,3,10.0,702,174,13,5,5.889667015669515,0.38335104763913297,False,9492e163b6ef19b0563b1ce8302b8e8794e2e4c9c8031c62ff9774a3f63f6f58,0.04282562201842666
direct_neighbor_ridge,0,0,0,0,0,0,False,1,"[""thymine""]",[],0,0,2,1,2,taurocholate,0,4,100.0,700,176,17,1,5.9090318879999995,0.3790101357978578,False,cf9883e99ee1b956d01c2cb42a4d284b982ce23065d3616a5e1cced359e41fb5,0.12800915399566293
direct_neighbor_ridge,0,0,0,0,0,0,False,1,"[""thymine""]",[],0,0,2,1,2,taurocholate,1,0,100.0,705,171,13,5,5.878043725106383,0.3820486809030721,False,32d2e2f547f707a9f12d899e65a934275c9f49020e10d214973126d05910ec9c,0.04940508003346622
direct_neighbor_ridge,0,0,0,0,0,0,False,1,"[""thymine""]",[],0,0,2,1,2,taurocholate,1,1,100.0,700,176,17,1,5.9090318879999995,0.3790101357978578,False,cf9883e99ee1b956d01c2cb42a4d284b982ce23065d3616a5e1cced359e41fb5,0.0489933118224144
direct_neighbor_ridge,0,0,0,0,0,0,False,1,"[""thymine""]",[],0,0,2,1,2,taurocholate,1,2,10.0,697,179,16,2,5.911435611764705,0.34414844738965594,False,db1ab3680dcfc2deb10e2511ec28b70b27966d5a436d724be48267bcbf200acf,0.08057059603743255
direct_neighbor_ridge,0,0,0,0,0,0,False,1,"[""thymine""]",[],0,0,2,1,2,taurocholate,1,3,100.0,700,176,13,5,5.887844617428572,0.374976441178634,False,659dce4f66bf4ee0228513d024a4e287e9f1aa3957152332b1483ab0af67cb42,0.0666269869543612
direct_neighbor_ridge,0,0,0,0,0,0,False,1,"[""thymine""]",[],0,0,2,1,2,taurocholate,1,4,10.0,702,174,13,5,5.889667015669515,0.38335104763913297,False,9492e163b6ef19b0563b1ce8302b8e8794e2e4c9c8031c62ff9774a3f63f6f58,0.09845167002640665
direct_neighbor_ridge,0,0,0,0,0,0,False,1,"[""leucine""]",[],0,0,2,1,2,thymidine,0,0,100.0,697,179,16,2,5.962375816929699,0.5300513139536057,False,db1ab3680dcfc2deb10e2511ec28b70b27966d5a436d724be48267bcbf200acf,0.05254450486972928
direct_neighbor_ridge,0,0,0,0,0,0,False,1,"[""leucine""]",[],0,0,2,1,2,thymidine,0,1,0.1,705,171,13,5,5.908778622553192,0.5600769326427631,False,32d2e2f547f707a9f12d899e65a934275c9f49020e10d214973126d05910ec9c,0.052610248094424605
direct_neighbor_ridge,0,0,0,0,0,0,False,1,"[""leucine""]",[],0,0,2,1,2,thymidine,0,2,0.1,700,176,13,5,5.909023223714285,0.557115820969454,False,659dce4f66bf4ee0228513d024a4e287e9f1aa3957152332b1483ab0af67cb42,0.05133106606081128
direct_neighbor_ridge,0,0,0,0,0,0,False,1,"[""leucine""]",[],0,0,2,1,2,thymidine,0,3,0.1,702,174,13,5,5.886195089173788,0.5399623589888455,False,9492e163b6ef19b0563b1ce8302b8e8794e2e4c9c8031c62ff9774a3f63f6f58,0.05326689011417329
direct_neighbor_ridge,0,0,0,0,0,0,False,1,"[""leucine""]",[],0,0,2,1,2,thymidine,0,4,100.0,700,176,17,1,5.899427595285714,0.5575419702739152,False,cf9883e99ee1b956d01c2cb42a4d284b982ce23065d3616a5e1cced359e41fb5,0.05684908805415034
direct_neighbor_ridge,0,0,0,0,0,0,False,1,"[""leucine""]",[],0,0,2,1,2,thymidine,1,0,0.1,705,171,13,5,5.908778622553192,0.5600769326427631,False,32d2e2f547f707a9f12d899e65a934275c9f49020e10d214973126d05910ec9c,0.055539161898195744
direct_neighbor_ridge,0,0,0,0,0,0,False,1,"[""leucine""]",[],0,0,2,1,2,thymidine,1,1,100.0,700,176,17,1,5.899427595285714,0.5575419702739152,False,cf9883e99ee1b956d01c2cb42a4d284b982ce23065d3616a5e1cced359e41fb5,0.05394474300555885
direct_neighbor_ridge,0,0,0,0,0,0,False,1,"[""leucine""]",[],0,0,2,1,2,thymidine,1,2,100.0,697,179,16,2,5.962375816929699,0.5300513139536057,False,db1ab3680dcfc2deb10e2511ec28b70b27966d5a436d724be48267bcbf200acf,0.052443095948547125
direct_neighbor_ridge,0,0,0,0,0,0,False,1,"[""leucine""]",[],0,0,2,1,2,thymidine,1,3,0.1,700,176,13,5,5.909023223714285,0.557115820969454,False,659dce4f66bf4ee0228513d024a4e287e9f1aa3957152332b1483ab0af67cb42,0.05329184699803591
direct_neighbor_ridge,0,0,0,0,0,0,False,1,"[""leucine""]",[],0,0,2,1,2,thymidine,1,4,100.0,702,174,13,5,5.886195089173788,0.5399623589888455,False,9492e163b6ef19b0563b1ce8302b8e8794e2e4c9c8031c62ff9774a3f63f6f58,0.05337785091251135
direct_neighbor_ridge,0,0,0,0,0,0,False,3,"[""AMP"", ""glutamate"", ""isoleucine""]",[],0,0,6,3,4,thymine,0,0,100.0,697,179,16,2,5.970911329268292,0.3295812339804376,False,db1ab3680dcfc2deb10e2511ec28b70b27966d5a436d724be48267bcbf200acf,0.05132465693168342
direct_neighbor_ridge,0,0,0,0,0,0,False,3,"[""AMP"", ""glutamate"", ""isoleucine""]",[],0,0,6,3,4,thymine,0,1,100.0,705,171,13,5,5.980005672765958,0.33619117341695987,False,32d2e2f547f707a9f12d899e65a934275c9f49020e10d214973126d05910ec9c,0.05337139801122248
direct_neighbor_ridge,0,0,0,0,0,0,False,3,"[""AMP"", ""glutamate"", ""isoleucine""]",[],0,0,6,3,4,thymine,0,2,100.0,700,176,13,5,5.969867460571427,0.3276358116038228,False,659dce4f66bf4ee0228513d024a4e287e9f1aa3957152332b1483ab0af67cb42,0.054534310940653086
direct_neighbor_ridge,0,0,0,0,0,0,False,3,"[""AMP"", ""glutamate"", ""isoleucine""]",[],0,0,6,3,4,thymine,0,3,10.0,702,174,13,5,5.9758683723646735,0.32288297218963347,False,9492e163b6ef19b0563b1ce8302b8e8794e2e4c9c8031c62ff9774a3f63f6f58,0.05797390593215823
direct_neighbor_ridge,0,0,0,0,0,0,False,3,"[""AMP"", ""glutamate"", ""isoleucine""]",[],0,0,6,3,4,thymine,0,4,100.0,700,176,17,1,5.984653504571428,0.3365079394697031,False,cf9883e99ee1b956d01c2cb42a4d284b982ce23065d3616a5e1cced359e41fb5,0.04501092713326216
direct_neighbor_ridge,0,0,0,0,0,0,False,3,"[""AMP"", ""glutamate"", ""isoleucine""]",[],0,0,6,3,4,thymine,1,0,100.0,705,171,13,5,5.980005672765958,0.33619117341695987,False,32d2e2f547f707a9f12d899e65a934275c9f49020e10d214973126d05910ec9c,0.05195191805250943
direct_neighbor_ridge,0,0,0,0,0,0,False,3,"[""AMP"", ""glutamate"", ""isoleucine""]",[],0,0,6,3,4,thymine,1,1,100.0,700,176,17,1,5.984653504571428,0.3365079394697031,False,cf9883e99ee1b956d01c2cb42a4d284b982ce23065d3616a5e1cced359e41fb5,0.0627106111496687
direct_neighbor_ridge,0,0,0,0,0,0,False,3,"[""AMP"", ""glutamate"", ""isoleucine""]",[],0,0,6,3,4,thymine,1,2,100.0,697,179,16,2,5.970911329268292,0.3295812339804376,False,db1ab3680dcfc2deb10e2511ec28b70b27966d5a436d724be48267bcbf200acf,0.05740987882018089
direct_neighbor_ridge,0,0,0,0,0,0,False,3,"[""AMP"", ""glutamate"", ""isoleucine""]",[],0,0,6,3,4,thymine,1,3,100.0,700,176,13,5,5.969867460571427,0.3276358116038228,False,659dce4f66bf4ee0228513d024a4e287e9f1aa3957152332b1483ab0af67cb42,0.05822761380113661
direct_neighbor_ridge,0,0,0,0,0,0,False,3,"[""AMP"", ""glutamate"", ""isoleucine""]",[],0,0,6,3,4,thymine,1,4,10.0,702,174,13,5,5.9758683723646735,0.32288297218963347,False,9492e163b6ef19b0563b1ce8302b8e8794e2e4c9c8031c62ff9774a3f63f6f58,0.059593302896246314
direct_neighbor_ridge,0,0,0,0,0,0,False,1,"[""glutamate""]",[],0,0,2,1,2,thyroxine,0,0,100.0,697,179,16,2,5.855241731850789,0.22628691761232106,False,db1ab3680dcfc2deb10e2511ec28b70b27966d5a436d724be48267bcbf200acf,0.0571933020837605
direct_neighbor_ridge,0,0,0,0,0,0,False,1,"[""glutamate""]",[],0,0,2,1,2,thyroxine,0,1,100.0,705,171,13,5,5.7866734052482265,0.25824962552561564,False,32d2e2f547f707a9f12d899e65a934275c9f49020e10d214973126d05910ec9c,0.06588433985598385
direct_neighbor_ridge,0,0,0,0,0,0,False,1,"[""glutamate""]",[],0,0,2,1,2,thyroxine,0,2,100.0,700,176,13,5,5.796167202571429,0.25031687531324254,False,659dce4f66bf4ee0228513d024a4e287e9f1aa3957152332b1483ab0af67cb42,0.053710849955677986
direct_neighbor_ridge,0,0,0,0,0,0,False,1,"[""glutamate""]",[],0,0,2,1,2,thyroxine,0,3,100.0,702,174,13,5,5.787326907122507,0.2531773542850331,False,9492e163b6ef19b0563b1ce8302b8e8794e2e4c9c8031c62ff9774a3f63f6f58,0.0497791301459074
direct_neighbor_ridge,0,0,0,0,0,0,False,1,"[""glutamate""]",[],0,0,2,1,2,thyroxine,0,4,100.0,700,176,17,1,5.803289504,0.2563724684382436,False,cf9883e99ee1b956d01c2cb42a4d284b982ce23065d3616a5e1cced359e41fb5,0.04985970305278897
direct_neighbor_ridge,0,0,0,0,0,0,False,1,"[""glutamate""]",[],0,0,2,1,2,thyroxine,1,0,100.0,705,171,13,5,5.7866734052482265,0.25824962552561564,False,32d2e2f547f707a9f12d899e65a934275c9f49020e10d214973126d05910ec9c,0.051898721838369966
direct_neighbor_ridge,0,0,0,0,0,0,False,1,"[""glutamate""]",[],0,0,2,1,2,thyroxine,1,1,100.0,700,176,17,1,5.803289504,0.2563724684382436,False,cf9883e99ee1b956d01c2cb42a4d284b982ce23065d3616a5e1cced359e41fb5,0.05015882197767496
direct_neighbor_ridge,0,0,0,0,0,0,False,1,"[""glutamate""]",[],0,0,2,1,2,thyroxine,1,2,100.0,697,179,16,2,5.855241731850789,0.22628691761232106,False,db1ab3680dcfc2deb10e2511ec28b70b27966d5a436d724be48267bcbf200acf,0.04281871789135039
direct_neighbor_ridge,0,0,0,0,0,0,False,1,"[""glutamate""]",[],0,0,2,1,2,thyroxine,1,3,100.0,700,176,13,5,5.796167202571429,0.25031687531324254,False,659dce4f66bf4ee0228513d024a4e287e9f1aa3957152332b1483ab0af67cb42,0.04631951008923352
direct_neighbor_ridge,0,0,0,0,0,0,False,1,"[""glutamate""]",[],0,0,2,1,2,thyroxine,1,4,100.0,702,174,13,5,5.787326907122507,0.2531773542850331,False,9492e163b6ef19b0563b1ce8302b8e8794e2e4c9c8031c62ff9774a3f63f6f58,0.04743886017240584
direct_neighbor_ridge,0,0,0,0,0,0,False,1,"[""AMP""]",[],0,0,2,1,2,trimethylamine-N-oxide,0,0,100.0,697,179,16,2,5.856797537302725,0.2547969015671801,False,db1ab3680dcfc2deb10e2511ec28b70b27966d5a436d724be48267bcbf200acf,0.06884504994377494
direct_neighbor_ridge,0,0,0,0,0,0,False,1,"[""AMP""]",[],0,0,2,1,2,trimethylamine-N-oxide,0,1,0.1,705,171,13,5,5.919379167092199,0.2899780925131509,False,32d2e2f547f707a9f12d899e65a934275c9f49020e10d214973126d05910ec9c,0.06703686201944947
direct_neighbor_ridge,0,0,0,0,0,0,False,1,"[""AMP""]",[],0,0,2,1,2,trimethylamine-N-oxide,0,2,0.1,700,176,13,5,5.927241334714285,0.2901267256784374,False,659dce4f66bf4ee0228513d024a4e287e9f1aa3957152332b1483ab0af67cb42,0.06633653398603201
direct_neighbor_ridge,0,0,0,0,0,0,False,1,"[""AMP""]",[],0,0,2,1,2,trimethylamine-N-oxide,0,3,0.1,702,174,13,5,5.907509206410257,0.2903992841751525,False,9492e163b6ef19b0563b1ce8302b8e8794e2e4c9c8031c62ff9774a3f63f6f58,0.05086233001202345
direct_neighbor_ridge,0,0,0,0,0,0,False,1,"[""AMP""]",[],0,0,2,1,2,trimethylamine-N-oxide,0,4,100.0,700,176,17,1,5.932823168142856,0.22097707794343013,False,cf9883e99ee1b956d01c2cb42a4d284b982ce23065d3616a5e1cced359e41fb5,0.054076261119917035
direct_neighbor_ridge,0,0,0,0,0,0,False,1,"[""AMP""]",[],0,0,2,1,2,trimethylamine-N-oxide,1,0,0.1,705,171,13,5,5.919379167092199,0.2899780925131509,False,32d2e2f547f707a9f12d899e65a934275c9f49020e10d214973126d05910ec9c,0.051437064073979855
direct_neighbor_ridge,0,0,0,0,0,0,False,1,"[""AMP""]",[],0,0,2,1,2,trimethylamine-N-oxide,1,1,100.0,700,176,17,1,5.932823168142856,0.22097707794343013,False,cf9883e99ee1b956d01c2cb42a4d284b982ce23065d3616a5e1cced359e41fb5,0.0545682308729738
direct_neighbor_ridge,0,0,0,0,0,0,False,1,"[""AMP""]",[],0,0,2,1,2,trimethylamine-N-oxide,1,2,100.0,697,179,16,2,5.856797537302725,0.2547969015671801,False,db1ab3680dcfc2deb10e2511ec28b70b27966d5a436d724be48267bcbf200acf,0.053434541914612055
direct_neighbor_ridge,0,0,0,0,0,0,False,1,"[""AMP""]",[],0,0,2,1,2,trimethylamine-N-oxide,1,3,0.1,700,176,13,5,5.927241334714285,0.2901267256784374,False,659dce4f66bf4ee0228513d024a4e287e9f1aa3957152332b1483ab0af67cb42,0.0571795511059463
direct_neighbor_ridge,0,0,0,0,0,0,False,1,"[""AMP""]",[],0,0,2,1,2,trimethylamine-N-oxide,1,4,0.1,702,174,13,5,5.907509206410257,0.2903992841751525,False,9492e163b6ef19b0563b1ce8302b8e8794e2e4c9c8031c62ff9774a3f63f6f58,0.05364574887789786
direct_neighbor_ridge,0,0,0,0,0,0,False,2,"[""NAD"", ""isocitrate""]",[],0,0,4,2,3,tyrosine,0,0,100.0,697,179,16,2,5.917222123959827,0.3722744418302163,False,db1ab3680dcfc2deb10e2511ec28b70b27966d5a436d724be48267bcbf200acf,0.0552879108581692
direct_neighbor_ridge,0,0,0,0,0,0,False,2,"[""NAD"", ""isocitrate""]",[],0,0,4,2,3,tyrosine,0,1,0.1,705,171,13,5,5.773517087092199,0.41759768808280395,False,32d2e2f547f707a9f12d899e65a934275c9f49020e10d214973126d05910ec9c,0.05166239710524678
direct_neighbor_ridge,0,0,0,0,0,0,False,2,"[""NAD"", ""isocitrate""]",[],0,0,4,2,3,tyrosine,0,2,0.1,700,176,13,5,5.814119894,0.4182054905141444,False,659dce4f66bf4ee0228513d024a4e287e9f1aa3957152332b1483ab0af67cb42,0.055658780969679356
direct_neighbor_ridge,0,0,0,0,0,0,False,2,"[""NAD"", ""isocitrate""]",[],0,0,4,2,3,tyrosine,0,3,0.1,702,174,13,5,5.791375897720797,0.4207102216982868,False,9492e163b6ef19b0563b1ce8302b8e8794e2e4c9c8031c62ff9774a3f63f6f58,0.0516253300011158
direct_neighbor_ridge,0,0,0,0,0,0,False,2,"[""NAD"", ""isocitrate""]",[],0,0,4,2,3,tyrosine,0,4,0.1,700,176,17,1,5.8235101828571425,0.4117771377078516,False,cf9883e99ee1b956d01c2cb42a4d284b982ce23065d3616a5e1cced359e41fb5,0.06229031505063176
direct_neighbor_ridge,0,0,0,0,0,0,False,2,"[""NAD"", ""isocitrate""]",[],0,0,4,2,3,tyrosine,1,0,0.1,705,171,13,5,5.773517087092199,0.41759768808280395,False,32d2e2f547f707a9f12d899e65a934275c9f49020e10d214973126d05910ec9c,0.06405852409079671
direct_neighbor_ridge,0,0,0,0,0,0,False,2,"[""NAD"", ""isocitrate""]",[],0,0,4,2,3,tyrosine,1,1,10.0,700,176,17,1,5.8235101828571425,0.4117771377078516,False,cf9883e99ee1b956d01c2cb42a4d284b982ce23065d3616a5e1cced359e41fb5,0.06528827315196395
direct_neighbor_ridge,0,0,0,0,0,0,False,2,"[""NAD"", ""isocitrate""]",[],0,0,4,2,3,tyrosine,1,2,100.0,697,179,16,2,5.917222123959827,0.3722744418302163,False,db1ab3680dcfc2deb10e2511ec28b70b27966d5a436d724be48267bcbf200acf,0.06321211298927665
direct_neighbor_ridge,0,0,0,0,0,0,False,2,"[""NAD"", ""isocitrate""]",[],0,0,4,2,3,tyrosine,1,3,0.1,700,176,13,5,5.814119894,0.4182054905141444,False,659dce4f66bf4ee0228513d024a4e287e9f1aa3957152332b1483ab0af67cb42,0.06636500894092023
direct_neighbor_ridge,0,0,0,0,0,0,False,2,"[""NAD"", ""isocitrate""]",[],0,0,4,2,3,tyrosine,1,4,0.1,702,174,13,5,5.791375897720797,0.4207102216982868,False,9492e163b6ef19b0563b1ce8302b8e8794e2e4c9c8031c62ff9774a3f63f6f58,0.06946298899129033
direct_neighbor_ridge,0,0,0,0,0,0,False,3,"[""AMP"", ""ornithine"", ""taurine""]",[],0,0,6,3,4,uracil,0,0,100.0,697,179,16,2,5.845100508608321,0.3159661360177283,False,db1ab3680dcfc2deb10e2511ec28b70b27966d5a436d724be48267bcbf200acf,0.08863818901591003
direct_neighbor_ridge,0,0,0,0,0,0,False,3,"[""AMP"", ""ornithine"", ""taurine""]",[],0,0,6,3,4,uracil,0,1,0.1,705,171,13,5,5.727848015744681,0.3774054832536749,False,32d2e2f547f707a9f12d899e65a934275c9f49020e10d214973126d05910ec9c,0.060788596980273724
direct_neighbor_ridge,0,0,0,0,0,0,False,3,"[""AMP"", ""ornithine"", ""taurine""]",[],0,0,6,3,4,uracil,0,2,0.1,700,176,13,5,5.735356466142857,0.3695420163498155,False,659dce4f66bf4ee0228513d024a4e287e9f1aa3957152332b1483ab0af67cb42,0.07871359307318926
direct_neighbor_ridge,0,0,0,0,0,0,False,3,"[""AMP"", ""ornithine"", ""taurine""]",[],0,0,6,3,4,uracil,0,3,0.1,702,174,13,5,5.759301471225071,0.37150365774601596,False,9492e163b6ef19b0563b1ce8302b8e8794e2e4c9c8031c62ff9774a3f63f6f58,0.06382963503710926
direct_neighbor_ridge,0,0,0,0,0,0,False,3,"[""AMP"", ""ornithine"", ""taurine""]",[],0,0,6,3,4,uracil,0,4,1.0,700,176,17,1,5.755836698428571,0.3648126906194723,False,cf9883e99ee1b956d01c2cb42a4d284b982ce23065d3616a5e1cced359e41fb5,0.053521804977208376
direct_neighbor_ridge,0,0,0,0,0,0,False,3,"[""AMP"", ""ornithine"", ""taurine""]",[],0,0,6,3,4,uracil,1,0,0.1,705,171,13,5,5.727848015744681,0.3774054832536749,False,32d2e2f547f707a9f12d899e65a934275c9f49020e10d214973126d05910ec9c,0.09940273500978947
direct_neighbor_ridge,0,0,0,0,0,0,False,3,"[""AMP"", ""ornithine"", ""taurine""]",[],0,0,6,3,4,uracil,1,1,0.1,700,176,17,1,5.755836698428571,0.3648126906194723,False,cf9883e99ee1b956d01c2cb42a4d284b982ce23065d3616a5e1cced359e41fb5,0.09778912994079292
direct_neighbor_ridge,0,0,0,0,0,0,False,3,"[""AMP"", ""ornithine"", ""taurine""]",[],0,0,6,3,4,uracil,1,2,100.0,697,179,16,2,5.845100508608321,0.3159661360177283,False,db1ab3680dcfc2deb10e2511ec28b70b27966d5a436d724be48267bcbf200acf,0.06904887594282627
direct_neighbor_ridge,0,0,0,0,0,0,False,3,"[""AMP"", ""ornithine"", ""taurine""]",[],0,0,6,3,4,uracil,1,3,10.0,700,176,13,5,5.735356466142857,0.3695420163498155,False,659dce4f66bf4ee0228513d024a4e287e9f1aa3957152332b1483ab0af67cb42,0.06537649501115084
direct_neighbor_ridge,0,0,0,0,0,0,False,3,"[""AMP"", ""ornithine"", ""taurine""]",[],0,0,6,3,4,uracil,1,4,0.1,702,174,13,5,5.759301471225071,0.37150365774601596,False,9492e163b6ef19b0563b1ce8302b8e8794e2e4c9c8031c62ff9774a3f63f6f58,0.060699697118252516
direct_neighbor_ridge,0,0,0,0,0,0,False,2,"[""arginine"", ""glutamate""]",[],0,0,4,2,3,urate,0,0,100.0,697,179,16,2,5.797735194404591,0.4578812329363871,False,db1ab3680dcfc2deb10e2511ec28b70b27966d5a436d724be48267bcbf200acf,0.05322299315594137
direct_neighbor_ridge,0,0,0,0,0,0,False,2,"[""arginine"", ""glutamate""]",[],0,0,4,2,3,urate,0,1,10.0,705,171,13,5,5.702445728226951,0.4768405401686225,False,32d2e2f547f707a9f12d899e65a934275c9f49020e10d214973126d05910ec9c,0.051961479941383004
direct_neighbor_ridge,0,0,0,0,0,0,False,2,"[""arginine"", ""glutamate""]",[],0,0,4,2,3,urate,0,2,10.0,700,176,13,5,5.725258205285715,0.4738774760521925,False,659dce4f66bf4ee0228513d024a4e287e9f1aa3957152332b1483ab0af67cb42,0.0637590370606631
direct_neighbor_ridge,0,0,0,0,0,0,False,2,"[""arginine"", ""glutamate""]",[],0,0,4,2,3,urate,0,3,10.0,702,174,13,5,5.714262068091168,0.47434052084248074,False,9492e163b6ef19b0563b1ce8302b8e8794e2e4c9c8031c62ff9774a3f63f6f58,0.05059911496937275
direct_neighbor_ridge,0,0,0,0,0,0,False,2,"[""arginine"", ""glutamate""]",[],0,0,4,2,3,urate,0,4,100.0,700,176,17,1,5.757721383428571,0.4403424910616518,False,cf9883e99ee1b956d01c2cb42a4d284b982ce23065d3616a5e1cced359e41fb5,0.07162341196089983
direct_neighbor_ridge,0,0,0,0,0,0,False,2,"[""arginine"", ""glutamate""]",[],0,0,4,2,3,urate,1,0,10.0,705,171,13,5,5.702445728226951,0.4768405401686225,False,32d2e2f547f707a9f12d899e65a934275c9f49020e10d214973126d05910ec9c,0.053566908929497004
direct_neighbor_ridge,0,0,0,0,0,0,False,2,"[""arginine"", ""glutamate""]",[],0,0,4,2,3,urate,1,1,10.0,700,176,17,1,5.757721383428571,0.4403424910616518,False,cf9883e99ee1b956d01c2cb42a4d284b982ce23065d3616a5e1cced359e41fb5,0.07508603413589299
direct_neighbor_ridge,0,0,0,0,0,0,False,2,"[""arginine"", ""glutamate""]",[],0,0,4,2,3,urate,1,2,100.0,697,179,16,2,5.797735194404591,0.4578812329363871,False,db1ab3680dcfc2deb10e2511ec28b70b27966d5a436d724be48267bcbf200acf,0.10422457801178098
direct_neighbor_ridge,0,0,0,0,0,0,False,2,"[""arginine"", ""glutamate""]",[],0,0,4,2,3,urate,1,3,10.0,700,176,13,5,5.725258205285715,0.4738774760521925,False,659dce4f66bf4ee0228513d024a4e287e9f1aa3957152332b1483ab0af67cb42,0.0568434139713645
direct_neighbor_ridge,0,0,0,0,0,0,False,2,"[""arginine"", ""glutamate""]",[],0,0,4,2,3,urate,1,4,0.1,702,174,13,5,5.714262068091168,0.47434052084248074,False,9492e163b6ef19b0563b1ce8302b8e8794e2e4c9c8031c62ff9774a3f63f6f58,0.057022392051294446
direct_neighbor_ridge,0,0,0,0,0,0,False,3,"[""alanine"", ""thymine"", ""tyrosine""]",[],0,0,6,3,4,uridine,0,0,100.0,697,179,16,2,5.8853204464849345,0.41578380381128677,False,db1ab3680dcfc2deb10e2511ec28b70b27966d5a436d724be48267bcbf200acf,0.07138410792686045
direct_neighbor_ridge,0,0,0,0,0,0,False,3,"[""alanine"", ""thymine"", ""tyrosine""]",[],0,0,6,3,4,uridine,0,1,100.0,705,171,13,5,5.912085544539007,0.5282150813484331,False,32d2e2f547f707a9f12d899e65a934275c9f49020e10d214973126d05910ec9c,0.057885810965672135
direct_neighbor_ridge,0,0,0,0,0,0,False,3,"[""alanine"", ""thymine"", ""tyrosine""]",[],0,0,6,3,4,uridine,0,2,100.0,700,176,13,5,5.909856147857143,0.5147179309281458,False,659dce4f66bf4ee0228513d024a4e287e9f1aa3957152332b1483ab0af67cb42,0.06340869795531034
direct_neighbor_ridge,0,0,0,0,0,0,False,3,"[""alanine"", ""thymine"", ""tyrosine""]",[],0,0,6,3,4,uridine,0,3,100.0,702,174,13,5,5.934038315811966,0.5230206325839802,False,9492e163b6ef19b0563b1ce8302b8e8794e2e4c9c8031c62ff9774a3f63f6f58,0.08238145592622459
direct_neighbor_ridge,0,0,0,0,0,0,False,3,"[""alanine"", ""thymine"", ""tyrosine""]",[],0,0,6,3,4,uridine,0,4,100.0,700,176,17,1,5.898471694142857,0.5131303828795306,False,cf9883e99ee1b956d01c2cb42a4d284b982ce23065d3616a5e1cced359e41fb5,0.05743228783831
direct_neighbor_ridge,0,0,0,0,0,0,False,3,"[""alanine"", ""thymine"", ""tyrosine""]",[],0,0,6,3,4,uridine,1,0,100.0,705,171,13,5,5.912085544539007,0.5282150813484331,False,32d2e2f547f707a9f12d899e65a934275c9f49020e10d214973126d05910ec9c,0.08067932794801891
direct_neighbor_ridge,0,0,0,0,0,0,False,3,"[""alanine"", ""thymine"", ""tyrosine""]",[],0,0,6,3,4,uridine,1,1,100.0,700,176,17,1,5.898471694142857,0.5131303828795306,False,cf9883e99ee1b956d01c2cb42a4d284b982ce23065d3616a5e1cced359e41fb5,0.17160028917714953
direct_neighbor_ridge,0,0,0,0,0,0,False,3,"[""alanine"", ""thymine"", ""tyrosine""]",[],0,0,6,3,4,uridine,1,2,100.0,697,179,16,2,5.8853204464849345,0.41578380381128677,False,db1ab3680dcfc2deb10e2511ec28b70b27966d5a436d724be48267bcbf200acf,0.09782621986232698
direct_neighbor_ridge,0,0,0,0,0,0,False,3,"[""alanine"", ""thymine"", ""tyrosine""]",[],0,0,6,3,4,uridine,1,3,100.0,700,176,13,5,5.909856147857143,0.5147179309281458,False,659dce4f66bf4ee0228513d024a4e287e9f1aa3957152332b1483ab0af67cb42,0.05429391306824982
direct_neighbor_ridge,0,0,0,0,0,0,False,3,"[""alanine"", ""thymine"", ""tyrosine""]",[],0,0,6,3,4,uridine,1,4,100.0,702,174,13,5,5.934038315811966,0.5230206325839802,False,9492e163b6ef19b0563b1ce8302b8e8794e2e4c9c8031c62ff9774a3f63f6f58,0.057847945019602776
direct_neighbor_ridge,0,0,0,0,0,0,False,1,"[""AMP""]",[],0,0,2,1,2,valine,0,0,0.1,697,179,16,2,5.952121997417504,0.36407681708229,False,db1ab3680dcfc2deb10e2511ec28b70b27966d5a436d724be48267bcbf200acf,0.060928369872272015
direct_neighbor_ridge,0,0,0,0,0,0,False,1,"[""AMP""]",[],0,0,2,1,2,valine,0,1,0.1,705,171,13,5,5.8379196573049645,0.3773248284035181,False,32d2e2f547f707a9f12d899e65a934275c9f49020e10d214973126d05910ec9c,0.07410770398564637
direct_neighbor_ridge,0,0,0,0,0,0,False,1,"[""AMP""]",[],0,0,2,1,2,valine,0,2,0.1,700,176,13,5,5.8849640270000005,0.3945943885573533,False,659dce4f66bf4ee0228513d024a4e287e9f1aa3957152332b1483ab0af67cb42,0.073084298055619
direct_neighbor_ridge,0,0,0,0,0,0,False,1,"[""AMP""]",[],0,0,2,1,2,valine,0,3,0.1,702,174,13,5,5.848345252849003,0.390876603874631,False,9492e163b6ef19b0563b1ce8302b8e8794e2e4c9c8031c62ff9774a3f63f6f58,0.05099278502166271
direct_neighbor_ridge,0,0,0,0,0,0,False,1,"[""AMP""]",[],0,0,2,1,2,valine,0,4,0.1,700,176,17,1,5.877318387142858,0.3902412272704989,False,cf9883e99ee1b956d01c2cb42a4d284b982ce23065d3616a5e1cced359e41fb5,0.056451732059940696
direct_neighbor_ridge,0,0,0,0,0,0,False,1,"[""AMP""]",[],0,0,2,1,2,valine,1,0,0.1,705,171,13,5,5.8379196573049645,0.3773248284035181,False,32d2e2f547f707a9f12d899e65a934275c9f49020e10d214973126d05910ec9c,0.12327741808257997
direct_neighbor_ridge,0,0,0,0,0,0,False,1,"[""AMP""]",[],0,0,2,1,2,valine,1,1,0.1,700,176,17,1,5.877318387142858,0.3902412272704989,False,cf9883e99ee1b956d01c2cb42a4d284b982ce23065d3616a5e1cced359e41fb5,0.0509037459269166
direct_neighbor_ridge,0,0,0,0,0,0,False,1,"[""AMP""]",[],0,0,2,1,2,valine,1,2,0.1,697,179,16,2,5.952121997417504,0.36407681708229,False,db1ab3680dcfc2deb10e2511ec28b70b27966d5a436d724be48267bcbf200acf,0.060125633142888546
direct_neighbor_ridge,0,0,0,0,0,0,False,1,"[""AMP""]",[],0,0,2,1,2,valine,1,3,0.1,700,176,13,5,5.8849640270000005,0.3945943885573533,False,659dce4f66bf4ee0228513d024a4e287e9f1aa3957152332b1483ab0af67cb42,0.06726631103083491
direct_neighbor_ridge,0,0,0,0,0,0,False,1,"[""AMP""]",[],0,0,2,1,2,valine,1,4,0.1,702,174,13,5,5.848345252849003,0.390876603874631,False,9492e163b6ef19b0563b1ce8302b8e8794e2e4c9c8031c62ff9774a3f63f6f58,0.06002211291342974
direct_neighbor_ridge,0,0,0,0,0,0,False,4,"[""asparagine"", ""glucuronate"", ""glutamate"", ""proline""]",[],0,0,8,4,5,xanthine,0,0,100.0,697,179,16,2,5.8261626595408895,0.3226517288205138,False,db1ab3680dcfc2deb10e2511ec28b70b27966d5a436d724be48267bcbf200acf,0.054187037982046604
direct_neighbor_ridge,0,0,0,0,0,0,False,4,"[""asparagine"", ""glucuronate"", ""glutamate"", ""proline""]",[],0,0,8,4,5,xanthine,0,1,0.1,705,171,13,5,5.668218426241134,0.44533618503026734,False,32d2e2f547f707a9f12d899e65a934275c9f49020e10d214973126d05910ec9c,0.05885076313279569
direct_neighbor_ridge,0,0,0,0,0,0,False,4,"[""asparagine"", ""glucuronate"", ""glutamate"", ""proline""]",[],0,0,8,4,5,xanthine,0,2,0.1,700,176,13,5,5.675177004,0.4388265188264273,False,659dce4f66bf4ee0228513d024a4e287e9f1aa3957152332b1483ab0af67cb42,0.051726890029385686
direct_neighbor_ridge,0,0,0,0,0,0,False,4,"[""asparagine"", ""glucuronate"", ""glutamate"", ""proline""]",[],0,0,8,4,5,xanthine,0,3,0.1,702,174,13,5,5.677283422934472,0.4355980429993409,False,9492e163b6ef19b0563b1ce8302b8e8794e2e4c9c8031c62ff9774a3f63f6f58,0.05447750212624669
direct_neighbor_ridge,0,0,0,0,0,0,False,4,"[""asparagine"", ""glucuronate"", ""glutamate"", ""proline""]",[],0,0,8,4,5,xanthine,0,4,100.0,700,176,17,1,5.702935143571429,0.4239551919699778,False,cf9883e99ee1b956d01c2cb42a4d284b982ce23065d3616a5e1cced359e41fb5,0.05902927415445447
direct_neighbor_ridge,0,0,0,0,0,0,False,4,"[""asparagine"", ""glucuronate"", ""glutamate"", ""proline""]",[],0,0,8,4,5,xanthine,1,0,0.1,705,171,13,5,5.668218426241134,0.44533618503026734,False,32d2e2f547f707a9f12d899e65a934275c9f49020e10d214973126d05910ec9c,0.05764962709508836
direct_neighbor_ridge,0,0,0,0,0,0,False,4,"[""asparagine"", ""glucuronate"", ""glutamate"", ""proline""]",[],0,0,8,4,5,xanthine,1,1,100.0,700,176,17,1,5.702935143571429,0.4239551919699778,False,cf9883e99ee1b956d01c2cb42a4d284b982ce23065d3616a5e1cced359e41fb5,0.04271661094389856
direct_neighbor_ridge,0,0,0,0,0,0,False,4,"[""asparagine"", ""glucuronate"", ""glutamate"", ""proline""]",[],0,0,8,4,5,xanthine,1,2,100.0,697,179,16,2,5.8261626595408895,0.3226517288205138,False,db1ab3680dcfc2deb10e2511ec28b70b27966d5a436d724be48267bcbf200acf,0.07571819983422756
direct_neighbor_ridge,0,0,0,0,0,0,False,4,"[""asparagine"", ""glucuronate"", ""glutamate"", ""proline""]",[],0,0,8,4,5,xanthine,1,3,10.0,700,176,13,5,5.675177004,0.4388265188264273,False,659dce4f66bf4ee0228513d024a4e287e9f1aa3957152332b1483ab0af67cb42,0.0651439419016242
direct_neighbor_ridge,0,0,0,0,0,0,False,4,"[""asparagine"", ""glucuronate"", ""glutamate"", ""proline""]",[],0,0,8,4,5,xanthine,1,4,0.1,702,174,13,5,5.677283422934472,0.4355980429993409,False,9492e163b6ef19b0563b1ce8302b8e8794e2e4c9c8031c62ff9774a3f63f6f58,0.054796131094917655
direct_neighbor_ridge,0,0,0,0,0,0,False,1,"[""methionine""]",[],0,0,2,1,2,xanthosine,0,0,100.0,697,179,16,2,5.868730441750358,0.23648420012118596,False,db1ab3680dcfc2deb10e2511ec28b70b27966d5a436d724be48267bcbf200acf,0.06977297109551728
direct_neighbor_ridge,0,0,0,0,0,0,False,1,"[""methionine""]",[],0,0,2,1,2,xanthosine,0,1,10.0,705,171,13,5,5.809038896737588,0.28486213680139005,False,32d2e2f547f707a9f12d899e65a934275c9f49020e10d214973126d05910ec9c,0.05224642297253013
direct_neighbor_ridge,0,0,0,0,0,0,False,1,"[""methionine""]",[],0,0,2,1,2,xanthosine,0,2,0.1,700,176,13,5,5.8054182618571435,0.2760639029596894,False,659dce4f66bf4ee0228513d024a4e287e9f1aa3957152332b1483ab0af67cb42,0.04782330594025552
direct_neighbor_ridge,0,0,0,0,0,0,False,1,"[""methionine""]",[],0,0,2,1,2,xanthosine,0,3,10.0,702,174,13,5,5.81375750071225,0.26668885124187874,False,9492e163b6ef19b0563b1ce8302b8e8794e2e4c9c8031c62ff9774a3f63f6f58,0.05193488299846649
direct_neighbor_ridge,0,0,0,0,0,0,False,1,"[""methionine""]",[],0,0,2,1,2,xanthosine,0,4,10.0,700,176,17,1,5.830317585,0.2650109615358276,False,cf9883e99ee1b956d01c2cb42a4d284b982ce23065d3616a5e1cced359e41fb5,0.05332320719026029
direct_neighbor_ridge,0,0,0,0,0,0,False,1,"[""methionine""]",[],0,0,2,1,2,xanthosine,1,0,10.0,705,171,13,5,5.809038896737588,0.28486213680139005,False,32d2e2f547f707a9f12d899e65a934275c9f49020e10d214973126d05910ec9c,0.050816721050068736
direct_neighbor_ridge,0,0,0,0,0,0,False,1,"[""methionine""]",[],0,0,2,1,2,xanthosine,1,1,10.0,700,176,17,1,5.830317585,0.2650109615358276,False,cf9883e99ee1b956d01c2cb42a4d284b982ce23065d3616a5e1cced359e41fb5,0.05671275197528303
direct_neighbor_ridge,0,0,0,0,0,0,False,1,"[""methionine""]",[],0,0,2,1,2,xanthosine,1,2,100.0,697,179,16,2,5.868730441750358,0.23648420012118596,False,db1ab3680dcfc2deb10e2511ec28b70b27966d5a436d724be48267bcbf200acf,0.059302513021975756
direct_neighbor_ridge,0,0,0,0,0,0,False,1,"[""methionine""]",[],0,0,2,1,2,xanthosine,1,3,0.1,700,176,13,5,5.8054182618571435,0.2760639029596894,False,659dce4f66bf4ee0228513d024a4e287e9f1aa3957152332b1483ab0af67cb42,0.05059231212362647
direct_neighbor_ridge,0,0,0,0,0,0,False,1,"[""methionine""]",[],0,0,2,1,2,xanthosine,1,4,10.0,702,174,13,5,5.81375750071225,0.26668885124187874,False,9492e163b6ef19b0563b1ce8302b8e8794e2e4c9c8031c62ff9774a3f63f6f58,0.07424767804332078
