model,selection_candidate_metabolites,raw_transcript_genes,expression_signatures,interaction_count,pca_requested_components,pca_training_rank,pca_rank_capped,raw_metabolites,selected_metabolites,selected_signatures,empty_training_features,constant_training_features,transform_learned_parameters,representation_dimension,coefficient_count,target,repeat,outer_fold,selected_alpha,training_samples,test_samples,training_groups,test_groups,target_center,target_scale,training_target_constant,split_digest,elapsed_seconds
direct_neighbor_ridge,0,0,0,0,0,0,False,15,"[""alanine"", ""asparagine"", ""betaine"", ""dimethylglycine"", ""glutamate"", ""homocysteine"", ""isocitrate"", ""leucine"", ""methionine"", ""ornithine"", ""proline"", ""serine"", ""thymine"", ""tyrosine"", ""xanthine""]",[],0,0,30,15,16,AMP,0,0,100.0,697,179,16,2,5.876602736441894,0.3500566287910305,False,db1ab3680dcfc2deb10e2511ec28b70b27966d5a436d724be48267bcbf200acf,0.07440793584100902
direct_neighbor_ridge,0,0,0,0,0,0,False,15,"[""alanine"", ""asparagine"", ""betaine"", ""dimethylglycine"", ""glutamate"", ""homocysteine"", ""isocitrate"", ""leucine"", ""methionine"", ""ornithine"", ""proline"", ""serine"", ""thymine"", ""tyrosine"", ""xanthine""]",[],0,0,30,15,16,AMP,0,1,10.0,705,171,13,5,6.0308758873758865,0.5084438756529834,False,32d2e2f547f707a9f12d899e65a934275c9f49020e10d214973126d05910ec9c,0.06540777091868222
direct_neighbor_ridge,0,0,0,0,0,0,False,15,"[""alanine"", ""asparagine"", ""betaine"", ""dimethylglycine"", ""glutamate"", ""homocysteine"", ""isocitrate"", ""leucine"", ""methionine"", ""ornithine"", ""proline"", ""serine"", ""thymine"", ""tyrosine"", ""xanthine""]",[],0,0,30,15,16,AMP,0,2,10.0,700,176,13,5,6.004757570571429,0.5031283164328217,False,659dce4f66bf4ee0228513d024a4e287e9f1aa3957152332b1483ab0af67cb42,0.11131601594388485
direct_neighbor_ridge,0,0,0,0,0,0,False,15,"[""alanine"", ""asparagine"", ""betaine"", ""dimethylglycine"", ""glutamate"", ""homocysteine"", ""isocitrate"", ""leucine"", ""methionine"", ""ornithine"", ""proline"", ""serine"", ""thymine"", ""tyrosine"", ""xanthine""]",[],0,0,30,15,16,AMP,0,3,100.0,702,174,13,5,6.036753952706553,0.5105127136917674,False,9492e163b6ef19b0563b1ce8302b8e8794e2e4c9c8031c62ff9774a3f63f6f58,0.0668717750813812
direct_neighbor_ridge,0,0,0,0,0,0,False,15,"[""alanine"", ""asparagine"", ""betaine"", ""dimethylglycine"", ""glutamate"", ""homocysteine"", ""isocitrate"", ""leucine"", ""methionine"", ""ornithine"", ""proline"", ""serine"", ""thymine"", ""tyrosine"", ""xanthine""]",[],0,0,30,15,16,AMP,0,4,100.0,700,176,17,1,6.003706712428572,0.5019081462358086,False,cf9883e99ee1b956d01c2cb42a4d284b982ce23065d3616a5e1cced359e41fb5,0.06763815018348396
direct_neighbor_ridge,0,0,0,0,0,0,False,15,"[""alanine"", ""asparagine"", ""betaine"", ""dimethylglycine"", ""glutamate"", ""homocysteine"", ""isocitrate"", ""leucine"", ""methionine"", ""ornithine"", ""proline"", ""serine"", ""thymine"", ""tyrosine"", ""xanthine""]",[],0,0,30,15,16,AMP,1,0,10.0,705,171,13,5,6.0308758873758865,0.5084438756529834,False,32d2e2f547f707a9f12d899e65a934275c9f49020e10d214973126d05910ec9c,0.0701302750967443
direct_neighbor_ridge,0,0,0,0,0,0,False,15,"[""alanine"", ""asparagine"", ""betaine"", ""dimethylglycine"", ""glutamate"", ""homocysteine"", ""isocitrate"", ""leucine"", ""methionine"", ""ornithine"", ""proline"", ""serine"", ""thymine"", ""tyrosine"", ""xanthine""]",[],0,0,30,15,16,AMP,1,1,100.0,700,176,17,1,6.003706712428572,0.5019081462358086,False,cf9883e99ee1b956d01c2cb42a4d284b982ce23065d3616a5e1cced359e41fb5,0.06746495910920203
direct_neighbor_ridge,0,0,0,0,0,0,False,15,"[""alanine"", ""asparagine"", ""betaine"", ""dimethylglycine"", ""glutamate"", ""homocysteine"", ""isocitrate"", ""leucine"", ""methionine"", ""ornithine"", ""proline"", ""serine"", ""thymine"", ""tyrosine"", ""xanthine""]",[],0,0,30,15,16,AMP,1,2,100.0,697,179,16,2,5.876602736441894,0.3500566287910305,False,db1ab3680dcfc2deb10e2511ec28b70b27966d5a436d724be48267bcbf200acf,0.06642705691047013
direct_neighbor_ridge,0,0,0,0,0,0,False,15,"[""alanine"", ""asparagine"", ""betaine"", ""dimethylglycine"", ""glutamate"", ""homocysteine"", ""isocitrate"", ""leucine"", ""methionine"", ""ornithine"", ""proline"", ""serine"", ""thymine"", ""tyrosine"", ""xanthine""]",[],0,0,30,15,16,AMP,1,3,100.0,700,176,13,5,6.004757570571429,0.5031283164328217,False,659dce4f66bf4ee0228513d024a4e287e9f1aa3957152332b1483ab0af67cb42,0.06782035413198173
direct_neighbor_ridge,0,0,0,0,0,0,False,15,"[""alanine"", ""asparagine"", ""betaine"", ""dimethylglycine"", ""glutamate"", ""homocysteine"", ""isocitrate"", ""leucine"", ""methionine"", ""ornithine"", ""proline"", ""serine"", ""thymine"", ""tyrosine"", ""xanthine""]",[],0,0,30,15,16,AMP,1,4,100.0,702,174,13,5,6.036753952706553,0.5105127136917674,False,9492e163b6ef19b0563b1ce8302b8e8794e2e4c9c8031c62ff9774a3f63f6f58,0.06823496310971677
direct_neighbor_ridge,0,0,0,0,0,0,False,5,"[""aconitate"", ""betaine"", ""glucuronate"", ""glutamate"", ""ornithine""]",[],0,0,10,5,6,CMP,0,0,100.0,697,179,16,2,5.881799451219512,0.3375083671874914,False,db1ab3680dcfc2deb10e2511ec28b70b27966d5a436d724be48267bcbf200acf,0.05593331786803901
direct_neighbor_ridge,0,0,0,0,0,0,False,5,"[""aconitate"", ""betaine"", ""glucuronate"", ""glutamate"", ""ornithine""]",[],0,0,10,5,6,CMP,0,1,10.0,705,171,13,5,6.017746583404255,0.47245130631595555,False,32d2e2f547f707a9f12d899e65a934275c9f49020e10d214973126d05910ec9c,0.0628279740922153
direct_neighbor_ridge,0,0,0,0,0,0,False,5,"[""aconitate"", ""betaine"", ""glucuronate"", ""glutamate"", ""ornithine""]",[],0,0,10,5,6,CMP,0,2,100.0,700,176,13,5,6.0109321772857145,0.461104447843522,False,659dce4f66bf4ee0228513d024a4e287e9f1aa3957152332b1483ab0af67cb42,0.06869276915676892
direct_neighbor_ridge,0,0,0,0,0,0,False,5,"[""aconitate"", ""betaine"", ""glucuronate"", ""glutamate"", ""ornithine""]",[],0,0,10,5,6,CMP,0,3,100.0,702,174,13,5,6.029179082051282,0.46845959043845226,False,9492e163b6ef19b0563b1ce8302b8e8794e2e4c9c8031c62ff9774a3f63f6f58,0.07215535501018167
direct_neighbor_ridge,0,0,0,0,0,0,False,5,"[""aconitate"", ""betaine"", ""glucuronate"", ""glutamate"", ""ornithine""]",[],0,0,10,5,6,CMP,0,4,100.0,700,176,17,1,5.992087687857143,0.4681468933552064,False,cf9883e99ee1b956d01c2cb42a4d284b982ce23065d3616a5e1cced359e41fb5,0.05889693391509354
direct_neighbor_ridge,0,0,0,0,0,0,False,5,"[""aconitate"", ""betaine"", ""glucuronate"", ""glutamate"", ""ornithine""]",[],0,0,10,5,6,CMP,1,0,10.0,705,171,13,5,6.017746583404255,0.47245130631595555,False,32d2e2f547f707a9f12d899e65a934275c9f49020e10d214973126d05910ec9c,0.05628931592218578
direct_neighbor_ridge,0,0,0,0,0,0,False,5,"[""aconitate"", ""betaine"", ""glucuronate"", ""glutamate"", ""ornithine""]",[],0,0,10,5,6,CMP,1,1,100.0,700,176,17,1,5.992087687857143,0.4681468933552064,False,cf9883e99ee1b956d01c2cb42a4d284b982ce23065d3616a5e1cced359e41fb5,0.0875412249006331
direct_neighbor_ridge,0,0,0,0,0,0,False,5,"[""aconitate"", ""betaine"", ""glucuronate"", ""glutamate"", ""ornithine""]",[],0,0,10,5,6,CMP,1,2,100.0,697,179,16,2,5.881799451219512,0.3375083671874914,False,db1ab3680dcfc2deb10e2511ec28b70b27966d5a436d724be48267bcbf200acf,0.08705943799577653
direct_neighbor_ridge,0,0,0,0,0,0,False,5,"[""aconitate"", ""betaine"", ""glucuronate"", ""glutamate"", ""ornithine""]",[],0,0,10,5,6,CMP,1,3,10.0,700,176,13,5,6.0109321772857145,0.461104447843522,False,659dce4f66bf4ee0228513d024a4e287e9f1aa3957152332b1483ab0af67cb42,0.061518431873992085
direct_neighbor_ridge,0,0,0,0,0,0,False,5,"[""aconitate"", ""betaine"", ""glucuronate"", ""glutamate"", ""ornithine""]",[],0,0,10,5,6,CMP,1,4,10.0,702,174,13,5,6.029179082051282,0.46845959043845226,False,9492e163b6ef19b0563b1ce8302b8e8794e2e4c9c8031c62ff9774a3f63f6f58,0.058963606134057045
direct_neighbor_ridge,0,0,0,0,0,0,False,5,"[""NAD"", ""alanine"", ""cAMP"", ""dimethylglycine"", ""glutamate""]",[],0,0,10,5,6,GMP,0,0,0.1,697,179,16,2,5.9022510956958385,0.3718471387264023,False,db1ab3680dcfc2deb10e2511ec28b70b27966d5a436d724be48267bcbf200acf,0.08291240595281124
direct_neighbor_ridge,0,0,0,0,0,0,False,5,"[""NAD"", ""alanine"", ""cAMP"", ""dimethylglycine"", ""glutamate""]",[],0,0,10,5,6,GMP,0,1,10.0,705,171,13,5,6.010947650212766,0.46377983172504383,False,32d2e2f547f707a9f12d899e65a934275c9f49020e10d214973126d05910ec9c,0.08584950608201325
direct_neighbor_ridge,0,0,0,0,0,0,False,5,"[""NAD"", ""alanine"", ""cAMP"", ""dimethylglycine"", ""glutamate""]",[],0,0,10,5,6,GMP,0,2,1.0,700,176,13,5,5.9920470568571425,0.45731235719204294,False,659dce4f66bf4ee0228513d024a4e287e9f1aa3957152332b1483ab0af67cb42,0.05994727904908359
direct_neighbor_ridge,0,0,0,0,0,0,False,5,"[""NAD"", ""alanine"", ""cAMP"", ""dimethylglycine"", ""glutamate""]",[],0,0,10,5,6,GMP,0,3,0.1,702,174,13,5,6.020292437606837,0.468773552378771,False,9492e163b6ef19b0563b1ce8302b8e8794e2e4c9c8031c62ff9774a3f63f6f58,0.08907697792164981
direct_neighbor_ridge,0,0,0,0,0,0,False,5,"[""NAD"", ""alanine"", ""cAMP"", ""dimethylglycine"", ""glutamate""]",[],0,0,10,5,6,GMP,0,4,1.0,700,176,17,1,5.976454316428572,0.4636214295380626,False,cf9883e99ee1b956d01c2cb42a4d284b982ce23065d3616a5e1cced359e41fb5,0.0913791989441961
direct_neighbor_ridge,0,0,0,0,0,0,False,5,"[""NAD"", ""alanine"", ""cAMP"", ""dimethylglycine"", ""glutamate""]",[],0,0,10,5,6,GMP,1,0,10.0,705,171,13,5,6.010947650212766,0.46377983172504383,False,32d2e2f547f707a9f12d899e65a934275c9f49020e10d214973126d05910ec9c,0.08469906798563898
direct_neighbor_ridge,0,0,0,0,0,0,False,5,"[""NAD"", ""alanine"", ""cAMP"", ""dimethylglycine"", ""glutamate""]",[],0,0,10,5,6,GMP,1,1,10.0,700,176,17,1,5.976454316428572,0.4636214295380626,False,cf9883e99ee1b956d01c2cb42a4d284b982ce23065d3616a5e1cced359e41fb5,0.09502118709497154
direct_neighbor_ridge,0,0,0,0,0,0,False,5,"[""NAD"", ""alanine"", ""cAMP"", ""dimethylglycine"", ""glutamate""]",[],0,0,10,5,6,GMP,1,2,0.1,697,179,16,2,5.9022510956958385,0.3718471387264023,False,db1ab3680dcfc2deb10e2511ec28b70b27966d5a436d724be48267bcbf200acf,0.0730014881119132
direct_neighbor_ridge,0,0,0,0,0,0,False,5,"[""NAD"", ""alanine"", ""cAMP"", ""dimethylglycine"", ""glutamate""]",[],0,0,10,5,6,GMP,1,3,0.1,700,176,13,5,5.9920470568571425,0.45731235719204294,False,659dce4f66bf4ee0228513d024a4e287e9f1aa3957152332b1483ab0af67cb42,0.08899080101400614
direct_neighbor_ridge,0,0,0,0,0,0,False,5,"[""NAD"", ""alanine"", ""cAMP"", ""dimethylglycine"", ""glutamate""]",[],0,0,10,5,6,GMP,1,4,0.1,702,174,13,5,6.020292437606837,0.468773552378771,False,9492e163b6ef19b0563b1ce8302b8e8794e2e4c9c8031c62ff9774a3f63f6f58,0.0646007270552218
direct_neighbor_ridge,0,0,0,0,0,0,False,15,"[""CMP"", ""GMP"", ""aconitate"", ""arginine"", ""carnosine"", ""dimethylglycine"", ""glutamine"", ""glycine"", ""histidine"", ""homocysteine"", ""kynurenine"", ""leucine"", ""serine"", ""trimethylamine-N-oxide"", ""uridine""]",[],0,0,30,15,16,NAD,0,0,10.0,697,179,16,2,5.8592628566714495,0.273737772496672,False,db1ab3680dcfc2deb10e2511ec28b70b27966d5a436d724be48267bcbf200acf,0.07394641591235995
direct_neighbor_ridge,0,0,0,0,0,0,False,15,"[""CMP"", ""GMP"", ""aconitate"", ""arginine"", ""carnosine"", ""dimethylglycine"", ""glutamine"", ""glycine"", ""histidine"", ""homocysteine"", ""kynurenine"", ""leucine"", ""serine"", ""trimethylamine-N-oxide"", ""uridine""]",[],0,0,30,15,16,NAD,0,1,100.0,705,171,13,5,5.83252649248227,0.3166483062230965,False,32d2e2f547f707a9f12d899e65a934275c9f49020e10d214973126d05910ec9c,0.07174147199839354
direct_neighbor_ridge,0,0,0,0,0,0,False,15,"[""CMP"", ""GMP"", ""aconitate"", ""arginine"", ""carnosine"", ""dimethylglycine"", ""glutamine"", ""glycine"", ""histidine"", ""homocysteine"", ""kynurenine"", ""leucine"", ""serine"", ""trimethylamine-N-oxide"", ""uridine""]",[],0,0,30,15,16,NAD,0,2,100.0,700,176,13,5,5.829537320142857,0.3140293000367684,False,659dce4f66bf4ee0228513d024a4e287e9f1aa3957152332b1483ab0af67cb42,0.13719862792640924
direct_neighbor_ridge,0,0,0,0,0,0,False,15,"[""CMP"", ""GMP"", ""aconitate"", ""arginine"", ""carnosine"", ""dimethylglycine"", ""glutamine"", ""glycine"", ""histidine"", ""homocysteine"", ""kynurenine"", ""leucine"", ""serine"", ""trimethylamine-N-oxide"", ""uridine""]",[],0,0,30,15,16,NAD,0,3,100.0,702,174,13,5,5.849133417236467,0.30221474081553895,False,9492e163b6ef19b0563b1ce8302b8e8794e2e4c9c8031c62ff9774a3f63f6f58,0.07852771086618304
direct_neighbor_ridge,0,0,0,0,0,0,False,15,"[""CMP"", ""GMP"", ""aconitate"", ""arginine"", ""carnosine"", ""dimethylglycine"", ""glutamine"", ""glycine"", ""histidine"", ""homocysteine"", ""kynurenine"", ""leucine"", ""serine"", ""trimethylamine-N-oxide"", ""uridine""]",[],0,0,30,15,16,NAD,0,4,10.0,700,176,17,1,5.835856427857143,0.30880467410775864,False,cf9883e99ee1b956d01c2cb42a4d284b982ce23065d3616a5e1cced359e41fb5,0.07594519201666117
direct_neighbor_ridge,0,0,0,0,0,0,False,15,"[""CMP"", ""GMP"", ""aconitate"", ""arginine"", ""carnosine"", ""dimethylglycine"", ""glutamine"", ""glycine"", ""histidine"", ""homocysteine"", ""kynurenine"", ""leucine"", ""serine"", ""trimethylamine-N-oxide"", ""uridine""]",[],0,0,30,15,16,NAD,1,0,100.0,705,171,13,5,5.83252649248227,0.3166483062230965,False,32d2e2f547f707a9f12d899e65a934275c9f49020e10d214973126d05910ec9c,0.07298652222380042
direct_neighbor_ridge,0,0,0,0,0,0,False,15,"[""CMP"", ""GMP"", ""aconitate"", ""arginine"", ""carnosine"", ""dimethylglycine"", ""glutamine"", ""glycine"", ""histidine"", ""homocysteine"", ""kynurenine"", ""leucine"", ""serine"", ""trimethylamine-N-oxide"", ""uridine""]",[],0,0,30,15,16,NAD,1,1,100.0,700,176,17,1,5.835856427857143,0.30880467410775864,False,cf9883e99ee1b956d01c2cb42a4d284b982ce23065d3616a5e1cced359e41fb5,0.0786930660251528
direct_neighbor_ridge,0,0,0,0,0,0,False,15,"[""CMP"", ""GMP"", ""aconitate"", ""arginine"", ""carnosine"", ""dimethylglycine"", ""glutamine"", ""glycine"", ""histidine"", ""homocysteine"", ""kynurenine"", ""leucine"", ""serine"", ""trimethylamine-N-oxide"", ""uridine""]",[],0,0,30,15,16,NAD,1,2,100.0,697,179,16,2,5.8592628566714495,0.273737772496672,False,db1ab3680dcfc2deb10e2511ec28b70b27966d5a436d724be48267bcbf200acf,0.08565369807183743
direct_neighbor_ridge,0,0,0,0,0,0,False,15,"[""CMP"", ""GMP"", ""aconitate"", ""arginine"", ""carnosine"", ""dimethylglycine"", ""glutamine"", ""glycine"", ""histidine"", ""homocysteine"", ""kynurenine"", ""leucine"", ""serine"", ""trimethylamine-N-oxide"", ""uridine""]",[],0,0,30,15,16,NAD,1,3,10.0,700,176,13,5,5.829537320142857,0.3140293000367684,False,659dce4f66bf4ee0228513d024a4e287e9f1aa3957152332b1483ab0af67cb42,0.057572415098547935
direct_neighbor_ridge,0,0,0,0,0,0,False,15,"[""CMP"", ""GMP"", ""aconitate"", ""arginine"", ""carnosine"", ""dimethylglycine"", ""glutamine"", ""glycine"", ""histidine"", ""homocysteine"", ""kynurenine"", ""leucine"", ""serine"", ""trimethylamine-N-oxide"", ""uridine""]",[],0,0,30,15,16,NAD,1,4,10.0,702,174,13,5,5.849133417236467,0.30221474081553895,False,9492e163b6ef19b0563b1ce8302b8e8794e2e4c9c8031c62ff9774a3f63f6f58,0.07739945407956839
direct_neighbor_ridge,0,0,0,0,0,0,False,19,"[""AMP"", ""CMP"", ""UMP"", ""acetylcholine"", ""adenine"", ""alanine"", ""aspartate"", ""cAMP"", ""carnosine"", ""choline"", ""glycine"", ""histidine"", ""inositol"", ""leucine"", ""ornithine"", ""serine"", ""thymidine"", ""uridine"", ""xanthine""]",[],0,0,38,19,20,NADP,0,0,100.0,697,179,16,2,5.964262021233859,0.3620365863705779,False,db1ab3680dcfc2deb10e2511ec28b70b27966d5a436d724be48267bcbf200acf,0.06923036882653832
direct_neighbor_ridge,0,0,0,0,0,0,False,19,"[""AMP"", ""CMP"", ""UMP"", ""acetylcholine"", ""adenine"", ""alanine"", ""aspartate"", ""cAMP"", ""carnosine"", ""choline"", ""glycine"", ""histidine"", ""inositol"", ""leucine"", ""ornithine"", ""serine"", ""thymidine"", ""uridine"", ""xanthine""]",[],0,0,38,19,20,NADP,0,1,100.0,705,171,13,5,5.924742738723404,0.373625630639,False,32d2e2f547f707a9f12d899e65a934275c9f49020e10d214973126d05910ec9c,0.06643607001751661
direct_neighbor_ridge,0,0,0,0,0,0,False,19,"[""AMP"", ""CMP"", ""UMP"", ""acetylcholine"", ""adenine"", ""alanine"", ""aspartate"", ""cAMP"", ""carnosine"", ""choline"", ""glycine"", ""histidine"", ""inositol"", ""leucine"", ""ornithine"", ""serine"", ""thymidine"", ""uridine"", ""xanthine""]",[],0,0,38,19,20,NADP,0,2,100.0,700,176,13,5,5.893307024142857,0.36362936668919077,False,659dce4f66bf4ee0228513d024a4e287e9f1aa3957152332b1483ab0af67cb42,0.11123617296107113
direct_neighbor_ridge,0,0,0,0,0,0,False,19,"[""AMP"", ""CMP"", ""UMP"", ""acetylcholine"", ""adenine"", ""alanine"", ""aspartate"", ""cAMP"", ""carnosine"", ""choline"", ""glycine"", ""histidine"", ""inositol"", ""leucine"", ""ornithine"", ""serine"", ""thymidine"", ""uridine"", ""xanthine""]",[],0,0,38,19,20,NADP,0,3,100.0,702,174,13,5,5.922061383618234,0.3605050337536695,False,9492e163b6ef19b0563b1ce8302b8e8794e2e4c9c8031c62ff9774a3f63f6f58,0.1073560940567404
direct_neighbor_ridge,0,0,0,0,0,0,False,19,"[""AMP"", ""CMP"", ""UMP"", ""acetylcholine"", ""adenine"", ""alanine"", ""aspartate"", ""cAMP"", ""carnosine"", ""choline"", ""glycine"", ""histidine"", ""inositol"", ""leucine"", ""ornithine"", ""serine"", ""thymidine"", ""uridine"", ""xanthine""]",[],0,0,38,19,20,NADP,0,4,100.0,700,176,17,1,5.8943222774285715,0.34709365585279683,False,cf9883e99ee1b956d01c2cb42a4d284b982ce23065d3616a5e1cced359e41fb5,0.0868797900620848
direct_neighbor_ridge,0,0,0,0,0,0,False,19,"[""AMP"", ""CMP"", ""UMP"", ""acetylcholine"", ""adenine"", ""alanine"", ""aspartate"", ""cAMP"", ""carnosine"", ""choline"", ""glycine"", ""histidine"", ""inositol"", ""leucine"", ""ornithine"", ""serine"", ""thymidine"", ""uridine"", ""xanthine""]",[],0,0,38,19,20,NADP,1,0,100.0,705,171,13,5,5.924742738723404,0.373625630639,False,32d2e2f547f707a9f12d899e65a934275c9f49020e10d214973126d05910ec9c,0.14056725893169641
direct_neighbor_ridge,0,0,0,0,0,0,False,19,"[""AMP"", ""CMP"", ""UMP"", ""acetylcholine"", ""adenine"", ""alanine"", ""aspartate"", ""cAMP"", ""carnosine"", ""choline"", ""glycine"", ""histidine"", ""inositol"", ""leucine"", ""ornithine"", ""serine"", ""thymidine"", ""uridine"", ""xanthine""]",[],0,0,38,19,20,NADP,1,1,100.0,700,176,17,1,5.8943222774285715,0.34709365585279683,False,cf9883e99ee1b956d01c2cb42a4d284b982ce23065d3616a5e1cced359e41fb5,0.11061727209016681
direct_neighbor_ridge,0,0,0,0,0,0,False,19,"[""AMP"", ""CMP"", ""UMP"", ""acetylcholine"", ""adenine"", ""alanine"", ""aspartate"", ""cAMP"", ""carnosine"", ""choline"", ""glycine"", ""histidine"", ""inositol"", ""leucine"", ""ornithine"", ""serine"", ""thymidine"", ""uridine"", ""xanthine""]",[],0,0,38,19,20,NADP,1,2,100.0,697,179,16,2,5.964262021233859,0.3620365863705779,False,db1ab3680dcfc2deb10e2511ec28b70b27966d5a436d724be48267bcbf200acf,0.07360740611329675
direct_neighbor_ridge,0,0,0,0,0,0,False,19,"[""AMP"", ""CMP"", ""UMP"", ""acetylcholine"", ""adenine"", ""alanine"", ""aspartate"", ""cAMP"", ""carnosine"", ""choline"", ""glycine"", ""histidine"", ""inositol"", ""leucine"", ""ornithine"", ""serine"", ""thymidine"", ""uridine"", ""xanthine""]",[],0,0,38,19,20,NADP,1,3,100.0,700,176,13,5,5.893307024142857,0.36362936668919077,False,659dce4f66bf4ee0228513d024a4e287e9f1aa3957152332b1483ab0af67cb42,0.1341440319083631
direct_neighbor_ridge,0,0,0,0,0,0,False,19,"[""AMP"", ""CMP"", ""UMP"", ""acetylcholine"", ""adenine"", ""alanine"", ""aspartate"", ""cAMP"", ""carnosine"", ""choline"", ""glycine"", ""histidine"", ""inositol"", ""leucine"", ""ornithine"", ""serine"", ""thymidine"", ""uridine"", ""xanthine""]",[],0,0,38,19,20,NADP,1,4,100.0,702,174,13,5,5.922061383618234,0.3605050337536695,False,9492e163b6ef19b0563b1ce8302b8e8794e2e4c9c8031c62ff9774a3f63f6f58,0.09725838713347912
direct_neighbor_ridge,0,0,0,0,0,0,False,5,"[""alanine"", ""glutamate"", ""kynurenine"", ""ornithine"", ""sarcosine""]",[],0,0,10,5,6,UMP,0,0,10.0,697,179,16,2,5.8803286489239595,0.3673249774248067,False,db1ab3680dcfc2deb10e2511ec28b70b27966d5a436d724be48267bcbf200acf,0.09235156397335231
direct_neighbor_ridge,0,0,0,0,0,0,False,5,"[""alanine"", ""glutamate"", ""kynurenine"", ""ornithine"", ""sarcosine""]",[],0,0,10,5,6,UMP,0,1,100.0,705,171,13,5,6.046802519858156,0.5194126213200596,False,32d2e2f547f707a9f12d899e65a934275c9f49020e10d214973126d05910ec9c,0.06864873296581209
direct_neighbor_ridge,0,0,0,0,0,0,False,5,"[""alanine"", ""glutamate"", ""kynurenine"", ""ornithine"", ""sarcosine""]",[],0,0,10,5,6,UMP,0,2,100.0,700,176,13,5,6.0201290528571425,0.508479905148374,False,659dce4f66bf4ee0228513d024a4e287e9f1aa3957152332b1483ab0af67cb42,0.06533584301359951
direct_neighbor_ridge,0,0,0,0,0,0,False,5,"[""alanine"", ""glutamate"", ""kynurenine"", ""ornithine"", ""sarcosine""]",[],0,0,10,5,6,UMP,0,3,100.0,702,174,13,5,6.04453301980057,0.5234043492380395,False,9492e163b6ef19b0563b1ce8302b8e8794e2e4c9c8031c62ff9774a3f63f6f58,0.06681144097819924
direct_neighbor_ridge,0,0,0,0,0,0,False,5,"[""alanine"", ""glutamate"", ""kynurenine"", ""ornithine"", ""sarcosine""]",[],0,0,10,5,6,UMP,0,4,100.0,700,176,17,1,6.0070047598571445,0.5168236538621338,False,cf9883e99ee1b956d01c2cb42a4d284b982ce23065d3616a5e1cced359e41fb5,0.06739894184283912
direct_neighbor_ridge,0,0,0,0,0,0,False,5,"[""alanine"", ""glutamate"", ""kynurenine"", ""ornithine"", ""sarcosine""]",[],0,0,10,5,6,UMP,1,0,100.0,705,171,13,5,6.046802519858156,0.5194126213200596,False,32d2e2f547f707a9f12d899e65a934275c9f49020e10d214973126d05910ec9c,0.08359075686894357
direct_neighbor_ridge,0,0,0,0,0,0,False,5,"[""alanine"", ""glutamate"", ""kynurenine"", ""ornithine"", ""sarcosine""]",[],0,0,10,5,6,UMP,1,1,100.0,700,176,17,1,6.0070047598571445,0.5168236538621338,False,cf9883e99ee1b956d01c2cb42a4d284b982ce23065d3616a5e1cced359e41fb5,0.07855108310468495
direct_neighbor_ridge,0,0,0,0,0,0,False,5,"[""alanine"", ""glutamate"", ""kynurenine"", ""ornithine"", ""sarcosine""]",[],0,0,10,5,6,UMP,1,2,10.0,697,179,16,2,5.8803286489239595,0.3673249774248067,False,db1ab3680dcfc2deb10e2511ec28b70b27966d5a436d724be48267bcbf200acf,0.05905498913489282
direct_neighbor_ridge,0,0,0,0,0,0,False,5,"[""alanine"", ""glutamate"", ""kynurenine"", ""ornithine"", ""sarcosine""]",[],0,0,10,5,6,UMP,1,3,100.0,700,176,13,5,6.0201290528571425,0.508479905148374,False,659dce4f66bf4ee0228513d024a4e287e9f1aa3957152332b1483ab0af67cb42,0.07570017594844103
direct_neighbor_ridge,0,0,0,0,0,0,False,5,"[""alanine"", ""glutamate"", ""kynurenine"", ""ornithine"", ""sarcosine""]",[],0,0,10,5,6,UMP,1,4,0.1,702,174,13,5,6.04453301980057,0.5234043492380395,False,9492e163b6ef19b0563b1ce8302b8e8794e2e4c9c8031c62ff9774a3f63f6f58,0.05929174297489226
direct_neighbor_ridge,0,0,0,0,0,0,False,1,"[""uracil""]",[],0,0,2,1,2,acetylcholine,0,0,100.0,697,179,16,2,5.659545420659971,0.9034786933874055,False,db1ab3680dcfc2deb10e2511ec28b70b27966d5a436d724be48267bcbf200acf,0.053796048974618316
direct_neighbor_ridge,0,0,0,0,0,0,False,1,"[""uracil""]",[],0,0,2,1,2,acetylcholine,0,1,0.1,705,171,13,5,5.700987920851063,0.901549377737082,False,32d2e2f547f707a9f12d899e65a934275c9f49020e10d214973126d05910ec9c,0.07326429197564721
direct_neighbor_ridge,0,0,0,0,0,0,False,1,"[""uracil""]",[],0,0,2,1,2,acetylcholine,0,2,0.1,700,176,13,5,5.708044984285714,0.9098811471364079,False,659dce4f66bf4ee0228513d024a4e287e9f1aa3957152332b1483ab0af67cb42,0.05605593998916447
direct_neighbor_ridge,0,0,0,0,0,0,False,1,"[""uracil""]",[],0,0,2,1,2,acetylcholine,0,3,10.0,702,174,13,5,5.713083329344729,0.9000553995988789,False,9492e163b6ef19b0563b1ce8302b8e8794e2e4c9c8031c62ff9774a3f63f6f58,0.05351840890944004
direct_neighbor_ridge,0,0,0,0,0,0,False,1,"[""uracil""]",[],0,0,2,1,2,acetylcholine,0,4,100.0,700,176,17,1,5.586330824285715,0.8863693262476297,False,cf9883e99ee1b956d01c2cb42a4d284b982ce23065d3616a5e1cced359e41fb5,0.056989308912307024
direct_neighbor_ridge,0,0,0,0,0,0,False,1,"[""uracil""]",[],0,0,2,1,2,acetylcholine,1,0,0.1,705,171,13,5,5.700987920851063,0.901549377737082,False,32d2e2f547f707a9f12d899e65a934275c9f49020e10d214973126d05910ec9c,0.07672552904114127
direct_neighbor_ridge,0,0,0,0,0,0,False,1,"[""uracil""]",[],0,0,2,1,2,acetylcholine,1,1,100.0,700,176,17,1,5.586330824285715,0.8863693262476297,False,cf9883e99ee1b956d01c2cb42a4d284b982ce23065d3616a5e1cced359e41fb5,0.12327920598909259
direct_neighbor_ridge,0,0,0,0,0,0,False,1,"[""uracil""]",[],0,0,2,1,2,acetylcholine,1,2,100.0,697,179,16,2,5.659545420659971,0.9034786933874055,False,db1ab3680dcfc2deb10e2511ec28b70b27966d5a436d724be48267bcbf200acf,0.07837785012088716
direct_neighbor_ridge,0,0,0,0,0,0,False,1,"[""uracil""]",[],0,0,2,1,2,acetylcholine,1,3,100.0,700,176,13,5,5.708044984285714,0.9098811471364079,False,659dce4f66bf4ee0228513d024a4e287e9f1aa3957152332b1483ab0af67cb42,0.06661569094285369
direct_neighbor_ridge,0,0,0,0,0,0,False,1,"[""uracil""]",[],0,0,2,1,2,acetylcholine,1,4,100.0,702,174,13,5,5.713083329344729,0.9000553995988789,False,9492e163b6ef19b0563b1ce8302b8e8794e2e4c9c8031c62ff9774a3f63f6f58,0.0612883479334414
direct_neighbor_ridge,0,0,0,0,0,0,False,2,"[""arginine"", ""glutamine""]",[],0,0,4,2,3,aconitate,0,0,100.0,697,179,16,2,5.869085316068866,0.29352602161706304,False,db1ab3680dcfc2deb10e2511ec28b70b27966d5a436d724be48267bcbf200acf,0.06543297204189003
direct_neighbor_ridge,0,0,0,0,0,0,False,2,"[""arginine"", ""glutamine""]",[],0,0,4,2,3,aconitate,0,1,0.1,705,171,13,5,5.80245032141844,0.31475097153342196,False,32d2e2f547f707a9f12d899e65a934275c9f49020e10d214973126d05910ec9c,0.06435007601976395
direct_neighbor_ridge,0,0,0,0,0,0,False,2,"[""arginine"", ""glutamine""]",[],0,0,4,2,3,aconitate,0,2,100.0,700,176,13,5,5.810027651857142,0.305354314605211,False,659dce4f66bf4ee0228513d024a4e287e9f1aa3957152332b1483ab0af67cb42,0.06587546411901712
direct_neighbor_ridge,0,0,0,0,0,0,False,2,"[""arginine"", ""glutamine""]",[],0,0,4,2,3,aconitate,0,3,0.1,702,174,13,5,5.8194074274928775,0.30426103660559667,False,9492e163b6ef19b0563b1ce8302b8e8794e2e4c9c8031c62ff9774a3f63f6f58,0.05688719800673425
direct_neighbor_ridge,0,0,0,0,0,0,False,2,"[""arginine"", ""glutamine""]",[],0,0,4,2,3,aconitate,0,4,0.1,700,176,17,1,5.833991273857143,0.3116707085063351,False,cf9883e99ee1b956d01c2cb42a4d284b982ce23065d3616a5e1cced359e41fb5,0.053190670907497406
direct_neighbor_ridge,0,0,0,0,0,0,False,2,"[""arginine"", ""glutamine""]",[],0,0,4,2,3,aconitate,1,0,0.1,705,171,13,5,5.80245032141844,0.31475097153342196,False,32d2e2f547f707a9f12d899e65a934275c9f49020e10d214973126d05910ec9c,0.053099557058885694
direct_neighbor_ridge,0,0,0,0,0,0,False,2,"[""arginine"", ""glutamine""]",[],0,0,4,2,3,aconitate,1,1,0.1,700,176,17,1,5.833991273857143,0.3116707085063351,False,cf9883e99ee1b956d01c2cb42a4d284b982ce23065d3616a5e1cced359e41fb5,0.05543587892316282
direct_neighbor_ridge,0,0,0,0,0,0,False,2,"[""arginine"", ""glutamine""]",[],0,0,4,2,3,aconitate,1,2,100.0,697,179,16,2,5.869085316068866,0.29352602161706304,False,db1ab3680dcfc2deb10e2511ec28b70b27966d5a436d724be48267bcbf200acf,0.049715787172317505
direct_neighbor_ridge,0,0,0,0,0,0,False,2,"[""arginine"", ""glutamine""]",[],0,0,4,2,3,aconitate,1,3,100.0,700,176,13,5,5.810027651857142,0.305354314605211,False,659dce4f66bf4ee0228513d024a4e287e9f1aa3957152332b1483ab0af67cb42,0.04865267709828913
direct_neighbor_ridge,0,0,0,0,0,0,False,2,"[""arginine"", ""glutamine""]",[],0,0,4,2,3,aconitate,1,4,0.1,702,174,13,5,5.8194074274928775,0.30426103660559667,False,9492e163b6ef19b0563b1ce8302b8e8794e2e4c9c8031c62ff9774a3f63f6f58,0.04899202100932598
direct_neighbor_ridge,0,0,0,0,0,0,False,2,"[""glutamate"", ""methionine""]",[],0,0,4,2,3,adenine,0,0,0.1,697,179,16,2,5.874204923529412,0.34214960869733474,False,db1ab3680dcfc2deb10e2511ec28b70b27966d5a436d724be48267bcbf200acf,0.04871408408507705
direct_neighbor_ridge,0,0,0,0,0,0,False,2,"[""glutamate"", ""methionine""]",[],0,0,4,2,3,adenine,0,1,0.1,705,171,13,5,5.9312896307801415,0.3566075982980052,False,32d2e2f547f707a9f12d899e65a934275c9f49020e10d214973126d05910ec9c,0.04987937491387129
direct_neighbor_ridge,0,0,0,0,0,0,False,2,"[""glutamate"", ""methionine""]",[],0,0,4,2,3,adenine,0,2,0.1,700,176,13,5,5.925568285714287,0.3546125934251921,False,659dce4f66bf4ee0228513d024a4e287e9f1aa3957152332b1483ab0af67cb42,0.04905943409539759
direct_neighbor_ridge,0,0,0,0,0,0,False,2,"[""glutamate"", ""methionine""]",[],0,0,4,2,3,adenine,0,3,0.1,702,174,13,5,5.939394801851851,0.3634544913962929,False,9492e163b6ef19b0563b1ce8302b8e8794e2e4c9c8031c62ff9774a3f63f6f58,0.04898060602135956
direct_neighbor_ridge,0,0,0,0,0,0,False,2,"[""glutamate"", ""methionine""]",[],0,0,4,2,3,adenine,0,4,0.1,700,176,17,1,5.922040124714285,0.3757034409504105,False,cf9883e99ee1b956d01c2cb42a4d284b982ce23065d3616a5e1cced359e41fb5,0.05070983711630106
direct_neighbor_ridge,0,0,0,0,0,0,False,2,"[""glutamate"", ""methionine""]",[],0,0,4,2,3,adenine,1,0,0.1,705,171,13,5,5.9312896307801415,0.3566075982980052,False,32d2e2f547f707a9f12d899e65a934275c9f49020e10d214973126d05910ec9c,0.05308661609888077
direct_neighbor_ridge,0,0,0,0,0,0,False,2,"[""glutamate"", ""methionine""]",[],0,0,4,2,3,adenine,1,1,0.1,700,176,17,1,5.922040124714285,0.3757034409504105,False,cf9883e99ee1b956d01c2cb42a4d284b982ce23065d3616a5e1cced359e41fb5,0.051356849959120154
direct_neighbor_ridge,0,0,0,0,0,0,False,2,"[""glutamate"", ""methionine""]",[],0,0,4,2,3,adenine,1,2,0.1,697,179,16,2,5.874204923529412,0.34214960869733474,False,db1ab3680dcfc2deb10e2511ec28b70b27966d5a436d724be48267bcbf200acf,0.05217036814428866
direct_neighbor_ridge,0,0,0,0,0,0,False,2,"[""glutamate"", ""methionine""]",[],0,0,4,2,3,adenine,1,3,0.1,700,176,13,5,5.925568285714287,0.3546125934251921,False,659dce4f66bf4ee0228513d024a4e287e9f1aa3957152332b1483ab0af67cb42,0.051705524092540145
direct_neighbor_ridge,0,0,0,0,0,0,False,2,"[""glutamate"", ""methionine""]",[],0,0,4,2,3,adenine,1,4,0.1,702,174,13,5,5.939394801851851,0.3634544913962929,False,9492e163b6ef19b0563b1ce8302b8e8794e2e4c9c8031c62ff9774a3f63f6f58,0.05662866006605327
direct_neighbor_ridge,0,0,0,0,0,0,False,4,"[""NAD"", ""UMP"", ""inositol"", ""malate""]",[],0,0,8,4,5,adenosine,0,0,0.1,697,179,16,2,5.889763096987087,0.5899105462602858,False,db1ab3680dcfc2deb10e2511ec28b70b27966d5a436d724be48267bcbf200acf,0.06897942302748561
direct_neighbor_ridge,0,0,0,0,0,0,False,4,"[""NAD"", ""UMP"", ""inositol"", ""malate""]",[],0,0,8,4,5,adenosine,0,1,100.0,705,171,13,5,5.826710083829787,0.5566391017151358,False,32d2e2f547f707a9f12d899e65a934275c9f49020e10d214973126d05910ec9c,0.06082024797797203
direct_neighbor_ridge,0,0,0,0,0,0,False,4,"[""NAD"", ""UMP"", ""inositol"", ""malate""]",[],0,0,8,4,5,adenosine,0,2,100.0,700,176,13,5,5.880261045142857,0.564616432252999,False,659dce4f66bf4ee0228513d024a4e287e9f1aa3957152332b1483ab0af67cb42,0.09043166600167751
direct_neighbor_ridge,0,0,0,0,0,0,False,4,"[""NAD"", ""UMP"", ""inositol"", ""malate""]",[],0,0,8,4,5,adenosine,0,3,100.0,702,174,13,5,5.8464648170940166,0.5743075987654248,False,9492e163b6ef19b0563b1ce8302b8e8794e2e4c9c8031c62ff9774a3f63f6f58,0.05758742382749915
direct_neighbor_ridge,0,0,0,0,0,0,False,4,"[""NAD"", ""UMP"", ""inositol"", ""malate""]",[],0,0,8,4,5,adenosine,0,4,100.0,700,176,17,1,5.822932310714286,0.5820115277556642,False,cf9883e99ee1b956d01c2cb42a4d284b982ce23065d3616a5e1cced359e41fb5,0.06476200511679053
direct_neighbor_ridge,0,0,0,0,0,0,False,4,"[""NAD"", ""UMP"", ""inositol"", ""malate""]",[],0,0,8,4,5,adenosine,1,0,100.0,705,171,13,5,5.826710083829787,0.5566391017151358,False,32d2e2f547f707a9f12d899e65a934275c9f49020e10d214973126d05910ec9c,0.0628597461618483
direct_neighbor_ridge,0,0,0,0,0,0,False,4,"[""NAD"", ""UMP"", ""inositol"", ""malate""]",[],0,0,8,4,5,adenosine,1,1,100.0,700,176,17,1,5.822932310714286,0.5820115277556642,False,cf9883e99ee1b956d01c2cb42a4d284b982ce23065d3616a5e1cced359e41fb5,0.05607609311118722
direct_neighbor_ridge,0,0,0,0,0,0,False,4,"[""NAD"", ""UMP"", ""inositol"", ""malate""]",[],0,0,8,4,5,adenosine,1,2,0.1,697,179,16,2,5.889763096987087,0.5899105462602858,False,db1ab3680dcfc2deb10e2511ec28b70b27966d5a436d724be48267bcbf200acf,0.07102006184868515
direct_neighbor_ridge,0,0,0,0,0,0,False,4,"[""NAD"", ""UMP"", ""inositol"", ""malate""]",[],0,0,8,4,5,adenosine,1,3,100.0,700,176,13,5,5.880261045142857,0.564616432252999,False,659dce4f66bf4ee0228513d024a4e287e9f1aa3957152332b1483ab0af67cb42,0.05818910012021661
direct_neighbor_ridge,0,0,0,0,0,0,False,4,"[""NAD"", ""UMP"", ""inositol"", ""malate""]",[],0,0,8,4,5,adenosine,1,4,100.0,702,174,13,5,5.8464648170940166,0.5743075987654248,False,9492e163b6ef19b0563b1ce8302b8e8794e2e4c9c8031c62ff9774a3f63f6f58,0.05773728294298053
direct_neighbor_ridge,0,0,0,0,0,0,False,5,"[""AMP"", ""beta-alanine"", ""glucuronate"", ""isocitrate"", ""proline""]",[],0,0,10,5,6,alanine,0,0,100.0,697,179,16,2,5.909789567575323,0.3726797820270718,False,db1ab3680dcfc2deb10e2511ec28b70b27966d5a436d724be48267bcbf200acf,0.0598348209168762
direct_neighbor_ridge,0,0,0,0,0,0,False,5,"[""AMP"", ""beta-alanine"", ""glucuronate"", ""isocitrate"", ""proline""]",[],0,0,10,5,6,alanine,0,1,100.0,705,171,13,5,5.858488998156029,0.3904771460922022,False,32d2e2f547f707a9f12d899e65a934275c9f49020e10d214973126d05910ec9c,0.06060826010070741
direct_neighbor_ridge,0,0,0,0,0,0,False,5,"[""AMP"", ""beta-alanine"", ""glucuronate"", ""isocitrate"", ""proline""]",[],0,0,10,5,6,alanine,0,2,100.0,700,176,13,5,5.822541076857142,0.38433692877401887,False,659dce4f66bf4ee0228513d024a4e287e9f1aa3957152332b1483ab0af67cb42,0.10677964403294027
direct_neighbor_ridge,0,0,0,0,0,0,False,5,"[""AMP"", ""beta-alanine"", ""glucuronate"", ""isocitrate"", ""proline""]",[],0,0,10,5,6,alanine,0,3,100.0,702,174,13,5,5.857928736894587,0.3876645862607939,False,9492e163b6ef19b0563b1ce8302b8e8794e2e4c9c8031c62ff9774a3f63f6f58,0.06078325095586479
direct_neighbor_ridge,0,0,0,0,0,0,False,5,"[""AMP"", ""beta-alanine"", ""glucuronate"", ""isocitrate"", ""proline""]",[],0,0,10,5,6,alanine,0,4,100.0,700,176,17,1,5.8615306351428575,0.38301923456583287,False,cf9883e99ee1b956d01c2cb42a4d284b982ce23065d3616a5e1cced359e41fb5,0.05992256593890488
direct_neighbor_ridge,0,0,0,0,0,0,False,5,"[""AMP"", ""beta-alanine"", ""glucuronate"", ""isocitrate"", ""proline""]",[],0,0,10,5,6,alanine,1,0,100.0,705,171,13,5,5.858488998156029,0.3904771460922022,False,32d2e2f547f707a9f12d899e65a934275c9f49020e10d214973126d05910ec9c,0.05987728899344802
direct_neighbor_ridge,0,0,0,0,0,0,False,5,"[""AMP"", ""beta-alanine"", ""glucuronate"", ""isocitrate"", ""proline""]",[],0,0,10,5,6,alanine,1,1,100.0,700,176,17,1,5.8615306351428575,0.38301923456583287,False,cf9883e99ee1b956d01c2cb42a4d284b982ce23065d3616a5e1cced359e41fb5,0.09401427605189383
direct_neighbor_ridge,0,0,0,0,0,0,False,5,"[""AMP"", ""beta-alanine"", ""glucuronate"", ""isocitrate"", ""proline""]",[],0,0,10,5,6,alanine,1,2,100.0,697,179,16,2,5.909789567575323,0.3726797820270718,False,db1ab3680dcfc2deb10e2511ec28b70b27966d5a436d724be48267bcbf200acf,0.062113702995702624
direct_neighbor_ridge,0,0,0,0,0,0,False,5,"[""AMP"", ""beta-alanine"", ""glucuronate"", ""isocitrate"", ""proline""]",[],0,0,10,5,6,alanine,1,3,100.0,700,176,13,5,5.822541076857142,0.38433692877401887,False,659dce4f66bf4ee0228513d024a4e287e9f1aa3957152332b1483ab0af67cb42,0.06204145820811391
direct_neighbor_ridge,0,0,0,0,0,0,False,5,"[""AMP"", ""beta-alanine"", ""glucuronate"", ""isocitrate"", ""proline""]",[],0,0,10,5,6,alanine,1,4,100.0,702,174,13,5,5.857928736894587,0.3876645862607939,False,9492e163b6ef19b0563b1ce8302b8e8794e2e4c9c8031c62ff9774a3f63f6f58,0.07559156091883779
direct_neighbor_ridge,0,0,0,0,0,0,False,4,"[""AMP"", ""aspartate"", ""beta-alanine"", ""homocysteine""]",[],0,0,8,4,5,arginine,0,0,100.0,697,179,16,2,5.863509545050215,0.2892319453010906,False,db1ab3680dcfc2deb10e2511ec28b70b27966d5a436d724be48267bcbf200acf,0.07678872905671597
direct_neighbor_ridge,0,0,0,0,0,0,False,4,"[""AMP"", ""aspartate"", ""beta-alanine"", ""homocysteine""]",[],0,0,8,4,5,arginine,0,1,100.0,705,171,13,5,5.815171706666666,0.31845379830911313,False,32d2e2f547f707a9f12d899e65a934275c9f49020e10d214973126d05910ec9c,0.07858459395356476
direct_neighbor_ridge,0,0,0,0,0,0,False,4,"[""AMP"", ""aspartate"", ""beta-alanine"", ""homocysteine""]",[],0,0,8,4,5,arginine,0,2,100.0,700,176,13,5,5.805769005428571,0.30185736890451725,False,659dce4f66bf4ee0228513d024a4e287e9f1aa3957152332b1483ab0af67cb42,0.07728144899010658
direct_neighbor_ridge,0,0,0,0,0,0,False,4,"[""AMP"", ""aspartate"", ""beta-alanine"", ""homocysteine""]",[],0,0,8,4,5,arginine,0,3,100.0,702,174,13,5,5.817618240883191,0.30757781466220807,False,9492e163b6ef19b0563b1ce8302b8e8794e2e4c9c8031c62ff9774a3f63f6f58,0.07576205884106457
direct_neighbor_ridge,0,0,0,0,0,0,False,4,"[""AMP"", ""aspartate"", ""beta-alanine"", ""homocysteine""]",[],0,0,8,4,5,arginine,0,4,0.1,700,176,17,1,5.814149637428571,0.29315784153849683,False,cf9883e99ee1b956d01c2cb42a4d284b982ce23065d3616a5e1cced359e41fb5,0.08163657085970044
direct_neighbor_ridge,0,0,0,0,0,0,False,4,"[""AMP"", ""aspartate"", ""beta-alanine"", ""homocysteine""]",[],0,0,8,4,5,arginine,1,0,100.0,705,171,13,5,5.815171706666666,0.31845379830911313,False,32d2e2f547f707a9f12d899e65a934275c9f49020e10d214973126d05910ec9c,0.1280233080033213
direct_neighbor_ridge,0,0,0,0,0,0,False,4,"[""AMP"", ""aspartate"", ""beta-alanine"", ""homocysteine""]",[],0,0,8,4,5,arginine,1,1,0.1,700,176,17,1,5.814149637428571,0.29315784153849683,False,cf9883e99ee1b956d01c2cb42a4d284b982ce23065d3616a5e1cced359e41fb5,0.0755971900653094
direct_neighbor_ridge,0,0,0,0,0,0,False,4,"[""AMP"", ""aspartate"", ""beta-alanine"", ""homocysteine""]",[],0,0,8,4,5,arginine,1,2,100.0,697,179,16,2,5.863509545050215,0.2892319453010906,False,db1ab3680dcfc2deb10e2511ec28b70b27966d5a436d724be48267bcbf200acf,0.07009619195014238
direct_neighbor_ridge,0,0,0,0,0,0,False,4,"[""AMP"", ""aspartate"", ""beta-alanine"", ""homocysteine""]",[],0,0,8,4,5,arginine,1,3,100.0,700,176,13,5,5.805769005428571,0.30185736890451725,False,659dce4f66bf4ee0228513d024a4e287e9f1aa3957152332b1483ab0af67cb42,0.1061292679514736
direct_neighbor_ridge,0,0,0,0,0,0,False,4,"[""AMP"", ""aspartate"", ""beta-alanine"", ""homocysteine""]",[],0,0,8,4,5,arginine,1,4,100.0,702,174,13,5,5.817618240883191,0.30757781466220807,False,9492e163b6ef19b0563b1ce8302b8e8794e2e4c9c8031c62ff9774a3f63f6f58,0.11146371508948505
direct_neighbor_ridge,0,0,0,0,0,0,False,1,"[""ornithine""]",[],0,0,2,1,2,asparagine,0,0,0.1,697,179,16,2,5.770933249067432,0.5547028758197723,False,db1ab3680dcfc2deb10e2511ec28b70b27966d5a436d724be48267bcbf200acf,0.13460867083631456
direct_neighbor_ridge,0,0,0,0,0,0,False,1,"[""ornithine""]",[],0,0,2,1,2,asparagine,0,1,0.1,705,171,13,5,5.822742776737589,0.5073316430090837,False,32d2e2f547f707a9f12d899e65a934275c9f49020e10d214973126d05910ec9c,0.09090106980875134
direct_neighbor_ridge,0,0,0,0,0,0,False,1,"[""ornithine""]",[],0,0,2,1,2,asparagine,0,2,10.0,700,176,13,5,5.760654128285714,0.5062160501130749,False,659dce4f66bf4ee0228513d024a4e287e9f1aa3957152332b1483ab0af67cb42,0.07297643204219639
direct_neighbor_ridge,0,0,0,0,0,0,False,1,"[""ornithine""]",[],0,0,2,1,2,asparagine,0,3,0.1,702,174,13,5,5.834951135327635,0.4986691932677111,False,9492e163b6ef19b0563b1ce8302b8e8794e2e4c9c8031c62ff9774a3f63f6f58,0.05385212507098913
direct_neighbor_ridge,0,0,0,0,0,0,False,1,"[""ornithine""]",[],0,0,2,1,2,asparagine,0,4,0.1,700,176,17,1,5.7793045951428565,0.5296973350103227,False,cf9883e99ee1b956d01c2cb42a4d284b982ce23065d3616a5e1cced359e41fb5,0.06924656918272376
direct_neighbor_ridge,0,0,0,0,0,0,False,1,"[""ornithine""]",[],0,0,2,1,2,asparagine,1,0,0.1,705,171,13,5,5.822742776737589,0.5073316430090837,False,32d2e2f547f707a9f12d899e65a934275c9f49020e10d214973126d05910ec9c,0.06561068701557815
direct_neighbor_ridge,0,0,0,0,0,0,False,1,"[""ornithine""]",[],0,0,2,1,2,asparagine,1,1,0.1,700,176,17,1,5.7793045951428565,0.5296973350103227,False,cf9883e99ee1b956d01c2cb42a4d284b982ce23065d3616a5e1cced359e41fb5,0.07378543610684574
direct_neighbor_ridge,0,0,0,0,0,0,False,1,"[""ornithine""]",[],0,0,2,1,2,asparagine,1,2,0.1,697,179,16,2,5.770933249067432,0.5547028758197723,False,db1ab3680dcfc2deb10e2511ec28b70b27966d5a436d724be48267bcbf200acf,0.07685336284339428
direct_neighbor_ridge,0,0,0,0,0,0,False,1,"[""ornithine""]",[],0,0,2,1,2,asparagine,1,3,100.0,700,176,13,5,5.760654128285714,0.5062160501130749,False,659dce4f66bf4ee0228513d024a4e287e9f1aa3957152332b1483ab0af67cb42,0.06084845610894263
direct_neighbor_ridge,0,0,0,0,0,0,False,1,"[""ornithine""]",[],0,0,2,1,2,asparagine,1,4,0.1,702,174,13,5,5.834951135327635,0.4986691932677111,False,9492e163b6ef19b0563b1ce8302b8e8794e2e4c9c8031c62ff9774a3f63f6f58,0.08079026290215552
direct_neighbor_ridge,0,0,0,0,0,0,False,5,"[""NAD"", ""NADP"", ""glycine"", ""ornithine"", ""taurocholate""]",[],0,0,10,5,6,aspartate,0,0,10.0,697,179,16,2,5.880295525824964,0.31459989253788373,False,db1ab3680dcfc2deb10e2511ec28b70b27966d5a436d724be48267bcbf200acf,0.09201182588003576
direct_neighbor_ridge,0,0,0,0,0,0,False,5,"[""NAD"", ""NADP"", ""glycine"", ""ornithine"", ""taurocholate""]",[],0,0,10,5,6,aspartate,0,1,0.1,705,171,13,5,5.874632417021277,0.31483712856725005,False,32d2e2f547f707a9f12d899e65a934275c9f49020e10d214973126d05910ec9c,0.07457755203358829
direct_neighbor_ridge,0,0,0,0,0,0,False,5,"[""NAD"", ""NADP"", ""glycine"", ""ornithine"", ""taurocholate""]",[],0,0,10,5,6,aspartate,0,2,0.1,700,176,13,5,5.847491705857142,0.3070662955662841,False,659dce4f66bf4ee0228513d024a4e287e9f1aa3957152332b1483ab0af67cb42,0.06856061005964875
direct_neighbor_ridge,0,0,0,0,0,0,False,5,"[""NAD"", ""NADP"", ""glycine"", ""ornithine"", ""taurocholate""]",[],0,0,10,5,6,aspartate,0,3,10.0,702,174,13,5,5.891541375356125,0.30470940794430695,False,9492e163b6ef19b0563b1ce8302b8e8794e2e4c9c8031c62ff9774a3f63f6f58,0.06609409977681935
direct_neighbor_ridge,0,0,0,0,0,0,False,5,"[""NAD"", ""NADP"", ""glycine"", ""ornithine"", ""taurocholate""]",[],0,0,10,5,6,aspartate,0,4,100.0,700,176,17,1,5.858449629857143,0.3205310760569602,False,cf9883e99ee1b956d01c2cb42a4d284b982ce23065d3616a5e1cced359e41fb5,0.0636735379230231
direct_neighbor_ridge,0,0,0,0,0,0,False,5,"[""NAD"", ""NADP"", ""glycine"", ""ornithine"", ""taurocholate""]",[],0,0,10,5,6,aspartate,1,0,0.1,705,171,13,5,5.874632417021277,0.31483712856725005,False,32d2e2f547f707a9f12d899e65a934275c9f49020e10d214973126d05910ec9c,0.07998665608465672
direct_neighbor_ridge,0,0,0,0,0,0,False,5,"[""NAD"", ""NADP"", ""glycine"", ""ornithine"", ""taurocholate""]",[],0,0,10,5,6,aspartate,1,1,10.0,700,176,17,1,5.858449629857143,0.3205310760569602,False,cf9883e99ee1b956d01c2cb42a4d284b982ce23065d3616a5e1cced359e41fb5,0.0660814989823848
direct_neighbor_ridge,0,0,0,0,0,0,False,5,"[""NAD"", ""NADP"", ""glycine"", ""ornithine"", ""taurocholate""]",[],0,0,10,5,6,aspartate,1,2,0.1,697,179,16,2,5.880295525824964,0.31459989253788373,False,db1ab3680dcfc2deb10e2511ec28b70b27966d5a436d724be48267bcbf200acf,0.07053425000049174
direct_neighbor_ridge,0,0,0,0,0,0,False,5,"[""NAD"", ""NADP"", ""glycine"", ""ornithine"", ""taurocholate""]",[],0,0,10,5,6,aspartate,1,3,10.0,700,176,13,5,5.847491705857142,0.3070662955662841,False,659dce4f66bf4ee0228513d024a4e287e9f1aa3957152332b1483ab0af67cb42,0.115950764156878
direct_neighbor_ridge,0,0,0,0,0,0,False,5,"[""NAD"", ""NADP"", ""glycine"", ""ornithine"", ""taurocholate""]",[],0,0,10,5,6,aspartate,1,4,0.1,702,174,13,5,5.891541375356125,0.30470940794430695,False,9492e163b6ef19b0563b1ce8302b8e8794e2e4c9c8031c62ff9774a3f63f6f58,0.1278769678901881
direct_neighbor_ridge,0,0,0,0,0,0,False,7,"[""CMP"", ""UMP"", ""alanine"", ""glycine"", ""homocysteine"", ""taurine"", ""uracil""]",[],0,0,14,7,8,beta-alanine,0,0,10.0,697,179,16,2,5.89606564619799,0.38552157905093615,False,db1ab3680dcfc2deb10e2511ec28b70b27966d5a436d724be48267bcbf200acf,0.06806084816344082
direct_neighbor_ridge,0,0,0,0,0,0,False,7,"[""CMP"", ""UMP"", ""alanine"", ""glycine"", ""homocysteine"", ""taurine"", ""uracil""]",[],0,0,14,7,8,beta-alanine,0,1,10.0,705,171,13,5,5.88588785106383,0.37906560080676954,False,32d2e2f547f707a9f12d899e65a934275c9f49020e10d214973126d05910ec9c,0.07107637007720768
direct_neighbor_ridge,0,0,0,0,0,0,False,7,"[""CMP"", ""UMP"", ""alanine"", ""glycine"", ""homocysteine"", ""taurine"", ""uracil""]",[],0,0,14,7,8,beta-alanine,0,2,0.1,700,176,13,5,5.858867382571429,0.37488335636279413,False,659dce4f66bf4ee0228513d024a4e287e9f1aa3957152332b1483ab0af67cb42,0.0917908230330795
direct_neighbor_ridge,0,0,0,0,0,0,False,7,"[""CMP"", ""UMP"", ""alanine"", ""glycine"", ""homocysteine"", ""taurine"", ""uracil""]",[],0,0,14,7,8,beta-alanine,0,3,10.0,702,174,13,5,5.889754005413106,0.3645264448798111,False,9492e163b6ef19b0563b1ce8302b8e8794e2e4c9c8031c62ff9774a3f63f6f58,0.06049397401511669
direct_neighbor_ridge,0,0,0,0,0,0,False,7,"[""CMP"", ""UMP"", ""alanine"", ""glycine"", ""homocysteine"", ""taurine"", ""uracil""]",[],0,0,14,7,8,beta-alanine,0,4,10.0,700,176,17,1,5.876934778285714,0.37122422318563114,False,cf9883e99ee1b956d01c2cb42a4d284b982ce23065d3616a5e1cced359e41fb5,0.0824168671388179
direct_neighbor_ridge,0,0,0,0,0,0,False,7,"[""CMP"", ""UMP"", ""alanine"", ""glycine"", ""homocysteine"", ""taurine"", ""uracil""]",[],0,0,14,7,8,beta-alanine,1,0,10.0,705,171,13,5,5.88588785106383,0.37906560080676954,False,32d2e2f547f707a9f12d899e65a934275c9f49020e10d214973126d05910ec9c,0.1147933080792427
direct_neighbor_ridge,0,0,0,0,0,0,False,7,"[""CMP"", ""UMP"", ""alanine"", ""glycine"", ""homocysteine"", ""taurine"", ""uracil""]",[],0,0,14,7,8,beta-alanine,1,1,10.0,700,176,17,1,5.876934778285714,0.37122422318563114,False,cf9883e99ee1b956d01c2cb42a4d284b982ce23065d3616a5e1cced359e41fb5,0.14214989496394992
direct_neighbor_ridge,0,0,0,0,0,0,False,7,"[""CMP"", ""UMP"", ""alanine"", ""glycine"", ""homocysteine"", ""taurine"", ""uracil""]",[],0,0,14,7,8,beta-alanine,1,2,100.0,697,179,16,2,5.89606564619799,0.38552157905093615,False,db1ab3680dcfc2deb10e2511ec28b70b27966d5a436d724be48267bcbf200acf,0.0797263600397855
direct_neighbor_ridge,0,0,0,0,0,0,False,7,"[""CMP"", ""UMP"", ""alanine"", ""glycine"", ""homocysteine"", ""taurine"", ""uracil""]",[],0,0,14,7,8,beta-alanine,1,3,0.1,700,176,13,5,5.858867382571429,0.37488335636279413,False,659dce4f66bf4ee0228513d024a4e287e9f1aa3957152332b1483ab0af67cb42,0.06609659595414996
direct_neighbor_ridge,0,0,0,0,0,0,False,7,"[""CMP"", ""UMP"", ""alanine"", ""glycine"", ""homocysteine"", ""taurine"", ""uracil""]",[],0,0,14,7,8,beta-alanine,1,4,10.0,702,174,13,5,5.889754005413106,0.3645264448798111,False,9492e163b6ef19b0563b1ce8302b8e8794e2e4c9c8031c62ff9774a3f63f6f58,0.0727283121086657
direct_neighbor_ridge,0,0,0,0,0,0,False,5,"[""AMP"", ""CMP"", ""adenosine"", ""citrulline"", ""glutamate""]",[],0,0,10,5,6,betaine,0,0,10.0,697,179,16,2,5.8714377137733145,0.18159899344090086,False,db1ab3680dcfc2deb10e2511ec28b70b27966d5a436d724be48267bcbf200acf,0.08340569119900465
direct_neighbor_ridge,0,0,0,0,0,0,False,5,"[""AMP"", ""CMP"", ""adenosine"", ""citrulline"", ""glutamate""]",[],0,0,10,5,6,betaine,0,1,100.0,705,171,13,5,5.844790105815603,0.2090158756680175,False,32d2e2f547f707a9f12d899e65a934275c9f49020e10d214973126d05910ec9c,0.07230545300990343
direct_neighbor_ridge,0,0,0,0,0,0,False,5,"[""AMP"", ""CMP"", ""adenosine"", ""citrulline"", ""glutamate""]",[],0,0,10,5,6,betaine,0,2,10.0,700,176,13,5,5.823641747,0.19709735634486064,False,659dce4f66bf4ee0228513d024a4e287e9f1aa3957152332b1483ab0af67cb42,0.0804873020388186
direct_neighbor_ridge,0,0,0,0,0,0,False,5,"[""AMP"", ""CMP"", ""adenosine"", ""citrulline"", ""glutamate""]",[],0,0,10,5,6,betaine,0,3,100.0,702,174,13,5,5.841853994301995,0.20015594660079908,False,9492e163b6ef19b0563b1ce8302b8e8794e2e4c9c8031c62ff9774a3f63f6f58,0.06849004118703306
direct_neighbor_ridge,0,0,0,0,0,0,False,5,"[""AMP"", ""CMP"", ""adenosine"", ""citrulline"", ""glutamate""]",[],0,0,10,5,6,betaine,0,4,100.0,700,176,17,1,5.841625063428572,0.19284290121241865,False,cf9883e99ee1b956d01c2cb42a4d284b982ce23065d3616a5e1cced359e41fb5,0.06355639221146703
direct_neighbor_ridge,0,0,0,0,0,0,False,5,"[""AMP"", ""CMP"", ""adenosine"", ""citrulline"", ""glutamate""]",[],0,0,10,5,6,betaine,1,0,100.0,705,171,13,5,5.844790105815603,0.2090158756680175,False,32d2e2f547f707a9f12d899e65a934275c9f49020e10d214973126d05910ec9c,0.07540148193947971
direct_neighbor_ridge,0,0,0,0,0,0,False,5,"[""AMP"", ""CMP"", ""adenosine"", ""citrulline"", ""glutamate""]",[],0,0,10,5,6,betaine,1,1,10.0,700,176,17,1,5.841625063428572,0.19284290121241865,False,cf9883e99ee1b956d01c2cb42a4d284b982ce23065d3616a5e1cced359e41fb5,0.06457560509443283
direct_neighbor_ridge,0,0,0,0,0,0,False,5,"[""AMP"", ""CMP"", ""adenosine"", ""citrulline"", ""glutamate""]",[],0,0,10,5,6,betaine,1,2,10.0,697,179,16,2,5.8714377137733145,0.18159899344090086,False,db1ab3680dcfc2deb10e2511ec28b70b27966d5a436d724be48267bcbf200acf,0.0676512650679797
direct_neighbor_ridge,0,0,0,0,0,0,False,5,"[""AMP"", ""CMP"", ""adenosine"", ""citrulline"", ""glutamate""]",[],0,0,10,5,6,betaine,1,3,10.0,700,176,13,5,5.823641747,0.19709735634486064,False,659dce4f66bf4ee0228513d024a4e287e9f1aa3957152332b1483ab0af67cb42,0.06445092312060297
direct_neighbor_ridge,0,0,0,0,0,0,False,5,"[""AMP"", ""CMP"", ""adenosine"", ""citrulline"", ""glutamate""]",[],0,0,10,5,6,betaine,1,4,100.0,702,174,13,5,5.841853994301995,0.20015594660079908,False,9492e163b6ef19b0563b1ce8302b8e8794e2e4c9c8031c62ff9774a3f63f6f58,0.06148096499964595
direct_neighbor_ridge,0,0,0,0,0,0,False,1,"[""NAD""]",[],0,0,2,1,2,cAMP,0,0,0.1,697,179,16,2,5.950858155093256,0.2858460941092765,False,db1ab3680dcfc2deb10e2511ec28b70b27966d5a436d724be48267bcbf200acf,0.06286926800385118
direct_neighbor_ridge,0,0,0,0,0,0,False,1,"[""NAD""]",[],0,0,2,1,2,cAMP,0,1,100.0,705,171,13,5,5.9900215581560285,0.2949595974021159,False,32d2e2f547f707a9f12d899e65a934275c9f49020e10d214973126d05910ec9c,0.05632750992663205
direct_neighbor_ridge,0,0,0,0,0,0,False,1,"[""NAD""]",[],0,0,2,1,2,cAMP,0,2,100.0,700,176,13,5,5.979318919714286,0.3061051247886878,False,659dce4f66bf4ee0228513d024a4e287e9f1aa3957152332b1483ab0af67cb42,0.1166971439961344
direct_neighbor_ridge,0,0,0,0,0,0,False,1,"[""NAD""]",[],0,0,2,1,2,cAMP,0,3,100.0,702,174,13,5,5.992108657692308,0.3013222098747822,False,9492e163b6ef19b0563b1ce8302b8e8794e2e4c9c8031c62ff9774a3f63f6f58,0.13359331106767058
direct_neighbor_ridge,0,0,0,0,0,0,False,1,"[""NAD""]",[],0,0,2,1,2,cAMP,0,4,0.1,700,176,17,1,6.001160348428571,0.2957637599772958,False,cf9883e99ee1b956d01c2cb42a4d284b982ce23065d3616a5e1cced359e41fb5,0.10710993804968894
direct_neighbor_ridge,0,0,0,0,0,0,False,1,"[""NAD""]",[],0,0,2,1,2,cAMP,1,0,100.0,705,171,13,5,5.9900215581560285,0.2949595974021159,False,32d2e2f547f707a9f12d899e65a934275c9f49020e10d214973126d05910ec9c,0.06480073416605592
direct_neighbor_ridge,0,0,0,0,0,0,False,1,"[""NAD""]",[],0,0,2,1,2,cAMP,1,1,0.1,700,176,17,1,6.001160348428571,0.2957637599772958,False,cf9883e99ee1b956d01c2cb42a4d284b982ce23065d3616a5e1cced359e41fb5,0.157941676909104
direct_neighbor_ridge,0,0,0,0,0,0,False,1,"[""NAD""]",[],0,0,2,1,2,cAMP,1,2,0.1,697,179,16,2,5.950858155093256,0.2858460941092765,False,db1ab3680dcfc2deb10e2511ec28b70b27966d5a436d724be48267bcbf200acf,0.11391303315758705
direct_neighbor_ridge,0,0,0,0,0,0,False,1,"[""NAD""]",[],0,0,2,1,2,cAMP,1,3,0.1,700,176,13,5,5.979318919714286,0.3061051247886878,False,659dce4f66bf4ee0228513d024a4e287e9f1aa3957152332b1483ab0af67cb42,0.06007466604933143
direct_neighbor_ridge,0,0,0,0,0,0,False,1,"[""NAD""]",[],0,0,2,1,2,cAMP,1,4,100.0,702,174,13,5,5.992108657692308,0.3013222098747822,False,9492e163b6ef19b0563b1ce8302b8e8794e2e4c9c8031c62ff9774a3f63f6f58,0.048558020032942295
direct_neighbor_ridge,0,0,0,0,0,0,False,3,"[""NAD"", ""glycine"", ""hypoxanthine""]",[],0,0,6,3,4,carnosine,0,0,100.0,697,179,16,2,5.848187210903874,0.3346815694032456,False,db1ab3680dcfc2deb10e2511ec28b70b27966d5a436d724be48267bcbf200acf,0.07079895795322955
direct_neighbor_ridge,0,0,0,0,0,0,False,3,"[""NAD"", ""glycine"", ""hypoxanthine""]",[],0,0,6,3,4,carnosine,0,1,100.0,705,171,13,5,5.717911871205674,0.4169635505808757,False,32d2e2f547f707a9f12d899e65a934275c9f49020e10d214973126d05910ec9c,0.07874418282881379
direct_neighbor_ridge,0,0,0,0,0,0,False,3,"[""NAD"", ""glycine"", ""hypoxanthine""]",[],0,0,6,3,4,carnosine,0,2,100.0,700,176,13,5,5.728871635,0.406759957033559,False,659dce4f66bf4ee0228513d024a4e287e9f1aa3957152332b1483ab0af67cb42,0.07577628502622247
direct_neighbor_ridge,0,0,0,0,0,0,False,3,"[""NAD"", ""glycine"", ""hypoxanthine""]",[],0,0,6,3,4,carnosine,0,3,100.0,702,174,13,5,5.720513488319089,0.41215713156509043,False,9492e163b6ef19b0563b1ce8302b8e8794e2e4c9c8031c62ff9774a3f63f6f58,0.0724763460457325
direct_neighbor_ridge,0,0,0,0,0,0,False,3,"[""NAD"", ""glycine"", ""hypoxanthine""]",[],0,0,6,3,4,carnosine,0,4,100.0,700,176,17,1,5.747184804428572,0.40402742531557306,False,cf9883e99ee1b956d01c2cb42a4d284b982ce23065d3616a5e1cced359e41fb5,0.05900750285945833
direct_neighbor_ridge,0,0,0,0,0,0,False,3,"[""NAD"", ""glycine"", ""hypoxanthine""]",[],0,0,6,3,4,carnosine,1,0,100.0,705,171,13,5,5.717911871205674,0.4169635505808757,False,32d2e2f547f707a9f12d899e65a934275c9f49020e10d214973126d05910ec9c,0.06729071005247533
direct_neighbor_ridge,0,0,0,0,0,0,False,3,"[""NAD"", ""glycine"", ""hypoxanthine""]",[],0,0,6,3,4,carnosine,1,1,100.0,700,176,17,1,5.747184804428572,0.40402742531557306,False,cf9883e99ee1b956d01c2cb42a4d284b982ce23065d3616a5e1cced359e41fb5,0.05876783886924386
direct_neighbor_ridge,0,0,0,0,0,0,False,3,"[""NAD"", ""glycine"", ""hypoxanthine""]",[],0,0,6,3,4,carnosine,1,2,100.0,697,179,16,2,5.848187210903874,0.3346815694032456,False,db1ab3680dcfc2deb10e2511ec28b70b27966d5a436d724be48267bcbf200acf,0.06849035387858748
direct_neighbor_ridge,0,0,0,0,0,0,False,3,"[""NAD"", ""glycine"", ""hypoxanthine""]",[],0,0,6,3,4,carnosine,1,3,100.0,700,176,13,5,5.728871635,0.406759957033559,False,659dce4f66bf4ee0228513d024a4e287e9f1aa3957152332b1483ab0af67cb42,0.07111373404040933
direct_neighbor_ridge,0,0,0,0,0,0,False,3,"[""NAD"", ""glycine"", ""hypoxanthine""]",[],0,0,6,3,4,carnosine,1,4,100.0,702,174,13,5,5.720513488319089,0.41215713156509043,False,9492e163b6ef19b0563b1ce8302b8e8794e2e4c9c8031c62ff9774a3f63f6f58,0.06714620185084641
direct_neighbor_ridge,0,0,0,0,0,0,False,3,"[""cAMP"", ""glutamate"", ""phenylalanine""]",[],0,0,6,3,4,choline,0,0,0.1,697,179,16,2,5.8239385981348635,0.338166872104974,False,db1ab3680dcfc2deb10e2511ec28b70b27966d5a436d724be48267bcbf200acf,0.06299861101433635
direct_neighbor_ridge,0,0,0,0,0,0,False,3,"[""cAMP"", ""glutamate"", ""phenylalanine""]",[],0,0,6,3,4,choline,0,1,100.0,705,171,13,5,5.859232645531915,0.32003460065194833,False,32d2e2f547f707a9f12d899e65a934275c9f49020e10d214973126d05910ec9c,0.05996439210139215
direct_neighbor_ridge,0,0,0,0,0,0,False,3,"[""cAMP"", ""glutamate"", ""phenylalanine""]",[],0,0,6,3,4,choline,0,2,100.0,700,176,13,5,5.867582237714285,0.32489858486978823,False,659dce4f66bf4ee0228513d024a4e287e9f1aa3957152332b1483ab0af67cb42,0.070209319004789
direct_neighbor_ridge,0,0,0,0,0,0,False,3,"[""cAMP"", ""glutamate"", ""phenylalanine""]",[],0,0,6,3,4,choline,0,3,100.0,702,174,13,5,5.8625390531339026,0.3226075591600372,False,9492e163b6ef19b0563b1ce8302b8e8794e2e4c9c8031c62ff9774a3f63f6f58,0.06525109591893852
direct_neighbor_ridge,0,0,0,0,0,0,False,3,"[""cAMP"", ""glutamate"", ""phenylalanine""]",[],0,0,6,3,4,choline,0,4,100.0,700,176,17,1,5.852284691285713,0.32270601790601433,False,cf9883e99ee1b956d01c2cb42a4d284b982ce23065d3616a5e1cced359e41fb5,0.06993765896186233
direct_neighbor_ridge,0,0,0,0,0,0,False,3,"[""cAMP"", ""glutamate"", ""phenylalanine""]",[],0,0,6,3,4,choline,1,0,100.0,705,171,13,5,5.859232645531915,0.32003460065194833,False,32d2e2f547f707a9f12d899e65a934275c9f49020e10d214973126d05910ec9c,0.07310628308914602
direct_neighbor_ridge,0,0,0,0,0,0,False,3,"[""cAMP"", ""glutamate"", ""phenylalanine""]",[],0,0,6,3,4,choline,1,1,100.0,700,176,17,1,5.852284691285713,0.32270601790601433,False,cf9883e99ee1b956d01c2cb42a4d284b982ce23065d3616a5e1cced359e41fb5,0.10063917585648596
direct_neighbor_ridge,0,0,0,0,0,0,False,3,"[""cAMP"", ""glutamate"", ""phenylalanine""]",[],0,0,6,3,4,choline,1,2,100.0,697,179,16,2,5.8239385981348635,0.338166872104974,False,db1ab3680dcfc2deb10e2511ec28b70b27966d5a436d724be48267bcbf200acf,0.0844014089088887
direct_neighbor_ridge,0,0,0,0,0,0,False,3,"[""cAMP"", ""glutamate"", ""phenylalanine""]",[],0,0,6,3,4,choline,1,3,100.0,700,176,13,5,5.867582237714285,0.32489858486978823,False,659dce4f66bf4ee0228513d024a4e287e9f1aa3957152332b1483ab0af67cb42,0.07803287613205612
direct_neighbor_ridge,0,0,0,0,0,0,False,3,"[""cAMP"", ""glutamate"", ""phenylalanine""]",[],0,0,6,3,4,choline,1,4,100.0,702,174,13,5,5.8625390531339026,0.3226075591600372,False,9492e163b6ef19b0563b1ce8302b8e8794e2e4c9c8031c62ff9774a3f63f6f58,0.07798226503655314
direct_neighbor_ridge,0,0,0,0,0,0,False,2,"[""phenylalanine"", ""urate""]",[],0,0,4,2,3,citrate,0,0,100.0,697,179,16,2,5.856802146628407,0.28662588456419313,False,db1ab3680dcfc2deb10e2511ec28b70b27966d5a436d724be48267bcbf200acf,0.06128647108562291
direct_neighbor_ridge,0,0,0,0,0,0,False,2,"[""phenylalanine"", ""urate""]",[],0,0,4,2,3,citrate,0,1,0.1,705,171,13,5,5.791562419007092,0.33160955849208257,False,32d2e2f547f707a9f12d899e65a934275c9f49020e10d214973126d05910ec9c,0.0655998201109469
direct_neighbor_ridge,0,0,0,0,0,0,False,2,"[""phenylalanine"", ""urate""]",[],0,0,4,2,3,citrate,0,2,0.1,700,176,13,5,5.796659042428571,0.3209738076981834,False,659dce4f66bf4ee0228513d024a4e287e9f1aa3957152332b1483ab0af67cb42,0.06480141403153539
direct_neighbor_ridge,0,0,0,0,0,0,False,2,"[""phenylalanine"", ""urate""]",[],0,0,4,2,3,citrate,0,3,0.1,702,174,13,5,5.816074590598291,0.3172362249439492,False,9492e163b6ef19b0563b1ce8302b8e8794e2e4c9c8031c62ff9774a3f63f6f58,0.10188733390532434
direct_neighbor_ridge,0,0,0,0,0,0,False,2,"[""phenylalanine"", ""urate""]",[],0,0,4,2,3,citrate,0,4,0.1,700,176,17,1,5.8187439961428575,0.3243083616569265,False,cf9883e99ee1b956d01c2cb42a4d284b982ce23065d3616a5e1cced359e41fb5,0.07618410605937243
direct_neighbor_ridge,0,0,0,0,0,0,False,2,"[""phenylalanine"", ""urate""]",[],0,0,4,2,3,citrate,1,0,0.1,705,171,13,5,5.791562419007092,0.33160955849208257,False,32d2e2f547f707a9f12d899e65a934275c9f49020e10d214973126d05910ec9c,0.11085986392572522
direct_neighbor_ridge,0,0,0,0,0,0,False,2,"[""phenylalanine"", ""urate""]",[],0,0,4,2,3,citrate,1,1,10.0,700,176,17,1,5.8187439961428575,0.3243083616569265,False,cf9883e99ee1b956d01c2cb42a4d284b982ce23065d3616a5e1cced359e41fb5,0.06734195188619196
direct_neighbor_ridge,0,0,0,0,0,0,False,2,"[""phenylalanine"", ""urate""]",[],0,0,4,2,3,citrate,1,2,0.1,697,179,16,2,5.856802146628407,0.28662588456419313,False,db1ab3680dcfc2deb10e2511ec28b70b27966d5a436d724be48267bcbf200acf,0.09296587202697992
direct_neighbor_ridge,0,0,0,0,0,0,False,2,"[""phenylalanine"", ""urate""]",[],0,0,4,2,3,citrate,1,3,0.1,700,176,13,5,5.796659042428571,0.3209738076981834,False,659dce4f66bf4ee0228513d024a4e287e9f1aa3957152332b1483ab0af67cb42,0.08257433609105647
direct_neighbor_ridge,0,0,0,0,0,0,False,2,"[""phenylalanine"", ""urate""]",[],0,0,4,2,3,citrate,1,4,0.1,702,174,13,5,5.816074590598291,0.3172362249439492,False,9492e163b6ef19b0563b1ce8302b8e8794e2e4c9c8031c62ff9774a3f63f6f58,0.098890668945387
direct_neighbor_ridge,0,0,0,0,0,0,False,5,"[""CMP"", ""GMP"", ""NAD"", ""glutamate"", ""isocitrate""]",[],0,0,10,5,6,citrulline,0,0,100.0,697,179,16,2,5.850244435150646,0.2837581540578788,False,db1ab3680dcfc2deb10e2511ec28b70b27966d5a436d724be48267bcbf200acf,0.12784660188481212
direct_neighbor_ridge,0,0,0,0,0,0,False,5,"[""CMP"", ""GMP"", ""NAD"", ""glutamate"", ""isocitrate""]",[],0,0,10,5,6,citrulline,0,1,100.0,705,171,13,5,5.795729869078015,0.31706795344862154,False,32d2e2f547f707a9f12d899e65a934275c9f49020e10d214973126d05910ec9c,0.08704554289579391
direct_neighbor_ridge,0,0,0,0,0,0,False,5,"[""CMP"", ""GMP"", ""NAD"", ""glutamate"", ""isocitrate""]",[],0,0,10,5,6,citrulline,0,2,100.0,700,176,13,5,5.808392116714286,0.30975075225231685,False,659dce4f66bf4ee0228513d024a4e287e9f1aa3957152332b1483ab0af67cb42,0.11115082795731723
direct_neighbor_ridge,0,0,0,0,0,0,False,5,"[""CMP"", ""GMP"", ""NAD"", ""glutamate"", ""isocitrate""]",[],0,0,10,5,6,citrulline,0,3,10.0,702,174,13,5,5.80420118960114,0.30130689878614486,False,9492e163b6ef19b0563b1ce8302b8e8794e2e4c9c8031c62ff9774a3f63f6f58,0.13009807094931602
direct_neighbor_ridge,0,0,0,0,0,0,False,5,"[""CMP"", ""GMP"", ""NAD"", ""glutamate"", ""isocitrate""]",[],0,0,10,5,6,citrulline,0,4,100.0,700,176,17,1,5.817242098,0.2998443205544627,False,cf9883e99ee1b956d01c2cb42a4d284b982ce23065d3616a5e1cced359e41fb5,0.11155278701335192
direct_neighbor_ridge,0,0,0,0,0,0,False,5,"[""CMP"", ""GMP"", ""NAD"", ""glutamate"", ""isocitrate""]",[],0,0,10,5,6,citrulline,1,0,100.0,705,171,13,5,5.795729869078015,0.31706795344862154,False,32d2e2f547f707a9f12d899e65a934275c9f49020e10d214973126d05910ec9c,0.13278058706782758
direct_neighbor_ridge,0,0,0,0,0,0,False,5,"[""CMP"", ""GMP"", ""NAD"", ""glutamate"", ""isocitrate""]",[],0,0,10,5,6,citrulline,1,1,100.0,700,176,17,1,5.817242098,0.2998443205544627,False,cf9883e99ee1b956d01c2cb42a4d284b982ce23065d3616a5e1cced359e41fb5,0.10581963090226054
direct_neighbor_ridge,0,0,0,0,0,0,False,5,"[""CMP"", ""GMP"", ""NAD"", ""glutamate"", ""isocitrate""]",[],0,0,10,5,6,citrulline,1,2,100.0,697,179,16,2,5.850244435150646,0.2837581540578788,False,db1ab3680dcfc2deb10e2511ec28b70b27966d5a436d724be48267bcbf200acf,0.1251658289693296
direct_neighbor_ridge,0,0,0,0,0,0,False,5,"[""CMP"", ""GMP"", ""NAD"", ""glutamate"", ""isocitrate""]",[],0,0,10,5,6,citrulline,1,3,100.0,700,176,13,5,5.808392116714286,0.30975075225231685,False,659dce4f66bf4ee0228513d024a4e287e9f1aa3957152332b1483ab0af67cb42,0.08798677404411137
direct_neighbor_ridge,0,0,0,0,0,0,False,5,"[""CMP"", ""GMP"", ""NAD"", ""glutamate"", ""isocitrate""]",[],0,0,10,5,6,citrulline,1,4,100.0,702,174,13,5,5.80420118960114,0.30130689878614486,False,9492e163b6ef19b0563b1ce8302b8e8794e2e4c9c8031c62ff9774a3f63f6f58,0.06767940404824913
direct_neighbor_ridge,0,0,0,0,0,0,False,2,"[""aspartate"", ""leucine""]",[],0,0,4,2,3,cytidine,0,0,100.0,697,179,16,2,5.821940568292683,0.4881534049700528,False,db1ab3680dcfc2deb10e2511ec28b70b27966d5a436d724be48267bcbf200acf,0.053606341825798154
direct_neighbor_ridge,0,0,0,0,0,0,False,2,"[""aspartate"", ""leucine""]",[],0,0,4,2,3,cytidine,0,1,100.0,705,171,13,5,5.9433197194326235,0.5687678071111162,False,32d2e2f547f707a9f12d899e65a934275c9f49020e10d214973126d05910ec9c,0.060385848162695765
direct_neighbor_ridge,0,0,0,0,0,0,False,2,"[""aspartate"", ""leucine""]",[],0,0,4,2,3,cytidine,0,2,100.0,700,176,13,5,5.986364081142857,0.5599634922930096,False,659dce4f66bf4ee0228513d024a4e287e9f1aa3957152332b1483ab0af67cb42,0.07110624900087714
direct_neighbor_ridge,0,0,0,0,0,0,False,2,"[""aspartate"", ""leucine""]",[],0,0,4,2,3,cytidine,0,3,10.0,702,174,13,5,5.943676573361824,0.5762399457215668,False,9492e163b6ef19b0563b1ce8302b8e8794e2e4c9c8031c62ff9774a3f63f6f58,0.07413113792426884
direct_neighbor_ridge,0,0,0,0,0,0,False,2,"[""aspartate"", ""leucine""]",[],0,0,4,2,3,cytidine,0,4,100.0,700,176,17,1,5.943439289714285,0.5728846534204469,False,cf9883e99ee1b956d01c2cb42a4d284b982ce23065d3616a5e1cced359e41fb5,0.05864396505057812
direct_neighbor_ridge,0,0,0,0,0,0,False,2,"[""aspartate"", ""leucine""]",[],0,0,4,2,3,cytidine,1,0,100.0,705,171,13,5,5.9433197194326235,0.5687678071111162,False,32d2e2f547f707a9f12d899e65a934275c9f49020e10d214973126d05910ec9c,0.055628806818276644
direct_neighbor_ridge,0,0,0,0,0,0,False,2,"[""aspartate"", ""leucine""]",[],0,0,4,2,3,cytidine,1,1,100.0,700,176,17,1,5.943439289714285,0.5728846534204469,False,cf9883e99ee1b956d01c2cb42a4d284b982ce23065d3616a5e1cced359e41fb5,0.05816037114709616
direct_neighbor_ridge,0,0,0,0,0,0,False,2,"[""aspartate"", ""leucine""]",[],0,0,4,2,3,cytidine,1,2,100.0,697,179,16,2,5.821940568292683,0.4881534049700528,False,db1ab3680dcfc2deb10e2511ec28b70b27966d5a436d724be48267bcbf200acf,0.06153740896843374
direct_neighbor_ridge,0,0,0,0,0,0,False,2,"[""aspartate"", ""leucine""]",[],0,0,4,2,3,cytidine,1,3,100.0,700,176,13,5,5.986364081142857,0.5599634922930096,False,659dce4f66bf4ee0228513d024a4e287e9f1aa3957152332b1483ab0af67cb42,0.06212624302133918
direct_neighbor_ridge,0,0,0,0,0,0,False,2,"[""aspartate"", ""leucine""]",[],0,0,4,2,3,cytidine,1,4,0.1,702,174,13,5,5.943676573361824,0.5762399457215668,False,9492e163b6ef19b0563b1ce8302b8e8794e2e4c9c8031c62ff9774a3f63f6f58,0.06582711404189467
direct_neighbor_ridge,0,0,0,0,0,0,False,5,"[""AMP"", ""alanine"", ""choline"", ""ornithine"", ""phenylalanine""]",[],0,0,10,5,6,dimethylglycine,0,0,100.0,697,179,16,2,5.842713994691535,0.2412852905128361,False,db1ab3680dcfc2deb10e2511ec28b70b27966d5a436d724be48267bcbf200acf,0.0870038599241525
direct_neighbor_ridge,0,0,0,0,0,0,False,5,"[""AMP"", ""alanine"", ""choline"", ""ornithine"", ""phenylalanine""]",[],0,0,10,5,6,dimethylglycine,0,1,100.0,705,171,13,5,5.7773420750354605,0.2754153009172702,False,32d2e2f547f707a9f12d899e65a934275c9f49020e10d214973126d05910ec9c,0.08039013692177832
direct_neighbor_ridge,0,0,0,0,0,0,False,5,"[""AMP"", ""alanine"", ""choline"", ""ornithine"", ""phenylalanine""]",[],0,0,10,5,6,dimethylglycine,0,2,100.0,700,176,13,5,5.776686067571429,0.2684533693166957,False,659dce4f66bf4ee0228513d024a4e287e9f1aa3957152332b1483ab0af67cb42,0.20294575695879757
direct_neighbor_ridge,0,0,0,0,0,0,False,5,"[""AMP"", ""alanine"", ""choline"", ""ornithine"", ""phenylalanine""]",[],0,0,10,5,6,dimethylglycine,0,3,100.0,702,174,13,5,5.778814191452991,0.2645452231216455,False,9492e163b6ef19b0563b1ce8302b8e8794e2e4c9c8031c62ff9774a3f63f6f58,0.15596030000597239
direct_neighbor_ridge,0,0,0,0,0,0,False,5,"[""AMP"", ""alanine"", ""choline"", ""ornithine"", ""phenylalanine""]",[],0,0,10,5,6,dimethylglycine,0,4,100.0,700,176,17,1,5.798933204428572,0.25781198933068716,False,cf9883e99ee1b956d01c2cb42a4d284b982ce23065d3616a5e1cced359e41fb5,0.14501299802213907
direct_neighbor_ridge,0,0,0,0,0,0,False,5,"[""AMP"", ""alanine"", ""choline"", ""ornithine"", ""phenylalanine""]",[],0,0,10,5,6,dimethylglycine,1,0,100.0,705,171,13,5,5.7773420750354605,0.2754153009172702,False,32d2e2f547f707a9f12d899e65a934275c9f49020e10d214973126d05910ec9c,0.107345059979707
direct_neighbor_ridge,0,0,0,0,0,0,False,5,"[""AMP"", ""alanine"", ""choline"", ""ornithine"", ""phenylalanine""]",[],0,0,10,5,6,dimethylglycine,1,1,100.0,700,176,17,1,5.798933204428572,0.25781198933068716,False,cf9883e99ee1b956d01c2cb42a4d284b982ce23065d3616a5e1cced359e41fb5,0.07307414105162024
direct_neighbor_ridge,0,0,0,0,0,0,False,5,"[""AMP"", ""alanine"", ""choline"", ""ornithine"", ""phenylalanine""]",[],0,0,10,5,6,dimethylglycine,1,2,100.0,697,179,16,2,5.842713994691535,0.2412852905128361,False,db1ab3680dcfc2deb10e2511ec28b70b27966d5a436d724be48267bcbf200acf,0.06264840299263597
direct_neighbor_ridge,0,0,0,0,0,0,False,5,"[""AMP"", ""alanine"", ""choline"", ""ornithine"", ""phenylalanine""]",[],0,0,10,5,6,dimethylglycine,1,3,100.0,700,176,13,5,5.776686067571429,0.2684533693166957,False,659dce4f66bf4ee0228513d024a4e287e9f1aa3957152332b1483ab0af67cb42,0.05446266010403633
direct_neighbor_ridge,0,0,0,0,0,0,False,5,"[""AMP"", ""alanine"", ""choline"", ""ornithine"", ""phenylalanine""]",[],0,0,10,5,6,dimethylglycine,1,4,100.0,702,174,13,5,5.778814191452991,0.2645452231216455,False,9492e163b6ef19b0563b1ce8302b8e8794e2e4c9c8031c62ff9774a3f63f6f58,0.06037040101364255
direct_neighbor_ridge,0,0,0,0,0,0,False,2,"[""AMP"", ""tyrosine""]",[],0,0,4,2,3,glucuronate,0,0,100.0,697,179,16,2,5.875591368579626,0.21436797356403015,False,db1ab3680dcfc2deb10e2511ec28b70b27966d5a436d724be48267bcbf200acf,0.05490046110935509
direct_neighbor_ridge,0,0,0,0,0,0,False,2,"[""AMP"", ""tyrosine""]",[],0,0,4,2,3,glucuronate,0,1,100.0,705,171,13,5,5.8372711251063825,0.264059395571085,False,32d2e2f547f707a9f12d899e65a934275c9f49020e10d214973126d05910ec9c,0.06128217000514269
direct_neighbor_ridge,0,0,0,0,0,0,False,2,"[""AMP"", ""tyrosine""]",[],0,0,4,2,3,glucuronate,0,2,100.0,700,176,13,5,5.841330032428572,0.2627256409648469,False,659dce4f66bf4ee0228513d024a4e287e9f1aa3957152332b1483ab0af67cb42,0.08842623606324196
direct_neighbor_ridge,0,0,0,0,0,0,False,2,"[""AMP"", ""tyrosine""]",[],0,0,4,2,3,glucuronate,0,3,100.0,702,174,13,5,5.840461464102564,0.26023183008970724,False,9492e163b6ef19b0563b1ce8302b8e8794e2e4c9c8031c62ff9774a3f63f6f58,0.05352758103981614
direct_neighbor_ridge,0,0,0,0,0,0,False,2,"[""AMP"", ""tyrosine""]",[],0,0,4,2,3,glucuronate,0,4,100.0,700,176,17,1,5.853340806857143,0.2561959379747985,False,cf9883e99ee1b956d01c2cb42a4d284b982ce23065d3616a5e1cced359e41fb5,0.05522495601326227
direct_neighbor_ridge,0,0,0,0,0,0,False,2,"[""AMP"", ""tyrosine""]",[],0,0,4,2,3,glucuronate,1,0,100.0,705,171,13,5,5.8372711251063825,0.264059395571085,False,32d2e2f547f707a9f12d899e65a934275c9f49020e10d214973126d05910ec9c,0.05885723209939897
direct_neighbor_ridge,0,0,0,0,0,0,False,2,"[""AMP"", ""tyrosine""]",[],0,0,4,2,3,glucuronate,1,1,100.0,700,176,17,1,5.853340806857143,0.2561959379747985,False,cf9883e99ee1b956d01c2cb42a4d284b982ce23065d3616a5e1cced359e41fb5,0.05180890602059662
direct_neighbor_ridge,0,0,0,0,0,0,False,2,"[""AMP"", ""tyrosine""]",[],0,0,4,2,3,glucuronate,1,2,100.0,697,179,16,2,5.875591368579626,0.21436797356403015,False,db1ab3680dcfc2deb10e2511ec28b70b27966d5a436d724be48267bcbf200acf,0.05937455501407385
direct_neighbor_ridge,0,0,0,0,0,0,False,2,"[""AMP"", ""tyrosine""]",[],0,0,4,2,3,glucuronate,1,3,100.0,700,176,13,5,5.841330032428572,0.2627256409648469,False,659dce4f66bf4ee0228513d024a4e287e9f1aa3957152332b1483ab0af67cb42,0.09215460508130491
direct_neighbor_ridge,0,0,0,0,0,0,False,2,"[""AMP"", ""tyrosine""]",[],0,0,4,2,3,glucuronate,1,4,100.0,702,174,13,5,5.840461464102564,0.26023183008970724,False,9492e163b6ef19b0563b1ce8302b8e8794e2e4c9c8031c62ff9774a3f63f6f58,0.06310194404795766
direct_neighbor_ridge,0,0,0,0,0,0,False,15,"[""AMP"", ""CMP"", ""GMP"", ""UMP"", ""adenosine"", ""choline"", ""citrulline"", ""cytidine"", ""dimethylglycine"", ""homocysteine"", ""oxalate"", ""thymidine"", ""uracil"", ""urate"", ""xanthine""]",[],0,0,30,15,16,glutamate,0,0,100.0,697,179,16,2,5.837754748206599,0.22300075523157906,False,db1ab3680dcfc2deb10e2511ec28b70b27966d5a436d724be48267bcbf200acf,0.07038685795851052
direct_neighbor_ridge,0,0,0,0,0,0,False,15,"[""AMP"", ""CMP"", ""GMP"", ""UMP"", ""adenosine"", ""choline"", ""citrulline"", ""cytidine"", ""dimethylglycine"", ""homocysteine"", ""oxalate"", ""thymidine"", ""uracil"", ""urate"", ""xanthine""]",[],0,0,30,15,16,glutamate,0,1,100.0,705,171,13,5,5.856274995319149,0.23737426526109665,False,32d2e2f547f707a9f12d899e65a934275c9f49020e10d214973126d05910ec9c,0.11012551514431834
direct_neighbor_ridge,0,0,0,0,0,0,False,15,"[""AMP"", ""CMP"", ""GMP"", ""UMP"", ""adenosine"", ""choline"", ""citrulline"", ""cytidine"", ""dimethylglycine"", ""homocysteine"", ""oxalate"", ""thymidine"", ""uracil"", ""urate"", ""xanthine""]",[],0,0,30,15,16,glutamate,0,2,100.0,700,176,13,5,5.877516673,0.23263179623229843,False,659dce4f66bf4ee0228513d024a4e287e9f1aa3957152332b1483ab0af67cb42,0.08747622696682811
direct_neighbor_ridge,0,0,0,0,0,0,False,15,"[""AMP"", ""CMP"", ""GMP"", ""UMP"", ""adenosine"", ""choline"", ""citrulline"", ""cytidine"", ""dimethylglycine"", ""homocysteine"", ""oxalate"", ""thymidine"", ""uracil"", ""urate"", ""xanthine""]",[],0,0,30,15,16,glutamate,0,3,100.0,702,174,13,5,5.872189215954415,0.2121533254343439,False,9492e163b6ef19b0563b1ce8302b8e8794e2e4c9c8031c62ff9774a3f63f6f58,0.12248567398637533
direct_neighbor_ridge,0,0,0,0,0,0,False,15,"[""AMP"", ""CMP"", ""GMP"", ""UMP"", ""adenosine"", ""choline"", ""citrulline"", ""cytidine"", ""dimethylglycine"", ""homocysteine"", ""oxalate"", ""thymidine"", ""uracil"", ""urate"", ""xanthine""]",[],0,0,30,15,16,glutamate,0,4,100.0,700,176,17,1,5.8762459510000005,0.2365122296350026,False,cf9883e99ee1b956d01c2cb42a4d284b982ce23065d3616a5e1cced359e41fb5,0.08884283690713346
direct_neighbor_ridge,0,0,0,0,0,0,False,15,"[""AMP"", ""CMP"", ""GMP"", ""UMP"", ""adenosine"", ""choline"", ""citrulline"", ""cytidine"", ""dimethylglycine"", ""homocysteine"", ""oxalate"", ""thymidine"", ""uracil"", ""urate"", ""xanthine""]",[],0,0,30,15,16,glutamate,1,0,100.0,705,171,13,5,5.856274995319149,0.23737426526109665,False,32d2e2f547f707a9f12d899e65a934275c9f49020e10d214973126d05910ec9c,0.09262422192841768
direct_neighbor_ridge,0,0,0,0,0,0,False,15,"[""AMP"", ""CMP"", ""GMP"", ""UMP"", ""adenosine"", ""choline"", ""citrulline"", ""cytidine"", ""dimethylglycine"", ""homocysteine"", ""oxalate"", ""thymidine"", ""uracil"", ""urate"", ""xanthine""]",[],0,0,30,15,16,glutamate,1,1,100.0,700,176,17,1,5.8762459510000005,0.2365122296350026,False,cf9883e99ee1b956d01c2cb42a4d284b982ce23065d3616a5e1cced359e41fb5,0.09891309402883053
direct_neighbor_ridge,0,0,0,0,0,0,False,15,"[""AMP"", ""CMP"", ""GMP"", ""UMP"", ""adenosine"", ""choline"", ""citrulline"", ""cytidine"", ""dimethylglycine"", ""homocysteine"", ""oxalate"", ""thymidine"", ""uracil"", ""urate"", ""xanthine""]",[],0,0,30,15,16,glutamate,1,2,100.0,697,179,16,2,5.837754748206599,0.22300075523157906,False,db1ab3680dcfc2deb10e2511ec28b70b27966d5a436d724be48267bcbf200acf,0.09326091106049716
direct_neighbor_ridge,0,0,0,0,0,0,False,15,"[""AMP"", ""CMP"", ""GMP"", ""UMP"", ""adenosine"", ""choline"", ""citrulline"", ""cytidine"", ""dimethylglycine"", ""homocysteine"", ""oxalate"", ""thymidine"", ""uracil"", ""urate"", ""xanthine""]",[],0,0,30,15,16,glutamate,1,3,100.0,700,176,13,5,5.877516673,0.23263179623229843,False,659dce4f66bf4ee0228513d024a4e287e9f1aa3957152332b1483ab0af67cb42,0.07318435492925346
direct_neighbor_ridge,0,0,0,0,0,0,False,15,"[""AMP"", ""CMP"", ""GMP"", ""UMP"", ""adenosine"", ""choline"", ""citrulline"", ""cytidine"", ""dimethylglycine"", ""homocysteine"", ""oxalate"", ""thymidine"", ""uracil"", ""urate"", ""xanthine""]",[],0,0,30,15,16,glutamate,1,4,100.0,702,174,13,5,5.872189215954415,0.2121533254343439,False,9492e163b6ef19b0563b1ce8302b8e8794e2e4c9c8031c62ff9774a3f63f6f58,0.07402737508527935
direct_neighbor_ridge,0,0,0,0,0,0,False,2,"[""NAD"", ""aspartate""]",[],0,0,4,2,3,glutamine,0,0,100.0,697,179,16,2,5.792856942180775,0.4999001304148671,False,db1ab3680dcfc2deb10e2511ec28b70b27966d5a436d724be48267bcbf200acf,0.0570123300421983
direct_neighbor_ridge,0,0,0,0,0,0,False,2,"[""NAD"", ""aspartate""]",[],0,0,4,2,3,glutamine,0,1,0.1,705,171,13,5,5.730142647375887,0.517307750185761,False,32d2e2f547f707a9f12d899e65a934275c9f49020e10d214973126d05910ec9c,0.062432325910776854
direct_neighbor_ridge,0,0,0,0,0,0,False,2,"[""NAD"", ""aspartate""]",[],0,0,4,2,3,glutamine,0,2,10.0,700,176,13,5,5.760236144285714,0.5055726521798546,False,659dce4f66bf4ee0228513d024a4e287e9f1aa3957152332b1483ab0af67cb42,0.05959537182934582
direct_neighbor_ridge,0,0,0,0,0,0,False,2,"[""NAD"", ""aspartate""]",[],0,0,4,2,3,glutamine,0,3,0.1,702,174,13,5,5.749858374216524,0.5089141907702129,False,9492e163b6ef19b0563b1ce8302b8e8794e2e4c9c8031c62ff9774a3f63f6f58,0.06757252709940076
direct_neighbor_ridge,0,0,0,0,0,0,False,2,"[""NAD"", ""aspartate""]",[],0,0,4,2,3,glutamine,0,4,10.0,700,176,17,1,5.742727689142857,0.5229622387958501,False,cf9883e99ee1b956d01c2cb42a4d284b982ce23065d3616a5e1cced359e41fb5,0.055803295923396945
direct_neighbor_ridge,0,0,0,0,0,0,False,2,"[""NAD"", ""aspartate""]",[],0,0,4,2,3,glutamine,1,0,0.1,705,171,13,5,5.730142647375887,0.517307750185761,False,32d2e2f547f707a9f12d899e65a934275c9f49020e10d214973126d05910ec9c,0.05895934393629432
direct_neighbor_ridge,0,0,0,0,0,0,False,2,"[""NAD"", ""aspartate""]",[],0,0,4,2,3,glutamine,1,1,10.0,700,176,17,1,5.742727689142857,0.5229622387958501,False,cf9883e99ee1b956d01c2cb42a4d284b982ce23065d3616a5e1cced359e41fb5,0.04951201402582228
direct_neighbor_ridge,0,0,0,0,0,0,False,2,"[""NAD"", ""aspartate""]",[],0,0,4,2,3,glutamine,1,2,100.0,697,179,16,2,5.792856942180775,0.4999001304148671,False,db1ab3680dcfc2deb10e2511ec28b70b27966d5a436d724be48267bcbf200acf,0.05020793993026018
direct_neighbor_ridge,0,0,0,0,0,0,False,2,"[""NAD"", ""aspartate""]",[],0,0,4,2,3,glutamine,1,3,0.1,700,176,13,5,5.760236144285714,0.5055726521798546,False,659dce4f66bf4ee0228513d024a4e287e9f1aa3957152332b1483ab0af67cb42,0.09515900001861155
direct_neighbor_ridge,0,0,0,0,0,0,False,2,"[""NAD"", ""aspartate""]",[],0,0,4,2,3,glutamine,1,4,0.1,702,174,13,5,5.749858374216524,0.5089141907702129,False,9492e163b6ef19b0563b1ce8302b8e8794e2e4c9c8031c62ff9774a3f63f6f58,0.06955534685403109
direct_neighbor_ridge,0,0,0,0,0,0,False,9,"[""NAD"", ""NADP"", ""aspartate"", ""carnosine"", ""homocysteine"", ""hypoxanthine"", ""isocitrate"", ""taurine"", ""xanthine""]",[],0,0,18,9,10,glycine,0,0,100.0,697,179,16,2,5.901400717790531,0.3232334686793832,False,db1ab3680dcfc2deb10e2511ec28b70b27966d5a436d724be48267bcbf200acf,0.058436116902157664
direct_neighbor_ridge,0,0,0,0,0,0,False,9,"[""NAD"", ""NADP"", ""aspartate"", ""carnosine"", ""homocysteine"", ""hypoxanthine"", ""isocitrate"", ""taurine"", ""xanthine""]",[],0,0,18,9,10,glycine,0,1,10.0,705,171,13,5,5.891562820992907,0.30388093169523356,False,32d2e2f547f707a9f12d899e65a934275c9f49020e10d214973126d05910ec9c,0.057433089008554816
direct_neighbor_ridge,0,0,0,0,0,0,False,9,"[""NAD"", ""NADP"", ""aspartate"", ""carnosine"", ""homocysteine"", ""hypoxanthine"", ""isocitrate"", ""taurine"", ""xanthine""]",[],0,0,18,9,10,glycine,0,2,100.0,700,176,13,5,5.895880774285714,0.3016342641672332,False,659dce4f66bf4ee0228513d024a4e287e9f1aa3957152332b1483ab0af67cb42,0.06671035406179726
direct_neighbor_ridge,0,0,0,0,0,0,False,9,"[""NAD"", ""NADP"", ""aspartate"", ""carnosine"", ""homocysteine"", ""hypoxanthine"", ""isocitrate"", ""taurine"", ""xanthine""]",[],0,0,18,9,10,glycine,0,3,10.0,702,174,13,5,5.919905869658121,0.29925995925495313,False,9492e163b6ef19b0563b1ce8302b8e8794e2e4c9c8031c62ff9774a3f63f6f58,0.11782298004254699
direct_neighbor_ridge,0,0,0,0,0,0,False,9,"[""NAD"", ""NADP"", ""aspartate"", ""carnosine"", ""homocysteine"", ""hypoxanthine"", ""isocitrate"", ""taurine"", ""xanthine""]",[],0,0,18,9,10,glycine,0,4,100.0,700,176,17,1,5.911124145142858,0.31233130965412215,False,cf9883e99ee1b956d01c2cb42a4d284b982ce23065d3616a5e1cced359e41fb5,0.11858048499561846
direct_neighbor_ridge,0,0,0,0,0,0,False,9,"[""NAD"", ""NADP"", ""aspartate"", ""carnosine"", ""homocysteine"", ""hypoxanthine"", ""isocitrate"", ""taurine"", ""xanthine""]",[],0,0,18,9,10,glycine,1,0,10.0,705,171,13,5,5.891562820992907,0.30388093169523356,False,32d2e2f547f707a9f12d899e65a934275c9f49020e10d214973126d05910ec9c,0.09867330407723784
direct_neighbor_ridge,0,0,0,0,0,0,False,9,"[""NAD"", ""NADP"", ""aspartate"", ""carnosine"", ""homocysteine"", ""hypoxanthine"", ""isocitrate"", ""taurine"", ""xanthine""]",[],0,0,18,9,10,glycine,1,1,100.0,700,176,17,1,5.911124145142858,0.31233130965412215,False,cf9883e99ee1b956d01c2cb42a4d284b982ce23065d3616a5e1cced359e41fb5,0.12142462492920458
direct_neighbor_ridge,0,0,0,0,0,0,False,9,"[""NAD"", ""NADP"", ""aspartate"", ""carnosine"", ""homocysteine"", ""hypoxanthine"", ""isocitrate"", ""taurine"", ""xanthine""]",[],0,0,18,9,10,glycine,1,2,100.0,697,179,16,2,5.901400717790531,0.3232334686793832,False,db1ab3680dcfc2deb10e2511ec28b70b27966d5a436d724be48267bcbf200acf,0.08631515386514366
direct_neighbor_ridge,0,0,0,0,0,0,False,9,"[""NAD"", ""NADP"", ""aspartate"", ""carnosine"", ""homocysteine"", ""hypoxanthine"", ""isocitrate"", ""taurine"", ""xanthine""]",[],0,0,18,9,10,glycine,1,3,100.0,700,176,13,5,5.895880774285714,0.3016342641672332,False,659dce4f66bf4ee0228513d024a4e287e9f1aa3957152332b1483ab0af67cb42,0.076194565044716
direct_neighbor_ridge,0,0,0,0,0,0,False,9,"[""NAD"", ""NADP"", ""aspartate"", ""carnosine"", ""homocysteine"", ""hypoxanthine"", ""isocitrate"", ""taurine"", ""xanthine""]",[],0,0,18,9,10,glycine,1,4,10.0,702,174,13,5,5.919905869658121,0.29925995925495313,False,9492e163b6ef19b0563b1ce8302b8e8794e2e4c9c8031c62ff9774a3f63f6f58,0.0664547048509121
direct_neighbor_ridge,0,0,0,0,0,0,False,1,"[""citrulline""]",[],0,0,2,1,2,guanosine,0,0,0.1,697,179,16,2,5.952859866857963,0.40817502232841674,False,db1ab3680dcfc2deb10e2511ec28b70b27966d5a436d724be48267bcbf200acf,0.0535982649307698
direct_neighbor_ridge,0,0,0,0,0,0,False,1,"[""citrulline""]",[],0,0,2,1,2,guanosine,0,1,0.1,705,171,13,5,5.946455211205673,0.3930879666913112,False,32d2e2f547f707a9f12d899e65a934275c9f49020e10d214973126d05910ec9c,0.05841228808276355
direct_neighbor_ridge,0,0,0,0,0,0,False,1,"[""citrulline""]",[],0,0,2,1,2,guanosine,0,2,0.1,700,176,13,5,6.008024284285714,0.39823813293836846,False,659dce4f66bf4ee0228513d024a4e287e9f1aa3957152332b1483ab0af67cb42,0.04762408696115017
direct_neighbor_ridge,0,0,0,0,0,0,False,1,"[""citrulline""]",[],0,0,2,1,2,guanosine,0,3,0.1,702,174,13,5,5.9592625129629635,0.3946489909296684,False,9492e163b6ef19b0563b1ce8302b8e8794e2e4c9c8031c62ff9774a3f63f6f58,0.05385296302847564
direct_neighbor_ridge,0,0,0,0,0,0,False,1,"[""citrulline""]",[],0,0,2,1,2,guanosine,0,4,100.0,700,176,17,1,5.964684184857142,0.4006223332620162,False,cf9883e99ee1b956d01c2cb42a4d284b982ce23065d3616a5e1cced359e41fb5,0.07816583919338882
direct_neighbor_ridge,0,0,0,0,0,0,False,1,"[""citrulline""]",[],0,0,2,1,2,guanosine,1,0,0.1,705,171,13,5,5.946455211205673,0.3930879666913112,False,32d2e2f547f707a9f12d899e65a934275c9f49020e10d214973126d05910ec9c,0.050822020042687654
direct_neighbor_ridge,0,0,0,0,0,0,False,1,"[""citrulline""]",[],0,0,2,1,2,guanosine,1,1,0.1,700,176,17,1,5.964684184857142,0.4006223332620162,False,cf9883e99ee1b956d01c2cb42a4d284b982ce23065d3616a5e1cced359e41fb5,0.050042347982525826
direct_neighbor_ridge,0,0,0,0,0,0,False,1,"[""citrulline""]",[],0,0,2,1,2,guanosine,1,2,0.1,697,179,16,2,5.952859866857963,0.40817502232841674,False,db1ab3680dcfc2deb10e2511ec28b70b27966d5a436d724be48267bcbf200acf,0.051999714924022555
direct_neighbor_ridge,0,0,0,0,0,0,False,1,"[""citrulline""]",[],0,0,2,1,2,guanosine,1,3,0.1,700,176,13,5,6.008024284285714,0.39823813293836846,False,659dce4f66bf4ee0228513d024a4e287e9f1aa3957152332b1483ab0af67cb42,0.051563549088314176
direct_neighbor_ridge,0,0,0,0,0,0,False,1,"[""citrulline""]",[],0,0,2,1,2,guanosine,1,4,0.1,702,174,13,5,5.9592625129629635,0.3946489909296684,False,9492e163b6ef19b0563b1ce8302b8e8794e2e4c9c8031c62ff9774a3f63f6f58,0.04972196789458394
direct_neighbor_ridge,0,0,0,0,0,0,False,3,"[""glutamate"", ""glycine"", ""uridine""]",[],0,0,6,3,4,histidine,0,0,100.0,697,179,16,2,5.873915259110474,0.3291920204680799,False,db1ab3680dcfc2deb10e2511ec28b70b27966d5a436d724be48267bcbf200acf,0.055376975098624825
direct_neighbor_ridge,0,0,0,0,0,0,False,3,"[""glutamate"", ""glycine"", ""uridine""]",[],0,0,6,3,4,histidine,0,1,100.0,705,171,13,5,5.74606351574468,0.3834823875863205,False,32d2e2f547f707a9f12d899e65a934275c9f49020e10d214973126d05910ec9c,0.05421375692822039
direct_neighbor_ridge,0,0,0,0,0,0,False,3,"[""glutamate"", ""glycine"", ""uridine""]",[],0,0,6,3,4,histidine,0,2,100.0,700,176,13,5,5.773813457,0.3766527889621979,False,659dce4f66bf4ee0228513d024a4e287e9f1aa3957152332b1483ab0af67cb42,0.05331278103403747
direct_neighbor_ridge,0,0,0,0,0,0,False,3,"[""glutamate"", ""glycine"", ""uridine""]",[],0,0,6,3,4,histidine,0,3,10.0,702,174,13,5,5.75916735968661,0.38002427826007085,False,9492e163b6ef19b0563b1ce8302b8e8794e2e4c9c8031c62ff9774a3f63f6f58,0.0624295340385288
direct_neighbor_ridge,0,0,0,0,0,0,False,3,"[""glutamate"", ""glycine"", ""uridine""]",[],0,0,6,3,4,histidine,0,4,100.0,700,176,17,1,5.783386876285714,0.3699975084983585,False,cf9883e99ee1b956d01c2cb42a4d284b982ce23065d3616a5e1cced359e41fb5,0.05700866016559303
direct_neighbor_ridge,0,0,0,0,0,0,False,3,"[""glutamate"", ""glycine"", ""uridine""]",[],0,0,6,3,4,histidine,1,0,100.0,705,171,13,5,5.74606351574468,0.3834823875863205,False,32d2e2f547f707a9f12d899e65a934275c9f49020e10d214973126d05910ec9c,0.05465349508449435
direct_neighbor_ridge,0,0,0,0,0,0,False,3,"[""glutamate"", ""glycine"", ""uridine""]",[],0,0,6,3,4,histidine,1,1,100.0,700,176,17,1,5.783386876285714,0.3699975084983585,False,cf9883e99ee1b956d01c2cb42a4d284b982ce23065d3616a5e1cced359e41fb5,0.05507352203130722
direct_neighbor_ridge,0,0,0,0,0,0,False,3,"[""glutamate"", ""glycine"", ""uridine""]",[],0,0,6,3,4,histidine,1,2,100.0,697,179,16,2,5.873915259110474,0.3291920204680799,False,db1ab3680dcfc2deb10e2511ec28b70b27966d5a436d724be48267bcbf200acf,0.0579273528419435
direct_neighbor_ridge,0,0,0,0,0,0,False,3,"[""glutamate"", ""glycine"", ""uridine""]",[],0,0,6,3,4,histidine,1,3,100.0,700,176,13,5,5.773813457,0.3766527889621979,False,659dce4f66bf4ee0228513d024a4e287e9f1aa3957152332b1483ab0af67cb42,0.06650090706534684
direct_neighbor_ridge,0,0,0,0,0,0,False,3,"[""glutamate"", ""glycine"", ""uridine""]",[],0,0,6,3,4,histidine,1,4,100.0,702,174,13,5,5.75916735968661,0.38002427826007085,False,9492e163b6ef19b0563b1ce8302b8e8794e2e4c9c8031c62ff9774a3f63f6f58,0.07039886899292469
direct_neighbor_ridge,0,0,0,0,0,0,False,5,"[""GMP"", ""alanine"", ""arginine"", ""isocitrate"", ""phenylalanine""]",[],0,0,10,5,6,homocysteine,0,0,100.0,697,179,16,2,5.966777393113342,0.42813016520146235,False,db1ab3680dcfc2deb10e2511ec28b70b27966d5a436d724be48267bcbf200acf,0.07551746093668044
direct_neighbor_ridge,0,0,0,0,0,0,False,5,"[""GMP"", ""alanine"", ""arginine"", ""isocitrate"", ""phenylalanine""]",[],0,0,10,5,6,homocysteine,0,1,100.0,705,171,13,5,5.930638070921986,0.4218160003765535,False,32d2e2f547f707a9f12d899e65a934275c9f49020e10d214973126d05910ec9c,0.06335049984045327
direct_neighbor_ridge,0,0,0,0,0,0,False,5,"[""GMP"", ""alanine"", ""arginine"", ""isocitrate"", ""phenylalanine""]",[],0,0,10,5,6,homocysteine,0,2,100.0,700,176,13,5,5.9298201530000005,0.4180998034350187,False,659dce4f66bf4ee0228513d024a4e287e9f1aa3957152332b1483ab0af67cb42,0.05999312596395612
direct_neighbor_ridge,0,0,0,0,0,0,False,5,"[""GMP"", ""alanine"", ""arginine"", ""isocitrate"", ""phenylalanine""]",[],0,0,10,5,6,homocysteine,0,3,100.0,702,174,13,5,5.9377934,0.4372468572375198,False,9492e163b6ef19b0563b1ce8302b8e8794e2e4c9c8031c62ff9774a3f63f6f58,0.05619590496644378
direct_neighbor_ridge,0,0,0,0,0,0,False,5,"[""GMP"", ""alanine"", ""arginine"", ""isocitrate"", ""phenylalanine""]",[],0,0,10,5,6,homocysteine,0,4,100.0,700,176,17,1,5.941327949571429,0.4304566272401467,False,cf9883e99ee1b956d01c2cb42a4d284b982ce23065d3616a5e1cced359e41fb5,0.04321565991267562
direct_neighbor_ridge,0,0,0,0,0,0,False,5,"[""GMP"", ""alanine"", ""arginine"", ""isocitrate"", ""phenylalanine""]",[],0,0,10,5,6,homocysteine,1,0,100.0,705,171,13,5,5.930638070921986,0.4218160003765535,False,32d2e2f547f707a9f12d899e65a934275c9f49020e10d214973126d05910ec9c,0.05565903289243579
direct_neighbor_ridge,0,0,0,0,0,0,False,5,"[""GMP"", ""alanine"", ""arginine"", ""isocitrate"", ""phenylalanine""]",[],0,0,10,5,6,homocysteine,1,1,100.0,700,176,17,1,5.941327949571429,0.4304566272401467,False,cf9883e99ee1b956d01c2cb42a4d284b982ce23065d3616a5e1cced359e41fb5,0.058320581214502454
direct_neighbor_ridge,0,0,0,0,0,0,False,5,"[""GMP"", ""alanine"", ""arginine"", ""isocitrate"", ""phenylalanine""]",[],0,0,10,5,6,homocysteine,1,2,10.0,697,179,16,2,5.966777393113342,0.42813016520146235,False,db1ab3680dcfc2deb10e2511ec28b70b27966d5a436d724be48267bcbf200acf,0.06056572403758764
direct_neighbor_ridge,0,0,0,0,0,0,False,5,"[""GMP"", ""alanine"", ""arginine"", ""isocitrate"", ""phenylalanine""]",[],0,0,10,5,6,homocysteine,1,3,100.0,700,176,13,5,5.9298201530000005,0.4180998034350187,False,659dce4f66bf4ee0228513d024a4e287e9f1aa3957152332b1483ab0af67cb42,0.05415234202519059
direct_neighbor_ridge,0,0,0,0,0,0,False,5,"[""GMP"", ""alanine"", ""arginine"", ""isocitrate"", ""phenylalanine""]",[],0,0,10,5,6,homocysteine,1,4,100.0,702,174,13,5,5.9377934,0.4372468572375198,False,9492e163b6ef19b0563b1ce8302b8e8794e2e4c9c8031c62ff9774a3f63f6f58,0.059479294111952186
direct_neighbor_ridge,0,0,0,0,0,0,False,3,"[""cytidine"", ""glutamate"", ""methionine""]",[],0,0,6,3,4,hypoxanthine,0,0,100.0,697,179,16,2,5.849323068723098,0.623036540019427,False,db1ab3680dcfc2deb10e2511ec28b70b27966d5a436d724be48267bcbf200acf,0.05392048112116754
direct_neighbor_ridge,0,0,0,0,0,0,False,3,"[""cytidine"", ""glutamate"", ""methionine""]",[],0,0,6,3,4,hypoxanthine,0,1,0.1,705,171,13,5,5.959764552482269,0.6436309456644432,False,32d2e2f547f707a9f12d899e65a934275c9f49020e10d214973126d05910ec9c,0.051201620837673545
direct_neighbor_ridge,0,0,0,0,0,0,False,3,"[""cytidine"", ""glutamate"", ""methionine""]",[],0,0,6,3,4,hypoxanthine,0,2,10.0,700,176,13,5,5.962295129857141,0.6325694182712881,False,659dce4f66bf4ee0228513d024a4e287e9f1aa3957152332b1483ab0af67cb42,0.05425284802913666
direct_neighbor_ridge,0,0,0,0,0,0,False,3,"[""cytidine"", ""glutamate"", ""methionine""]",[],0,0,6,3,4,hypoxanthine,0,3,10.0,702,174,13,5,5.94913957094017,0.6410585826307021,False,9492e163b6ef19b0563b1ce8302b8e8794e2e4c9c8031c62ff9774a3f63f6f58,0.053949107183143497
direct_neighbor_ridge,0,0,0,0,0,0,False,3,"[""cytidine"", ""glutamate"", ""methionine""]",[],0,0,6,3,4,hypoxanthine,0,4,100.0,700,176,17,1,5.912266724999999,0.6370004092718197,False,cf9883e99ee1b956d01c2cb42a4d284b982ce23065d3616a5e1cced359e41fb5,0.05528413108550012
direct_neighbor_ridge,0,0,0,0,0,0,False,3,"[""cytidine"", ""glutamate"", ""methionine""]",[],0,0,6,3,4,hypoxanthine,1,0,0.1,705,171,13,5,5.959764552482269,0.6436309456644432,False,32d2e2f547f707a9f12d899e65a934275c9f49020e10d214973126d05910ec9c,0.057285290909931064
direct_neighbor_ridge,0,0,0,0,0,0,False,3,"[""cytidine"", ""glutamate"", ""methionine""]",[],0,0,6,3,4,hypoxanthine,1,1,100.0,700,176,17,1,5.912266724999999,0.6370004092718197,False,cf9883e99ee1b956d01c2cb42a4d284b982ce23065d3616a5e1cced359e41fb5,0.06917139096185565
direct_neighbor_ridge,0,0,0,0,0,0,False,3,"[""cytidine"", ""glutamate"", ""methionine""]",[],0,0,6,3,4,hypoxanthine,1,2,100.0,697,179,16,2,5.849323068723098,0.623036540019427,False,db1ab3680dcfc2deb10e2511ec28b70b27966d5a436d724be48267bcbf200acf,0.08975882595404983
direct_neighbor_ridge,0,0,0,0,0,0,False,3,"[""cytidine"", ""glutamate"", ""methionine""]",[],0,0,6,3,4,hypoxanthine,1,3,10.0,700,176,13,5,5.962295129857141,0.6325694182712881,False,659dce4f66bf4ee0228513d024a4e287e9f1aa3957152332b1483ab0af67cb42,0.05521549307741225
direct_neighbor_ridge,0,0,0,0,0,0,False,3,"[""cytidine"", ""glutamate"", ""methionine""]",[],0,0,6,3,4,hypoxanthine,1,4,0.1,702,174,13,5,5.94913957094017,0.6410585826307021,False,9492e163b6ef19b0563b1ce8302b8e8794e2e4c9c8031c62ff9774a3f63f6f58,0.06407459895126522
direct_neighbor_ridge,0,0,0,0,0,0,False,2,"[""arginine"", ""proline""]",[],0,0,4,2,3,inosine,0,0,10.0,697,179,16,2,5.938844414203731,0.33789854266326597,False,db1ab3680dcfc2deb10e2511ec28b70b27966d5a436d724be48267bcbf200acf,0.05848363391123712
direct_neighbor_ridge,0,0,0,0,0,0,False,2,"[""arginine"", ""proline""]",[],0,0,4,2,3,inosine,0,1,0.1,705,171,13,5,5.956673833900711,0.3555685434234304,False,32d2e2f547f707a9f12d899e65a934275c9f49020e10d214973126d05910ec9c,0.06015494209714234
direct_neighbor_ridge,0,0,0,0,0,0,False,2,"[""arginine"", ""proline""]",[],0,0,4,2,3,inosine,0,2,10.0,700,176,13,5,5.990979952571428,0.3427823190075909,False,659dce4f66bf4ee0228513d024a4e287e9f1aa3957152332b1483ab0af67cb42,0.058012343011796474
direct_neighbor_ridge,0,0,0,0,0,0,False,2,"[""arginine"", ""proline""]",[],0,0,4,2,3,inosine,0,3,0.1,702,174,13,5,5.955585952849004,0.353629138206935,False,9492e163b6ef19b0563b1ce8302b8e8794e2e4c9c8031c62ff9774a3f63f6f58,0.05595028190873563
direct_neighbor_ridge,0,0,0,0,0,0,False,2,"[""arginine"", ""proline""]",[],0,0,4,2,3,inosine,0,4,0.1,700,176,17,1,5.959558305571428,0.3363091904878781,False,cf9883e99ee1b956d01c2cb42a4d284b982ce23065d3616a5e1cced359e41fb5,0.0599136040546
direct_neighbor_ridge,0,0,0,0,0,0,False,2,"[""arginine"", ""proline""]",[],0,0,4,2,3,inosine,1,0,0.1,705,171,13,5,5.956673833900711,0.3555685434234304,False,32d2e2f547f707a9f12d899e65a934275c9f49020e10d214973126d05910ec9c,0.05731663387268782
direct_neighbor_ridge,0,0,0,0,0,0,False,2,"[""arginine"", ""proline""]",[],0,0,4,2,3,inosine,1,1,0.1,700,176,17,1,5.959558305571428,0.3363091904878781,False,cf9883e99ee1b956d01c2cb42a4d284b982ce23065d3616a5e1cced359e41fb5,0.05764803593046963
direct_neighbor_ridge,0,0,0,0,0,0,False,2,"[""arginine"", ""proline""]",[],0,0,4,2,3,inosine,1,2,10.0,697,179,16,2,5.938844414203731,0.33789854266326597,False,db1ab3680dcfc2deb10e2511ec28b70b27966d5a436d724be48267bcbf200acf,0.057010720018297434
direct_neighbor_ridge,0,0,0,0,0,0,False,2,"[""arginine"", ""proline""]",[],0,0,4,2,3,inosine,1,3,10.0,700,176,13,5,5.990979952571428,0.3427823190075909,False,659dce4f66bf4ee0228513d024a4e287e9f1aa3957152332b1483ab0af67cb42,0.06285766302607954
direct_neighbor_ridge,0,0,0,0,0,0,False,2,"[""arginine"", ""proline""]",[],0,0,4,2,3,inosine,1,4,0.1,702,174,13,5,5.955585952849004,0.353629138206935,False,9492e163b6ef19b0563b1ce8302b8e8794e2e4c9c8031c62ff9774a3f63f6f58,0.05633796099573374
direct_neighbor_ridge,0,0,0,0,0,0,False,2,"[""dimethylglycine"", ""tyrosine""]",[],0,0,4,2,3,inositol,0,0,0.1,697,179,16,2,5.888768051936872,0.3085624695175605,False,db1ab3680dcfc2deb10e2511ec28b70b27966d5a436d724be48267bcbf200acf,0.05616668798029423
direct_neighbor_ridge,0,0,0,0,0,0,False,2,"[""dimethylglycine"", ""tyrosine""]",[],0,0,4,2,3,inositol,0,1,0.1,705,171,13,5,5.914651623971631,0.30612678425281226,False,32d2e2f547f707a9f12d899e65a934275c9f49020e10d214973126d05910ec9c,0.05169849982485175
direct_neighbor_ridge,0,0,0,0,0,0,False,2,"[""dimethylglycine"", ""tyrosine""]",[],0,0,4,2,3,inositol,0,2,0.1,700,176,13,5,5.883116619857143,0.31208583026363,False,659dce4f66bf4ee0228513d024a4e287e9f1aa3957152332b1483ab0af67cb42,0.05402829707600176
direct_neighbor_ridge,0,0,0,0,0,0,False,2,"[""dimethylglycine"", ""tyrosine""]",[],0,0,4,2,3,inositol,0,3,0.1,702,174,13,5,5.90932381937322,0.30743427904961906,False,9492e163b6ef19b0563b1ce8302b8e8794e2e4c9c8031c62ff9774a3f63f6f58,0.058779486920684576
direct_neighbor_ridge,0,0,0,0,0,0,False,2,"[""dimethylglycine"", ""tyrosine""]",[],0,0,4,2,3,inositol,0,4,0.1,700,176,17,1,5.901945362571428,0.3203548605400837,False,cf9883e99ee1b956d01c2cb42a4d284b982ce23065d3616a5e1cced359e41fb5,0.06549565796740353
direct_neighbor_ridge,0,0,0,0,0,0,False,2,"[""dimethylglycine"", ""tyrosine""]",[],0,0,4,2,3,inositol,1,0,0.1,705,171,13,5,5.914651623971631,0.30612678425281226,False,32d2e2f547f707a9f12d899e65a934275c9f49020e10d214973126d05910ec9c,0.06368089420720935
direct_neighbor_ridge,0,0,0,0,0,0,False,2,"[""dimethylglycine"", ""tyrosine""]",[],0,0,4,2,3,inositol,1,1,0.1,700,176,17,1,5.901945362571428,0.3203548605400837,False,cf9883e99ee1b956d01c2cb42a4d284b982ce23065d3616a5e1cced359e41fb5,0.058505397057160735
direct_neighbor_ridge,0,0,0,0,0,0,False,2,"[""dimethylglycine"", ""tyrosine""]",[],0,0,4,2,3,inositol,1,2,0.1,697,179,16,2,5.888768051936872,0.3085624695175605,False,db1ab3680dcfc2deb10e2511ec28b70b27966d5a436d724be48267bcbf200acf,0.06654128595255315
direct_neighbor_ridge,0,0,0,0,0,0,False,2,"[""dimethylglycine"", ""tyrosine""]",[],0,0,4,2,3,inositol,1,3,0.1,700,176,13,5,5.883116619857143,0.31208583026363,False,659dce4f66bf4ee0228513d024a4e287e9f1aa3957152332b1483ab0af67cb42,0.06333625293336809
direct_neighbor_ridge,0,0,0,0,0,0,False,2,"[""dimethylglycine"", ""tyrosine""]",[],0,0,4,2,3,inositol,1,4,0.1,702,174,13,5,5.90932381937322,0.30743427904961906,False,9492e163b6ef19b0563b1ce8302b8e8794e2e4c9c8031c62ff9774a3f63f6f58,0.0664038339164108
direct_neighbor_ridge,0,0,0,0,0,0,False,4,"[""AMP"", ""glucuronate"", ""glutamate"", ""urate""]",[],0,0,8,4,5,isocitrate,0,0,10.0,697,179,16,2,5.851803350502152,0.2874344660326567,False,db1ab3680dcfc2deb10e2511ec28b70b27966d5a436d724be48267bcbf200acf,0.06394195789471269
direct_neighbor_ridge,0,0,0,0,0,0,False,4,"[""AMP"", ""glucuronate"", ""glutamate"", ""urate""]",[],0,0,8,4,5,isocitrate,0,1,100.0,705,171,13,5,5.801671359148936,0.3220998150747993,False,32d2e2f547f707a9f12d899e65a934275c9f49020e10d214973126d05910ec9c,0.07190393097698689
direct_neighbor_ridge,0,0,0,0,0,0,False,4,"[""AMP"", ""glucuronate"", ""glutamate"", ""urate""]",[],0,0,8,4,5,isocitrate,0,2,100.0,700,176,13,5,5.819626022285714,0.3125991244461808,False,659dce4f66bf4ee0228513d024a4e287e9f1aa3957152332b1483ab0af67cb42,0.07338863890618086
direct_neighbor_ridge,0,0,0,0,0,0,False,4,"[""AMP"", ""glucuronate"", ""glutamate"", ""urate""]",[],0,0,8,4,5,isocitrate,0,3,10.0,702,174,13,5,5.813583703703704,0.31261532643959306,False,9492e163b6ef19b0563b1ce8302b8e8794e2e4c9c8031c62ff9774a3f63f6f58,0.06992373918183148
direct_neighbor_ridge,0,0,0,0,0,0,False,4,"[""AMP"", ""glucuronate"", ""glutamate"", ""urate""]",[],0,0,8,4,5,isocitrate,0,4,100.0,700,176,17,1,5.8259869698571425,0.3181488605265445,False,cf9883e99ee1b956d01c2cb42a4d284b982ce23065d3616a5e1cced359e41fb5,0.06793268793262541
direct_neighbor_ridge,0,0,0,0,0,0,False,4,"[""AMP"", ""glucuronate"", ""glutamate"", ""urate""]",[],0,0,8,4,5,isocitrate,1,0,100.0,705,171,13,5,5.801671359148936,0.3220998150747993,False,32d2e2f547f707a9f12d899e65a934275c9f49020e10d214973126d05910ec9c,0.06041622604243457
direct_neighbor_ridge,0,0,0,0,0,0,False,4,"[""AMP"", ""glucuronate"", ""glutamate"", ""urate""]",[],0,0,8,4,5,isocitrate,1,1,100.0,700,176,17,1,5.8259869698571425,0.3181488605265445,False,cf9883e99ee1b956d01c2cb42a4d284b982ce23065d3616a5e1cced359e41fb5,0.07075819605961442
direct_neighbor_ridge,0,0,0,0,0,0,False,4,"[""AMP"", ""glucuronate"", ""glutamate"", ""urate""]",[],0,0,8,4,5,isocitrate,1,2,10.0,697,179,16,2,5.851803350502152,0.2874344660326567,False,db1ab3680dcfc2deb10e2511ec28b70b27966d5a436d724be48267bcbf200acf,0.06974122696556151
direct_neighbor_ridge,0,0,0,0,0,0,False,4,"[""AMP"", ""glucuronate"", ""glutamate"", ""urate""]",[],0,0,8,4,5,isocitrate,1,3,100.0,700,176,13,5,5.819626022285714,0.3125991244461808,False,659dce4f66bf4ee0228513d024a4e287e9f1aa3957152332b1483ab0af67cb42,0.06950251781381667
direct_neighbor_ridge,0,0,0,0,0,0,False,4,"[""AMP"", ""glucuronate"", ""glutamate"", ""urate""]",[],0,0,8,4,5,isocitrate,1,4,100.0,702,174,13,5,5.813583703703704,0.31261532643959306,False,9492e163b6ef19b0563b1ce8302b8e8794e2e4c9c8031c62ff9774a3f63f6f58,0.06893761712126434
direct_neighbor_ridge,0,0,0,0,0,0,False,1,"[""AMP""]",[],0,0,2,1,2,isoleucine,0,0,100.0,697,179,16,2,5.817292354949784,0.35729730334085963,False,db1ab3680dcfc2deb10e2511ec28b70b27966d5a436d724be48267bcbf200acf,0.05370309087447822
direct_neighbor_ridge,0,0,0,0,0,0,False,1,"[""AMP""]",[],0,0,2,1,2,isoleucine,0,1,0.1,705,171,13,5,5.704429871063829,0.3843932156639209,False,32d2e2f547f707a9f12d899e65a934275c9f49020e10d214973126d05910ec9c,0.04971679486334324
direct_neighbor_ridge,0,0,0,0,0,0,False,1,"[""AMP""]",[],0,0,2,1,2,isoleucine,0,2,0.1,700,176,13,5,5.724266333285715,0.38201203949617024,False,659dce4f66bf4ee0228513d024a4e287e9f1aa3957152332b1483ab0af67cb42,0.052851565880700946
direct_neighbor_ridge,0,0,0,0,0,0,False,1,"[""AMP""]",[],0,0,2,1,2,isoleucine,0,3,0.1,702,174,13,5,5.717218183618233,0.3896156708274436,False,9492e163b6ef19b0563b1ce8302b8e8794e2e4c9c8031c62ff9774a3f63f6f58,0.05537051288411021
direct_neighbor_ridge,0,0,0,0,0,0,False,1,"[""AMP""]",[],0,0,2,1,2,isoleucine,0,4,0.1,700,176,17,1,5.740546115571429,0.36965045572416955,False,cf9883e99ee1b956d01c2cb42a4d284b982ce23065d3616a5e1cced359e41fb5,0.06571810785681009
direct_neighbor_ridge,0,0,0,0,0,0,False,1,"[""AMP""]",[],0,0,2,1,2,isoleucine,1,0,0.1,705,171,13,5,5.704429871063829,0.3843932156639209,False,32d2e2f547f707a9f12d899e65a934275c9f49020e10d214973126d05910ec9c,0.050977987004444
direct_neighbor_ridge,0,0,0,0,0,0,False,1,"[""AMP""]",[],0,0,2,1,2,isoleucine,1,1,0.1,700,176,17,1,5.740546115571429,0.36965045572416955,False,cf9883e99ee1b956d01c2cb42a4d284b982ce23065d3616a5e1cced359e41fb5,0.04908662289381027
direct_neighbor_ridge,0,0,0,0,0,0,False,1,"[""AMP""]",[],0,0,2,1,2,isoleucine,1,2,100.0,697,179,16,2,5.817292354949784,0.35729730334085963,False,db1ab3680dcfc2deb10e2511ec28b70b27966d5a436d724be48267bcbf200acf,0.0521780198905617
direct_neighbor_ridge,0,0,0,0,0,0,False,1,"[""AMP""]",[],0,0,2,1,2,isoleucine,1,3,0.1,700,176,13,5,5.724266333285715,0.38201203949617024,False,659dce4f66bf4ee0228513d024a4e287e9f1aa3957152332b1483ab0af67cb42,0.05060647684149444
direct_neighbor_ridge,0,0,0,0,0,0,False,1,"[""AMP""]",[],0,0,2,1,2,isoleucine,1,4,0.1,702,174,13,5,5.717218183618233,0.3896156708274436,False,9492e163b6ef19b0563b1ce8302b8e8794e2e4c9c8031c62ff9774a3f63f6f58,0.050710733979940414
direct_neighbor_ridge,0,0,0,0,0,0,False,3,"[""AMP"", ""NAD"", ""homocysteine""]",[],0,0,6,3,4,kynurenine,0,0,100.0,697,179,16,2,5.934133664705882,0.43781396467582306,False,db1ab3680dcfc2deb10e2511ec28b70b27966d5a436d724be48267bcbf200acf,0.0741963149048388
direct_neighbor_ridge,0,0,0,0,0,0,False,3,"[""AMP"", ""NAD"", ""homocysteine""]",[],0,0,6,3,4,kynurenine,0,1,100.0,705,171,13,5,5.926552404964539,0.42337591229378796,False,32d2e2f547f707a9f12d899e65a934275c9f49020e10d214973126d05910ec9c,0.0918935697991401
direct_neighbor_ridge,0,0,0,0,0,0,False,3,"[""AMP"", ""NAD"", ""homocysteine""]",[],0,0,6,3,4,kynurenine,0,2,100.0,700,176,13,5,5.9390966704285715,0.43616254118090847,False,659dce4f66bf4ee0228513d024a4e287e9f1aa3957152332b1483ab0af67cb42,0.05718191107735038
direct_neighbor_ridge,0,0,0,0,0,0,False,3,"[""AMP"", ""NAD"", ""homocysteine""]",[],0,0,6,3,4,kynurenine,0,3,100.0,702,174,13,5,5.952286661396012,0.4239211231682899,False,9492e163b6ef19b0563b1ce8302b8e8794e2e4c9c8031c62ff9774a3f63f6f58,0.06076034205034375
direct_neighbor_ridge,0,0,0,0,0,0,False,3,"[""AMP"", ""NAD"", ""homocysteine""]",[],0,0,6,3,4,kynurenine,0,4,100.0,700,176,17,1,5.939905379142859,0.44267273159479614,False,cf9883e99ee1b956d01c2cb42a4d284b982ce23065d3616a5e1cced359e41fb5,0.07302101096138358
direct_neighbor_ridge,0,0,0,0,0,0,False,3,"[""AMP"", ""NAD"", ""homocysteine""]",[],0,0,6,3,4,kynurenine,1,0,100.0,705,171,13,5,5.926552404964539,0.42337591229378796,False,32d2e2f547f707a9f12d899e65a934275c9f49020e10d214973126d05910ec9c,0.09529430698603392
direct_neighbor_ridge,0,0,0,0,0,0,False,3,"[""AMP"", ""NAD"", ""homocysteine""]",[],0,0,6,3,4,kynurenine,1,1,100.0,700,176,17,1,5.939905379142859,0.44267273159479614,False,cf9883e99ee1b956d01c2cb42a4d284b982ce23065d3616a5e1cced359e41fb5,0.06832902296446264
direct_neighbor_ridge,0,0,0,0,0,0,False,3,"[""AMP"", ""NAD"", ""homocysteine""]",[],0,0,6,3,4,kynurenine,1,2,100.0,697,179,16,2,5.934133664705882,0.43781396467582306,False,db1ab3680dcfc2deb10e2511ec28b70b27966d5a436d724be48267bcbf200acf,0.06704443087801337
direct_neighbor_ridge,0,0,0,0,0,0,False,3,"[""AMP"", ""NAD"", ""homocysteine""]",[],0,0,6,3,4,kynurenine,1,3,100.0,700,176,13,5,5.9390966704285715,0.43616254118090847,False,659dce4f66bf4ee0228513d024a4e287e9f1aa3957152332b1483ab0af67cb42,0.05668235803022981
direct_neighbor_ridge,0,0,0,0,0,0,False,3,"[""AMP"", ""NAD"", ""homocysteine""]",[],0,0,6,3,4,kynurenine,1,4,100.0,702,174,13,5,5.952286661396012,0.4239211231682899,False,9492e163b6ef19b0563b1ce8302b8e8794e2e4c9c8031c62ff9774a3f63f6f58,0.058478086022660136
direct_neighbor_ridge,0,0,0,0,0,0,False,3,"[""NAD"", ""beta-alanine"", ""isocitrate""]",[],0,0,6,3,4,leucine,0,0,100.0,697,179,16,2,5.831542355954089,0.2951264468207581,False,db1ab3680dcfc2deb10e2511ec28b70b27966d5a436d724be48267bcbf200acf,0.1409516059793532
direct_neighbor_ridge,0,0,0,0,0,0,False,3,"[""NAD"", ""beta-alanine"", ""isocitrate""]",[],0,0,6,3,4,leucine,0,1,10.0,705,171,13,5,5.71278935716312,0.3461939858441402,False,32d2e2f547f707a9f12d899e65a934275c9f49020e10d214973126d05910ec9c,0.11370030883699656
direct_neighbor_ridge,0,0,0,0,0,0,False,3,"[""NAD"", ""beta-alanine"", ""isocitrate""]",[],0,0,6,3,4,leucine,0,2,100.0,700,176,13,5,5.738065795428572,0.3490973408490637,False,659dce4f66bf4ee0228513d024a4e287e9f1aa3957152332b1483ab0af67cb42,0.09846855606883764
direct_neighbor_ridge,0,0,0,0,0,0,False,3,"[""NAD"", ""beta-alanine"", ""isocitrate""]",[],0,0,6,3,4,leucine,0,3,10.0,702,174,13,5,5.729321187321937,0.341575517760423,False,9492e163b6ef19b0563b1ce8302b8e8794e2e4c9c8031c62ff9774a3f63f6f58,0.05476035107858479
direct_neighbor_ridge,0,0,0,0,0,0,False,3,"[""NAD"", ""beta-alanine"", ""isocitrate""]",[],0,0,6,3,4,leucine,0,4,0.1,700,176,17,1,5.747189129714286,0.3342929822214523,False,cf9883e99ee1b956d01c2cb42a4d284b982ce23065d3616a5e1cced359e41fb5,0.06269447482191026
direct_neighbor_ridge,0,0,0,0,0,0,False,3,"[""NAD"", ""beta-alanine"", ""isocitrate""]",[],0,0,6,3,4,leucine,1,0,10.0,705,171,13,5,5.71278935716312,0.3461939858441402,False,32d2e2f547f707a9f12d899e65a934275c9f49020e10d214973126d05910ec9c,0.053571307100355625
direct_neighbor_ridge,0,0,0,0,0,0,False,3,"[""NAD"", ""beta-alanine"", ""isocitrate""]",[],0,0,6,3,4,leucine,1,1,100.0,700,176,17,1,5.747189129714286,0.3342929822214523,False,cf9883e99ee1b956d01c2cb42a4d284b982ce23065d3616a5e1cced359e41fb5,0.07312694005668163
direct_neighbor_ridge,0,0,0,0,0,0,False,3,"[""NAD"", ""beta-alanine"", ""isocitrate""]",[],0,0,6,3,4,leucine,1,2,100.0,697,179,16,2,5.831542355954089,0.2951264468207581,False,db1ab3680dcfc2deb10e2511ec28b70b27966d5a436d724be48267bcbf200acf,0.0563865308649838
direct_neighbor_ridge,0,0,0,0,0,0,False,3,"[""NAD"", ""beta-alanine"", ""isocitrate""]",[],0,0,6,3,4,leucine,1,3,100.0,700,176,13,5,5.738065795428572,0.3490973408490637,False,659dce4f66bf4ee0228513d024a4e287e9f1aa3957152332b1483ab0af67cb42,0.0932736829854548
direct_neighbor_ridge,0,0,0,0,0,0,False,3,"[""NAD"", ""beta-alanine"", ""isocitrate""]",[],0,0,6,3,4,leucine,1,4,10.0,702,174,13,5,5.729321187321937,0.341575517760423,False,9492e163b6ef19b0563b1ce8302b8e8794e2e4c9c8031c62ff9774a3f63f6f58,0.05384436505846679
direct_neighbor_ridge,0,0,0,0,0,0,False,1,"[""AMP""]",[],0,0,2,1,2,lysine,0,0,0.1,697,179,16,2,5.934322607747489,0.4071035682376424,False,db1ab3680dcfc2deb10e2511ec28b70b27966d5a436d724be48267bcbf200acf,0.05805003712885082
direct_neighbor_ridge,0,0,0,0,0,0,False,1,"[""AMP""]",[],0,0,2,1,2,lysine,0,1,0.1,705,171,13,5,5.763875533617021,0.4753635421432698,False,32d2e2f547f707a9f12d899e65a934275c9f49020e10d214973126d05910ec9c,0.10610123001970351
direct_neighbor_ridge,0,0,0,0,0,0,False,1,"[""AMP""]",[],0,0,2,1,2,lysine,0,2,0.1,700,176,13,5,5.818256463428571,0.4878590191417011,False,659dce4f66bf4ee0228513d024a4e287e9f1aa3957152332b1483ab0af67cb42,0.11121262307278812
direct_neighbor_ridge,0,0,0,0,0,0,False,1,"[""AMP""]",[],0,0,2,1,2,lysine,0,3,0.1,702,174,13,5,5.772962760683761,0.4814261181271888,False,9492e163b6ef19b0563b1ce8302b8e8794e2e4c9c8031c62ff9774a3f63f6f58,0.09022892103530467
direct_neighbor_ridge,0,0,0,0,0,0,False,1,"[""AMP""]",[],0,0,2,1,2,lysine,0,4,0.1,700,176,17,1,5.809447613714285,0.47990437809288217,False,cf9883e99ee1b956d01c2cb42a4d284b982ce23065d3616a5e1cced359e41fb5,0.09196208813227713
direct_neighbor_ridge,0,0,0,0,0,0,False,1,"[""AMP""]",[],0,0,2,1,2,lysine,1,0,0.1,705,171,13,5,5.763875533617021,0.4753635421432698,False,32d2e2f547f707a9f12d899e65a934275c9f49020e10d214973126d05910ec9c,0.05301138013601303
direct_neighbor_ridge,0,0,0,0,0,0,False,1,"[""AMP""]",[],0,0,2,1,2,lysine,1,1,0.1,700,176,17,1,5.809447613714285,0.47990437809288217,False,cf9883e99ee1b956d01c2cb42a4d284b982ce23065d3616a5e1cced359e41fb5,0.06257679406553507
direct_neighbor_ridge,0,0,0,0,0,0,False,1,"[""AMP""]",[],0,0,2,1,2,lysine,1,2,10.0,697,179,16,2,5.934322607747489,0.4071035682376424,False,db1ab3680dcfc2deb10e2511ec28b70b27966d5a436d724be48267bcbf200acf,0.07329134806059301
direct_neighbor_ridge,0,0,0,0,0,0,False,1,"[""AMP""]",[],0,0,2,1,2,lysine,1,3,0.1,700,176,13,5,5.818256463428571,0.4878590191417011,False,659dce4f66bf4ee0228513d024a4e287e9f1aa3957152332b1483ab0af67cb42,0.05414735805243254
direct_neighbor_ridge,0,0,0,0,0,0,False,1,"[""AMP""]",[],0,0,2,1,2,lysine,1,4,0.1,702,174,13,5,5.772962760683761,0.4814261181271888,False,9492e163b6ef19b0563b1ce8302b8e8794e2e4c9c8031c62ff9774a3f63f6f58,0.05256102210842073
direct_neighbor_ridge,0,0,0,0,0,0,False,2,"[""AMP"", ""glutamate""]",[],0,0,4,2,3,malate,0,0,10.0,697,179,16,2,5.84539932697274,0.2374032760953075,False,db1ab3680dcfc2deb10e2511ec28b70b27966d5a436d724be48267bcbf200acf,0.04984223609790206
direct_neighbor_ridge,0,0,0,0,0,0,False,2,"[""AMP"", ""glutamate""]",[],0,0,4,2,3,malate,0,1,100.0,705,171,13,5,5.832756050070921,0.27493887360433295,False,32d2e2f547f707a9f12d899e65a934275c9f49020e10d214973126d05910ec9c,0.0786306569352746
direct_neighbor_ridge,0,0,0,0,0,0,False,2,"[""AMP"", ""glutamate""]",[],0,0,4,2,3,malate,0,2,100.0,700,176,13,5,5.831384746571429,0.2691691871484761,False,659dce4f66bf4ee0228513d024a4e287e9f1aa3957152332b1483ab0af67cb42,0.0571262591984123
direct_neighbor_ridge,0,0,0,0,0,0,False,2,"[""AMP"", ""glutamate""]",[],0,0,4,2,3,malate,0,3,100.0,702,174,13,5,5.846637076923078,0.260711235793023,False,9492e163b6ef19b0563b1ce8302b8e8794e2e4c9c8031c62ff9774a3f63f6f58,0.0491823460906744
direct_neighbor_ridge,0,0,0,0,0,0,False,2,"[""AMP"", ""glutamate""]",[],0,0,4,2,3,malate,0,4,100.0,700,176,17,1,5.840662609714286,0.2716781962373946,False,cf9883e99ee1b956d01c2cb42a4d284b982ce23065d3616a5e1cced359e41fb5,0.05888439202681184
direct_neighbor_ridge,0,0,0,0,0,0,False,2,"[""AMP"", ""glutamate""]",[],0,0,4,2,3,malate,1,0,100.0,705,171,13,5,5.832756050070921,0.27493887360433295,False,32d2e2f547f707a9f12d899e65a934275c9f49020e10d214973126d05910ec9c,0.07399591989815235
direct_neighbor_ridge,0,0,0,0,0,0,False,2,"[""AMP"", ""glutamate""]",[],0,0,4,2,3,malate,1,1,100.0,700,176,17,1,5.840662609714286,0.2716781962373946,False,cf9883e99ee1b956d01c2cb42a4d284b982ce23065d3616a5e1cced359e41fb5,0.08102512615732849
direct_neighbor_ridge,0,0,0,0,0,0,False,2,"[""AMP"", ""glutamate""]",[],0,0,4,2,3,malate,1,2,10.0,697,179,16,2,5.84539932697274,0.2374032760953075,False,db1ab3680dcfc2deb10e2511ec28b70b27966d5a436d724be48267bcbf200acf,0.08450390491634607
direct_neighbor_ridge,0,0,0,0,0,0,False,2,"[""AMP"", ""glutamate""]",[],0,0,4,2,3,malate,1,3,100.0,700,176,13,5,5.831384746571429,0.2691691871484761,False,659dce4f66bf4ee0228513d024a4e287e9f1aa3957152332b1483ab0af67cb42,0.08315835287794471
direct_neighbor_ridge,0,0,0,0,0,0,False,2,"[""AMP"", ""glutamate""]",[],0,0,4,2,3,malate,1,4,100.0,702,174,13,5,5.846637076923078,0.260711235793023,False,9492e163b6ef19b0563b1ce8302b8e8794e2e4c9c8031c62ff9774a3f63f6f58,0.05733633297495544
direct_neighbor_ridge,0,0,0,0,0,0,False,4,"[""GMP"", ""NAD"", ""UMP"", ""citrulline""]",[],0,0,8,4,5,methionine,0,0,100.0,697,179,16,2,5.844706393113342,0.3516238559885935,False,db1ab3680dcfc2deb10e2511ec28b70b27966d5a436d724be48267bcbf200acf,0.05831086914986372
direct_neighbor_ridge,0,0,0,0,0,0,False,4,"[""GMP"", ""NAD"", ""UMP"", ""citrulline""]",[],0,0,8,4,5,methionine,0,1,10.0,705,171,13,5,5.710732257446809,0.4029734963810446,False,32d2e2f547f707a9f12d899e65a934275c9f49020e10d214973126d05910ec9c,0.05659490008838475
direct_neighbor_ridge,0,0,0,0,0,0,False,4,"[""GMP"", ""NAD"", ""UMP"", ""citrulline""]",[],0,0,8,4,5,methionine,0,2,10.0,700,176,13,5,5.740705925428571,0.3974252920124316,False,659dce4f66bf4ee0228513d024a4e287e9f1aa3957152332b1483ab0af67cb42,0.05764484801329672
direct_neighbor_ridge,0,0,0,0,0,0,False,4,"[""GMP"", ""NAD"", ""UMP"", ""citrulline""]",[],0,0,8,4,5,methionine,0,3,10.0,702,174,13,5,5.726730337464388,0.3991828927493059,False,9492e163b6ef19b0563b1ce8302b8e8794e2e4c9c8031c62ff9774a3f63f6f58,0.05954727600328624
direct_neighbor_ridge,0,0,0,0,0,0,False,4,"[""GMP"", ""NAD"", ""UMP"", ""citrulline""]",[],0,0,8,4,5,methionine,0,4,1.0,700,176,17,1,5.751831437428572,0.3837665333034442,False,cf9883e99ee1b956d01c2cb42a4d284b982ce23065d3616a5e1cced359e41fb5,0.06603213306516409
direct_neighbor_ridge,0,0,0,0,0,0,False,4,"[""GMP"", ""NAD"", ""UMP"", ""citrulline""]",[],0,0,8,4,5,methionine,1,0,10.0,705,171,13,5,5.710732257446809,0.4029734963810446,False,32d2e2f547f707a9f12d899e65a934275c9f49020e10d214973126d05910ec9c,0.05933525203727186
direct_neighbor_ridge,0,0,0,0,0,0,False,4,"[""GMP"", ""NAD"", ""UMP"", ""citrulline""]",[],0,0,8,4,5,methionine,1,1,10.0,700,176,17,1,5.751831437428572,0.3837665333034442,False,cf9883e99ee1b956d01c2cb42a4d284b982ce23065d3616a5e1cced359e41fb5,0.05899439402855933
direct_neighbor_ridge,0,0,0,0,0,0,False,4,"[""GMP"", ""NAD"", ""UMP"", ""citrulline""]",[],0,0,8,4,5,methionine,1,2,100.0,697,179,16,2,5.844706393113342,0.3516238559885935,False,db1ab3680dcfc2deb10e2511ec28b70b27966d5a436d724be48267bcbf200acf,0.05687327915802598
direct_neighbor_ridge,0,0,0,0,0,0,False,4,"[""GMP"", ""NAD"", ""UMP"", ""citrulline""]",[],0,0,8,4,5,methionine,1,3,10.0,700,176,13,5,5.740705925428571,0.3974252920124316,False,659dce4f66bf4ee0228513d024a4e287e9f1aa3957152332b1483ab0af67cb42,0.07167400605976582
direct_neighbor_ridge,0,0,0,0,0,0,False,4,"[""GMP"", ""NAD"", ""UMP"", ""citrulline""]",[],0,0,8,4,5,methionine,1,4,100.0,702,174,13,5,5.726730337464388,0.3991828927493059,False,9492e163b6ef19b0563b1ce8302b8e8794e2e4c9c8031c62ff9774a3f63f6f58,0.07491762982681394
direct_neighbor_ridge,0,0,0,0,0,0,False,5,"[""AMP"", ""GMP"", ""adenosine"", ""beta-alanine"", ""xanthosine""]",[],0,0,10,5,6,ornithine,0,0,10.0,697,179,16,2,5.901764725107604,0.37091255999449113,False,db1ab3680dcfc2deb10e2511ec28b70b27966d5a436d724be48267bcbf200acf,0.05718805897049606
direct_neighbor_ridge,0,0,0,0,0,0,False,5,"[""AMP"", ""GMP"", ""adenosine"", ""beta-alanine"", ""xanthosine""]",[],0,0,10,5,6,ornithine,0,1,100.0,705,171,13,5,5.868419232765957,0.39189021898334747,False,32d2e2f547f707a9f12d899e65a934275c9f49020e10d214973126d05910ec9c,0.06208302895538509
direct_neighbor_ridge,0,0,0,0,0,0,False,5,"[""AMP"", ""GMP"", ""adenosine"", ""beta-alanine"", ""xanthosine""]",[],0,0,10,5,6,ornithine,0,2,100.0,700,176,13,5,5.857476163,0.37685730093351216,False,659dce4f66bf4ee0228513d024a4e287e9f1aa3957152332b1483ab0af67cb42,0.0633253208361566
direct_neighbor_ridge,0,0,0,0,0,0,False,5,"[""AMP"", ""GMP"", ""adenosine"", ""beta-alanine"", ""xanthosine""]",[],0,0,10,5,6,ornithine,0,3,100.0,702,174,13,5,5.870326695584046,0.38229349463561557,False,9492e163b6ef19b0563b1ce8302b8e8794e2e4c9c8031c62ff9774a3f63f6f58,0.05783905298449099
direct_neighbor_ridge,0,0,0,0,0,0,False,5,"[""AMP"", ""GMP"", ""adenosine"", ""beta-alanine"", ""xanthosine""]",[],0,0,10,5,6,ornithine,0,4,10.0,700,176,17,1,5.861688638714287,0.3763700504060924,False,cf9883e99ee1b956d01c2cb42a4d284b982ce23065d3616a5e1cced359e41fb5,0.05996271385811269
direct_neighbor_ridge,0,0,0,0,0,0,False,5,"[""AMP"", ""GMP"", ""adenosine"", ""beta-alanine"", ""xanthosine""]",[],0,0,10,5,6,ornithine,1,0,100.0,705,171,13,5,5.868419232765957,0.39189021898334747,False,32d2e2f547f707a9f12d899e65a934275c9f49020e10d214973126d05910ec9c,0.05879834992811084
direct_neighbor_ridge,0,0,0,0,0,0,False,5,"[""AMP"", ""GMP"", ""adenosine"", ""beta-alanine"", ""xanthosine""]",[],0,0,10,5,6,ornithine,1,1,10.0,700,176,17,1,5.861688638714287,0.3763700504060924,False,cf9883e99ee1b956d01c2cb42a4d284b982ce23065d3616a5e1cced359e41fb5,0.06601911503821611
direct_neighbor_ridge,0,0,0,0,0,0,False,5,"[""AMP"", ""GMP"", ""adenosine"", ""beta-alanine"", ""xanthosine""]",[],0,0,10,5,6,ornithine,1,2,100.0,697,179,16,2,5.901764725107604,0.37091255999449113,False,db1ab3680dcfc2deb10e2511ec28b70b27966d5a436d724be48267bcbf200acf,0.07173994509503245
direct_neighbor_ridge,0,0,0,0,0,0,False,5,"[""AMP"", ""GMP"", ""adenosine"", ""beta-alanine"", ""xanthosine""]",[],0,0,10,5,6,ornithine,1,3,100.0,700,176,13,5,5.857476163,0.37685730093351216,False,659dce4f66bf4ee0228513d024a4e287e9f1aa3957152332b1483ab0af67cb42,0.06888984818942845
direct_neighbor_ridge,0,0,0,0,0,0,False,5,"[""AMP"", ""GMP"", ""adenosine"", ""beta-alanine"", ""xanthosine""]",[],0,0,10,5,6,ornithine,1,4,100.0,702,174,13,5,5.870326695584046,0.38229349463561557,False,9492e163b6ef19b0563b1ce8302b8e8794e2e4c9c8031c62ff9774a3f63f6f58,0.06578416400589049
direct_neighbor_ridge,0,0,0,0,0,0,False,1,"[""AMP""]",[],0,0,2,1,2,oxalate,0,0,100.0,697,179,16,2,5.8571481606886655,0.19123230688172624,False,db1ab3680dcfc2deb10e2511ec28b70b27966d5a436d724be48267bcbf200acf,0.05920422892086208
direct_neighbor_ridge,0,0,0,0,0,0,False,1,"[""AMP""]",[],0,0,2,1,2,oxalate,0,1,0.1,705,171,13,5,5.943317970496454,0.24685378640027086,False,32d2e2f547f707a9f12d899e65a934275c9f49020e10d214973126d05910ec9c,0.04706828808411956
direct_neighbor_ridge,0,0,0,0,0,0,False,1,"[""AMP""]",[],0,0,2,1,2,oxalate,0,2,0.1,700,176,13,5,5.94393518457143,0.24464424725957237,False,659dce4f66bf4ee0228513d024a4e287e9f1aa3957152332b1483ab0af67cb42,0.05269336188212037
direct_neighbor_ridge,0,0,0,0,0,0,False,1,"[""AMP""]",[],0,0,2,1,2,oxalate,0,3,0.1,702,174,13,5,5.932151932336182,0.24734399059798892,False,9492e163b6ef19b0563b1ce8302b8e8794e2e4c9c8031c62ff9774a3f63f6f58,0.05594837502576411
direct_neighbor_ridge,0,0,0,0,0,0,False,1,"[""AMP""]",[],0,0,2,1,2,oxalate,0,4,0.1,700,176,17,1,5.923174090142856,0.23355041846191812,False,cf9883e99ee1b956d01c2cb42a4d284b982ce23065d3616a5e1cced359e41fb5,0.055616030003875494
direct_neighbor_ridge,0,0,0,0,0,0,False,1,"[""AMP""]",[],0,0,2,1,2,oxalate,1,0,0.1,705,171,13,5,5.943317970496454,0.24685378640027086,False,32d2e2f547f707a9f12d899e65a934275c9f49020e10d214973126d05910ec9c,0.06029113498516381
direct_neighbor_ridge,0,0,0,0,0,0,False,1,"[""AMP""]",[],0,0,2,1,2,oxalate,1,1,0.1,700,176,17,1,5.923174090142856,0.23355041846191812,False,cf9883e99ee1b956d01c2cb42a4d284b982ce23065d3616a5e1cced359e41fb5,0.06459049019031227
direct_neighbor_ridge,0,0,0,0,0,0,False,1,"[""AMP""]",[],0,0,2,1,2,oxalate,1,2,100.0,697,179,16,2,5.8571481606886655,0.19123230688172624,False,db1ab3680dcfc2deb10e2511ec28b70b27966d5a436d724be48267bcbf200acf,0.06365020689554513
direct_neighbor_ridge,0,0,0,0,0,0,False,1,"[""AMP""]",[],0,0,2,1,2,oxalate,1,3,0.1,700,176,13,5,5.94393518457143,0.24464424725957237,False,659dce4f66bf4ee0228513d024a4e287e9f1aa3957152332b1483ab0af67cb42,0.06452557793818414
direct_neighbor_ridge,0,0,0,0,0,0,False,1,"[""AMP""]",[],0,0,2,1,2,oxalate,1,4,0.1,702,174,13,5,5.932151932336182,0.24734399059798892,False,9492e163b6ef19b0563b1ce8302b8e8794e2e4c9c8031c62ff9774a3f63f6f58,0.06100643100216985
direct_neighbor_ridge,0,0,0,0,0,0,False,4,"[""NAD"", ""NADP"", ""inositol"", ""sarcosine""]",[],0,0,8,4,5,phenylalanine,0,0,100.0,697,179,16,2,5.936915044619799,0.38787707730618587,False,db1ab3680dcfc2deb10e2511ec28b70b27966d5a436d724be48267bcbf200acf,0.06869355402886868
direct_neighbor_ridge,0,0,0,0,0,0,False,4,"[""NAD"", ""NADP"", ""inositol"", ""sarcosine""]",[],0,0,8,4,5,phenylalanine,0,1,100.0,705,171,13,5,5.785095450496454,0.4305034051315013,False,32d2e2f547f707a9f12d899e65a934275c9f49020e10d214973126d05910ec9c,0.06194593897089362
direct_neighbor_ridge,0,0,0,0,0,0,False,4,"[""NAD"", ""NADP"", ""inositol"", ""sarcosine""]",[],0,0,8,4,5,phenylalanine,0,2,100.0,700,176,13,5,5.836019977714286,0.43676103299292846,False,659dce4f66bf4ee0228513d024a4e287e9f1aa3957152332b1483ab0af67cb42,0.0765426189173013
direct_neighbor_ridge,0,0,0,0,0,0,False,4,"[""NAD"", ""NADP"", ""inositol"", ""sarcosine""]",[],0,0,8,4,5,phenylalanine,0,3,1.0,702,174,13,5,5.804011151994302,0.4357928814395778,False,9492e163b6ef19b0563b1ce8302b8e8794e2e4c9c8031c62ff9774a3f63f6f58,0.11602896801196039
direct_neighbor_ridge,0,0,0,0,0,0,False,4,"[""NAD"", ""NADP"", ""inositol"", ""sarcosine""]",[],0,0,8,4,5,phenylalanine,0,4,100.0,700,176,17,1,5.839300081428571,0.43520662066993177,False,cf9883e99ee1b956d01c2cb42a4d284b982ce23065d3616a5e1cced359e41fb5,0.19548732694238424
direct_neighbor_ridge,0,0,0,0,0,0,False,4,"[""NAD"", ""NADP"", ""inositol"", ""sarcosine""]",[],0,0,8,4,5,phenylalanine,1,0,100.0,705,171,13,5,5.785095450496454,0.4305034051315013,False,32d2e2f547f707a9f12d899e65a934275c9f49020e10d214973126d05910ec9c,0.10180234303697944
direct_neighbor_ridge,0,0,0,0,0,0,False,4,"[""NAD"", ""NADP"", ""inositol"", ""sarcosine""]",[],0,0,8,4,5,phenylalanine,1,1,100.0,700,176,17,1,5.839300081428571,0.43520662066993177,False,cf9883e99ee1b956d01c2cb42a4d284b982ce23065d3616a5e1cced359e41fb5,0.10973156779073179
direct_neighbor_ridge,0,0,0,0,0,0,False,4,"[""NAD"", ""NADP"", ""inositol"", ""sarcosine""]",[],0,0,8,4,5,phenylalanine,1,2,100.0,697,179,16,2,5.936915044619799,0.38787707730618587,False,db1ab3680dcfc2deb10e2511ec28b70b27966d5a436d724be48267bcbf200acf,0.06934950198046863
direct_neighbor_ridge,0,0,0,0,0,0,False,4,"[""NAD"", ""NADP"", ""inositol"", ""sarcosine""]",[],0,0,8,4,5,phenylalanine,1,3,100.0,700,176,13,5,5.836019977714286,0.43676103299292846,False,659dce4f66bf4ee0228513d024a4e287e9f1aa3957152332b1483ab0af67cb42,0.09447809495031834
direct_neighbor_ridge,0,0,0,0,0,0,False,4,"[""NAD"", ""NADP"", ""inositol"", ""sarcosine""]",[],0,0,8,4,5,phenylalanine,1,4,100.0,702,174,13,5,5.804011151994302,0.4357928814395778,False,9492e163b6ef19b0563b1ce8302b8e8794e2e4c9c8031c62ff9774a3f63f6f58,0.06827789801172912
direct_neighbor_ridge,0,0,0,0,0,0,False,3,"[""AMP"", ""beta-alanine"", ""glutamate""]",[],0,0,6,3,4,proline,0,0,0.1,697,179,16,2,5.845378479196557,0.2597836119794736,False,db1ab3680dcfc2deb10e2511ec28b70b27966d5a436d724be48267bcbf200acf,0.06903156195767224
direct_neighbor_ridge,0,0,0,0,0,0,False,3,"[""AMP"", ""beta-alanine"", ""glutamate""]",[],0,0,6,3,4,proline,0,1,10.0,705,171,13,5,5.842336137872341,0.2589631265461561,False,32d2e2f547f707a9f12d899e65a934275c9f49020e10d214973126d05910ec9c,0.07462024316191673
direct_neighbor_ridge,0,0,0,0,0,0,False,3,"[""AMP"", ""beta-alanine"", ""glutamate""]",[],0,0,6,3,4,proline,0,2,0.1,700,176,13,5,5.830172965428571,0.2636424283030725,False,659dce4f66bf4ee0228513d024a4e287e9f1aa3957152332b1483ab0af67cb42,0.07258576597087085
direct_neighbor_ridge,0,0,0,0,0,0,False,3,"[""AMP"", ""beta-alanine"", ""glutamate""]",[],0,0,6,3,4,proline,0,3,0.1,702,174,13,5,5.858766810683761,0.2529611541886748,False,9492e163b6ef19b0563b1ce8302b8e8794e2e4c9c8031c62ff9774a3f63f6f58,0.079682398121804
direct_neighbor_ridge,0,0,0,0,0,0,False,3,"[""AMP"", ""beta-alanine"", ""glutamate""]",[],0,0,6,3,4,proline,0,4,1.0,700,176,17,1,5.847336737571429,0.2643426691214404,False,cf9883e99ee1b956d01c2cb42a4d284b982ce23065d3616a5e1cced359e41fb5,0.09477718593552709
direct_neighbor_ridge,0,0,0,0,0,0,False,3,"[""AMP"", ""beta-alanine"", ""glutamate""]",[],0,0,6,3,4,proline,1,0,10.0,705,171,13,5,5.842336137872341,0.2589631265461561,False,32d2e2f547f707a9f12d899e65a934275c9f49020e10d214973126d05910ec9c,0.07536547700874507
direct_neighbor_ridge,0,0,0,0,0,0,False,3,"[""AMP"", ""beta-alanine"", ""glutamate""]",[],0,0,6,3,4,proline,1,1,1.0,700,176,17,1,5.847336737571429,0.2643426691214404,False,cf9883e99ee1b956d01c2cb42a4d284b982ce23065d3616a5e1cced359e41fb5,0.06824998511001468
direct_neighbor_ridge,0,0,0,0,0,0,False,3,"[""AMP"", ""beta-alanine"", ""glutamate""]",[],0,0,6,3,4,proline,1,2,0.1,697,179,16,2,5.845378479196557,0.2597836119794736,False,db1ab3680dcfc2deb10e2511ec28b70b27966d5a436d724be48267bcbf200acf,0.06307050795294344
direct_neighbor_ridge,0,0,0,0,0,0,False,3,"[""AMP"", ""beta-alanine"", ""glutamate""]",[],0,0,6,3,4,proline,1,3,0.1,700,176,13,5,5.830172965428571,0.2636424283030725,False,659dce4f66bf4ee0228513d024a4e287e9f1aa3957152332b1483ab0af67cb42,0.056652230909094214
direct_neighbor_ridge,0,0,0,0,0,0,False,3,"[""AMP"", ""beta-alanine"", ""glutamate""]",[],0,0,6,3,4,proline,1,4,0.1,702,174,13,5,5.858766810683761,0.2529611541886748,False,9492e163b6ef19b0563b1ce8302b8e8794e2e4c9c8031c62ff9774a3f63f6f58,0.07711817789822817
direct_neighbor_ridge,0,0,0,0,0,0,False,1,"[""citrulline""]",[],0,0,2,1,2,putrescine,0,0,100.0,697,179,16,2,5.834476610903874,0.34981390103904925,False,db1ab3680dcfc2deb10e2511ec28b70b27966d5a436d724be48267bcbf200acf,0.07369763916358352
direct_neighbor_ridge,0,0,0,0,0,0,False,1,"[""citrulline""]",[],0,0,2,1,2,putrescine,0,1,100.0,705,171,13,5,5.86676280468085,0.34453860408251974,False,32d2e2f547f707a9f12d899e65a934275c9f49020e10d214973126d05910ec9c,0.07522538490593433
direct_neighbor_ridge,0,0,0,0,0,0,False,1,"[""citrulline""]",[],0,0,2,1,2,putrescine,0,2,0.1,700,176,13,5,5.834921169142857,0.3603584147236382,False,659dce4f66bf4ee0228513d024a4e287e9f1aa3957152332b1483ab0af67cb42,0.05616851500235498
direct_neighbor_ridge,0,0,0,0,0,0,False,1,"[""citrulline""]",[],0,0,2,1,2,putrescine,0,3,0.1,702,174,13,5,5.858962787749288,0.360190081438807,False,9492e163b6ef19b0563b1ce8302b8e8794e2e4c9c8031c62ff9774a3f63f6f58,0.057919933926314116
direct_neighbor_ridge,0,0,0,0,0,0,False,1,"[""citrulline""]",[],0,0,2,1,2,putrescine,0,4,100.0,700,176,17,1,5.842789945571428,0.34901274084762085,False,cf9883e99ee1b956d01c2cb42a4d284b982ce23065d3616a5e1cced359e41fb5,0.05671617388725281
direct_neighbor_ridge,0,0,0,0,0,0,False,1,"[""citrulline""]",[],0,0,2,1,2,putrescine,1,0,100.0,705,171,13,5,5.86676280468085,0.34453860408251974,False,32d2e2f547f707a9f12d899e65a934275c9f49020e10d214973126d05910ec9c,0.05650914693251252
direct_neighbor_ridge,0,0,0,0,0,0,False,1,"[""citrulline""]",[],0,0,2,1,2,putrescine,1,1,100.0,700,176,17,1,5.842789945571428,0.34901274084762085,False,cf9883e99ee1b956d01c2cb42a4d284b982ce23065d3616a5e1cced359e41fb5,0.048915506806224585
direct_neighbor_ridge,0,0,0,0,0,0,False,1,"[""citrulline""]",[],0,0,2,1,2,putrescine,1,2,100.0,697,179,16,2,5.834476610903874,0.34981390103904925,False,db1ab3680dcfc2deb10e2511ec28b70b27966d5a436d724be48267bcbf200acf,0.05205798102542758
direct_neighbor_ridge,0,0,0,0,0,0,False,1,"[""citrulline""]",[],0,0,2,1,2,putrescine,1,3,100.0,700,176,13,5,5.834921169142857,0.3603584147236382,False,659dce4f66bf4ee0228513d024a4e287e9f1aa3957152332b1483ab0af67cb42,0.054087644908577204
direct_neighbor_ridge,0,0,0,0,0,0,False,1,"[""citrulline""]",[],0,0,2,1,2,putrescine,1,4,0.1,702,174,13,5,5.858962787749288,0.360190081438807,False,9492e163b6ef19b0563b1ce8302b8e8794e2e4c9c8031c62ff9774a3f63f6f58,0.06850568880327046
direct_neighbor_ridge,0,0,0,0,0,0,False,3,"[""UMP"", ""beta-alanine"", ""glutamate""]",[],0,0,6,3,4,sarcosine,0,0,100.0,697,179,16,2,5.9369144758967005,0.2599483145796618,False,db1ab3680dcfc2deb10e2511ec28b70b27966d5a436d724be48267bcbf200acf,0.05462000519037247
direct_neighbor_ridge,0,0,0,0,0,0,False,3,"[""UMP"", ""beta-alanine"", ""glutamate""]",[],0,0,6,3,4,sarcosine,0,1,100.0,705,171,13,5,5.9332476963120575,0.2541831682725793,False,32d2e2f547f707a9f12d899e65a934275c9f49020e10d214973126d05910ec9c,0.05328736314550042
direct_neighbor_ridge,0,0,0,0,0,0,False,3,"[""UMP"", ""beta-alanine"", ""glutamate""]",[],0,0,6,3,4,sarcosine,0,2,100.0,700,176,13,5,5.912223672428571,0.24962732851458677,False,659dce4f66bf4ee0228513d024a4e287e9f1aa3957152332b1483ab0af67cb42,0.052354039857164025
direct_neighbor_ridge,0,0,0,0,0,0,False,3,"[""UMP"", ""beta-alanine"", ""glutamate""]",[],0,0,6,3,4,sarcosine,0,3,10.0,702,174,13,5,5.933046833618233,0.2506930619362083,False,9492e163b6ef19b0563b1ce8302b8e8794e2e4c9c8031c62ff9774a3f63f6f58,0.05273791402578354
direct_neighbor_ridge,0,0,0,0,0,0,False,3,"[""UMP"", ""beta-alanine"", ""glutamate""]",[],0,0,6,3,4,sarcosine,0,4,100.0,700,176,17,1,5.933609104142857,0.2533006462103011,False,cf9883e99ee1b956d01c2cb42a4d284b982ce23065d3616a5e1cced359e41fb5,0.07344087492674589
direct_neighbor_ridge,0,0,0,0,0,0,False,3,"[""UMP"", ""beta-alanine"", ""glutamate""]",[],0,0,6,3,4,sarcosine,1,0,100.0,705,171,13,5,5.9332476963120575,0.2541831682725793,False,32d2e2f547f707a9f12d899e65a934275c9f49020e10d214973126d05910ec9c,0.0523404770065099
direct_neighbor_ridge,0,0,0,0,0,0,False,3,"[""UMP"", ""beta-alanine"", ""glutamate""]",[],0,0,6,3,4,sarcosine,1,1,100.0,700,176,17,1,5.933609104142857,0.2533006462103011,False,cf9883e99ee1b956d01c2cb42a4d284b982ce23065d3616a5e1cced359e41fb5,0.05213686916977167
direct_neighbor_ridge,0,0,0,0,0,0,False,3,"[""UMP"", ""beta-alanine"", ""glutamate""]",[],0,0,6,3,4,sarcosine,1,2,100.0,697,179,16,2,5.9369144758967005,0.2599483145796618,False,db1ab3680dcfc2deb10e2511ec28b70b27966d5a436d724be48267bcbf200acf,0.05217906809411943
direct_neighbor_ridge,0,0,0,0,0,0,False,3,"[""UMP"", ""beta-alanine"", ""glutamate""]",[],0,0,6,3,4,sarcosine,1,3,100.0,700,176,13,5,5.912223672428571,0.24962732851458677,False,659dce4f66bf4ee0228513d024a4e287e9f1aa3957152332b1483ab0af67cb42,0.052751652197912335
direct_neighbor_ridge,0,0,0,0,0,0,False,3,"[""UMP"", ""beta-alanine"", ""glutamate""]",[],0,0,6,3,4,sarcosine,1,4,1.0,702,174,13,5,5.933046833618233,0.2506930619362083,False,9492e163b6ef19b0563b1ce8302b8e8794e2e4c9c8031c62ff9774a3f63f6f58,0.05483564781025052
direct_neighbor_ridge,0,0,0,0,0,0,False,4,"[""CMP"", ""beta-alanine"", ""dimethylglycine"", ""uridine""]",[],0,0,8,4,5,serine,0,0,10.0,697,179,16,2,5.8674860375896705,0.40389784825569003,False,db1ab3680dcfc2deb10e2511ec28b70b27966d5a436d724be48267bcbf200acf,0.05461830599233508
direct_neighbor_ridge,0,0,0,0,0,0,False,4,"[""CMP"", ""beta-alanine"", ""dimethylglycine"", ""uridine""]",[],0,0,8,4,5,serine,0,1,10.0,705,171,13,5,5.829443674326242,0.40077940544884644,False,32d2e2f547f707a9f12d899e65a934275c9f49020e10d214973126d05910ec9c,0.0548564160708338
direct_neighbor_ridge,0,0,0,0,0,0,False,4,"[""CMP"", ""beta-alanine"", ""dimethylglycine"", ""uridine""]",[],0,0,8,4,5,serine,0,2,10.0,700,176,13,5,5.840584020857143,0.40234808993882604,False,659dce4f66bf4ee0228513d024a4e287e9f1aa3957152332b1483ab0af67cb42,0.054270956898108125
direct_neighbor_ridge,0,0,0,0,0,0,False,4,"[""CMP"", ""beta-alanine"", ""dimethylglycine"", ""uridine""]",[],0,0,8,4,5,serine,0,3,10.0,702,174,13,5,5.833095458831909,0.401278310400293,False,9492e163b6ef19b0563b1ce8302b8e8794e2e4c9c8031c62ff9774a3f63f6f58,0.07216322887688875
direct_neighbor_ridge,0,0,0,0,0,0,False,4,"[""CMP"", ""beta-alanine"", ""dimethylglycine"", ""uridine""]",[],0,0,8,4,5,serine,0,4,1.0,700,176,17,1,5.839002695285714,0.3967722698628182,False,cf9883e99ee1b956d01c2cb42a4d284b982ce23065d3616a5e1cced359e41fb5,0.07621983485296369
direct_neighbor_ridge,0,0,0,0,0,0,False,4,"[""CMP"", ""beta-alanine"", ""dimethylglycine"", ""uridine""]",[],0,0,8,4,5,serine,1,0,10.0,705,171,13,5,5.829443674326242,0.40077940544884644,False,32d2e2f547f707a9f12d899e65a934275c9f49020e10d214973126d05910ec9c,0.08638876210898161
direct_neighbor_ridge,0,0,0,0,0,0,False,4,"[""CMP"", ""beta-alanine"", ""dimethylglycine"", ""uridine""]",[],0,0,8,4,5,serine,1,1,0.1,700,176,17,1,5.839002695285714,0.3967722698628182,False,cf9883e99ee1b956d01c2cb42a4d284b982ce23065d3616a5e1cced359e41fb5,0.07750369096174836
direct_neighbor_ridge,0,0,0,0,0,0,False,4,"[""CMP"", ""beta-alanine"", ""dimethylglycine"", ""uridine""]",[],0,0,8,4,5,serine,1,2,10.0,697,179,16,2,5.8674860375896705,0.40389784825569003,False,db1ab3680dcfc2deb10e2511ec28b70b27966d5a436d724be48267bcbf200acf,0.05339923617430031
direct_neighbor_ridge,0,0,0,0,0,0,False,4,"[""CMP"", ""beta-alanine"", ""dimethylglycine"", ""uridine""]",[],0,0,8,4,5,serine,1,3,10.0,700,176,13,5,5.840584020857143,0.40234808993882604,False,659dce4f66bf4ee0228513d024a4e287e9f1aa3957152332b1483ab0af67cb42,0.06125383893959224
direct_neighbor_ridge,0,0,0,0,0,0,False,4,"[""CMP"", ""beta-alanine"", ""dimethylglycine"", ""uridine""]",[],0,0,8,4,5,serine,1,4,0.1,702,174,13,5,5.833095458831909,0.401278310400293,False,9492e163b6ef19b0563b1ce8302b8e8794e2e4c9c8031c62ff9774a3f63f6f58,0.06578598194755614
direct_neighbor_ridge,0,0,0,0,0,0,False,3,"[""NADP"", ""glutamate"", ""putrescine""]",[],0,0,6,3,4,taurine,0,0,10.0,697,179,16,2,5.794030961836442,0.41554377802074033,False,db1ab3680dcfc2deb10e2511ec28b70b27966d5a436d724be48267bcbf200acf,0.06535214697942138
direct_neighbor_ridge,0,0,0,0,0,0,False,3,"[""NADP"", ""glutamate"", ""putrescine""]",[],0,0,6,3,4,taurine,0,1,100.0,705,171,13,5,5.861509952340425,0.41422394247227196,False,32d2e2f547f707a9f12d899e65a934275c9f49020e10d214973126d05910ec9c,0.06328035914339125
direct_neighbor_ridge,0,0,0,0,0,0,False,3,"[""NADP"", ""glutamate"", ""putrescine""]",[],0,0,6,3,4,taurine,0,2,100.0,700,176,13,5,5.818380698285715,0.4283518066690608,False,659dce4f66bf4ee0228513d024a4e287e9f1aa3957152332b1483ab0af67cb42,0.05965652712620795
direct_neighbor_ridge,0,0,0,0,0,0,False,3,"[""NADP"", ""glutamate"", ""putrescine""]",[],0,0,6,3,4,taurine,0,3,100.0,702,174,13,5,5.834618115099715,0.4193170364031223,False,9492e163b6ef19b0563b1ce8302b8e8794e2e4c9c8031c62ff9774a3f63f6f58,0.06520833494141698
direct_neighbor_ridge,0,0,0,0,0,0,False,3,"[""NADP"", ""glutamate"", ""putrescine""]",[],0,0,6,3,4,taurine,0,4,100.0,700,176,17,1,5.827953608571429,0.4264426525650688,False,cf9883e99ee1b956d01c2cb42a4d284b982ce23065d3616a5e1cced359e41fb5,0.06996323890052736
direct_neighbor_ridge,0,0,0,0,0,0,False,3,"[""NADP"", ""glutamate"", ""putrescine""]",[],0,0,6,3,4,taurine,1,0,100.0,705,171,13,5,5.861509952340425,0.41422394247227196,False,32d2e2f547f707a9f12d899e65a934275c9f49020e10d214973126d05910ec9c,0.07234841398894787
direct_neighbor_ridge,0,0,0,0,0,0,False,3,"[""NADP"", ""glutamate"", ""putrescine""]",[],0,0,6,3,4,taurine,1,1,100.0,700,176,17,1,5.827953608571429,0.4264426525650688,False,cf9883e99ee1b956d01c2cb42a4d284b982ce23065d3616a5e1cced359e41fb5,0.07481845282018185
direct_neighbor_ridge,0,0,0,0,0,0,False,3,"[""NADP"", ""glutamate"", ""putrescine""]",[],0,0,6,3,4,taurine,1,2,10.0,697,179,16,2,5.794030961836442,0.41554377802074033,False,db1ab3680dcfc2deb10e2511ec28b70b27966d5a436d724be48267bcbf200acf,0.10182832204736769
direct_neighbor_ridge,0,0,0,0,0,0,False,3,"[""NADP"", ""glutamate"", ""putrescine""]",[],0,0,6,3,4,taurine,1,3,100.0,700,176,13,5,5.818380698285715,0.4283518066690608,False,659dce4f66bf4ee0228513d024a4e287e9f1aa3957152332b1483ab0af67cb42,0.0625033259857446
direct_neighbor_ridge,0,0,0,0,0,0,False,3,"[""NADP"", ""glutamate"", ""putrescine""]",[],0,0,6,3,4,taurine,1,4,100.0,702,174,13,5,5.834618115099715,0.4193170364031223,False,9492e163b6ef19b0563b1ce8302b8e8794e2e4c9c8031c62ff9774a3f63f6f58,0.05391329014673829
direct_neighbor_ridge,0,0,0,0,0,0,False,1,"[""sarcosine""]",[],0,0,2,1,2,taurocholate,0,0,100.0,697,179,16,2,5.911435611764705,0.34414844738965594,False,db1ab3680dcfc2deb10e2511ec28b70b27966d5a436d724be48267bcbf200acf,0.05109090497717261
direct_neighbor_ridge,0,0,0,0,0,0,False,1,"[""sarcosine""]",[],0,0,2,1,2,taurocholate,0,1,100.0,705,171,13,5,5.878043725106383,0.3820486809030721,False,32d2e2f547f707a9f12d899e65a934275c9f49020e10d214973126d05910ec9c,0.049825108144432306
direct_neighbor_ridge,0,0,0,0,0,0,False,1,"[""sarcosine""]",[],0,0,2,1,2,taurocholate,0,2,100.0,700,176,13,5,5.887844617428572,0.374976441178634,False,659dce4f66bf4ee0228513d024a4e287e9f1aa3957152332b1483ab0af67cb42,0.06669356999918818
direct_neighbor_ridge,0,0,0,0,0,0,False,1,"[""sarcosine""]",[],0,0,2,1,2,taurocholate,0,3,100.0,702,174,13,5,5.889667015669515,0.38335104763913297,False,9492e163b6ef19b0563b1ce8302b8e8794e2e4c9c8031c62ff9774a3f63f6f58,0.054966469993814826
direct_neighbor_ridge,0,0,0,0,0,0,False,1,"[""sarcosine""]",[],0,0,2,1,2,taurocholate,0,4,100.0,700,176,17,1,5.9090318879999995,0.3790101357978578,False,cf9883e99ee1b956d01c2cb42a4d284b982ce23065d3616a5e1cced359e41fb5,0.05727389408275485
direct_neighbor_ridge,0,0,0,0,0,0,False,1,"[""sarcosine""]",[],0,0,2,1,2,taurocholate,1,0,100.0,705,171,13,5,5.878043725106383,0.3820486809030721,False,32d2e2f547f707a9f12d899e65a934275c9f49020e10d214973126d05910ec9c,0.05217009107582271
direct_neighbor_ridge,0,0,0,0,0,0,False,1,"[""sarcosine""]",[],0,0,2,1,2,taurocholate,1,1,100.0,700,176,17,1,5.9090318879999995,0.3790101357978578,False,cf9883e99ee1b956d01c2cb42a4d284b982ce23065d3616a5e1cced359e41fb5,0.051030577858909965
direct_neighbor_ridge,0,0,0,0,0,0,False,1,"[""sarcosine""]",[],0,0,2,1,2,taurocholate,1,2,100.0,697,179,16,2,5.911435611764705,0.34414844738965594,False,db1ab3680dcfc2deb10e2511ec28b70b27966d5a436d724be48267bcbf200acf,0.05353404115885496
direct_neighbor_ridge,0,0,0,0,0,0,False,1,"[""sarcosine""]",[],0,0,2,1,2,taurocholate,1,3,100.0,700,176,13,5,5.887844617428572,0.374976441178634,False,659dce4f66bf4ee0228513d024a4e287e9f1aa3957152332b1483ab0af67cb42,0.06318892515264452
direct_neighbor_ridge,0,0,0,0,0,0,False,1,"[""sarcosine""]",[],0,0,2,1,2,taurocholate,1,4,100.0,702,174,13,5,5.889667015669515,0.38335104763913297,False,9492e163b6ef19b0563b1ce8302b8e8794e2e4c9c8031c62ff9774a3f63f6f58,0.06463928404264152
direct_neighbor_ridge,0,0,0,0,0,0,False,1,"[""choline""]",[],0,0,2,1,2,thymidine,0,0,100.0,697,179,16,2,5.962375816929699,0.5300513139536057,False,db1ab3680dcfc2deb10e2511ec28b70b27966d5a436d724be48267bcbf200acf,0.061061054933816195
direct_neighbor_ridge,0,0,0,0,0,0,False,1,"[""choline""]",[],0,0,2,1,2,thymidine,0,1,100.0,705,171,13,5,5.908778622553192,0.5600769326427631,False,32d2e2f547f707a9f12d899e65a934275c9f49020e10d214973126d05910ec9c,0.10729695181362331
direct_neighbor_ridge,0,0,0,0,0,0,False,1,"[""choline""]",[],0,0,2,1,2,thymidine,0,2,100.0,700,176,13,5,5.909023223714285,0.557115820969454,False,659dce4f66bf4ee0228513d024a4e287e9f1aa3957152332b1483ab0af67cb42,0.09368410101160407
direct_neighbor_ridge,0,0,0,0,0,0,False,1,"[""choline""]",[],0,0,2,1,2,thymidine,0,3,100.0,702,174,13,5,5.886195089173788,0.5399623589888455,False,9492e163b6ef19b0563b1ce8302b8e8794e2e4c9c8031c62ff9774a3f63f6f58,0.06909685698337853
direct_neighbor_ridge,0,0,0,0,0,0,False,1,"[""choline""]",[],0,0,2,1,2,thymidine,0,4,100.0,700,176,17,1,5.899427595285714,0.5575419702739152,False,cf9883e99ee1b956d01c2cb42a4d284b982ce23065d3616a5e1cced359e41fb5,0.07401210907846689
direct_neighbor_ridge,0,0,0,0,0,0,False,1,"[""choline""]",[],0,0,2,1,2,thymidine,1,0,100.0,705,171,13,5,5.908778622553192,0.5600769326427631,False,32d2e2f547f707a9f12d899e65a934275c9f49020e10d214973126d05910ec9c,0.06784938694909215
direct_neighbor_ridge,0,0,0,0,0,0,False,1,"[""choline""]",[],0,0,2,1,2,thymidine,1,1,100.0,700,176,17,1,5.899427595285714,0.5575419702739152,False,cf9883e99ee1b956d01c2cb42a4d284b982ce23065d3616a5e1cced359e41fb5,0.05977399391122162
direct_neighbor_ridge,0,0,0,0,0,0,False,1,"[""choline""]",[],0,0,2,1,2,thymidine,1,2,100.0,697,179,16,2,5.962375816929699,0.5300513139536057,False,db1ab3680dcfc2deb10e2511ec28b70b27966d5a436d724be48267bcbf200acf,0.05484384810552001
direct_neighbor_ridge,0,0,0,0,0,0,False,1,"[""choline""]",[],0,0,2,1,2,thymidine,1,3,100.0,700,176,13,5,5.909023223714285,0.557115820969454,False,659dce4f66bf4ee0228513d024a4e287e9f1aa3957152332b1483ab0af67cb42,0.0659569890704006
direct_neighbor_ridge,0,0,0,0,0,0,False,1,"[""choline""]",[],0,0,2,1,2,thymidine,1,4,100.0,702,174,13,5,5.886195089173788,0.5399623589888455,False,9492e163b6ef19b0563b1ce8302b8e8794e2e4c9c8031c62ff9774a3f63f6f58,0.063047040021047
direct_neighbor_ridge,0,0,0,0,0,0,False,3,"[""AMP"", ""glutamate"", ""valine""]",[],0,0,6,3,4,thymine,0,0,100.0,697,179,16,2,5.970911329268292,0.3295812339804376,False,db1ab3680dcfc2deb10e2511ec28b70b27966d5a436d724be48267bcbf200acf,0.05635007098317146
direct_neighbor_ridge,0,0,0,0,0,0,False,3,"[""AMP"", ""glutamate"", ""valine""]",[],0,0,6,3,4,thymine,0,1,100.0,705,171,13,5,5.980005672765958,0.33619117341695987,False,32d2e2f547f707a9f12d899e65a934275c9f49020e10d214973126d05910ec9c,0.07239253586158156
direct_neighbor_ridge,0,0,0,0,0,0,False,3,"[""AMP"", ""glutamate"", ""valine""]",[],0,0,6,3,4,thymine,0,2,100.0,700,176,13,5,5.969867460571427,0.3276358116038228,False,659dce4f66bf4ee0228513d024a4e287e9f1aa3957152332b1483ab0af67cb42,0.07566329790279269
direct_neighbor_ridge,0,0,0,0,0,0,False,3,"[""AMP"", ""glutamate"", ""valine""]",[],0,0,6,3,4,thymine,0,3,100.0,702,174,13,5,5.9758683723646735,0.32288297218963347,False,9492e163b6ef19b0563b1ce8302b8e8794e2e4c9c8031c62ff9774a3f63f6f58,0.07787309703417122
direct_neighbor_ridge,0,0,0,0,0,0,False,3,"[""AMP"", ""glutamate"", ""valine""]",[],0,0,6,3,4,thymine,0,4,100.0,700,176,17,1,5.984653504571428,0.3365079394697031,False,cf9883e99ee1b956d01c2cb42a4d284b982ce23065d3616a5e1cced359e41fb5,0.07622089702636003
direct_neighbor_ridge,0,0,0,0,0,0,False,3,"[""AMP"", ""glutamate"", ""valine""]",[],0,0,6,3,4,thymine,1,0,100.0,705,171,13,5,5.980005672765958,0.33619117341695987,False,32d2e2f547f707a9f12d899e65a934275c9f49020e10d214973126d05910ec9c,0.0604127140250057
direct_neighbor_ridge,0,0,0,0,0,0,False,3,"[""AMP"", ""glutamate"", ""valine""]",[],0,0,6,3,4,thymine,1,1,100.0,700,176,17,1,5.984653504571428,0.3365079394697031,False,cf9883e99ee1b956d01c2cb42a4d284b982ce23065d3616a5e1cced359e41fb5,0.05685127596370876
direct_neighbor_ridge,0,0,0,0,0,0,False,3,"[""AMP"", ""glutamate"", ""valine""]",[],0,0,6,3,4,thymine,1,2,100.0,697,179,16,2,5.970911329268292,0.3295812339804376,False,db1ab3680dcfc2deb10e2511ec28b70b27966d5a436d724be48267bcbf200acf,0.05933150998316705
direct_neighbor_ridge,0,0,0,0,0,0,False,3,"[""AMP"", ""glutamate"", ""valine""]",[],0,0,6,3,4,thymine,1,3,100.0,700,176,13,5,5.969867460571427,0.3276358116038228,False,659dce4f66bf4ee0228513d024a4e287e9f1aa3957152332b1483ab0af67cb42,0.05880277487449348
direct_neighbor_ridge,0,0,0,0,0,0,False,3,"[""AMP"", ""glutamate"", ""valine""]",[],0,0,6,3,4,thymine,1,4,100.0,702,174,13,5,5.9758683723646735,0.32288297218963347,False,9492e163b6ef19b0563b1ce8302b8e8794e2e4c9c8031c62ff9774a3f63f6f58,0.057077776873484254
direct_neighbor_ridge,0,0,0,0,0,0,False,1,"[""NAD""]",[],0,0,2,1,2,thyroxine,0,0,100.0,697,179,16,2,5.855241731850789,0.22628691761232106,False,db1ab3680dcfc2deb10e2511ec28b70b27966d5a436d724be48267bcbf200acf,0.051640385994687676
direct_neighbor_ridge,0,0,0,0,0,0,False,1,"[""NAD""]",[],0,0,2,1,2,thyroxine,0,1,100.0,705,171,13,5,5.7866734052482265,0.25824962552561564,False,32d2e2f547f707a9f12d899e65a934275c9f49020e10d214973126d05910ec9c,0.04942014697007835
direct_neighbor_ridge,0,0,0,0,0,0,False,1,"[""NAD""]",[],0,0,2,1,2,thyroxine,0,2,100.0,700,176,13,5,5.796167202571429,0.25031687531324254,False,659dce4f66bf4ee0228513d024a4e287e9f1aa3957152332b1483ab0af67cb42,0.055773772997781634
direct_neighbor_ridge,0,0,0,0,0,0,False,1,"[""NAD""]",[],0,0,2,1,2,thyroxine,0,3,100.0,702,174,13,5,5.787326907122507,0.2531773542850331,False,9492e163b6ef19b0563b1ce8302b8e8794e2e4c9c8031c62ff9774a3f63f6f58,0.070555031998083
direct_neighbor_ridge,0,0,0,0,0,0,False,1,"[""NAD""]",[],0,0,2,1,2,thyroxine,0,4,100.0,700,176,17,1,5.803289504,0.2563724684382436,False,cf9883e99ee1b956d01c2cb42a4d284b982ce23065d3616a5e1cced359e41fb5,0.08467598399147391
direct_neighbor_ridge,0,0,0,0,0,0,False,1,"[""NAD""]",[],0,0,2,1,2,thyroxine,1,0,100.0,705,171,13,5,5.7866734052482265,0.25824962552561564,False,32d2e2f547f707a9f12d899e65a934275c9f49020e10d214973126d05910ec9c,0.06246738601475954
direct_neighbor_ridge,0,0,0,0,0,0,False,1,"[""NAD""]",[],0,0,2,1,2,thyroxine,1,1,100.0,700,176,17,1,5.803289504,0.2563724684382436,False,cf9883e99ee1b956d01c2cb42a4d284b982ce23065d3616a5e1cced359e41fb5,0.05328432796522975
direct_neighbor_ridge,0,0,0,0,0,0,False,1,"[""NAD""]",[],0,0,2,1,2,thyroxine,1,2,100.0,697,179,16,2,5.855241731850789,0.22628691761232106,False,db1ab3680dcfc2deb10e2511ec28b70b27966d5a436d724be48267bcbf200acf,0.048524362966418266
direct_neighbor_ridge,0,0,0,0,0,0,False,1,"[""NAD""]",[],0,0,2,1,2,thyroxine,1,3,10.0,700,176,13,5,5.796167202571429,0.25031687531324254,False,659dce4f66bf4ee0228513d024a4e287e9f1aa3957152332b1483ab0af67cb42,0.050578322960063815
direct_neighbor_ridge,0,0,0,0,0,0,False,1,"[""NAD""]",[],0,0,2,1,2,thyroxine,1,4,100.0,702,174,13,5,5.787326907122507,0.2531773542850331,False,9492e163b6ef19b0563b1ce8302b8e8794e2e4c9c8031c62ff9774a3f63f6f58,0.05604758206754923
direct_neighbor_ridge,0,0,0,0,0,0,False,1,"[""AMP""]",[],0,0,2,1,2,trimethylamine-N-oxide,0,0,100.0,697,179,16,2,5.856797537302725,0.2547969015671801,False,db1ab3680dcfc2deb10e2511ec28b70b27966d5a436d724be48267bcbf200acf,0.0673489049077034
direct_neighbor_ridge,0,0,0,0,0,0,False,1,"[""AMP""]",[],0,0,2,1,2,trimethylamine-N-oxide,0,1,0.1,705,171,13,5,5.919379167092199,0.2899780925131509,False,32d2e2f547f707a9f12d899e65a934275c9f49020e10d214973126d05910ec9c,0.05965581792406738
direct_neighbor_ridge,0,0,0,0,0,0,False,1,"[""AMP""]",[],0,0,2,1,2,trimethylamine-N-oxide,0,2,0.1,700,176,13,5,5.927241334714285,0.2901267256784374,False,659dce4f66bf4ee0228513d024a4e287e9f1aa3957152332b1483ab0af67cb42,0.07840075017884374
direct_neighbor_ridge,0,0,0,0,0,0,False,1,"[""AMP""]",[],0,0,2,1,2,trimethylamine-N-oxide,0,3,0.1,702,174,13,5,5.907509206410257,0.2903992841751525,False,9492e163b6ef19b0563b1ce8302b8e8794e2e4c9c8031c62ff9774a3f63f6f58,0.06607186095789075
direct_neighbor_ridge,0,0,0,0,0,0,False,1,"[""AMP""]",[],0,0,2,1,2,trimethylamine-N-oxide,0,4,100.0,700,176,17,1,5.932823168142856,0.22097707794343013,False,cf9883e99ee1b956d01c2cb42a4d284b982ce23065d3616a5e1cced359e41fb5,0.07147994008846581
direct_neighbor_ridge,0,0,0,0,0,0,False,1,"[""AMP""]",[],0,0,2,1,2,trimethylamine-N-oxide,1,0,0.1,705,171,13,5,5.919379167092199,0.2899780925131509,False,32d2e2f547f707a9f12d899e65a934275c9f49020e10d214973126d05910ec9c,0.07264365395531058
direct_neighbor_ridge,0,0,0,0,0,0,False,1,"[""AMP""]",[],0,0,2,1,2,trimethylamine-N-oxide,1,1,100.0,700,176,17,1,5.932823168142856,0.22097707794343013,False,cf9883e99ee1b956d01c2cb42a4d284b982ce23065d3616a5e1cced359e41fb5,0.05830826214514673
direct_neighbor_ridge,0,0,0,0,0,0,False,1,"[""AMP""]",[],0,0,2,1,2,trimethylamine-N-oxide,1,2,100.0,697,179,16,2,5.856797537302725,0.2547969015671801,False,db1ab3680dcfc2deb10e2511ec28b70b27966d5a436d724be48267bcbf200acf,0.060536644887179136
direct_neighbor_ridge,0,0,0,0,0,0,False,1,"[""AMP""]",[],0,0,2,1,2,trimethylamine-N-oxide,1,3,0.1,700,176,13,5,5.927241334714285,0.2901267256784374,False,659dce4f66bf4ee0228513d024a4e287e9f1aa3957152332b1483ab0af67cb42,0.06672429293394089
direct_neighbor_ridge,0,0,0,0,0,0,False,1,"[""AMP""]",[],0,0,2,1,2,trimethylamine-N-oxide,1,4,0.1,702,174,13,5,5.907509206410257,0.2903992841751525,False,9492e163b6ef19b0563b1ce8302b8e8794e2e4c9c8031c62ff9774a3f63f6f58,0.058592322980985045
direct_neighbor_ridge,0,0,0,0,0,0,False,2,"[""NAD"", ""xanthine""]",[],0,0,4,2,3,tyrosine,0,0,100.0,697,179,16,2,5.917222123959827,0.3722744418302163,False,db1ab3680dcfc2deb10e2511ec28b70b27966d5a436d724be48267bcbf200acf,0.05261948797851801
direct_neighbor_ridge,0,0,0,0,0,0,False,2,"[""NAD"", ""xanthine""]",[],0,0,4,2,3,tyrosine,0,1,0.1,705,171,13,5,5.773517087092199,0.41759768808280395,False,32d2e2f547f707a9f12d899e65a934275c9f49020e10d214973126d05910ec9c,0.05531369987875223
direct_neighbor_ridge,0,0,0,0,0,0,False,2,"[""NAD"", ""xanthine""]",[],0,0,4,2,3,tyrosine,0,2,0.1,700,176,13,5,5.814119894,0.4182054905141444,False,659dce4f66bf4ee0228513d024a4e287e9f1aa3957152332b1483ab0af67cb42,0.05685160495340824
direct_neighbor_ridge,0,0,0,0,0,0,False,2,"[""NAD"", ""xanthine""]",[],0,0,4,2,3,tyrosine,0,3,0.1,702,174,13,5,5.791375897720797,0.4207102216982868,False,9492e163b6ef19b0563b1ce8302b8e8794e2e4c9c8031c62ff9774a3f63f6f58,0.05621181009337306
direct_neighbor_ridge,0,0,0,0,0,0,False,2,"[""NAD"", ""xanthine""]",[],0,0,4,2,3,tyrosine,0,4,0.1,700,176,17,1,5.8235101828571425,0.4117771377078516,False,cf9883e99ee1b956d01c2cb42a4d284b982ce23065d3616a5e1cced359e41fb5,0.05465259705670178
direct_neighbor_ridge,0,0,0,0,0,0,False,2,"[""NAD"", ""xanthine""]",[],0,0,4,2,3,tyrosine,1,0,0.1,705,171,13,5,5.773517087092199,0.41759768808280395,False,32d2e2f547f707a9f12d899e65a934275c9f49020e10d214973126d05910ec9c,0.05401419405825436
direct_neighbor_ridge,0,0,0,0,0,0,False,2,"[""NAD"", ""xanthine""]",[],0,0,4,2,3,tyrosine,1,1,1.0,700,176,17,1,5.8235101828571425,0.4117771377078516,False,cf9883e99ee1b956d01c2cb42a4d284b982ce23065d3616a5e1cced359e41fb5,0.05211094720289111
direct_neighbor_ridge,0,0,0,0,0,0,False,2,"[""NAD"", ""xanthine""]",[],0,0,4,2,3,tyrosine,1,2,10.0,697,179,16,2,5.917222123959827,0.3722744418302163,False,db1ab3680dcfc2deb10e2511ec28b70b27966d5a436d724be48267bcbf200acf,0.055146994069218636
direct_neighbor_ridge,0,0,0,0,0,0,False,2,"[""NAD"", ""xanthine""]",[],0,0,4,2,3,tyrosine,1,3,0.1,700,176,13,5,5.814119894,0.4182054905141444,False,659dce4f66bf4ee0228513d024a4e287e9f1aa3957152332b1483ab0af67cb42,0.05265527404844761
direct_neighbor_ridge,0,0,0,0,0,0,False,2,"[""NAD"", ""xanthine""]",[],0,0,4,2,3,tyrosine,1,4,0.1,702,174,13,5,5.791375897720797,0.4207102216982868,False,9492e163b6ef19b0563b1ce8302b8e8794e2e4c9c8031c62ff9774a3f63f6f58,0.0535429019946605
direct_neighbor_ridge,0,0,0,0,0,0,False,3,"[""AMP"", ""GMP"", ""proline""]",[],0,0,6,3,4,uracil,0,0,100.0,697,179,16,2,5.845100508608321,0.3159661360177283,False,db1ab3680dcfc2deb10e2511ec28b70b27966d5a436d724be48267bcbf200acf,0.05500233080238104
direct_neighbor_ridge,0,0,0,0,0,0,False,3,"[""AMP"", ""GMP"", ""proline""]",[],0,0,6,3,4,uracil,0,1,10.0,705,171,13,5,5.727848015744681,0.3774054832536749,False,32d2e2f547f707a9f12d899e65a934275c9f49020e10d214973126d05910ec9c,0.051415979163721204
direct_neighbor_ridge,0,0,0,0,0,0,False,3,"[""AMP"", ""GMP"", ""proline""]",[],0,0,6,3,4,uracil,0,2,10.0,700,176,13,5,5.735356466142857,0.3695420163498155,False,659dce4f66bf4ee0228513d024a4e287e9f1aa3957152332b1483ab0af67cb42,0.060303914127871394
direct_neighbor_ridge,0,0,0,0,0,0,False,3,"[""AMP"", ""GMP"", ""proline""]",[],0,0,6,3,4,uracil,0,3,10.0,702,174,13,5,5.759301471225071,0.37150365774601596,False,9492e163b6ef19b0563b1ce8302b8e8794e2e4c9c8031c62ff9774a3f63f6f58,0.05866402294486761
direct_neighbor_ridge,0,0,0,0,0,0,False,3,"[""AMP"", ""GMP"", ""proline""]",[],0,0,6,3,4,uracil,0,4,10.0,700,176,17,1,5.755836698428571,0.3648126906194723,False,cf9883e99ee1b956d01c2cb42a4d284b982ce23065d3616a5e1cced359e41fb5,0.062330433167517185
direct_neighbor_ridge,0,0,0,0,0,0,False,3,"[""AMP"", ""GMP"", ""proline""]",[],0,0,6,3,4,uracil,1,0,10.0,705,171,13,5,5.727848015744681,0.3774054832536749,False,32d2e2f547f707a9f12d899e65a934275c9f49020e10d214973126d05910ec9c,0.056152733974158764
direct_neighbor_ridge,0,0,0,0,0,0,False,3,"[""AMP"", ""GMP"", ""proline""]",[],0,0,6,3,4,uracil,1,1,10.0,700,176,17,1,5.755836698428571,0.3648126906194723,False,cf9883e99ee1b956d01c2cb42a4d284b982ce23065d3616a5e1cced359e41fb5,0.0689243518281728
direct_neighbor_ridge,0,0,0,0,0,0,False,3,"[""AMP"", ""GMP"", ""proline""]",[],0,0,6,3,4,uracil,1,2,100.0,697,179,16,2,5.845100508608321,0.3159661360177283,False,db1ab3680dcfc2deb10e2511ec28b70b27966d5a436d724be48267bcbf200acf,0.05630167410708964
direct_neighbor_ridge,0,0,0,0,0,0,False,3,"[""AMP"", ""GMP"", ""proline""]",[],0,0,6,3,4,uracil,1,3,100.0,700,176,13,5,5.735356466142857,0.3695420163498155,False,659dce4f66bf4ee0228513d024a4e287e9f1aa3957152332b1483ab0af67cb42,0.07751016598194838
direct_neighbor_ridge,0,0,0,0,0,0,False,3,"[""AMP"", ""GMP"", ""proline""]",[],0,0,6,3,4,uracil,1,4,100.0,702,174,13,5,5.759301471225071,0.37150365774601596,False,9492e163b6ef19b0563b1ce8302b8e8794e2e4c9c8031c62ff9774a3f63f6f58,0.08746504411101341
direct_neighbor_ridge,0,0,0,0,0,0,False,2,"[""arginine"", ""glutamate""]",[],0,0,4,2,3,urate,0,0,100.0,697,179,16,2,5.797735194404591,0.4578812329363871,False,db1ab3680dcfc2deb10e2511ec28b70b27966d5a436d724be48267bcbf200acf,0.05305033992044628
direct_neighbor_ridge,0,0,0,0,0,0,False,2,"[""arginine"", ""glutamate""]",[],0,0,4,2,3,urate,0,1,10.0,705,171,13,5,5.702445728226951,0.4768405401686225,False,32d2e2f547f707a9f12d899e65a934275c9f49020e10d214973126d05910ec9c,0.049067344050854445
direct_neighbor_ridge,0,0,0,0,0,0,False,2,"[""arginine"", ""glutamate""]",[],0,0,4,2,3,urate,0,2,10.0,700,176,13,5,5.725258205285715,0.4738774760521925,False,659dce4f66bf4ee0228513d024a4e287e9f1aa3957152332b1483ab0af67cb42,0.05518777994439006
direct_neighbor_ridge,0,0,0,0,0,0,False,2,"[""arginine"", ""glutamate""]",[],0,0,4,2,3,urate,0,3,10.0,702,174,13,5,5.714262068091168,0.47434052084248074,False,9492e163b6ef19b0563b1ce8302b8e8794e2e4c9c8031c62ff9774a3f63f6f58,0.07025750097818673
direct_neighbor_ridge,0,0,0,0,0,0,False,2,"[""arginine"", ""glutamate""]",[],0,0,4,2,3,urate,0,4,100.0,700,176,17,1,5.757721383428571,0.4403424910616518,False,cf9883e99ee1b956d01c2cb42a4d284b982ce23065d3616a5e1cced359e41fb5,0.05213498696684837
direct_neighbor_ridge,0,0,0,0,0,0,False,2,"[""arginine"", ""glutamate""]",[],0,0,4,2,3,urate,1,0,10.0,705,171,13,5,5.702445728226951,0.4768405401686225,False,32d2e2f547f707a9f12d899e65a934275c9f49020e10d214973126d05910ec9c,0.054257437121123075
direct_neighbor_ridge,0,0,0,0,0,0,False,2,"[""arginine"", ""glutamate""]",[],0,0,4,2,3,urate,1,1,10.0,700,176,17,1,5.757721383428571,0.4403424910616518,False,cf9883e99ee1b956d01c2cb42a4d284b982ce23065d3616a5e1cced359e41fb5,0.05429087905213237
direct_neighbor_ridge,0,0,0,0,0,0,False,2,"[""arginine"", ""glutamate""]",[],0,0,4,2,3,urate,1,2,100.0,697,179,16,2,5.797735194404591,0.4578812329363871,False,db1ab3680dcfc2deb10e2511ec28b70b27966d5a436d724be48267bcbf200acf,0.06009763199836016
direct_neighbor_ridge,0,0,0,0,0,0,False,2,"[""arginine"", ""glutamate""]",[],0,0,4,2,3,urate,1,3,10.0,700,176,13,5,5.725258205285715,0.4738774760521925,False,659dce4f66bf4ee0228513d024a4e287e9f1aa3957152332b1483ab0af67cb42,0.05614172201603651
direct_neighbor_ridge,0,0,0,0,0,0,False,2,"[""arginine"", ""glutamate""]",[],0,0,4,2,3,urate,1,4,0.1,702,174,13,5,5.714262068091168,0.47434052084248074,False,9492e163b6ef19b0563b1ce8302b8e8794e2e4c9c8031c62ff9774a3f63f6f58,0.0517575868871063
direct_neighbor_ridge,0,0,0,0,0,0,False,3,"[""aspartate"", ""glutamine"", ""histidine""]",[],0,0,6,3,4,uridine,0,0,100.0,697,179,16,2,5.8853204464849345,0.41578380381128677,False,db1ab3680dcfc2deb10e2511ec28b70b27966d5a436d724be48267bcbf200acf,0.05665726005099714
direct_neighbor_ridge,0,0,0,0,0,0,False,3,"[""aspartate"", ""glutamine"", ""histidine""]",[],0,0,6,3,4,uridine,0,1,100.0,705,171,13,5,5.912085544539007,0.5282150813484331,False,32d2e2f547f707a9f12d899e65a934275c9f49020e10d214973126d05910ec9c,0.06100344890728593
direct_neighbor_ridge,0,0,0,0,0,0,False,3,"[""aspartate"", ""glutamine"", ""histidine""]",[],0,0,6,3,4,uridine,0,2,100.0,700,176,13,5,5.909856147857143,0.5147179309281458,False,659dce4f66bf4ee0228513d024a4e287e9f1aa3957152332b1483ab0af67cb42,0.05667740316130221
direct_neighbor_ridge,0,0,0,0,0,0,False,3,"[""aspartate"", ""glutamine"", ""histidine""]",[],0,0,6,3,4,uridine,0,3,100.0,702,174,13,5,5.934038315811966,0.5230206325839802,False,9492e163b6ef19b0563b1ce8302b8e8794e2e4c9c8031c62ff9774a3f63f6f58,0.05424566497094929
direct_neighbor_ridge,0,0,0,0,0,0,False,3,"[""aspartate"", ""glutamine"", ""histidine""]",[],0,0,6,3,4,uridine,0,4,100.0,700,176,17,1,5.898471694142857,0.5131303828795306,False,cf9883e99ee1b956d01c2cb42a4d284b982ce23065d3616a5e1cced359e41fb5,0.0746795879676938
direct_neighbor_ridge,0,0,0,0,0,0,False,3,"[""aspartate"", ""glutamine"", ""histidine""]",[],0,0,6,3,4,uridine,1,0,100.0,705,171,13,5,5.912085544539007,0.5282150813484331,False,32d2e2f547f707a9f12d899e65a934275c9f49020e10d214973126d05910ec9c,0.1289797411300242
direct_neighbor_ridge,0,0,0,0,0,0,False,3,"[""aspartate"", ""glutamine"", ""histidine""]",[],0,0,6,3,4,uridine,1,1,100.0,700,176,17,1,5.898471694142857,0.5131303828795306,False,cf9883e99ee1b956d01c2cb42a4d284b982ce23065d3616a5e1cced359e41fb5,0.08891637483611703
direct_neighbor_ridge,0,0,0,0,0,0,False,3,"[""aspartate"", ""glutamine"", ""histidine""]",[],0,0,6,3,4,uridine,1,2,100.0,697,179,16,2,5.8853204464849345,0.41578380381128677,False,db1ab3680dcfc2deb10e2511ec28b70b27966d5a436d724be48267bcbf200acf,0.08388023707084358
direct_neighbor_ridge,0,0,0,0,0,0,False,3,"[""aspartate"", ""glutamine"", ""histidine""]",[],0,0,6,3,4,uridine,1,3,100.0,700,176,13,5,5.909856147857143,0.5147179309281458,False,659dce4f66bf4ee0228513d024a4e287e9f1aa3957152332b1483ab0af67cb42,0.08435254986397922
direct_neighbor_ridge,0,0,0,0,0,0,False,3,"[""aspartate"", ""glutamine"", ""histidine""]",[],0,0,6,3,4,uridine,1,4,100.0,702,174,13,5,5.934038315811966,0.5230206325839802,False,9492e163b6ef19b0563b1ce8302b8e8794e2e4c9c8031c62ff9774a3f63f6f58,0.061525782104581594
direct_neighbor_ridge,0,0,0,0,0,0,False,1,"[""NAD""]",[],0,0,2,1,2,valine,0,0,100.0,697,179,16,2,5.952121997417504,0.36407681708229,False,db1ab3680dcfc2deb10e2511ec28b70b27966d5a436d724be48267bcbf200acf,0.05642125802114606
direct_neighbor_ridge,0,0,0,0,0,0,False,1,"[""NAD""]",[],0,0,2,1,2,valine,0,1,100.0,705,171,13,5,5.8379196573049645,0.3773248284035181,False,32d2e2f547f707a9f12d899e65a934275c9f49020e10d214973126d05910ec9c,0.06090632011182606
direct_neighbor_ridge,0,0,0,0,0,0,False,1,"[""NAD""]",[],0,0,2,1,2,valine,0,2,100.0,700,176,13,5,5.8849640270000005,0.3945943885573533,False,659dce4f66bf4ee0228513d024a4e287e9f1aa3957152332b1483ab0af67cb42,0.06958415196277201
direct_neighbor_ridge,0,0,0,0,0,0,False,1,"[""NAD""]",[],0,0,2,1,2,valine,0,3,100.0,702,174,13,5,5.848345252849003,0.390876603874631,False,9492e163b6ef19b0563b1ce8302b8e8794e2e4c9c8031c62ff9774a3f63f6f58,0.07309698103927076
direct_neighbor_ridge,0,0,0,0,0,0,False,1,"[""NAD""]",[],0,0,2,1,2,valine,0,4,100.0,700,176,17,1,5.877318387142858,0.3902412272704989,False,cf9883e99ee1b956d01c2cb42a4d284b982ce23065d3616a5e1cced359e41fb5,0.0672415429726243
direct_neighbor_ridge,0,0,0,0,0,0,False,1,"[""NAD""]",[],0,0,2,1,2,valine,1,0,100.0,705,171,13,5,5.8379196573049645,0.3773248284035181,False,32d2e2f547f707a9f12d899e65a934275c9f49020e10d214973126d05910ec9c,0.05537958792410791
direct_neighbor_ridge,0,0,0,0,0,0,False,1,"[""NAD""]",[],0,0,2,1,2,valine,1,1,100.0,700,176,17,1,5.877318387142858,0.3902412272704989,False,cf9883e99ee1b956d01c2cb42a4d284b982ce23065d3616a5e1cced359e41fb5,0.05523221893236041
direct_neighbor_ridge,0,0,0,0,0,0,False,1,"[""NAD""]",[],0,0,2,1,2,valine,1,2,100.0,697,179,16,2,5.952121997417504,0.36407681708229,False,db1ab3680dcfc2deb10e2511ec28b70b27966d5a436d724be48267bcbf200acf,0.05774512002244592
direct_neighbor_ridge,0,0,0,0,0,0,False,1,"[""NAD""]",[],0,0,2,1,2,valine,1,3,100.0,700,176,13,5,5.8849640270000005,0.3945943885573533,False,659dce4f66bf4ee0228513d024a4e287e9f1aa3957152332b1483ab0af67cb42,0.08323415508493781
direct_neighbor_ridge,0,0,0,0,0,0,False,1,"[""NAD""]",[],0,0,2,1,2,valine,1,4,100.0,702,174,13,5,5.848345252849003,0.390876603874631,False,9492e163b6ef19b0563b1ce8302b8e8794e2e4c9c8031c62ff9774a3f63f6f58,0.0674411051440984
direct_neighbor_ridge,0,0,0,0,0,0,False,4,"[""glutamate"", ""proline"", ""trimethylamine-N-oxide"", ""tyrosine""]",[],0,0,8,4,5,xanthine,0,0,10.0,697,179,16,2,5.8261626595408895,0.3226517288205138,False,db1ab3680dcfc2deb10e2511ec28b70b27966d5a436d724be48267bcbf200acf,0.057570458855479956
direct_neighbor_ridge,0,0,0,0,0,0,False,4,"[""glutamate"", ""proline"", ""trimethylamine-N-oxide"", ""tyrosine""]",[],0,0,8,4,5,xanthine,0,1,0.1,705,171,13,5,5.668218426241134,0.44533618503026734,False,32d2e2f547f707a9f12d899e65a934275c9f49020e10d214973126d05910ec9c,0.06394599401392043
direct_neighbor_ridge,0,0,0,0,0,0,False,4,"[""glutamate"", ""proline"", ""trimethylamine-N-oxide"", ""tyrosine""]",[],0,0,8,4,5,xanthine,0,2,0.1,700,176,13,5,5.675177004,0.4388265188264273,False,659dce4f66bf4ee0228513d024a4e287e9f1aa3957152332b1483ab0af67cb42,0.05408226512372494
direct_neighbor_ridge,0,0,0,0,0,0,False,4,"[""glutamate"", ""proline"", ""trimethylamine-N-oxide"", ""tyrosine""]",[],0,0,8,4,5,xanthine,0,3,0.1,702,174,13,5,5.677283422934472,0.4355980429993409,False,9492e163b6ef19b0563b1ce8302b8e8794e2e4c9c8031c62ff9774a3f63f6f58,0.05952628701925278
direct_neighbor_ridge,0,0,0,0,0,0,False,4,"[""glutamate"", ""proline"", ""trimethylamine-N-oxide"", ""tyrosine""]",[],0,0,8,4,5,xanthine,0,4,0.1,700,176,17,1,5.702935143571429,0.4239551919699778,False,cf9883e99ee1b956d01c2cb42a4d284b982ce23065d3616a5e1cced359e41fb5,0.06041219993494451
direct_neighbor_ridge,0,0,0,0,0,0,False,4,"[""glutamate"", ""proline"", ""trimethylamine-N-oxide"", ""tyrosine""]",[],0,0,8,4,5,xanthine,1,0,0.1,705,171,13,5,5.668218426241134,0.44533618503026734,False,32d2e2f547f707a9f12d899e65a934275c9f49020e10d214973126d05910ec9c,0.05547338095493615
direct_neighbor_ridge,0,0,0,0,0,0,False,4,"[""glutamate"", ""proline"", ""trimethylamine-N-oxide"", ""tyrosine""]",[],0,0,8,4,5,xanthine,1,1,0.1,700,176,17,1,5.702935143571429,0.4239551919699778,False,cf9883e99ee1b956d01c2cb42a4d284b982ce23065d3616a5e1cced359e41fb5,0.058473302982747555
direct_neighbor_ridge,0,0,0,0,0,0,False,4,"[""glutamate"", ""proline"", ""trimethylamine-N-oxide"", ""tyrosine""]",[],0,0,8,4,5,xanthine,1,2,10.0,697,179,16,2,5.8261626595408895,0.3226517288205138,False,db1ab3680dcfc2deb10e2511ec28b70b27966d5a436d724be48267bcbf200acf,0.0559237168636173
direct_neighbor_ridge,0,0,0,0,0,0,False,4,"[""glutamate"", ""proline"", ""trimethylamine-N-oxide"", ""tyrosine""]",[],0,0,8,4,5,xanthine,1,3,0.1,700,176,13,5,5.675177004,0.4388265188264273,False,659dce4f66bf4ee0228513d024a4e287e9f1aa3957152332b1483ab0af67cb42,0.05748764984309673
direct_neighbor_ridge,0,0,0,0,0,0,False,4,"[""glutamate"", ""proline"", ""trimethylamine-N-oxide"", ""tyrosine""]",[],0,0,8,4,5,xanthine,1,4,0.1,702,174,13,5,5.677283422934472,0.4355980429993409,False,9492e163b6ef19b0563b1ce8302b8e8794e2e4c9c8031c62ff9774a3f63f6f58,0.15565047110430896
direct_neighbor_ridge,0,0,0,0,0,0,False,1,"[""methionine""]",[],0,0,2,1,2,xanthosine,0,0,100.0,697,179,16,2,5.868730441750358,0.23648420012118596,False,db1ab3680dcfc2deb10e2511ec28b70b27966d5a436d724be48267bcbf200acf,0.05562672996893525
direct_neighbor_ridge,0,0,0,0,0,0,False,1,"[""methionine""]",[],0,0,2,1,2,xanthosine,0,1,10.0,705,171,13,5,5.809038896737588,0.28486213680139005,False,32d2e2f547f707a9f12d899e65a934275c9f49020e10d214973126d05910ec9c,0.052814665948972106
direct_neighbor_ridge,0,0,0,0,0,0,False,1,"[""methionine""]",[],0,0,2,1,2,xanthosine,0,2,0.1,700,176,13,5,5.8054182618571435,0.2760639029596894,False,659dce4f66bf4ee0228513d024a4e287e9f1aa3957152332b1483ab0af67cb42,0.06596034904941916
direct_neighbor_ridge,0,0,0,0,0,0,False,1,"[""methionine""]",[],0,0,2,1,2,xanthosine,0,3,10.0,702,174,13,5,5.81375750071225,0.26668885124187874,False,9492e163b6ef19b0563b1ce8302b8e8794e2e4c9c8031c62ff9774a3f63f6f58,0.06612940691411495
direct_neighbor_ridge,0,0,0,0,0,0,False,1,"[""methionine""]",[],0,0,2,1,2,xanthosine,0,4,10.0,700,176,17,1,5.830317585,0.2650109615358276,False,cf9883e99ee1b956d01c2cb42a4d284b982ce23065d3616a5e1cced359e41fb5,0.0682582100853324
direct_neighbor_ridge,0,0,0,0,0,0,False,1,"[""methionine""]",[],0,0,2,1,2,xanthosine,1,0,10.0,705,171,13,5,5.809038896737588,0.28486213680139005,False,32d2e2f547f707a9f12d899e65a934275c9f49020e10d214973126d05910ec9c,0.06939784390851855
direct_neighbor_ridge,0,0,0,0,0,0,False,1,"[""methionine""]",[],0,0,2,1,2,xanthosine,1,1,10.0,700,176,17,1,5.830317585,0.2650109615358276,False,cf9883e99ee1b956d01c2cb42a4d284b982ce23065d3616a5e1cced359e41fb5,0.06692697503603995
direct_neighbor_ridge,0,0,0,0,0,0,False,1,"[""methionine""]",[],0,0,2,1,2,xanthosine,1,2,100.0,697,179,16,2,5.868730441750358,0.23648420012118596,False,db1ab3680dcfc2deb10e2511ec28b70b27966d5a436d724be48267bcbf200acf,0.07652205391786993
direct_neighbor_ridge,0,0,0,0,0,0,False,1,"[""methionine""]",[],0,0,2,1,2,xanthosine,1,3,0.1,700,176,13,5,5.8054182618571435,0.2760639029596894,False,659dce4f66bf4ee0228513d024a4e287e9f1aa3957152332b1483ab0af67cb42,0.08061039890162647
direct_neighbor_ridge,0,0,0,0,0,0,False,1,"[""methionine""]",[],0,0,2,1,2,xanthosine,1,4,10.0,702,174,13,5,5.81375750071225,0.26668885124187874,False,9492e163b6ef19b0563b1ce8302b8e8794e2e4c9c8031c62ff9774a3f63f6f58,0.13071239204145968
