target,model,lineage,squared_error_sum,truth_energy_sum,observations,mean_squared_error
AMP,direct_neighbor_ridge,autonomic_ganglia,26.880004753153305,38.662305357892606,32,0.8400001485360408
AMP,direct_neighbor_ridge,bone,13.874544666878627,40.56386320165723,38,0.365119596496806
AMP,direct_neighbor_ridge,breast,27.705315748217195,38.51496032623904,98,0.2827073035532367
AMP,direct_neighbor_ridge,central_nervous_system,26.494332911814073,52.952843751440916,98,0.2703503358348375
AMP,direct_neighbor_ridge,endometrium,16.86840902943126,33.28088229173083,56,0.3012215898112725
AMP,direct_neighbor_ridge,haematopoietic_and_lymphoid_tissue,1038.492107058087,2083.528147210272,326,3.185558610607629
AMP,direct_neighbor_ridge,kidney,13.068863791279043,25.099128973646497,46,0.2841057345930227
AMP,direct_neighbor_ridge,large_intestine,58.873983028876836,106.60262709170267,110,0.535218027535244
AMP,direct_neighbor_ridge,liver,19.71036241482984,26.09228080500443,50,0.3942072482965968
AMP,direct_neighbor_ridge,lung,116.93410388374268,221.01175331085415,352,0.3321991587606326
AMP,direct_neighbor_ridge,oesophagus,12.36950013528625,8.500264834188513,50,0.247390002705725
AMP,direct_neighbor_ridge,ovary,19.249150740277813,36.89714606921265,90,0.21387945266975347
AMP,direct_neighbor_ridge,pancreas,25.697804070835296,28.91547555591152,82,0.31338785452238166
AMP,direct_neighbor_ridge,skin,31.09036422560698,48.13402072116802,104,0.29894580986160557
AMP,direct_neighbor_ridge,soft_tissue,17.419266269309908,26.339490446249194,36,0.48386850748083077
AMP,direct_neighbor_ridge,stomach,26.919966973902252,42.99751915048565,74,0.36378333748516556
AMP,direct_neighbor_ridge,upper_aerodigestive_tract,13.626237659564675,25.425542301736822,60,0.22710396099274457
AMP,direct_neighbor_ridge,urinary_tract,22.800910156154046,28.369666106732684,50,0.45601820312308095
CMP,direct_neighbor_ridge,autonomic_ganglia,15.754495286987144,21.238592629932704,32,0.49232797771834824
CMP,direct_neighbor_ridge,bone,34.49052547170571,36.71405371155091,38,0.9076454071501502
CMP,direct_neighbor_ridge,breast,24.316120501135806,30.86042284622687,98,0.24812367858301843
CMP,direct_neighbor_ridge,central_nervous_system,75.11520762498597,73.26051620621128,98,0.7664817104590406
CMP,direct_neighbor_ridge,endometrium,25.459603009000112,43.96081565408872,56,0.45463576801785915
CMP,direct_neighbor_ridge,haematopoietic_and_lymphoid_tissue,1507.2935760091896,1839.5865189765327,326,4.6235999264085565
CMP,direct_neighbor_ridge,kidney,40.14723970306822,33.84335697811922,46,0.8727660805014831
CMP,direct_neighbor_ridge,large_intestine,105.04184831366874,117.76756573295344,110,0.9549258937606249
CMP,direct_neighbor_ridge,liver,27.084401455082535,30.560188973731307,50,0.5416880291016507
CMP,direct_neighbor_ridge,lung,163.1037648644359,204.33837393758895,352,0.4633629683648747
CMP,direct_neighbor_ridge,oesophagus,18.150482488803725,17.351043449096238,50,0.3630096497760745
CMP,direct_neighbor_ridge,ovary,39.282476493082136,39.814346384244615,90,0.43647196103424596
CMP,direct_neighbor_ridge,pancreas,23.953476407082718,37.02849202604523,82,0.29211556594003313
CMP,direct_neighbor_ridge,skin,41.23700754662866,47.28850584060537,104,0.3965096879483525
CMP,direct_neighbor_ridge,soft_tissue,27.233756202641644,36.70653271868176,36,0.7564932278511568
CMP,direct_neighbor_ridge,stomach,45.04224507007477,49.524198160616514,74,0.6086789874334428
CMP,direct_neighbor_ridge,upper_aerodigestive_tract,35.70115367833399,30.347893502680414,60,0.5950192279722332
CMP,direct_neighbor_ridge,urinary_tract,38.301077076423496,18.488380884538014,50,0.7660215415284699
GMP,direct_neighbor_ridge,autonomic_ganglia,16.470013355227923,17.092799205563985,32,0.5146879173508726
GMP,direct_neighbor_ridge,bone,37.07171970590979,55.97831873052658,38,0.9755715712081524
GMP,direct_neighbor_ridge,breast,49.05720416516006,48.07977710520926,98,0.500583715971021
GMP,direct_neighbor_ridge,central_nervous_system,46.47169971453813,57.208349241802495,98,0.4742010174952871
GMP,direct_neighbor_ridge,endometrium,31.52044580073177,43.27288697300067,56,0.5628651035844959
GMP,direct_neighbor_ridge,haematopoietic_and_lymphoid_tissue,803.7573742053338,1216.8861404112283,326,2.4655134178077724
GMP,direct_neighbor_ridge,kidney,20.51676442885753,21.37232268027582,46,0.44601661801864195
GMP,direct_neighbor_ridge,large_intestine,66.35666176823818,121.31802520119751,110,0.6032423797112562
GMP,direct_neighbor_ridge,liver,21.014196437644,43.392486977733675,50,0.42028392875288
GMP,direct_neighbor_ridge,lung,181.18036605864268,240.72115569875484,352,0.5147169490302349
GMP,direct_neighbor_ridge,oesophagus,27.54049171220069,25.128955068098843,50,0.5508098342440139
GMP,direct_neighbor_ridge,ovary,28.863876809287763,46.160059766538176,90,0.3207097423254196
GMP,direct_neighbor_ridge,pancreas,32.50964134585922,55.60507350247176,82,0.39645904080316124
GMP,direct_neighbor_ridge,skin,55.91428989476611,84.83285737032926,104,0.5376374028342895
GMP,direct_neighbor_ridge,soft_tissue,25.28219356807925,33.805213836615714,36,0.702283154668868
GMP,direct_neighbor_ridge,stomach,27.42791471922108,51.41845301812486,74,0.37064749620569026
GMP,direct_neighbor_ridge,upper_aerodigestive_tract,18.39364629603797,21.463481391668612,60,0.30656077160063283
GMP,direct_neighbor_ridge,urinary_tract,27.02552250094978,28.5659224689543,50,0.5405104500189956
NAD,direct_neighbor_ridge,autonomic_ganglia,34.732089504926776,63.11028556307281,32,1.0853777970289618
NAD,direct_neighbor_ridge,bone,12.928445938326362,35.12804112273649,38,0.34022226153490426
NAD,direct_neighbor_ridge,breast,70.39229121110526,119.28477183741332,98,0.7182886858276047
NAD,direct_neighbor_ridge,central_nervous_system,98.26230889798259,167.1470983214205,98,1.0026766214079856
NAD,direct_neighbor_ridge,endometrium,16.680170625176363,29.318390877662882,56,0.2978601897352922
NAD,direct_neighbor_ridge,haematopoietic_and_lymphoid_tissue,458.60713252273405,707.4557134285053,326,1.4067703451617608
NAD,direct_neighbor_ridge,kidney,18.513306763696157,20.115359237885276,46,0.40246319051513385
NAD,direct_neighbor_ridge,large_intestine,33.646468192691664,61.85458379251278,110,0.3058769835699242
NAD,direct_neighbor_ridge,liver,24.59785853997277,30.95977205445173,50,0.4919571707994554
NAD,direct_neighbor_ridge,lung,194.84826430336952,295.44025649389823,352,0.5535462054072998
NAD,direct_neighbor_ridge,oesophagus,15.995720221373245,30.70281121042122,50,0.3199144044274649
NAD,direct_neighbor_ridge,ovary,33.96512098297543,43.42659377797654,90,0.3773902331441714
NAD,direct_neighbor_ridge,pancreas,42.548756400686486,67.5029020667356,82,0.5188872731791034
NAD,direct_neighbor_ridge,skin,24.154605872025815,55.33165626777842,104,0.23225582569255593
NAD,direct_neighbor_ridge,soft_tissue,16.533470045571683,27.01477918279766,36,0.45926305682143564
NAD,direct_neighbor_ridge,stomach,27.313586248098268,54.33729477342882,74,0.36910251686619283
NAD,direct_neighbor_ridge,upper_aerodigestive_tract,13.544134932036567,20.967252642578686,60,0.22573558220060944
NAD,direct_neighbor_ridge,urinary_tract,23.198475283898194,48.45243405618742,50,0.46396950567796386
NADP,direct_neighbor_ridge,autonomic_ganglia,25.464386229290554,34.77893908684556,32,0.7957620696653298
NADP,direct_neighbor_ridge,bone,23.225080734824573,19.484173299656543,38,0.6111863351269624
NADP,direct_neighbor_ridge,breast,93.00806114157052,117.9990063816851,98,0.9490618483833727
NADP,direct_neighbor_ridge,central_nervous_system,104.11840102063219,113.20848800730701,98,1.0624326634758388
NADP,direct_neighbor_ridge,endometrium,37.44053514464466,39.34500569184417,56,0.6685809847257975
NADP,direct_neighbor_ridge,haematopoietic_and_lymphoid_tissue,340.3337029357913,353.4522219094337,326,1.0439684139134702
NADP,direct_neighbor_ridge,kidney,50.35337735704409,54.33470459694155,46,1.0946386381966107
NADP,direct_neighbor_ridge,large_intestine,63.83328501282475,72.58815511411154,110,0.5803025910256796
NADP,direct_neighbor_ridge,liver,35.68858880507161,41.83556460715585,50,0.7137717761014322
NADP,direct_neighbor_ridge,lung,453.30280527432967,519.4969468124134,352,1.2877920604384365
NADP,direct_neighbor_ridge,oesophagus,82.96331628320316,100.0446120521017,50,1.6592663256640632
NADP,direct_neighbor_ridge,ovary,65.57690076769777,57.76577855401612,90,0.7286322307521974
NADP,direct_neighbor_ridge,pancreas,63.734712840312234,69.81904395286148,82,0.7772525956135639
NADP,direct_neighbor_ridge,skin,89.66789842138618,91.19949398148815,104,0.8621913309748671
NADP,direct_neighbor_ridge,soft_tissue,24.644246006912983,34.316976174977434,36,0.6845623890809162
NADP,direct_neighbor_ridge,stomach,50.00805980896576,72.81943642163343,74,0.6757845920130509
NADP,direct_neighbor_ridge,upper_aerodigestive_tract,28.303810111407145,30.228839209089394,60,0.4717301685234524
NADP,direct_neighbor_ridge,urinary_tract,32.13812309734929,40.11186558324279,50,0.6427624619469858
UMP,direct_neighbor_ridge,autonomic_ganglia,17.0267214082929,19.760988378641137,32,0.5320850440091531
UMP,direct_neighbor_ridge,bone,35.53484614243955,40.16199023144217,38,0.9351275300641987
UMP,direct_neighbor_ridge,breast,32.386094089358025,29.183906998294468,98,0.3304703478505921
UMP,direct_neighbor_ridge,central_nervous_system,63.07369831704354,62.75807454101035,98,0.6436091665004442
UMP,direct_neighbor_ridge,endometrium,24.92884510452594,32.766886686989864,56,0.4451579482951061
UMP,direct_neighbor_ridge,haematopoietic_and_lymphoid_tissue,1745.4141933195779,1950.6397672106914,326,5.354031267851465
UMP,direct_neighbor_ridge,kidney,41.01017692512413,25.116069342207112,46,0.8915255853287853
UMP,direct_neighbor_ridge,large_intestine,111.00958544817846,124.08565610022644,110,1.0091780495288951
UMP,direct_neighbor_ridge,liver,23.075653060778343,24.409137029823377,50,0.46151306121556684
UMP,direct_neighbor_ridge,lung,158.20452615778981,205.97249812644475,352,0.44944467658463017
UMP,direct_neighbor_ridge,oesophagus,10.799641767532814,15.665613481881948,50,0.21599283535065628
UMP,direct_neighbor_ridge,ovary,38.7890744414309,41.53131833176785,90,0.43098971601589886
UMP,direct_neighbor_ridge,pancreas,32.47449839310837,36.22642499941739,82,0.39603046820863863
UMP,direct_neighbor_ridge,skin,41.83547922573422,53.88439487638264,104,0.4022642233243675
UMP,direct_neighbor_ridge,soft_tissue,15.360474156473437,25.00767528767332,36,0.4266798376798177
UMP,direct_neighbor_ridge,stomach,55.14924198447215,60.54617987562938,74,0.7452600268171912
UMP,direct_neighbor_ridge,upper_aerodigestive_tract,44.94660814486857,31.765226060507924,60,0.7491101357478095
UMP,direct_neighbor_ridge,urinary_tract,36.24211620803708,26.589514445291933,50,0.7248423241607417
acetylcholine,direct_neighbor_ridge,autonomic_ganglia,18.53984162624069,19.073387560248506,32,0.5793700508200216
acetylcholine,direct_neighbor_ridge,bone,27.33981974459611,26.89945407565188,38,0.7194689406472661
acetylcholine,direct_neighbor_ridge,breast,122.25543018444154,122.1083996130125,98,1.2475043896371585
acetylcholine,direct_neighbor_ridge,central_nervous_system,119.05619285789291,117.64195315225031,98,1.2148591107948257
acetylcholine,direct_neighbor_ridge,endometrium,35.756288159504194,35.682446269029505,56,0.638505145705432
acetylcholine,direct_neighbor_ridge,haematopoietic_and_lymphoid_tissue,331.042085339448,331.8966324034542,326,1.0154665194461596
acetylcholine,direct_neighbor_ridge,kidney,36.18927041641176,36.69499034276428,46,0.7867232699219947
acetylcholine,direct_neighbor_ridge,large_intestine,85.37123737544243,85.32942755340547,110,0.7761021579585676
acetylcholine,direct_neighbor_ridge,liver,44.235103304974004,45.068793248579695,50,0.8847020660994801
acetylcholine,direct_neighbor_ridge,lung,424.8673043236215,429.55216963647916,352,1.2070093872830157
acetylcholine,direct_neighbor_ridge,oesophagus,53.9739883146474,54.89784696968565,50,1.079479766292948
acetylcholine,direct_neighbor_ridge,ovary,72.4735902633331,71.45363582088704,90,0.8052621140370344
acetylcholine,direct_neighbor_ridge,pancreas,104.20003648346554,104.27798053160409,82,1.2707321522373847
acetylcholine,direct_neighbor_ridge,skin,137.66483565505513,140.8374025694817,104,1.3237003428370686
acetylcholine,direct_neighbor_ridge,soft_tissue,37.66361532802155,38.13442612832989,36,1.0462115368894875
acetylcholine,direct_neighbor_ridge,stomach,39.20782692849231,39.937480846346595,74,0.5298354990336799
acetylcholine,direct_neighbor_ridge,upper_aerodigestive_tract,50.92769105143349,51.90729662059759,60,0.8487948508572248
acetylcholine,direct_neighbor_ridge,urinary_tract,51.477420266142715,52.526881226891796,50,1.0295484053228543
aconitate,direct_neighbor_ridge,autonomic_ganglia,21.413140389997096,21.156138623980944,32,0.6691606371874093
aconitate,direct_neighbor_ridge,bone,45.5221194115457,43.02342313701088,38,1.19795051083015
aconitate,direct_neighbor_ridge,breast,106.70432833817415,113.08395533955772,98,1.0888196769201444
aconitate,direct_neighbor_ridge,central_nervous_system,112.83836837955445,115.14224383023384,98,1.1514119222403516
aconitate,direct_neighbor_ridge,endometrium,42.17363595892645,41.46219102832633,56,0.7531006421236865
aconitate,direct_neighbor_ridge,haematopoietic_and_lymphoid_tissue,504.4336483218216,536.5867279465049,326,1.54734247951479
aconitate,direct_neighbor_ridge,kidney,42.854140461343064,41.305337624127155,46,0.9316117491596319
aconitate,direct_neighbor_ridge,large_intestine,89.93715871037742,93.43009728592288,110,0.8176105337307038
aconitate,direct_neighbor_ridge,liver,66.09027822624407,68.87001494232362,50,1.3218055645248814
aconitate,direct_neighbor_ridge,lung,283.38208104703494,299.9381910107744,352,0.8050627302472584
aconitate,direct_neighbor_ridge,oesophagus,36.96130745018855,43.533068351731565,50,0.739226149003771
aconitate,direct_neighbor_ridge,ovary,52.79497186984464,55.84033313491042,90,0.5866107985538294
aconitate,direct_neighbor_ridge,pancreas,88.17397904458102,91.00443852293584,82,1.0752924273729392
aconitate,direct_neighbor_ridge,skin,93.03332039119216,88.39221726141031,104,0.8945511576076169
aconitate,direct_neighbor_ridge,soft_tissue,44.45601929813771,49.95862375835942,36,1.2348894249482698
aconitate,direct_neighbor_ridge,stomach,89.26973717793156,97.48684521500269,74,1.2063477997017777
aconitate,direct_neighbor_ridge,upper_aerodigestive_tract,45.56273977635227,43.97616019932545,60,0.7593789962725378
aconitate,direct_neighbor_ridge,urinary_tract,44.18422657865358,35.29789691098174,50,0.8836845315730716
adenine,direct_neighbor_ridge,autonomic_ganglia,52.10714781938772,57.898961864671875,32,1.6283483693558662
adenine,direct_neighbor_ridge,bone,26.995020476443365,23.26363964132603,38,0.710395275695878
adenine,direct_neighbor_ridge,breast,87.22709967035756,104.75384453408847,98,0.8900724456158935
adenine,direct_neighbor_ridge,central_nervous_system,65.49888767753664,66.01585064902538,98,0.6683559967095576
adenine,direct_neighbor_ridge,endometrium,69.73549613837825,75.1273543127937,56,1.2452767167567544
adenine,direct_neighbor_ridge,haematopoietic_and_lymphoid_tissue,359.4019902640308,510.8526568086553,326,1.1024600928344503
adenine,direct_neighbor_ridge,kidney,37.98776890103311,39.918333750847395,46,0.825821063065937
adenine,direct_neighbor_ridge,large_intestine,115.33492575811796,138.74338152667934,110,1.0484993250737997
adenine,direct_neighbor_ridge,liver,30.847219400728253,29.227364717171906,50,0.6169443880145651
adenine,direct_neighbor_ridge,lung,218.02214609548085,203.54477033234213,352,0.6193810968621615
adenine,direct_neighbor_ridge,oesophagus,27.276378745285896,25.10309424877233,50,0.5455275749057179
adenine,direct_neighbor_ridge,ovary,113.03241808770493,133.88603317030805,90,1.2559157565300547
adenine,direct_neighbor_ridge,pancreas,130.6401944737278,141.371852071896,82,1.593173103338144
adenine,direct_neighbor_ridge,skin,89.56510666925104,90.12670542672161,104,0.8612029487427985
adenine,direct_neighbor_ridge,soft_tissue,16.98656164712015,23.806984158531446,36,0.47184893464222644
adenine,direct_neighbor_ridge,stomach,60.25179108469196,71.45062673491321,74,0.8142133930363779
adenine,direct_neighbor_ridge,upper_aerodigestive_tract,42.39929193681844,63.25817840419706,60,0.7066548656136408
adenine,direct_neighbor_ridge,urinary_tract,74.70415574437276,61.4071621131486,50,1.4940831148874552
adenosine,direct_neighbor_ridge,autonomic_ganglia,24.450370632675714,17.257740252767025,32,0.7640740822711161
adenosine,direct_neighbor_ridge,bone,72.43581948401713,77.07273738524964,38,1.9062057758951876
adenosine,direct_neighbor_ridge,breast,84.66119667253903,92.2557522264633,98,0.863889761964684
adenosine,direct_neighbor_ridge,central_nervous_system,94.05137500305935,81.58307835788716,98,0.9597079081944832
adenosine,direct_neighbor_ridge,endometrium,60.03759666881114,71.42708335182857,56,1.0720999405144847
adenosine,direct_neighbor_ridge,haematopoietic_and_lymphoid_tissue,328.86982754192917,255.5984441555666,326,1.0088031519691079
adenosine,direct_neighbor_ridge,kidney,32.16573131112791,35.228379622612756,46,0.6992550285027805
adenosine,direct_neighbor_ridge,large_intestine,102.20406431411742,110.7076808743577,110,0.9291278574010674
adenosine,direct_neighbor_ridge,liver,64.05261763393347,67.28172943762347,50,1.2810523526786692
adenosine,direct_neighbor_ridge,lung,294.02215649163907,310.1997667869059,352,0.8352902173057928
adenosine,direct_neighbor_ridge,oesophagus,84.85131550330802,81.49460399720425,50,1.6970263100661602
adenosine,direct_neighbor_ridge,ovary,93.81131988230673,101.26301917169239,90,1.042347998692297
adenosine,direct_neighbor_ridge,pancreas,77.86484378990613,80.98667419279118,82,0.9495712657305626
adenosine,direct_neighbor_ridge,skin,146.53016600609763,155.13548673805846,104,1.4089439039047849
adenosine,direct_neighbor_ridge,soft_tissue,69.4785948182844,74.93928243256796,36,1.9299609671745668
adenosine,direct_neighbor_ridge,stomach,73.13145807088745,68.09198349182661,74,0.9882629469038844
adenosine,direct_neighbor_ridge,upper_aerodigestive_tract,54.56676817034534,55.17294302203916,60,0.9094461361724223
adenosine,direct_neighbor_ridge,urinary_tract,61.1684212387448,69.8052282410424,50,1.223368424774896
alanine,direct_neighbor_ridge,autonomic_ganglia,13.898903440402268,23.089499831099115,32,0.4343407325125709
alanine,direct_neighbor_ridge,bone,8.41498094986146,26.64316876260873,38,0.22144686710161737
alanine,direct_neighbor_ridge,breast,57.46514285806758,82.96913257169436,98,0.5863790087557916
alanine,direct_neighbor_ridge,central_nervous_system,49.208682977181844,85.53417266585544,98,0.5021294181345086
alanine,direct_neighbor_ridge,endometrium,32.13801771083627,60.952694288916106,56,0.5738931734077906
alanine,direct_neighbor_ridge,haematopoietic_and_lymphoid_tissue,427.4330397803353,478.6311020838161,326,1.3111442938047095
alanine,direct_neighbor_ridge,kidney,30.063630325248816,27.50621270269501,46,0.6535571809836699
alanine,direct_neighbor_ridge,large_intestine,116.99037096516646,164.88751866260512,110,1.0635488269560587
alanine,direct_neighbor_ridge,liver,42.85369208739187,64.61370015183205,50,0.8570738417478374
alanine,direct_neighbor_ridge,lung,300.6863112099692,367.49019348686073,352,0.8542224750283215
alanine,direct_neighbor_ridge,oesophagus,21.87708815036107,34.350824210010664,50,0.4375417630072214
alanine,direct_neighbor_ridge,ovary,62.91315937944987,59.84568194936855,90,0.6990351042161097
alanine,direct_neighbor_ridge,pancreas,38.438518025419825,67.82019691236589,82,0.4687624149441442
alanine,direct_neighbor_ridge,skin,83.58118029072212,93.17992928231165,104,0.8036651951030973
alanine,direct_neighbor_ridge,soft_tissue,8.841295725768395,28.048289044364843,36,0.24559154793801097
alanine,direct_neighbor_ridge,stomach,48.603828190520254,78.75598937323949,74,0.6568084890610845
alanine,direct_neighbor_ridge,upper_aerodigestive_tract,25.212021106600623,51.499982911539945,60,0.4202003517766771
alanine,direct_neighbor_ridge,urinary_tract,41.69350711724121,59.589535073453646,50,0.8338701423448243
arginine,direct_neighbor_ridge,autonomic_ganglia,15.193976619866248,20.419695597072042,32,0.47481176937082026
arginine,direct_neighbor_ridge,bone,11.41449588347469,15.018978515847651,38,0.300381470617755
arginine,direct_neighbor_ridge,breast,71.3853177037763,91.17265232153031,98,0.7284216092222071
arginine,direct_neighbor_ridge,central_nervous_system,58.563485520756394,72.30166719781926,98,0.5975865869464938
arginine,direct_neighbor_ridge,endometrium,43.99735321907555,50.706444376820215,56,0.7856670217692062
arginine,direct_neighbor_ridge,haematopoietic_and_lymphoid_tissue,357.766621921263,541.9594788407371,326,1.0974436255253466
arginine,direct_neighbor_ridge,kidney,17.437591318695794,20.811170372803282,46,0.3790780721455608
arginine,direct_neighbor_ridge,large_intestine,76.87653978568497,114.48808108636429,110,0.6988776344153179
arginine,direct_neighbor_ridge,liver,45.8003999187308,61.44224906764218,50,0.9160079983746159
arginine,direct_neighbor_ridge,lung,301.5204356359973,472.86561234358965,352,0.8565921466931741
arginine,direct_neighbor_ridge,oesophagus,21.976691513223287,33.09495820589126,50,0.43953383026446574
arginine,direct_neighbor_ridge,ovary,34.079684595111765,37.63687465658164,90,0.3786631621679085
arginine,direct_neighbor_ridge,pancreas,48.76160942434666,81.09523640831478,82,0.5946537734676421
arginine,direct_neighbor_ridge,skin,46.03456997595733,60.606692441398884,104,0.4426400959226667
arginine,direct_neighbor_ridge,soft_tissue,38.58102268130679,52.9701127039788,36,1.0716950744807443
arginine,direct_neighbor_ridge,stomach,66.08073198489714,89.08630975498839,74,0.8929828646607721
arginine,direct_neighbor_ridge,upper_aerodigestive_tract,20.121716290731893,24.85650164067756,60,0.3353619381788649
arginine,direct_neighbor_ridge,urinary_tract,34.77846093601367,38.72522714517315,50,0.6955692187202734
asparagine,direct_neighbor_ridge,autonomic_ganglia,7.3195650803680845,15.136842708697744,32,0.22873640876150264
asparagine,direct_neighbor_ridge,bone,29.744963184351167,35.24592263555744,38,0.7827621890618728
asparagine,direct_neighbor_ridge,breast,77.8384062868981,106.65833863182871,98,0.7942694519071235
asparagine,direct_neighbor_ridge,central_nervous_system,169.86720155158986,190.15045488443204,98,1.7333387913427536
asparagine,direct_neighbor_ridge,endometrium,78.471100312976,66.2205144532516,56,1.401269648446
asparagine,direct_neighbor_ridge,haematopoietic_and_lymphoid_tissue,169.70492463653892,136.48890899858543,326,0.5205672534863157
asparagine,direct_neighbor_ridge,kidney,99.47735309198242,105.3108920546143,46,2.162551154173531
asparagine,direct_neighbor_ridge,large_intestine,182.52302720466815,197.4091449972501,110,1.659300247315165
asparagine,direct_neighbor_ridge,liver,34.193006012404226,48.39931089312142,50,0.6838601202480845
asparagine,direct_neighbor_ridge,lung,245.33540896354197,293.04642835193795,352,0.696975593646426
asparagine,direct_neighbor_ridge,oesophagus,33.15758814532063,45.0014286127975,50,0.6631517629064126
asparagine,direct_neighbor_ridge,ovary,86.40392284480426,89.86678958336473,90,0.9600435871644918
asparagine,direct_neighbor_ridge,pancreas,66.09712987423507,87.7092614993141,82,0.8060625594418911
asparagine,direct_neighbor_ridge,skin,122.80850660194986,154.42300731796203,104,1.1808510250187487
asparagine,direct_neighbor_ridge,soft_tissue,55.36703541355094,72.70394555017299,36,1.5379732059319704
asparagine,direct_neighbor_ridge,stomach,47.838764326070006,57.007708232434375,74,0.6464697881901352
asparagine,direct_neighbor_ridge,upper_aerodigestive_tract,70.87011868610539,74.86580111669254,60,1.181168644768423
asparagine,direct_neighbor_ridge,urinary_tract,87.38326514022076,85.48189159302245,50,1.7476653028044151
aspartate,direct_neighbor_ridge,autonomic_ganglia,15.701515892513513,17.17623144586339,32,0.49067237164104727
aspartate,direct_neighbor_ridge,bone,36.300243437367136,39.251747644867265,38,0.9552695641412404
aspartate,direct_neighbor_ridge,breast,95.72905751104302,113.42038161542135,98,0.9768271174596227
aspartate,direct_neighbor_ridge,central_nervous_system,90.35468744565046,116.59261752189498,98,0.9219866065882699
aspartate,direct_neighbor_ridge,endometrium,65.69649723729383,71.93318893557321,56,1.1731517363802468
aspartate,direct_neighbor_ridge,haematopoietic_and_lymphoid_tissue,317.7274009610306,322.44830593709486,326,0.9746239293283147
aspartate,direct_neighbor_ridge,kidney,75.2884156627035,77.24007983553128,46,1.6367046883196412
aspartate,direct_neighbor_ridge,large_intestine,140.5791266742151,149.7640375511704,110,1.2779920606746829
aspartate,direct_neighbor_ridge,liver,47.64929789889274,71.35457844544234,50,0.9529859579778548
aspartate,direct_neighbor_ridge,lung,242.94081719110173,270.8931344156823,352,0.6901727761110844
aspartate,direct_neighbor_ridge,oesophagus,51.18433343941277,61.60674523217737,50,1.0236866687882553
aspartate,direct_neighbor_ridge,ovary,91.18819623921634,104.51522264162212,90,1.0132021804357372
aspartate,direct_neighbor_ridge,pancreas,82.103172280575,109.91492039561005,82,1.0012581985435975
aspartate,direct_neighbor_ridge,skin,76.45295594599187,87.0054556859795,104,0.735124576403768
aspartate,direct_neighbor_ridge,soft_tissue,37.358808981959044,38.35551439488721,36,1.0377446939433068
aspartate,direct_neighbor_ridge,stomach,67.81475978904095,68.13609207594341,74,0.9164156728248777
aspartate,direct_neighbor_ridge,upper_aerodigestive_tract,55.434125631783125,52.9791338619717,60,0.9239020938630521
aspartate,direct_neighbor_ridge,urinary_tract,32.29993876155826,35.865520843360805,50,0.6459987752311652
beta-alanine,direct_neighbor_ridge,autonomic_ganglia,12.27329783211141,27.155580360579886,32,0.3835405572534816
beta-alanine,direct_neighbor_ridge,bone,9.241423189855592,39.901350947723415,38,0.24319534710146296
beta-alanine,direct_neighbor_ridge,breast,107.13331875803603,157.34294034052164,98,1.093197130184041
beta-alanine,direct_neighbor_ridge,central_nervous_system,23.567165889451548,92.78485047386592,98,0.2404812845862403
beta-alanine,direct_neighbor_ridge,endometrium,24.109272601393045,80.84785028936237,56,0.4305227250248758
beta-alanine,direct_neighbor_ridge,haematopoietic_and_lymphoid_tissue,108.60798740931374,241.8799418377345,326,0.3331533356113918
beta-alanine,direct_neighbor_ridge,kidney,24.16870622235593,70.11406650302291,46,0.5254066570077376
beta-alanine,direct_neighbor_ridge,large_intestine,41.84067400326188,101.23111311434177,110,0.3803697636660171
beta-alanine,direct_neighbor_ridge,liver,36.70470272942917,53.13078698059365,50,0.7340940545885835
beta-alanine,direct_neighbor_ridge,lung,143.0614893224094,391.1708175901135,352,0.40642468557502665
beta-alanine,direct_neighbor_ridge,oesophagus,10.44801832718408,42.13654884543426,50,0.2089603665436816
beta-alanine,direct_neighbor_ridge,ovary,33.24980164916816,97.52528675461429,90,0.3694422405463129
beta-alanine,direct_neighbor_ridge,pancreas,19.680243142355536,81.56789169204893,82,0.24000296515067726
beta-alanine,direct_neighbor_ridge,skin,22.161655698714316,72.16575926443952,104,0.21309284325686842
beta-alanine,direct_neighbor_ridge,soft_tissue,18.77625598101743,40.999904503976914,36,0.5215626661393731
beta-alanine,direct_neighbor_ridge,stomach,24.849626583699255,96.56587813792835,74,0.3358057646445845
beta-alanine,direct_neighbor_ridge,upper_aerodigestive_tract,13.872760799828628,55.582242672384176,60,0.2312126799971438
beta-alanine,direct_neighbor_ridge,urinary_tract,16.253651850017693,42.63861686366154,50,0.32507303700035384
betaine,direct_neighbor_ridge,autonomic_ganglia,19.241800548497228,31.59509117749247,32,0.6013062671405384
betaine,direct_neighbor_ridge,bone,15.114369495001965,28.4677462376888,38,0.3977465656579464
betaine,direct_neighbor_ridge,breast,87.51591401227962,114.13265292053791,98,0.8930195307375471
betaine,direct_neighbor_ridge,central_nervous_system,24.17816422178045,37.76813594031321,98,0.24671596144673927
betaine,direct_neighbor_ridge,endometrium,32.25849278592562,54.12303175344165,56,0.5760445140343861
betaine,direct_neighbor_ridge,haematopoietic_and_lymphoid_tissue,494.4185883030565,673.8330308332752,326,1.5166214365124433
betaine,direct_neighbor_ridge,kidney,6.8395771002719385,16.74802240309998,46,0.14868645870156388
betaine,direct_neighbor_ridge,large_intestine,172.8347866219768,186.63802893901297,110,1.5712253329270618
betaine,direct_neighbor_ridge,liver,57.77554787861952,70.36456208355474,50,1.1555109575723903
betaine,direct_neighbor_ridge,lung,356.6806503394833,428.3583531784592,352,1.0132973021008047
betaine,direct_neighbor_ridge,oesophagus,36.832752132573894,24.079170951412507,50,0.7366550426514779
betaine,direct_neighbor_ridge,ovary,26.493124243874444,43.56103042823341,90,0.2943680471541605
betaine,direct_neighbor_ridge,pancreas,33.38876720515879,50.213645833492855,82,0.40718008786779014
betaine,direct_neighbor_ridge,skin,25.751907313215256,29.19898154741583,104,0.24761449339630054
betaine,direct_neighbor_ridge,soft_tissue,56.68842724256027,58.40601425182145,36,1.5746785345155632
betaine,direct_neighbor_ridge,stomach,34.6184935646325,50.425515802918476,74,0.46781748060314193
betaine,direct_neighbor_ridge,upper_aerodigestive_tract,11.976375478108023,22.11900502644344,60,0.19960625796846707
betaine,direct_neighbor_ridge,urinary_tract,24.43831283226295,22.648337748710848,50,0.488766256645259
cAMP,direct_neighbor_ridge,autonomic_ganglia,21.87316552029754,20.296808561421255,32,0.6835364225092981
cAMP,direct_neighbor_ridge,bone,35.14889628708077,35.499520630365694,38,0.924970954923178
cAMP,direct_neighbor_ridge,breast,136.0994084370892,136.3842477695486,98,1.388769473847849
cAMP,direct_neighbor_ridge,central_nervous_system,51.233749270837784,52.49054482073651,98,0.522793359906508
cAMP,direct_neighbor_ridge,endometrium,50.16024708582388,51.98990068687109,56,0.8957186979611408
cAMP,direct_neighbor_ridge,haematopoietic_and_lymphoid_tissue,525.375848960783,503.88818827842647,326,1.611582358775408
cAMP,direct_neighbor_ridge,kidney,29.897677305645917,29.41173432492039,46,0.6499495066444765
cAMP,direct_neighbor_ridge,large_intestine,108.39867710484174,109.56026330964401,110,0.9854425191349249
cAMP,direct_neighbor_ridge,liver,33.95851766354343,34.01537668704064,50,0.6791703532708686
cAMP,direct_neighbor_ridge,lung,386.5821416497447,378.1439873372851,352,1.0982447205958656
cAMP,direct_neighbor_ridge,oesophagus,28.490806221230464,28.600123350441393,50,0.5698161244246093
cAMP,direct_neighbor_ridge,ovary,82.37096923102723,83.10313884378255,90,0.9152329914558581
cAMP,direct_neighbor_ridge,pancreas,52.47359759716417,53.63542182004924,82,0.6399219219166362
cAMP,direct_neighbor_ridge,skin,154.0638191536321,154.94864815789347,104,1.4813828764772317
cAMP,direct_neighbor_ridge,soft_tissue,19.846976220011122,20.497205798559875,36,0.551304895000309
cAMP,direct_neighbor_ridge,stomach,42.15112922464526,41.607558727800274,74,0.5696098543870981
cAMP,direct_neighbor_ridge,upper_aerodigestive_tract,44.82061577685451,44.760014213368116,60,0.7470102629475751
cAMP,direct_neighbor_ridge,urinary_tract,53.38694181206891,53.77486928593575,50,1.0677388362413782
carnosine,direct_neighbor_ridge,autonomic_ganglia,30.060505034653204,29.28009046008644,32,0.9393907823329126
carnosine,direct_neighbor_ridge,bone,38.176368128571994,45.067295409121414,38,1.0046412665413682
carnosine,direct_neighbor_ridge,breast,110.07873218212706,101.43686525685138,98,1.1232523692053782
carnosine,direct_neighbor_ridge,central_nervous_system,59.37266059950537,60.093663702431186,98,0.6058434755051568
carnosine,direct_neighbor_ridge,endometrium,34.8422087616212,38.926289710088476,56,0.6221822993146643
carnosine,direct_neighbor_ridge,haematopoietic_and_lymphoid_tissue,1175.525769192194,1212.5700774442041,326,3.6059072674607178
carnosine,direct_neighbor_ridge,kidney,19.352038699441803,16.088168500154858,46,0.42069649346612614
carnosine,direct_neighbor_ridge,large_intestine,84.04390867955935,96.96249413782826,110,0.7640355334505395
carnosine,direct_neighbor_ridge,liver,34.44743956663326,33.306569473789544,50,0.6889487913326652
carnosine,direct_neighbor_ridge,lung,321.21344114344066,310.4660676425657,352,0.9125381850665928
carnosine,direct_neighbor_ridge,oesophagus,17.35154158994485,15.566670363795744,50,0.34703083179889704
carnosine,direct_neighbor_ridge,ovary,77.04482636619903,86.3204218663058,90,0.8560536262911004
carnosine,direct_neighbor_ridge,pancreas,65.70703448854898,61.4837844490474,82,0.8013052986408413
carnosine,direct_neighbor_ridge,skin,44.47132951935534,41.70673084932338,104,0.4276089376861091
carnosine,direct_neighbor_ridge,soft_tissue,46.428023199549216,42.50881951679851,36,1.2896673110985892
carnosine,direct_neighbor_ridge,stomach,76.68642883589952,76.60817159219197,74,1.0363030923770205
carnosine,direct_neighbor_ridge,upper_aerodigestive_tract,19.896473764079225,20.952962034589223,60,0.3316078960679871
carnosine,direct_neighbor_ridge,urinary_tract,14.269172131810876,13.634684300945606,50,0.2853834426362175
choline,direct_neighbor_ridge,autonomic_ganglia,9.999660578006019,10.448102850250764,32,0.3124893930626881
choline,direct_neighbor_ridge,bone,60.62416312783743,60.06740501799859,38,1.5953727138904585
choline,direct_neighbor_ridge,breast,42.64890350994481,45.01673124809979,98,0.4351928929586205
choline,direct_neighbor_ridge,central_nervous_system,60.03326404537681,60.12067000628494,98,0.612584326993641
choline,direct_neighbor_ridge,endometrium,101.35080232899044,104.7573908083379,56,1.8098357558748293
choline,direct_neighbor_ridge,haematopoietic_and_lymphoid_tissue,306.29473187249573,237.71073632125004,326,0.9395543922469194
choline,direct_neighbor_ridge,kidney,19.335771180312225,22.546935569678475,46,0.42034285174591796
choline,direct_neighbor_ridge,large_intestine,87.89977295974656,90.55228342525487,110,0.799088845088605
choline,direct_neighbor_ridge,liver,149.54857481945515,155.05271697967362,50,2.990971496389103
choline,direct_neighbor_ridge,lung,405.9321829672981,388.9325131457225,352,1.1532164288843696
choline,direct_neighbor_ridge,oesophagus,30.559048566169096,31.81559706259283,50,0.6111809713233819
choline,direct_neighbor_ridge,ovary,54.89505013673833,57.3216545918251,90,0.6099450015193147
choline,direct_neighbor_ridge,pancreas,124.19851583338362,121.82389196356861,82,1.5146160467485807
choline,direct_neighbor_ridge,skin,147.53130441102405,148.21403191199536,104,1.418570234721385
choline,direct_neighbor_ridge,soft_tissue,18.44152051336059,19.250593298838595,36,0.5122644587044608
choline,direct_neighbor_ridge,stomach,103.88550120485912,104.86884102188029,74,1.4038581243899881
choline,direct_neighbor_ridge,upper_aerodigestive_tract,33.59999845777055,36.35796826674986,60,0.5599999742961759
choline,direct_neighbor_ridge,urinary_tract,114.68270178656763,107.5805291079323,50,2.2936540357313526
citrate,direct_neighbor_ridge,autonomic_ganglia,33.56752407122893,37.844314516277365,32,1.048985127225904
citrate,direct_neighbor_ridge,bone,33.39472488221396,36.352858081436864,38,0.8788085495319462
citrate,direct_neighbor_ridge,breast,99.64961852310655,121.39721528874728,98,1.016832842072516
citrate,direct_neighbor_ridge,central_nervous_system,90.82846660418355,99.65757029022703,98,0.9268210877977913
citrate,direct_neighbor_ridge,endometrium,32.906068782175204,34.295205967414994,56,0.5876083711102715
citrate,direct_neighbor_ridge,haematopoietic_and_lymphoid_tissue,648.7789712896013,752.374670654528,326,1.9901195438331327
citrate,direct_neighbor_ridge,kidney,37.026433933238074,32.565104058860776,46,0.8049224768095233
citrate,direct_neighbor_ridge,large_intestine,83.74118173500376,98.30618958866987,110,0.7612834703182161
citrate,direct_neighbor_ridge,liver,45.047242156761605,62.0004405714531,50,0.9009448431352322
citrate,direct_neighbor_ridge,lung,256.9587831889602,278.3892600719381,352,0.729996543150455
citrate,direct_neighbor_ridge,oesophagus,44.100038950897265,29.943650891141065,50,0.8820007790179453
citrate,direct_neighbor_ridge,ovary,38.11923962140622,37.44420484303684,90,0.4235471069045136
citrate,direct_neighbor_ridge,pancreas,71.32315057152589,75.94529182738415,82,0.8697945191649499
citrate,direct_neighbor_ridge,skin,57.96322452096234,65.10853763043978,104,0.5573386973169456
citrate,direct_neighbor_ridge,soft_tissue,28.38711220533694,33.72724556493904,36,0.7885308945926928
citrate,direct_neighbor_ridge,stomach,75.19307501722425,81.67839892520078,74,1.0161226353678952
citrate,direct_neighbor_ridge,upper_aerodigestive_tract,24.394675053743914,35.244912783007734,60,0.4065779175623986
citrate,direct_neighbor_ridge,urinary_tract,27.17829838110704,30.45171230240248,50,0.5435659676221408
citrulline,direct_neighbor_ridge,autonomic_ganglia,20.368355252630515,26.956380435993758,32,0.6365111016447036
citrulline,direct_neighbor_ridge,bone,20.912080787155436,25.676798625150315,38,0.5503179154514588
citrulline,direct_neighbor_ridge,breast,93.83710801598275,126.85741430360807,98,0.9575215103671709
citrulline,direct_neighbor_ridge,central_nervous_system,97.89063451760046,106.20368241203039,98,0.9988840256898006
citrulline,direct_neighbor_ridge,endometrium,36.51403337793055,53.15730850982486,56,0.6520363103201884
citrulline,direct_neighbor_ridge,haematopoietic_and_lymphoid_tissue,531.3692682824089,605.8818994587248,326,1.6299670806208864
citrulline,direct_neighbor_ridge,kidney,31.273184246149395,32.185545035359766,46,0.6798518314380303
citrulline,direct_neighbor_ridge,large_intestine,64.21112085055479,87.77807277964598,110,0.5837374622777708
citrulline,direct_neighbor_ridge,liver,33.779444060709864,53.66789528810695,50,0.6755888812141972
citrulline,direct_neighbor_ridge,lung,302.46961918564375,391.2164638643016,352,0.8592886908683061
citrulline,direct_neighbor_ridge,oesophagus,30.28912106637894,30.063328612878916,50,0.6057824213275788
citrulline,direct_neighbor_ridge,ovary,58.70658610990457,79.96959430092173,90,0.6522954012211619
citrulline,direct_neighbor_ridge,pancreas,49.565280015230194,64.15702662603245,82,0.6044546343320756
citrulline,direct_neighbor_ridge,skin,37.09700177171212,41.127379727288805,104,0.3567019401126166
citrulline,direct_neighbor_ridge,soft_tissue,28.08605517488692,35.00083688041383,36,0.7801681993024144
citrulline,direct_neighbor_ridge,stomach,41.12501197870063,62.21333707386258,74,0.555743405117576
citrulline,direct_neighbor_ridge,upper_aerodigestive_tract,37.957377438987685,29.796277138760836,60,0.6326229573164615
citrulline,direct_neighbor_ridge,urinary_tract,18.165415401147314,21.785793525147866,50,0.3633083080229463
cytidine,direct_neighbor_ridge,autonomic_ganglia,87.89821739424139,88.53327134339168,32,2.7468192935700433
cytidine,direct_neighbor_ridge,bone,28.761412804032627,29.028282846054417,38,0.7568792843166481
cytidine,direct_neighbor_ridge,breast,97.4067851688647,90.69338596418714,98,0.993946787437395
cytidine,direct_neighbor_ridge,central_nervous_system,62.31448921402466,44.540444905077486,98,0.6358621348369864
cytidine,direct_neighbor_ridge,endometrium,34.120594913966094,38.782164928279066,56,0.6092963377493945
cytidine,direct_neighbor_ridge,haematopoietic_and_lymphoid_tissue,787.2766177636026,881.217395748793,326,2.4149589501951003
cytidine,direct_neighbor_ridge,kidney,23.734558596289215,23.211968488564597,46,0.515968665136722
cytidine,direct_neighbor_ridge,large_intestine,115.01088737699604,121.45142356421029,110,1.0455535216090548
cytidine,direct_neighbor_ridge,liver,38.28371732992065,37.20430157396657,50,0.7656743465984129
cytidine,direct_neighbor_ridge,lung,251.7296161372682,257.64078784222585,352,0.7151409549354211
cytidine,direct_neighbor_ridge,oesophagus,53.15218397756333,55.40872783044671,50,1.0630436795512666
cytidine,direct_neighbor_ridge,ovary,55.55814396936224,58.20209469657201,90,0.6173127107706916
cytidine,direct_neighbor_ridge,pancreas,75.9365392151941,80.46586253743045,82,0.926055356282855
cytidine,direct_neighbor_ridge,skin,73.07782174719992,65.56595311133827,104,0.7026713629538454
cytidine,direct_neighbor_ridge,soft_tissue,38.611512998784285,31.872118404016465,36,1.0725420277440079
cytidine,direct_neighbor_ridge,stomach,61.56395664669992,63.58885528798008,74,0.8319453600905394
cytidine,direct_neighbor_ridge,upper_aerodigestive_tract,62.986959065555816,76.06074801544645,60,1.049782651092597
cytidine,direct_neighbor_ridge,urinary_tract,36.97146216843494,42.847087694650796,50,0.7394292433686988
dimethylglycine,direct_neighbor_ridge,autonomic_ganglia,6.327521989239353,28.37578223436372,32,0.19773506216372977
dimethylglycine,direct_neighbor_ridge,bone,11.031869804810437,24.894316933060765,38,0.2903123632844852
dimethylglycine,direct_neighbor_ridge,breast,30.532894364088147,106.47209363339256,98,0.31156014657232806
dimethylglycine,direct_neighbor_ridge,central_nervous_system,37.79306134397107,96.42997959664116,98,0.3856434831017456
dimethylglycine,direct_neighbor_ridge,endometrium,19.695997084612635,48.63914869796666,56,0.35171423365379706
dimethylglycine,direct_neighbor_ridge,haematopoietic_and_lymphoid_tissue,242.4525667258052,728.4037362840984,326,0.7437195298337583
dimethylglycine,direct_neighbor_ridge,kidney,13.103270089764964,27.307804750980637,46,0.28485369760358614
dimethylglycine,direct_neighbor_ridge,large_intestine,31.777431925408568,91.87690829833963,110,0.2888857447764415
dimethylglycine,direct_neighbor_ridge,liver,30.978091513909547,55.34401412771776,50,0.6195618302781909
dimethylglycine,direct_neighbor_ridge,lung,189.18821436026855,423.861114859025,352,0.5374665180689447
dimethylglycine,direct_neighbor_ridge,oesophagus,13.66891898648793,21.626683288182704,50,0.2733783797297586
dimethylglycine,direct_neighbor_ridge,ovary,41.49624683815871,88.57290041360964,90,0.46106940931287455
dimethylglycine,direct_neighbor_ridge,pancreas,30.263440693255532,71.27757638973233,82,0.3690663499177504
dimethylglycine,direct_neighbor_ridge,skin,27.39709940948538,37.252565808105736,104,0.26343364816812864
dimethylglycine,direct_neighbor_ridge,soft_tissue,41.24302506975496,30.163030156665126,36,1.145639585270971
dimethylglycine,direct_neighbor_ridge,stomach,32.889312018109116,74.77451120454074,74,0.44445016240687996
dimethylglycine,direct_neighbor_ridge,upper_aerodigestive_tract,10.865496757811702,29.542757868404752,60,0.18109161263019502
dimethylglycine,direct_neighbor_ridge,urinary_tract,14.157529151615561,14.570967160635634,50,0.2831505830323112
glucuronate,direct_neighbor_ridge,autonomic_ganglia,10.549537088524012,13.656932867705866,32,0.3296730340163754
glucuronate,direct_neighbor_ridge,bone,24.2602228770495,19.65013104880602,38,0.6384269178170922
glucuronate,direct_neighbor_ridge,breast,74.26054542883111,75.64507790911131,98,0.7577606676411337
glucuronate,direct_neighbor_ridge,central_nervous_system,73.68177669481852,78.66276754841896,98,0.7518548642328421
glucuronate,direct_neighbor_ridge,endometrium,38.11335272036821,40.35863248587207,56,0.6805955842922895
glucuronate,direct_neighbor_ridge,haematopoietic_and_lymphoid_tissue,951.8404209833157,1051.996142948738,326,2.9197558925868576
glucuronate,direct_neighbor_ridge,kidney,21.85601284167596,27.5388384124715,46,0.47513071394947737
glucuronate,direct_neighbor_ridge,large_intestine,73.72232108415393,56.908303966053246,110,0.6702029189468539
glucuronate,direct_neighbor_ridge,liver,27.120316441048203,27.457641131343774,50,0.5424063288209641
glucuronate,direct_neighbor_ridge,lung,275.80460432495244,304.35017690493146,352,0.7835358077413421
glucuronate,direct_neighbor_ridge,oesophagus,27.119528223742893,25.134227780637175,50,0.5423905644748579
glucuronate,direct_neighbor_ridge,ovary,37.49912829400426,42.196046076360666,90,0.4166569810444918
glucuronate,direct_neighbor_ridge,pancreas,69.81853734053333,69.0082383119491,82,0.8514455773235772
glucuronate,direct_neighbor_ridge,skin,53.86939317550495,51.72102471939011,104,0.5179749343798553
glucuronate,direct_neighbor_ridge,soft_tissue,17.325733401436285,21.214563453751364,36,0.481270372262119
glucuronate,direct_neighbor_ridge,stomach,49.81295784969946,49.7714820284511,74,0.6731480790499926
glucuronate,direct_neighbor_ridge,upper_aerodigestive_tract,31.134987384430826,42.41040653035355,60,0.5189164564071804
glucuronate,direct_neighbor_ridge,urinary_tract,37.0699216450431,41.806276043042395,50,0.741398432900862
glutamate,direct_neighbor_ridge,autonomic_ganglia,20.480562872396575,17.884780646834365,32,0.640017589762393
glutamate,direct_neighbor_ridge,bone,26.933784634245114,30.68821572279227,38,0.7087838061643451
glutamate,direct_neighbor_ridge,breast,273.0596983257075,297.23453838673845,98,2.7863234523031375
glutamate,direct_neighbor_ridge,central_nervous_system,108.00373934666996,119.91697022332326,98,1.1020789729252036
glutamate,direct_neighbor_ridge,endometrium,43.149047437668614,43.0017062007455,56,0.7705187042440824
glutamate,direct_neighbor_ridge,haematopoietic_and_lymphoid_tissue,498.03618186448836,460.64089116443927,326,1.5277183492775717
glutamate,direct_neighbor_ridge,kidney,55.97425487229403,52.754906592371604,46,1.216831627658566
glutamate,direct_neighbor_ridge,large_intestine,122.23326502083333,145.61438134861365,110,1.1112115001893939
glutamate,direct_neighbor_ridge,liver,116.88161826791973,127.76259223207654,50,2.337632365358395
glutamate,direct_neighbor_ridge,lung,235.9617753979357,247.78253389728505,352,0.6703459528350446
glutamate,direct_neighbor_ridge,oesophagus,15.049312467956158,12.578419279297668,50,0.30098624935912316
glutamate,direct_neighbor_ridge,ovary,61.72486344830301,53.766944339431284,90,0.6858318160922556
glutamate,direct_neighbor_ridge,pancreas,54.810574293160784,49.09091708197224,82,0.668421637721473
glutamate,direct_neighbor_ridge,skin,60.678489350311274,65.73260780739935,104,0.5834470129837622
glutamate,direct_neighbor_ridge,soft_tissue,18.032090735677734,18.055365260274602,36,0.5008914093243815
glutamate,direct_neighbor_ridge,stomach,88.13119735574388,78.93267848220165,74,1.1909621264289714
glutamate,direct_neighbor_ridge,upper_aerodigestive_tract,35.67867527001141,28.8585825407158,60,0.5946445878335235
glutamate,direct_neighbor_ridge,urinary_tract,49.26457449133295,43.998029857175176,50,0.985291489826659
glutamine,direct_neighbor_ridge,autonomic_ganglia,9.63012415418016,17.73809693594835,32,0.30094137981813
glutamine,direct_neighbor_ridge,bone,31.051984666575482,33.32546453808344,38,0.8171574912256706
glutamine,direct_neighbor_ridge,breast,62.05501398265917,60.52285620622036,98,0.6332144283944813
glutamine,direct_neighbor_ridge,central_nervous_system,78.30219131926677,98.62226834071858,98,0.799001952237416
glutamine,direct_neighbor_ridge,endometrium,67.39524349242743,65.00195482965954,56,1.203486490936204
glutamine,direct_neighbor_ridge,haematopoietic_and_lymphoid_tissue,386.91543655652447,432.1924754103308,326,1.186857167351302
glutamine,direct_neighbor_ridge,kidney,43.06610244018471,47.65303485857338,46,0.936219618264885
glutamine,direct_neighbor_ridge,large_intestine,142.85071784675603,176.81803468766097,110,1.2986428895159638
glutamine,direct_neighbor_ridge,liver,90.92642825328213,93.92670786555531,50,1.8185285650656424
glutamine,direct_neighbor_ridge,lung,249.99968509891255,276.7294330629547,352,0.7102263781219107
glutamine,direct_neighbor_ridge,oesophagus,8.289871376280654,10.215492440738693,50,0.16579742752561308
glutamine,direct_neighbor_ridge,ovary,64.59549211274303,77.76634057783211,90,0.7177276901415892
glutamine,direct_neighbor_ridge,pancreas,64.66636231237706,74.2409176577061,82,0.7886141745411837
glutamine,direct_neighbor_ridge,skin,63.2734580771982,74.32240966791385,104,0.608398635357675
glutamine,direct_neighbor_ridge,soft_tissue,18.762367656282876,24.986487506844135,36,0.5211768793411911
glutamine,direct_neighbor_ridge,stomach,86.52177957923749,106.93035309769125,74,1.1692132375572633
glutamine,direct_neighbor_ridge,upper_aerodigestive_tract,67.46175081605142,47.772038867676514,60,1.124362513600857
glutamine,direct_neighbor_ridge,urinary_tract,62.86539464734336,73.47347019164614,50,1.257307892946867
glycine,direct_neighbor_ridge,autonomic_ganglia,11.330986334836103,11.286199975381846,32,0.3540933229636282
glycine,direct_neighbor_ridge,bone,104.19225987756955,102.05159215932598,38,2.7419015757255147
glycine,direct_neighbor_ridge,breast,53.00117955023465,53.098498274836174,98,0.5408283627574965
glycine,direct_neighbor_ridge,central_nervous_system,124.60436329790775,120.53337169894951,98,1.2714730948766098
glycine,direct_neighbor_ridge,endometrium,103.71927804348434,110.24179770181917,56,1.8521299650622203
glycine,direct_neighbor_ridge,haematopoietic_and_lymphoid_tissue,210.42302839482903,189.10407870379953,326,0.6454694122540768
glycine,direct_neighbor_ridge,kidney,70.96718005894272,65.57592730469655,46,1.542764783890059
glycine,direct_neighbor_ridge,large_intestine,159.88197467994712,173.64667185884713,110,1.4534724970904285
glycine,direct_neighbor_ridge,liver,96.24349778460672,111.46376215693958,50,1.9248699556921343
glycine,direct_neighbor_ridge,lung,279.34620876539833,308.4408853782585,352,0.7935971839926089
glycine,direct_neighbor_ridge,oesophagus,59.552351094365875,54.35536268587594,50,1.1910470218873175
glycine,direct_neighbor_ridge,ovary,62.5268859700192,60.53763801568016,90,0.6947431774446577
glycine,direct_neighbor_ridge,pancreas,70.6467318373372,71.65572920652322,82,0.8615455102114292
glycine,direct_neighbor_ridge,skin,95.31628182346552,93.78066528001993,104,0.9165027098410146
glycine,direct_neighbor_ridge,soft_tissue,59.15345987093877,63.038504514075335,36,1.6431516630816325
glycine,direct_neighbor_ridge,stomach,71.84807745708486,69.34186170075002,74,0.9709199656362818
glycine,direct_neighbor_ridge,upper_aerodigestive_tract,45.435358652820206,46.66941269749037,60,0.7572559775470035
glycine,direct_neighbor_ridge,urinary_tract,84.25540474250224,93.68840199981967,50,1.6851080948500448
guanosine,direct_neighbor_ridge,autonomic_ganglia,51.66647034065076,52.224022554678,32,1.6145771981453363
guanosine,direct_neighbor_ridge,bone,53.4116067848414,55.36028218657023,38,1.4055685996010896
guanosine,direct_neighbor_ridge,breast,82.48492799965389,82.74799651134627,98,0.8416829387719785
guanosine,direct_neighbor_ridge,central_nervous_system,162.49128411277644,162.4320853463253,98,1.6580743276813923
guanosine,direct_neighbor_ridge,endometrium,56.83287881732003,59.252078544237584,56,1.014872836023572
guanosine,direct_neighbor_ridge,haematopoietic_and_lymphoid_tissue,233.92494709124577,234.51508772888812,326,0.7175611873964595
guanosine,direct_neighbor_ridge,kidney,39.63002662069271,39.79644278291816,46,0.8615223178411459
guanosine,direct_neighbor_ridge,large_intestine,131.26990940358505,131.5834855936937,110,1.1933628127598641
guanosine,direct_neighbor_ridge,liver,47.84298353139042,48.229002213484634,50,0.9568596706278085
guanosine,direct_neighbor_ridge,lung,344.03311181742043,342.7814427232185,352,0.9773667949358535
guanosine,direct_neighbor_ridge,oesophagus,66.85279539248563,66.57265278362907,50,1.3370559078497126
guanosine,direct_neighbor_ridge,ovary,69.92259210046032,71.83149003798675,90,0.7769176900051147
guanosine,direct_neighbor_ridge,pancreas,55.22505400338251,56.142579083135004,82,0.673476268333933
guanosine,direct_neighbor_ridge,skin,211.38410615957363,204.15392519996078,104,2.0325394823035925
guanosine,direct_neighbor_ridge,soft_tissue,38.5445146365823,39.51126758154456,36,1.0706809621272861
guanosine,direct_neighbor_ridge,stomach,87.84439187221716,89.16564311487066,74,1.1870863766515831
guanosine,direct_neighbor_ridge,upper_aerodigestive_tract,28.828491372452696,29.594765003075565,60,0.48047485620754493
guanosine,direct_neighbor_ridge,urinary_tract,43.03514880882944,43.698852299716684,50,0.8607029761765888
histidine,direct_neighbor_ridge,autonomic_ganglia,37.189067230259525,36.403516029872485,32,1.1621583509456102
histidine,direct_neighbor_ridge,bone,30.20767539469974,29.204159591233246,38,0.794938826176309
histidine,direct_neighbor_ridge,breast,90.54853922356588,87.60094784746114,98,0.9239646859547539
histidine,direct_neighbor_ridge,central_nervous_system,115.1109992576643,76.88961855745991,98,1.1746020332414724
histidine,direct_neighbor_ridge,endometrium,35.33019401571227,43.33070677310896,56,0.6308963217091478
histidine,direct_neighbor_ridge,haematopoietic_and_lymphoid_tissue,966.9021711522005,919.2165462067455,326,2.965957580221474
histidine,direct_neighbor_ridge,kidney,32.0435717100323,24.721920698936955,46,0.6965993850007023
histidine,direct_neighbor_ridge,large_intestine,128.3039717591212,168.18139783832893,110,1.1663997432647382
histidine,direct_neighbor_ridge,liver,58.89299897717932,44.631682432734515,50,1.1778599795435865
histidine,direct_neighbor_ridge,lung,331.41380707383615,363.706302468809,352,0.9415164973688527
histidine,direct_neighbor_ridge,oesophagus,16.63221547560226,13.579654260943327,50,0.33264430951204516
histidine,direct_neighbor_ridge,ovary,50.17002913419371,58.96622011689066,90,0.5574447681577079
histidine,direct_neighbor_ridge,pancreas,32.43829945879826,30.329336202167784,82,0.3955890177902227
histidine,direct_neighbor_ridge,skin,65.07703159083492,67.05758267762819,104,0.6257406883734127
histidine,direct_neighbor_ridge,soft_tissue,43.76948720745237,43.45410639988698,36,1.2158190890958993
histidine,direct_neighbor_ridge,stomach,55.35697577539946,48.39933374619394,74,0.7480672402081009
histidine,direct_neighbor_ridge,upper_aerodigestive_tract,34.47182046310389,40.88891077267308,60,0.5745303410517315
histidine,direct_neighbor_ridge,urinary_tract,49.80065694334671,55.64760353374382,50,0.9960131388669342
homocysteine,direct_neighbor_ridge,autonomic_ganglia,29.883266089593683,24.141431190199697,32,0.9338520652998026
homocysteine,direct_neighbor_ridge,bone,38.739611739342685,42.33921517020665,38,1.0194634668248075
homocysteine,direct_neighbor_ridge,breast,75.32050885069329,75.65375228945449,98,0.7685766209254417
homocysteine,direct_neighbor_ridge,central_nervous_system,82.58585502028541,97.4595293647346,98,0.8427128063294429
homocysteine,direct_neighbor_ridge,endometrium,45.08827584287747,43.98250557822242,56,0.8051477829085263
homocysteine,direct_neighbor_ridge,haematopoietic_and_lymphoid_tissue,441.9898596081226,334.2170238648355,326,1.3557971153623392
homocysteine,direct_neighbor_ridge,kidney,27.33206967100498,31.243996551610078,46,0.5941754276305431
homocysteine,direct_neighbor_ridge,large_intestine,135.5570454253589,151.52377236481996,110,1.2323367765941717
homocysteine,direct_neighbor_ridge,liver,19.78551521281584,21.83486751641966,50,0.3957103042563168
homocysteine,direct_neighbor_ridge,lung,330.5682240840923,327.2979779009977,352,0.9391142729661713
homocysteine,direct_neighbor_ridge,oesophagus,43.48236929746083,42.13531524915373,50,0.8696473859492165
homocysteine,direct_neighbor_ridge,ovary,69.14200081659311,64.9615904435199,90,0.7682444535177012
homocysteine,direct_neighbor_ridge,pancreas,87.35939888703356,92.20708152929657,82,1.0653585230126044
homocysteine,direct_neighbor_ridge,skin,150.9821840509546,164.627096253268,104,1.4517517697207174
homocysteine,direct_neighbor_ridge,soft_tissue,47.50149192224636,46.73531618210813,36,1.3194858867290655
homocysteine,direct_neighbor_ridge,stomach,94.14173715201137,99.61010809945972,74,1.272185637189343
homocysteine,direct_neighbor_ridge,upper_aerodigestive_tract,52.58056223889936,56.88555936811435,60,0.876342703981656
homocysteine,direct_neighbor_ridge,urinary_tract,56.962330164522164,61.079555185686985,50,1.1392466032904434
hypoxanthine,direct_neighbor_ridge,autonomic_ganglia,34.086330231073624,46.81003054446879,32,1.0651978197210508
hypoxanthine,direct_neighbor_ridge,bone,30.952238466900074,33.869479348858974,38,0.8145325912342125
hypoxanthine,direct_neighbor_ridge,breast,71.03136252877658,77.09299854519368,98,0.72480982172221
hypoxanthine,direct_neighbor_ridge,central_nervous_system,124.41911488305571,127.08172437388374,98,1.26958280492914
hypoxanthine,direct_neighbor_ridge,endometrium,52.28753783743248,52.36349605466948,56,0.9337060328112943
hypoxanthine,direct_neighbor_ridge,haematopoietic_and_lymphoid_tissue,415.2958514683604,417.30105167080467,326,1.2739136548109216
hypoxanthine,direct_neighbor_ridge,kidney,28.699399938643328,28.526105977590127,46,0.6238999986661593
hypoxanthine,direct_neighbor_ridge,large_intestine,122.60639365789108,142.94296284228122,110,1.1146035787081008
hypoxanthine,direct_neighbor_ridge,liver,37.01629994010577,42.67671707055951,50,0.7403259988021154
hypoxanthine,direct_neighbor_ridge,lung,332.45966124017036,352.5966379003855,352,0.9444876739777567
hypoxanthine,direct_neighbor_ridge,oesophagus,52.24533774655573,59.54067048983085,50,1.0449067549311146
hypoxanthine,direct_neighbor_ridge,ovary,65.95710399412798,73.43105643234294,90,0.7328567110458664
hypoxanthine,direct_neighbor_ridge,pancreas,70.26100274227565,80.91707389763172,82,0.8568414968570202
hypoxanthine,direct_neighbor_ridge,skin,109.79915763969227,100.24631483545119,104,1.0557611311508872
hypoxanthine,direct_neighbor_ridge,soft_tissue,35.66146214296908,32.81050730777413,36,0.99059617063803
hypoxanthine,direct_neighbor_ridge,stomach,61.938478160584864,65.6667495576617,74,0.8370064616295252
hypoxanthine,direct_neighbor_ridge,upper_aerodigestive_tract,61.692930506764306,72.403490285959,60,1.0282155084460718
hypoxanthine,direct_neighbor_ridge,urinary_tract,30.00804722690199,30.471579780779738,50,0.6001609445380398
inosine,direct_neighbor_ridge,autonomic_ganglia,39.0098800021634,48.17505654427296,32,1.2190587500676062
inosine,direct_neighbor_ridge,bone,35.6884994110242,49.903773602137015,38,0.9391710371322158
inosine,direct_neighbor_ridge,breast,83.19967008192087,73.20905678065458,98,0.8489762253257231
inosine,direct_neighbor_ridge,central_nervous_system,64.83308501739594,69.28803701436968,98,0.6615620920142443
inosine,direct_neighbor_ridge,endometrium,44.441202525572976,49.14838510834445,56,0.7935929022423746
inosine,direct_neighbor_ridge,haematopoietic_and_lymphoid_tissue,353.5609685640114,399.49410384819714,326,1.084542848355863
inosine,direct_neighbor_ridge,kidney,32.96640159626476,39.272089421840775,46,0.7166609042666252
inosine,direct_neighbor_ridge,large_intestine,119.21193204939111,133.03991423145715,110,1.0837448368126466
inosine,direct_neighbor_ridge,liver,38.937417549884955,40.39239609364602,50,0.7787483509976991
inosine,direct_neighbor_ridge,lung,394.55852510868596,451.96998691320056,352,1.1209049008769487
inosine,direct_neighbor_ridge,oesophagus,53.35297601703984,77.99357719746178,50,1.0670595203407969
inosine,direct_neighbor_ridge,ovary,39.71011653669984,40.035441730184644,90,0.4412235170744427
inosine,direct_neighbor_ridge,pancreas,49.35647011416408,71.65119465306098,82,0.6019081721239522
inosine,direct_neighbor_ridge,skin,85.72885933691174,89.11352419642628,104,0.8243159551626129
inosine,direct_neighbor_ridge,soft_tissue,11.592737803004338,12.65907631611945,36,0.32202049452789827
inosine,direct_neighbor_ridge,stomach,87.19112242352855,101.33125665374071,74,1.1782584111287642
inosine,direct_neighbor_ridge,upper_aerodigestive_tract,24.73780513291273,30.857356127885314,60,0.41229675221521217
inosine,direct_neighbor_ridge,urinary_tract,36.10564475065867,37.047255393347726,50,0.7221128950131734
inositol,direct_neighbor_ridge,autonomic_ganglia,6.87107932713157,7.483763308192955,32,0.21472122897286156
inositol,direct_neighbor_ridge,bone,40.45120287760501,43.85644667630355,38,1.0645053388843424
inositol,direct_neighbor_ridge,breast,103.93425565732895,111.21234535461247,98,1.060553629156418
inositol,direct_neighbor_ridge,central_nervous_system,92.48076066878308,87.03474490100693,98,0.9436812313141131
inositol,direct_neighbor_ridge,endometrium,83.67847998793951,84.8482067518926,56,1.4942585712132055
inositol,direct_neighbor_ridge,haematopoietic_and_lymphoid_tissue,379.03114150697445,382.5069011582972,326,1.162672213211578
inositol,direct_neighbor_ridge,kidney,27.358941416480338,29.027711909642196,46,0.5947595960104421
inositol,direct_neighbor_ridge,large_intestine,127.62522590033552,123.17458166354228,110,1.1602293263666865
inositol,direct_neighbor_ridge,liver,77.79470005508976,80.56480353963683,50,1.5558940011017952
inositol,direct_neighbor_ridge,lung,263.42032237881557,253.1611965327462,352,0.7483531885761806
inositol,direct_neighbor_ridge,oesophagus,41.02984855432502,45.941249080401185,50,0.8205969710865004
inositol,direct_neighbor_ridge,ovary,92.23305025190137,98.16941174408352,90,1.024811669465571
inositol,direct_neighbor_ridge,pancreas,71.89448597958737,77.95253701504959,82,0.8767620241413094
inositol,direct_neighbor_ridge,skin,151.853746205409,164.66288858440592,104,1.4601321750520098
inositol,direct_neighbor_ridge,soft_tissue,35.631080621877054,36.26413045266661,36,0.9897522394965849
inositol,direct_neighbor_ridge,stomach,61.004363124865456,63.38037004942292,74,0.8243832854711548
inositol,direct_neighbor_ridge,upper_aerodigestive_tract,31.15914014695158,32.978086947938316,60,0.5193190024491929
inositol,direct_neighbor_ridge,urinary_tract,58.95964469616337,64.86964146144484,50,1.1791928939232674
isocitrate,direct_neighbor_ridge,autonomic_ganglia,25.007024975002906,26.112212122513586,32,0.7814695304688408
isocitrate,direct_neighbor_ridge,bone,24.15732837873333,36.8765006239022,38,0.6357191678614034
isocitrate,direct_neighbor_ridge,breast,82.42614795289987,107.1059357149613,98,0.8410831423765293
isocitrate,direct_neighbor_ridge,central_nervous_system,65.87213250470506,97.60721837866232,98,0.6721646173949496
isocitrate,direct_neighbor_ridge,endometrium,29.339474957744745,38.09011813596171,56,0.5239191956740133
isocitrate,direct_neighbor_ridge,haematopoietic_and_lymphoid_tissue,641.1709268319901,653.1346269881255,326,1.9667819841472087
isocitrate,direct_neighbor_ridge,kidney,33.5842306972348,40.65785734604586,46,0.7300919716790174
isocitrate,direct_neighbor_ridge,large_intestine,60.237293438884414,80.59821863114456,110,0.5476117585353129
isocitrate,direct_neighbor_ridge,liver,30.177757443754984,51.237387566468755,50,0.6035551488750996
isocitrate,direct_neighbor_ridge,lung,201.30154163845538,277.58784822228347,352,0.5718793796547028
isocitrate,direct_neighbor_ridge,oesophagus,23.53691141643837,22.167268043168974,50,0.47073822832876744
isocitrate,direct_neighbor_ridge,ovary,43.41371717968665,49.030449985918324,90,0.48237463532985164
isocitrate,direct_neighbor_ridge,pancreas,66.98108115427533,83.20798166273573,82,0.8168424531009186
isocitrate,direct_neighbor_ridge,skin,53.489645413971466,72.9075606585253,104,0.5143235135958795
isocitrate,direct_neighbor_ridge,soft_tissue,36.94384863278981,51.500218200672606,36,1.0262180175774946
isocitrate,direct_neighbor_ridge,stomach,76.3302365163421,100.1333475788621,74,1.0314896826532716
isocitrate,direct_neighbor_ridge,upper_aerodigestive_tract,33.89559329590255,39.29168841839046,60,0.5649265549317092
isocitrate,direct_neighbor_ridge,urinary_tract,31.40371004749627,35.67839730664943,50,0.6280742009499254
isoleucine,direct_neighbor_ridge,autonomic_ganglia,25.22541671259111,30.103273530298768,32,0.7882942722684722
isoleucine,direct_neighbor_ridge,bone,14.10463831181641,26.286105635355987,38,0.3711746924162213
isoleucine,direct_neighbor_ridge,breast,56.00615923552707,70.10659404675569,98,0.5714914207706844
isoleucine,direct_neighbor_ridge,central_nervous_system,50.23829231213152,69.7969121067918,98,0.5126356358380767
isoleucine,direct_neighbor_ridge,endometrium,48.95534419669572,49.93271106124534,56,0.874202574940995
isoleucine,direct_neighbor_ridge,haematopoietic_and_lymphoid_tissue,387.36070601812906,627.0534503746735,326,1.188223024595488
isoleucine,direct_neighbor_ridge,kidney,11.800793033288718,24.783796660491113,46,0.25653897898453737
isoleucine,direct_neighbor_ridge,large_intestine,82.78616856776968,107.18019763501597,110,0.7526015324342697
isoleucine,direct_neighbor_ridge,liver,49.34059869351079,44.83748360937226,50,0.9868119738702158
isoleucine,direct_neighbor_ridge,lung,371.5186507036679,440.97871712167205,352,1.0554507122263292
isoleucine,direct_neighbor_ridge,oesophagus,10.472519248872516,14.216700057961763,50,0.2094503849774503
isoleucine,direct_neighbor_ridge,ovary,68.46000813822594,81.7097913472025,90,0.7606667570913994
isoleucine,direct_neighbor_ridge,pancreas,63.610556194742074,72.61437386196867,82,0.7757384901797814
isoleucine,direct_neighbor_ridge,skin,44.425461728859176,60.61704501729017,104,0.42716790123903053
isoleucine,direct_neighbor_ridge,soft_tissue,75.4071996179741,80.1976778821274,36,2.094644433832614
isoleucine,direct_neighbor_ridge,stomach,56.76893280078949,52.76310743349265,74,0.7671477405512094
isoleucine,direct_neighbor_ridge,upper_aerodigestive_tract,38.81926738536923,54.36261584065088,60,0.6469877897561538
isoleucine,direct_neighbor_ridge,urinary_tract,77.06979374399943,85.02531124252579,50,1.5413958748799885
kynurenine,direct_neighbor_ridge,autonomic_ganglia,24.151691801356804,22.740356259298725,32,0.7547403687924001
kynurenine,direct_neighbor_ridge,bone,41.86315755147838,42.25613234320605,38,1.1016620408283784
kynurenine,direct_neighbor_ridge,breast,102.62601723037348,104.70217694063977,98,1.0472042574527907
kynurenine,direct_neighbor_ridge,central_nervous_system,165.9946041164021,167.248884508982,98,1.6938224909836948
kynurenine,direct_neighbor_ridge,endometrium,29.26051512100086,30.207128559254663,56,0.5225091985893011
kynurenine,direct_neighbor_ridge,haematopoietic_and_lymphoid_tissue,288.6280090749583,296.4622366487638,326,0.8853619910274795
kynurenine,direct_neighbor_ridge,kidney,39.9080022061817,41.110197193085696,46,0.867565265351776
kynurenine,direct_neighbor_ridge,large_intestine,112.41514879937365,102.78531732027052,110,1.021955898176124
kynurenine,direct_neighbor_ridge,liver,80.89313802377363,81.77139223579366,50,1.6178627604754725
kynurenine,direct_neighbor_ridge,lung,273.72251564528307,275.65942890883525,352,0.7776207830831905
kynurenine,direct_neighbor_ridge,oesophagus,33.40082993427499,32.569040023802565,50,0.6680165986854998
kynurenine,direct_neighbor_ridge,ovary,154.1515162129269,155.34965166877146,90,1.7127946245880767
kynurenine,direct_neighbor_ridge,pancreas,118.06128947840119,111.38148271015444,82,1.4397718229073315
kynurenine,direct_neighbor_ridge,skin,98.54123993093597,97.81283329804934,104,0.9475119224128459
kynurenine,direct_neighbor_ridge,soft_tissue,19.487723402241294,16.878618193953734,36,0.5413256500622582
kynurenine,direct_neighbor_ridge,stomach,59.250575617976025,62.42373452212467,74,0.8006834542969733
kynurenine,direct_neighbor_ridge,upper_aerodigestive_tract,70.80113088631094,69.85119321333907,60,1.1800188481051823
kynurenine,direct_neighbor_ridge,urinary_tract,59.52395069136668,57.965662915228656,50,1.1904790138273336
leucine,direct_neighbor_ridge,autonomic_ganglia,40.60462624178409,44.39401504380479,32,1.2688945700557528
leucine,direct_neighbor_ridge,bone,31.60431667349083,35.15672894024065,38,0.8316925440392323
leucine,direct_neighbor_ridge,breast,80.62295231995745,89.6856850034243,98,0.8226831869383413
leucine,direct_neighbor_ridge,central_nervous_system,71.04311234990713,86.09427601685573,98,0.7249297178561952
leucine,direct_neighbor_ridge,endometrium,34.18278200568006,37.50388777750932,56,0.610406821530001
leucine,direct_neighbor_ridge,haematopoietic_and_lymphoid_tissue,890.8183681569813,966.9964555400786,326,2.7325716814631327
leucine,direct_neighbor_ridge,kidney,31.76910096799955,30.302132119365695,46,0.6906326297391207
leucine,direct_neighbor_ridge,large_intestine,94.13144948351334,98.82120414047279,110,0.8557404498501212
leucine,direct_neighbor_ridge,liver,59.005069648626495,59.71711084041577,50,1.18010139297253
leucine,direct_neighbor_ridge,lung,343.6414413162104,374.9985676648406,352,0.9762540946483249
leucine,direct_neighbor_ridge,oesophagus,19.327227831317686,15.5529595619441,50,0.38654455662635373
leucine,direct_neighbor_ridge,ovary,57.837730224508604,54.29801100995483,90,0.6426414469389845
leucine,direct_neighbor_ridge,pancreas,35.73149350059154,39.20462101543679,82,0.4357499207389212
leucine,direct_neighbor_ridge,skin,69.2167662496369,65.30123849641238,104,0.6655458293234318
leucine,direct_neighbor_ridge,soft_tissue,34.92620278240859,36.263348432508344,36,0.9701722995113496
leucine,direct_neighbor_ridge,stomach,33.32350042570638,40.167348884420285,74,0.45031757332035643
leucine,direct_neighbor_ridge,upper_aerodigestive_tract,73.28796848714268,61.991325895604824,60,1.221466141452378
leucine,direct_neighbor_ridge,urinary_tract,54.93789059944306,50.09134759129472,50,1.0987578119888612
lysine,direct_neighbor_ridge,autonomic_ganglia,26.44462353364821,31.881697357456588,32,0.8263944854265065
lysine,direct_neighbor_ridge,bone,21.26912972648921,45.12194575709871,38,0.5597139401707687
lysine,direct_neighbor_ridge,breast,51.94888832675761,75.06701829686159,98,0.5300906972118123
lysine,direct_neighbor_ridge,central_nervous_system,56.18295693770223,92.48198715657074,98,0.5732954789561452
lysine,direct_neighbor_ridge,endometrium,21.250004812433207,40.28951730006323,56,0.379464371650593
lysine,direct_neighbor_ridge,haematopoietic_and_lymphoid_tissue,426.93661136639435,1061.410130477398,326,1.3096215072588784
lysine,direct_neighbor_ridge,kidney,18.26092481093301,42.10813851663326,46,0.39697662632463065
lysine,direct_neighbor_ridge,large_intestine,75.20896365775974,110.388950819427,110,0.6837178514341794
lysine,direct_neighbor_ridge,liver,44.04541138715943,41.525141708316376,50,0.8809082277431887
lysine,direct_neighbor_ridge,lung,219.9833167213393,290.496973593029,352,0.6249526043219866
lysine,direct_neighbor_ridge,oesophagus,22.058397104241845,18.949115345992233,50,0.4411679420848369
lysine,direct_neighbor_ridge,ovary,49.1169748314672,72.99080204691398,90,0.5457441647940801
lysine,direct_neighbor_ridge,pancreas,39.10531275155351,33.354020798557556,82,0.47689405794577455
lysine,direct_neighbor_ridge,skin,67.48265063995449,99.90670558929557,104,0.6488716407687931
lysine,direct_neighbor_ridge,soft_tissue,16.27766945094016,18.95489232072659,36,0.4521574847483378
lysine,direct_neighbor_ridge,stomach,36.38628204509072,53.430291665730365,74,0.4917065141228475
lysine,direct_neighbor_ridge,upper_aerodigestive_tract,49.669152020866534,71.59857881603938,60,0.8278192003477756
lysine,direct_neighbor_ridge,urinary_tract,29.63966234337444,46.58361596460328,50,0.5927932468674888
malate,direct_neighbor_ridge,autonomic_ganglia,17.87604245017837,19.84121264258016,32,0.5586263265680741
malate,direct_neighbor_ridge,bone,24.888684563507365,35.2913998855552,38,0.6549653832501938
malate,direct_neighbor_ridge,breast,75.8253208108016,111.75384653000741,98,0.7737277633755265
malate,direct_neighbor_ridge,central_nervous_system,112.35505300397038,151.50743371592282,98,1.1464801326935754
malate,direct_neighbor_ridge,endometrium,21.94578326088428,27.694892468244685,56,0.391888986801505
malate,direct_neighbor_ridge,haematopoietic_and_lymphoid_tissue,734.200357919473,741.3984866626931,326,2.2521483371762976
malate,direct_neighbor_ridge,kidney,16.185618303002503,21.831080252394923,46,0.35186126745657614
malate,direct_neighbor_ridge,large_intestine,58.11766340968879,82.80526041968886,110,0.5283423946335344
malate,direct_neighbor_ridge,liver,44.74377220548265,70.74039821213101,50,0.894875444109653
malate,direct_neighbor_ridge,lung,189.15808285243912,244.90712254551394,352,0.5373809171944294
malate,direct_neighbor_ridge,oesophagus,50.236940520125906,52.36317309374923,50,1.0047388104025181
malate,direct_neighbor_ridge,ovary,42.28579652853622,50.324431706736874,90,0.4698421836504024
malate,direct_neighbor_ridge,pancreas,67.89962304487241,61.86464749486163,82,0.8280441834740538
malate,direct_neighbor_ridge,skin,34.21094050426507,47.02010175430008,104,0.32895135100254874
malate,direct_neighbor_ridge,soft_tissue,27.778194110861044,26.65505158076134,36,0.7716165030794735
malate,direct_neighbor_ridge,stomach,37.637706868586726,53.52319456626257,74,0.5086176603863071
malate,direct_neighbor_ridge,upper_aerodigestive_tract,32.21307221469847,32.097003176607664,60,0.5368845369116412
malate,direct_neighbor_ridge,urinary_tract,25.670426567479893,32.36008683217915,50,0.5134085313495979
methionine,direct_neighbor_ridge,autonomic_ganglia,13.77027435686653,28.913798916867744,32,0.43032107365207906
methionine,direct_neighbor_ridge,bone,13.96213980376378,29.0827344418866,38,0.3674247316779942
methionine,direct_neighbor_ridge,breast,46.42504123212159,82.3544720281677,98,0.473724910531853
methionine,direct_neighbor_ridge,central_nervous_system,47.81392681966714,81.32677635191394,98,0.48789721244558304
methionine,direct_neighbor_ridge,endometrium,26.104478957508984,34.98199169494261,56,0.46615140995551757
methionine,direct_neighbor_ridge,haematopoietic_and_lymphoid_tissue,332.0715957674039,850.6833644378879,326,1.018624526893877
methionine,direct_neighbor_ridge,kidney,8.821527954276691,24.871540197090734,46,0.19177234683210198
methionine,direct_neighbor_ridge,large_intestine,99.34135952308246,160.7036962504014,110,0.9031032683916588
methionine,direct_neighbor_ridge,liver,38.69713208647396,56.329269100195816,50,0.7739426417294791
methionine,direct_neighbor_ridge,lung,278.54314574895557,412.6077429716564,352,0.7913157549686237
methionine,direct_neighbor_ridge,oesophagus,33.79251245796144,34.995761697852615,50,0.6758502491592289
methionine,direct_neighbor_ridge,ovary,56.245345935142446,60.302741265706544,90,0.6249482881682494
methionine,direct_neighbor_ridge,pancreas,13.71126908074952,31.76311467840428,82,0.16721059854572587
methionine,direct_neighbor_ridge,skin,36.07165063646648,52.09326254598395,104,0.34684279458140843
methionine,direct_neighbor_ridge,soft_tissue,18.542600376023863,17.00843877766209,36,0.5150722326673295
methionine,direct_neighbor_ridge,stomach,54.32778567484303,47.787916490601255,74,0.7341592658762571
methionine,direct_neighbor_ridge,upper_aerodigestive_tract,33.90016252916414,59.30356234777404,60,0.5650027088194024
methionine,direct_neighbor_ridge,urinary_tract,24.664667204779654,53.99798264426069,50,0.4932933440955931
ornithine,direct_neighbor_ridge,autonomic_ganglia,20.362273524986964,24.20233199152689,32,0.6363210476558426
ornithine,direct_neighbor_ridge,bone,19.352790374920474,23.78239036045597,38,0.5092839572347493
ornithine,direct_neighbor_ridge,breast,95.55339062101027,136.65277685340993,98,0.9750345981735742
ornithine,direct_neighbor_ridge,central_nervous_system,50.51173113512941,75.13709965446118,98,0.5154258279094838
ornithine,direct_neighbor_ridge,endometrium,23.181869473239967,37.690592756360665,56,0.4139619548792851
ornithine,direct_neighbor_ridge,haematopoietic_and_lymphoid_tissue,298.75631764081044,432.79919136147794,326,0.916430422211075
ornithine,direct_neighbor_ridge,kidney,30.904785099407494,28.887275428275192,46,0.6718431543349456
ornithine,direct_neighbor_ridge,large_intestine,94.32706084070865,107.18317782538425,110,0.8575187349155332
ornithine,direct_neighbor_ridge,liver,48.01201383246114,49.40550452580338,50,0.9602402766492228
ornithine,direct_neighbor_ridge,lung,291.3383135222035,387.9725214548,352,0.8276656634153509
ornithine,direct_neighbor_ridge,oesophagus,25.74373383624921,32.17885560097294,50,0.5148746767249842
ornithine,direct_neighbor_ridge,ovary,50.279318254801666,66.14263132589384,90,0.5586590917200185
ornithine,direct_neighbor_ridge,pancreas,87.01213766260757,114.45189429201847,82,1.0611236300317997
ornithine,direct_neighbor_ridge,skin,66.48675902038298,71.46057253323757,104,0.6392957598113748
ornithine,direct_neighbor_ridge,soft_tissue,34.93304053957916,49.35991946470628,36,0.9703622372105323
ornithine,direct_neighbor_ridge,stomach,70.677073534207,81.45877637922891,74,0.9550955883000946
ornithine,direct_neighbor_ridge,upper_aerodigestive_tract,45.58056456258467,36.30973854854841,60,0.7596760760430779
ornithine,direct_neighbor_ridge,urinary_tract,41.2871952975422,40.41019744274121,50,0.8257439059508439
oxalate,direct_neighbor_ridge,autonomic_ganglia,64.09750944853869,65.13371588314762,32,2.003047170266834
oxalate,direct_neighbor_ridge,bone,22.199967710094107,24.235981648505714,38,0.5842096765814239
oxalate,direct_neighbor_ridge,breast,48.62401128497139,51.83671677835306,98,0.4961633804588917
oxalate,direct_neighbor_ridge,central_nervous_system,58.298175825071404,64.16699160238674,98,0.5948793451537898
oxalate,direct_neighbor_ridge,endometrium,27.995737351327215,31.516249813879714,56,0.49992388127370024
oxalate,direct_neighbor_ridge,haematopoietic_and_lymphoid_tissue,1244.1152649736246,1398.1810092187347,326,3.8163044937841244
oxalate,direct_neighbor_ridge,kidney,11.750685395557344,13.196191210170026,46,0.2554496825121162
oxalate,direct_neighbor_ridge,large_intestine,63.55987270561467,63.755623052996526,110,0.577817024596497
oxalate,direct_neighbor_ridge,liver,31.102629181882637,34.17624167959782,50,0.6220525836376527
oxalate,direct_neighbor_ridge,lung,352.16942346800244,388.9351539817884,352,1.0004813166704614
oxalate,direct_neighbor_ridge,oesophagus,36.22241864686524,38.952283142046454,50,0.7244483729373049
oxalate,direct_neighbor_ridge,ovary,43.43867707742184,52.589556737849804,90,0.48265196752690936
oxalate,direct_neighbor_ridge,pancreas,62.47432460664101,67.03440783936315,82,0.7618820073980611
oxalate,direct_neighbor_ridge,skin,73.85509977955303,79.72197389214911,104,0.7101451901880099
oxalate,direct_neighbor_ridge,soft_tissue,13.538919684604217,16.50719366614892,36,0.37608110235011716
oxalate,direct_neighbor_ridge,stomach,66.09761522734844,60.546576586683464,74,0.8932110165857897
oxalate,direct_neighbor_ridge,upper_aerodigestive_tract,31.075449449104944,35.7764519754928,60,0.5179241574850824
oxalate,direct_neighbor_ridge,urinary_tract,13.561887410499494,14.286636548781939,50,0.2712377482099899
phenylalanine,direct_neighbor_ridge,autonomic_ganglia,34.12647580290342,32.883887805091,32,1.066452368840732
phenylalanine,direct_neighbor_ridge,bone,45.1743505745066,43.353491615857514,38,1.188798699329121
phenylalanine,direct_neighbor_ridge,breast,79.51888771303567,79.2381257718854,98,0.8114172215615885
phenylalanine,direct_neighbor_ridge,central_nervous_system,100.49707146594832,97.10900074327829,98,1.0254803210811054
phenylalanine,direct_neighbor_ridge,endometrium,48.084929854108736,44.09012037384953,56,0.8586594616805131
phenylalanine,direct_neighbor_ridge,haematopoietic_and_lymphoid_tissue,803.938089741642,824.3965004380756,326,2.466067759943687
phenylalanine,direct_neighbor_ridge,kidney,35.964074323967054,33.80246346163484,46,0.781827702694936
phenylalanine,direct_neighbor_ridge,large_intestine,117.40214740280686,122.2883955299115,110,1.067292249116426
phenylalanine,direct_neighbor_ridge,liver,55.95544378260367,50.70855418082585,50,1.1191088756520735
phenylalanine,direct_neighbor_ridge,lung,299.29608794640353,301.52322827389344,352,0.8502729771204646
phenylalanine,direct_neighbor_ridge,oesophagus,58.0519417726808,57.29084618165158,50,1.161038835453616
phenylalanine,direct_neighbor_ridge,ovary,62.112982334254525,65.17211395277127,90,0.6901442481583836
phenylalanine,direct_neighbor_ridge,pancreas,30.089194382683733,31.809028186611467,82,0.3669413949107772
phenylalanine,direct_neighbor_ridge,skin,89.6686741218397,92.32034037413429,104,0.8621987896330741
phenylalanine,direct_neighbor_ridge,soft_tissue,34.94019286644213,34.11501280443619,36,0.9705609129567259
phenylalanine,direct_neighbor_ridge,stomach,43.99105481364904,44.076389746569326,74,0.5944737136979601
phenylalanine,direct_neighbor_ridge,upper_aerodigestive_tract,88.2613077260947,89.54168842810118,60,1.4710217954349116
phenylalanine,direct_neighbor_ridge,urinary_tract,64.06603700775031,67.09726795095955,50,1.2813207401550062
proline,direct_neighbor_ridge,autonomic_ganglia,8.565316226104898,14.851342600204786,32,0.26766613206577805
proline,direct_neighbor_ridge,bone,31.052928809426664,63.64269608513686,38,0.8171823370901754
proline,direct_neighbor_ridge,breast,83.31036225332211,130.37337346306262,98,0.850105737278797
proline,direct_neighbor_ridge,central_nervous_system,61.30506270055276,90.80170767429978,98,0.6255618642913547
proline,direct_neighbor_ridge,endometrium,30.262919409300682,38.69978582498739,56,0.5404092751660836
proline,direct_neighbor_ridge,haematopoietic_and_lymphoid_tissue,278.7186126298018,347.7986155673416,326,0.8549650694165699
proline,direct_neighbor_ridge,kidney,65.95136608766475,49.66055024137207,46,1.4337253497318425
proline,direct_neighbor_ridge,large_intestine,83.71268025082739,101.08423107165589,110,0.7610243659166126
proline,direct_neighbor_ridge,liver,95.48740028427395,144.4775675251946,50,1.909748005685479
proline,direct_neighbor_ridge,lung,207.71237156665057,296.7321389298876,352,0.5900919646779846
proline,direct_neighbor_ridge,oesophagus,21.796568156781177,33.53053781388453,50,0.43593136313562353
proline,direct_neighbor_ridge,ovary,50.13499841623112,52.33719061857071,90,0.5570555379581236
proline,direct_neighbor_ridge,pancreas,52.97700167922522,67.38497030206499,82,0.6460609960881124
proline,direct_neighbor_ridge,skin,58.99832871364723,77.27747029163636,104,0.567291622246608
proline,direct_neighbor_ridge,soft_tissue,44.41743173010163,62.28622844133294,36,1.2338175480583786
proline,direct_neighbor_ridge,stomach,31.574246226519676,46.70378051569512,74,0.4266790030610767
proline,direct_neighbor_ridge,upper_aerodigestive_tract,54.55433057028025,78.84812531002007,60,0.9092388428380042
proline,direct_neighbor_ridge,urinary_tract,51.86649940866051,85.8436694734423,50,1.03732998817321
putrescine,direct_neighbor_ridge,autonomic_ganglia,33.14965596089443,32.80564405161942,32,1.0359267487779509
putrescine,direct_neighbor_ridge,bone,67.62279188301905,67.54345195929112,38,1.7795471548162907
putrescine,direct_neighbor_ridge,breast,125.40339837456666,123.34587402425223,98,1.2796265140261904
putrescine,direct_neighbor_ridge,central_nervous_system,66.93806135309993,66.79668392506133,98,0.6830414423785707
putrescine,direct_neighbor_ridge,endometrium,36.6990930730236,36.2143355200959,56,0.6553409477325642
putrescine,direct_neighbor_ridge,haematopoietic_and_lymphoid_tissue,361.9234300622461,360.51215434202265,326,1.1101945707430863
putrescine,direct_neighbor_ridge,kidney,22.071127660689022,22.20819765061692,46,0.479807123058457
putrescine,direct_neighbor_ridge,large_intestine,74.8830006255737,74.71061081494351,110,0.6807545511415791
putrescine,direct_neighbor_ridge,liver,34.49284604068443,32.65906768909892,50,0.6898569208136885
putrescine,direct_neighbor_ridge,lung,395.1824328849434,393.38184680231024,352,1.1226773661504075
putrescine,direct_neighbor_ridge,oesophagus,43.73935112378697,43.72126823028973,50,0.8747870224757394
putrescine,direct_neighbor_ridge,ovary,66.47923335176075,66.68374864987031,90,0.7386581483528972
putrescine,direct_neighbor_ridge,pancreas,68.40582367504231,68.31530039204806,82,0.8342173618907599
putrescine,direct_neighbor_ridge,skin,188.69895659175256,188.1488369571319,104,1.814413044151467
putrescine,direct_neighbor_ridge,soft_tissue,55.07992493628569,55.15993603908142,36,1.5299979148968248
putrescine,direct_neighbor_ridge,stomach,42.16009179121193,42.187856607444594,74,0.5697309701515126
putrescine,direct_neighbor_ridge,upper_aerodigestive_tract,35.28588766028879,35.28488354354974,60,0.5880981276714798
putrescine,direct_neighbor_ridge,urinary_tract,77.69854838593223,77.65923459243206,50,1.5539709677186446
sarcosine,direct_neighbor_ridge,autonomic_ganglia,10.623608690467478,10.436573288503475,32,0.3319877715771087
sarcosine,direct_neighbor_ridge,bone,41.756436578743156,46.70910057603611,38,1.0988535941774515
sarcosine,direct_neighbor_ridge,breast,121.25481034435563,114.49658578195168,98,1.2372939831056697
sarcosine,direct_neighbor_ridge,central_nervous_system,112.72632577871921,124.58030359008715,98,1.150268630395094
sarcosine,direct_neighbor_ridge,endometrium,30.688682262916373,43.054625206265285,56,0.5480121832663638
sarcosine,direct_neighbor_ridge,haematopoietic_and_lymphoid_tissue,330.0068062845226,266.0008781323397,326,1.012290816823689
sarcosine,direct_neighbor_ridge,kidney,64.06960197495845,43.891502201989134,46,1.3928174342382271
sarcosine,direct_neighbor_ridge,large_intestine,107.80359177531184,122.3289667312412,110,0.980032652502835
sarcosine,direct_neighbor_ridge,liver,60.611128314093506,64.91665427745896,50,1.2122225662818702
sarcosine,direct_neighbor_ridge,lung,364.2807157177931,358.28220566972027,352,1.0348883969255487
sarcosine,direct_neighbor_ridge,oesophagus,70.48404267407267,79.22506105962552,50,1.4096808534814533
sarcosine,direct_neighbor_ridge,ovary,34.499535789805186,30.840397312630667,90,0.3833281754422799
sarcosine,direct_neighbor_ridge,pancreas,70.31007005380921,79.79872311019193,82,0.8574398787049904
sarcosine,direct_neighbor_ridge,skin,120.71716377753097,130.0362720702842,104,1.1607419593993362
sarcosine,direct_neighbor_ridge,soft_tissue,24.377863815273557,23.71976779707796,36,0.6771628837575988
sarcosine,direct_neighbor_ridge,stomach,94.5539384133927,113.62603614287417,74,1.2777559245053067
sarcosine,direct_neighbor_ridge,upper_aerodigestive_tract,56.38130650208519,62.63616997783069,60,0.9396884417014199
sarcosine,direct_neighbor_ridge,urinary_tract,58.30283495979054,65.80103433149141,50,1.1660566991958108
serine,direct_neighbor_ridge,autonomic_ganglia,17.067606033661157,22.457745119340622,32,0.5333626885519112
serine,direct_neighbor_ridge,bone,60.92419226628896,74.20347849613246,38,1.6032682175339201
serine,direct_neighbor_ridge,breast,46.44275700996333,79.4329487572832,98,0.47390568377513603
serine,direct_neighbor_ridge,central_nervous_system,151.58992179184156,143.58582374390951,98,1.5468359366514446
serine,direct_neighbor_ridge,endometrium,50.843853169149796,48.55693926636733,56,0.9079259494491035
serine,direct_neighbor_ridge,haematopoietic_and_lymphoid_tissue,210.58022829165816,319.6259193427835,326,0.6459516205265587
serine,direct_neighbor_ridge,kidney,25.948561932459874,25.892952063749295,46,0.5640991724447799
serine,direct_neighbor_ridge,large_intestine,150.85347051060168,152.48525233052905,110,1.3713951864600153
serine,direct_neighbor_ridge,liver,62.69234133822488,51.059178306437936,50,1.2538468267644975
serine,direct_neighbor_ridge,lung,352.75817677507615,391.79353957520755,352,1.00215391129283
serine,direct_neighbor_ridge,oesophagus,20.30102996152603,29.887029294871272,50,0.4060205992305206
serine,direct_neighbor_ridge,ovary,38.784243260536854,60.45175937716083,90,0.43093603622818727
serine,direct_neighbor_ridge,pancreas,68.39529304214038,70.05839294573168,82,0.8340889395382973
serine,direct_neighbor_ridge,skin,79.53368416599228,84.75476825230903,104,0.7647469631345412
serine,direct_neighbor_ridge,soft_tissue,36.99756914172207,44.97720378924979,36,1.027710253936724
serine,direct_neighbor_ridge,stomach,34.03938008662813,44.99636913851757,74,0.459991622792272
serine,direct_neighbor_ridge,upper_aerodigestive_tract,28.15277147632,39.97374456345512,60,0.4692128579386667
serine,direct_neighbor_ridge,urinary_tract,90.4363653554962,88.35510441081385,50,1.8087273071099241
taurine,direct_neighbor_ridge,autonomic_ganglia,24.032550560847287,24.757053655703878,32,0.7510172050264777
taurine,direct_neighbor_ridge,bone,18.53597854245238,27.674710411936626,38,0.48778890901190475
taurine,direct_neighbor_ridge,breast,108.18869378816655,130.85724849327485,98,1.1039662631445566
taurine,direct_neighbor_ridge,central_nervous_system,58.471950525304614,64.9369588389751,98,0.5966525563806593
taurine,direct_neighbor_ridge,endometrium,56.934271908642074,55.657101615166454,56,1.016683426940037
taurine,direct_neighbor_ridge,haematopoietic_and_lymphoid_tissue,374.0678116817683,394.09712546496564,326,1.147447275097449
taurine,direct_neighbor_ridge,kidney,24.30552425185158,37.147372208279,46,0.5283809619967734
taurine,direct_neighbor_ridge,large_intestine,70.19477144004881,69.90813817239447,110,0.6381342858186255
taurine,direct_neighbor_ridge,liver,70.88488711008048,77.21604221896419,50,1.4176977422016097
taurine,direct_neighbor_ridge,lung,268.5342479310732,310.6621067145945,352,0.7628813861678215
taurine,direct_neighbor_ridge,oesophagus,28.7569173739868,25.936571784560044,50,0.575138347479736
taurine,direct_neighbor_ridge,ovary,147.06748127655683,146.95191107953394,90,1.6340831252950758
taurine,direct_neighbor_ridge,pancreas,52.63071688648124,62.56935341964211,82,0.6418380108107468
taurine,direct_neighbor_ridge,skin,49.79827200177602,63.41980522209097,104,0.4788295384786156
taurine,direct_neighbor_ridge,soft_tissue,70.89819569599548,74.70869138762853,36,1.9693943248887633
taurine,direct_neighbor_ridge,stomach,51.45386767476383,63.09475998170571,74,0.6953225361454571
taurine,direct_neighbor_ridge,upper_aerodigestive_tract,125.30812053196038,116.35859217286846,60,2.088468675532673
taurine,direct_neighbor_ridge,urinary_tract,53.85989809063913,60.557971463180245,50,1.0771979618127825
taurocholate,direct_neighbor_ridge,autonomic_ganglia,22.23851063670797,22.144156459582295,32,0.6949534573971241
taurocholate,direct_neighbor_ridge,bone,52.0905918736284,52.56115141287511,38,1.3708050493060104
taurocholate,direct_neighbor_ridge,breast,57.7669065563787,58.11098658614519,98,0.5894582301671296
taurocholate,direct_neighbor_ridge,central_nervous_system,45.616853752489114,45.40676848128772,98,0.46547809951519503
taurocholate,direct_neighbor_ridge,endometrium,84.05130182250795,83.85097457297267,56,1.5009161039733563
taurocholate,direct_neighbor_ridge,haematopoietic_and_lymphoid_tissue,653.2942319505405,648.6893811830165,326,2.0039700366581
taurocholate,direct_neighbor_ridge,kidney,33.95445573829095,33.56335961287344,46,0.7381403421367598
taurocholate,direct_neighbor_ridge,large_intestine,108.10167386873175,108.15121489005797,110,0.9827424897157432
taurocholate,direct_neighbor_ridge,liver,37.17455191116843,36.38628899915363,50,0.7434910382233686
taurocholate,direct_neighbor_ridge,lung,304.62838225870087,301.5689362597554,352,0.865421540507673
taurocholate,direct_neighbor_ridge,oesophagus,34.77488213190867,34.686903280145394,50,0.6954976426381734
taurocholate,direct_neighbor_ridge,ovary,85.83986431465112,85.98553954692805,90,0.9537762701627902
taurocholate,direct_neighbor_ridge,pancreas,81.29996537482216,81.23059380632401,82,0.9914629923758801
taurocholate,direct_neighbor_ridge,skin,68.14046525010495,67.16255007340389,104,0.6551967812510091
taurocholate,direct_neighbor_ridge,soft_tissue,61.291071021674995,61.1993079381605,36,1.7025297506020831
taurocholate,direct_neighbor_ridge,stomach,51.419775033589396,51.376726049707045,74,0.6948618247782351
taurocholate,direct_neighbor_ridge,upper_aerodigestive_tract,21.476166553198915,21.163701530997592,60,0.3579361092199819
taurocholate,direct_neighbor_ridge,urinary_tract,38.62751619762935,38.94649715201725,50,0.7725503239525869
thymidine,direct_neighbor_ridge,autonomic_ganglia,43.32505780588835,43.159828637020645,32,1.353908056434011
thymidine,direct_neighbor_ridge,bone,31.751561618854897,31.652636997321743,38,0.8355674110224973
thymidine,direct_neighbor_ridge,breast,78.3611874372652,77.7946872798995,98,0.7996039534414816
thymidine,direct_neighbor_ridge,central_nervous_system,146.4958367805738,146.96538968149923,98,1.4948554773527938
thymidine,direct_neighbor_ridge,endometrium,123.44233778415115,116.11973195586498,56,2.2043274604312706
thymidine,direct_neighbor_ridge,haematopoietic_and_lymphoid_tissue,469.1024314428706,462.3939306586684,326,1.4389645136284375
thymidine,direct_neighbor_ridge,kidney,26.892727906412485,26.521197563576585,46,0.5846245197046193
thymidine,direct_neighbor_ridge,large_intestine,89.8777658645216,89.09637456833272,110,0.8170705987683783
thymidine,direct_neighbor_ridge,liver,43.24721928423161,48.815614590891364,50,0.8649443856846323
thymidine,direct_neighbor_ridge,lung,301.2739400188682,304.21564002373356,352,0.8558918750536028
thymidine,direct_neighbor_ridge,oesophagus,30.367101640730176,30.96752194059733,50,0.6073420328146035
thymidine,direct_neighbor_ridge,ovary,91.80808229103214,93.7728081590994,90,1.0200898032336905
thymidine,direct_neighbor_ridge,pancreas,68.0310839861617,65.32128095676353,82,0.8296473656848988
thymidine,direct_neighbor_ridge,skin,70.85111120774604,72.66157325860657,104,0.6812606846898658
thymidine,direct_neighbor_ridge,soft_tissue,36.48583663783579,37.04749193457819,36,1.0134954621621053
thymidine,direct_neighbor_ridge,stomach,80.18019618969412,83.43016910440078,74,1.0835161647255962
thymidine,direct_neighbor_ridge,upper_aerodigestive_tract,58.32834946801477,56.39780371546568,60,0.9721391578002462
thymidine,direct_neighbor_ridge,urinary_tract,23.950464825993805,23.399459908770275,50,0.4790092965198761
thymine,direct_neighbor_ridge,autonomic_ganglia,81.89417285791964,84.27862672670544,32,2.559192901809989
thymine,direct_neighbor_ridge,bone,32.14532979779818,33.273008548823974,38,0.8459297315210048
thymine,direct_neighbor_ridge,breast,123.00615681464933,128.79434092839966,98,1.2551648654556053
thymine,direct_neighbor_ridge,central_nervous_system,97.74257468836755,98.76215126109179,98,0.9973732111057914
thymine,direct_neighbor_ridge,endometrium,99.05575055198943,97.61401241244545,56,1.7688526884283828
thymine,direct_neighbor_ridge,haematopoietic_and_lymphoid_tissue,275.5094352811965,285.586553099819,326,0.8451209671202347
thymine,direct_neighbor_ridge,kidney,51.13569617954342,49.07568476782979,46,1.1116455691205092
thymine,direct_neighbor_ridge,large_intestine,112.8206873437884,122.39085338886794,110,1.0256426122162583
thymine,direct_neighbor_ridge,liver,59.60290977294683,59.08143542980079,50,1.1920581954589367
thymine,direct_neighbor_ridge,lung,290.0943614750926,292.6401833147617,352,0.8241317087360586
thymine,direct_neighbor_ridge,oesophagus,55.45057727150639,52.64669050023031,50,1.1090115454301277
thymine,direct_neighbor_ridge,ovary,66.48438319411113,64.99321678083675,90,0.738715368823457
thymine,direct_neighbor_ridge,pancreas,110.5727055263084,114.96851477694149,82,1.3484476283696145
thymine,direct_neighbor_ridge,skin,79.89646605511753,74.68622177314514,104,0.7682352505299762
thymine,direct_neighbor_ridge,soft_tissue,18.652255732989165,19.97363389083264,36,0.5181182148052546
thymine,direct_neighbor_ridge,stomach,71.53985368694732,75.09489790036561,74,0.9667547795533422
thymine,direct_neighbor_ridge,upper_aerodigestive_tract,62.934393933228264,62.46863050528738,60,1.0489065655538043
thymine,direct_neighbor_ridge,urinary_tract,51.350191526244146,49.537284365578465,50,1.027003830524883
thyroxine,direct_neighbor_ridge,autonomic_ganglia,27.302473857864253,30.80985145543534,32,0.8532023080582579
thyroxine,direct_neighbor_ridge,bone,28.77630892168275,27.577098816109412,38,0.757271287412704
thyroxine,direct_neighbor_ridge,breast,101.46413716041788,107.12627675534888,98,1.0353483383716109
thyroxine,direct_neighbor_ridge,central_nervous_system,86.64465771884082,84.63230254043158,98,0.8841291603963349
thyroxine,direct_neighbor_ridge,endometrium,59.07326006417491,64.78016860998252,56,1.0548796440031234
thyroxine,direct_neighbor_ridge,haematopoietic_and_lymphoid_tissue,777.8351256476441,806.0007256036415,326,2.3859973179375586
thyroxine,direct_neighbor_ridge,kidney,23.080171121341223,22.098777636746245,46,0.5017428504639396
thyroxine,direct_neighbor_ridge,large_intestine,103.35017534197465,117.95785486341731,110,0.9395470485634059
thyroxine,direct_neighbor_ridge,liver,44.67709005046804,41.45342186669866,50,0.8935418010093608
thyroxine,direct_neighbor_ridge,lung,257.9475070898968,272.5758099919716,352,0.7328054178690251
thyroxine,direct_neighbor_ridge,oesophagus,33.16109199707627,27.121717923892234,50,0.6632218399415254
thyroxine,direct_neighbor_ridge,ovary,72.57442758212069,79.98913678322765,90,0.8063825286902299
thyroxine,direct_neighbor_ridge,pancreas,66.8678239243013,64.25528223661999,82,0.8154612673695281
thyroxine,direct_neighbor_ridge,skin,73.63695308433597,75.69166635950609,104,0.7080476258109228
thyroxine,direct_neighbor_ridge,soft_tissue,28.147836897231944,28.656701663669313,36,0.7818843582564429
thyroxine,direct_neighbor_ridge,stomach,116.09805081358311,118.85044879846436,74,1.5688925785619339
thyroxine,direct_neighbor_ridge,upper_aerodigestive_tract,44.153849822368564,37.436323649740196,60,0.735897497039476
thyroxine,direct_neighbor_ridge,urinary_tract,27.656705340481498,26.97687386951634,50,0.5531341068096299
trimethylamine-N-oxide,direct_neighbor_ridge,autonomic_ganglia,32.12817729885836,32.084729486560185,32,1.0040055405893238
trimethylamine-N-oxide,direct_neighbor_ridge,bone,17.514081762701917,16.709417973233492,38,0.4608968884921557
trimethylamine-N-oxide,direct_neighbor_ridge,breast,46.98801946775787,46.405524692281546,98,0.4794695864056926
trimethylamine-N-oxide,direct_neighbor_ridge,central_nervous_system,41.45102744875027,38.674096357222346,98,0.4229696678443905
trimethylamine-N-oxide,direct_neighbor_ridge,endometrium,19.515974449872612,18.398818116911848,56,0.34849954374772524
trimethylamine-N-oxide,direct_neighbor_ridge,haematopoietic_and_lymphoid_tissue,651.2635967467287,645.0465102783012,326,1.9977410943151186
trimethylamine-N-oxide,direct_neighbor_ridge,kidney,16.12476945835197,15.074551263858453,46,0.3505384664859124
trimethylamine-N-oxide,direct_neighbor_ridge,large_intestine,35.079141157977794,32.214738852448704,110,0.3189012832543436
trimethylamine-N-oxide,direct_neighbor_ridge,liver,16.278623934336057,15.709102494578026,50,0.3255724786867211
trimethylamine-N-oxide,direct_neighbor_ridge,lung,1266.4693473118082,1277.2349159846665,352,3.5979242821358186
trimethylamine-N-oxide,direct_neighbor_ridge,oesophagus,23.837966310974622,24.257013411422676,50,0.47675932621949246
trimethylamine-N-oxide,direct_neighbor_ridge,ovary,48.1032763562816,49.1096585679748,90,0.5344808484031288
trimethylamine-N-oxide,direct_neighbor_ridge,pancreas,40.58942623611713,41.9798733875467,82,0.4949930028794772
trimethylamine-N-oxide,direct_neighbor_ridge,skin,30.907361136508925,30.323543052477326,104,0.2971861647741243
trimethylamine-N-oxide,direct_neighbor_ridge,soft_tissue,17.31145603109009,17.28228966487603,36,0.48087377864139136
trimethylamine-N-oxide,direct_neighbor_ridge,stomach,34.09080671077039,32.456208967108786,74,0.4606865771725728
trimethylamine-N-oxide,direct_neighbor_ridge,upper_aerodigestive_tract,20.10479254925765,20.560596343507175,60,0.3350798758209608
trimethylamine-N-oxide,direct_neighbor_ridge,urinary_tract,18.873397592127326,18.323462857345437,50,0.3774679518425465
tyrosine,direct_neighbor_ridge,autonomic_ganglia,20.929318581700397,31.089284102199514,32,0.6540412056781374
tyrosine,direct_neighbor_ridge,bone,29.32233014846243,39.70790828158148,38,0.7716402670648008
tyrosine,direct_neighbor_ridge,breast,54.77471061852403,72.49215963353328,98,0.5589256185563677
tyrosine,direct_neighbor_ridge,central_nervous_system,58.30222185708004,86.35625736784759,98,0.5949206311946943
tyrosine,direct_neighbor_ridge,endometrium,25.608680988386883,39.647523937015734,56,0.4572978747926229
tyrosine,direct_neighbor_ridge,haematopoietic_and_lymphoid_tissue,276.0528524977813,826.8185631110293,326,0.8467878910974888
tyrosine,direct_neighbor_ridge,kidney,17.867401572786264,28.29286955505329,46,0.3884217733214405
tyrosine,direct_neighbor_ridge,large_intestine,120.9110106130061,142.73943494397776,110,1.0991910055727827
tyrosine,direct_neighbor_ridge,liver,23.394959298413543,56.41159345774172,50,0.46789918596827085
tyrosine,direct_neighbor_ridge,lung,266.93501509795556,350.3507921735718,352,0.7583381110737374
tyrosine,direct_neighbor_ridge,oesophagus,20.803439589683965,8.354524679828032,50,0.4160687917936793
tyrosine,direct_neighbor_ridge,ovary,39.53367123264924,55.9463278072323,90,0.43926301369610266
tyrosine,direct_neighbor_ridge,pancreas,51.280601692305176,47.702639045160126,82,0.6253731913695754
tyrosine,direct_neighbor_ridge,skin,54.9059799718588,74.90555768197963,104,0.5279421151140269
tyrosine,direct_neighbor_ridge,soft_tissue,31.563883744047793,42.11410742487865,36,0.8767745484457721
tyrosine,direct_neighbor_ridge,stomach,60.42659652495315,56.97720682657253,74,0.8165756287155831
tyrosine,direct_neighbor_ridge,upper_aerodigestive_tract,53.56703738559782,80.56929447250039,60,0.8927839564266303
tyrosine,direct_neighbor_ridge,urinary_tract,52.84800515894533,66.14750265808209,50,1.0569601031789064
uracil,direct_neighbor_ridge,autonomic_ganglia,27.832935440257167,33.64371909375918,32,0.8697792325080365
uracil,direct_neighbor_ridge,bone,18.216234741052002,26.03590622798076,38,0.4793745984487369
uracil,direct_neighbor_ridge,breast,69.58165871553777,92.01694623202643,98,0.7100169256687527
uracil,direct_neighbor_ridge,central_nervous_system,89.14101195443143,71.52468020543918,98,0.9096021628003208
uracil,direct_neighbor_ridge,endometrium,27.07809236724507,40.47205277884424,56,0.4835373637008048
uracil,direct_neighbor_ridge,haematopoietic_and_lymphoid_tissue,598.1889659926833,998.9248178820667,326,1.8349354785051635
uracil,direct_neighbor_ridge,kidney,21.859766184187592,24.21908535475143,46,0.47521230835190414
uracil,direct_neighbor_ridge,large_intestine,89.9623378798139,91.68932373742892,110,0.8178394352710354
uracil,direct_neighbor_ridge,liver,41.11302343345647,41.06662806579172,50,0.8222604686691294
uracil,direct_neighbor_ridge,lung,244.9670547770553,335.8797649488789,352,0.6959291328893616
uracil,direct_neighbor_ridge,oesophagus,20.994648506611107,22.3275624808379,50,0.41989297013222215
uracil,direct_neighbor_ridge,ovary,43.7333964229985,62.42391220777729,90,0.48592662692220556
uracil,direct_neighbor_ridge,pancreas,78.22557748675172,98.57202466587525,82,0.9539704571555088
uracil,direct_neighbor_ridge,skin,48.39538240406614,58.78805571808588,104,0.4653402154237129
uracil,direct_neighbor_ridge,soft_tissue,20.006345944771905,27.328768882563246,36,0.5557318317992196
uracil,direct_neighbor_ridge,stomach,62.03288769341464,61.78292204484784,74,0.8382822661272248
uracil,direct_neighbor_ridge,upper_aerodigestive_tract,41.51947386154405,47.567470842579176,60,0.6919912310257341
uracil,direct_neighbor_ridge,urinary_tract,32.73614251395668,32.80062053348276,50,0.6547228502791336
urate,direct_neighbor_ridge,autonomic_ganglia,25.256295370111367,32.074867518782256,32,0.7892592303159802
urate,direct_neighbor_ridge,bone,25.394492168200046,25.484851980286585,38,0.6682761096894749
urate,direct_neighbor_ridge,breast,105.0261593495124,108.83815007035699,98,1.071695503566453
urate,direct_neighbor_ridge,central_nervous_system,63.676670588787395,59.713407877414916,98,0.6497619447835449
urate,direct_neighbor_ridge,endometrium,53.96920154032941,45.22274524385566,56,0.9637357417915966
urate,direct_neighbor_ridge,haematopoietic_and_lymphoid_tissue,301.4343523357171,418.3658354783598,326,0.9246452525635495
urate,direct_neighbor_ridge,kidney,35.72707266631896,39.96906593849746,46,0.7766754927460644
urate,direct_neighbor_ridge,large_intestine,88.27066466873795,104.29981673492942,110,0.8024605878976178
urate,direct_neighbor_ridge,liver,36.5689386116525,39.296526932809165,50,0.7313787722330499
urate,direct_neighbor_ridge,lung,478.2130891003753,566.5556477596119,352,1.3585599122169754
urate,direct_neighbor_ridge,oesophagus,29.30587326851728,31.455763449743532,50,0.5861174653703456
urate,direct_neighbor_ridge,ovary,104.84584551694573,114.00482067589824,90,1.1649538390771748
urate,direct_neighbor_ridge,pancreas,34.761406229307084,49.54349385149737,82,0.42391958816228154
urate,direct_neighbor_ridge,skin,80.0131231983843,75.86539347058688,104,0.7693569538306183
urate,direct_neighbor_ridge,soft_tissue,26.359376555246257,36.753250022992155,36,0.732204904312396
urate,direct_neighbor_ridge,stomach,76.3401770221646,74.94142893173479,74,1.031624013813035
urate,direct_neighbor_ridge,upper_aerodigestive_tract,41.59421413738392,33.77698245579792,60,0.693236902289732
urate,direct_neighbor_ridge,urinary_tract,27.895836598932547,25.80716895901786,50,0.557916731978651
uridine,direct_neighbor_ridge,autonomic_ganglia,117.02239394750426,111.89200898282459,32,3.656949810859508
uridine,direct_neighbor_ridge,bone,39.64568252423802,37.23584136336252,38,1.0433074348483689
uridine,direct_neighbor_ridge,breast,78.19906879088417,74.81110804618463,98,0.7979496815396344
uridine,direct_neighbor_ridge,central_nervous_system,35.794371257867844,35.580937129768586,98,0.3652486863047739
uridine,direct_neighbor_ridge,endometrium,45.623705873951515,50.10930872124911,56,0.8147090334634199
uridine,direct_neighbor_ridge,haematopoietic_and_lymphoid_tissue,992.052916098031,1044.2277223711055,326,3.043107104595187
uridine,direct_neighbor_ridge,kidney,17.642700261152715,21.932579743251196,46,0.38353696219897204
uridine,direct_neighbor_ridge,large_intestine,103.30887129256607,113.77807445126902,110,0.9391715572051461
uridine,direct_neighbor_ridge,liver,28.44015029651761,26.22043838089776,50,0.5688030059303523
uridine,direct_neighbor_ridge,lung,279.22572585431914,271.5093856386638,352,0.7932549029952248
uridine,direct_neighbor_ridge,oesophagus,22.25719672279435,21.088529171033628,50,0.445143934455887
uridine,direct_neighbor_ridge,ovary,40.11158336382684,45.1689690726022,90,0.445684259598076
uridine,direct_neighbor_ridge,pancreas,29.66957920241374,26.43851162832445,82,0.36182413661480173
uridine,direct_neighbor_ridge,skin,32.224239282132466,37.63539830002451,104,0.3098484546358891
uridine,direct_neighbor_ridge,soft_tissue,36.387411714688,33.09966723780552,36,1.010761436519111
uridine,direct_neighbor_ridge,stomach,58.2809952708109,66.23282538615567,74,0.7875810171731202
uridine,direct_neighbor_ridge,upper_aerodigestive_tract,22.827142652265497,20.864495130264,60,0.3804523775377583
uridine,direct_neighbor_ridge,urinary_tract,23.316851072144864,26.034030324135017,50,0.4663370214428973
valine,direct_neighbor_ridge,autonomic_ganglia,28.696257113105418,29.498809110084096,32,0.8967580347845443
valine,direct_neighbor_ridge,bone,50.6365019143247,51.49272013393129,38,1.3325395240611762
valine,direct_neighbor_ridge,breast,80.32381295196708,75.36695049477167,98,0.8196307444078273
valine,direct_neighbor_ridge,central_nervous_system,105.24493152208353,108.76916912651596,98,1.0739278726743218
valine,direct_neighbor_ridge,endometrium,39.490456778650675,40.94361799518636,56,0.7051867281901906
valine,direct_neighbor_ridge,haematopoietic_and_lymphoid_tissue,615.9703438518183,611.3309580568371,326,1.8894795823675408
valine,direct_neighbor_ridge,kidney,43.27829133306823,42.256647095248574,46,0.940832420284092
valine,direct_neighbor_ridge,large_intestine,125.40468988296622,126.84244240041293,110,1.1400426352996929
valine,direct_neighbor_ridge,liver,48.73825846918664,45.85817395002347,50,0.9747651693837328
valine,direct_neighbor_ridge,lung,310.09449610670845,311.34991297090335,352,0.8809502730304217
valine,direct_neighbor_ridge,oesophagus,28.315063092646344,29.386107513437203,50,0.5663012618529268
valine,direct_neighbor_ridge,ovary,69.23985842333009,70.44935768637984,90,0.7693317602592232
valine,direct_neighbor_ridge,pancreas,44.61879818798637,44.63222663955041,82,0.544131685219346
valine,direct_neighbor_ridge,skin,137.2229116218111,139.277174945972,104,1.3194510732866453
valine,direct_neighbor_ridge,soft_tissue,21.846270927154166,22.288543882601576,36,0.6068408590876158
valine,direct_neighbor_ridge,stomach,50.507729232564984,50.84709496756809,74,0.6825368815211484
valine,direct_neighbor_ridge,upper_aerodigestive_tract,115.10902376775354,110.23937553978224,60,1.918483729462559
valine,direct_neighbor_ridge,urinary_tract,72.02535338709104,70.75660217778488,50,1.4405070677418208
xanthine,direct_neighbor_ridge,autonomic_ganglia,56.791044669791745,66.23502903326178,32,1.774720145930992
xanthine,direct_neighbor_ridge,bone,19.05562712985326,25.575915340983748,38,0.5014638718382437
xanthine,direct_neighbor_ridge,breast,67.61170817448382,93.40831848281857,98,0.6899153895355492
xanthine,direct_neighbor_ridge,central_nervous_system,33.22068626849961,47.56669517001732,98,0.33898659457652663
xanthine,direct_neighbor_ridge,endometrium,27.062575217447318,42.4444001416222,56,0.4832602717401307
xanthine,direct_neighbor_ridge,haematopoietic_and_lymphoid_tissue,1012.7391808329031,1738.1470083767015,326,3.1065619043954085
xanthine,direct_neighbor_ridge,kidney,14.411527460688944,19.141393315302636,46,0.31329407523236835
xanthine,direct_neighbor_ridge,large_intestine,62.9771535844981,66.6924826469326,110,0.5725195780408918
xanthine,direct_neighbor_ridge,liver,8.937306987876298,32.9129686923225,50,0.17874613975752596
xanthine,direct_neighbor_ridge,lung,232.45911730349366,320.9224233482166,352,0.6603952196121979
xanthine,direct_neighbor_ridge,oesophagus,16.50746055293257,16.035138514178993,50,0.3301492110586514
xanthine,direct_neighbor_ridge,ovary,36.36816108746506,55.873249868046905,90,0.4040906787496118
xanthine,direct_neighbor_ridge,pancreas,49.98474851474447,48.62857370219443,82,0.6095701038383472
xanthine,direct_neighbor_ridge,skin,24.977694426877342,35.9850462310532,104,0.24017013871997445
xanthine,direct_neighbor_ridge,soft_tissue,21.829484584950748,33.8188961266503,36,0.6063745718041874
xanthine,direct_neighbor_ridge,stomach,56.77104806947031,51.54981503410463,74,0.7671763252631123
xanthine,direct_neighbor_ridge,upper_aerodigestive_tract,21.59751455219326,24.656599438329877,60,0.35995857586988766
xanthine,direct_neighbor_ridge,urinary_tract,23.329161838570997,22.396555406015327,50,0.46658323677141994
xanthosine,direct_neighbor_ridge,autonomic_ganglia,14.015747046595223,22.016397327107157,32,0.4379920952061007
xanthosine,direct_neighbor_ridge,bone,11.653136858392955,22.08656209756773,38,0.3066614962734988
xanthosine,direct_neighbor_ridge,breast,97.10105611332293,128.53162127447231,98,0.9908271031971727
xanthosine,direct_neighbor_ridge,central_nervous_system,55.64432652990693,87.09613607341502,98,0.5677992503051728
xanthosine,direct_neighbor_ridge,endometrium,38.3876852227154,46.21537376805728,56,0.6854943789770607
xanthosine,direct_neighbor_ridge,haematopoietic_and_lymphoid_tissue,554.7405004081868,882.5872664649976,326,1.7016579767122295
xanthosine,direct_neighbor_ridge,kidney,14.22206538304302,30.601550780587818,46,0.3091753344139787
xanthosine,direct_neighbor_ridge,large_intestine,115.8243216352628,102.45779675132013,110,1.0529483785023892
xanthosine,direct_neighbor_ridge,liver,51.162535263616405,68.0229925076185,50,1.023250705272328
xanthosine,direct_neighbor_ridge,lung,265.3394628533873,384.1154207891632,352,0.7538052921971231
xanthosine,direct_neighbor_ridge,oesophagus,37.80363570044487,24.466950449882805,50,0.7560727140088974
xanthosine,direct_neighbor_ridge,ovary,46.74091256722693,52.53144476977794,90,0.5193434729691881
xanthosine,direct_neighbor_ridge,pancreas,27.129114281344215,36.08587435265258,82,0.3308428570895636
xanthosine,direct_neighbor_ridge,skin,17.24423000458658,26.944119533474666,104,0.16580990389025557
xanthosine,direct_neighbor_ridge,soft_tissue,27.833365657063695,34.565862440935895,36,0.773149046029547
xanthosine,direct_neighbor_ridge,stomach,53.34742006483921,55.14147364324464,74,0.7209110819572867
xanthosine,direct_neighbor_ridge,upper_aerodigestive_tract,18.249761635215346,21.284138706772836,60,0.3041626939202558
xanthosine,direct_neighbor_ridge,urinary_tract,13.869027787881103,16.5181086074403,50,0.27738055575762205
