mask,fold,inner_fold,model,alpha,group_mse,validation_groups,training_targets
0,0,0,structural_median,0.1,0.39912641379734154,4,53
0,0,0,structural_median,1.0,0.3849187745926813,4,53
0,0,0,structural_median,10.0,0.34133641098244805,4,53
0,0,0,structural_median,100.0,0.3279510185561398,4,53
0,0,0,descriptor_local_svd,0.1,0.3143463947541319,4,53
0,0,0,descriptor_local_svd,1.0,0.2969968663553576,4,53
0,0,0,descriptor_local_svd,10.0,0.28454486365858794,4,53
0,0,0,descriptor_local_svd,100.0,0.3091710132650128,4,53
0,0,0,degree_preserving_null,0.1,0.5006991792779012,4,53
0,0,0,degree_preserving_null,1.0,0.4836296949708387,4,53
0,0,0,degree_preserving_null,10.0,0.41631720806682393,4,53
0,0,0,degree_preserving_null,100.0,0.3834957662681182,4,53
0,0,0,family_median,0.1,0.5317158578819707,4,53
0,0,0,family_median,1.0,0.5315331908835225,4,53
0,0,0,family_median,10.0,0.5312812622847309,4,53
0,0,0,family_median,100.0,0.5596443190517275,4,53
0,0,0,all_visible_ridge,0.1,0.7823031279067091,4,53
0,0,0,all_visible_ridge,1.0,0.4436980541877375,4,53
0,0,0,all_visible_ridge,10.0,0.274579071197976,4,53
0,0,0,all_visible_ridge,100.0,0.2396067546495365,4,53
0,0,0,pca_matched_dimension,0.1,0.26546856327785984,4,53
0,0,0,pca_matched_dimension,1.0,0.2648990292880303,4,53
0,0,0,pca_matched_dimension,10.0,0.2605570652728086,4,53
0,0,0,pca_matched_dimension,100.0,0.2883430239717339,4,53
0,0,0,descriptor_mean,0.1,0.3185237501275253,4,53
0,0,0,descriptor_mean,1.0,0.3078062763544392,4,53
0,0,0,descriptor_mean,10.0,0.2916570359289523,4,53
0,0,0,descriptor_mean,100.0,0.3164867924171626,4,53
0,0,0,null_mean,0.1,0.3635268808131995,4,53
0,0,0,null_mean,1.0,0.3334547685485813,4,53
0,0,0,null_mean,10.0,0.2953648140388217,4,53
0,0,0,null_mean,100.0,0.3309890403760356,4,53
0,0,0,null_local_svd,0.1,0.3667767018967184,4,53
0,0,0,null_local_svd,1.0,0.3309388149066448,4,53
0,0,0,null_local_svd,10.0,0.29835554238587586,4,53
0,0,0,null_local_svd,100.0,0.34019940913065333,4,53
0,0,1,structural_median,0.1,7.122556456204422,4,53
0,0,1,structural_median,1.0,6.638389850839733,4,53
0,0,1,structural_median,10.0,4.514037644691049,4,53
0,0,1,structural_median,100.0,1.841694806737189,4,53
0,0,1,descriptor_local_svd,0.1,3.295760841610993,4,53
0,0,1,descriptor_local_svd,1.0,3.078928747561742,4,53
0,0,1,descriptor_local_svd,10.0,2.74768130074671,4,53
0,0,1,descriptor_local_svd,100.0,1.7801624712191684,4,53
0,0,1,degree_preserving_null,0.1,0.8395487879911556,4,53
0,0,1,degree_preserving_null,1.0,0.8142568871566772,4,53
0,0,1,degree_preserving_null,10.0,0.7153325178422347,4,53
0,0,1,degree_preserving_null,100.0,0.6714453053042014,4,53
0,0,1,family_median,0.1,0.9053121908896036,4,53
0,0,1,family_median,1.0,0.904732028150289,4,53
0,0,1,family_median,10.0,0.9010636211970631,4,53
0,0,1,family_median,100.0,0.9211648837545958,4,53
0,0,1,all_visible_ridge,0.1,7.118889305299094,4,53
0,0,1,all_visible_ridge,1.0,4.637673951949634,4,53
0,0,1,all_visible_ridge,10.0,2.9077126849263797,4,53
0,0,1,all_visible_ridge,100.0,1.8197108652613336,4,53
0,0,1,pca_matched_dimension,0.1,2.780017983039481,4,53
0,0,1,pca_matched_dimension,1.0,2.7616603430513815,4,53
0,0,1,pca_matched_dimension,10.0,2.5903407023971776,4,53
0,0,1,pca_matched_dimension,100.0,1.6349424068215341,4,53
0,0,1,descriptor_mean,0.1,2.935298534863315,4,53
0,0,1,descriptor_mean,1.0,2.779442112989648,4,53
0,0,1,descriptor_mean,10.0,2.386441558630156,4,53
0,0,1,descriptor_mean,100.0,1.7474617538349606,4,53
0,0,1,null_mean,0.1,3.7177508040924327,4,53
0,0,1,null_mean,1.0,3.3307473457490495,4,53
0,0,1,null_mean,10.0,2.2756324668506944,4,53
0,0,1,null_mean,100.0,1.302021680710225,4,53
0,0,1,null_local_svd,0.1,1.9330998767335998,4,53
0,0,1,null_local_svd,1.0,1.6917863696850404,4,53
0,0,1,null_local_svd,10.0,1.1717108551555373,4,53
0,0,1,null_local_svd,100.0,0.7405193346390379,4,53
0,0,2,structural_median,0.1,0.7157830676338424,4,53
0,0,2,structural_median,1.0,0.6766649037249788,4,53
0,0,2,structural_median,10.0,0.5744685728097569,4,53
0,0,2,structural_median,100.0,0.5664150936562079,4,53
0,0,2,descriptor_local_svd,0.1,0.546299339730079,4,53
0,0,2,descriptor_local_svd,1.0,0.512367276456408,4,53
0,0,2,descriptor_local_svd,10.0,0.4786012931518502,4,53
0,0,2,descriptor_local_svd,100.0,0.4975756354848714,4,53
0,0,2,degree_preserving_null,0.1,0.9069675678497824,4,53
0,0,2,degree_preserving_null,1.0,0.8798647369334742,4,53
0,0,2,degree_preserving_null,10.0,0.7786496574373885,4,53
0,0,2,degree_preserving_null,100.0,0.780530759942555,4,53
0,0,2,family_median,0.1,1.2874840958865272,4,53
0,0,2,family_median,1.0,1.2876519671303772,4,53
0,0,2,family_median,10.0,1.2904678533267844,4,53
0,0,2,family_median,100.0,1.3479676674145908,4,53
0,0,2,all_visible_ridge,0.1,1.725832712742292,4,53
0,0,2,all_visible_ridge,1.0,0.8091697307060643,4,53
0,0,2,all_visible_ridge,10.0,0.4511770390197347,4,53
0,0,2,all_visible_ridge,100.0,0.39404235168942564,4,53
0,0,2,pca_matched_dimension,0.1,0.44466276433409024,4,53
0,0,2,pca_matched_dimension,1.0,0.44365905993754917,4,53
0,0,2,pca_matched_dimension,10.0,0.4364493891698259,4,53
0,0,2,pca_matched_dimension,100.0,0.5115177981535125,4,53
0,0,2,descriptor_mean,0.1,0.5518392781661924,4,53
0,0,2,descriptor_mean,1.0,0.5203260500505985,4,53
0,0,2,descriptor_mean,10.0,0.4966590578252287,4,53
0,0,2,descriptor_mean,100.0,0.5202264398408633,4,53
0,0,2,null_mean,0.1,0.6151524525831014,4,53
0,0,2,null_mean,1.0,0.5695435446521508,4,53
0,0,2,null_mean,10.0,0.5113203225633829,4,53
0,0,2,null_mean,100.0,0.5623649826755299,4,53
0,0,2,null_local_svd,0.1,0.5995118823890655,4,53
0,0,2,null_local_svd,1.0,0.5319778591042443,4,53
0,0,2,null_local_svd,10.0,0.48066922447625926,4,53
0,0,2,null_local_svd,100.0,0.5792875098981942,4,53
0,1,0,structural_median,0.1,0.3608474582119982,4,53
0,1,0,structural_median,1.0,0.34588079825735807,4,53
0,1,0,structural_median,10.0,0.30387619402321864,4,53
0,1,0,structural_median,100.0,0.2952202678020735,4,53
0,1,0,descriptor_local_svd,0.1,0.2678430988833522,4,53
0,1,0,descriptor_local_svd,1.0,0.2594200310227094,4,53
0,1,0,descriptor_local_svd,10.0,0.24912256985948192,4,53
0,1,0,descriptor_local_svd,100.0,0.26719906452728265,4,53
0,1,0,degree_preserving_null,0.1,0.42690001697018337,4,53
0,1,0,degree_preserving_null,1.0,0.41237552077481276,4,53
0,1,0,degree_preserving_null,10.0,0.35484748272276323,4,53
0,1,0,degree_preserving_null,100.0,0.33194215889566875,4,53
0,1,0,family_median,0.1,0.48406162390261365,4,53
0,1,0,family_median,1.0,0.4838919359035651,4,53
0,1,0,family_median,10.0,0.4830040684574065,4,53
0,1,0,family_median,100.0,0.49597390121335305,4,53
0,1,0,all_visible_ridge,0.1,0.6766039964000012,4,53
0,1,0,all_visible_ridge,1.0,0.3729969701032294,4,53
0,1,0,all_visible_ridge,10.0,0.22946995981867915,4,53
0,1,0,all_visible_ridge,100.0,0.20394390872127888,4,53
0,1,0,pca_matched_dimension,0.1,0.23302901493393027,4,53
0,1,0,pca_matched_dimension,1.0,0.23258139562503455,4,53
0,1,0,pca_matched_dimension,10.0,0.22921630842889065,4,53
0,1,0,pca_matched_dimension,100.0,0.253853627218167,4,53
0,1,0,descriptor_mean,0.1,0.2749406819317496,4,53
0,1,0,descriptor_mean,1.0,0.26526661176351823,4,53
0,1,0,descriptor_mean,10.0,0.2528855907503212,4,53
0,1,0,descriptor_mean,100.0,0.27490274213550875,4,53
0,1,0,null_mean,0.1,0.3089123425430221,4,53
0,1,0,null_mean,1.0,0.2806019629064809,4,53
0,1,0,null_mean,10.0,0.2529565975594103,4,53
0,1,0,null_mean,100.0,0.2857118190543011,4,53
0,1,0,null_local_svd,0.1,0.3065477284306093,4,53
0,1,0,null_local_svd,1.0,0.27526193903441665,4,53
0,1,0,null_local_svd,10.0,0.25213967639827406,4,53
0,1,0,null_local_svd,100.0,0.28950887439519113,4,53
0,1,1,structural_median,0.1,6.063737427061632,4,53
0,1,1,structural_median,1.0,5.652061489207171,4,53
0,1,1,structural_median,10.0,4.090560659452243,4,53
0,1,1,structural_median,100.0,1.995985364011917,4,53
0,1,1,descriptor_local_svd,0.1,3.931148895096645,4,53
0,1,1,descriptor_local_svd,1.0,3.299108979994819,4,53
0,1,1,descriptor_local_svd,10.0,2.714346683623568,4,53
0,1,1,descriptor_local_svd,100.0,1.5894972994861334,4,53
0,1,1,degree_preserving_null,0.1,1.209488677756703,4,53
0,1,1,degree_preserving_null,1.0,1.1747531002009537,4,53
0,1,1,degree_preserving_null,10.0,1.046206464586293,4,53
0,1,1,degree_preserving_null,100.0,0.9988363675799901,4,53
0,1,1,family_median,0.1,1.5413895015089083,4,53
0,1,1,family_median,1.0,1.541363679063801,4,53
0,1,1,family_median,10.0,1.544205816534887,4,53
0,1,1,family_median,100.0,1.6179500560341473,4,53
0,1,1,all_visible_ridge,0.1,12.761962583730938,4,53
0,1,1,all_visible_ridge,1.0,8.02711408370668,4,53
0,1,1,all_visible_ridge,10.0,4.520989501874852,4,53
0,1,1,all_visible_ridge,100.0,2.2180879464316634,4,53
0,1,1,pca_matched_dimension,0.1,3.645341009033759,4,53
0,1,1,pca_matched_dimension,1.0,3.622096232469296,4,53
0,1,1,pca_matched_dimension,10.0,3.4056306902698164,4,53
0,1,1,pca_matched_dimension,100.0,2.2231811185157913,4,53
0,1,1,descriptor_mean,0.1,3.519360130300405,4,53
0,1,1,descriptor_mean,1.0,3.1434402510998884,4,53
0,1,1,descriptor_mean,10.0,2.525904906992288,4,53
0,1,1,descriptor_mean,100.0,1.5627763339529779,4,53
0,1,1,null_mean,0.1,4.305018170975394,4,53
0,1,1,null_mean,1.0,3.8193311856872136,4,53
0,1,1,null_mean,10.0,2.4452972176600976,4,53
0,1,1,null_mean,100.0,1.482119807967905,4,53
0,1,1,null_local_svd,0.1,3.0298417839636542,4,53
0,1,1,null_local_svd,1.0,2.2622207547424704,4,53
0,1,1,null_local_svd,10.0,1.2294808235583703,4,53
0,1,1,null_local_svd,100.0,0.9516468482182124,4,53
0,1,2,structural_median,0.1,0.4709158370649549,4,53
0,1,2,structural_median,1.0,0.4538359284905547,4,53
0,1,2,structural_median,10.0,0.4117032142335045,4,53
0,1,2,structural_median,100.0,0.4244656684993051,4,53
0,1,2,descriptor_local_svd,0.1,0.36070523386145625,4,53
0,1,2,descriptor_local_svd,1.0,0.33899822634623517,4,53
0,1,2,descriptor_local_svd,10.0,0.3273214820768291,4,53
0,1,2,descriptor_local_svd,100.0,0.37205145889629704,4,53
0,1,2,degree_preserving_null,0.1,0.5950916130712403,4,53
0,1,2,degree_preserving_null,1.0,0.5774758992808926,4,53
0,1,2,degree_preserving_null,10.0,0.5083105302651914,4,53
0,1,2,degree_preserving_null,100.0,0.48473821104529,4,53
0,1,2,family_median,0.1,0.7002881793083282,4,53
0,1,2,family_median,1.0,0.699599000495858,4,53
0,1,2,family_median,10.0,0.6960248606562724,4,53
0,1,2,family_median,100.0,0.7206613278684757,4,53
0,1,2,all_visible_ridge,0.1,0.8582867775720607,4,53
0,1,2,all_visible_ridge,1.0,0.4935419253989486,4,53
0,1,2,all_visible_ridge,10.0,0.3095172079233841,4,53
0,1,2,all_visible_ridge,100.0,0.2768587621044785,4,53
0,1,2,pca_matched_dimension,0.1,0.3084240027631149,4,53
0,1,2,pca_matched_dimension,1.0,0.3079013865402601,4,53
0,1,2,pca_matched_dimension,10.0,0.3042133748565696,4,53
0,1,2,pca_matched_dimension,100.0,0.3471938102919031,4,53
0,1,2,descriptor_mean,0.1,0.36677287109243123,4,53
0,1,2,descriptor_mean,1.0,0.3520305377531815,4,53
0,1,2,descriptor_mean,10.0,0.33640415334166707,4,53
0,1,2,descriptor_mean,100.0,0.3838719094998587,4,53
0,1,2,null_mean,0.1,0.41564260910900125,4,53
0,1,2,null_mean,1.0,0.3848158775497807,4,53
0,1,2,null_mean,10.0,0.34982241302674777,4,53
0,1,2,null_mean,100.0,0.40504646537965505,4,53
0,1,2,null_local_svd,0.1,0.39527699649184395,4,53
0,1,2,null_local_svd,1.0,0.35802038809863534,4,53
0,1,2,null_local_svd,10.0,0.3379978213657971,4,53
0,1,2,null_local_svd,100.0,0.4081732325278822,4,53
0,2,0,structural_median,0.1,0.4410404508194852,4,53
0,2,0,structural_median,1.0,0.4204556234189098,4,53
0,2,0,structural_median,10.0,0.3648242360067779,4,53
0,2,0,structural_median,100.0,0.3531757421820335,4,53
0,2,0,descriptor_local_svd,0.1,0.3434483581956598,4,53
0,2,0,descriptor_local_svd,1.0,0.3227807377047515,4,53
0,2,0,descriptor_local_svd,10.0,0.3029953037583974,4,53
0,2,0,descriptor_local_svd,100.0,0.3278311628382539,4,53
0,2,0,degree_preserving_null,0.1,0.4931055744096346,4,53
0,2,0,degree_preserving_null,1.0,0.472609034083323,4,53
0,2,0,degree_preserving_null,10.0,0.4051427183736501,4,53
0,2,0,degree_preserving_null,100.0,0.39236093599730193,4,53
0,2,0,family_median,0.1,0.5729652557947266,4,53
0,2,0,family_median,1.0,0.572225491569152,4,53
0,2,0,family_median,10.0,0.5678537946571416,4,53
0,2,0,family_median,100.0,0.5848279316374886,4,53
0,2,0,all_visible_ridge,0.1,1.0133185537544986,4,53
0,2,0,all_visible_ridge,1.0,0.5683858400104579,4,53
0,2,0,all_visible_ridge,10.0,0.3100532695142168,4,53
0,2,0,all_visible_ridge,100.0,0.2441434094431788,4,53
0,2,0,pca_matched_dimension,0.1,0.2837911052600817,4,53
0,2,0,pca_matched_dimension,1.0,0.2831078832336378,4,53
0,2,0,pca_matched_dimension,10.0,0.2777098286136415,4,53
0,2,0,pca_matched_dimension,100.0,0.29986728017514797,4,53
0,2,0,descriptor_mean,0.1,0.36694216804630897,4,53
0,2,0,descriptor_mean,1.0,0.3549036760442956,4,53
0,2,0,descriptor_mean,10.0,0.337319406092638,4,53
0,2,0,descriptor_mean,100.0,0.3439440108946016,4,53
0,2,0,null_mean,0.1,0.409194352781281,4,53
0,2,0,null_mean,1.0,0.36802322283051425,4,53
0,2,0,null_mean,10.0,0.31421301551048497,4,53
0,2,0,null_mean,100.0,0.34258434986525266,4,53
0,2,0,null_local_svd,0.1,0.36850885930442706,4,53
0,2,0,null_local_svd,1.0,0.3258065945936837,4,53
0,2,0,null_local_svd,10.0,0.29386562731848376,4,53
0,2,0,null_local_svd,100.0,0.3473885256458601,4,53
0,2,1,structural_median,0.1,0.7324241173211203,4,53
0,2,1,structural_median,1.0,0.6926331064627236,4,53
0,2,1,structural_median,10.0,0.5794587040636169,4,53
0,2,1,structural_median,100.0,0.5597706846848589,4,53
0,2,1,descriptor_local_svd,0.1,0.49882439282361984,4,53
0,2,1,descriptor_local_svd,1.0,0.47426237666004695,4,53
0,2,1,descriptor_local_svd,10.0,0.4432846031578757,4,53
0,2,1,descriptor_local_svd,100.0,0.47282147394986557,4,53
0,2,1,degree_preserving_null,0.1,0.8191502360351683,4,53
0,2,1,degree_preserving_null,1.0,0.7977553344822372,4,53
0,2,1,degree_preserving_null,10.0,0.7187253545162026,4,53
0,2,1,degree_preserving_null,100.0,0.7115397369851969,4,53
0,2,1,family_median,0.1,1.2027856320403398,4,53
0,2,1,family_median,1.0,1.2021714402309647,4,53
0,2,1,family_median,10.0,1.2001574948452571,4,53
0,2,1,family_median,100.0,1.2599809130777784,4,53
0,2,1,all_visible_ridge,0.1,1.94235481114239,4,53
0,2,1,all_visible_ridge,1.0,0.8954502039435768,4,53
0,2,1,all_visible_ridge,10.0,0.4504753188970581,4,53
0,2,1,all_visible_ridge,100.0,0.36033518496994466,4,53
0,2,1,pca_matched_dimension,0.1,0.4115606503992013,4,53
0,2,1,pca_matched_dimension,1.0,0.4105127734304648,4,53
0,2,1,pca_matched_dimension,10.0,0.402911872649631,4,53
0,2,1,pca_matched_dimension,100.0,0.476920842681812,4,53
0,2,1,descriptor_mean,0.1,0.5008147765622729,4,53
0,2,1,descriptor_mean,1.0,0.4821304067642427,4,53
0,2,1,descriptor_mean,10.0,0.46216851609452403,4,53
0,2,1,descriptor_mean,100.0,0.5040207892658788,4,53
0,2,1,null_mean,0.1,0.64368885488671,4,53
0,2,1,null_mean,1.0,0.5813338076168778,4,53
0,2,1,null_mean,10.0,0.4963039970844249,4,53
0,2,1,null_mean,100.0,0.5490149371534616,4,53
0,2,1,null_local_svd,0.1,0.5681674012819776,4,53
0,2,1,null_local_svd,1.0,0.5101341976346211,4,53
0,2,1,null_local_svd,10.0,0.4607921566404743,4,53
0,2,1,null_local_svd,100.0,0.5421144048519554,4,53
0,2,2,structural_median,0.1,0.4571356713186031,4,53
0,2,2,structural_median,1.0,0.4333947994658588,4,53
0,2,2,structural_median,10.0,0.37160052542189803,4,53
0,2,2,structural_median,100.0,0.35600248234690585,4,53
0,2,2,descriptor_local_svd,0.1,0.3264826469633334,4,53
0,2,2,descriptor_local_svd,1.0,0.31613280520174153,4,53
0,2,2,descriptor_local_svd,10.0,0.30269539016860386,4,53
0,2,2,descriptor_local_svd,100.0,0.3303402405331073,4,53
0,2,2,degree_preserving_null,0.1,0.5404235022195727,4,53
0,2,2,degree_preserving_null,1.0,0.5172390039421788,4,53
0,2,2,degree_preserving_null,10.0,0.434917821872955,4,53
0,2,2,degree_preserving_null,100.0,0.40352423304142643,4,53
0,2,2,family_median,0.1,0.5595756199116091,4,53
0,2,2,family_median,1.0,0.5596132776522811,4,53
0,2,2,family_median,10.0,0.5611741006481185,4,53
0,2,2,family_median,100.0,0.5936396610021281,4,53
0,2,2,all_visible_ridge,0.1,0.7828791247023811,4,53
0,2,2,all_visible_ridge,1.0,0.4389641512223248,4,53
0,2,2,all_visible_ridge,10.0,0.2790658654172901,4,53
0,2,2,all_visible_ridge,100.0,0.25203900091056053,4,53
0,2,2,pca_matched_dimension,0.1,0.2789192694914826,4,53
0,2,2,pca_matched_dimension,1.0,0.2785784198396816,4,53
0,2,2,pca_matched_dimension,10.0,0.2763740177203401,4,53
0,2,2,pca_matched_dimension,100.0,0.3162623682184298,4,53
0,2,2,descriptor_mean,0.1,0.33898535868187185,4,53
0,2,2,descriptor_mean,1.0,0.3318702403734525,4,53
0,2,2,descriptor_mean,10.0,0.31835428228130974,4,53
0,2,2,descriptor_mean,100.0,0.34282260505250045,4,53
0,2,2,null_mean,0.1,0.35639309169664996,4,53
0,2,2,null_mean,1.0,0.3342889050437684,4,53
0,2,2,null_mean,10.0,0.3062024919189901,4,53
0,2,2,null_mean,100.0,0.34627542180059423,4,53
0,2,2,null_local_svd,0.1,0.3610811636136888,4,53
0,2,2,null_local_svd,1.0,0.33115494952130553,4,53
0,2,2,null_local_svd,10.0,0.3112445049693707,4,53
0,2,2,null_local_svd,100.0,0.3548253914562058,4,53
0,3,0,structural_median,0.1,0.40445895960676753,4,53
0,3,0,structural_median,1.0,0.3902774243174893,4,53
0,3,0,structural_median,10.0,0.3511066565117585,4,53
0,3,0,structural_median,100.0,0.34738379789901913,4,53
0,3,0,descriptor_local_svd,0.1,0.3141006949253869,4,53
0,3,0,descriptor_local_svd,1.0,0.2987491215895706,4,53
0,3,0,descriptor_local_svd,10.0,0.28693277338623435,4,53
0,3,0,descriptor_local_svd,100.0,0.3187680049609303,4,53
0,3,0,degree_preserving_null,0.1,0.47643043273299124,4,53
0,3,0,degree_preserving_null,1.0,0.4628117136123105,4,53
0,3,0,degree_preserving_null,10.0,0.41213476756134987,4,53
0,3,0,degree_preserving_null,100.0,0.40056266294314274,4,53
0,3,0,family_median,0.1,0.5501550171313571,4,53
0,3,0,family_median,1.0,0.5493490137707457,4,53
0,3,0,family_median,10.0,0.5440914801518899,4,53
0,3,0,family_median,100.0,0.553005612617536,4,53
0,3,0,all_visible_ridge,0.1,0.7167109547720166,4,53
0,3,0,all_visible_ridge,1.0,0.43686726893339106,4,53
0,3,0,all_visible_ridge,10.0,0.27490513835533514,4,53
0,3,0,all_visible_ridge,100.0,0.243682540013647,4,53
0,3,0,pca_matched_dimension,0.1,0.2626002920395897,4,53
0,3,0,pca_matched_dimension,1.0,0.2622432938905921,4,53
0,3,0,pca_matched_dimension,10.0,0.25984569171804817,4,53
0,3,0,pca_matched_dimension,100.0,0.2963857488332732,4,53
0,3,0,descriptor_mean,0.1,0.3213959215908776,4,53
0,3,0,descriptor_mean,1.0,0.3109626716657878,4,53
0,3,0,descriptor_mean,10.0,0.3009764626291415,4,53
0,3,0,descriptor_mean,100.0,0.33181708212480177,4,53
0,3,0,null_mean,0.1,0.3676920131963618,4,53
0,3,0,null_mean,1.0,0.337582446449012,4,53
0,3,0,null_mean,10.0,0.29971120327301626,4,53
0,3,0,null_mean,100.0,0.34649920003912904,4,53
0,3,0,null_local_svd,0.1,0.35354891849255404,4,53
0,3,0,null_local_svd,1.0,0.31404297388035507,4,53
0,3,0,null_local_svd,10.0,0.2860112365581084,4,53
0,3,0,null_local_svd,100.0,0.34049016904406065,4,53
0,3,1,structural_median,0.1,5.387400028983616,4,53
0,3,1,structural_median,1.0,5.106738568262431,4,53
0,3,1,structural_median,10.0,3.943625600309541,4,53
0,3,1,structural_median,100.0,2.091428961545158,4,53
0,3,1,descriptor_local_svd,0.1,3.4267832718679347,4,53
0,3,1,descriptor_local_svd,1.0,3.0624986381745485,4,53
0,3,1,descriptor_local_svd,10.0,2.9358765755708323,4,53
0,3,1,descriptor_local_svd,100.0,2.0928417336461083,4,53
0,3,1,degree_preserving_null,0.1,1.0552085726340237,4,53
0,3,1,degree_preserving_null,1.0,1.0324633916385093,4,53
0,3,1,degree_preserving_null,10.0,0.9544498815266799,4,53
0,3,1,degree_preserving_null,100.0,0.947125648458324,4,53
0,3,1,family_median,0.1,1.2161781435591383,4,53
0,3,1,family_median,1.0,1.2155393600667987,4,53
0,3,1,family_median,10.0,1.2116800843182112,4,53
0,3,1,family_median,100.0,1.237971238612158,4,53
0,3,1,all_visible_ridge,0.1,11.739583817884297,4,53
0,3,1,all_visible_ridge,1.0,6.913913566536292,4,53
0,3,1,all_visible_ridge,10.0,3.6142880456346513,4,53
0,3,1,all_visible_ridge,100.0,2.3995275003044827,4,53
0,3,1,pca_matched_dimension,0.1,3.656262324198406,4,53
0,3,1,pca_matched_dimension,1.0,3.6332123204438256,4,53
0,3,1,pca_matched_dimension,10.0,3.417852764191923,4,53
0,3,1,pca_matched_dimension,100.0,2.203540395241362,4,53
0,3,1,descriptor_mean,0.1,4.24501974599369,4,53
0,3,1,descriptor_mean,1.0,3.940306737634746,4,53
0,3,1,descriptor_mean,10.0,3.247788711909309,4,53
0,3,1,descriptor_mean,100.0,2.0960992307846174,4,53
0,3,1,null_mean,0.1,3.576740099511544,4,53
0,3,1,null_mean,1.0,3.3308261382666213,4,53
0,3,1,null_mean,10.0,2.77549680004181,4,53
0,3,1,null_mean,100.0,1.7257189608091243,4,53
0,3,1,null_local_svd,0.1,3.1916439423455243,4,53
0,3,1,null_local_svd,1.0,2.767520460264666,4,53
0,3,1,null_local_svd,10.0,1.778167912247621,4,53
0,3,1,null_local_svd,100.0,1.0459936861307297,4,53
0,3,2,structural_median,0.1,0.7199917776678151,4,53
0,3,2,structural_median,1.0,0.6741027954121477,4,53
0,3,2,structural_median,10.0,0.5454580710175394,4,53
0,3,2,structural_median,100.0,0.5097600127580779,4,53
0,3,2,descriptor_local_svd,0.1,0.517245213615116,4,53
0,3,2,descriptor_local_svd,1.0,0.48787458481253165,4,53
0,3,2,descriptor_local_svd,10.0,0.44305442849763355,4,53
0,3,2,descriptor_local_svd,100.0,0.44727912122122027,4,53
0,3,2,degree_preserving_null,0.1,0.8053368218965791,4,53
0,3,2,degree_preserving_null,1.0,0.7788975409984313,4,53
0,3,2,degree_preserving_null,10.0,0.6820191017019429,4,53
0,3,2,degree_preserving_null,100.0,0.6526365921924496,4,53
0,3,2,family_median,0.1,1.2032589153128967,4,53
0,3,2,family_median,1.0,1.203455872940328,4,53
0,3,2,family_median,10.0,1.206756741604899,4,53
0,3,2,family_median,100.0,1.267101349544707,4,53
0,3,2,all_visible_ridge,0.1,1.430654616589167,4,53
0,3,2,all_visible_ridge,1.0,0.8515466615595367,4,53
0,3,2,all_visible_ridge,10.0,0.4892246172546135,4,53
0,3,2,all_visible_ridge,100.0,0.37746592488527225,4,53
0,3,2,pca_matched_dimension,0.1,0.46269903178105404,4,53
0,3,2,pca_matched_dimension,1.0,0.46136760298232865,4,53
0,3,2,pca_matched_dimension,10.0,0.45093401510348136,4,53
0,3,2,pca_matched_dimension,100.0,0.4991807932392883,4,53
0,3,2,descriptor_mean,0.1,0.5375417301020944,4,53
0,3,2,descriptor_mean,1.0,0.49806780253843896,4,53
0,3,2,descriptor_mean,10.0,0.4568973399682309,4,53
0,3,2,descriptor_mean,100.0,0.47199474587998846,4,53
0,3,2,null_mean,0.1,0.6443066497399143,4,53
0,3,2,null_mean,1.0,0.5870659806271417,4,53
0,3,2,null_mean,10.0,0.5043564515929422,4,53
0,3,2,null_mean,100.0,0.5248400929327753,4,53
0,3,2,null_local_svd,0.1,0.6535416959753362,4,53
0,3,2,null_local_svd,1.0,0.5752532441234421,4,53
0,3,2,null_local_svd,10.0,0.46554152656598,4,53
0,3,2,null_local_svd,100.0,0.5270053898694728,4,53
0,4,0,structural_median,0.1,4.62761935385236,4,53
0,4,0,structural_median,1.0,4.269576388615031,4,53
0,4,0,structural_median,10.0,2.981994762382127,4,53
0,4,0,structural_median,100.0,1.5216583227033025,4,53
0,4,0,descriptor_local_svd,0.1,2.389072410361531,4,53
0,4,0,descriptor_local_svd,1.0,2.1894239959821036,4,53
0,4,0,descriptor_local_svd,10.0,1.9541349758686242,4,53
0,4,0,descriptor_local_svd,100.0,1.569199137835806,4,53
0,4,0,degree_preserving_null,0.1,1.0081181341287149,4,53
0,4,0,degree_preserving_null,1.0,0.9801435215130516,4,53
0,4,0,degree_preserving_null,10.0,0.8816721313828669,4,53
0,4,0,degree_preserving_null,100.0,0.8746108412941678,4,53
0,4,0,family_median,0.1,1.1407231295140976,4,53
0,4,0,family_median,1.0,1.1392123683129711,4,53
0,4,0,family_median,10.0,1.130691352549019,4,53
0,4,0,family_median,100.0,1.1638436666993113,4,53
0,4,0,all_visible_ridge,0.1,7.587229466117396,4,53
0,4,0,all_visible_ridge,1.0,4.20895928573628,4,53
0,4,0,all_visible_ridge,10.0,2.1270968344955428,4,53
0,4,0,all_visible_ridge,100.0,1.3511166975224773,4,53
0,4,0,pca_matched_dimension,0.1,1.8356781306338352,4,53
0,4,0,pca_matched_dimension,1.0,1.8246889547625333,4,53
0,4,0,pca_matched_dimension,10.0,1.7230850210622028,4,53
0,4,0,pca_matched_dimension,100.0,1.207273993469268,4,53
0,4,0,descriptor_mean,0.1,2.5282245341036496,4,53
0,4,0,descriptor_mean,1.0,2.375324692272771,4,53
0,4,0,descriptor_mean,10.0,1.980240101963919,4,53
0,4,0,descriptor_mean,100.0,1.6479634685824778,4,53
0,4,0,null_mean,0.1,3.4040596670462535,4,53
0,4,0,null_mean,1.0,3.006100946679177,4,53
0,4,0,null_mean,10.0,2.230421732170031,4,53
0,4,0,null_mean,100.0,1.4858881142812577,4,53
0,4,0,null_local_svd,0.1,1.9212627002793803,4,53
0,4,0,null_local_svd,1.0,1.6198261553577809,4,53
0,4,0,null_local_svd,10.0,1.1160173067540606,4,53
0,4,0,null_local_svd,100.0,0.8281976573203267,4,53
0,4,1,structural_median,0.1,0.40992699429625434,4,53
0,4,1,structural_median,1.0,0.39086621506033037,4,53
0,4,1,structural_median,10.0,0.3372386208867617,4,53
0,4,1,structural_median,100.0,0.3278866431969633,4,53
0,4,1,descriptor_local_svd,0.1,0.3180553304985022,4,53
0,4,1,descriptor_local_svd,1.0,0.30204359040207535,4,53
0,4,1,descriptor_local_svd,10.0,0.2852469966040607,4,53
0,4,1,descriptor_local_svd,100.0,0.30312765055292096,4,53
0,4,1,degree_preserving_null,0.1,0.5137416821311704,4,53
0,4,1,degree_preserving_null,1.0,0.49112104895580666,4,53
0,4,1,degree_preserving_null,10.0,0.40904944374763097,4,53
0,4,1,degree_preserving_null,100.0,0.36996653772610666,4,53
0,4,1,family_median,0.1,0.5497898602696153,4,53
0,4,1,family_median,1.0,0.5499130760271697,4,53
0,4,1,family_median,10.0,0.5518568833811016,4,53
0,4,1,family_median,100.0,0.5864473516711515,4,53
0,4,1,all_visible_ridge,0.1,0.7518656370770511,4,53
0,4,1,all_visible_ridge,1.0,0.43651779328508733,4,53
0,4,1,all_visible_ridge,10.0,0.2721973954018198,4,53
0,4,1,all_visible_ridge,100.0,0.23327494016148803,4,53
0,4,1,pca_matched_dimension,0.1,0.2621369142651074,4,53
0,4,1,pca_matched_dimension,1.0,0.26160634966197477,4,53
0,4,1,pca_matched_dimension,10.0,0.2576999197796469,4,53
0,4,1,pca_matched_dimension,100.0,0.2917545870182427,4,53
0,4,1,descriptor_mean,0.1,0.328686601337275,4,53
0,4,1,descriptor_mean,1.0,0.31630805255547784,4,53
0,4,1,descriptor_mean,10.0,0.2947002479775358,4,53
0,4,1,descriptor_mean,100.0,0.31514155168821556,4,53
0,4,1,null_mean,0.1,0.3547241496232706,4,53
0,4,1,null_mean,1.0,0.3257209282999135,4,53
0,4,1,null_mean,10.0,0.29338997792850474,4,53
0,4,1,null_mean,100.0,0.33049868170760477,4,53
0,4,1,null_local_svd,0.1,0.3486451572106656,4,53
0,4,1,null_local_svd,1.0,0.31715112355556035,4,53
0,4,1,null_local_svd,10.0,0.28935143381956413,4,53
0,4,1,null_local_svd,100.0,0.33097288624712196,4,53
0,4,2,structural_median,0.1,0.430889977354513,4,53
0,4,2,structural_median,1.0,0.4134632916385513,4,53
0,4,2,structural_median,10.0,0.3610741718171353,4,53
0,4,2,structural_median,100.0,0.35311139067831926,4,53
0,4,2,descriptor_local_svd,0.1,0.3359394000361629,4,53
0,4,2,descriptor_local_svd,1.0,0.3160410722026853,4,53
0,4,2,descriptor_local_svd,10.0,0.2993183163719497,4,53
0,4,2,descriptor_local_svd,100.0,0.323367719409786,4,53
0,4,2,degree_preserving_null,0.1,0.5119978563008873,4,53
0,4,2,degree_preserving_null,1.0,0.49321663861127735,4,53
0,4,2,degree_preserving_null,10.0,0.426204881746438,4,53
0,4,2,degree_preserving_null,100.0,0.41206016334014095,4,53
0,4,2,family_median,0.1,0.5989237215426456,4,53
0,4,2,family_median,1.0,0.5982410094400266,4,53
0,4,2,family_median,10.0,0.5937829258675902,4,53
0,4,2,family_median,100.0,0.6061163094682044,4,53
0,4,2,all_visible_ridge,0.1,0.895522580323395,4,53
0,4,2,all_visible_ridge,1.0,0.5061163134928259,4,53
0,4,2,all_visible_ridge,10.0,0.29727385339393275,4,53
0,4,2,all_visible_ridge,100.0,0.2446199819669877,4,53
0,4,2,pca_matched_dimension,0.1,0.2765819379162892,4,53
0,4,2,pca_matched_dimension,1.0,0.27607894222330365,4,53
0,4,2,pca_matched_dimension,10.0,0.2724701910204755,4,53
0,4,2,pca_matched_dimension,100.0,0.3103435552818613,4,53
0,4,2,descriptor_mean,0.1,0.343926789955735,4,53
0,4,2,descriptor_mean,1.0,0.32649525463290413,4,53
0,4,2,descriptor_mean,10.0,0.30980276416946073,4,53
0,4,2,descriptor_mean,100.0,0.3342188323267646,4,53
0,4,2,null_mean,0.1,0.3721959323213661,4,53
0,4,2,null_mean,1.0,0.34265589075779684,4,53
0,4,2,null_mean,10.0,0.3013226357995302,4,53
0,4,2,null_mean,100.0,0.3416505737009153,4,53
0,4,2,null_local_svd,0.1,0.381738678136045,4,53
0,4,2,null_local_svd,1.0,0.3367184619445097,4,53
0,4,2,null_local_svd,10.0,0.299591572238189,4,53
0,4,2,null_local_svd,100.0,0.3426681613587544,4,53
1,0,0,structural_median,0.1,0.447259405180887,4,53
1,0,0,structural_median,1.0,0.42293732000150536,4,53
1,0,0,structural_median,10.0,0.36289471784927685,4,53
1,0,0,structural_median,100.0,0.34799386657619374,4,53
1,0,0,descriptor_local_svd,0.1,0.32087117592849407,4,53
1,0,0,descriptor_local_svd,1.0,0.30146006269740344,4,53
1,0,0,descriptor_local_svd,10.0,0.2893077786102686,4,53
1,0,0,descriptor_local_svd,100.0,0.31244237183031426,4,53
1,0,0,degree_preserving_null,0.1,0.5106673885108385,4,53
1,0,0,degree_preserving_null,1.0,0.4916457179552034,4,53
1,0,0,degree_preserving_null,10.0,0.42025260371830514,4,53
1,0,0,degree_preserving_null,100.0,0.3908413865944251,4,53
1,0,0,family_median,0.1,0.5196300469665386,4,53
1,0,0,family_median,1.0,0.5192095966453156,4,53
1,0,0,family_median,10.0,0.5169427596060837,4,53
1,0,0,family_median,100.0,0.5370113029017459,4,53
1,0,0,all_visible_ridge,0.1,0.7700811748214123,4,53
1,0,0,all_visible_ridge,1.0,0.4844135355066021,4,53
1,0,0,all_visible_ridge,10.0,0.2998710097825689,4,53
1,0,0,all_visible_ridge,100.0,0.2507096662852343,4,53
1,0,0,pca_matched_dimension,0.1,0.28704969020983323,4,53
1,0,0,pca_matched_dimension,1.0,0.2864696055903118,4,53
1,0,0,pca_matched_dimension,10.0,0.281924337688668,4,53
1,0,0,pca_matched_dimension,100.0,0.3029741720207737,4,53
1,0,0,descriptor_mean,0.1,0.32614318199861264,4,53
1,0,0,descriptor_mean,1.0,0.31546810107005524,4,53
1,0,0,descriptor_mean,10.0,0.303331371629756,4,53
1,0,0,descriptor_mean,100.0,0.3210961619920185,4,53
1,0,0,null_mean,0.1,0.36791188536462566,4,53
1,0,0,null_mean,1.0,0.3359720522194598,4,53
1,0,0,null_mean,10.0,0.3015940240681806,4,53
1,0,0,null_mean,100.0,0.33312784930822636,4,53
1,0,0,null_local_svd,0.1,0.35965766466716936,4,53
1,0,0,null_local_svd,1.0,0.3243644068177859,4,53
1,0,0,null_local_svd,10.0,0.29575749890494274,4,53
1,0,0,null_local_svd,100.0,0.33709853395242984,4,53
1,0,1,structural_median,0.1,4.8207454888790195,4,53
1,0,1,structural_median,1.0,4.515292337585631,4,53
1,0,1,structural_median,10.0,3.396483599984422,4,53
1,0,1,structural_median,100.0,1.748143058820867,4,53
1,0,1,descriptor_local_svd,0.1,2.462229725569393,4,53
1,0,1,descriptor_local_svd,1.0,2.167770133745819,4,53
1,0,1,descriptor_local_svd,10.0,1.8726087581182336,4,53
1,0,1,descriptor_local_svd,100.0,1.4822981122147625,4,53
1,0,1,degree_preserving_null,0.1,1.088594032622351,4,53
1,0,1,degree_preserving_null,1.0,1.0515166888296612,4,53
1,0,1,degree_preserving_null,10.0,0.9077183307429495,4,53
1,0,1,degree_preserving_null,100.0,0.8264755628465411,4,53
1,0,1,family_median,0.1,1.0476967135199176,4,53
1,0,1,family_median,1.0,1.0475435432291267,4,53
1,0,1,family_median,10.0,1.0473219297310705,4,53
1,0,1,family_median,100.0,1.0816801016587,4,53
1,0,1,all_visible_ridge,0.1,7.422559414621132,4,53
1,0,1,all_visible_ridge,1.0,4.648085995449538,4,53
1,0,1,all_visible_ridge,10.0,2.566013231568566,4,53
1,0,1,all_visible_ridge,100.0,1.4875320349675911,4,53
1,0,1,pca_matched_dimension,0.1,2.6113029542678112,4,53
1,0,1,pca_matched_dimension,1.0,2.5937704977235567,4,53
1,0,1,pca_matched_dimension,10.0,2.430563681207187,4,53
1,0,1,pca_matched_dimension,100.0,1.542420502960902,4,53
1,0,1,descriptor_mean,0.1,2.876659497639634,4,53
1,0,1,descriptor_mean,1.0,2.5417352043471433,4,53
1,0,1,descriptor_mean,10.0,1.936395916146414,4,53
1,0,1,descriptor_mean,100.0,1.559458296205215,4,53
1,0,1,null_mean,0.1,3.2908808088104573,4,53
1,0,1,null_mean,1.0,3.246255266283112,4,53
1,0,1,null_mean,10.0,2.753362299767727,4,53
1,0,1,null_mean,100.0,1.799496106813619,4,53
1,0,1,null_local_svd,0.1,3.1168760217030833,4,53
1,0,1,null_local_svd,1.0,2.9232614636497747,4,53
1,0,1,null_local_svd,10.0,2.511875033532202,4,53
1,0,1,null_local_svd,100.0,1.5298999272400315,4,53
1,0,2,structural_median,0.1,0.8845534077582411,4,53
1,0,2,structural_median,1.0,0.8363382821032606,4,53
1,0,2,structural_median,10.0,0.7122497595346367,4,53
1,0,2,structural_median,100.0,0.7182504979294766,4,53
1,0,2,descriptor_local_svd,0.1,0.5931024019841784,4,53
1,0,2,descriptor_local_svd,1.0,0.5783140214408462,4,53
1,0,2,descriptor_local_svd,10.0,0.5378172800702048,4,53
1,0,2,descriptor_local_svd,100.0,0.5941057980062412,4,53
1,0,2,degree_preserving_null,0.1,1.0839277512536096,4,53
1,0,2,degree_preserving_null,1.0,1.0401381697579906,4,53
1,0,2,degree_preserving_null,10.0,0.8880190155153377,4,53
1,0,2,degree_preserving_null,100.0,0.8343159197905728,4,53
1,0,2,family_median,0.1,1.2078241739211233,4,53
1,0,2,family_median,1.0,1.2075313989926149,4,53
1,0,2,family_median,10.0,1.2074508739767762,4,53
1,0,2,family_median,100.0,1.253629733752038,4,53
1,0,2,all_visible_ridge,0.1,2.0378792292987904,4,53
1,0,2,all_visible_ridge,1.0,0.9717634787185923,4,53
1,0,2,all_visible_ridge,10.0,0.5028283781287082,4,53
1,0,2,all_visible_ridge,100.0,0.42765345980811753,4,53
1,0,2,pca_matched_dimension,0.1,0.479162991791517,4,53
1,0,2,pca_matched_dimension,1.0,0.47846852770270926,4,53
1,0,2,pca_matched_dimension,10.0,0.4738087470541194,4,53
1,0,2,pca_matched_dimension,100.0,0.5451401928119863,4,53
1,0,2,descriptor_mean,0.1,0.6135530341252835,4,53
1,0,2,descriptor_mean,1.0,0.5755113310707712,4,53
1,0,2,descriptor_mean,10.0,0.5386621199148302,4,53
1,0,2,descriptor_mean,100.0,0.6158753352941335,4,53
1,0,2,null_mean,0.1,0.6156301569855154,4,53
1,0,2,null_mean,1.0,0.565477020895788,4,53
1,0,2,null_mean,10.0,0.5244683393503887,4,53
1,0,2,null_mean,100.0,0.625599154794348,4,53
1,0,2,null_local_svd,0.1,0.6133429969895687,4,53
1,0,2,null_local_svd,1.0,0.5485132928301595,4,53
1,0,2,null_local_svd,10.0,0.49788530525105124,4,53
1,0,2,null_local_svd,100.0,0.6117220151625129,4,53
1,1,0,structural_median,0.1,0.4018202846080403,4,53
1,1,0,structural_median,1.0,0.38664612933228537,4,53
1,1,0,structural_median,10.0,0.34368317820391936,4,53
1,1,0,structural_median,100.0,0.3401003805692953,4,53
1,1,0,descriptor_local_svd,0.1,0.29879782592481663,4,53
1,1,0,descriptor_local_svd,1.0,0.2834960651270255,4,53
1,1,0,descriptor_local_svd,10.0,0.2729324140102736,4,53
1,1,0,descriptor_local_svd,100.0,0.30539314882246626,4,53
1,1,0,degree_preserving_null,0.1,0.527401248578798,4,53
1,1,0,degree_preserving_null,1.0,0.5096322022502654,4,53
1,1,0,degree_preserving_null,10.0,0.44065493682741363,4,53
1,1,0,degree_preserving_null,100.0,0.4105846105274299,4,53
1,1,0,family_median,0.1,0.5422281867473318,4,53
1,1,0,family_median,1.0,0.541797853628167,4,53
1,1,0,family_median,10.0,0.5387408736199935,4,53
1,1,0,family_median,100.0,0.5474657041339337,4,53
1,1,0,all_visible_ridge,0.1,0.7046155874880817,4,53
1,1,0,all_visible_ridge,1.0,0.42563754171988655,4,53
1,1,0,all_visible_ridge,10.0,0.2783192498793613,4,53
1,1,0,all_visible_ridge,100.0,0.24434518849986875,4,53
1,1,0,pca_matched_dimension,0.1,0.2712368103298033,4,53
1,1,0,pca_matched_dimension,1.0,0.27084137762197724,4,53
1,1,0,pca_matched_dimension,10.0,0.26798147305579334,4,53
1,1,0,pca_matched_dimension,100.0,0.2964064361616322,4,53
1,1,0,descriptor_mean,0.1,0.30827035010313814,4,53
1,1,0,descriptor_mean,1.0,0.29631296100311216,4,53
1,1,0,descriptor_mean,10.0,0.2835261352283449,4,53
1,1,0,descriptor_mean,100.0,0.3116452114389781,4,53
1,1,0,null_mean,0.1,0.3500679868864157,4,53
1,1,0,null_mean,1.0,0.32696195689672225,4,53
1,1,0,null_mean,10.0,0.2986387058269415,4,53
1,1,0,null_mean,100.0,0.33694642300712896,4,53
1,1,0,null_local_svd,0.1,0.3378823506513483,4,53
1,1,0,null_local_svd,1.0,0.309151817272721,4,53
1,1,0,null_local_svd,10.0,0.2877457870429071,4,53
1,1,0,null_local_svd,100.0,0.33410116012592944,4,53
1,1,1,structural_median,0.1,7.270848251726969,4,53
1,1,1,structural_median,1.0,6.572970310874773,4,53
1,1,1,structural_median,10.0,4.281677016435498,4,53
1,1,1,structural_median,100.0,2.3584681445903013,4,53
1,1,1,descriptor_local_svd,0.1,3.7135716132559686,4,53
1,1,1,descriptor_local_svd,1.0,3.262620352975938,4,53
1,1,1,descriptor_local_svd,10.0,2.880430485170102,4,53
1,1,1,descriptor_local_svd,100.0,2.3323051945124047,4,53
1,1,1,degree_preserving_null,0.1,1.72866247873545,4,53
1,1,1,degree_preserving_null,1.0,1.6542173793712696,4,53
1,1,1,degree_preserving_null,10.0,1.3918935100041785,4,53
1,1,1,degree_preserving_null,100.0,1.2876390402901405,4,53
1,1,1,family_median,0.1,1.8112712422253265,4,53
1,1,1,family_median,1.0,1.8123188054321822,4,53
1,1,1,family_median,10.0,1.8231256867301586,4,53
1,1,1,family_median,100.0,1.9107765507535555,4,53
1,1,1,all_visible_ridge,0.1,17.077475247395252,4,53
1,1,1,all_visible_ridge,1.0,7.784564752991975,4,53
1,1,1,all_visible_ridge,10.0,3.755758486857031,4,53
1,1,1,all_visible_ridge,100.0,1.9300695991924568,4,53
1,1,1,pca_matched_dimension,0.1,2.808875460468794,4,53
1,1,1,pca_matched_dimension,1.0,2.791557395162407,4,53
1,1,1,pca_matched_dimension,10.0,2.6313308151517374,4,53
1,1,1,pca_matched_dimension,100.0,1.8121465226644675,4,53
1,1,1,descriptor_mean,0.1,3.8178389725780884,4,53
1,1,1,descriptor_mean,1.0,3.511577991926572,4,53
1,1,1,descriptor_mean,10.0,2.756538341376793,4,53
1,1,1,descriptor_mean,100.0,2.200757476973876,4,53
1,1,1,null_mean,0.1,5.361801476443845,4,53
1,1,1,null_mean,1.0,4.504875774121324,4,53
1,1,1,null_mean,10.0,3.1919005103102274,4,53
1,1,1,null_mean,100.0,2.3060816714014973,4,53
1,1,1,null_local_svd,0.1,3.3001043387786866,4,53
1,1,1,null_local_svd,1.0,2.9557902734107304,4,53
1,1,1,null_local_svd,10.0,2.68019128543329,4,53
1,1,1,null_local_svd,100.0,2.415978022834535,4,53
1,1,2,structural_median,0.1,0.5026265686914428,4,53
1,1,2,structural_median,1.0,0.47700652344084593,4,53
1,1,2,structural_median,10.0,0.40939504806594496,4,53
1,1,2,structural_median,100.0,0.38502252860603015,4,53
1,1,2,descriptor_local_svd,0.1,0.3786067922765351,4,53
1,1,2,descriptor_local_svd,1.0,0.3492269892312991,4,53
1,1,2,descriptor_local_svd,10.0,0.31968345017418676,4,53
1,1,2,descriptor_local_svd,100.0,0.33645942874895474,4,53
1,1,2,degree_preserving_null,0.1,0.5835391659462374,4,53
1,1,2,degree_preserving_null,1.0,0.5654567682975183,4,53
1,1,2,degree_preserving_null,10.0,0.49087944277893514,4,53
1,1,2,degree_preserving_null,100.0,0.45502261973524627,4,53
1,1,2,family_median,0.1,0.6343677025911028,4,53
1,1,2,family_median,1.0,0.6337670683776627,4,53
1,1,2,family_median,10.0,0.6301569910296824,4,53
1,1,2,family_median,100.0,0.6477243137729671,4,53
1,1,2,all_visible_ridge,0.1,1.0278214988798564,4,53
1,1,2,all_visible_ridge,1.0,0.5564043452094302,4,53
1,1,2,all_visible_ridge,10.0,0.32658345721613447,4,53
1,1,2,all_visible_ridge,100.0,0.2727064716158598,4,53
1,1,2,pca_matched_dimension,0.1,0.31309516384894487,4,53
1,1,2,pca_matched_dimension,1.0,0.3124097982575071,4,53
1,1,2,pca_matched_dimension,10.0,0.30702414647909443,4,53
1,1,2,pca_matched_dimension,100.0,0.3309824907845515,4,53
1,1,2,descriptor_mean,0.1,0.3697931348499425,4,53
1,1,2,descriptor_mean,1.0,0.35442369584022976,4,53
1,1,2,descriptor_mean,10.0,0.3322973821904772,4,53
1,1,2,descriptor_mean,100.0,0.3465937069050007,4,53
1,1,2,null_mean,0.1,0.4118674045670264,4,53
1,1,2,null_mean,1.0,0.38280909217159337,4,53
1,1,2,null_mean,10.0,0.34615562119038673,4,53
1,1,2,null_mean,100.0,0.37646932527486787,4,53
1,1,2,null_local_svd,0.1,0.4144338443411857,4,53
1,1,2,null_local_svd,1.0,0.3694910668904514,4,53
1,1,2,null_local_svd,10.0,0.32763068443680565,4,53
1,1,2,null_local_svd,100.0,0.36724672632693744,4,53
1,2,0,structural_median,0.1,0.5892830166405627,4,53
1,2,0,structural_median,1.0,0.5634100835466517,4,53
1,2,0,structural_median,10.0,0.514170168078693,4,53
1,2,0,structural_median,100.0,0.520028276226355,4,53
1,2,0,descriptor_local_svd,0.1,0.4754583342309053,4,53
1,2,0,descriptor_local_svd,1.0,0.45057087303334353,4,53
1,2,0,descriptor_local_svd,10.0,0.43746485119193856,4,53
1,2,0,descriptor_local_svd,100.0,0.4825146405457482,4,53
1,2,0,degree_preserving_null,0.1,0.7487433816246961,4,53
1,2,0,degree_preserving_null,1.0,0.7236256251053331,4,53
1,2,0,degree_preserving_null,10.0,0.6371630886806339,4,53
1,2,0,degree_preserving_null,100.0,0.6070941194201954,4,53
1,2,0,family_median,0.1,0.7324873408916442,4,53
1,2,0,family_median,1.0,0.7321356779650987,4,53
1,2,0,family_median,10.0,0.7303068038442871,4,53
1,2,0,family_median,100.0,0.750080471644284,4,53
1,2,0,all_visible_ridge,0.1,1.1922467529443561,4,53
1,2,0,all_visible_ridge,1.0,0.6853087126363981,4,53
1,2,0,all_visible_ridge,10.0,0.43370177280382505,4,53
1,2,0,all_visible_ridge,100.0,0.3713649777984003,4,53
1,2,0,pca_matched_dimension,0.1,0.41691997174359596,4,53
1,2,0,pca_matched_dimension,1.0,0.41619525310651573,4,53
1,2,0,pca_matched_dimension,10.0,0.4104100841083036,4,53
1,2,0,pca_matched_dimension,100.0,0.43041651013497095,4,53
1,2,0,descriptor_mean,0.1,0.48369130178047615,4,53
1,2,0,descriptor_mean,1.0,0.46204732606754506,4,53
1,2,0,descriptor_mean,10.0,0.43595954784159263,4,53
1,2,0,descriptor_mean,100.0,0.46940621310378655,4,53
1,2,0,null_mean,0.1,0.5663889759201426,4,53
1,2,0,null_mean,1.0,0.5140497386946608,4,53
1,2,0,null_mean,10.0,0.4490657361344291,4,53
1,2,0,null_mean,100.0,0.4993683414779432,4,53
1,2,0,null_local_svd,0.1,0.5150073247605126,4,53
1,2,0,null_local_svd,1.0,0.45906720223582925,4,53
1,2,0,null_local_svd,10.0,0.422492480785157,4,53
1,2,0,null_local_svd,100.0,0.5011764154836629,4,53
1,2,1,structural_median,0.1,0.9222111951726861,4,53
1,2,1,structural_median,1.0,0.8845549289867254,4,53
1,2,1,structural_median,10.0,0.8232546134986203,4,53
1,2,1,structural_median,100.0,0.9087407002877028,4,53
1,2,1,descriptor_local_svd,0.1,0.6157848055861435,4,53
1,2,1,descriptor_local_svd,1.0,0.6017635969632141,4,53
1,2,1,descriptor_local_svd,10.0,0.6052354910601345,4,53
1,2,1,descriptor_local_svd,100.0,0.7472737731612621,4,53
1,2,1,degree_preserving_null,0.1,1.229316645067874,4,53
1,2,1,degree_preserving_null,1.0,1.1993513158808178,4,53
1,2,1,degree_preserving_null,10.0,1.0936585923480882,4,53
1,2,1,degree_preserving_null,100.0,1.0636489444850832,4,53
1,2,1,family_median,0.1,1.4387585432972858,4,53
1,2,1,family_median,1.0,1.4390292201480983,4,53
1,2,1,family_median,10.0,1.443306941203053,4,53
1,2,1,family_median,100.0,1.5091192409421224,4,53
1,2,1,all_visible_ridge,0.1,1.8839009621861478,4,53
1,2,1,all_visible_ridge,1.0,1.0312338500958456,4,53
1,2,1,all_visible_ridge,10.0,0.5575027760198055,4,53
1,2,1,all_visible_ridge,100.0,0.43823110514705166,4,53
1,2,1,pca_matched_dimension,0.1,0.4882285113237348,4,53
1,2,1,pca_matched_dimension,1.0,0.48698985752632623,4,53
1,2,1,pca_matched_dimension,10.0,0.4777702291012342,4,53
1,2,1,pca_matched_dimension,100.0,0.551390846284674,4,53
1,2,1,descriptor_mean,0.1,0.596569990912198,4,53
1,2,1,descriptor_mean,1.0,0.5795937148255735,4,53
1,2,1,descriptor_mean,10.0,0.6053869335356828,4,53
1,2,1,descriptor_mean,100.0,0.7436155438281524,4,53
1,2,1,null_mean,0.1,0.6571820315860002,4,53
1,2,1,null_mean,1.0,0.5983292002690316,4,53
1,2,1,null_mean,10.0,0.563715886448804,4,53
1,2,1,null_mean,100.0,0.7216249856969248,4,53
1,2,1,null_local_svd,0.1,0.64362271718713,4,53
1,2,1,null_local_svd,1.0,0.5826347803294333,4,53
1,2,1,null_local_svd,10.0,0.543627850933491,4,53
1,2,1,null_local_svd,100.0,0.6889413627270492,4,53
1,2,2,structural_median,0.1,0.498207783301865,4,53
1,2,2,structural_median,1.0,0.4734888231460823,4,53
1,2,2,structural_median,10.0,0.40885540286804056,4,53
1,2,2,structural_median,100.0,0.3901699780687756,4,53
1,2,2,descriptor_local_svd,0.1,0.3516626550732042,4,53
1,2,2,descriptor_local_svd,1.0,0.3366189849538382,4,53
1,2,2,descriptor_local_svd,10.0,0.32660994539890387,4,53
1,2,2,descriptor_local_svd,100.0,0.3533040669505061,4,53
1,2,2,degree_preserving_null,0.1,0.6079448432632351,4,53
1,2,2,degree_preserving_null,1.0,0.5827275629537823,4,53
1,2,2,degree_preserving_null,10.0,0.49660528732333187,4,53
1,2,2,degree_preserving_null,100.0,0.45747327417450806,4,53
1,2,2,family_median,0.1,0.6057912945353553,4,53
1,2,2,family_median,1.0,0.6056217652427324,4,53
1,2,2,family_median,10.0,0.6057624796395763,4,53
1,2,2,family_median,100.0,0.6428741169762173,4,53
1,2,2,all_visible_ridge,0.1,0.9206547840334578,4,53
1,2,2,all_visible_ridge,1.0,0.5239618845827886,4,53
1,2,2,all_visible_ridge,10.0,0.3197667400625591,4,53
1,2,2,all_visible_ridge,100.0,0.2776867901807411,4,53
1,2,2,pca_matched_dimension,0.1,0.30492595233839803,4,53
1,2,2,pca_matched_dimension,1.0,0.304567660733881,4,53
1,2,2,pca_matched_dimension,10.0,0.3022637426784627,4,53
1,2,2,pca_matched_dimension,100.0,0.3449774054626803,4,53
1,2,2,descriptor_mean,0.1,0.3608720377891508,4,53
1,2,2,descriptor_mean,1.0,0.34752190297098356,4,53
1,2,2,descriptor_mean,10.0,0.3336876317580094,4,53
1,2,2,descriptor_mean,100.0,0.3556181626653902,4,53
1,2,2,null_mean,0.1,0.3979740963775915,4,53
1,2,2,null_mean,1.0,0.37038716711189934,4,53
1,2,2,null_mean,10.0,0.336511016918518,4,53
1,2,2,null_mean,100.0,0.3732218154176905,4,53
1,2,2,null_local_svd,0.1,0.377140885900658,4,53
1,2,2,null_local_svd,1.0,0.3474737539305568,4,53
1,2,2,null_local_svd,10.0,0.3260388101297246,4,53
1,2,2,null_local_svd,100.0,0.365802879327359,4,53
1,3,0,structural_median,0.1,0.42159033083594705,4,53
1,3,0,structural_median,1.0,0.40369691520383694,4,53
1,3,0,structural_median,10.0,0.35574198632181026,4,53
1,3,0,structural_median,100.0,0.34648335177373063,4,53
1,3,0,descriptor_local_svd,0.1,0.3175228067841576,4,53
1,3,0,descriptor_local_svd,1.0,0.2959129590661176,4,53
1,3,0,descriptor_local_svd,10.0,0.280736846904478,4,53
1,3,0,descriptor_local_svd,100.0,0.30649068508682703,4,53
1,3,0,degree_preserving_null,0.1,0.5476499289282752,4,53
1,3,0,degree_preserving_null,1.0,0.5283589649422435,4,53
1,3,0,degree_preserving_null,10.0,0.45171874548735785,4,53
1,3,0,degree_preserving_null,100.0,0.4150623369949188,4,53
1,3,0,family_median,0.1,0.5561830514098292,4,53
1,3,0,family_median,1.0,0.5553229846179653,4,53
1,3,0,family_median,10.0,0.5493292198162436,4,53
1,3,0,family_median,100.0,0.5552723000808742,4,53
1,3,0,all_visible_ridge,0.1,0.8373353455972318,4,53
1,3,0,all_visible_ridge,1.0,0.47223293307827796,4,53
1,3,0,all_visible_ridge,10.0,0.2966368160423486,4,53
1,3,0,all_visible_ridge,100.0,0.2523964675191721,4,53
1,3,0,pca_matched_dimension,0.1,0.28920370675940826,4,53
1,3,0,pca_matched_dimension,1.0,0.2887010209616016,4,53
1,3,0,pca_matched_dimension,10.0,0.28489632057944514,4,53
1,3,0,pca_matched_dimension,100.0,0.3110516005256554,4,53
1,3,0,descriptor_mean,0.1,0.3317633862925904,4,53
1,3,0,descriptor_mean,1.0,0.31377442346292084,4,53
1,3,0,descriptor_mean,10.0,0.29820221493231125,4,53
1,3,0,descriptor_mean,100.0,0.31931050742272366,4,53
1,3,0,null_mean,0.1,0.3956255351460659,4,53
1,3,0,null_mean,1.0,0.3635877832584198,4,53
1,3,0,null_mean,10.0,0.32050041670067786,4,53
1,3,0,null_mean,100.0,0.3538841426463999,4,53
1,3,0,null_local_svd,0.1,0.35613989113863426,4,53
1,3,0,null_local_svd,1.0,0.3245567395282903,4,53
1,3,0,null_local_svd,10.0,0.3041535989427423,4,53
1,3,0,null_local_svd,100.0,0.35035088482115784,4,53
1,3,1,structural_median,0.1,6.283925584550707,4,53
1,3,1,structural_median,1.0,5.786691925091381,4,53
1,3,1,structural_median,10.0,4.027015199728406,4,53
1,3,1,structural_median,100.0,2.140974778763302,4,53
1,3,1,descriptor_local_svd,0.1,2.7432742260825043,4,53
1,3,1,descriptor_local_svd,1.0,2.5039208938702013,4,53
1,3,1,descriptor_local_svd,10.0,2.0569647672902316,4,53
1,3,1,descriptor_local_svd,100.0,1.48656791123526,4,53
1,3,1,degree_preserving_null,0.1,1.297970155789508,4,53
1,3,1,degree_preserving_null,1.0,1.255767111725098,4,53
1,3,1,degree_preserving_null,10.0,1.1049648860749404,4,53
1,3,1,degree_preserving_null,100.0,1.0622596105113964,4,53
1,3,1,family_median,0.1,1.2887726868944787,4,53
1,3,1,family_median,1.0,1.2884528332883556,4,53
1,3,1,family_median,10.0,1.2874330007535197,4,53
1,3,1,family_median,100.0,1.3293565862321393,4,53
1,3,1,all_visible_ridge,0.1,16.44530037684884,4,53
1,3,1,all_visible_ridge,1.0,7.444109348463069,4,53
1,3,1,all_visible_ridge,10.0,2.9665941947592342,4,53
1,3,1,all_visible_ridge,100.0,1.5989741610333197,4,53
1,3,1,pca_matched_dimension,0.1,2.685571371260788,4,53
1,3,1,pca_matched_dimension,1.0,2.670098471144481,4,53
1,3,1,pca_matched_dimension,10.0,2.526161138153229,4,53
1,3,1,pca_matched_dimension,100.0,1.7480971995792012,4,53
1,3,1,descriptor_mean,0.1,3.104015990734916,4,53
1,3,1,descriptor_mean,1.0,2.8821460602976896,4,53
1,3,1,descriptor_mean,10.0,2.3869930041049625,4,53
1,3,1,descriptor_mean,100.0,1.6727361000020817,4,53
1,3,1,null_mean,0.1,3.7045889697695475,4,53
1,3,1,null_mean,1.0,3.1963856998389644,4,53
1,3,1,null_mean,10.0,2.228099677708096,4,53
1,3,1,null_mean,100.0,1.6884786393324607,4,53
1,3,1,null_local_svd,0.1,3.2682106184146162,4,53
1,3,1,null_local_svd,1.0,2.8439981883665926,4,53
1,3,1,null_local_svd,10.0,2.120131635733374,4,53
1,3,1,null_local_svd,100.0,1.399328172352101,4,53
1,3,2,structural_median,0.1,1.1758642849031875,4,53
1,3,2,structural_median,1.0,1.1256500049295963,4,53
1,3,2,structural_median,10.0,1.000562587842697,4,53
1,3,2,structural_median,100.0,1.0099178327411087,4,53
1,3,2,descriptor_local_svd,0.1,0.7462584058322351,4,53
1,3,2,descriptor_local_svd,1.0,0.7530881669430289,4,53
1,3,2,descriptor_local_svd,10.0,0.7795682993047481,4,53
1,3,2,descriptor_local_svd,100.0,0.894640147158448,4,53
1,3,2,degree_preserving_null,0.1,1.2925960431644823,4,53
1,3,2,degree_preserving_null,1.0,1.254872451934418,4,53
1,3,2,degree_preserving_null,10.0,1.140437301564222,4,53
1,3,2,degree_preserving_null,100.0,1.1508143313709203,4,53
1,3,2,family_median,0.1,1.646505135881741,4,53
1,3,2,family_median,1.0,1.6470022296461395,4,53
1,3,2,family_median,10.0,1.6526561270765314,4,53
1,3,2,family_median,100.0,1.7103850474758664,4,53
1,3,2,all_visible_ridge,0.1,1.9743190939243795,4,53
1,3,2,all_visible_ridge,1.0,1.0647466341007674,4,53
1,3,2,all_visible_ridge,10.0,0.6565172348484297,4,53
1,3,2,all_visible_ridge,100.0,0.627169080218976,4,53
1,3,2,pca_matched_dimension,0.1,0.6583885309796131,4,53
1,3,2,pca_matched_dimension,1.0,0.6581069986176423,4,53
1,3,2,pca_matched_dimension,10.0,0.6575687081230124,4,53
1,3,2,pca_matched_dimension,100.0,0.7661986085806491,4,53
1,3,2,descriptor_mean,0.1,0.7699541733368257,4,53
1,3,2,descriptor_mean,1.0,0.7729425667419333,4,53
1,3,2,descriptor_mean,10.0,0.7833858521745554,4,53
1,3,2,descriptor_mean,100.0,0.8899450024126909,4,53
1,3,2,null_mean,0.1,0.8554294211900215,4,53
1,3,2,null_mean,1.0,0.7792487385429645,4,53
1,3,2,null_mean,10.0,0.7397044676821061,4,53
1,3,2,null_mean,100.0,0.9230117316373962,4,53
1,3,2,null_local_svd,0.1,0.8148703873333027,4,53
1,3,2,null_local_svd,1.0,0.7438703900131209,4,53
1,3,2,null_local_svd,10.0,0.7039256712829839,4,53
1,3,2,null_local_svd,100.0,0.8719219043025471,4,53
1,4,0,structural_median,0.1,4.540037009385883,4,53
1,4,0,structural_median,1.0,4.171055244554075,4,53
1,4,0,structural_median,10.0,3.1248032102978165,4,53
1,4,0,structural_median,100.0,1.9066932867062028,4,53
1,4,0,descriptor_local_svd,0.1,2.688819855761237,4,53
1,4,0,descriptor_local_svd,1.0,2.259087830329844,4,53
1,4,0,descriptor_local_svd,10.0,1.7760312846979547,4,53
1,4,0,descriptor_local_svd,100.0,1.4302072285855278,4,53
1,4,0,degree_preserving_null,0.1,1.323022970365813,4,53
1,4,0,degree_preserving_null,1.0,1.2822583675451686,4,53
1,4,0,degree_preserving_null,10.0,1.1362012777774737,4,53
1,4,0,degree_preserving_null,100.0,1.0874425967388612,4,53
1,4,0,family_median,0.1,1.4047737641099276,4,53
1,4,0,family_median,1.0,1.4046703826262785,4,53
1,4,0,family_median,10.0,1.4066514149009344,4,53
1,4,0,family_median,100.0,1.4683123635062312,4,53
1,4,0,all_visible_ridge,0.1,9.855512642707518,4,53
1,4,0,all_visible_ridge,1.0,5.075460583711259,4,53
1,4,0,all_visible_ridge,10.0,2.4188987314418324,4,53
1,4,0,all_visible_ridge,100.0,1.3181744182652466,4,53
1,4,0,pca_matched_dimension,0.1,2.536436821169087,4,53
1,4,0,pca_matched_dimension,1.0,2.5201658973591594,4,53
1,4,0,pca_matched_dimension,10.0,2.369296518000897,4,53
1,4,0,pca_matched_dimension,100.0,1.5801145064077817,4,53
1,4,0,descriptor_mean,0.1,2.8758830161523545,4,53
1,4,0,descriptor_mean,1.0,2.632824018623955,4,53
1,4,0,descriptor_mean,10.0,2.1235419093665824,4,53
1,4,0,descriptor_mean,100.0,1.5882556621116906,4,53
1,4,0,null_mean,0.1,3.520029896521049,4,53
1,4,0,null_mean,1.0,3.0358568965953823,4,53
1,4,0,null_mean,10.0,2.255869581636703,4,53
1,4,0,null_mean,100.0,1.5440289133093772,4,53
1,4,0,null_local_svd,0.1,2.8706569749910122,4,53
1,4,0,null_local_svd,1.0,2.4942638106883517,4,53
1,4,0,null_local_svd,10.0,1.9980975048500285,4,53
1,4,0,null_local_svd,100.0,1.5941665880177482,4,53
1,4,1,structural_median,0.1,0.5328506598146451,4,53
1,4,1,structural_median,1.0,0.510720922301776,4,53
1,4,1,structural_median,10.0,0.4547260943184726,4,53
1,4,1,structural_median,100.0,0.45072441286767256,4,53
1,4,1,descriptor_local_svd,0.1,0.3942988619103306,4,53
1,4,1,descriptor_local_svd,1.0,0.38376854117155196,4,53
1,4,1,descriptor_local_svd,10.0,0.3808849977049955,4,53
1,4,1,descriptor_local_svd,100.0,0.4203909090173956,4,53
1,4,1,degree_preserving_null,0.1,0.6420577681662454,4,53
1,4,1,degree_preserving_null,1.0,0.617756750425505,4,53
1,4,1,degree_preserving_null,10.0,0.5419720831777891,4,53
1,4,1,degree_preserving_null,100.0,0.5163755014104117,4,53
1,4,1,family_median,0.1,0.6759831459562154,4,53
1,4,1,family_median,1.0,0.6759939188839217,4,53
1,4,1,family_median,10.0,0.6771564933128162,4,53
1,4,1,family_median,100.0,0.7078159051492281,4,53
1,4,1,all_visible_ridge,0.1,0.9186288274953486,4,53
1,4,1,all_visible_ridge,1.0,0.5519888893102353,4,53
1,4,1,all_visible_ridge,10.0,0.35839142165596594,4,53
1,4,1,all_visible_ridge,100.0,0.3285968701574784,4,53
1,4,1,pca_matched_dimension,0.1,0.3487355942010075,4,53
1,4,1,pca_matched_dimension,1.0,0.3483634668647965,4,53
1,4,1,pca_matched_dimension,10.0,0.3459197865905011,4,53
1,4,1,pca_matched_dimension,100.0,0.3872853396696487,4,53
1,4,1,descriptor_mean,0.1,0.4043584907506565,4,53
1,4,1,descriptor_mean,1.0,0.39439376883226857,4,53
1,4,1,descriptor_mean,10.0,0.3838923832687716,4,53
1,4,1,descriptor_mean,100.0,0.41947625073379335,4,53
1,4,1,null_mean,0.1,0.4458886649919247,4,53
1,4,1,null_mean,1.0,0.42330078887542094,4,53
1,4,1,null_mean,10.0,0.39716522595381243,4,53
1,4,1,null_mean,100.0,0.4467695571899658,4,53
1,4,1,null_local_svd,0.1,0.4418818032586784,4,53
1,4,1,null_local_svd,1.0,0.41267218949888934,4,53
1,4,1,null_local_svd,10.0,0.3864458711537794,4,53
1,4,1,null_local_svd,100.0,0.43947009619420646,4,53
1,4,2,structural_median,0.1,0.4468625160951615,4,53
1,4,2,structural_median,1.0,0.4268238735169366,4,53
1,4,2,structural_median,10.0,0.37357900250533244,4,53
1,4,2,structural_median,100.0,0.35515433279312103,4,53
1,4,2,descriptor_local_svd,0.1,0.3463838339327858,4,53
1,4,2,descriptor_local_svd,1.0,0.3171255571555639,4,53
1,4,2,descriptor_local_svd,10.0,0.29247993567468555,4,53
1,4,2,descriptor_local_svd,100.0,0.310125704263644,4,53
1,4,2,degree_preserving_null,0.1,0.5691416647473857,4,53
1,4,2,degree_preserving_null,1.0,0.5471600413690696,4,53
1,4,2,degree_preserving_null,10.0,0.4657958383828742,4,53
1,4,2,degree_preserving_null,100.0,0.4160328448492597,4,53
1,4,2,family_median,0.1,0.5669860852641275,4,53
1,4,2,family_median,1.0,0.5665044086655254,4,53
1,4,2,family_median,10.0,0.5632457111306505,4,53
1,4,2,family_median,100.0,0.573038197847872,4,53
1,4,2,all_visible_ridge,0.1,1.0778964032448826,4,53
1,4,2,all_visible_ridge,1.0,0.5487806669029989,4,53
1,4,2,all_visible_ridge,10.0,0.3174764421597521,4,53
1,4,2,all_visible_ridge,100.0,0.2594746331294818,4,53
1,4,2,pca_matched_dimension,0.1,0.3085496976365798,4,53
1,4,2,pca_matched_dimension,1.0,0.30784211379251963,4,53
1,4,2,pca_matched_dimension,10.0,0.30217961759834694,4,53
1,4,2,pca_matched_dimension,100.0,0.32088046302388396,4,53
1,4,2,descriptor_mean,0.1,0.3729729841671622,4,53
1,4,2,descriptor_mean,1.0,0.3362371163182003,4,53
1,4,2,descriptor_mean,10.0,0.302343108240999,4,53
1,4,2,descriptor_mean,100.0,0.3189925646077813,4,53
1,4,2,null_mean,0.1,0.4042474733331005,4,53
1,4,2,null_mean,1.0,0.3696632251326408,4,53
1,4,2,null_mean,10.0,0.32134826284854023,4,53
1,4,2,null_mean,100.0,0.3469839742632513,4,53
1,4,2,null_local_svd,0.1,0.3752869479654479,4,53
1,4,2,null_local_svd,1.0,0.3378154762195041,4,53
1,4,2,null_local_svd,10.0,0.30065030038378115,4,53
1,4,2,null_local_svd,100.0,0.3388556042431533,4,53
2,0,0,structural_median,0.1,0.4171340121465363,4,52
2,0,0,structural_median,1.0,0.3923060822894912,4,52
2,0,0,structural_median,10.0,0.33220782422985445,4,52
2,0,0,structural_median,100.0,0.3113072819343069,4,52
2,0,0,descriptor_local_svd,0.1,0.2957112950258537,4,52
2,0,0,descriptor_local_svd,1.0,0.28407248408749664,4,52
2,0,0,descriptor_local_svd,10.0,0.27319951130585407,4,52
2,0,0,descriptor_local_svd,100.0,0.28917943357193515,4,52
2,0,0,degree_preserving_null,0.1,0.48703483251622587,4,52
2,0,0,degree_preserving_null,1.0,0.4689382638898807,4,52
2,0,0,degree_preserving_null,10.0,0.39768936219385215,4,52
2,0,0,degree_preserving_null,100.0,0.3598473082868914,4,52
2,0,0,family_median,0.1,0.4954365133316722,4,52
2,0,0,family_median,1.0,0.49432074432337325,4,52
2,0,0,family_median,10.0,0.4866523518114698,4,52
2,0,0,family_median,100.0,0.4915798002598507,4,52
2,0,0,all_visible_ridge,0.1,0.7083861972368899,4,52
2,0,0,all_visible_ridge,1.0,0.41795612020676315,4,52
2,0,0,all_visible_ridge,10.0,0.2601376053763948,4,52
2,0,0,all_visible_ridge,100.0,0.23051475256549314,4,52
2,0,0,pca_matched_dimension,0.1,0.26227394357487,4,52
2,0,0,pca_matched_dimension,1.0,0.2618352182908451,4,52
2,0,0,pca_matched_dimension,10.0,0.25852022090049687,4,52
2,0,0,pca_matched_dimension,100.0,0.2816781695467178,4,52
2,0,0,descriptor_mean,0.1,0.31466390568026764,4,52
2,0,0,descriptor_mean,1.0,0.30375489512744464,4,52
2,0,0,descriptor_mean,10.0,0.28643077346634443,4,52
2,0,0,descriptor_mean,100.0,0.29935503226911964,4,52
2,0,0,null_mean,0.1,0.35610693609774796,4,52
2,0,0,null_mean,1.0,0.33012994536132945,4,52
2,0,0,null_mean,10.0,0.29441831665213236,4,52
2,0,0,null_mean,100.0,0.3094888842164897,4,52
2,0,0,null_local_svd,0.1,0.3308406126520058,4,52
2,0,0,null_local_svd,1.0,0.30150309354036303,4,52
2,0,0,null_local_svd,10.0,0.2769645235393445,4,52
2,0,0,null_local_svd,100.0,0.304262447603328,4,52
2,0,1,structural_median,0.1,9.686134212302903,4,52
2,0,1,structural_median,1.0,9.644017647928727,4,52
2,0,1,structural_median,10.0,10.043297962548436,4,52
2,0,1,structural_median,100.0,14.162210234787475,4,52
2,0,1,descriptor_local_svd,0.1,5.288042174138938,4,52
2,0,1,descriptor_local_svd,1.0,5.384853610787261,4,52
2,0,1,descriptor_local_svd,10.0,6.117031595765737,4,52
2,0,1,descriptor_local_svd,100.0,11.100625051690518,4,52
2,0,1,degree_preserving_null,0.1,23.05986155078066,4,52
2,0,1,degree_preserving_null,1.0,23.073776761869123,4,52
2,0,1,degree_preserving_null,10.0,23.179211800843735,4,52
2,0,1,degree_preserving_null,100.0,23.49718620974607,4,52
2,0,1,family_median,0.1,24.065337808697212,4,52
2,0,1,family_median,1.0,24.066785865087105,4,52
2,0,1,family_median,10.0,24.08221278103751,4,52
2,0,1,family_median,100.0,24.22190612938668,4,52
2,0,1,all_visible_ridge,0.1,8.467200632874697,4,52
2,0,1,all_visible_ridge,1.0,5.013518353577856,4,52
2,0,1,all_visible_ridge,10.0,4.171331446251293,4,52
2,0,1,all_visible_ridge,100.0,5.8830389883827845,4,52
2,0,1,pca_matched_dimension,0.1,4.3839009247042675,4,52
2,0,1,pca_matched_dimension,1.0,4.400713228816566,4,52
2,0,1,pca_matched_dimension,10.0,4.5849408570675205,4,52
2,0,1,pca_matched_dimension,100.0,7.072714054093431,4,52
2,0,1,descriptor_mean,0.1,5.33470374075243,4,52
2,0,1,descriptor_mean,1.0,5.394432987731884,4,52
2,0,1,descriptor_mean,10.0,6.1196840876977605,4,52
2,0,1,descriptor_mean,100.0,10.792855496002607,4,52
2,0,1,null_mean,0.1,6.986818678253955,4,52
2,0,1,null_mean,1.0,7.33249072692482,4,52
2,0,1,null_mean,10.0,10.067307247924255,4,52
2,0,1,null_mean,100.0,16.876470536040053,4,52
2,0,1,null_local_svd,0.1,9.285340641927707,4,52
2,0,1,null_local_svd,1.0,9.936175548941838,4,52
2,0,1,null_local_svd,10.0,13.727764784633154,4,52
2,0,1,null_local_svd,100.0,20.324505631358637,4,52
2,0,2,structural_median,0.1,0.9300748827290253,4,52
2,0,2,structural_median,1.0,0.8982396881138939,4,52
2,0,2,structural_median,10.0,0.8473403106862176,4,52
2,0,2,structural_median,100.0,0.9456107239969529,4,52
2,0,2,descriptor_local_svd,0.1,0.4996522184564465,4,52
2,0,2,descriptor_local_svd,1.0,0.47882832843317413,4,52
2,0,2,descriptor_local_svd,10.0,0.450871507403695,4,52
2,0,2,descriptor_local_svd,100.0,0.5869943891467637,4,52
2,0,2,degree_preserving_null,0.1,1.3572731466639782,4,52
2,0,2,degree_preserving_null,1.0,1.3218039972090825,4,52
2,0,2,degree_preserving_null,10.0,1.203430476856937,4,52
2,0,2,degree_preserving_null,100.0,1.2177388688247264,4,52
2,0,2,family_median,0.1,1.9363082644406013,4,52
2,0,2,family_median,1.0,1.936725489562126,4,52
2,0,2,family_median,10.0,1.9414309300982768,4,52
2,0,2,family_median,100.0,1.9939009631301086,4,52
2,0,2,all_visible_ridge,0.1,1.3848103780422394,4,52
2,0,2,all_visible_ridge,1.0,0.7186526082199345,4,52
2,0,2,all_visible_ridge,10.0,0.44016430485069324,4,52
2,0,2,all_visible_ridge,100.0,0.4238531052887994,4,52
2,0,2,pca_matched_dimension,0.1,0.4543795159754075,4,52
2,0,2,pca_matched_dimension,1.0,0.45455261560147314,4,52
2,0,2,pca_matched_dimension,10.0,0.4589240566130616,4,52
2,0,2,pca_matched_dimension,100.0,0.6305735761850342,4,52
2,0,2,descriptor_mean,0.1,0.5256857712084109,4,52
2,0,2,descriptor_mean,1.0,0.49770366091638235,4,52
2,0,2,descriptor_mean,10.0,0.48386870076195226,4,52
2,0,2,descriptor_mean,100.0,0.6556599527172413,4,52
2,0,2,null_mean,0.1,0.6318283711342698,4,52
2,0,2,null_mean,1.0,0.5860861909782253,4,52
2,0,2,null_mean,10.0,0.5417176217931792,4,52
2,0,2,null_mean,100.0,0.7068872157479933,4,52
2,0,2,null_local_svd,0.1,0.6714276661502141,4,52
2,0,2,null_local_svd,1.0,0.6220401299659515,4,52
2,0,2,null_local_svd,10.0,0.605649713693302,4,52
2,0,2,null_local_svd,100.0,0.778457439983405,4,52
2,1,0,structural_median,0.1,0.36697343168875546,4,52
2,1,0,structural_median,1.0,0.3506414627192719,4,52
2,1,0,structural_median,10.0,0.30916780773291525,4,52
2,1,0,structural_median,100.0,0.3052676255258949,4,52
2,1,0,descriptor_local_svd,0.1,0.2629581784666708,4,52
2,1,0,descriptor_local_svd,1.0,0.25017231624582226,4,52
2,1,0,descriptor_local_svd,10.0,0.2411622828472348,4,52
2,1,0,descriptor_local_svd,100.0,0.274541048754887,4,52
2,1,0,degree_preserving_null,0.1,0.48162946971485776,4,52
2,1,0,degree_preserving_null,1.0,0.46156928638541794,4,52
2,1,0,degree_preserving_null,10.0,0.3917470435342631,4,52
2,1,0,degree_preserving_null,100.0,0.3628720320822187,4,52
2,1,0,family_median,0.1,0.5103846641344754,4,52
2,1,0,family_median,1.0,0.5099595443298679,4,52
2,1,0,family_median,10.0,0.5069034152890995,4,52
2,1,0,family_median,100.0,0.5142528524283444,4,52
2,1,0,all_visible_ridge,0.1,0.6087380728556595,4,52
2,1,0,all_visible_ridge,1.0,0.35275610327740037,4,52
2,1,0,all_visible_ridge,10.0,0.22536885149005262,4,52
2,1,0,all_visible_ridge,100.0,0.20599129756275675,4,52
2,1,0,pca_matched_dimension,0.1,0.228315871979468,4,52
2,1,0,pca_matched_dimension,1.0,0.22802461183401534,4,52
2,1,0,pca_matched_dimension,10.0,0.22611262805349386,4,52
2,1,0,pca_matched_dimension,100.0,0.25852790162890843,4,52
2,1,0,descriptor_mean,0.1,0.2777551404298031,4,52
2,1,0,descriptor_mean,1.0,0.26691992490552324,4,52
2,1,0,descriptor_mean,10.0,0.2538523729006328,4,52
2,1,0,descriptor_mean,100.0,0.286350451609735,4,52
2,1,0,null_mean,0.1,0.32208617059572947,4,52
2,1,0,null_mean,1.0,0.29841417391672437,4,52
2,1,0,null_mean,10.0,0.26938413897332797,4,52
2,1,0,null_mean,100.0,0.3009876218525737,4,52
2,1,0,null_local_svd,0.1,0.3001189090441949,4,52
2,1,0,null_local_svd,1.0,0.2746245172692145,4,52
2,1,0,null_local_svd,10.0,0.2551979638430814,4,52
2,1,0,null_local_svd,100.0,0.2916979061645158,4,52
2,1,1,structural_median,0.1,8.054830715567402,4,52
2,1,1,structural_median,1.0,7.809379587429737,4,52
2,1,1,structural_median,10.0,7.486903794830636,4,52
2,1,1,structural_median,100.0,10.073106342160946,4,52
2,1,1,descriptor_local_svd,0.1,3.900607068310734,4,52
2,1,1,descriptor_local_svd,1.0,3.695748129802522,4,52
2,1,1,descriptor_local_svd,10.0,4.080049787180543,4,52
2,1,1,descriptor_local_svd,100.0,7.68511895598191,4,52
2,1,1,degree_preserving_null,0.1,17.876618458632326,4,52
2,1,1,degree_preserving_null,1.0,17.843777018102816,4,52
2,1,1,degree_preserving_null,10.0,17.765358091662765,4,52
2,1,1,degree_preserving_null,100.0,17.946895948848685,4,52
2,1,1,family_median,0.1,18.842044209375796,4,52
2,1,1,family_median,1.0,18.843992287732004,4,52
2,1,1,family_median,10.0,18.864780757157554,4,52
2,1,1,family_median,100.0,19.033360871062662,4,52
2,1,1,all_visible_ridge,0.1,13.184126811252098,4,52
2,1,1,all_visible_ridge,1.0,7.157476405098278,4,52
2,1,1,all_visible_ridge,10.0,3.9912196608315345,4,52
2,1,1,all_visible_ridge,100.0,4.00330372891343,4,52
2,1,1,pca_matched_dimension,0.1,3.1765716623155202,4,52
2,1,1,pca_matched_dimension,1.0,3.1847480144306957,4,52
2,1,1,pca_matched_dimension,10.0,3.2837290456581165,4,52
2,1,1,pca_matched_dimension,100.0,5.0474683919480245,4,52
2,1,1,descriptor_mean,0.1,4.762983259872442,4,52
2,1,1,descriptor_mean,1.0,4.315377779513022,4,52
2,1,1,descriptor_mean,10.0,4.3568014380695566,4,52
2,1,1,descriptor_mean,100.0,7.496871669491376,4,52
2,1,1,null_mean,0.1,7.40259514677239,4,52
2,1,1,null_mean,1.0,7.429176784840299,4,52
2,1,1,null_mean,10.0,8.32452554697443,4,52
2,1,1,null_mean,100.0,12.048624486029437,4,52
2,1,1,null_local_svd,0.1,11.04854740823434,4,52
2,1,1,null_local_svd,1.0,11.568703737895255,4,52
2,1,1,null_local_svd,10.0,13.163078042688282,4,52
2,1,1,null_local_svd,100.0,16.015163747918194,4,52
2,1,2,structural_median,0.1,0.49635781563457226,4,52
2,1,2,structural_median,1.0,0.4714943439890503,4,52
2,1,2,structural_median,10.0,0.4081074288228479,4,52
2,1,2,structural_median,100.0,0.39682283801252893,4,52
2,1,2,descriptor_local_svd,0.1,0.3273741579260446,4,52
2,1,2,descriptor_local_svd,1.0,0.3160817836644177,4,52
2,1,2,descriptor_local_svd,10.0,0.3106260081309007,4,52
2,1,2,descriptor_local_svd,100.0,0.34846681703472593,4,52
2,1,2,degree_preserving_null,0.1,0.5925927262681433,4,52
2,1,2,degree_preserving_null,1.0,0.5731338463648074,4,52
2,1,2,degree_preserving_null,10.0,0.4942617257238344,4,52
2,1,2,degree_preserving_null,100.0,0.4568891025821805,4,52
2,1,2,family_median,0.1,0.6346066682805492,4,52
2,1,2,family_median,1.0,0.6334858908691745,4,52
2,1,2,family_median,10.0,0.6261432906045837,4,52
2,1,2,family_median,100.0,0.636470593674739,4,52
2,1,2,all_visible_ridge,0.1,0.8822061414945401,4,52
2,1,2,all_visible_ridge,1.0,0.4784964580333413,4,52
2,1,2,all_visible_ridge,10.0,0.29767990983784814,4,52
2,1,2,all_visible_ridge,100.0,0.2671322503765183,4,52
2,1,2,pca_matched_dimension,0.1,0.2999512745617898,4,52
2,1,2,pca_matched_dimension,1.0,0.29946786573219186,4,52
2,1,2,pca_matched_dimension,10.0,0.29593478426029873,4,52
2,1,2,pca_matched_dimension,100.0,0.3285059654855848,4,52
2,1,2,descriptor_mean,0.1,0.34045861049356835,4,52
2,1,2,descriptor_mean,1.0,0.32999997939769354,4,52
2,1,2,descriptor_mean,10.0,0.32516922651047286,4,52
2,1,2,descriptor_mean,100.0,0.3616738489118998,4,52
2,1,2,null_mean,0.1,0.4095355394064173,4,52
2,1,2,null_mean,1.0,0.3798592630916122,4,52
2,1,2,null_mean,10.0,0.3468446403164902,4,52
2,1,2,null_mean,100.0,0.3802442393416079,4,52
2,1,2,null_local_svd,0.1,0.40140825241627076,4,52
2,1,2,null_local_svd,1.0,0.3609770465501279,4,52
2,1,2,null_local_svd,10.0,0.32882380076361706,4,52
2,1,2,null_local_svd,100.0,0.37625909846273103,4,52
2,2,0,structural_median,0.1,0.49889491968428973,4,52
2,2,0,structural_median,1.0,0.47079494672482136,4,52
2,2,0,structural_median,10.0,0.41086157973489357,4,52
2,2,0,structural_median,100.0,0.3990558139244408,4,52
2,2,0,descriptor_local_svd,0.1,0.3999593304793665,4,52
2,2,0,descriptor_local_svd,1.0,0.37471007181916705,4,52
2,2,0,descriptor_local_svd,10.0,0.3526353621917281,4,52
2,2,0,descriptor_local_svd,100.0,0.36613094835465204,4,52
2,2,0,degree_preserving_null,0.1,0.6310180054652551,4,52
2,2,0,degree_preserving_null,1.0,0.6049400105786509,4,52
2,2,0,degree_preserving_null,10.0,0.5107394999886781,4,52
2,2,0,degree_preserving_null,100.0,0.45795724889180356,4,52
2,2,0,family_median,0.1,0.5934262466111708,4,52
2,2,0,family_median,1.0,0.5926385742480393,4,52
2,2,0,family_median,10.0,0.5867033570056414,4,52
2,2,0,family_median,100.0,0.5852466961971732,4,52
2,2,0,all_visible_ridge,0.1,1.1018388922055047,4,52
2,2,0,all_visible_ridge,1.0,0.59990240726241,4,52
2,2,0,all_visible_ridge,10.0,0.3433878051682858,4,52
2,2,0,all_visible_ridge,100.0,0.2956026742608379,4,52
2,2,0,pca_matched_dimension,0.1,0.342163338161781,4,52
2,2,0,pca_matched_dimension,1.0,0.34123704185616244,4,52
2,2,0,pca_matched_dimension,10.0,0.3334132766974465,4,52
2,2,0,pca_matched_dimension,100.0,0.33363987836713493,4,52
2,2,0,descriptor_mean,0.1,0.40142527969286734,4,52
2,2,0,descriptor_mean,1.0,0.386188248568393,4,52
2,2,0,descriptor_mean,10.0,0.3717853646851865,4,52
2,2,0,descriptor_mean,100.0,0.3830010736238145,4,52
2,2,0,null_mean,0.1,0.47721890515622745,4,52
2,2,0,null_mean,1.0,0.43729542623626383,4,52
2,2,0,null_mean,10.0,0.3823113272657948,4,52
2,2,0,null_mean,100.0,0.3982485165851581,4,52
2,2,0,null_local_svd,0.1,0.46743810063812313,4,52
2,2,0,null_local_svd,1.0,0.41901791552558154,4,52
2,2,0,null_local_svd,10.0,0.3724420422877303,4,52
2,2,0,null_local_svd,100.0,0.40049523095601314,4,52
2,2,1,structural_median,0.1,1.3607209448649507,4,52
2,2,1,structural_median,1.0,1.3209397631874429,4,52
2,2,1,structural_median,10.0,1.2403599580401377,4,52
2,2,1,structural_median,100.0,1.3484482667157087,4,52
2,2,1,descriptor_local_svd,0.1,0.7310846862678824,4,52
2,2,1,descriptor_local_svd,1.0,0.7328389386918454,4,52
2,2,1,descriptor_local_svd,10.0,0.7610292088219542,4,52
2,2,1,descriptor_local_svd,100.0,0.9964695643653382,4,52
2,2,1,degree_preserving_null,0.1,1.861784051363045,4,52
2,2,1,degree_preserving_null,1.0,1.821659601867971,4,52
2,2,1,degree_preserving_null,10.0,1.6948689736895688,4,52
2,2,1,degree_preserving_null,100.0,1.7226578607427283,4,52
2,2,1,family_median,0.1,2.2912146487182237,4,52
2,2,1,family_median,1.0,2.2920600941857017,4,52
2,2,1,family_median,10.0,2.3022551033231164,4,52
2,2,1,family_median,100.0,2.4004598642751476,4,52
2,2,1,all_visible_ridge,0.1,1.7903848382924181,4,52
2,2,1,all_visible_ridge,1.0,0.9583004478342542,4,52
2,2,1,all_visible_ridge,10.0,0.6172280461434061,4,52
2,2,1,all_visible_ridge,100.0,0.6433473355571058,4,52
2,2,1,pca_matched_dimension,0.1,0.6232002894198053,4,52
2,2,1,pca_matched_dimension,1.0,0.6243465562793261,4,52
2,2,1,pca_matched_dimension,10.0,0.6382612627860033,4,52
2,2,1,pca_matched_dimension,100.0,0.8877831740106943,4,52
2,2,1,descriptor_mean,0.1,0.6505623609424535,4,52
2,2,1,descriptor_mean,1.0,0.6728337233327177,4,52
2,2,1,descriptor_mean,10.0,0.7625496695770713,4,52
2,2,1,descriptor_mean,100.0,1.0406318013774298,4,52
2,2,1,null_mean,0.1,0.8701121172974365,4,52
2,2,1,null_mean,1.0,0.8184342068669836,4,52
2,2,1,null_mean,10.0,0.7920361448411852,4,52
2,2,1,null_mean,100.0,1.0527746819708284,4,52
2,2,1,null_local_svd,0.1,0.9089454419593541,4,52
2,2,1,null_local_svd,1.0,0.8716914278771343,4,52
2,2,1,null_local_svd,10.0,0.9103939467138157,4,52
2,2,1,null_local_svd,100.0,1.1408931080271285,4,52
2,2,2,structural_median,0.1,0.4366229366182184,4,52
2,2,2,structural_median,1.0,0.4120723288991101,4,52
2,2,2,structural_median,10.0,0.3542135139748736,4,52
2,2,2,structural_median,100.0,0.34231012083752926,4,52
2,2,2,descriptor_local_svd,0.1,0.32361160038142567,4,52
2,2,2,descriptor_local_svd,1.0,0.3108605636728528,4,52
2,2,2,descriptor_local_svd,10.0,0.297457837467371,4,52
2,2,2,descriptor_local_svd,100.0,0.3207087240333206,4,52
2,2,2,degree_preserving_null,0.1,0.5924025394401358,4,52
2,2,2,degree_preserving_null,1.0,0.5659969695506843,4,52
2,2,2,degree_preserving_null,10.0,0.46780186525047684,4,52
2,2,2,degree_preserving_null,100.0,0.41096382877221044,4,52
2,2,2,family_median,0.1,0.5653624967994076,4,52
2,2,2,family_median,1.0,0.5644575304920638,4,52
2,2,2,family_median,10.0,0.5585416363904948,4,52
2,2,2,family_median,100.0,0.5701267729634396,4,52
2,2,2,all_visible_ridge,0.1,0.7829645586369128,4,52
2,2,2,all_visible_ridge,1.0,0.46099144954777677,4,52
2,2,2,all_visible_ridge,10.0,0.2926290444325721,4,52
2,2,2,all_visible_ridge,100.0,0.2553440157439778,4,52
2,2,2,pca_matched_dimension,0.1,0.29222864457581954,4,52
2,2,2,pca_matched_dimension,1.0,0.29157150579223023,4,52
2,2,2,pca_matched_dimension,10.0,0.28634129112796725,4,52
2,2,2,pca_matched_dimension,100.0,0.3053961505536483,4,52
2,2,2,descriptor_mean,0.1,0.3341427543644288,4,52
2,2,2,descriptor_mean,1.0,0.3219432692845031,4,52
2,2,2,descriptor_mean,10.0,0.310171810715873,4,52
2,2,2,descriptor_mean,100.0,0.327676406414141,4,52
2,2,2,null_mean,0.1,0.3964205681057559,4,52
2,2,2,null_mean,1.0,0.365725445680269,4,52
2,2,2,null_mean,10.0,0.3327622332354928,4,52
2,2,2,null_mean,100.0,0.3525293864228444,4,52
2,2,2,null_local_svd,0.1,0.3990001061670562,4,52
2,2,2,null_local_svd,1.0,0.3666741140622104,4,52
2,2,2,null_local_svd,10.0,0.3314605718481337,4,52
2,2,2,null_local_svd,100.0,0.35137013733645583,4,52
2,3,0,structural_median,0.1,0.40231112591180096,4,52
2,3,0,structural_median,1.0,0.38267587888205173,4,52
2,3,0,structural_median,10.0,0.3297603299867413,4,52
2,3,0,structural_median,100.0,0.31542898501813443,4,52
2,3,0,descriptor_local_svd,0.1,0.28839058087132097,4,52
2,3,0,descriptor_local_svd,1.0,0.27784615102834154,4,52
2,3,0,descriptor_local_svd,10.0,0.26454409309599825,4,52
2,3,0,descriptor_local_svd,100.0,0.28761581896181027,4,52
2,3,0,degree_preserving_null,0.1,0.4883736853549323,4,52
2,3,0,degree_preserving_null,1.0,0.47077643595073415,4,52
2,3,0,degree_preserving_null,10.0,0.4023849890682602,4,52
2,3,0,degree_preserving_null,100.0,0.36736296939160296,4,52
2,3,0,family_median,0.1,0.49825798095799034,4,52
2,3,0,family_median,1.0,0.49720772045223405,4,52
2,3,0,family_median,10.0,0.48919798365533806,4,52
2,3,0,family_median,100.0,0.483867582925847,4,52
2,3,0,all_visible_ridge,0.1,0.6700964921446854,4,52
2,3,0,all_visible_ridge,1.0,0.3966215478376199,4,52
2,3,0,all_visible_ridge,10.0,0.24811531854219326,4,52
2,3,0,all_visible_ridge,100.0,0.21995086748822318,4,52
2,3,0,pca_matched_dimension,0.1,0.2430946435408225,4,52
2,3,0,pca_matched_dimension,1.0,0.24266270048630903,4,52
2,3,0,pca_matched_dimension,10.0,0.23942958504898568,4,52
2,3,0,pca_matched_dimension,100.0,0.2640374338737857,4,52
2,3,0,descriptor_mean,0.1,0.2880738007826832,4,52
2,3,0,descriptor_mean,1.0,0.2766084674839604,4,52
2,3,0,descriptor_mean,10.0,0.26633036467979865,4,52
2,3,0,descriptor_mean,100.0,0.2913294060777105,4,52
2,3,0,null_mean,0.1,0.33938509194631034,4,52
2,3,0,null_mean,1.0,0.31351453451507455,4,52
2,3,0,null_mean,10.0,0.2824070202258529,4,52
2,3,0,null_mean,100.0,0.30731540284471576,4,52
2,3,0,null_local_svd,0.1,0.3180484630524448,4,52
2,3,0,null_local_svd,1.0,0.2943389672202582,4,52
2,3,0,null_local_svd,10.0,0.27617882568708463,4,52
2,3,0,null_local_svd,100.0,0.3093534774934348,4,52
2,3,1,structural_median,0.1,10.478974986149101,4,52
2,3,1,structural_median,1.0,10.32783024915979,4,52
2,3,1,structural_median,10.0,10.545502798720472,4,52
2,3,1,structural_median,100.0,14.882350663880997,4,52
2,3,1,descriptor_local_svd,0.1,7.395961019618056,4,52
2,3,1,descriptor_local_svd,1.0,7.252102648796237,4,52
2,3,1,descriptor_local_svd,10.0,7.554616707460904,4,52
2,3,1,descriptor_local_svd,100.0,11.257852242911133,4,52
2,3,1,degree_preserving_null,0.1,24.401895382603875,4,52
2,3,1,degree_preserving_null,1.0,24.355827124192736,4,52
2,3,1,degree_preserving_null,10.0,24.18170868623483,4,52
2,3,1,degree_preserving_null,100.0,24.150336513465906,4,52
2,3,1,family_median,0.1,24.652206047127226,4,52
2,3,1,family_median,1.0,24.654178556110704,4,52
2,3,1,family_median,10.0,24.67463547215631,4,52
2,3,1,family_median,100.0,24.841639374146997,4,52
2,3,1,all_visible_ridge,0.1,9.740716342555213,4,52
2,3,1,all_visible_ridge,1.0,6.83768402306543,4,52
2,3,1,all_visible_ridge,10.0,5.407537922780894,4,52
2,3,1,all_visible_ridge,100.0,6.682186430401256,4,52
2,3,1,pca_matched_dimension,0.1,5.808970628046995,4,52
2,3,1,pca_matched_dimension,1.0,5.803787751930281,4,52
2,3,1,pca_matched_dimension,10.0,5.7840539790371235,4,52
2,3,1,pca_matched_dimension,100.0,7.204128969567772,4,52
2,3,1,descriptor_mean,0.1,8.148708885033088,4,52
2,3,1,descriptor_mean,1.0,8.101260632946857,4,52
2,3,1,descriptor_mean,10.0,8.010388122521192,4,52
2,3,1,descriptor_mean,100.0,11.737139983099503,4,52
2,3,1,null_mean,0.1,8.872527561211554,4,52
2,3,1,null_mean,1.0,9.044538403421754,4,52
2,3,1,null_mean,10.0,11.468455337804269,4,52
2,3,1,null_mean,100.0,17.886403477568212,4,52
2,3,1,null_local_svd,0.1,10.582204546398378,4,52
2,3,1,null_local_svd,1.0,10.853183330530705,4,52
2,3,1,null_local_svd,10.0,14.128718028222476,4,52
2,3,1,null_local_svd,100.0,20.45563338715455,4,52
2,3,2,structural_median,0.1,0.991950737408371,4,52
2,3,2,structural_median,1.0,0.9638828109496165,4,52
2,3,2,structural_median,10.0,0.9243501037975004,4,52
2,3,2,structural_median,100.0,0.9968655781626283,4,52
2,3,2,descriptor_local_svd,0.1,0.6392053819630614,4,52
2,3,2,descriptor_local_svd,1.0,0.6223533148817264,4,52
2,3,2,descriptor_local_svd,10.0,0.6158286836578117,4,52
2,3,2,descriptor_local_svd,100.0,0.7786355516127355,4,52
2,3,2,degree_preserving_null,0.1,1.4288272770816224,4,52
2,3,2,degree_preserving_null,1.0,1.393877244877006,4,52
2,3,2,degree_preserving_null,10.0,1.2712653519330859,4,52
2,3,2,degree_preserving_null,100.0,1.2717411121110356,4,52
2,3,2,family_median,0.1,1.8816329561699079,4,52
2,3,2,family_median,1.0,1.8816843995867822,4,52
2,3,2,family_median,10.0,1.8839423852403887,4,52
2,3,2,family_median,100.0,1.9344820223084804,4,52
2,3,2,all_visible_ridge,0.1,1.4513069224461064,4,52
2,3,2,all_visible_ridge,1.0,0.8063870249642036,4,52
2,3,2,all_visible_ridge,10.0,0.5199242517005473,4,52
2,3,2,all_visible_ridge,100.0,0.520249784923454,4,52
2,3,2,pca_matched_dimension,0.1,0.5396754376673205,4,52
2,3,2,pca_matched_dimension,1.0,0.5403024958793057,4,52
2,3,2,pca_matched_dimension,10.0,0.5486453304405752,4,52
2,3,2,pca_matched_dimension,100.0,0.7282761697002278,4,52
2,3,2,descriptor_mean,0.1,0.6189236280501371,4,52
2,3,2,descriptor_mean,1.0,0.6233361338330143,4,52
2,3,2,descriptor_mean,10.0,0.6486638617257694,4,52
2,3,2,descriptor_mean,100.0,0.8159868806394872,4,52
2,3,2,null_mean,0.1,0.7045389440994461,4,52
2,3,2,null_mean,1.0,0.6665123252634195,4,52
2,3,2,null_mean,10.0,0.6496613708836407,4,52
2,3,2,null_mean,100.0,0.8660624168857247,4,52
2,3,2,null_local_svd,0.1,0.8252101660879687,4,52
2,3,2,null_local_svd,1.0,0.751970566640982,4,52
2,3,2,null_local_svd,10.0,0.7343272336831883,4,52
2,3,2,null_local_svd,100.0,0.9042983628207716,4,52
2,4,0,structural_median,0.1,9.758915620316383,4,52
2,4,0,structural_median,1.0,9.812854352726053,4,52
2,4,0,structural_median,10.0,10.471869989615346,4,52
2,4,0,structural_median,100.0,14.634689814217642,4,52
2,4,0,descriptor_local_svd,0.1,7.26813256190684,4,52
2,4,0,descriptor_local_svd,1.0,7.471734745958533,4,52
2,4,0,descriptor_local_svd,10.0,8.205424945373819,4,52
2,4,0,descriptor_local_svd,100.0,11.948967680286616,4,52
2,4,0,degree_preserving_null,0.1,23.75438128634197,4,52
2,4,0,degree_preserving_null,1.0,23.71995017518769,4,52
2,4,0,degree_preserving_null,10.0,23.584162655086132,4,52
2,4,0,degree_preserving_null,100.0,23.592896299268293,4,52
2,4,0,family_median,0.1,24.01662781858708,4,52
2,4,0,family_median,1.0,24.018630419100077,4,52
2,4,0,family_median,10.0,24.040078436601178,4,52
2,4,0,family_median,100.0,24.20949595323349,4,52
2,4,0,all_visible_ridge,0.1,11.17075839668619,4,52
2,4,0,all_visible_ridge,1.0,8.14876732036014,4,52
2,4,0,all_visible_ridge,10.0,6.573220638469071,4,52
2,4,0,all_visible_ridge,100.0,7.45224372864484,4,52
2,4,0,pca_matched_dimension,0.1,6.644775255202742,4,52
2,4,0,pca_matched_dimension,1.0,6.643405149983095,4,52
2,4,0,pca_matched_dimension,10.0,6.656733103491629,4,52
2,4,0,pca_matched_dimension,100.0,8.1265065069794,4,52
2,4,0,descriptor_mean,0.1,7.053480286870224,4,52
2,4,0,descriptor_mean,1.0,7.346984376007987,4,52
2,4,0,descriptor_mean,10.0,8.279951797672455,4,52
2,4,0,descriptor_mean,100.0,12.130151372037675,4,52
2,4,0,null_mean,0.1,9.379463141002876,4,52
2,4,0,null_mean,1.0,9.56125997103135,4,52
2,4,0,null_mean,10.0,11.965633329931455,4,52
2,4,0,null_mean,100.0,17.824757923519826,4,52
2,4,0,null_local_svd,0.1,10.602640279897788,4,52
2,4,0,null_local_svd,1.0,12.170778310871686,4,52
2,4,0,null_local_svd,10.0,16.36755991482866,4,52
2,4,0,null_local_svd,100.0,21.019480494430333,4,52
2,4,1,structural_median,0.1,0.4633815239707057,4,52
2,4,1,structural_median,1.0,0.43578336635258597,4,52
2,4,1,structural_median,10.0,0.3650964810353888,4,52
2,4,1,structural_median,100.0,0.3352796903264852,4,52
2,4,1,descriptor_local_svd,0.1,0.3401410349712172,4,52
2,4,1,descriptor_local_svd,1.0,0.32788784222686257,4,52
2,4,1,descriptor_local_svd,10.0,0.31262755813033954,4,52
2,4,1,descriptor_local_svd,100.0,0.32246369045989476,4,52
2,4,1,degree_preserving_null,0.1,0.6080961686526914,4,52
2,4,1,degree_preserving_null,1.0,0.5768157126090725,4,52
2,4,1,degree_preserving_null,10.0,0.46438863716362155,4,52
2,4,1,degree_preserving_null,100.0,0.3961398451838647,4,52
2,4,1,family_median,0.1,0.5426233083155159,4,52
2,4,1,family_median,1.0,0.542277276848305,4,52
2,4,1,family_median,10.0,0.5402626460798097,4,52
2,4,1,family_median,100.0,0.5543228294218452,4,52
2,4,1,all_visible_ridge,0.1,0.7350691776413505,4,52
2,4,1,all_visible_ridge,1.0,0.44291225430505304,4,52
2,4,1,all_visible_ridge,10.0,0.29266806517627525,4,52
2,4,1,all_visible_ridge,100.0,0.2583466296807464,4,52
2,4,1,pca_matched_dimension,0.1,0.28905468169989273,4,52
2,4,1,pca_matched_dimension,1.0,0.28871449224442036,4,52
2,4,1,pca_matched_dimension,10.0,0.28639078849756894,4,52
2,4,1,pca_matched_dimension,100.0,0.31890956479790933,4,52
2,4,1,descriptor_mean,0.1,0.3490706870787603,4,52
2,4,1,descriptor_mean,1.0,0.33821705786465867,4,52
2,4,1,descriptor_mean,10.0,0.32324305127800523,4,52
2,4,1,descriptor_mean,100.0,0.3359191682226637,4,52
2,4,1,null_mean,0.1,0.3978769710464842,4,52
2,4,1,null_mean,1.0,0.3697126643101103,4,52
2,4,1,null_mean,10.0,0.328781088973702,4,52
2,4,1,null_mean,100.0,0.34536767014536496,4,52
2,4,1,null_local_svd,0.1,0.39578904811325993,4,52
2,4,1,null_local_svd,1.0,0.35736012312363513,4,52
2,4,1,null_local_svd,10.0,0.3148564751098749,4,52
2,4,1,null_local_svd,100.0,0.33124385053938826,4,52
2,4,2,structural_median,0.1,0.4505776344936498,4,52
2,4,2,structural_median,1.0,0.42790622484629204,4,52
2,4,2,structural_median,10.0,0.369433622869925,4,52
2,4,2,structural_median,100.0,0.35278175747895335,4,52
2,4,2,descriptor_local_svd,0.1,0.3231776005126237,4,52
2,4,2,descriptor_local_svd,1.0,0.3105137982591854,4,52
2,4,2,descriptor_local_svd,10.0,0.289620667890401,4,52
2,4,2,descriptor_local_svd,100.0,0.31209731568820154,4,52
2,4,2,degree_preserving_null,0.1,0.5626622551603693,4,52
2,4,2,degree_preserving_null,1.0,0.5421704510774232,4,52
2,4,2,degree_preserving_null,10.0,0.4675754117296923,4,52
2,4,2,degree_preserving_null,100.0,0.4353061514059686,4,52
2,4,2,family_median,0.1,0.553461466168379,4,52
2,4,2,family_median,1.0,0.5528842375793042,4,52
2,4,2,family_median,10.0,0.5489088290072993,4,52
2,4,2,family_median,100.0,0.5585508884733719,4,52
2,4,2,all_visible_ridge,0.1,0.9404933995727072,4,52
2,4,2,all_visible_ridge,1.0,0.49153343760407064,4,52
2,4,2,all_visible_ridge,10.0,0.27695922100204245,4,52
2,4,2,all_visible_ridge,100.0,0.23991720243960157,4,52
2,4,2,pca_matched_dimension,0.1,0.2712004101901466,4,52
2,4,2,pca_matched_dimension,1.0,0.27071305361964126,4,52
2,4,2,pca_matched_dimension,10.0,0.26713412078322935,4,52
2,4,2,pca_matched_dimension,100.0,0.2989681565387634,4,52
2,4,2,descriptor_mean,0.1,0.3330951411762734,4,52
2,4,2,descriptor_mean,1.0,0.3114152400395675,4,52
2,4,2,descriptor_mean,10.0,0.2908501888522734,4,52
2,4,2,descriptor_mean,100.0,0.31588760592346055,4,52
2,4,2,null_mean,0.1,0.3880478981385722,4,52
2,4,2,null_mean,1.0,0.3552180821640514,4,52
2,4,2,null_mean,10.0,0.31892451160995317,4,52
2,4,2,null_mean,100.0,0.34135261485664353,4,52
2,4,2,null_local_svd,0.1,0.37332452171696673,4,52
2,4,2,null_local_svd,1.0,0.33659529886312844,4,52
2,4,2,null_local_svd,10.0,0.3030085438486008,4,52
2,4,2,null_local_svd,100.0,0.32855075807281997,4,52
3,0,0,structural_median,0.1,0.3291848714486845,4,50
3,0,0,structural_median,1.0,0.3115593254978224,4,50
3,0,0,structural_median,10.0,0.27046716186211356,4,50
3,0,0,structural_median,100.0,0.26094681370942846,4,50
3,0,0,descriptor_local_svd,0.1,0.23123091183719802,4,50
3,0,0,descriptor_local_svd,1.0,0.21548088480074476,4,50
3,0,0,descriptor_local_svd,10.0,0.21026543787849444,4,50
3,0,0,descriptor_local_svd,100.0,0.232449001114512,4,50
3,0,0,degree_preserving_null,0.1,0.38970607206667734,4,50
3,0,0,degree_preserving_null,1.0,0.37058749681383246,4,50
3,0,0,degree_preserving_null,10.0,0.30565735253763715,4,50
3,0,0,degree_preserving_null,100.0,0.28124451141299434,4,50
3,0,0,family_median,0.1,0.39823421437783424,4,50
3,0,0,family_median,1.0,0.39771191438475273,4,50
3,0,0,family_median,10.0,0.3945433284984884,4,50
3,0,0,family_median,100.0,0.4152395819480466,4,50
3,0,0,all_visible_ridge,0.1,0.6792760913781949,4,50
3,0,0,all_visible_ridge,1.0,0.37278478080206057,4,50
3,0,0,all_visible_ridge,10.0,0.2175099279413553,4,50
3,0,0,all_visible_ridge,100.0,0.18421792483449204,4,50
3,0,0,pca_matched_dimension,0.1,0.20759915486178904,4,50
3,0,0,pca_matched_dimension,1.0,0.2072464446064856,4,50
3,0,0,pca_matched_dimension,10.0,0.20479513769195415,4,50
3,0,0,pca_matched_dimension,100.0,0.23602760901192996,4,50
3,0,0,descriptor_mean,0.1,0.25447661773782004,4,50
3,0,0,descriptor_mean,1.0,0.2428883320060894,4,50
3,0,0,descriptor_mean,10.0,0.23300728387030292,4,50
3,0,0,descriptor_mean,100.0,0.24805629442494428,4,50
3,0,0,null_mean,0.1,0.28461495564088307,4,50
3,0,0,null_mean,1.0,0.2585209488040072,4,50
3,0,0,null_mean,10.0,0.22171242967375304,4,50
3,0,0,null_mean,100.0,0.24135970001368712,4,50
3,0,0,null_local_svd,0.1,0.2761466106623655,4,50
3,0,0,null_local_svd,1.0,0.24473466387629783,4,50
3,0,0,null_local_svd,10.0,0.21817951974191008,4,50
3,0,0,null_local_svd,100.0,0.24684369378471469,4,50
3,0,1,structural_median,0.1,4.720254224558273,4,50
3,0,1,structural_median,1.0,4.541040510080683,4,50
3,0,1,structural_median,10.0,4.2703748344718555,4,50
3,0,1,structural_median,100.0,6.570534705261592,4,50
3,0,1,descriptor_local_svd,0.1,2.465242053311005,4,50
3,0,1,descriptor_local_svd,1.0,2.4365568689636103,4,50
3,0,1,descriptor_local_svd,10.0,2.574367365712341,4,50
3,0,1,descriptor_local_svd,100.0,4.722239592810875,4,50
3,0,1,degree_preserving_null,0.1,23.856834962239038,4,50
3,0,1,degree_preserving_null,1.0,23.817857530722836,4,50
3,0,1,degree_preserving_null,10.0,23.662105166574573,4,50
3,0,1,degree_preserving_null,100.0,23.637048749755138,4,50
3,0,1,family_median,0.1,24.216833307153497,4,50
3,0,1,family_median,1.0,24.218682860231144,4,50
3,0,1,family_median,10.0,24.238809978298786,4,50
3,0,1,family_median,100.0,24.426714669733812,4,50
3,0,1,all_visible_ridge,0.1,4.812228226684335,4,50
3,0,1,all_visible_ridge,1.0,2.778963867657233,4,50
3,0,1,all_visible_ridge,10.0,2.041068769359835,4,50
3,0,1,all_visible_ridge,100.0,3.3779250546618007,4,50
3,0,1,pca_matched_dimension,0.1,2.1967852402330084,4,50
3,0,1,pca_matched_dimension,1.0,2.202821290192426,4,50
3,0,1,pca_matched_dimension,10.0,2.291328192568357,4,50
3,0,1,pca_matched_dimension,100.0,4.504295051543464,4,50
3,0,1,descriptor_mean,0.1,2.5279475501266804,4,50
3,0,1,descriptor_mean,1.0,2.5598955339578913,4,50
3,0,1,descriptor_mean,10.0,2.762301358002782,4,50
3,0,1,descriptor_mean,100.0,5.5942896891033795,4,50
3,0,1,null_mean,0.1,4.166914726703352,4,50
3,0,1,null_mean,1.0,4.431343403471993,4,50
3,0,1,null_mean,10.0,6.0580882475599855,4,50
3,0,1,null_mean,100.0,13.179088660576465,4,50
3,0,1,null_local_svd,0.1,6.825496119190649,4,50
3,0,1,null_local_svd,1.0,8.006820546334264,4,50
3,0,1,null_local_svd,10.0,12.56464965071891,4,50
3,0,1,null_local_svd,100.0,19.572745996837618,4,50
3,0,2,structural_median,0.1,0.7201091437669443,4,50
3,0,2,structural_median,1.0,0.6884379652484947,4,50
3,0,2,structural_median,10.0,0.6184870695905693,4,50
3,0,2,structural_median,100.0,0.6704614617045142,4,50
3,0,2,descriptor_local_svd,0.1,0.5264271842359626,4,50
3,0,2,descriptor_local_svd,1.0,0.5119644887854568,4,50
3,0,2,descriptor_local_svd,10.0,0.5077445142254136,4,50
3,0,2,descriptor_local_svd,100.0,0.589022891229465,4,50
3,0,2,degree_preserving_null,0.1,0.9166136753959234,4,50
3,0,2,degree_preserving_null,1.0,0.888600235229469,4,50
3,0,2,degree_preserving_null,10.0,0.7942400966799806,4,50
3,0,2,degree_preserving_null,100.0,0.8086245705138687,4,50
3,0,2,family_median,0.1,1.377643899535806,4,50
3,0,2,family_median,1.0,1.379503227127557,4,50
3,0,2,family_median,10.0,1.3973427305277646,4,50
3,0,2,family_median,100.0,1.5166525390117476,4,50
3,0,2,all_visible_ridge,0.1,1.636551809736308,4,50
3,0,2,all_visible_ridge,1.0,0.8407035782899246,4,50
3,0,2,all_visible_ridge,10.0,0.5220465901344129,4,50
3,0,2,all_visible_ridge,100.0,0.4599238734620372,4,50
3,0,2,pca_matched_dimension,0.1,0.4852872802513345,4,50
3,0,2,pca_matched_dimension,1.0,0.4844974336304345,4,50
3,0,2,pca_matched_dimension,10.0,0.4795617716594919,4,50
3,0,2,pca_matched_dimension,100.0,0.5821784974426801,4,50
3,0,2,descriptor_mean,0.1,0.6212394226694617,4,50
3,0,2,descriptor_mean,1.0,0.5943007849746408,4,50
3,0,2,descriptor_mean,10.0,0.5664261701409472,4,50
3,0,2,descriptor_mean,100.0,0.6319649487613774,4,50
3,0,2,null_mean,0.1,0.6060044240552201,4,50
3,0,2,null_mean,1.0,0.5784858343742465,4,50
3,0,2,null_mean,10.0,0.5636312540307817,4,50
3,0,2,null_mean,100.0,0.6541069321506624,4,50
3,0,2,null_local_svd,0.1,0.6059272568886049,4,50
3,0,2,null_local_svd,1.0,0.5525806701226209,4,50
3,0,2,null_local_svd,10.0,0.5312311080220854,4,50
3,0,2,null_local_svd,100.0,0.6452276597898625,4,50
3,1,0,structural_median,0.1,0.3091459634221786,4,50
3,1,0,structural_median,1.0,0.2933510108019132,4,50
3,1,0,structural_median,10.0,0.25723559106755917,4,50
3,1,0,structural_median,100.0,0.25191547206580633,4,50
3,1,0,descriptor_local_svd,0.1,0.22672708090006016,4,50
3,1,0,descriptor_local_svd,1.0,0.21529078489089967,4,50
3,1,0,descriptor_local_svd,10.0,0.20846852772667238,4,50
3,1,0,descriptor_local_svd,100.0,0.2288326095555558,4,50
3,1,0,degree_preserving_null,0.1,0.3710247578393871,4,50
3,1,0,degree_preserving_null,1.0,0.35761932564574644,4,50
3,1,0,degree_preserving_null,10.0,0.3069628285595718,4,50
3,1,0,degree_preserving_null,100.0,0.28694299726227696,4,50
3,1,0,family_median,0.1,0.4274606560590712,4,50
3,1,0,family_median,1.0,0.4266381087238926,4,50
3,1,0,family_median,10.0,0.4200297801777493,4,50
3,1,0,family_median,100.0,0.41195509401319463,4,50
3,1,0,all_visible_ridge,0.1,0.5379238704264373,4,50
3,1,0,all_visible_ridge,1.0,0.3065847056874672,4,50
3,1,0,all_visible_ridge,10.0,0.19483870199423572,4,50
3,1,0,all_visible_ridge,100.0,0.17826120975110477,4,50
3,1,0,pca_matched_dimension,0.1,0.19696254420723058,4,50
3,1,0,pca_matched_dimension,1.0,0.1966709912388362,4,50
3,1,0,pca_matched_dimension,10.0,0.19469780744890897,4,50
3,1,0,pca_matched_dimension,100.0,0.22364751282111023,4,50
3,1,0,descriptor_mean,0.1,0.2437469528446252,4,50
3,1,0,descriptor_mean,1.0,0.2374398750369116,4,50
3,1,0,descriptor_mean,10.0,0.22856327796872883,4,50
3,1,0,descriptor_mean,100.0,0.240536401974836,4,50
3,1,0,null_mean,0.1,0.26799332879915083,4,50
3,1,0,null_mean,1.0,0.2470492401313277,4,50
3,1,0,null_mean,10.0,0.22168426848096537,4,50
3,1,0,null_mean,100.0,0.24294391935923332,4,50
3,1,0,null_local_svd,0.1,0.257172229432307,4,50
3,1,0,null_local_svd,1.0,0.23389295982599226,4,50
3,1,0,null_local_svd,10.0,0.21365883987777318,4,50
3,1,0,null_local_svd,100.0,0.23811454788046904,4,50
3,1,1,structural_median,0.1,6.970342533749107,4,50
3,1,1,structural_median,1.0,6.687173320741965,4,50
3,1,1,structural_median,10.0,5.439022291319075,4,50
3,1,1,structural_median,100.0,5.077893201415926,4,50
3,1,1,descriptor_local_svd,0.1,3.42556178148581,4,50
3,1,1,descriptor_local_svd,1.0,3.1178427406726565,4,50
3,1,1,descriptor_local_svd,10.0,2.896312468312378,4,50
3,1,1,descriptor_local_svd,100.0,3.8970560955049,4,50
3,1,1,degree_preserving_null,0.1,17.009979852294236,4,50
3,1,1,degree_preserving_null,1.0,17.014161682351375,4,50
3,1,1,degree_preserving_null,10.0,17.126173301285316,4,50
3,1,1,degree_preserving_null,100.0,17.77455693346275,4,50
3,1,1,family_median,0.1,19.191693272596915,4,50
3,1,1,family_median,1.0,19.196743521875746,4,50
3,1,1,family_median,10.0,19.244374886192738,4,50
3,1,1,family_median,100.0,19.540564769090572,4,50
3,1,1,all_visible_ridge,0.1,12.52354479229984,4,50
3,1,1,all_visible_ridge,1.0,6.375456713795605,4,50
3,1,1,all_visible_ridge,10.0,3.55401093452097,4,50
3,1,1,all_visible_ridge,100.0,3.4305175284598652,4,50
3,1,1,pca_matched_dimension,0.1,3.3170864094776165,4,50
3,1,1,pca_matched_dimension,1.0,3.3177407238801706,4,50
3,1,1,pca_matched_dimension,10.0,3.3483490290170024,4,50
3,1,1,pca_matched_dimension,100.0,4.828339284996354,4,50
3,1,1,descriptor_mean,0.1,3.329537944337042,4,50
3,1,1,descriptor_mean,1.0,3.300402768962698,4,50
3,1,1,descriptor_mean,10.0,3.2201112267772056,4,50
3,1,1,descriptor_mean,100.0,4.695558570770302,4,50
3,1,1,null_mean,0.1,4.759730597265363,4,50
3,1,1,null_mean,1.0,4.4661094615881245,4,50
3,1,1,null_mean,10.0,5.062924874716017,4,50
3,1,1,null_mean,100.0,9.724728168355526,4,50
3,1,1,null_local_svd,0.1,10.717572137175127,4,50
3,1,1,null_local_svd,1.0,10.869270139732818,4,50
3,1,1,null_local_svd,10.0,12.329735802470305,4,50
3,1,1,null_local_svd,100.0,15.536171152425698,4,50
3,1,2,structural_median,0.1,0.3989987258566632,4,50
3,1,2,structural_median,1.0,0.3795930890146874,4,50
3,1,2,structural_median,10.0,0.33109703034038795,4,50
3,1,2,structural_median,100.0,0.32030780928337166,4,50
3,1,2,descriptor_local_svd,0.1,0.2690159232711523,4,50
3,1,2,descriptor_local_svd,1.0,0.2511710066261122,4,50
3,1,2,descriptor_local_svd,10.0,0.2416189365379014,4,50
3,1,2,descriptor_local_svd,100.0,0.2749255351785287,4,50
3,1,2,degree_preserving_null,0.1,0.43544512048768036,4,50
3,1,2,degree_preserving_null,1.0,0.41831535218926647,4,50
3,1,2,degree_preserving_null,10.0,0.35294650401471644,4,50
3,1,2,degree_preserving_null,100.0,0.328829266507917,4,50
3,1,2,family_median,0.1,0.5205953858921292,4,50
3,1,2,family_median,1.0,0.5196972211168295,4,50
3,1,2,family_median,10.0,0.5136376953812585,4,50
3,1,2,family_median,100.0,0.5256910425552263,4,50
3,1,2,all_visible_ridge,0.1,0.8015073493674905,4,50
3,1,2,all_visible_ridge,1.0,0.4152742705585516,4,50
3,1,2,all_visible_ridge,10.0,0.23643485671568173,4,50
3,1,2,all_visible_ridge,100.0,0.19951952258076558,4,50
3,1,2,pca_matched_dimension,0.1,0.23158701786022268,4,50
3,1,2,pca_matched_dimension,1.0,0.23097523100251469,4,50
3,1,2,pca_matched_dimension,10.0,0.2262752546152449,4,50
3,1,2,pca_matched_dimension,100.0,0.2540047180642377,4,50
3,1,2,descriptor_mean,0.1,0.2876165595487284,4,50
3,1,2,descriptor_mean,1.0,0.2759797260266746,4,50
3,1,2,descriptor_mean,10.0,0.26375580278480837,4,50
3,1,2,descriptor_mean,100.0,0.2928537491156053,4,50
3,1,2,null_mean,0.1,0.33747615019514116,4,50
3,1,2,null_mean,1.0,0.30416483303954756,4,50
3,1,2,null_mean,10.0,0.2561781269993982,4,50
3,1,2,null_mean,100.0,0.28093290718800085,4,50
3,1,2,null_local_svd,0.1,0.3110111928312089,4,50
3,1,2,null_local_svd,1.0,0.2757150740794584,4,50
3,1,2,null_local_svd,10.0,0.240402947054905,4,50
3,1,2,null_local_svd,100.0,0.2792241937603277,4,50
3,2,0,structural_median,0.1,0.44433130250339004,4,50
3,2,0,structural_median,1.0,0.43049706790853853,4,50
3,2,0,structural_median,10.0,0.3991030477856611,4,50
3,2,0,structural_median,100.0,0.41514006488657546,4,50
3,2,0,descriptor_local_svd,0.1,0.3197888540499355,4,50
3,2,0,descriptor_local_svd,1.0,0.30339454533862964,4,50
3,2,0,descriptor_local_svd,10.0,0.3022295729631004,4,50
3,2,0,descriptor_local_svd,100.0,0.3654357609605039,4,50
3,2,0,degree_preserving_null,0.1,0.5688915697095177,4,50
3,2,0,degree_preserving_null,1.0,0.5519476963833725,4,50
3,2,0,degree_preserving_null,10.0,0.490633720937583,4,50
3,2,0,degree_preserving_null,100.0,0.4779457071854169,4,50
3,2,0,family_median,0.1,0.6272897843058973,4,50
3,2,0,family_median,1.0,0.6267411416153879,4,50
3,2,0,family_median,10.0,0.623336341988209,4,50
3,2,0,family_median,100.0,0.6409198856111245,4,50
3,2,0,all_visible_ridge,0.1,0.9167026826392186,4,50
3,2,0,all_visible_ridge,1.0,0.4938867892359383,4,50
3,2,0,all_visible_ridge,10.0,0.2873259896327114,4,50
3,2,0,all_visible_ridge,100.0,0.24957809214799123,4,50
3,2,0,pca_matched_dimension,0.1,0.2795949911376114,4,50
3,2,0,pca_matched_dimension,1.0,0.27913520874490333,4,50
3,2,0,pca_matched_dimension,10.0,0.2758904535046851,4,50
3,2,0,pca_matched_dimension,100.0,0.3136944690705633,4,50
3,2,0,descriptor_mean,0.1,0.34892223511603027,4,50
3,2,0,descriptor_mean,1.0,0.3401867462478637,4,50
3,2,0,descriptor_mean,10.0,0.3268578856075081,4,50
3,2,0,descriptor_mean,100.0,0.37555893095642334,4,50
3,2,0,null_mean,0.1,0.39112417649628345,4,50
3,2,0,null_mean,1.0,0.3594138061687441,4,50
3,2,0,null_mean,10.0,0.32044520602635584,4,50
3,2,0,null_mean,100.0,0.37076219721331016,4,50
3,2,0,null_local_svd,0.1,0.353568894007312,4,50
3,2,0,null_local_svd,1.0,0.32274059198288946,4,50
3,2,0,null_local_svd,10.0,0.31076968555803053,4,50
3,2,0,null_local_svd,100.0,0.38311180317035176,4,50
3,2,1,structural_median,0.1,0.7787230597955233,4,50
3,2,1,structural_median,1.0,0.7270635675808764,4,50
3,2,1,structural_median,10.0,0.5964375986864205,4,50
3,2,1,structural_median,100.0,0.5608886954988226,4,50
3,2,1,descriptor_local_svd,0.1,0.5670222838737758,4,50
3,2,1,descriptor_local_svd,1.0,0.5426668957339907,4,50
3,2,1,descriptor_local_svd,10.0,0.5070357662969179,4,50
3,2,1,descriptor_local_svd,100.0,0.5105600017199518,4,50
3,2,1,degree_preserving_null,0.1,0.8432294569337614,4,50
3,2,1,degree_preserving_null,1.0,0.8133964504440457,4,50
3,2,1,degree_preserving_null,10.0,0.7004879326753123,4,50
3,2,1,degree_preserving_null,100.0,0.6708488038198146,4,50
3,2,1,family_median,0.1,1.1181594791110003,4,50
3,2,1,family_median,1.0,1.1193354789000127,4,50
3,2,1,family_median,10.0,1.1316962910565054,4,50
3,2,1,family_median,100.0,1.2340054166860863,4,50
3,2,1,all_visible_ridge,0.1,1.6245886814463657,4,50
3,2,1,all_visible_ridge,1.0,0.8318479209613724,4,50
3,2,1,all_visible_ridge,10.0,0.4896197024710647,4,50
3,2,1,all_visible_ridge,100.0,0.40503438094943933,4,50
3,2,1,pca_matched_dimension,0.1,0.45346231342315824,4,50
3,2,1,pca_matched_dimension,1.0,0.45256755278429917,4,50
3,2,1,pca_matched_dimension,10.0,0.4463342467473173,4,50
3,2,1,pca_matched_dimension,100.0,0.5246922035195346,4,50
3,2,1,descriptor_mean,0.1,0.5939318502710601,4,50
3,2,1,descriptor_mean,1.0,0.5667904477760306,4,50
3,2,1,descriptor_mean,10.0,0.5368986563431586,4,50
3,2,1,descriptor_mean,100.0,0.5348324874540792,4,50
3,2,1,null_mean,0.1,0.6255185830913614,4,50
3,2,1,null_mean,1.0,0.5756424535288346,4,50
3,2,1,null_mean,10.0,0.5118427210236679,4,50
3,2,1,null_mean,100.0,0.551257260752468,4,50
3,2,1,null_local_svd,0.1,0.5956666088759092,4,50
3,2,1,null_local_svd,1.0,0.5319198605784861,4,50
3,2,1,null_local_svd,10.0,0.4864423460339239,4,50
3,2,1,null_local_svd,100.0,0.5285255558153169,4,50
3,2,2,structural_median,0.1,0.40520464794754896,4,50
3,2,2,structural_median,1.0,0.381031088028553,4,50
3,2,2,structural_median,10.0,0.31942596459132533,4,50
3,2,2,structural_median,100.0,0.30793386448571014,4,50
3,2,2,descriptor_local_svd,0.1,0.27876310631052875,4,50
3,2,2,descriptor_local_svd,1.0,0.26599126929111133,4,50
3,2,2,descriptor_local_svd,10.0,0.2580736450582877,4,50
3,2,2,descriptor_local_svd,100.0,0.28664053654760124,4,50
3,2,2,degree_preserving_null,0.1,0.4751191453467887,4,50
3,2,2,degree_preserving_null,1.0,0.45409171454559466,4,50
3,2,2,degree_preserving_null,10.0,0.3817663170996511,4,50
3,2,2,degree_preserving_null,100.0,0.3516860051577769,4,50
3,2,2,family_median,0.1,0.5049047050491292,4,50
3,2,2,family_median,1.0,0.5043904469662501,4,50
3,2,2,family_median,10.0,0.5011219362351812,4,50
3,2,2,family_median,100.0,0.519136760361983,4,50
3,2,2,all_visible_ridge,0.1,0.6532613375628809,4,50
3,2,2,all_visible_ridge,1.0,0.3813943533641922,4,50
3,2,2,all_visible_ridge,10.0,0.2535939980456908,4,50
3,2,2,all_visible_ridge,100.0,0.2295613523886576,4,50
3,2,2,pca_matched_dimension,0.1,0.25281708095182787,4,50
3,2,2,pca_matched_dimension,1.0,0.2524035085381945,4,50
3,2,2,pca_matched_dimension,10.0,0.24950371610741792,4,50
3,2,2,pca_matched_dimension,100.0,0.2846207805827282,4,50
3,2,2,descriptor_mean,0.1,0.293285650066809,4,50
3,2,2,descriptor_mean,1.0,0.2862548595663403,4,50
3,2,2,descriptor_mean,10.0,0.2764117996075987,4,50
3,2,2,descriptor_mean,100.0,0.2982465505969828,4,50
3,2,2,null_mean,0.1,0.3225222101014127,4,50
3,2,2,null_mean,1.0,0.2990796928613066,4,50
3,2,2,null_mean,10.0,0.27582340770146696,4,50
3,2,2,null_mean,100.0,0.31072414403201837,4,50
3,2,2,null_local_svd,0.1,0.3186485307530192,4,50
3,2,2,null_local_svd,1.0,0.29013357795027356,4,50
3,2,2,null_local_svd,10.0,0.26893083410163665,4,50
3,2,2,null_local_svd,100.0,0.306179969296002,4,50
3,3,0,structural_median,0.1,0.3301501056850181,4,50
3,3,0,structural_median,1.0,0.31660766866659007,4,50
3,3,0,structural_median,10.0,0.28767145843664815,4,50
3,3,0,structural_median,100.0,0.29274141831525063,4,50
3,3,0,descriptor_local_svd,0.1,0.2414436455581816,4,50
3,3,0,descriptor_local_svd,1.0,0.22947906962633197,4,50
3,3,0,descriptor_local_svd,10.0,0.2289476692088903,4,50
3,3,0,descriptor_local_svd,100.0,0.25908543861451205,4,50
3,3,0,degree_preserving_null,0.1,0.4066544852715659,4,50
3,3,0,degree_preserving_null,1.0,0.39144870223021805,4,50
3,3,0,degree_preserving_null,10.0,0.33659385812046244,4,50
3,3,0,degree_preserving_null,100.0,0.3199081911878455,4,50
3,3,0,family_median,0.1,0.45810014372131075,4,50
3,3,0,family_median,1.0,0.4574082755915629,4,50
3,3,0,family_median,10.0,0.45214857462529173,4,50
3,3,0,family_median,100.0,0.4537534575350288,4,50
3,3,0,all_visible_ridge,0.1,0.5744458386804834,4,50
3,3,0,all_visible_ridge,1.0,0.33240476398138563,4,50
3,3,0,all_visible_ridge,10.0,0.21934294258527381,4,50
3,3,0,all_visible_ridge,100.0,0.2012341072367276,4,50
3,3,0,pca_matched_dimension,0.1,0.22396250896040792,4,50
3,3,0,pca_matched_dimension,1.0,0.22362089516252265,4,50
3,3,0,pca_matched_dimension,10.0,0.22127000855679343,4,50
3,3,0,pca_matched_dimension,100.0,0.2528949419564873,4,50
3,3,0,descriptor_mean,0.1,0.2725043391784361,4,50
3,3,0,descriptor_mean,1.0,0.26200855470333695,4,50
3,3,0,descriptor_mean,10.0,0.25394312801285546,4,50
3,3,0,descriptor_mean,100.0,0.2760768837023598,4,50
3,3,0,null_mean,0.1,0.3048985131471648,4,50
3,3,0,null_mean,1.0,0.28214701356040506,4,50
3,3,0,null_mean,10.0,0.2555025637296248,4,50
3,3,0,null_mean,100.0,0.2778765885557468,4,50
3,3,0,null_local_svd,0.1,0.2861199767666312,4,50
3,3,0,null_local_svd,1.0,0.26164960871264925,4,50
3,3,0,null_local_svd,10.0,0.24133725752818697,4,50
3,3,0,null_local_svd,100.0,0.27808710284546206,4,50
3,3,1,structural_median,0.1,8.766384211032237,4,50
3,3,1,structural_median,1.0,8.548898424928447,4,50
3,3,1,structural_median,10.0,8.151149856638725,4,50
3,3,1,structural_median,100.0,11.849988261545192,4,50
3,3,1,descriptor_local_svd,0.1,4.1894704358556725,4,50
3,3,1,descriptor_local_svd,1.0,4.186551733867858,4,50
3,3,1,descriptor_local_svd,10.0,4.384949457104447,4,50
3,3,1,descriptor_local_svd,100.0,8.809734536583301,4,50
3,3,1,degree_preserving_null,0.1,32.129528466738904,4,50
3,3,1,degree_preserving_null,1.0,32.08358147704504,4,50
3,3,1,degree_preserving_null,10.0,31.95342168718904,4,50
3,3,1,degree_preserving_null,100.0,32.2326509035031,4,50
3,3,1,family_median,0.1,33.01880735371151,4,50
3,3,1,family_median,1.0,33.02316430726129,4,50
3,3,1,family_median,10.0,33.065721742738674,4,50
3,3,1,family_median,100.0,33.36810415070035,4,50
3,3,1,all_visible_ridge,0.1,7.632064994273464,4,50
3,3,1,all_visible_ridge,1.0,5.194701014643149,4,50
3,3,1,all_visible_ridge,10.0,3.949476335580309,4,50
3,3,1,all_visible_ridge,100.0,6.239869068004709,4,50
3,3,1,pca_matched_dimension,0.1,4.815433896153877,4,50
3,3,1,pca_matched_dimension,1.0,4.834103425861055,4,50
3,3,1,pca_matched_dimension,10.0,5.04846619668396,4,50
3,3,1,pca_matched_dimension,100.0,8.388432901027294,4,50
3,3,1,descriptor_mean,0.1,4.7270255406968085,4,50
3,3,1,descriptor_mean,1.0,4.885083480504269,4,50
3,3,1,descriptor_mean,10.0,5.302304831166313,4,50
3,3,1,descriptor_mean,100.0,10.190278958852831,4,50
3,3,1,null_mean,0.1,7.96520419926712,4,50
3,3,1,null_mean,1.0,8.298802368817201,4,50
3,3,1,null_mean,10.0,10.448006184147633,4,50
3,3,1,null_mean,100.0,19.83045525916903,4,50
3,3,1,null_local_svd,0.1,12.305690383306423,4,50
3,3,1,null_local_svd,1.0,13.110664231480534,4,50
3,3,1,null_local_svd,10.0,17.741945369195737,4,50
3,3,1,null_local_svd,100.0,26.601607595463847,4,50
3,3,2,structural_median,0.1,0.6584621773661956,4,50
3,3,2,structural_median,1.0,0.6226802530642812,4,50
3,3,2,structural_median,10.0,0.5313523855641391,4,50
3,3,2,structural_median,100.0,0.47744118901768284,4,50
3,3,2,descriptor_local_svd,0.1,0.5478124270869318,4,50
3,3,2,descriptor_local_svd,1.0,0.49327032835953355,4,50
3,3,2,descriptor_local_svd,10.0,0.43910336210728435,4,50
3,3,2,descriptor_local_svd,100.0,0.4533144416154098,4,50
3,3,2,degree_preserving_null,0.1,0.7033678961047223,4,50
3,3,2,degree_preserving_null,1.0,0.677003135006288,4,50
3,3,2,degree_preserving_null,10.0,0.58558773348765,4,50
3,3,2,degree_preserving_null,100.0,0.5579281395579484,4,50
3,3,2,family_median,0.1,1.021657407314473,4,50
3,3,2,family_median,1.0,1.0227285179800556,4,50
3,3,2,family_median,10.0,1.0335376035476616,4,50
3,3,2,family_median,100.0,1.1198203178630788,4,50
3,3,2,all_visible_ridge,0.1,1.452213566135974,4,50
3,3,2,all_visible_ridge,1.0,0.8113503920705296,4,50
3,3,2,all_visible_ridge,10.0,0.4711123351944584,4,50
3,3,2,all_visible_ridge,100.0,0.3819821538013214,4,50
3,3,2,pca_matched_dimension,0.1,0.4461492433243174,4,50
3,3,2,pca_matched_dimension,1.0,0.4445094959686332,4,50
3,3,2,pca_matched_dimension,10.0,0.43104679732869206,4,50
3,3,2,pca_matched_dimension,100.0,0.4542906390772981,4,50
3,3,2,descriptor_mean,0.1,0.6114216557544612,4,50
3,3,2,descriptor_mean,1.0,0.5738808873560165,4,50
3,3,2,descriptor_mean,10.0,0.49735298747004253,4,50
3,3,2,descriptor_mean,100.0,0.48080616792449027,4,50
3,3,2,null_mean,0.1,0.56974392863181,4,50
3,3,2,null_mean,1.0,0.5403216954976517,4,50
3,3,2,null_mean,10.0,0.5028253771857188,4,50
3,3,2,null_mean,100.0,0.5133621788270434,4,50
3,3,2,null_local_svd,0.1,0.5300564902389473,4,50
3,3,2,null_local_svd,1.0,0.47625918831179004,4,50
3,3,2,null_local_svd,10.0,0.4319368684685402,4,50
3,3,2,null_local_svd,100.0,0.47862892987303607,4,50
3,4,0,structural_median,0.1,7.32543301028378,4,50
3,4,0,structural_median,1.0,7.041482122364459,4,50
3,4,0,structural_median,10.0,6.572445900273172,4,50
3,4,0,structural_median,100.0,9.605099391455594,4,50
3,4,0,descriptor_local_svd,0.1,4.017531177626403,4,50
3,4,0,descriptor_local_svd,1.0,3.9457011312315484,4,50
3,4,0,descriptor_local_svd,10.0,4.27932858218583,4,50
3,4,0,descriptor_local_svd,100.0,7.857502863540021,4,50
3,4,0,degree_preserving_null,0.1,26.78557730892504,4,50
3,4,0,degree_preserving_null,1.0,26.75821941882992,4,50
3,4,0,degree_preserving_null,10.0,26.676904191606656,4,50
3,4,0,degree_preserving_null,100.0,26.869067938192487,4,50
3,4,0,family_median,0.1,27.73406611066052,4,50
3,4,0,family_median,1.0,27.737480888983256,4,50
3,4,0,family_median,10.0,27.771849843632065,4,50
3,4,0,family_median,100.0,28.021145225006766,4,50
3,4,0,all_visible_ridge,0.1,9.088345667232142,4,50
3,4,0,all_visible_ridge,1.0,5.647843147673309,4,50
3,4,0,all_visible_ridge,10.0,3.7757678039116804,4,50
3,4,0,all_visible_ridge,100.0,5.696237670617643,4,50
3,4,0,pca_matched_dimension,0.1,3.5626924626159786,4,50
3,4,0,pca_matched_dimension,1.0,3.587050546219302,4,50
3,4,0,pca_matched_dimension,10.0,3.8478549976690037,4,50
3,4,0,pca_matched_dimension,100.0,7.091685795242142,4,50
3,4,0,descriptor_mean,0.1,4.422945583486978,4,50
3,4,0,descriptor_mean,1.0,4.392491617742975,4,50
3,4,0,descriptor_mean,10.0,4.754832927903666,4,50
3,4,0,descriptor_mean,100.0,8.879146701052713,4,50
3,4,0,null_mean,0.1,5.578905124947738,4,50
3,4,0,null_mean,1.0,5.974711618619873,4,50
3,4,0,null_mean,10.0,8.495533293339772,4,50
3,4,0,null_mean,100.0,17.015803611322053,4,50
3,4,0,null_local_svd,0.1,9.633488078112833,4,50
3,4,0,null_local_svd,1.0,10.307563740989353,4,50
3,4,0,null_local_svd,10.0,14.685281472019145,4,50
3,4,0,null_local_svd,100.0,21.928065439375292,4,50
3,4,1,structural_median,0.1,0.36257632895586195,4,50
3,4,1,structural_median,1.0,0.34036280006635594,4,50
3,4,1,structural_median,10.0,0.2861682506558318,4,50
3,4,1,structural_median,100.0,0.26890409185073616,4,50
3,4,1,descriptor_local_svd,0.1,0.2634141396529519,4,50
3,4,1,descriptor_local_svd,1.0,0.24623730016072576,4,50
3,4,1,descriptor_local_svd,10.0,0.23528699319826826,4,50
3,4,1,descriptor_local_svd,100.0,0.24922830096792453,4,50
3,4,1,degree_preserving_null,0.1,0.4321139146156149,4,50
3,4,1,degree_preserving_null,1.0,0.4113875250882391,4,50
3,4,1,degree_preserving_null,10.0,0.33775737397383143,4,50
3,4,1,degree_preserving_null,100.0,0.2950802160048023,4,50
3,4,1,family_median,0.1,0.40794960197580227,4,50
3,4,1,family_median,1.0,0.40764246451321684,4,50
3,4,1,family_median,10.0,0.4059326754493839,4,50
3,4,1,family_median,100.0,0.4255086217458936,4,50
3,4,1,all_visible_ridge,0.1,0.6816742589872277,4,50
3,4,1,all_visible_ridge,1.0,0.403775200849584,4,50
3,4,1,all_visible_ridge,10.0,0.2443914752493495,4,50
3,4,1,all_visible_ridge,100.0,0.2001363032167648,4,50
3,4,1,pca_matched_dimension,0.1,0.2347338933426142,4,50
3,4,1,pca_matched_dimension,1.0,0.2341194298887271,4,50
3,4,1,pca_matched_dimension,10.0,0.22922797008434703,4,50
3,4,1,pca_matched_dimension,100.0,0.24699220619867832,4,50
3,4,1,descriptor_mean,0.1,0.28710630634493994,4,50
3,4,1,descriptor_mean,1.0,0.27357962846309714,4,50
3,4,1,descriptor_mean,10.0,0.2548809591996648,4,50
3,4,1,descriptor_mean,100.0,0.2610003945806302,4,50
3,4,1,null_mean,0.1,0.30973168702968634,4,50
3,4,1,null_mean,1.0,0.28530529529342974,4,50
3,4,1,null_mean,10.0,0.24955416818493922,4,50
3,4,1,null_mean,100.0,0.2596374206515162,4,50
3,4,1,null_local_svd,0.1,0.2949566996839769,4,50
3,4,1,null_local_svd,1.0,0.263660691460419,4,50
3,4,1,null_local_svd,10.0,0.23433952415267054,4,50
3,4,1,null_local_svd,100.0,0.2533807633077052,4,50
3,4,2,structural_median,0.1,0.4122296676863186,4,50
3,4,2,structural_median,1.0,0.39089166680796916,4,50
3,4,2,structural_median,10.0,0.3480542742181456,4,50
3,4,2,structural_median,100.0,0.35509741666744477,4,50
3,4,2,descriptor_local_svd,0.1,0.2989918852473298,4,50
3,4,2,descriptor_local_svd,1.0,0.2855499726202317,4,50
3,4,2,descriptor_local_svd,10.0,0.27997370434278374,4,50
3,4,2,descriptor_local_svd,100.0,0.3169081129196861,4,50
3,4,2,degree_preserving_null,0.1,0.524866081382446,4,50
3,4,2,degree_preserving_null,1.0,0.5070570940540448,4,50
3,4,2,degree_preserving_null,10.0,0.4378305017806839,4,50
3,4,2,degree_preserving_null,100.0,0.4105772603153893,4,50
3,4,2,family_median,0.1,0.5689842624672896,4,50
3,4,2,family_median,1.0,0.5684642483443694,4,50
3,4,2,family_median,10.0,0.564796554541932,4,50
3,4,2,family_median,100.0,0.5725225172410751,4,50
3,4,2,all_visible_ridge,0.1,0.8554497161176893,4,50
3,4,2,all_visible_ridge,1.0,0.4673272097672065,4,50
3,4,2,all_visible_ridge,10.0,0.28163524653899696,4,50
3,4,2,all_visible_ridge,100.0,0.2477337595847642,4,50
3,4,2,pca_matched_dimension,0.1,0.27015563825487765,4,50
3,4,2,pca_matched_dimension,1.0,0.2698040515810887,4,50
3,4,2,pca_matched_dimension,10.0,0.2675477215652062,4,50
3,4,2,pca_matched_dimension,100.0,0.30972604640172885,4,50
3,4,2,descriptor_mean,0.1,0.32553681442337723,4,50
3,4,2,descriptor_mean,1.0,0.30884181215568257,4,50
3,4,2,descriptor_mean,10.0,0.3007274258708048,4,50
3,4,2,descriptor_mean,100.0,0.33360506775423404,4,50
3,4,2,null_mean,0.1,0.3595237026853901,4,50
3,4,2,null_mean,1.0,0.3348443690951125,4,50
3,4,2,null_mean,10.0,0.30470432919409596,4,50
3,4,2,null_mean,100.0,0.3428518418889824,4,50
3,4,2,null_local_svd,0.1,0.3320691064045894,4,50
3,4,2,null_local_svd,1.0,0.30318651105167677,4,50
3,4,2,null_local_svd,10.0,0.28699999075954796,4,50
3,4,2,null_local_svd,100.0,0.3360398238264143,4,50
4,0,0,structural_median,0.1,0.3867667915356119,4,47
4,0,0,structural_median,1.0,0.36354030579095087,4,47
4,0,0,structural_median,10.0,0.3098956082376604,4,47
4,0,0,structural_median,100.0,0.3068052212127468,4,47
4,0,0,descriptor_local_svd,0.1,0.2719466062995177,4,47
4,0,0,descriptor_local_svd,1.0,0.2596365277048369,4,47
4,0,0,descriptor_local_svd,10.0,0.2565268996714442,4,47
4,0,0,descriptor_local_svd,100.0,0.2912105991898042,4,47
4,0,0,degree_preserving_null,0.1,0.521006916019661,4,47
4,0,0,degree_preserving_null,1.0,0.5025536739183118,4,47
4,0,0,degree_preserving_null,10.0,0.42648010297371186,4,47
4,0,0,degree_preserving_null,100.0,0.3770777699714476,4,47
4,0,0,family_median,0.1,0.5065753039596881,4,47
4,0,0,family_median,1.0,0.5055764542153872,4,47
4,0,0,family_median,10.0,0.4983329355636683,4,47
4,0,0,family_median,100.0,0.4991300347508252,4,47
4,0,0,all_visible_ridge,0.1,0.7716145815269133,4,47
4,0,0,all_visible_ridge,1.0,0.4264501103774553,4,47
4,0,0,all_visible_ridge,10.0,0.25092883908847474,4,47
4,0,0,all_visible_ridge,100.0,0.21948693306112846,4,47
4,0,0,pca_matched_dimension,0.1,0.2444951362029561,4,47
4,0,0,pca_matched_dimension,1.0,0.24421542319678097,4,47
4,0,0,pca_matched_dimension,10.0,0.24237193580736038,4,47
4,0,0,pca_matched_dimension,100.0,0.27307099770377585,4,47
4,0,0,descriptor_mean,0.1,0.28566997502073593,4,47
4,0,0,descriptor_mean,1.0,0.2760097222505459,4,47
4,0,0,descriptor_mean,10.0,0.26409991487299866,4,47
4,0,0,descriptor_mean,100.0,0.29047326762451076,4,47
4,0,0,null_mean,0.1,0.31959904327389926,4,47
4,0,0,null_mean,1.0,0.2937578260804,4,47
4,0,0,null_mean,10.0,0.2699569071853336,4,47
4,0,0,null_mean,100.0,0.31074423830285713,4,47
4,0,0,null_local_svd,0.1,0.3023345315954337,4,47
4,0,0,null_local_svd,1.0,0.27526776700049194,4,47
4,0,0,null_local_svd,10.0,0.25991111369870895,4,47
4,0,0,null_local_svd,100.0,0.30501963495509843,4,47
4,0,1,structural_median,0.1,5.46554440022201,4,47
4,0,1,structural_median,1.0,5.243554684170706,4,47
4,0,1,structural_median,10.0,5.07974631142399,4,47
4,0,1,structural_median,100.0,7.184333669328303,4,47
4,0,1,descriptor_local_svd,0.1,3.405041229713485,4,47
4,0,1,descriptor_local_svd,1.0,3.0541903513370183,4,47
4,0,1,descriptor_local_svd,10.0,2.928298415326158,4,47
4,0,1,descriptor_local_svd,100.0,3.7390010258567643,4,47
4,0,1,degree_preserving_null,0.1,14.922703595736229,4,47
4,0,1,degree_preserving_null,1.0,14.892939241775046,4,47
4,0,1,degree_preserving_null,10.0,14.792756750788996,4,47
4,0,1,degree_preserving_null,100.0,14.911725938293257,4,47
4,0,1,family_median,0.1,15.539470274048549,4,47
4,0,1,family_median,1.0,15.540058412045124,4,47
4,0,1,family_median,10.0,15.547960500223779,4,47
4,0,1,family_median,100.0,15.655226427521454,4,47
4,0,1,all_visible_ridge,0.1,7.882318072481979,4,47
4,0,1,all_visible_ridge,1.0,4.601535542851422,4,47
4,0,1,all_visible_ridge,10.0,3.029095159340468,4,47
4,0,1,all_visible_ridge,100.0,2.6655350654505394,4,47
4,0,1,pca_matched_dimension,0.1,2.9051575350899688,4,47
4,0,1,pca_matched_dimension,1.0,2.8945035396164025,4,47
4,0,1,pca_matched_dimension,10.0,2.815296037065299,4,47
4,0,1,pca_matched_dimension,100.0,3.454015552175515,4,47
4,0,1,descriptor_mean,0.1,3.307466549210107,4,47
4,0,1,descriptor_mean,1.0,3.3273538040278607,4,47
4,0,1,descriptor_mean,10.0,3.4802249242484224,4,47
4,0,1,descriptor_mean,100.0,5.44581763850427,4,47
4,0,1,null_mean,0.1,3.6889513762027426,4,47
4,0,1,null_mean,1.0,3.5788733938665382,4,47
4,0,1,null_mean,10.0,3.8998930668432834,4,47
4,0,1,null_mean,100.0,8.086879707751105,4,47
4,0,1,null_local_svd,0.1,5.565998940725047,4,47
4,0,1,null_local_svd,1.0,6.176820529545151,4,47
4,0,1,null_local_svd,10.0,8.808780308377221,4,47
4,0,1,null_local_svd,100.0,12.775789354700699,4,47
4,0,2,structural_median,0.1,0.7487114904728815,4,47
4,0,2,structural_median,1.0,0.7116433048939881,4,47
4,0,2,structural_median,10.0,0.623503767885494,4,47
4,0,2,structural_median,100.0,0.7537716019104621,4,47
4,0,2,descriptor_local_svd,0.1,0.5438153069856841,4,47
4,0,2,descriptor_local_svd,1.0,0.5305370132586835,4,47
4,0,2,descriptor_local_svd,10.0,0.5231267550145668,4,47
4,0,2,descriptor_local_svd,100.0,0.6462386558224116,4,47
4,0,2,degree_preserving_null,0.1,1.7743099810571445,4,47
4,0,2,degree_preserving_null,1.0,1.7445534273943815,4,47
4,0,2,degree_preserving_null,10.0,1.6462355317336468,4,47
4,0,2,degree_preserving_null,100.0,1.6443608370507388,4,47
4,0,2,family_median,0.1,2.068112947162104,4,47
4,0,2,family_median,1.0,2.0697734318577954,4,47
4,0,2,family_median,10.0,2.0857656676102656,4,47
4,0,2,family_median,100.0,2.195726196589286,4,47
4,0,2,all_visible_ridge,0.1,1.5733108765996,4,47
4,0,2,all_visible_ridge,1.0,0.8671161173572626,4,47
4,0,2,all_visible_ridge,10.0,0.5258752916383874,4,47
4,0,2,all_visible_ridge,100.0,0.44535480767335944,4,47
4,0,2,pca_matched_dimension,0.1,0.49001981417904333,4,47
4,0,2,pca_matched_dimension,1.0,0.4882394143254205,4,47
4,0,2,pca_matched_dimension,10.0,0.4750460797937786,4,47
4,0,2,pca_matched_dimension,100.0,0.5843272192768774,4,47
4,0,2,descriptor_mean,0.1,0.5937682305811309,4,47
4,0,2,descriptor_mean,1.0,0.5499732638209406,4,47
4,0,2,descriptor_mean,10.0,0.5311204091602765,4,47
4,0,2,descriptor_mean,100.0,0.6477408834117037,4,47
4,0,2,null_mean,0.1,0.6560815197614408,4,47
4,0,2,null_mean,1.0,0.6088067832934334,4,47
4,0,2,null_mean,10.0,0.5467322527502567,4,47
4,0,2,null_mean,100.0,0.7066925426635837,4,47
4,0,2,null_local_svd,0.1,0.6427156451701563,4,47
4,0,2,null_local_svd,1.0,0.5979813822228983,4,47
4,0,2,null_local_svd,10.0,0.5627266283001375,4,47
4,0,2,null_local_svd,100.0,0.7537311734411792,4,47
4,1,0,structural_median,0.1,0.3403011268432809,4,47
4,1,0,structural_median,1.0,0.3209607216759839,4,47
4,1,0,structural_median,10.0,0.27066580629160886,4,47
4,1,0,structural_median,100.0,0.2535994880883407,4,47
4,1,0,descriptor_local_svd,0.1,0.25218488613035567,4,47
4,1,0,descriptor_local_svd,1.0,0.23780960685447133,4,47
4,1,0,descriptor_local_svd,10.0,0.22782713206354163,4,47
4,1,0,descriptor_local_svd,100.0,0.23871208518538015,4,47
4,1,0,degree_preserving_null,0.1,0.4207447035347374,4,47
4,1,0,degree_preserving_null,1.0,0.40215499720850556,4,47
4,1,0,degree_preserving_null,10.0,0.3290120129441492,4,47
4,1,0,degree_preserving_null,100.0,0.2804025540321964,4,47
4,1,0,family_median,0.1,0.4036580011958423,4,47
4,1,0,family_median,1.0,0.40297332652731177,4,47
4,1,0,family_median,10.0,0.39749438087989314,4,47
4,1,0,family_median,100.0,0.3892465855853261,4,47
4,1,0,all_visible_ridge,0.1,0.7192297234373513,4,47
4,1,0,all_visible_ridge,1.0,0.36235054682117673,4,47
4,1,0,all_visible_ridge,10.0,0.218102567124857,4,47
4,1,0,all_visible_ridge,100.0,0.18693277709071318,4,47
4,1,0,pca_matched_dimension,0.1,0.2161009029163139,4,47
4,1,0,pca_matched_dimension,1.0,0.2155098809586362,4,47
4,1,0,pca_matched_dimension,10.0,0.21058935363783038,4,47
4,1,0,pca_matched_dimension,100.0,0.21494830170545742,4,47
4,1,0,descriptor_mean,0.1,0.261543405764371,4,47
4,1,0,descriptor_mean,1.0,0.24960155479302193,4,47
4,1,0,descriptor_mean,10.0,0.2293580353895625,4,47
4,1,0,descriptor_mean,100.0,0.2377684507568767,4,47
4,1,0,null_mean,0.1,0.3054647593010309,4,47
4,1,0,null_mean,1.0,0.27628073323939667,4,47
4,1,0,null_mean,10.0,0.23575327874337043,4,47
4,1,0,null_mean,100.0,0.24216988359220362,4,47
4,1,0,null_local_svd,0.1,0.27709574421053024,4,47
4,1,0,null_local_svd,1.0,0.2492363585154207,4,47
4,1,0,null_local_svd,10.0,0.22489430735370597,4,47
4,1,0,null_local_svd,100.0,0.24282922061293397,4,47
4,1,1,structural_median,0.1,10.120073428163774,4,47
4,1,1,structural_median,1.0,10.042096500657408,4,47
4,1,1,structural_median,10.0,9.822192754141554,4,47
4,1,1,structural_median,100.0,10.898008693157461,4,47
4,1,1,descriptor_local_svd,0.1,7.658624836506294,4,47
4,1,1,descriptor_local_svd,1.0,7.636020402091699,4,47
4,1,1,descriptor_local_svd,10.0,7.6278625997049785,4,47
4,1,1,descriptor_local_svd,100.0,8.916593485111111,4,47
4,1,1,degree_preserving_null,0.1,17.270537823101392,4,47
4,1,1,degree_preserving_null,1.0,17.254793461337268,4,47
4,1,1,degree_preserving_null,10.0,17.24178643400093,4,47
4,1,1,degree_preserving_null,100.0,17.565076948942306,4,47
4,1,1,family_median,0.1,18.600514934183323,4,47
4,1,1,family_median,1.0,18.603875693132906,4,47
4,1,1,family_median,10.0,18.637158608570818,4,47
4,1,1,family_median,100.0,18.858650500176328,4,47
4,1,1,all_visible_ridge,0.1,19.66550496443586,4,47
4,1,1,all_visible_ridge,1.0,11.01483997811591,4,47
4,1,1,all_visible_ridge,10.0,6.836172983926465,4,47
4,1,1,all_visible_ridge,100.0,6.714198338926194,4,47
4,1,1,pca_matched_dimension,0.1,7.020723904985982,4,47
4,1,1,pca_matched_dimension,1.0,7.015634786623642,4,47
4,1,1,pca_matched_dimension,10.0,6.986755734160156,4,47
4,1,1,pca_matched_dimension,100.0,7.820384957712872,4,47
4,1,1,descriptor_mean,0.1,8.618028597604903,4,47
4,1,1,descriptor_mean,1.0,8.403991989271134,4,47
4,1,1,descriptor_mean,10.0,8.278432506513601,4,47
4,1,1,descriptor_mean,100.0,10.08792132159326,4,47
4,1,1,null_mean,0.1,9.421625576903416,4,47
4,1,1,null_mean,1.0,8.801869193946063,4,47
4,1,1,null_mean,10.0,8.839720669817275,4,47
4,1,1,null_mean,100.0,12.331198070650974,4,47
4,1,1,null_local_svd,0.1,11.995666178236215,4,47
4,1,1,null_local_svd,1.0,12.45271984109215,4,47
4,1,1,null_local_svd,10.0,14.142579085142726,4,47
4,1,1,null_local_svd,100.0,16.347018312119477,4,47
4,1,2,structural_median,0.1,0.4545360076570295,4,47
4,1,2,structural_median,1.0,0.4297531862884446,4,47
4,1,2,structural_median,10.0,0.37672454930376215,4,47
4,1,2,structural_median,100.0,0.38084023935725575,4,47
4,1,2,descriptor_local_svd,0.1,0.35111005072946827,4,47
4,1,2,descriptor_local_svd,1.0,0.3366974859353429,4,47
4,1,2,descriptor_local_svd,10.0,0.32918990678101206,4,47
4,1,2,descriptor_local_svd,100.0,0.3597337206640345,4,47
4,1,2,degree_preserving_null,0.1,0.591737514874199,4,47
4,1,2,degree_preserving_null,1.0,0.5722311649835861,4,47
4,1,2,degree_preserving_null,10.0,0.4903482334325963,4,47
4,1,2,degree_preserving_null,100.0,0.4494556757700219,4,47
4,1,2,family_median,0.1,0.6439264816141252,4,47
4,1,2,family_median,1.0,0.6424572777740526,4,47
4,1,2,family_median,10.0,0.6315621482824685,4,47
4,1,2,family_median,100.0,0.6240598607259753,4,47
4,1,2,all_visible_ridge,0.1,0.8487444058616799,4,47
4,1,2,all_visible_ridge,1.0,0.48103827605482335,4,47
4,1,2,all_visible_ridge,10.0,0.290019889186734,4,47
4,1,2,all_visible_ridge,100.0,0.2601535534206496,4,47
4,1,2,pca_matched_dimension,0.1,0.2827349865851555,4,47
4,1,2,pca_matched_dimension,1.0,0.2824313723998825,4,47
4,1,2,pca_matched_dimension,10.0,0.28049369506555744,4,47
4,1,2,pca_matched_dimension,100.0,0.3175534924853881,4,47
4,1,2,descriptor_mean,0.1,0.33704557831567594,4,47
4,1,2,descriptor_mean,1.0,0.33093544136784475,4,47
4,1,2,descriptor_mean,10.0,0.3240506028731371,4,47
4,1,2,descriptor_mean,100.0,0.35589621398563814,4,47
4,1,2,null_mean,0.1,0.39494345723523133,4,47
4,1,2,null_mean,1.0,0.3666271980696534,4,47
4,1,2,null_mean,10.0,0.33414097453372127,4,47
4,1,2,null_mean,100.0,0.3733840249055616,4,47
4,1,2,null_local_svd,0.1,0.37703734674514644,4,47
4,1,2,null_local_svd,1.0,0.34820580931981987,4,47
4,1,2,null_local_svd,10.0,0.32166402615720513,4,47
4,1,2,null_local_svd,100.0,0.36856452480700974,4,47
4,2,0,structural_median,0.1,0.6718545426016382,4,47
4,2,0,structural_median,1.0,0.6501576360893679,4,47
4,2,0,structural_median,10.0,0.5968986208371818,4,47
4,2,0,structural_median,100.0,0.5936579142848235,4,47
4,2,0,descriptor_local_svd,0.1,0.5602358074605294,4,47
4,2,0,descriptor_local_svd,1.0,0.5432001203249622,4,47
4,2,0,descriptor_local_svd,10.0,0.5182875316880515,4,47
4,2,0,descriptor_local_svd,100.0,0.5575032603776098,4,47
4,2,0,degree_preserving_null,0.1,0.7344773546689692,4,47
4,2,0,degree_preserving_null,1.0,0.7190348869435783,4,47
4,2,0,degree_preserving_null,10.0,0.6621857086083284,4,47
4,2,0,degree_preserving_null,100.0,0.6571136708183224,4,47
4,2,0,family_median,0.1,0.8350850450164429,4,47
4,2,0,family_median,1.0,0.8345932963373244,4,47
4,2,0,family_median,10.0,0.8311736166421042,4,47
4,2,0,family_median,100.0,0.83848397674092,4,47
4,2,0,all_visible_ridge,0.1,1.1412503171808606,4,47
4,2,0,all_visible_ridge,1.0,0.7111120900056052,4,47
4,2,0,all_visible_ridge,10.0,0.4838635341885916,4,47
4,2,0,all_visible_ridge,100.0,0.442022871612193,4,47
4,2,0,pca_matched_dimension,0.1,0.4585729633025003,4,47
4,2,0,pca_matched_dimension,1.0,0.4583042186866265,4,47
4,2,0,pca_matched_dimension,10.0,0.45672588712033435,4,47
4,2,0,pca_matched_dimension,100.0,0.49760280918996846,4,47
4,2,0,descriptor_mean,0.1,0.5487074373193853,4,47
4,2,0,descriptor_mean,1.0,0.5354512942713882,4,47
4,2,0,descriptor_mean,10.0,0.520334143273812,4,47
4,2,0,descriptor_mean,100.0,0.5500735330820825,4,47
4,2,0,null_mean,0.1,0.5861323529723172,4,47
4,2,0,null_mean,1.0,0.5536658504315102,4,47
4,2,0,null_mean,10.0,0.5150148982023761,4,47
4,2,0,null_mean,100.0,0.5671345462857947,4,47
4,2,0,null_local_svd,0.1,0.6031787029045111,4,47
4,2,0,null_local_svd,1.0,0.5558010866632276,4,47
4,2,0,null_local_svd,10.0,0.5237771982186603,4,47
4,2,0,null_local_svd,100.0,0.5852455877781272,4,47
4,2,1,structural_median,0.1,0.8282675748122702,4,47
4,2,1,structural_median,1.0,0.7763451368938292,4,47
4,2,1,structural_median,10.0,0.6446818326458793,4,47
4,2,1,structural_median,100.0,0.6498976929075966,4,47
4,2,1,descriptor_local_svd,0.1,0.686967262169377,4,47
4,2,1,descriptor_local_svd,1.0,0.6049618717073815,4,47
4,2,1,descriptor_local_svd,10.0,0.533366247589218,4,47
4,2,1,descriptor_local_svd,100.0,0.5527847116948119,4,47
4,2,1,degree_preserving_null,0.1,1.415611360779937,4,47
4,2,1,degree_preserving_null,1.0,1.3775083136163326,4,47
4,2,1,degree_preserving_null,10.0,1.2494784173374773,4,47
4,2,1,degree_preserving_null,100.0,1.2061845249802603,4,47
4,2,1,family_median,0.1,1.5491668537303578,4,47
4,2,1,family_median,1.0,1.5505454885990488,4,47
4,2,1,family_median,10.0,1.5651063782805394,4,47
4,2,1,family_median,100.0,1.6764434014001135,4,47
4,2,1,all_visible_ridge,0.1,1.9007403989497826,4,47
4,2,1,all_visible_ridge,1.0,1.0821219261583037,4,47
4,2,1,all_visible_ridge,10.0,0.6426546414042167,4,47
4,2,1,all_visible_ridge,100.0,0.45610616676403737,4,47
4,2,1,pca_matched_dimension,0.1,0.5694460185787159,4,47
4,2,1,pca_matched_dimension,1.0,0.5662079351472079,4,47
4,2,1,pca_matched_dimension,10.0,0.538724411841291,4,47
4,2,1,pca_matched_dimension,100.0,0.5316242249880999,4,47
4,2,1,descriptor_mean,0.1,0.7851844357731591,4,47
4,2,1,descriptor_mean,1.0,0.645480250612442,4,47
4,2,1,descriptor_mean,10.0,0.5584622553590957,4,47
4,2,1,descriptor_mean,100.0,0.5658762538657252,4,47
4,2,1,null_mean,0.1,0.7861718480815155,4,47
4,2,1,null_mean,1.0,0.7096721184086231,4,47
4,2,1,null_mean,10.0,0.5699510366717749,4,47
4,2,1,null_mean,100.0,0.6274299686590562,4,47
4,2,1,null_local_svd,0.1,0.6993828412545412,4,47
4,2,1,null_local_svd,1.0,0.6209775149023079,4,47
4,2,1,null_local_svd,10.0,0.5401422466715474,4,47
4,2,1,null_local_svd,100.0,0.658112618346104,4,47
4,2,2,structural_median,0.1,0.4329897096840333,4,47
4,2,2,structural_median,1.0,0.40407613138138754,4,47
4,2,2,structural_median,10.0,0.33791700594835294,4,47
4,2,2,structural_median,100.0,0.3176325073892429,4,47
4,2,2,descriptor_local_svd,0.1,0.33115867646672115,4,47
4,2,2,descriptor_local_svd,1.0,0.3129976850524046,4,47
4,2,2,descriptor_local_svd,10.0,0.29297735008488673,4,47
4,2,2,descriptor_local_svd,100.0,0.3031615417948178,4,47
4,2,2,degree_preserving_null,0.1,0.518739356285867,4,47
4,2,2,degree_preserving_null,1.0,0.495497599453973,4,47
4,2,2,degree_preserving_null,10.0,0.41301131350863607,4,47
4,2,2,degree_preserving_null,100.0,0.3705700224587023,4,47
4,2,2,family_median,0.1,0.5019986145214039,4,47
4,2,2,family_median,1.0,0.5011626934115021,4,47
4,2,2,family_median,10.0,0.4952106836788528,4,47
4,2,2,family_median,100.0,0.49995070839776334,4,47
4,2,2,all_visible_ridge,0.1,0.8777069136441727,4,47
4,2,2,all_visible_ridge,1.0,0.48403174002120963,4,47
4,2,2,all_visible_ridge,10.0,0.2896396129900601,4,47
4,2,2,all_visible_ridge,100.0,0.23510051051549657,4,47
4,2,2,pca_matched_dimension,0.1,0.26666259549426735,4,47
4,2,2,pca_matched_dimension,1.0,0.26612836874214385,4,47
4,2,2,pca_matched_dimension,10.0,0.2619089107911619,4,47
4,2,2,pca_matched_dimension,100.0,0.2793171197260833,4,47
4,2,2,descriptor_mean,0.1,0.3280252132221692,4,47
4,2,2,descriptor_mean,1.0,0.3173209560004207,4,47
4,2,2,descriptor_mean,10.0,0.29562458558510224,4,47
4,2,2,descriptor_mean,100.0,0.30096544982878953,4,47
4,2,2,null_mean,0.1,0.3747895395537368,4,47
4,2,2,null_mean,1.0,0.3414541266096364,4,47
4,2,2,null_mean,10.0,0.29529597932103835,4,47
4,2,2,null_mean,100.0,0.3107088022377222,4,47
4,2,2,null_local_svd,0.1,0.35668981805183536,4,47
4,2,2,null_local_svd,1.0,0.3240459994866988,4,47
4,2,2,null_local_svd,10.0,0.2898395825563677,4,47
4,2,2,null_local_svd,100.0,0.31427854224399343,4,47
4,3,0,structural_median,0.1,0.3945974821747687,4,47
4,3,0,structural_median,1.0,0.3706257972504054,4,47
4,3,0,structural_median,10.0,0.32183267786812964,4,47
4,3,0,structural_median,100.0,0.3282765874629987,4,47
4,3,0,descriptor_local_svd,0.1,0.2843208863908133,4,47
4,3,0,descriptor_local_svd,1.0,0.273515037594975,4,47
4,3,0,descriptor_local_svd,10.0,0.2697740132797657,4,47
4,3,0,descriptor_local_svd,100.0,0.3060158099419958,4,47
4,3,0,degree_preserving_null,0.1,0.5150055884625612,4,47
4,3,0,degree_preserving_null,1.0,0.4992224625492501,4,47
4,3,0,degree_preserving_null,10.0,0.43448352047896915,4,47
4,3,0,degree_preserving_null,100.0,0.3948534125431944,4,47
4,3,0,family_median,0.1,0.5282471739926408,4,47
4,3,0,family_median,1.0,0.5272806193095343,4,47
4,3,0,family_median,10.0,0.5199007310410304,4,47
4,3,0,family_median,100.0,0.5130710960696232,4,47
4,3,0,all_visible_ridge,0.1,0.8043071459172666,4,47
4,3,0,all_visible_ridge,1.0,0.4567979434699776,4,47
4,3,0,all_visible_ridge,10.0,0.2717502538355045,4,47
4,3,0,all_visible_ridge,100.0,0.22538235312253085,4,47
4,3,0,pca_matched_dimension,0.1,0.2603721758868065,4,47
4,3,0,pca_matched_dimension,1.0,0.25985875579477447,4,47
4,3,0,pca_matched_dimension,10.0,0.2558331046386185,4,47
4,3,0,pca_matched_dimension,100.0,0.27430245565490324,4,47
4,3,0,descriptor_mean,0.1,0.2894161821633373,4,47
4,3,0,descriptor_mean,1.0,0.279329546789868,4,47
4,3,0,descriptor_mean,10.0,0.26955524764523286,4,47
4,3,0,descriptor_mean,100.0,0.2997771118470335,4,47
4,3,0,null_mean,0.1,0.3590670771729607,4,47
4,3,0,null_mean,1.0,0.3295792596492354,4,47
4,3,0,null_mean,10.0,0.29130261642470623,4,47
4,3,0,null_mean,100.0,0.3234151946569327,4,47
4,3,0,null_local_svd,0.1,0.3439058514723812,4,47
4,3,0,null_local_svd,1.0,0.30845211357522323,4,47
4,3,0,null_local_svd,10.0,0.276866844985079,4,47
4,3,0,null_local_svd,100.0,0.3185169350039079,4,47
4,3,1,structural_median,0.1,9.888203535442434,4,47
4,3,1,structural_median,1.0,9.778699438287198,4,47
4,3,1,structural_median,10.0,9.321420019139259,4,47
4,3,1,structural_median,100.0,10.485558020509288,4,47
4,3,1,descriptor_local_svd,0.1,6.890628910868987,4,47
4,3,1,descriptor_local_svd,1.0,6.85876581391135,4,47
4,3,1,descriptor_local_svd,10.0,6.517730764229984,4,47
4,3,1,descriptor_local_svd,100.0,7.491458725368533,4,47
4,3,1,degree_preserving_null,0.1,17.687420129485247,4,47
4,3,1,degree_preserving_null,1.0,17.655701182059385,4,47
4,3,1,degree_preserving_null,10.0,17.566623758852625,4,47
4,3,1,degree_preserving_null,100.0,17.71403902889875,4,47
4,3,1,family_median,0.1,18.239939934127097,4,47
4,3,1,family_median,1.0,18.241512921988164,4,47
4,3,1,family_median,10.0,18.25796608496875,4,47
4,3,1,family_median,100.0,18.405455516978922,4,47
4,3,1,all_visible_ridge,0.1,12.482701460595623,4,47
4,3,1,all_visible_ridge,1.0,7.993436634524316,4,47
4,3,1,all_visible_ridge,10.0,6.019814084604469,4,47
4,3,1,all_visible_ridge,100.0,5.4435318449213055,4,47
4,3,1,pca_matched_dimension,0.1,6.780558923080741,4,47
4,3,1,pca_matched_dimension,1.0,6.753390347543351,4,47
4,3,1,pca_matched_dimension,10.0,6.520445183812827,4,47
4,3,1,pca_matched_dimension,100.0,6.32222461125246,4,47
4,3,1,descriptor_mean,0.1,7.072217046823952,4,47
4,3,1,descriptor_mean,1.0,7.026871662987839,4,47
4,3,1,descriptor_mean,10.0,7.146099136842569,4,47
4,3,1,descriptor_mean,100.0,8.653995369182697,4,47
4,3,1,null_mean,0.1,6.208710154511824,4,47
4,3,1,null_mean,1.0,5.967521824676879,4,47
4,3,1,null_mean,10.0,6.500593108678117,4,47
4,3,1,null_mean,100.0,11.090245893337588,4,47
4,3,1,null_local_svd,0.1,7.912674852077109,4,47
4,3,1,null_local_svd,1.0,8.181708178685653,4,47
4,3,1,null_local_svd,10.0,10.461015505282079,4,47
4,3,1,null_local_svd,100.0,14.887600198765185,4,47
4,3,2,structural_median,0.1,0.7191966726541631,4,47
4,3,2,structural_median,1.0,0.6780224224099636,4,47
4,3,2,structural_median,10.0,0.579735806468165,4,47
4,3,2,structural_median,100.0,0.601505593948949,4,47
4,3,2,descriptor_local_svd,0.1,0.6015436082183883,4,47
4,3,2,descriptor_local_svd,1.0,0.5421741561203188,4,47
4,3,2,descriptor_local_svd,10.0,0.5088121422586425,4,47
4,3,2,descriptor_local_svd,100.0,0.5338386104459063,4,47
4,3,2,degree_preserving_null,0.1,1.2169289190406527,4,47
4,3,2,degree_preserving_null,1.0,1.1977817981069092,4,47
4,3,2,degree_preserving_null,10.0,1.1332494333107184,4,47
4,3,2,degree_preserving_null,100.0,1.1478479539731126,4,47
4,3,2,family_median,0.1,1.5577859502784102,4,47
4,3,2,family_median,1.0,1.5580078907017745,4,47
4,3,2,family_median,10.0,1.5621287813685751,4,47
4,3,2,family_median,100.0,1.6257833049811095,4,47
4,3,2,all_visible_ridge,0.1,1.5869757204685235,4,47
4,3,2,all_visible_ridge,1.0,0.950672807014555,4,47
4,3,2,all_visible_ridge,10.0,0.5867358164189842,4,47
4,3,2,all_visible_ridge,100.0,0.43862068572668794,4,47
4,3,2,pca_matched_dimension,0.1,0.5244294030379031,4,47
4,3,2,pca_matched_dimension,1.0,0.5221021616443584,4,47
4,3,2,pca_matched_dimension,10.0,0.5028280419018419,4,47
4,3,2,pca_matched_dimension,100.0,0.5259657378879222,4,47
4,3,2,descriptor_mean,0.1,0.6288579771282461,4,47
4,3,2,descriptor_mean,1.0,0.5645287526732983,4,47
4,3,2,descriptor_mean,10.0,0.5145782834277067,4,47
4,3,2,descriptor_mean,100.0,0.538646631944841,4,47
4,3,2,null_mean,0.1,0.6961070931419682,4,47
4,3,2,null_mean,1.0,0.6318203582596105,4,47
4,3,2,null_mean,10.0,0.5291490343655076,4,47
4,3,2,null_mean,100.0,0.5977385025187546,4,47
4,3,2,null_local_svd,0.1,0.6905785196012841,4,47
4,3,2,null_local_svd,1.0,0.5993599602010176,4,47
4,3,2,null_local_svd,10.0,0.5092065739336746,4,47
4,3,2,null_local_svd,100.0,0.5936811637022116,4,47
4,4,0,structural_median,0.1,6.820353725539688,4,47
4,4,0,structural_median,1.0,6.428647838694704,4,47
4,4,0,structural_median,10.0,5.6035370614783035,4,47
4,4,0,structural_median,100.0,6.917340629034684,4,47
4,4,0,descriptor_local_svd,0.1,3.9130126814828308,4,47
4,4,0,descriptor_local_svd,1.0,3.488323272408633,4,47
4,4,0,descriptor_local_svd,10.0,3.309745884039147,4,47
4,4,0,descriptor_local_svd,100.0,4.665747668919711,4,47
4,4,0,degree_preserving_null,0.1,14.058186383450252,4,47
4,4,0,degree_preserving_null,1.0,14.025692701577938,4,47
4,4,0,degree_preserving_null,10.0,13.939753041625037,4,47
4,4,0,degree_preserving_null,100.0,14.103539334787829,4,47
4,4,0,family_median,0.1,14.634368933211046,4,47
4,4,0,family_median,1.0,14.636316045834464,4,47
4,4,0,family_median,10.0,14.656545879739665,4,47
4,4,0,family_median,100.0,14.810833833541952,4,47
4,4,0,all_visible_ridge,0.1,8.29822175923142,4,47
4,4,0,all_visible_ridge,1.0,4.965669947863811,4,47
4,4,0,all_visible_ridge,10.0,3.226175444492603,4,47
4,4,0,all_visible_ridge,100.0,2.706499904997939,4,47
4,4,0,pca_matched_dimension,0.1,3.2074255927924833,4,47
4,4,0,pca_matched_dimension,1.0,3.187921539269469,4,47
4,4,0,pca_matched_dimension,10.0,3.0255230199934187,4,47
4,4,0,pca_matched_dimension,100.0,3.168286115892618,4,47
4,4,0,descriptor_mean,0.1,3.8795651091601018,4,47
4,4,0,descriptor_mean,1.0,3.5228719499474184,4,47
4,4,0,descriptor_mean,10.0,3.4990302481865596,4,47
4,4,0,descriptor_mean,100.0,5.487407306718946,4,47
4,4,0,null_mean,0.1,4.765304732793401,4,47
4,4,0,null_mean,1.0,4.423773309353197,4,47
4,4,0,null_mean,10.0,4.4647558541381684,4,47
4,4,0,null_mean,100.0,8.438315273622862,4,47
4,4,0,null_local_svd,0.1,7.963079768981612,4,47
4,4,0,null_local_svd,1.0,8.61080526489129,4,47
4,4,0,null_local_svd,10.0,10.755232911074987,4,47
4,4,0,null_local_svd,100.0,12.976094537487544,4,47
4,4,1,structural_median,0.1,0.4366241323954525,4,47
4,4,1,structural_median,1.0,0.4127964586218923,4,47
4,4,1,structural_median,10.0,0.34944096428260796,4,47
4,4,1,structural_median,100.0,0.328335722626676,4,47
4,4,1,descriptor_local_svd,0.1,0.2981633569232723,4,47
4,4,1,descriptor_local_svd,1.0,0.28386150297115886,4,47
4,4,1,descriptor_local_svd,10.0,0.2760916986926324,4,47
4,4,1,descriptor_local_svd,100.0,0.304010528126733,4,47
4,4,1,degree_preserving_null,0.1,0.5342444026999279,4,47
4,4,1,degree_preserving_null,1.0,0.5103193996766764,4,47
4,4,1,degree_preserving_null,10.0,0.42592429590698194,4,47
4,4,1,degree_preserving_null,100.0,0.3852977920954435,4,47
4,4,1,family_median,0.1,0.5341460438476364,4,47
4,4,1,family_median,1.0,0.5335209340213618,4,47
4,4,1,family_median,10.0,0.5293057398889511,4,47
4,4,1,family_median,100.0,0.5367412273854992,4,47
4,4,1,all_visible_ridge,0.1,0.8151271998432369,4,47
4,4,1,all_visible_ridge,1.0,0.4585210265776851,4,47
4,4,1,all_visible_ridge,10.0,0.26643946702626975,4,47
4,4,1,all_visible_ridge,100.0,0.22860823510799483,4,47
4,4,1,pca_matched_dimension,0.1,0.2610819456804413,4,47
4,4,1,pca_matched_dimension,1.0,0.260607675510467,4,47
4,4,1,pca_matched_dimension,10.0,0.25703533668388207,4,47
4,4,1,pca_matched_dimension,100.0,0.28273251021588414,4,47
4,4,1,descriptor_mean,0.1,0.3051650635983394,4,47
4,4,1,descriptor_mean,1.0,0.2977862962164338,4,47
4,4,1,descriptor_mean,10.0,0.28214287800618054,4,47
4,4,1,descriptor_mean,100.0,0.3023025444316153,4,47
4,4,1,null_mean,0.1,0.36628051418715535,4,47
4,4,1,null_mean,1.0,0.33386591359571954,4,47
4,4,1,null_mean,10.0,0.2926587891179202,4,47
4,4,1,null_mean,100.0,0.32296144793369963,4,47
4,4,1,null_local_svd,0.1,0.3781256114606725,4,47
4,4,1,null_local_svd,1.0,0.33181235914781887,4,47
4,4,1,null_local_svd,10.0,0.2851787468790641,4,47
4,4,1,null_local_svd,100.0,0.31586785595212136,4,47
4,4,2,structural_median,0.1,0.48729174229316435,4,47
4,4,2,structural_median,1.0,0.4663164680413092,4,47
4,4,2,structural_median,10.0,0.4095266263100644,4,47
4,4,2,structural_median,100.0,0.4032220114849153,4,47
4,4,2,descriptor_local_svd,0.1,0.37137506613302285,4,47
4,4,2,descriptor_local_svd,1.0,0.34994181279665204,4,47
4,4,2,descriptor_local_svd,10.0,0.3299718424498411,4,47
4,4,2,descriptor_local_svd,100.0,0.3576592743808324,4,47
4,4,2,degree_preserving_null,0.1,0.6117128802752136,4,47
4,4,2,degree_preserving_null,1.0,0.5897916959545452,4,47
4,4,2,degree_preserving_null,10.0,0.5078880850576456,4,47
4,4,2,degree_preserving_null,100.0,0.468010689098291,4,47
4,4,2,family_median,0.1,0.6258080124812684,4,47
4,4,2,family_median,1.0,0.6253775924473943,4,47
4,4,2,family_median,10.0,0.6225345612609395,4,47
4,4,2,family_median,100.0,0.6329794905882493,4,47
4,4,2,all_visible_ridge,0.1,0.8976818509730797,4,47
4,4,2,all_visible_ridge,1.0,0.512647752843676,4,47
4,4,2,all_visible_ridge,10.0,0.32435397055347504,4,47
4,4,2,all_visible_ridge,100.0,0.28016900858396837,4,47
4,4,2,pca_matched_dimension,0.1,0.307118619123175,4,47
4,4,2,pca_matched_dimension,1.0,0.30677738519551895,4,47
4,4,2,pca_matched_dimension,10.0,0.3045469996601534,4,47
4,4,2,pca_matched_dimension,100.0,0.34309362414239286,4,47
4,4,2,descriptor_mean,0.1,0.3625683173205181,4,47
4,4,2,descriptor_mean,1.0,0.3595917894854551,4,47
4,4,2,descriptor_mean,10.0,0.34090802180945784,4,47
4,4,2,descriptor_mean,100.0,0.363925933969175,4,47
4,4,2,null_mean,0.1,0.4280189637729219,4,47
4,4,2,null_mean,1.0,0.39332889003492905,4,47
4,4,2,null_mean,10.0,0.35155709261638846,4,47
4,4,2,null_mean,100.0,0.3851217937932776,4,47
4,4,2,null_local_svd,0.1,0.4405620847946514,4,47
4,4,2,null_local_svd,1.0,0.40271686552432484,4,47
4,4,2,null_local_svd,10.0,0.3569810996871997,4,47
4,4,2,null_local_svd,100.0,0.385885060597003,4,47
