target,model,lineage,repeat,fold,observations,squared_error_sum,truth_energy_sum,split_digest
AMP,direct_neighbor_ridge,autonomic_ganglia,0,0,16,14.970711119034073,19.331152678946303,db1ab3680dcfc2deb10e2511ec28b70b27966d5a436d724be48267bcbf200acf
AMP,direct_neighbor_ridge,haematopoietic_and_lymphoid_tissue,0,0,163,410.4929973891944,1041.764073605136,db1ab3680dcfc2deb10e2511ec28b70b27966d5a436d724be48267bcbf200acf
AMP,direct_neighbor_ridge,bone,0,1,19,6.059718995142969,20.281931600828614,32d2e2f547f707a9f12d899e65a934275c9f49020e10d214973126d05910ec9c
AMP,direct_neighbor_ridge,ovary,0,1,45,10.762178099524098,18.448573034606326,32d2e2f547f707a9f12d899e65a934275c9f49020e10d214973126d05910ec9c
AMP,direct_neighbor_ridge,skin,0,1,52,10.735119503122908,24.06701036058401,32d2e2f547f707a9f12d899e65a934275c9f49020e10d214973126d05910ec9c
AMP,direct_neighbor_ridge,upper_aerodigestive_tract,0,1,30,5.216340413810746,12.712771150868411,32d2e2f547f707a9f12d899e65a934275c9f49020e10d214973126d05910ec9c
AMP,direct_neighbor_ridge,urinary_tract,0,1,25,8.012259664106914,14.184833053366342,32d2e2f547f707a9f12d899e65a934275c9f49020e10d214973126d05910ec9c
AMP,direct_neighbor_ridge,large_intestine,0,2,55,21.40960663372639,53.301313545851336,659dce4f66bf4ee0228513d024a4e287e9f1aa3957152332b1483ab0af67cb42
AMP,direct_neighbor_ridge,oesophagus,0,2,25,5.259586451544435,4.250132417094257,659dce4f66bf4ee0228513d024a4e287e9f1aa3957152332b1483ab0af67cb42
AMP,direct_neighbor_ridge,pancreas,0,2,41,11.343548083271754,14.45773777795576,659dce4f66bf4ee0228513d024a4e287e9f1aa3957152332b1483ab0af67cb42
AMP,direct_neighbor_ridge,soft_tissue,0,2,18,10.767805098322116,13.169745223124597,659dce4f66bf4ee0228513d024a4e287e9f1aa3957152332b1483ab0af67cb42
AMP,direct_neighbor_ridge,stomach,0,2,37,12.880286065613088,21.498759575242826,659dce4f66bf4ee0228513d024a4e287e9f1aa3957152332b1483ab0af67cb42
AMP,direct_neighbor_ridge,breast,0,3,49,15.12757243920272,19.25748016311952,9492e163b6ef19b0563b1ce8302b8e8794e2e4c9c8031c62ff9774a3f63f6f58
AMP,direct_neighbor_ridge,central_nervous_system,0,3,49,13.148276649228205,26.476421875720458,9492e163b6ef19b0563b1ce8302b8e8794e2e4c9c8031c62ff9774a3f63f6f58
AMP,direct_neighbor_ridge,endometrium,0,3,28,5.80269383121187,16.640441145865417,9492e163b6ef19b0563b1ce8302b8e8794e2e4c9c8031c62ff9774a3f63f6f58
AMP,direct_neighbor_ridge,kidney,0,3,23,3.9647896517094514,12.549564486823249,9492e163b6ef19b0563b1ce8302b8e8794e2e4c9c8031c62ff9774a3f63f6f58
AMP,direct_neighbor_ridge,liver,0,3,25,8.383353969803288,13.046140402502216,9492e163b6ef19b0563b1ce8302b8e8794e2e4c9c8031c62ff9774a3f63f6f58
AMP,direct_neighbor_ridge,lung,0,4,176,55.64363163060299,110.50587665542707,cf9883e99ee1b956d01c2cb42a4d284b982ce23065d3616a5e1cced359e41fb5
AMP,direct_neighbor_ridge,bone,1,0,19,6.059718995142969,20.281931600828614,32d2e2f547f707a9f12d899e65a934275c9f49020e10d214973126d05910ec9c
AMP,direct_neighbor_ridge,ovary,1,0,45,10.762178099524098,18.448573034606326,32d2e2f547f707a9f12d899e65a934275c9f49020e10d214973126d05910ec9c
AMP,direct_neighbor_ridge,skin,1,0,52,10.735119503122908,24.06701036058401,32d2e2f547f707a9f12d899e65a934275c9f49020e10d214973126d05910ec9c
AMP,direct_neighbor_ridge,upper_aerodigestive_tract,1,0,30,5.216340413810746,12.712771150868411,32d2e2f547f707a9f12d899e65a934275c9f49020e10d214973126d05910ec9c
AMP,direct_neighbor_ridge,urinary_tract,1,0,25,8.012259664106914,14.184833053366342,32d2e2f547f707a9f12d899e65a934275c9f49020e10d214973126d05910ec9c
AMP,direct_neighbor_ridge,lung,1,1,176,50.316931223363426,110.50587665542707,cf9883e99ee1b956d01c2cb42a4d284b982ce23065d3616a5e1cced359e41fb5
AMP,direct_neighbor_ridge,autonomic_ganglia,1,2,16,14.970711119034073,19.331152678946303,db1ab3680dcfc2deb10e2511ec28b70b27966d5a436d724be48267bcbf200acf
AMP,direct_neighbor_ridge,haematopoietic_and_lymphoid_tissue,1,2,163,410.4929973891944,1041.764073605136,db1ab3680dcfc2deb10e2511ec28b70b27966d5a436d724be48267bcbf200acf
AMP,direct_neighbor_ridge,large_intestine,1,3,55,21.249992773612504,53.301313545851336,659dce4f66bf4ee0228513d024a4e287e9f1aa3957152332b1483ab0af67cb42
AMP,direct_neighbor_ridge,oesophagus,1,3,25,5.193841339210662,4.250132417094257,659dce4f66bf4ee0228513d024a4e287e9f1aa3957152332b1483ab0af67cb42
AMP,direct_neighbor_ridge,pancreas,1,3,41,11.258914108489419,14.45773777795576,659dce4f66bf4ee0228513d024a4e287e9f1aa3957152332b1483ab0af67cb42
AMP,direct_neighbor_ridge,soft_tissue,1,3,18,10.618589161970815,13.169745223124597,659dce4f66bf4ee0228513d024a4e287e9f1aa3957152332b1483ab0af67cb42
AMP,direct_neighbor_ridge,stomach,1,3,37,12.786260515711447,21.498759575242826,659dce4f66bf4ee0228513d024a4e287e9f1aa3957152332b1483ab0af67cb42
AMP,direct_neighbor_ridge,breast,1,4,49,15.12757243920272,19.25748016311952,9492e163b6ef19b0563b1ce8302b8e8794e2e4c9c8031c62ff9774a3f63f6f58
AMP,direct_neighbor_ridge,central_nervous_system,1,4,49,13.148276649228205,26.476421875720458,9492e163b6ef19b0563b1ce8302b8e8794e2e4c9c8031c62ff9774a3f63f6f58
AMP,direct_neighbor_ridge,endometrium,1,4,28,5.80269383121187,16.640441145865417,9492e163b6ef19b0563b1ce8302b8e8794e2e4c9c8031c62ff9774a3f63f6f58
AMP,direct_neighbor_ridge,kidney,1,4,23,3.9647896517094514,12.549564486823249,9492e163b6ef19b0563b1ce8302b8e8794e2e4c9c8031c62ff9774a3f63f6f58
AMP,direct_neighbor_ridge,liver,1,4,25,8.383353969803288,13.046140402502216,9492e163b6ef19b0563b1ce8302b8e8794e2e4c9c8031c62ff9774a3f63f6f58
CMP,direct_neighbor_ridge,autonomic_ganglia,0,0,16,8.333289044471783,10.619296314966352,db1ab3680dcfc2deb10e2511ec28b70b27966d5a436d724be48267bcbf200acf
CMP,direct_neighbor_ridge,haematopoietic_and_lymphoid_tissue,0,0,163,834.1198484923632,919.7932594882664,db1ab3680dcfc2deb10e2511ec28b70b27966d5a436d724be48267bcbf200acf
CMP,direct_neighbor_ridge,bone,0,1,19,17.622494309662457,18.357026855775455,32d2e2f547f707a9f12d899e65a934275c9f49020e10d214973126d05910ec9c
CMP,direct_neighbor_ridge,ovary,0,1,45,21.12172276263472,19.907173192122308,32d2e2f547f707a9f12d899e65a934275c9f49020e10d214973126d05910ec9c
CMP,direct_neighbor_ridge,skin,0,1,52,25.94944282902796,23.644252920302684,32d2e2f547f707a9f12d899e65a934275c9f49020e10d214973126d05910ec9c
CMP,direct_neighbor_ridge,upper_aerodigestive_tract,0,1,30,16.491910756070805,15.173946751340207,32d2e2f547f707a9f12d899e65a934275c9f49020e10d214973126d05910ec9c
CMP,direct_neighbor_ridge,urinary_tract,0,1,25,13.968361275399456,9.244190442269007,32d2e2f547f707a9f12d899e65a934275c9f49020e10d214973126d05910ec9c
CMP,direct_neighbor_ridge,large_intestine,0,2,55,42.53668961622319,58.88378286647672,659dce4f66bf4ee0228513d024a4e287e9f1aa3957152332b1483ab0af67cb42
CMP,direct_neighbor_ridge,oesophagus,0,2,25,8.223873325548494,8.675521724548119,659dce4f66bf4ee0228513d024a4e287e9f1aa3957152332b1483ab0af67cb42
CMP,direct_neighbor_ridge,pancreas,0,2,41,13.329047504877929,18.514246013022614,659dce4f66bf4ee0228513d024a4e287e9f1aa3957152332b1483ab0af67cb42
CMP,direct_neighbor_ridge,soft_tissue,0,2,18,17.03978856683302,18.35326635934088,659dce4f66bf4ee0228513d024a4e287e9f1aa3957152332b1483ab0af67cb42
CMP,direct_neighbor_ridge,stomach,0,2,37,28.487419343879797,24.762099080308257,659dce4f66bf4ee0228513d024a4e287e9f1aa3957152332b1483ab0af67cb42
CMP,direct_neighbor_ridge,breast,0,3,49,18.4215417286576,15.430211423113436,9492e163b6ef19b0563b1ce8302b8e8794e2e4c9c8031c62ff9774a3f63f6f58
CMP,direct_neighbor_ridge,central_nervous_system,0,3,49,39.419593227607564,36.63025810310564,9492e163b6ef19b0563b1ce8302b8e8794e2e4c9c8031c62ff9774a3f63f6f58
CMP,direct_neighbor_ridge,endometrium,0,3,28,17.957814704835428,21.98040782704436,9492e163b6ef19b0563b1ce8302b8e8794e2e4c9c8031c62ff9774a3f63f6f58
CMP,direct_neighbor_ridge,kidney,0,3,23,21.76993023545072,16.92167848905961,9492e163b6ef19b0563b1ce8302b8e8794e2e4c9c8031c62ff9774a3f63f6f58
CMP,direct_neighbor_ridge,liver,0,3,25,16.28503263480863,15.280094486865654,9492e163b6ef19b0563b1ce8302b8e8794e2e4c9c8031c62ff9774a3f63f6f58
CMP,direct_neighbor_ridge,lung,0,4,176,93.68468419036813,102.16918696879448,cf9883e99ee1b956d01c2cb42a4d284b982ce23065d3616a5e1cced359e41fb5
CMP,direct_neighbor_ridge,bone,1,0,19,17.622494309662457,18.357026855775455,32d2e2f547f707a9f12d899e65a934275c9f49020e10d214973126d05910ec9c
CMP,direct_neighbor_ridge,ovary,1,0,45,21.12172276263472,19.907173192122308,32d2e2f547f707a9f12d899e65a934275c9f49020e10d214973126d05910ec9c
CMP,direct_neighbor_ridge,skin,1,0,52,25.94944282902796,23.644252920302684,32d2e2f547f707a9f12d899e65a934275c9f49020e10d214973126d05910ec9c
CMP,direct_neighbor_ridge,upper_aerodigestive_tract,1,0,30,16.491910756070805,15.173946751340207,32d2e2f547f707a9f12d899e65a934275c9f49020e10d214973126d05910ec9c
CMP,direct_neighbor_ridge,urinary_tract,1,0,25,13.968361275399456,9.244190442269007,32d2e2f547f707a9f12d899e65a934275c9f49020e10d214973126d05910ec9c
CMP,direct_neighbor_ridge,lung,1,1,176,93.68468419036813,102.16918696879448,cf9883e99ee1b956d01c2cb42a4d284b982ce23065d3616a5e1cced359e41fb5
CMP,direct_neighbor_ridge,autonomic_ganglia,1,2,16,8.333289044471783,10.619296314966352,db1ab3680dcfc2deb10e2511ec28b70b27966d5a436d724be48267bcbf200acf
CMP,direct_neighbor_ridge,haematopoietic_and_lymphoid_tissue,1,2,163,834.1198484923632,919.7932594882664,db1ab3680dcfc2deb10e2511ec28b70b27966d5a436d724be48267bcbf200acf
CMP,direct_neighbor_ridge,large_intestine,1,3,55,42.53668961622319,58.88378286647672,659dce4f66bf4ee0228513d024a4e287e9f1aa3957152332b1483ab0af67cb42
CMP,direct_neighbor_ridge,oesophagus,1,3,25,8.223873325548494,8.675521724548119,659dce4f66bf4ee0228513d024a4e287e9f1aa3957152332b1483ab0af67cb42
CMP,direct_neighbor_ridge,pancreas,1,3,41,13.329047504877929,18.514246013022614,659dce4f66bf4ee0228513d024a4e287e9f1aa3957152332b1483ab0af67cb42
CMP,direct_neighbor_ridge,soft_tissue,1,3,18,17.03978856683302,18.35326635934088,659dce4f66bf4ee0228513d024a4e287e9f1aa3957152332b1483ab0af67cb42
CMP,direct_neighbor_ridge,stomach,1,3,37,28.487419343879797,24.762099080308257,659dce4f66bf4ee0228513d024a4e287e9f1aa3957152332b1483ab0af67cb42
CMP,direct_neighbor_ridge,breast,1,4,49,18.4215417286576,15.430211423113436,9492e163b6ef19b0563b1ce8302b8e8794e2e4c9c8031c62ff9774a3f63f6f58
CMP,direct_neighbor_ridge,central_nervous_system,1,4,49,39.419593227607564,36.63025810310564,9492e163b6ef19b0563b1ce8302b8e8794e2e4c9c8031c62ff9774a3f63f6f58
CMP,direct_neighbor_ridge,endometrium,1,4,28,17.957814704835428,21.98040782704436,9492e163b6ef19b0563b1ce8302b8e8794e2e4c9c8031c62ff9774a3f63f6f58
CMP,direct_neighbor_ridge,kidney,1,4,23,21.76993023545072,16.92167848905961,9492e163b6ef19b0563b1ce8302b8e8794e2e4c9c8031c62ff9774a3f63f6f58
CMP,direct_neighbor_ridge,liver,1,4,25,16.28503263480863,15.280094486865654,9492e163b6ef19b0563b1ce8302b8e8794e2e4c9c8031c62ff9774a3f63f6f58
GMP,direct_neighbor_ridge,autonomic_ganglia,0,0,16,7.790190900894019,8.546399602781992,db1ab3680dcfc2deb10e2511ec28b70b27966d5a436d724be48267bcbf200acf
GMP,direct_neighbor_ridge,haematopoietic_and_lymphoid_tissue,0,0,163,338.83445436717216,608.4430702056142,db1ab3680dcfc2deb10e2511ec28b70b27966d5a436d724be48267bcbf200acf
GMP,direct_neighbor_ridge,bone,0,1,19,26.806183373009866,27.98915936526329,32d2e2f547f707a9f12d899e65a934275c9f49020e10d214973126d05910ec9c
GMP,direct_neighbor_ridge,ovary,0,1,45,13.923346000537395,23.080029883269088,32d2e2f547f707a9f12d899e65a934275c9f49020e10d214973126d05910ec9c
GMP,direct_neighbor_ridge,skin,0,1,52,32.50704348933381,42.41642868516463,32d2e2f547f707a9f12d899e65a934275c9f49020e10d214973126d05910ec9c
GMP,direct_neighbor_ridge,upper_aerodigestive_tract,0,1,30,11.786244261635757,10.731740695834306,32d2e2f547f707a9f12d899e65a934275c9f49020e10d214973126d05910ec9c
GMP,direct_neighbor_ridge,urinary_tract,0,1,25,10.115396376223373,14.28296123447715,32d2e2f547f707a9f12d899e65a934275c9f49020e10d214973126d05910ec9c
GMP,direct_neighbor_ridge,large_intestine,0,2,55,28.51071855807023,60.65901260059876,659dce4f66bf4ee0228513d024a4e287e9f1aa3957152332b1483ab0af67cb42
GMP,direct_neighbor_ridge,oesophagus,0,2,25,9.891007728796486,12.564477534049422,659dce4f66bf4ee0228513d024a4e287e9f1aa3957152332b1483ab0af67cb42
GMP,direct_neighbor_ridge,pancreas,0,2,41,18.657656225284367,27.80253675123588,659dce4f66bf4ee0228513d024a4e287e9f1aa3957152332b1483ab0af67cb42
GMP,direct_neighbor_ridge,soft_tissue,0,2,18,9.462227291426293,16.902606918307857,659dce4f66bf4ee0228513d024a4e287e9f1aa3957152332b1483ab0af67cb42
GMP,direct_neighbor_ridge,stomach,0,2,37,15.646207221273668,25.70922650906243,659dce4f66bf4ee0228513d024a4e287e9f1aa3957152332b1483ab0af67cb42
GMP,direct_neighbor_ridge,breast,0,3,49,29.402561292271905,24.03988855260463,9492e163b6ef19b0563b1ce8302b8e8794e2e4c9c8031c62ff9774a3f63f6f58
GMP,direct_neighbor_ridge,central_nervous_system,0,3,49,18.516973710891016,28.604174620901247,9492e163b6ef19b0563b1ce8302b8e8794e2e4c9c8031c62ff9774a3f63f6f58
GMP,direct_neighbor_ridge,endometrium,0,3,28,10.946429341711243,21.636443486500337,9492e163b6ef19b0563b1ce8302b8e8794e2e4c9c8031c62ff9774a3f63f6f58
GMP,direct_neighbor_ridge,kidney,0,3,23,11.082278210047676,10.68616134013791,9492e163b6ef19b0563b1ce8302b8e8794e2e4c9c8031c62ff9774a3f63f6f58
GMP,direct_neighbor_ridge,liver,0,3,25,12.308490780189075,21.696243488866838,9492e163b6ef19b0563b1ce8302b8e8794e2e4c9c8031c62ff9774a3f63f6f58
GMP,direct_neighbor_ridge,lung,0,4,176,81.38997254643596,120.36057784937742,cf9883e99ee1b956d01c2cb42a4d284b982ce23065d3616a5e1cced359e41fb5
GMP,direct_neighbor_ridge,bone,1,0,19,26.806183373009866,27.98915936526329,32d2e2f547f707a9f12d899e65a934275c9f49020e10d214973126d05910ec9c
GMP,direct_neighbor_ridge,ovary,1,0,45,13.923346000537395,23.080029883269088,32d2e2f547f707a9f12d899e65a934275c9f49020e10d214973126d05910ec9c
GMP,direct_neighbor_ridge,skin,1,0,52,32.50704348933381,42.41642868516463,32d2e2f547f707a9f12d899e65a934275c9f49020e10d214973126d05910ec9c
GMP,direct_neighbor_ridge,upper_aerodigestive_tract,1,0,30,11.786244261635757,10.731740695834306,32d2e2f547f707a9f12d899e65a934275c9f49020e10d214973126d05910ec9c
GMP,direct_neighbor_ridge,urinary_tract,1,0,25,10.115396376223373,14.28296123447715,32d2e2f547f707a9f12d899e65a934275c9f49020e10d214973126d05910ec9c
GMP,direct_neighbor_ridge,lung,1,1,176,81.38997254643596,120.36057784937742,cf9883e99ee1b956d01c2cb42a4d284b982ce23065d3616a5e1cced359e41fb5
GMP,direct_neighbor_ridge,autonomic_ganglia,1,2,16,7.790190900894019,8.546399602781992,db1ab3680dcfc2deb10e2511ec28b70b27966d5a436d724be48267bcbf200acf
GMP,direct_neighbor_ridge,haematopoietic_and_lymphoid_tissue,1,2,163,338.83445436717216,608.4430702056142,db1ab3680dcfc2deb10e2511ec28b70b27966d5a436d724be48267bcbf200acf
GMP,direct_neighbor_ridge,large_intestine,1,3,55,27.546264691805757,60.65901260059876,659dce4f66bf4ee0228513d024a4e287e9f1aa3957152332b1483ab0af67cb42
GMP,direct_neighbor_ridge,oesophagus,1,3,25,10.090585751888245,12.564477534049422,659dce4f66bf4ee0228513d024a4e287e9f1aa3957152332b1483ab0af67cb42
GMP,direct_neighbor_ridge,pancreas,1,3,41,19.05981378564358,27.80253675123588,659dce4f66bf4ee0228513d024a4e287e9f1aa3957152332b1483ab0af67cb42
GMP,direct_neighbor_ridge,soft_tissue,1,3,18,9.376832011868508,16.902606918307857,659dce4f66bf4ee0228513d024a4e287e9f1aa3957152332b1483ab0af67cb42
GMP,direct_neighbor_ridge,stomach,1,3,37,16.636429365953205,25.70922650906243,659dce4f66bf4ee0228513d024a4e287e9f1aa3957152332b1483ab0af67cb42
GMP,direct_neighbor_ridge,breast,1,4,49,29.402561292271905,24.03988855260463,9492e163b6ef19b0563b1ce8302b8e8794e2e4c9c8031c62ff9774a3f63f6f58
GMP,direct_neighbor_ridge,central_nervous_system,1,4,49,18.516973710891016,28.604174620901247,9492e163b6ef19b0563b1ce8302b8e8794e2e4c9c8031c62ff9774a3f63f6f58
GMP,direct_neighbor_ridge,endometrium,1,4,28,10.946429341711243,21.636443486500337,9492e163b6ef19b0563b1ce8302b8e8794e2e4c9c8031c62ff9774a3f63f6f58
GMP,direct_neighbor_ridge,kidney,1,4,23,11.082278210047676,10.68616134013791,9492e163b6ef19b0563b1ce8302b8e8794e2e4c9c8031c62ff9774a3f63f6f58
GMP,direct_neighbor_ridge,liver,1,4,25,12.308490780189075,21.696243488866838,9492e163b6ef19b0563b1ce8302b8e8794e2e4c9c8031c62ff9774a3f63f6f58
NAD,direct_neighbor_ridge,autonomic_ganglia,0,0,16,24.08632800765901,31.555142781536404,db1ab3680dcfc2deb10e2511ec28b70b27966d5a436d724be48267bcbf200acf
NAD,direct_neighbor_ridge,haematopoietic_and_lymphoid_tissue,0,0,163,231.95121430754202,353.72785671425265,db1ab3680dcfc2deb10e2511ec28b70b27966d5a436d724be48267bcbf200acf
NAD,direct_neighbor_ridge,bone,0,1,19,6.378450932560233,17.564020561368245,32d2e2f547f707a9f12d899e65a934275c9f49020e10d214973126d05910ec9c
NAD,direct_neighbor_ridge,ovary,0,1,45,17.550051179113833,21.71329688898827,32d2e2f547f707a9f12d899e65a934275c9f49020e10d214973126d05910ec9c
NAD,direct_neighbor_ridge,skin,0,1,52,15.1101722430046,27.66582813388921,32d2e2f547f707a9f12d899e65a934275c9f49020e10d214973126d05910ec9c
NAD,direct_neighbor_ridge,upper_aerodigestive_tract,0,1,30,6.033671433051413,10.483626321289343,32d2e2f547f707a9f12d899e65a934275c9f49020e10d214973126d05910ec9c
NAD,direct_neighbor_ridge,urinary_tract,0,1,25,9.813178661553403,24.22621702809371,32d2e2f547f707a9f12d899e65a934275c9f49020e10d214973126d05910ec9c
NAD,direct_neighbor_ridge,large_intestine,0,2,55,21.594062148326866,30.92729189625639,659dce4f66bf4ee0228513d024a4e287e9f1aa3957152332b1483ab0af67cb42
NAD,direct_neighbor_ridge,oesophagus,0,2,25,6.844683759623453,15.35140560521061,659dce4f66bf4ee0228513d024a4e287e9f1aa3957152332b1483ab0af67cb42
NAD,direct_neighbor_ridge,pancreas,0,2,41,16.845497501146443,33.7514510333678,659dce4f66bf4ee0228513d024a4e287e9f1aa3957152332b1483ab0af67cb42
NAD,direct_neighbor_ridge,soft_tissue,0,2,18,8.43285709189969,13.50738959139883,659dce4f66bf4ee0228513d024a4e287e9f1aa3957152332b1483ab0af67cb42
NAD,direct_neighbor_ridge,stomach,0,2,37,16.671336901346372,27.16864738671441,659dce4f66bf4ee0228513d024a4e287e9f1aa3957152332b1483ab0af67cb42
NAD,direct_neighbor_ridge,breast,0,3,49,31.07692714713922,59.64238591870666,9492e163b6ef19b0563b1ce8302b8e8794e2e4c9c8031c62ff9774a3f63f6f58
NAD,direct_neighbor_ridge,central_nervous_system,0,3,49,46.16204869492381,83.57354916071024,9492e163b6ef19b0563b1ce8302b8e8794e2e4c9c8031c62ff9774a3f63f6f58
NAD,direct_neighbor_ridge,endometrium,0,3,28,9.684722517215056,14.659195438831441,9492e163b6ef19b0563b1ce8302b8e8794e2e4c9c8031c62ff9774a3f63f6f58
NAD,direct_neighbor_ridge,kidney,0,3,23,13.536195357623914,10.057679618942638,9492e163b6ef19b0563b1ce8302b8e8794e2e4c9c8031c62ff9774a3f63f6f58
NAD,direct_neighbor_ridge,liver,0,3,25,9.637463433862868,15.479886027225865,9492e163b6ef19b0563b1ce8302b8e8794e2e4c9c8031c62ff9774a3f63f6f58
NAD,direct_neighbor_ridge,lung,0,4,176,90.85695460139021,147.72012824694912,cf9883e99ee1b956d01c2cb42a4d284b982ce23065d3616a5e1cced359e41fb5
NAD,direct_neighbor_ridge,bone,1,0,19,6.378450932560233,17.564020561368245,32d2e2f547f707a9f12d899e65a934275c9f49020e10d214973126d05910ec9c
NAD,direct_neighbor_ridge,ovary,1,0,45,17.550051179113833,21.71329688898827,32d2e2f547f707a9f12d899e65a934275c9f49020e10d214973126d05910ec9c
NAD,direct_neighbor_ridge,skin,1,0,52,15.1101722430046,27.66582813388921,32d2e2f547f707a9f12d899e65a934275c9f49020e10d214973126d05910ec9c
NAD,direct_neighbor_ridge,upper_aerodigestive_tract,1,0,30,6.033671433051413,10.483626321289343,32d2e2f547f707a9f12d899e65a934275c9f49020e10d214973126d05910ec9c
NAD,direct_neighbor_ridge,urinary_tract,1,0,25,9.813178661553403,24.22621702809371,32d2e2f547f707a9f12d899e65a934275c9f49020e10d214973126d05910ec9c
NAD,direct_neighbor_ridge,lung,1,1,176,90.85695460139021,147.72012824694912,cf9883e99ee1b956d01c2cb42a4d284b982ce23065d3616a5e1cced359e41fb5
NAD,direct_neighbor_ridge,autonomic_ganglia,1,2,16,23.192573788570865,31.555142781536404,db1ab3680dcfc2deb10e2511ec28b70b27966d5a436d724be48267bcbf200acf
NAD,direct_neighbor_ridge,haematopoietic_and_lymphoid_tissue,1,2,163,232.62141336559193,353.72785671425265,db1ab3680dcfc2deb10e2511ec28b70b27966d5a436d724be48267bcbf200acf
NAD,direct_neighbor_ridge,large_intestine,1,3,55,21.594062148326866,30.92729189625639,659dce4f66bf4ee0228513d024a4e287e9f1aa3957152332b1483ab0af67cb42
NAD,direct_neighbor_ridge,oesophagus,1,3,25,6.844683759623453,15.35140560521061,659dce4f66bf4ee0228513d024a4e287e9f1aa3957152332b1483ab0af67cb42
NAD,direct_neighbor_ridge,pancreas,1,3,41,16.845497501146443,33.7514510333678,659dce4f66bf4ee0228513d024a4e287e9f1aa3957152332b1483ab0af67cb42
NAD,direct_neighbor_ridge,soft_tissue,1,3,18,8.43285709189969,13.50738959139883,659dce4f66bf4ee0228513d024a4e287e9f1aa3957152332b1483ab0af67cb42
NAD,direct_neighbor_ridge,stomach,1,3,37,16.671336901346372,27.16864738671441,659dce4f66bf4ee0228513d024a4e287e9f1aa3957152332b1483ab0af67cb42
NAD,direct_neighbor_ridge,breast,1,4,49,31.07692714713922,59.64238591870666,9492e163b6ef19b0563b1ce8302b8e8794e2e4c9c8031c62ff9774a3f63f6f58
NAD,direct_neighbor_ridge,central_nervous_system,1,4,49,46.16204869492381,83.57354916071024,9492e163b6ef19b0563b1ce8302b8e8794e2e4c9c8031c62ff9774a3f63f6f58
NAD,direct_neighbor_ridge,endometrium,1,4,28,9.684722517215056,14.659195438831441,9492e163b6ef19b0563b1ce8302b8e8794e2e4c9c8031c62ff9774a3f63f6f58
NAD,direct_neighbor_ridge,kidney,1,4,23,13.536195357623914,10.057679618942638,9492e163b6ef19b0563b1ce8302b8e8794e2e4c9c8031c62ff9774a3f63f6f58
NAD,direct_neighbor_ridge,liver,1,4,25,9.637463433862868,15.479886027225865,9492e163b6ef19b0563b1ce8302b8e8794e2e4c9c8031c62ff9774a3f63f6f58
NADP,direct_neighbor_ridge,autonomic_ganglia,0,0,16,13.17414471320421,17.38946954342278,db1ab3680dcfc2deb10e2511ec28b70b27966d5a436d724be48267bcbf200acf
NADP,direct_neighbor_ridge,haematopoietic_and_lymphoid_tissue,0,0,163,147.2257012633412,176.72611095471686,db1ab3680dcfc2deb10e2511ec28b70b27966d5a436d724be48267bcbf200acf
NADP,direct_neighbor_ridge,bone,0,1,19,10.66635669435703,9.742086649828272,32d2e2f547f707a9f12d899e65a934275c9f49020e10d214973126d05910ec9c
NADP,direct_neighbor_ridge,ovary,0,1,45,24.662144679759724,28.88288927700806,32d2e2f547f707a9f12d899e65a934275c9f49020e10d214973126d05910ec9c
NADP,direct_neighbor_ridge,skin,0,1,52,43.705783635002035,45.59974699074407,32d2e2f547f707a9f12d899e65a934275c9f49020e10d214973126d05910ec9c
NADP,direct_neighbor_ridge,upper_aerodigestive_tract,0,1,30,12.122231703927527,15.114419604544697,32d2e2f547f707a9f12d899e65a934275c9f49020e10d214973126d05910ec9c
NADP,direct_neighbor_ridge,urinary_tract,0,1,25,13.471635802234667,20.055932791621395,32d2e2f547f707a9f12d899e65a934275c9f49020e10d214973126d05910ec9c
NADP,direct_neighbor_ridge,large_intestine,0,2,55,33.547725193904,36.29407755705577,659dce4f66bf4ee0228513d024a4e287e9f1aa3957152332b1483ab0af67cb42
NADP,direct_neighbor_ridge,oesophagus,0,2,25,32.57223799845321,50.02230602605085,659dce4f66bf4ee0228513d024a4e287e9f1aa3957152332b1483ab0af67cb42
NADP,direct_neighbor_ridge,pancreas,0,2,41,27.07898176936982,34.90952197643074,659dce4f66bf4ee0228513d024a4e287e9f1aa3957152332b1483ab0af67cb42
NADP,direct_neighbor_ridge,soft_tissue,0,2,18,10.279871684680389,17.158488087488717,659dce4f66bf4ee0228513d024a4e287e9f1aa3957152332b1483ab0af67cb42
NADP,direct_neighbor_ridge,stomach,0,2,37,24.17615576004395,36.40971821081671,659dce4f66bf4ee0228513d024a4e287e9f1aa3957152332b1483ab0af67cb42
NADP,direct_neighbor_ridge,breast,0,3,49,48.17720641733834,58.99950319084255,9492e163b6ef19b0563b1ce8302b8e8794e2e4c9c8031c62ff9774a3f63f6f58
NADP,direct_neighbor_ridge,central_nervous_system,0,3,49,40.54368549689992,56.604244003653506,9492e163b6ef19b0563b1ce8302b8e8794e2e4c9c8031c62ff9774a3f63f6f58
NADP,direct_neighbor_ridge,endometrium,0,3,28,23.122616093896415,19.672502845922086,9492e163b6ef19b0563b1ce8302b8e8794e2e4c9c8031c62ff9774a3f63f6f58
NADP,direct_neighbor_ridge,kidney,0,3,23,19.187841582173228,27.167352298470774,9492e163b6ef19b0563b1ce8302b8e8794e2e4c9c8031c62ff9774a3f63f6f58
NADP,direct_neighbor_ridge,liver,0,3,25,16.583937363523784,20.917782303577926,9492e163b6ef19b0563b1ce8302b8e8794e2e4c9c8031c62ff9774a3f63f6f58
NADP,direct_neighbor_ridge,lung,0,4,176,204.88568761021807,259.7484734062067,cf9883e99ee1b956d01c2cb42a4d284b982ce23065d3616a5e1cced359e41fb5
NADP,direct_neighbor_ridge,bone,1,0,19,10.66635669435703,9.742086649828272,32d2e2f547f707a9f12d899e65a934275c9f49020e10d214973126d05910ec9c
NADP,direct_neighbor_ridge,ovary,1,0,45,24.662144679759724,28.88288927700806,32d2e2f547f707a9f12d899e65a934275c9f49020e10d214973126d05910ec9c
NADP,direct_neighbor_ridge,skin,1,0,52,43.705783635002035,45.59974699074407,32d2e2f547f707a9f12d899e65a934275c9f49020e10d214973126d05910ec9c
NADP,direct_neighbor_ridge,upper_aerodigestive_tract,1,0,30,12.122231703927527,15.114419604544697,32d2e2f547f707a9f12d899e65a934275c9f49020e10d214973126d05910ec9c
NADP,direct_neighbor_ridge,urinary_tract,1,0,25,13.471635802234667,20.055932791621395,32d2e2f547f707a9f12d899e65a934275c9f49020e10d214973126d05910ec9c
NADP,direct_neighbor_ridge,lung,1,1,176,204.88568761021807,259.7484734062067,cf9883e99ee1b956d01c2cb42a4d284b982ce23065d3616a5e1cced359e41fb5
NADP,direct_neighbor_ridge,autonomic_ganglia,1,2,16,13.17414471320421,17.38946954342278,db1ab3680dcfc2deb10e2511ec28b70b27966d5a436d724be48267bcbf200acf
NADP,direct_neighbor_ridge,haematopoietic_and_lymphoid_tissue,1,2,163,147.2257012633412,176.72611095471686,db1ab3680dcfc2deb10e2511ec28b70b27966d5a436d724be48267bcbf200acf
NADP,direct_neighbor_ridge,large_intestine,1,3,55,33.547725193904,36.29407755705577,659dce4f66bf4ee0228513d024a4e287e9f1aa3957152332b1483ab0af67cb42
NADP,direct_neighbor_ridge,oesophagus,1,3,25,32.57223799845321,50.02230602605085,659dce4f66bf4ee0228513d024a4e287e9f1aa3957152332b1483ab0af67cb42
NADP,direct_neighbor_ridge,pancreas,1,3,41,27.07898176936982,34.90952197643074,659dce4f66bf4ee0228513d024a4e287e9f1aa3957152332b1483ab0af67cb42
NADP,direct_neighbor_ridge,soft_tissue,1,3,18,10.279871684680389,17.158488087488717,659dce4f66bf4ee0228513d024a4e287e9f1aa3957152332b1483ab0af67cb42
NADP,direct_neighbor_ridge,stomach,1,3,37,24.17615576004395,36.40971821081671,659dce4f66bf4ee0228513d024a4e287e9f1aa3957152332b1483ab0af67cb42
NADP,direct_neighbor_ridge,breast,1,4,49,48.17720641733834,58.99950319084255,9492e163b6ef19b0563b1ce8302b8e8794e2e4c9c8031c62ff9774a3f63f6f58
NADP,direct_neighbor_ridge,central_nervous_system,1,4,49,40.54368549689992,56.604244003653506,9492e163b6ef19b0563b1ce8302b8e8794e2e4c9c8031c62ff9774a3f63f6f58
NADP,direct_neighbor_ridge,endometrium,1,4,28,23.122616093896415,19.672502845922086,9492e163b6ef19b0563b1ce8302b8e8794e2e4c9c8031c62ff9774a3f63f6f58
NADP,direct_neighbor_ridge,kidney,1,4,23,19.187841582173228,27.167352298470774,9492e163b6ef19b0563b1ce8302b8e8794e2e4c9c8031c62ff9774a3f63f6f58
NADP,direct_neighbor_ridge,liver,1,4,25,16.583937363523784,20.917782303577926,9492e163b6ef19b0563b1ce8302b8e8794e2e4c9c8031c62ff9774a3f63f6f58
UMP,direct_neighbor_ridge,autonomic_ganglia,0,0,16,8.91123207742494,9.880494189320569,db1ab3680dcfc2deb10e2511ec28b70b27966d5a436d724be48267bcbf200acf
UMP,direct_neighbor_ridge,haematopoietic_and_lymphoid_tissue,0,0,163,606.6366235746535,975.3198836053457,db1ab3680dcfc2deb10e2511ec28b70b27966d5a436d724be48267bcbf200acf
UMP,direct_neighbor_ridge,bone,0,1,19,7.7694584520445344,20.080995115721084,32d2e2f547f707a9f12d899e65a934275c9f49020e10d214973126d05910ec9c
UMP,direct_neighbor_ridge,ovary,0,1,45,15.281583272949002,20.765659165883925,32d2e2f547f707a9f12d899e65a934275c9f49020e10d214973126d05910ec9c
UMP,direct_neighbor_ridge,skin,0,1,52,12.577332102315731,26.94219743819132,32d2e2f547f707a9f12d899e65a934275c9f49020e10d214973126d05910ec9c
UMP,direct_neighbor_ridge,upper_aerodigestive_tract,0,1,30,15.118219333181587,15.882613030253962,32d2e2f547f707a9f12d899e65a934275c9f49020e10d214973126d05910ec9c
UMP,direct_neighbor_ridge,urinary_tract,0,1,25,12.120926935522148,13.294757222645966,32d2e2f547f707a9f12d899e65a934275c9f49020e10d214973126d05910ec9c
UMP,direct_neighbor_ridge,large_intestine,0,2,55,37.0660777309848,62.04282805011322,659dce4f66bf4ee0228513d024a4e287e9f1aa3957152332b1483ab0af67cb42
UMP,direct_neighbor_ridge,oesophagus,0,2,25,9.268011671025581,7.832806740940974,659dce4f66bf4ee0228513d024a4e287e9f1aa3957152332b1483ab0af67cb42
UMP,direct_neighbor_ridge,pancreas,0,2,41,19.55772241316792,18.113212499708695,659dce4f66bf4ee0228513d024a4e287e9f1aa3957152332b1483ab0af67cb42
UMP,direct_neighbor_ridge,soft_tissue,0,2,18,8.121222125002094,12.50383764383666,659dce4f66bf4ee0228513d024a4e287e9f1aa3957152332b1483ab0af67cb42
UMP,direct_neighbor_ridge,stomach,0,2,37,17.104041545205707,30.27308993781469,659dce4f66bf4ee0228513d024a4e287e9f1aa3957152332b1483ab0af67cb42
UMP,direct_neighbor_ridge,breast,0,3,49,15.48196345453294,14.591953499147234,9492e163b6ef19b0563b1ce8302b8e8794e2e4c9c8031c62ff9774a3f63f6f58
UMP,direct_neighbor_ridge,central_nervous_system,0,3,49,20.417521377288466,31.379037270505176,9492e163b6ef19b0563b1ce8302b8e8794e2e4c9c8031c62ff9774a3f63f6f58
UMP,direct_neighbor_ridge,endometrium,0,3,28,9.623271922719727,16.383443343494932,9492e163b6ef19b0563b1ce8302b8e8794e2e4c9c8031c62ff9774a3f63f6f58
UMP,direct_neighbor_ridge,kidney,0,3,23,9.62647374972891,12.558034671103556,9492e163b6ef19b0563b1ce8302b8e8794e2e4c9c8031c62ff9774a3f63f6f58
UMP,direct_neighbor_ridge,liver,0,3,25,8.560976403292141,12.204568514911688,9492e163b6ef19b0563b1ce8302b8e8794e2e4c9c8031c62ff9774a3f63f6f58
UMP,direct_neighbor_ridge,lung,0,4,176,77.22202759083667,102.98624906322237,cf9883e99ee1b956d01c2cb42a4d284b982ce23065d3616a5e1cced359e41fb5
UMP,direct_neighbor_ridge,bone,1,0,19,7.7694584520445344,20.080995115721084,32d2e2f547f707a9f12d899e65a934275c9f49020e10d214973126d05910ec9c
UMP,direct_neighbor_ridge,ovary,1,0,45,15.281583272949002,20.765659165883925,32d2e2f547f707a9f12d899e65a934275c9f49020e10d214973126d05910ec9c
UMP,direct_neighbor_ridge,skin,1,0,52,12.577332102315731,26.94219743819132,32d2e2f547f707a9f12d899e65a934275c9f49020e10d214973126d05910ec9c
UMP,direct_neighbor_ridge,upper_aerodigestive_tract,1,0,30,15.118219333181587,15.882613030253962,32d2e2f547f707a9f12d899e65a934275c9f49020e10d214973126d05910ec9c
UMP,direct_neighbor_ridge,urinary_tract,1,0,25,12.120926935522148,13.294757222645966,32d2e2f547f707a9f12d899e65a934275c9f49020e10d214973126d05910ec9c
UMP,direct_neighbor_ridge,lung,1,1,176,77.22202759083667,102.98624906322237,cf9883e99ee1b956d01c2cb42a4d284b982ce23065d3616a5e1cced359e41fb5
UMP,direct_neighbor_ridge,autonomic_ganglia,1,2,16,8.91123207742494,9.880494189320569,db1ab3680dcfc2deb10e2511ec28b70b27966d5a436d724be48267bcbf200acf
UMP,direct_neighbor_ridge,haematopoietic_and_lymphoid_tissue,1,2,163,606.6366235746535,975.3198836053457,db1ab3680dcfc2deb10e2511ec28b70b27966d5a436d724be48267bcbf200acf
UMP,direct_neighbor_ridge,large_intestine,1,3,55,36.827750326849774,62.04282805011322,659dce4f66bf4ee0228513d024a4e287e9f1aa3957152332b1483ab0af67cb42
UMP,direct_neighbor_ridge,oesophagus,1,3,25,9.233395875846437,7.832806740940974,659dce4f66bf4ee0228513d024a4e287e9f1aa3957152332b1483ab0af67cb42
UMP,direct_neighbor_ridge,pancreas,1,3,41,19.356952345925905,18.113212499708695,659dce4f66bf4ee0228513d024a4e287e9f1aa3957152332b1483ab0af67cb42
UMP,direct_neighbor_ridge,soft_tissue,1,3,18,7.951228866413518,12.50383764383666,659dce4f66bf4ee0228513d024a4e287e9f1aa3957152332b1483ab0af67cb42
UMP,direct_neighbor_ridge,stomach,1,3,37,17.068561147333376,30.27308993781469,659dce4f66bf4ee0228513d024a4e287e9f1aa3957152332b1483ab0af67cb42
UMP,direct_neighbor_ridge,breast,1,4,49,16.87826438178428,14.591953499147234,9492e163b6ef19b0563b1ce8302b8e8794e2e4c9c8031c62ff9774a3f63f6f58
UMP,direct_neighbor_ridge,central_nervous_system,1,4,49,20.945124120295258,31.379037270505176,9492e163b6ef19b0563b1ce8302b8e8794e2e4c9c8031c62ff9774a3f63f6f58
UMP,direct_neighbor_ridge,endometrium,1,4,28,9.885285700222472,16.383443343494932,9492e163b6ef19b0563b1ce8302b8e8794e2e4c9c8031c62ff9774a3f63f6f58
UMP,direct_neighbor_ridge,kidney,1,4,23,9.55090763288056,12.558034671103556,9492e163b6ef19b0563b1ce8302b8e8794e2e4c9c8031c62ff9774a3f63f6f58
UMP,direct_neighbor_ridge,liver,1,4,25,9.123713779754846,12.204568514911688,9492e163b6ef19b0563b1ce8302b8e8794e2e4c9c8031c62ff9774a3f63f6f58
acetylcholine,direct_neighbor_ridge,autonomic_ganglia,0,0,16,9.545485193860252,9.536693780124253,db1ab3680dcfc2deb10e2511ec28b70b27966d5a436d724be48267bcbf200acf
acetylcholine,direct_neighbor_ridge,haematopoietic_and_lymphoid_tissue,0,0,163,166.83131325426913,165.9483162017271,db1ab3680dcfc2deb10e2511ec28b70b27966d5a436d724be48267bcbf200acf
acetylcholine,direct_neighbor_ridge,bone,0,1,19,13.51860251964667,13.44972703782594,32d2e2f547f707a9f12d899e65a934275c9f49020e10d214973126d05910ec9c
acetylcholine,direct_neighbor_ridge,ovary,0,1,45,35.69822666419524,35.72681791044352,32d2e2f547f707a9f12d899e65a934275c9f49020e10d214973126d05910ec9c
acetylcholine,direct_neighbor_ridge,skin,0,1,52,70.30857902726024,70.41870128474085,32d2e2f547f707a9f12d899e65a934275c9f49020e10d214973126d05910ec9c
acetylcholine,direct_neighbor_ridge,upper_aerodigestive_tract,0,1,30,25.79689503987084,25.953648310298796,32d2e2f547f707a9f12d899e65a934275c9f49020e10d214973126d05910ec9c
acetylcholine,direct_neighbor_ridge,urinary_tract,0,1,25,26.395745601647164,26.263440613445898,32d2e2f547f707a9f12d899e65a934275c9f49020e10d214973126d05910ec9c
acetylcholine,direct_neighbor_ridge,large_intestine,0,2,55,42.843967774215145,42.66471377670273,659dce4f66bf4ee0228513d024a4e287e9f1aa3957152332b1483ab0af67cb42
acetylcholine,direct_neighbor_ridge,oesophagus,0,2,25,27.771401206539476,27.448923484842826,659dce4f66bf4ee0228513d024a4e287e9f1aa3957152332b1483ab0af67cb42
acetylcholine,direct_neighbor_ridge,pancreas,0,2,41,51.99873769615735,52.13899026580204,659dce4f66bf4ee0228513d024a4e287e9f1aa3957152332b1483ab0af67cb42
acetylcholine,direct_neighbor_ridge,soft_tissue,0,2,18,19.591396409396314,19.067213064164946,659dce4f66bf4ee0228513d024a4e287e9f1aa3957152332b1483ab0af67cb42
acetylcholine,direct_neighbor_ridge,stomach,0,2,37,19.744973799811742,19.968740423173298,659dce4f66bf4ee0228513d024a4e287e9f1aa3957152332b1483ab0af67cb42
acetylcholine,direct_neighbor_ridge,breast,0,3,49,61.547643043002225,61.05419980650625,9492e163b6ef19b0563b1ce8302b8e8794e2e4c9c8031c62ff9774a3f63f6f58
acetylcholine,direct_neighbor_ridge,central_nervous_system,0,3,49,58.87457492535636,58.820976576125155,9492e163b6ef19b0563b1ce8302b8e8794e2e4c9c8031c62ff9774a3f63f6f58
acetylcholine,direct_neighbor_ridge,endometrium,0,3,28,17.89456532618957,17.841223134514753,9492e163b6ef19b0563b1ce8302b8e8794e2e4c9c8031c62ff9774a3f63f6f58
acetylcholine,direct_neighbor_ridge,kidney,0,3,23,18.37698634016375,18.34749517138214,9492e163b6ef19b0563b1ce8302b8e8794e2e4c9c8031c62ff9774a3f63f6f58
acetylcholine,direct_neighbor_ridge,liver,0,3,25,22.709420995364333,22.534396624289847,9492e163b6ef19b0563b1ce8302b8e8794e2e4c9c8031c62ff9774a3f63f6f58
acetylcholine,direct_neighbor_ridge,lung,0,4,176,214.78989015972144,214.77608481823958,cf9883e99ee1b956d01c2cb42a4d284b982ce23065d3616a5e1cced359e41fb5
acetylcholine,direct_neighbor_ridge,bone,1,0,19,13.51860251964667,13.44972703782594,32d2e2f547f707a9f12d899e65a934275c9f49020e10d214973126d05910ec9c
acetylcholine,direct_neighbor_ridge,ovary,1,0,45,35.69822666419524,35.72681791044352,32d2e2f547f707a9f12d899e65a934275c9f49020e10d214973126d05910ec9c
acetylcholine,direct_neighbor_ridge,skin,1,0,52,70.30857902726024,70.41870128474085,32d2e2f547f707a9f12d899e65a934275c9f49020e10d214973126d05910ec9c
acetylcholine,direct_neighbor_ridge,upper_aerodigestive_tract,1,0,30,25.79689503987084,25.953648310298796,32d2e2f547f707a9f12d899e65a934275c9f49020e10d214973126d05910ec9c
acetylcholine,direct_neighbor_ridge,urinary_tract,1,0,25,26.395745601647164,26.263440613445898,32d2e2f547f707a9f12d899e65a934275c9f49020e10d214973126d05910ec9c
acetylcholine,direct_neighbor_ridge,lung,1,1,176,214.78989015972144,214.77608481823958,cf9883e99ee1b956d01c2cb42a4d284b982ce23065d3616a5e1cced359e41fb5
acetylcholine,direct_neighbor_ridge,autonomic_ganglia,1,2,16,9.545485193860252,9.536693780124253,db1ab3680dcfc2deb10e2511ec28b70b27966d5a436d724be48267bcbf200acf
acetylcholine,direct_neighbor_ridge,haematopoietic_and_lymphoid_tissue,1,2,163,166.83131325426913,165.9483162017271,db1ab3680dcfc2deb10e2511ec28b70b27966d5a436d724be48267bcbf200acf
acetylcholine,direct_neighbor_ridge,large_intestine,1,3,55,42.818696053516504,42.66471377670273,659dce4f66bf4ee0228513d024a4e287e9f1aa3957152332b1483ab0af67cb42
acetylcholine,direct_neighbor_ridge,oesophagus,1,3,25,27.73342887470206,27.448923484842826,659dce4f66bf4ee0228513d024a4e287e9f1aa3957152332b1483ab0af67cb42
acetylcholine,direct_neighbor_ridge,pancreas,1,3,41,52.01111257440908,52.13899026580204,659dce4f66bf4ee0228513d024a4e287e9f1aa3957152332b1483ab0af67cb42
acetylcholine,direct_neighbor_ridge,soft_tissue,1,3,18,19.529279778697017,19.067213064164946,659dce4f66bf4ee0228513d024a4e287e9f1aa3957152332b1483ab0af67cb42
acetylcholine,direct_neighbor_ridge,stomach,1,3,37,19.767788591751653,19.968740423173298,659dce4f66bf4ee0228513d024a4e287e9f1aa3957152332b1483ab0af67cb42
acetylcholine,direct_neighbor_ridge,breast,1,4,49,61.547643043002225,61.05419980650625,9492e163b6ef19b0563b1ce8302b8e8794e2e4c9c8031c62ff9774a3f63f6f58
acetylcholine,direct_neighbor_ridge,central_nervous_system,1,4,49,58.87457492535636,58.820976576125155,9492e163b6ef19b0563b1ce8302b8e8794e2e4c9c8031c62ff9774a3f63f6f58
acetylcholine,direct_neighbor_ridge,endometrium,1,4,28,17.89456532618957,17.841223134514753,9492e163b6ef19b0563b1ce8302b8e8794e2e4c9c8031c62ff9774a3f63f6f58
acetylcholine,direct_neighbor_ridge,kidney,1,4,23,18.37698634016375,18.34749517138214,9492e163b6ef19b0563b1ce8302b8e8794e2e4c9c8031c62ff9774a3f63f6f58
acetylcholine,direct_neighbor_ridge,liver,1,4,25,22.709420995364333,22.534396624289847,9492e163b6ef19b0563b1ce8302b8e8794e2e4c9c8031c62ff9774a3f63f6f58
aconitate,direct_neighbor_ridge,autonomic_ganglia,0,0,16,11.356452828392168,10.578069311990472,db1ab3680dcfc2deb10e2511ec28b70b27966d5a436d724be48267bcbf200acf
aconitate,direct_neighbor_ridge,haematopoietic_and_lymphoid_tissue,0,0,163,215.33594577828154,268.29336397325244,db1ab3680dcfc2deb10e2511ec28b70b27966d5a436d724be48267bcbf200acf
aconitate,direct_neighbor_ridge,bone,0,1,19,16.424867526997982,21.51171156850544,32d2e2f547f707a9f12d899e65a934275c9f49020e10d214973126d05910ec9c
aconitate,direct_neighbor_ridge,ovary,0,1,45,27.89980542943538,27.92016656745521,32d2e2f547f707a9f12d899e65a934275c9f49020e10d214973126d05910ec9c
aconitate,direct_neighbor_ridge,skin,0,1,52,41.90062274458833,44.196108630705154,32d2e2f547f707a9f12d899e65a934275c9f49020e10d214973126d05910ec9c
aconitate,direct_neighbor_ridge,upper_aerodigestive_tract,0,1,30,15.759706066314168,21.988080099662724,32d2e2f547f707a9f12d899e65a934275c9f49020e10d214973126d05910ec9c
aconitate,direct_neighbor_ridge,urinary_tract,0,1,25,16.731917194065613,17.64894845549087,32d2e2f547f707a9f12d899e65a934275c9f49020e10d214973126d05910ec9c
aconitate,direct_neighbor_ridge,large_intestine,0,2,55,44.24588346599277,46.71504864296144,659dce4f66bf4ee0228513d024a4e287e9f1aa3957152332b1483ab0af67cb42
aconitate,direct_neighbor_ridge,oesophagus,0,2,25,29.50745084494067,21.766534175865782,659dce4f66bf4ee0228513d024a4e287e9f1aa3957152332b1483ab0af67cb42
aconitate,direct_neighbor_ridge,pancreas,0,2,41,40.4751212788506,45.50221926146792,659dce4f66bf4ee0228513d024a4e287e9f1aa3957152332b1483ab0af67cb42
aconitate,direct_neighbor_ridge,soft_tissue,0,2,18,17.163508513240274,24.97931187917971,659dce4f66bf4ee0228513d024a4e287e9f1aa3957152332b1483ab0af67cb42
aconitate,direct_neighbor_ridge,stomach,0,2,37,40.82257725077593,48.743422607501344,659dce4f66bf4ee0228513d024a4e287e9f1aa3957152332b1483ab0af67cb42
aconitate,direct_neighbor_ridge,breast,0,3,49,45.49814923237016,56.54197766977886,9492e163b6ef19b0563b1ce8302b8e8794e2e4c9c8031c62ff9774a3f63f6f58
aconitate,direct_neighbor_ridge,central_nervous_system,0,3,49,50.1573502647449,57.57112191511692,9492e163b6ef19b0563b1ce8302b8e8794e2e4c9c8031c62ff9774a3f63f6f58
aconitate,direct_neighbor_ridge,endometrium,0,3,28,15.140736216694469,20.731095514163165,9492e163b6ef19b0563b1ce8302b8e8794e2e4c9c8031c62ff9774a3f63f6f58
aconitate,direct_neighbor_ridge,kidney,0,3,23,20.96097826510834,20.652668812063578,9492e163b6ef19b0563b1ce8302b8e8794e2e4c9c8031c62ff9774a3f63f6f58
aconitate,direct_neighbor_ridge,liver,0,3,25,24.135584695192478,34.43500747116181,9492e163b6ef19b0563b1ce8302b8e8794e2e4c9c8031c62ff9774a3f63f6f58
aconitate,direct_neighbor_ridge,lung,0,4,176,125.21481407037021,149.9690955053872,cf9883e99ee1b956d01c2cb42a4d284b982ce23065d3616a5e1cced359e41fb5
aconitate,direct_neighbor_ridge,bone,1,0,19,16.424867526997982,21.51171156850544,32d2e2f547f707a9f12d899e65a934275c9f49020e10d214973126d05910ec9c
aconitate,direct_neighbor_ridge,ovary,1,0,45,27.89980542943538,27.92016656745521,32d2e2f547f707a9f12d899e65a934275c9f49020e10d214973126d05910ec9c
aconitate,direct_neighbor_ridge,skin,1,0,52,41.90062274458833,44.196108630705154,32d2e2f547f707a9f12d899e65a934275c9f49020e10d214973126d05910ec9c
aconitate,direct_neighbor_ridge,upper_aerodigestive_tract,1,0,30,15.759706066314168,21.988080099662724,32d2e2f547f707a9f12d899e65a934275c9f49020e10d214973126d05910ec9c
aconitate,direct_neighbor_ridge,urinary_tract,1,0,25,16.731917194065613,17.64894845549087,32d2e2f547f707a9f12d899e65a934275c9f49020e10d214973126d05910ec9c
aconitate,direct_neighbor_ridge,lung,1,1,176,125.21481407037021,149.9690955053872,cf9883e99ee1b956d01c2cb42a4d284b982ce23065d3616a5e1cced359e41fb5
aconitate,direct_neighbor_ridge,autonomic_ganglia,1,2,16,11.356452828392168,10.578069311990472,db1ab3680dcfc2deb10e2511ec28b70b27966d5a436d724be48267bcbf200acf
aconitate,direct_neighbor_ridge,haematopoietic_and_lymphoid_tissue,1,2,163,215.33594577828154,268.29336397325244,db1ab3680dcfc2deb10e2511ec28b70b27966d5a436d724be48267bcbf200acf
aconitate,direct_neighbor_ridge,large_intestine,1,3,55,44.24588346599277,46.71504864296144,659dce4f66bf4ee0228513d024a4e287e9f1aa3957152332b1483ab0af67cb42
aconitate,direct_neighbor_ridge,oesophagus,1,3,25,29.50745084494067,21.766534175865782,659dce4f66bf4ee0228513d024a4e287e9f1aa3957152332b1483ab0af67cb42
aconitate,direct_neighbor_ridge,pancreas,1,3,41,40.4751212788506,45.50221926146792,659dce4f66bf4ee0228513d024a4e287e9f1aa3957152332b1483ab0af67cb42
aconitate,direct_neighbor_ridge,soft_tissue,1,3,18,17.163508513240274,24.97931187917971,659dce4f66bf4ee0228513d024a4e287e9f1aa3957152332b1483ab0af67cb42
aconitate,direct_neighbor_ridge,stomach,1,3,37,40.82257725077593,48.743422607501344,659dce4f66bf4ee0228513d024a4e287e9f1aa3957152332b1483ab0af67cb42
aconitate,direct_neighbor_ridge,breast,1,4,49,45.49814923237016,56.54197766977886,9492e163b6ef19b0563b1ce8302b8e8794e2e4c9c8031c62ff9774a3f63f6f58
aconitate,direct_neighbor_ridge,central_nervous_system,1,4,49,50.1573502647449,57.57112191511692,9492e163b6ef19b0563b1ce8302b8e8794e2e4c9c8031c62ff9774a3f63f6f58
aconitate,direct_neighbor_ridge,endometrium,1,4,28,15.140736216694469,20.731095514163165,9492e163b6ef19b0563b1ce8302b8e8794e2e4c9c8031c62ff9774a3f63f6f58
aconitate,direct_neighbor_ridge,kidney,1,4,23,20.96097826510834,20.652668812063578,9492e163b6ef19b0563b1ce8302b8e8794e2e4c9c8031c62ff9774a3f63f6f58
aconitate,direct_neighbor_ridge,liver,1,4,25,24.135584695192478,34.43500747116181,9492e163b6ef19b0563b1ce8302b8e8794e2e4c9c8031c62ff9774a3f63f6f58
adenine,direct_neighbor_ridge,autonomic_ganglia,0,0,16,27.64473867243963,28.949480932335938,db1ab3680dcfc2deb10e2511ec28b70b27966d5a436d724be48267bcbf200acf
adenine,direct_neighbor_ridge,haematopoietic_and_lymphoid_tissue,0,0,163,202.67157831885385,255.42632840432765,db1ab3680dcfc2deb10e2511ec28b70b27966d5a436d724be48267bcbf200acf
adenine,direct_neighbor_ridge,bone,0,1,19,14.840508131360997,11.631819820663015,32d2e2f547f707a9f12d899e65a934275c9f49020e10d214973126d05910ec9c
adenine,direct_neighbor_ridge,ovary,0,1,45,64.43220749312736,66.94301658515403,32d2e2f547f707a9f12d899e65a934275c9f49020e10d214973126d05910ec9c
adenine,direct_neighbor_ridge,skin,0,1,52,47.58281320191466,45.06335271336081,32d2e2f547f707a9f12d899e65a934275c9f49020e10d214973126d05910ec9c
adenine,direct_neighbor_ridge,upper_aerodigestive_tract,0,1,30,20.940318599614358,31.62908920209853,32d2e2f547f707a9f12d899e65a934275c9f49020e10d214973126d05910ec9c
adenine,direct_neighbor_ridge,urinary_tract,0,1,25,37.90340374661221,30.7035810565743,32d2e2f547f707a9f12d899e65a934275c9f49020e10d214973126d05910ec9c
adenine,direct_neighbor_ridge,large_intestine,0,2,55,61.49043184249363,69.37169076333967,659dce4f66bf4ee0228513d024a4e287e9f1aa3957152332b1483ab0af67cb42
adenine,direct_neighbor_ridge,oesophagus,0,2,25,12.974975611773505,12.551547124386165,659dce4f66bf4ee0228513d024a4e287e9f1aa3957152332b1483ab0af67cb42
adenine,direct_neighbor_ridge,pancreas,0,2,41,68.73382366272762,70.685926035948,659dce4f66bf4ee0228513d024a4e287e9f1aa3957152332b1483ab0af67cb42
adenine,direct_neighbor_ridge,soft_tissue,0,2,18,8.451543960314307,11.903492079265723,659dce4f66bf4ee0228513d024a4e287e9f1aa3957152332b1483ab0af67cb42
adenine,direct_neighbor_ridge,stomach,0,2,37,33.83934633309541,35.72531336745661,659dce4f66bf4ee0228513d024a4e287e9f1aa3957152332b1483ab0af67cb42
adenine,direct_neighbor_ridge,breast,0,3,49,46.812592786161126,52.376922267044236,9492e163b6ef19b0563b1ce8302b8e8794e2e4c9c8031c62ff9774a3f63f6f58
adenine,direct_neighbor_ridge,central_nervous_system,0,3,49,30.470150457121786,33.00792532451269,9492e163b6ef19b0563b1ce8302b8e8794e2e4c9c8031c62ff9774a3f63f6f58
adenine,direct_neighbor_ridge,endometrium,0,3,28,36.45208033538599,37.56367715639685,9492e163b6ef19b0563b1ce8302b8e8794e2e4c9c8031c62ff9774a3f63f6f58
adenine,direct_neighbor_ridge,kidney,0,3,23,16.622379355550525,19.959166875423698,9492e163b6ef19b0563b1ce8302b8e8794e2e4c9c8031c62ff9774a3f63f6f58
adenine,direct_neighbor_ridge,liver,0,3,25,14.191552311526005,14.613682358585953,9492e163b6ef19b0563b1ce8302b8e8794e2e4c9c8031c62ff9774a3f63f6f58
adenine,direct_neighbor_ridge,lung,0,4,176,101.89875348817276,101.77238516617106,cf9883e99ee1b956d01c2cb42a4d284b982ce23065d3616a5e1cced359e41fb5
adenine,direct_neighbor_ridge,bone,1,0,19,14.840508131360997,11.631819820663015,32d2e2f547f707a9f12d899e65a934275c9f49020e10d214973126d05910ec9c
adenine,direct_neighbor_ridge,ovary,1,0,45,64.43220749312736,66.94301658515403,32d2e2f547f707a9f12d899e65a934275c9f49020e10d214973126d05910ec9c
adenine,direct_neighbor_ridge,skin,1,0,52,47.58281320191466,45.06335271336081,32d2e2f547f707a9f12d899e65a934275c9f49020e10d214973126d05910ec9c
adenine,direct_neighbor_ridge,upper_aerodigestive_tract,1,0,30,20.940318599614358,31.62908920209853,32d2e2f547f707a9f12d899e65a934275c9f49020e10d214973126d05910ec9c
adenine,direct_neighbor_ridge,urinary_tract,1,0,25,37.90340374661221,30.7035810565743,32d2e2f547f707a9f12d899e65a934275c9f49020e10d214973126d05910ec9c
adenine,direct_neighbor_ridge,lung,1,1,176,102.09186800126463,101.77238516617106,cf9883e99ee1b956d01c2cb42a4d284b982ce23065d3616a5e1cced359e41fb5
adenine,direct_neighbor_ridge,autonomic_ganglia,1,2,16,27.64473867243963,28.949480932335938,db1ab3680dcfc2deb10e2511ec28b70b27966d5a436d724be48267bcbf200acf
adenine,direct_neighbor_ridge,haematopoietic_and_lymphoid_tissue,1,2,163,202.67157831885385,255.42632840432765,db1ab3680dcfc2deb10e2511ec28b70b27966d5a436d724be48267bcbf200acf
adenine,direct_neighbor_ridge,large_intestine,1,3,55,60.9756082306251,69.37169076333967,659dce4f66bf4ee0228513d024a4e287e9f1aa3957152332b1483ab0af67cb42
adenine,direct_neighbor_ridge,oesophagus,1,3,25,13.33225787315468,12.551547124386165,659dce4f66bf4ee0228513d024a4e287e9f1aa3957152332b1483ab0af67cb42
adenine,direct_neighbor_ridge,pancreas,1,3,41,68.60574504255544,70.685926035948,659dce4f66bf4ee0228513d024a4e287e9f1aa3957152332b1483ab0af67cb42
adenine,direct_neighbor_ridge,soft_tissue,1,3,18,8.141233914275332,11.903492079265723,659dce4f66bf4ee0228513d024a4e287e9f1aa3957152332b1483ab0af67cb42
adenine,direct_neighbor_ridge,stomach,1,3,37,33.80659153630439,35.72531336745661,659dce4f66bf4ee0228513d024a4e287e9f1aa3957152332b1483ab0af67cb42
adenine,direct_neighbor_ridge,breast,1,4,49,46.777685921414424,52.376922267044236,9492e163b6ef19b0563b1ce8302b8e8794e2e4c9c8031c62ff9774a3f63f6f58
adenine,direct_neighbor_ridge,central_nervous_system,1,4,49,30.48999535907955,33.00792532451269,9492e163b6ef19b0563b1ce8302b8e8794e2e4c9c8031c62ff9774a3f63f6f58
adenine,direct_neighbor_ridge,endometrium,1,4,28,36.461926081796264,37.56367715639685,9492e163b6ef19b0563b1ce8302b8e8794e2e4c9c8031c62ff9774a3f63f6f58
adenine,direct_neighbor_ridge,kidney,1,4,23,16.59299504042473,19.959166875423698,9492e163b6ef19b0563b1ce8302b8e8794e2e4c9c8031c62ff9774a3f63f6f58
adenine,direct_neighbor_ridge,liver,1,4,25,14.213119947192624,14.613682358585953,9492e163b6ef19b0563b1ce8302b8e8794e2e4c9c8031c62ff9774a3f63f6f58
adenosine,direct_neighbor_ridge,autonomic_ganglia,0,0,16,9.903562596877203,8.628870126383513,db1ab3680dcfc2deb10e2511ec28b70b27966d5a436d724be48267bcbf200acf
adenosine,direct_neighbor_ridge,haematopoietic_and_lymphoid_tissue,0,0,163,208.90469026917458,127.7992220777833,db1ab3680dcfc2deb10e2511ec28b70b27966d5a436d724be48267bcbf200acf
adenosine,direct_neighbor_ridge,bone,0,1,19,36.09454687528169,38.53636869262482,32d2e2f547f707a9f12d899e65a934275c9f49020e10d214973126d05910ec9c
adenosine,direct_neighbor_ridge,ovary,0,1,45,51.421090661445305,50.631509585846196,32d2e2f547f707a9f12d899e65a934275c9f49020e10d214973126d05910ec9c
adenosine,direct_neighbor_ridge,skin,0,1,52,76.27936830296176,77.56774336902923,32d2e2f547f707a9f12d899e65a934275c9f49020e10d214973126d05910ec9c
adenosine,direct_neighbor_ridge,upper_aerodigestive_tract,0,1,30,28.451500342775137,27.58647151101958,32d2e2f547f707a9f12d899e65a934275c9f49020e10d214973126d05910ec9c
adenosine,direct_neighbor_ridge,urinary_tract,0,1,25,33.71827180728826,34.9026141205212,32d2e2f547f707a9f12d899e65a934275c9f49020e10d214973126d05910ec9c
adenosine,direct_neighbor_ridge,large_intestine,0,2,55,54.27542068803318,55.35384043717885,659dce4f66bf4ee0228513d024a4e287e9f1aa3957152332b1483ab0af67cb42
adenosine,direct_neighbor_ridge,oesophagus,0,2,25,41.77671881937889,40.747301998602126,659dce4f66bf4ee0228513d024a4e287e9f1aa3957152332b1483ab0af67cb42
adenosine,direct_neighbor_ridge,pancreas,0,2,41,42.98367919415346,40.49333709639559,659dce4f66bf4ee0228513d024a4e287e9f1aa3957152332b1483ab0af67cb42
adenosine,direct_neighbor_ridge,soft_tissue,0,2,18,37.87021851759917,37.46964121628398,659dce4f66bf4ee0228513d024a4e287e9f1aa3957152332b1483ab0af67cb42
adenosine,direct_neighbor_ridge,stomach,0,2,37,34.39387786981881,34.045991745913305,659dce4f66bf4ee0228513d024a4e287e9f1aa3957152332b1483ab0af67cb42
adenosine,direct_neighbor_ridge,breast,0,3,49,46.06453970314145,46.12787611323165,9492e163b6ef19b0563b1ce8302b8e8794e2e4c9c8031c62ff9774a3f63f6f58
adenosine,direct_neighbor_ridge,central_nervous_system,0,3,49,42.650755956991695,40.79153917894358,9492e163b6ef19b0563b1ce8302b8e8794e2e4c9c8031c62ff9774a3f63f6f58
adenosine,direct_neighbor_ridge,endometrium,0,3,28,34.71552494735499,35.713541675914286,9492e163b6ef19b0563b1ce8302b8e8794e2e4c9c8031c62ff9774a3f63f6f58
adenosine,direct_neighbor_ridge,kidney,0,3,23,17.386396460049692,17.614189811306378,9492e163b6ef19b0563b1ce8302b8e8794e2e4c9c8031c62ff9774a3f63f6f58
adenosine,direct_neighbor_ridge,liver,0,3,25,32.454387564631325,33.640864718811734,9492e163b6ef19b0563b1ce8302b8e8794e2e4c9c8031c62ff9774a3f63f6f58
adenosine,direct_neighbor_ridge,lung,0,4,176,150.72218958667975,155.09988339345296,cf9883e99ee1b956d01c2cb42a4d284b982ce23065d3616a5e1cced359e41fb5
adenosine,direct_neighbor_ridge,bone,1,0,19,36.09454687528169,38.53636869262482,32d2e2f547f707a9f12d899e65a934275c9f49020e10d214973126d05910ec9c
adenosine,direct_neighbor_ridge,ovary,1,0,45,51.421090661445305,50.631509585846196,32d2e2f547f707a9f12d899e65a934275c9f49020e10d214973126d05910ec9c
adenosine,direct_neighbor_ridge,skin,1,0,52,76.27936830296176,77.56774336902923,32d2e2f547f707a9f12d899e65a934275c9f49020e10d214973126d05910ec9c
adenosine,direct_neighbor_ridge,upper_aerodigestive_tract,1,0,30,28.451500342775137,27.58647151101958,32d2e2f547f707a9f12d899e65a934275c9f49020e10d214973126d05910ec9c
adenosine,direct_neighbor_ridge,urinary_tract,1,0,25,33.71827180728826,34.9026141205212,32d2e2f547f707a9f12d899e65a934275c9f49020e10d214973126d05910ec9c
adenosine,direct_neighbor_ridge,lung,1,1,176,150.72218958667975,155.09988339345296,cf9883e99ee1b956d01c2cb42a4d284b982ce23065d3616a5e1cced359e41fb5
adenosine,direct_neighbor_ridge,autonomic_ganglia,1,2,16,9.903562596877203,8.628870126383513,db1ab3680dcfc2deb10e2511ec28b70b27966d5a436d724be48267bcbf200acf
adenosine,direct_neighbor_ridge,haematopoietic_and_lymphoid_tissue,1,2,163,208.90469026917458,127.7992220777833,db1ab3680dcfc2deb10e2511ec28b70b27966d5a436d724be48267bcbf200acf
adenosine,direct_neighbor_ridge,large_intestine,1,3,55,54.27542068803318,55.35384043717885,659dce4f66bf4ee0228513d024a4e287e9f1aa3957152332b1483ab0af67cb42
adenosine,direct_neighbor_ridge,oesophagus,1,3,25,41.77671881937889,40.747301998602126,659dce4f66bf4ee0228513d024a4e287e9f1aa3957152332b1483ab0af67cb42
adenosine,direct_neighbor_ridge,pancreas,1,3,41,42.98367919415346,40.49333709639559,659dce4f66bf4ee0228513d024a4e287e9f1aa3957152332b1483ab0af67cb42
adenosine,direct_neighbor_ridge,soft_tissue,1,3,18,37.87021851759917,37.46964121628398,659dce4f66bf4ee0228513d024a4e287e9f1aa3957152332b1483ab0af67cb42
adenosine,direct_neighbor_ridge,stomach,1,3,37,34.39387786981881,34.045991745913305,659dce4f66bf4ee0228513d024a4e287e9f1aa3957152332b1483ab0af67cb42
adenosine,direct_neighbor_ridge,breast,1,4,49,46.06453970314145,46.12787611323165,9492e163b6ef19b0563b1ce8302b8e8794e2e4c9c8031c62ff9774a3f63f6f58
adenosine,direct_neighbor_ridge,central_nervous_system,1,4,49,42.650755956991695,40.79153917894358,9492e163b6ef19b0563b1ce8302b8e8794e2e4c9c8031c62ff9774a3f63f6f58
adenosine,direct_neighbor_ridge,endometrium,1,4,28,34.71552494735499,35.713541675914286,9492e163b6ef19b0563b1ce8302b8e8794e2e4c9c8031c62ff9774a3f63f6f58
adenosine,direct_neighbor_ridge,kidney,1,4,23,17.386396460049692,17.614189811306378,9492e163b6ef19b0563b1ce8302b8e8794e2e4c9c8031c62ff9774a3f63f6f58
adenosine,direct_neighbor_ridge,liver,1,4,25,32.454387564631325,33.640864718811734,9492e163b6ef19b0563b1ce8302b8e8794e2e4c9c8031c62ff9774a3f63f6f58
alanine,direct_neighbor_ridge,autonomic_ganglia,0,0,16,7.438913894282545,11.544749915549557,db1ab3680dcfc2deb10e2511ec28b70b27966d5a436d724be48267bcbf200acf
alanine,direct_neighbor_ridge,haematopoietic_and_lymphoid_tissue,0,0,163,177.20820404950265,239.31555104190804,db1ab3680dcfc2deb10e2511ec28b70b27966d5a436d724be48267bcbf200acf
alanine,direct_neighbor_ridge,bone,0,1,19,7.275816406252186,13.321584381304366,32d2e2f547f707a9f12d899e65a934275c9f49020e10d214973126d05910ec9c
alanine,direct_neighbor_ridge,ovary,0,1,45,36.778613636643634,29.922840974684274,32d2e2f547f707a9f12d899e65a934275c9f49020e10d214973126d05910ec9c
alanine,direct_neighbor_ridge,skin,0,1,52,46.20802262110656,46.589964641155824,32d2e2f547f707a9f12d899e65a934275c9f49020e10d214973126d05910ec9c
alanine,direct_neighbor_ridge,upper_aerodigestive_tract,0,1,30,17.139165766193866,25.749991455769973,32d2e2f547f707a9f12d899e65a934275c9f49020e10d214973126d05910ec9c
alanine,direct_neighbor_ridge,urinary_tract,0,1,25,16.881083787634548,29.794767536726823,32d2e2f547f707a9f12d899e65a934275c9f49020e10d214973126d05910ec9c
alanine,direct_neighbor_ridge,large_intestine,0,2,55,48.45235110828499,82.44375933130256,659dce4f66bf4ee0228513d024a4e287e9f1aa3957152332b1483ab0af67cb42
alanine,direct_neighbor_ridge,oesophagus,0,2,25,19.29353258184845,17.175412105005332,659dce4f66bf4ee0228513d024a4e287e9f1aa3957152332b1483ab0af67cb42
alanine,direct_neighbor_ridge,pancreas,0,2,41,27.79506789430953,33.91009845618294,659dce4f66bf4ee0228513d024a4e287e9f1aa3957152332b1483ab0af67cb42
alanine,direct_neighbor_ridge,soft_tissue,0,2,18,19.559441934974526,14.024144522182421,659dce4f66bf4ee0228513d024a4e287e9f1aa3957152332b1483ab0af67cb42
alanine,direct_neighbor_ridge,stomach,0,2,37,28.057362989239216,39.37799468661974,659dce4f66bf4ee0228513d024a4e287e9f1aa3957152332b1483ab0af67cb42
alanine,direct_neighbor_ridge,breast,0,3,49,23.01729198033211,41.48456628584718,9492e163b6ef19b0563b1ce8302b8e8794e2e4c9c8031c62ff9774a3f63f6f58
alanine,direct_neighbor_ridge,central_nervous_system,0,3,49,25.58368121810606,42.76708633292772,9492e163b6ef19b0563b1ce8302b8e8794e2e4c9c8031c62ff9774a3f63f6f58
alanine,direct_neighbor_ridge,endometrium,0,3,28,17.945122417420475,30.476347144458053,9492e163b6ef19b0563b1ce8302b8e8794e2e4c9c8031c62ff9774a3f63f6f58
alanine,direct_neighbor_ridge,kidney,0,3,23,17.32926725805875,13.753106351347505,9492e163b6ef19b0563b1ce8302b8e8794e2e4c9c8031c62ff9774a3f63f6f58
alanine,direct_neighbor_ridge,liver,0,3,25,16.035949261134313,32.306850075916024,9492e163b6ef19b0563b1ce8302b8e8794e2e4c9c8031c62ff9774a3f63f6f58
alanine,direct_neighbor_ridge,lung,0,4,176,160.2562264731941,183.74509674343037,cf9883e99ee1b956d01c2cb42a4d284b982ce23065d3616a5e1cced359e41fb5
alanine,direct_neighbor_ridge,bone,1,0,19,7.275816406252186,13.321584381304366,32d2e2f547f707a9f12d899e65a934275c9f49020e10d214973126d05910ec9c
alanine,direct_neighbor_ridge,ovary,1,0,45,36.778613636643634,29.922840974684274,32d2e2f547f707a9f12d899e65a934275c9f49020e10d214973126d05910ec9c
alanine,direct_neighbor_ridge,skin,1,0,52,46.20802262110656,46.589964641155824,32d2e2f547f707a9f12d899e65a934275c9f49020e10d214973126d05910ec9c
alanine,direct_neighbor_ridge,upper_aerodigestive_tract,1,0,30,17.139165766193866,25.749991455769973,32d2e2f547f707a9f12d899e65a934275c9f49020e10d214973126d05910ec9c
alanine,direct_neighbor_ridge,urinary_tract,1,0,25,16.881083787634548,29.794767536726823,32d2e2f547f707a9f12d899e65a934275c9f49020e10d214973126d05910ec9c
alanine,direct_neighbor_ridge,lung,1,1,176,160.2562264731941,183.74509674343037,cf9883e99ee1b956d01c2cb42a4d284b982ce23065d3616a5e1cced359e41fb5
alanine,direct_neighbor_ridge,autonomic_ganglia,1,2,16,7.23783560318657,11.544749915549557,db1ab3680dcfc2deb10e2511ec28b70b27966d5a436d724be48267bcbf200acf
alanine,direct_neighbor_ridge,haematopoietic_and_lymphoid_tissue,1,2,163,181.39268888333226,239.31555104190804,db1ab3680dcfc2deb10e2511ec28b70b27966d5a436d724be48267bcbf200acf
alanine,direct_neighbor_ridge,large_intestine,1,3,55,48.45235110828499,82.44375933130256,659dce4f66bf4ee0228513d024a4e287e9f1aa3957152332b1483ab0af67cb42
alanine,direct_neighbor_ridge,oesophagus,1,3,25,19.29353258184845,17.175412105005332,659dce4f66bf4ee0228513d024a4e287e9f1aa3957152332b1483ab0af67cb42
alanine,direct_neighbor_ridge,pancreas,1,3,41,27.79506789430953,33.91009845618294,659dce4f66bf4ee0228513d024a4e287e9f1aa3957152332b1483ab0af67cb42
alanine,direct_neighbor_ridge,soft_tissue,1,3,18,19.559441934974526,14.024144522182421,659dce4f66bf4ee0228513d024a4e287e9f1aa3957152332b1483ab0af67cb42
alanine,direct_neighbor_ridge,stomach,1,3,37,28.057362989239216,39.37799468661974,659dce4f66bf4ee0228513d024a4e287e9f1aa3957152332b1483ab0af67cb42
alanine,direct_neighbor_ridge,breast,1,4,49,23.01729198033211,41.48456628584718,9492e163b6ef19b0563b1ce8302b8e8794e2e4c9c8031c62ff9774a3f63f6f58
alanine,direct_neighbor_ridge,central_nervous_system,1,4,49,25.58368121810606,42.76708633292772,9492e163b6ef19b0563b1ce8302b8e8794e2e4c9c8031c62ff9774a3f63f6f58
alanine,direct_neighbor_ridge,endometrium,1,4,28,17.945122417420475,30.476347144458053,9492e163b6ef19b0563b1ce8302b8e8794e2e4c9c8031c62ff9774a3f63f6f58
alanine,direct_neighbor_ridge,kidney,1,4,23,17.32926725805875,13.753106351347505,9492e163b6ef19b0563b1ce8302b8e8794e2e4c9c8031c62ff9774a3f63f6f58
alanine,direct_neighbor_ridge,liver,1,4,25,16.035949261134313,32.306850075916024,9492e163b6ef19b0563b1ce8302b8e8794e2e4c9c8031c62ff9774a3f63f6f58
arginine,direct_neighbor_ridge,autonomic_ganglia,0,0,16,5.426713356096956,10.209847798536021,db1ab3680dcfc2deb10e2511ec28b70b27966d5a436d724be48267bcbf200acf
arginine,direct_neighbor_ridge,haematopoietic_and_lymphoid_tissue,0,0,163,129.10048140903956,270.97973942036856,db1ab3680dcfc2deb10e2511ec28b70b27966d5a436d724be48267bcbf200acf
arginine,direct_neighbor_ridge,bone,0,1,19,5.342425058456697,7.509489257923826,32d2e2f547f707a9f12d899e65a934275c9f49020e10d214973126d05910ec9c
arginine,direct_neighbor_ridge,ovary,0,1,45,14.671717060044221,18.81843732829082,32d2e2f547f707a9f12d899e65a934275c9f49020e10d214973126d05910ec9c
arginine,direct_neighbor_ridge,skin,0,1,52,23.546376525511334,30.303346220699442,32d2e2f547f707a9f12d899e65a934275c9f49020e10d214973126d05910ec9c
arginine,direct_neighbor_ridge,upper_aerodigestive_tract,0,1,30,13.411106402484869,12.42825082033878,32d2e2f547f707a9f12d899e65a934275c9f49020e10d214973126d05910ec9c
arginine,direct_neighbor_ridge,urinary_tract,0,1,25,14.313773713587944,19.362613572586575,32d2e2f547f707a9f12d899e65a934275c9f49020e10d214973126d05910ec9c
arginine,direct_neighbor_ridge,large_intestine,0,2,55,37.35375480144419,57.244040543182145,659dce4f66bf4ee0228513d024a4e287e9f1aa3957152332b1483ab0af67cb42
arginine,direct_neighbor_ridge,oesophagus,0,2,25,12.09344571656655,16.54747910294563,659dce4f66bf4ee0228513d024a4e287e9f1aa3957152332b1483ab0af67cb42
arginine,direct_neighbor_ridge,pancreas,0,2,41,27.23830371475331,40.54761820415739,659dce4f66bf4ee0228513d024a4e287e9f1aa3957152332b1483ab0af67cb42
arginine,direct_neighbor_ridge,soft_tissue,0,2,18,26.703349634880038,26.4850563519894,659dce4f66bf4ee0228513d024a4e287e9f1aa3957152332b1483ab0af67cb42
arginine,direct_neighbor_ridge,stomach,0,2,37,23.591216117491605,44.543154877494196,659dce4f66bf4ee0228513d024a4e287e9f1aa3957152332b1483ab0af67cb42
arginine,direct_neighbor_ridge,breast,0,3,49,25.63124555716294,45.586326160765154,9492e163b6ef19b0563b1ce8302b8e8794e2e4c9c8031c62ff9774a3f63f6f58
arginine,direct_neighbor_ridge,central_nervous_system,0,3,49,25.334017610005695,36.15083359890963,9492e163b6ef19b0563b1ce8302b8e8794e2e4c9c8031c62ff9774a3f63f6f58
arginine,direct_neighbor_ridge,endometrium,0,3,28,28.512164738439232,25.353222188410108,9492e163b6ef19b0563b1ce8302b8e8794e2e4c9c8031c62ff9774a3f63f6f58
arginine,direct_neighbor_ridge,kidney,0,3,23,9.045200519948196,10.405585186401641,9492e163b6ef19b0563b1ce8302b8e8794e2e4c9c8031c62ff9774a3f63f6f58
arginine,direct_neighbor_ridge,liver,0,3,25,30.59994751071898,30.72112453382109,9492e163b6ef19b0563b1ce8302b8e8794e2e4c9c8031c62ff9774a3f63f6f58
arginine,direct_neighbor_ridge,lung,0,4,176,140.392201282648,236.43280617179482,cf9883e99ee1b956d01c2cb42a4d284b982ce23065d3616a5e1cced359e41fb5
arginine,direct_neighbor_ridge,bone,1,0,19,5.342425058456697,7.509489257923826,32d2e2f547f707a9f12d899e65a934275c9f49020e10d214973126d05910ec9c
arginine,direct_neighbor_ridge,ovary,1,0,45,14.671717060044221,18.81843732829082,32d2e2f547f707a9f12d899e65a934275c9f49020e10d214973126d05910ec9c
arginine,direct_neighbor_ridge,skin,1,0,52,23.546376525511334,30.303346220699442,32d2e2f547f707a9f12d899e65a934275c9f49020e10d214973126d05910ec9c
arginine,direct_neighbor_ridge,upper_aerodigestive_tract,1,0,30,13.411106402484869,12.42825082033878,32d2e2f547f707a9f12d899e65a934275c9f49020e10d214973126d05910ec9c
arginine,direct_neighbor_ridge,urinary_tract,1,0,25,14.313773713587944,19.362613572586575,32d2e2f547f707a9f12d899e65a934275c9f49020e10d214973126d05910ec9c
arginine,direct_neighbor_ridge,lung,1,1,176,140.392201282648,236.43280617179482,cf9883e99ee1b956d01c2cb42a4d284b982ce23065d3616a5e1cced359e41fb5
arginine,direct_neighbor_ridge,autonomic_ganglia,1,2,16,5.426713356096956,10.209847798536021,db1ab3680dcfc2deb10e2511ec28b70b27966d5a436d724be48267bcbf200acf
arginine,direct_neighbor_ridge,haematopoietic_and_lymphoid_tissue,1,2,163,129.10048140903956,270.97973942036856,db1ab3680dcfc2deb10e2511ec28b70b27966d5a436d724be48267bcbf200acf
arginine,direct_neighbor_ridge,large_intestine,1,3,55,37.35375480144419,57.244040543182145,659dce4f66bf4ee0228513d024a4e287e9f1aa3957152332b1483ab0af67cb42
arginine,direct_neighbor_ridge,oesophagus,1,3,25,12.09344571656655,16.54747910294563,659dce4f66bf4ee0228513d024a4e287e9f1aa3957152332b1483ab0af67cb42
arginine,direct_neighbor_ridge,pancreas,1,3,41,27.23830371475331,40.54761820415739,659dce4f66bf4ee0228513d024a4e287e9f1aa3957152332b1483ab0af67cb42
arginine,direct_neighbor_ridge,soft_tissue,1,3,18,26.703349634880038,26.4850563519894,659dce4f66bf4ee0228513d024a4e287e9f1aa3957152332b1483ab0af67cb42
arginine,direct_neighbor_ridge,stomach,1,3,37,23.591216117491605,44.543154877494196,659dce4f66bf4ee0228513d024a4e287e9f1aa3957152332b1483ab0af67cb42
arginine,direct_neighbor_ridge,breast,1,4,49,25.63124555716294,45.586326160765154,9492e163b6ef19b0563b1ce8302b8e8794e2e4c9c8031c62ff9774a3f63f6f58
arginine,direct_neighbor_ridge,central_nervous_system,1,4,49,25.334017610005695,36.15083359890963,9492e163b6ef19b0563b1ce8302b8e8794e2e4c9c8031c62ff9774a3f63f6f58
arginine,direct_neighbor_ridge,endometrium,1,4,28,28.512164738439232,25.353222188410108,9492e163b6ef19b0563b1ce8302b8e8794e2e4c9c8031c62ff9774a3f63f6f58
arginine,direct_neighbor_ridge,kidney,1,4,23,9.045200519948196,10.405585186401641,9492e163b6ef19b0563b1ce8302b8e8794e2e4c9c8031c62ff9774a3f63f6f58
arginine,direct_neighbor_ridge,liver,1,4,25,30.59994751071898,30.72112453382109,9492e163b6ef19b0563b1ce8302b8e8794e2e4c9c8031c62ff9774a3f63f6f58
asparagine,direct_neighbor_ridge,autonomic_ganglia,0,0,16,6.522753457430008,7.568421354348872,db1ab3680dcfc2deb10e2511ec28b70b27966d5a436d724be48267bcbf200acf
asparagine,direct_neighbor_ridge,haematopoietic_and_lymphoid_tissue,0,0,163,87.73388213619674,68.24445449929271,db1ab3680dcfc2deb10e2511ec28b70b27966d5a436d724be48267bcbf200acf
asparagine,direct_neighbor_ridge,bone,0,1,19,16.179598077867304,17.62296131777872,32d2e2f547f707a9f12d899e65a934275c9f49020e10d214973126d05910ec9c
asparagine,direct_neighbor_ridge,ovary,0,1,45,45.347609541350195,44.93339479168237,32d2e2f547f707a9f12d899e65a934275c9f49020e10d214973126d05910ec9c
asparagine,direct_neighbor_ridge,skin,0,1,52,76.9291782615173,77.21150365898102,32d2e2f547f707a9f12d899e65a934275c9f49020e10d214973126d05910ec9c
asparagine,direct_neighbor_ridge,upper_aerodigestive_tract,0,1,30,38.736325339121834,37.43290055834627,32d2e2f547f707a9f12d899e65a934275c9f49020e10d214973126d05910ec9c
asparagine,direct_neighbor_ridge,urinary_tract,0,1,25,43.13831731854941,42.74094579651123,32d2e2f547f707a9f12d899e65a934275c9f49020e10d214973126d05910ec9c
asparagine,direct_neighbor_ridge,large_intestine,0,2,55,97.65159837193906,98.70457249862505,659dce4f66bf4ee0228513d024a4e287e9f1aa3957152332b1483ab0af67cb42
asparagine,direct_neighbor_ridge,oesophagus,0,2,25,21.014517918587206,22.50071430639875,659dce4f66bf4ee0228513d024a4e287e9f1aa3957152332b1483ab0af67cb42
asparagine,direct_neighbor_ridge,pancreas,0,2,41,41.70130672675856,43.85463074965705,659dce4f66bf4ee0228513d024a4e287e9f1aa3957152332b1483ab0af67cb42
asparagine,direct_neighbor_ridge,soft_tissue,0,2,18,37.342519946923915,36.351972775086494,659dce4f66bf4ee0228513d024a4e287e9f1aa3957152332b1483ab0af67cb42
asparagine,direct_neighbor_ridge,stomach,0,2,37,26.151708719183645,28.503854116217187,659dce4f66bf4ee0228513d024a4e287e9f1aa3957152332b1483ab0af67cb42
asparagine,direct_neighbor_ridge,breast,0,3,49,50.28957301575987,53.329169315914356,9492e163b6ef19b0563b1ce8302b8e8794e2e4c9c8031c62ff9774a3f63f6f58
asparagine,direct_neighbor_ridge,central_nervous_system,0,3,49,94.44447249333042,95.07522744221602,9492e163b6ef19b0563b1ce8302b8e8794e2e4c9c8031c62ff9774a3f63f6f58
asparagine,direct_neighbor_ridge,endometrium,0,3,28,34.67506951575716,33.1102572266258,9492e163b6ef19b0563b1ce8302b8e8794e2e4c9c8031c62ff9774a3f63f6f58
asparagine,direct_neighbor_ridge,kidney,0,3,23,54.423968432402894,52.65544602730715,9492e163b6ef19b0563b1ce8302b8e8794e2e4c9c8031c62ff9774a3f63f6f58
asparagine,direct_neighbor_ridge,liver,0,3,25,21.434822935659827,24.19965544656071,9492e163b6ef19b0563b1ce8302b8e8794e2e4c9c8031c62ff9774a3f63f6f58
asparagine,direct_neighbor_ridge,lung,0,4,176,140.03022364139224,146.52321417596897,cf9883e99ee1b956d01c2cb42a4d284b982ce23065d3616a5e1cced359e41fb5
asparagine,direct_neighbor_ridge,bone,1,0,19,16.179598077867304,17.62296131777872,32d2e2f547f707a9f12d899e65a934275c9f49020e10d214973126d05910ec9c
asparagine,direct_neighbor_ridge,ovary,1,0,45,45.347609541350195,44.93339479168237,32d2e2f547f707a9f12d899e65a934275c9f49020e10d214973126d05910ec9c
asparagine,direct_neighbor_ridge,skin,1,0,52,76.9291782615173,77.21150365898102,32d2e2f547f707a9f12d899e65a934275c9f49020e10d214973126d05910ec9c
asparagine,direct_neighbor_ridge,upper_aerodigestive_tract,1,0,30,38.736325339121834,37.43290055834627,32d2e2f547f707a9f12d899e65a934275c9f49020e10d214973126d05910ec9c
asparagine,direct_neighbor_ridge,urinary_tract,1,0,25,43.13831731854941,42.74094579651123,32d2e2f547f707a9f12d899e65a934275c9f49020e10d214973126d05910ec9c
asparagine,direct_neighbor_ridge,lung,1,1,176,140.03022364139224,146.52321417596897,cf9883e99ee1b956d01c2cb42a4d284b982ce23065d3616a5e1cced359e41fb5
asparagine,direct_neighbor_ridge,autonomic_ganglia,1,2,16,6.530926322166602,7.568421354348872,db1ab3680dcfc2deb10e2511ec28b70b27966d5a436d724be48267bcbf200acf
asparagine,direct_neighbor_ridge,haematopoietic_and_lymphoid_tissue,1,2,163,87.29490498391633,68.24445449929271,db1ab3680dcfc2deb10e2511ec28b70b27966d5a436d724be48267bcbf200acf
asparagine,direct_neighbor_ridge,large_intestine,1,3,55,97.65159837193906,98.70457249862505,659dce4f66bf4ee0228513d024a4e287e9f1aa3957152332b1483ab0af67cb42
asparagine,direct_neighbor_ridge,oesophagus,1,3,25,21.014517918587206,22.50071430639875,659dce4f66bf4ee0228513d024a4e287e9f1aa3957152332b1483ab0af67cb42
asparagine,direct_neighbor_ridge,pancreas,1,3,41,41.70130672675856,43.85463074965705,659dce4f66bf4ee0228513d024a4e287e9f1aa3957152332b1483ab0af67cb42
asparagine,direct_neighbor_ridge,soft_tissue,1,3,18,37.342519946923915,36.351972775086494,659dce4f66bf4ee0228513d024a4e287e9f1aa3957152332b1483ab0af67cb42
asparagine,direct_neighbor_ridge,stomach,1,3,37,26.151708719183645,28.503854116217187,659dce4f66bf4ee0228513d024a4e287e9f1aa3957152332b1483ab0af67cb42
asparagine,direct_neighbor_ridge,breast,1,4,49,50.28957301575987,53.329169315914356,9492e163b6ef19b0563b1ce8302b8e8794e2e4c9c8031c62ff9774a3f63f6f58
asparagine,direct_neighbor_ridge,central_nervous_system,1,4,49,94.44447249333042,95.07522744221602,9492e163b6ef19b0563b1ce8302b8e8794e2e4c9c8031c62ff9774a3f63f6f58
asparagine,direct_neighbor_ridge,endometrium,1,4,28,34.67506951575716,33.1102572266258,9492e163b6ef19b0563b1ce8302b8e8794e2e4c9c8031c62ff9774a3f63f6f58
asparagine,direct_neighbor_ridge,kidney,1,4,23,54.423968432402894,52.65544602730715,9492e163b6ef19b0563b1ce8302b8e8794e2e4c9c8031c62ff9774a3f63f6f58
asparagine,direct_neighbor_ridge,liver,1,4,25,21.434822935659827,24.19965544656071,9492e163b6ef19b0563b1ce8302b8e8794e2e4c9c8031c62ff9774a3f63f6f58
aspartate,direct_neighbor_ridge,autonomic_ganglia,0,0,16,7.573291464053044,8.588115722931695,db1ab3680dcfc2deb10e2511ec28b70b27966d5a436d724be48267bcbf200acf
aspartate,direct_neighbor_ridge,haematopoietic_and_lymphoid_tissue,0,0,163,178.40918930730706,161.22415296854743,db1ab3680dcfc2deb10e2511ec28b70b27966d5a436d724be48267bcbf200acf
aspartate,direct_neighbor_ridge,bone,0,1,19,18.49353053793319,19.625873822433633,32d2e2f547f707a9f12d899e65a934275c9f49020e10d214973126d05910ec9c
aspartate,direct_neighbor_ridge,ovary,0,1,45,49.33344415008215,52.25761132081106,32d2e2f547f707a9f12d899e65a934275c9f49020e10d214973126d05910ec9c
aspartate,direct_neighbor_ridge,skin,0,1,52,41.98584906519942,43.50272784298975,32d2e2f547f707a9f12d899e65a934275c9f49020e10d214973126d05910ec9c
aspartate,direct_neighbor_ridge,upper_aerodigestive_tract,0,1,30,25.123782067825154,26.48956693098585,32d2e2f547f707a9f12d899e65a934275c9f49020e10d214973126d05910ec9c
aspartate,direct_neighbor_ridge,urinary_tract,0,1,25,14.958046930658396,17.932760421680403,32d2e2f547f707a9f12d899e65a934275c9f49020e10d214973126d05910ec9c
aspartate,direct_neighbor_ridge,large_intestine,0,2,55,67.84898069033216,74.8820187755852,659dce4f66bf4ee0228513d024a4e287e9f1aa3957152332b1483ab0af67cb42
aspartate,direct_neighbor_ridge,oesophagus,0,2,25,26.45177296082979,30.803372616088684,659dce4f66bf4ee0228513d024a4e287e9f1aa3957152332b1483ab0af67cb42
aspartate,direct_neighbor_ridge,pancreas,0,2,41,51.267642796447014,54.95746019780503,659dce4f66bf4ee0228513d024a4e287e9f1aa3957152332b1483ab0af67cb42
aspartate,direct_neighbor_ridge,soft_tissue,0,2,18,19.072893371742037,19.177757197443604,659dce4f66bf4ee0228513d024a4e287e9f1aa3957152332b1483ab0af67cb42
aspartate,direct_neighbor_ridge,stomach,0,2,37,33.46081810093993,34.068046037971705,659dce4f66bf4ee0228513d024a4e287e9f1aa3957152332b1483ab0af67cb42
aspartate,direct_neighbor_ridge,breast,0,3,49,53.93460005505295,56.710190807710674,9492e163b6ef19b0563b1ce8302b8e8794e2e4c9c8031c62ff9774a3f63f6f58
aspartate,direct_neighbor_ridge,central_nervous_system,0,3,49,50.17288166485185,58.29630876094749,9492e163b6ef19b0563b1ce8302b8e8794e2e4c9c8031c62ff9774a3f63f6f58
aspartate,direct_neighbor_ridge,endometrium,0,3,28,34.327941296741216,35.96659446778661,9492e163b6ef19b0563b1ce8302b8e8794e2e4c9c8031c62ff9774a3f63f6f58
aspartate,direct_neighbor_ridge,kidney,0,3,23,36.409170559202884,38.62003991776564,9492e163b6ef19b0563b1ce8302b8e8794e2e4c9c8031c62ff9774a3f63f6f58
aspartate,direct_neighbor_ridge,liver,0,3,25,29.58405634841868,35.67728922272117,9492e163b6ef19b0563b1ce8302b8e8794e2e4c9c8031c62ff9774a3f63f6f58
aspartate,direct_neighbor_ridge,lung,0,4,176,125.22667683256316,135.44656720784116,cf9883e99ee1b956d01c2cb42a4d284b982ce23065d3616a5e1cced359e41fb5
aspartate,direct_neighbor_ridge,bone,1,0,19,18.49353053793319,19.625873822433633,32d2e2f547f707a9f12d899e65a934275c9f49020e10d214973126d05910ec9c
aspartate,direct_neighbor_ridge,ovary,1,0,45,49.33344415008215,52.25761132081106,32d2e2f547f707a9f12d899e65a934275c9f49020e10d214973126d05910ec9c
aspartate,direct_neighbor_ridge,skin,1,0,52,41.98584906519942,43.50272784298975,32d2e2f547f707a9f12d899e65a934275c9f49020e10d214973126d05910ec9c
aspartate,direct_neighbor_ridge,upper_aerodigestive_tract,1,0,30,25.123782067825154,26.48956693098585,32d2e2f547f707a9f12d899e65a934275c9f49020e10d214973126d05910ec9c
aspartate,direct_neighbor_ridge,urinary_tract,1,0,25,14.958046930658396,17.932760421680403,32d2e2f547f707a9f12d899e65a934275c9f49020e10d214973126d05910ec9c
aspartate,direct_neighbor_ridge,lung,1,1,176,125.22667683256316,135.44656720784116,cf9883e99ee1b956d01c2cb42a4d284b982ce23065d3616a5e1cced359e41fb5
aspartate,direct_neighbor_ridge,autonomic_ganglia,1,2,16,7.573291464053044,8.588115722931695,db1ab3680dcfc2deb10e2511ec28b70b27966d5a436d724be48267bcbf200acf
aspartate,direct_neighbor_ridge,haematopoietic_and_lymphoid_tissue,1,2,163,178.40918930730706,161.22415296854743,db1ab3680dcfc2deb10e2511ec28b70b27966d5a436d724be48267bcbf200acf
aspartate,direct_neighbor_ridge,large_intestine,1,3,55,67.84898069033216,74.8820187755852,659dce4f66bf4ee0228513d024a4e287e9f1aa3957152332b1483ab0af67cb42
aspartate,direct_neighbor_ridge,oesophagus,1,3,25,26.45177296082979,30.803372616088684,659dce4f66bf4ee0228513d024a4e287e9f1aa3957152332b1483ab0af67cb42
aspartate,direct_neighbor_ridge,pancreas,1,3,41,51.267642796447014,54.95746019780503,659dce4f66bf4ee0228513d024a4e287e9f1aa3957152332b1483ab0af67cb42
aspartate,direct_neighbor_ridge,soft_tissue,1,3,18,19.072893371742037,19.177757197443604,659dce4f66bf4ee0228513d024a4e287e9f1aa3957152332b1483ab0af67cb42
aspartate,direct_neighbor_ridge,stomach,1,3,37,33.46081810093993,34.068046037971705,659dce4f66bf4ee0228513d024a4e287e9f1aa3957152332b1483ab0af67cb42
aspartate,direct_neighbor_ridge,breast,1,4,49,53.93460005505295,56.710190807710674,9492e163b6ef19b0563b1ce8302b8e8794e2e4c9c8031c62ff9774a3f63f6f58
aspartate,direct_neighbor_ridge,central_nervous_system,1,4,49,50.17288166485185,58.29630876094749,9492e163b6ef19b0563b1ce8302b8e8794e2e4c9c8031c62ff9774a3f63f6f58
aspartate,direct_neighbor_ridge,endometrium,1,4,28,34.327941296741216,35.96659446778661,9492e163b6ef19b0563b1ce8302b8e8794e2e4c9c8031c62ff9774a3f63f6f58
aspartate,direct_neighbor_ridge,kidney,1,4,23,36.409170559202884,38.62003991776564,9492e163b6ef19b0563b1ce8302b8e8794e2e4c9c8031c62ff9774a3f63f6f58
aspartate,direct_neighbor_ridge,liver,1,4,25,29.58405634841868,35.67728922272117,9492e163b6ef19b0563b1ce8302b8e8794e2e4c9c8031c62ff9774a3f63f6f58
beta-alanine,direct_neighbor_ridge,autonomic_ganglia,0,0,16,10.04899229516014,13.577790180289943,db1ab3680dcfc2deb10e2511ec28b70b27966d5a436d724be48267bcbf200acf
beta-alanine,direct_neighbor_ridge,haematopoietic_and_lymphoid_tissue,0,0,163,112.48679220231838,120.93997091886725,db1ab3680dcfc2deb10e2511ec28b70b27966d5a436d724be48267bcbf200acf
beta-alanine,direct_neighbor_ridge,bone,0,1,19,10.903949037252517,19.950675473861708,32d2e2f547f707a9f12d899e65a934275c9f49020e10d214973126d05910ec9c
beta-alanine,direct_neighbor_ridge,ovary,0,1,45,50.669502434482055,48.76264337730714,32d2e2f547f707a9f12d899e65a934275c9f49020e10d214973126d05910ec9c
beta-alanine,direct_neighbor_ridge,skin,0,1,52,24.140587160181425,36.08287963221976,32d2e2f547f707a9f12d899e65a934275c9f49020e10d214973126d05910ec9c
beta-alanine,direct_neighbor_ridge,upper_aerodigestive_tract,0,1,30,22.800888577922443,27.791121336192088,32d2e2f547f707a9f12d899e65a934275c9f49020e10d214973126d05910ec9c
beta-alanine,direct_neighbor_ridge,urinary_tract,0,1,25,12.290853587801184,21.31930843183077,32d2e2f547f707a9f12d899e65a934275c9f49020e10d214973126d05910ec9c
beta-alanine,direct_neighbor_ridge,large_intestine,0,2,55,31.3647218578161,50.61555655717088,659dce4f66bf4ee0228513d024a4e287e9f1aa3957152332b1483ab0af67cb42
beta-alanine,direct_neighbor_ridge,oesophagus,0,2,25,15.754351125356989,21.06827442271713,659dce4f66bf4ee0228513d024a4e287e9f1aa3957152332b1483ab0af67cb42
beta-alanine,direct_neighbor_ridge,pancreas,0,2,41,24.708841805926525,40.783945846024466,659dce4f66bf4ee0228513d024a4e287e9f1aa3957152332b1483ab0af67cb42
beta-alanine,direct_neighbor_ridge,soft_tissue,0,2,18,17.729702332339226,20.499952251988457,659dce4f66bf4ee0228513d024a4e287e9f1aa3957152332b1483ab0af67cb42
beta-alanine,direct_neighbor_ridge,stomach,0,2,37,29.083946022807183,48.282939068964176,659dce4f66bf4ee0228513d024a4e287e9f1aa3957152332b1483ab0af67cb42
beta-alanine,direct_neighbor_ridge,breast,0,3,49,65.0419000793107,78.67147017026082,9492e163b6ef19b0563b1ce8302b8e8794e2e4c9c8031c62ff9774a3f63f6f58
beta-alanine,direct_neighbor_ridge,central_nervous_system,0,3,49,37.431483878943574,46.39242523693296,9492e163b6ef19b0563b1ce8302b8e8794e2e4c9c8031c62ff9774a3f63f6f58
beta-alanine,direct_neighbor_ridge,endometrium,0,3,28,33.593491680441176,40.423925144681185,9492e163b6ef19b0563b1ce8302b8e8794e2e4c9c8031c62ff9774a3f63f6f58
beta-alanine,direct_neighbor_ridge,kidney,0,3,23,39.38745756703422,35.057033251511456,9492e163b6ef19b0563b1ce8302b8e8794e2e4c9c8031c62ff9774a3f63f6f58
beta-alanine,direct_neighbor_ridge,liver,0,3,25,24.49182195327271,26.565393490296824,9492e163b6ef19b0563b1ce8302b8e8794e2e4c9c8031c62ff9774a3f63f6f58
beta-alanine,direct_neighbor_ridge,lung,0,4,176,160.84178255128,195.58540879505674,cf9883e99ee1b956d01c2cb42a4d284b982ce23065d3616a5e1cced359e41fb5
beta-alanine,direct_neighbor_ridge,bone,1,0,19,10.903949037252517,19.950675473861708,32d2e2f547f707a9f12d899e65a934275c9f49020e10d214973126d05910ec9c
beta-alanine,direct_neighbor_ridge,ovary,1,0,45,50.669502434482055,48.76264337730714,32d2e2f547f707a9f12d899e65a934275c9f49020e10d214973126d05910ec9c
beta-alanine,direct_neighbor_ridge,skin,1,0,52,24.140587160181425,36.08287963221976,32d2e2f547f707a9f12d899e65a934275c9f49020e10d214973126d05910ec9c
beta-alanine,direct_neighbor_ridge,upper_aerodigestive_tract,1,0,30,22.800888577922443,27.791121336192088,32d2e2f547f707a9f12d899e65a934275c9f49020e10d214973126d05910ec9c
beta-alanine,direct_neighbor_ridge,urinary_tract,1,0,25,12.290853587801184,21.31930843183077,32d2e2f547f707a9f12d899e65a934275c9f49020e10d214973126d05910ec9c
beta-alanine,direct_neighbor_ridge,lung,1,1,176,160.84178255128,195.58540879505674,cf9883e99ee1b956d01c2cb42a4d284b982ce23065d3616a5e1cced359e41fb5
beta-alanine,direct_neighbor_ridge,autonomic_ganglia,1,2,16,10.04899229516014,13.577790180289943,db1ab3680dcfc2deb10e2511ec28b70b27966d5a436d724be48267bcbf200acf
beta-alanine,direct_neighbor_ridge,haematopoietic_and_lymphoid_tissue,1,2,163,112.48679220231838,120.93997091886725,db1ab3680dcfc2deb10e2511ec28b70b27966d5a436d724be48267bcbf200acf
beta-alanine,direct_neighbor_ridge,large_intestine,1,3,55,31.37449462631474,50.61555655717088,659dce4f66bf4ee0228513d024a4e287e9f1aa3957152332b1483ab0af67cb42
beta-alanine,direct_neighbor_ridge,oesophagus,1,3,25,15.7797994361684,21.06827442271713,659dce4f66bf4ee0228513d024a4e287e9f1aa3957152332b1483ab0af67cb42
beta-alanine,direct_neighbor_ridge,pancreas,1,3,41,24.721222308119355,40.783945846024466,659dce4f66bf4ee0228513d024a4e287e9f1aa3957152332b1483ab0af67cb42
beta-alanine,direct_neighbor_ridge,soft_tissue,1,3,18,17.71736968083086,20.499952251988457,659dce4f66bf4ee0228513d024a4e287e9f1aa3957152332b1483ab0af67cb42
beta-alanine,direct_neighbor_ridge,stomach,1,3,37,29.162739240193716,48.282939068964176,659dce4f66bf4ee0228513d024a4e287e9f1aa3957152332b1483ab0af67cb42
beta-alanine,direct_neighbor_ridge,breast,1,4,49,65.0419000793107,78.67147017026082,9492e163b6ef19b0563b1ce8302b8e8794e2e4c9c8031c62ff9774a3f63f6f58
beta-alanine,direct_neighbor_ridge,central_nervous_system,1,4,49,37.431483878943574,46.39242523693296,9492e163b6ef19b0563b1ce8302b8e8794e2e4c9c8031c62ff9774a3f63f6f58
beta-alanine,direct_neighbor_ridge,endometrium,1,4,28,33.593491680441176,40.423925144681185,9492e163b6ef19b0563b1ce8302b8e8794e2e4c9c8031c62ff9774a3f63f6f58
beta-alanine,direct_neighbor_ridge,kidney,1,4,23,39.38745756703422,35.057033251511456,9492e163b6ef19b0563b1ce8302b8e8794e2e4c9c8031c62ff9774a3f63f6f58
beta-alanine,direct_neighbor_ridge,liver,1,4,25,24.49182195327271,26.565393490296824,9492e163b6ef19b0563b1ce8302b8e8794e2e4c9c8031c62ff9774a3f63f6f58
betaine,direct_neighbor_ridge,autonomic_ganglia,0,0,16,14.772885722452276,15.797545588746235,db1ab3680dcfc2deb10e2511ec28b70b27966d5a436d724be48267bcbf200acf
betaine,direct_neighbor_ridge,haematopoietic_and_lymphoid_tissue,0,0,163,310.4505099798313,336.9165154166376,db1ab3680dcfc2deb10e2511ec28b70b27966d5a436d724be48267bcbf200acf
betaine,direct_neighbor_ridge,bone,0,1,19,11.000744265528203,14.2338731188444,32d2e2f547f707a9f12d899e65a934275c9f49020e10d214973126d05910ec9c
betaine,direct_neighbor_ridge,ovary,0,1,45,19.662981355361023,21.780515214116704,32d2e2f547f707a9f12d899e65a934275c9f49020e10d214973126d05910ec9c
betaine,direct_neighbor_ridge,skin,0,1,52,14.759100841045322,14.599490773707915,32d2e2f547f707a9f12d899e65a934275c9f49020e10d214973126d05910ec9c
betaine,direct_neighbor_ridge,upper_aerodigestive_tract,0,1,30,12.070118607595933,11.05950251322172,32d2e2f547f707a9f12d899e65a934275c9f49020e10d214973126d05910ec9c
betaine,direct_neighbor_ridge,urinary_tract,0,1,25,11.818844774871318,11.324168874355424,32d2e2f547f707a9f12d899e65a934275c9f49020e10d214973126d05910ec9c
betaine,direct_neighbor_ridge,large_intestine,0,2,55,85.62358779581304,93.31901446950648,659dce4f66bf4ee0228513d024a4e287e9f1aa3957152332b1483ab0af67cb42
betaine,direct_neighbor_ridge,oesophagus,0,2,25,11.436696096979766,12.039585475706254,659dce4f66bf4ee0228513d024a4e287e9f1aa3957152332b1483ab0af67cb42
betaine,direct_neighbor_ridge,pancreas,0,2,41,21.131631609851198,25.106822916746427,659dce4f66bf4ee0228513d024a4e287e9f1aa3957152332b1483ab0af67cb42
betaine,direct_neighbor_ridge,soft_tissue,0,2,18,33.3584091434478,29.203007125910727,659dce4f66bf4ee0228513d024a4e287e9f1aa3957152332b1483ab0af67cb42
betaine,direct_neighbor_ridge,stomach,0,2,37,23.61599684954939,25.212757901459238,659dce4f66bf4ee0228513d024a4e287e9f1aa3957152332b1483ab0af67cb42
betaine,direct_neighbor_ridge,breast,0,3,49,54.49368878577011,57.066326460268954,9492e163b6ef19b0563b1ce8302b8e8794e2e4c9c8031c62ff9774a3f63f6f58
betaine,direct_neighbor_ridge,central_nervous_system,0,3,49,20.322136017187184,18.884067970156604,9492e163b6ef19b0563b1ce8302b8e8794e2e4c9c8031c62ff9774a3f63f6f58
betaine,direct_neighbor_ridge,endometrium,0,3,28,22.264949014336942,27.061515876720826,9492e163b6ef19b0563b1ce8302b8e8794e2e4c9c8031c62ff9774a3f63f6f58
betaine,direct_neighbor_ridge,kidney,0,3,23,8.382234578938421,8.37401120154999,9492e163b6ef19b0563b1ce8302b8e8794e2e4c9c8031c62ff9774a3f63f6f58
betaine,direct_neighbor_ridge,liver,0,3,25,38.13093567635438,35.18228104177737,9492e163b6ef19b0563b1ce8302b8e8794e2e4c9c8031c62ff9774a3f63f6f58
betaine,direct_neighbor_ridge,lung,0,4,176,210.1648542628345,214.1791765892296,cf9883e99ee1b956d01c2cb42a4d284b982ce23065d3616a5e1cced359e41fb5
betaine,direct_neighbor_ridge,bone,1,0,19,11.000744265528203,14.2338731188444,32d2e2f547f707a9f12d899e65a934275c9f49020e10d214973126d05910ec9c
betaine,direct_neighbor_ridge,ovary,1,0,45,19.662981355361023,21.780515214116704,32d2e2f547f707a9f12d899e65a934275c9f49020e10d214973126d05910ec9c
betaine,direct_neighbor_ridge,skin,1,0,52,14.759100841045322,14.599490773707915,32d2e2f547f707a9f12d899e65a934275c9f49020e10d214973126d05910ec9c
betaine,direct_neighbor_ridge,upper_aerodigestive_tract,1,0,30,12.070118607595933,11.05950251322172,32d2e2f547f707a9f12d899e65a934275c9f49020e10d214973126d05910ec9c
betaine,direct_neighbor_ridge,urinary_tract,1,0,25,11.818844774871318,11.324168874355424,32d2e2f547f707a9f12d899e65a934275c9f49020e10d214973126d05910ec9c
betaine,direct_neighbor_ridge,lung,1,1,176,210.1648542628345,214.1791765892296,cf9883e99ee1b956d01c2cb42a4d284b982ce23065d3616a5e1cced359e41fb5
betaine,direct_neighbor_ridge,autonomic_ganglia,1,2,16,14.772885722452276,15.797545588746235,db1ab3680dcfc2deb10e2511ec28b70b27966d5a436d724be48267bcbf200acf
betaine,direct_neighbor_ridge,haematopoietic_and_lymphoid_tissue,1,2,163,310.4505099798313,336.9165154166376,db1ab3680dcfc2deb10e2511ec28b70b27966d5a436d724be48267bcbf200acf
betaine,direct_neighbor_ridge,large_intestine,1,3,55,85.62358779581304,93.31901446950648,659dce4f66bf4ee0228513d024a4e287e9f1aa3957152332b1483ab0af67cb42
betaine,direct_neighbor_ridge,oesophagus,1,3,25,11.436696096979766,12.039585475706254,659dce4f66bf4ee0228513d024a4e287e9f1aa3957152332b1483ab0af67cb42
betaine,direct_neighbor_ridge,pancreas,1,3,41,21.131631609851198,25.106822916746427,659dce4f66bf4ee0228513d024a4e287e9f1aa3957152332b1483ab0af67cb42
betaine,direct_neighbor_ridge,soft_tissue,1,3,18,33.3584091434478,29.203007125910727,659dce4f66bf4ee0228513d024a4e287e9f1aa3957152332b1483ab0af67cb42
betaine,direct_neighbor_ridge,stomach,1,3,37,23.61599684954939,25.212757901459238,659dce4f66bf4ee0228513d024a4e287e9f1aa3957152332b1483ab0af67cb42
betaine,direct_neighbor_ridge,breast,1,4,49,54.49368878577011,57.066326460268954,9492e163b6ef19b0563b1ce8302b8e8794e2e4c9c8031c62ff9774a3f63f6f58
betaine,direct_neighbor_ridge,central_nervous_system,1,4,49,20.322136017187184,18.884067970156604,9492e163b6ef19b0563b1ce8302b8e8794e2e4c9c8031c62ff9774a3f63f6f58
betaine,direct_neighbor_ridge,endometrium,1,4,28,22.264949014336942,27.061515876720826,9492e163b6ef19b0563b1ce8302b8e8794e2e4c9c8031c62ff9774a3f63f6f58
betaine,direct_neighbor_ridge,kidney,1,4,23,8.382234578938421,8.37401120154999,9492e163b6ef19b0563b1ce8302b8e8794e2e4c9c8031c62ff9774a3f63f6f58
betaine,direct_neighbor_ridge,liver,1,4,25,38.13093567635438,35.18228104177737,9492e163b6ef19b0563b1ce8302b8e8794e2e4c9c8031c62ff9774a3f63f6f58
cAMP,direct_neighbor_ridge,autonomic_ganglia,0,0,16,10.218006402366052,10.148404280710627,db1ab3680dcfc2deb10e2511ec28b70b27966d5a436d724be48267bcbf200acf
cAMP,direct_neighbor_ridge,haematopoietic_and_lymphoid_tissue,0,0,163,250.7472347611629,251.94409413921323,db1ab3680dcfc2deb10e2511ec28b70b27966d5a436d724be48267bcbf200acf
cAMP,direct_neighbor_ridge,bone,0,1,19,18.113600776562198,17.749760315182847,32d2e2f547f707a9f12d899e65a934275c9f49020e10d214973126d05910ec9c
cAMP,direct_neighbor_ridge,ovary,0,1,45,40.86455537707965,41.55156942189127,32d2e2f547f707a9f12d899e65a934275c9f49020e10d214973126d05910ec9c
cAMP,direct_neighbor_ridge,skin,0,1,52,78.86680617344865,77.47432407894674,32d2e2f547f707a9f12d899e65a934275c9f49020e10d214973126d05910ec9c
cAMP,direct_neighbor_ridge,upper_aerodigestive_tract,0,1,30,22.753329782053395,22.380007106684058,32d2e2f547f707a9f12d899e65a934275c9f49020e10d214973126d05910ec9c
cAMP,direct_neighbor_ridge,urinary_tract,0,1,25,27.14483269661463,26.887434642967875,32d2e2f547f707a9f12d899e65a934275c9f49020e10d214973126d05910ec9c
cAMP,direct_neighbor_ridge,large_intestine,0,2,55,54.480161240018035,54.78013165482201,659dce4f66bf4ee0228513d024a4e287e9f1aa3957152332b1483ab0af67cb42
cAMP,direct_neighbor_ridge,oesophagus,0,2,25,14.196043793613415,14.300061675220697,659dce4f66bf4ee0228513d024a4e287e9f1aa3957152332b1483ab0af67cb42
cAMP,direct_neighbor_ridge,pancreas,0,2,41,26.366331926612915,26.81771091002462,659dce4f66bf4ee0228513d024a4e287e9f1aa3957152332b1483ab0af67cb42
cAMP,direct_neighbor_ridge,soft_tissue,0,2,18,10.130473179463785,10.248602899279938,659dce4f66bf4ee0228513d024a4e287e9f1aa3957152332b1483ab0af67cb42
cAMP,direct_neighbor_ridge,stomach,0,2,37,21.184773401173935,20.803779363900137,659dce4f66bf4ee0228513d024a4e287e9f1aa3957152332b1483ab0af67cb42
cAMP,direct_neighbor_ridge,breast,0,3,49,68.03753801073921,68.1921238847743,9492e163b6ef19b0563b1ce8302b8e8794e2e4c9c8031c62ff9774a3f63f6f58
cAMP,direct_neighbor_ridge,central_nervous_system,0,3,49,26.219041308868658,26.245272410368255,9492e163b6ef19b0563b1ce8302b8e8794e2e4c9c8031c62ff9774a3f63f6f58
cAMP,direct_neighbor_ridge,endometrium,0,3,28,25.57713996760865,25.994950343435544,9492e163b6ef19b0563b1ce8302b8e8794e2e4c9c8031c62ff9774a3f63f6f58
cAMP,direct_neighbor_ridge,kidney,0,3,23,14.749368054043002,14.705867162460194,9492e163b6ef19b0563b1ce8302b8e8794e2e4c9c8031c62ff9774a3f63f6f58
cAMP,direct_neighbor_ridge,liver,0,3,25,16.925214765727734,17.00768834352032,9492e163b6ef19b0563b1ce8302b8e8794e2e4c9c8031c62ff9774a3f63f6f58
cAMP,direct_neighbor_ridge,lung,0,4,176,188.7397137640779,189.07199366864256,cf9883e99ee1b956d01c2cb42a4d284b982ce23065d3616a5e1cced359e41fb5
cAMP,direct_neighbor_ridge,bone,1,0,19,18.113600776562198,17.749760315182847,32d2e2f547f707a9f12d899e65a934275c9f49020e10d214973126d05910ec9c
cAMP,direct_neighbor_ridge,ovary,1,0,45,40.86455537707965,41.55156942189127,32d2e2f547f707a9f12d899e65a934275c9f49020e10d214973126d05910ec9c
cAMP,direct_neighbor_ridge,skin,1,0,52,78.86680617344865,77.47432407894674,32d2e2f547f707a9f12d899e65a934275c9f49020e10d214973126d05910ec9c
cAMP,direct_neighbor_ridge,upper_aerodigestive_tract,1,0,30,22.753329782053395,22.380007106684058,32d2e2f547f707a9f12d899e65a934275c9f49020e10d214973126d05910ec9c
cAMP,direct_neighbor_ridge,urinary_tract,1,0,25,27.14483269661463,26.887434642967875,32d2e2f547f707a9f12d899e65a934275c9f49020e10d214973126d05910ec9c
cAMP,direct_neighbor_ridge,lung,1,1,176,188.72481316480025,189.07199366864256,cf9883e99ee1b956d01c2cb42a4d284b982ce23065d3616a5e1cced359e41fb5
cAMP,direct_neighbor_ridge,autonomic_ganglia,1,2,16,10.227166121592045,10.148404280710627,db1ab3680dcfc2deb10e2511ec28b70b27966d5a436d724be48267bcbf200acf
cAMP,direct_neighbor_ridge,haematopoietic_and_lymphoid_tissue,1,2,163,250.6025897732615,251.94409413921323,db1ab3680dcfc2deb10e2511ec28b70b27966d5a436d724be48267bcbf200acf
cAMP,direct_neighbor_ridge,large_intestine,1,3,55,54.44610793390103,54.78013165482201,659dce4f66bf4ee0228513d024a4e287e9f1aa3957152332b1483ab0af67cb42
cAMP,direct_neighbor_ridge,oesophagus,1,3,25,14.181956971791823,14.300061675220697,659dce4f66bf4ee0228513d024a4e287e9f1aa3957152332b1483ab0af67cb42
cAMP,direct_neighbor_ridge,pancreas,1,3,41,26.30487299924671,26.81771091002462,659dce4f66bf4ee0228513d024a4e287e9f1aa3957152332b1483ab0af67cb42
cAMP,direct_neighbor_ridge,soft_tissue,1,3,18,10.11470181944751,10.248602899279938,659dce4f66bf4ee0228513d024a4e287e9f1aa3957152332b1483ab0af67cb42
cAMP,direct_neighbor_ridge,stomach,1,3,37,21.24388235674951,20.803779363900137,659dce4f66bf4ee0228513d024a4e287e9f1aa3957152332b1483ab0af67cb42
cAMP,direct_neighbor_ridge,breast,1,4,49,68.03753801073921,68.1921238847743,9492e163b6ef19b0563b1ce8302b8e8794e2e4c9c8031c62ff9774a3f63f6f58
cAMP,direct_neighbor_ridge,central_nervous_system,1,4,49,26.219041308868658,26.245272410368255,9492e163b6ef19b0563b1ce8302b8e8794e2e4c9c8031c62ff9774a3f63f6f58
cAMP,direct_neighbor_ridge,endometrium,1,4,28,25.57713996760865,25.994950343435544,9492e163b6ef19b0563b1ce8302b8e8794e2e4c9c8031c62ff9774a3f63f6f58
cAMP,direct_neighbor_ridge,kidney,1,4,23,14.749368054043002,14.705867162460194,9492e163b6ef19b0563b1ce8302b8e8794e2e4c9c8031c62ff9774a3f63f6f58
cAMP,direct_neighbor_ridge,liver,1,4,25,16.925214765727734,17.00768834352032,9492e163b6ef19b0563b1ce8302b8e8794e2e4c9c8031c62ff9774a3f63f6f58
carnosine,direct_neighbor_ridge,autonomic_ganglia,0,0,16,9.847325124331284,14.64004523004322,db1ab3680dcfc2deb10e2511ec28b70b27966d5a436d724be48267bcbf200acf
carnosine,direct_neighbor_ridge,haematopoietic_and_lymphoid_tissue,0,0,163,316.7072887662802,606.2850387221021,db1ab3680dcfc2deb10e2511ec28b70b27966d5a436d724be48267bcbf200acf
carnosine,direct_neighbor_ridge,bone,0,1,19,23.257315471015552,22.533647704560707,32d2e2f547f707a9f12d899e65a934275c9f49020e10d214973126d05910ec9c
carnosine,direct_neighbor_ridge,ovary,0,1,45,18.189145860468876,43.1602109331529,32d2e2f547f707a9f12d899e65a934275c9f49020e10d214973126d05910ec9c
carnosine,direct_neighbor_ridge,skin,0,1,52,24.727090307556807,20.85336542466169,32d2e2f547f707a9f12d899e65a934275c9f49020e10d214973126d05910ec9c
carnosine,direct_neighbor_ridge,upper_aerodigestive_tract,0,1,30,12.659291474260986,10.476481017294612,32d2e2f547f707a9f12d899e65a934275c9f49020e10d214973126d05910ec9c
carnosine,direct_neighbor_ridge,urinary_tract,0,1,25,6.827117375419174,6.817342150472803,32d2e2f547f707a9f12d899e65a934275c9f49020e10d214973126d05910ec9c
carnosine,direct_neighbor_ridge,large_intestine,0,2,55,38.50847712702781,48.48124706891413,659dce4f66bf4ee0228513d024a4e287e9f1aa3957152332b1483ab0af67cb42
carnosine,direct_neighbor_ridge,oesophagus,0,2,25,7.796073302729249,7.783335181897872,659dce4f66bf4ee0228513d024a4e287e9f1aa3957152332b1483ab0af67cb42
carnosine,direct_neighbor_ridge,pancreas,0,2,41,28.24283805585012,30.7418922245237,659dce4f66bf4ee0228513d024a4e287e9f1aa3957152332b1483ab0af67cb42
carnosine,direct_neighbor_ridge,soft_tissue,0,2,18,18.24278760942406,21.254409758399255,659dce4f66bf4ee0228513d024a4e287e9f1aa3957152332b1483ab0af67cb42
carnosine,direct_neighbor_ridge,stomach,0,2,37,38.24353376603189,38.30408579609598,659dce4f66bf4ee0228513d024a4e287e9f1aa3957152332b1483ab0af67cb42
carnosine,direct_neighbor_ridge,breast,0,3,49,34.526863286359465,50.71843262842569,9492e163b6ef19b0563b1ce8302b8e8794e2e4c9c8031c62ff9774a3f63f6f58
carnosine,direct_neighbor_ridge,central_nervous_system,0,3,49,42.58117157320618,30.046831851215593,9492e163b6ef19b0563b1ce8302b8e8794e2e4c9c8031c62ff9774a3f63f6f58
carnosine,direct_neighbor_ridge,endometrium,0,3,28,8.160227307686519,19.463144855044238,9492e163b6ef19b0563b1ce8302b8e8794e2e4c9c8031c62ff9774a3f63f6f58
carnosine,direct_neighbor_ridge,kidney,0,3,23,4.803930419793884,8.044084250077429,9492e163b6ef19b0563b1ce8302b8e8794e2e4c9c8031c62ff9774a3f63f6f58
carnosine,direct_neighbor_ridge,liver,0,3,25,15.62652454720186,16.653284736894772,9492e163b6ef19b0563b1ce8302b8e8794e2e4c9c8031c62ff9774a3f63f6f58
carnosine,direct_neighbor_ridge,lung,0,4,176,81.41392003014974,155.23303382128285,cf9883e99ee1b956d01c2cb42a4d284b982ce23065d3616a5e1cced359e41fb5
carnosine,direct_neighbor_ridge,bone,1,0,19,23.257315471015552,22.533647704560707,32d2e2f547f707a9f12d899e65a934275c9f49020e10d214973126d05910ec9c
carnosine,direct_neighbor_ridge,ovary,1,0,45,18.189145860468876,43.1602109331529,32d2e2f547f707a9f12d899e65a934275c9f49020e10d214973126d05910ec9c
carnosine,direct_neighbor_ridge,skin,1,0,52,24.727090307556807,20.85336542466169,32d2e2f547f707a9f12d899e65a934275c9f49020e10d214973126d05910ec9c
carnosine,direct_neighbor_ridge,upper_aerodigestive_tract,1,0,30,12.659291474260986,10.476481017294612,32d2e2f547f707a9f12d899e65a934275c9f49020e10d214973126d05910ec9c
carnosine,direct_neighbor_ridge,urinary_tract,1,0,25,6.827117375419174,6.817342150472803,32d2e2f547f707a9f12d899e65a934275c9f49020e10d214973126d05910ec9c
carnosine,direct_neighbor_ridge,lung,1,1,176,81.41392003014974,155.23303382128285,cf9883e99ee1b956d01c2cb42a4d284b982ce23065d3616a5e1cced359e41fb5
carnosine,direct_neighbor_ridge,autonomic_ganglia,1,2,16,9.847325124331284,14.64004523004322,db1ab3680dcfc2deb10e2511ec28b70b27966d5a436d724be48267bcbf200acf
carnosine,direct_neighbor_ridge,haematopoietic_and_lymphoid_tissue,1,2,163,316.7072887662802,606.2850387221021,db1ab3680dcfc2deb10e2511ec28b70b27966d5a436d724be48267bcbf200acf
carnosine,direct_neighbor_ridge,large_intestine,1,3,55,37.48040500868301,48.48124706891413,659dce4f66bf4ee0228513d024a4e287e9f1aa3957152332b1483ab0af67cb42
carnosine,direct_neighbor_ridge,oesophagus,1,3,25,7.498031658308391,7.783335181897872,659dce4f66bf4ee0228513d024a4e287e9f1aa3957152332b1483ab0af67cb42
carnosine,direct_neighbor_ridge,pancreas,1,3,41,26.741388236161242,30.7418922245237,659dce4f66bf4ee0228513d024a4e287e9f1aa3957152332b1483ab0af67cb42
carnosine,direct_neighbor_ridge,soft_tissue,1,3,18,17.99347079303202,21.254409758399255,659dce4f66bf4ee0228513d024a4e287e9f1aa3957152332b1483ab0af67cb42
carnosine,direct_neighbor_ridge,stomach,1,3,37,37.1737832316098,38.30408579609598,659dce4f66bf4ee0228513d024a4e287e9f1aa3957152332b1483ab0af67cb42
carnosine,direct_neighbor_ridge,breast,1,4,49,34.526863286359465,50.71843262842569,9492e163b6ef19b0563b1ce8302b8e8794e2e4c9c8031c62ff9774a3f63f6f58
carnosine,direct_neighbor_ridge,central_nervous_system,1,4,49,42.58117157320618,30.046831851215593,9492e163b6ef19b0563b1ce8302b8e8794e2e4c9c8031c62ff9774a3f63f6f58
carnosine,direct_neighbor_ridge,endometrium,1,4,28,8.160227307686519,19.463144855044238,9492e163b6ef19b0563b1ce8302b8e8794e2e4c9c8031c62ff9774a3f63f6f58
carnosine,direct_neighbor_ridge,kidney,1,4,23,4.803930419793884,8.044084250077429,9492e163b6ef19b0563b1ce8302b8e8794e2e4c9c8031c62ff9774a3f63f6f58
carnosine,direct_neighbor_ridge,liver,1,4,25,15.62652454720186,16.653284736894772,9492e163b6ef19b0563b1ce8302b8e8794e2e4c9c8031c62ff9774a3f63f6f58
choline,direct_neighbor_ridge,autonomic_ganglia,0,0,16,5.193707416378057,5.224051425125382,db1ab3680dcfc2deb10e2511ec28b70b27966d5a436d724be48267bcbf200acf
choline,direct_neighbor_ridge,haematopoietic_and_lymphoid_tissue,0,0,163,133.1199870118228,118.85536816062502,db1ab3680dcfc2deb10e2511ec28b70b27966d5a436d724be48267bcbf200acf
choline,direct_neighbor_ridge,bone,0,1,19,30.054652868431,30.033702508999294,32d2e2f547f707a9f12d899e65a934275c9f49020e10d214973126d05910ec9c
choline,direct_neighbor_ridge,ovary,0,1,45,28.270030625656787,28.66082729591255,32d2e2f547f707a9f12d899e65a934275c9f49020e10d214973126d05910ec9c
choline,direct_neighbor_ridge,skin,0,1,52,70.49128040389434,74.10701595599768,32d2e2f547f707a9f12d899e65a934275c9f49020e10d214973126d05910ec9c
choline,direct_neighbor_ridge,upper_aerodigestive_tract,0,1,30,17.674227127097573,18.17898413337493,32d2e2f547f707a9f12d899e65a934275c9f49020e10d214973126d05910ec9c
choline,direct_neighbor_ridge,urinary_tract,0,1,25,53.854531173092745,53.79026455396615,32d2e2f547f707a9f12d899e65a934275c9f49020e10d214973126d05910ec9c
choline,direct_neighbor_ridge,large_intestine,0,2,55,44.84235275771519,45.276141712627435,659dce4f66bf4ee0228513d024a4e287e9f1aa3957152332b1483ab0af67cb42
choline,direct_neighbor_ridge,oesophagus,0,2,25,17.028521383605856,15.907798531296415,659dce4f66bf4ee0228513d024a4e287e9f1aa3957152332b1483ab0af67cb42
choline,direct_neighbor_ridge,pancreas,0,2,41,60.08511806860588,60.91194598178431,659dce4f66bf4ee0228513d024a4e287e9f1aa3957152332b1483ab0af67cb42
choline,direct_neighbor_ridge,soft_tissue,0,2,18,10.177065114533491,9.625296649419298,659dce4f66bf4ee0228513d024a4e287e9f1aa3957152332b1483ab0af67cb42
choline,direct_neighbor_ridge,stomach,0,2,37,52.54865328886435,52.43442051094014,659dce4f66bf4ee0228513d024a4e287e9f1aa3957152332b1483ab0af67cb42
choline,direct_neighbor_ridge,breast,0,3,49,22.09687501458759,22.508365624049894,9492e163b6ef19b0563b1ce8302b8e8794e2e4c9c8031c62ff9774a3f63f6f58
choline,direct_neighbor_ridge,central_nervous_system,0,3,49,29.878374025406178,30.06033500314247,9492e163b6ef19b0563b1ce8302b8e8794e2e4c9c8031c62ff9774a3f63f6f58
choline,direct_neighbor_ridge,endometrium,0,3,28,51.31438925328839,52.37869540416895,9492e163b6ef19b0563b1ce8302b8e8794e2e4c9c8031c62ff9774a3f63f6f58
choline,direct_neighbor_ridge,kidney,0,3,23,10.17682678866646,11.273467784839237,9492e163b6ef19b0563b1ce8302b8e8794e2e4c9c8031c62ff9774a3f63f6f58
choline,direct_neighbor_ridge,liver,0,3,25,75.44420709987222,77.52635848983681,9492e163b6ef19b0563b1ce8302b8e8794e2e4c9c8031c62ff9774a3f63f6f58
choline,direct_neighbor_ridge,lung,0,4,176,201.88661750852583,194.46625657286125,cf9883e99ee1b956d01c2cb42a4d284b982ce23065d3616a5e1cced359e41fb5
choline,direct_neighbor_ridge,bone,1,0,19,30.054652868431,30.033702508999294,32d2e2f547f707a9f12d899e65a934275c9f49020e10d214973126d05910ec9c
choline,direct_neighbor_ridge,ovary,1,0,45,28.270030625656787,28.66082729591255,32d2e2f547f707a9f12d899e65a934275c9f49020e10d214973126d05910ec9c
choline,direct_neighbor_ridge,skin,1,0,52,70.49128040389434,74.10701595599768,32d2e2f547f707a9f12d899e65a934275c9f49020e10d214973126d05910ec9c
choline,direct_neighbor_ridge,upper_aerodigestive_tract,1,0,30,17.674227127097573,18.17898413337493,32d2e2f547f707a9f12d899e65a934275c9f49020e10d214973126d05910ec9c
choline,direct_neighbor_ridge,urinary_tract,1,0,25,53.854531173092745,53.79026455396615,32d2e2f547f707a9f12d899e65a934275c9f49020e10d214973126d05910ec9c
choline,direct_neighbor_ridge,lung,1,1,176,201.70245077496065,194.46625657286125,cf9883e99ee1b956d01c2cb42a4d284b982ce23065d3616a5e1cced359e41fb5
choline,direct_neighbor_ridge,autonomic_ganglia,1,2,16,5.193707416378057,5.224051425125382,db1ab3680dcfc2deb10e2511ec28b70b27966d5a436d724be48267bcbf200acf
choline,direct_neighbor_ridge,haematopoietic_and_lymphoid_tissue,1,2,163,133.1199870118228,118.85536816062502,db1ab3680dcfc2deb10e2511ec28b70b27966d5a436d724be48267bcbf200acf
choline,direct_neighbor_ridge,large_intestine,1,3,55,45.03036878545884,45.276141712627435,659dce4f66bf4ee0228513d024a4e287e9f1aa3957152332b1483ab0af67cb42
choline,direct_neighbor_ridge,oesophagus,1,3,25,17.270284084389136,15.907798531296415,659dce4f66bf4ee0228513d024a4e287e9f1aa3957152332b1483ab0af67cb42
choline,direct_neighbor_ridge,pancreas,1,3,41,60.06937164299845,60.91194598178431,659dce4f66bf4ee0228513d024a4e287e9f1aa3957152332b1483ab0af67cb42
choline,direct_neighbor_ridge,soft_tissue,1,3,18,10.346237834253929,9.625296649419298,659dce4f66bf4ee0228513d024a4e287e9f1aa3957152332b1483ab0af67cb42
choline,direct_neighbor_ridge,stomach,1,3,37,52.70438725458676,52.43442051094014,659dce4f66bf4ee0228513d024a4e287e9f1aa3957152332b1483ab0af67cb42
choline,direct_neighbor_ridge,breast,1,4,49,22.09687501458759,22.508365624049894,9492e163b6ef19b0563b1ce8302b8e8794e2e4c9c8031c62ff9774a3f63f6f58
choline,direct_neighbor_ridge,central_nervous_system,1,4,49,29.878374025406178,30.06033500314247,9492e163b6ef19b0563b1ce8302b8e8794e2e4c9c8031c62ff9774a3f63f6f58
choline,direct_neighbor_ridge,endometrium,1,4,28,51.31438925328839,52.37869540416895,9492e163b6ef19b0563b1ce8302b8e8794e2e4c9c8031c62ff9774a3f63f6f58
choline,direct_neighbor_ridge,kidney,1,4,23,10.17682678866646,11.273467784839237,9492e163b6ef19b0563b1ce8302b8e8794e2e4c9c8031c62ff9774a3f63f6f58
choline,direct_neighbor_ridge,liver,1,4,25,75.44420709987222,77.52635848983681,9492e163b6ef19b0563b1ce8302b8e8794e2e4c9c8031c62ff9774a3f63f6f58
citrate,direct_neighbor_ridge,autonomic_ganglia,0,0,16,14.239886927933235,18.922157258138682,db1ab3680dcfc2deb10e2511ec28b70b27966d5a436d724be48267bcbf200acf
citrate,direct_neighbor_ridge,haematopoietic_and_lymphoid_tissue,0,0,163,331.7638101018645,376.187335327264,db1ab3680dcfc2deb10e2511ec28b70b27966d5a436d724be48267bcbf200acf
citrate,direct_neighbor_ridge,bone,0,1,19,15.749865346889546,18.176429040718432,32d2e2f547f707a9f12d899e65a934275c9f49020e10d214973126d05910ec9c
citrate,direct_neighbor_ridge,ovary,0,1,45,14.699013509305972,18.72210242151842,32d2e2f547f707a9f12d899e65a934275c9f49020e10d214973126d05910ec9c
citrate,direct_neighbor_ridge,skin,0,1,52,29.683596039389915,32.55426881521989,32d2e2f547f707a9f12d899e65a934275c9f49020e10d214973126d05910ec9c
citrate,direct_neighbor_ridge,upper_aerodigestive_tract,0,1,30,13.432712248781975,17.622456391503867,32d2e2f547f707a9f12d899e65a934275c9f49020e10d214973126d05910ec9c
citrate,direct_neighbor_ridge,urinary_tract,0,1,25,15.296940196783329,15.22585615120124,32d2e2f547f707a9f12d899e65a934275c9f49020e10d214973126d05910ec9c
citrate,direct_neighbor_ridge,large_intestine,0,2,55,41.72618577197029,49.15309479433493,659dce4f66bf4ee0228513d024a4e287e9f1aa3957152332b1483ab0af67cb42
citrate,direct_neighbor_ridge,oesophagus,0,2,25,11.648772831427864,14.971825445570532,659dce4f66bf4ee0228513d024a4e287e9f1aa3957152332b1483ab0af67cb42
citrate,direct_neighbor_ridge,pancreas,0,2,41,35.638038988208564,37.97264591369208,659dce4f66bf4ee0228513d024a4e287e9f1aa3957152332b1483ab0af67cb42
citrate,direct_neighbor_ridge,soft_tissue,0,2,18,16.830534936003907,16.86362278246952,659dce4f66bf4ee0228513d024a4e287e9f1aa3957152332b1483ab0af67cb42
citrate,direct_neighbor_ridge,stomach,0,2,37,34.84166818090098,40.83919946260039,659dce4f66bf4ee0228513d024a4e287e9f1aa3957152332b1483ab0af67cb42
citrate,direct_neighbor_ridge,breast,0,3,49,54.55478165557174,60.69860764437364,9492e163b6ef19b0563b1ce8302b8e8794e2e4c9c8031c62ff9774a3f63f6f58
citrate,direct_neighbor_ridge,central_nervous_system,0,3,49,46.92329744764957,49.828785145113514,9492e163b6ef19b0563b1ce8302b8e8794e2e4c9c8031c62ff9774a3f63f6f58
citrate,direct_neighbor_ridge,endometrium,0,3,28,15.328262623464902,17.147602983707497,9492e163b6ef19b0563b1ce8302b8e8794e2e4c9c8031c62ff9774a3f63f6f58
citrate,direct_neighbor_ridge,kidney,0,3,23,17.417717527809078,16.282552029430388,9492e163b6ef19b0563b1ce8302b8e8794e2e4c9c8031c62ff9774a3f63f6f58
citrate,direct_neighbor_ridge,liver,0,3,25,24.631110207829387,31.00022028572655,9492e163b6ef19b0563b1ce8302b8e8794e2e4c9c8031c62ff9774a3f63f6f58
citrate,direct_neighbor_ridge,lung,0,4,176,119.16680301479498,139.19463003596906,cf9883e99ee1b956d01c2cb42a4d284b982ce23065d3616a5e1cced359e41fb5
citrate,direct_neighbor_ridge,bone,1,0,19,15.749865346889546,18.176429040718432,32d2e2f547f707a9f12d899e65a934275c9f49020e10d214973126d05910ec9c
citrate,direct_neighbor_ridge,ovary,1,0,45,14.699013509305972,18.72210242151842,32d2e2f547f707a9f12d899e65a934275c9f49020e10d214973126d05910ec9c
citrate,direct_neighbor_ridge,skin,1,0,52,29.683596039389915,32.55426881521989,32d2e2f547f707a9f12d899e65a934275c9f49020e10d214973126d05910ec9c
citrate,direct_neighbor_ridge,upper_aerodigestive_tract,1,0,30,13.432712248781975,17.622456391503867,32d2e2f547f707a9f12d899e65a934275c9f49020e10d214973126d05910ec9c
citrate,direct_neighbor_ridge,urinary_tract,1,0,25,15.296940196783329,15.22585615120124,32d2e2f547f707a9f12d899e65a934275c9f49020e10d214973126d05910ec9c
citrate,direct_neighbor_ridge,lung,1,1,176,119.78138495492746,139.19463003596906,cf9883e99ee1b956d01c2cb42a4d284b982ce23065d3616a5e1cced359e41fb5
citrate,direct_neighbor_ridge,autonomic_ganglia,1,2,16,14.239886927933235,18.922157258138682,db1ab3680dcfc2deb10e2511ec28b70b27966d5a436d724be48267bcbf200acf
citrate,direct_neighbor_ridge,haematopoietic_and_lymphoid_tissue,1,2,163,331.7638101018645,376.187335327264,db1ab3680dcfc2deb10e2511ec28b70b27966d5a436d724be48267bcbf200acf
citrate,direct_neighbor_ridge,large_intestine,1,3,55,41.74634257486709,49.15309479433493,659dce4f66bf4ee0228513d024a4e287e9f1aa3957152332b1483ab0af67cb42
citrate,direct_neighbor_ridge,oesophagus,1,3,25,11.661172102403105,14.971825445570532,659dce4f66bf4ee0228513d024a4e287e9f1aa3957152332b1483ab0af67cb42
citrate,direct_neighbor_ridge,pancreas,1,3,41,35.623019326991134,37.97264591369208,659dce4f66bf4ee0228513d024a4e287e9f1aa3957152332b1483ab0af67cb42
citrate,direct_neighbor_ridge,soft_tissue,1,3,18,16.80952044560546,16.86362278246952,659dce4f66bf4ee0228513d024a4e287e9f1aa3957152332b1483ab0af67cb42
citrate,direct_neighbor_ridge,stomach,1,3,37,34.88361943196867,40.83919946260039,659dce4f66bf4ee0228513d024a4e287e9f1aa3957152332b1483ab0af67cb42
citrate,direct_neighbor_ridge,breast,1,4,49,54.55478165557174,60.69860764437364,9492e163b6ef19b0563b1ce8302b8e8794e2e4c9c8031c62ff9774a3f63f6f58
citrate,direct_neighbor_ridge,central_nervous_system,1,4,49,46.92329744764957,49.828785145113514,9492e163b6ef19b0563b1ce8302b8e8794e2e4c9c8031c62ff9774a3f63f6f58
citrate,direct_neighbor_ridge,endometrium,1,4,28,15.328262623464902,17.147602983707497,9492e163b6ef19b0563b1ce8302b8e8794e2e4c9c8031c62ff9774a3f63f6f58
citrate,direct_neighbor_ridge,kidney,1,4,23,17.417717527809078,16.282552029430388,9492e163b6ef19b0563b1ce8302b8e8794e2e4c9c8031c62ff9774a3f63f6f58
citrate,direct_neighbor_ridge,liver,1,4,25,24.631110207829387,31.00022028572655,9492e163b6ef19b0563b1ce8302b8e8794e2e4c9c8031c62ff9774a3f63f6f58
citrulline,direct_neighbor_ridge,autonomic_ganglia,0,0,16,1.725065920123954,13.478190217996879,db1ab3680dcfc2deb10e2511ec28b70b27966d5a436d724be48267bcbf200acf
citrulline,direct_neighbor_ridge,haematopoietic_and_lymphoid_tissue,0,0,163,127.10970906432883,302.9409497293624,db1ab3680dcfc2deb10e2511ec28b70b27966d5a436d724be48267bcbf200acf
citrulline,direct_neighbor_ridge,bone,0,1,19,6.286540697690977,12.838399312575158,32d2e2f547f707a9f12d899e65a934275c9f49020e10d214973126d05910ec9c
citrulline,direct_neighbor_ridge,ovary,0,1,45,11.514093268626409,39.984797150460864,32d2e2f547f707a9f12d899e65a934275c9f49020e10d214973126d05910ec9c
citrulline,direct_neighbor_ridge,skin,0,1,52,15.39515583923947,20.563689863644402,32d2e2f547f707a9f12d899e65a934275c9f49020e10d214973126d05910ec9c
citrulline,direct_neighbor_ridge,upper_aerodigestive_tract,0,1,30,8.7282241027231,14.898138569380418,32d2e2f547f707a9f12d899e65a934275c9f49020e10d214973126d05910ec9c
citrulline,direct_neighbor_ridge,urinary_tract,0,1,25,8.109399375062804,10.892896762573933,32d2e2f547f707a9f12d899e65a934275c9f49020e10d214973126d05910ec9c
citrulline,direct_neighbor_ridge,large_intestine,0,2,55,20.938120728559383,43.88903638982299,659dce4f66bf4ee0228513d024a4e287e9f1aa3957152332b1483ab0af67cb42
citrulline,direct_neighbor_ridge,oesophagus,0,2,25,14.133491874428207,15.031664306439458,659dce4f66bf4ee0228513d024a4e287e9f1aa3957152332b1483ab0af67cb42
citrulline,direct_neighbor_ridge,pancreas,0,2,41,10.361857155887298,32.078513313016224,659dce4f66bf4ee0228513d024a4e287e9f1aa3957152332b1483ab0af67cb42
citrulline,direct_neighbor_ridge,soft_tissue,0,2,18,8.370875516253758,17.500418440206914,659dce4f66bf4ee0228513d024a4e287e9f1aa3957152332b1483ab0af67cb42
citrulline,direct_neighbor_ridge,stomach,0,2,37,19.554574949717576,31.10666853693129,659dce4f66bf4ee0228513d024a4e287e9f1aa3957152332b1483ab0af67cb42
citrulline,direct_neighbor_ridge,breast,0,3,49,18.284826433535958,63.42870715180403,9492e163b6ef19b0563b1ce8302b8e8794e2e4c9c8031c62ff9774a3f63f6f58
citrulline,direct_neighbor_ridge,central_nervous_system,0,3,49,17.818494867811395,53.101841206015195,9492e163b6ef19b0563b1ce8302b8e8794e2e4c9c8031c62ff9774a3f63f6f58
citrulline,direct_neighbor_ridge,endometrium,0,3,28,11.4958865974469,26.57865425491243,9492e163b6ef19b0563b1ce8302b8e8794e2e4c9c8031c62ff9774a3f63f6f58
citrulline,direct_neighbor_ridge,kidney,0,3,23,5.003191301252324,16.092772517679883,9492e163b6ef19b0563b1ce8302b8e8794e2e4c9c8031c62ff9774a3f63f6f58
citrulline,direct_neighbor_ridge,liver,0,3,25,11.806626696359022,26.833947644053474,9492e163b6ef19b0563b1ce8302b8e8794e2e4c9c8031c62ff9774a3f63f6f58
citrulline,direct_neighbor_ridge,lung,0,4,176,75.1334374042234,195.6082319321508,cf9883e99ee1b956d01c2cb42a4d284b982ce23065d3616a5e1cced359e41fb5
citrulline,direct_neighbor_ridge,bone,1,0,19,6.286540697690977,12.838399312575158,32d2e2f547f707a9f12d899e65a934275c9f49020e10d214973126d05910ec9c
citrulline,direct_neighbor_ridge,ovary,1,0,45,11.514093268626409,39.984797150460864,32d2e2f547f707a9f12d899e65a934275c9f49020e10d214973126d05910ec9c
citrulline,direct_neighbor_ridge,skin,1,0,52,15.39515583923947,20.563689863644402,32d2e2f547f707a9f12d899e65a934275c9f49020e10d214973126d05910ec9c
citrulline,direct_neighbor_ridge,upper_aerodigestive_tract,1,0,30,8.7282241027231,14.898138569380418,32d2e2f547f707a9f12d899e65a934275c9f49020e10d214973126d05910ec9c
citrulline,direct_neighbor_ridge,urinary_tract,1,0,25,8.109399375062804,10.892896762573933,32d2e2f547f707a9f12d899e65a934275c9f49020e10d214973126d05910ec9c
citrulline,direct_neighbor_ridge,lung,1,1,176,75.1334374042234,195.6082319321508,cf9883e99ee1b956d01c2cb42a4d284b982ce23065d3616a5e1cced359e41fb5
citrulline,direct_neighbor_ridge,autonomic_ganglia,1,2,16,1.725065920123954,13.478190217996879,db1ab3680dcfc2deb10e2511ec28b70b27966d5a436d724be48267bcbf200acf
citrulline,direct_neighbor_ridge,haematopoietic_and_lymphoid_tissue,1,2,163,127.10970906432883,302.9409497293624,db1ab3680dcfc2deb10e2511ec28b70b27966d5a436d724be48267bcbf200acf
citrulline,direct_neighbor_ridge,large_intestine,1,3,55,20.938120728559383,43.88903638982299,659dce4f66bf4ee0228513d024a4e287e9f1aa3957152332b1483ab0af67cb42
citrulline,direct_neighbor_ridge,oesophagus,1,3,25,14.133491874428207,15.031664306439458,659dce4f66bf4ee0228513d024a4e287e9f1aa3957152332b1483ab0af67cb42
citrulline,direct_neighbor_ridge,pancreas,1,3,41,10.361857155887298,32.078513313016224,659dce4f66bf4ee0228513d024a4e287e9f1aa3957152332b1483ab0af67cb42
citrulline,direct_neighbor_ridge,soft_tissue,1,3,18,8.370875516253758,17.500418440206914,659dce4f66bf4ee0228513d024a4e287e9f1aa3957152332b1483ab0af67cb42
citrulline,direct_neighbor_ridge,stomach,1,3,37,19.554574949717576,31.10666853693129,659dce4f66bf4ee0228513d024a4e287e9f1aa3957152332b1483ab0af67cb42
citrulline,direct_neighbor_ridge,breast,1,4,49,18.284826433535958,63.42870715180403,9492e163b6ef19b0563b1ce8302b8e8794e2e4c9c8031c62ff9774a3f63f6f58
citrulline,direct_neighbor_ridge,central_nervous_system,1,4,49,17.818494867811395,53.101841206015195,9492e163b6ef19b0563b1ce8302b8e8794e2e4c9c8031c62ff9774a3f63f6f58
citrulline,direct_neighbor_ridge,endometrium,1,4,28,11.4958865974469,26.57865425491243,9492e163b6ef19b0563b1ce8302b8e8794e2e4c9c8031c62ff9774a3f63f6f58
citrulline,direct_neighbor_ridge,kidney,1,4,23,5.003191301252324,16.092772517679883,9492e163b6ef19b0563b1ce8302b8e8794e2e4c9c8031c62ff9774a3f63f6f58
citrulline,direct_neighbor_ridge,liver,1,4,25,11.806626696359022,26.833947644053474,9492e163b6ef19b0563b1ce8302b8e8794e2e4c9c8031c62ff9774a3f63f6f58
cytidine,direct_neighbor_ridge,autonomic_ganglia,0,0,16,38.703793948132926,44.26663567169584,db1ab3680dcfc2deb10e2511ec28b70b27966d5a436d724be48267bcbf200acf
cytidine,direct_neighbor_ridge,haematopoietic_and_lymphoid_tissue,0,0,163,407.7191786359397,440.6086978743965,db1ab3680dcfc2deb10e2511ec28b70b27966d5a436d724be48267bcbf200acf
cytidine,direct_neighbor_ridge,bone,0,1,19,14.930242017588895,14.514141423027208,32d2e2f547f707a9f12d899e65a934275c9f49020e10d214973126d05910ec9c
cytidine,direct_neighbor_ridge,ovary,0,1,45,27.73730327063998,29.101047348286006,32d2e2f547f707a9f12d899e65a934275c9f49020e10d214973126d05910ec9c
cytidine,direct_neighbor_ridge,skin,0,1,52,40.90439172435416,32.78297655566914,32d2e2f547f707a9f12d899e65a934275c9f49020e10d214973126d05910ec9c
cytidine,direct_neighbor_ridge,upper_aerodigestive_tract,0,1,30,35.89114747138984,38.030374007723225,32d2e2f547f707a9f12d899e65a934275c9f49020e10d214973126d05910ec9c
cytidine,direct_neighbor_ridge,urinary_tract,0,1,25,21.096057290415267,21.423543847325398,32d2e2f547f707a9f12d899e65a934275c9f49020e10d214973126d05910ec9c
cytidine,direct_neighbor_ridge,large_intestine,0,2,55,52.04384121126152,60.725711782105144,659dce4f66bf4ee0228513d024a4e287e9f1aa3957152332b1483ab0af67cb42
cytidine,direct_neighbor_ridge,oesophagus,0,2,25,22.687124051733118,27.704363915223354,659dce4f66bf4ee0228513d024a4e287e9f1aa3957152332b1483ab0af67cb42
cytidine,direct_neighbor_ridge,pancreas,0,2,41,36.8851025102357,40.23293126871523,659dce4f66bf4ee0228513d024a4e287e9f1aa3957152332b1483ab0af67cb42
cytidine,direct_neighbor_ridge,soft_tissue,0,2,18,17.659716248790936,15.936059202008233,659dce4f66bf4ee0228513d024a4e287e9f1aa3957152332b1483ab0af67cb42
cytidine,direct_neighbor_ridge,stomach,0,2,37,28.191460976804727,31.79442764399004,659dce4f66bf4ee0228513d024a4e287e9f1aa3957152332b1483ab0af67cb42
cytidine,direct_neighbor_ridge,breast,0,3,49,40.573712087049906,45.34669298209357,9492e163b6ef19b0563b1ce8302b8e8794e2e4c9c8031c62ff9774a3f63f6f58
cytidine,direct_neighbor_ridge,central_nervous_system,0,3,49,32.73224525491396,22.270222452538743,9492e163b6ef19b0563b1ce8302b8e8794e2e4c9c8031c62ff9774a3f63f6f58
cytidine,direct_neighbor_ridge,endometrium,0,3,28,21.82700862652676,19.391082464139533,9492e163b6ef19b0563b1ce8302b8e8794e2e4c9c8031c62ff9774a3f63f6f58
cytidine,direct_neighbor_ridge,kidney,0,3,23,10.854286559181098,11.605984244282299,9492e163b6ef19b0563b1ce8302b8e8794e2e4c9c8031c62ff9774a3f63f6f58
cytidine,direct_neighbor_ridge,liver,0,3,25,16.71979898156564,18.602150786983284,9492e163b6ef19b0563b1ce8302b8e8794e2e4c9c8031c62ff9774a3f63f6f58
cytidine,direct_neighbor_ridge,lung,0,4,176,119.89898123580073,128.82039392111292,cf9883e99ee1b956d01c2cb42a4d284b982ce23065d3616a5e1cced359e41fb5
cytidine,direct_neighbor_ridge,bone,1,0,19,14.930242017588895,14.514141423027208,32d2e2f547f707a9f12d899e65a934275c9f49020e10d214973126d05910ec9c
cytidine,direct_neighbor_ridge,ovary,1,0,45,27.73730327063998,29.101047348286006,32d2e2f547f707a9f12d899e65a934275c9f49020e10d214973126d05910ec9c
cytidine,direct_neighbor_ridge,skin,1,0,52,40.90439172435416,32.78297655566914,32d2e2f547f707a9f12d899e65a934275c9f49020e10d214973126d05910ec9c
cytidine,direct_neighbor_ridge,upper_aerodigestive_tract,1,0,30,35.89114747138984,38.030374007723225,32d2e2f547f707a9f12d899e65a934275c9f49020e10d214973126d05910ec9c
cytidine,direct_neighbor_ridge,urinary_tract,1,0,25,21.096057290415267,21.423543847325398,32d2e2f547f707a9f12d899e65a934275c9f49020e10d214973126d05910ec9c
cytidine,direct_neighbor_ridge,lung,1,1,176,119.89898123580073,128.82039392111292,cf9883e99ee1b956d01c2cb42a4d284b982ce23065d3616a5e1cced359e41fb5
cytidine,direct_neighbor_ridge,autonomic_ganglia,1,2,16,38.703793948132926,44.26663567169584,db1ab3680dcfc2deb10e2511ec28b70b27966d5a436d724be48267bcbf200acf
cytidine,direct_neighbor_ridge,haematopoietic_and_lymphoid_tissue,1,2,163,407.7191786359397,440.6086978743965,db1ab3680dcfc2deb10e2511ec28b70b27966d5a436d724be48267bcbf200acf
cytidine,direct_neighbor_ridge,large_intestine,1,3,55,52.00324166504621,60.725711782105144,659dce4f66bf4ee0228513d024a4e287e9f1aa3957152332b1483ab0af67cb42
cytidine,direct_neighbor_ridge,oesophagus,1,3,25,22.634940852099273,27.704363915223354,659dce4f66bf4ee0228513d024a4e287e9f1aa3957152332b1483ab0af67cb42
cytidine,direct_neighbor_ridge,pancreas,1,3,41,36.86831163030129,40.23293126871523,659dce4f66bf4ee0228513d024a4e287e9f1aa3957152332b1483ab0af67cb42
cytidine,direct_neighbor_ridge,soft_tissue,1,3,18,17.69886748715666,15.936059202008233,659dce4f66bf4ee0228513d024a4e287e9f1aa3957152332b1483ab0af67cb42
cytidine,direct_neighbor_ridge,stomach,1,3,37,28.16517546858132,31.79442764399004,659dce4f66bf4ee0228513d024a4e287e9f1aa3957152332b1483ab0af67cb42
cytidine,direct_neighbor_ridge,breast,1,4,49,40.573712087049906,45.34669298209357,9492e163b6ef19b0563b1ce8302b8e8794e2e4c9c8031c62ff9774a3f63f6f58
cytidine,direct_neighbor_ridge,central_nervous_system,1,4,49,32.73224525491396,22.270222452538743,9492e163b6ef19b0563b1ce8302b8e8794e2e4c9c8031c62ff9774a3f63f6f58
cytidine,direct_neighbor_ridge,endometrium,1,4,28,21.82700862652676,19.391082464139533,9492e163b6ef19b0563b1ce8302b8e8794e2e4c9c8031c62ff9774a3f63f6f58
cytidine,direct_neighbor_ridge,kidney,1,4,23,10.854286559181098,11.605984244282299,9492e163b6ef19b0563b1ce8302b8e8794e2e4c9c8031c62ff9774a3f63f6f58
cytidine,direct_neighbor_ridge,liver,1,4,25,16.71979898156564,18.602150786983284,9492e163b6ef19b0563b1ce8302b8e8794e2e4c9c8031c62ff9774a3f63f6f58
dimethylglycine,direct_neighbor_ridge,autonomic_ganglia,0,0,16,2.796478575400175,14.18789111718186,db1ab3680dcfc2deb10e2511ec28b70b27966d5a436d724be48267bcbf200acf
dimethylglycine,direct_neighbor_ridge,haematopoietic_and_lymphoid_tissue,0,0,163,91.26787054849308,364.2018681420492,db1ab3680dcfc2deb10e2511ec28b70b27966d5a436d724be48267bcbf200acf
dimethylglycine,direct_neighbor_ridge,bone,0,1,19,11.1043532443255,12.447158466530382,32d2e2f547f707a9f12d899e65a934275c9f49020e10d214973126d05910ec9c
dimethylglycine,direct_neighbor_ridge,ovary,0,1,45,17.289694846572736,44.28645020680482,32d2e2f547f707a9f12d899e65a934275c9f49020e10d214973126d05910ec9c
dimethylglycine,direct_neighbor_ridge,skin,0,1,52,22.945266337484277,18.626282904052868,32d2e2f547f707a9f12d899e65a934275c9f49020e10d214973126d05910ec9c
dimethylglycine,direct_neighbor_ridge,upper_aerodigestive_tract,0,1,30,5.973681103180166,14.771378934202376,32d2e2f547f707a9f12d899e65a934275c9f49020e10d214973126d05910ec9c
dimethylglycine,direct_neighbor_ridge,urinary_tract,0,1,25,4.997936276738845,7.285483580317817,32d2e2f547f707a9f12d899e65a934275c9f49020e10d214973126d05910ec9c
dimethylglycine,direct_neighbor_ridge,large_intestine,0,2,55,9.743069688917753,45.938454149169814,659dce4f66bf4ee0228513d024a4e287e9f1aa3957152332b1483ab0af67cb42
dimethylglycine,direct_neighbor_ridge,oesophagus,0,2,25,6.103514618470714,10.813341644091352,659dce4f66bf4ee0228513d024a4e287e9f1aa3957152332b1483ab0af67cb42
dimethylglycine,direct_neighbor_ridge,pancreas,0,2,41,16.054296617052632,35.638788194866166,659dce4f66bf4ee0228513d024a4e287e9f1aa3957152332b1483ab0af67cb42
dimethylglycine,direct_neighbor_ridge,soft_tissue,0,2,18,26.654787515603473,15.081515078332563,659dce4f66bf4ee0228513d024a4e287e9f1aa3957152332b1483ab0af67cb42
dimethylglycine,direct_neighbor_ridge,stomach,0,2,37,15.014094979137642,37.38725560227037,659dce4f66bf4ee0228513d024a4e287e9f1aa3957152332b1483ab0af67cb42
dimethylglycine,direct_neighbor_ridge,breast,0,3,49,28.849127155769406,53.23604681669628,9492e163b6ef19b0563b1ce8302b8e8794e2e4c9c8031c62ff9774a3f63f6f58
dimethylglycine,direct_neighbor_ridge,central_nervous_system,0,3,49,16.045092497872837,48.21498979832058,9492e163b6ef19b0563b1ce8302b8e8794e2e4c9c8031c62ff9774a3f63f6f58
dimethylglycine,direct_neighbor_ridge,endometrium,0,3,28,7.388041112794015,24.31957434898333,9492e163b6ef19b0563b1ce8302b8e8794e2e4c9c8031c62ff9774a3f63f6f58
dimethylglycine,direct_neighbor_ridge,kidney,0,3,23,5.877930073514363,13.653902375490318,9492e163b6ef19b0563b1ce8302b8e8794e2e4c9c8031c62ff9774a3f63f6f58
dimethylglycine,direct_neighbor_ridge,liver,0,3,25,10.895388449125448,27.67200706385888,9492e163b6ef19b0563b1ce8302b8e8794e2e4c9c8031c62ff9774a3f63f6f58
dimethylglycine,direct_neighbor_ridge,lung,0,4,176,76.21828817895091,211.9305574295125,cf9883e99ee1b956d01c2cb42a4d284b982ce23065d3616a5e1cced359e41fb5
dimethylglycine,direct_neighbor_ridge,bone,1,0,19,11.1043532443255,12.447158466530382,32d2e2f547f707a9f12d899e65a934275c9f49020e10d214973126d05910ec9c
dimethylglycine,direct_neighbor_ridge,ovary,1,0,45,17.289694846572736,44.28645020680482,32d2e2f547f707a9f12d899e65a934275c9f49020e10d214973126d05910ec9c
dimethylglycine,direct_neighbor_ridge,skin,1,0,52,22.945266337484277,18.626282904052868,32d2e2f547f707a9f12d899e65a934275c9f49020e10d214973126d05910ec9c
dimethylglycine,direct_neighbor_ridge,upper_aerodigestive_tract,1,0,30,5.973681103180166,14.771378934202376,32d2e2f547f707a9f12d899e65a934275c9f49020e10d214973126d05910ec9c
dimethylglycine,direct_neighbor_ridge,urinary_tract,1,0,25,4.997936276738845,7.285483580317817,32d2e2f547f707a9f12d899e65a934275c9f49020e10d214973126d05910ec9c
dimethylglycine,direct_neighbor_ridge,lung,1,1,176,76.21828817895091,211.9305574295125,cf9883e99ee1b956d01c2cb42a4d284b982ce23065d3616a5e1cced359e41fb5
dimethylglycine,direct_neighbor_ridge,autonomic_ganglia,1,2,16,2.796478575400175,14.18789111718186,db1ab3680dcfc2deb10e2511ec28b70b27966d5a436d724be48267bcbf200acf
dimethylglycine,direct_neighbor_ridge,haematopoietic_and_lymphoid_tissue,1,2,163,91.26787054849308,364.2018681420492,db1ab3680dcfc2deb10e2511ec28b70b27966d5a436d724be48267bcbf200acf
dimethylglycine,direct_neighbor_ridge,large_intestine,1,3,55,9.743069688917753,45.938454149169814,659dce4f66bf4ee0228513d024a4e287e9f1aa3957152332b1483ab0af67cb42
dimethylglycine,direct_neighbor_ridge,oesophagus,1,3,25,6.103514618470714,10.813341644091352,659dce4f66bf4ee0228513d024a4e287e9f1aa3957152332b1483ab0af67cb42
dimethylglycine,direct_neighbor_ridge,pancreas,1,3,41,16.054296617052632,35.638788194866166,659dce4f66bf4ee0228513d024a4e287e9f1aa3957152332b1483ab0af67cb42
dimethylglycine,direct_neighbor_ridge,soft_tissue,1,3,18,26.654787515603473,15.081515078332563,659dce4f66bf4ee0228513d024a4e287e9f1aa3957152332b1483ab0af67cb42
dimethylglycine,direct_neighbor_ridge,stomach,1,3,37,15.014094979137642,37.38725560227037,659dce4f66bf4ee0228513d024a4e287e9f1aa3957152332b1483ab0af67cb42
dimethylglycine,direct_neighbor_ridge,breast,1,4,49,29.750630623423476,53.23604681669628,9492e163b6ef19b0563b1ce8302b8e8794e2e4c9c8031c62ff9774a3f63f6f58
dimethylglycine,direct_neighbor_ridge,central_nervous_system,1,4,49,13.919545979862557,48.21498979832058,9492e163b6ef19b0563b1ce8302b8e8794e2e4c9c8031c62ff9774a3f63f6f58
dimethylglycine,direct_neighbor_ridge,endometrium,1,4,28,6.531725391450249,24.31957434898333,9492e163b6ef19b0563b1ce8302b8e8794e2e4c9c8031c62ff9774a3f63f6f58
dimethylglycine,direct_neighbor_ridge,kidney,1,4,23,4.999153974988216,13.653902375490318,9492e163b6ef19b0563b1ce8302b8e8794e2e4c9c8031c62ff9774a3f63f6f58
dimethylglycine,direct_neighbor_ridge,liver,1,4,25,10.577950508773688,27.67200706385888,9492e163b6ef19b0563b1ce8302b8e8794e2e4c9c8031c62ff9774a3f63f6f58
glucuronate,direct_neighbor_ridge,autonomic_ganglia,0,0,16,6.153647984853145,6.828466433852933,db1ab3680dcfc2deb10e2511ec28b70b27966d5a436d724be48267bcbf200acf
glucuronate,direct_neighbor_ridge,haematopoietic_and_lymphoid_tissue,0,0,163,465.02159163603915,525.998071474369,db1ab3680dcfc2deb10e2511ec28b70b27966d5a436d724be48267bcbf200acf
glucuronate,direct_neighbor_ridge,bone,0,1,19,9.85923600546793,9.82506552440301,32d2e2f547f707a9f12d899e65a934275c9f49020e10d214973126d05910ec9c
glucuronate,direct_neighbor_ridge,ovary,0,1,45,16.5485072233495,21.098023038180333,32d2e2f547f707a9f12d899e65a934275c9f49020e10d214973126d05910ec9c
glucuronate,direct_neighbor_ridge,skin,0,1,52,22.822674014401358,25.860512359695054,32d2e2f547f707a9f12d899e65a934275c9f49020e10d214973126d05910ec9c
glucuronate,direct_neighbor_ridge,upper_aerodigestive_tract,0,1,30,15.985655726637859,21.205203265176774,32d2e2f547f707a9f12d899e65a934275c9f49020e10d214973126d05910ec9c
glucuronate,direct_neighbor_ridge,urinary_tract,0,1,25,15.261688739760222,20.903138021521197,32d2e2f547f707a9f12d899e65a934275c9f49020e10d214973126d05910ec9c
glucuronate,direct_neighbor_ridge,large_intestine,0,2,55,34.66359424666397,28.454151983026623,659dce4f66bf4ee0228513d024a4e287e9f1aa3957152332b1483ab0af67cb42
glucuronate,direct_neighbor_ridge,oesophagus,0,2,25,11.427672042383577,12.567113890318588,659dce4f66bf4ee0228513d024a4e287e9f1aa3957152332b1483ab0af67cb42
glucuronate,direct_neighbor_ridge,pancreas,0,2,41,24.090832114132436,34.50411915597455,659dce4f66bf4ee0228513d024a4e287e9f1aa3957152332b1483ab0af67cb42
glucuronate,direct_neighbor_ridge,soft_tissue,0,2,18,7.272590516958766,10.607281726875682,659dce4f66bf4ee0228513d024a4e287e9f1aa3957152332b1483ab0af67cb42
glucuronate,direct_neighbor_ridge,stomach,0,2,37,26.75229753640693,24.88574101422555,659dce4f66bf4ee0228513d024a4e287e9f1aa3957152332b1483ab0af67cb42
glucuronate,direct_neighbor_ridge,breast,0,3,49,35.43129872430248,37.822538954555654,9492e163b6ef19b0563b1ce8302b8e8794e2e4c9c8031c62ff9774a3f63f6f58
glucuronate,direct_neighbor_ridge,central_nervous_system,0,3,49,27.296175251165575,39.33138377420948,9492e163b6ef19b0563b1ce8302b8e8794e2e4c9c8031c62ff9774a3f63f6f58
glucuronate,direct_neighbor_ridge,endometrium,0,3,28,17.414603774596102,20.179316242936036,9492e163b6ef19b0563b1ce8302b8e8794e2e4c9c8031c62ff9774a3f63f6f58
glucuronate,direct_neighbor_ridge,kidney,0,3,23,11.498448476292005,13.76941920623575,9492e163b6ef19b0563b1ce8302b8e8794e2e4c9c8031c62ff9774a3f63f6f58
glucuronate,direct_neighbor_ridge,liver,0,3,25,14.2575066069675,13.728820565671887,9492e163b6ef19b0563b1ce8302b8e8794e2e4c9c8031c62ff9774a3f63f6f58
glucuronate,direct_neighbor_ridge,lung,0,4,176,124.37607978373057,152.17508845246573,cf9883e99ee1b956d01c2cb42a4d284b982ce23065d3616a5e1cced359e41fb5
glucuronate,direct_neighbor_ridge,bone,1,0,19,9.85923600546793,9.82506552440301,32d2e2f547f707a9f12d899e65a934275c9f49020e10d214973126d05910ec9c
glucuronate,direct_neighbor_ridge,ovary,1,0,45,16.5485072233495,21.098023038180333,32d2e2f547f707a9f12d899e65a934275c9f49020e10d214973126d05910ec9c
glucuronate,direct_neighbor_ridge,skin,1,0,52,22.822674014401358,25.860512359695054,32d2e2f547f707a9f12d899e65a934275c9f49020e10d214973126d05910ec9c
glucuronate,direct_neighbor_ridge,upper_aerodigestive_tract,1,0,30,15.985655726637859,21.205203265176774,32d2e2f547f707a9f12d899e65a934275c9f49020e10d214973126d05910ec9c
glucuronate,direct_neighbor_ridge,urinary_tract,1,0,25,15.261688739760222,20.903138021521197,32d2e2f547f707a9f12d899e65a934275c9f49020e10d214973126d05910ec9c
glucuronate,direct_neighbor_ridge,lung,1,1,176,124.37607978373057,152.17508845246573,cf9883e99ee1b956d01c2cb42a4d284b982ce23065d3616a5e1cced359e41fb5
glucuronate,direct_neighbor_ridge,autonomic_ganglia,1,2,16,6.153647984853145,6.828466433852933,db1ab3680dcfc2deb10e2511ec28b70b27966d5a436d724be48267bcbf200acf
glucuronate,direct_neighbor_ridge,haematopoietic_and_lymphoid_tissue,1,2,163,465.02159163603915,525.998071474369,db1ab3680dcfc2deb10e2511ec28b70b27966d5a436d724be48267bcbf200acf
glucuronate,direct_neighbor_ridge,large_intestine,1,3,55,34.66359424666397,28.454151983026623,659dce4f66bf4ee0228513d024a4e287e9f1aa3957152332b1483ab0af67cb42
glucuronate,direct_neighbor_ridge,oesophagus,1,3,25,11.427672042383577,12.567113890318588,659dce4f66bf4ee0228513d024a4e287e9f1aa3957152332b1483ab0af67cb42
glucuronate,direct_neighbor_ridge,pancreas,1,3,41,24.090832114132436,34.50411915597455,659dce4f66bf4ee0228513d024a4e287e9f1aa3957152332b1483ab0af67cb42
glucuronate,direct_neighbor_ridge,soft_tissue,1,3,18,7.272590516958766,10.607281726875682,659dce4f66bf4ee0228513d024a4e287e9f1aa3957152332b1483ab0af67cb42
glucuronate,direct_neighbor_ridge,stomach,1,3,37,26.75229753640693,24.88574101422555,659dce4f66bf4ee0228513d024a4e287e9f1aa3957152332b1483ab0af67cb42
glucuronate,direct_neighbor_ridge,breast,1,4,49,35.43129872430248,37.822538954555654,9492e163b6ef19b0563b1ce8302b8e8794e2e4c9c8031c62ff9774a3f63f6f58
glucuronate,direct_neighbor_ridge,central_nervous_system,1,4,49,27.296175251165575,39.33138377420948,9492e163b6ef19b0563b1ce8302b8e8794e2e4c9c8031c62ff9774a3f63f6f58
glucuronate,direct_neighbor_ridge,endometrium,1,4,28,17.414603774596102,20.179316242936036,9492e163b6ef19b0563b1ce8302b8e8794e2e4c9c8031c62ff9774a3f63f6f58
glucuronate,direct_neighbor_ridge,kidney,1,4,23,11.498448476292005,13.76941920623575,9492e163b6ef19b0563b1ce8302b8e8794e2e4c9c8031c62ff9774a3f63f6f58
glucuronate,direct_neighbor_ridge,liver,1,4,25,14.2575066069675,13.728820565671887,9492e163b6ef19b0563b1ce8302b8e8794e2e4c9c8031c62ff9774a3f63f6f58
glutamate,direct_neighbor_ridge,autonomic_ganglia,0,0,16,6.433382387108699,8.942390323417182,db1ab3680dcfc2deb10e2511ec28b70b27966d5a436d724be48267bcbf200acf
glutamate,direct_neighbor_ridge,haematopoietic_and_lymphoid_tissue,0,0,163,345.8160688773463,230.32044558221963,db1ab3680dcfc2deb10e2511ec28b70b27966d5a436d724be48267bcbf200acf
glutamate,direct_neighbor_ridge,bone,0,1,19,11.270774148529135,15.344107861396134,32d2e2f547f707a9f12d899e65a934275c9f49020e10d214973126d05910ec9c
glutamate,direct_neighbor_ridge,ovary,0,1,45,22.12432502513659,26.883472169715642,32d2e2f547f707a9f12d899e65a934275c9f49020e10d214973126d05910ec9c
glutamate,direct_neighbor_ridge,skin,0,1,52,32.041970519976594,32.866303903699674,32d2e2f547f707a9f12d899e65a934275c9f49020e10d214973126d05910ec9c
glutamate,direct_neighbor_ridge,upper_aerodigestive_tract,0,1,30,16.498779934438254,14.4292912703579,32d2e2f547f707a9f12d899e65a934275c9f49020e10d214973126d05910ec9c
glutamate,direct_neighbor_ridge,urinary_tract,0,1,25,14.929331414247407,21.999014928587588,32d2e2f547f707a9f12d899e65a934275c9f49020e10d214973126d05910ec9c
glutamate,direct_neighbor_ridge,large_intestine,0,2,55,56.05308677703633,72.80719067430682,659dce4f66bf4ee0228513d024a4e287e9f1aa3957152332b1483ab0af67cb42
glutamate,direct_neighbor_ridge,oesophagus,0,2,25,5.181109624099581,6.289209639648834,659dce4f66bf4ee0228513d024a4e287e9f1aa3957152332b1483ab0af67cb42
glutamate,direct_neighbor_ridge,pancreas,0,2,41,25.50274604476264,24.54545854098612,659dce4f66bf4ee0228513d024a4e287e9f1aa3957152332b1483ab0af67cb42
glutamate,direct_neighbor_ridge,soft_tissue,0,2,18,7.120047036118339,9.027682630137301,659dce4f66bf4ee0228513d024a4e287e9f1aa3957152332b1483ab0af67cb42
glutamate,direct_neighbor_ridge,stomach,0,2,37,35.050104566505006,39.466339241100826,659dce4f66bf4ee0228513d024a4e287e9f1aa3957152332b1483ab0af67cb42
glutamate,direct_neighbor_ridge,breast,0,3,49,108.48087704240207,148.61726919336922,9492e163b6ef19b0563b1ce8302b8e8794e2e4c9c8031c62ff9774a3f63f6f58
glutamate,direct_neighbor_ridge,central_nervous_system,0,3,49,41.79189458397661,59.95848511166163,9492e163b6ef19b0563b1ce8302b8e8794e2e4c9c8031c62ff9774a3f63f6f58
glutamate,direct_neighbor_ridge,endometrium,0,3,28,17.539358610976,21.50085310037275,9492e163b6ef19b0563b1ce8302b8e8794e2e4c9c8031c62ff9774a3f63f6f58
glutamate,direct_neighbor_ridge,kidney,0,3,23,25.33611526355666,26.377453296185802,9492e163b6ef19b0563b1ce8302b8e8794e2e4c9c8031c62ff9774a3f63f6f58
glutamate,direct_neighbor_ridge,liver,0,3,25,45.87479037534766,63.88129611603827,9492e163b6ef19b0563b1ce8302b8e8794e2e4c9c8031c62ff9774a3f63f6f58
glutamate,direct_neighbor_ridge,lung,0,4,176,96.88460400799538,123.89126694864252,cf9883e99ee1b956d01c2cb42a4d284b982ce23065d3616a5e1cced359e41fb5
glutamate,direct_neighbor_ridge,bone,1,0,19,11.270774148529135,15.344107861396134,32d2e2f547f707a9f12d899e65a934275c9f49020e10d214973126d05910ec9c
glutamate,direct_neighbor_ridge,ovary,1,0,45,22.12432502513659,26.883472169715642,32d2e2f547f707a9f12d899e65a934275c9f49020e10d214973126d05910ec9c
glutamate,direct_neighbor_ridge,skin,1,0,52,32.041970519976594,32.866303903699674,32d2e2f547f707a9f12d899e65a934275c9f49020e10d214973126d05910ec9c
glutamate,direct_neighbor_ridge,upper_aerodigestive_tract,1,0,30,16.498779934438254,14.4292912703579,32d2e2f547f707a9f12d899e65a934275c9f49020e10d214973126d05910ec9c
glutamate,direct_neighbor_ridge,urinary_tract,1,0,25,14.929331414247407,21.999014928587588,32d2e2f547f707a9f12d899e65a934275c9f49020e10d214973126d05910ec9c
glutamate,direct_neighbor_ridge,lung,1,1,176,96.88460400799538,123.89126694864252,cf9883e99ee1b956d01c2cb42a4d284b982ce23065d3616a5e1cced359e41fb5
glutamate,direct_neighbor_ridge,autonomic_ganglia,1,2,16,6.433382387108699,8.942390323417182,db1ab3680dcfc2deb10e2511ec28b70b27966d5a436d724be48267bcbf200acf
glutamate,direct_neighbor_ridge,haematopoietic_and_lymphoid_tissue,1,2,163,345.8160688773463,230.32044558221963,db1ab3680dcfc2deb10e2511ec28b70b27966d5a436d724be48267bcbf200acf
glutamate,direct_neighbor_ridge,large_intestine,1,3,55,56.05308677703633,72.80719067430682,659dce4f66bf4ee0228513d024a4e287e9f1aa3957152332b1483ab0af67cb42
glutamate,direct_neighbor_ridge,oesophagus,1,3,25,5.181109624099581,6.289209639648834,659dce4f66bf4ee0228513d024a4e287e9f1aa3957152332b1483ab0af67cb42
glutamate,direct_neighbor_ridge,pancreas,1,3,41,25.50274604476264,24.54545854098612,659dce4f66bf4ee0228513d024a4e287e9f1aa3957152332b1483ab0af67cb42
glutamate,direct_neighbor_ridge,soft_tissue,1,3,18,7.120047036118339,9.027682630137301,659dce4f66bf4ee0228513d024a4e287e9f1aa3957152332b1483ab0af67cb42
glutamate,direct_neighbor_ridge,stomach,1,3,37,35.050104566505006,39.466339241100826,659dce4f66bf4ee0228513d024a4e287e9f1aa3957152332b1483ab0af67cb42
glutamate,direct_neighbor_ridge,breast,1,4,49,108.48087704240207,148.61726919336922,9492e163b6ef19b0563b1ce8302b8e8794e2e4c9c8031c62ff9774a3f63f6f58
glutamate,direct_neighbor_ridge,central_nervous_system,1,4,49,41.79189458397661,59.95848511166163,9492e163b6ef19b0563b1ce8302b8e8794e2e4c9c8031c62ff9774a3f63f6f58
glutamate,direct_neighbor_ridge,endometrium,1,4,28,17.539358610976,21.50085310037275,9492e163b6ef19b0563b1ce8302b8e8794e2e4c9c8031c62ff9774a3f63f6f58
glutamate,direct_neighbor_ridge,kidney,1,4,23,25.33611526355666,26.377453296185802,9492e163b6ef19b0563b1ce8302b8e8794e2e4c9c8031c62ff9774a3f63f6f58
glutamate,direct_neighbor_ridge,liver,1,4,25,45.87479037534766,63.88129611603827,9492e163b6ef19b0563b1ce8302b8e8794e2e4c9c8031c62ff9774a3f63f6f58
glutamine,direct_neighbor_ridge,autonomic_ganglia,0,0,16,6.9481810969556195,8.869048467974174,db1ab3680dcfc2deb10e2511ec28b70b27966d5a436d724be48267bcbf200acf
glutamine,direct_neighbor_ridge,haematopoietic_and_lymphoid_tissue,0,0,163,164.84631917951046,216.0962377051654,db1ab3680dcfc2deb10e2511ec28b70b27966d5a436d724be48267bcbf200acf
glutamine,direct_neighbor_ridge,bone,0,1,19,13.627638740685308,16.66273226904172,32d2e2f547f707a9f12d899e65a934275c9f49020e10d214973126d05910ec9c
glutamine,direct_neighbor_ridge,ovary,0,1,45,31.38575849004239,38.883170288916055,32d2e2f547f707a9f12d899e65a934275c9f49020e10d214973126d05910ec9c
glutamine,direct_neighbor_ridge,skin,0,1,52,34.045761054848036,37.16120483395692,32d2e2f547f707a9f12d899e65a934275c9f49020e10d214973126d05910ec9c
glutamine,direct_neighbor_ridge,upper_aerodigestive_tract,0,1,30,22.784811190080646,23.886019433838257,32d2e2f547f707a9f12d899e65a934275c9f49020e10d214973126d05910ec9c
glutamine,direct_neighbor_ridge,urinary_tract,0,1,25,32.24583655944919,36.73673509582307,32d2e2f547f707a9f12d899e65a934275c9f49020e10d214973126d05910ec9c
glutamine,direct_neighbor_ridge,large_intestine,0,2,55,78.34010094098868,88.40901734383048,659dce4f66bf4ee0228513d024a4e287e9f1aa3957152332b1483ab0af67cb42
glutamine,direct_neighbor_ridge,oesophagus,0,2,25,4.144906027719345,5.1077462203693464,659dce4f66bf4ee0228513d024a4e287e9f1aa3957152332b1483ab0af67cb42
glutamine,direct_neighbor_ridge,pancreas,0,2,41,31.123463181590903,37.12045882885305,659dce4f66bf4ee0228513d024a4e287e9f1aa3957152332b1483ab0af67cb42
glutamine,direct_neighbor_ridge,soft_tissue,0,2,18,12.018270372231811,12.493243753422067,659dce4f66bf4ee0228513d024a4e287e9f1aa3957152332b1483ab0af67cb42
glutamine,direct_neighbor_ridge,stomach,0,2,37,43.79219144574041,53.465176548845626,659dce4f66bf4ee0228513d024a4e287e9f1aa3957152332b1483ab0af67cb42
glutamine,direct_neighbor_ridge,breast,0,3,49,32.28580139216712,30.26142810311018,9492e163b6ef19b0563b1ce8302b8e8794e2e4c9c8031c62ff9774a3f63f6f58
glutamine,direct_neighbor_ridge,central_nervous_system,0,3,49,44.25332710437445,49.31113417035929,9492e163b6ef19b0563b1ce8302b8e8794e2e4c9c8031c62ff9774a3f63f6f58
glutamine,direct_neighbor_ridge,endometrium,0,3,28,31.849849950657056,32.50097741482977,9492e163b6ef19b0563b1ce8302b8e8794e2e4c9c8031c62ff9774a3f63f6f58
glutamine,direct_neighbor_ridge,kidney,0,3,23,23.990031283129557,23.82651742928669,9492e163b6ef19b0563b1ce8302b8e8794e2e4c9c8031c62ff9774a3f63f6f58
glutamine,direct_neighbor_ridge,liver,0,3,25,56.240893748009356,46.96335393277766,9492e163b6ef19b0563b1ce8302b8e8794e2e4c9c8031c62ff9774a3f63f6f58
glutamine,direct_neighbor_ridge,lung,0,4,176,142.71489188699576,138.36471653147734,cf9883e99ee1b956d01c2cb42a4d284b982ce23065d3616a5e1cced359e41fb5
glutamine,direct_neighbor_ridge,bone,1,0,19,13.627638740685308,16.66273226904172,32d2e2f547f707a9f12d899e65a934275c9f49020e10d214973126d05910ec9c
glutamine,direct_neighbor_ridge,ovary,1,0,45,31.38575849004239,38.883170288916055,32d2e2f547f707a9f12d899e65a934275c9f49020e10d214973126d05910ec9c
glutamine,direct_neighbor_ridge,skin,1,0,52,34.045761054848036,37.16120483395692,32d2e2f547f707a9f12d899e65a934275c9f49020e10d214973126d05910ec9c
glutamine,direct_neighbor_ridge,upper_aerodigestive_tract,1,0,30,22.784811190080646,23.886019433838257,32d2e2f547f707a9f12d899e65a934275c9f49020e10d214973126d05910ec9c
glutamine,direct_neighbor_ridge,urinary_tract,1,0,25,32.24583655944919,36.73673509582307,32d2e2f547f707a9f12d899e65a934275c9f49020e10d214973126d05910ec9c
glutamine,direct_neighbor_ridge,lung,1,1,176,142.71489188699576,138.36471653147734,cf9883e99ee1b956d01c2cb42a4d284b982ce23065d3616a5e1cced359e41fb5
glutamine,direct_neighbor_ridge,autonomic_ganglia,1,2,16,6.9481810969556195,8.869048467974174,db1ab3680dcfc2deb10e2511ec28b70b27966d5a436d724be48267bcbf200acf
glutamine,direct_neighbor_ridge,haematopoietic_and_lymphoid_tissue,1,2,163,164.84631917951046,216.0962377051654,db1ab3680dcfc2deb10e2511ec28b70b27966d5a436d724be48267bcbf200acf
glutamine,direct_neighbor_ridge,large_intestine,1,3,55,78.34010094098868,88.40901734383048,659dce4f66bf4ee0228513d024a4e287e9f1aa3957152332b1483ab0af67cb42
glutamine,direct_neighbor_ridge,oesophagus,1,3,25,4.144906027719345,5.1077462203693464,659dce4f66bf4ee0228513d024a4e287e9f1aa3957152332b1483ab0af67cb42
glutamine,direct_neighbor_ridge,pancreas,1,3,41,31.123463181590903,37.12045882885305,659dce4f66bf4ee0228513d024a4e287e9f1aa3957152332b1483ab0af67cb42
glutamine,direct_neighbor_ridge,soft_tissue,1,3,18,12.018270372231811,12.493243753422067,659dce4f66bf4ee0228513d024a4e287e9f1aa3957152332b1483ab0af67cb42
glutamine,direct_neighbor_ridge,stomach,1,3,37,43.79219144574041,53.465176548845626,659dce4f66bf4ee0228513d024a4e287e9f1aa3957152332b1483ab0af67cb42
glutamine,direct_neighbor_ridge,breast,1,4,49,32.28580139216712,30.26142810311018,9492e163b6ef19b0563b1ce8302b8e8794e2e4c9c8031c62ff9774a3f63f6f58
glutamine,direct_neighbor_ridge,central_nervous_system,1,4,49,44.25332710437445,49.31113417035929,9492e163b6ef19b0563b1ce8302b8e8794e2e4c9c8031c62ff9774a3f63f6f58
glutamine,direct_neighbor_ridge,endometrium,1,4,28,31.849849950657056,32.50097741482977,9492e163b6ef19b0563b1ce8302b8e8794e2e4c9c8031c62ff9774a3f63f6f58
glutamine,direct_neighbor_ridge,kidney,1,4,23,23.990031283129557,23.82651742928669,9492e163b6ef19b0563b1ce8302b8e8794e2e4c9c8031c62ff9774a3f63f6f58
glutamine,direct_neighbor_ridge,liver,1,4,25,56.240893748009356,46.96335393277766,9492e163b6ef19b0563b1ce8302b8e8794e2e4c9c8031c62ff9774a3f63f6f58
glycine,direct_neighbor_ridge,autonomic_ganglia,0,0,16,8.20625904238459,5.643099987690923,db1ab3680dcfc2deb10e2511ec28b70b27966d5a436d724be48267bcbf200acf
glycine,direct_neighbor_ridge,haematopoietic_and_lymphoid_tissue,0,0,163,104.93908600638684,94.55203935189977,db1ab3680dcfc2deb10e2511ec28b70b27966d5a436d724be48267bcbf200acf
glycine,direct_neighbor_ridge,bone,0,1,19,40.67484919135908,51.02579607966299,32d2e2f547f707a9f12d899e65a934275c9f49020e10d214973126d05910ec9c
glycine,direct_neighbor_ridge,ovary,0,1,45,23.111146606692664,30.26881900784008,32d2e2f547f707a9f12d899e65a934275c9f49020e10d214973126d05910ec9c
glycine,direct_neighbor_ridge,skin,0,1,52,37.89528204628169,46.890332640009966,32d2e2f547f707a9f12d899e65a934275c9f49020e10d214973126d05910ec9c
glycine,direct_neighbor_ridge,upper_aerodigestive_tract,0,1,30,14.854276538481834,23.334706348745186,32d2e2f547f707a9f12d899e65a934275c9f49020e10d214973126d05910ec9c
glycine,direct_neighbor_ridge,urinary_tract,0,1,25,37.45954403213185,46.84420099990984,32d2e2f547f707a9f12d899e65a934275c9f49020e10d214973126d05910ec9c
glycine,direct_neighbor_ridge,large_intestine,0,2,55,64.27755718942105,86.82333592942356,659dce4f66bf4ee0228513d024a4e287e9f1aa3957152332b1483ab0af67cb42
glycine,direct_neighbor_ridge,oesophagus,0,2,25,22.522550240449817,27.17768134293797,659dce4f66bf4ee0228513d024a4e287e9f1aa3957152332b1483ab0af67cb42
glycine,direct_neighbor_ridge,pancreas,0,2,41,31.885073740385298,35.82786460326161,659dce4f66bf4ee0228513d024a4e287e9f1aa3957152332b1483ab0af67cb42
glycine,direct_neighbor_ridge,soft_tissue,0,2,18,25.73900378426571,31.519252257037667,659dce4f66bf4ee0228513d024a4e287e9f1aa3957152332b1483ab0af67cb42
glycine,direct_neighbor_ridge,stomach,0,2,37,32.42354713750998,34.67093085037501,659dce4f66bf4ee0228513d024a4e287e9f1aa3957152332b1483ab0af67cb42
glycine,direct_neighbor_ridge,breast,0,3,49,22.441036162338772,26.549249137418087,9492e163b6ef19b0563b1ce8302b8e8794e2e4c9c8031c62ff9774a3f63f6f58
glycine,direct_neighbor_ridge,central_nervous_system,0,3,49,65.56286418414403,60.266685849474754,9492e163b6ef19b0563b1ce8302b8e8794e2e4c9c8031c62ff9774a3f63f6f58
glycine,direct_neighbor_ridge,endometrium,0,3,28,38.580916820317206,55.12089885090958,9492e163b6ef19b0563b1ce8302b8e8794e2e4c9c8031c62ff9774a3f63f6f58
glycine,direct_neighbor_ridge,kidney,0,3,23,27.043644850016257,32.787963652348274,9492e163b6ef19b0563b1ce8302b8e8794e2e4c9c8031c62ff9774a3f63f6f58
glycine,direct_neighbor_ridge,liver,0,3,25,43.52117333965074,55.73188107846979,9492e163b6ef19b0563b1ce8302b8e8794e2e4c9c8031c62ff9774a3f63f6f58
glycine,direct_neighbor_ridge,lung,0,4,176,115.53102814377594,154.22044268912924,cf9883e99ee1b956d01c2cb42a4d284b982ce23065d3616a5e1cced359e41fb5
glycine,direct_neighbor_ridge,bone,1,0,19,40.67484919135908,51.02579607966299,32d2e2f547f707a9f12d899e65a934275c9f49020e10d214973126d05910ec9c
glycine,direct_neighbor_ridge,ovary,1,0,45,23.111146606692664,30.26881900784008,32d2e2f547f707a9f12d899e65a934275c9f49020e10d214973126d05910ec9c
glycine,direct_neighbor_ridge,skin,1,0,52,37.89528204628169,46.890332640009966,32d2e2f547f707a9f12d899e65a934275c9f49020e10d214973126d05910ec9c
glycine,direct_neighbor_ridge,upper_aerodigestive_tract,1,0,30,14.854276538481834,23.334706348745186,32d2e2f547f707a9f12d899e65a934275c9f49020e10d214973126d05910ec9c
glycine,direct_neighbor_ridge,urinary_tract,1,0,25,37.45954403213185,46.84420099990984,32d2e2f547f707a9f12d899e65a934275c9f49020e10d214973126d05910ec9c
glycine,direct_neighbor_ridge,lung,1,1,176,115.55859110434606,154.22044268912924,cf9883e99ee1b956d01c2cb42a4d284b982ce23065d3616a5e1cced359e41fb5
glycine,direct_neighbor_ridge,autonomic_ganglia,1,2,16,8.32969516189267,5.643099987690923,db1ab3680dcfc2deb10e2511ec28b70b27966d5a436d724be48267bcbf200acf
glycine,direct_neighbor_ridge,haematopoietic_and_lymphoid_tissue,1,2,163,106.33369286138276,94.55203935189977,db1ab3680dcfc2deb10e2511ec28b70b27966d5a436d724be48267bcbf200acf
glycine,direct_neighbor_ridge,large_intestine,1,3,55,64.07286929739752,86.82333592942356,659dce4f66bf4ee0228513d024a4e287e9f1aa3957152332b1483ab0af67cb42
glycine,direct_neighbor_ridge,oesophagus,1,3,25,22.59524636019254,27.17768134293797,659dce4f66bf4ee0228513d024a4e287e9f1aa3957152332b1483ab0af67cb42
glycine,direct_neighbor_ridge,pancreas,1,3,41,31.954356526352274,35.82786460326161,659dce4f66bf4ee0228513d024a4e287e9f1aa3957152332b1483ab0af67cb42
glycine,direct_neighbor_ridge,soft_tissue,1,3,18,25.70384831669247,31.519252257037667,659dce4f66bf4ee0228513d024a4e287e9f1aa3957152332b1483ab0af67cb42
glycine,direct_neighbor_ridge,stomach,1,3,37,32.51165268153401,34.67093085037501,659dce4f66bf4ee0228513d024a4e287e9f1aa3957152332b1483ab0af67cb42
glycine,direct_neighbor_ridge,breast,1,4,49,22.441036162338772,26.549249137418087,9492e163b6ef19b0563b1ce8302b8e8794e2e4c9c8031c62ff9774a3f63f6f58
glycine,direct_neighbor_ridge,central_nervous_system,1,4,49,65.56286418414403,60.266685849474754,9492e163b6ef19b0563b1ce8302b8e8794e2e4c9c8031c62ff9774a3f63f6f58
glycine,direct_neighbor_ridge,endometrium,1,4,28,38.580916820317206,55.12089885090958,9492e163b6ef19b0563b1ce8302b8e8794e2e4c9c8031c62ff9774a3f63f6f58
glycine,direct_neighbor_ridge,kidney,1,4,23,27.043644850016257,32.787963652348274,9492e163b6ef19b0563b1ce8302b8e8794e2e4c9c8031c62ff9774a3f63f6f58
glycine,direct_neighbor_ridge,liver,1,4,25,43.52117333965074,55.73188107846979,9492e163b6ef19b0563b1ce8302b8e8794e2e4c9c8031c62ff9774a3f63f6f58
guanosine,direct_neighbor_ridge,autonomic_ganglia,0,0,16,26.199508152144116,26.112011277339,db1ab3680dcfc2deb10e2511ec28b70b27966d5a436d724be48267bcbf200acf
guanosine,direct_neighbor_ridge,haematopoietic_and_lymphoid_tissue,0,0,163,116.60594338810375,117.25754386444406,db1ab3680dcfc2deb10e2511ec28b70b27966d5a436d724be48267bcbf200acf
guanosine,direct_neighbor_ridge,bone,0,1,19,27.533474583656105,27.680141093285116,32d2e2f547f707a9f12d899e65a934275c9f49020e10d214973126d05910ec9c
guanosine,direct_neighbor_ridge,ovary,0,1,45,35.74965748596126,35.91574501899338,32d2e2f547f707a9f12d899e65a934275c9f49020e10d214973126d05910ec9c
guanosine,direct_neighbor_ridge,skin,0,1,52,101.59068387388247,102.07696259998039,32d2e2f547f707a9f12d899e65a934275c9f49020e10d214973126d05910ec9c
guanosine,direct_neighbor_ridge,upper_aerodigestive_tract,0,1,30,14.870363908409383,14.797382501537783,32d2e2f547f707a9f12d899e65a934275c9f49020e10d214973126d05910ec9c
guanosine,direct_neighbor_ridge,urinary_tract,0,1,25,21.84881379639768,21.849426149858342,32d2e2f547f707a9f12d899e65a934275c9f49020e10d214973126d05910ec9c
guanosine,direct_neighbor_ridge,large_intestine,0,2,55,67.07957664556677,65.79174279684685,659dce4f66bf4ee0228513d024a4e287e9f1aa3957152332b1483ab0af67cb42
guanosine,direct_neighbor_ridge,oesophagus,0,2,25,36.674405804022555,33.286326391814534,659dce4f66bf4ee0228513d024a4e287e9f1aa3957152332b1483ab0af67cb42
guanosine,direct_neighbor_ridge,pancreas,0,2,41,27.323189147298887,28.071289541567502,659dce4f66bf4ee0228513d024a4e287e9f1aa3957152332b1483ab0af67cb42
guanosine,direct_neighbor_ridge,soft_tissue,0,2,18,19.74137431673607,19.75563379077228,659dce4f66bf4ee0228513d024a4e287e9f1aa3957152332b1483ab0af67cb42
guanosine,direct_neighbor_ridge,stomach,0,2,37,47.54347595697546,44.58282155743533,659dce4f66bf4ee0228513d024a4e287e9f1aa3957152332b1483ab0af67cb42
guanosine,direct_neighbor_ridge,breast,0,3,49,41.36060153898743,41.373998255673136,9492e163b6ef19b0563b1ce8302b8e8794e2e4c9c8031c62ff9774a3f63f6f58
guanosine,direct_neighbor_ridge,central_nervous_system,0,3,49,80.37232245792735,81.21604267316265,9492e163b6ef19b0563b1ce8302b8e8794e2e4c9c8031c62ff9774a3f63f6f58
guanosine,direct_neighbor_ridge,endometrium,0,3,28,30.248843812837112,29.626039272118792,9492e163b6ef19b0563b1ce8302b8e8794e2e4c9c8031c62ff9774a3f63f6f58
guanosine,direct_neighbor_ridge,kidney,0,3,23,19.63082339568958,19.89822139145908,9492e163b6ef19b0563b1ce8302b8e8794e2e4c9c8031c62ff9774a3f63f6f58
guanosine,direct_neighbor_ridge,liver,0,3,25,24.19111457449909,24.114501106742317,9492e163b6ef19b0563b1ce8302b8e8794e2e4c9c8031c62ff9774a3f63f6f58
guanosine,direct_neighbor_ridge,lung,0,4,176,172.09260383825918,171.39072136160925,cf9883e99ee1b956d01c2cb42a4d284b982ce23065d3616a5e1cced359e41fb5
guanosine,direct_neighbor_ridge,bone,1,0,19,27.533474583656105,27.680141093285116,32d2e2f547f707a9f12d899e65a934275c9f49020e10d214973126d05910ec9c
guanosine,direct_neighbor_ridge,ovary,1,0,45,35.74965748596126,35.91574501899338,32d2e2f547f707a9f12d899e65a934275c9f49020e10d214973126d05910ec9c
guanosine,direct_neighbor_ridge,skin,1,0,52,101.59068387388247,102.07696259998039,32d2e2f547f707a9f12d899e65a934275c9f49020e10d214973126d05910ec9c
guanosine,direct_neighbor_ridge,upper_aerodigestive_tract,1,0,30,14.870363908409383,14.797382501537783,32d2e2f547f707a9f12d899e65a934275c9f49020e10d214973126d05910ec9c
guanosine,direct_neighbor_ridge,urinary_tract,1,0,25,21.84881379639768,21.849426149858342,32d2e2f547f707a9f12d899e65a934275c9f49020e10d214973126d05910ec9c
guanosine,direct_neighbor_ridge,lung,1,1,176,172.09260383825918,171.39072136160925,cf9883e99ee1b956d01c2cb42a4d284b982ce23065d3616a5e1cced359e41fb5
guanosine,direct_neighbor_ridge,autonomic_ganglia,1,2,16,26.199508152144116,26.112011277339,db1ab3680dcfc2deb10e2511ec28b70b27966d5a436d724be48267bcbf200acf
guanosine,direct_neighbor_ridge,haematopoietic_and_lymphoid_tissue,1,2,163,116.60594338810375,117.25754386444406,db1ab3680dcfc2deb10e2511ec28b70b27966d5a436d724be48267bcbf200acf
guanosine,direct_neighbor_ridge,large_intestine,1,3,55,67.07957664556677,65.79174279684685,659dce4f66bf4ee0228513d024a4e287e9f1aa3957152332b1483ab0af67cb42
guanosine,direct_neighbor_ridge,oesophagus,1,3,25,36.674405804022555,33.286326391814534,659dce4f66bf4ee0228513d024a4e287e9f1aa3957152332b1483ab0af67cb42
guanosine,direct_neighbor_ridge,pancreas,1,3,41,27.323189147298887,28.071289541567502,659dce4f66bf4ee0228513d024a4e287e9f1aa3957152332b1483ab0af67cb42
guanosine,direct_neighbor_ridge,soft_tissue,1,3,18,19.74137431673607,19.75563379077228,659dce4f66bf4ee0228513d024a4e287e9f1aa3957152332b1483ab0af67cb42
guanosine,direct_neighbor_ridge,stomach,1,3,37,47.54347595697546,44.58282155743533,659dce4f66bf4ee0228513d024a4e287e9f1aa3957152332b1483ab0af67cb42
guanosine,direct_neighbor_ridge,breast,1,4,49,41.36060153898743,41.373998255673136,9492e163b6ef19b0563b1ce8302b8e8794e2e4c9c8031c62ff9774a3f63f6f58
guanosine,direct_neighbor_ridge,central_nervous_system,1,4,49,80.37232245792735,81.21604267316265,9492e163b6ef19b0563b1ce8302b8e8794e2e4c9c8031c62ff9774a3f63f6f58
guanosine,direct_neighbor_ridge,endometrium,1,4,28,30.248843812837112,29.626039272118792,9492e163b6ef19b0563b1ce8302b8e8794e2e4c9c8031c62ff9774a3f63f6f58
guanosine,direct_neighbor_ridge,kidney,1,4,23,19.63082339568958,19.89822139145908,9492e163b6ef19b0563b1ce8302b8e8794e2e4c9c8031c62ff9774a3f63f6f58
guanosine,direct_neighbor_ridge,liver,1,4,25,24.19111457449909,24.114501106742317,9492e163b6ef19b0563b1ce8302b8e8794e2e4c9c8031c62ff9774a3f63f6f58
histidine,direct_neighbor_ridge,autonomic_ganglia,0,0,16,18.60745656271066,18.201758014936242,db1ab3680dcfc2deb10e2511ec28b70b27966d5a436d724be48267bcbf200acf
histidine,direct_neighbor_ridge,haematopoietic_and_lymphoid_tissue,0,0,163,452.39849169122976,459.60827310337277,db1ab3680dcfc2deb10e2511ec28b70b27966d5a436d724be48267bcbf200acf
histidine,direct_neighbor_ridge,bone,0,1,19,13.705553236486688,14.602079795616623,32d2e2f547f707a9f12d899e65a934275c9f49020e10d214973126d05910ec9c
histidine,direct_neighbor_ridge,ovary,0,1,45,23.28662746902919,29.48311005844533,32d2e2f547f707a9f12d899e65a934275c9f49020e10d214973126d05910ec9c
histidine,direct_neighbor_ridge,skin,0,1,52,36.302487242605025,33.528791338814095,32d2e2f547f707a9f12d899e65a934275c9f49020e10d214973126d05910ec9c
histidine,direct_neighbor_ridge,upper_aerodigestive_tract,0,1,30,17.140301998755373,20.44445538633654,32d2e2f547f707a9f12d899e65a934275c9f49020e10d214973126d05910ec9c
histidine,direct_neighbor_ridge,urinary_tract,0,1,25,24.516890159298434,27.82380176687191,32d2e2f547f707a9f12d899e65a934275c9f49020e10d214973126d05910ec9c
histidine,direct_neighbor_ridge,large_intestine,0,2,55,63.09133636766644,84.09069891916447,659dce4f66bf4ee0228513d024a4e287e9f1aa3957152332b1483ab0af67cb42
histidine,direct_neighbor_ridge,oesophagus,0,2,25,7.363032423039643,6.7898271304716635,659dce4f66bf4ee0228513d024a4e287e9f1aa3957152332b1483ab0af67cb42
histidine,direct_neighbor_ridge,pancreas,0,2,41,15.836957045386391,15.164668101083892,659dce4f66bf4ee0228513d024a4e287e9f1aa3957152332b1483ab0af67cb42
histidine,direct_neighbor_ridge,soft_tissue,0,2,18,20.0785661060252,21.72705319994349,659dce4f66bf4ee0228513d024a4e287e9f1aa3957152332b1483ab0af67cb42
histidine,direct_neighbor_ridge,stomach,0,2,37,23.218367378363943,24.19966687309697,659dce4f66bf4ee0228513d024a4e287e9f1aa3957152332b1483ab0af67cb42
histidine,direct_neighbor_ridge,breast,0,3,49,44.119822631071656,43.80047392373057,9492e163b6ef19b0563b1ce8302b8e8794e2e4c9c8031c62ff9774a3f63f6f58
histidine,direct_neighbor_ridge,central_nervous_system,0,3,49,46.99189849716396,38.444809278729956,9492e163b6ef19b0563b1ce8302b8e8794e2e4c9c8031c62ff9774a3f63f6f58
histidine,direct_neighbor_ridge,endometrium,0,3,28,17.532346817633037,21.66535338655448,9492e163b6ef19b0563b1ce8302b8e8794e2e4c9c8031c62ff9774a3f63f6f58
histidine,direct_neighbor_ridge,kidney,0,3,23,15.730202934134152,12.360960349468478,9492e163b6ef19b0563b1ce8302b8e8794e2e4c9c8031c62ff9774a3f63f6f58
histidine,direct_neighbor_ridge,liver,0,3,25,23.237097215280734,22.315841216367257,9492e163b6ef19b0563b1ce8302b8e8794e2e4c9c8031c62ff9774a3f63f6f58
histidine,direct_neighbor_ridge,lung,0,4,176,167.13379637399566,181.8531512344045,cf9883e99ee1b956d01c2cb42a4d284b982ce23065d3616a5e1cced359e41fb5
histidine,direct_neighbor_ridge,bone,1,0,19,13.705553236486688,14.602079795616623,32d2e2f547f707a9f12d899e65a934275c9f49020e10d214973126d05910ec9c
histidine,direct_neighbor_ridge,ovary,1,0,45,23.28662746902919,29.48311005844533,32d2e2f547f707a9f12d899e65a934275c9f49020e10d214973126d05910ec9c
histidine,direct_neighbor_ridge,skin,1,0,52,36.302487242605025,33.528791338814095,32d2e2f547f707a9f12d899e65a934275c9f49020e10d214973126d05910ec9c
histidine,direct_neighbor_ridge,upper_aerodigestive_tract,1,0,30,17.140301998755373,20.44445538633654,32d2e2f547f707a9f12d899e65a934275c9f49020e10d214973126d05910ec9c
histidine,direct_neighbor_ridge,urinary_tract,1,0,25,24.516890159298434,27.82380176687191,32d2e2f547f707a9f12d899e65a934275c9f49020e10d214973126d05910ec9c
histidine,direct_neighbor_ridge,lung,1,1,176,167.13379637399566,181.8531512344045,cf9883e99ee1b956d01c2cb42a4d284b982ce23065d3616a5e1cced359e41fb5
histidine,direct_neighbor_ridge,autonomic_ganglia,1,2,16,18.60745656271066,18.201758014936242,db1ab3680dcfc2deb10e2511ec28b70b27966d5a436d724be48267bcbf200acf
histidine,direct_neighbor_ridge,haematopoietic_and_lymphoid_tissue,1,2,163,452.39849169122976,459.60827310337277,db1ab3680dcfc2deb10e2511ec28b70b27966d5a436d724be48267bcbf200acf
histidine,direct_neighbor_ridge,large_intestine,1,3,55,63.09133636766644,84.09069891916447,659dce4f66bf4ee0228513d024a4e287e9f1aa3957152332b1483ab0af67cb42
histidine,direct_neighbor_ridge,oesophagus,1,3,25,7.363032423039643,6.7898271304716635,659dce4f66bf4ee0228513d024a4e287e9f1aa3957152332b1483ab0af67cb42
histidine,direct_neighbor_ridge,pancreas,1,3,41,15.836957045386391,15.164668101083892,659dce4f66bf4ee0228513d024a4e287e9f1aa3957152332b1483ab0af67cb42
histidine,direct_neighbor_ridge,soft_tissue,1,3,18,20.0785661060252,21.72705319994349,659dce4f66bf4ee0228513d024a4e287e9f1aa3957152332b1483ab0af67cb42
histidine,direct_neighbor_ridge,stomach,1,3,37,23.218367378363943,24.19966687309697,659dce4f66bf4ee0228513d024a4e287e9f1aa3957152332b1483ab0af67cb42
histidine,direct_neighbor_ridge,breast,1,4,49,44.119822631071656,43.80047392373057,9492e163b6ef19b0563b1ce8302b8e8794e2e4c9c8031c62ff9774a3f63f6f58
histidine,direct_neighbor_ridge,central_nervous_system,1,4,49,46.99189849716396,38.444809278729956,9492e163b6ef19b0563b1ce8302b8e8794e2e4c9c8031c62ff9774a3f63f6f58
histidine,direct_neighbor_ridge,endometrium,1,4,28,17.532346817633037,21.66535338655448,9492e163b6ef19b0563b1ce8302b8e8794e2e4c9c8031c62ff9774a3f63f6f58
histidine,direct_neighbor_ridge,kidney,1,4,23,15.730202934134152,12.360960349468478,9492e163b6ef19b0563b1ce8302b8e8794e2e4c9c8031c62ff9774a3f63f6f58
histidine,direct_neighbor_ridge,liver,1,4,25,23.237097215280734,22.315841216367257,9492e163b6ef19b0563b1ce8302b8e8794e2e4c9c8031c62ff9774a3f63f6f58
homocysteine,direct_neighbor_ridge,autonomic_ganglia,0,0,16,14.800577853110207,12.070715595099848,db1ab3680dcfc2deb10e2511ec28b70b27966d5a436d724be48267bcbf200acf
homocysteine,direct_neighbor_ridge,haematopoietic_and_lymphoid_tissue,0,0,163,217.15749142951762,167.10851193241774,db1ab3680dcfc2deb10e2511ec28b70b27966d5a436d724be48267bcbf200acf
homocysteine,direct_neighbor_ridge,bone,0,1,19,19.369805869671342,21.169607585103325,32d2e2f547f707a9f12d899e65a934275c9f49020e10d214973126d05910ec9c
homocysteine,direct_neighbor_ridge,ovary,0,1,45,34.571000408296555,32.48079522175995,32d2e2f547f707a9f12d899e65a934275c9f49020e10d214973126d05910ec9c
homocysteine,direct_neighbor_ridge,skin,0,1,52,75.4910920254773,82.313548126634,32d2e2f547f707a9f12d899e65a934275c9f49020e10d214973126d05910ec9c
homocysteine,direct_neighbor_ridge,upper_aerodigestive_tract,0,1,30,26.29028111944968,28.442779684057175,32d2e2f547f707a9f12d899e65a934275c9f49020e10d214973126d05910ec9c
homocysteine,direct_neighbor_ridge,urinary_tract,0,1,25,28.481165082261082,30.539777592843492,32d2e2f547f707a9f12d899e65a934275c9f49020e10d214973126d05910ec9c
homocysteine,direct_neighbor_ridge,large_intestine,0,2,55,67.77852271267945,75.76188618240998,659dce4f66bf4ee0228513d024a4e287e9f1aa3957152332b1483ab0af67cb42
homocysteine,direct_neighbor_ridge,oesophagus,0,2,25,21.741184648730414,21.067657624576864,659dce4f66bf4ee0228513d024a4e287e9f1aa3957152332b1483ab0af67cb42
homocysteine,direct_neighbor_ridge,pancreas,0,2,41,43.67969944351678,46.10354076464829,659dce4f66bf4ee0228513d024a4e287e9f1aa3957152332b1483ab0af67cb42
homocysteine,direct_neighbor_ridge,soft_tissue,0,2,18,23.75074596112318,23.367658091054064,659dce4f66bf4ee0228513d024a4e287e9f1aa3957152332b1483ab0af67cb42
homocysteine,direct_neighbor_ridge,stomach,0,2,37,47.07086857600569,49.80505404972986,659dce4f66bf4ee0228513d024a4e287e9f1aa3957152332b1483ab0af67cb42
homocysteine,direct_neighbor_ridge,breast,0,3,49,37.66025442534664,37.826876144727244,9492e163b6ef19b0563b1ce8302b8e8794e2e4c9c8031c62ff9774a3f63f6f58
homocysteine,direct_neighbor_ridge,central_nervous_system,0,3,49,41.292927510142704,48.7297646823673,9492e163b6ef19b0563b1ce8302b8e8794e2e4c9c8031c62ff9774a3f63f6f58
homocysteine,direct_neighbor_ridge,endometrium,0,3,28,22.544137921438736,21.99125278911121,9492e163b6ef19b0563b1ce8302b8e8794e2e4c9c8031c62ff9774a3f63f6f58
homocysteine,direct_neighbor_ridge,kidney,0,3,23,13.66603483550249,15.621998275805039,9492e163b6ef19b0563b1ce8302b8e8794e2e4c9c8031c62ff9774a3f63f6f58
homocysteine,direct_neighbor_ridge,liver,0,3,25,9.89275760640792,10.91743375820983,9492e163b6ef19b0563b1ce8302b8e8794e2e4c9c8031c62ff9774a3f63f6f58
homocysteine,direct_neighbor_ridge,lung,0,4,176,165.28411204204616,163.64898895049885,cf9883e99ee1b956d01c2cb42a4d284b982ce23065d3616a5e1cced359e41fb5
homocysteine,direct_neighbor_ridge,bone,1,0,19,19.369805869671342,21.169607585103325,32d2e2f547f707a9f12d899e65a934275c9f49020e10d214973126d05910ec9c
homocysteine,direct_neighbor_ridge,ovary,1,0,45,34.571000408296555,32.48079522175995,32d2e2f547f707a9f12d899e65a934275c9f49020e10d214973126d05910ec9c
homocysteine,direct_neighbor_ridge,skin,1,0,52,75.4910920254773,82.313548126634,32d2e2f547f707a9f12d899e65a934275c9f49020e10d214973126d05910ec9c
homocysteine,direct_neighbor_ridge,upper_aerodigestive_tract,1,0,30,26.29028111944968,28.442779684057175,32d2e2f547f707a9f12d899e65a934275c9f49020e10d214973126d05910ec9c
homocysteine,direct_neighbor_ridge,urinary_tract,1,0,25,28.481165082261082,30.539777592843492,32d2e2f547f707a9f12d899e65a934275c9f49020e10d214973126d05910ec9c
homocysteine,direct_neighbor_ridge,lung,1,1,176,165.28411204204616,163.64898895049885,cf9883e99ee1b956d01c2cb42a4d284b982ce23065d3616a5e1cced359e41fb5
homocysteine,direct_neighbor_ridge,autonomic_ganglia,1,2,16,15.082688236483477,12.070715595099848,db1ab3680dcfc2deb10e2511ec28b70b27966d5a436d724be48267bcbf200acf
homocysteine,direct_neighbor_ridge,haematopoietic_and_lymphoid_tissue,1,2,163,224.83236817860495,167.10851193241774,db1ab3680dcfc2deb10e2511ec28b70b27966d5a436d724be48267bcbf200acf
homocysteine,direct_neighbor_ridge,large_intestine,1,3,55,67.77852271267945,75.76188618240998,659dce4f66bf4ee0228513d024a4e287e9f1aa3957152332b1483ab0af67cb42
homocysteine,direct_neighbor_ridge,oesophagus,1,3,25,21.741184648730414,21.067657624576864,659dce4f66bf4ee0228513d024a4e287e9f1aa3957152332b1483ab0af67cb42
homocysteine,direct_neighbor_ridge,pancreas,1,3,41,43.67969944351678,46.10354076464829,659dce4f66bf4ee0228513d024a4e287e9f1aa3957152332b1483ab0af67cb42
homocysteine,direct_neighbor_ridge,soft_tissue,1,3,18,23.75074596112318,23.367658091054064,659dce4f66bf4ee0228513d024a4e287e9f1aa3957152332b1483ab0af67cb42
homocysteine,direct_neighbor_ridge,stomach,1,3,37,47.07086857600569,49.80505404972986,659dce4f66bf4ee0228513d024a4e287e9f1aa3957152332b1483ab0af67cb42
homocysteine,direct_neighbor_ridge,breast,1,4,49,37.66025442534664,37.826876144727244,9492e163b6ef19b0563b1ce8302b8e8794e2e4c9c8031c62ff9774a3f63f6f58
homocysteine,direct_neighbor_ridge,central_nervous_system,1,4,49,41.292927510142704,48.7297646823673,9492e163b6ef19b0563b1ce8302b8e8794e2e4c9c8031c62ff9774a3f63f6f58
homocysteine,direct_neighbor_ridge,endometrium,1,4,28,22.544137921438736,21.99125278911121,9492e163b6ef19b0563b1ce8302b8e8794e2e4c9c8031c62ff9774a3f63f6f58
homocysteine,direct_neighbor_ridge,kidney,1,4,23,13.66603483550249,15.621998275805039,9492e163b6ef19b0563b1ce8302b8e8794e2e4c9c8031c62ff9774a3f63f6f58
homocysteine,direct_neighbor_ridge,liver,1,4,25,9.89275760640792,10.91743375820983,9492e163b6ef19b0563b1ce8302b8e8794e2e4c9c8031c62ff9774a3f63f6f58
hypoxanthine,direct_neighbor_ridge,autonomic_ganglia,0,0,16,26.728913153506745,23.405015272234394,db1ab3680dcfc2deb10e2511ec28b70b27966d5a436d724be48267bcbf200acf
hypoxanthine,direct_neighbor_ridge,haematopoietic_and_lymphoid_tissue,0,0,163,181.28591309666214,208.65052583540233,db1ab3680dcfc2deb10e2511ec28b70b27966d5a436d724be48267bcbf200acf
hypoxanthine,direct_neighbor_ridge,bone,0,1,19,14.971972354029083,16.934739674429487,32d2e2f547f707a9f12d899e65a934275c9f49020e10d214973126d05910ec9c
hypoxanthine,direct_neighbor_ridge,ovary,0,1,45,36.48162439625751,36.71552821617147,32d2e2f547f707a9f12d899e65a934275c9f49020e10d214973126d05910ec9c
hypoxanthine,direct_neighbor_ridge,skin,0,1,52,45.957324826429414,50.123157417725594,32d2e2f547f707a9f12d899e65a934275c9f49020e10d214973126d05910ec9c
hypoxanthine,direct_neighbor_ridge,upper_aerodigestive_tract,0,1,30,29.26101561404689,36.2017451429795,32d2e2f547f707a9f12d899e65a934275c9f49020e10d214973126d05910ec9c
hypoxanthine,direct_neighbor_ridge,urinary_tract,0,1,25,12.674072942177087,15.235789890389869,32d2e2f547f707a9f12d899e65a934275c9f49020e10d214973126d05910ec9c
hypoxanthine,direct_neighbor_ridge,large_intestine,0,2,55,61.17583814289824,71.47148142114061,659dce4f66bf4ee0228513d024a4e287e9f1aa3957152332b1483ab0af67cb42
hypoxanthine,direct_neighbor_ridge,oesophagus,0,2,25,23.886215505423493,29.770335244915426,659dce4f66bf4ee0228513d024a4e287e9f1aa3957152332b1483ab0af67cb42
hypoxanthine,direct_neighbor_ridge,pancreas,0,2,41,35.8461694985142,40.45853694881586,659dce4f66bf4ee0228513d024a4e287e9f1aa3957152332b1483ab0af67cb42
hypoxanthine,direct_neighbor_ridge,soft_tissue,0,2,18,15.969984278717908,16.405253653887065,659dce4f66bf4ee0228513d024a4e287e9f1aa3957152332b1483ab0af67cb42
hypoxanthine,direct_neighbor_ridge,stomach,0,2,37,32.5825077161418,32.83337477883085,659dce4f66bf4ee0228513d024a4e287e9f1aa3957152332b1483ab0af67cb42
hypoxanthine,direct_neighbor_ridge,breast,0,3,49,40.64724575933885,38.54649927259684,9492e163b6ef19b0563b1ce8302b8e8794e2e4c9c8031c62ff9774a3f63f6f58
hypoxanthine,direct_neighbor_ridge,central_nervous_system,0,3,49,51.39731039077523,63.54086218694187,9492e163b6ef19b0563b1ce8302b8e8794e2e4c9c8031c62ff9774a3f63f6f58
hypoxanthine,direct_neighbor_ridge,endometrium,0,3,28,22.67861672593972,26.18174802733474,9492e163b6ef19b0563b1ce8302b8e8794e2e4c9c8031c62ff9774a3f63f6f58
hypoxanthine,direct_neighbor_ridge,kidney,0,3,23,11.999511172078881,14.263052988795064,9492e163b6ef19b0563b1ce8302b8e8794e2e4c9c8031c62ff9774a3f63f6f58
hypoxanthine,direct_neighbor_ridge,liver,0,3,25,22.32314673402508,21.338358535279756,9492e163b6ef19b0563b1ce8302b8e8794e2e4c9c8031c62ff9774a3f63f6f58
hypoxanthine,direct_neighbor_ridge,lung,0,4,176,168.30593477305763,176.29831895019274,cf9883e99ee1b956d01c2cb42a4d284b982ce23065d3616a5e1cced359e41fb5
hypoxanthine,direct_neighbor_ridge,bone,1,0,19,14.971972354029083,16.934739674429487,32d2e2f547f707a9f12d899e65a934275c9f49020e10d214973126d05910ec9c
hypoxanthine,direct_neighbor_ridge,ovary,1,0,45,36.48162439625751,36.71552821617147,32d2e2f547f707a9f12d899e65a934275c9f49020e10d214973126d05910ec9c
hypoxanthine,direct_neighbor_ridge,skin,1,0,52,45.957324826429414,50.123157417725594,32d2e2f547f707a9f12d899e65a934275c9f49020e10d214973126d05910ec9c
hypoxanthine,direct_neighbor_ridge,upper_aerodigestive_tract,1,0,30,29.26101561404689,36.2017451429795,32d2e2f547f707a9f12d899e65a934275c9f49020e10d214973126d05910ec9c
hypoxanthine,direct_neighbor_ridge,urinary_tract,1,0,25,12.674072942177087,15.235789890389869,32d2e2f547f707a9f12d899e65a934275c9f49020e10d214973126d05910ec9c
hypoxanthine,direct_neighbor_ridge,lung,1,1,176,168.30593477305763,176.29831895019274,cf9883e99ee1b956d01c2cb42a4d284b982ce23065d3616a5e1cced359e41fb5
hypoxanthine,direct_neighbor_ridge,autonomic_ganglia,1,2,16,26.637701398429435,23.405015272234394,db1ab3680dcfc2deb10e2511ec28b70b27966d5a436d724be48267bcbf200acf
hypoxanthine,direct_neighbor_ridge,haematopoietic_and_lymphoid_tissue,1,2,163,181.19651930458247,208.65052583540233,db1ab3680dcfc2deb10e2511ec28b70b27966d5a436d724be48267bcbf200acf
hypoxanthine,direct_neighbor_ridge,large_intestine,1,3,55,61.02825054113419,71.47148142114061,659dce4f66bf4ee0228513d024a4e287e9f1aa3957152332b1483ab0af67cb42
hypoxanthine,direct_neighbor_ridge,oesophagus,1,3,25,23.752137030191637,29.770335244915426,659dce4f66bf4ee0228513d024a4e287e9f1aa3957152332b1483ab0af67cb42
hypoxanthine,direct_neighbor_ridge,pancreas,1,3,41,35.812000579743135,40.45853694881586,659dce4f66bf4ee0228513d024a4e287e9f1aa3957152332b1483ab0af67cb42
hypoxanthine,direct_neighbor_ridge,soft_tissue,1,3,18,15.990179923498086,16.405253653887065,659dce4f66bf4ee0228513d024a4e287e9f1aa3957152332b1483ab0af67cb42
hypoxanthine,direct_neighbor_ridge,stomach,1,3,37,32.616488781163184,32.83337477883085,659dce4f66bf4ee0228513d024a4e287e9f1aa3957152332b1483ab0af67cb42
hypoxanthine,direct_neighbor_ridge,breast,1,4,49,40.71386100131935,38.54649927259684,9492e163b6ef19b0563b1ce8302b8e8794e2e4c9c8031c62ff9774a3f63f6f58
hypoxanthine,direct_neighbor_ridge,central_nervous_system,1,4,49,51.268402988254415,63.54086218694187,9492e163b6ef19b0563b1ce8302b8e8794e2e4c9c8031c62ff9774a3f63f6f58
hypoxanthine,direct_neighbor_ridge,endometrium,1,4,28,22.658141393582792,26.18174802733474,9492e163b6ef19b0563b1ce8302b8e8794e2e4c9c8031c62ff9774a3f63f6f58
hypoxanthine,direct_neighbor_ridge,kidney,1,4,23,11.977290919748944,14.263052988795064,9492e163b6ef19b0563b1ce8302b8e8794e2e4c9c8031c62ff9774a3f63f6f58
hypoxanthine,direct_neighbor_ridge,liver,1,4,25,22.375426191248568,21.338358535279756,9492e163b6ef19b0563b1ce8302b8e8794e2e4c9c8031c62ff9774a3f63f6f58
inosine,direct_neighbor_ridge,autonomic_ganglia,0,0,16,29.311486811172326,24.08752827213648,db1ab3680dcfc2deb10e2511ec28b70b27966d5a436d724be48267bcbf200acf
inosine,direct_neighbor_ridge,haematopoietic_and_lymphoid_tissue,0,0,163,185.4860101565906,199.74705192409857,db1ab3680dcfc2deb10e2511ec28b70b27966d5a436d724be48267bcbf200acf
inosine,direct_neighbor_ridge,bone,0,1,19,21.43337385482394,24.951886801068508,32d2e2f547f707a9f12d899e65a934275c9f49020e10d214973126d05910ec9c
inosine,direct_neighbor_ridge,ovary,0,1,45,19.538707659833225,20.017720865092322,32d2e2f547f707a9f12d899e65a934275c9f49020e10d214973126d05910ec9c
inosine,direct_neighbor_ridge,skin,0,1,52,59.47276942343446,44.55676209821314,32d2e2f547f707a9f12d899e65a934275c9f49020e10d214973126d05910ec9c
inosine,direct_neighbor_ridge,upper_aerodigestive_tract,0,1,30,12.539199643618346,15.428678063942657,32d2e2f547f707a9f12d899e65a934275c9f49020e10d214973126d05910ec9c
inosine,direct_neighbor_ridge,urinary_tract,0,1,25,17.05774831096032,18.523627696673863,32d2e2f547f707a9f12d899e65a934275c9f49020e10d214973126d05910ec9c
inosine,direct_neighbor_ridge,large_intestine,0,2,55,61.27750665336792,66.51995711572857,659dce4f66bf4ee0228513d024a4e287e9f1aa3957152332b1483ab0af67cb42
inosine,direct_neighbor_ridge,oesophagus,0,2,25,33.60187226030994,38.99678859873089,659dce4f66bf4ee0228513d024a4e287e9f1aa3957152332b1483ab0af67cb42
inosine,direct_neighbor_ridge,pancreas,0,2,41,31.781985514701553,35.82559732653049,659dce4f66bf4ee0228513d024a4e287e9f1aa3957152332b1483ab0af67cb42
inosine,direct_neighbor_ridge,soft_tissue,0,2,18,5.435701066013661,6.329538158059725,659dce4f66bf4ee0228513d024a4e287e9f1aa3957152332b1483ab0af67cb42
inosine,direct_neighbor_ridge,stomach,0,2,37,47.96758880658355,50.665628326870355,659dce4f66bf4ee0228513d024a4e287e9f1aa3957152332b1483ab0af67cb42
inosine,direct_neighbor_ridge,breast,0,3,49,37.82046922104486,36.60452839032729,9492e163b6ef19b0563b1ce8302b8e8794e2e4c9c8031c62ff9774a3f63f6f58
inosine,direct_neighbor_ridge,central_nervous_system,0,3,49,40.75681482969188,34.64401850718484,9492e163b6ef19b0563b1ce8302b8e8794e2e4c9c8031c62ff9774a3f63f6f58
inosine,direct_neighbor_ridge,endometrium,0,3,28,21.6860159492676,24.574192554172225,9492e163b6ef19b0563b1ce8302b8e8794e2e4c9c8031c62ff9774a3f63f6f58
inosine,direct_neighbor_ridge,kidney,0,3,23,20.25051607123619,19.636044710920388,9492e163b6ef19b0563b1ce8302b8e8794e2e4c9c8031c62ff9774a3f63f6f58
inosine,direct_neighbor_ridge,liver,0,3,25,15.56121453270117,20.19619804682301,9492e163b6ef19b0563b1ce8302b8e8794e2e4c9c8031c62ff9774a3f63f6f58
inosine,direct_neighbor_ridge,lung,0,4,176,205.97585009002205,225.98499345660028,cf9883e99ee1b956d01c2cb42a4d284b982ce23065d3616a5e1cced359e41fb5
inosine,direct_neighbor_ridge,bone,1,0,19,21.43337385482394,24.951886801068508,32d2e2f547f707a9f12d899e65a934275c9f49020e10d214973126d05910ec9c
inosine,direct_neighbor_ridge,ovary,1,0,45,19.538707659833225,20.017720865092322,32d2e2f547f707a9f12d899e65a934275c9f49020e10d214973126d05910ec9c
inosine,direct_neighbor_ridge,skin,1,0,52,59.47276942343446,44.55676209821314,32d2e2f547f707a9f12d899e65a934275c9f49020e10d214973126d05910ec9c
inosine,direct_neighbor_ridge,upper_aerodigestive_tract,1,0,30,12.539199643618346,15.428678063942657,32d2e2f547f707a9f12d899e65a934275c9f49020e10d214973126d05910ec9c
inosine,direct_neighbor_ridge,urinary_tract,1,0,25,17.05774831096032,18.523627696673863,32d2e2f547f707a9f12d899e65a934275c9f49020e10d214973126d05910ec9c
inosine,direct_neighbor_ridge,lung,1,1,176,205.97585009002205,225.98499345660028,cf9883e99ee1b956d01c2cb42a4d284b982ce23065d3616a5e1cced359e41fb5
inosine,direct_neighbor_ridge,autonomic_ganglia,1,2,16,29.311486811172326,24.08752827213648,db1ab3680dcfc2deb10e2511ec28b70b27966d5a436d724be48267bcbf200acf
inosine,direct_neighbor_ridge,haematopoietic_and_lymphoid_tissue,1,2,163,185.4860101565906,199.74705192409857,db1ab3680dcfc2deb10e2511ec28b70b27966d5a436d724be48267bcbf200acf
inosine,direct_neighbor_ridge,large_intestine,1,3,55,61.27750665336792,66.51995711572857,659dce4f66bf4ee0228513d024a4e287e9f1aa3957152332b1483ab0af67cb42
inosine,direct_neighbor_ridge,oesophagus,1,3,25,33.60187226030994,38.99678859873089,659dce4f66bf4ee0228513d024a4e287e9f1aa3957152332b1483ab0af67cb42
inosine,direct_neighbor_ridge,pancreas,1,3,41,31.781985514701553,35.82559732653049,659dce4f66bf4ee0228513d024a4e287e9f1aa3957152332b1483ab0af67cb42
inosine,direct_neighbor_ridge,soft_tissue,1,3,18,5.435701066013661,6.329538158059725,659dce4f66bf4ee0228513d024a4e287e9f1aa3957152332b1483ab0af67cb42
inosine,direct_neighbor_ridge,stomach,1,3,37,47.96758880658355,50.665628326870355,659dce4f66bf4ee0228513d024a4e287e9f1aa3957152332b1483ab0af67cb42
inosine,direct_neighbor_ridge,breast,1,4,49,37.82046922104486,36.60452839032729,9492e163b6ef19b0563b1ce8302b8e8794e2e4c9c8031c62ff9774a3f63f6f58
inosine,direct_neighbor_ridge,central_nervous_system,1,4,49,40.75681482969188,34.64401850718484,9492e163b6ef19b0563b1ce8302b8e8794e2e4c9c8031c62ff9774a3f63f6f58
inosine,direct_neighbor_ridge,endometrium,1,4,28,21.6860159492676,24.574192554172225,9492e163b6ef19b0563b1ce8302b8e8794e2e4c9c8031c62ff9774a3f63f6f58
inosine,direct_neighbor_ridge,kidney,1,4,23,20.25051607123619,19.636044710920388,9492e163b6ef19b0563b1ce8302b8e8794e2e4c9c8031c62ff9774a3f63f6f58
inosine,direct_neighbor_ridge,liver,1,4,25,15.56121453270117,20.19619804682301,9492e163b6ef19b0563b1ce8302b8e8794e2e4c9c8031c62ff9774a3f63f6f58
inositol,direct_neighbor_ridge,autonomic_ganglia,0,0,16,3.328371798074609,3.7418816540964777,db1ab3680dcfc2deb10e2511ec28b70b27966d5a436d724be48267bcbf200acf
inositol,direct_neighbor_ridge,haematopoietic_and_lymphoid_tissue,0,0,163,197.72531436247255,191.2534505791486,db1ab3680dcfc2deb10e2511ec28b70b27966d5a436d724be48267bcbf200acf
inositol,direct_neighbor_ridge,bone,0,1,19,17.865993447903314,21.928223338151774,32d2e2f547f707a9f12d899e65a934275c9f49020e10d214973126d05910ec9c
inositol,direct_neighbor_ridge,ovary,0,1,45,44.8813162976983,49.08470587204176,32d2e2f547f707a9f12d899e65a934275c9f49020e10d214973126d05910ec9c
inositol,direct_neighbor_ridge,skin,0,1,52,86.23807801900469,82.33144429220296,32d2e2f547f707a9f12d899e65a934275c9f49020e10d214973126d05910ec9c
inositol,direct_neighbor_ridge,upper_aerodigestive_tract,0,1,30,15.668783214983788,16.489043473969158,32d2e2f547f707a9f12d899e65a934275c9f49020e10d214973126d05910ec9c
inositol,direct_neighbor_ridge,urinary_tract,0,1,25,31.54299233304171,32.43482073072242,32d2e2f547f707a9f12d899e65a934275c9f49020e10d214973126d05910ec9c
inositol,direct_neighbor_ridge,large_intestine,0,2,55,60.04976901880711,61.58729083177114,659dce4f66bf4ee0228513d024a4e287e9f1aa3957152332b1483ab0af67cb42
inositol,direct_neighbor_ridge,oesophagus,0,2,25,19.75174672175918,22.970624540200593,659dce4f66bf4ee0228513d024a4e287e9f1aa3957152332b1483ab0af67cb42
inositol,direct_neighbor_ridge,pancreas,0,2,41,33.18873404526138,38.97626850752479,659dce4f66bf4ee0228513d024a4e287e9f1aa3957152332b1483ab0af67cb42
inositol,direct_neighbor_ridge,soft_tissue,0,2,18,19.52149830357186,18.132065226333307,659dce4f66bf4ee0228513d024a4e287e9f1aa3957152332b1483ab0af67cb42
inositol,direct_neighbor_ridge,stomach,0,2,37,32.521322896428586,31.69018502471146,659dce4f66bf4ee0228513d024a4e287e9f1aa3957152332b1483ab0af67cb42
inositol,direct_neighbor_ridge,breast,0,3,49,50.86801846489179,55.60617267730623,9492e163b6ef19b0563b1ce8302b8e8794e2e4c9c8031c62ff9774a3f63f6f58
inositol,direct_neighbor_ridge,central_nervous_system,0,3,49,41.81910607007879,43.517372450503466,9492e163b6ef19b0563b1ce8302b8e8794e2e4c9c8031c62ff9774a3f63f6f58
inositol,direct_neighbor_ridge,endometrium,0,3,28,37.387940513363795,42.4241033759463,9492e163b6ef19b0563b1ce8302b8e8794e2e4c9c8031c62ff9774a3f63f6f58
inositol,direct_neighbor_ridge,kidney,0,3,23,14.70707528291404,14.513855954821098,9492e163b6ef19b0563b1ce8302b8e8794e2e4c9c8031c62ff9774a3f63f6f58
inositol,direct_neighbor_ridge,liver,0,3,25,39.826770209929265,40.282401769818414,9492e163b6ef19b0563b1ce8302b8e8794e2e4c9c8031c62ff9774a3f63f6f58
inositol,direct_neighbor_ridge,lung,0,4,176,127.1192285912706,126.5805982663731,cf9883e99ee1b956d01c2cb42a4d284b982ce23065d3616a5e1cced359e41fb5
inositol,direct_neighbor_ridge,bone,1,0,19,17.865993447903314,21.928223338151774,32d2e2f547f707a9f12d899e65a934275c9f49020e10d214973126d05910ec9c
inositol,direct_neighbor_ridge,ovary,1,0,45,44.8813162976983,49.08470587204176,32d2e2f547f707a9f12d899e65a934275c9f49020e10d214973126d05910ec9c
inositol,direct_neighbor_ridge,skin,1,0,52,86.23807801900469,82.33144429220296,32d2e2f547f707a9f12d899e65a934275c9f49020e10d214973126d05910ec9c
inositol,direct_neighbor_ridge,upper_aerodigestive_tract,1,0,30,15.668783214983788,16.489043473969158,32d2e2f547f707a9f12d899e65a934275c9f49020e10d214973126d05910ec9c
inositol,direct_neighbor_ridge,urinary_tract,1,0,25,31.54299233304171,32.43482073072242,32d2e2f547f707a9f12d899e65a934275c9f49020e10d214973126d05910ec9c
inositol,direct_neighbor_ridge,lung,1,1,176,127.1192285912706,126.5805982663731,cf9883e99ee1b956d01c2cb42a4d284b982ce23065d3616a5e1cced359e41fb5
inositol,direct_neighbor_ridge,autonomic_ganglia,1,2,16,3.328371798074609,3.7418816540964777,db1ab3680dcfc2deb10e2511ec28b70b27966d5a436d724be48267bcbf200acf
inositol,direct_neighbor_ridge,haematopoietic_and_lymphoid_tissue,1,2,163,197.72531436247255,191.2534505791486,db1ab3680dcfc2deb10e2511ec28b70b27966d5a436d724be48267bcbf200acf
inositol,direct_neighbor_ridge,large_intestine,1,3,55,60.0133543838404,61.58729083177114,659dce4f66bf4ee0228513d024a4e287e9f1aa3957152332b1483ab0af67cb42
inositol,direct_neighbor_ridge,oesophagus,1,3,25,20.00945861577414,22.970624540200593,659dce4f66bf4ee0228513d024a4e287e9f1aa3957152332b1483ab0af67cb42
inositol,direct_neighbor_ridge,pancreas,1,3,41,33.61560917688801,38.97626850752479,659dce4f66bf4ee0228513d024a4e287e9f1aa3957152332b1483ab0af67cb42
inositol,direct_neighbor_ridge,soft_tissue,1,3,18,19.29609146253806,18.132065226333307,659dce4f66bf4ee0228513d024a4e287e9f1aa3957152332b1483ab0af67cb42
inositol,direct_neighbor_ridge,stomach,1,3,37,32.27595376824015,31.69018502471146,659dce4f66bf4ee0228513d024a4e287e9f1aa3957152332b1483ab0af67cb42
inositol,direct_neighbor_ridge,breast,1,4,49,50.86801846489179,55.60617267730623,9492e163b6ef19b0563b1ce8302b8e8794e2e4c9c8031c62ff9774a3f63f6f58
inositol,direct_neighbor_ridge,central_nervous_system,1,4,49,41.81910607007879,43.517372450503466,9492e163b6ef19b0563b1ce8302b8e8794e2e4c9c8031c62ff9774a3f63f6f58
inositol,direct_neighbor_ridge,endometrium,1,4,28,37.387940513363795,42.4241033759463,9492e163b6ef19b0563b1ce8302b8e8794e2e4c9c8031c62ff9774a3f63f6f58
inositol,direct_neighbor_ridge,kidney,1,4,23,14.70707528291404,14.513855954821098,9492e163b6ef19b0563b1ce8302b8e8794e2e4c9c8031c62ff9774a3f63f6f58
inositol,direct_neighbor_ridge,liver,1,4,25,39.826770209929265,40.282401769818414,9492e163b6ef19b0563b1ce8302b8e8794e2e4c9c8031c62ff9774a3f63f6f58
isocitrate,direct_neighbor_ridge,autonomic_ganglia,0,0,16,10.938967332032638,13.056106061256793,db1ab3680dcfc2deb10e2511ec28b70b27966d5a436d724be48267bcbf200acf
isocitrate,direct_neighbor_ridge,haematopoietic_and_lymphoid_tissue,0,0,163,362.0435521831928,326.5673134940628,db1ab3680dcfc2deb10e2511ec28b70b27966d5a436d724be48267bcbf200acf
isocitrate,direct_neighbor_ridge,bone,0,1,19,14.381615468929947,18.4382503119511,32d2e2f547f707a9f12d899e65a934275c9f49020e10d214973126d05910ec9c
isocitrate,direct_neighbor_ridge,ovary,0,1,45,19.50590801233236,24.515224992959162,32d2e2f547f707a9f12d899e65a934275c9f49020e10d214973126d05910ec9c
isocitrate,direct_neighbor_ridge,skin,0,1,52,30.72995178543821,36.45378032926265,32d2e2f547f707a9f12d899e65a934275c9f49020e10d214973126d05910ec9c
isocitrate,direct_neighbor_ridge,upper_aerodigestive_tract,0,1,30,16.659804312702473,19.64584420919523,32d2e2f547f707a9f12d899e65a934275c9f49020e10d214973126d05910ec9c
isocitrate,direct_neighbor_ridge,urinary_tract,0,1,25,13.936810389310047,17.839198653324715,32d2e2f547f707a9f12d899e65a934275c9f49020e10d214973126d05910ec9c
isocitrate,direct_neighbor_ridge,large_intestine,0,2,55,34.61704454866521,40.29910931557228,659dce4f66bf4ee0228513d024a4e287e9f1aa3957152332b1483ab0af67cb42
isocitrate,direct_neighbor_ridge,oesophagus,0,2,25,9.535727971468937,11.083634021584487,659dce4f66bf4ee0228513d024a4e287e9f1aa3957152332b1483ab0af67cb42
isocitrate,direct_neighbor_ridge,pancreas,0,2,41,34.393956759294035,41.60399083136787,659dce4f66bf4ee0228513d024a4e287e9f1aa3957152332b1483ab0af67cb42
isocitrate,direct_neighbor_ridge,soft_tissue,0,2,18,22.520809298747963,25.750109100336303,659dce4f66bf4ee0228513d024a4e287e9f1aa3957152332b1483ab0af67cb42
isocitrate,direct_neighbor_ridge,stomach,0,2,37,44.7717768011058,50.06667378943105,659dce4f66bf4ee0228513d024a4e287e9f1aa3957152332b1483ab0af67cb42
isocitrate,direct_neighbor_ridge,breast,0,3,49,46.49247740693146,53.55296785748065,9492e163b6ef19b0563b1ce8302b8e8794e2e4c9c8031c62ff9774a3f63f6f58
isocitrate,direct_neighbor_ridge,central_nervous_system,0,3,49,36.94966961713342,48.80360918933116,9492e163b6ef19b0563b1ce8302b8e8794e2e4c9c8031c62ff9774a3f63f6f58
isocitrate,direct_neighbor_ridge,endometrium,0,3,28,16.11498493587362,19.045059067980855,9492e163b6ef19b0563b1ce8302b8e8794e2e4c9c8031c62ff9774a3f63f6f58
isocitrate,direct_neighbor_ridge,kidney,0,3,23,16.449514487837778,20.32892867302293,9492e163b6ef19b0563b1ce8302b8e8794e2e4c9c8031c62ff9774a3f63f6f58
isocitrate,direct_neighbor_ridge,liver,0,3,25,20.439026625594533,25.618693783234377,9492e163b6ef19b0563b1ce8302b8e8794e2e4c9c8031c62ff9774a3f63f6f58
isocitrate,direct_neighbor_ridge,lung,0,4,176,108.13631032793869,138.79392411114173,cf9883e99ee1b956d01c2cb42a4d284b982ce23065d3616a5e1cced359e41fb5
isocitrate,direct_neighbor_ridge,bone,1,0,19,14.381615468929947,18.4382503119511,32d2e2f547f707a9f12d899e65a934275c9f49020e10d214973126d05910ec9c
isocitrate,direct_neighbor_ridge,ovary,1,0,45,19.50590801233236,24.515224992959162,32d2e2f547f707a9f12d899e65a934275c9f49020e10d214973126d05910ec9c
isocitrate,direct_neighbor_ridge,skin,1,0,52,30.72995178543821,36.45378032926265,32d2e2f547f707a9f12d899e65a934275c9f49020e10d214973126d05910ec9c
isocitrate,direct_neighbor_ridge,upper_aerodigestive_tract,1,0,30,16.659804312702473,19.64584420919523,32d2e2f547f707a9f12d899e65a934275c9f49020e10d214973126d05910ec9c
isocitrate,direct_neighbor_ridge,urinary_tract,1,0,25,13.936810389310047,17.839198653324715,32d2e2f547f707a9f12d899e65a934275c9f49020e10d214973126d05910ec9c
isocitrate,direct_neighbor_ridge,lung,1,1,176,108.13631032793869,138.79392411114173,cf9883e99ee1b956d01c2cb42a4d284b982ce23065d3616a5e1cced359e41fb5
isocitrate,direct_neighbor_ridge,autonomic_ganglia,1,2,16,10.938967332032638,13.056106061256793,db1ab3680dcfc2deb10e2511ec28b70b27966d5a436d724be48267bcbf200acf
isocitrate,direct_neighbor_ridge,haematopoietic_and_lymphoid_tissue,1,2,163,362.0435521831928,326.5673134940628,db1ab3680dcfc2deb10e2511ec28b70b27966d5a436d724be48267bcbf200acf
isocitrate,direct_neighbor_ridge,large_intestine,1,3,55,34.61704454866521,40.29910931557228,659dce4f66bf4ee0228513d024a4e287e9f1aa3957152332b1483ab0af67cb42
isocitrate,direct_neighbor_ridge,oesophagus,1,3,25,9.535727971468937,11.083634021584487,659dce4f66bf4ee0228513d024a4e287e9f1aa3957152332b1483ab0af67cb42
isocitrate,direct_neighbor_ridge,pancreas,1,3,41,34.393956759294035,41.60399083136787,659dce4f66bf4ee0228513d024a4e287e9f1aa3957152332b1483ab0af67cb42
isocitrate,direct_neighbor_ridge,soft_tissue,1,3,18,22.520809298747963,25.750109100336303,659dce4f66bf4ee0228513d024a4e287e9f1aa3957152332b1483ab0af67cb42
isocitrate,direct_neighbor_ridge,stomach,1,3,37,44.7717768011058,50.06667378943105,659dce4f66bf4ee0228513d024a4e287e9f1aa3957152332b1483ab0af67cb42
isocitrate,direct_neighbor_ridge,breast,1,4,49,46.49247740693146,53.55296785748065,9492e163b6ef19b0563b1ce8302b8e8794e2e4c9c8031c62ff9774a3f63f6f58
isocitrate,direct_neighbor_ridge,central_nervous_system,1,4,49,36.94966961713342,48.80360918933116,9492e163b6ef19b0563b1ce8302b8e8794e2e4c9c8031c62ff9774a3f63f6f58
isocitrate,direct_neighbor_ridge,endometrium,1,4,28,16.11498493587362,19.045059067980855,9492e163b6ef19b0563b1ce8302b8e8794e2e4c9c8031c62ff9774a3f63f6f58
isocitrate,direct_neighbor_ridge,kidney,1,4,23,16.449514487837778,20.32892867302293,9492e163b6ef19b0563b1ce8302b8e8794e2e4c9c8031c62ff9774a3f63f6f58
isocitrate,direct_neighbor_ridge,liver,1,4,25,20.439026625594533,25.618693783234377,9492e163b6ef19b0563b1ce8302b8e8794e2e4c9c8031c62ff9774a3f63f6f58
isoleucine,direct_neighbor_ridge,autonomic_ganglia,0,0,16,15.16891061862141,15.051636765149384,db1ab3680dcfc2deb10e2511ec28b70b27966d5a436d724be48267bcbf200acf
isoleucine,direct_neighbor_ridge,haematopoietic_and_lymphoid_tissue,0,0,163,312.89533605915506,313.52672518733675,db1ab3680dcfc2deb10e2511ec28b70b27966d5a436d724be48267bcbf200acf
isoleucine,direct_neighbor_ridge,bone,0,1,19,13.154557341390403,13.143052817677994,32d2e2f547f707a9f12d899e65a934275c9f49020e10d214973126d05910ec9c
isoleucine,direct_neighbor_ridge,ovary,0,1,45,40.84497194491254,40.85489567360125,32d2e2f547f707a9f12d899e65a934275c9f49020e10d214973126d05910ec9c
isoleucine,direct_neighbor_ridge,skin,0,1,52,30.314705845484546,30.308522508645083,32d2e2f547f707a9f12d899e65a934275c9f49020e10d214973126d05910ec9c
isoleucine,direct_neighbor_ridge,upper_aerodigestive_tract,0,1,30,26.966001527614473,27.18130792032544,32d2e2f547f707a9f12d899e65a934275c9f49020e10d214973126d05910ec9c
isoleucine,direct_neighbor_ridge,urinary_tract,0,1,25,42.50143254444627,42.512655621262894,32d2e2f547f707a9f12d899e65a934275c9f49020e10d214973126d05910ec9c
isoleucine,direct_neighbor_ridge,large_intestine,0,2,55,54.6444651987504,53.590098817507986,659dce4f66bf4ee0228513d024a4e287e9f1aa3957152332b1483ab0af67cb42
isoleucine,direct_neighbor_ridge,oesophagus,0,2,25,6.845497639929411,7.108350028980881,659dce4f66bf4ee0228513d024a4e287e9f1aa3957152332b1483ab0af67cb42
isoleucine,direct_neighbor_ridge,pancreas,0,2,41,35.853455120809286,36.30718693098434,659dce4f66bf4ee0228513d024a4e287e9f1aa3957152332b1483ab0af67cb42
isoleucine,direct_neighbor_ridge,soft_tissue,0,2,18,40.574973004688,40.0988389410637,659dce4f66bf4ee0228513d024a4e287e9f1aa3957152332b1483ab0af67cb42
isoleucine,direct_neighbor_ridge,stomach,0,2,37,26.31963825303641,26.381553716746325,659dce4f66bf4ee0228513d024a4e287e9f1aa3957152332b1483ab0af67cb42
isoleucine,direct_neighbor_ridge,breast,0,3,49,34.944468986438636,35.053297023377844,9492e163b6ef19b0563b1ce8302b8e8794e2e4c9c8031c62ff9774a3f63f6f58
isoleucine,direct_neighbor_ridge,central_nervous_system,0,3,49,35.221324274471414,34.8984560533959,9492e163b6ef19b0563b1ce8302b8e8794e2e4c9c8031c62ff9774a3f63f6f58
isoleucine,direct_neighbor_ridge,endometrium,0,3,28,25.052401375672723,24.96635553062267,9492e163b6ef19b0563b1ce8302b8e8794e2e4c9c8031c62ff9774a3f63f6f58
isoleucine,direct_neighbor_ridge,kidney,0,3,23,12.320559724021638,12.391898330245557,9492e163b6ef19b0563b1ce8302b8e8794e2e4c9c8031c62ff9774a3f63f6f58
isoleucine,direct_neighbor_ridge,liver,0,3,25,22.057673966041214,22.41874180468613,9492e163b6ef19b0563b1ce8302b8e8794e2e4c9c8031c62ff9774a3f63f6f58
isoleucine,direct_neighbor_ridge,lung,0,4,176,220.43142913000497,220.48935856083602,cf9883e99ee1b956d01c2cb42a4d284b982ce23065d3616a5e1cced359e41fb5
isoleucine,direct_neighbor_ridge,bone,1,0,19,13.154557341390403,13.143052817677994,32d2e2f547f707a9f12d899e65a934275c9f49020e10d214973126d05910ec9c
isoleucine,direct_neighbor_ridge,ovary,1,0,45,40.84497194491254,40.85489567360125,32d2e2f547f707a9f12d899e65a934275c9f49020e10d214973126d05910ec9c
isoleucine,direct_neighbor_ridge,skin,1,0,52,30.314705845484546,30.308522508645083,32d2e2f547f707a9f12d899e65a934275c9f49020e10d214973126d05910ec9c
isoleucine,direct_neighbor_ridge,upper_aerodigestive_tract,1,0,30,26.966001527614473,27.18130792032544,32d2e2f547f707a9f12d899e65a934275c9f49020e10d214973126d05910ec9c
isoleucine,direct_neighbor_ridge,urinary_tract,1,0,25,42.50143254444627,42.512655621262894,32d2e2f547f707a9f12d899e65a934275c9f49020e10d214973126d05910ec9c
isoleucine,direct_neighbor_ridge,lung,1,1,176,220.43142913000497,220.48935856083602,cf9883e99ee1b956d01c2cb42a4d284b982ce23065d3616a5e1cced359e41fb5
isoleucine,direct_neighbor_ridge,autonomic_ganglia,1,2,16,15.16891061862141,15.051636765149384,db1ab3680dcfc2deb10e2511ec28b70b27966d5a436d724be48267bcbf200acf
isoleucine,direct_neighbor_ridge,haematopoietic_and_lymphoid_tissue,1,2,163,312.89533605915506,313.52672518733675,db1ab3680dcfc2deb10e2511ec28b70b27966d5a436d724be48267bcbf200acf
isoleucine,direct_neighbor_ridge,large_intestine,1,3,55,54.6444651987504,53.590098817507986,659dce4f66bf4ee0228513d024a4e287e9f1aa3957152332b1483ab0af67cb42
isoleucine,direct_neighbor_ridge,oesophagus,1,3,25,6.845497639929411,7.108350028980881,659dce4f66bf4ee0228513d024a4e287e9f1aa3957152332b1483ab0af67cb42
isoleucine,direct_neighbor_ridge,pancreas,1,3,41,35.853455120809286,36.30718693098434,659dce4f66bf4ee0228513d024a4e287e9f1aa3957152332b1483ab0af67cb42
isoleucine,direct_neighbor_ridge,soft_tissue,1,3,18,40.574973004688,40.0988389410637,659dce4f66bf4ee0228513d024a4e287e9f1aa3957152332b1483ab0af67cb42
isoleucine,direct_neighbor_ridge,stomach,1,3,37,26.31963825303641,26.381553716746325,659dce4f66bf4ee0228513d024a4e287e9f1aa3957152332b1483ab0af67cb42
isoleucine,direct_neighbor_ridge,breast,1,4,49,34.944468986438636,35.053297023377844,9492e163b6ef19b0563b1ce8302b8e8794e2e4c9c8031c62ff9774a3f63f6f58
isoleucine,direct_neighbor_ridge,central_nervous_system,1,4,49,35.221324274471414,34.8984560533959,9492e163b6ef19b0563b1ce8302b8e8794e2e4c9c8031c62ff9774a3f63f6f58
isoleucine,direct_neighbor_ridge,endometrium,1,4,28,25.052401375672723,24.96635553062267,9492e163b6ef19b0563b1ce8302b8e8794e2e4c9c8031c62ff9774a3f63f6f58
isoleucine,direct_neighbor_ridge,kidney,1,4,23,12.320559724021638,12.391898330245557,9492e163b6ef19b0563b1ce8302b8e8794e2e4c9c8031c62ff9774a3f63f6f58
isoleucine,direct_neighbor_ridge,liver,1,4,25,22.057673966041214,22.41874180468613,9492e163b6ef19b0563b1ce8302b8e8794e2e4c9c8031c62ff9774a3f63f6f58
kynurenine,direct_neighbor_ridge,autonomic_ganglia,0,0,16,12.075845900678402,11.370178129649362,db1ab3680dcfc2deb10e2511ec28b70b27966d5a436d724be48267bcbf200acf
kynurenine,direct_neighbor_ridge,haematopoietic_and_lymphoid_tissue,0,0,163,144.31400453747915,148.2311183243819,db1ab3680dcfc2deb10e2511ec28b70b27966d5a436d724be48267bcbf200acf
kynurenine,direct_neighbor_ridge,bone,0,1,19,20.93157877573919,21.128066171603024,32d2e2f547f707a9f12d899e65a934275c9f49020e10d214973126d05910ec9c
kynurenine,direct_neighbor_ridge,ovary,0,1,45,77.07575810646345,77.67482583438573,32d2e2f547f707a9f12d899e65a934275c9f49020e10d214973126d05910ec9c
kynurenine,direct_neighbor_ridge,skin,0,1,52,49.270619965467986,48.90641664902467,32d2e2f547f707a9f12d899e65a934275c9f49020e10d214973126d05910ec9c
kynurenine,direct_neighbor_ridge,upper_aerodigestive_tract,0,1,30,35.40056544315547,34.92559660666954,32d2e2f547f707a9f12d899e65a934275c9f49020e10d214973126d05910ec9c
kynurenine,direct_neighbor_ridge,urinary_tract,0,1,25,29.76197534568334,28.982831457614328,32d2e2f547f707a9f12d899e65a934275c9f49020e10d214973126d05910ec9c
kynurenine,direct_neighbor_ridge,large_intestine,0,2,55,56.20757439968683,51.39265866013526,659dce4f66bf4ee0228513d024a4e287e9f1aa3957152332b1483ab0af67cb42
kynurenine,direct_neighbor_ridge,oesophagus,0,2,25,16.700414967137494,16.284520011901282,659dce4f66bf4ee0228513d024a4e287e9f1aa3957152332b1483ab0af67cb42
kynurenine,direct_neighbor_ridge,pancreas,0,2,41,59.030644739200596,55.69074135507722,659dce4f66bf4ee0228513d024a4e287e9f1aa3957152332b1483ab0af67cb42
kynurenine,direct_neighbor_ridge,soft_tissue,0,2,18,9.743861701120647,8.439309096976867,659dce4f66bf4ee0228513d024a4e287e9f1aa3957152332b1483ab0af67cb42
kynurenine,direct_neighbor_ridge,stomach,0,2,37,29.625287808988013,31.211867261062334,659dce4f66bf4ee0228513d024a4e287e9f1aa3957152332b1483ab0af67cb42
kynurenine,direct_neighbor_ridge,breast,0,3,49,51.31300861518674,52.35108847031989,9492e163b6ef19b0563b1ce8302b8e8794e2e4c9c8031c62ff9774a3f63f6f58
kynurenine,direct_neighbor_ridge,central_nervous_system,0,3,49,82.99730205820104,83.624442254491,9492e163b6ef19b0563b1ce8302b8e8794e2e4c9c8031c62ff9774a3f63f6f58
kynurenine,direct_neighbor_ridge,endometrium,0,3,28,14.63025756050043,15.103564279627332,9492e163b6ef19b0563b1ce8302b8e8794e2e4c9c8031c62ff9774a3f63f6f58
kynurenine,direct_neighbor_ridge,kidney,0,3,23,19.95400110309085,20.555098596542848,9492e163b6ef19b0563b1ce8302b8e8794e2e4c9c8031c62ff9774a3f63f6f58
kynurenine,direct_neighbor_ridge,liver,0,3,25,40.446569011886815,40.88569611789683,9492e163b6ef19b0563b1ce8302b8e8794e2e4c9c8031c62ff9774a3f63f6f58
kynurenine,direct_neighbor_ridge,lung,0,4,176,136.86125782264153,137.82971445441763,cf9883e99ee1b956d01c2cb42a4d284b982ce23065d3616a5e1cced359e41fb5
kynurenine,direct_neighbor_ridge,bone,1,0,19,20.93157877573919,21.128066171603024,32d2e2f547f707a9f12d899e65a934275c9f49020e10d214973126d05910ec9c
kynurenine,direct_neighbor_ridge,ovary,1,0,45,77.07575810646345,77.67482583438573,32d2e2f547f707a9f12d899e65a934275c9f49020e10d214973126d05910ec9c
kynurenine,direct_neighbor_ridge,skin,1,0,52,49.270619965467986,48.90641664902467,32d2e2f547f707a9f12d899e65a934275c9f49020e10d214973126d05910ec9c
kynurenine,direct_neighbor_ridge,upper_aerodigestive_tract,1,0,30,35.40056544315547,34.92559660666954,32d2e2f547f707a9f12d899e65a934275c9f49020e10d214973126d05910ec9c
kynurenine,direct_neighbor_ridge,urinary_tract,1,0,25,29.76197534568334,28.982831457614328,32d2e2f547f707a9f12d899e65a934275c9f49020e10d214973126d05910ec9c
kynurenine,direct_neighbor_ridge,lung,1,1,176,136.86125782264153,137.82971445441763,cf9883e99ee1b956d01c2cb42a4d284b982ce23065d3616a5e1cced359e41fb5
kynurenine,direct_neighbor_ridge,autonomic_ganglia,1,2,16,12.075845900678402,11.370178129649362,db1ab3680dcfc2deb10e2511ec28b70b27966d5a436d724be48267bcbf200acf
kynurenine,direct_neighbor_ridge,haematopoietic_and_lymphoid_tissue,1,2,163,144.31400453747915,148.2311183243819,db1ab3680dcfc2deb10e2511ec28b70b27966d5a436d724be48267bcbf200acf
kynurenine,direct_neighbor_ridge,large_intestine,1,3,55,56.20757439968683,51.39265866013526,659dce4f66bf4ee0228513d024a4e287e9f1aa3957152332b1483ab0af67cb42
kynurenine,direct_neighbor_ridge,oesophagus,1,3,25,16.700414967137494,16.284520011901282,659dce4f66bf4ee0228513d024a4e287e9f1aa3957152332b1483ab0af67cb42
kynurenine,direct_neighbor_ridge,pancreas,1,3,41,59.030644739200596,55.69074135507722,659dce4f66bf4ee0228513d024a4e287e9f1aa3957152332b1483ab0af67cb42
kynurenine,direct_neighbor_ridge,soft_tissue,1,3,18,9.743861701120647,8.439309096976867,659dce4f66bf4ee0228513d024a4e287e9f1aa3957152332b1483ab0af67cb42
kynurenine,direct_neighbor_ridge,stomach,1,3,37,29.625287808988013,31.211867261062334,659dce4f66bf4ee0228513d024a4e287e9f1aa3957152332b1483ab0af67cb42
kynurenine,direct_neighbor_ridge,breast,1,4,49,51.31300861518674,52.35108847031989,9492e163b6ef19b0563b1ce8302b8e8794e2e4c9c8031c62ff9774a3f63f6f58
kynurenine,direct_neighbor_ridge,central_nervous_system,1,4,49,82.99730205820104,83.624442254491,9492e163b6ef19b0563b1ce8302b8e8794e2e4c9c8031c62ff9774a3f63f6f58
kynurenine,direct_neighbor_ridge,endometrium,1,4,28,14.63025756050043,15.103564279627332,9492e163b6ef19b0563b1ce8302b8e8794e2e4c9c8031c62ff9774a3f63f6f58
kynurenine,direct_neighbor_ridge,kidney,1,4,23,19.95400110309085,20.555098596542848,9492e163b6ef19b0563b1ce8302b8e8794e2e4c9c8031c62ff9774a3f63f6f58
kynurenine,direct_neighbor_ridge,liver,1,4,25,40.446569011886815,40.88569611789683,9492e163b6ef19b0563b1ce8302b8e8794e2e4c9c8031c62ff9774a3f63f6f58
leucine,direct_neighbor_ridge,autonomic_ganglia,0,0,16,1.9994709751805515,22.197007521902396,db1ab3680dcfc2deb10e2511ec28b70b27966d5a436d724be48267bcbf200acf
leucine,direct_neighbor_ridge,haematopoietic_and_lymphoid_tissue,0,0,163,19.382867687251252,483.4982277700393,db1ab3680dcfc2deb10e2511ec28b70b27966d5a436d724be48267bcbf200acf
leucine,direct_neighbor_ridge,bone,0,1,19,1.477894089359798,17.578364470120324,32d2e2f547f707a9f12d899e65a934275c9f49020e10d214973126d05910ec9c
leucine,direct_neighbor_ridge,ovary,0,1,45,4.408051771228098,27.149005504977413,32d2e2f547f707a9f12d899e65a934275c9f49020e10d214973126d05910ec9c
leucine,direct_neighbor_ridge,skin,0,1,52,2.2233362074991647,32.65061924820619,32d2e2f547f707a9f12d899e65a934275c9f49020e10d214973126d05910ec9c
leucine,direct_neighbor_ridge,upper_aerodigestive_tract,0,1,30,0.8977095032898181,30.995662947802412,32d2e2f547f707a9f12d899e65a934275c9f49020e10d214973126d05910ec9c
leucine,direct_neighbor_ridge,urinary_tract,0,1,25,7.468884037849175,25.04567379564736,32d2e2f547f707a9f12d899e65a934275c9f49020e10d214973126d05910ec9c
leucine,direct_neighbor_ridge,large_intestine,0,2,55,12.537756072402802,49.41060207023639,659dce4f66bf4ee0228513d024a4e287e9f1aa3957152332b1483ab0af67cb42
leucine,direct_neighbor_ridge,oesophagus,0,2,25,8.647362477262783,7.77647978097205,659dce4f66bf4ee0228513d024a4e287e9f1aa3957152332b1483ab0af67cb42
leucine,direct_neighbor_ridge,pancreas,0,2,41,2.2613345612337756,19.602310507718396,659dce4f66bf4ee0228513d024a4e287e9f1aa3957152332b1483ab0af67cb42
leucine,direct_neighbor_ridge,soft_tissue,0,2,18,5.117206804265792,18.131674216254172,659dce4f66bf4ee0228513d024a4e287e9f1aa3957152332b1483ab0af67cb42
leucine,direct_neighbor_ridge,stomach,0,2,37,6.035106218653665,20.083674442210143,659dce4f66bf4ee0228513d024a4e287e9f1aa3957152332b1483ab0af67cb42
leucine,direct_neighbor_ridge,breast,0,3,49,2.8945628052277343,44.84284250171215,9492e163b6ef19b0563b1ce8302b8e8794e2e4c9c8031c62ff9774a3f63f6f58
leucine,direct_neighbor_ridge,central_nervous_system,0,3,49,1.7314985382995935,43.047138008427865,9492e163b6ef19b0563b1ce8302b8e8794e2e4c9c8031c62ff9774a3f63f6f58
leucine,direct_neighbor_ridge,endometrium,0,3,28,3.276674439583788,18.75194388875466,9492e163b6ef19b0563b1ce8302b8e8794e2e4c9c8031c62ff9774a3f63f6f58
leucine,direct_neighbor_ridge,kidney,0,3,23,1.1498340016246351,15.151066059682847,9492e163b6ef19b0563b1ce8302b8e8794e2e4c9c8031c62ff9774a3f63f6f58
leucine,direct_neighbor_ridge,liver,0,3,25,2.0114904386989636,29.858555420207885,9492e163b6ef19b0563b1ce8302b8e8794e2e4c9c8031c62ff9774a3f63f6f58
leucine,direct_neighbor_ridge,lung,0,4,176,25.261391122109057,187.4992838324203,cf9883e99ee1b956d01c2cb42a4d284b982ce23065d3616a5e1cced359e41fb5
leucine,direct_neighbor_ridge,bone,1,0,19,1.477894089359798,17.578364470120324,32d2e2f547f707a9f12d899e65a934275c9f49020e10d214973126d05910ec9c
leucine,direct_neighbor_ridge,ovary,1,0,45,4.408051771228098,27.149005504977413,32d2e2f547f707a9f12d899e65a934275c9f49020e10d214973126d05910ec9c
leucine,direct_neighbor_ridge,skin,1,0,52,2.2233362074991647,32.65061924820619,32d2e2f547f707a9f12d899e65a934275c9f49020e10d214973126d05910ec9c
leucine,direct_neighbor_ridge,upper_aerodigestive_tract,1,0,30,0.8977095032898181,30.995662947802412,32d2e2f547f707a9f12d899e65a934275c9f49020e10d214973126d05910ec9c
leucine,direct_neighbor_ridge,urinary_tract,1,0,25,7.468884037849175,25.04567379564736,32d2e2f547f707a9f12d899e65a934275c9f49020e10d214973126d05910ec9c
leucine,direct_neighbor_ridge,lung,1,1,176,25.261391122109057,187.4992838324203,cf9883e99ee1b956d01c2cb42a4d284b982ce23065d3616a5e1cced359e41fb5
leucine,direct_neighbor_ridge,autonomic_ganglia,1,2,16,1.9994709751805515,22.197007521902396,db1ab3680dcfc2deb10e2511ec28b70b27966d5a436d724be48267bcbf200acf
leucine,direct_neighbor_ridge,haematopoietic_and_lymphoid_tissue,1,2,163,19.382867687251252,483.4982277700393,db1ab3680dcfc2deb10e2511ec28b70b27966d5a436d724be48267bcbf200acf
leucine,direct_neighbor_ridge,large_intestine,1,3,55,12.537756072402802,49.41060207023639,659dce4f66bf4ee0228513d024a4e287e9f1aa3957152332b1483ab0af67cb42
leucine,direct_neighbor_ridge,oesophagus,1,3,25,8.647362477262783,7.77647978097205,659dce4f66bf4ee0228513d024a4e287e9f1aa3957152332b1483ab0af67cb42
leucine,direct_neighbor_ridge,pancreas,1,3,41,2.2613345612337756,19.602310507718396,659dce4f66bf4ee0228513d024a4e287e9f1aa3957152332b1483ab0af67cb42
leucine,direct_neighbor_ridge,soft_tissue,1,3,18,5.117206804265792,18.131674216254172,659dce4f66bf4ee0228513d024a4e287e9f1aa3957152332b1483ab0af67cb42
leucine,direct_neighbor_ridge,stomach,1,3,37,6.035106218653665,20.083674442210143,659dce4f66bf4ee0228513d024a4e287e9f1aa3957152332b1483ab0af67cb42
leucine,direct_neighbor_ridge,breast,1,4,49,2.8945628052277343,44.84284250171215,9492e163b6ef19b0563b1ce8302b8e8794e2e4c9c8031c62ff9774a3f63f6f58
leucine,direct_neighbor_ridge,central_nervous_system,1,4,49,1.7314985382995935,43.047138008427865,9492e163b6ef19b0563b1ce8302b8e8794e2e4c9c8031c62ff9774a3f63f6f58
leucine,direct_neighbor_ridge,endometrium,1,4,28,3.276674439583788,18.75194388875466,9492e163b6ef19b0563b1ce8302b8e8794e2e4c9c8031c62ff9774a3f63f6f58
leucine,direct_neighbor_ridge,kidney,1,4,23,1.1498340016246351,15.151066059682847,9492e163b6ef19b0563b1ce8302b8e8794e2e4c9c8031c62ff9774a3f63f6f58
leucine,direct_neighbor_ridge,liver,1,4,25,2.0114904386989636,29.858555420207885,9492e163b6ef19b0563b1ce8302b8e8794e2e4c9c8031c62ff9774a3f63f6f58
lysine,direct_neighbor_ridge,autonomic_ganglia,0,0,16,13.232741130677528,15.940848678728294,db1ab3680dcfc2deb10e2511ec28b70b27966d5a436d724be48267bcbf200acf
lysine,direct_neighbor_ridge,haematopoietic_and_lymphoid_tissue,0,0,163,212.8265432143412,530.705065238699,db1ab3680dcfc2deb10e2511ec28b70b27966d5a436d724be48267bcbf200acf
lysine,direct_neighbor_ridge,bone,0,1,19,10.634564863244606,22.560972878549354,32d2e2f547f707a9f12d899e65a934275c9f49020e10d214973126d05910ec9c
lysine,direct_neighbor_ridge,ovary,0,1,45,24.5584874157336,36.49540102345699,32d2e2f547f707a9f12d899e65a934275c9f49020e10d214973126d05910ec9c
lysine,direct_neighbor_ridge,skin,0,1,52,33.74132531997724,49.953352794647785,32d2e2f547f707a9f12d899e65a934275c9f49020e10d214973126d05910ec9c
lysine,direct_neighbor_ridge,upper_aerodigestive_tract,0,1,30,24.834576010433267,35.79928940801969,32d2e2f547f707a9f12d899e65a934275c9f49020e10d214973126d05910ec9c
lysine,direct_neighbor_ridge,urinary_tract,0,1,25,14.81983117168722,23.29180798230164,32d2e2f547f707a9f12d899e65a934275c9f49020e10d214973126d05910ec9c
lysine,direct_neighbor_ridge,large_intestine,0,2,55,37.60448182887987,55.1944754097135,659dce4f66bf4ee0228513d024a4e287e9f1aa3957152332b1483ab0af67cb42
lysine,direct_neighbor_ridge,oesophagus,0,2,25,11.029198552120922,9.474557672996117,659dce4f66bf4ee0228513d024a4e287e9f1aa3957152332b1483ab0af67cb42
lysine,direct_neighbor_ridge,pancreas,0,2,41,19.552656375776756,16.677010399278778,659dce4f66bf4ee0228513d024a4e287e9f1aa3957152332b1483ab0af67cb42
lysine,direct_neighbor_ridge,soft_tissue,0,2,18,8.13883472547008,9.477446160363295,659dce4f66bf4ee0228513d024a4e287e9f1aa3957152332b1483ab0af67cb42
lysine,direct_neighbor_ridge,stomach,0,2,37,18.19314102254536,26.715145832865183,659dce4f66bf4ee0228513d024a4e287e9f1aa3957152332b1483ab0af67cb42
lysine,direct_neighbor_ridge,breast,0,3,49,25.974444163378806,37.533509148430795,9492e163b6ef19b0563b1ce8302b8e8794e2e4c9c8031c62ff9774a3f63f6f58
lysine,direct_neighbor_ridge,central_nervous_system,0,3,49,28.091478468851115,46.24099357828537,9492e163b6ef19b0563b1ce8302b8e8794e2e4c9c8031c62ff9774a3f63f6f58
lysine,direct_neighbor_ridge,endometrium,0,3,28,10.625002406216604,20.144758650031616,9492e163b6ef19b0563b1ce8302b8e8794e2e4c9c8031c62ff9774a3f63f6f58
lysine,direct_neighbor_ridge,kidney,0,3,23,9.130462405466504,21.05406925831663,9492e163b6ef19b0563b1ce8302b8e8794e2e4c9c8031c62ff9774a3f63f6f58
lysine,direct_neighbor_ridge,liver,0,3,25,22.022705693579717,20.762570854158188,9492e163b6ef19b0563b1ce8302b8e8794e2e4c9c8031c62ff9774a3f63f6f58
lysine,direct_neighbor_ridge,lung,0,4,176,109.99165836066965,145.2484867965145,cf9883e99ee1b956d01c2cb42a4d284b982ce23065d3616a5e1cced359e41fb5
lysine,direct_neighbor_ridge,bone,1,0,19,10.634564863244606,22.560972878549354,32d2e2f547f707a9f12d899e65a934275c9f49020e10d214973126d05910ec9c
lysine,direct_neighbor_ridge,ovary,1,0,45,24.5584874157336,36.49540102345699,32d2e2f547f707a9f12d899e65a934275c9f49020e10d214973126d05910ec9c
lysine,direct_neighbor_ridge,skin,1,0,52,33.74132531997724,49.953352794647785,32d2e2f547f707a9f12d899e65a934275c9f49020e10d214973126d05910ec9c
lysine,direct_neighbor_ridge,upper_aerodigestive_tract,1,0,30,24.834576010433267,35.79928940801969,32d2e2f547f707a9f12d899e65a934275c9f49020e10d214973126d05910ec9c
lysine,direct_neighbor_ridge,urinary_tract,1,0,25,14.81983117168722,23.29180798230164,32d2e2f547f707a9f12d899e65a934275c9f49020e10d214973126d05910ec9c
lysine,direct_neighbor_ridge,lung,1,1,176,109.99165836066965,145.2484867965145,cf9883e99ee1b956d01c2cb42a4d284b982ce23065d3616a5e1cced359e41fb5
lysine,direct_neighbor_ridge,autonomic_ganglia,1,2,16,13.21188240297068,15.940848678728294,db1ab3680dcfc2deb10e2511ec28b70b27966d5a436d724be48267bcbf200acf
lysine,direct_neighbor_ridge,haematopoietic_and_lymphoid_tissue,1,2,163,214.11006815205315,530.705065238699,db1ab3680dcfc2deb10e2511ec28b70b27966d5a436d724be48267bcbf200acf
lysine,direct_neighbor_ridge,large_intestine,1,3,55,37.60448182887987,55.1944754097135,659dce4f66bf4ee0228513d024a4e287e9f1aa3957152332b1483ab0af67cb42
lysine,direct_neighbor_ridge,oesophagus,1,3,25,11.029198552120922,9.474557672996117,659dce4f66bf4ee0228513d024a4e287e9f1aa3957152332b1483ab0af67cb42
lysine,direct_neighbor_ridge,pancreas,1,3,41,19.552656375776756,16.677010399278778,659dce4f66bf4ee0228513d024a4e287e9f1aa3957152332b1483ab0af67cb42
lysine,direct_neighbor_ridge,soft_tissue,1,3,18,8.13883472547008,9.477446160363295,659dce4f66bf4ee0228513d024a4e287e9f1aa3957152332b1483ab0af67cb42
lysine,direct_neighbor_ridge,stomach,1,3,37,18.19314102254536,26.715145832865183,659dce4f66bf4ee0228513d024a4e287e9f1aa3957152332b1483ab0af67cb42
lysine,direct_neighbor_ridge,breast,1,4,49,25.974444163378806,37.533509148430795,9492e163b6ef19b0563b1ce8302b8e8794e2e4c9c8031c62ff9774a3f63f6f58
lysine,direct_neighbor_ridge,central_nervous_system,1,4,49,28.091478468851115,46.24099357828537,9492e163b6ef19b0563b1ce8302b8e8794e2e4c9c8031c62ff9774a3f63f6f58
lysine,direct_neighbor_ridge,endometrium,1,4,28,10.625002406216604,20.144758650031616,9492e163b6ef19b0563b1ce8302b8e8794e2e4c9c8031c62ff9774a3f63f6f58
lysine,direct_neighbor_ridge,kidney,1,4,23,9.130462405466504,21.05406925831663,9492e163b6ef19b0563b1ce8302b8e8794e2e4c9c8031c62ff9774a3f63f6f58
lysine,direct_neighbor_ridge,liver,1,4,25,22.022705693579717,20.762570854158188,9492e163b6ef19b0563b1ce8302b8e8794e2e4c9c8031c62ff9774a3f63f6f58
malate,direct_neighbor_ridge,autonomic_ganglia,0,0,16,8.938021225089186,9.92060632129008,db1ab3680dcfc2deb10e2511ec28b70b27966d5a436d724be48267bcbf200acf
malate,direct_neighbor_ridge,haematopoietic_and_lymphoid_tissue,0,0,163,367.1001789597365,370.69924333134657,db1ab3680dcfc2deb10e2511ec28b70b27966d5a436d724be48267bcbf200acf
malate,direct_neighbor_ridge,bone,0,1,19,12.444342281753682,17.6456999427776,32d2e2f547f707a9f12d899e65a934275c9f49020e10d214973126d05910ec9c
malate,direct_neighbor_ridge,ovary,0,1,45,21.14289826426811,25.162215853368437,32d2e2f547f707a9f12d899e65a934275c9f49020e10d214973126d05910ec9c
malate,direct_neighbor_ridge,skin,0,1,52,17.105470252132534,23.51005087715004,32d2e2f547f707a9f12d899e65a934275c9f49020e10d214973126d05910ec9c
malate,direct_neighbor_ridge,upper_aerodigestive_tract,0,1,30,16.106536107349235,16.048501588303832,32d2e2f547f707a9f12d899e65a934275c9f49020e10d214973126d05910ec9c
malate,direct_neighbor_ridge,urinary_tract,0,1,25,12.835213283739947,16.180043416089575,32d2e2f547f707a9f12d899e65a934275c9f49020e10d214973126d05910ec9c
malate,direct_neighbor_ridge,large_intestine,0,2,55,29.058831704844394,41.40263020984443,659dce4f66bf4ee0228513d024a4e287e9f1aa3957152332b1483ab0af67cb42
malate,direct_neighbor_ridge,oesophagus,0,2,25,25.118470260062953,26.181586546874616,659dce4f66bf4ee0228513d024a4e287e9f1aa3957152332b1483ab0af67cb42
malate,direct_neighbor_ridge,pancreas,0,2,41,33.94981152243621,30.932323747430814,659dce4f66bf4ee0228513d024a4e287e9f1aa3957152332b1483ab0af67cb42
malate,direct_neighbor_ridge,soft_tissue,0,2,18,13.889097055430522,13.32752579038067,659dce4f66bf4ee0228513d024a4e287e9f1aa3957152332b1483ab0af67cb42
malate,direct_neighbor_ridge,stomach,0,2,37,18.818853434293363,26.761597283131284,659dce4f66bf4ee0228513d024a4e287e9f1aa3957152332b1483ab0af67cb42
malate,direct_neighbor_ridge,breast,0,3,49,37.9126604054008,55.876923265003704,9492e163b6ef19b0563b1ce8302b8e8794e2e4c9c8031c62ff9774a3f63f6f58
malate,direct_neighbor_ridge,central_nervous_system,0,3,49,56.17752650198519,75.75371685796141,9492e163b6ef19b0563b1ce8302b8e8794e2e4c9c8031c62ff9774a3f63f6f58
malate,direct_neighbor_ridge,endometrium,0,3,28,10.97289163044214,13.847446234122343,9492e163b6ef19b0563b1ce8302b8e8794e2e4c9c8031c62ff9774a3f63f6f58
malate,direct_neighbor_ridge,kidney,0,3,23,8.092809151501251,10.915540126197461,9492e163b6ef19b0563b1ce8302b8e8794e2e4c9c8031c62ff9774a3f63f6f58
malate,direct_neighbor_ridge,liver,0,3,25,22.371886102741325,35.370199106065506,9492e163b6ef19b0563b1ce8302b8e8794e2e4c9c8031c62ff9774a3f63f6f58
malate,direct_neighbor_ridge,lung,0,4,176,94.57904142621956,122.45356127275697,cf9883e99ee1b956d01c2cb42a4d284b982ce23065d3616a5e1cced359e41fb5
malate,direct_neighbor_ridge,bone,1,0,19,12.444342281753682,17.6456999427776,32d2e2f547f707a9f12d899e65a934275c9f49020e10d214973126d05910ec9c
malate,direct_neighbor_ridge,ovary,1,0,45,21.14289826426811,25.162215853368437,32d2e2f547f707a9f12d899e65a934275c9f49020e10d214973126d05910ec9c
malate,direct_neighbor_ridge,skin,1,0,52,17.105470252132534,23.51005087715004,32d2e2f547f707a9f12d899e65a934275c9f49020e10d214973126d05910ec9c
malate,direct_neighbor_ridge,upper_aerodigestive_tract,1,0,30,16.106536107349235,16.048501588303832,32d2e2f547f707a9f12d899e65a934275c9f49020e10d214973126d05910ec9c
malate,direct_neighbor_ridge,urinary_tract,1,0,25,12.835213283739947,16.180043416089575,32d2e2f547f707a9f12d899e65a934275c9f49020e10d214973126d05910ec9c
malate,direct_neighbor_ridge,lung,1,1,176,94.57904142621956,122.45356127275697,cf9883e99ee1b956d01c2cb42a4d284b982ce23065d3616a5e1cced359e41fb5
malate,direct_neighbor_ridge,autonomic_ganglia,1,2,16,8.938021225089186,9.92060632129008,db1ab3680dcfc2deb10e2511ec28b70b27966d5a436d724be48267bcbf200acf
malate,direct_neighbor_ridge,haematopoietic_and_lymphoid_tissue,1,2,163,367.1001789597365,370.69924333134657,db1ab3680dcfc2deb10e2511ec28b70b27966d5a436d724be48267bcbf200acf
malate,direct_neighbor_ridge,large_intestine,1,3,55,29.058831704844394,41.40263020984443,659dce4f66bf4ee0228513d024a4e287e9f1aa3957152332b1483ab0af67cb42
malate,direct_neighbor_ridge,oesophagus,1,3,25,25.118470260062953,26.181586546874616,659dce4f66bf4ee0228513d024a4e287e9f1aa3957152332b1483ab0af67cb42
malate,direct_neighbor_ridge,pancreas,1,3,41,33.94981152243621,30.932323747430814,659dce4f66bf4ee0228513d024a4e287e9f1aa3957152332b1483ab0af67cb42
malate,direct_neighbor_ridge,soft_tissue,1,3,18,13.889097055430522,13.32752579038067,659dce4f66bf4ee0228513d024a4e287e9f1aa3957152332b1483ab0af67cb42
malate,direct_neighbor_ridge,stomach,1,3,37,18.818853434293363,26.761597283131284,659dce4f66bf4ee0228513d024a4e287e9f1aa3957152332b1483ab0af67cb42
malate,direct_neighbor_ridge,breast,1,4,49,37.9126604054008,55.876923265003704,9492e163b6ef19b0563b1ce8302b8e8794e2e4c9c8031c62ff9774a3f63f6f58
malate,direct_neighbor_ridge,central_nervous_system,1,4,49,56.17752650198519,75.75371685796141,9492e163b6ef19b0563b1ce8302b8e8794e2e4c9c8031c62ff9774a3f63f6f58
malate,direct_neighbor_ridge,endometrium,1,4,28,10.97289163044214,13.847446234122343,9492e163b6ef19b0563b1ce8302b8e8794e2e4c9c8031c62ff9774a3f63f6f58
malate,direct_neighbor_ridge,kidney,1,4,23,8.092809151501251,10.915540126197461,9492e163b6ef19b0563b1ce8302b8e8794e2e4c9c8031c62ff9774a3f63f6f58
malate,direct_neighbor_ridge,liver,1,4,25,22.371886102741325,35.370199106065506,9492e163b6ef19b0563b1ce8302b8e8794e2e4c9c8031c62ff9774a3f63f6f58
methionine,direct_neighbor_ridge,autonomic_ganglia,0,0,16,11.670286983290078,14.456899458433872,db1ab3680dcfc2deb10e2511ec28b70b27966d5a436d724be48267bcbf200acf
methionine,direct_neighbor_ridge,haematopoietic_and_lymphoid_tissue,0,0,163,228.26174463264113,425.34168221894396,db1ab3680dcfc2deb10e2511ec28b70b27966d5a436d724be48267bcbf200acf
methionine,direct_neighbor_ridge,bone,0,1,19,12.362685216525174,14.5413672209433,32d2e2f547f707a9f12d899e65a934275c9f49020e10d214973126d05910ec9c
methionine,direct_neighbor_ridge,ovary,0,1,45,25.908100252221022,30.151370632853272,32d2e2f547f707a9f12d899e65a934275c9f49020e10d214973126d05910ec9c
methionine,direct_neighbor_ridge,skin,0,1,52,26.303130445073965,26.046631272991974,32d2e2f547f707a9f12d899e65a934275c9f49020e10d214973126d05910ec9c
methionine,direct_neighbor_ridge,upper_aerodigestive_tract,0,1,30,22.98367630526191,29.65178117388702,32d2e2f547f707a9f12d899e65a934275c9f49020e10d214973126d05910ec9c
methionine,direct_neighbor_ridge,urinary_tract,0,1,25,21.504296829569086,26.998991322130344,32d2e2f547f707a9f12d899e65a934275c9f49020e10d214973126d05910ec9c
methionine,direct_neighbor_ridge,large_intestine,0,2,55,52.131633948020806,80.3518481252007,659dce4f66bf4ee0228513d024a4e287e9f1aa3957152332b1483ab0af67cb42
methionine,direct_neighbor_ridge,oesophagus,0,2,25,17.871286647238897,17.497880848926307,659dce4f66bf4ee0228513d024a4e287e9f1aa3957152332b1483ab0af67cb42
methionine,direct_neighbor_ridge,pancreas,0,2,41,10.550613481119246,15.88155733920214,659dce4f66bf4ee0228513d024a4e287e9f1aa3957152332b1483ab0af67cb42
methionine,direct_neighbor_ridge,soft_tissue,0,2,18,6.738497704800177,8.504219388831045,659dce4f66bf4ee0228513d024a4e287e9f1aa3957152332b1483ab0af67cb42
methionine,direct_neighbor_ridge,stomach,0,2,37,25.59164517767523,23.893958245300627,659dce4f66bf4ee0228513d024a4e287e9f1aa3957152332b1483ab0af67cb42
methionine,direct_neighbor_ridge,breast,0,3,49,26.49445419219046,41.17723601408385,9492e163b6ef19b0563b1ce8302b8e8794e2e4c9c8031c62ff9774a3f63f6f58
methionine,direct_neighbor_ridge,central_nervous_system,0,3,49,33.47396386583264,40.66338817595697,9492e163b6ef19b0563b1ce8302b8e8794e2e4c9c8031c62ff9774a3f63f6f58
methionine,direct_neighbor_ridge,endometrium,0,3,28,15.487504700632208,17.490995847471304,9492e163b6ef19b0563b1ce8302b8e8794e2e4c9c8031c62ff9774a3f63f6f58
methionine,direct_neighbor_ridge,kidney,0,3,23,9.584684362457605,12.435770098545367,9492e163b6ef19b0563b1ce8302b8e8794e2e4c9c8031c62ff9774a3f63f6f58
methionine,direct_neighbor_ridge,liver,0,3,25,20.325329364863393,28.164634550097908,9492e163b6ef19b0563b1ce8302b8e8794e2e4c9c8031c62ff9774a3f63f6f58
methionine,direct_neighbor_ridge,lung,0,4,176,154.17795110572462,206.3038714858282,cf9883e99ee1b956d01c2cb42a4d284b982ce23065d3616a5e1cced359e41fb5
methionine,direct_neighbor_ridge,bone,1,0,19,12.362685216525174,14.5413672209433,32d2e2f547f707a9f12d899e65a934275c9f49020e10d214973126d05910ec9c
methionine,direct_neighbor_ridge,ovary,1,0,45,25.908100252221022,30.151370632853272,32d2e2f547f707a9f12d899e65a934275c9f49020e10d214973126d05910ec9c
methionine,direct_neighbor_ridge,skin,1,0,52,26.303130445073965,26.046631272991974,32d2e2f547f707a9f12d899e65a934275c9f49020e10d214973126d05910ec9c
methionine,direct_neighbor_ridge,upper_aerodigestive_tract,1,0,30,22.98367630526191,29.65178117388702,32d2e2f547f707a9f12d899e65a934275c9f49020e10d214973126d05910ec9c
methionine,direct_neighbor_ridge,urinary_tract,1,0,25,21.504296829569086,26.998991322130344,32d2e2f547f707a9f12d899e65a934275c9f49020e10d214973126d05910ec9c
methionine,direct_neighbor_ridge,lung,1,1,176,154.17795110572462,206.3038714858282,cf9883e99ee1b956d01c2cb42a4d284b982ce23065d3616a5e1cced359e41fb5
methionine,direct_neighbor_ridge,autonomic_ganglia,1,2,16,11.670286983290078,14.456899458433872,db1ab3680dcfc2deb10e2511ec28b70b27966d5a436d724be48267bcbf200acf
methionine,direct_neighbor_ridge,haematopoietic_and_lymphoid_tissue,1,2,163,228.26174463264113,425.34168221894396,db1ab3680dcfc2deb10e2511ec28b70b27966d5a436d724be48267bcbf200acf
methionine,direct_neighbor_ridge,large_intestine,1,3,55,52.131633948020806,80.3518481252007,659dce4f66bf4ee0228513d024a4e287e9f1aa3957152332b1483ab0af67cb42
methionine,direct_neighbor_ridge,oesophagus,1,3,25,17.871286647238897,17.497880848926307,659dce4f66bf4ee0228513d024a4e287e9f1aa3957152332b1483ab0af67cb42
methionine,direct_neighbor_ridge,pancreas,1,3,41,10.550613481119246,15.88155733920214,659dce4f66bf4ee0228513d024a4e287e9f1aa3957152332b1483ab0af67cb42
methionine,direct_neighbor_ridge,soft_tissue,1,3,18,6.738497704800177,8.504219388831045,659dce4f66bf4ee0228513d024a4e287e9f1aa3957152332b1483ab0af67cb42
methionine,direct_neighbor_ridge,stomach,1,3,37,25.59164517767523,23.893958245300627,659dce4f66bf4ee0228513d024a4e287e9f1aa3957152332b1483ab0af67cb42
methionine,direct_neighbor_ridge,breast,1,4,49,26.56453619508491,41.17723601408385,9492e163b6ef19b0563b1ce8302b8e8794e2e4c9c8031c62ff9774a3f63f6f58
methionine,direct_neighbor_ridge,central_nervous_system,1,4,49,33.38116681768437,40.66338817595697,9492e163b6ef19b0563b1ce8302b8e8794e2e4c9c8031c62ff9774a3f63f6f58
methionine,direct_neighbor_ridge,endometrium,1,4,28,15.447319982807008,17.490995847471304,9492e163b6ef19b0563b1ce8302b8e8794e2e4c9c8031c62ff9774a3f63f6f58
methionine,direct_neighbor_ridge,kidney,1,4,23,9.594949881763883,12.435770098545367,9492e163b6ef19b0563b1ce8302b8e8794e2e4c9c8031c62ff9774a3f63f6f58
methionine,direct_neighbor_ridge,liver,1,4,25,20.34019550640878,28.164634550097908,9492e163b6ef19b0563b1ce8302b8e8794e2e4c9c8031c62ff9774a3f63f6f58
ornithine,direct_neighbor_ridge,autonomic_ganglia,0,0,16,16.66694700576036,12.101165995763445,db1ab3680dcfc2deb10e2511ec28b70b27966d5a436d724be48267bcbf200acf
ornithine,direct_neighbor_ridge,haematopoietic_and_lymphoid_tissue,0,0,163,163.29239616832632,216.39959568073897,db1ab3680dcfc2deb10e2511ec28b70b27966d5a436d724be48267bcbf200acf
ornithine,direct_neighbor_ridge,bone,0,1,19,9.56669725551936,11.891195180227985,32d2e2f547f707a9f12d899e65a934275c9f49020e10d214973126d05910ec9c
ornithine,direct_neighbor_ridge,ovary,0,1,45,24.2902797661272,33.07131566294692,32d2e2f547f707a9f12d899e65a934275c9f49020e10d214973126d05910ec9c
ornithine,direct_neighbor_ridge,skin,0,1,52,30.327113640701462,35.73028626661878,32d2e2f547f707a9f12d899e65a934275c9f49020e10d214973126d05910ec9c
ornithine,direct_neighbor_ridge,upper_aerodigestive_tract,0,1,30,22.14990401921094,18.154869274274205,32d2e2f547f707a9f12d899e65a934275c9f49020e10d214973126d05910ec9c
ornithine,direct_neighbor_ridge,urinary_tract,0,1,25,18.61875215295589,20.205098721370604,32d2e2f547f707a9f12d899e65a934275c9f49020e10d214973126d05910ec9c
ornithine,direct_neighbor_ridge,large_intestine,0,2,55,48.38087778636754,53.591588912692124,659dce4f66bf4ee0228513d024a4e287e9f1aa3957152332b1483ab0af67cb42
ornithine,direct_neighbor_ridge,oesophagus,0,2,25,14.175222339781975,16.08942780048647,659dce4f66bf4ee0228513d024a4e287e9f1aa3957152332b1483ab0af67cb42
ornithine,direct_neighbor_ridge,pancreas,0,2,41,41.5604509531727,57.22594714600923,659dce4f66bf4ee0228513d024a4e287e9f1aa3957152332b1483ab0af67cb42
ornithine,direct_neighbor_ridge,soft_tissue,0,2,18,17.693130771548685,24.67995973235314,659dce4f66bf4ee0228513d024a4e287e9f1aa3957152332b1483ab0af67cb42
ornithine,direct_neighbor_ridge,stomach,0,2,37,33.121358178593496,40.729388189614454,659dce4f66bf4ee0228513d024a4e287e9f1aa3957152332b1483ab0af67cb42
ornithine,direct_neighbor_ridge,breast,0,3,49,41.589465643594714,68.32638842670497,9492e163b6ef19b0563b1ce8302b8e8794e2e4c9c8031c62ff9774a3f63f6f58
ornithine,direct_neighbor_ridge,central_nervous_system,0,3,49,36.798425020474,37.56854982723059,9492e163b6ef19b0563b1ce8302b8e8794e2e4c9c8031c62ff9774a3f63f6f58
ornithine,direct_neighbor_ridge,endometrium,0,3,28,10.073307397583992,18.845296378180333,9492e163b6ef19b0563b1ce8302b8e8794e2e4c9c8031c62ff9774a3f63f6f58
ornithine,direct_neighbor_ridge,kidney,0,3,23,13.184663574264144,14.443637714137596,9492e163b6ef19b0563b1ce8302b8e8794e2e4c9c8031c62ff9774a3f63f6f58
ornithine,direct_neighbor_ridge,liver,0,3,25,23.4511119468418,24.70275226290169,9492e163b6ef19b0563b1ce8302b8e8794e2e4c9c8031c62ff9774a3f63f6f58
ornithine,direct_neighbor_ridge,lung,0,4,176,134.0159917239536,193.9862607274,cf9883e99ee1b956d01c2cb42a4d284b982ce23065d3616a5e1cced359e41fb5
ornithine,direct_neighbor_ridge,bone,1,0,19,9.56669725551936,11.891195180227985,32d2e2f547f707a9f12d899e65a934275c9f49020e10d214973126d05910ec9c
ornithine,direct_neighbor_ridge,ovary,1,0,45,24.2902797661272,33.07131566294692,32d2e2f547f707a9f12d899e65a934275c9f49020e10d214973126d05910ec9c
ornithine,direct_neighbor_ridge,skin,1,0,52,30.327113640701462,35.73028626661878,32d2e2f547f707a9f12d899e65a934275c9f49020e10d214973126d05910ec9c
ornithine,direct_neighbor_ridge,upper_aerodigestive_tract,1,0,30,22.14990401921094,18.154869274274205,32d2e2f547f707a9f12d899e65a934275c9f49020e10d214973126d05910ec9c
ornithine,direct_neighbor_ridge,urinary_tract,1,0,25,18.61875215295589,20.205098721370604,32d2e2f547f707a9f12d899e65a934275c9f49020e10d214973126d05910ec9c
ornithine,direct_neighbor_ridge,lung,1,1,176,134.0159917239536,193.9862607274,cf9883e99ee1b956d01c2cb42a4d284b982ce23065d3616a5e1cced359e41fb5
ornithine,direct_neighbor_ridge,autonomic_ganglia,1,2,16,16.882383467767955,12.101165995763445,db1ab3680dcfc2deb10e2511ec28b70b27966d5a436d724be48267bcbf200acf
ornithine,direct_neighbor_ridge,haematopoietic_and_lymphoid_tissue,1,2,163,165.04230065304398,216.39959568073897,db1ab3680dcfc2deb10e2511ec28b70b27966d5a436d724be48267bcbf200acf
ornithine,direct_neighbor_ridge,large_intestine,1,3,55,46.70756330353667,53.591588912692124,659dce4f66bf4ee0228513d024a4e287e9f1aa3957152332b1483ab0af67cb42
ornithine,direct_neighbor_ridge,oesophagus,1,3,25,13.726382060978588,16.08942780048647,659dce4f66bf4ee0228513d024a4e287e9f1aa3957152332b1483ab0af67cb42
ornithine,direct_neighbor_ridge,pancreas,1,3,41,43.013249080301726,57.22594714600923,659dce4f66bf4ee0228513d024a4e287e9f1aa3957152332b1483ab0af67cb42
ornithine,direct_neighbor_ridge,soft_tissue,1,3,18,17.928458813778384,24.67995973235314,659dce4f66bf4ee0228513d024a4e287e9f1aa3957152332b1483ab0af67cb42
ornithine,direct_neighbor_ridge,stomach,1,3,37,32.93140987247387,40.729388189614454,659dce4f66bf4ee0228513d024a4e287e9f1aa3957152332b1483ab0af67cb42
ornithine,direct_neighbor_ridge,breast,1,4,49,41.589465643594714,68.32638842670497,9492e163b6ef19b0563b1ce8302b8e8794e2e4c9c8031c62ff9774a3f63f6f58
ornithine,direct_neighbor_ridge,central_nervous_system,1,4,49,36.798425020474,37.56854982723059,9492e163b6ef19b0563b1ce8302b8e8794e2e4c9c8031c62ff9774a3f63f6f58
ornithine,direct_neighbor_ridge,endometrium,1,4,28,10.073307397583992,18.845296378180333,9492e163b6ef19b0563b1ce8302b8e8794e2e4c9c8031c62ff9774a3f63f6f58
ornithine,direct_neighbor_ridge,kidney,1,4,23,13.184663574264144,14.443637714137596,9492e163b6ef19b0563b1ce8302b8e8794e2e4c9c8031c62ff9774a3f63f6f58
ornithine,direct_neighbor_ridge,liver,1,4,25,23.4511119468418,24.70275226290169,9492e163b6ef19b0563b1ce8302b8e8794e2e4c9c8031c62ff9774a3f63f6f58
oxalate,direct_neighbor_ridge,autonomic_ganglia,0,0,16,32.048754724269344,32.56685794157381,db1ab3680dcfc2deb10e2511ec28b70b27966d5a436d724be48267bcbf200acf
oxalate,direct_neighbor_ridge,haematopoietic_and_lymphoid_tissue,0,0,163,622.0576324868123,699.0905046093674,db1ab3680dcfc2deb10e2511ec28b70b27966d5a436d724be48267bcbf200acf
oxalate,direct_neighbor_ridge,bone,0,1,19,11.099983855047054,12.117990824252857,32d2e2f547f707a9f12d899e65a934275c9f49020e10d214973126d05910ec9c
oxalate,direct_neighbor_ridge,ovary,0,1,45,21.71933853871092,26.294778368924902,32d2e2f547f707a9f12d899e65a934275c9f49020e10d214973126d05910ec9c
oxalate,direct_neighbor_ridge,skin,0,1,52,36.927549889776515,39.860986946074554,32d2e2f547f707a9f12d899e65a934275c9f49020e10d214973126d05910ec9c
oxalate,direct_neighbor_ridge,upper_aerodigestive_tract,0,1,30,15.537724724552472,17.8882259877464,32d2e2f547f707a9f12d899e65a934275c9f49020e10d214973126d05910ec9c
oxalate,direct_neighbor_ridge,urinary_tract,0,1,25,6.780943705249747,7.143318274390969,32d2e2f547f707a9f12d899e65a934275c9f49020e10d214973126d05910ec9c
oxalate,direct_neighbor_ridge,large_intestine,0,2,55,31.779936352807336,31.877811526498263,659dce4f66bf4ee0228513d024a4e287e9f1aa3957152332b1483ab0af67cb42
oxalate,direct_neighbor_ridge,oesophagus,0,2,25,18.11120932343262,19.476141571023227,659dce4f66bf4ee0228513d024a4e287e9f1aa3957152332b1483ab0af67cb42
oxalate,direct_neighbor_ridge,pancreas,0,2,41,31.237162303320506,33.51720391968158,659dce4f66bf4ee0228513d024a4e287e9f1aa3957152332b1483ab0af67cb42
oxalate,direct_neighbor_ridge,soft_tissue,0,2,18,6.769459842302108,8.25359683307446,659dce4f66bf4ee0228513d024a4e287e9f1aa3957152332b1483ab0af67cb42
oxalate,direct_neighbor_ridge,stomach,0,2,37,33.04880761367422,30.273288293341732,659dce4f66bf4ee0228513d024a4e287e9f1aa3957152332b1483ab0af67cb42
oxalate,direct_neighbor_ridge,breast,0,3,49,24.312005642485694,25.91835838917653,9492e163b6ef19b0563b1ce8302b8e8794e2e4c9c8031c62ff9774a3f63f6f58
oxalate,direct_neighbor_ridge,central_nervous_system,0,3,49,29.149087912535702,32.08349580119337,9492e163b6ef19b0563b1ce8302b8e8794e2e4c9c8031c62ff9774a3f63f6f58
oxalate,direct_neighbor_ridge,endometrium,0,3,28,13.997868675663607,15.758124906939857,9492e163b6ef19b0563b1ce8302b8e8794e2e4c9c8031c62ff9774a3f63f6f58
oxalate,direct_neighbor_ridge,kidney,0,3,23,5.875342697778672,6.598095605085013,9492e163b6ef19b0563b1ce8302b8e8794e2e4c9c8031c62ff9774a3f63f6f58
oxalate,direct_neighbor_ridge,liver,0,3,25,15.551314590941319,17.08812083979891,9492e163b6ef19b0563b1ce8302b8e8794e2e4c9c8031c62ff9774a3f63f6f58
oxalate,direct_neighbor_ridge,lung,0,4,176,176.08471173400122,194.4675769908942,cf9883e99ee1b956d01c2cb42a4d284b982ce23065d3616a5e1cced359e41fb5
oxalate,direct_neighbor_ridge,bone,1,0,19,11.099983855047054,12.117990824252857,32d2e2f547f707a9f12d899e65a934275c9f49020e10d214973126d05910ec9c
oxalate,direct_neighbor_ridge,ovary,1,0,45,21.71933853871092,26.294778368924902,32d2e2f547f707a9f12d899e65a934275c9f49020e10d214973126d05910ec9c
oxalate,direct_neighbor_ridge,skin,1,0,52,36.927549889776515,39.860986946074554,32d2e2f547f707a9f12d899e65a934275c9f49020e10d214973126d05910ec9c
oxalate,direct_neighbor_ridge,upper_aerodigestive_tract,1,0,30,15.537724724552472,17.8882259877464,32d2e2f547f707a9f12d899e65a934275c9f49020e10d214973126d05910ec9c
oxalate,direct_neighbor_ridge,urinary_tract,1,0,25,6.780943705249747,7.143318274390969,32d2e2f547f707a9f12d899e65a934275c9f49020e10d214973126d05910ec9c
oxalate,direct_neighbor_ridge,lung,1,1,176,176.08471173400122,194.4675769908942,cf9883e99ee1b956d01c2cb42a4d284b982ce23065d3616a5e1cced359e41fb5
oxalate,direct_neighbor_ridge,autonomic_ganglia,1,2,16,32.048754724269344,32.56685794157381,db1ab3680dcfc2deb10e2511ec28b70b27966d5a436d724be48267bcbf200acf
oxalate,direct_neighbor_ridge,haematopoietic_and_lymphoid_tissue,1,2,163,622.0576324868123,699.0905046093674,db1ab3680dcfc2deb10e2511ec28b70b27966d5a436d724be48267bcbf200acf
oxalate,direct_neighbor_ridge,large_intestine,1,3,55,31.779936352807336,31.877811526498263,659dce4f66bf4ee0228513d024a4e287e9f1aa3957152332b1483ab0af67cb42
oxalate,direct_neighbor_ridge,oesophagus,1,3,25,18.11120932343262,19.476141571023227,659dce4f66bf4ee0228513d024a4e287e9f1aa3957152332b1483ab0af67cb42
oxalate,direct_neighbor_ridge,pancreas,1,3,41,31.237162303320506,33.51720391968158,659dce4f66bf4ee0228513d024a4e287e9f1aa3957152332b1483ab0af67cb42
oxalate,direct_neighbor_ridge,soft_tissue,1,3,18,6.769459842302108,8.25359683307446,659dce4f66bf4ee0228513d024a4e287e9f1aa3957152332b1483ab0af67cb42
oxalate,direct_neighbor_ridge,stomach,1,3,37,33.04880761367422,30.273288293341732,659dce4f66bf4ee0228513d024a4e287e9f1aa3957152332b1483ab0af67cb42
oxalate,direct_neighbor_ridge,breast,1,4,49,24.312005642485694,25.91835838917653,9492e163b6ef19b0563b1ce8302b8e8794e2e4c9c8031c62ff9774a3f63f6f58
oxalate,direct_neighbor_ridge,central_nervous_system,1,4,49,29.149087912535702,32.08349580119337,9492e163b6ef19b0563b1ce8302b8e8794e2e4c9c8031c62ff9774a3f63f6f58
oxalate,direct_neighbor_ridge,endometrium,1,4,28,13.997868675663607,15.758124906939857,9492e163b6ef19b0563b1ce8302b8e8794e2e4c9c8031c62ff9774a3f63f6f58
oxalate,direct_neighbor_ridge,kidney,1,4,23,5.875342697778672,6.598095605085013,9492e163b6ef19b0563b1ce8302b8e8794e2e4c9c8031c62ff9774a3f63f6f58
oxalate,direct_neighbor_ridge,liver,1,4,25,15.551314590941319,17.08812083979891,9492e163b6ef19b0563b1ce8302b8e8794e2e4c9c8031c62ff9774a3f63f6f58
phenylalanine,direct_neighbor_ridge,autonomic_ganglia,0,0,16,12.626787977658001,16.4419439025455,db1ab3680dcfc2deb10e2511ec28b70b27966d5a436d724be48267bcbf200acf
phenylalanine,direct_neighbor_ridge,haematopoietic_and_lymphoid_tissue,0,0,163,261.0193683295555,412.1982502190378,db1ab3680dcfc2deb10e2511ec28b70b27966d5a436d724be48267bcbf200acf
phenylalanine,direct_neighbor_ridge,bone,0,1,19,20.31292140036086,21.676745807928757,32d2e2f547f707a9f12d899e65a934275c9f49020e10d214973126d05910ec9c
phenylalanine,direct_neighbor_ridge,ovary,0,1,45,24.292253294285807,32.586056976385635,32d2e2f547f707a9f12d899e65a934275c9f49020e10d214973126d05910ec9c
phenylalanine,direct_neighbor_ridge,skin,0,1,52,34.39572550318952,46.160170187067145,32d2e2f547f707a9f12d899e65a934275c9f49020e10d214973126d05910ec9c
phenylalanine,direct_neighbor_ridge,upper_aerodigestive_tract,0,1,30,35.5634216840308,44.77084421405059,32d2e2f547f707a9f12d899e65a934275c9f49020e10d214973126d05910ec9c
phenylalanine,direct_neighbor_ridge,urinary_tract,0,1,25,25.049165012646437,33.548633975479774,32d2e2f547f707a9f12d899e65a934275c9f49020e10d214973126d05910ec9c
phenylalanine,direct_neighbor_ridge,large_intestine,0,2,55,48.757052756711445,61.14419776495575,659dce4f66bf4ee0228513d024a4e287e9f1aa3957152332b1483ab0af67cb42
phenylalanine,direct_neighbor_ridge,oesophagus,0,2,25,26.530448060986085,28.64542309082579,659dce4f66bf4ee0228513d024a4e287e9f1aa3957152332b1483ab0af67cb42
phenylalanine,direct_neighbor_ridge,pancreas,0,2,41,20.06946550595063,15.904514093305734,659dce4f66bf4ee0228513d024a4e287e9f1aa3957152332b1483ab0af67cb42
phenylalanine,direct_neighbor_ridge,soft_tissue,0,2,18,13.145451144344062,17.057506402218095,659dce4f66bf4ee0228513d024a4e287e9f1aa3957152332b1483ab0af67cb42
phenylalanine,direct_neighbor_ridge,stomach,0,2,37,26.236752686635633,22.038194873284663,659dce4f66bf4ee0228513d024a4e287e9f1aa3957152332b1483ab0af67cb42
phenylalanine,direct_neighbor_ridge,breast,0,3,49,26.01899869035035,39.6190628859427,9492e163b6ef19b0563b1ce8302b8e8794e2e4c9c8031c62ff9774a3f63f6f58
phenylalanine,direct_neighbor_ridge,central_nervous_system,0,3,49,67.778176098111,48.55450037163914,9492e163b6ef19b0563b1ce8302b8e8794e2e4c9c8031c62ff9774a3f63f6f58
phenylalanine,direct_neighbor_ridge,endometrium,0,3,28,18.02539965452649,22.045060186924765,9492e163b6ef19b0563b1ce8302b8e8794e2e4c9c8031c62ff9774a3f63f6f58
phenylalanine,direct_neighbor_ridge,kidney,0,3,23,11.9943056205146,16.90123173081742,9492e163b6ef19b0563b1ce8302b8e8794e2e4c9c8031c62ff9774a3f63f6f58
phenylalanine,direct_neighbor_ridge,liver,0,3,25,28.980001443515583,25.354277090412925,9492e163b6ef19b0563b1ce8302b8e8794e2e4c9c8031c62ff9774a3f63f6f58
phenylalanine,direct_neighbor_ridge,lung,0,4,176,129.40171486700547,150.76161413694672,cf9883e99ee1b956d01c2cb42a4d284b982ce23065d3616a5e1cced359e41fb5
phenylalanine,direct_neighbor_ridge,bone,1,0,19,20.31292140036086,21.676745807928757,32d2e2f547f707a9f12d899e65a934275c9f49020e10d214973126d05910ec9c
phenylalanine,direct_neighbor_ridge,ovary,1,0,45,24.292253294285807,32.586056976385635,32d2e2f547f707a9f12d899e65a934275c9f49020e10d214973126d05910ec9c
phenylalanine,direct_neighbor_ridge,skin,1,0,52,34.39572550318952,46.160170187067145,32d2e2f547f707a9f12d899e65a934275c9f49020e10d214973126d05910ec9c
phenylalanine,direct_neighbor_ridge,upper_aerodigestive_tract,1,0,30,35.5634216840308,44.77084421405059,32d2e2f547f707a9f12d899e65a934275c9f49020e10d214973126d05910ec9c
phenylalanine,direct_neighbor_ridge,urinary_tract,1,0,25,25.049165012646437,33.548633975479774,32d2e2f547f707a9f12d899e65a934275c9f49020e10d214973126d05910ec9c
phenylalanine,direct_neighbor_ridge,lung,1,1,176,129.13119434618164,150.76161413694672,cf9883e99ee1b956d01c2cb42a4d284b982ce23065d3616a5e1cced359e41fb5
phenylalanine,direct_neighbor_ridge,autonomic_ganglia,1,2,16,12.626787977658001,16.4419439025455,db1ab3680dcfc2deb10e2511ec28b70b27966d5a436d724be48267bcbf200acf
phenylalanine,direct_neighbor_ridge,haematopoietic_and_lymphoid_tissue,1,2,163,261.0193683295555,412.1982502190378,db1ab3680dcfc2deb10e2511ec28b70b27966d5a436d724be48267bcbf200acf
phenylalanine,direct_neighbor_ridge,large_intestine,1,3,55,48.757052756711445,61.14419776495575,659dce4f66bf4ee0228513d024a4e287e9f1aa3957152332b1483ab0af67cb42
phenylalanine,direct_neighbor_ridge,oesophagus,1,3,25,26.530448060986085,28.64542309082579,659dce4f66bf4ee0228513d024a4e287e9f1aa3957152332b1483ab0af67cb42
phenylalanine,direct_neighbor_ridge,pancreas,1,3,41,20.06946550595063,15.904514093305734,659dce4f66bf4ee0228513d024a4e287e9f1aa3957152332b1483ab0af67cb42
phenylalanine,direct_neighbor_ridge,soft_tissue,1,3,18,13.145451144344062,17.057506402218095,659dce4f66bf4ee0228513d024a4e287e9f1aa3957152332b1483ab0af67cb42
phenylalanine,direct_neighbor_ridge,stomach,1,3,37,26.236752686635633,22.038194873284663,659dce4f66bf4ee0228513d024a4e287e9f1aa3957152332b1483ab0af67cb42
phenylalanine,direct_neighbor_ridge,breast,1,4,49,26.01899869035035,39.6190628859427,9492e163b6ef19b0563b1ce8302b8e8794e2e4c9c8031c62ff9774a3f63f6f58
phenylalanine,direct_neighbor_ridge,central_nervous_system,1,4,49,67.778176098111,48.55450037163914,9492e163b6ef19b0563b1ce8302b8e8794e2e4c9c8031c62ff9774a3f63f6f58
phenylalanine,direct_neighbor_ridge,endometrium,1,4,28,18.02539965452649,22.045060186924765,9492e163b6ef19b0563b1ce8302b8e8794e2e4c9c8031c62ff9774a3f63f6f58
phenylalanine,direct_neighbor_ridge,kidney,1,4,23,11.9943056205146,16.90123173081742,9492e163b6ef19b0563b1ce8302b8e8794e2e4c9c8031c62ff9774a3f63f6f58
phenylalanine,direct_neighbor_ridge,liver,1,4,25,28.980001443515583,25.354277090412925,9492e163b6ef19b0563b1ce8302b8e8794e2e4c9c8031c62ff9774a3f63f6f58
proline,direct_neighbor_ridge,autonomic_ganglia,0,0,16,4.282658113052449,7.425671300102393,db1ab3680dcfc2deb10e2511ec28b70b27966d5a436d724be48267bcbf200acf
proline,direct_neighbor_ridge,haematopoietic_and_lymphoid_tissue,0,0,163,139.3593063149009,173.8993077836708,db1ab3680dcfc2deb10e2511ec28b70b27966d5a436d724be48267bcbf200acf
proline,direct_neighbor_ridge,bone,0,1,19,15.526464404713332,31.82134804256843,32d2e2f547f707a9f12d899e65a934275c9f49020e10d214973126d05910ec9c
proline,direct_neighbor_ridge,ovary,0,1,45,25.06749920811556,26.168595309285354,32d2e2f547f707a9f12d899e65a934275c9f49020e10d214973126d05910ec9c
proline,direct_neighbor_ridge,skin,0,1,52,29.499164356823616,38.63873514581818,32d2e2f547f707a9f12d899e65a934275c9f49020e10d214973126d05910ec9c
proline,direct_neighbor_ridge,upper_aerodigestive_tract,0,1,30,27.277165285140125,39.42406265501003,32d2e2f547f707a9f12d899e65a934275c9f49020e10d214973126d05910ec9c
proline,direct_neighbor_ridge,urinary_tract,0,1,25,25.933249704330255,42.92183473672115,32d2e2f547f707a9f12d899e65a934275c9f49020e10d214973126d05910ec9c
proline,direct_neighbor_ridge,large_intestine,0,2,55,41.856340125413695,50.542115535827946,659dce4f66bf4ee0228513d024a4e287e9f1aa3957152332b1483ab0af67cb42
proline,direct_neighbor_ridge,oesophagus,0,2,25,10.898284078390589,16.765268906942264,659dce4f66bf4ee0228513d024a4e287e9f1aa3957152332b1483ab0af67cb42
proline,direct_neighbor_ridge,pancreas,0,2,41,26.48850083961261,33.69248515103249,659dce4f66bf4ee0228513d024a4e287e9f1aa3957152332b1483ab0af67cb42
proline,direct_neighbor_ridge,soft_tissue,0,2,18,22.208715865050817,31.14311422066647,659dce4f66bf4ee0228513d024a4e287e9f1aa3957152332b1483ab0af67cb42
proline,direct_neighbor_ridge,stomach,0,2,37,15.787123113259838,23.35189025784756,659dce4f66bf4ee0228513d024a4e287e9f1aa3957152332b1483ab0af67cb42
proline,direct_neighbor_ridge,breast,0,3,49,41.655181126661056,65.18668673153131,9492e163b6ef19b0563b1ce8302b8e8794e2e4c9c8031c62ff9774a3f63f6f58
proline,direct_neighbor_ridge,central_nervous_system,0,3,49,30.65253135027638,45.40085383714989,9492e163b6ef19b0563b1ce8302b8e8794e2e4c9c8031c62ff9774a3f63f6f58
proline,direct_neighbor_ridge,endometrium,0,3,28,15.131459704650341,19.349892912493694,9492e163b6ef19b0563b1ce8302b8e8794e2e4c9c8031c62ff9774a3f63f6f58
proline,direct_neighbor_ridge,kidney,0,3,23,32.975683043832376,24.830275120686036,9492e163b6ef19b0563b1ce8302b8e8794e2e4c9c8031c62ff9774a3f63f6f58
proline,direct_neighbor_ridge,liver,0,3,25,47.74370014213697,72.2387837625973,9492e163b6ef19b0563b1ce8302b8e8794e2e4c9c8031c62ff9774a3f63f6f58
proline,direct_neighbor_ridge,lung,0,4,176,103.85618578332529,148.3660694649438,cf9883e99ee1b956d01c2cb42a4d284b982ce23065d3616a5e1cced359e41fb5
proline,direct_neighbor_ridge,bone,1,0,19,15.526464404713332,31.82134804256843,32d2e2f547f707a9f12d899e65a934275c9f49020e10d214973126d05910ec9c
proline,direct_neighbor_ridge,ovary,1,0,45,25.06749920811556,26.168595309285354,32d2e2f547f707a9f12d899e65a934275c9f49020e10d214973126d05910ec9c
proline,direct_neighbor_ridge,skin,1,0,52,29.499164356823616,38.63873514581818,32d2e2f547f707a9f12d899e65a934275c9f49020e10d214973126d05910ec9c
proline,direct_neighbor_ridge,upper_aerodigestive_tract,1,0,30,27.277165285140125,39.42406265501003,32d2e2f547f707a9f12d899e65a934275c9f49020e10d214973126d05910ec9c
proline,direct_neighbor_ridge,urinary_tract,1,0,25,25.933249704330255,42.92183473672115,32d2e2f547f707a9f12d899e65a934275c9f49020e10d214973126d05910ec9c
proline,direct_neighbor_ridge,lung,1,1,176,103.85618578332529,148.3660694649438,cf9883e99ee1b956d01c2cb42a4d284b982ce23065d3616a5e1cced359e41fb5
proline,direct_neighbor_ridge,autonomic_ganglia,1,2,16,4.282658113052449,7.425671300102393,db1ab3680dcfc2deb10e2511ec28b70b27966d5a436d724be48267bcbf200acf
proline,direct_neighbor_ridge,haematopoietic_and_lymphoid_tissue,1,2,163,139.3593063149009,173.8993077836708,db1ab3680dcfc2deb10e2511ec28b70b27966d5a436d724be48267bcbf200acf
proline,direct_neighbor_ridge,large_intestine,1,3,55,41.856340125413695,50.542115535827946,659dce4f66bf4ee0228513d024a4e287e9f1aa3957152332b1483ab0af67cb42
proline,direct_neighbor_ridge,oesophagus,1,3,25,10.898284078390589,16.765268906942264,659dce4f66bf4ee0228513d024a4e287e9f1aa3957152332b1483ab0af67cb42
proline,direct_neighbor_ridge,pancreas,1,3,41,26.48850083961261,33.69248515103249,659dce4f66bf4ee0228513d024a4e287e9f1aa3957152332b1483ab0af67cb42
proline,direct_neighbor_ridge,soft_tissue,1,3,18,22.208715865050817,31.14311422066647,659dce4f66bf4ee0228513d024a4e287e9f1aa3957152332b1483ab0af67cb42
proline,direct_neighbor_ridge,stomach,1,3,37,15.787123113259838,23.35189025784756,659dce4f66bf4ee0228513d024a4e287e9f1aa3957152332b1483ab0af67cb42
proline,direct_neighbor_ridge,breast,1,4,49,41.655181126661056,65.18668673153131,9492e163b6ef19b0563b1ce8302b8e8794e2e4c9c8031c62ff9774a3f63f6f58
proline,direct_neighbor_ridge,central_nervous_system,1,4,49,30.65253135027638,45.40085383714989,9492e163b6ef19b0563b1ce8302b8e8794e2e4c9c8031c62ff9774a3f63f6f58
proline,direct_neighbor_ridge,endometrium,1,4,28,15.131459704650341,19.349892912493694,9492e163b6ef19b0563b1ce8302b8e8794e2e4c9c8031c62ff9774a3f63f6f58
proline,direct_neighbor_ridge,kidney,1,4,23,32.975683043832376,24.830275120686036,9492e163b6ef19b0563b1ce8302b8e8794e2e4c9c8031c62ff9774a3f63f6f58
proline,direct_neighbor_ridge,liver,1,4,25,47.74370014213697,72.2387837625973,9492e163b6ef19b0563b1ce8302b8e8794e2e4c9c8031c62ff9774a3f63f6f58
putrescine,direct_neighbor_ridge,autonomic_ganglia,0,0,16,16.112564777712663,16.40282202580971,db1ab3680dcfc2deb10e2511ec28b70b27966d5a436d724be48267bcbf200acf
putrescine,direct_neighbor_ridge,haematopoietic_and_lymphoid_tissue,0,0,163,176.57186308450417,180.25607717101133,db1ab3680dcfc2deb10e2511ec28b70b27966d5a436d724be48267bcbf200acf
putrescine,direct_neighbor_ridge,bone,0,1,19,31.628576944428872,33.77172597964556,32d2e2f547f707a9f12d899e65a934275c9f49020e10d214973126d05910ec9c
putrescine,direct_neighbor_ridge,ovary,0,1,45,32.68326432760404,33.341874324935155,32d2e2f547f707a9f12d899e65a934275c9f49020e10d214973126d05910ec9c
putrescine,direct_neighbor_ridge,skin,0,1,52,89.35435188225874,94.07441847856595,32d2e2f547f707a9f12d899e65a934275c9f49020e10d214973126d05910ec9c
putrescine,direct_neighbor_ridge,upper_aerodigestive_tract,0,1,30,18.15785486122803,17.64244177177487,32d2e2f547f707a9f12d899e65a934275c9f49020e10d214973126d05910ec9c
putrescine,direct_neighbor_ridge,urinary_tract,0,1,25,38.681839931168774,38.82961729621603,32d2e2f547f707a9f12d899e65a934275c9f49020e10d214973126d05910ec9c
putrescine,direct_neighbor_ridge,large_intestine,0,2,55,37.971009353183504,37.355305407471754,659dce4f66bf4ee0228513d024a4e287e9f1aa3957152332b1483ab0af67cb42
putrescine,direct_neighbor_ridge,oesophagus,0,2,25,22.249929652944672,21.860634115144865,659dce4f66bf4ee0228513d024a4e287e9f1aa3957152332b1483ab0af67cb42
putrescine,direct_neighbor_ridge,pancreas,0,2,41,35.47981956015064,34.15765019602403,659dce4f66bf4ee0228513d024a4e287e9f1aa3957152332b1483ab0af67cb42
putrescine,direct_neighbor_ridge,soft_tissue,0,2,18,28.935963539434972,27.57996801954071,659dce4f66bf4ee0228513d024a4e287e9f1aa3957152332b1483ab0af67cb42
putrescine,direct_neighbor_ridge,stomach,0,2,37,21.160163719921496,21.093928303722297,659dce4f66bf4ee0228513d024a4e287e9f1aa3957152332b1483ab0af67cb42
putrescine,direct_neighbor_ridge,breast,0,3,49,60.36149715044196,61.67293701212611,9492e163b6ef19b0563b1ce8302b8e8794e2e4c9c8031c62ff9774a3f63f6f58
putrescine,direct_neighbor_ridge,central_nervous_system,0,3,49,30.98440270682645,33.398341962530665,9492e163b6ef19b0563b1ce8302b8e8794e2e4c9c8031c62ff9774a3f63f6f58
putrescine,direct_neighbor_ridge,endometrium,0,3,28,18.14522933239875,18.10716776004795,9492e163b6ef19b0563b1ce8302b8e8794e2e4c9c8031c62ff9774a3f63f6f58
putrescine,direct_neighbor_ridge,kidney,0,3,23,11.461639867123328,11.10409882530846,9492e163b6ef19b0563b1ce8302b8e8794e2e4c9c8031c62ff9774a3f63f6f58
putrescine,direct_neighbor_ridge,liver,0,3,25,17.294791287093545,16.32953384454946,9492e163b6ef19b0563b1ce8302b8e8794e2e4c9c8031c62ff9774a3f63f6f58
putrescine,direct_neighbor_ridge,lung,0,4,176,193.2149852919349,196.69092340115512,cf9883e99ee1b956d01c2cb42a4d284b982ce23065d3616a5e1cced359e41fb5
putrescine,direct_neighbor_ridge,bone,1,0,19,31.628576944428872,33.77172597964556,32d2e2f547f707a9f12d899e65a934275c9f49020e10d214973126d05910ec9c
putrescine,direct_neighbor_ridge,ovary,1,0,45,32.68326432760404,33.341874324935155,32d2e2f547f707a9f12d899e65a934275c9f49020e10d214973126d05910ec9c
putrescine,direct_neighbor_ridge,skin,1,0,52,89.35435188225874,94.07441847856595,32d2e2f547f707a9f12d899e65a934275c9f49020e10d214973126d05910ec9c
putrescine,direct_neighbor_ridge,upper_aerodigestive_tract,1,0,30,18.15785486122803,17.64244177177487,32d2e2f547f707a9f12d899e65a934275c9f49020e10d214973126d05910ec9c
putrescine,direct_neighbor_ridge,urinary_tract,1,0,25,38.681839931168774,38.82961729621603,32d2e2f547f707a9f12d899e65a934275c9f49020e10d214973126d05910ec9c
putrescine,direct_neighbor_ridge,lung,1,1,176,193.2149852919349,196.69092340115512,cf9883e99ee1b956d01c2cb42a4d284b982ce23065d3616a5e1cced359e41fb5
putrescine,direct_neighbor_ridge,autonomic_ganglia,1,2,16,16.130213474361565,16.40282202580971,db1ab3680dcfc2deb10e2511ec28b70b27966d5a436d724be48267bcbf200acf
putrescine,direct_neighbor_ridge,haematopoietic_and_lymphoid_tissue,1,2,163,175.494571963229,180.25607717101133,db1ab3680dcfc2deb10e2511ec28b70b27966d5a436d724be48267bcbf200acf
putrescine,direct_neighbor_ridge,large_intestine,1,3,55,37.971009353183504,37.355305407471754,659dce4f66bf4ee0228513d024a4e287e9f1aa3957152332b1483ab0af67cb42
putrescine,direct_neighbor_ridge,oesophagus,1,3,25,22.249929652944672,21.860634115144865,659dce4f66bf4ee0228513d024a4e287e9f1aa3957152332b1483ab0af67cb42
putrescine,direct_neighbor_ridge,pancreas,1,3,41,35.47981956015064,34.15765019602403,659dce4f66bf4ee0228513d024a4e287e9f1aa3957152332b1483ab0af67cb42
putrescine,direct_neighbor_ridge,soft_tissue,1,3,18,28.935963539434972,27.57996801954071,659dce4f66bf4ee0228513d024a4e287e9f1aa3957152332b1483ab0af67cb42
putrescine,direct_neighbor_ridge,stomach,1,3,37,21.160163719921496,21.093928303722297,659dce4f66bf4ee0228513d024a4e287e9f1aa3957152332b1483ab0af67cb42
putrescine,direct_neighbor_ridge,breast,1,4,49,60.376269741936525,61.67293701212611,9492e163b6ef19b0563b1ce8302b8e8794e2e4c9c8031c62ff9774a3f63f6f58
putrescine,direct_neighbor_ridge,central_nervous_system,1,4,49,31.010521827077483,33.398341962530665,9492e163b6ef19b0563b1ce8302b8e8794e2e4c9c8031c62ff9774a3f63f6f58
putrescine,direct_neighbor_ridge,endometrium,1,4,28,18.140812711690756,18.10716776004795,9492e163b6ef19b0563b1ce8302b8e8794e2e4c9c8031c62ff9774a3f63f6f58
putrescine,direct_neighbor_ridge,kidney,1,4,23,11.45368872263464,11.10409882530846,9492e163b6ef19b0563b1ce8302b8e8794e2e4c9c8031c62ff9774a3f63f6f58
putrescine,direct_neighbor_ridge,liver,1,4,25,17.27847402227198,16.32953384454946,9492e163b6ef19b0563b1ce8302b8e8794e2e4c9c8031c62ff9774a3f63f6f58
sarcosine,direct_neighbor_ridge,autonomic_ganglia,0,0,16,8.902179835705727,5.218286644251737,db1ab3680dcfc2deb10e2511ec28b70b27966d5a436d724be48267bcbf200acf
sarcosine,direct_neighbor_ridge,haematopoietic_and_lymphoid_tissue,0,0,163,161.10641421738097,133.00043906616986,db1ab3680dcfc2deb10e2511ec28b70b27966d5a436d724be48267bcbf200acf
sarcosine,direct_neighbor_ridge,bone,0,1,19,16.455041464584035,23.354550288018054,32d2e2f547f707a9f12d899e65a934275c9f49020e10d214973126d05910ec9c
sarcosine,direct_neighbor_ridge,ovary,0,1,45,15.876366359143482,15.420198656315334,32d2e2f547f707a9f12d899e65a934275c9f49020e10d214973126d05910ec9c
sarcosine,direct_neighbor_ridge,skin,0,1,52,34.395190613700464,65.0181360351421,32d2e2f547f707a9f12d899e65a934275c9f49020e10d214973126d05910ec9c
sarcosine,direct_neighbor_ridge,upper_aerodigestive_tract,0,1,30,28.802340406962514,31.318084988915345,32d2e2f547f707a9f12d899e65a934275c9f49020e10d214973126d05910ec9c
sarcosine,direct_neighbor_ridge,urinary_tract,0,1,25,12.824631652531238,32.900517165745704,32d2e2f547f707a9f12d899e65a934275c9f49020e10d214973126d05910ec9c
sarcosine,direct_neighbor_ridge,large_intestine,0,2,55,34.20031128789266,61.1644833656206,659dce4f66bf4ee0228513d024a4e287e9f1aa3957152332b1483ab0af67cb42
sarcosine,direct_neighbor_ridge,oesophagus,0,2,25,34.34829230282245,39.61253052981276,659dce4f66bf4ee0228513d024a4e287e9f1aa3957152332b1483ab0af67cb42
sarcosine,direct_neighbor_ridge,pancreas,0,2,41,20.6228718001786,39.899361555095965,659dce4f66bf4ee0228513d024a4e287e9f1aa3957152332b1483ab0af67cb42
sarcosine,direct_neighbor_ridge,soft_tissue,0,2,18,7.499135710139137,11.85988389853898,659dce4f66bf4ee0228513d024a4e287e9f1aa3957152332b1483ab0af67cb42
sarcosine,direct_neighbor_ridge,stomach,0,2,37,27.741659501415427,56.813018071437085,659dce4f66bf4ee0228513d024a4e287e9f1aa3957152332b1483ab0af67cb42
sarcosine,direct_neighbor_ridge,breast,0,3,49,59.76243958500537,57.24829289097584,9492e163b6ef19b0563b1ce8302b8e8794e2e4c9c8031c62ff9774a3f63f6f58
sarcosine,direct_neighbor_ridge,central_nervous_system,0,3,49,34.85705805060854,62.29015179504358,9492e163b6ef19b0563b1ce8302b8e8794e2e4c9c8031c62ff9774a3f63f6f58
sarcosine,direct_neighbor_ridge,endometrium,0,3,28,8.90024998829455,21.527312603132643,9492e163b6ef19b0563b1ce8302b8e8794e2e4c9c8031c62ff9774a3f63f6f58
sarcosine,direct_neighbor_ridge,kidney,0,3,23,16.780749115565772,21.945751100994567,9492e163b6ef19b0563b1ce8302b8e8794e2e4c9c8031c62ff9774a3f63f6f58
sarcosine,direct_neighbor_ridge,liver,0,3,25,24.33158411311521,32.45832713872948,9492e163b6ef19b0563b1ce8302b8e8794e2e4c9c8031c62ff9774a3f63f6f58
sarcosine,direct_neighbor_ridge,lung,0,4,176,86.15796531548284,179.14110283486013,cf9883e99ee1b956d01c2cb42a4d284b982ce23065d3616a5e1cced359e41fb5
sarcosine,direct_neighbor_ridge,bone,1,0,19,16.455041464584035,23.354550288018054,32d2e2f547f707a9f12d899e65a934275c9f49020e10d214973126d05910ec9c
sarcosine,direct_neighbor_ridge,ovary,1,0,45,15.876366359143482,15.420198656315334,32d2e2f547f707a9f12d899e65a934275c9f49020e10d214973126d05910ec9c
sarcosine,direct_neighbor_ridge,skin,1,0,52,34.395190613700464,65.0181360351421,32d2e2f547f707a9f12d899e65a934275c9f49020e10d214973126d05910ec9c
sarcosine,direct_neighbor_ridge,upper_aerodigestive_tract,1,0,30,28.802340406962514,31.318084988915345,32d2e2f547f707a9f12d899e65a934275c9f49020e10d214973126d05910ec9c
sarcosine,direct_neighbor_ridge,urinary_tract,1,0,25,12.824631652531238,32.900517165745704,32d2e2f547f707a9f12d899e65a934275c9f49020e10d214973126d05910ec9c
sarcosine,direct_neighbor_ridge,lung,1,1,176,86.15796531548284,179.14110283486013,cf9883e99ee1b956d01c2cb42a4d284b982ce23065d3616a5e1cced359e41fb5
sarcosine,direct_neighbor_ridge,autonomic_ganglia,1,2,16,7.85133552706537,5.218286644251737,db1ab3680dcfc2deb10e2511ec28b70b27966d5a436d724be48267bcbf200acf
sarcosine,direct_neighbor_ridge,haematopoietic_and_lymphoid_tissue,1,2,163,149.3822408376994,133.00043906616986,db1ab3680dcfc2deb10e2511ec28b70b27966d5a436d724be48267bcbf200acf
sarcosine,direct_neighbor_ridge,large_intestine,1,3,55,34.20031128789266,61.1644833656206,659dce4f66bf4ee0228513d024a4e287e9f1aa3957152332b1483ab0af67cb42
sarcosine,direct_neighbor_ridge,oesophagus,1,3,25,34.34829230282245,39.61253052981276,659dce4f66bf4ee0228513d024a4e287e9f1aa3957152332b1483ab0af67cb42
sarcosine,direct_neighbor_ridge,pancreas,1,3,41,20.6228718001786,39.899361555095965,659dce4f66bf4ee0228513d024a4e287e9f1aa3957152332b1483ab0af67cb42
sarcosine,direct_neighbor_ridge,soft_tissue,1,3,18,7.499135710139137,11.85988389853898,659dce4f66bf4ee0228513d024a4e287e9f1aa3957152332b1483ab0af67cb42
sarcosine,direct_neighbor_ridge,stomach,1,3,37,27.741659501415427,56.813018071437085,659dce4f66bf4ee0228513d024a4e287e9f1aa3957152332b1483ab0af67cb42
sarcosine,direct_neighbor_ridge,breast,1,4,49,60.85997761034109,57.24829289097584,9492e163b6ef19b0563b1ce8302b8e8794e2e4c9c8031c62ff9774a3f63f6f58
sarcosine,direct_neighbor_ridge,central_nervous_system,1,4,49,33.21777591275911,62.29015179504358,9492e163b6ef19b0563b1ce8302b8e8794e2e4c9c8031c62ff9774a3f63f6f58
sarcosine,direct_neighbor_ridge,endometrium,1,4,28,8.663777157923496,21.527312603132643,9492e163b6ef19b0563b1ce8302b8e8794e2e4c9c8031c62ff9774a3f63f6f58
sarcosine,direct_neighbor_ridge,kidney,1,4,23,15.785269279204986,21.945751100994567,9492e163b6ef19b0563b1ce8302b8e8794e2e4c9c8031c62ff9774a3f63f6f58
sarcosine,direct_neighbor_ridge,liver,1,4,25,24.136030025960217,32.45832713872948,9492e163b6ef19b0563b1ce8302b8e8794e2e4c9c8031c62ff9774a3f63f6f58
serine,direct_neighbor_ridge,autonomic_ganglia,0,0,16,8.572361300893613,11.228872559670311,db1ab3680dcfc2deb10e2511ec28b70b27966d5a436d724be48267bcbf200acf
serine,direct_neighbor_ridge,haematopoietic_and_lymphoid_tissue,0,0,163,109.5981184581731,159.81295967139175,db1ab3680dcfc2deb10e2511ec28b70b27966d5a436d724be48267bcbf200acf
serine,direct_neighbor_ridge,bone,0,1,19,29.877020242413877,37.10173924806623,32d2e2f547f707a9f12d899e65a934275c9f49020e10d214973126d05910ec9c
serine,direct_neighbor_ridge,ovary,0,1,45,22.705615486644046,30.225879688580417,32d2e2f547f707a9f12d899e65a934275c9f49020e10d214973126d05910ec9c
serine,direct_neighbor_ridge,skin,0,1,52,39.911958631250364,42.37738412615452,32d2e2f547f707a9f12d899e65a934275c9f49020e10d214973126d05910ec9c
serine,direct_neighbor_ridge,upper_aerodigestive_tract,0,1,30,15.015996425992007,19.98687228172756,32d2e2f547f707a9f12d899e65a934275c9f49020e10d214973126d05910ec9c
serine,direct_neighbor_ridge,urinary_tract,0,1,25,48.08581993839585,44.177552205406926,32d2e2f547f707a9f12d899e65a934275c9f49020e10d214973126d05910ec9c
serine,direct_neighbor_ridge,large_intestine,0,2,55,76.6077361222317,76.24262616526453,659dce4f66bf4ee0228513d024a4e287e9f1aa3957152332b1483ab0af67cb42
serine,direct_neighbor_ridge,oesophagus,0,2,25,10.914915338538977,14.943514647435636,659dce4f66bf4ee0228513d024a4e287e9f1aa3957152332b1483ab0af67cb42
serine,direct_neighbor_ridge,pancreas,0,2,41,34.511804651499695,35.02919647286584,659dce4f66bf4ee0228513d024a4e287e9f1aa3957152332b1483ab0af67cb42
serine,direct_neighbor_ridge,soft_tissue,0,2,18,17.600926315614714,22.488601894624896,659dce4f66bf4ee0228513d024a4e287e9f1aa3957152332b1483ab0af67cb42
serine,direct_neighbor_ridge,stomach,0,2,37,17.225726127863993,22.498184569258786,659dce4f66bf4ee0228513d024a4e287e9f1aa3957152332b1483ab0af67cb42
serine,direct_neighbor_ridge,breast,0,3,49,23.903248665864716,39.7164743786416,9492e163b6ef19b0563b1ce8302b8e8794e2e4c9c8031c62ff9774a3f63f6f58
serine,direct_neighbor_ridge,central_nervous_system,0,3,49,76.01806985497565,71.79291187195476,9492e163b6ef19b0563b1ce8302b8e8794e2e4c9c8031c62ff9774a3f63f6f58
serine,direct_neighbor_ridge,endometrium,0,3,28,24.13568940433083,24.278469633183665,9492e163b6ef19b0563b1ce8302b8e8794e2e4c9c8031c62ff9774a3f63f6f58
serine,direct_neighbor_ridge,kidney,0,3,23,13.316079658655383,12.946476031874647,9492e163b6ef19b0563b1ce8302b8e8794e2e4c9c8031c62ff9774a3f63f6f58
serine,direct_neighbor_ridge,liver,0,3,25,31.094735627469216,25.529589153218968,9492e163b6ef19b0563b1ce8302b8e8794e2e4c9c8031c62ff9774a3f63f6f58
serine,direct_neighbor_ridge,lung,0,4,176,173.82457154368745,195.89676978760377,cf9883e99ee1b956d01c2cb42a4d284b982ce23065d3616a5e1cced359e41fb5
serine,direct_neighbor_ridge,bone,1,0,19,29.877020242413877,37.10173924806623,32d2e2f547f707a9f12d899e65a934275c9f49020e10d214973126d05910ec9c
serine,direct_neighbor_ridge,ovary,1,0,45,22.705615486644046,30.225879688580417,32d2e2f547f707a9f12d899e65a934275c9f49020e10d214973126d05910ec9c
serine,direct_neighbor_ridge,skin,1,0,52,39.911958631250364,42.37738412615452,32d2e2f547f707a9f12d899e65a934275c9f49020e10d214973126d05910ec9c
serine,direct_neighbor_ridge,upper_aerodigestive_tract,1,0,30,15.015996425992007,19.98687228172756,32d2e2f547f707a9f12d899e65a934275c9f49020e10d214973126d05910ec9c
serine,direct_neighbor_ridge,urinary_tract,1,0,25,48.08581993839585,44.177552205406926,32d2e2f547f707a9f12d899e65a934275c9f49020e10d214973126d05910ec9c
serine,direct_neighbor_ridge,lung,1,1,176,173.85335604012047,195.89676978760377,cf9883e99ee1b956d01c2cb42a4d284b982ce23065d3616a5e1cced359e41fb5
serine,direct_neighbor_ridge,autonomic_ganglia,1,2,16,8.572361300893613,11.228872559670311,db1ab3680dcfc2deb10e2511ec28b70b27966d5a436d724be48267bcbf200acf
serine,direct_neighbor_ridge,haematopoietic_and_lymphoid_tissue,1,2,163,109.5981184581731,159.81295967139175,db1ab3680dcfc2deb10e2511ec28b70b27966d5a436d724be48267bcbf200acf
serine,direct_neighbor_ridge,large_intestine,1,3,55,76.6077361222317,76.24262616526453,659dce4f66bf4ee0228513d024a4e287e9f1aa3957152332b1483ab0af67cb42
serine,direct_neighbor_ridge,oesophagus,1,3,25,10.914915338538977,14.943514647435636,659dce4f66bf4ee0228513d024a4e287e9f1aa3957152332b1483ab0af67cb42
serine,direct_neighbor_ridge,pancreas,1,3,41,34.511804651499695,35.02919647286584,659dce4f66bf4ee0228513d024a4e287e9f1aa3957152332b1483ab0af67cb42
serine,direct_neighbor_ridge,soft_tissue,1,3,18,17.600926315614714,22.488601894624896,659dce4f66bf4ee0228513d024a4e287e9f1aa3957152332b1483ab0af67cb42
serine,direct_neighbor_ridge,stomach,1,3,37,17.225726127863993,22.498184569258786,659dce4f66bf4ee0228513d024a4e287e9f1aa3957152332b1483ab0af67cb42
serine,direct_neighbor_ridge,breast,1,4,49,23.903248665864716,39.7164743786416,9492e163b6ef19b0563b1ce8302b8e8794e2e4c9c8031c62ff9774a3f63f6f58
serine,direct_neighbor_ridge,central_nervous_system,1,4,49,76.01806985497565,71.79291187195476,9492e163b6ef19b0563b1ce8302b8e8794e2e4c9c8031c62ff9774a3f63f6f58
serine,direct_neighbor_ridge,endometrium,1,4,28,24.13568940433083,24.278469633183665,9492e163b6ef19b0563b1ce8302b8e8794e2e4c9c8031c62ff9774a3f63f6f58
serine,direct_neighbor_ridge,kidney,1,4,23,13.316079658655383,12.946476031874647,9492e163b6ef19b0563b1ce8302b8e8794e2e4c9c8031c62ff9774a3f63f6f58
serine,direct_neighbor_ridge,liver,1,4,25,31.094735627469216,25.529589153218968,9492e163b6ef19b0563b1ce8302b8e8794e2e4c9c8031c62ff9774a3f63f6f58
taurine,direct_neighbor_ridge,autonomic_ganglia,0,0,16,13.903697190584644,12.378526827851939,db1ab3680dcfc2deb10e2511ec28b70b27966d5a436d724be48267bcbf200acf
taurine,direct_neighbor_ridge,haematopoietic_and_lymphoid_tissue,0,0,163,188.19352943191421,197.04856273248282,db1ab3680dcfc2deb10e2511ec28b70b27966d5a436d724be48267bcbf200acf
taurine,direct_neighbor_ridge,bone,0,1,19,10.676090584298288,13.837355205968313,32d2e2f547f707a9f12d899e65a934275c9f49020e10d214973126d05910ec9c
taurine,direct_neighbor_ridge,ovary,0,1,45,76.96735399834884,73.47595553976697,32d2e2f547f707a9f12d899e65a934275c9f49020e10d214973126d05910ec9c
taurine,direct_neighbor_ridge,skin,0,1,52,27.069244313582328,31.709902611045486,32d2e2f547f707a9f12d899e65a934275c9f49020e10d214973126d05910ec9c
taurine,direct_neighbor_ridge,upper_aerodigestive_tract,0,1,30,61.163670274153525,58.17929608643423,32d2e2f547f707a9f12d899e65a934275c9f49020e10d214973126d05910ec9c
taurine,direct_neighbor_ridge,urinary_tract,0,1,25,29.14208139360984,30.278985731590122,32d2e2f547f707a9f12d899e65a934275c9f49020e10d214973126d05910ec9c
taurine,direct_neighbor_ridge,large_intestine,0,2,55,35.984738432178325,34.95406908619724,659dce4f66bf4ee0228513d024a4e287e9f1aa3957152332b1483ab0af67cb42
taurine,direct_neighbor_ridge,oesophagus,0,2,25,14.561134453897951,12.968285892280022,659dce4f66bf4ee0228513d024a4e287e9f1aa3957152332b1483ab0af67cb42
taurine,direct_neighbor_ridge,pancreas,0,2,41,26.70036438196978,31.284676709821056,659dce4f66bf4ee0228513d024a4e287e9f1aa3957152332b1483ab0af67cb42
taurine,direct_neighbor_ridge,soft_tissue,0,2,18,37.917925394256905,37.35434569381427,659dce4f66bf4ee0228513d024a4e287e9f1aa3957152332b1483ab0af67cb42
taurine,direct_neighbor_ridge,stomach,0,2,37,27.308640633993175,31.547379990852853,659dce4f66bf4ee0228513d024a4e287e9f1aa3957152332b1483ab0af67cb42
taurine,direct_neighbor_ridge,breast,0,3,49,56.487801736567725,65.42862424663743,9492e163b6ef19b0563b1ce8302b8e8794e2e4c9c8031c62ff9774a3f63f6f58
taurine,direct_neighbor_ridge,central_nervous_system,0,3,49,28.48826469791393,32.46847941948755,9492e163b6ef19b0563b1ce8302b8e8794e2e4c9c8031c62ff9774a3f63f6f58
taurine,direct_neighbor_ridge,endometrium,0,3,28,28.42108854023364,27.828550807583227,9492e163b6ef19b0563b1ce8302b8e8794e2e4c9c8031c62ff9774a3f63f6f58
taurine,direct_neighbor_ridge,kidney,0,3,23,12.665252517669632,18.5736861041395,9492e163b6ef19b0563b1ce8302b8e8794e2e4c9c8031c62ff9774a3f63f6f58
taurine,direct_neighbor_ridge,liver,0,3,25,34.757864293236366,38.608021109482095,9492e163b6ef19b0563b1ce8302b8e8794e2e4c9c8031c62ff9774a3f63f6f58
taurine,direct_neighbor_ridge,lung,0,4,176,135.14535778856873,155.33105335729724,cf9883e99ee1b956d01c2cb42a4d284b982ce23065d3616a5e1cced359e41fb5
taurine,direct_neighbor_ridge,bone,1,0,19,10.676090584298288,13.837355205968313,32d2e2f547f707a9f12d899e65a934275c9f49020e10d214973126d05910ec9c
taurine,direct_neighbor_ridge,ovary,1,0,45,76.96735399834884,73.47595553976697,32d2e2f547f707a9f12d899e65a934275c9f49020e10d214973126d05910ec9c
taurine,direct_neighbor_ridge,skin,1,0,52,27.069244313582328,31.709902611045486,32d2e2f547f707a9f12d899e65a934275c9f49020e10d214973126d05910ec9c
taurine,direct_neighbor_ridge,upper_aerodigestive_tract,1,0,30,61.163670274153525,58.17929608643423,32d2e2f547f707a9f12d899e65a934275c9f49020e10d214973126d05910ec9c
taurine,direct_neighbor_ridge,urinary_tract,1,0,25,29.14208139360984,30.278985731590122,32d2e2f547f707a9f12d899e65a934275c9f49020e10d214973126d05910ec9c
taurine,direct_neighbor_ridge,lung,1,1,176,135.14535778856873,155.33105335729724,cf9883e99ee1b956d01c2cb42a4d284b982ce23065d3616a5e1cced359e41fb5
taurine,direct_neighbor_ridge,autonomic_ganglia,1,2,16,13.903697190584644,12.378526827851939,db1ab3680dcfc2deb10e2511ec28b70b27966d5a436d724be48267bcbf200acf
taurine,direct_neighbor_ridge,haematopoietic_and_lymphoid_tissue,1,2,163,188.19352943191421,197.04856273248282,db1ab3680dcfc2deb10e2511ec28b70b27966d5a436d724be48267bcbf200acf
taurine,direct_neighbor_ridge,large_intestine,1,3,55,35.984738432178325,34.95406908619724,659dce4f66bf4ee0228513d024a4e287e9f1aa3957152332b1483ab0af67cb42
taurine,direct_neighbor_ridge,oesophagus,1,3,25,14.561134453897951,12.968285892280022,659dce4f66bf4ee0228513d024a4e287e9f1aa3957152332b1483ab0af67cb42
taurine,direct_neighbor_ridge,pancreas,1,3,41,26.70036438196978,31.284676709821056,659dce4f66bf4ee0228513d024a4e287e9f1aa3957152332b1483ab0af67cb42
taurine,direct_neighbor_ridge,soft_tissue,1,3,18,37.917925394256905,37.35434569381427,659dce4f66bf4ee0228513d024a4e287e9f1aa3957152332b1483ab0af67cb42
taurine,direct_neighbor_ridge,stomach,1,3,37,27.308640633993175,31.547379990852853,659dce4f66bf4ee0228513d024a4e287e9f1aa3957152332b1483ab0af67cb42
taurine,direct_neighbor_ridge,breast,1,4,49,56.487801736567725,65.42862424663743,9492e163b6ef19b0563b1ce8302b8e8794e2e4c9c8031c62ff9774a3f63f6f58
taurine,direct_neighbor_ridge,central_nervous_system,1,4,49,28.48826469791393,32.46847941948755,9492e163b6ef19b0563b1ce8302b8e8794e2e4c9c8031c62ff9774a3f63f6f58
taurine,direct_neighbor_ridge,endometrium,1,4,28,28.42108854023364,27.828550807583227,9492e163b6ef19b0563b1ce8302b8e8794e2e4c9c8031c62ff9774a3f63f6f58
taurine,direct_neighbor_ridge,kidney,1,4,23,12.665252517669632,18.5736861041395,9492e163b6ef19b0563b1ce8302b8e8794e2e4c9c8031c62ff9774a3f63f6f58
taurine,direct_neighbor_ridge,liver,1,4,25,34.757864293236366,38.608021109482095,9492e163b6ef19b0563b1ce8302b8e8794e2e4c9c8031c62ff9774a3f63f6f58
taurocholate,direct_neighbor_ridge,autonomic_ganglia,0,0,16,11.619131886053637,11.072078229791147,db1ab3680dcfc2deb10e2511ec28b70b27966d5a436d724be48267bcbf200acf
taurocholate,direct_neighbor_ridge,haematopoietic_and_lymphoid_tissue,0,0,163,330.8529133386549,324.34469059150825,db1ab3680dcfc2deb10e2511ec28b70b27966d5a436d724be48267bcbf200acf
taurocholate,direct_neighbor_ridge,bone,0,1,19,28.213122811394065,26.280575706437556,32d2e2f547f707a9f12d899e65a934275c9f49020e10d214973126d05910ec9c
taurocholate,direct_neighbor_ridge,ovary,0,1,45,43.85084204132827,42.992769773464026,32d2e2f547f707a9f12d899e65a934275c9f49020e10d214973126d05910ec9c
taurocholate,direct_neighbor_ridge,skin,0,1,52,33.86253764243851,33.581275036701946,32d2e2f547f707a9f12d899e65a934275c9f49020e10d214973126d05910ec9c
taurocholate,direct_neighbor_ridge,upper_aerodigestive_tract,0,1,30,10.554981695868797,10.581850765498796,32d2e2f547f707a9f12d899e65a934275c9f49020e10d214973126d05910ec9c
taurocholate,direct_neighbor_ridge,urinary_tract,0,1,25,20.848982174548688,19.473248576008626,32d2e2f547f707a9f12d899e65a934275c9f49020e10d214973126d05910ec9c
taurocholate,direct_neighbor_ridge,large_intestine,0,2,55,54.41977669125518,54.075607445028986,659dce4f66bf4ee0228513d024a4e287e9f1aa3957152332b1483ab0af67cb42
taurocholate,direct_neighbor_ridge,oesophagus,0,2,25,17.72487979577818,17.343451640072697,659dce4f66bf4ee0228513d024a4e287e9f1aa3957152332b1483ab0af67cb42
taurocholate,direct_neighbor_ridge,pancreas,0,2,41,41.5627651613374,40.615296903162005,659dce4f66bf4ee0228513d024a4e287e9f1aa3957152332b1483ab0af67cb42
taurocholate,direct_neighbor_ridge,soft_tissue,0,2,18,32.157411254804614,30.59965396908025,659dce4f66bf4ee0228513d024a4e287e9f1aa3957152332b1483ab0af67cb42
taurocholate,direct_neighbor_ridge,stomach,0,2,37,25.74018370387372,25.688363024853523,659dce4f66bf4ee0228513d024a4e287e9f1aa3957152332b1483ab0af67cb42
taurocholate,direct_neighbor_ridge,breast,0,3,49,29.038905638525033,29.055493293072594,9492e163b6ef19b0563b1ce8302b8e8794e2e4c9c8031c62ff9774a3f63f6f58
taurocholate,direct_neighbor_ridge,central_nervous_system,0,3,49,22.685544209831747,22.70338424064386,9492e163b6ef19b0563b1ce8302b8e8794e2e4c9c8031c62ff9774a3f63f6f58
taurocholate,direct_neighbor_ridge,endometrium,0,3,28,41.92163389807314,41.92548728648634,9492e163b6ef19b0563b1ce8302b8e8794e2e4c9c8031c62ff9774a3f63f6f58
taurocholate,direct_neighbor_ridge,kidney,0,3,23,16.775211282048623,16.78167980643672,9492e163b6ef19b0563b1ce8302b8e8794e2e4c9c8031c62ff9774a3f63f6f58
taurocholate,direct_neighbor_ridge,liver,0,3,25,18.200302198548354,18.193144499576814,9492e163b6ef19b0563b1ce8302b8e8794e2e4c9c8031c62ff9774a3f63f6f58
taurocholate,direct_neighbor_ridge,lung,0,4,176,150.6997366044736,150.7844681298777,cf9883e99ee1b956d01c2cb42a4d284b982ce23065d3616a5e1cced359e41fb5
taurocholate,direct_neighbor_ridge,bone,1,0,19,28.213122811394065,26.280575706437556,32d2e2f547f707a9f12d899e65a934275c9f49020e10d214973126d05910ec9c
taurocholate,direct_neighbor_ridge,ovary,1,0,45,43.85084204132827,42.992769773464026,32d2e2f547f707a9f12d899e65a934275c9f49020e10d214973126d05910ec9c
taurocholate,direct_neighbor_ridge,skin,1,0,52,33.86253764243851,33.581275036701946,32d2e2f547f707a9f12d899e65a934275c9f49020e10d214973126d05910ec9c
taurocholate,direct_neighbor_ridge,upper_aerodigestive_tract,1,0,30,10.554981695868797,10.581850765498796,32d2e2f547f707a9f12d899e65a934275c9f49020e10d214973126d05910ec9c
taurocholate,direct_neighbor_ridge,urinary_tract,1,0,25,20.848982174548688,19.473248576008626,32d2e2f547f707a9f12d899e65a934275c9f49020e10d214973126d05910ec9c
taurocholate,direct_neighbor_ridge,lung,1,1,176,150.6997366044736,150.7844681298777,cf9883e99ee1b956d01c2cb42a4d284b982ce23065d3616a5e1cced359e41fb5
taurocholate,direct_neighbor_ridge,autonomic_ganglia,1,2,16,11.692062377622157,11.072078229791147,db1ab3680dcfc2deb10e2511ec28b70b27966d5a436d724be48267bcbf200acf
taurocholate,direct_neighbor_ridge,haematopoietic_and_lymphoid_tissue,1,2,163,331.7584804494095,324.34469059150825,db1ab3680dcfc2deb10e2511ec28b70b27966d5a436d724be48267bcbf200acf
taurocholate,direct_neighbor_ridge,large_intestine,1,3,55,54.41977669125518,54.075607445028986,659dce4f66bf4ee0228513d024a4e287e9f1aa3957152332b1483ab0af67cb42
taurocholate,direct_neighbor_ridge,oesophagus,1,3,25,17.72487979577818,17.343451640072697,659dce4f66bf4ee0228513d024a4e287e9f1aa3957152332b1483ab0af67cb42
taurocholate,direct_neighbor_ridge,pancreas,1,3,41,41.5627651613374,40.615296903162005,659dce4f66bf4ee0228513d024a4e287e9f1aa3957152332b1483ab0af67cb42
taurocholate,direct_neighbor_ridge,soft_tissue,1,3,18,32.157411254804614,30.59965396908025,659dce4f66bf4ee0228513d024a4e287e9f1aa3957152332b1483ab0af67cb42
taurocholate,direct_neighbor_ridge,stomach,1,3,37,25.74018370387372,25.688363024853523,659dce4f66bf4ee0228513d024a4e287e9f1aa3957152332b1483ab0af67cb42
taurocholate,direct_neighbor_ridge,breast,1,4,49,29.038905638525033,29.055493293072594,9492e163b6ef19b0563b1ce8302b8e8794e2e4c9c8031c62ff9774a3f63f6f58
taurocholate,direct_neighbor_ridge,central_nervous_system,1,4,49,22.685544209831747,22.70338424064386,9492e163b6ef19b0563b1ce8302b8e8794e2e4c9c8031c62ff9774a3f63f6f58
taurocholate,direct_neighbor_ridge,endometrium,1,4,28,41.92163389807314,41.92548728648634,9492e163b6ef19b0563b1ce8302b8e8794e2e4c9c8031c62ff9774a3f63f6f58
taurocholate,direct_neighbor_ridge,kidney,1,4,23,16.775211282048623,16.78167980643672,9492e163b6ef19b0563b1ce8302b8e8794e2e4c9c8031c62ff9774a3f63f6f58
taurocholate,direct_neighbor_ridge,liver,1,4,25,18.200302198548354,18.193144499576814,9492e163b6ef19b0563b1ce8302b8e8794e2e4c9c8031c62ff9774a3f63f6f58
thymidine,direct_neighbor_ridge,autonomic_ganglia,0,0,16,19.092325671981996,21.579914318510323,db1ab3680dcfc2deb10e2511ec28b70b27966d5a436d724be48267bcbf200acf
thymidine,direct_neighbor_ridge,haematopoietic_and_lymphoid_tissue,0,0,163,210.56963594985422,231.1969653293342,db1ab3680dcfc2deb10e2511ec28b70b27966d5a436d724be48267bcbf200acf
thymidine,direct_neighbor_ridge,bone,0,1,19,13.493166777358212,15.826318498660871,32d2e2f547f707a9f12d899e65a934275c9f49020e10d214973126d05910ec9c
thymidine,direct_neighbor_ridge,ovary,0,1,45,46.425199481094936,46.8864040795497,32d2e2f547f707a9f12d899e65a934275c9f49020e10d214973126d05910ec9c
thymidine,direct_neighbor_ridge,skin,0,1,52,37.243964001380455,36.33078662930328,32d2e2f547f707a9f12d899e65a934275c9f49020e10d214973126d05910ec9c
thymidine,direct_neighbor_ridge,upper_aerodigestive_tract,0,1,30,39.05523863899038,28.19890185773284,32d2e2f547f707a9f12d899e65a934275c9f49020e10d214973126d05910ec9c
thymidine,direct_neighbor_ridge,urinary_tract,0,1,25,10.746085420878718,11.699729954385138,32d2e2f547f707a9f12d899e65a934275c9f49020e10d214973126d05910ec9c
thymidine,direct_neighbor_ridge,large_intestine,0,2,55,40.699866752661855,44.54818728416636,659dce4f66bf4ee0228513d024a4e287e9f1aa3957152332b1483ab0af67cb42
thymidine,direct_neighbor_ridge,oesophagus,0,2,25,16.56563265392916,15.483760970298665,659dce4f66bf4ee0228513d024a4e287e9f1aa3957152332b1483ab0af67cb42
thymidine,direct_neighbor_ridge,pancreas,0,2,41,35.45780609732167,32.660640478381765,659dce4f66bf4ee0228513d024a4e287e9f1aa3957152332b1483ab0af67cb42
thymidine,direct_neighbor_ridge,soft_tissue,0,2,18,20.340993538979674,18.523745967289095,659dce4f66bf4ee0228513d024a4e287e9f1aa3957152332b1483ab0af67cb42
thymidine,direct_neighbor_ridge,stomach,0,2,37,38.73211330408012,41.71508455220039,659dce4f66bf4ee0228513d024a4e287e9f1aa3957152332b1483ab0af67cb42
thymidine,direct_neighbor_ridge,breast,0,3,49,44.351463925796004,38.89734363994975,9492e163b6ef19b0563b1ce8302b8e8794e2e4c9c8031c62ff9774a3f63f6f58
thymidine,direct_neighbor_ridge,central_nervous_system,0,3,49,62.10727311112924,73.48269484074962,9492e163b6ef19b0563b1ce8302b8e8794e2e4c9c8031c62ff9774a3f63f6f58
thymidine,direct_neighbor_ridge,endometrium,0,3,28,56.945128430019054,58.05986597793249,9492e163b6ef19b0563b1ce8302b8e8794e2e4c9c8031c62ff9774a3f63f6f58
thymidine,direct_neighbor_ridge,kidney,0,3,23,13.561839992446957,13.260598781788293,9492e163b6ef19b0563b1ce8302b8e8794e2e4c9c8031c62ff9774a3f63f6f58
thymidine,direct_neighbor_ridge,liver,0,3,25,19.234556508286566,24.407807295445682,9492e163b6ef19b0563b1ce8302b8e8794e2e4c9c8031c62ff9774a3f63f6f58
thymidine,direct_neighbor_ridge,lung,0,4,176,144.0117950441345,152.10782001186678,cf9883e99ee1b956d01c2cb42a4d284b982ce23065d3616a5e1cced359e41fb5
thymidine,direct_neighbor_ridge,bone,1,0,19,13.493166777358212,15.826318498660871,32d2e2f547f707a9f12d899e65a934275c9f49020e10d214973126d05910ec9c
thymidine,direct_neighbor_ridge,ovary,1,0,45,46.425199481094936,46.8864040795497,32d2e2f547f707a9f12d899e65a934275c9f49020e10d214973126d05910ec9c
thymidine,direct_neighbor_ridge,skin,1,0,52,37.243964001380455,36.33078662930328,32d2e2f547f707a9f12d899e65a934275c9f49020e10d214973126d05910ec9c
thymidine,direct_neighbor_ridge,upper_aerodigestive_tract,1,0,30,39.05523863899038,28.19890185773284,32d2e2f547f707a9f12d899e65a934275c9f49020e10d214973126d05910ec9c
thymidine,direct_neighbor_ridge,urinary_tract,1,0,25,10.746085420878718,11.699729954385138,32d2e2f547f707a9f12d899e65a934275c9f49020e10d214973126d05910ec9c
thymidine,direct_neighbor_ridge,lung,1,1,176,144.0117950441345,152.10782001186678,cf9883e99ee1b956d01c2cb42a4d284b982ce23065d3616a5e1cced359e41fb5
thymidine,direct_neighbor_ridge,autonomic_ganglia,1,2,16,19.092325671981996,21.579914318510323,db1ab3680dcfc2deb10e2511ec28b70b27966d5a436d724be48267bcbf200acf
thymidine,direct_neighbor_ridge,haematopoietic_and_lymphoid_tissue,1,2,163,210.56963594985422,231.1969653293342,db1ab3680dcfc2deb10e2511ec28b70b27966d5a436d724be48267bcbf200acf
thymidine,direct_neighbor_ridge,large_intestine,1,3,55,40.699866752661855,44.54818728416636,659dce4f66bf4ee0228513d024a4e287e9f1aa3957152332b1483ab0af67cb42
thymidine,direct_neighbor_ridge,oesophagus,1,3,25,16.56563265392916,15.483760970298665,659dce4f66bf4ee0228513d024a4e287e9f1aa3957152332b1483ab0af67cb42
thymidine,direct_neighbor_ridge,pancreas,1,3,41,35.45780609732167,32.660640478381765,659dce4f66bf4ee0228513d024a4e287e9f1aa3957152332b1483ab0af67cb42
thymidine,direct_neighbor_ridge,soft_tissue,1,3,18,20.340993538979674,18.523745967289095,659dce4f66bf4ee0228513d024a4e287e9f1aa3957152332b1483ab0af67cb42
thymidine,direct_neighbor_ridge,stomach,1,3,37,38.73211330408012,41.71508455220039,659dce4f66bf4ee0228513d024a4e287e9f1aa3957152332b1483ab0af67cb42
thymidine,direct_neighbor_ridge,breast,1,4,49,43.5167516001862,38.89734363994975,9492e163b6ef19b0563b1ce8302b8e8794e2e4c9c8031c62ff9774a3f63f6f58
thymidine,direct_neighbor_ridge,central_nervous_system,1,4,49,63.375128970655055,73.48269484074962,9492e163b6ef19b0563b1ce8302b8e8794e2e4c9c8031c62ff9774a3f63f6f58
thymidine,direct_neighbor_ridge,endometrium,1,4,28,57.01903079118811,58.05986597793249,9492e163b6ef19b0563b1ce8302b8e8794e2e4c9c8031c62ff9774a3f63f6f58
thymidine,direct_neighbor_ridge,kidney,1,4,23,13.47183574585112,13.260598781788293,9492e163b6ef19b0563b1ce8302b8e8794e2e4c9c8031c62ff9774a3f63f6f58
thymidine,direct_neighbor_ridge,liver,1,4,25,19.775530553996518,24.407807295445682,9492e163b6ef19b0563b1ce8302b8e8794e2e4c9c8031c62ff9774a3f63f6f58
thymine,direct_neighbor_ridge,autonomic_ganglia,0,0,16,40.129510927970905,42.13931336335272,db1ab3680dcfc2deb10e2511ec28b70b27966d5a436d724be48267bcbf200acf
thymine,direct_neighbor_ridge,haematopoietic_and_lymphoid_tissue,0,0,163,138.28573301364028,142.7932765499095,db1ab3680dcfc2deb10e2511ec28b70b27966d5a436d724be48267bcbf200acf
thymine,direct_neighbor_ridge,bone,0,1,19,17.734208875099174,16.636504274411987,32d2e2f547f707a9f12d899e65a934275c9f49020e10d214973126d05910ec9c
thymine,direct_neighbor_ridge,ovary,0,1,45,33.502701993070644,32.49660839041837,32d2e2f547f707a9f12d899e65a934275c9f49020e10d214973126d05910ec9c
thymine,direct_neighbor_ridge,skin,0,1,52,44.21341633190732,37.34311088657257,32d2e2f547f707a9f12d899e65a934275c9f49020e10d214973126d05910ec9c
thymine,direct_neighbor_ridge,upper_aerodigestive_tract,0,1,30,32.150959475908685,31.23431525264369,32d2e2f547f707a9f12d899e65a934275c9f49020e10d214973126d05910ec9c
thymine,direct_neighbor_ridge,urinary_tract,0,1,25,24.093497799779755,24.768642182789232,32d2e2f547f707a9f12d899e65a934275c9f49020e10d214973126d05910ec9c
thymine,direct_neighbor_ridge,large_intestine,0,2,55,59.441549531520884,61.19542669443397,659dce4f66bf4ee0228513d024a4e287e9f1aa3957152332b1483ab0af67cb42
thymine,direct_neighbor_ridge,oesophagus,0,2,25,24.744405501075395,26.323345250115153,659dce4f66bf4ee0228513d024a4e287e9f1aa3957152332b1483ab0af67cb42
thymine,direct_neighbor_ridge,pancreas,0,2,41,56.19136440029067,57.484257388470745,659dce4f66bf4ee0228513d024a4e287e9f1aa3957152332b1483ab0af67cb42
thymine,direct_neighbor_ridge,soft_tissue,0,2,18,9.751149453792292,9.98681694541632,659dce4f66bf4ee0228513d024a4e287e9f1aa3957152332b1483ab0af67cb42
thymine,direct_neighbor_ridge,stomach,0,2,37,37.41343312075799,37.547448950182805,659dce4f66bf4ee0228513d024a4e287e9f1aa3957152332b1483ab0af67cb42
thymine,direct_neighbor_ridge,breast,0,3,49,62.55785793322924,64.39717046419983,9492e163b6ef19b0563b1ce8302b8e8794e2e4c9c8031c62ff9774a3f63f6f58
thymine,direct_neighbor_ridge,central_nervous_system,0,3,49,48.08382583593605,49.381075630545894,9492e163b6ef19b0563b1ce8302b8e8794e2e4c9c8031c62ff9774a3f63f6f58
thymine,direct_neighbor_ridge,endometrium,0,3,28,48.17914852650731,48.807006206222724,9492e163b6ef19b0563b1ce8302b8e8794e2e4c9c8031c62ff9774a3f63f6f58
thymine,direct_neighbor_ridge,kidney,0,3,23,25.03851867483488,24.537842383914896,9492e163b6ef19b0563b1ce8302b8e8794e2e4c9c8031c62ff9774a3f63f6f58
thymine,direct_neighbor_ridge,liver,0,3,25,29.797414970682865,29.540717714900396,9492e163b6ef19b0563b1ce8302b8e8794e2e4c9c8031c62ff9774a3f63f6f58
thymine,direct_neighbor_ridge,lung,0,4,176,144.36267497671776,146.32009165738086,cf9883e99ee1b956d01c2cb42a4d284b982ce23065d3616a5e1cced359e41fb5
thymine,direct_neighbor_ridge,bone,1,0,19,17.734208875099174,16.636504274411987,32d2e2f547f707a9f12d899e65a934275c9f49020e10d214973126d05910ec9c
thymine,direct_neighbor_ridge,ovary,1,0,45,33.502701993070644,32.49660839041837,32d2e2f547f707a9f12d899e65a934275c9f49020e10d214973126d05910ec9c
thymine,direct_neighbor_ridge,skin,1,0,52,44.21341633190732,37.34311088657257,32d2e2f547f707a9f12d899e65a934275c9f49020e10d214973126d05910ec9c
thymine,direct_neighbor_ridge,upper_aerodigestive_tract,1,0,30,32.150959475908685,31.23431525264369,32d2e2f547f707a9f12d899e65a934275c9f49020e10d214973126d05910ec9c
thymine,direct_neighbor_ridge,urinary_tract,1,0,25,24.093497799779755,24.768642182789232,32d2e2f547f707a9f12d899e65a934275c9f49020e10d214973126d05910ec9c
thymine,direct_neighbor_ridge,lung,1,1,176,144.36267497671776,146.32009165738086,cf9883e99ee1b956d01c2cb42a4d284b982ce23065d3616a5e1cced359e41fb5
thymine,direct_neighbor_ridge,autonomic_ganglia,1,2,16,40.129510927970905,42.13931336335272,db1ab3680dcfc2deb10e2511ec28b70b27966d5a436d724be48267bcbf200acf
thymine,direct_neighbor_ridge,haematopoietic_and_lymphoid_tissue,1,2,163,138.28573301364028,142.7932765499095,db1ab3680dcfc2deb10e2511ec28b70b27966d5a436d724be48267bcbf200acf
thymine,direct_neighbor_ridge,large_intestine,1,3,55,59.441549531520884,61.19542669443397,659dce4f66bf4ee0228513d024a4e287e9f1aa3957152332b1483ab0af67cb42
thymine,direct_neighbor_ridge,oesophagus,1,3,25,24.744405501075395,26.323345250115153,659dce4f66bf4ee0228513d024a4e287e9f1aa3957152332b1483ab0af67cb42
thymine,direct_neighbor_ridge,pancreas,1,3,41,56.19136440029067,57.484257388470745,659dce4f66bf4ee0228513d024a4e287e9f1aa3957152332b1483ab0af67cb42
thymine,direct_neighbor_ridge,soft_tissue,1,3,18,9.751149453792292,9.98681694541632,659dce4f66bf4ee0228513d024a4e287e9f1aa3957152332b1483ab0af67cb42
thymine,direct_neighbor_ridge,stomach,1,3,37,37.41343312075799,37.547448950182805,659dce4f66bf4ee0228513d024a4e287e9f1aa3957152332b1483ab0af67cb42
thymine,direct_neighbor_ridge,breast,1,4,49,62.55785793322924,64.39717046419983,9492e163b6ef19b0563b1ce8302b8e8794e2e4c9c8031c62ff9774a3f63f6f58
thymine,direct_neighbor_ridge,central_nervous_system,1,4,49,48.08382583593605,49.381075630545894,9492e163b6ef19b0563b1ce8302b8e8794e2e4c9c8031c62ff9774a3f63f6f58
thymine,direct_neighbor_ridge,endometrium,1,4,28,48.17914852650731,48.807006206222724,9492e163b6ef19b0563b1ce8302b8e8794e2e4c9c8031c62ff9774a3f63f6f58
thymine,direct_neighbor_ridge,kidney,1,4,23,25.03851867483488,24.537842383914896,9492e163b6ef19b0563b1ce8302b8e8794e2e4c9c8031c62ff9774a3f63f6f58
thymine,direct_neighbor_ridge,liver,1,4,25,29.797414970682865,29.540717714900396,9492e163b6ef19b0563b1ce8302b8e8794e2e4c9c8031c62ff9774a3f63f6f58
thyroxine,direct_neighbor_ridge,autonomic_ganglia,0,0,16,13.651236928932127,15.40492572771767,db1ab3680dcfc2deb10e2511ec28b70b27966d5a436d724be48267bcbf200acf
thyroxine,direct_neighbor_ridge,haematopoietic_and_lymphoid_tissue,0,0,163,388.91756282382204,403.00036280182076,db1ab3680dcfc2deb10e2511ec28b70b27966d5a436d724be48267bcbf200acf
thyroxine,direct_neighbor_ridge,bone,0,1,19,14.388154460841376,13.788549408054706,32d2e2f547f707a9f12d899e65a934275c9f49020e10d214973126d05910ec9c
thyroxine,direct_neighbor_ridge,ovary,0,1,45,36.287213791060346,39.994568391613825,32d2e2f547f707a9f12d899e65a934275c9f49020e10d214973126d05910ec9c
thyroxine,direct_neighbor_ridge,skin,0,1,52,36.818476542167986,37.84583317975304,32d2e2f547f707a9f12d899e65a934275c9f49020e10d214973126d05910ec9c
thyroxine,direct_neighbor_ridge,upper_aerodigestive_tract,0,1,30,22.076924911184282,18.718161824870098,32d2e2f547f707a9f12d899e65a934275c9f49020e10d214973126d05910ec9c
thyroxine,direct_neighbor_ridge,urinary_tract,0,1,25,13.828352670240749,13.48843693475817,32d2e2f547f707a9f12d899e65a934275c9f49020e10d214973126d05910ec9c
thyroxine,direct_neighbor_ridge,large_intestine,0,2,55,52.03561003440335,58.978927431708655,659dce4f66bf4ee0228513d024a4e287e9f1aa3957152332b1483ab0af67cb42
thyroxine,direct_neighbor_ridge,oesophagus,0,2,25,16.363433217816418,13.560858961946117,659dce4f66bf4ee0228513d024a4e287e9f1aa3957152332b1483ab0af67cb42
thyroxine,direct_neighbor_ridge,pancreas,0,2,41,33.27441794956644,32.127641118309995,659dce4f66bf4ee0228513d024a4e287e9f1aa3957152332b1483ab0af67cb42
thyroxine,direct_neighbor_ridge,soft_tissue,0,2,18,14.056412098862577,14.328350831834657,659dce4f66bf4ee0228513d024a4e287e9f1aa3957152332b1483ab0af67cb42
thyroxine,direct_neighbor_ridge,stomach,0,2,37,58.0653359537867,59.42522439923218,659dce4f66bf4ee0228513d024a4e287e9f1aa3957152332b1483ab0af67cb42
thyroxine,direct_neighbor_ridge,breast,0,3,49,50.73206858020894,53.56313837767444,9492e163b6ef19b0563b1ce8302b8e8794e2e4c9c8031c62ff9774a3f63f6f58
thyroxine,direct_neighbor_ridge,central_nervous_system,0,3,49,43.32232885942041,42.31615127021579,9492e163b6ef19b0563b1ce8302b8e8794e2e4c9c8031c62ff9774a3f63f6f58
thyroxine,direct_neighbor_ridge,endometrium,0,3,28,29.536630032087455,32.39008430499126,9492e163b6ef19b0563b1ce8302b8e8794e2e4c9c8031c62ff9774a3f63f6f58
thyroxine,direct_neighbor_ridge,kidney,0,3,23,11.540085560670612,11.049388818373123,9492e163b6ef19b0563b1ce8302b8e8794e2e4c9c8031c62ff9774a3f63f6f58
thyroxine,direct_neighbor_ridge,liver,0,3,25,22.33854502523402,20.72671093334933,9492e163b6ef19b0563b1ce8302b8e8794e2e4c9c8031c62ff9774a3f63f6f58
thyroxine,direct_neighbor_ridge,lung,0,4,176,128.9737535449484,136.2879049959858,cf9883e99ee1b956d01c2cb42a4d284b982ce23065d3616a5e1cced359e41fb5
thyroxine,direct_neighbor_ridge,bone,1,0,19,14.388154460841376,13.788549408054706,32d2e2f547f707a9f12d899e65a934275c9f49020e10d214973126d05910ec9c
thyroxine,direct_neighbor_ridge,ovary,1,0,45,36.287213791060346,39.994568391613825,32d2e2f547f707a9f12d899e65a934275c9f49020e10d214973126d05910ec9c
thyroxine,direct_neighbor_ridge,skin,1,0,52,36.818476542167986,37.84583317975304,32d2e2f547f707a9f12d899e65a934275c9f49020e10d214973126d05910ec9c
thyroxine,direct_neighbor_ridge,upper_aerodigestive_tract,1,0,30,22.076924911184282,18.718161824870098,32d2e2f547f707a9f12d899e65a934275c9f49020e10d214973126d05910ec9c
thyroxine,direct_neighbor_ridge,urinary_tract,1,0,25,13.828352670240749,13.48843693475817,32d2e2f547f707a9f12d899e65a934275c9f49020e10d214973126d05910ec9c
thyroxine,direct_neighbor_ridge,lung,1,1,176,128.9737535449484,136.2879049959858,cf9883e99ee1b956d01c2cb42a4d284b982ce23065d3616a5e1cced359e41fb5
thyroxine,direct_neighbor_ridge,autonomic_ganglia,1,2,16,13.651236928932127,15.40492572771767,db1ab3680dcfc2deb10e2511ec28b70b27966d5a436d724be48267bcbf200acf
thyroxine,direct_neighbor_ridge,haematopoietic_and_lymphoid_tissue,1,2,163,388.91756282382204,403.00036280182076,db1ab3680dcfc2deb10e2511ec28b70b27966d5a436d724be48267bcbf200acf
thyroxine,direct_neighbor_ridge,large_intestine,1,3,55,51.3145653075713,58.978927431708655,659dce4f66bf4ee0228513d024a4e287e9f1aa3957152332b1483ab0af67cb42
thyroxine,direct_neighbor_ridge,oesophagus,1,3,25,16.797658779259848,13.560858961946117,659dce4f66bf4ee0228513d024a4e287e9f1aa3957152332b1483ab0af67cb42
thyroxine,direct_neighbor_ridge,pancreas,1,3,41,33.593405974734864,32.127641118309995,659dce4f66bf4ee0228513d024a4e287e9f1aa3957152332b1483ab0af67cb42
thyroxine,direct_neighbor_ridge,soft_tissue,1,3,18,14.091424798369367,14.328350831834657,659dce4f66bf4ee0228513d024a4e287e9f1aa3957152332b1483ab0af67cb42
thyroxine,direct_neighbor_ridge,stomach,1,3,37,58.032714859796414,59.42522439923218,659dce4f66bf4ee0228513d024a4e287e9f1aa3957152332b1483ab0af67cb42
thyroxine,direct_neighbor_ridge,breast,1,4,49,50.73206858020894,53.56313837767444,9492e163b6ef19b0563b1ce8302b8e8794e2e4c9c8031c62ff9774a3f63f6f58
thyroxine,direct_neighbor_ridge,central_nervous_system,1,4,49,43.32232885942041,42.31615127021579,9492e163b6ef19b0563b1ce8302b8e8794e2e4c9c8031c62ff9774a3f63f6f58
thyroxine,direct_neighbor_ridge,endometrium,1,4,28,29.536630032087455,32.39008430499126,9492e163b6ef19b0563b1ce8302b8e8794e2e4c9c8031c62ff9774a3f63f6f58
thyroxine,direct_neighbor_ridge,kidney,1,4,23,11.540085560670612,11.049388818373123,9492e163b6ef19b0563b1ce8302b8e8794e2e4c9c8031c62ff9774a3f63f6f58
thyroxine,direct_neighbor_ridge,liver,1,4,25,22.33854502523402,20.72671093334933,9492e163b6ef19b0563b1ce8302b8e8794e2e4c9c8031c62ff9774a3f63f6f58
trimethylamine-N-oxide,direct_neighbor_ridge,autonomic_ganglia,0,0,16,16.33434146002574,16.042364743280093,db1ab3680dcfc2deb10e2511ec28b70b27966d5a436d724be48267bcbf200acf
trimethylamine-N-oxide,direct_neighbor_ridge,haematopoietic_and_lymphoid_tissue,0,0,163,360.0426989975217,322.5232551391506,db1ab3680dcfc2deb10e2511ec28b70b27966d5a436d724be48267bcbf200acf
trimethylamine-N-oxide,direct_neighbor_ridge,bone,0,1,19,8.360159510010389,8.354708986616746,32d2e2f547f707a9f12d899e65a934275c9f49020e10d214973126d05910ec9c
trimethylamine-N-oxide,direct_neighbor_ridge,ovary,0,1,45,24.570512936536662,24.5548292839874,32d2e2f547f707a9f12d899e65a934275c9f49020e10d214973126d05910ec9c
trimethylamine-N-oxide,direct_neighbor_ridge,skin,0,1,52,15.166812509069127,15.161771526238663,32d2e2f547f707a9f12d899e65a934275c9f49020e10d214973126d05910ec9c
trimethylamine-N-oxide,direct_neighbor_ridge,upper_aerodigestive_tract,0,1,30,10.289018141788992,10.280298171753588,32d2e2f547f707a9f12d899e65a934275c9f49020e10d214973126d05910ec9c
trimethylamine-N-oxide,direct_neighbor_ridge,urinary_tract,0,1,25,9.17014041935465,9.161731428672718,32d2e2f547f707a9f12d899e65a934275c9f49020e10d214973126d05910ec9c
trimethylamine-N-oxide,direct_neighbor_ridge,large_intestine,0,2,55,16.299019574597516,16.107369426224352,659dce4f66bf4ee0228513d024a4e287e9f1aa3957152332b1483ab0af67cb42
trimethylamine-N-oxide,direct_neighbor_ridge,oesophagus,0,2,25,12.039214958049339,12.128506705711338,659dce4f66bf4ee0228513d024a4e287e9f1aa3957152332b1483ab0af67cb42
trimethylamine-N-oxide,direct_neighbor_ridge,pancreas,0,2,41,21.08287114856401,20.98993669377335,659dce4f66bf4ee0228513d024a4e287e9f1aa3957152332b1483ab0af67cb42
trimethylamine-N-oxide,direct_neighbor_ridge,soft_tissue,0,2,18,8.478505606760425,8.641144832438014,659dce4f66bf4ee0228513d024a4e287e9f1aa3957152332b1483ab0af67cb42
trimethylamine-N-oxide,direct_neighbor_ridge,stomach,0,2,37,16.60962310662097,16.228104483554393,659dce4f66bf4ee0228513d024a4e287e9f1aa3957152332b1483ab0af67cb42
trimethylamine-N-oxide,direct_neighbor_ridge,breast,0,3,49,25.342929318600778,23.202762346140773,9492e163b6ef19b0563b1ce8302b8e8794e2e4c9c8031c62ff9774a3f63f6f58
trimethylamine-N-oxide,direct_neighbor_ridge,central_nervous_system,0,3,49,20.51415232975794,19.337048178611173,9492e163b6ef19b0563b1ce8302b8e8794e2e4c9c8031c62ff9774a3f63f6f58
trimethylamine-N-oxide,direct_neighbor_ridge,endometrium,0,3,28,9.685912889522191,9.199409058455924,9492e163b6ef19b0563b1ce8302b8e8794e2e4c9c8031c62ff9774a3f63f6f58
trimethylamine-N-oxide,direct_neighbor_ridge,kidney,0,3,23,7.681559825881906,7.5372756319292264,9492e163b6ef19b0563b1ce8302b8e8794e2e4c9c8031c62ff9774a3f63f6f58
trimethylamine-N-oxide,direct_neighbor_ridge,liver,0,3,25,8.466877915794251,7.854551247289013,9492e163b6ef19b0563b1ce8302b8e8794e2e4c9c8031c62ff9774a3f63f6f58
trimethylamine-N-oxide,direct_neighbor_ridge,lung,0,4,176,638.3693545945982,638.6174579923332,cf9883e99ee1b956d01c2cb42a4d284b982ce23065d3616a5e1cced359e41fb5
trimethylamine-N-oxide,direct_neighbor_ridge,bone,1,0,19,8.360159510010389,8.354708986616746,32d2e2f547f707a9f12d899e65a934275c9f49020e10d214973126d05910ec9c
trimethylamine-N-oxide,direct_neighbor_ridge,ovary,1,0,45,24.570512936536662,24.5548292839874,32d2e2f547f707a9f12d899e65a934275c9f49020e10d214973126d05910ec9c
trimethylamine-N-oxide,direct_neighbor_ridge,skin,1,0,52,15.166812509069127,15.161771526238663,32d2e2f547f707a9f12d899e65a934275c9f49020e10d214973126d05910ec9c
trimethylamine-N-oxide,direct_neighbor_ridge,upper_aerodigestive_tract,1,0,30,10.289018141788992,10.280298171753588,32d2e2f547f707a9f12d899e65a934275c9f49020e10d214973126d05910ec9c
trimethylamine-N-oxide,direct_neighbor_ridge,urinary_tract,1,0,25,9.17014041935465,9.161731428672718,32d2e2f547f707a9f12d899e65a934275c9f49020e10d214973126d05910ec9c
trimethylamine-N-oxide,direct_neighbor_ridge,lung,1,1,176,638.3693545945982,638.6174579923332,cf9883e99ee1b956d01c2cb42a4d284b982ce23065d3616a5e1cced359e41fb5
trimethylamine-N-oxide,direct_neighbor_ridge,autonomic_ganglia,1,2,16,16.33434146002574,16.042364743280093,db1ab3680dcfc2deb10e2511ec28b70b27966d5a436d724be48267bcbf200acf
trimethylamine-N-oxide,direct_neighbor_ridge,haematopoietic_and_lymphoid_tissue,1,2,163,360.0426989975217,322.5232551391506,db1ab3680dcfc2deb10e2511ec28b70b27966d5a436d724be48267bcbf200acf
trimethylamine-N-oxide,direct_neighbor_ridge,large_intestine,1,3,55,16.299019574597516,16.107369426224352,659dce4f66bf4ee0228513d024a4e287e9f1aa3957152332b1483ab0af67cb42
trimethylamine-N-oxide,direct_neighbor_ridge,oesophagus,1,3,25,12.039214958049339,12.128506705711338,659dce4f66bf4ee0228513d024a4e287e9f1aa3957152332b1483ab0af67cb42
trimethylamine-N-oxide,direct_neighbor_ridge,pancreas,1,3,41,21.08287114856401,20.98993669377335,659dce4f66bf4ee0228513d024a4e287e9f1aa3957152332b1483ab0af67cb42
trimethylamine-N-oxide,direct_neighbor_ridge,soft_tissue,1,3,18,8.478505606760425,8.641144832438014,659dce4f66bf4ee0228513d024a4e287e9f1aa3957152332b1483ab0af67cb42
trimethylamine-N-oxide,direct_neighbor_ridge,stomach,1,3,37,16.60962310662097,16.228104483554393,659dce4f66bf4ee0228513d024a4e287e9f1aa3957152332b1483ab0af67cb42
trimethylamine-N-oxide,direct_neighbor_ridge,breast,1,4,49,25.342929318600778,23.202762346140773,9492e163b6ef19b0563b1ce8302b8e8794e2e4c9c8031c62ff9774a3f63f6f58
trimethylamine-N-oxide,direct_neighbor_ridge,central_nervous_system,1,4,49,20.51415232975794,19.337048178611173,9492e163b6ef19b0563b1ce8302b8e8794e2e4c9c8031c62ff9774a3f63f6f58
trimethylamine-N-oxide,direct_neighbor_ridge,endometrium,1,4,28,9.685912889522191,9.199409058455924,9492e163b6ef19b0563b1ce8302b8e8794e2e4c9c8031c62ff9774a3f63f6f58
trimethylamine-N-oxide,direct_neighbor_ridge,kidney,1,4,23,7.681559825881906,7.5372756319292264,9492e163b6ef19b0563b1ce8302b8e8794e2e4c9c8031c62ff9774a3f63f6f58
trimethylamine-N-oxide,direct_neighbor_ridge,liver,1,4,25,8.466877915794251,7.854551247289013,9492e163b6ef19b0563b1ce8302b8e8794e2e4c9c8031c62ff9774a3f63f6f58
tyrosine,direct_neighbor_ridge,autonomic_ganglia,0,0,16,1.8653531578617484,15.544642051099757,db1ab3680dcfc2deb10e2511ec28b70b27966d5a436d724be48267bcbf200acf
tyrosine,direct_neighbor_ridge,haematopoietic_and_lymphoid_tissue,0,0,163,28.431524123112386,413.40928155551467,db1ab3680dcfc2deb10e2511ec28b70b27966d5a436d724be48267bcbf200acf
tyrosine,direct_neighbor_ridge,bone,0,1,19,4.648284101824989,19.85395414079074,32d2e2f547f707a9f12d899e65a934275c9f49020e10d214973126d05910ec9c
tyrosine,direct_neighbor_ridge,ovary,0,1,45,9.717689162066636,27.97316390361615,32d2e2f547f707a9f12d899e65a934275c9f49020e10d214973126d05910ec9c
tyrosine,direct_neighbor_ridge,skin,0,1,52,7.5635634193902,37.452778840989815,32d2e2f547f707a9f12d899e65a934275c9f49020e10d214973126d05910ec9c
tyrosine,direct_neighbor_ridge,upper_aerodigestive_tract,0,1,30,3.984270640014968,40.284647236250194,32d2e2f547f707a9f12d899e65a934275c9f49020e10d214973126d05910ec9c
tyrosine,direct_neighbor_ridge,urinary_tract,0,1,25,4.0843374604262666,33.073751329041045,32d2e2f547f707a9f12d899e65a934275c9f49020e10d214973126d05910ec9c
tyrosine,direct_neighbor_ridge,large_intestine,0,2,55,17.578845665340292,71.36971747198888,659dce4f66bf4ee0228513d024a4e287e9f1aa3957152332b1483ab0af67cb42
tyrosine,direct_neighbor_ridge,oesophagus,0,2,25,8.418267747701352,4.177262339914016,659dce4f66bf4ee0228513d024a4e287e9f1aa3957152332b1483ab0af67cb42
tyrosine,direct_neighbor_ridge,pancreas,0,2,41,10.256054874206118,23.851319522580063,659dce4f66bf4ee0228513d024a4e287e9f1aa3957152332b1483ab0af67cb42
tyrosine,direct_neighbor_ridge,soft_tissue,0,2,18,12.035822403195398,21.057053712439323,659dce4f66bf4ee0228513d024a4e287e9f1aa3957152332b1483ab0af67cb42
tyrosine,direct_neighbor_ridge,stomach,0,2,37,13.542952424022337,28.488603413286263,659dce4f66bf4ee0228513d024a4e287e9f1aa3957152332b1483ab0af67cb42
tyrosine,direct_neighbor_ridge,breast,0,3,49,5.346944246930412,36.24607981676664,9492e163b6ef19b0563b1ce8302b8e8794e2e4c9c8031c62ff9774a3f63f6f58
tyrosine,direct_neighbor_ridge,central_nervous_system,0,3,49,6.204188561497198,43.178128683923795,9492e163b6ef19b0563b1ce8302b8e8794e2e4c9c8031c62ff9774a3f63f6f58
tyrosine,direct_neighbor_ridge,endometrium,0,3,28,5.391525668235325,19.823761968507867,9492e163b6ef19b0563b1ce8302b8e8794e2e4c9c8031c62ff9774a3f63f6f58
tyrosine,direct_neighbor_ridge,kidney,0,3,23,2.5567119083255427,14.146434777526645,9492e163b6ef19b0563b1ce8302b8e8794e2e4c9c8031c62ff9774a3f63f6f58
tyrosine,direct_neighbor_ridge,liver,0,3,25,5.900928219720568,28.20579672887086,9492e163b6ef19b0563b1ce8302b8e8794e2e4c9c8031c62ff9774a3f63f6f58
tyrosine,direct_neighbor_ridge,lung,0,4,176,48.024217086581956,175.1753960867859,cf9883e99ee1b956d01c2cb42a4d284b982ce23065d3616a5e1cced359e41fb5
tyrosine,direct_neighbor_ridge,bone,1,0,19,4.648284101824989,19.85395414079074,32d2e2f547f707a9f12d899e65a934275c9f49020e10d214973126d05910ec9c
tyrosine,direct_neighbor_ridge,ovary,1,0,45,9.717689162066636,27.97316390361615,32d2e2f547f707a9f12d899e65a934275c9f49020e10d214973126d05910ec9c
tyrosine,direct_neighbor_ridge,skin,1,0,52,7.5635634193902,37.452778840989815,32d2e2f547f707a9f12d899e65a934275c9f49020e10d214973126d05910ec9c
tyrosine,direct_neighbor_ridge,upper_aerodigestive_tract,1,0,30,3.984270640014968,40.284647236250194,32d2e2f547f707a9f12d899e65a934275c9f49020e10d214973126d05910ec9c
tyrosine,direct_neighbor_ridge,urinary_tract,1,0,25,4.0843374604262666,33.073751329041045,32d2e2f547f707a9f12d899e65a934275c9f49020e10d214973126d05910ec9c
tyrosine,direct_neighbor_ridge,lung,1,1,176,48.024217086581956,175.1753960867859,cf9883e99ee1b956d01c2cb42a4d284b982ce23065d3616a5e1cced359e41fb5
tyrosine,direct_neighbor_ridge,autonomic_ganglia,1,2,16,1.8653531578617484,15.544642051099757,db1ab3680dcfc2deb10e2511ec28b70b27966d5a436d724be48267bcbf200acf
tyrosine,direct_neighbor_ridge,haematopoietic_and_lymphoid_tissue,1,2,163,28.431524123112386,413.40928155551467,db1ab3680dcfc2deb10e2511ec28b70b27966d5a436d724be48267bcbf200acf
tyrosine,direct_neighbor_ridge,large_intestine,1,3,55,17.578845665340292,71.36971747198888,659dce4f66bf4ee0228513d024a4e287e9f1aa3957152332b1483ab0af67cb42
tyrosine,direct_neighbor_ridge,oesophagus,1,3,25,8.418267747701352,4.177262339914016,659dce4f66bf4ee0228513d024a4e287e9f1aa3957152332b1483ab0af67cb42
tyrosine,direct_neighbor_ridge,pancreas,1,3,41,10.256054874206118,23.851319522580063,659dce4f66bf4ee0228513d024a4e287e9f1aa3957152332b1483ab0af67cb42
tyrosine,direct_neighbor_ridge,soft_tissue,1,3,18,12.035822403195398,21.057053712439323,659dce4f66bf4ee0228513d024a4e287e9f1aa3957152332b1483ab0af67cb42
tyrosine,direct_neighbor_ridge,stomach,1,3,37,13.542952424022337,28.488603413286263,659dce4f66bf4ee0228513d024a4e287e9f1aa3957152332b1483ab0af67cb42
tyrosine,direct_neighbor_ridge,breast,1,4,49,5.346944246930412,36.24607981676664,9492e163b6ef19b0563b1ce8302b8e8794e2e4c9c8031c62ff9774a3f63f6f58
tyrosine,direct_neighbor_ridge,central_nervous_system,1,4,49,6.204188561497198,43.178128683923795,9492e163b6ef19b0563b1ce8302b8e8794e2e4c9c8031c62ff9774a3f63f6f58
tyrosine,direct_neighbor_ridge,endometrium,1,4,28,5.391525668235325,19.823761968507867,9492e163b6ef19b0563b1ce8302b8e8794e2e4c9c8031c62ff9774a3f63f6f58
tyrosine,direct_neighbor_ridge,kidney,1,4,23,2.5567119083255427,14.146434777526645,9492e163b6ef19b0563b1ce8302b8e8794e2e4c9c8031c62ff9774a3f63f6f58
tyrosine,direct_neighbor_ridge,liver,1,4,25,5.900928219720568,28.20579672887086,9492e163b6ef19b0563b1ce8302b8e8794e2e4c9c8031c62ff9774a3f63f6f58
uracil,direct_neighbor_ridge,autonomic_ganglia,0,0,16,9.632541211331338,16.82185954687959,db1ab3680dcfc2deb10e2511ec28b70b27966d5a436d724be48267bcbf200acf
uracil,direct_neighbor_ridge,haematopoietic_and_lymphoid_tissue,0,0,163,241.74408497229211,499.46240894103335,db1ab3680dcfc2deb10e2511ec28b70b27966d5a436d724be48267bcbf200acf
uracil,direct_neighbor_ridge,bone,0,1,19,11.1462966029996,13.01795311399038,32d2e2f547f707a9f12d899e65a934275c9f49020e10d214973126d05910ec9c
uracil,direct_neighbor_ridge,ovary,0,1,45,22.014829975005117,31.211956103888646,32d2e2f547f707a9f12d899e65a934275c9f49020e10d214973126d05910ec9c
uracil,direct_neighbor_ridge,skin,0,1,52,16.86012738724591,29.39402785904294,32d2e2f547f707a9f12d899e65a934275c9f49020e10d214973126d05910ec9c
uracil,direct_neighbor_ridge,upper_aerodigestive_tract,0,1,30,17.772993143333686,23.783735421289588,32d2e2f547f707a9f12d899e65a934275c9f49020e10d214973126d05910ec9c
uracil,direct_neighbor_ridge,urinary_tract,0,1,25,18.098735304300405,16.40031026674138,32d2e2f547f707a9f12d899e65a934275c9f49020e10d214973126d05910ec9c
uracil,direct_neighbor_ridge,large_intestine,0,2,55,30.48391479807107,45.84466186871446,659dce4f66bf4ee0228513d024a4e287e9f1aa3957152332b1483ab0af67cb42
uracil,direct_neighbor_ridge,oesophagus,0,2,25,8.0522828628481,11.16378124041895,659dce4f66bf4ee0228513d024a4e287e9f1aa3957152332b1483ab0af67cb42
uracil,direct_neighbor_ridge,pancreas,0,2,41,48.99707646919295,49.286012332937624,659dce4f66bf4ee0228513d024a4e287e9f1aa3957152332b1483ab0af67cb42
uracil,direct_neighbor_ridge,soft_tissue,0,2,18,11.373266528830912,13.664384441281623,659dce4f66bf4ee0228513d024a4e287e9f1aa3957152332b1483ab0af67cb42
uracil,direct_neighbor_ridge,stomach,0,2,37,27.24604466718967,30.89146102242392,659dce4f66bf4ee0228513d024a4e287e9f1aa3957152332b1483ab0af67cb42
uracil,direct_neighbor_ridge,breast,0,3,49,24.476095585169418,46.008473116013214,9492e163b6ef19b0563b1ce8302b8e8794e2e4c9c8031c62ff9774a3f63f6f58
uracil,direct_neighbor_ridge,central_nervous_system,0,3,49,47.08672447420658,35.76234010271959,9492e163b6ef19b0563b1ce8302b8e8794e2e4c9c8031c62ff9774a3f63f6f58
uracil,direct_neighbor_ridge,endometrium,0,3,28,15.323842296990335,20.23602638942212,9492e163b6ef19b0563b1ce8302b8e8794e2e4c9c8031c62ff9774a3f63f6f58
uracil,direct_neighbor_ridge,kidney,0,3,23,8.05837999549531,12.109542677375716,9492e163b6ef19b0563b1ce8302b8e8794e2e4c9c8031c62ff9774a3f63f6f58
uracil,direct_neighbor_ridge,liver,0,3,25,16.467410164763262,20.53331403289586,9492e163b6ef19b0563b1ce8302b8e8794e2e4c9c8031c62ff9774a3f63f6f58
uracil,direct_neighbor_ridge,lung,0,4,176,118.67439278486708,167.93988247443946,cf9883e99ee1b956d01c2cb42a4d284b982ce23065d3616a5e1cced359e41fb5
uracil,direct_neighbor_ridge,bone,1,0,19,11.1462966029996,13.01795311399038,32d2e2f547f707a9f12d899e65a934275c9f49020e10d214973126d05910ec9c
uracil,direct_neighbor_ridge,ovary,1,0,45,22.014829975005117,31.211956103888646,32d2e2f547f707a9f12d899e65a934275c9f49020e10d214973126d05910ec9c
uracil,direct_neighbor_ridge,skin,1,0,52,16.86012738724591,29.39402785904294,32d2e2f547f707a9f12d899e65a934275c9f49020e10d214973126d05910ec9c
uracil,direct_neighbor_ridge,upper_aerodigestive_tract,1,0,30,17.772993143333686,23.783735421289588,32d2e2f547f707a9f12d899e65a934275c9f49020e10d214973126d05910ec9c
uracil,direct_neighbor_ridge,urinary_tract,1,0,25,18.098735304300405,16.40031026674138,32d2e2f547f707a9f12d899e65a934275c9f49020e10d214973126d05910ec9c
uracil,direct_neighbor_ridge,lung,1,1,176,118.45270752640153,167.93988247443946,cf9883e99ee1b956d01c2cb42a4d284b982ce23065d3616a5e1cced359e41fb5
uracil,direct_neighbor_ridge,autonomic_ganglia,1,2,16,9.632541211331338,16.82185954687959,db1ab3680dcfc2deb10e2511ec28b70b27966d5a436d724be48267bcbf200acf
uracil,direct_neighbor_ridge,haematopoietic_and_lymphoid_tissue,1,2,163,241.74408497229211,499.46240894103335,db1ab3680dcfc2deb10e2511ec28b70b27966d5a436d724be48267bcbf200acf
uracil,direct_neighbor_ridge,large_intestine,1,3,55,30.385278856739234,45.84466186871446,659dce4f66bf4ee0228513d024a4e287e9f1aa3957152332b1483ab0af67cb42
uracil,direct_neighbor_ridge,oesophagus,1,3,25,8.032729134920146,11.16378124041895,659dce4f66bf4ee0228513d024a4e287e9f1aa3957152332b1483ab0af67cb42
uracil,direct_neighbor_ridge,pancreas,1,3,41,48.86393053859943,49.286012332937624,659dce4f66bf4ee0228513d024a4e287e9f1aa3957152332b1483ab0af67cb42
uracil,direct_neighbor_ridge,soft_tissue,1,3,18,11.28395524414991,13.664384441281623,659dce4f66bf4ee0228513d024a4e287e9f1aa3957152332b1483ab0af67cb42
uracil,direct_neighbor_ridge,stomach,1,3,37,27.15104733730422,30.89146102242392,659dce4f66bf4ee0228513d024a4e287e9f1aa3957152332b1483ab0af67cb42
uracil,direct_neighbor_ridge,breast,1,4,49,24.476095585169418,46.008473116013214,9492e163b6ef19b0563b1ce8302b8e8794e2e4c9c8031c62ff9774a3f63f6f58
uracil,direct_neighbor_ridge,central_nervous_system,1,4,49,47.08672447420658,35.76234010271959,9492e163b6ef19b0563b1ce8302b8e8794e2e4c9c8031c62ff9774a3f63f6f58
uracil,direct_neighbor_ridge,endometrium,1,4,28,15.323842296990335,20.23602638942212,9492e163b6ef19b0563b1ce8302b8e8794e2e4c9c8031c62ff9774a3f63f6f58
uracil,direct_neighbor_ridge,kidney,1,4,23,8.05837999549531,12.109542677375716,9492e163b6ef19b0563b1ce8302b8e8794e2e4c9c8031c62ff9774a3f63f6f58
uracil,direct_neighbor_ridge,liver,1,4,25,16.467410164763262,20.53331403289586,9492e163b6ef19b0563b1ce8302b8e8794e2e4c9c8031c62ff9774a3f63f6f58
urate,direct_neighbor_ridge,autonomic_ganglia,0,0,16,14.317289979908317,16.037433759391128,db1ab3680dcfc2deb10e2511ec28b70b27966d5a436d724be48267bcbf200acf
urate,direct_neighbor_ridge,haematopoietic_and_lymphoid_tissue,0,0,163,104.00576442937785,209.1829177391799,db1ab3680dcfc2deb10e2511ec28b70b27966d5a436d724be48267bcbf200acf
urate,direct_neighbor_ridge,bone,0,1,19,9.605817226345103,12.742425990143293,32d2e2f547f707a9f12d899e65a934275c9f49020e10d214973126d05910ec9c
urate,direct_neighbor_ridge,ovary,0,1,45,58.65497994797013,57.00241033794912,32d2e2f547f707a9f12d899e65a934275c9f49020e10d214973126d05910ec9c
urate,direct_neighbor_ridge,skin,0,1,52,32.350131737036406,37.93269673529344,32d2e2f547f707a9f12d899e65a934275c9f49020e10d214973126d05910ec9c
urate,direct_neighbor_ridge,upper_aerodigestive_tract,0,1,30,10.808983810892045,16.88849122789896,32d2e2f547f707a9f12d899e65a934275c9f49020e10d214973126d05910ec9c
urate,direct_neighbor_ridge,urinary_tract,0,1,25,10.857506718128253,12.90358447950893,32d2e2f547f707a9f12d899e65a934275c9f49020e10d214973126d05910ec9c
urate,direct_neighbor_ridge,large_intestine,0,2,55,40.07787753146822,52.14990836746471,659dce4f66bf4ee0228513d024a4e287e9f1aa3957152332b1483ab0af67cb42
urate,direct_neighbor_ridge,oesophagus,0,2,25,18.31112979101235,15.727881724871766,659dce4f66bf4ee0228513d024a4e287e9f1aa3957152332b1483ab0af67cb42
urate,direct_neighbor_ridge,pancreas,0,2,41,19.11794109843956,24.771746925748683,659dce4f66bf4ee0228513d024a4e287e9f1aa3957152332b1483ab0af67cb42
urate,direct_neighbor_ridge,soft_tissue,0,2,18,20.259780921195357,18.376625011496078,659dce4f66bf4ee0228513d024a4e287e9f1aa3957152332b1483ab0af67cb42
urate,direct_neighbor_ridge,stomach,0,2,37,37.10591555401578,37.470714465867395,659dce4f66bf4ee0228513d024a4e287e9f1aa3957152332b1483ab0af67cb42
urate,direct_neighbor_ridge,breast,0,3,49,45.33362776612144,54.419075035178494,9492e163b6ef19b0563b1ce8302b8e8794e2e4c9c8031c62ff9774a3f63f6f58
urate,direct_neighbor_ridge,central_nervous_system,0,3,49,23.08956748810003,29.856703938707458,9492e163b6ef19b0563b1ce8302b8e8794e2e4c9c8031c62ff9774a3f63f6f58
urate,direct_neighbor_ridge,endometrium,0,3,28,19.42735392421192,22.61137262192783,9492e163b6ef19b0563b1ce8302b8e8794e2e4c9c8031c62ff9774a3f63f6f58
urate,direct_neighbor_ridge,kidney,0,3,23,16.231772691661828,19.98453296924873,9492e163b6ef19b0563b1ce8302b8e8794e2e4c9c8031c62ff9774a3f63f6f58
urate,direct_neighbor_ridge,liver,0,3,25,13.192653561352424,19.648263466404583,9492e163b6ef19b0563b1ce8302b8e8794e2e4c9c8031c62ff9774a3f63f6f58
urate,direct_neighbor_ridge,lung,0,4,176,252.26874446726418,283.27782387980596,cf9883e99ee1b956d01c2cb42a4d284b982ce23065d3616a5e1cced359e41fb5
urate,direct_neighbor_ridge,bone,1,0,19,9.605817226345103,12.742425990143293,32d2e2f547f707a9f12d899e65a934275c9f49020e10d214973126d05910ec9c
urate,direct_neighbor_ridge,ovary,1,0,45,58.65497994797013,57.00241033794912,32d2e2f547f707a9f12d899e65a934275c9f49020e10d214973126d05910ec9c
urate,direct_neighbor_ridge,skin,1,0,52,32.350131737036406,37.93269673529344,32d2e2f547f707a9f12d899e65a934275c9f49020e10d214973126d05910ec9c
urate,direct_neighbor_ridge,upper_aerodigestive_tract,1,0,30,10.808983810892045,16.88849122789896,32d2e2f547f707a9f12d899e65a934275c9f49020e10d214973126d05910ec9c
urate,direct_neighbor_ridge,urinary_tract,1,0,25,10.857506718128253,12.90358447950893,32d2e2f547f707a9f12d899e65a934275c9f49020e10d214973126d05910ec9c
urate,direct_neighbor_ridge,lung,1,1,176,253.20854888864528,283.27782387980596,cf9883e99ee1b956d01c2cb42a4d284b982ce23065d3616a5e1cced359e41fb5
urate,direct_neighbor_ridge,autonomic_ganglia,1,2,16,14.421893724490225,16.037433759391128,db1ab3680dcfc2deb10e2511ec28b70b27966d5a436d724be48267bcbf200acf
urate,direct_neighbor_ridge,haematopoietic_and_lymphoid_tissue,1,2,163,112.0068885571539,209.1829177391799,db1ab3680dcfc2deb10e2511ec28b70b27966d5a436d724be48267bcbf200acf
urate,direct_neighbor_ridge,large_intestine,1,3,55,40.07787753146822,52.14990836746471,659dce4f66bf4ee0228513d024a4e287e9f1aa3957152332b1483ab0af67cb42
urate,direct_neighbor_ridge,oesophagus,1,3,25,18.31112979101235,15.727881724871766,659dce4f66bf4ee0228513d024a4e287e9f1aa3957152332b1483ab0af67cb42
urate,direct_neighbor_ridge,pancreas,1,3,41,19.11794109843956,24.771746925748683,659dce4f66bf4ee0228513d024a4e287e9f1aa3957152332b1483ab0af67cb42
urate,direct_neighbor_ridge,soft_tissue,1,3,18,20.259780921195357,18.376625011496078,659dce4f66bf4ee0228513d024a4e287e9f1aa3957152332b1483ab0af67cb42
urate,direct_neighbor_ridge,stomach,1,3,37,37.10591555401578,37.470714465867395,659dce4f66bf4ee0228513d024a4e287e9f1aa3957152332b1483ab0af67cb42
urate,direct_neighbor_ridge,breast,1,4,49,45.33362776612144,54.419075035178494,9492e163b6ef19b0563b1ce8302b8e8794e2e4c9c8031c62ff9774a3f63f6f58
urate,direct_neighbor_ridge,central_nervous_system,1,4,49,23.08956748810003,29.856703938707458,9492e163b6ef19b0563b1ce8302b8e8794e2e4c9c8031c62ff9774a3f63f6f58
urate,direct_neighbor_ridge,endometrium,1,4,28,19.42735392421192,22.61137262192783,9492e163b6ef19b0563b1ce8302b8e8794e2e4c9c8031c62ff9774a3f63f6f58
urate,direct_neighbor_ridge,kidney,1,4,23,16.231772691661828,19.98453296924873,9492e163b6ef19b0563b1ce8302b8e8794e2e4c9c8031c62ff9774a3f63f6f58
urate,direct_neighbor_ridge,liver,1,4,25,13.192653561352424,19.648263466404583,9492e163b6ef19b0563b1ce8302b8e8794e2e4c9c8031c62ff9774a3f63f6f58
uridine,direct_neighbor_ridge,autonomic_ganglia,0,0,16,53.69170277798909,55.946004491412296,db1ab3680dcfc2deb10e2511ec28b70b27966d5a436d724be48267bcbf200acf
uridine,direct_neighbor_ridge,haematopoietic_and_lymphoid_tissue,0,0,163,392.7574874922692,522.1138611855528,db1ab3680dcfc2deb10e2511ec28b70b27966d5a436d724be48267bcbf200acf
uridine,direct_neighbor_ridge,bone,0,1,19,12.97236036747968,18.61792068168126,32d2e2f547f707a9f12d899e65a934275c9f49020e10d214973126d05910ec9c
uridine,direct_neighbor_ridge,ovary,0,1,45,21.602823316512296,22.5844845363011,32d2e2f547f707a9f12d899e65a934275c9f49020e10d214973126d05910ec9c
uridine,direct_neighbor_ridge,skin,0,1,52,17.70857088829629,18.817699150012256,32d2e2f547f707a9f12d899e65a934275c9f49020e10d214973126d05910ec9c
uridine,direct_neighbor_ridge,upper_aerodigestive_tract,0,1,30,11.891902927068106,10.432247565132,32d2e2f547f707a9f12d899e65a934275c9f49020e10d214973126d05910ec9c
uridine,direct_neighbor_ridge,urinary_tract,0,1,25,12.52424789956184,13.017015162067509,32d2e2f547f707a9f12d899e65a934275c9f49020e10d214973126d05910ec9c
uridine,direct_neighbor_ridge,large_intestine,0,2,55,44.77905303146298,56.88903722563451,659dce4f66bf4ee0228513d024a4e287e9f1aa3957152332b1483ab0af67cb42
uridine,direct_neighbor_ridge,oesophagus,0,2,25,10.970772968872728,10.544264585516814,659dce4f66bf4ee0228513d024a4e287e9f1aa3957152332b1483ab0af67cb42
uridine,direct_neighbor_ridge,pancreas,0,2,41,14.4244119363668,13.219255814162224,659dce4f66bf4ee0228513d024a4e287e9f1aa3957152332b1483ab0af67cb42
uridine,direct_neighbor_ridge,soft_tissue,0,2,18,24.892656900072392,16.54983361890276,659dce4f66bf4ee0228513d024a4e287e9f1aa3957152332b1483ab0af67cb42
uridine,direct_neighbor_ridge,stomach,0,2,37,28.570279407630412,33.116412693077834,659dce4f66bf4ee0228513d024a4e287e9f1aa3957152332b1483ab0af67cb42
uridine,direct_neighbor_ridge,breast,0,3,49,40.74610900878114,37.405554023092314,9492e163b6ef19b0563b1ce8302b8e8794e2e4c9c8031c62ff9774a3f63f6f58
uridine,direct_neighbor_ridge,central_nervous_system,0,3,49,20.36720176342325,17.790468564884293,9492e163b6ef19b0563b1ce8302b8e8794e2e4c9c8031c62ff9774a3f63f6f58
uridine,direct_neighbor_ridge,endometrium,0,3,28,19.236388724606815,25.054654360624554,9492e163b6ef19b0563b1ce8302b8e8794e2e4c9c8031c62ff9774a3f63f6f58
uridine,direct_neighbor_ridge,kidney,0,3,23,10.262423755318437,10.966289871625598,9492e163b6ef19b0563b1ce8302b8e8794e2e4c9c8031c62ff9774a3f63f6f58
uridine,direct_neighbor_ridge,liver,0,3,25,13.299980250363754,13.11021919044888,9492e163b6ef19b0563b1ce8302b8e8794e2e4c9c8031c62ff9774a3f63f6f58
uridine,direct_neighbor_ridge,lung,0,4,176,132.8572507922399,135.7546928193319,cf9883e99ee1b956d01c2cb42a4d284b982ce23065d3616a5e1cced359e41fb5
uridine,direct_neighbor_ridge,bone,1,0,19,12.97236036747968,18.61792068168126,32d2e2f547f707a9f12d899e65a934275c9f49020e10d214973126d05910ec9c
uridine,direct_neighbor_ridge,ovary,1,0,45,21.602823316512296,22.5844845363011,32d2e2f547f707a9f12d899e65a934275c9f49020e10d214973126d05910ec9c
uridine,direct_neighbor_ridge,skin,1,0,52,17.70857088829629,18.817699150012256,32d2e2f547f707a9f12d899e65a934275c9f49020e10d214973126d05910ec9c
uridine,direct_neighbor_ridge,upper_aerodigestive_tract,1,0,30,11.891902927068106,10.432247565132,32d2e2f547f707a9f12d899e65a934275c9f49020e10d214973126d05910ec9c
uridine,direct_neighbor_ridge,urinary_tract,1,0,25,12.52424789956184,13.017015162067509,32d2e2f547f707a9f12d899e65a934275c9f49020e10d214973126d05910ec9c
uridine,direct_neighbor_ridge,lung,1,1,176,132.8572507922399,135.7546928193319,cf9883e99ee1b956d01c2cb42a4d284b982ce23065d3616a5e1cced359e41fb5
uridine,direct_neighbor_ridge,autonomic_ganglia,1,2,16,53.69170277798909,55.946004491412296,db1ab3680dcfc2deb10e2511ec28b70b27966d5a436d724be48267bcbf200acf
uridine,direct_neighbor_ridge,haematopoietic_and_lymphoid_tissue,1,2,163,392.7574874922692,522.1138611855528,db1ab3680dcfc2deb10e2511ec28b70b27966d5a436d724be48267bcbf200acf
uridine,direct_neighbor_ridge,large_intestine,1,3,55,45.18954240669416,56.88903722563451,659dce4f66bf4ee0228513d024a4e287e9f1aa3957152332b1483ab0af67cb42
uridine,direct_neighbor_ridge,oesophagus,1,3,25,10.656504294028075,10.544264585516814,659dce4f66bf4ee0228513d024a4e287e9f1aa3957152332b1483ab0af67cb42
uridine,direct_neighbor_ridge,pancreas,1,3,41,14.146496987740358,13.219255814162224,659dce4f66bf4ee0228513d024a4e287e9f1aa3957152332b1483ab0af67cb42
uridine,direct_neighbor_ridge,soft_tissue,1,3,18,23.695735951391303,16.54983361890276,659dce4f66bf4ee0228513d024a4e287e9f1aa3957152332b1483ab0af67cb42
uridine,direct_neighbor_ridge,stomach,1,3,37,28.634341934558048,33.116412693077834,659dce4f66bf4ee0228513d024a4e287e9f1aa3957152332b1483ab0af67cb42
uridine,direct_neighbor_ridge,breast,1,4,49,40.74610900878114,37.405554023092314,9492e163b6ef19b0563b1ce8302b8e8794e2e4c9c8031c62ff9774a3f63f6f58
uridine,direct_neighbor_ridge,central_nervous_system,1,4,49,20.36720176342325,17.790468564884293,9492e163b6ef19b0563b1ce8302b8e8794e2e4c9c8031c62ff9774a3f63f6f58
uridine,direct_neighbor_ridge,endometrium,1,4,28,19.236388724606815,25.054654360624554,9492e163b6ef19b0563b1ce8302b8e8794e2e4c9c8031c62ff9774a3f63f6f58
uridine,direct_neighbor_ridge,kidney,1,4,23,10.262423755318437,10.966289871625598,9492e163b6ef19b0563b1ce8302b8e8794e2e4c9c8031c62ff9774a3f63f6f58
uridine,direct_neighbor_ridge,liver,1,4,25,13.299980250363754,13.11021919044888,9492e163b6ef19b0563b1ce8302b8e8794e2e4c9c8031c62ff9774a3f63f6f58
valine,direct_neighbor_ridge,autonomic_ganglia,0,0,16,13.278744030083159,14.749404555042048,db1ab3680dcfc2deb10e2511ec28b70b27966d5a436d724be48267bcbf200acf
valine,direct_neighbor_ridge,haematopoietic_and_lymphoid_tissue,0,0,163,170.46229328278383,305.66547902841853,db1ab3680dcfc2deb10e2511ec28b70b27966d5a436d724be48267bcbf200acf
valine,direct_neighbor_ridge,bone,0,1,19,17.504904352795318,25.746360066965646,32d2e2f547f707a9f12d899e65a934275c9f49020e10d214973126d05910ec9c
valine,direct_neighbor_ridge,ovary,0,1,45,27.484813349336576,35.22467884318992,32d2e2f547f707a9f12d899e65a934275c9f49020e10d214973126d05910ec9c
valine,direct_neighbor_ridge,skin,0,1,52,60.146053198354586,69.638587472986,32d2e2f547f707a9f12d899e65a934275c9f49020e10d214973126d05910ec9c
valine,direct_neighbor_ridge,upper_aerodigestive_tract,0,1,30,45.19128448997778,55.11968776989112,32d2e2f547f707a9f12d899e65a934275c9f49020e10d214973126d05910ec9c
valine,direct_neighbor_ridge,urinary_tract,0,1,25,28.967784755118906,35.37830108889244,32d2e2f547f707a9f12d899e65a934275c9f49020e10d214973126d05910ec9c
valine,direct_neighbor_ridge,large_intestine,0,2,55,50.38219173195999,63.42122120020647,659dce4f66bf4ee0228513d024a4e287e9f1aa3957152332b1483ab0af67cb42
valine,direct_neighbor_ridge,oesophagus,0,2,25,16.108478430185237,14.693053756718601,659dce4f66bf4ee0228513d024a4e287e9f1aa3957152332b1483ab0af67cb42
valine,direct_neighbor_ridge,pancreas,0,2,41,25.05888075980848,22.316113319775205,659dce4f66bf4ee0228513d024a4e287e9f1aa3957152332b1483ab0af67cb42
valine,direct_neighbor_ridge,soft_tissue,0,2,18,11.141450641895634,11.144271941300788,659dce4f66bf4ee0228513d024a4e287e9f1aa3957152332b1483ab0af67cb42
valine,direct_neighbor_ridge,stomach,0,2,37,24.860156744592008,25.423547483784045,659dce4f66bf4ee0228513d024a4e287e9f1aa3957152332b1483ab0af67cb42
valine,direct_neighbor_ridge,breast,0,3,49,31.512921722525345,37.683475247385836,9492e163b6ef19b0563b1ce8302b8e8794e2e4c9c8031c62ff9774a3f63f6f58
valine,direct_neighbor_ridge,central_nervous_system,0,3,49,42.461997427656954,54.38458456325798,9492e163b6ef19b0563b1ce8302b8e8794e2e4c9c8031c62ff9774a3f63f6f58
valine,direct_neighbor_ridge,endometrium,0,3,28,15.647465409739072,20.47180899759318,9492e163b6ef19b0563b1ce8302b8e8794e2e4c9c8031c62ff9774a3f63f6f58
valine,direct_neighbor_ridge,kidney,0,3,23,13.09826599946404,21.128323547624287,9492e163b6ef19b0563b1ce8302b8e8794e2e4c9c8031c62ff9774a3f63f6f58
valine,direct_neighbor_ridge,liver,0,3,25,25.97075920725278,22.929086975011735,9492e163b6ef19b0563b1ce8302b8e8794e2e4c9c8031c62ff9774a3f63f6f58
valine,direct_neighbor_ridge,lung,0,4,176,149.73028050064534,155.67495648545167,cf9883e99ee1b956d01c2cb42a4d284b982ce23065d3616a5e1cced359e41fb5
valine,direct_neighbor_ridge,bone,1,0,19,17.504904352795318,25.746360066965646,32d2e2f547f707a9f12d899e65a934275c9f49020e10d214973126d05910ec9c
valine,direct_neighbor_ridge,ovary,1,0,45,27.484813349336576,35.22467884318992,32d2e2f547f707a9f12d899e65a934275c9f49020e10d214973126d05910ec9c
valine,direct_neighbor_ridge,skin,1,0,52,60.146053198354586,69.638587472986,32d2e2f547f707a9f12d899e65a934275c9f49020e10d214973126d05910ec9c
valine,direct_neighbor_ridge,upper_aerodigestive_tract,1,0,30,45.19128448997778,55.11968776989112,32d2e2f547f707a9f12d899e65a934275c9f49020e10d214973126d05910ec9c
valine,direct_neighbor_ridge,urinary_tract,1,0,25,28.967784755118906,35.37830108889244,32d2e2f547f707a9f12d899e65a934275c9f49020e10d214973126d05910ec9c
valine,direct_neighbor_ridge,lung,1,1,176,149.73028050064534,155.67495648545167,cf9883e99ee1b956d01c2cb42a4d284b982ce23065d3616a5e1cced359e41fb5
valine,direct_neighbor_ridge,autonomic_ganglia,1,2,16,13.278744030083159,14.749404555042048,db1ab3680dcfc2deb10e2511ec28b70b27966d5a436d724be48267bcbf200acf
valine,direct_neighbor_ridge,haematopoietic_and_lymphoid_tissue,1,2,163,170.46229328278383,305.66547902841853,db1ab3680dcfc2deb10e2511ec28b70b27966d5a436d724be48267bcbf200acf
valine,direct_neighbor_ridge,large_intestine,1,3,55,50.38219173195999,63.42122120020647,659dce4f66bf4ee0228513d024a4e287e9f1aa3957152332b1483ab0af67cb42
valine,direct_neighbor_ridge,oesophagus,1,3,25,16.108478430185237,14.693053756718601,659dce4f66bf4ee0228513d024a4e287e9f1aa3957152332b1483ab0af67cb42
valine,direct_neighbor_ridge,pancreas,1,3,41,25.05888075980848,22.316113319775205,659dce4f66bf4ee0228513d024a4e287e9f1aa3957152332b1483ab0af67cb42
valine,direct_neighbor_ridge,soft_tissue,1,3,18,11.141450641895634,11.144271941300788,659dce4f66bf4ee0228513d024a4e287e9f1aa3957152332b1483ab0af67cb42
valine,direct_neighbor_ridge,stomach,1,3,37,24.860156744592008,25.423547483784045,659dce4f66bf4ee0228513d024a4e287e9f1aa3957152332b1483ab0af67cb42
valine,direct_neighbor_ridge,breast,1,4,49,31.512921722525345,37.683475247385836,9492e163b6ef19b0563b1ce8302b8e8794e2e4c9c8031c62ff9774a3f63f6f58
valine,direct_neighbor_ridge,central_nervous_system,1,4,49,42.461997427656954,54.38458456325798,9492e163b6ef19b0563b1ce8302b8e8794e2e4c9c8031c62ff9774a3f63f6f58
valine,direct_neighbor_ridge,endometrium,1,4,28,15.647465409739072,20.47180899759318,9492e163b6ef19b0563b1ce8302b8e8794e2e4c9c8031c62ff9774a3f63f6f58
valine,direct_neighbor_ridge,kidney,1,4,23,13.09826599946404,21.128323547624287,9492e163b6ef19b0563b1ce8302b8e8794e2e4c9c8031c62ff9774a3f63f6f58
valine,direct_neighbor_ridge,liver,1,4,25,25.97075920725278,22.929086975011735,9492e163b6ef19b0563b1ce8302b8e8794e2e4c9c8031c62ff9774a3f63f6f58
xanthine,direct_neighbor_ridge,autonomic_ganglia,0,0,16,20.235626279232015,33.11751451663089,db1ab3680dcfc2deb10e2511ec28b70b27966d5a436d724be48267bcbf200acf
xanthine,direct_neighbor_ridge,haematopoietic_and_lymphoid_tissue,0,0,163,579.4800021265248,869.0735041883507,db1ab3680dcfc2deb10e2511ec28b70b27966d5a436d724be48267bcbf200acf
xanthine,direct_neighbor_ridge,bone,0,1,19,10.197798457707988,12.787957670491874,32d2e2f547f707a9f12d899e65a934275c9f49020e10d214973126d05910ec9c
xanthine,direct_neighbor_ridge,ovary,0,1,45,19.519864957597065,27.936624934023452,32d2e2f547f707a9f12d899e65a934275c9f49020e10d214973126d05910ec9c
xanthine,direct_neighbor_ridge,skin,0,1,52,14.276227444047311,17.9925231155266,32d2e2f547f707a9f12d899e65a934275c9f49020e10d214973126d05910ec9c
xanthine,direct_neighbor_ridge,upper_aerodigestive_tract,0,1,30,10.279022485724948,12.328299719164939,32d2e2f547f707a9f12d899e65a934275c9f49020e10d214973126d05910ec9c
xanthine,direct_neighbor_ridge,urinary_tract,0,1,25,11.19131651070743,11.198277703007664,32d2e2f547f707a9f12d899e65a934275c9f49020e10d214973126d05910ec9c
xanthine,direct_neighbor_ridge,large_intestine,0,2,55,33.40675898803099,33.3462413234663,659dce4f66bf4ee0228513d024a4e287e9f1aa3957152332b1483ab0af67cb42
xanthine,direct_neighbor_ridge,oesophagus,0,2,25,11.989567057408742,8.017569257089496,659dce4f66bf4ee0228513d024a4e287e9f1aa3957152332b1483ab0af67cb42
xanthine,direct_neighbor_ridge,pancreas,0,2,41,23.808828339945258,24.314286851097215,659dce4f66bf4ee0228513d024a4e287e9f1aa3957152332b1483ab0af67cb42
xanthine,direct_neighbor_ridge,soft_tissue,0,2,18,12.312231121751571,16.90944806332515,659dce4f66bf4ee0228513d024a4e287e9f1aa3957152332b1483ab0af67cb42
xanthine,direct_neighbor_ridge,stomach,0,2,37,28.289398121808482,25.774907517052316,659dce4f66bf4ee0228513d024a4e287e9f1aa3957152332b1483ab0af67cb42
xanthine,direct_neighbor_ridge,breast,0,3,49,34.08189956427297,46.704159241409286,9492e163b6ef19b0563b1ce8302b8e8794e2e4c9c8031c62ff9774a3f63f6f58
xanthine,direct_neighbor_ridge,central_nervous_system,0,3,49,16.207212853965075,23.78334758500866,9492e163b6ef19b0563b1ce8302b8e8794e2e4c9c8031c62ff9774a3f63f6f58
xanthine,direct_neighbor_ridge,endometrium,0,3,28,11.945164093534824,21.2222000708111,9492e163b6ef19b0563b1ce8302b8e8794e2e4c9c8031c62ff9774a3f63f6f58
xanthine,direct_neighbor_ridge,kidney,0,3,23,6.827649366260312,9.570696657651318,9492e163b6ef19b0563b1ce8302b8e8794e2e4c9c8031c62ff9774a3f63f6f58
xanthine,direct_neighbor_ridge,liver,0,3,25,6.406472882403367,16.45648434616125,9492e163b6ef19b0563b1ce8302b8e8794e2e4c9c8031c62ff9774a3f63f6f58
xanthine,direct_neighbor_ridge,lung,0,4,176,121.09197794302696,160.4612116741083,cf9883e99ee1b956d01c2cb42a4d284b982ce23065d3616a5e1cced359e41fb5
xanthine,direct_neighbor_ridge,bone,1,0,19,10.197798457707988,12.787957670491874,32d2e2f547f707a9f12d899e65a934275c9f49020e10d214973126d05910ec9c
xanthine,direct_neighbor_ridge,ovary,1,0,45,19.519864957597065,27.936624934023452,32d2e2f547f707a9f12d899e65a934275c9f49020e10d214973126d05910ec9c
xanthine,direct_neighbor_ridge,skin,1,0,52,14.276227444047311,17.9925231155266,32d2e2f547f707a9f12d899e65a934275c9f49020e10d214973126d05910ec9c
xanthine,direct_neighbor_ridge,upper_aerodigestive_tract,1,0,30,10.279022485724948,12.328299719164939,32d2e2f547f707a9f12d899e65a934275c9f49020e10d214973126d05910ec9c
xanthine,direct_neighbor_ridge,urinary_tract,1,0,25,11.19131651070743,11.198277703007664,32d2e2f547f707a9f12d899e65a934275c9f49020e10d214973126d05910ec9c
xanthine,direct_neighbor_ridge,lung,1,1,176,121.09197794302696,160.4612116741083,cf9883e99ee1b956d01c2cb42a4d284b982ce23065d3616a5e1cced359e41fb5
xanthine,direct_neighbor_ridge,autonomic_ganglia,1,2,16,20.235626279232015,33.11751451663089,db1ab3680dcfc2deb10e2511ec28b70b27966d5a436d724be48267bcbf200acf
xanthine,direct_neighbor_ridge,haematopoietic_and_lymphoid_tissue,1,2,163,579.4800021265248,869.0735041883507,db1ab3680dcfc2deb10e2511ec28b70b27966d5a436d724be48267bcbf200acf
xanthine,direct_neighbor_ridge,large_intestine,1,3,55,33.40675898803099,33.3462413234663,659dce4f66bf4ee0228513d024a4e287e9f1aa3957152332b1483ab0af67cb42
xanthine,direct_neighbor_ridge,oesophagus,1,3,25,11.989567057408742,8.017569257089496,659dce4f66bf4ee0228513d024a4e287e9f1aa3957152332b1483ab0af67cb42
xanthine,direct_neighbor_ridge,pancreas,1,3,41,23.808828339945258,24.314286851097215,659dce4f66bf4ee0228513d024a4e287e9f1aa3957152332b1483ab0af67cb42
xanthine,direct_neighbor_ridge,soft_tissue,1,3,18,12.312231121751571,16.90944806332515,659dce4f66bf4ee0228513d024a4e287e9f1aa3957152332b1483ab0af67cb42
xanthine,direct_neighbor_ridge,stomach,1,3,37,28.289398121808482,25.774907517052316,659dce4f66bf4ee0228513d024a4e287e9f1aa3957152332b1483ab0af67cb42
xanthine,direct_neighbor_ridge,breast,1,4,49,34.08142115601961,46.704159241409286,9492e163b6ef19b0563b1ce8302b8e8794e2e4c9c8031c62ff9774a3f63f6f58
xanthine,direct_neighbor_ridge,central_nervous_system,1,4,49,16.21812172069231,23.78334758500866,9492e163b6ef19b0563b1ce8302b8e8794e2e4c9c8031c62ff9774a3f63f6f58
xanthine,direct_neighbor_ridge,endometrium,1,4,28,11.946425802550731,21.2222000708111,9492e163b6ef19b0563b1ce8302b8e8794e2e4c9c8031c62ff9774a3f63f6f58
xanthine,direct_neighbor_ridge,kidney,1,4,23,6.830904537090926,9.570696657651318,9492e163b6ef19b0563b1ce8302b8e8794e2e4c9c8031c62ff9774a3f63f6f58
xanthine,direct_neighbor_ridge,liver,1,4,25,6.400227897678914,16.45648434616125,9492e163b6ef19b0563b1ce8302b8e8794e2e4c9c8031c62ff9774a3f63f6f58
xanthosine,direct_neighbor_ridge,autonomic_ganglia,0,0,16,8.13995701111376,11.008198663553578,db1ab3680dcfc2deb10e2511ec28b70b27966d5a436d724be48267bcbf200acf
xanthosine,direct_neighbor_ridge,haematopoietic_and_lymphoid_tissue,0,0,163,287.7783616156603,441.2936332324988,db1ab3680dcfc2deb10e2511ec28b70b27966d5a436d724be48267bcbf200acf
xanthosine,direct_neighbor_ridge,bone,0,1,19,7.808479102434616,11.043281048783864,32d2e2f547f707a9f12d899e65a934275c9f49020e10d214973126d05910ec9c
xanthosine,direct_neighbor_ridge,ovary,0,1,45,19.333571721621297,26.26572238488897,32d2e2f547f707a9f12d899e65a934275c9f49020e10d214973126d05910ec9c
xanthosine,direct_neighbor_ridge,skin,0,1,52,9.95794614924236,13.472059766737333,32d2e2f547f707a9f12d899e65a934275c9f49020e10d214973126d05910ec9c
xanthosine,direct_neighbor_ridge,upper_aerodigestive_tract,0,1,30,10.418030466285623,10.642069353386418,32d2e2f547f707a9f12d899e65a934275c9f49020e10d214973126d05910ec9c
xanthosine,direct_neighbor_ridge,urinary_tract,0,1,25,8.601668975630497,8.25905430372015,32d2e2f547f707a9f12d899e65a934275c9f49020e10d214973126d05910ec9c
xanthosine,direct_neighbor_ridge,large_intestine,0,2,55,55.82291961209529,51.228898375660066,659dce4f66bf4ee0228513d024a4e287e9f1aa3957152332b1483ab0af67cb42
xanthosine,direct_neighbor_ridge,oesophagus,0,2,25,23.874491731117715,12.233475224941403,659dce4f66bf4ee0228513d024a4e287e9f1aa3957152332b1483ab0af67cb42
xanthosine,direct_neighbor_ridge,pancreas,0,2,41,16.011707783372778,18.04293717632629,659dce4f66bf4ee0228513d024a4e287e9f1aa3957152332b1483ab0af67cb42
xanthosine,direct_neighbor_ridge,soft_tissue,0,2,18,11.631861792727145,17.282931220467947,659dce4f66bf4ee0228513d024a4e287e9f1aa3957152332b1483ab0af67cb42
xanthosine,direct_neighbor_ridge,stomach,0,2,37,23.13394582035294,27.57073682162232,659dce4f66bf4ee0228513d024a4e287e9f1aa3957152332b1483ab0af67cb42
xanthosine,direct_neighbor_ridge,breast,0,3,49,53.379251457064356,64.26581063723616,9492e163b6ef19b0563b1ce8302b8e8794e2e4c9c8031c62ff9774a3f63f6f58
xanthosine,direct_neighbor_ridge,central_nervous_system,0,3,49,32.19130274254345,43.54806803670751,9492e163b6ef19b0563b1ce8302b8e8794e2e4c9c8031c62ff9774a3f63f6f58
xanthosine,direct_neighbor_ridge,endometrium,0,3,28,16.667590020593366,23.10768688402864,9492e163b6ef19b0563b1ce8302b8e8794e2e4c9c8031c62ff9774a3f63f6f58
xanthosine,direct_neighbor_ridge,kidney,0,3,23,8.126307575334014,15.300775390293909,9492e163b6ef19b0563b1ce8302b8e8794e2e4c9c8031c62ff9774a3f63f6f58
xanthosine,direct_neighbor_ridge,liver,0,3,25,25.23791334772114,34.01149625380925,9492e163b6ef19b0563b1ce8302b8e8794e2e4c9c8031c62ff9774a3f63f6f58
xanthosine,direct_neighbor_ridge,lung,0,4,176,135.04487975656264,192.0577103945816,cf9883e99ee1b956d01c2cb42a4d284b982ce23065d3616a5e1cced359e41fb5
xanthosine,direct_neighbor_ridge,bone,1,0,19,7.808479102434616,11.043281048783864,32d2e2f547f707a9f12d899e65a934275c9f49020e10d214973126d05910ec9c
xanthosine,direct_neighbor_ridge,ovary,1,0,45,19.333571721621297,26.26572238488897,32d2e2f547f707a9f12d899e65a934275c9f49020e10d214973126d05910ec9c
xanthosine,direct_neighbor_ridge,skin,1,0,52,9.95794614924236,13.472059766737333,32d2e2f547f707a9f12d899e65a934275c9f49020e10d214973126d05910ec9c
xanthosine,direct_neighbor_ridge,upper_aerodigestive_tract,1,0,30,10.418030466285623,10.642069353386418,32d2e2f547f707a9f12d899e65a934275c9f49020e10d214973126d05910ec9c
xanthosine,direct_neighbor_ridge,urinary_tract,1,0,25,8.601668975630497,8.25905430372015,32d2e2f547f707a9f12d899e65a934275c9f49020e10d214973126d05910ec9c
xanthosine,direct_neighbor_ridge,lung,1,1,176,135.04487975656264,192.0577103945816,cf9883e99ee1b956d01c2cb42a4d284b982ce23065d3616a5e1cced359e41fb5
xanthosine,direct_neighbor_ridge,autonomic_ganglia,1,2,16,8.13995701111376,11.008198663553578,db1ab3680dcfc2deb10e2511ec28b70b27966d5a436d724be48267bcbf200acf
xanthosine,direct_neighbor_ridge,haematopoietic_and_lymphoid_tissue,1,2,163,287.7783616156603,441.2936332324988,db1ab3680dcfc2deb10e2511ec28b70b27966d5a436d724be48267bcbf200acf
xanthosine,direct_neighbor_ridge,large_intestine,1,3,55,55.82291961209529,51.228898375660066,659dce4f66bf4ee0228513d024a4e287e9f1aa3957152332b1483ab0af67cb42
xanthosine,direct_neighbor_ridge,oesophagus,1,3,25,23.874491731117715,12.233475224941403,659dce4f66bf4ee0228513d024a4e287e9f1aa3957152332b1483ab0af67cb42
xanthosine,direct_neighbor_ridge,pancreas,1,3,41,16.011707783372778,18.04293717632629,659dce4f66bf4ee0228513d024a4e287e9f1aa3957152332b1483ab0af67cb42
xanthosine,direct_neighbor_ridge,soft_tissue,1,3,18,11.631861792727145,17.282931220467947,659dce4f66bf4ee0228513d024a4e287e9f1aa3957152332b1483ab0af67cb42
xanthosine,direct_neighbor_ridge,stomach,1,3,37,23.13394582035294,27.57073682162232,659dce4f66bf4ee0228513d024a4e287e9f1aa3957152332b1483ab0af67cb42
xanthosine,direct_neighbor_ridge,breast,1,4,49,53.379251457064356,64.26581063723616,9492e163b6ef19b0563b1ce8302b8e8794e2e4c9c8031c62ff9774a3f63f6f58
xanthosine,direct_neighbor_ridge,central_nervous_system,1,4,49,32.19130274254345,43.54806803670751,9492e163b6ef19b0563b1ce8302b8e8794e2e4c9c8031c62ff9774a3f63f6f58
xanthosine,direct_neighbor_ridge,endometrium,1,4,28,16.667590020593366,23.10768688402864,9492e163b6ef19b0563b1ce8302b8e8794e2e4c9c8031c62ff9774a3f63f6f58
xanthosine,direct_neighbor_ridge,kidney,1,4,23,8.126307575334014,15.300775390293909,9492e163b6ef19b0563b1ce8302b8e8794e2e4c9c8031c62ff9774a3f63f6f58
xanthosine,direct_neighbor_ridge,liver,1,4,25,25.23791334772114,34.01149625380925,9492e163b6ef19b0563b1ce8302b8e8794e2e4c9c8031c62ff9774a3f63f6f58
