target,model,lineage,repeat,fold,observations,squared_error_sum,truth_energy_sum,split_digest
AMP,direct_neighbor_ridge,autonomic_ganglia,0,0,16,14.918494716940064,19.331152678946303,db1ab3680dcfc2deb10e2511ec28b70b27966d5a436d724be48267bcbf200acf
AMP,direct_neighbor_ridge,haematopoietic_and_lymphoid_tissue,0,0,163,515.1173455000198,1041.764073605136,db1ab3680dcfc2deb10e2511ec28b70b27966d5a436d724be48267bcbf200acf
AMP,direct_neighbor_ridge,bone,0,1,19,9.091911108017086,20.281931600828614,32d2e2f547f707a9f12d899e65a934275c9f49020e10d214973126d05910ec9c
AMP,direct_neighbor_ridge,ovary,0,1,45,10.77433059487175,18.448573034606326,32d2e2f547f707a9f12d899e65a934275c9f49020e10d214973126d05910ec9c
AMP,direct_neighbor_ridge,skin,0,1,52,13.991516880247785,24.06701036058401,32d2e2f547f707a9f12d899e65a934275c9f49020e10d214973126d05910ec9c
AMP,direct_neighbor_ridge,upper_aerodigestive_tract,0,1,30,8.041904444158927,12.712771150868411,32d2e2f547f707a9f12d899e65a934275c9f49020e10d214973126d05910ec9c
AMP,direct_neighbor_ridge,urinary_tract,0,1,25,8.734573777237014,14.184833053366342,32d2e2f547f707a9f12d899e65a934275c9f49020e10d214973126d05910ec9c
AMP,direct_neighbor_ridge,large_intestine,0,2,55,24.10917651403274,53.301313545851336,659dce4f66bf4ee0228513d024a4e287e9f1aa3957152332b1483ab0af67cb42
AMP,direct_neighbor_ridge,oesophagus,0,2,25,7.400046300539006,4.250132417094257,659dce4f66bf4ee0228513d024a4e287e9f1aa3957152332b1483ab0af67cb42
AMP,direct_neighbor_ridge,pancreas,0,2,41,8.6337756797299,14.45773777795576,659dce4f66bf4ee0228513d024a4e287e9f1aa3957152332b1483ab0af67cb42
AMP,direct_neighbor_ridge,soft_tissue,0,2,18,8.373311577120587,13.169745223124597,659dce4f66bf4ee0228513d024a4e287e9f1aa3957152332b1483ab0af67cb42
AMP,direct_neighbor_ridge,stomach,0,2,37,13.936348442691244,21.498759575242826,659dce4f66bf4ee0228513d024a4e287e9f1aa3957152332b1483ab0af67cb42
AMP,direct_neighbor_ridge,breast,0,3,49,18.961065496396078,19.25748016311952,9492e163b6ef19b0563b1ce8302b8e8794e2e4c9c8031c62ff9774a3f63f6f58
AMP,direct_neighbor_ridge,central_nervous_system,0,3,49,16.623460931004395,26.476421875720458,9492e163b6ef19b0563b1ce8302b8e8794e2e4c9c8031c62ff9774a3f63f6f58
AMP,direct_neighbor_ridge,endometrium,0,3,28,6.382468461628161,16.640441145865417,9492e163b6ef19b0563b1ce8302b8e8794e2e4c9c8031c62ff9774a3f63f6f58
AMP,direct_neighbor_ridge,kidney,0,3,23,5.63255037431605,12.549564486823249,9492e163b6ef19b0563b1ce8302b8e8794e2e4c9c8031c62ff9774a3f63f6f58
AMP,direct_neighbor_ridge,liver,0,3,25,8.818020391693292,13.046140402502216,9492e163b6ef19b0563b1ce8302b8e8794e2e4c9c8031c62ff9774a3f63f6f58
AMP,direct_neighbor_ridge,lung,0,4,176,51.741509488925374,110.50587665542707,cf9883e99ee1b956d01c2cb42a4d284b982ce23065d3616a5e1cced359e41fb5
AMP,direct_neighbor_ridge,bone,1,0,19,9.091911108017086,20.281931600828614,32d2e2f547f707a9f12d899e65a934275c9f49020e10d214973126d05910ec9c
AMP,direct_neighbor_ridge,ovary,1,0,45,10.77433059487175,18.448573034606326,32d2e2f547f707a9f12d899e65a934275c9f49020e10d214973126d05910ec9c
AMP,direct_neighbor_ridge,skin,1,0,52,13.991516880247785,24.06701036058401,32d2e2f547f707a9f12d899e65a934275c9f49020e10d214973126d05910ec9c
AMP,direct_neighbor_ridge,upper_aerodigestive_tract,1,0,30,8.041904444158927,12.712771150868411,32d2e2f547f707a9f12d899e65a934275c9f49020e10d214973126d05910ec9c
AMP,direct_neighbor_ridge,urinary_tract,1,0,25,8.734573777237014,14.184833053366342,32d2e2f547f707a9f12d899e65a934275c9f49020e10d214973126d05910ec9c
AMP,direct_neighbor_ridge,lung,1,1,176,51.741509488925374,110.50587665542707,cf9883e99ee1b956d01c2cb42a4d284b982ce23065d3616a5e1cced359e41fb5
AMP,direct_neighbor_ridge,autonomic_ganglia,1,2,16,14.892396056633999,19.331152678946303,db1ab3680dcfc2deb10e2511ec28b70b27966d5a436d724be48267bcbf200acf
AMP,direct_neighbor_ridge,haematopoietic_and_lymphoid_tissue,1,2,163,532.6923726214111,1041.764073605136,db1ab3680dcfc2deb10e2511ec28b70b27966d5a436d724be48267bcbf200acf
AMP,direct_neighbor_ridge,large_intestine,1,3,55,24.10917651403274,53.301313545851336,659dce4f66bf4ee0228513d024a4e287e9f1aa3957152332b1483ab0af67cb42
AMP,direct_neighbor_ridge,oesophagus,1,3,25,7.400046300539006,4.250132417094257,659dce4f66bf4ee0228513d024a4e287e9f1aa3957152332b1483ab0af67cb42
AMP,direct_neighbor_ridge,pancreas,1,3,41,8.6337756797299,14.45773777795576,659dce4f66bf4ee0228513d024a4e287e9f1aa3957152332b1483ab0af67cb42
AMP,direct_neighbor_ridge,soft_tissue,1,3,18,8.373311577120587,13.169745223124597,659dce4f66bf4ee0228513d024a4e287e9f1aa3957152332b1483ab0af67cb42
AMP,direct_neighbor_ridge,stomach,1,3,37,13.936348442691244,21.498759575242826,659dce4f66bf4ee0228513d024a4e287e9f1aa3957152332b1483ab0af67cb42
AMP,direct_neighbor_ridge,breast,1,4,49,17.561144602253037,19.25748016311952,9492e163b6ef19b0563b1ce8302b8e8794e2e4c9c8031c62ff9774a3f63f6f58
AMP,direct_neighbor_ridge,central_nervous_system,1,4,49,16.291008475010962,26.476421875720458,9492e163b6ef19b0563b1ce8302b8e8794e2e4c9c8031c62ff9774a3f63f6f58
AMP,direct_neighbor_ridge,endometrium,1,4,28,6.0117738865507775,16.640441145865417,9492e163b6ef19b0563b1ce8302b8e8794e2e4c9c8031c62ff9774a3f63f6f58
AMP,direct_neighbor_ridge,kidney,1,4,23,5.7950446298737885,12.549564486823249,9492e163b6ef19b0563b1ce8302b8e8794e2e4c9c8031c62ff9774a3f63f6f58
AMP,direct_neighbor_ridge,liver,1,4,25,9.110426810889239,13.046140402502216,9492e163b6ef19b0563b1ce8302b8e8794e2e4c9c8031c62ff9774a3f63f6f58
CMP,direct_neighbor_ridge,autonomic_ganglia,0,0,16,7.1825615089992105,10.619296314966352,db1ab3680dcfc2deb10e2511ec28b70b27966d5a436d724be48267bcbf200acf
CMP,direct_neighbor_ridge,haematopoietic_and_lymphoid_tissue,0,0,163,602.458539751452,919.7932594882664,db1ab3680dcfc2deb10e2511ec28b70b27966d5a436d724be48267bcbf200acf
CMP,direct_neighbor_ridge,bone,0,1,19,13.052064969888159,18.357026855775455,32d2e2f547f707a9f12d899e65a934275c9f49020e10d214973126d05910ec9c
CMP,direct_neighbor_ridge,ovary,0,1,45,13.729616953676981,19.907173192122308,32d2e2f547f707a9f12d899e65a934275c9f49020e10d214973126d05910ec9c
CMP,direct_neighbor_ridge,skin,0,1,52,16.76643224640824,23.644252920302684,32d2e2f547f707a9f12d899e65a934275c9f49020e10d214973126d05910ec9c
CMP,direct_neighbor_ridge,upper_aerodigestive_tract,0,1,30,12.896279407483677,15.173946751340207,32d2e2f547f707a9f12d899e65a934275c9f49020e10d214973126d05910ec9c
CMP,direct_neighbor_ridge,urinary_tract,0,1,25,13.249279043606167,9.244190442269007,32d2e2f547f707a9f12d899e65a934275c9f49020e10d214973126d05910ec9c
CMP,direct_neighbor_ridge,large_intestine,0,2,55,40.748250622875936,58.88378286647672,659dce4f66bf4ee0228513d024a4e287e9f1aa3957152332b1483ab0af67cb42
CMP,direct_neighbor_ridge,oesophagus,0,2,25,7.065440978694667,8.675521724548119,659dce4f66bf4ee0228513d024a4e287e9f1aa3957152332b1483ab0af67cb42
CMP,direct_neighbor_ridge,pancreas,0,2,41,9.154829002302701,18.514246013022614,659dce4f66bf4ee0228513d024a4e287e9f1aa3957152332b1483ab0af67cb42
CMP,direct_neighbor_ridge,soft_tissue,0,2,18,10.19474481596248,18.35326635934088,659dce4f66bf4ee0228513d024a4e287e9f1aa3957152332b1483ab0af67cb42
CMP,direct_neighbor_ridge,stomach,0,2,37,22.245122434597146,24.762099080308257,659dce4f66bf4ee0228513d024a4e287e9f1aa3957152332b1483ab0af67cb42
CMP,direct_neighbor_ridge,breast,0,3,49,11.752274505591949,15.430211423113436,9492e163b6ef19b0563b1ce8302b8e8794e2e4c9c8031c62ff9774a3f63f6f58
CMP,direct_neighbor_ridge,central_nervous_system,0,3,49,29.756881205088394,36.63025810310564,9492e163b6ef19b0563b1ce8302b8e8794e2e4c9c8031c62ff9774a3f63f6f58
CMP,direct_neighbor_ridge,endometrium,0,3,28,12.440002487293969,21.98040782704436,9492e163b6ef19b0563b1ce8302b8e8794e2e4c9c8031c62ff9774a3f63f6f58
CMP,direct_neighbor_ridge,kidney,0,3,23,14.625873904561304,16.92167848905961,9492e163b6ef19b0563b1ce8302b8e8794e2e4c9c8031c62ff9774a3f63f6f58
CMP,direct_neighbor_ridge,liver,0,3,25,12.626929246897651,15.280094486865654,9492e163b6ef19b0563b1ce8302b8e8794e2e4c9c8031c62ff9774a3f63f6f58
CMP,direct_neighbor_ridge,lung,0,4,176,78.17748101508363,102.16918696879448,cf9883e99ee1b956d01c2cb42a4d284b982ce23065d3616a5e1cced359e41fb5
CMP,direct_neighbor_ridge,bone,1,0,19,13.052064969888159,18.357026855775455,32d2e2f547f707a9f12d899e65a934275c9f49020e10d214973126d05910ec9c
CMP,direct_neighbor_ridge,ovary,1,0,45,13.729616953676981,19.907173192122308,32d2e2f547f707a9f12d899e65a934275c9f49020e10d214973126d05910ec9c
CMP,direct_neighbor_ridge,skin,1,0,52,16.76643224640824,23.644252920302684,32d2e2f547f707a9f12d899e65a934275c9f49020e10d214973126d05910ec9c
CMP,direct_neighbor_ridge,upper_aerodigestive_tract,1,0,30,12.896279407483677,15.173946751340207,32d2e2f547f707a9f12d899e65a934275c9f49020e10d214973126d05910ec9c
CMP,direct_neighbor_ridge,urinary_tract,1,0,25,13.249279043606167,9.244190442269007,32d2e2f547f707a9f12d899e65a934275c9f49020e10d214973126d05910ec9c
CMP,direct_neighbor_ridge,lung,1,1,176,78.17748101508363,102.16918696879448,cf9883e99ee1b956d01c2cb42a4d284b982ce23065d3616a5e1cced359e41fb5
CMP,direct_neighbor_ridge,autonomic_ganglia,1,2,16,7.1825615089992105,10.619296314966352,db1ab3680dcfc2deb10e2511ec28b70b27966d5a436d724be48267bcbf200acf
CMP,direct_neighbor_ridge,haematopoietic_and_lymphoid_tissue,1,2,163,602.458539751452,919.7932594882664,db1ab3680dcfc2deb10e2511ec28b70b27966d5a436d724be48267bcbf200acf
CMP,direct_neighbor_ridge,large_intestine,1,3,55,40.748250622875936,58.88378286647672,659dce4f66bf4ee0228513d024a4e287e9f1aa3957152332b1483ab0af67cb42
CMP,direct_neighbor_ridge,oesophagus,1,3,25,7.065440978694667,8.675521724548119,659dce4f66bf4ee0228513d024a4e287e9f1aa3957152332b1483ab0af67cb42
CMP,direct_neighbor_ridge,pancreas,1,3,41,9.154829002302701,18.514246013022614,659dce4f66bf4ee0228513d024a4e287e9f1aa3957152332b1483ab0af67cb42
CMP,direct_neighbor_ridge,soft_tissue,1,3,18,10.19474481596248,18.35326635934088,659dce4f66bf4ee0228513d024a4e287e9f1aa3957152332b1483ab0af67cb42
CMP,direct_neighbor_ridge,stomach,1,3,37,22.245122434597146,24.762099080308257,659dce4f66bf4ee0228513d024a4e287e9f1aa3957152332b1483ab0af67cb42
CMP,direct_neighbor_ridge,breast,1,4,49,11.643191496415968,15.430211423113436,9492e163b6ef19b0563b1ce8302b8e8794e2e4c9c8031c62ff9774a3f63f6f58
CMP,direct_neighbor_ridge,central_nervous_system,1,4,49,29.65278263460275,36.63025810310564,9492e163b6ef19b0563b1ce8302b8e8794e2e4c9c8031c62ff9774a3f63f6f58
CMP,direct_neighbor_ridge,endometrium,1,4,28,12.425501754784579,21.98040782704436,9492e163b6ef19b0563b1ce8302b8e8794e2e4c9c8031c62ff9774a3f63f6f58
CMP,direct_neighbor_ridge,kidney,1,4,23,14.617203603934843,16.92167848905961,9492e163b6ef19b0563b1ce8302b8e8794e2e4c9c8031c62ff9774a3f63f6f58
CMP,direct_neighbor_ridge,liver,1,4,25,12.587445423222944,15.280094486865654,9492e163b6ef19b0563b1ce8302b8e8794e2e4c9c8031c62ff9774a3f63f6f58
GMP,direct_neighbor_ridge,autonomic_ganglia,0,0,16,7.89897462983682,8.546399602781992,db1ab3680dcfc2deb10e2511ec28b70b27966d5a436d724be48267bcbf200acf
GMP,direct_neighbor_ridge,haematopoietic_and_lymphoid_tissue,0,0,163,480.1651802418548,608.4430702056142,db1ab3680dcfc2deb10e2511ec28b70b27966d5a436d724be48267bcbf200acf
GMP,direct_neighbor_ridge,bone,0,1,19,21.453937787905467,27.98915936526329,32d2e2f547f707a9f12d899e65a934275c9f49020e10d214973126d05910ec9c
GMP,direct_neighbor_ridge,ovary,0,1,45,17.474106171460374,23.080029883269088,32d2e2f547f707a9f12d899e65a934275c9f49020e10d214973126d05910ec9c
GMP,direct_neighbor_ridge,skin,0,1,52,32.006658039771494,42.41642868516463,32d2e2f547f707a9f12d899e65a934275c9f49020e10d214973126d05910ec9c
GMP,direct_neighbor_ridge,upper_aerodigestive_tract,0,1,30,14.821036908848916,10.731740695834306,32d2e2f547f707a9f12d899e65a934275c9f49020e10d214973126d05910ec9c
GMP,direct_neighbor_ridge,urinary_tract,0,1,25,11.85763729127432,14.28296123447715,32d2e2f547f707a9f12d899e65a934275c9f49020e10d214973126d05910ec9c
GMP,direct_neighbor_ridge,large_intestine,0,2,55,37.80875902428926,60.65901260059876,659dce4f66bf4ee0228513d024a4e287e9f1aa3957152332b1483ab0af67cb42
GMP,direct_neighbor_ridge,oesophagus,0,2,25,11.043363631114902,12.564477534049422,659dce4f66bf4ee0228513d024a4e287e9f1aa3957152332b1483ab0af67cb42
GMP,direct_neighbor_ridge,pancreas,0,2,41,20.791609657842166,27.80253675123588,659dce4f66bf4ee0228513d024a4e287e9f1aa3957152332b1483ab0af67cb42
GMP,direct_neighbor_ridge,soft_tissue,0,2,18,12.136512576707164,16.902606918307857,659dce4f66bf4ee0228513d024a4e287e9f1aa3957152332b1483ab0af67cb42
GMP,direct_neighbor_ridge,stomach,0,2,37,20.17194548749525,25.70922650906243,659dce4f66bf4ee0228513d024a4e287e9f1aa3957152332b1483ab0af67cb42
GMP,direct_neighbor_ridge,breast,0,3,49,25.58768504631847,24.03988855260463,9492e163b6ef19b0563b1ce8302b8e8794e2e4c9c8031c62ff9774a3f63f6f58
GMP,direct_neighbor_ridge,central_nervous_system,0,3,49,28.716253988846795,28.604174620901247,9492e163b6ef19b0563b1ce8302b8e8794e2e4c9c8031c62ff9774a3f63f6f58
GMP,direct_neighbor_ridge,endometrium,0,3,28,13.914201122814493,21.636443486500337,9492e163b6ef19b0563b1ce8302b8e8794e2e4c9c8031c62ff9774a3f63f6f58
GMP,direct_neighbor_ridge,kidney,0,3,23,14.87388089770195,10.68616134013791,9492e163b6ef19b0563b1ce8302b8e8794e2e4c9c8031c62ff9774a3f63f6f58
GMP,direct_neighbor_ridge,liver,0,3,25,13.43646625710187,21.696243488866838,9492e163b6ef19b0563b1ce8302b8e8794e2e4c9c8031c62ff9774a3f63f6f58
GMP,direct_neighbor_ridge,lung,0,4,176,94.14620166436723,120.36057784937742,cf9883e99ee1b956d01c2cb42a4d284b982ce23065d3616a5e1cced359e41fb5
GMP,direct_neighbor_ridge,bone,1,0,19,21.453937787905467,27.98915936526329,32d2e2f547f707a9f12d899e65a934275c9f49020e10d214973126d05910ec9c
GMP,direct_neighbor_ridge,ovary,1,0,45,17.474106171460374,23.080029883269088,32d2e2f547f707a9f12d899e65a934275c9f49020e10d214973126d05910ec9c
GMP,direct_neighbor_ridge,skin,1,0,52,32.006658039771494,42.41642868516463,32d2e2f547f707a9f12d899e65a934275c9f49020e10d214973126d05910ec9c
GMP,direct_neighbor_ridge,upper_aerodigestive_tract,1,0,30,14.821036908848916,10.731740695834306,32d2e2f547f707a9f12d899e65a934275c9f49020e10d214973126d05910ec9c
GMP,direct_neighbor_ridge,urinary_tract,1,0,25,11.85763729127432,14.28296123447715,32d2e2f547f707a9f12d899e65a934275c9f49020e10d214973126d05910ec9c
GMP,direct_neighbor_ridge,lung,1,1,176,94.14620166436723,120.36057784937742,cf9883e99ee1b956d01c2cb42a4d284b982ce23065d3616a5e1cced359e41fb5
GMP,direct_neighbor_ridge,autonomic_ganglia,1,2,16,7.891168552037679,8.546399602781992,db1ab3680dcfc2deb10e2511ec28b70b27966d5a436d724be48267bcbf200acf
GMP,direct_neighbor_ridge,haematopoietic_and_lymphoid_tissue,1,2,163,480.1916064245307,608.4430702056142,db1ab3680dcfc2deb10e2511ec28b70b27966d5a436d724be48267bcbf200acf
GMP,direct_neighbor_ridge,large_intestine,1,3,55,36.23589912043037,60.65901260059876,659dce4f66bf4ee0228513d024a4e287e9f1aa3957152332b1483ab0af67cb42
GMP,direct_neighbor_ridge,oesophagus,1,3,25,11.148721291686313,12.564477534049422,659dce4f66bf4ee0228513d024a4e287e9f1aa3957152332b1483ab0af67cb42
GMP,direct_neighbor_ridge,pancreas,1,3,41,20.767442359691913,27.80253675123588,659dce4f66bf4ee0228513d024a4e287e9f1aa3957152332b1483ab0af67cb42
GMP,direct_neighbor_ridge,soft_tissue,1,3,18,11.51741294644912,16.902606918307857,659dce4f66bf4ee0228513d024a4e287e9f1aa3957152332b1483ab0af67cb42
GMP,direct_neighbor_ridge,stomach,1,3,37,20.133254369055972,25.70922650906243,659dce4f66bf4ee0228513d024a4e287e9f1aa3957152332b1483ab0af67cb42
GMP,direct_neighbor_ridge,breast,1,4,49,25.58768504631847,24.03988855260463,9492e163b6ef19b0563b1ce8302b8e8794e2e4c9c8031c62ff9774a3f63f6f58
GMP,direct_neighbor_ridge,central_nervous_system,1,4,49,28.716253988846795,28.604174620901247,9492e163b6ef19b0563b1ce8302b8e8794e2e4c9c8031c62ff9774a3f63f6f58
GMP,direct_neighbor_ridge,endometrium,1,4,28,13.914201122814493,21.636443486500337,9492e163b6ef19b0563b1ce8302b8e8794e2e4c9c8031c62ff9774a3f63f6f58
GMP,direct_neighbor_ridge,kidney,1,4,23,14.87388089770195,10.68616134013791,9492e163b6ef19b0563b1ce8302b8e8794e2e4c9c8031c62ff9774a3f63f6f58
GMP,direct_neighbor_ridge,liver,1,4,25,13.43646625710187,21.696243488866838,9492e163b6ef19b0563b1ce8302b8e8794e2e4c9c8031c62ff9774a3f63f6f58
NAD,direct_neighbor_ridge,autonomic_ganglia,0,0,16,20.845089147366394,31.555142781536404,db1ab3680dcfc2deb10e2511ec28b70b27966d5a436d724be48267bcbf200acf
NAD,direct_neighbor_ridge,haematopoietic_and_lymphoid_tissue,0,0,163,253.59426098008097,353.72785671425265,db1ab3680dcfc2deb10e2511ec28b70b27966d5a436d724be48267bcbf200acf
NAD,direct_neighbor_ridge,bone,0,1,19,5.567201873772188,17.564020561368245,32d2e2f547f707a9f12d899e65a934275c9f49020e10d214973126d05910ec9c
NAD,direct_neighbor_ridge,ovary,0,1,45,14.74695100320019,21.71329688898827,32d2e2f547f707a9f12d899e65a934275c9f49020e10d214973126d05910ec9c
NAD,direct_neighbor_ridge,skin,0,1,52,20.518991064479117,27.66582813388921,32d2e2f547f707a9f12d899e65a934275c9f49020e10d214973126d05910ec9c
NAD,direct_neighbor_ridge,upper_aerodigestive_tract,0,1,30,11.476026562306846,10.483626321289343,32d2e2f547f707a9f12d899e65a934275c9f49020e10d214973126d05910ec9c
NAD,direct_neighbor_ridge,urinary_tract,0,1,25,12.50997556299812,24.22621702809371,32d2e2f547f707a9f12d899e65a934275c9f49020e10d214973126d05910ec9c
NAD,direct_neighbor_ridge,large_intestine,0,2,55,16.648102148998966,30.92729189625639,659dce4f66bf4ee0228513d024a4e287e9f1aa3957152332b1483ab0af67cb42
NAD,direct_neighbor_ridge,oesophagus,0,2,25,9.112868193804006,15.35140560521061,659dce4f66bf4ee0228513d024a4e287e9f1aa3957152332b1483ab0af67cb42
NAD,direct_neighbor_ridge,pancreas,0,2,41,16.391267959604534,33.7514510333678,659dce4f66bf4ee0228513d024a4e287e9f1aa3957152332b1483ab0af67cb42
NAD,direct_neighbor_ridge,soft_tissue,0,2,18,9.873041756320807,13.50738959139883,659dce4f66bf4ee0228513d024a4e287e9f1aa3957152332b1483ab0af67cb42
NAD,direct_neighbor_ridge,stomach,0,2,37,16.212946652417727,27.16864738671441,659dce4f66bf4ee0228513d024a4e287e9f1aa3957152332b1483ab0af67cb42
NAD,direct_neighbor_ridge,breast,0,3,49,42.838601565111205,59.64238591870666,9492e163b6ef19b0563b1ce8302b8e8794e2e4c9c8031c62ff9774a3f63f6f58
NAD,direct_neighbor_ridge,central_nervous_system,0,3,49,60.26802684605027,83.57354916071024,9492e163b6ef19b0563b1ce8302b8e8794e2e4c9c8031c62ff9774a3f63f6f58
NAD,direct_neighbor_ridge,endometrium,0,3,28,7.099044790472485,14.659195438831441,9492e163b6ef19b0563b1ce8302b8e8794e2e4c9c8031c62ff9774a3f63f6f58
NAD,direct_neighbor_ridge,kidney,0,3,23,9.299247826950712,10.057679618942638,9492e163b6ef19b0563b1ce8302b8e8794e2e4c9c8031c62ff9774a3f63f6f58
NAD,direct_neighbor_ridge,liver,0,3,25,10.387069825552787,15.479886027225865,9492e163b6ef19b0563b1ce8302b8e8794e2e4c9c8031c62ff9774a3f63f6f58
NAD,direct_neighbor_ridge,lung,0,4,176,96.64627970997066,147.72012824694912,cf9883e99ee1b956d01c2cb42a4d284b982ce23065d3616a5e1cced359e41fb5
NAD,direct_neighbor_ridge,bone,1,0,19,5.567201873772188,17.564020561368245,32d2e2f547f707a9f12d899e65a934275c9f49020e10d214973126d05910ec9c
NAD,direct_neighbor_ridge,ovary,1,0,45,14.74695100320019,21.71329688898827,32d2e2f547f707a9f12d899e65a934275c9f49020e10d214973126d05910ec9c
NAD,direct_neighbor_ridge,skin,1,0,52,20.518991064479117,27.66582813388921,32d2e2f547f707a9f12d899e65a934275c9f49020e10d214973126d05910ec9c
NAD,direct_neighbor_ridge,upper_aerodigestive_tract,1,0,30,11.476026562306846,10.483626321289343,32d2e2f547f707a9f12d899e65a934275c9f49020e10d214973126d05910ec9c
NAD,direct_neighbor_ridge,urinary_tract,1,0,25,12.50997556299812,24.22621702809371,32d2e2f547f707a9f12d899e65a934275c9f49020e10d214973126d05910ec9c
NAD,direct_neighbor_ridge,lung,1,1,176,96.64627970997066,147.72012824694912,cf9883e99ee1b956d01c2cb42a4d284b982ce23065d3616a5e1cced359e41fb5
NAD,direct_neighbor_ridge,autonomic_ganglia,1,2,16,20.845089147366394,31.555142781536404,db1ab3680dcfc2deb10e2511ec28b70b27966d5a436d724be48267bcbf200acf
NAD,direct_neighbor_ridge,haematopoietic_and_lymphoid_tissue,1,2,163,253.59426098008097,353.72785671425265,db1ab3680dcfc2deb10e2511ec28b70b27966d5a436d724be48267bcbf200acf
NAD,direct_neighbor_ridge,large_intestine,1,3,55,16.648102148998966,30.92729189625639,659dce4f66bf4ee0228513d024a4e287e9f1aa3957152332b1483ab0af67cb42
NAD,direct_neighbor_ridge,oesophagus,1,3,25,9.112868193804006,15.35140560521061,659dce4f66bf4ee0228513d024a4e287e9f1aa3957152332b1483ab0af67cb42
NAD,direct_neighbor_ridge,pancreas,1,3,41,16.391267959604534,33.7514510333678,659dce4f66bf4ee0228513d024a4e287e9f1aa3957152332b1483ab0af67cb42
NAD,direct_neighbor_ridge,soft_tissue,1,3,18,9.873041756320807,13.50738959139883,659dce4f66bf4ee0228513d024a4e287e9f1aa3957152332b1483ab0af67cb42
NAD,direct_neighbor_ridge,stomach,1,3,37,16.212946652417727,27.16864738671441,659dce4f66bf4ee0228513d024a4e287e9f1aa3957152332b1483ab0af67cb42
NAD,direct_neighbor_ridge,breast,1,4,49,42.838601565111205,59.64238591870666,9492e163b6ef19b0563b1ce8302b8e8794e2e4c9c8031c62ff9774a3f63f6f58
NAD,direct_neighbor_ridge,central_nervous_system,1,4,49,60.26802684605027,83.57354916071024,9492e163b6ef19b0563b1ce8302b8e8794e2e4c9c8031c62ff9774a3f63f6f58
NAD,direct_neighbor_ridge,endometrium,1,4,28,7.099044790472485,14.659195438831441,9492e163b6ef19b0563b1ce8302b8e8794e2e4c9c8031c62ff9774a3f63f6f58
NAD,direct_neighbor_ridge,kidney,1,4,23,9.299247826950712,10.057679618942638,9492e163b6ef19b0563b1ce8302b8e8794e2e4c9c8031c62ff9774a3f63f6f58
NAD,direct_neighbor_ridge,liver,1,4,25,10.387069825552787,15.479886027225865,9492e163b6ef19b0563b1ce8302b8e8794e2e4c9c8031c62ff9774a3f63f6f58
NADP,direct_neighbor_ridge,autonomic_ganglia,0,0,16,10.189328389870816,17.38946954342278,db1ab3680dcfc2deb10e2511ec28b70b27966d5a436d724be48267bcbf200acf
NADP,direct_neighbor_ridge,haematopoietic_and_lymphoid_tissue,0,0,163,164.7919648595576,176.72611095471686,db1ab3680dcfc2deb10e2511ec28b70b27966d5a436d724be48267bcbf200acf
NADP,direct_neighbor_ridge,bone,0,1,19,14.192300891189152,9.742086649828272,32d2e2f547f707a9f12d899e65a934275c9f49020e10d214973126d05910ec9c
NADP,direct_neighbor_ridge,ovary,0,1,45,27.381532733099792,28.88288927700806,32d2e2f547f707a9f12d899e65a934275c9f49020e10d214973126d05910ec9c
NADP,direct_neighbor_ridge,skin,0,1,52,39.26676424281378,45.59974699074407,32d2e2f547f707a9f12d899e65a934275c9f49020e10d214973126d05910ec9c
NADP,direct_neighbor_ridge,upper_aerodigestive_tract,0,1,30,13.541364226755112,15.114419604544697,32d2e2f547f707a9f12d899e65a934275c9f49020e10d214973126d05910ec9c
NADP,direct_neighbor_ridge,urinary_tract,0,1,25,12.480695036312909,20.055932791621395,32d2e2f547f707a9f12d899e65a934275c9f49020e10d214973126d05910ec9c
NADP,direct_neighbor_ridge,large_intestine,0,2,55,29.391781939618834,36.29407755705577,659dce4f66bf4ee0228513d024a4e287e9f1aa3957152332b1483ab0af67cb42
NADP,direct_neighbor_ridge,oesophagus,0,2,25,26.680256383048327,50.02230602605085,659dce4f66bf4ee0228513d024a4e287e9f1aa3957152332b1483ab0af67cb42
NADP,direct_neighbor_ridge,pancreas,0,2,41,31.366674518384833,34.90952197643074,659dce4f66bf4ee0228513d024a4e287e9f1aa3957152332b1483ab0af67cb42
NADP,direct_neighbor_ridge,soft_tissue,0,2,18,15.49216188017252,17.158488087488717,659dce4f66bf4ee0228513d024a4e287e9f1aa3957152332b1483ab0af67cb42
NADP,direct_neighbor_ridge,stomach,0,2,37,26.191074844945735,36.40971821081671,659dce4f66bf4ee0228513d024a4e287e9f1aa3957152332b1483ab0af67cb42
NADP,direct_neighbor_ridge,breast,0,3,49,49.32317414797501,58.99950319084255,9492e163b6ef19b0563b1ce8302b8e8794e2e4c9c8031c62ff9774a3f63f6f58
NADP,direct_neighbor_ridge,central_nervous_system,0,3,49,40.335693178159794,56.604244003653506,9492e163b6ef19b0563b1ce8302b8e8794e2e4c9c8031c62ff9774a3f63f6f58
NADP,direct_neighbor_ridge,endometrium,0,3,28,22.303963853794702,19.672502845922086,9492e163b6ef19b0563b1ce8302b8e8794e2e4c9c8031c62ff9774a3f63f6f58
NADP,direct_neighbor_ridge,kidney,0,3,23,20.084843943846334,27.167352298470774,9492e163b6ef19b0563b1ce8302b8e8794e2e4c9c8031c62ff9774a3f63f6f58
NADP,direct_neighbor_ridge,liver,0,3,25,11.594953349507161,20.917782303577926,9492e163b6ef19b0563b1ce8302b8e8794e2e4c9c8031c62ff9774a3f63f6f58
NADP,direct_neighbor_ridge,lung,0,4,176,199.35844063064764,259.7484734062067,cf9883e99ee1b956d01c2cb42a4d284b982ce23065d3616a5e1cced359e41fb5
NADP,direct_neighbor_ridge,bone,1,0,19,14.192300891189152,9.742086649828272,32d2e2f547f707a9f12d899e65a934275c9f49020e10d214973126d05910ec9c
NADP,direct_neighbor_ridge,ovary,1,0,45,27.381532733099792,28.88288927700806,32d2e2f547f707a9f12d899e65a934275c9f49020e10d214973126d05910ec9c
NADP,direct_neighbor_ridge,skin,1,0,52,39.26676424281378,45.59974699074407,32d2e2f547f707a9f12d899e65a934275c9f49020e10d214973126d05910ec9c
NADP,direct_neighbor_ridge,upper_aerodigestive_tract,1,0,30,13.541364226755112,15.114419604544697,32d2e2f547f707a9f12d899e65a934275c9f49020e10d214973126d05910ec9c
NADP,direct_neighbor_ridge,urinary_tract,1,0,25,12.480695036312909,20.055932791621395,32d2e2f547f707a9f12d899e65a934275c9f49020e10d214973126d05910ec9c
NADP,direct_neighbor_ridge,lung,1,1,176,199.35844063064764,259.7484734062067,cf9883e99ee1b956d01c2cb42a4d284b982ce23065d3616a5e1cced359e41fb5
NADP,direct_neighbor_ridge,autonomic_ganglia,1,2,16,10.189328389870816,17.38946954342278,db1ab3680dcfc2deb10e2511ec28b70b27966d5a436d724be48267bcbf200acf
NADP,direct_neighbor_ridge,haematopoietic_and_lymphoid_tissue,1,2,163,164.7919648595576,176.72611095471686,db1ab3680dcfc2deb10e2511ec28b70b27966d5a436d724be48267bcbf200acf
NADP,direct_neighbor_ridge,large_intestine,1,3,55,29.391781939618834,36.29407755705577,659dce4f66bf4ee0228513d024a4e287e9f1aa3957152332b1483ab0af67cb42
NADP,direct_neighbor_ridge,oesophagus,1,3,25,26.680256383048327,50.02230602605085,659dce4f66bf4ee0228513d024a4e287e9f1aa3957152332b1483ab0af67cb42
NADP,direct_neighbor_ridge,pancreas,1,3,41,31.366674518384833,34.90952197643074,659dce4f66bf4ee0228513d024a4e287e9f1aa3957152332b1483ab0af67cb42
NADP,direct_neighbor_ridge,soft_tissue,1,3,18,15.49216188017252,17.158488087488717,659dce4f66bf4ee0228513d024a4e287e9f1aa3957152332b1483ab0af67cb42
NADP,direct_neighbor_ridge,stomach,1,3,37,26.191074844945735,36.40971821081671,659dce4f66bf4ee0228513d024a4e287e9f1aa3957152332b1483ab0af67cb42
NADP,direct_neighbor_ridge,breast,1,4,49,49.32317414797501,58.99950319084255,9492e163b6ef19b0563b1ce8302b8e8794e2e4c9c8031c62ff9774a3f63f6f58
NADP,direct_neighbor_ridge,central_nervous_system,1,4,49,40.335693178159794,56.604244003653506,9492e163b6ef19b0563b1ce8302b8e8794e2e4c9c8031c62ff9774a3f63f6f58
NADP,direct_neighbor_ridge,endometrium,1,4,28,22.303963853794702,19.672502845922086,9492e163b6ef19b0563b1ce8302b8e8794e2e4c9c8031c62ff9774a3f63f6f58
NADP,direct_neighbor_ridge,kidney,1,4,23,20.084843943846334,27.167352298470774,9492e163b6ef19b0563b1ce8302b8e8794e2e4c9c8031c62ff9774a3f63f6f58
NADP,direct_neighbor_ridge,liver,1,4,25,11.594953349507161,20.917782303577926,9492e163b6ef19b0563b1ce8302b8e8794e2e4c9c8031c62ff9774a3f63f6f58
UMP,direct_neighbor_ridge,autonomic_ganglia,0,0,16,9.071008910819469,9.880494189320569,db1ab3680dcfc2deb10e2511ec28b70b27966d5a436d724be48267bcbf200acf
UMP,direct_neighbor_ridge,haematopoietic_and_lymphoid_tissue,0,0,163,607.139596494492,975.3198836053457,db1ab3680dcfc2deb10e2511ec28b70b27966d5a436d724be48267bcbf200acf
UMP,direct_neighbor_ridge,bone,0,1,19,10.347310162300811,20.080995115721084,32d2e2f547f707a9f12d899e65a934275c9f49020e10d214973126d05910ec9c
UMP,direct_neighbor_ridge,ovary,0,1,45,12.46298871650632,20.765659165883925,32d2e2f547f707a9f12d899e65a934275c9f49020e10d214973126d05910ec9c
UMP,direct_neighbor_ridge,skin,0,1,52,13.480584859543367,26.94219743819132,32d2e2f547f707a9f12d899e65a934275c9f49020e10d214973126d05910ec9c
UMP,direct_neighbor_ridge,upper_aerodigestive_tract,0,1,30,10.942975182642208,15.882613030253962,32d2e2f547f707a9f12d899e65a934275c9f49020e10d214973126d05910ec9c
UMP,direct_neighbor_ridge,urinary_tract,0,1,25,14.299350714766648,13.294757222645966,32d2e2f547f707a9f12d899e65a934275c9f49020e10d214973126d05910ec9c
UMP,direct_neighbor_ridge,large_intestine,0,2,55,27.866147883604558,62.04282805011322,659dce4f66bf4ee0228513d024a4e287e9f1aa3957152332b1483ab0af67cb42
UMP,direct_neighbor_ridge,oesophagus,0,2,25,9.175963013907577,7.832806740940974,659dce4f66bf4ee0228513d024a4e287e9f1aa3957152332b1483ab0af67cb42
UMP,direct_neighbor_ridge,pancreas,0,2,41,13.056458011728127,18.113212499708695,659dce4f66bf4ee0228513d024a4e287e9f1aa3957152332b1483ab0af67cb42
UMP,direct_neighbor_ridge,soft_tissue,0,2,18,10.498140518405586,12.50383764383666,659dce4f66bf4ee0228513d024a4e287e9f1aa3957152332b1483ab0af67cb42
UMP,direct_neighbor_ridge,stomach,0,2,37,20.781356544814177,30.27308993781469,659dce4f66bf4ee0228513d024a4e287e9f1aa3957152332b1483ab0af67cb42
UMP,direct_neighbor_ridge,breast,0,3,49,16.959788059781093,14.591953499147234,9492e163b6ef19b0563b1ce8302b8e8794e2e4c9c8031c62ff9774a3f63f6f58
UMP,direct_neighbor_ridge,central_nervous_system,0,3,49,22.82398507224073,31.379037270505176,9492e163b6ef19b0563b1ce8302b8e8794e2e4c9c8031c62ff9774a3f63f6f58
UMP,direct_neighbor_ridge,endometrium,0,3,28,11.996821755636981,16.383443343494932,9492e163b6ef19b0563b1ce8302b8e8794e2e4c9c8031c62ff9774a3f63f6f58
UMP,direct_neighbor_ridge,kidney,0,3,23,10.485965523321504,12.558034671103556,9492e163b6ef19b0563b1ce8302b8e8794e2e4c9c8031c62ff9774a3f63f6f58
UMP,direct_neighbor_ridge,liver,0,3,25,6.085065987909454,12.204568514911688,9492e163b6ef19b0563b1ce8302b8e8794e2e4c9c8031c62ff9774a3f63f6f58
UMP,direct_neighbor_ridge,lung,0,4,176,78.55060613003657,102.98624906322237,cf9883e99ee1b956d01c2cb42a4d284b982ce23065d3616a5e1cced359e41fb5
UMP,direct_neighbor_ridge,bone,1,0,19,10.347310162300811,20.080995115721084,32d2e2f547f707a9f12d899e65a934275c9f49020e10d214973126d05910ec9c
UMP,direct_neighbor_ridge,ovary,1,0,45,12.46298871650632,20.765659165883925,32d2e2f547f707a9f12d899e65a934275c9f49020e10d214973126d05910ec9c
UMP,direct_neighbor_ridge,skin,1,0,52,13.480584859543367,26.94219743819132,32d2e2f547f707a9f12d899e65a934275c9f49020e10d214973126d05910ec9c
UMP,direct_neighbor_ridge,upper_aerodigestive_tract,1,0,30,10.942975182642208,15.882613030253962,32d2e2f547f707a9f12d899e65a934275c9f49020e10d214973126d05910ec9c
UMP,direct_neighbor_ridge,urinary_tract,1,0,25,14.299350714766648,13.294757222645966,32d2e2f547f707a9f12d899e65a934275c9f49020e10d214973126d05910ec9c
UMP,direct_neighbor_ridge,lung,1,1,176,78.55060613003657,102.98624906322237,cf9883e99ee1b956d01c2cb42a4d284b982ce23065d3616a5e1cced359e41fb5
UMP,direct_neighbor_ridge,autonomic_ganglia,1,2,16,9.071008910819469,9.880494189320569,db1ab3680dcfc2deb10e2511ec28b70b27966d5a436d724be48267bcbf200acf
UMP,direct_neighbor_ridge,haematopoietic_and_lymphoid_tissue,1,2,163,607.139596494492,975.3198836053457,db1ab3680dcfc2deb10e2511ec28b70b27966d5a436d724be48267bcbf200acf
UMP,direct_neighbor_ridge,large_intestine,1,3,55,27.866147883604558,62.04282805011322,659dce4f66bf4ee0228513d024a4e287e9f1aa3957152332b1483ab0af67cb42
UMP,direct_neighbor_ridge,oesophagus,1,3,25,9.175963013907577,7.832806740940974,659dce4f66bf4ee0228513d024a4e287e9f1aa3957152332b1483ab0af67cb42
UMP,direct_neighbor_ridge,pancreas,1,3,41,13.056458011728127,18.113212499708695,659dce4f66bf4ee0228513d024a4e287e9f1aa3957152332b1483ab0af67cb42
UMP,direct_neighbor_ridge,soft_tissue,1,3,18,10.498140518405586,12.50383764383666,659dce4f66bf4ee0228513d024a4e287e9f1aa3957152332b1483ab0af67cb42
UMP,direct_neighbor_ridge,stomach,1,3,37,20.781356544814177,30.27308993781469,659dce4f66bf4ee0228513d024a4e287e9f1aa3957152332b1483ab0af67cb42
UMP,direct_neighbor_ridge,breast,1,4,49,16.959788059781093,14.591953499147234,9492e163b6ef19b0563b1ce8302b8e8794e2e4c9c8031c62ff9774a3f63f6f58
UMP,direct_neighbor_ridge,central_nervous_system,1,4,49,22.82398507224073,31.379037270505176,9492e163b6ef19b0563b1ce8302b8e8794e2e4c9c8031c62ff9774a3f63f6f58
UMP,direct_neighbor_ridge,endometrium,1,4,28,11.996821755636981,16.383443343494932,9492e163b6ef19b0563b1ce8302b8e8794e2e4c9c8031c62ff9774a3f63f6f58
UMP,direct_neighbor_ridge,kidney,1,4,23,10.485965523321504,12.558034671103556,9492e163b6ef19b0563b1ce8302b8e8794e2e4c9c8031c62ff9774a3f63f6f58
UMP,direct_neighbor_ridge,liver,1,4,25,6.085065987909454,12.204568514911688,9492e163b6ef19b0563b1ce8302b8e8794e2e4c9c8031c62ff9774a3f63f6f58
acetylcholine,direct_neighbor_ridge,autonomic_ganglia,0,0,16,9.545485193860252,9.536693780124253,db1ab3680dcfc2deb10e2511ec28b70b27966d5a436d724be48267bcbf200acf
acetylcholine,direct_neighbor_ridge,haematopoietic_and_lymphoid_tissue,0,0,163,166.83131325426913,165.9483162017271,db1ab3680dcfc2deb10e2511ec28b70b27966d5a436d724be48267bcbf200acf
acetylcholine,direct_neighbor_ridge,bone,0,1,19,13.51860251964667,13.44972703782594,32d2e2f547f707a9f12d899e65a934275c9f49020e10d214973126d05910ec9c
acetylcholine,direct_neighbor_ridge,ovary,0,1,45,35.69822666419524,35.72681791044352,32d2e2f547f707a9f12d899e65a934275c9f49020e10d214973126d05910ec9c
acetylcholine,direct_neighbor_ridge,skin,0,1,52,70.30857902726024,70.41870128474085,32d2e2f547f707a9f12d899e65a934275c9f49020e10d214973126d05910ec9c
acetylcholine,direct_neighbor_ridge,upper_aerodigestive_tract,0,1,30,25.79689503987084,25.953648310298796,32d2e2f547f707a9f12d899e65a934275c9f49020e10d214973126d05910ec9c
acetylcholine,direct_neighbor_ridge,urinary_tract,0,1,25,26.395745601647164,26.263440613445898,32d2e2f547f707a9f12d899e65a934275c9f49020e10d214973126d05910ec9c
acetylcholine,direct_neighbor_ridge,large_intestine,0,2,55,42.843967774215145,42.66471377670273,659dce4f66bf4ee0228513d024a4e287e9f1aa3957152332b1483ab0af67cb42
acetylcholine,direct_neighbor_ridge,oesophagus,0,2,25,27.771401206539476,27.448923484842826,659dce4f66bf4ee0228513d024a4e287e9f1aa3957152332b1483ab0af67cb42
acetylcholine,direct_neighbor_ridge,pancreas,0,2,41,51.99873769615735,52.13899026580204,659dce4f66bf4ee0228513d024a4e287e9f1aa3957152332b1483ab0af67cb42
acetylcholine,direct_neighbor_ridge,soft_tissue,0,2,18,19.591396409396314,19.067213064164946,659dce4f66bf4ee0228513d024a4e287e9f1aa3957152332b1483ab0af67cb42
acetylcholine,direct_neighbor_ridge,stomach,0,2,37,19.744973799811742,19.968740423173298,659dce4f66bf4ee0228513d024a4e287e9f1aa3957152332b1483ab0af67cb42
acetylcholine,direct_neighbor_ridge,breast,0,3,49,61.547643043002225,61.05419980650625,9492e163b6ef19b0563b1ce8302b8e8794e2e4c9c8031c62ff9774a3f63f6f58
acetylcholine,direct_neighbor_ridge,central_nervous_system,0,3,49,58.87457492535636,58.820976576125155,9492e163b6ef19b0563b1ce8302b8e8794e2e4c9c8031c62ff9774a3f63f6f58
acetylcholine,direct_neighbor_ridge,endometrium,0,3,28,17.89456532618957,17.841223134514753,9492e163b6ef19b0563b1ce8302b8e8794e2e4c9c8031c62ff9774a3f63f6f58
acetylcholine,direct_neighbor_ridge,kidney,0,3,23,18.37698634016375,18.34749517138214,9492e163b6ef19b0563b1ce8302b8e8794e2e4c9c8031c62ff9774a3f63f6f58
acetylcholine,direct_neighbor_ridge,liver,0,3,25,22.709420995364333,22.534396624289847,9492e163b6ef19b0563b1ce8302b8e8794e2e4c9c8031c62ff9774a3f63f6f58
acetylcholine,direct_neighbor_ridge,lung,0,4,176,214.78989015972144,214.77608481823958,cf9883e99ee1b956d01c2cb42a4d284b982ce23065d3616a5e1cced359e41fb5
acetylcholine,direct_neighbor_ridge,bone,1,0,19,13.51860251964667,13.44972703782594,32d2e2f547f707a9f12d899e65a934275c9f49020e10d214973126d05910ec9c
acetylcholine,direct_neighbor_ridge,ovary,1,0,45,35.69822666419524,35.72681791044352,32d2e2f547f707a9f12d899e65a934275c9f49020e10d214973126d05910ec9c
acetylcholine,direct_neighbor_ridge,skin,1,0,52,70.30857902726024,70.41870128474085,32d2e2f547f707a9f12d899e65a934275c9f49020e10d214973126d05910ec9c
acetylcholine,direct_neighbor_ridge,upper_aerodigestive_tract,1,0,30,25.79689503987084,25.953648310298796,32d2e2f547f707a9f12d899e65a934275c9f49020e10d214973126d05910ec9c
acetylcholine,direct_neighbor_ridge,urinary_tract,1,0,25,26.395745601647164,26.263440613445898,32d2e2f547f707a9f12d899e65a934275c9f49020e10d214973126d05910ec9c
acetylcholine,direct_neighbor_ridge,lung,1,1,176,214.78989015972144,214.77608481823958,cf9883e99ee1b956d01c2cb42a4d284b982ce23065d3616a5e1cced359e41fb5
acetylcholine,direct_neighbor_ridge,autonomic_ganglia,1,2,16,9.545485193860252,9.536693780124253,db1ab3680dcfc2deb10e2511ec28b70b27966d5a436d724be48267bcbf200acf
acetylcholine,direct_neighbor_ridge,haematopoietic_and_lymphoid_tissue,1,2,163,166.83131325426913,165.9483162017271,db1ab3680dcfc2deb10e2511ec28b70b27966d5a436d724be48267bcbf200acf
acetylcholine,direct_neighbor_ridge,large_intestine,1,3,55,42.818696053516504,42.66471377670273,659dce4f66bf4ee0228513d024a4e287e9f1aa3957152332b1483ab0af67cb42
acetylcholine,direct_neighbor_ridge,oesophagus,1,3,25,27.73342887470206,27.448923484842826,659dce4f66bf4ee0228513d024a4e287e9f1aa3957152332b1483ab0af67cb42
acetylcholine,direct_neighbor_ridge,pancreas,1,3,41,52.01111257440908,52.13899026580204,659dce4f66bf4ee0228513d024a4e287e9f1aa3957152332b1483ab0af67cb42
acetylcholine,direct_neighbor_ridge,soft_tissue,1,3,18,19.529279778697017,19.067213064164946,659dce4f66bf4ee0228513d024a4e287e9f1aa3957152332b1483ab0af67cb42
acetylcholine,direct_neighbor_ridge,stomach,1,3,37,19.767788591751653,19.968740423173298,659dce4f66bf4ee0228513d024a4e287e9f1aa3957152332b1483ab0af67cb42
acetylcholine,direct_neighbor_ridge,breast,1,4,49,61.547643043002225,61.05419980650625,9492e163b6ef19b0563b1ce8302b8e8794e2e4c9c8031c62ff9774a3f63f6f58
acetylcholine,direct_neighbor_ridge,central_nervous_system,1,4,49,58.87457492535636,58.820976576125155,9492e163b6ef19b0563b1ce8302b8e8794e2e4c9c8031c62ff9774a3f63f6f58
acetylcholine,direct_neighbor_ridge,endometrium,1,4,28,17.89456532618957,17.841223134514753,9492e163b6ef19b0563b1ce8302b8e8794e2e4c9c8031c62ff9774a3f63f6f58
acetylcholine,direct_neighbor_ridge,kidney,1,4,23,18.37698634016375,18.34749517138214,9492e163b6ef19b0563b1ce8302b8e8794e2e4c9c8031c62ff9774a3f63f6f58
acetylcholine,direct_neighbor_ridge,liver,1,4,25,22.709420995364333,22.534396624289847,9492e163b6ef19b0563b1ce8302b8e8794e2e4c9c8031c62ff9774a3f63f6f58
aconitate,direct_neighbor_ridge,autonomic_ganglia,0,0,16,10.522455078043235,10.578069311990472,db1ab3680dcfc2deb10e2511ec28b70b27966d5a436d724be48267bcbf200acf
aconitate,direct_neighbor_ridge,haematopoietic_and_lymphoid_tissue,0,0,163,267.33100791482923,268.29336397325244,db1ab3680dcfc2deb10e2511ec28b70b27966d5a436d724be48267bcbf200acf
aconitate,direct_neighbor_ridge,bone,0,1,19,18.021462677142594,21.51171156850544,32d2e2f547f707a9f12d899e65a934275c9f49020e10d214973126d05910ec9c
aconitate,direct_neighbor_ridge,ovary,0,1,45,26.204975059194478,27.92016656745521,32d2e2f547f707a9f12d899e65a934275c9f49020e10d214973126d05910ec9c
aconitate,direct_neighbor_ridge,skin,0,1,52,52.033083316316734,44.196108630705154,32d2e2f547f707a9f12d899e65a934275c9f49020e10d214973126d05910ec9c
aconitate,direct_neighbor_ridge,upper_aerodigestive_tract,0,1,30,21.803769669817296,21.988080099662724,32d2e2f547f707a9f12d899e65a934275c9f49020e10d214973126d05910ec9c
aconitate,direct_neighbor_ridge,urinary_tract,0,1,25,17.43368540832039,17.64894845549087,32d2e2f547f707a9f12d899e65a934275c9f49020e10d214973126d05910ec9c
aconitate,direct_neighbor_ridge,large_intestine,0,2,55,46.56338431595368,46.71504864296144,659dce4f66bf4ee0228513d024a4e287e9f1aa3957152332b1483ab0af67cb42
aconitate,direct_neighbor_ridge,oesophagus,0,2,25,19.166076804974853,21.766534175865782,659dce4f66bf4ee0228513d024a4e287e9f1aa3957152332b1483ab0af67cb42
aconitate,direct_neighbor_ridge,pancreas,0,2,41,44.60429932766613,45.50221926146792,659dce4f66bf4ee0228513d024a4e287e9f1aa3957152332b1483ab0af67cb42
aconitate,direct_neighbor_ridge,soft_tissue,0,2,18,24.169794333058164,24.97931187917971,659dce4f66bf4ee0228513d024a4e287e9f1aa3957152332b1483ab0af67cb42
aconitate,direct_neighbor_ridge,stomach,0,2,37,48.39140300398753,48.743422607501344,659dce4f66bf4ee0228513d024a4e287e9f1aa3957152332b1483ab0af67cb42
aconitate,direct_neighbor_ridge,breast,0,3,49,53.11660147479676,56.54197766977886,9492e163b6ef19b0563b1ce8302b8e8794e2e4c9c8031c62ff9774a3f63f6f58
aconitate,direct_neighbor_ridge,central_nervous_system,0,3,49,56.901778722826876,57.57112191511692,9492e163b6ef19b0563b1ce8302b8e8794e2e4c9c8031c62ff9774a3f63f6f58
aconitate,direct_neighbor_ridge,endometrium,0,3,28,17.125557731563994,20.731095514163165,9492e163b6ef19b0563b1ce8302b8e8794e2e4c9c8031c62ff9774a3f63f6f58
aconitate,direct_neighbor_ridge,kidney,0,3,23,20.81222031722556,20.652668812063578,9492e163b6ef19b0563b1ce8302b8e8794e2e4c9c8031c62ff9774a3f63f6f58
aconitate,direct_neighbor_ridge,liver,0,3,25,35.12714631262742,34.43500747116181,9492e163b6ef19b0563b1ce8302b8e8794e2e4c9c8031c62ff9774a3f63f6f58
aconitate,direct_neighbor_ridge,lung,0,4,176,149.56931189214444,149.9690955053872,cf9883e99ee1b956d01c2cb42a4d284b982ce23065d3616a5e1cced359e41fb5
aconitate,direct_neighbor_ridge,bone,1,0,19,18.021462677142594,21.51171156850544,32d2e2f547f707a9f12d899e65a934275c9f49020e10d214973126d05910ec9c
aconitate,direct_neighbor_ridge,ovary,1,0,45,26.204975059194478,27.92016656745521,32d2e2f547f707a9f12d899e65a934275c9f49020e10d214973126d05910ec9c
aconitate,direct_neighbor_ridge,skin,1,0,52,52.033083316316734,44.196108630705154,32d2e2f547f707a9f12d899e65a934275c9f49020e10d214973126d05910ec9c
aconitate,direct_neighbor_ridge,upper_aerodigestive_tract,1,0,30,21.803769669817296,21.988080099662724,32d2e2f547f707a9f12d899e65a934275c9f49020e10d214973126d05910ec9c
aconitate,direct_neighbor_ridge,urinary_tract,1,0,25,17.43368540832039,17.64894845549087,32d2e2f547f707a9f12d899e65a934275c9f49020e10d214973126d05910ec9c
aconitate,direct_neighbor_ridge,lung,1,1,176,149.56931189214444,149.9690955053872,cf9883e99ee1b956d01c2cb42a4d284b982ce23065d3616a5e1cced359e41fb5
aconitate,direct_neighbor_ridge,autonomic_ganglia,1,2,16,10.522455078043235,10.578069311990472,db1ab3680dcfc2deb10e2511ec28b70b27966d5a436d724be48267bcbf200acf
aconitate,direct_neighbor_ridge,haematopoietic_and_lymphoid_tissue,1,2,163,267.33100791482923,268.29336397325244,db1ab3680dcfc2deb10e2511ec28b70b27966d5a436d724be48267bcbf200acf
aconitate,direct_neighbor_ridge,large_intestine,1,3,55,46.42063658195536,46.71504864296144,659dce4f66bf4ee0228513d024a4e287e9f1aa3957152332b1483ab0af67cb42
aconitate,direct_neighbor_ridge,oesophagus,1,3,25,19.39885848726618,21.766534175865782,659dce4f66bf4ee0228513d024a4e287e9f1aa3957152332b1483ab0af67cb42
aconitate,direct_neighbor_ridge,pancreas,1,3,41,44.59243827331598,45.50221926146792,659dce4f66bf4ee0228513d024a4e287e9f1aa3957152332b1483ab0af67cb42
aconitate,direct_neighbor_ridge,soft_tissue,1,3,18,24.219600108718073,24.97931187917971,659dce4f66bf4ee0228513d024a4e287e9f1aa3957152332b1483ab0af67cb42
aconitate,direct_neighbor_ridge,stomach,1,3,37,48.35188545774845,48.743422607501344,659dce4f66bf4ee0228513d024a4e287e9f1aa3957152332b1483ab0af67cb42
aconitate,direct_neighbor_ridge,breast,1,4,49,53.11660147479676,56.54197766977886,9492e163b6ef19b0563b1ce8302b8e8794e2e4c9c8031c62ff9774a3f63f6f58
aconitate,direct_neighbor_ridge,central_nervous_system,1,4,49,56.901778722826876,57.57112191511692,9492e163b6ef19b0563b1ce8302b8e8794e2e4c9c8031c62ff9774a3f63f6f58
aconitate,direct_neighbor_ridge,endometrium,1,4,28,17.125557731563994,20.731095514163165,9492e163b6ef19b0563b1ce8302b8e8794e2e4c9c8031c62ff9774a3f63f6f58
aconitate,direct_neighbor_ridge,kidney,1,4,23,20.81222031722556,20.652668812063578,9492e163b6ef19b0563b1ce8302b8e8794e2e4c9c8031c62ff9774a3f63f6f58
aconitate,direct_neighbor_ridge,liver,1,4,25,35.12714631262742,34.43500747116181,9492e163b6ef19b0563b1ce8302b8e8794e2e4c9c8031c62ff9774a3f63f6f58
adenine,direct_neighbor_ridge,autonomic_ganglia,0,0,16,28.20765986158871,28.949480932335938,db1ab3680dcfc2deb10e2511ec28b70b27966d5a436d724be48267bcbf200acf
adenine,direct_neighbor_ridge,haematopoietic_and_lymphoid_tissue,0,0,163,235.32088648058763,255.42632840432765,db1ab3680dcfc2deb10e2511ec28b70b27966d5a436d724be48267bcbf200acf
adenine,direct_neighbor_ridge,bone,0,1,19,12.444537487238646,11.631819820663015,32d2e2f547f707a9f12d899e65a934275c9f49020e10d214973126d05910ec9c
adenine,direct_neighbor_ridge,ovary,0,1,45,62.86490570770747,66.94301658515403,32d2e2f547f707a9f12d899e65a934275c9f49020e10d214973126d05910ec9c
adenine,direct_neighbor_ridge,skin,0,1,52,46.534249656089415,45.06335271336081,32d2e2f547f707a9f12d899e65a934275c9f49020e10d214973126d05910ec9c
adenine,direct_neighbor_ridge,upper_aerodigestive_tract,0,1,30,32.29854404628993,31.62908920209853,32d2e2f547f707a9f12d899e65a934275c9f49020e10d214973126d05910ec9c
adenine,direct_neighbor_ridge,urinary_tract,0,1,25,33.93937341334079,30.7035810565743,32d2e2f547f707a9f12d899e65a934275c9f49020e10d214973126d05910ec9c
adenine,direct_neighbor_ridge,large_intestine,0,2,55,59.78846170087315,69.37169076333967,659dce4f66bf4ee0228513d024a4e287e9f1aa3957152332b1483ab0af67cb42
adenine,direct_neighbor_ridge,oesophagus,0,2,25,14.220921647680068,12.551547124386165,659dce4f66bf4ee0228513d024a4e287e9f1aa3957152332b1483ab0af67cb42
adenine,direct_neighbor_ridge,pancreas,0,2,41,69.83532758678543,70.685926035948,659dce4f66bf4ee0228513d024a4e287e9f1aa3957152332b1483ab0af67cb42
adenine,direct_neighbor_ridge,soft_tissue,0,2,18,9.785711930177259,11.903492079265723,659dce4f66bf4ee0228513d024a4e287e9f1aa3957152332b1483ab0af67cb42
adenine,direct_neighbor_ridge,stomach,0,2,37,41.18015079263138,35.72531336745661,659dce4f66bf4ee0228513d024a4e287e9f1aa3957152332b1483ab0af67cb42
adenine,direct_neighbor_ridge,breast,0,3,49,50.80298940954654,52.376922267044236,9492e163b6ef19b0563b1ce8302b8e8794e2e4c9c8031c62ff9774a3f63f6f58
adenine,direct_neighbor_ridge,central_nervous_system,0,3,49,31.628349302013344,33.00792532451269,9492e163b6ef19b0563b1ce8302b8e8794e2e4c9c8031c62ff9774a3f63f6f58
adenine,direct_neighbor_ridge,endometrium,0,3,28,35.432029327972245,37.56367715639685,9492e163b6ef19b0563b1ce8302b8e8794e2e4c9c8031c62ff9774a3f63f6f58
adenine,direct_neighbor_ridge,kidney,0,3,23,20.290464906764903,19.959166875423698,9492e163b6ef19b0563b1ce8302b8e8794e2e4c9c8031c62ff9774a3f63f6f58
adenine,direct_neighbor_ridge,liver,0,3,25,16.733918290266352,14.613682358585953,9492e163b6ef19b0563b1ce8302b8e8794e2e4c9c8031c62ff9774a3f63f6f58
adenine,direct_neighbor_ridge,lung,0,4,176,97.62905265883181,101.77238516617106,cf9883e99ee1b956d01c2cb42a4d284b982ce23065d3616a5e1cced359e41fb5
adenine,direct_neighbor_ridge,bone,1,0,19,12.444537487238646,11.631819820663015,32d2e2f547f707a9f12d899e65a934275c9f49020e10d214973126d05910ec9c
adenine,direct_neighbor_ridge,ovary,1,0,45,62.86490570770747,66.94301658515403,32d2e2f547f707a9f12d899e65a934275c9f49020e10d214973126d05910ec9c
adenine,direct_neighbor_ridge,skin,1,0,52,46.534249656089415,45.06335271336081,32d2e2f547f707a9f12d899e65a934275c9f49020e10d214973126d05910ec9c
adenine,direct_neighbor_ridge,upper_aerodigestive_tract,1,0,30,32.29854404628993,31.62908920209853,32d2e2f547f707a9f12d899e65a934275c9f49020e10d214973126d05910ec9c
adenine,direct_neighbor_ridge,urinary_tract,1,0,25,33.93937341334079,30.7035810565743,32d2e2f547f707a9f12d899e65a934275c9f49020e10d214973126d05910ec9c
adenine,direct_neighbor_ridge,lung,1,1,176,97.62905265883181,101.77238516617106,cf9883e99ee1b956d01c2cb42a4d284b982ce23065d3616a5e1cced359e41fb5
adenine,direct_neighbor_ridge,autonomic_ganglia,1,2,16,28.20765986158871,28.949480932335938,db1ab3680dcfc2deb10e2511ec28b70b27966d5a436d724be48267bcbf200acf
adenine,direct_neighbor_ridge,haematopoietic_and_lymphoid_tissue,1,2,163,235.32088648058763,255.42632840432765,db1ab3680dcfc2deb10e2511ec28b70b27966d5a436d724be48267bcbf200acf
adenine,direct_neighbor_ridge,large_intestine,1,3,55,59.78846170087315,69.37169076333967,659dce4f66bf4ee0228513d024a4e287e9f1aa3957152332b1483ab0af67cb42
adenine,direct_neighbor_ridge,oesophagus,1,3,25,14.220921647680068,12.551547124386165,659dce4f66bf4ee0228513d024a4e287e9f1aa3957152332b1483ab0af67cb42
adenine,direct_neighbor_ridge,pancreas,1,3,41,69.83532758678543,70.685926035948,659dce4f66bf4ee0228513d024a4e287e9f1aa3957152332b1483ab0af67cb42
adenine,direct_neighbor_ridge,soft_tissue,1,3,18,9.785711930177259,11.903492079265723,659dce4f66bf4ee0228513d024a4e287e9f1aa3957152332b1483ab0af67cb42
adenine,direct_neighbor_ridge,stomach,1,3,37,41.18015079263138,35.72531336745661,659dce4f66bf4ee0228513d024a4e287e9f1aa3957152332b1483ab0af67cb42
adenine,direct_neighbor_ridge,breast,1,4,49,50.80298940954654,52.376922267044236,9492e163b6ef19b0563b1ce8302b8e8794e2e4c9c8031c62ff9774a3f63f6f58
adenine,direct_neighbor_ridge,central_nervous_system,1,4,49,31.628349302013344,33.00792532451269,9492e163b6ef19b0563b1ce8302b8e8794e2e4c9c8031c62ff9774a3f63f6f58
adenine,direct_neighbor_ridge,endometrium,1,4,28,35.432029327972245,37.56367715639685,9492e163b6ef19b0563b1ce8302b8e8794e2e4c9c8031c62ff9774a3f63f6f58
adenine,direct_neighbor_ridge,kidney,1,4,23,20.290464906764903,19.959166875423698,9492e163b6ef19b0563b1ce8302b8e8794e2e4c9c8031c62ff9774a3f63f6f58
adenine,direct_neighbor_ridge,liver,1,4,25,16.733918290266352,14.613682358585953,9492e163b6ef19b0563b1ce8302b8e8794e2e4c9c8031c62ff9774a3f63f6f58
adenosine,direct_neighbor_ridge,autonomic_ganglia,0,0,16,9.8112212284461,8.628870126383513,db1ab3680dcfc2deb10e2511ec28b70b27966d5a436d724be48267bcbf200acf
adenosine,direct_neighbor_ridge,haematopoietic_and_lymphoid_tissue,0,0,163,176.46755529399783,127.7992220777833,db1ab3680dcfc2deb10e2511ec28b70b27966d5a436d724be48267bcbf200acf
adenosine,direct_neighbor_ridge,bone,0,1,19,37.10719264176434,38.53636869262482,32d2e2f547f707a9f12d899e65a934275c9f49020e10d214973126d05910ec9c
adenosine,direct_neighbor_ridge,ovary,0,1,45,46.91419483592548,50.631509585846196,32d2e2f547f707a9f12d899e65a934275c9f49020e10d214973126d05910ec9c
adenosine,direct_neighbor_ridge,skin,0,1,52,70.34917797463258,77.56774336902923,32d2e2f547f707a9f12d899e65a934275c9f49020e10d214973126d05910ec9c
adenosine,direct_neighbor_ridge,upper_aerodigestive_tract,0,1,30,27.38726862963332,27.58647151101958,32d2e2f547f707a9f12d899e65a934275c9f49020e10d214973126d05910ec9c
adenosine,direct_neighbor_ridge,urinary_tract,0,1,25,31.182335906185227,34.9026141205212,32d2e2f547f707a9f12d899e65a934275c9f49020e10d214973126d05910ec9c
adenosine,direct_neighbor_ridge,large_intestine,0,2,55,52.958903323709606,55.35384043717885,659dce4f66bf4ee0228513d024a4e287e9f1aa3957152332b1483ab0af67cb42
adenosine,direct_neighbor_ridge,oesophagus,0,2,25,43.6061678198141,40.747301998602126,659dce4f66bf4ee0228513d024a4e287e9f1aa3957152332b1483ab0af67cb42
adenosine,direct_neighbor_ridge,pancreas,0,2,41,39.51558463914598,40.49333709639559,659dce4f66bf4ee0228513d024a4e287e9f1aa3957152332b1483ab0af67cb42
adenosine,direct_neighbor_ridge,soft_tissue,0,2,18,34.727291341966314,37.46964121628398,659dce4f66bf4ee0228513d024a4e287e9f1aa3957152332b1483ab0af67cb42
adenosine,direct_neighbor_ridge,stomach,0,2,37,40.01033346666087,34.045991745913305,659dce4f66bf4ee0228513d024a4e287e9f1aa3957152332b1483ab0af67cb42
adenosine,direct_neighbor_ridge,breast,0,3,49,44.68390135984492,46.12787611323165,9492e163b6ef19b0563b1ce8302b8e8794e2e4c9c8031c62ff9774a3f63f6f58
adenosine,direct_neighbor_ridge,central_nervous_system,0,3,49,44.892722278942955,40.79153917894358,9492e163b6ef19b0563b1ce8302b8e8794e2e4c9c8031c62ff9774a3f63f6f58
adenosine,direct_neighbor_ridge,endometrium,0,3,28,31.761808560359515,35.713541675914286,9492e163b6ef19b0563b1ce8302b8e8794e2e4c9c8031c62ff9774a3f63f6f58
adenosine,direct_neighbor_ridge,kidney,0,3,23,16.4651606382576,17.614189811306378,9492e163b6ef19b0563b1ce8302b8e8794e2e4c9c8031c62ff9774a3f63f6f58
adenosine,direct_neighbor_ridge,liver,0,3,25,34.806719959979326,33.640864718811734,9492e163b6ef19b0563b1ce8302b8e8794e2e4c9c8031c62ff9774a3f63f6f58
adenosine,direct_neighbor_ridge,lung,0,4,176,146.38689207887833,155.09988339345296,cf9883e99ee1b956d01c2cb42a4d284b982ce23065d3616a5e1cced359e41fb5
adenosine,direct_neighbor_ridge,bone,1,0,19,37.10719264176434,38.53636869262482,32d2e2f547f707a9f12d899e65a934275c9f49020e10d214973126d05910ec9c
adenosine,direct_neighbor_ridge,ovary,1,0,45,46.91419483592548,50.631509585846196,32d2e2f547f707a9f12d899e65a934275c9f49020e10d214973126d05910ec9c
adenosine,direct_neighbor_ridge,skin,1,0,52,70.34917797463258,77.56774336902923,32d2e2f547f707a9f12d899e65a934275c9f49020e10d214973126d05910ec9c
adenosine,direct_neighbor_ridge,upper_aerodigestive_tract,1,0,30,27.38726862963332,27.58647151101958,32d2e2f547f707a9f12d899e65a934275c9f49020e10d214973126d05910ec9c
adenosine,direct_neighbor_ridge,urinary_tract,1,0,25,31.182335906185227,34.9026141205212,32d2e2f547f707a9f12d899e65a934275c9f49020e10d214973126d05910ec9c
adenosine,direct_neighbor_ridge,lung,1,1,176,146.38689207887833,155.09988339345296,cf9883e99ee1b956d01c2cb42a4d284b982ce23065d3616a5e1cced359e41fb5
adenosine,direct_neighbor_ridge,autonomic_ganglia,1,2,16,10.032561006749134,8.628870126383513,db1ab3680dcfc2deb10e2511ec28b70b27966d5a436d724be48267bcbf200acf
adenosine,direct_neighbor_ridge,haematopoietic_and_lymphoid_tissue,1,2,163,185.20693654324748,127.7992220777833,db1ab3680dcfc2deb10e2511ec28b70b27966d5a436d724be48267bcbf200acf
adenosine,direct_neighbor_ridge,large_intestine,1,3,55,52.958903323709606,55.35384043717885,659dce4f66bf4ee0228513d024a4e287e9f1aa3957152332b1483ab0af67cb42
adenosine,direct_neighbor_ridge,oesophagus,1,3,25,43.6061678198141,40.747301998602126,659dce4f66bf4ee0228513d024a4e287e9f1aa3957152332b1483ab0af67cb42
adenosine,direct_neighbor_ridge,pancreas,1,3,41,39.51558463914598,40.49333709639559,659dce4f66bf4ee0228513d024a4e287e9f1aa3957152332b1483ab0af67cb42
adenosine,direct_neighbor_ridge,soft_tissue,1,3,18,34.727291341966314,37.46964121628398,659dce4f66bf4ee0228513d024a4e287e9f1aa3957152332b1483ab0af67cb42
adenosine,direct_neighbor_ridge,stomach,1,3,37,40.01033346666087,34.045991745913305,659dce4f66bf4ee0228513d024a4e287e9f1aa3957152332b1483ab0af67cb42
adenosine,direct_neighbor_ridge,breast,1,4,49,44.68390135984492,46.12787611323165,9492e163b6ef19b0563b1ce8302b8e8794e2e4c9c8031c62ff9774a3f63f6f58
adenosine,direct_neighbor_ridge,central_nervous_system,1,4,49,44.892722278942955,40.79153917894358,9492e163b6ef19b0563b1ce8302b8e8794e2e4c9c8031c62ff9774a3f63f6f58
adenosine,direct_neighbor_ridge,endometrium,1,4,28,31.761808560359515,35.713541675914286,9492e163b6ef19b0563b1ce8302b8e8794e2e4c9c8031c62ff9774a3f63f6f58
adenosine,direct_neighbor_ridge,kidney,1,4,23,16.4651606382576,17.614189811306378,9492e163b6ef19b0563b1ce8302b8e8794e2e4c9c8031c62ff9774a3f63f6f58
adenosine,direct_neighbor_ridge,liver,1,4,25,34.806719959979326,33.640864718811734,9492e163b6ef19b0563b1ce8302b8e8794e2e4c9c8031c62ff9774a3f63f6f58
alanine,direct_neighbor_ridge,autonomic_ganglia,0,0,16,8.905407943718744,11.544749915549557,db1ab3680dcfc2deb10e2511ec28b70b27966d5a436d724be48267bcbf200acf
alanine,direct_neighbor_ridge,haematopoietic_and_lymphoid_tissue,0,0,163,171.2115285680759,239.31555104190804,db1ab3680dcfc2deb10e2511ec28b70b27966d5a436d724be48267bcbf200acf
alanine,direct_neighbor_ridge,bone,0,1,19,4.530134868333133,13.321584381304366,32d2e2f547f707a9f12d899e65a934275c9f49020e10d214973126d05910ec9c
alanine,direct_neighbor_ridge,ovary,0,1,45,32.890955220765306,29.922840974684274,32d2e2f547f707a9f12d899e65a934275c9f49020e10d214973126d05910ec9c
alanine,direct_neighbor_ridge,skin,0,1,52,46.62093737673846,46.589964641155824,32d2e2f547f707a9f12d899e65a934275c9f49020e10d214973126d05910ec9c
alanine,direct_neighbor_ridge,upper_aerodigestive_tract,0,1,30,18.428562783706283,25.749991455769973,32d2e2f547f707a9f12d899e65a934275c9f49020e10d214973126d05910ec9c
alanine,direct_neighbor_ridge,urinary_tract,0,1,25,17.47228478749034,29.794767536726823,32d2e2f547f707a9f12d899e65a934275c9f49020e10d214973126d05910ec9c
alanine,direct_neighbor_ridge,large_intestine,0,2,55,53.3539368210386,82.44375933130256,659dce4f66bf4ee0228513d024a4e287e9f1aa3957152332b1483ab0af67cb42
alanine,direct_neighbor_ridge,oesophagus,0,2,25,14.118761110840083,17.175412105005332,659dce4f66bf4ee0228513d024a4e287e9f1aa3957152332b1483ab0af67cb42
alanine,direct_neighbor_ridge,pancreas,0,2,41,24.65100916457241,33.91009845618294,659dce4f66bf4ee0228513d024a4e287e9f1aa3957152332b1483ab0af67cb42
alanine,direct_neighbor_ridge,soft_tissue,0,2,18,10.929695032400259,14.024144522182421,659dce4f66bf4ee0228513d024a4e287e9f1aa3957152332b1483ab0af67cb42
alanine,direct_neighbor_ridge,stomach,0,2,37,22.328339411446525,39.37799468661974,659dce4f66bf4ee0228513d024a4e287e9f1aa3957152332b1483ab0af67cb42
alanine,direct_neighbor_ridge,breast,0,3,49,31.54825836272368,41.48456628584718,9492e163b6ef19b0563b1ce8302b8e8794e2e4c9c8031c62ff9774a3f63f6f58
alanine,direct_neighbor_ridge,central_nervous_system,0,3,49,30.722797577433205,42.76708633292772,9492e163b6ef19b0563b1ce8302b8e8794e2e4c9c8031c62ff9774a3f63f6f58
alanine,direct_neighbor_ridge,endometrium,0,3,28,18.654323887383566,30.476347144458053,9492e163b6ef19b0563b1ce8302b8e8794e2e4c9c8031c62ff9774a3f63f6f58
alanine,direct_neighbor_ridge,kidney,0,3,23,16.082179717588748,13.753106351347505,9492e163b6ef19b0563b1ce8302b8e8794e2e4c9c8031c62ff9774a3f63f6f58
alanine,direct_neighbor_ridge,liver,0,3,25,19.9422584482606,32.306850075916024,9492e163b6ef19b0563b1ce8302b8e8794e2e4c9c8031c62ff9774a3f63f6f58
alanine,direct_neighbor_ridge,lung,0,4,176,159.53251249358058,183.74509674343037,cf9883e99ee1b956d01c2cb42a4d284b982ce23065d3616a5e1cced359e41fb5
alanine,direct_neighbor_ridge,bone,1,0,19,4.530134868333133,13.321584381304366,32d2e2f547f707a9f12d899e65a934275c9f49020e10d214973126d05910ec9c
alanine,direct_neighbor_ridge,ovary,1,0,45,32.890955220765306,29.922840974684274,32d2e2f547f707a9f12d899e65a934275c9f49020e10d214973126d05910ec9c
alanine,direct_neighbor_ridge,skin,1,0,52,46.62093737673846,46.589964641155824,32d2e2f547f707a9f12d899e65a934275c9f49020e10d214973126d05910ec9c
alanine,direct_neighbor_ridge,upper_aerodigestive_tract,1,0,30,18.428562783706283,25.749991455769973,32d2e2f547f707a9f12d899e65a934275c9f49020e10d214973126d05910ec9c
alanine,direct_neighbor_ridge,urinary_tract,1,0,25,17.47228478749034,29.794767536726823,32d2e2f547f707a9f12d899e65a934275c9f49020e10d214973126d05910ec9c
alanine,direct_neighbor_ridge,lung,1,1,176,161.95910272458622,183.74509674343037,cf9883e99ee1b956d01c2cb42a4d284b982ce23065d3616a5e1cced359e41fb5
alanine,direct_neighbor_ridge,autonomic_ganglia,1,2,16,8.905407943718744,11.544749915549557,db1ab3680dcfc2deb10e2511ec28b70b27966d5a436d724be48267bcbf200acf
alanine,direct_neighbor_ridge,haematopoietic_and_lymphoid_tissue,1,2,163,171.2115285680759,239.31555104190804,db1ab3680dcfc2deb10e2511ec28b70b27966d5a436d724be48267bcbf200acf
alanine,direct_neighbor_ridge,large_intestine,1,3,55,53.3539368210386,82.44375933130256,659dce4f66bf4ee0228513d024a4e287e9f1aa3957152332b1483ab0af67cb42
alanine,direct_neighbor_ridge,oesophagus,1,3,25,14.118761110840083,17.175412105005332,659dce4f66bf4ee0228513d024a4e287e9f1aa3957152332b1483ab0af67cb42
alanine,direct_neighbor_ridge,pancreas,1,3,41,24.65100916457241,33.91009845618294,659dce4f66bf4ee0228513d024a4e287e9f1aa3957152332b1483ab0af67cb42
alanine,direct_neighbor_ridge,soft_tissue,1,3,18,10.929695032400259,14.024144522182421,659dce4f66bf4ee0228513d024a4e287e9f1aa3957152332b1483ab0af67cb42
alanine,direct_neighbor_ridge,stomach,1,3,37,22.328339411446525,39.37799468661974,659dce4f66bf4ee0228513d024a4e287e9f1aa3957152332b1483ab0af67cb42
alanine,direct_neighbor_ridge,breast,1,4,49,31.54825836272368,41.48456628584718,9492e163b6ef19b0563b1ce8302b8e8794e2e4c9c8031c62ff9774a3f63f6f58
alanine,direct_neighbor_ridge,central_nervous_system,1,4,49,30.722797577433205,42.76708633292772,9492e163b6ef19b0563b1ce8302b8e8794e2e4c9c8031c62ff9774a3f63f6f58
alanine,direct_neighbor_ridge,endometrium,1,4,28,18.654323887383566,30.476347144458053,9492e163b6ef19b0563b1ce8302b8e8794e2e4c9c8031c62ff9774a3f63f6f58
alanine,direct_neighbor_ridge,kidney,1,4,23,16.082179717588748,13.753106351347505,9492e163b6ef19b0563b1ce8302b8e8794e2e4c9c8031c62ff9774a3f63f6f58
alanine,direct_neighbor_ridge,liver,1,4,25,19.9422584482606,32.306850075916024,9492e163b6ef19b0563b1ce8302b8e8794e2e4c9c8031c62ff9774a3f63f6f58
arginine,direct_neighbor_ridge,autonomic_ganglia,0,0,16,8.093121217571653,10.209847798536021,db1ab3680dcfc2deb10e2511ec28b70b27966d5a436d724be48267bcbf200acf
arginine,direct_neighbor_ridge,haematopoietic_and_lymphoid_tissue,0,0,163,184.119257511368,270.97973942036856,db1ab3680dcfc2deb10e2511ec28b70b27966d5a436d724be48267bcbf200acf
arginine,direct_neighbor_ridge,bone,0,1,19,8.146152347534052,7.509489257923826,32d2e2f547f707a9f12d899e65a934275c9f49020e10d214973126d05910ec9c
arginine,direct_neighbor_ridge,ovary,0,1,45,15.919385083824052,18.81843732829082,32d2e2f547f707a9f12d899e65a934275c9f49020e10d214973126d05910ec9c
arginine,direct_neighbor_ridge,skin,0,1,52,25.829512839304392,30.303346220699442,32d2e2f547f707a9f12d899e65a934275c9f49020e10d214973126d05910ec9c
arginine,direct_neighbor_ridge,upper_aerodigestive_tract,0,1,30,12.364140618312385,12.42825082033878,32d2e2f547f707a9f12d899e65a934275c9f49020e10d214973126d05910ec9c
arginine,direct_neighbor_ridge,urinary_tract,0,1,25,19.614723615249066,19.362613572586575,32d2e2f547f707a9f12d899e65a934275c9f49020e10d214973126d05910ec9c
arginine,direct_neighbor_ridge,large_intestine,0,2,55,48.35657706099592,57.244040543182145,659dce4f66bf4ee0228513d024a4e287e9f1aa3957152332b1483ab0af67cb42
arginine,direct_neighbor_ridge,oesophagus,0,2,25,13.84967214477901,16.54747910294563,659dce4f66bf4ee0228513d024a4e287e9f1aa3957152332b1483ab0af67cb42
arginine,direct_neighbor_ridge,pancreas,0,2,41,30.79808301637099,40.54761820415739,659dce4f66bf4ee0228513d024a4e287e9f1aa3957152332b1483ab0af67cb42
arginine,direct_neighbor_ridge,soft_tissue,0,2,18,20.76314396419536,26.4850563519894,659dce4f66bf4ee0228513d024a4e287e9f1aa3957152332b1483ab0af67cb42
arginine,direct_neighbor_ridge,stomach,0,2,37,37.53005725838041,44.543154877494196,659dce4f66bf4ee0228513d024a4e287e9f1aa3957152332b1483ab0af67cb42
arginine,direct_neighbor_ridge,breast,0,3,49,39.51698955617955,45.586326160765154,9492e163b6ef19b0563b1ce8302b8e8794e2e4c9c8031c62ff9774a3f63f6f58
arginine,direct_neighbor_ridge,central_nervous_system,0,3,49,32.014943983549145,36.15083359890963,9492e163b6ef19b0563b1ce8302b8e8794e2e4c9c8031c62ff9774a3f63f6f58
arginine,direct_neighbor_ridge,endometrium,0,3,28,22.274941864157178,25.353222188410108,9492e163b6ef19b0563b1ce8302b8e8794e2e4c9c8031c62ff9774a3f63f6f58
arginine,direct_neighbor_ridge,kidney,0,3,23,10.041986759731806,10.405585186401641,9492e163b6ef19b0563b1ce8302b8e8794e2e4c9c8031c62ff9774a3f63f6f58
arginine,direct_neighbor_ridge,liver,0,3,25,30.024378925140827,30.72112453382109,9492e163b6ef19b0563b1ce8302b8e8794e2e4c9c8031c62ff9774a3f63f6f58
arginine,direct_neighbor_ridge,lung,0,4,176,165.305255684464,236.43280617179482,cf9883e99ee1b956d01c2cb42a4d284b982ce23065d3616a5e1cced359e41fb5
arginine,direct_neighbor_ridge,bone,1,0,19,8.146152347534052,7.509489257923826,32d2e2f547f707a9f12d899e65a934275c9f49020e10d214973126d05910ec9c
arginine,direct_neighbor_ridge,ovary,1,0,45,15.919385083824052,18.81843732829082,32d2e2f547f707a9f12d899e65a934275c9f49020e10d214973126d05910ec9c
arginine,direct_neighbor_ridge,skin,1,0,52,25.829512839304392,30.303346220699442,32d2e2f547f707a9f12d899e65a934275c9f49020e10d214973126d05910ec9c
arginine,direct_neighbor_ridge,upper_aerodigestive_tract,1,0,30,12.364140618312385,12.42825082033878,32d2e2f547f707a9f12d899e65a934275c9f49020e10d214973126d05910ec9c
arginine,direct_neighbor_ridge,urinary_tract,1,0,25,19.614723615249066,19.362613572586575,32d2e2f547f707a9f12d899e65a934275c9f49020e10d214973126d05910ec9c
arginine,direct_neighbor_ridge,lung,1,1,176,165.305255684464,236.43280617179482,cf9883e99ee1b956d01c2cb42a4d284b982ce23065d3616a5e1cced359e41fb5
arginine,direct_neighbor_ridge,autonomic_ganglia,1,2,16,8.093121217571653,10.209847798536021,db1ab3680dcfc2deb10e2511ec28b70b27966d5a436d724be48267bcbf200acf
arginine,direct_neighbor_ridge,haematopoietic_and_lymphoid_tissue,1,2,163,184.119257511368,270.97973942036856,db1ab3680dcfc2deb10e2511ec28b70b27966d5a436d724be48267bcbf200acf
arginine,direct_neighbor_ridge,large_intestine,1,3,55,48.35657706099592,57.244040543182145,659dce4f66bf4ee0228513d024a4e287e9f1aa3957152332b1483ab0af67cb42
arginine,direct_neighbor_ridge,oesophagus,1,3,25,13.84967214477901,16.54747910294563,659dce4f66bf4ee0228513d024a4e287e9f1aa3957152332b1483ab0af67cb42
arginine,direct_neighbor_ridge,pancreas,1,3,41,30.79808301637099,40.54761820415739,659dce4f66bf4ee0228513d024a4e287e9f1aa3957152332b1483ab0af67cb42
arginine,direct_neighbor_ridge,soft_tissue,1,3,18,20.76314396419536,26.4850563519894,659dce4f66bf4ee0228513d024a4e287e9f1aa3957152332b1483ab0af67cb42
arginine,direct_neighbor_ridge,stomach,1,3,37,37.53005725838041,44.543154877494196,659dce4f66bf4ee0228513d024a4e287e9f1aa3957152332b1483ab0af67cb42
arginine,direct_neighbor_ridge,breast,1,4,49,39.51698955617955,45.586326160765154,9492e163b6ef19b0563b1ce8302b8e8794e2e4c9c8031c62ff9774a3f63f6f58
arginine,direct_neighbor_ridge,central_nervous_system,1,4,49,32.014943983549145,36.15083359890963,9492e163b6ef19b0563b1ce8302b8e8794e2e4c9c8031c62ff9774a3f63f6f58
arginine,direct_neighbor_ridge,endometrium,1,4,28,22.274941864157178,25.353222188410108,9492e163b6ef19b0563b1ce8302b8e8794e2e4c9c8031c62ff9774a3f63f6f58
arginine,direct_neighbor_ridge,kidney,1,4,23,10.041986759731806,10.405585186401641,9492e163b6ef19b0563b1ce8302b8e8794e2e4c9c8031c62ff9774a3f63f6f58
arginine,direct_neighbor_ridge,liver,1,4,25,30.024378925140827,30.72112453382109,9492e163b6ef19b0563b1ce8302b8e8794e2e4c9c8031c62ff9774a3f63f6f58
asparagine,direct_neighbor_ridge,autonomic_ganglia,0,0,16,6.321925164449233,7.568421354348872,db1ab3680dcfc2deb10e2511ec28b70b27966d5a436d724be48267bcbf200acf
asparagine,direct_neighbor_ridge,haematopoietic_and_lymphoid_tissue,0,0,163,71.59093685974425,68.24445449929271,db1ab3680dcfc2deb10e2511ec28b70b27966d5a436d724be48267bcbf200acf
asparagine,direct_neighbor_ridge,bone,0,1,19,15.153773050021094,17.62296131777872,32d2e2f547f707a9f12d899e65a934275c9f49020e10d214973126d05910ec9c
asparagine,direct_neighbor_ridge,ovary,0,1,45,47.576467599787954,44.93339479168237,32d2e2f547f707a9f12d899e65a934275c9f49020e10d214973126d05910ec9c
asparagine,direct_neighbor_ridge,skin,0,1,52,79.24526463869405,77.21150365898102,32d2e2f547f707a9f12d899e65a934275c9f49020e10d214973126d05910ec9c
asparagine,direct_neighbor_ridge,upper_aerodigestive_tract,0,1,30,34.53270617460318,37.43290055834627,32d2e2f547f707a9f12d899e65a934275c9f49020e10d214973126d05910ec9c
asparagine,direct_neighbor_ridge,urinary_tract,0,1,25,38.67794379584294,42.74094579651123,32d2e2f547f707a9f12d899e65a934275c9f49020e10d214973126d05910ec9c
asparagine,direct_neighbor_ridge,large_intestine,0,2,55,89.63092500388944,98.70457249862505,659dce4f66bf4ee0228513d024a4e287e9f1aa3957152332b1483ab0af67cb42
asparagine,direct_neighbor_ridge,oesophagus,0,2,25,20.392348920235808,22.50071430639875,659dce4f66bf4ee0228513d024a4e287e9f1aa3957152332b1483ab0af67cb42
asparagine,direct_neighbor_ridge,pancreas,0,2,41,40.75152416751175,43.85463074965705,659dce4f66bf4ee0228513d024a4e287e9f1aa3957152332b1483ab0af67cb42
asparagine,direct_neighbor_ridge,soft_tissue,0,2,18,32.61373988613999,36.351972775086494,659dce4f66bf4ee0228513d024a4e287e9f1aa3957152332b1483ab0af67cb42
asparagine,direct_neighbor_ridge,stomach,0,2,37,23.661488408313602,28.503854116217187,659dce4f66bf4ee0228513d024a4e287e9f1aa3957152332b1483ab0af67cb42
asparagine,direct_neighbor_ridge,breast,0,3,49,53.231088508144005,53.329169315914356,9492e163b6ef19b0563b1ce8302b8e8794e2e4c9c8031c62ff9774a3f63f6f58
asparagine,direct_neighbor_ridge,central_nervous_system,0,3,49,96.42161391479524,95.07522744221602,9492e163b6ef19b0563b1ce8302b8e8794e2e4c9c8031c62ff9774a3f63f6f58
asparagine,direct_neighbor_ridge,endometrium,0,3,28,33.376574200089294,33.1102572266258,9492e163b6ef19b0563b1ce8302b8e8794e2e4c9c8031c62ff9774a3f63f6f58
asparagine,direct_neighbor_ridge,kidney,0,3,23,52.456133765167756,52.65544602730715,9492e163b6ef19b0563b1ce8302b8e8794e2e4c9c8031c62ff9774a3f63f6f58
asparagine,direct_neighbor_ridge,liver,0,3,25,22.917361981647883,24.19965544656071,9492e163b6ef19b0563b1ce8302b8e8794e2e4c9c8031c62ff9774a3f63f6f58
asparagine,direct_neighbor_ridge,lung,0,4,176,136.10292491889692,146.52321417596897,cf9883e99ee1b956d01c2cb42a4d284b982ce23065d3616a5e1cced359e41fb5
asparagine,direct_neighbor_ridge,bone,1,0,19,15.153773050021094,17.62296131777872,32d2e2f547f707a9f12d899e65a934275c9f49020e10d214973126d05910ec9c
asparagine,direct_neighbor_ridge,ovary,1,0,45,47.576467599787954,44.93339479168237,32d2e2f547f707a9f12d899e65a934275c9f49020e10d214973126d05910ec9c
asparagine,direct_neighbor_ridge,skin,1,0,52,79.24526463869405,77.21150365898102,32d2e2f547f707a9f12d899e65a934275c9f49020e10d214973126d05910ec9c
asparagine,direct_neighbor_ridge,upper_aerodigestive_tract,1,0,30,34.53270617460318,37.43290055834627,32d2e2f547f707a9f12d899e65a934275c9f49020e10d214973126d05910ec9c
asparagine,direct_neighbor_ridge,urinary_tract,1,0,25,38.67794379584294,42.74094579651123,32d2e2f547f707a9f12d899e65a934275c9f49020e10d214973126d05910ec9c
asparagine,direct_neighbor_ridge,lung,1,1,176,136.10292491889692,146.52321417596897,cf9883e99ee1b956d01c2cb42a4d284b982ce23065d3616a5e1cced359e41fb5
asparagine,direct_neighbor_ridge,autonomic_ganglia,1,2,16,6.321925164449233,7.568421354348872,db1ab3680dcfc2deb10e2511ec28b70b27966d5a436d724be48267bcbf200acf
asparagine,direct_neighbor_ridge,haematopoietic_and_lymphoid_tissue,1,2,163,71.59093685974425,68.24445449929271,db1ab3680dcfc2deb10e2511ec28b70b27966d5a436d724be48267bcbf200acf
asparagine,direct_neighbor_ridge,large_intestine,1,3,55,89.63092500388944,98.70457249862505,659dce4f66bf4ee0228513d024a4e287e9f1aa3957152332b1483ab0af67cb42
asparagine,direct_neighbor_ridge,oesophagus,1,3,25,20.392348920235808,22.50071430639875,659dce4f66bf4ee0228513d024a4e287e9f1aa3957152332b1483ab0af67cb42
asparagine,direct_neighbor_ridge,pancreas,1,3,41,40.75152416751175,43.85463074965705,659dce4f66bf4ee0228513d024a4e287e9f1aa3957152332b1483ab0af67cb42
asparagine,direct_neighbor_ridge,soft_tissue,1,3,18,32.61373988613999,36.351972775086494,659dce4f66bf4ee0228513d024a4e287e9f1aa3957152332b1483ab0af67cb42
asparagine,direct_neighbor_ridge,stomach,1,3,37,23.661488408313602,28.503854116217187,659dce4f66bf4ee0228513d024a4e287e9f1aa3957152332b1483ab0af67cb42
asparagine,direct_neighbor_ridge,breast,1,4,49,53.27111667526778,53.329169315914356,9492e163b6ef19b0563b1ce8302b8e8794e2e4c9c8031c62ff9774a3f63f6f58
asparagine,direct_neighbor_ridge,central_nervous_system,1,4,49,96.48329012361833,95.07522744221602,9492e163b6ef19b0563b1ce8302b8e8794e2e4c9c8031c62ff9774a3f63f6f58
asparagine,direct_neighbor_ridge,endometrium,1,4,28,33.410751837807624,33.1102572266258,9492e163b6ef19b0563b1ce8302b8e8794e2e4c9c8031c62ff9774a3f63f6f58
asparagine,direct_neighbor_ridge,kidney,1,4,23,52.4670521223347,52.65544602730715,9492e163b6ef19b0563b1ce8302b8e8794e2e4c9c8031c62ff9774a3f63f6f58
asparagine,direct_neighbor_ridge,liver,1,4,25,22.931530615897792,24.19965544656071,9492e163b6ef19b0563b1ce8302b8e8794e2e4c9c8031c62ff9774a3f63f6f58
aspartate,direct_neighbor_ridge,autonomic_ganglia,0,0,16,9.074087821016027,8.588115722931695,db1ab3680dcfc2deb10e2511ec28b70b27966d5a436d724be48267bcbf200acf
aspartate,direct_neighbor_ridge,haematopoietic_and_lymphoid_tissue,0,0,163,168.84394000325815,161.22415296854743,db1ab3680dcfc2deb10e2511ec28b70b27966d5a436d724be48267bcbf200acf
aspartate,direct_neighbor_ridge,bone,0,1,19,19.893083055582462,19.625873822433633,32d2e2f547f707a9f12d899e65a934275c9f49020e10d214973126d05910ec9c
aspartate,direct_neighbor_ridge,ovary,0,1,45,51.89930523540513,52.25761132081106,32d2e2f547f707a9f12d899e65a934275c9f49020e10d214973126d05910ec9c
aspartate,direct_neighbor_ridge,skin,0,1,52,42.61962336622606,43.50272784298975,32d2e2f547f707a9f12d899e65a934275c9f49020e10d214973126d05910ec9c
aspartate,direct_neighbor_ridge,upper_aerodigestive_tract,0,1,30,25.700569245886157,26.48956693098585,32d2e2f547f707a9f12d899e65a934275c9f49020e10d214973126d05910ec9c
aspartate,direct_neighbor_ridge,urinary_tract,0,1,25,15.929265426622461,17.932760421680403,32d2e2f547f707a9f12d899e65a934275c9f49020e10d214973126d05910ec9c
aspartate,direct_neighbor_ridge,large_intestine,0,2,55,70.63924132007185,74.8820187755852,659dce4f66bf4ee0228513d024a4e287e9f1aa3957152332b1483ab0af67cb42
aspartate,direct_neighbor_ridge,oesophagus,0,2,25,28.217718284964228,30.803372616088684,659dce4f66bf4ee0228513d024a4e287e9f1aa3957152332b1483ab0af67cb42
aspartate,direct_neighbor_ridge,pancreas,0,2,41,51.97093430942702,54.95746019780503,659dce4f66bf4ee0228513d024a4e287e9f1aa3957152332b1483ab0af67cb42
aspartate,direct_neighbor_ridge,soft_tissue,0,2,18,19.46398687343938,19.177757197443604,659dce4f66bf4ee0228513d024a4e287e9f1aa3957152332b1483ab0af67cb42
aspartate,direct_neighbor_ridge,stomach,0,2,37,34.022615965139025,34.068046037971705,659dce4f66bf4ee0228513d024a4e287e9f1aa3957152332b1483ab0af67cb42
aspartate,direct_neighbor_ridge,breast,0,3,49,54.28984527344098,56.710190807710674,9492e163b6ef19b0563b1ce8302b8e8794e2e4c9c8031c62ff9774a3f63f6f58
aspartate,direct_neighbor_ridge,central_nervous_system,0,3,49,48.998559406379016,58.29630876094749,9492e163b6ef19b0563b1ce8302b8e8794e2e4c9c8031c62ff9774a3f63f6f58
aspartate,direct_neighbor_ridge,endometrium,0,3,28,35.129793387668904,35.96659446778661,9492e163b6ef19b0563b1ce8302b8e8794e2e4c9c8031c62ff9774a3f63f6f58
aspartate,direct_neighbor_ridge,kidney,0,3,23,34.81552231056564,38.62003991776564,9492e163b6ef19b0563b1ce8302b8e8794e2e4c9c8031c62ff9774a3f63f6f58
aspartate,direct_neighbor_ridge,liver,0,3,25,34.021922164310716,35.67728922272117,9492e163b6ef19b0563b1ce8302b8e8794e2e4c9c8031c62ff9774a3f63f6f58
aspartate,direct_neighbor_ridge,lung,0,4,176,130.5403312390381,135.44656720784116,cf9883e99ee1b956d01c2cb42a4d284b982ce23065d3616a5e1cced359e41fb5
aspartate,direct_neighbor_ridge,bone,1,0,19,19.893083055582462,19.625873822433633,32d2e2f547f707a9f12d899e65a934275c9f49020e10d214973126d05910ec9c
aspartate,direct_neighbor_ridge,ovary,1,0,45,51.89930523540513,52.25761132081106,32d2e2f547f707a9f12d899e65a934275c9f49020e10d214973126d05910ec9c
aspartate,direct_neighbor_ridge,skin,1,0,52,42.61962336622606,43.50272784298975,32d2e2f547f707a9f12d899e65a934275c9f49020e10d214973126d05910ec9c
aspartate,direct_neighbor_ridge,upper_aerodigestive_tract,1,0,30,25.700569245886157,26.48956693098585,32d2e2f547f707a9f12d899e65a934275c9f49020e10d214973126d05910ec9c
aspartate,direct_neighbor_ridge,urinary_tract,1,0,25,15.929265426622461,17.932760421680403,32d2e2f547f707a9f12d899e65a934275c9f49020e10d214973126d05910ec9c
aspartate,direct_neighbor_ridge,lung,1,1,176,130.5403312390381,135.44656720784116,cf9883e99ee1b956d01c2cb42a4d284b982ce23065d3616a5e1cced359e41fb5
aspartate,direct_neighbor_ridge,autonomic_ganglia,1,2,16,9.074087821016027,8.588115722931695,db1ab3680dcfc2deb10e2511ec28b70b27966d5a436d724be48267bcbf200acf
aspartate,direct_neighbor_ridge,haematopoietic_and_lymphoid_tissue,1,2,163,168.84394000325815,161.22415296854743,db1ab3680dcfc2deb10e2511ec28b70b27966d5a436d724be48267bcbf200acf
aspartate,direct_neighbor_ridge,large_intestine,1,3,55,70.63924132007185,74.8820187755852,659dce4f66bf4ee0228513d024a4e287e9f1aa3957152332b1483ab0af67cb42
aspartate,direct_neighbor_ridge,oesophagus,1,3,25,28.217718284964228,30.803372616088684,659dce4f66bf4ee0228513d024a4e287e9f1aa3957152332b1483ab0af67cb42
aspartate,direct_neighbor_ridge,pancreas,1,3,41,51.97093430942702,54.95746019780503,659dce4f66bf4ee0228513d024a4e287e9f1aa3957152332b1483ab0af67cb42
aspartate,direct_neighbor_ridge,soft_tissue,1,3,18,19.46398687343938,19.177757197443604,659dce4f66bf4ee0228513d024a4e287e9f1aa3957152332b1483ab0af67cb42
aspartate,direct_neighbor_ridge,stomach,1,3,37,34.022615965139025,34.068046037971705,659dce4f66bf4ee0228513d024a4e287e9f1aa3957152332b1483ab0af67cb42
aspartate,direct_neighbor_ridge,breast,1,4,49,54.28984527344098,56.710190807710674,9492e163b6ef19b0563b1ce8302b8e8794e2e4c9c8031c62ff9774a3f63f6f58
aspartate,direct_neighbor_ridge,central_nervous_system,1,4,49,48.998559406379016,58.29630876094749,9492e163b6ef19b0563b1ce8302b8e8794e2e4c9c8031c62ff9774a3f63f6f58
aspartate,direct_neighbor_ridge,endometrium,1,4,28,35.129793387668904,35.96659446778661,9492e163b6ef19b0563b1ce8302b8e8794e2e4c9c8031c62ff9774a3f63f6f58
aspartate,direct_neighbor_ridge,kidney,1,4,23,34.81552231056564,38.62003991776564,9492e163b6ef19b0563b1ce8302b8e8794e2e4c9c8031c62ff9774a3f63f6f58
aspartate,direct_neighbor_ridge,liver,1,4,25,34.021922164310716,35.67728922272117,9492e163b6ef19b0563b1ce8302b8e8794e2e4c9c8031c62ff9774a3f63f6f58
beta-alanine,direct_neighbor_ridge,autonomic_ganglia,0,0,16,12.575577207918817,13.577790180289943,db1ab3680dcfc2deb10e2511ec28b70b27966d5a436d724be48267bcbf200acf
beta-alanine,direct_neighbor_ridge,haematopoietic_and_lymphoid_tissue,0,0,163,104.99976792349878,120.93997091886725,db1ab3680dcfc2deb10e2511ec28b70b27966d5a436d724be48267bcbf200acf
beta-alanine,direct_neighbor_ridge,bone,0,1,19,13.268724354502336,19.950675473861708,32d2e2f547f707a9f12d899e65a934275c9f49020e10d214973126d05910ec9c
beta-alanine,direct_neighbor_ridge,ovary,0,1,45,49.48241011651864,48.76264337730714,32d2e2f547f707a9f12d899e65a934275c9f49020e10d214973126d05910ec9c
beta-alanine,direct_neighbor_ridge,skin,0,1,52,24.08745833732775,36.08287963221976,32d2e2f547f707a9f12d899e65a934275c9f49020e10d214973126d05910ec9c
beta-alanine,direct_neighbor_ridge,upper_aerodigestive_tract,0,1,30,20.18586427065255,27.791121336192088,32d2e2f547f707a9f12d899e65a934275c9f49020e10d214973126d05910ec9c
beta-alanine,direct_neighbor_ridge,urinary_tract,0,1,25,17.298110059896466,21.31930843183077,32d2e2f547f707a9f12d899e65a934275c9f49020e10d214973126d05910ec9c
beta-alanine,direct_neighbor_ridge,large_intestine,0,2,55,39.61932724645347,50.61555655717088,659dce4f66bf4ee0228513d024a4e287e9f1aa3957152332b1483ab0af67cb42
beta-alanine,direct_neighbor_ridge,oesophagus,0,2,25,19.70847940554751,21.06827442271713,659dce4f66bf4ee0228513d024a4e287e9f1aa3957152332b1483ab0af67cb42
beta-alanine,direct_neighbor_ridge,pancreas,0,2,41,27.163717744073175,40.783945846024466,659dce4f66bf4ee0228513d024a4e287e9f1aa3957152332b1483ab0af67cb42
beta-alanine,direct_neighbor_ridge,soft_tissue,0,2,18,23.600773733975416,20.499952251988457,659dce4f66bf4ee0228513d024a4e287e9f1aa3957152332b1483ab0af67cb42
beta-alanine,direct_neighbor_ridge,stomach,0,2,37,33.83729777656406,48.282939068964176,659dce4f66bf4ee0228513d024a4e287e9f1aa3957152332b1483ab0af67cb42
beta-alanine,direct_neighbor_ridge,breast,0,3,49,70.26856217395802,78.67147017026082,9492e163b6ef19b0563b1ce8302b8e8794e2e4c9c8031c62ff9774a3f63f6f58
beta-alanine,direct_neighbor_ridge,central_nervous_system,0,3,49,36.295862326184384,46.39242523693296,9492e163b6ef19b0563b1ce8302b8e8794e2e4c9c8031c62ff9774a3f63f6f58
beta-alanine,direct_neighbor_ridge,endometrium,0,3,28,39.89748582948096,40.423925144681185,9492e163b6ef19b0563b1ce8302b8e8794e2e4c9c8031c62ff9774a3f63f6f58
beta-alanine,direct_neighbor_ridge,kidney,0,3,23,48.851137727299395,35.057033251511456,9492e163b6ef19b0563b1ce8302b8e8794e2e4c9c8031c62ff9774a3f63f6f58
beta-alanine,direct_neighbor_ridge,liver,0,3,25,22.069455083365483,26.565393490296824,9492e163b6ef19b0563b1ce8302b8e8794e2e4c9c8031c62ff9774a3f63f6f58
beta-alanine,direct_neighbor_ridge,lung,0,4,176,154.4825882427786,195.58540879505674,cf9883e99ee1b956d01c2cb42a4d284b982ce23065d3616a5e1cced359e41fb5
beta-alanine,direct_neighbor_ridge,bone,1,0,19,13.268724354502336,19.950675473861708,32d2e2f547f707a9f12d899e65a934275c9f49020e10d214973126d05910ec9c
beta-alanine,direct_neighbor_ridge,ovary,1,0,45,49.48241011651864,48.76264337730714,32d2e2f547f707a9f12d899e65a934275c9f49020e10d214973126d05910ec9c
beta-alanine,direct_neighbor_ridge,skin,1,0,52,24.08745833732775,36.08287963221976,32d2e2f547f707a9f12d899e65a934275c9f49020e10d214973126d05910ec9c
beta-alanine,direct_neighbor_ridge,upper_aerodigestive_tract,1,0,30,20.18586427065255,27.791121336192088,32d2e2f547f707a9f12d899e65a934275c9f49020e10d214973126d05910ec9c
beta-alanine,direct_neighbor_ridge,urinary_tract,1,0,25,17.298110059896466,21.31930843183077,32d2e2f547f707a9f12d899e65a934275c9f49020e10d214973126d05910ec9c
beta-alanine,direct_neighbor_ridge,lung,1,1,176,154.4825882427786,195.58540879505674,cf9883e99ee1b956d01c2cb42a4d284b982ce23065d3616a5e1cced359e41fb5
beta-alanine,direct_neighbor_ridge,autonomic_ganglia,1,2,16,12.575577207918817,13.577790180289943,db1ab3680dcfc2deb10e2511ec28b70b27966d5a436d724be48267bcbf200acf
beta-alanine,direct_neighbor_ridge,haematopoietic_and_lymphoid_tissue,1,2,163,104.99976792349878,120.93997091886725,db1ab3680dcfc2deb10e2511ec28b70b27966d5a436d724be48267bcbf200acf
beta-alanine,direct_neighbor_ridge,large_intestine,1,3,55,39.61932724645347,50.61555655717088,659dce4f66bf4ee0228513d024a4e287e9f1aa3957152332b1483ab0af67cb42
beta-alanine,direct_neighbor_ridge,oesophagus,1,3,25,19.70847940554751,21.06827442271713,659dce4f66bf4ee0228513d024a4e287e9f1aa3957152332b1483ab0af67cb42
beta-alanine,direct_neighbor_ridge,pancreas,1,3,41,27.163717744073175,40.783945846024466,659dce4f66bf4ee0228513d024a4e287e9f1aa3957152332b1483ab0af67cb42
beta-alanine,direct_neighbor_ridge,soft_tissue,1,3,18,23.600773733975416,20.499952251988457,659dce4f66bf4ee0228513d024a4e287e9f1aa3957152332b1483ab0af67cb42
beta-alanine,direct_neighbor_ridge,stomach,1,3,37,33.83729777656406,48.282939068964176,659dce4f66bf4ee0228513d024a4e287e9f1aa3957152332b1483ab0af67cb42
beta-alanine,direct_neighbor_ridge,breast,1,4,49,70.26856217395802,78.67147017026082,9492e163b6ef19b0563b1ce8302b8e8794e2e4c9c8031c62ff9774a3f63f6f58
beta-alanine,direct_neighbor_ridge,central_nervous_system,1,4,49,36.295862326184384,46.39242523693296,9492e163b6ef19b0563b1ce8302b8e8794e2e4c9c8031c62ff9774a3f63f6f58
beta-alanine,direct_neighbor_ridge,endometrium,1,4,28,39.89748582948096,40.423925144681185,9492e163b6ef19b0563b1ce8302b8e8794e2e4c9c8031c62ff9774a3f63f6f58
beta-alanine,direct_neighbor_ridge,kidney,1,4,23,48.851137727299395,35.057033251511456,9492e163b6ef19b0563b1ce8302b8e8794e2e4c9c8031c62ff9774a3f63f6f58
beta-alanine,direct_neighbor_ridge,liver,1,4,25,22.069455083365483,26.565393490296824,9492e163b6ef19b0563b1ce8302b8e8794e2e4c9c8031c62ff9774a3f63f6f58
betaine,direct_neighbor_ridge,autonomic_ganglia,0,0,16,9.4048909007876,15.797545588746235,db1ab3680dcfc2deb10e2511ec28b70b27966d5a436d724be48267bcbf200acf
betaine,direct_neighbor_ridge,haematopoietic_and_lymphoid_tissue,0,0,163,191.76035378514183,336.9165154166376,db1ab3680dcfc2deb10e2511ec28b70b27966d5a436d724be48267bcbf200acf
betaine,direct_neighbor_ridge,bone,0,1,19,9.029483654071644,14.2338731188444,32d2e2f547f707a9f12d899e65a934275c9f49020e10d214973126d05910ec9c
betaine,direct_neighbor_ridge,ovary,0,1,45,16.903289612659346,21.780515214116704,32d2e2f547f707a9f12d899e65a934275c9f49020e10d214973126d05910ec9c
betaine,direct_neighbor_ridge,skin,0,1,52,14.815967032757113,14.599490773707915,32d2e2f547f707a9f12d899e65a934275c9f49020e10d214973126d05910ec9c
betaine,direct_neighbor_ridge,upper_aerodigestive_tract,0,1,30,9.271746408007667,11.05950251322172,32d2e2f547f707a9f12d899e65a934275c9f49020e10d214973126d05910ec9c
betaine,direct_neighbor_ridge,urinary_tract,0,1,25,10.111629046632356,11.324168874355424,32d2e2f547f707a9f12d899e65a934275c9f49020e10d214973126d05910ec9c
betaine,direct_neighbor_ridge,large_intestine,0,2,55,66.06989158194031,93.31901446950648,659dce4f66bf4ee0228513d024a4e287e9f1aa3957152332b1483ab0af67cb42
betaine,direct_neighbor_ridge,oesophagus,0,2,25,7.387470891448816,12.039585475706254,659dce4f66bf4ee0228513d024a4e287e9f1aa3957152332b1483ab0af67cb42
betaine,direct_neighbor_ridge,pancreas,0,2,41,15.120043079017474,25.106822916746427,659dce4f66bf4ee0228513d024a4e287e9f1aa3957152332b1483ab0af67cb42
betaine,direct_neighbor_ridge,soft_tissue,0,2,18,40.768984436788394,29.203007125910727,659dce4f66bf4ee0228513d024a4e287e9f1aa3957152332b1483ab0af67cb42
betaine,direct_neighbor_ridge,stomach,0,2,37,17.87179563127594,25.212757901459238,659dce4f66bf4ee0228513d024a4e287e9f1aa3957152332b1483ab0af67cb42
betaine,direct_neighbor_ridge,breast,0,3,49,45.5200476962872,57.066326460268954,9492e163b6ef19b0563b1ce8302b8e8794e2e4c9c8031c62ff9774a3f63f6f58
betaine,direct_neighbor_ridge,central_nervous_system,0,3,49,16.86778517553853,18.884067970156604,9492e163b6ef19b0563b1ce8302b8e8794e2e4c9c8031c62ff9774a3f63f6f58
betaine,direct_neighbor_ridge,endometrium,0,3,28,12.813275252398856,27.061515876720826,9492e163b6ef19b0563b1ce8302b8e8794e2e4c9c8031c62ff9774a3f63f6f58
betaine,direct_neighbor_ridge,kidney,0,3,23,6.440709343197172,8.37401120154999,9492e163b6ef19b0563b1ce8302b8e8794e2e4c9c8031c62ff9774a3f63f6f58
betaine,direct_neighbor_ridge,liver,0,3,25,22.077921777363812,35.18228104177737,9492e163b6ef19b0563b1ce8302b8e8794e2e4c9c8031c62ff9774a3f63f6f58
betaine,direct_neighbor_ridge,lung,0,4,176,177.1256960365097,214.1791765892296,cf9883e99ee1b956d01c2cb42a4d284b982ce23065d3616a5e1cced359e41fb5
betaine,direct_neighbor_ridge,bone,1,0,19,9.029483654071644,14.2338731188444,32d2e2f547f707a9f12d899e65a934275c9f49020e10d214973126d05910ec9c
betaine,direct_neighbor_ridge,ovary,1,0,45,16.903289612659346,21.780515214116704,32d2e2f547f707a9f12d899e65a934275c9f49020e10d214973126d05910ec9c
betaine,direct_neighbor_ridge,skin,1,0,52,14.815967032757113,14.599490773707915,32d2e2f547f707a9f12d899e65a934275c9f49020e10d214973126d05910ec9c
betaine,direct_neighbor_ridge,upper_aerodigestive_tract,1,0,30,9.271746408007667,11.05950251322172,32d2e2f547f707a9f12d899e65a934275c9f49020e10d214973126d05910ec9c
betaine,direct_neighbor_ridge,urinary_tract,1,0,25,10.111629046632356,11.324168874355424,32d2e2f547f707a9f12d899e65a934275c9f49020e10d214973126d05910ec9c
betaine,direct_neighbor_ridge,lung,1,1,176,177.1256960365097,214.1791765892296,cf9883e99ee1b956d01c2cb42a4d284b982ce23065d3616a5e1cced359e41fb5
betaine,direct_neighbor_ridge,autonomic_ganglia,1,2,16,9.462715709020031,15.797545588746235,db1ab3680dcfc2deb10e2511ec28b70b27966d5a436d724be48267bcbf200acf
betaine,direct_neighbor_ridge,haematopoietic_and_lymphoid_tissue,1,2,163,191.9094466896727,336.9165154166376,db1ab3680dcfc2deb10e2511ec28b70b27966d5a436d724be48267bcbf200acf
betaine,direct_neighbor_ridge,large_intestine,1,3,55,66.06989158194031,93.31901446950648,659dce4f66bf4ee0228513d024a4e287e9f1aa3957152332b1483ab0af67cb42
betaine,direct_neighbor_ridge,oesophagus,1,3,25,7.387470891448816,12.039585475706254,659dce4f66bf4ee0228513d024a4e287e9f1aa3957152332b1483ab0af67cb42
betaine,direct_neighbor_ridge,pancreas,1,3,41,15.120043079017474,25.106822916746427,659dce4f66bf4ee0228513d024a4e287e9f1aa3957152332b1483ab0af67cb42
betaine,direct_neighbor_ridge,soft_tissue,1,3,18,40.768984436788394,29.203007125910727,659dce4f66bf4ee0228513d024a4e287e9f1aa3957152332b1483ab0af67cb42
betaine,direct_neighbor_ridge,stomach,1,3,37,17.87179563127594,25.212757901459238,659dce4f66bf4ee0228513d024a4e287e9f1aa3957152332b1483ab0af67cb42
betaine,direct_neighbor_ridge,breast,1,4,49,44.96327732096034,57.066326460268954,9492e163b6ef19b0563b1ce8302b8e8794e2e4c9c8031c62ff9774a3f63f6f58
betaine,direct_neighbor_ridge,central_nervous_system,1,4,49,16.86101883710753,18.884067970156604,9492e163b6ef19b0563b1ce8302b8e8794e2e4c9c8031c62ff9774a3f63f6f58
betaine,direct_neighbor_ridge,endometrium,1,4,28,12.487410891261804,27.061515876720826,9492e163b6ef19b0563b1ce8302b8e8794e2e4c9c8031c62ff9774a3f63f6f58
betaine,direct_neighbor_ridge,kidney,1,4,23,6.297505684456931,8.37401120154999,9492e163b6ef19b0563b1ce8302b8e8794e2e4c9c8031c62ff9774a3f63f6f58
betaine,direct_neighbor_ridge,liver,1,4,25,20.555253577955927,35.18228104177737,9492e163b6ef19b0563b1ce8302b8e8794e2e4c9c8031c62ff9774a3f63f6f58
cAMP,direct_neighbor_ridge,autonomic_ganglia,0,0,16,10.93658276014877,10.148404280710627,db1ab3680dcfc2deb10e2511ec28b70b27966d5a436d724be48267bcbf200acf
cAMP,direct_neighbor_ridge,haematopoietic_and_lymphoid_tissue,0,0,163,262.6879244803915,251.94409413921323,db1ab3680dcfc2deb10e2511ec28b70b27966d5a436d724be48267bcbf200acf
cAMP,direct_neighbor_ridge,bone,0,1,19,17.574448143540383,17.749760315182847,32d2e2f547f707a9f12d899e65a934275c9f49020e10d214973126d05910ec9c
cAMP,direct_neighbor_ridge,ovary,0,1,45,41.185484615513616,41.55156942189127,32d2e2f547f707a9f12d899e65a934275c9f49020e10d214973126d05910ec9c
cAMP,direct_neighbor_ridge,skin,0,1,52,77.03190957681605,77.47432407894674,32d2e2f547f707a9f12d899e65a934275c9f49020e10d214973126d05910ec9c
cAMP,direct_neighbor_ridge,upper_aerodigestive_tract,0,1,30,22.410307888427255,22.380007106684058,32d2e2f547f707a9f12d899e65a934275c9f49020e10d214973126d05910ec9c
cAMP,direct_neighbor_ridge,urinary_tract,0,1,25,26.693470906034456,26.887434642967875,32d2e2f547f707a9f12d899e65a934275c9f49020e10d214973126d05910ec9c
cAMP,direct_neighbor_ridge,large_intestine,0,2,55,54.233722930730146,54.78013165482201,659dce4f66bf4ee0228513d024a4e287e9f1aa3957152332b1483ab0af67cb42
cAMP,direct_neighbor_ridge,oesophagus,0,2,25,14.246911779623153,14.300061675220697,659dce4f66bf4ee0228513d024a4e287e9f1aa3957152332b1483ab0af67cb42
cAMP,direct_neighbor_ridge,pancreas,0,2,41,26.270799003547857,26.81771091002462,659dce4f66bf4ee0228513d024a4e287e9f1aa3957152332b1483ab0af67cb42
cAMP,direct_neighbor_ridge,soft_tissue,0,2,18,9.943263981158061,10.248602899279938,659dce4f66bf4ee0228513d024a4e287e9f1aa3957152332b1483ab0af67cb42
cAMP,direct_neighbor_ridge,stomach,0,2,37,21.053692897968055,20.803779363900137,659dce4f66bf4ee0228513d024a4e287e9f1aa3957152332b1483ab0af67cb42
cAMP,direct_neighbor_ridge,breast,0,3,49,68.0497042185446,68.1921238847743,9492e163b6ef19b0563b1ce8302b8e8794e2e4c9c8031c62ff9774a3f63f6f58
cAMP,direct_neighbor_ridge,central_nervous_system,0,3,49,25.616874635418892,26.245272410368255,9492e163b6ef19b0563b1ce8302b8e8794e2e4c9c8031c62ff9774a3f63f6f58
cAMP,direct_neighbor_ridge,endometrium,0,3,28,25.08012354291194,25.994950343435544,9492e163b6ef19b0563b1ce8302b8e8794e2e4c9c8031c62ff9774a3f63f6f58
cAMP,direct_neighbor_ridge,kidney,0,3,23,14.948838652822959,14.705867162460194,9492e163b6ef19b0563b1ce8302b8e8794e2e4c9c8031c62ff9774a3f63f6f58
cAMP,direct_neighbor_ridge,liver,0,3,25,16.979258831771716,17.00768834352032,9492e163b6ef19b0563b1ce8302b8e8794e2e4c9c8031c62ff9774a3f63f6f58
cAMP,direct_neighbor_ridge,lung,0,4,176,193.29107082487235,189.07199366864256,cf9883e99ee1b956d01c2cb42a4d284b982ce23065d3616a5e1cced359e41fb5
cAMP,direct_neighbor_ridge,bone,1,0,19,17.574448143540383,17.749760315182847,32d2e2f547f707a9f12d899e65a934275c9f49020e10d214973126d05910ec9c
cAMP,direct_neighbor_ridge,ovary,1,0,45,41.185484615513616,41.55156942189127,32d2e2f547f707a9f12d899e65a934275c9f49020e10d214973126d05910ec9c
cAMP,direct_neighbor_ridge,skin,1,0,52,77.03190957681605,77.47432407894674,32d2e2f547f707a9f12d899e65a934275c9f49020e10d214973126d05910ec9c
cAMP,direct_neighbor_ridge,upper_aerodigestive_tract,1,0,30,22.410307888427255,22.380007106684058,32d2e2f547f707a9f12d899e65a934275c9f49020e10d214973126d05910ec9c
cAMP,direct_neighbor_ridge,urinary_tract,1,0,25,26.693470906034456,26.887434642967875,32d2e2f547f707a9f12d899e65a934275c9f49020e10d214973126d05910ec9c
cAMP,direct_neighbor_ridge,lung,1,1,176,193.29107082487235,189.07199366864256,cf9883e99ee1b956d01c2cb42a4d284b982ce23065d3616a5e1cced359e41fb5
cAMP,direct_neighbor_ridge,autonomic_ganglia,1,2,16,10.93658276014877,10.148404280710627,db1ab3680dcfc2deb10e2511ec28b70b27966d5a436d724be48267bcbf200acf
cAMP,direct_neighbor_ridge,haematopoietic_and_lymphoid_tissue,1,2,163,262.6879244803915,251.94409413921323,db1ab3680dcfc2deb10e2511ec28b70b27966d5a436d724be48267bcbf200acf
cAMP,direct_neighbor_ridge,large_intestine,1,3,55,54.164954174111585,54.78013165482201,659dce4f66bf4ee0228513d024a4e287e9f1aa3957152332b1483ab0af67cb42
cAMP,direct_neighbor_ridge,oesophagus,1,3,25,14.243894441607312,14.300061675220697,659dce4f66bf4ee0228513d024a4e287e9f1aa3957152332b1483ab0af67cb42
cAMP,direct_neighbor_ridge,pancreas,1,3,41,26.20279859361631,26.81771091002462,659dce4f66bf4ee0228513d024a4e287e9f1aa3957152332b1483ab0af67cb42
cAMP,direct_neighbor_ridge,soft_tissue,1,3,18,9.903712238853059,10.248602899279938,659dce4f66bf4ee0228513d024a4e287e9f1aa3957152332b1483ab0af67cb42
cAMP,direct_neighbor_ridge,stomach,1,3,37,21.097436326677204,20.803779363900137,659dce4f66bf4ee0228513d024a4e287e9f1aa3957152332b1483ab0af67cb42
cAMP,direct_neighbor_ridge,breast,1,4,49,68.0497042185446,68.1921238847743,9492e163b6ef19b0563b1ce8302b8e8794e2e4c9c8031c62ff9774a3f63f6f58
cAMP,direct_neighbor_ridge,central_nervous_system,1,4,49,25.616874635418892,26.245272410368255,9492e163b6ef19b0563b1ce8302b8e8794e2e4c9c8031c62ff9774a3f63f6f58
cAMP,direct_neighbor_ridge,endometrium,1,4,28,25.08012354291194,25.994950343435544,9492e163b6ef19b0563b1ce8302b8e8794e2e4c9c8031c62ff9774a3f63f6f58
cAMP,direct_neighbor_ridge,kidney,1,4,23,14.948838652822959,14.705867162460194,9492e163b6ef19b0563b1ce8302b8e8794e2e4c9c8031c62ff9774a3f63f6f58
cAMP,direct_neighbor_ridge,liver,1,4,25,16.979258831771716,17.00768834352032,9492e163b6ef19b0563b1ce8302b8e8794e2e4c9c8031c62ff9774a3f63f6f58
carnosine,direct_neighbor_ridge,autonomic_ganglia,0,0,16,16.14290811588439,14.64004523004322,db1ab3680dcfc2deb10e2511ec28b70b27966d5a436d724be48267bcbf200acf
carnosine,direct_neighbor_ridge,haematopoietic_and_lymphoid_tissue,0,0,163,647.4474887521405,606.2850387221021,db1ab3680dcfc2deb10e2511ec28b70b27966d5a436d724be48267bcbf200acf
carnosine,direct_neighbor_ridge,bone,0,1,19,22.503843488938866,22.533647704560707,32d2e2f547f707a9f12d899e65a934275c9f49020e10d214973126d05910ec9c
carnosine,direct_neighbor_ridge,ovary,0,1,45,44.016771464961266,43.1602109331529,32d2e2f547f707a9f12d899e65a934275c9f49020e10d214973126d05910ec9c
carnosine,direct_neighbor_ridge,skin,0,1,52,20.98342017987376,20.85336542466169,32d2e2f547f707a9f12d899e65a934275c9f49020e10d214973126d05910ec9c
carnosine,direct_neighbor_ridge,upper_aerodigestive_tract,0,1,30,11.172405071962043,10.476481017294612,32d2e2f547f707a9f12d899e65a934275c9f49020e10d214973126d05910ec9c
carnosine,direct_neighbor_ridge,urinary_tract,0,1,25,7.377687286932856,6.817342150472803,32d2e2f547f707a9f12d899e65a934275c9f49020e10d214973126d05910ec9c
carnosine,direct_neighbor_ridge,large_intestine,0,2,55,46.51260197608211,48.48124706891413,659dce4f66bf4ee0228513d024a4e287e9f1aa3957152332b1483ab0af67cb42
carnosine,direct_neighbor_ridge,oesophagus,0,2,25,9.206893433680156,7.783335181897872,659dce4f66bf4ee0228513d024a4e287e9f1aa3957152332b1483ab0af67cb42
carnosine,direct_neighbor_ridge,pancreas,0,2,41,31.7561040614683,30.7418922245237,659dce4f66bf4ee0228513d024a4e287e9f1aa3957152332b1483ab0af67cb42
carnosine,direct_neighbor_ridge,soft_tissue,0,2,18,23.500944012249345,21.254409758399255,659dce4f66bf4ee0228513d024a4e287e9f1aa3957152332b1483ab0af67cb42
carnosine,direct_neighbor_ridge,stomach,0,2,37,42.84414045818356,38.30408579609598,659dce4f66bf4ee0228513d024a4e287e9f1aa3957152332b1483ab0af67cb42
carnosine,direct_neighbor_ridge,breast,0,3,49,53.66503308408439,50.71843262842569,9492e163b6ef19b0563b1ce8302b8e8794e2e4c9c8031c62ff9774a3f63f6f58
carnosine,direct_neighbor_ridge,central_nervous_system,0,3,49,38.27143585252423,30.046831851215593,9492e163b6ef19b0563b1ce8302b8e8794e2e4c9c8031c62ff9774a3f63f6f58
carnosine,direct_neighbor_ridge,endometrium,0,3,28,17.67784166071678,19.463144855044238,9492e163b6ef19b0563b1ce8302b8e8794e2e4c9c8031c62ff9774a3f63f6f58
carnosine,direct_neighbor_ridge,kidney,0,3,23,11.653979773133868,8.044084250077429,9492e163b6ef19b0563b1ce8302b8e8794e2e4c9c8031c62ff9774a3f63f6f58
carnosine,direct_neighbor_ridge,liver,0,3,25,21.867689717459676,16.653284736894772,9492e163b6ef19b0563b1ce8302b8e8794e2e4c9c8031c62ff9774a3f63f6f58
carnosine,direct_neighbor_ridge,lung,0,4,176,157.4570080179673,155.23303382128285,cf9883e99ee1b956d01c2cb42a4d284b982ce23065d3616a5e1cced359e41fb5
carnosine,direct_neighbor_ridge,bone,1,0,19,22.503843488938866,22.533647704560707,32d2e2f547f707a9f12d899e65a934275c9f49020e10d214973126d05910ec9c
carnosine,direct_neighbor_ridge,ovary,1,0,45,44.016771464961266,43.1602109331529,32d2e2f547f707a9f12d899e65a934275c9f49020e10d214973126d05910ec9c
carnosine,direct_neighbor_ridge,skin,1,0,52,20.98342017987376,20.85336542466169,32d2e2f547f707a9f12d899e65a934275c9f49020e10d214973126d05910ec9c
carnosine,direct_neighbor_ridge,upper_aerodigestive_tract,1,0,30,11.172405071962043,10.476481017294612,32d2e2f547f707a9f12d899e65a934275c9f49020e10d214973126d05910ec9c
carnosine,direct_neighbor_ridge,urinary_tract,1,0,25,7.377687286932856,6.817342150472803,32d2e2f547f707a9f12d899e65a934275c9f49020e10d214973126d05910ec9c
carnosine,direct_neighbor_ridge,lung,1,1,176,157.4570080179673,155.23303382128285,cf9883e99ee1b956d01c2cb42a4d284b982ce23065d3616a5e1cced359e41fb5
carnosine,direct_neighbor_ridge,autonomic_ganglia,1,2,16,16.14290811588439,14.64004523004322,db1ab3680dcfc2deb10e2511ec28b70b27966d5a436d724be48267bcbf200acf
carnosine,direct_neighbor_ridge,haematopoietic_and_lymphoid_tissue,1,2,163,647.4474887521405,606.2850387221021,db1ab3680dcfc2deb10e2511ec28b70b27966d5a436d724be48267bcbf200acf
carnosine,direct_neighbor_ridge,large_intestine,1,3,55,46.51260197608211,48.48124706891413,659dce4f66bf4ee0228513d024a4e287e9f1aa3957152332b1483ab0af67cb42
carnosine,direct_neighbor_ridge,oesophagus,1,3,25,9.206893433680156,7.783335181897872,659dce4f66bf4ee0228513d024a4e287e9f1aa3957152332b1483ab0af67cb42
carnosine,direct_neighbor_ridge,pancreas,1,3,41,31.7561040614683,30.7418922245237,659dce4f66bf4ee0228513d024a4e287e9f1aa3957152332b1483ab0af67cb42
carnosine,direct_neighbor_ridge,soft_tissue,1,3,18,23.500944012249345,21.254409758399255,659dce4f66bf4ee0228513d024a4e287e9f1aa3957152332b1483ab0af67cb42
carnosine,direct_neighbor_ridge,stomach,1,3,37,42.84414045818356,38.30408579609598,659dce4f66bf4ee0228513d024a4e287e9f1aa3957152332b1483ab0af67cb42
carnosine,direct_neighbor_ridge,breast,1,4,49,53.66503308408439,50.71843262842569,9492e163b6ef19b0563b1ce8302b8e8794e2e4c9c8031c62ff9774a3f63f6f58
carnosine,direct_neighbor_ridge,central_nervous_system,1,4,49,38.27143585252423,30.046831851215593,9492e163b6ef19b0563b1ce8302b8e8794e2e4c9c8031c62ff9774a3f63f6f58
carnosine,direct_neighbor_ridge,endometrium,1,4,28,17.67784166071678,19.463144855044238,9492e163b6ef19b0563b1ce8302b8e8794e2e4c9c8031c62ff9774a3f63f6f58
carnosine,direct_neighbor_ridge,kidney,1,4,23,11.653979773133868,8.044084250077429,9492e163b6ef19b0563b1ce8302b8e8794e2e4c9c8031c62ff9774a3f63f6f58
carnosine,direct_neighbor_ridge,liver,1,4,25,21.867689717459676,16.653284736894772,9492e163b6ef19b0563b1ce8302b8e8794e2e4c9c8031c62ff9774a3f63f6f58
choline,direct_neighbor_ridge,autonomic_ganglia,0,0,16,4.882863030344461,5.224051425125382,db1ab3680dcfc2deb10e2511ec28b70b27966d5a436d724be48267bcbf200acf
choline,direct_neighbor_ridge,haematopoietic_and_lymphoid_tissue,0,0,163,173.11065919666873,118.85536816062502,db1ab3680dcfc2deb10e2511ec28b70b27966d5a436d724be48267bcbf200acf
choline,direct_neighbor_ridge,bone,0,1,19,29.9496966075707,30.033702508999294,32d2e2f547f707a9f12d899e65a934275c9f49020e10d214973126d05910ec9c
choline,direct_neighbor_ridge,ovary,0,1,45,23.641788918636497,28.66082729591255,32d2e2f547f707a9f12d899e65a934275c9f49020e10d214973126d05910ec9c
choline,direct_neighbor_ridge,skin,0,1,52,75.61980703184066,74.10701595599768,32d2e2f547f707a9f12d899e65a934275c9f49020e10d214973126d05910ec9c
choline,direct_neighbor_ridge,upper_aerodigestive_tract,0,1,30,15.180594603337036,18.17898413337493,32d2e2f547f707a9f12d899e65a934275c9f49020e10d214973126d05910ec9c
choline,direct_neighbor_ridge,urinary_tract,0,1,25,54.71482183316108,53.79026455396615,32d2e2f547f707a9f12d899e65a934275c9f49020e10d214973126d05910ec9c
choline,direct_neighbor_ridge,large_intestine,0,2,55,41.50571830680662,45.276141712627435,659dce4f66bf4ee0228513d024a4e287e9f1aa3957152332b1483ab0af67cb42
choline,direct_neighbor_ridge,oesophagus,0,2,25,14.208726121340659,15.907798531296415,659dce4f66bf4ee0228513d024a4e287e9f1aa3957152332b1483ab0af67cb42
choline,direct_neighbor_ridge,pancreas,0,2,41,62.602958875039945,60.91194598178431,659dce4f66bf4ee0228513d024a4e287e9f1aa3957152332b1483ab0af67cb42
choline,direct_neighbor_ridge,soft_tissue,0,2,18,9.744955204589987,9.625296649419298,659dce4f66bf4ee0228513d024a4e287e9f1aa3957152332b1483ab0af67cb42
choline,direct_neighbor_ridge,stomach,0,2,37,48.43242442826801,52.43442051094014,659dce4f66bf4ee0228513d024a4e287e9f1aa3957152332b1483ab0af67cb42
choline,direct_neighbor_ridge,breast,0,3,49,23.780167771845317,22.508365624049894,9492e163b6ef19b0563b1ce8302b8e8794e2e4c9c8031c62ff9774a3f63f6f58
choline,direct_neighbor_ridge,central_nervous_system,0,3,49,33.81221306686354,30.06033500314247,9492e163b6ef19b0563b1ce8302b8e8794e2e4c9c8031c62ff9774a3f63f6f58
choline,direct_neighbor_ridge,endometrium,0,3,28,52.059282237551315,52.37869540416895,9492e163b6ef19b0563b1ce8302b8e8794e2e4c9c8031c62ff9774a3f63f6f58
choline,direct_neighbor_ridge,kidney,0,3,23,7.623025158010605,11.273467784839237,9492e163b6ef19b0563b1ce8302b8e8794e2e4c9c8031c62ff9774a3f63f6f58
choline,direct_neighbor_ridge,liver,0,3,25,77.30570675852057,77.52635848983681,9492e163b6ef19b0563b1ce8302b8e8794e2e4c9c8031c62ff9774a3f63f6f58
choline,direct_neighbor_ridge,lung,0,4,176,184.0670927097637,194.46625657286125,cf9883e99ee1b956d01c2cb42a4d284b982ce23065d3616a5e1cced359e41fb5
choline,direct_neighbor_ridge,bone,1,0,19,29.9496966075707,30.033702508999294,32d2e2f547f707a9f12d899e65a934275c9f49020e10d214973126d05910ec9c
choline,direct_neighbor_ridge,ovary,1,0,45,23.641788918636497,28.66082729591255,32d2e2f547f707a9f12d899e65a934275c9f49020e10d214973126d05910ec9c
choline,direct_neighbor_ridge,skin,1,0,52,75.61980703184066,74.10701595599768,32d2e2f547f707a9f12d899e65a934275c9f49020e10d214973126d05910ec9c
choline,direct_neighbor_ridge,upper_aerodigestive_tract,1,0,30,15.180594603337036,18.17898413337493,32d2e2f547f707a9f12d899e65a934275c9f49020e10d214973126d05910ec9c
choline,direct_neighbor_ridge,urinary_tract,1,0,25,54.71482183316108,53.79026455396615,32d2e2f547f707a9f12d899e65a934275c9f49020e10d214973126d05910ec9c
choline,direct_neighbor_ridge,lung,1,1,176,184.0670927097637,194.46625657286125,cf9883e99ee1b956d01c2cb42a4d284b982ce23065d3616a5e1cced359e41fb5
choline,direct_neighbor_ridge,autonomic_ganglia,1,2,16,4.882863030344461,5.224051425125382,db1ab3680dcfc2deb10e2511ec28b70b27966d5a436d724be48267bcbf200acf
choline,direct_neighbor_ridge,haematopoietic_and_lymphoid_tissue,1,2,163,173.11065919666873,118.85536816062502,db1ab3680dcfc2deb10e2511ec28b70b27966d5a436d724be48267bcbf200acf
choline,direct_neighbor_ridge,large_intestine,1,3,55,41.50571830680662,45.276141712627435,659dce4f66bf4ee0228513d024a4e287e9f1aa3957152332b1483ab0af67cb42
choline,direct_neighbor_ridge,oesophagus,1,3,25,14.208726121340659,15.907798531296415,659dce4f66bf4ee0228513d024a4e287e9f1aa3957152332b1483ab0af67cb42
choline,direct_neighbor_ridge,pancreas,1,3,41,62.602958875039945,60.91194598178431,659dce4f66bf4ee0228513d024a4e287e9f1aa3957152332b1483ab0af67cb42
choline,direct_neighbor_ridge,soft_tissue,1,3,18,9.744955204589987,9.625296649419298,659dce4f66bf4ee0228513d024a4e287e9f1aa3957152332b1483ab0af67cb42
choline,direct_neighbor_ridge,stomach,1,3,37,48.43242442826801,52.43442051094014,659dce4f66bf4ee0228513d024a4e287e9f1aa3957152332b1483ab0af67cb42
choline,direct_neighbor_ridge,breast,1,4,49,23.780167771845317,22.508365624049894,9492e163b6ef19b0563b1ce8302b8e8794e2e4c9c8031c62ff9774a3f63f6f58
choline,direct_neighbor_ridge,central_nervous_system,1,4,49,33.81221306686354,30.06033500314247,9492e163b6ef19b0563b1ce8302b8e8794e2e4c9c8031c62ff9774a3f63f6f58
choline,direct_neighbor_ridge,endometrium,1,4,28,52.059282237551315,52.37869540416895,9492e163b6ef19b0563b1ce8302b8e8794e2e4c9c8031c62ff9774a3f63f6f58
choline,direct_neighbor_ridge,kidney,1,4,23,7.623025158010605,11.273467784839237,9492e163b6ef19b0563b1ce8302b8e8794e2e4c9c8031c62ff9774a3f63f6f58
choline,direct_neighbor_ridge,liver,1,4,25,77.30570675852057,77.52635848983681,9492e163b6ef19b0563b1ce8302b8e8794e2e4c9c8031c62ff9774a3f63f6f58
citrate,direct_neighbor_ridge,autonomic_ganglia,0,0,16,18.678957493635284,18.922157258138682,db1ab3680dcfc2deb10e2511ec28b70b27966d5a436d724be48267bcbf200acf
citrate,direct_neighbor_ridge,haematopoietic_and_lymphoid_tissue,0,0,163,363.882058586753,376.187335327264,db1ab3680dcfc2deb10e2511ec28b70b27966d5a436d724be48267bcbf200acf
citrate,direct_neighbor_ridge,bone,0,1,19,18.900572731784344,18.176429040718432,32d2e2f547f707a9f12d899e65a934275c9f49020e10d214973126d05910ec9c
citrate,direct_neighbor_ridge,ovary,0,1,45,17.6588371500351,18.72210242151842,32d2e2f547f707a9f12d899e65a934275c9f49020e10d214973126d05910ec9c
citrate,direct_neighbor_ridge,skin,0,1,52,36.009162338738506,32.55426881521989,32d2e2f547f707a9f12d899e65a934275c9f49020e10d214973126d05910ec9c
citrate,direct_neighbor_ridge,upper_aerodigestive_tract,0,1,30,16.159920999721628,17.622456391503867,32d2e2f547f707a9f12d899e65a934275c9f49020e10d214973126d05910ec9c
citrate,direct_neighbor_ridge,urinary_tract,0,1,25,15.772257152431814,15.22585615120124,32d2e2f547f707a9f12d899e65a934275c9f49020e10d214973126d05910ec9c
citrate,direct_neighbor_ridge,large_intestine,0,2,55,46.58505026977439,49.15309479433493,659dce4f66bf4ee0228513d024a4e287e9f1aa3957152332b1483ab0af67cb42
citrate,direct_neighbor_ridge,oesophagus,0,2,25,13.349227118275298,14.971825445570532,659dce4f66bf4ee0228513d024a4e287e9f1aa3957152332b1483ab0af67cb42
citrate,direct_neighbor_ridge,pancreas,0,2,41,37.23901671188783,37.97264591369208,659dce4f66bf4ee0228513d024a4e287e9f1aa3957152332b1483ab0af67cb42
citrate,direct_neighbor_ridge,soft_tissue,0,2,18,16.598233426007635,16.86362278246952,659dce4f66bf4ee0228513d024a4e287e9f1aa3957152332b1483ab0af67cb42
citrate,direct_neighbor_ridge,stomach,0,2,37,39.29256979840708,40.83919946260039,659dce4f66bf4ee0228513d024a4e287e9f1aa3957152332b1483ab0af67cb42
citrate,direct_neighbor_ridge,breast,0,3,49,60.47629824551745,60.69860764437364,9492e163b6ef19b0563b1ce8302b8e8794e2e4c9c8031c62ff9774a3f63f6f58
citrate,direct_neighbor_ridge,central_nervous_system,0,3,49,51.245379842934746,49.828785145113514,9492e163b6ef19b0563b1ce8302b8e8794e2e4c9c8031c62ff9774a3f63f6f58
citrate,direct_neighbor_ridge,endometrium,0,3,28,19.209337096649413,17.147602983707497,9492e163b6ef19b0563b1ce8302b8e8794e2e4c9c8031c62ff9774a3f63f6f58
citrate,direct_neighbor_ridge,kidney,0,3,23,15.628211290754885,16.282552029430388,9492e163b6ef19b0563b1ce8302b8e8794e2e4c9c8031c62ff9774a3f63f6f58
citrate,direct_neighbor_ridge,liver,0,3,25,30.527186588088576,31.00022028572655,9492e163b6ef19b0563b1ce8302b8e8794e2e4c9c8031c62ff9774a3f63f6f58
citrate,direct_neighbor_ridge,lung,0,4,176,137.767248553446,139.19463003596906,cf9883e99ee1b956d01c2cb42a4d284b982ce23065d3616a5e1cced359e41fb5
citrate,direct_neighbor_ridge,bone,1,0,19,18.900572731784344,18.176429040718432,32d2e2f547f707a9f12d899e65a934275c9f49020e10d214973126d05910ec9c
citrate,direct_neighbor_ridge,ovary,1,0,45,17.6588371500351,18.72210242151842,32d2e2f547f707a9f12d899e65a934275c9f49020e10d214973126d05910ec9c
citrate,direct_neighbor_ridge,skin,1,0,52,36.009162338738506,32.55426881521989,32d2e2f547f707a9f12d899e65a934275c9f49020e10d214973126d05910ec9c
citrate,direct_neighbor_ridge,upper_aerodigestive_tract,1,0,30,16.159920999721628,17.622456391503867,32d2e2f547f707a9f12d899e65a934275c9f49020e10d214973126d05910ec9c
citrate,direct_neighbor_ridge,urinary_tract,1,0,25,15.772257152431814,15.22585615120124,32d2e2f547f707a9f12d899e65a934275c9f49020e10d214973126d05910ec9c
citrate,direct_neighbor_ridge,lung,1,1,176,137.767248553446,139.19463003596906,cf9883e99ee1b956d01c2cb42a4d284b982ce23065d3616a5e1cced359e41fb5
citrate,direct_neighbor_ridge,autonomic_ganglia,1,2,16,18.678957493635284,18.922157258138682,db1ab3680dcfc2deb10e2511ec28b70b27966d5a436d724be48267bcbf200acf
citrate,direct_neighbor_ridge,haematopoietic_and_lymphoid_tissue,1,2,163,363.882058586753,376.187335327264,db1ab3680dcfc2deb10e2511ec28b70b27966d5a436d724be48267bcbf200acf
citrate,direct_neighbor_ridge,large_intestine,1,3,55,46.58505026977439,49.15309479433493,659dce4f66bf4ee0228513d024a4e287e9f1aa3957152332b1483ab0af67cb42
citrate,direct_neighbor_ridge,oesophagus,1,3,25,13.349227118275298,14.971825445570532,659dce4f66bf4ee0228513d024a4e287e9f1aa3957152332b1483ab0af67cb42
citrate,direct_neighbor_ridge,pancreas,1,3,41,37.23901671188783,37.97264591369208,659dce4f66bf4ee0228513d024a4e287e9f1aa3957152332b1483ab0af67cb42
citrate,direct_neighbor_ridge,soft_tissue,1,3,18,16.598233426007635,16.86362278246952,659dce4f66bf4ee0228513d024a4e287e9f1aa3957152332b1483ab0af67cb42
citrate,direct_neighbor_ridge,stomach,1,3,37,39.29256979840708,40.83919946260039,659dce4f66bf4ee0228513d024a4e287e9f1aa3957152332b1483ab0af67cb42
citrate,direct_neighbor_ridge,breast,1,4,49,60.47629824551745,60.69860764437364,9492e163b6ef19b0563b1ce8302b8e8794e2e4c9c8031c62ff9774a3f63f6f58
citrate,direct_neighbor_ridge,central_nervous_system,1,4,49,51.245379842934746,49.828785145113514,9492e163b6ef19b0563b1ce8302b8e8794e2e4c9c8031c62ff9774a3f63f6f58
citrate,direct_neighbor_ridge,endometrium,1,4,28,19.209337096649413,17.147602983707497,9492e163b6ef19b0563b1ce8302b8e8794e2e4c9c8031c62ff9774a3f63f6f58
citrate,direct_neighbor_ridge,kidney,1,4,23,15.628211290754885,16.282552029430388,9492e163b6ef19b0563b1ce8302b8e8794e2e4c9c8031c62ff9774a3f63f6f58
citrate,direct_neighbor_ridge,liver,1,4,25,30.527186588088576,31.00022028572655,9492e163b6ef19b0563b1ce8302b8e8794e2e4c9c8031c62ff9774a3f63f6f58
citrulline,direct_neighbor_ridge,autonomic_ganglia,0,0,16,5.566687240193931,13.478190217996879,db1ab3680dcfc2deb10e2511ec28b70b27966d5a436d724be48267bcbf200acf
citrulline,direct_neighbor_ridge,haematopoietic_and_lymphoid_tissue,0,0,163,160.57813740630556,302.9409497293624,db1ab3680dcfc2deb10e2511ec28b70b27966d5a436d724be48267bcbf200acf
citrulline,direct_neighbor_ridge,bone,0,1,19,8.377445479728102,12.838399312575158,32d2e2f547f707a9f12d899e65a934275c9f49020e10d214973126d05910ec9c
citrulline,direct_neighbor_ridge,ovary,0,1,45,34.55567245901964,39.984797150460864,32d2e2f547f707a9f12d899e65a934275c9f49020e10d214973126d05910ec9c
citrulline,direct_neighbor_ridge,skin,0,1,52,18.103900959971714,20.563689863644402,32d2e2f547f707a9f12d899e65a934275c9f49020e10d214973126d05910ec9c
citrulline,direct_neighbor_ridge,upper_aerodigestive_tract,0,1,30,15.009654944925748,14.898138569380418,32d2e2f547f707a9f12d899e65a934275c9f49020e10d214973126d05910ec9c
citrulline,direct_neighbor_ridge,urinary_tract,0,1,25,5.154814799669488,10.892896762573933,32d2e2f547f707a9f12d899e65a934275c9f49020e10d214973126d05910ec9c
citrulline,direct_neighbor_ridge,large_intestine,0,2,55,37.695632545968984,43.88903638982299,659dce4f66bf4ee0228513d024a4e287e9f1aa3957152332b1483ab0af67cb42
citrulline,direct_neighbor_ridge,oesophagus,0,2,25,13.416764395556847,15.031664306439458,659dce4f66bf4ee0228513d024a4e287e9f1aa3957152332b1483ab0af67cb42
citrulline,direct_neighbor_ridge,pancreas,0,2,41,18.77422386199279,32.078513313016224,659dce4f66bf4ee0228513d024a4e287e9f1aa3957152332b1483ab0af67cb42
citrulline,direct_neighbor_ridge,soft_tissue,0,2,18,12.7421202534985,17.500418440206914,659dce4f66bf4ee0228513d024a4e287e9f1aa3957152332b1483ab0af67cb42
citrulline,direct_neighbor_ridge,stomach,0,2,37,29.883444882903667,31.10666853693129,659dce4f66bf4ee0228513d024a4e287e9f1aa3957152332b1483ab0af67cb42
citrulline,direct_neighbor_ridge,breast,0,3,49,37.85796586609081,63.42870715180403,9492e163b6ef19b0563b1ce8302b8e8794e2e4c9c8031c62ff9774a3f63f6f58
citrulline,direct_neighbor_ridge,central_nervous_system,0,3,49,35.70451595907224,53.101841206015195,9492e163b6ef19b0563b1ce8302b8e8794e2e4c9c8031c62ff9774a3f63f6f58
citrulline,direct_neighbor_ridge,endometrium,0,3,28,17.975402303257095,26.57865425491243,9492e163b6ef19b0563b1ce8302b8e8794e2e4c9c8031c62ff9774a3f63f6f58
citrulline,direct_neighbor_ridge,kidney,0,3,23,8.824825619229307,16.092772517679883,9492e163b6ef19b0563b1ce8302b8e8794e2e4c9c8031c62ff9774a3f63f6f58
citrulline,direct_neighbor_ridge,liver,0,3,25,17.44307053776085,26.833947644053474,9492e163b6ef19b0563b1ce8302b8e8794e2e4c9c8031c62ff9774a3f63f6f58
citrulline,direct_neighbor_ridge,lung,0,4,176,135.20263345972916,195.6082319321508,cf9883e99ee1b956d01c2cb42a4d284b982ce23065d3616a5e1cced359e41fb5
citrulline,direct_neighbor_ridge,bone,1,0,19,8.377445479728102,12.838399312575158,32d2e2f547f707a9f12d899e65a934275c9f49020e10d214973126d05910ec9c
citrulline,direct_neighbor_ridge,ovary,1,0,45,34.55567245901964,39.984797150460864,32d2e2f547f707a9f12d899e65a934275c9f49020e10d214973126d05910ec9c
citrulline,direct_neighbor_ridge,skin,1,0,52,18.103900959971714,20.563689863644402,32d2e2f547f707a9f12d899e65a934275c9f49020e10d214973126d05910ec9c
citrulline,direct_neighbor_ridge,upper_aerodigestive_tract,1,0,30,15.009654944925748,14.898138569380418,32d2e2f547f707a9f12d899e65a934275c9f49020e10d214973126d05910ec9c
citrulline,direct_neighbor_ridge,urinary_tract,1,0,25,5.154814799669488,10.892896762573933,32d2e2f547f707a9f12d899e65a934275c9f49020e10d214973126d05910ec9c
citrulline,direct_neighbor_ridge,lung,1,1,176,135.76466068299194,195.6082319321508,cf9883e99ee1b956d01c2cb42a4d284b982ce23065d3616a5e1cced359e41fb5
citrulline,direct_neighbor_ridge,autonomic_ganglia,1,2,16,5.0240342480696425,13.478190217996879,db1ab3680dcfc2deb10e2511ec28b70b27966d5a436d724be48267bcbf200acf
citrulline,direct_neighbor_ridge,haematopoietic_and_lymphoid_tissue,1,2,163,154.16239289471503,302.9409497293624,db1ab3680dcfc2deb10e2511ec28b70b27966d5a436d724be48267bcbf200acf
citrulline,direct_neighbor_ridge,large_intestine,1,3,55,37.87051276110476,43.88903638982299,659dce4f66bf4ee0228513d024a4e287e9f1aa3957152332b1483ab0af67cb42
citrulline,direct_neighbor_ridge,oesophagus,1,3,25,13.427080636888885,15.031664306439458,659dce4f66bf4ee0228513d024a4e287e9f1aa3957152332b1483ab0af67cb42
citrulline,direct_neighbor_ridge,pancreas,1,3,41,18.67372460564606,32.078513313016224,659dce4f66bf4ee0228513d024a4e287e9f1aa3957152332b1483ab0af67cb42
citrulline,direct_neighbor_ridge,soft_tissue,1,3,18,12.744113729856315,17.500418440206914,659dce4f66bf4ee0228513d024a4e287e9f1aa3957152332b1483ab0af67cb42
citrulline,direct_neighbor_ridge,stomach,1,3,37,29.947415865953694,31.10666853693129,659dce4f66bf4ee0228513d024a4e287e9f1aa3957152332b1483ab0af67cb42
citrulline,direct_neighbor_ridge,breast,1,4,49,37.85796586609081,63.42870715180403,9492e163b6ef19b0563b1ce8302b8e8794e2e4c9c8031c62ff9774a3f63f6f58
citrulline,direct_neighbor_ridge,central_nervous_system,1,4,49,35.70451595907224,53.101841206015195,9492e163b6ef19b0563b1ce8302b8e8794e2e4c9c8031c62ff9774a3f63f6f58
citrulline,direct_neighbor_ridge,endometrium,1,4,28,17.975402303257095,26.57865425491243,9492e163b6ef19b0563b1ce8302b8e8794e2e4c9c8031c62ff9774a3f63f6f58
citrulline,direct_neighbor_ridge,kidney,1,4,23,8.824825619229307,16.092772517679883,9492e163b6ef19b0563b1ce8302b8e8794e2e4c9c8031c62ff9774a3f63f6f58
citrulline,direct_neighbor_ridge,liver,1,4,25,17.44307053776085,26.833947644053474,9492e163b6ef19b0563b1ce8302b8e8794e2e4c9c8031c62ff9774a3f63f6f58
cytidine,direct_neighbor_ridge,autonomic_ganglia,0,0,16,44.57022780258396,44.26663567169584,db1ab3680dcfc2deb10e2511ec28b70b27966d5a436d724be48267bcbf200acf
cytidine,direct_neighbor_ridge,haematopoietic_and_lymphoid_tissue,0,0,163,433.0142681409059,440.6086978743965,db1ab3680dcfc2deb10e2511ec28b70b27966d5a436d724be48267bcbf200acf
cytidine,direct_neighbor_ridge,bone,0,1,19,15.07899212488534,14.514141423027208,32d2e2f547f707a9f12d899e65a934275c9f49020e10d214973126d05910ec9c
cytidine,direct_neighbor_ridge,ovary,0,1,45,27.798108358667665,29.101047348286006,32d2e2f547f707a9f12d899e65a934275c9f49020e10d214973126d05910ec9c
cytidine,direct_neighbor_ridge,skin,0,1,52,35.88231677470375,32.78297655566914,32d2e2f547f707a9f12d899e65a934275c9f49020e10d214973126d05910ec9c
cytidine,direct_neighbor_ridge,upper_aerodigestive_tract,0,1,30,35.768622068237086,38.030374007723225,32d2e2f547f707a9f12d899e65a934275c9f49020e10d214973126d05910ec9c
cytidine,direct_neighbor_ridge,urinary_tract,0,1,25,20.363429376421777,21.423543847325398,32d2e2f547f707a9f12d899e65a934275c9f49020e10d214973126d05910ec9c
cytidine,direct_neighbor_ridge,large_intestine,0,2,55,65.35571133805178,60.725711782105144,659dce4f66bf4ee0228513d024a4e287e9f1aa3957152332b1483ab0af67cb42
cytidine,direct_neighbor_ridge,oesophagus,0,2,25,28.270340854314618,27.704363915223354,659dce4f66bf4ee0228513d024a4e287e9f1aa3957152332b1483ab0af67cb42
cytidine,direct_neighbor_ridge,pancreas,0,2,41,38.209450267008634,40.23293126871523,659dce4f66bf4ee0228513d024a4e287e9f1aa3957152332b1483ab0af67cb42
cytidine,direct_neighbor_ridge,soft_tissue,0,2,18,14.727479848099803,15.936059202008233,659dce4f66bf4ee0228513d024a4e287e9f1aa3957152332b1483ab0af67cb42
cytidine,direct_neighbor_ridge,stomach,0,2,37,30.545755159272417,31.79442764399004,659dce4f66bf4ee0228513d024a4e287e9f1aa3957152332b1483ab0af67cb42
cytidine,direct_neighbor_ridge,breast,0,3,49,48.33254484824551,45.34669298209357,9492e163b6ef19b0563b1ce8302b8e8794e2e4c9c8031c62ff9774a3f63f6f58
cytidine,direct_neighbor_ridge,central_nervous_system,0,3,49,22.967097534095082,22.270222452538743,9492e163b6ef19b0563b1ce8302b8e8794e2e4c9c8031c62ff9774a3f63f6f58
cytidine,direct_neighbor_ridge,endometrium,0,3,28,16.95670242261805,19.391082464139533,9492e163b6ef19b0563b1ce8302b8e8794e2e4c9c8031c62ff9774a3f63f6f58
cytidine,direct_neighbor_ridge,kidney,0,3,23,13.599345535541213,11.605984244282299,9492e163b6ef19b0563b1ce8302b8e8794e2e4c9c8031c62ff9774a3f63f6f58
cytidine,direct_neighbor_ridge,liver,0,3,25,17.418340709574807,18.602150786983284,9492e163b6ef19b0563b1ce8302b8e8794e2e4c9c8031c62ff9774a3f63f6f58
cytidine,direct_neighbor_ridge,lung,0,4,176,131.42219557860062,128.82039392111292,cf9883e99ee1b956d01c2cb42a4d284b982ce23065d3616a5e1cced359e41fb5
cytidine,direct_neighbor_ridge,bone,1,0,19,15.07899212488534,14.514141423027208,32d2e2f547f707a9f12d899e65a934275c9f49020e10d214973126d05910ec9c
cytidine,direct_neighbor_ridge,ovary,1,0,45,27.798108358667665,29.101047348286006,32d2e2f547f707a9f12d899e65a934275c9f49020e10d214973126d05910ec9c
cytidine,direct_neighbor_ridge,skin,1,0,52,35.88231677470375,32.78297655566914,32d2e2f547f707a9f12d899e65a934275c9f49020e10d214973126d05910ec9c
cytidine,direct_neighbor_ridge,upper_aerodigestive_tract,1,0,30,35.768622068237086,38.030374007723225,32d2e2f547f707a9f12d899e65a934275c9f49020e10d214973126d05910ec9c
cytidine,direct_neighbor_ridge,urinary_tract,1,0,25,20.363429376421777,21.423543847325398,32d2e2f547f707a9f12d899e65a934275c9f49020e10d214973126d05910ec9c
cytidine,direct_neighbor_ridge,lung,1,1,176,131.42219557860062,128.82039392111292,cf9883e99ee1b956d01c2cb42a4d284b982ce23065d3616a5e1cced359e41fb5
cytidine,direct_neighbor_ridge,autonomic_ganglia,1,2,16,44.57022780258396,44.26663567169584,db1ab3680dcfc2deb10e2511ec28b70b27966d5a436d724be48267bcbf200acf
cytidine,direct_neighbor_ridge,haematopoietic_and_lymphoid_tissue,1,2,163,433.0142681409059,440.6086978743965,db1ab3680dcfc2deb10e2511ec28b70b27966d5a436d724be48267bcbf200acf
cytidine,direct_neighbor_ridge,large_intestine,1,3,55,65.35571133805178,60.725711782105144,659dce4f66bf4ee0228513d024a4e287e9f1aa3957152332b1483ab0af67cb42
cytidine,direct_neighbor_ridge,oesophagus,1,3,25,28.270340854314618,27.704363915223354,659dce4f66bf4ee0228513d024a4e287e9f1aa3957152332b1483ab0af67cb42
cytidine,direct_neighbor_ridge,pancreas,1,3,41,38.209450267008634,40.23293126871523,659dce4f66bf4ee0228513d024a4e287e9f1aa3957152332b1483ab0af67cb42
cytidine,direct_neighbor_ridge,soft_tissue,1,3,18,14.727479848099803,15.936059202008233,659dce4f66bf4ee0228513d024a4e287e9f1aa3957152332b1483ab0af67cb42
cytidine,direct_neighbor_ridge,stomach,1,3,37,30.545755159272417,31.79442764399004,659dce4f66bf4ee0228513d024a4e287e9f1aa3957152332b1483ab0af67cb42
cytidine,direct_neighbor_ridge,breast,1,4,49,48.275851948515324,45.34669298209357,9492e163b6ef19b0563b1ce8302b8e8794e2e4c9c8031c62ff9774a3f63f6f58
cytidine,direct_neighbor_ridge,central_nervous_system,1,4,49,22.944601332569558,22.270222452538743,9492e163b6ef19b0563b1ce8302b8e8794e2e4c9c8031c62ff9774a3f63f6f58
cytidine,direct_neighbor_ridge,endometrium,1,4,28,16.982932878420566,19.391082464139533,9492e163b6ef19b0563b1ce8302b8e8794e2e4c9c8031c62ff9774a3f63f6f58
cytidine,direct_neighbor_ridge,kidney,1,4,23,13.5677412852035,11.605984244282299,9492e163b6ef19b0563b1ce8302b8e8794e2e4c9c8031c62ff9774a3f63f6f58
cytidine,direct_neighbor_ridge,liver,1,4,25,17.42596860442413,18.602150786983284,9492e163b6ef19b0563b1ce8302b8e8794e2e4c9c8031c62ff9774a3f63f6f58
dimethylglycine,direct_neighbor_ridge,autonomic_ganglia,0,0,16,10.922285925870643,14.18789111718186,db1ab3680dcfc2deb10e2511ec28b70b27966d5a436d724be48267bcbf200acf
dimethylglycine,direct_neighbor_ridge,haematopoietic_and_lymphoid_tissue,0,0,163,218.01485804056932,364.2018681420492,db1ab3680dcfc2deb10e2511ec28b70b27966d5a436d724be48267bcbf200acf
dimethylglycine,direct_neighbor_ridge,bone,0,1,19,10.908948915110804,12.447158466530382,32d2e2f547f707a9f12d899e65a934275c9f49020e10d214973126d05910ec9c
dimethylglycine,direct_neighbor_ridge,ovary,0,1,45,28.058483335312268,44.28645020680482,32d2e2f547f707a9f12d899e65a934275c9f49020e10d214973126d05910ec9c
dimethylglycine,direct_neighbor_ridge,skin,0,1,52,13.378291497173086,18.626282904052868,32d2e2f547f707a9f12d899e65a934275c9f49020e10d214973126d05910ec9c
dimethylglycine,direct_neighbor_ridge,upper_aerodigestive_tract,0,1,30,11.57102554524282,14.771378934202376,32d2e2f547f707a9f12d899e65a934275c9f49020e10d214973126d05910ec9c
dimethylglycine,direct_neighbor_ridge,urinary_tract,0,1,25,6.934751223500656,7.285483580317817,32d2e2f547f707a9f12d899e65a934275c9f49020e10d214973126d05910ec9c
dimethylglycine,direct_neighbor_ridge,large_intestine,0,2,55,26.292926976162146,45.938454149169814,659dce4f66bf4ee0228513d024a4e287e9f1aa3957152332b1483ab0af67cb42
dimethylglycine,direct_neighbor_ridge,oesophagus,0,2,25,8.493072032674352,10.813341644091352,659dce4f66bf4ee0228513d024a4e287e9f1aa3957152332b1483ab0af67cb42
dimethylglycine,direct_neighbor_ridge,pancreas,0,2,41,25.221186367390676,35.638788194866166,659dce4f66bf4ee0228513d024a4e287e9f1aa3957152332b1483ab0af67cb42
dimethylglycine,direct_neighbor_ridge,soft_tissue,0,2,18,13.81621526079032,15.081515078332563,659dce4f66bf4ee0228513d024a4e287e9f1aa3957152332b1483ab0af67cb42
dimethylglycine,direct_neighbor_ridge,stomach,0,2,37,24.398779363881683,37.38725560227037,659dce4f66bf4ee0228513d024a4e287e9f1aa3957152332b1483ab0af67cb42
dimethylglycine,direct_neighbor_ridge,breast,0,3,49,42.58382822677866,53.23604681669628,9492e163b6ef19b0563b1ce8302b8e8794e2e4c9c8031c62ff9774a3f63f6f58
dimethylglycine,direct_neighbor_ridge,central_nervous_system,0,3,49,38.5461936356141,48.21498979832058,9492e163b6ef19b0563b1ce8302b8e8794e2e4c9c8031c62ff9774a3f63f6f58
dimethylglycine,direct_neighbor_ridge,endometrium,0,3,28,17.97731268818408,24.31957434898333,9492e163b6ef19b0563b1ce8302b8e8794e2e4c9c8031c62ff9774a3f63f6f58
dimethylglycine,direct_neighbor_ridge,kidney,0,3,23,10.136061288814307,13.653902375490318,9492e163b6ef19b0563b1ce8302b8e8794e2e4c9c8031c62ff9774a3f63f6f58
dimethylglycine,direct_neighbor_ridge,liver,0,3,25,18.996352343447725,27.67200706385888,9492e163b6ef19b0563b1ce8302b8e8794e2e4c9c8031c62ff9774a3f63f6f58
dimethylglycine,direct_neighbor_ridge,lung,0,4,176,154.84192903892378,211.9305574295125,cf9883e99ee1b956d01c2cb42a4d284b982ce23065d3616a5e1cced359e41fb5
dimethylglycine,direct_neighbor_ridge,bone,1,0,19,10.908948915110804,12.447158466530382,32d2e2f547f707a9f12d899e65a934275c9f49020e10d214973126d05910ec9c
dimethylglycine,direct_neighbor_ridge,ovary,1,0,45,28.058483335312268,44.28645020680482,32d2e2f547f707a9f12d899e65a934275c9f49020e10d214973126d05910ec9c
dimethylglycine,direct_neighbor_ridge,skin,1,0,52,13.378291497173086,18.626282904052868,32d2e2f547f707a9f12d899e65a934275c9f49020e10d214973126d05910ec9c
dimethylglycine,direct_neighbor_ridge,upper_aerodigestive_tract,1,0,30,11.57102554524282,14.771378934202376,32d2e2f547f707a9f12d899e65a934275c9f49020e10d214973126d05910ec9c
dimethylglycine,direct_neighbor_ridge,urinary_tract,1,0,25,6.934751223500656,7.285483580317817,32d2e2f547f707a9f12d899e65a934275c9f49020e10d214973126d05910ec9c
dimethylglycine,direct_neighbor_ridge,lung,1,1,176,154.84192903892378,211.9305574295125,cf9883e99ee1b956d01c2cb42a4d284b982ce23065d3616a5e1cced359e41fb5
dimethylglycine,direct_neighbor_ridge,autonomic_ganglia,1,2,16,10.922285925870643,14.18789111718186,db1ab3680dcfc2deb10e2511ec28b70b27966d5a436d724be48267bcbf200acf
dimethylglycine,direct_neighbor_ridge,haematopoietic_and_lymphoid_tissue,1,2,163,218.01485804056932,364.2018681420492,db1ab3680dcfc2deb10e2511ec28b70b27966d5a436d724be48267bcbf200acf
dimethylglycine,direct_neighbor_ridge,large_intestine,1,3,55,26.292926976162146,45.938454149169814,659dce4f66bf4ee0228513d024a4e287e9f1aa3957152332b1483ab0af67cb42
dimethylglycine,direct_neighbor_ridge,oesophagus,1,3,25,8.493072032674352,10.813341644091352,659dce4f66bf4ee0228513d024a4e287e9f1aa3957152332b1483ab0af67cb42
dimethylglycine,direct_neighbor_ridge,pancreas,1,3,41,25.221186367390676,35.638788194866166,659dce4f66bf4ee0228513d024a4e287e9f1aa3957152332b1483ab0af67cb42
dimethylglycine,direct_neighbor_ridge,soft_tissue,1,3,18,13.81621526079032,15.081515078332563,659dce4f66bf4ee0228513d024a4e287e9f1aa3957152332b1483ab0af67cb42
dimethylglycine,direct_neighbor_ridge,stomach,1,3,37,24.398779363881683,37.38725560227037,659dce4f66bf4ee0228513d024a4e287e9f1aa3957152332b1483ab0af67cb42
dimethylglycine,direct_neighbor_ridge,breast,1,4,49,42.58382822677866,53.23604681669628,9492e163b6ef19b0563b1ce8302b8e8794e2e4c9c8031c62ff9774a3f63f6f58
dimethylglycine,direct_neighbor_ridge,central_nervous_system,1,4,49,38.5461936356141,48.21498979832058,9492e163b6ef19b0563b1ce8302b8e8794e2e4c9c8031c62ff9774a3f63f6f58
dimethylglycine,direct_neighbor_ridge,endometrium,1,4,28,17.97731268818408,24.31957434898333,9492e163b6ef19b0563b1ce8302b8e8794e2e4c9c8031c62ff9774a3f63f6f58
dimethylglycine,direct_neighbor_ridge,kidney,1,4,23,10.136061288814307,13.653902375490318,9492e163b6ef19b0563b1ce8302b8e8794e2e4c9c8031c62ff9774a3f63f6f58
dimethylglycine,direct_neighbor_ridge,liver,1,4,25,18.996352343447725,27.67200706385888,9492e163b6ef19b0563b1ce8302b8e8794e2e4c9c8031c62ff9774a3f63f6f58
glucuronate,direct_neighbor_ridge,autonomic_ganglia,0,0,16,5.274768544262006,6.828466433852933,db1ab3680dcfc2deb10e2511ec28b70b27966d5a436d724be48267bcbf200acf
glucuronate,direct_neighbor_ridge,haematopoietic_and_lymphoid_tissue,0,0,163,475.9202104916578,525.998071474369,db1ab3680dcfc2deb10e2511ec28b70b27966d5a436d724be48267bcbf200acf
glucuronate,direct_neighbor_ridge,bone,0,1,19,12.13011143852475,9.82506552440301,32d2e2f547f707a9f12d899e65a934275c9f49020e10d214973126d05910ec9c
glucuronate,direct_neighbor_ridge,ovary,0,1,45,18.74956414700213,21.098023038180333,32d2e2f547f707a9f12d899e65a934275c9f49020e10d214973126d05910ec9c
glucuronate,direct_neighbor_ridge,skin,0,1,52,26.934696587752477,25.860512359695054,32d2e2f547f707a9f12d899e65a934275c9f49020e10d214973126d05910ec9c
glucuronate,direct_neighbor_ridge,upper_aerodigestive_tract,0,1,30,15.567493692215413,21.205203265176774,32d2e2f547f707a9f12d899e65a934275c9f49020e10d214973126d05910ec9c
glucuronate,direct_neighbor_ridge,urinary_tract,0,1,25,18.53496082252155,20.903138021521197,32d2e2f547f707a9f12d899e65a934275c9f49020e10d214973126d05910ec9c
glucuronate,direct_neighbor_ridge,large_intestine,0,2,55,36.861160542076966,28.454151983026623,659dce4f66bf4ee0228513d024a4e287e9f1aa3957152332b1483ab0af67cb42
glucuronate,direct_neighbor_ridge,oesophagus,0,2,25,13.559764111871447,12.567113890318588,659dce4f66bf4ee0228513d024a4e287e9f1aa3957152332b1483ab0af67cb42
glucuronate,direct_neighbor_ridge,pancreas,0,2,41,34.90926867026666,34.50411915597455,659dce4f66bf4ee0228513d024a4e287e9f1aa3957152332b1483ab0af67cb42
glucuronate,direct_neighbor_ridge,soft_tissue,0,2,18,8.662866700718142,10.607281726875682,659dce4f66bf4ee0228513d024a4e287e9f1aa3957152332b1483ab0af67cb42
glucuronate,direct_neighbor_ridge,stomach,0,2,37,24.90647892484973,24.88574101422555,659dce4f66bf4ee0228513d024a4e287e9f1aa3957152332b1483ab0af67cb42
glucuronate,direct_neighbor_ridge,breast,0,3,49,37.130272714415554,37.822538954555654,9492e163b6ef19b0563b1ce8302b8e8794e2e4c9c8031c62ff9774a3f63f6f58
glucuronate,direct_neighbor_ridge,central_nervous_system,0,3,49,36.84088834740926,39.33138377420948,9492e163b6ef19b0563b1ce8302b8e8794e2e4c9c8031c62ff9774a3f63f6f58
glucuronate,direct_neighbor_ridge,endometrium,0,3,28,19.056676360184106,20.179316242936036,9492e163b6ef19b0563b1ce8302b8e8794e2e4c9c8031c62ff9774a3f63f6f58
glucuronate,direct_neighbor_ridge,kidney,0,3,23,10.92800642083798,13.76941920623575,9492e163b6ef19b0563b1ce8302b8e8794e2e4c9c8031c62ff9774a3f63f6f58
glucuronate,direct_neighbor_ridge,liver,0,3,25,13.560158220524102,13.728820565671887,9492e163b6ef19b0563b1ce8302b8e8794e2e4c9c8031c62ff9774a3f63f6f58
glucuronate,direct_neighbor_ridge,lung,0,4,176,137.90230216247622,152.17508845246573,cf9883e99ee1b956d01c2cb42a4d284b982ce23065d3616a5e1cced359e41fb5
glucuronate,direct_neighbor_ridge,bone,1,0,19,12.13011143852475,9.82506552440301,32d2e2f547f707a9f12d899e65a934275c9f49020e10d214973126d05910ec9c
glucuronate,direct_neighbor_ridge,ovary,1,0,45,18.74956414700213,21.098023038180333,32d2e2f547f707a9f12d899e65a934275c9f49020e10d214973126d05910ec9c
glucuronate,direct_neighbor_ridge,skin,1,0,52,26.934696587752477,25.860512359695054,32d2e2f547f707a9f12d899e65a934275c9f49020e10d214973126d05910ec9c
glucuronate,direct_neighbor_ridge,upper_aerodigestive_tract,1,0,30,15.567493692215413,21.205203265176774,32d2e2f547f707a9f12d899e65a934275c9f49020e10d214973126d05910ec9c
glucuronate,direct_neighbor_ridge,urinary_tract,1,0,25,18.53496082252155,20.903138021521197,32d2e2f547f707a9f12d899e65a934275c9f49020e10d214973126d05910ec9c
glucuronate,direct_neighbor_ridge,lung,1,1,176,137.90230216247622,152.17508845246573,cf9883e99ee1b956d01c2cb42a4d284b982ce23065d3616a5e1cced359e41fb5
glucuronate,direct_neighbor_ridge,autonomic_ganglia,1,2,16,5.274768544262006,6.828466433852933,db1ab3680dcfc2deb10e2511ec28b70b27966d5a436d724be48267bcbf200acf
glucuronate,direct_neighbor_ridge,haematopoietic_and_lymphoid_tissue,1,2,163,475.9202104916578,525.998071474369,db1ab3680dcfc2deb10e2511ec28b70b27966d5a436d724be48267bcbf200acf
glucuronate,direct_neighbor_ridge,large_intestine,1,3,55,36.861160542076966,28.454151983026623,659dce4f66bf4ee0228513d024a4e287e9f1aa3957152332b1483ab0af67cb42
glucuronate,direct_neighbor_ridge,oesophagus,1,3,25,13.559764111871447,12.567113890318588,659dce4f66bf4ee0228513d024a4e287e9f1aa3957152332b1483ab0af67cb42
glucuronate,direct_neighbor_ridge,pancreas,1,3,41,34.90926867026666,34.50411915597455,659dce4f66bf4ee0228513d024a4e287e9f1aa3957152332b1483ab0af67cb42
glucuronate,direct_neighbor_ridge,soft_tissue,1,3,18,8.662866700718142,10.607281726875682,659dce4f66bf4ee0228513d024a4e287e9f1aa3957152332b1483ab0af67cb42
glucuronate,direct_neighbor_ridge,stomach,1,3,37,24.90647892484973,24.88574101422555,659dce4f66bf4ee0228513d024a4e287e9f1aa3957152332b1483ab0af67cb42
glucuronate,direct_neighbor_ridge,breast,1,4,49,37.130272714415554,37.822538954555654,9492e163b6ef19b0563b1ce8302b8e8794e2e4c9c8031c62ff9774a3f63f6f58
glucuronate,direct_neighbor_ridge,central_nervous_system,1,4,49,36.84088834740926,39.33138377420948,9492e163b6ef19b0563b1ce8302b8e8794e2e4c9c8031c62ff9774a3f63f6f58
glucuronate,direct_neighbor_ridge,endometrium,1,4,28,19.056676360184106,20.179316242936036,9492e163b6ef19b0563b1ce8302b8e8794e2e4c9c8031c62ff9774a3f63f6f58
glucuronate,direct_neighbor_ridge,kidney,1,4,23,10.92800642083798,13.76941920623575,9492e163b6ef19b0563b1ce8302b8e8794e2e4c9c8031c62ff9774a3f63f6f58
glucuronate,direct_neighbor_ridge,liver,1,4,25,13.560158220524102,13.728820565671887,9492e163b6ef19b0563b1ce8302b8e8794e2e4c9c8031c62ff9774a3f63f6f58
glutamate,direct_neighbor_ridge,autonomic_ganglia,0,0,16,7.195596159730911,8.942390323417182,db1ab3680dcfc2deb10e2511ec28b70b27966d5a436d724be48267bcbf200acf
glutamate,direct_neighbor_ridge,haematopoietic_and_lymphoid_tissue,0,0,163,265.72331257374594,230.32044558221963,db1ab3680dcfc2deb10e2511ec28b70b27966d5a436d724be48267bcbf200acf
glutamate,direct_neighbor_ridge,bone,0,1,19,11.214375407409271,15.344107861396134,32d2e2f547f707a9f12d899e65a934275c9f49020e10d214973126d05910ec9c
glutamate,direct_neighbor_ridge,ovary,0,1,45,26.269329667909094,26.883472169715642,32d2e2f547f707a9f12d899e65a934275c9f49020e10d214973126d05910ec9c
glutamate,direct_neighbor_ridge,skin,0,1,52,32.229085264994254,32.866303903699674,32d2e2f547f707a9f12d899e65a934275c9f49020e10d214973126d05910ec9c
glutamate,direct_neighbor_ridge,upper_aerodigestive_tract,0,1,30,18.325848581657926,14.4292912703579,32d2e2f547f707a9f12d899e65a934275c9f49020e10d214973126d05910ec9c
glutamate,direct_neighbor_ridge,urinary_tract,0,1,25,17.530588415439535,21.999014928587588,32d2e2f547f707a9f12d899e65a934275c9f49020e10d214973126d05910ec9c
glutamate,direct_neighbor_ridge,large_intestine,0,2,55,61.54233641332173,72.80719067430682,659dce4f66bf4ee0228513d024a4e287e9f1aa3957152332b1483ab0af67cb42
glutamate,direct_neighbor_ridge,oesophagus,0,2,25,7.17874258153014,6.289209639648834,659dce4f66bf4ee0228513d024a4e287e9f1aa3957152332b1483ab0af67cb42
glutamate,direct_neighbor_ridge,pancreas,0,2,41,23.461175960665642,24.54545854098612,659dce4f66bf4ee0228513d024a4e287e9f1aa3957152332b1483ab0af67cb42
glutamate,direct_neighbor_ridge,soft_tissue,0,2,18,10.010626660043403,9.027682630137301,659dce4f66bf4ee0228513d024a4e287e9f1aa3957152332b1483ab0af67cb42
glutamate,direct_neighbor_ridge,stomach,0,2,37,32.049724164130915,39.466339241100826,659dce4f66bf4ee0228513d024a4e287e9f1aa3957152332b1483ab0af67cb42
glutamate,direct_neighbor_ridge,breast,0,3,49,106.53300393310995,148.61726919336922,9492e163b6ef19b0563b1ce8302b8e8794e2e4c9c8031c62ff9774a3f63f6f58
glutamate,direct_neighbor_ridge,central_nervous_system,0,3,49,46.022258458969375,59.95848511166163,9492e163b6ef19b0563b1ce8302b8e8794e2e4c9c8031c62ff9774a3f63f6f58
glutamate,direct_neighbor_ridge,endometrium,0,3,28,18.39586894565556,21.50085310037275,9492e163b6ef19b0563b1ce8302b8e8794e2e4c9c8031c62ff9774a3f63f6f58
glutamate,direct_neighbor_ridge,kidney,0,3,23,31.552564264143772,26.377453296185802,9492e163b6ef19b0563b1ce8302b8e8794e2e4c9c8031c62ff9774a3f63f6f58
glutamate,direct_neighbor_ridge,liver,0,3,25,50.98120813807259,63.88129611603827,9492e163b6ef19b0563b1ce8302b8e8794e2e4c9c8031c62ff9774a3f63f6f58
glutamate,direct_neighbor_ridge,lung,0,4,176,101.18336796944803,123.89126694864252,cf9883e99ee1b956d01c2cb42a4d284b982ce23065d3616a5e1cced359e41fb5
glutamate,direct_neighbor_ridge,bone,1,0,19,11.214375407409271,15.344107861396134,32d2e2f547f707a9f12d899e65a934275c9f49020e10d214973126d05910ec9c
glutamate,direct_neighbor_ridge,ovary,1,0,45,26.269329667909094,26.883472169715642,32d2e2f547f707a9f12d899e65a934275c9f49020e10d214973126d05910ec9c
glutamate,direct_neighbor_ridge,skin,1,0,52,32.229085264994254,32.866303903699674,32d2e2f547f707a9f12d899e65a934275c9f49020e10d214973126d05910ec9c
glutamate,direct_neighbor_ridge,upper_aerodigestive_tract,1,0,30,18.325848581657926,14.4292912703579,32d2e2f547f707a9f12d899e65a934275c9f49020e10d214973126d05910ec9c
glutamate,direct_neighbor_ridge,urinary_tract,1,0,25,17.530588415439535,21.999014928587588,32d2e2f547f707a9f12d899e65a934275c9f49020e10d214973126d05910ec9c
glutamate,direct_neighbor_ridge,lung,1,1,176,101.18336796944803,123.89126694864252,cf9883e99ee1b956d01c2cb42a4d284b982ce23065d3616a5e1cced359e41fb5
glutamate,direct_neighbor_ridge,autonomic_ganglia,1,2,16,7.195596159730911,8.942390323417182,db1ab3680dcfc2deb10e2511ec28b70b27966d5a436d724be48267bcbf200acf
glutamate,direct_neighbor_ridge,haematopoietic_and_lymphoid_tissue,1,2,163,265.72331257374594,230.32044558221963,db1ab3680dcfc2deb10e2511ec28b70b27966d5a436d724be48267bcbf200acf
glutamate,direct_neighbor_ridge,large_intestine,1,3,55,61.54233641332173,72.80719067430682,659dce4f66bf4ee0228513d024a4e287e9f1aa3957152332b1483ab0af67cb42
glutamate,direct_neighbor_ridge,oesophagus,1,3,25,7.17874258153014,6.289209639648834,659dce4f66bf4ee0228513d024a4e287e9f1aa3957152332b1483ab0af67cb42
glutamate,direct_neighbor_ridge,pancreas,1,3,41,23.461175960665642,24.54545854098612,659dce4f66bf4ee0228513d024a4e287e9f1aa3957152332b1483ab0af67cb42
glutamate,direct_neighbor_ridge,soft_tissue,1,3,18,10.010626660043403,9.027682630137301,659dce4f66bf4ee0228513d024a4e287e9f1aa3957152332b1483ab0af67cb42
glutamate,direct_neighbor_ridge,stomach,1,3,37,32.049724164130915,39.466339241100826,659dce4f66bf4ee0228513d024a4e287e9f1aa3957152332b1483ab0af67cb42
glutamate,direct_neighbor_ridge,breast,1,4,49,106.53300393310995,148.61726919336922,9492e163b6ef19b0563b1ce8302b8e8794e2e4c9c8031c62ff9774a3f63f6f58
glutamate,direct_neighbor_ridge,central_nervous_system,1,4,49,46.022258458969375,59.95848511166163,9492e163b6ef19b0563b1ce8302b8e8794e2e4c9c8031c62ff9774a3f63f6f58
glutamate,direct_neighbor_ridge,endometrium,1,4,28,18.39586894565556,21.50085310037275,9492e163b6ef19b0563b1ce8302b8e8794e2e4c9c8031c62ff9774a3f63f6f58
glutamate,direct_neighbor_ridge,kidney,1,4,23,31.552564264143772,26.377453296185802,9492e163b6ef19b0563b1ce8302b8e8794e2e4c9c8031c62ff9774a3f63f6f58
glutamate,direct_neighbor_ridge,liver,1,4,25,50.98120813807259,63.88129611603827,9492e163b6ef19b0563b1ce8302b8e8794e2e4c9c8031c62ff9774a3f63f6f58
glutamine,direct_neighbor_ridge,autonomic_ganglia,0,0,16,6.712452808138355,8.869048467974174,db1ab3680dcfc2deb10e2511ec28b70b27966d5a436d724be48267bcbf200acf
glutamine,direct_neighbor_ridge,haematopoietic_and_lymphoid_tissue,0,0,163,159.84421320708208,216.0962377051654,db1ab3680dcfc2deb10e2511ec28b70b27966d5a436d724be48267bcbf200acf
glutamine,direct_neighbor_ridge,bone,0,1,19,16.30006267672483,16.66273226904172,32d2e2f547f707a9f12d899e65a934275c9f49020e10d214973126d05910ec9c
glutamine,direct_neighbor_ridge,ovary,0,1,45,34.33937646925352,38.883170288916055,32d2e2f547f707a9f12d899e65a934275c9f49020e10d214973126d05910ec9c
glutamine,direct_neighbor_ridge,skin,0,1,52,32.25623666192799,37.16120483395692,32d2e2f547f707a9f12d899e65a934275c9f49020e10d214973126d05910ec9c
glutamine,direct_neighbor_ridge,upper_aerodigestive_tract,0,1,30,18.268239730628725,23.886019433838257,32d2e2f547f707a9f12d899e65a934275c9f49020e10d214973126d05910ec9c
glutamine,direct_neighbor_ridge,urinary_tract,0,1,25,33.566613407496035,36.73673509582307,32d2e2f547f707a9f12d899e65a934275c9f49020e10d214973126d05910ec9c
glutamine,direct_neighbor_ridge,large_intestine,0,2,55,79.64652438469324,88.40901734383048,659dce4f66bf4ee0228513d024a4e287e9f1aa3957152332b1483ab0af67cb42
glutamine,direct_neighbor_ridge,oesophagus,0,2,25,5.221659523379184,5.1077462203693464,659dce4f66bf4ee0228513d024a4e287e9f1aa3957152332b1483ab0af67cb42
glutamine,direct_neighbor_ridge,pancreas,0,2,41,31.982841751610707,37.12045882885305,659dce4f66bf4ee0228513d024a4e287e9f1aa3957152332b1483ab0af67cb42
glutamine,direct_neighbor_ridge,soft_tissue,0,2,18,12.383583582052959,12.493243753422067,659dce4f66bf4ee0228513d024a4e287e9f1aa3957152332b1483ab0af67cb42
glutamine,direct_neighbor_ridge,stomach,0,2,37,41.51156658293031,53.465176548845626,659dce4f66bf4ee0228513d024a4e287e9f1aa3957152332b1483ab0af67cb42
glutamine,direct_neighbor_ridge,breast,0,3,49,29.799376480503028,30.26142810311018,9492e163b6ef19b0563b1ce8302b8e8794e2e4c9c8031c62ff9774a3f63f6f58
glutamine,direct_neighbor_ridge,central_nervous_system,0,3,49,44.73704425530567,49.31113417035929,9492e163b6ef19b0563b1ce8302b8e8794e2e4c9c8031c62ff9774a3f63f6f58
glutamine,direct_neighbor_ridge,endometrium,0,3,28,32.68477010392526,32.50097741482977,9492e163b6ef19b0563b1ce8302b8e8794e2e4c9c8031c62ff9774a3f63f6f58
glutamine,direct_neighbor_ridge,kidney,0,3,23,25.071413803199473,23.82651742928669,9492e163b6ef19b0563b1ce8302b8e8794e2e4c9c8031c62ff9774a3f63f6f58
glutamine,direct_neighbor_ridge,liver,0,3,25,52.20336836367219,46.96335393277766,9492e163b6ef19b0563b1ce8302b8e8794e2e4c9c8031c62ff9774a3f63f6f58
glutamine,direct_neighbor_ridge,lung,0,4,176,131.57082641228644,138.36471653147734,cf9883e99ee1b956d01c2cb42a4d284b982ce23065d3616a5e1cced359e41fb5
glutamine,direct_neighbor_ridge,bone,1,0,19,16.30006267672483,16.66273226904172,32d2e2f547f707a9f12d899e65a934275c9f49020e10d214973126d05910ec9c
glutamine,direct_neighbor_ridge,ovary,1,0,45,34.33937646925352,38.883170288916055,32d2e2f547f707a9f12d899e65a934275c9f49020e10d214973126d05910ec9c
glutamine,direct_neighbor_ridge,skin,1,0,52,32.25623666192799,37.16120483395692,32d2e2f547f707a9f12d899e65a934275c9f49020e10d214973126d05910ec9c
glutamine,direct_neighbor_ridge,upper_aerodigestive_tract,1,0,30,18.268239730628725,23.886019433838257,32d2e2f547f707a9f12d899e65a934275c9f49020e10d214973126d05910ec9c
glutamine,direct_neighbor_ridge,urinary_tract,1,0,25,33.566613407496035,36.73673509582307,32d2e2f547f707a9f12d899e65a934275c9f49020e10d214973126d05910ec9c
glutamine,direct_neighbor_ridge,lung,1,1,176,131.47511318718665,138.36471653147734,cf9883e99ee1b956d01c2cb42a4d284b982ce23065d3616a5e1cced359e41fb5
glutamine,direct_neighbor_ridge,autonomic_ganglia,1,2,16,6.712452808138355,8.869048467974174,db1ab3680dcfc2deb10e2511ec28b70b27966d5a436d724be48267bcbf200acf
glutamine,direct_neighbor_ridge,haematopoietic_and_lymphoid_tissue,1,2,163,159.84421320708208,216.0962377051654,db1ab3680dcfc2deb10e2511ec28b70b27966d5a436d724be48267bcbf200acf
glutamine,direct_neighbor_ridge,large_intestine,1,3,55,79.39406164614479,88.40901734383048,659dce4f66bf4ee0228513d024a4e287e9f1aa3957152332b1483ab0af67cb42
glutamine,direct_neighbor_ridge,oesophagus,1,3,25,5.311677642496958,5.1077462203693464,659dce4f66bf4ee0228513d024a4e287e9f1aa3957152332b1483ab0af67cb42
glutamine,direct_neighbor_ridge,pancreas,1,3,41,31.633146021106313,37.12045882885305,659dce4f66bf4ee0228513d024a4e287e9f1aa3957152332b1483ab0af67cb42
glutamine,direct_neighbor_ridge,soft_tissue,1,3,18,12.608724699396076,12.493243753422067,659dce4f66bf4ee0228513d024a4e287e9f1aa3957152332b1483ab0af67cb42
glutamine,direct_neighbor_ridge,stomach,1,3,37,40.54303737909682,53.465176548845626,659dce4f66bf4ee0228513d024a4e287e9f1aa3957152332b1483ab0af67cb42
glutamine,direct_neighbor_ridge,breast,1,4,49,29.799376480503028,30.26142810311018,9492e163b6ef19b0563b1ce8302b8e8794e2e4c9c8031c62ff9774a3f63f6f58
glutamine,direct_neighbor_ridge,central_nervous_system,1,4,49,44.73704425530567,49.31113417035929,9492e163b6ef19b0563b1ce8302b8e8794e2e4c9c8031c62ff9774a3f63f6f58
glutamine,direct_neighbor_ridge,endometrium,1,4,28,32.68477010392526,32.50097741482977,9492e163b6ef19b0563b1ce8302b8e8794e2e4c9c8031c62ff9774a3f63f6f58
glutamine,direct_neighbor_ridge,kidney,1,4,23,25.071413803199473,23.82651742928669,9492e163b6ef19b0563b1ce8302b8e8794e2e4c9c8031c62ff9774a3f63f6f58
glutamine,direct_neighbor_ridge,liver,1,4,25,52.20336836367219,46.96335393277766,9492e163b6ef19b0563b1ce8302b8e8794e2e4c9c8031c62ff9774a3f63f6f58
glycine,direct_neighbor_ridge,autonomic_ganglia,0,0,16,7.814067074964667,5.643099987690923,db1ab3680dcfc2deb10e2511ec28b70b27966d5a436d724be48267bcbf200acf
glycine,direct_neighbor_ridge,haematopoietic_and_lymphoid_tissue,0,0,163,103.54278462051833,94.55203935189977,db1ab3680dcfc2deb10e2511ec28b70b27966d5a436d724be48267bcbf200acf
glycine,direct_neighbor_ridge,bone,0,1,19,47.69382408950846,51.02579607966299,32d2e2f547f707a9f12d899e65a934275c9f49020e10d214973126d05910ec9c
glycine,direct_neighbor_ridge,ovary,0,1,45,28.906219233336515,30.26881900784008,32d2e2f547f707a9f12d899e65a934275c9f49020e10d214973126d05910ec9c
glycine,direct_neighbor_ridge,skin,0,1,52,46.52274095531447,46.890332640009966,32d2e2f547f707a9f12d899e65a934275c9f49020e10d214973126d05910ec9c
glycine,direct_neighbor_ridge,upper_aerodigestive_tract,0,1,30,21.64959949459452,23.334706348745186,32d2e2f547f707a9f12d899e65a934275c9f49020e10d214973126d05910ec9c
glycine,direct_neighbor_ridge,urinary_tract,0,1,25,43.69148729502353,46.84420099990984,32d2e2f547f707a9f12d899e65a934275c9f49020e10d214973126d05910ec9c
glycine,direct_neighbor_ridge,large_intestine,0,2,55,80.36411075552941,86.82333592942356,659dce4f66bf4ee0228513d024a4e287e9f1aa3957152332b1483ab0af67cb42
glycine,direct_neighbor_ridge,oesophagus,0,2,25,28.17177600619406,27.17768134293797,659dce4f66bf4ee0228513d024a4e287e9f1aa3957152332b1483ab0af67cb42
glycine,direct_neighbor_ridge,pancreas,0,2,41,32.33345166884158,35.82786460326161,659dce4f66bf4ee0228513d024a4e287e9f1aa3957152332b1483ab0af67cb42
glycine,direct_neighbor_ridge,soft_tissue,0,2,18,28.173075256949158,31.519252257037667,659dce4f66bf4ee0228513d024a4e287e9f1aa3957152332b1483ab0af67cb42
glycine,direct_neighbor_ridge,stomach,0,2,37,33.96521659459507,34.67093085037501,659dce4f66bf4ee0228513d024a4e287e9f1aa3957152332b1483ab0af67cb42
glycine,direct_neighbor_ridge,breast,0,3,49,25.332735317441134,26.549249137418087,9492e163b6ef19b0563b1ce8302b8e8794e2e4c9c8031c62ff9774a3f63f6f58
glycine,direct_neighbor_ridge,central_nervous_system,0,3,49,62.75356674453305,60.266685849474754,9492e163b6ef19b0563b1ce8302b8e8794e2e4c9c8031c62ff9774a3f63f6f58
glycine,direct_neighbor_ridge,endometrium,0,3,28,47.47325339413158,55.12089885090958,9492e163b6ef19b0563b1ce8302b8e8794e2e4c9c8031c62ff9774a3f63f6f58
glycine,direct_neighbor_ridge,kidney,0,3,23,33.35059200069661,32.787963652348274,9492e163b6ef19b0563b1ce8302b8e8794e2e4c9c8031c62ff9774a3f63f6f58
glycine,direct_neighbor_ridge,liver,0,3,25,54.29006501323194,55.73188107846979,9492e163b6ef19b0563b1ce8302b8e8794e2e4c9c8031c62ff9774a3f63f6f58
glycine,direct_neighbor_ridge,lung,0,4,176,149.55255320026242,154.22044268912924,cf9883e99ee1b956d01c2cb42a4d284b982ce23065d3616a5e1cced359e41fb5
glycine,direct_neighbor_ridge,bone,1,0,19,47.69382408950846,51.02579607966299,32d2e2f547f707a9f12d899e65a934275c9f49020e10d214973126d05910ec9c
glycine,direct_neighbor_ridge,ovary,1,0,45,28.906219233336515,30.26881900784008,32d2e2f547f707a9f12d899e65a934275c9f49020e10d214973126d05910ec9c
glycine,direct_neighbor_ridge,skin,1,0,52,46.52274095531447,46.890332640009966,32d2e2f547f707a9f12d899e65a934275c9f49020e10d214973126d05910ec9c
glycine,direct_neighbor_ridge,upper_aerodigestive_tract,1,0,30,21.64959949459452,23.334706348745186,32d2e2f547f707a9f12d899e65a934275c9f49020e10d214973126d05910ec9c
glycine,direct_neighbor_ridge,urinary_tract,1,0,25,43.69148729502353,46.84420099990984,32d2e2f547f707a9f12d899e65a934275c9f49020e10d214973126d05910ec9c
glycine,direct_neighbor_ridge,lung,1,1,176,149.55255320026242,154.22044268912924,cf9883e99ee1b956d01c2cb42a4d284b982ce23065d3616a5e1cced359e41fb5
glycine,direct_neighbor_ridge,autonomic_ganglia,1,2,16,7.814067074964667,5.643099987690923,db1ab3680dcfc2deb10e2511ec28b70b27966d5a436d724be48267bcbf200acf
glycine,direct_neighbor_ridge,haematopoietic_and_lymphoid_tissue,1,2,163,103.54278462051833,94.55203935189977,db1ab3680dcfc2deb10e2511ec28b70b27966d5a436d724be48267bcbf200acf
glycine,direct_neighbor_ridge,large_intestine,1,3,55,80.36411075552941,86.82333592942356,659dce4f66bf4ee0228513d024a4e287e9f1aa3957152332b1483ab0af67cb42
glycine,direct_neighbor_ridge,oesophagus,1,3,25,28.17177600619406,27.17768134293797,659dce4f66bf4ee0228513d024a4e287e9f1aa3957152332b1483ab0af67cb42
glycine,direct_neighbor_ridge,pancreas,1,3,41,32.33345166884158,35.82786460326161,659dce4f66bf4ee0228513d024a4e287e9f1aa3957152332b1483ab0af67cb42
glycine,direct_neighbor_ridge,soft_tissue,1,3,18,28.173075256949158,31.519252257037667,659dce4f66bf4ee0228513d024a4e287e9f1aa3957152332b1483ab0af67cb42
glycine,direct_neighbor_ridge,stomach,1,3,37,33.96521659459507,34.67093085037501,659dce4f66bf4ee0228513d024a4e287e9f1aa3957152332b1483ab0af67cb42
glycine,direct_neighbor_ridge,breast,1,4,49,25.332735317441134,26.549249137418087,9492e163b6ef19b0563b1ce8302b8e8794e2e4c9c8031c62ff9774a3f63f6f58
glycine,direct_neighbor_ridge,central_nervous_system,1,4,49,62.75356674453305,60.266685849474754,9492e163b6ef19b0563b1ce8302b8e8794e2e4c9c8031c62ff9774a3f63f6f58
glycine,direct_neighbor_ridge,endometrium,1,4,28,47.47325339413158,55.12089885090958,9492e163b6ef19b0563b1ce8302b8e8794e2e4c9c8031c62ff9774a3f63f6f58
glycine,direct_neighbor_ridge,kidney,1,4,23,33.35059200069661,32.787963652348274,9492e163b6ef19b0563b1ce8302b8e8794e2e4c9c8031c62ff9774a3f63f6f58
glycine,direct_neighbor_ridge,liver,1,4,25,54.29006501323194,55.73188107846979,9492e163b6ef19b0563b1ce8302b8e8794e2e4c9c8031c62ff9774a3f63f6f58
guanosine,direct_neighbor_ridge,autonomic_ganglia,0,0,16,24.97547807933052,26.112011277339,db1ab3680dcfc2deb10e2511ec28b70b27966d5a436d724be48267bcbf200acf
guanosine,direct_neighbor_ridge,haematopoietic_and_lymphoid_tissue,0,0,163,112.71645628009986,117.25754386444406,db1ab3680dcfc2deb10e2511ec28b70b27966d5a436d724be48267bcbf200acf
guanosine,direct_neighbor_ridge,bone,0,1,19,26.485645714233904,27.680141093285116,32d2e2f547f707a9f12d899e65a934275c9f49020e10d214973126d05910ec9c
guanosine,direct_neighbor_ridge,ovary,0,1,45,33.713532915500465,35.91574501899338,32d2e2f547f707a9f12d899e65a934275c9f49020e10d214973126d05910ec9c
guanosine,direct_neighbor_ridge,skin,0,1,52,102.63134648573954,102.07696259998039,32d2e2f547f707a9f12d899e65a934275c9f49020e10d214973126d05910ec9c
guanosine,direct_neighbor_ridge,upper_aerodigestive_tract,0,1,30,15.841130317806948,14.797382501537783,32d2e2f547f707a9f12d899e65a934275c9f49020e10d214973126d05910ec9c
guanosine,direct_neighbor_ridge,urinary_tract,0,1,25,22.617302364746568,21.849426149858342,32d2e2f547f707a9f12d899e65a934275c9f49020e10d214973126d05910ec9c
guanosine,direct_neighbor_ridge,large_intestine,0,2,55,61.02995956459139,65.79174279684685,659dce4f66bf4ee0228513d024a4e287e9f1aa3957152332b1483ab0af67cb42
guanosine,direct_neighbor_ridge,oesophagus,0,2,25,32.91669918680764,33.286326391814534,659dce4f66bf4ee0228513d024a4e287e9f1aa3957152332b1483ab0af67cb42
guanosine,direct_neighbor_ridge,pancreas,0,2,41,28.504345094500227,28.071289541567502,659dce4f66bf4ee0228513d024a4e287e9f1aa3957152332b1483ab0af67cb42
guanosine,direct_neighbor_ridge,soft_tissue,0,2,18,19.133408919282534,19.75563379077228,659dce4f66bf4ee0228513d024a4e287e9f1aa3957152332b1483ab0af67cb42
guanosine,direct_neighbor_ridge,stomach,0,2,37,43.349457560957454,44.58282155743533,659dce4f66bf4ee0228513d024a4e287e9f1aa3957152332b1483ab0af67cb42
guanosine,direct_neighbor_ridge,breast,0,3,49,40.707316694799,41.373998255673136,9492e163b6ef19b0563b1ce8302b8e8794e2e4c9c8031c62ff9774a3f63f6f58
guanosine,direct_neighbor_ridge,central_nervous_system,0,3,49,85.05717115374617,81.21604267316265,9492e163b6ef19b0563b1ce8302b8e8794e2e4c9c8031c62ff9774a3f63f6f58
guanosine,direct_neighbor_ridge,endometrium,0,3,28,29.057795608270986,29.626039272118792,9492e163b6ef19b0563b1ce8302b8e8794e2e4c9c8031c62ff9774a3f63f6f58
guanosine,direct_neighbor_ridge,kidney,0,3,23,19.69265876278347,19.89822139145908,9492e163b6ef19b0563b1ce8302b8e8794e2e4c9c8031c62ff9774a3f63f6f58
guanosine,direct_neighbor_ridge,liver,0,3,25,25.304166474669593,24.114501106742317,9492e163b6ef19b0563b1ce8302b8e8794e2e4c9c8031c62ff9774a3f63f6f58
guanosine,direct_neighbor_ridge,lung,0,4,176,176.50041583952427,171.39072136160925,cf9883e99ee1b956d01c2cb42a4d284b982ce23065d3616a5e1cced359e41fb5
guanosine,direct_neighbor_ridge,bone,1,0,19,26.485645714233904,27.680141093285116,32d2e2f547f707a9f12d899e65a934275c9f49020e10d214973126d05910ec9c
guanosine,direct_neighbor_ridge,ovary,1,0,45,33.713532915500465,35.91574501899338,32d2e2f547f707a9f12d899e65a934275c9f49020e10d214973126d05910ec9c
guanosine,direct_neighbor_ridge,skin,1,0,52,102.63134648573954,102.07696259998039,32d2e2f547f707a9f12d899e65a934275c9f49020e10d214973126d05910ec9c
guanosine,direct_neighbor_ridge,upper_aerodigestive_tract,1,0,30,15.841130317806948,14.797382501537783,32d2e2f547f707a9f12d899e65a934275c9f49020e10d214973126d05910ec9c
guanosine,direct_neighbor_ridge,urinary_tract,1,0,25,22.617302364746568,21.849426149858342,32d2e2f547f707a9f12d899e65a934275c9f49020e10d214973126d05910ec9c
guanosine,direct_neighbor_ridge,lung,1,1,176,176.50041583952427,171.39072136160925,cf9883e99ee1b956d01c2cb42a4d284b982ce23065d3616a5e1cced359e41fb5
guanosine,direct_neighbor_ridge,autonomic_ganglia,1,2,16,24.97547807933052,26.112011277339,db1ab3680dcfc2deb10e2511ec28b70b27966d5a436d724be48267bcbf200acf
guanosine,direct_neighbor_ridge,haematopoietic_and_lymphoid_tissue,1,2,163,112.71645628009986,117.25754386444406,db1ab3680dcfc2deb10e2511ec28b70b27966d5a436d724be48267bcbf200acf
guanosine,direct_neighbor_ridge,large_intestine,1,3,55,61.02995956459139,65.79174279684685,659dce4f66bf4ee0228513d024a4e287e9f1aa3957152332b1483ab0af67cb42
guanosine,direct_neighbor_ridge,oesophagus,1,3,25,32.91669918680764,33.286326391814534,659dce4f66bf4ee0228513d024a4e287e9f1aa3957152332b1483ab0af67cb42
guanosine,direct_neighbor_ridge,pancreas,1,3,41,28.504345094500227,28.071289541567502,659dce4f66bf4ee0228513d024a4e287e9f1aa3957152332b1483ab0af67cb42
guanosine,direct_neighbor_ridge,soft_tissue,1,3,18,19.133408919282534,19.75563379077228,659dce4f66bf4ee0228513d024a4e287e9f1aa3957152332b1483ab0af67cb42
guanosine,direct_neighbor_ridge,stomach,1,3,37,43.349457560957454,44.58282155743533,659dce4f66bf4ee0228513d024a4e287e9f1aa3957152332b1483ab0af67cb42
guanosine,direct_neighbor_ridge,breast,1,4,49,40.70743198476237,41.373998255673136,9492e163b6ef19b0563b1ce8302b8e8794e2e4c9c8031c62ff9774a3f63f6f58
guanosine,direct_neighbor_ridge,central_nervous_system,1,4,49,85.06309484888557,81.21604267316265,9492e163b6ef19b0563b1ce8302b8e8794e2e4c9c8031c62ff9774a3f63f6f58
guanosine,direct_neighbor_ridge,endometrium,1,4,28,29.057779716096228,29.626039272118792,9492e163b6ef19b0563b1ce8302b8e8794e2e4c9c8031c62ff9774a3f63f6f58
guanosine,direct_neighbor_ridge,kidney,1,4,23,19.6927167991578,19.89822139145908,9492e163b6ef19b0563b1ce8302b8e8794e2e4c9c8031c62ff9774a3f63f6f58
guanosine,direct_neighbor_ridge,liver,1,4,25,25.306446787256995,24.114501106742317,9492e163b6ef19b0563b1ce8302b8e8794e2e4c9c8031c62ff9774a3f63f6f58
histidine,direct_neighbor_ridge,autonomic_ganglia,0,0,16,18.95347427089178,18.201758014936242,db1ab3680dcfc2deb10e2511ec28b70b27966d5a436d724be48267bcbf200acf
histidine,direct_neighbor_ridge,haematopoietic_and_lymphoid_tissue,0,0,163,526.9435371718198,459.60827310337277,db1ab3680dcfc2deb10e2511ec28b70b27966d5a436d724be48267bcbf200acf
histidine,direct_neighbor_ridge,bone,0,1,19,15.49235399118584,14.602079795616623,32d2e2f547f707a9f12d899e65a934275c9f49020e10d214973126d05910ec9c
histidine,direct_neighbor_ridge,ovary,0,1,45,26.024698121256268,29.48311005844533,32d2e2f547f707a9f12d899e65a934275c9f49020e10d214973126d05910ec9c
histidine,direct_neighbor_ridge,skin,0,1,52,33.041060301374465,33.528791338814095,32d2e2f547f707a9f12d899e65a934275c9f49020e10d214973126d05910ec9c
histidine,direct_neighbor_ridge,upper_aerodigestive_tract,0,1,30,16.308851552618734,20.44445538633654,32d2e2f547f707a9f12d899e65a934275c9f49020e10d214973126d05910ec9c
histidine,direct_neighbor_ridge,urinary_tract,0,1,25,25.433448646125402,27.82380176687191,32d2e2f547f707a9f12d899e65a934275c9f49020e10d214973126d05910ec9c
histidine,direct_neighbor_ridge,large_intestine,0,2,55,67.69885267938768,84.09069891916447,659dce4f66bf4ee0228513d024a4e287e9f1aa3957152332b1483ab0af67cb42
histidine,direct_neighbor_ridge,oesophagus,0,2,25,8.196002065957527,6.7898271304716635,659dce4f66bf4ee0228513d024a4e287e9f1aa3957152332b1483ab0af67cb42
histidine,direct_neighbor_ridge,pancreas,0,2,41,16.23616086175322,15.164668101083892,659dce4f66bf4ee0228513d024a4e287e9f1aa3957152332b1483ab0af67cb42
histidine,direct_neighbor_ridge,soft_tissue,0,2,18,20.763952936704694,21.72705319994349,659dce4f66bf4ee0228513d024a4e287e9f1aa3957152332b1483ab0af67cb42
histidine,direct_neighbor_ridge,stomach,0,2,37,27.410688636887556,24.19966687309697,659dce4f66bf4ee0228513d024a4e287e9f1aa3957152332b1483ab0af67cb42
histidine,direct_neighbor_ridge,breast,0,3,49,44.19517723467596,43.80047392373057,9492e163b6ef19b0563b1ce8302b8e8794e2e4c9c8031c62ff9774a3f63f6f58
histidine,direct_neighbor_ridge,central_nervous_system,0,3,49,54.73357843568237,38.444809278729956,9492e163b6ef19b0563b1ce8302b8e8794e2e4c9c8031c62ff9774a3f63f6f58
histidine,direct_neighbor_ridge,endometrium,0,3,28,18.128102985184174,21.66535338655448,9492e163b6ef19b0563b1ce8302b8e8794e2e4c9c8031c62ff9774a3f63f6f58
histidine,direct_neighbor_ridge,kidney,0,3,23,16.50776198503992,12.360960349468478,9492e163b6ef19b0563b1ce8302b8e8794e2e4c9c8031c62ff9774a3f63f6f58
histidine,direct_neighbor_ridge,liver,0,3,25,27.718840557630003,22.315841216367257,9492e163b6ef19b0563b1ce8302b8e8794e2e4c9c8031c62ff9774a3f63f6f58
histidine,direct_neighbor_ridge,lung,0,4,176,174.14210759624365,181.8531512344045,cf9883e99ee1b956d01c2cb42a4d284b982ce23065d3616a5e1cced359e41fb5
histidine,direct_neighbor_ridge,bone,1,0,19,15.49235399118584,14.602079795616623,32d2e2f547f707a9f12d899e65a934275c9f49020e10d214973126d05910ec9c
histidine,direct_neighbor_ridge,ovary,1,0,45,26.024698121256268,29.48311005844533,32d2e2f547f707a9f12d899e65a934275c9f49020e10d214973126d05910ec9c
histidine,direct_neighbor_ridge,skin,1,0,52,33.041060301374465,33.528791338814095,32d2e2f547f707a9f12d899e65a934275c9f49020e10d214973126d05910ec9c
histidine,direct_neighbor_ridge,upper_aerodigestive_tract,1,0,30,16.308851552618734,20.44445538633654,32d2e2f547f707a9f12d899e65a934275c9f49020e10d214973126d05910ec9c
histidine,direct_neighbor_ridge,urinary_tract,1,0,25,25.433448646125402,27.82380176687191,32d2e2f547f707a9f12d899e65a934275c9f49020e10d214973126d05910ec9c
histidine,direct_neighbor_ridge,lung,1,1,176,174.14210759624365,181.8531512344045,cf9883e99ee1b956d01c2cb42a4d284b982ce23065d3616a5e1cced359e41fb5
histidine,direct_neighbor_ridge,autonomic_ganglia,1,2,16,18.95347427089178,18.201758014936242,db1ab3680dcfc2deb10e2511ec28b70b27966d5a436d724be48267bcbf200acf
histidine,direct_neighbor_ridge,haematopoietic_and_lymphoid_tissue,1,2,163,526.9435371718198,459.60827310337277,db1ab3680dcfc2deb10e2511ec28b70b27966d5a436d724be48267bcbf200acf
histidine,direct_neighbor_ridge,large_intestine,1,3,55,67.69885267938768,84.09069891916447,659dce4f66bf4ee0228513d024a4e287e9f1aa3957152332b1483ab0af67cb42
histidine,direct_neighbor_ridge,oesophagus,1,3,25,8.196002065957527,6.7898271304716635,659dce4f66bf4ee0228513d024a4e287e9f1aa3957152332b1483ab0af67cb42
histidine,direct_neighbor_ridge,pancreas,1,3,41,16.23616086175322,15.164668101083892,659dce4f66bf4ee0228513d024a4e287e9f1aa3957152332b1483ab0af67cb42
histidine,direct_neighbor_ridge,soft_tissue,1,3,18,20.763952936704694,21.72705319994349,659dce4f66bf4ee0228513d024a4e287e9f1aa3957152332b1483ab0af67cb42
histidine,direct_neighbor_ridge,stomach,1,3,37,27.410688636887556,24.19966687309697,659dce4f66bf4ee0228513d024a4e287e9f1aa3957152332b1483ab0af67cb42
histidine,direct_neighbor_ridge,breast,1,4,49,44.19517723467596,43.80047392373057,9492e163b6ef19b0563b1ce8302b8e8794e2e4c9c8031c62ff9774a3f63f6f58
histidine,direct_neighbor_ridge,central_nervous_system,1,4,49,54.73357843568237,38.444809278729956,9492e163b6ef19b0563b1ce8302b8e8794e2e4c9c8031c62ff9774a3f63f6f58
histidine,direct_neighbor_ridge,endometrium,1,4,28,18.128102985184174,21.66535338655448,9492e163b6ef19b0563b1ce8302b8e8794e2e4c9c8031c62ff9774a3f63f6f58
histidine,direct_neighbor_ridge,kidney,1,4,23,16.50776198503992,12.360960349468478,9492e163b6ef19b0563b1ce8302b8e8794e2e4c9c8031c62ff9774a3f63f6f58
histidine,direct_neighbor_ridge,liver,1,4,25,27.718840557630003,22.315841216367257,9492e163b6ef19b0563b1ce8302b8e8794e2e4c9c8031c62ff9774a3f63f6f58
homocysteine,direct_neighbor_ridge,autonomic_ganglia,0,0,16,15.375420822770058,12.070715595099848,db1ab3680dcfc2deb10e2511ec28b70b27966d5a436d724be48267bcbf200acf
homocysteine,direct_neighbor_ridge,haematopoietic_and_lymphoid_tissue,0,0,163,190.5802316233523,167.10851193241774,db1ab3680dcfc2deb10e2511ec28b70b27966d5a436d724be48267bcbf200acf
homocysteine,direct_neighbor_ridge,bone,0,1,19,20.028454307683244,21.169607585103325,32d2e2f547f707a9f12d899e65a934275c9f49020e10d214973126d05910ec9c
homocysteine,direct_neighbor_ridge,ovary,0,1,45,33.885311802652794,32.48079522175995,32d2e2f547f707a9f12d899e65a934275c9f49020e10d214973126d05910ec9c
homocysteine,direct_neighbor_ridge,skin,0,1,52,78.30184738914816,82.313548126634,32d2e2f547f707a9f12d899e65a934275c9f49020e10d214973126d05910ec9c
homocysteine,direct_neighbor_ridge,upper_aerodigestive_tract,0,1,30,27.088579841664846,28.442779684057175,32d2e2f547f707a9f12d899e65a934275c9f49020e10d214973126d05910ec9c
homocysteine,direct_neighbor_ridge,urinary_tract,0,1,25,29.677703377617632,30.539777592843492,32d2e2f547f707a9f12d899e65a934275c9f49020e10d214973126d05910ec9c
homocysteine,direct_neighbor_ridge,large_intestine,0,2,55,71.44637523521753,75.76188618240998,659dce4f66bf4ee0228513d024a4e287e9f1aa3957152332b1483ab0af67cb42
homocysteine,direct_neighbor_ridge,oesophagus,0,2,25,21.079718112736433,21.067657624576864,659dce4f66bf4ee0228513d024a4e287e9f1aa3957152332b1483ab0af67cb42
homocysteine,direct_neighbor_ridge,pancreas,0,2,41,42.839998180495485,46.10354076464829,659dce4f66bf4ee0228513d024a4e287e9f1aa3957152332b1483ab0af67cb42
homocysteine,direct_neighbor_ridge,soft_tissue,0,2,18,22.079509493683748,23.367658091054064,659dce4f66bf4ee0228513d024a4e287e9f1aa3957152332b1483ab0af67cb42
homocysteine,direct_neighbor_ridge,stomach,0,2,37,50.194075951519764,49.80505404972986,659dce4f66bf4ee0228513d024a4e287e9f1aa3957152332b1483ab0af67cb42
homocysteine,direct_neighbor_ridge,breast,0,3,49,38.047645851078116,37.826876144727244,9492e163b6ef19b0563b1ce8302b8e8794e2e4c9c8031c62ff9774a3f63f6f58
homocysteine,direct_neighbor_ridge,central_nervous_system,0,3,49,42.65601971089374,48.7297646823673,9492e163b6ef19b0563b1ce8302b8e8794e2e4c9c8031c62ff9774a3f63f6f58
homocysteine,direct_neighbor_ridge,endometrium,0,3,28,21.14605933007555,21.99125278911121,9492e163b6ef19b0563b1ce8302b8e8794e2e4c9c8031c62ff9774a3f63f6f58
homocysteine,direct_neighbor_ridge,kidney,0,3,23,13.908380932166851,15.621998275805039,9492e163b6ef19b0563b1ce8302b8e8794e2e4c9c8031c62ff9774a3f63f6f58
homocysteine,direct_neighbor_ridge,liver,0,3,25,11.197504936659426,10.91743375820983,9492e163b6ef19b0563b1ce8302b8e8794e2e4c9c8031c62ff9774a3f63f6f58
homocysteine,direct_neighbor_ridge,lung,0,4,176,163.6011372065081,163.64898895049885,cf9883e99ee1b956d01c2cb42a4d284b982ce23065d3616a5e1cced359e41fb5
homocysteine,direct_neighbor_ridge,bone,1,0,19,20.028454307683244,21.169607585103325,32d2e2f547f707a9f12d899e65a934275c9f49020e10d214973126d05910ec9c
homocysteine,direct_neighbor_ridge,ovary,1,0,45,33.885311802652794,32.48079522175995,32d2e2f547f707a9f12d899e65a934275c9f49020e10d214973126d05910ec9c
homocysteine,direct_neighbor_ridge,skin,1,0,52,78.30184738914816,82.313548126634,32d2e2f547f707a9f12d899e65a934275c9f49020e10d214973126d05910ec9c
homocysteine,direct_neighbor_ridge,upper_aerodigestive_tract,1,0,30,27.088579841664846,28.442779684057175,32d2e2f547f707a9f12d899e65a934275c9f49020e10d214973126d05910ec9c
homocysteine,direct_neighbor_ridge,urinary_tract,1,0,25,29.677703377617632,30.539777592843492,32d2e2f547f707a9f12d899e65a934275c9f49020e10d214973126d05910ec9c
homocysteine,direct_neighbor_ridge,lung,1,1,176,163.6011372065081,163.64898895049885,cf9883e99ee1b956d01c2cb42a4d284b982ce23065d3616a5e1cced359e41fb5
homocysteine,direct_neighbor_ridge,autonomic_ganglia,1,2,16,15.922581088129727,12.070715595099848,db1ab3680dcfc2deb10e2511ec28b70b27966d5a436d724be48267bcbf200acf
homocysteine,direct_neighbor_ridge,haematopoietic_and_lymphoid_tissue,1,2,163,197.14015254085456,167.10851193241774,db1ab3680dcfc2deb10e2511ec28b70b27966d5a436d724be48267bcbf200acf
homocysteine,direct_neighbor_ridge,large_intestine,1,3,55,71.44637523521753,75.76188618240998,659dce4f66bf4ee0228513d024a4e287e9f1aa3957152332b1483ab0af67cb42
homocysteine,direct_neighbor_ridge,oesophagus,1,3,25,21.079718112736433,21.067657624576864,659dce4f66bf4ee0228513d024a4e287e9f1aa3957152332b1483ab0af67cb42
homocysteine,direct_neighbor_ridge,pancreas,1,3,41,42.839998180495485,46.10354076464829,659dce4f66bf4ee0228513d024a4e287e9f1aa3957152332b1483ab0af67cb42
homocysteine,direct_neighbor_ridge,soft_tissue,1,3,18,22.079509493683748,23.367658091054064,659dce4f66bf4ee0228513d024a4e287e9f1aa3957152332b1483ab0af67cb42
homocysteine,direct_neighbor_ridge,stomach,1,3,37,50.194075951519764,49.80505404972986,659dce4f66bf4ee0228513d024a4e287e9f1aa3957152332b1483ab0af67cb42
homocysteine,direct_neighbor_ridge,breast,1,4,49,38.047645851078116,37.826876144727244,9492e163b6ef19b0563b1ce8302b8e8794e2e4c9c8031c62ff9774a3f63f6f58
homocysteine,direct_neighbor_ridge,central_nervous_system,1,4,49,42.65601971089374,48.7297646823673,9492e163b6ef19b0563b1ce8302b8e8794e2e4c9c8031c62ff9774a3f63f6f58
homocysteine,direct_neighbor_ridge,endometrium,1,4,28,21.14605933007555,21.99125278911121,9492e163b6ef19b0563b1ce8302b8e8794e2e4c9c8031c62ff9774a3f63f6f58
homocysteine,direct_neighbor_ridge,kidney,1,4,23,13.908380932166851,15.621998275805039,9492e163b6ef19b0563b1ce8302b8e8794e2e4c9c8031c62ff9774a3f63f6f58
homocysteine,direct_neighbor_ridge,liver,1,4,25,11.197504936659426,10.91743375820983,9492e163b6ef19b0563b1ce8302b8e8794e2e4c9c8031c62ff9774a3f63f6f58
hypoxanthine,direct_neighbor_ridge,autonomic_ganglia,0,0,16,24.32420118151255,23.405015272234394,db1ab3680dcfc2deb10e2511ec28b70b27966d5a436d724be48267bcbf200acf
hypoxanthine,direct_neighbor_ridge,haematopoietic_and_lymphoid_tissue,0,0,163,214.73865260766524,208.65052583540233,db1ab3680dcfc2deb10e2511ec28b70b27966d5a436d724be48267bcbf200acf
hypoxanthine,direct_neighbor_ridge,bone,0,1,19,14.138771533277072,16.934739674429487,32d2e2f547f707a9f12d899e65a934275c9f49020e10d214973126d05910ec9c
hypoxanthine,direct_neighbor_ridge,ovary,0,1,45,35.96217110505955,36.71552821617147,32d2e2f547f707a9f12d899e65a934275c9f49020e10d214973126d05910ec9c
hypoxanthine,direct_neighbor_ridge,skin,0,1,52,44.91796348363336,50.123157417725594,32d2e2f547f707a9f12d899e65a934275c9f49020e10d214973126d05910ec9c
hypoxanthine,direct_neighbor_ridge,upper_aerodigestive_tract,0,1,30,31.443963674144815,36.2017451429795,32d2e2f547f707a9f12d899e65a934275c9f49020e10d214973126d05910ec9c
hypoxanthine,direct_neighbor_ridge,urinary_tract,0,1,25,12.674586903704022,15.235789890389869,32d2e2f547f707a9f12d899e65a934275c9f49020e10d214973126d05910ec9c
hypoxanthine,direct_neighbor_ridge,large_intestine,0,2,55,66.80867049156338,71.47148142114061,659dce4f66bf4ee0228513d024a4e287e9f1aa3957152332b1483ab0af67cb42
hypoxanthine,direct_neighbor_ridge,oesophagus,0,2,25,25.146040927621,29.770335244915426,659dce4f66bf4ee0228513d024a4e287e9f1aa3957152332b1483ab0af67cb42
hypoxanthine,direct_neighbor_ridge,pancreas,0,2,41,38.13568025943546,40.45853694881586,659dce4f66bf4ee0228513d024a4e287e9f1aa3957152332b1483ab0af67cb42
hypoxanthine,direct_neighbor_ridge,soft_tissue,0,2,18,15.092441763771788,16.405253653887065,659dce4f66bf4ee0228513d024a4e287e9f1aa3957152332b1483ab0af67cb42
hypoxanthine,direct_neighbor_ridge,stomach,0,2,37,34.93552696659117,32.83337477883085,659dce4f66bf4ee0228513d024a4e287e9f1aa3957152332b1483ab0af67cb42
hypoxanthine,direct_neighbor_ridge,breast,0,3,49,38.45196284871438,38.54649927259684,9492e163b6ef19b0563b1ce8302b8e8794e2e4c9c8031c62ff9774a3f63f6f58
hypoxanthine,direct_neighbor_ridge,central_nervous_system,0,3,49,53.98471794121163,63.54086218694187,9492e163b6ef19b0563b1ce8302b8e8794e2e4c9c8031c62ff9774a3f63f6f58
hypoxanthine,direct_neighbor_ridge,endometrium,0,3,28,23.189205605783727,26.18174802733474,9492e163b6ef19b0563b1ce8302b8e8794e2e4c9c8031c62ff9774a3f63f6f58
hypoxanthine,direct_neighbor_ridge,kidney,0,3,23,12.306057067790128,14.263052988795064,9492e163b6ef19b0563b1ce8302b8e8794e2e4c9c8031c62ff9774a3f63f6f58
hypoxanthine,direct_neighbor_ridge,liver,0,3,25,22.571482151641817,21.338358535279756,9492e163b6ef19b0563b1ce8302b8e8794e2e4c9c8031c62ff9774a3f63f6f58
hypoxanthine,direct_neighbor_ridge,lung,0,4,176,164.51545015413132,176.29831895019274,cf9883e99ee1b956d01c2cb42a4d284b982ce23065d3616a5e1cced359e41fb5
hypoxanthine,direct_neighbor_ridge,bone,1,0,19,14.138771533277072,16.934739674429487,32d2e2f547f707a9f12d899e65a934275c9f49020e10d214973126d05910ec9c
hypoxanthine,direct_neighbor_ridge,ovary,1,0,45,35.96217110505955,36.71552821617147,32d2e2f547f707a9f12d899e65a934275c9f49020e10d214973126d05910ec9c
hypoxanthine,direct_neighbor_ridge,skin,1,0,52,44.91796348363336,50.123157417725594,32d2e2f547f707a9f12d899e65a934275c9f49020e10d214973126d05910ec9c
hypoxanthine,direct_neighbor_ridge,upper_aerodigestive_tract,1,0,30,31.443963674144815,36.2017451429795,32d2e2f547f707a9f12d899e65a934275c9f49020e10d214973126d05910ec9c
hypoxanthine,direct_neighbor_ridge,urinary_tract,1,0,25,12.674586903704022,15.235789890389869,32d2e2f547f707a9f12d899e65a934275c9f49020e10d214973126d05910ec9c
hypoxanthine,direct_neighbor_ridge,lung,1,1,176,164.51545015413132,176.29831895019274,cf9883e99ee1b956d01c2cb42a4d284b982ce23065d3616a5e1cced359e41fb5
hypoxanthine,direct_neighbor_ridge,autonomic_ganglia,1,2,16,24.32420118151255,23.405015272234394,db1ab3680dcfc2deb10e2511ec28b70b27966d5a436d724be48267bcbf200acf
hypoxanthine,direct_neighbor_ridge,haematopoietic_and_lymphoid_tissue,1,2,163,214.73865260766524,208.65052583540233,db1ab3680dcfc2deb10e2511ec28b70b27966d5a436d724be48267bcbf200acf
hypoxanthine,direct_neighbor_ridge,large_intestine,1,3,55,66.80867049156338,71.47148142114061,659dce4f66bf4ee0228513d024a4e287e9f1aa3957152332b1483ab0af67cb42
hypoxanthine,direct_neighbor_ridge,oesophagus,1,3,25,25.146040927621,29.770335244915426,659dce4f66bf4ee0228513d024a4e287e9f1aa3957152332b1483ab0af67cb42
hypoxanthine,direct_neighbor_ridge,pancreas,1,3,41,38.13568025943546,40.45853694881586,659dce4f66bf4ee0228513d024a4e287e9f1aa3957152332b1483ab0af67cb42
hypoxanthine,direct_neighbor_ridge,soft_tissue,1,3,18,15.092441763771788,16.405253653887065,659dce4f66bf4ee0228513d024a4e287e9f1aa3957152332b1483ab0af67cb42
hypoxanthine,direct_neighbor_ridge,stomach,1,3,37,34.93552696659117,32.83337477883085,659dce4f66bf4ee0228513d024a4e287e9f1aa3957152332b1483ab0af67cb42
hypoxanthine,direct_neighbor_ridge,breast,1,4,49,39.80967168095691,38.54649927259684,9492e163b6ef19b0563b1ce8302b8e8794e2e4c9c8031c62ff9774a3f63f6f58
hypoxanthine,direct_neighbor_ridge,central_nervous_system,1,4,49,54.611696347762745,63.54086218694187,9492e163b6ef19b0563b1ce8302b8e8794e2e4c9c8031c62ff9774a3f63f6f58
hypoxanthine,direct_neighbor_ridge,endometrium,1,4,28,23.537175366050647,26.18174802733474,9492e163b6ef19b0563b1ce8302b8e8794e2e4c9c8031c62ff9774a3f63f6f58
hypoxanthine,direct_neighbor_ridge,kidney,1,4,23,12.25662557511734,14.263052988795064,9492e163b6ef19b0563b1ce8302b8e8794e2e4c9c8031c62ff9774a3f63f6f58
hypoxanthine,direct_neighbor_ridge,liver,1,4,25,23.154862867985052,21.338358535279756,9492e163b6ef19b0563b1ce8302b8e8794e2e4c9c8031c62ff9774a3f63f6f58
inosine,direct_neighbor_ridge,autonomic_ganglia,0,0,16,23.180946971737235,24.08752827213648,db1ab3680dcfc2deb10e2511ec28b70b27966d5a436d724be48267bcbf200acf
inosine,direct_neighbor_ridge,haematopoietic_and_lymphoid_tissue,0,0,163,174.80622698681793,199.74705192409857,db1ab3680dcfc2deb10e2511ec28b70b27966d5a436d724be48267bcbf200acf
inosine,direct_neighbor_ridge,bone,0,1,19,16.217370682537823,24.951886801068508,32d2e2f547f707a9f12d899e65a934275c9f49020e10d214973126d05910ec9c
inosine,direct_neighbor_ridge,ovary,0,1,45,19.532703441452444,20.017720865092322,32d2e2f547f707a9f12d899e65a934275c9f49020e10d214973126d05910ec9c
inosine,direct_neighbor_ridge,skin,0,1,52,49.33024386429752,44.55676209821314,32d2e2f547f707a9f12d899e65a934275c9f49020e10d214973126d05910ec9c
inosine,direct_neighbor_ridge,upper_aerodigestive_tract,0,1,30,11.877584234765205,15.428678063942657,32d2e2f547f707a9f12d899e65a934275c9f49020e10d214973126d05910ec9c
inosine,direct_neighbor_ridge,urinary_tract,0,1,25,16.934813919708947,18.523627696673863,32d2e2f547f707a9f12d899e65a934275c9f49020e10d214973126d05910ec9c
inosine,direct_neighbor_ridge,large_intestine,0,2,55,60.344482966101474,66.51995711572857,659dce4f66bf4ee0228513d024a4e287e9f1aa3957152332b1483ab0af67cb42
inosine,direct_neighbor_ridge,oesophagus,0,2,25,30.720412116912293,38.99678859873089,659dce4f66bf4ee0228513d024a4e287e9f1aa3957152332b1483ab0af67cb42
inosine,direct_neighbor_ridge,pancreas,0,2,41,28.43738005929355,35.82559732653049,659dce4f66bf4ee0228513d024a4e287e9f1aa3957152332b1483ab0af67cb42
inosine,direct_neighbor_ridge,soft_tissue,0,2,18,4.724833965015986,6.329538158059725,659dce4f66bf4ee0228513d024a4e287e9f1aa3957152332b1483ab0af67cb42
inosine,direct_neighbor_ridge,stomach,0,2,37,47.88124239948473,50.665628326870355,659dce4f66bf4ee0228513d024a4e287e9f1aa3957152332b1483ab0af67cb42
inosine,direct_neighbor_ridge,breast,0,3,49,45.51756725878631,36.60452839032729,9492e163b6ef19b0563b1ce8302b8e8794e2e4c9c8031c62ff9774a3f63f6f58
inosine,direct_neighbor_ridge,central_nervous_system,0,3,49,35.69492619750744,34.64401850718484,9492e163b6ef19b0563b1ce8302b8e8794e2e4c9c8031c62ff9774a3f63f6f58
inosine,direct_neighbor_ridge,endometrium,0,3,28,23.188651119891958,24.574192554172225,9492e163b6ef19b0563b1ce8302b8e8794e2e4c9c8031c62ff9774a3f63f6f58
inosine,direct_neighbor_ridge,kidney,0,3,23,17.518803387497925,19.636044710920388,9492e163b6ef19b0563b1ce8302b8e8794e2e4c9c8031c62ff9774a3f63f6f58
inosine,direct_neighbor_ridge,liver,0,3,25,18.152205632265066,20.19619804682301,9492e163b6ef19b0563b1ce8302b8e8794e2e4c9c8031c62ff9774a3f63f6f58
inosine,direct_neighbor_ridge,lung,0,4,176,208.86211700763818,225.98499345660028,cf9883e99ee1b956d01c2cb42a4d284b982ce23065d3616a5e1cced359e41fb5
inosine,direct_neighbor_ridge,bone,1,0,19,16.217370682537823,24.951886801068508,32d2e2f547f707a9f12d899e65a934275c9f49020e10d214973126d05910ec9c
inosine,direct_neighbor_ridge,ovary,1,0,45,19.532703441452444,20.017720865092322,32d2e2f547f707a9f12d899e65a934275c9f49020e10d214973126d05910ec9c
inosine,direct_neighbor_ridge,skin,1,0,52,49.33024386429752,44.55676209821314,32d2e2f547f707a9f12d899e65a934275c9f49020e10d214973126d05910ec9c
inosine,direct_neighbor_ridge,upper_aerodigestive_tract,1,0,30,11.877584234765205,15.428678063942657,32d2e2f547f707a9f12d899e65a934275c9f49020e10d214973126d05910ec9c
inosine,direct_neighbor_ridge,urinary_tract,1,0,25,16.934813919708947,18.523627696673863,32d2e2f547f707a9f12d899e65a934275c9f49020e10d214973126d05910ec9c
inosine,direct_neighbor_ridge,lung,1,1,176,208.86211700763818,225.98499345660028,cf9883e99ee1b956d01c2cb42a4d284b982ce23065d3616a5e1cced359e41fb5
inosine,direct_neighbor_ridge,autonomic_ganglia,1,2,16,23.180946971737235,24.08752827213648,db1ab3680dcfc2deb10e2511ec28b70b27966d5a436d724be48267bcbf200acf
inosine,direct_neighbor_ridge,haematopoietic_and_lymphoid_tissue,1,2,163,174.80622698681793,199.74705192409857,db1ab3680dcfc2deb10e2511ec28b70b27966d5a436d724be48267bcbf200acf
inosine,direct_neighbor_ridge,large_intestine,1,3,55,60.642926955428926,66.51995711572857,659dce4f66bf4ee0228513d024a4e287e9f1aa3957152332b1483ab0af67cb42
inosine,direct_neighbor_ridge,oesophagus,1,3,25,31.439995474175618,38.99678859873089,659dce4f66bf4ee0228513d024a4e287e9f1aa3957152332b1483ab0af67cb42
inosine,direct_neighbor_ridge,pancreas,1,3,41,28.971383454580543,35.82559732653049,659dce4f66bf4ee0228513d024a4e287e9f1aa3957152332b1483ab0af67cb42
inosine,direct_neighbor_ridge,soft_tissue,1,3,18,4.729237405922216,6.329538158059725,659dce4f66bf4ee0228513d024a4e287e9f1aa3957152332b1483ab0af67cb42
inosine,direct_neighbor_ridge,stomach,1,3,37,47.9842824871949,50.665628326870355,659dce4f66bf4ee0228513d024a4e287e9f1aa3957152332b1483ab0af67cb42
inosine,direct_neighbor_ridge,breast,1,4,49,45.534534964590726,36.60452839032729,9492e163b6ef19b0563b1ce8302b8e8794e2e4c9c8031c62ff9774a3f63f6f58
inosine,direct_neighbor_ridge,central_nervous_system,1,4,49,35.69883674474972,34.64401850718484,9492e163b6ef19b0563b1ce8302b8e8794e2e4c9c8031c62ff9774a3f63f6f58
inosine,direct_neighbor_ridge,endometrium,1,4,28,23.189672966260364,24.574192554172225,9492e163b6ef19b0563b1ce8302b8e8794e2e4c9c8031c62ff9774a3f63f6f58
inosine,direct_neighbor_ridge,kidney,1,4,23,17.51789848764182,19.636044710920388,9492e163b6ef19b0563b1ce8302b8e8794e2e4c9c8031c62ff9774a3f63f6f58
inosine,direct_neighbor_ridge,liver,1,4,25,18.156322972498913,20.19619804682301,9492e163b6ef19b0563b1ce8302b8e8794e2e4c9c8031c62ff9774a3f63f6f58
inositol,direct_neighbor_ridge,autonomic_ganglia,0,0,16,4.215994068923649,3.7418816540964777,db1ab3680dcfc2deb10e2511ec28b70b27966d5a436d724be48267bcbf200acf
inositol,direct_neighbor_ridge,haematopoietic_and_lymphoid_tissue,0,0,163,185.02912908591952,191.2534505791486,db1ab3680dcfc2deb10e2511ec28b70b27966d5a436d724be48267bcbf200acf
inositol,direct_neighbor_ridge,bone,0,1,19,19.90034237670472,21.928223338151774,32d2e2f547f707a9f12d899e65a934275c9f49020e10d214973126d05910ec9c
inositol,direct_neighbor_ridge,ovary,0,1,45,48.12254401990093,49.08470587204176,32d2e2f547f707a9f12d899e65a934275c9f49020e10d214973126d05910ec9c
inositol,direct_neighbor_ridge,skin,0,1,52,81.10858846926438,82.33144429220296,32d2e2f547f707a9f12d899e65a934275c9f49020e10d214973126d05910ec9c
inositol,direct_neighbor_ridge,upper_aerodigestive_tract,0,1,30,16.93232033110525,16.489043473969158,32d2e2f547f707a9f12d899e65a934275c9f49020e10d214973126d05910ec9c
inositol,direct_neighbor_ridge,urinary_tract,0,1,25,29.53750517806547,32.43482073072242,32d2e2f547f707a9f12d899e65a934275c9f49020e10d214973126d05910ec9c
inositol,direct_neighbor_ridge,large_intestine,0,2,55,55.18703268552448,61.58729083177114,659dce4f66bf4ee0228513d024a4e287e9f1aa3957152332b1483ab0af67cb42
inositol,direct_neighbor_ridge,oesophagus,0,2,25,21.362856241306744,22.970624540200593,659dce4f66bf4ee0228513d024a4e287e9f1aa3957152332b1483ab0af67cb42
inositol,direct_neighbor_ridge,pancreas,0,2,41,39.590489745885336,38.97626850752479,659dce4f66bf4ee0228513d024a4e287e9f1aa3957152332b1483ab0af67cb42
inositol,direct_neighbor_ridge,soft_tissue,0,2,18,16.674420648923327,18.132065226333307,659dce4f66bf4ee0228513d024a4e287e9f1aa3957152332b1483ab0af67cb42
inositol,direct_neighbor_ridge,stomach,0,2,37,31.851758910121028,31.69018502471146,659dce4f66bf4ee0228513d024a4e287e9f1aa3957152332b1483ab0af67cb42
inositol,direct_neighbor_ridge,breast,0,3,49,54.40516276427575,55.60617267730623,9492e163b6ef19b0563b1ce8302b8e8794e2e4c9c8031c62ff9774a3f63f6f58
inositol,direct_neighbor_ridge,central_nervous_system,0,3,49,42.11736073478649,43.517372450503466,9492e163b6ef19b0563b1ce8302b8e8794e2e4c9c8031c62ff9774a3f63f6f58
inositol,direct_neighbor_ridge,endometrium,0,3,28,41.88771155300532,42.4241033759463,9492e163b6ef19b0563b1ce8302b8e8794e2e4c9c8031c62ff9774a3f63f6f58
inositol,direct_neighbor_ridge,kidney,0,3,23,16.53038883630558,14.513855954821098,9492e163b6ef19b0563b1ce8302b8e8794e2e4c9c8031c62ff9774a3f63f6f58
inositol,direct_neighbor_ridge,liver,0,3,25,40.26864213331013,40.282401769818414,9492e163b6ef19b0563b1ce8302b8e8794e2e4c9c8031c62ff9774a3f63f6f58
inositol,direct_neighbor_ridge,lung,0,4,176,121.92579604211403,126.5805982663731,cf9883e99ee1b956d01c2cb42a4d284b982ce23065d3616a5e1cced359e41fb5
inositol,direct_neighbor_ridge,bone,1,0,19,19.90034237670472,21.928223338151774,32d2e2f547f707a9f12d899e65a934275c9f49020e10d214973126d05910ec9c
inositol,direct_neighbor_ridge,ovary,1,0,45,48.12254401990093,49.08470587204176,32d2e2f547f707a9f12d899e65a934275c9f49020e10d214973126d05910ec9c
inositol,direct_neighbor_ridge,skin,1,0,52,81.10858846926438,82.33144429220296,32d2e2f547f707a9f12d899e65a934275c9f49020e10d214973126d05910ec9c
inositol,direct_neighbor_ridge,upper_aerodigestive_tract,1,0,30,16.93232033110525,16.489043473969158,32d2e2f547f707a9f12d899e65a934275c9f49020e10d214973126d05910ec9c
inositol,direct_neighbor_ridge,urinary_tract,1,0,25,29.53750517806547,32.43482073072242,32d2e2f547f707a9f12d899e65a934275c9f49020e10d214973126d05910ec9c
inositol,direct_neighbor_ridge,lung,1,1,176,121.92579604211403,126.5805982663731,cf9883e99ee1b956d01c2cb42a4d284b982ce23065d3616a5e1cced359e41fb5
inositol,direct_neighbor_ridge,autonomic_ganglia,1,2,16,4.215994068923649,3.7418816540964777,db1ab3680dcfc2deb10e2511ec28b70b27966d5a436d724be48267bcbf200acf
inositol,direct_neighbor_ridge,haematopoietic_and_lymphoid_tissue,1,2,163,185.02912908591952,191.2534505791486,db1ab3680dcfc2deb10e2511ec28b70b27966d5a436d724be48267bcbf200acf
inositol,direct_neighbor_ridge,large_intestine,1,3,55,55.18703268552448,61.58729083177114,659dce4f66bf4ee0228513d024a4e287e9f1aa3957152332b1483ab0af67cb42
inositol,direct_neighbor_ridge,oesophagus,1,3,25,21.362856241306744,22.970624540200593,659dce4f66bf4ee0228513d024a4e287e9f1aa3957152332b1483ab0af67cb42
inositol,direct_neighbor_ridge,pancreas,1,3,41,39.590489745885336,38.97626850752479,659dce4f66bf4ee0228513d024a4e287e9f1aa3957152332b1483ab0af67cb42
inositol,direct_neighbor_ridge,soft_tissue,1,3,18,16.674420648923327,18.132065226333307,659dce4f66bf4ee0228513d024a4e287e9f1aa3957152332b1483ab0af67cb42
inositol,direct_neighbor_ridge,stomach,1,3,37,31.851758910121028,31.69018502471146,659dce4f66bf4ee0228513d024a4e287e9f1aa3957152332b1483ab0af67cb42
inositol,direct_neighbor_ridge,breast,1,4,49,54.40516276427575,55.60617267730623,9492e163b6ef19b0563b1ce8302b8e8794e2e4c9c8031c62ff9774a3f63f6f58
inositol,direct_neighbor_ridge,central_nervous_system,1,4,49,42.11736073478649,43.517372450503466,9492e163b6ef19b0563b1ce8302b8e8794e2e4c9c8031c62ff9774a3f63f6f58
inositol,direct_neighbor_ridge,endometrium,1,4,28,41.88771155300532,42.4241033759463,9492e163b6ef19b0563b1ce8302b8e8794e2e4c9c8031c62ff9774a3f63f6f58
inositol,direct_neighbor_ridge,kidney,1,4,23,16.53038883630558,14.513855954821098,9492e163b6ef19b0563b1ce8302b8e8794e2e4c9c8031c62ff9774a3f63f6f58
inositol,direct_neighbor_ridge,liver,1,4,25,40.26864213331013,40.282401769818414,9492e163b6ef19b0563b1ce8302b8e8794e2e4c9c8031c62ff9774a3f63f6f58
isocitrate,direct_neighbor_ridge,autonomic_ganglia,0,0,16,13.574167603294402,13.056106061256793,db1ab3680dcfc2deb10e2511ec28b70b27966d5a436d724be48267bcbf200acf
isocitrate,direct_neighbor_ridge,haematopoietic_and_lymphoid_tissue,0,0,163,323.4707841896884,326.5673134940628,db1ab3680dcfc2deb10e2511ec28b70b27966d5a436d724be48267bcbf200acf
isocitrate,direct_neighbor_ridge,bone,0,1,19,12.398526346775457,18.4382503119511,32d2e2f547f707a9f12d899e65a934275c9f49020e10d214973126d05910ec9c
isocitrate,direct_neighbor_ridge,ovary,0,1,45,23.36221862406366,24.515224992959162,32d2e2f547f707a9f12d899e65a934275c9f49020e10d214973126d05910ec9c
isocitrate,direct_neighbor_ridge,skin,0,1,52,31.306890651874646,36.45378032926265,32d2e2f547f707a9f12d899e65a934275c9f49020e10d214973126d05910ec9c
isocitrate,direct_neighbor_ridge,upper_aerodigestive_tract,0,1,30,16.830814379633598,19.64584420919523,32d2e2f547f707a9f12d899e65a934275c9f49020e10d214973126d05910ec9c
isocitrate,direct_neighbor_ridge,urinary_tract,0,1,25,15.897603303039041,17.839198653324715,32d2e2f547f707a9f12d899e65a934275c9f49020e10d214973126d05910ec9c
isocitrate,direct_neighbor_ridge,large_intestine,0,2,55,29.992523668898038,40.29910931557228,659dce4f66bf4ee0228513d024a4e287e9f1aa3957152332b1483ab0af67cb42
isocitrate,direct_neighbor_ridge,oesophagus,0,2,25,12.169549677058695,11.083634021584487,659dce4f66bf4ee0228513d024a4e287e9f1aa3957152332b1483ab0af67cb42
isocitrate,direct_neighbor_ridge,pancreas,0,2,41,36.709576938760875,41.60399083136787,659dce4f66bf4ee0228513d024a4e287e9f1aa3957152332b1483ab0af67cb42
isocitrate,direct_neighbor_ridge,soft_tissue,0,2,18,20.47776584932001,25.750109100336303,659dce4f66bf4ee0228513d024a4e287e9f1aa3957152332b1483ab0af67cb42
isocitrate,direct_neighbor_ridge,stomach,0,2,37,36.41981056871832,50.06667378943105,659dce4f66bf4ee0228513d024a4e287e9f1aa3957152332b1483ab0af67cb42
isocitrate,direct_neighbor_ridge,breast,0,3,49,38.09290363393125,53.55296785748065,9492e163b6ef19b0563b1ce8302b8e8794e2e4c9c8031c62ff9774a3f63f6f58
isocitrate,direct_neighbor_ridge,central_nervous_system,0,3,49,38.64823938068652,48.80360918933116,9492e163b6ef19b0563b1ce8302b8e8794e2e4c9c8031c62ff9774a3f63f6f58
isocitrate,direct_neighbor_ridge,endometrium,0,3,28,14.896016467305346,19.045059067980855,9492e163b6ef19b0563b1ce8302b8e8794e2e4c9c8031c62ff9774a3f63f6f58
isocitrate,direct_neighbor_ridge,kidney,0,3,23,16.704676697810882,20.32892867302293,9492e163b6ef19b0563b1ce8302b8e8794e2e4c9c8031c62ff9774a3f63f6f58
isocitrate,direct_neighbor_ridge,liver,0,3,25,15.564173326542985,25.618693783234377,9492e163b6ef19b0563b1ce8302b8e8794e2e4c9c8031c62ff9774a3f63f6f58
isocitrate,direct_neighbor_ridge,lung,0,4,176,107.54566659606004,138.79392411114173,cf9883e99ee1b956d01c2cb42a4d284b982ce23065d3616a5e1cced359e41fb5
isocitrate,direct_neighbor_ridge,bone,1,0,19,12.398526346775457,18.4382503119511,32d2e2f547f707a9f12d899e65a934275c9f49020e10d214973126d05910ec9c
isocitrate,direct_neighbor_ridge,ovary,1,0,45,23.36221862406366,24.515224992959162,32d2e2f547f707a9f12d899e65a934275c9f49020e10d214973126d05910ec9c
isocitrate,direct_neighbor_ridge,skin,1,0,52,31.306890651874646,36.45378032926265,32d2e2f547f707a9f12d899e65a934275c9f49020e10d214973126d05910ec9c
isocitrate,direct_neighbor_ridge,upper_aerodigestive_tract,1,0,30,16.830814379633598,19.64584420919523,32d2e2f547f707a9f12d899e65a934275c9f49020e10d214973126d05910ec9c
isocitrate,direct_neighbor_ridge,urinary_tract,1,0,25,15.897603303039041,17.839198653324715,32d2e2f547f707a9f12d899e65a934275c9f49020e10d214973126d05910ec9c
isocitrate,direct_neighbor_ridge,lung,1,1,176,107.54566659606004,138.79392411114173,cf9883e99ee1b956d01c2cb42a4d284b982ce23065d3616a5e1cced359e41fb5
isocitrate,direct_neighbor_ridge,autonomic_ganglia,1,2,16,13.574167603294402,13.056106061256793,db1ab3680dcfc2deb10e2511ec28b70b27966d5a436d724be48267bcbf200acf
isocitrate,direct_neighbor_ridge,haematopoietic_and_lymphoid_tissue,1,2,163,323.4707841896884,326.5673134940628,db1ab3680dcfc2deb10e2511ec28b70b27966d5a436d724be48267bcbf200acf
isocitrate,direct_neighbor_ridge,large_intestine,1,3,55,29.992523668898038,40.29910931557228,659dce4f66bf4ee0228513d024a4e287e9f1aa3957152332b1483ab0af67cb42
isocitrate,direct_neighbor_ridge,oesophagus,1,3,25,12.169549677058695,11.083634021584487,659dce4f66bf4ee0228513d024a4e287e9f1aa3957152332b1483ab0af67cb42
isocitrate,direct_neighbor_ridge,pancreas,1,3,41,36.709576938760875,41.60399083136787,659dce4f66bf4ee0228513d024a4e287e9f1aa3957152332b1483ab0af67cb42
isocitrate,direct_neighbor_ridge,soft_tissue,1,3,18,20.47776584932001,25.750109100336303,659dce4f66bf4ee0228513d024a4e287e9f1aa3957152332b1483ab0af67cb42
isocitrate,direct_neighbor_ridge,stomach,1,3,37,36.41981056871832,50.06667378943105,659dce4f66bf4ee0228513d024a4e287e9f1aa3957152332b1483ab0af67cb42
isocitrate,direct_neighbor_ridge,breast,1,4,49,38.35869053479243,53.55296785748065,9492e163b6ef19b0563b1ce8302b8e8794e2e4c9c8031c62ff9774a3f63f6f58
isocitrate,direct_neighbor_ridge,central_nervous_system,1,4,49,38.69700301627131,48.80360918933116,9492e163b6ef19b0563b1ce8302b8e8794e2e4c9c8031c62ff9774a3f63f6f58
isocitrate,direct_neighbor_ridge,endometrium,1,4,28,15.0835454759887,19.045059067980855,9492e163b6ef19b0563b1ce8302b8e8794e2e4c9c8031c62ff9774a3f63f6f58
isocitrate,direct_neighbor_ridge,kidney,1,4,23,16.864549631368362,20.32892867302293,9492e163b6ef19b0563b1ce8302b8e8794e2e4c9c8031c62ff9774a3f63f6f58
isocitrate,direct_neighbor_ridge,liver,1,4,25,15.901505344747875,25.618693783234377,9492e163b6ef19b0563b1ce8302b8e8794e2e4c9c8031c62ff9774a3f63f6f58
isoleucine,direct_neighbor_ridge,autonomic_ganglia,0,0,16,12.612708356295554,15.051636765149384,db1ab3680dcfc2deb10e2511ec28b70b27966d5a436d724be48267bcbf200acf
isoleucine,direct_neighbor_ridge,haematopoietic_and_lymphoid_tissue,0,0,163,193.68035300906453,313.52672518733675,db1ab3680dcfc2deb10e2511ec28b70b27966d5a436d724be48267bcbf200acf
isoleucine,direct_neighbor_ridge,bone,0,1,19,7.052319155908205,13.143052817677994,32d2e2f547f707a9f12d899e65a934275c9f49020e10d214973126d05910ec9c
isoleucine,direct_neighbor_ridge,ovary,0,1,45,34.23000406911297,40.85489567360125,32d2e2f547f707a9f12d899e65a934275c9f49020e10d214973126d05910ec9c
isoleucine,direct_neighbor_ridge,skin,0,1,52,22.212730864429588,30.308522508645083,32d2e2f547f707a9f12d899e65a934275c9f49020e10d214973126d05910ec9c
isoleucine,direct_neighbor_ridge,upper_aerodigestive_tract,0,1,30,19.409633692684615,27.18130792032544,32d2e2f547f707a9f12d899e65a934275c9f49020e10d214973126d05910ec9c
isoleucine,direct_neighbor_ridge,urinary_tract,0,1,25,38.53489687199971,42.512655621262894,32d2e2f547f707a9f12d899e65a934275c9f49020e10d214973126d05910ec9c
isoleucine,direct_neighbor_ridge,large_intestine,0,2,55,41.39308428388484,53.590098817507986,659dce4f66bf4ee0228513d024a4e287e9f1aa3957152332b1483ab0af67cb42
isoleucine,direct_neighbor_ridge,oesophagus,0,2,25,5.236259624436258,7.108350028980881,659dce4f66bf4ee0228513d024a4e287e9f1aa3957152332b1483ab0af67cb42
isoleucine,direct_neighbor_ridge,pancreas,0,2,41,31.805278097371037,36.30718693098434,659dce4f66bf4ee0228513d024a4e287e9f1aa3957152332b1483ab0af67cb42
isoleucine,direct_neighbor_ridge,soft_tissue,0,2,18,37.70359980898705,40.0988389410637,659dce4f66bf4ee0228513d024a4e287e9f1aa3957152332b1483ab0af67cb42
isoleucine,direct_neighbor_ridge,stomach,0,2,37,28.384466400394746,26.381553716746325,659dce4f66bf4ee0228513d024a4e287e9f1aa3957152332b1483ab0af67cb42
isoleucine,direct_neighbor_ridge,breast,0,3,49,28.003079617763536,35.053297023377844,9492e163b6ef19b0563b1ce8302b8e8794e2e4c9c8031c62ff9774a3f63f6f58
isoleucine,direct_neighbor_ridge,central_nervous_system,0,3,49,25.11914615606576,34.8984560533959,9492e163b6ef19b0563b1ce8302b8e8794e2e4c9c8031c62ff9774a3f63f6f58
isoleucine,direct_neighbor_ridge,endometrium,0,3,28,24.47767209834786,24.96635553062267,9492e163b6ef19b0563b1ce8302b8e8794e2e4c9c8031c62ff9774a3f63f6f58
isoleucine,direct_neighbor_ridge,kidney,0,3,23,5.900396516644359,12.391898330245557,9492e163b6ef19b0563b1ce8302b8e8794e2e4c9c8031c62ff9774a3f63f6f58
isoleucine,direct_neighbor_ridge,liver,0,3,25,24.670299346755396,22.41874180468613,9492e163b6ef19b0563b1ce8302b8e8794e2e4c9c8031c62ff9774a3f63f6f58
isoleucine,direct_neighbor_ridge,lung,0,4,176,185.75932535183395,220.48935856083602,cf9883e99ee1b956d01c2cb42a4d284b982ce23065d3616a5e1cced359e41fb5
isoleucine,direct_neighbor_ridge,bone,1,0,19,7.052319155908205,13.143052817677994,32d2e2f547f707a9f12d899e65a934275c9f49020e10d214973126d05910ec9c
isoleucine,direct_neighbor_ridge,ovary,1,0,45,34.23000406911297,40.85489567360125,32d2e2f547f707a9f12d899e65a934275c9f49020e10d214973126d05910ec9c
isoleucine,direct_neighbor_ridge,skin,1,0,52,22.212730864429588,30.308522508645083,32d2e2f547f707a9f12d899e65a934275c9f49020e10d214973126d05910ec9c
isoleucine,direct_neighbor_ridge,upper_aerodigestive_tract,1,0,30,19.409633692684615,27.18130792032544,32d2e2f547f707a9f12d899e65a934275c9f49020e10d214973126d05910ec9c
isoleucine,direct_neighbor_ridge,urinary_tract,1,0,25,38.53489687199971,42.512655621262894,32d2e2f547f707a9f12d899e65a934275c9f49020e10d214973126d05910ec9c
isoleucine,direct_neighbor_ridge,lung,1,1,176,185.75932535183395,220.48935856083602,cf9883e99ee1b956d01c2cb42a4d284b982ce23065d3616a5e1cced359e41fb5
isoleucine,direct_neighbor_ridge,autonomic_ganglia,1,2,16,12.612708356295554,15.051636765149384,db1ab3680dcfc2deb10e2511ec28b70b27966d5a436d724be48267bcbf200acf
isoleucine,direct_neighbor_ridge,haematopoietic_and_lymphoid_tissue,1,2,163,193.68035300906453,313.52672518733675,db1ab3680dcfc2deb10e2511ec28b70b27966d5a436d724be48267bcbf200acf
isoleucine,direct_neighbor_ridge,large_intestine,1,3,55,41.39308428388484,53.590098817507986,659dce4f66bf4ee0228513d024a4e287e9f1aa3957152332b1483ab0af67cb42
isoleucine,direct_neighbor_ridge,oesophagus,1,3,25,5.236259624436258,7.108350028980881,659dce4f66bf4ee0228513d024a4e287e9f1aa3957152332b1483ab0af67cb42
isoleucine,direct_neighbor_ridge,pancreas,1,3,41,31.805278097371037,36.30718693098434,659dce4f66bf4ee0228513d024a4e287e9f1aa3957152332b1483ab0af67cb42
isoleucine,direct_neighbor_ridge,soft_tissue,1,3,18,37.70359980898705,40.0988389410637,659dce4f66bf4ee0228513d024a4e287e9f1aa3957152332b1483ab0af67cb42
isoleucine,direct_neighbor_ridge,stomach,1,3,37,28.384466400394746,26.381553716746325,659dce4f66bf4ee0228513d024a4e287e9f1aa3957152332b1483ab0af67cb42
isoleucine,direct_neighbor_ridge,breast,1,4,49,28.003079617763536,35.053297023377844,9492e163b6ef19b0563b1ce8302b8e8794e2e4c9c8031c62ff9774a3f63f6f58
isoleucine,direct_neighbor_ridge,central_nervous_system,1,4,49,25.11914615606576,34.8984560533959,9492e163b6ef19b0563b1ce8302b8e8794e2e4c9c8031c62ff9774a3f63f6f58
isoleucine,direct_neighbor_ridge,endometrium,1,4,28,24.47767209834786,24.96635553062267,9492e163b6ef19b0563b1ce8302b8e8794e2e4c9c8031c62ff9774a3f63f6f58
isoleucine,direct_neighbor_ridge,kidney,1,4,23,5.900396516644359,12.391898330245557,9492e163b6ef19b0563b1ce8302b8e8794e2e4c9c8031c62ff9774a3f63f6f58
isoleucine,direct_neighbor_ridge,liver,1,4,25,24.670299346755396,22.41874180468613,9492e163b6ef19b0563b1ce8302b8e8794e2e4c9c8031c62ff9774a3f63f6f58
kynurenine,direct_neighbor_ridge,autonomic_ganglia,0,0,16,11.949911922687361,11.370178129649362,db1ab3680dcfc2deb10e2511ec28b70b27966d5a436d724be48267bcbf200acf
kynurenine,direct_neighbor_ridge,haematopoietic_and_lymphoid_tissue,0,0,163,146.5442343883908,148.2311183243819,db1ab3680dcfc2deb10e2511ec28b70b27966d5a436d724be48267bcbf200acf
kynurenine,direct_neighbor_ridge,bone,0,1,19,20.67387634819559,21.128066171603024,32d2e2f547f707a9f12d899e65a934275c9f49020e10d214973126d05910ec9c
kynurenine,direct_neighbor_ridge,ovary,0,1,45,77.67414745362214,77.67482583438573,32d2e2f547f707a9f12d899e65a934275c9f49020e10d214973126d05910ec9c
kynurenine,direct_neighbor_ridge,skin,0,1,52,49.07756352451164,48.90641664902467,32d2e2f547f707a9f12d899e65a934275c9f49020e10d214973126d05910ec9c
kynurenine,direct_neighbor_ridge,upper_aerodigestive_tract,0,1,30,35.330918723885965,34.92559660666954,32d2e2f547f707a9f12d899e65a934275c9f49020e10d214973126d05910ec9c
kynurenine,direct_neighbor_ridge,urinary_tract,0,1,25,29.68887555973889,28.982831457614328,32d2e2f547f707a9f12d899e65a934275c9f49020e10d214973126d05910ec9c
kynurenine,direct_neighbor_ridge,large_intestine,0,2,55,51.91636691212403,51.39265866013526,659dce4f66bf4ee0228513d024a4e287e9f1aa3957152332b1483ab0af67cb42
kynurenine,direct_neighbor_ridge,oesophagus,0,2,25,15.288754415021474,16.284520011901282,659dce4f66bf4ee0228513d024a4e287e9f1aa3957152332b1483ab0af67cb42
kynurenine,direct_neighbor_ridge,pancreas,0,2,41,56.77687009484518,55.69074135507722,659dce4f66bf4ee0228513d024a4e287e9f1aa3957152332b1483ab0af67cb42
kynurenine,direct_neighbor_ridge,soft_tissue,0,2,18,9.301203917554858,8.439309096976867,659dce4f66bf4ee0228513d024a4e287e9f1aa3957152332b1483ab0af67cb42
kynurenine,direct_neighbor_ridge,stomach,0,2,37,32.20742350002023,31.211867261062334,659dce4f66bf4ee0228513d024a4e287e9f1aa3957152332b1483ab0af67cb42
kynurenine,direct_neighbor_ridge,breast,0,3,49,52.072001107028555,52.35108847031989,9492e163b6ef19b0563b1ce8302b8e8794e2e4c9c8031c62ff9774a3f63f6f58
kynurenine,direct_neighbor_ridge,central_nervous_system,0,3,49,83.85660888193495,83.624442254491,9492e163b6ef19b0563b1ce8302b8e8794e2e4c9c8031c62ff9774a3f63f6f58
kynurenine,direct_neighbor_ridge,endometrium,0,3,28,14.65732656930318,15.103564279627332,9492e163b6ef19b0563b1ce8302b8e8794e2e4c9c8031c62ff9774a3f63f6f58
kynurenine,direct_neighbor_ridge,kidney,0,3,23,19.759650562587627,20.555098596542848,9492e163b6ef19b0563b1ce8302b8e8794e2e4c9c8031c62ff9774a3f63f6f58
kynurenine,direct_neighbor_ridge,liver,0,3,25,40.66236138818677,40.88569611789683,9492e163b6ef19b0563b1ce8302b8e8794e2e4c9c8031c62ff9774a3f63f6f58
kynurenine,direct_neighbor_ridge,lung,0,4,176,136.73717343783548,137.82971445441763,cf9883e99ee1b956d01c2cb42a4d284b982ce23065d3616a5e1cced359e41fb5
kynurenine,direct_neighbor_ridge,bone,1,0,19,20.67387634819559,21.128066171603024,32d2e2f547f707a9f12d899e65a934275c9f49020e10d214973126d05910ec9c
kynurenine,direct_neighbor_ridge,ovary,1,0,45,77.67414745362214,77.67482583438573,32d2e2f547f707a9f12d899e65a934275c9f49020e10d214973126d05910ec9c
kynurenine,direct_neighbor_ridge,skin,1,0,52,49.07756352451164,48.90641664902467,32d2e2f547f707a9f12d899e65a934275c9f49020e10d214973126d05910ec9c
kynurenine,direct_neighbor_ridge,upper_aerodigestive_tract,1,0,30,35.330918723885965,34.92559660666954,32d2e2f547f707a9f12d899e65a934275c9f49020e10d214973126d05910ec9c
kynurenine,direct_neighbor_ridge,urinary_tract,1,0,25,29.68887555973889,28.982831457614328,32d2e2f547f707a9f12d899e65a934275c9f49020e10d214973126d05910ec9c
kynurenine,direct_neighbor_ridge,lung,1,1,176,136.73717343783548,137.82971445441763,cf9883e99ee1b956d01c2cb42a4d284b982ce23065d3616a5e1cced359e41fb5
kynurenine,direct_neighbor_ridge,autonomic_ganglia,1,2,16,11.949911922687361,11.370178129649362,db1ab3680dcfc2deb10e2511ec28b70b27966d5a436d724be48267bcbf200acf
kynurenine,direct_neighbor_ridge,haematopoietic_and_lymphoid_tissue,1,2,163,146.5442343883908,148.2311183243819,db1ab3680dcfc2deb10e2511ec28b70b27966d5a436d724be48267bcbf200acf
kynurenine,direct_neighbor_ridge,large_intestine,1,3,55,51.91636691212403,51.39265866013526,659dce4f66bf4ee0228513d024a4e287e9f1aa3957152332b1483ab0af67cb42
kynurenine,direct_neighbor_ridge,oesophagus,1,3,25,15.288754415021474,16.284520011901282,659dce4f66bf4ee0228513d024a4e287e9f1aa3957152332b1483ab0af67cb42
kynurenine,direct_neighbor_ridge,pancreas,1,3,41,56.77687009484518,55.69074135507722,659dce4f66bf4ee0228513d024a4e287e9f1aa3957152332b1483ab0af67cb42
kynurenine,direct_neighbor_ridge,soft_tissue,1,3,18,9.301203917554858,8.439309096976867,659dce4f66bf4ee0228513d024a4e287e9f1aa3957152332b1483ab0af67cb42
kynurenine,direct_neighbor_ridge,stomach,1,3,37,32.20742350002023,31.211867261062334,659dce4f66bf4ee0228513d024a4e287e9f1aa3957152332b1483ab0af67cb42
kynurenine,direct_neighbor_ridge,breast,1,4,49,52.072001107028555,52.35108847031989,9492e163b6ef19b0563b1ce8302b8e8794e2e4c9c8031c62ff9774a3f63f6f58
kynurenine,direct_neighbor_ridge,central_nervous_system,1,4,49,83.85660888193495,83.624442254491,9492e163b6ef19b0563b1ce8302b8e8794e2e4c9c8031c62ff9774a3f63f6f58
kynurenine,direct_neighbor_ridge,endometrium,1,4,28,14.65732656930318,15.103564279627332,9492e163b6ef19b0563b1ce8302b8e8794e2e4c9c8031c62ff9774a3f63f6f58
kynurenine,direct_neighbor_ridge,kidney,1,4,23,19.759650562587627,20.555098596542848,9492e163b6ef19b0563b1ce8302b8e8794e2e4c9c8031c62ff9774a3f63f6f58
kynurenine,direct_neighbor_ridge,liver,1,4,25,40.66236138818677,40.88569611789683,9492e163b6ef19b0563b1ce8302b8e8794e2e4c9c8031c62ff9774a3f63f6f58
leucine,direct_neighbor_ridge,autonomic_ganglia,0,0,16,20.427108766519346,22.197007521902396,db1ab3680dcfc2deb10e2511ec28b70b27966d5a436d724be48267bcbf200acf
leucine,direct_neighbor_ridge,haematopoietic_and_lymphoid_tissue,0,0,163,401.25739236951546,483.4982277700393,db1ab3680dcfc2deb10e2511ec28b70b27966d5a436d724be48267bcbf200acf
leucine,direct_neighbor_ridge,bone,0,1,19,20.662872374579717,17.578364470120324,32d2e2f547f707a9f12d899e65a934275c9f49020e10d214973126d05910ec9c
leucine,direct_neighbor_ridge,ovary,0,1,45,25.216220781315133,27.149005504977413,32d2e2f547f707a9f12d899e65a934275c9f49020e10d214973126d05910ec9c
leucine,direct_neighbor_ridge,skin,0,1,52,28.184215983138618,32.65061924820619,32d2e2f547f707a9f12d899e65a934275c9f49020e10d214973126d05910ec9c
leucine,direct_neighbor_ridge,upper_aerodigestive_tract,0,1,30,25.72685442164899,30.995662947802412,32d2e2f547f707a9f12d899e65a934275c9f49020e10d214973126d05910ec9c
leucine,direct_neighbor_ridge,urinary_tract,0,1,25,31.0695810429435,25.04567379564736,32d2e2f547f707a9f12d899e65a934275c9f49020e10d214973126d05910ec9c
leucine,direct_neighbor_ridge,large_intestine,0,2,55,35.41349351735498,49.41060207023639,659dce4f66bf4ee0228513d024a4e287e9f1aa3957152332b1483ab0af67cb42
leucine,direct_neighbor_ridge,oesophagus,0,2,25,6.1689421937096105,7.77647978097205,659dce4f66bf4ee0228513d024a4e287e9f1aa3957152332b1483ab0af67cb42
leucine,direct_neighbor_ridge,pancreas,0,2,41,24.109066941852372,19.602310507718396,659dce4f66bf4ee0228513d024a4e287e9f1aa3957152332b1483ab0af67cb42
leucine,direct_neighbor_ridge,soft_tissue,0,2,18,14.548633938876645,18.131674216254172,659dce4f66bf4ee0228513d024a4e287e9f1aa3957152332b1483ab0af67cb42
leucine,direct_neighbor_ridge,stomach,0,2,37,16.45305123834133,20.083674442210143,659dce4f66bf4ee0228513d024a4e287e9f1aa3957152332b1483ab0af67cb42
leucine,direct_neighbor_ridge,breast,0,3,49,28.17374892687484,44.84284250171215,9492e163b6ef19b0563b1ce8302b8e8794e2e4c9c8031c62ff9774a3f63f6f58
leucine,direct_neighbor_ridge,central_nervous_system,0,3,49,43.297140386920674,43.047138008427865,9492e163b6ef19b0563b1ce8302b8e8794e2e4c9c8031c62ff9774a3f63f6f58
leucine,direct_neighbor_ridge,endometrium,0,3,28,22.977187472786266,18.75194388875466,9492e163b6ef19b0563b1ce8302b8e8794e2e4c9c8031c62ff9774a3f63f6f58
leucine,direct_neighbor_ridge,kidney,0,3,23,9.403206328951207,15.151066059682847,9492e163b6ef19b0563b1ce8302b8e8794e2e4c9c8031c62ff9774a3f63f6f58
leucine,direct_neighbor_ridge,liver,0,3,25,22.564899066210717,29.858555420207885,9492e163b6ef19b0563b1ce8302b8e8794e2e4c9c8031c62ff9774a3f63f6f58
leucine,direct_neighbor_ridge,lung,0,4,176,157.4924992410933,187.4992838324203,cf9883e99ee1b956d01c2cb42a4d284b982ce23065d3616a5e1cced359e41fb5
leucine,direct_neighbor_ridge,bone,1,0,19,20.662872374579717,17.578364470120324,32d2e2f547f707a9f12d899e65a934275c9f49020e10d214973126d05910ec9c
leucine,direct_neighbor_ridge,ovary,1,0,45,25.216220781315133,27.149005504977413,32d2e2f547f707a9f12d899e65a934275c9f49020e10d214973126d05910ec9c
leucine,direct_neighbor_ridge,skin,1,0,52,28.184215983138618,32.65061924820619,32d2e2f547f707a9f12d899e65a934275c9f49020e10d214973126d05910ec9c
leucine,direct_neighbor_ridge,upper_aerodigestive_tract,1,0,30,25.72685442164899,30.995662947802412,32d2e2f547f707a9f12d899e65a934275c9f49020e10d214973126d05910ec9c
leucine,direct_neighbor_ridge,urinary_tract,1,0,25,31.0695810429435,25.04567379564736,32d2e2f547f707a9f12d899e65a934275c9f49020e10d214973126d05910ec9c
leucine,direct_neighbor_ridge,lung,1,1,176,158.47866940617936,187.4992838324203,cf9883e99ee1b956d01c2cb42a4d284b982ce23065d3616a5e1cced359e41fb5
leucine,direct_neighbor_ridge,autonomic_ganglia,1,2,16,20.427108766519346,22.197007521902396,db1ab3680dcfc2deb10e2511ec28b70b27966d5a436d724be48267bcbf200acf
leucine,direct_neighbor_ridge,haematopoietic_and_lymphoid_tissue,1,2,163,401.25739236951546,483.4982277700393,db1ab3680dcfc2deb10e2511ec28b70b27966d5a436d724be48267bcbf200acf
leucine,direct_neighbor_ridge,large_intestine,1,3,55,35.41349351735498,49.41060207023639,659dce4f66bf4ee0228513d024a4e287e9f1aa3957152332b1483ab0af67cb42
leucine,direct_neighbor_ridge,oesophagus,1,3,25,6.1689421937096105,7.77647978097205,659dce4f66bf4ee0228513d024a4e287e9f1aa3957152332b1483ab0af67cb42
leucine,direct_neighbor_ridge,pancreas,1,3,41,24.109066941852372,19.602310507718396,659dce4f66bf4ee0228513d024a4e287e9f1aa3957152332b1483ab0af67cb42
leucine,direct_neighbor_ridge,soft_tissue,1,3,18,14.548633938876645,18.131674216254172,659dce4f66bf4ee0228513d024a4e287e9f1aa3957152332b1483ab0af67cb42
leucine,direct_neighbor_ridge,stomach,1,3,37,16.45305123834133,20.083674442210143,659dce4f66bf4ee0228513d024a4e287e9f1aa3957152332b1483ab0af67cb42
leucine,direct_neighbor_ridge,breast,1,4,49,28.17374892687484,44.84284250171215,9492e163b6ef19b0563b1ce8302b8e8794e2e4c9c8031c62ff9774a3f63f6f58
leucine,direct_neighbor_ridge,central_nervous_system,1,4,49,43.297140386920674,43.047138008427865,9492e163b6ef19b0563b1ce8302b8e8794e2e4c9c8031c62ff9774a3f63f6f58
leucine,direct_neighbor_ridge,endometrium,1,4,28,22.977187472786266,18.75194388875466,9492e163b6ef19b0563b1ce8302b8e8794e2e4c9c8031c62ff9774a3f63f6f58
leucine,direct_neighbor_ridge,kidney,1,4,23,9.403206328951207,15.151066059682847,9492e163b6ef19b0563b1ce8302b8e8794e2e4c9c8031c62ff9774a3f63f6f58
leucine,direct_neighbor_ridge,liver,1,4,25,22.564899066210717,29.858555420207885,9492e163b6ef19b0563b1ce8302b8e8794e2e4c9c8031c62ff9774a3f63f6f58
lysine,direct_neighbor_ridge,autonomic_ganglia,0,0,16,13.232741130677528,15.940848678728294,db1ab3680dcfc2deb10e2511ec28b70b27966d5a436d724be48267bcbf200acf
lysine,direct_neighbor_ridge,haematopoietic_and_lymphoid_tissue,0,0,163,212.8265432143412,530.705065238699,db1ab3680dcfc2deb10e2511ec28b70b27966d5a436d724be48267bcbf200acf
lysine,direct_neighbor_ridge,bone,0,1,19,10.634564863244606,22.560972878549354,32d2e2f547f707a9f12d899e65a934275c9f49020e10d214973126d05910ec9c
lysine,direct_neighbor_ridge,ovary,0,1,45,24.5584874157336,36.49540102345699,32d2e2f547f707a9f12d899e65a934275c9f49020e10d214973126d05910ec9c
lysine,direct_neighbor_ridge,skin,0,1,52,33.74132531997724,49.953352794647785,32d2e2f547f707a9f12d899e65a934275c9f49020e10d214973126d05910ec9c
lysine,direct_neighbor_ridge,upper_aerodigestive_tract,0,1,30,24.834576010433267,35.79928940801969,32d2e2f547f707a9f12d899e65a934275c9f49020e10d214973126d05910ec9c
lysine,direct_neighbor_ridge,urinary_tract,0,1,25,14.81983117168722,23.29180798230164,32d2e2f547f707a9f12d899e65a934275c9f49020e10d214973126d05910ec9c
lysine,direct_neighbor_ridge,large_intestine,0,2,55,37.60448182887987,55.1944754097135,659dce4f66bf4ee0228513d024a4e287e9f1aa3957152332b1483ab0af67cb42
lysine,direct_neighbor_ridge,oesophagus,0,2,25,11.029198552120922,9.474557672996117,659dce4f66bf4ee0228513d024a4e287e9f1aa3957152332b1483ab0af67cb42
lysine,direct_neighbor_ridge,pancreas,0,2,41,19.552656375776756,16.677010399278778,659dce4f66bf4ee0228513d024a4e287e9f1aa3957152332b1483ab0af67cb42
lysine,direct_neighbor_ridge,soft_tissue,0,2,18,8.13883472547008,9.477446160363295,659dce4f66bf4ee0228513d024a4e287e9f1aa3957152332b1483ab0af67cb42
lysine,direct_neighbor_ridge,stomach,0,2,37,18.19314102254536,26.715145832865183,659dce4f66bf4ee0228513d024a4e287e9f1aa3957152332b1483ab0af67cb42
lysine,direct_neighbor_ridge,breast,0,3,49,25.974444163378806,37.533509148430795,9492e163b6ef19b0563b1ce8302b8e8794e2e4c9c8031c62ff9774a3f63f6f58
lysine,direct_neighbor_ridge,central_nervous_system,0,3,49,28.091478468851115,46.24099357828537,9492e163b6ef19b0563b1ce8302b8e8794e2e4c9c8031c62ff9774a3f63f6f58
lysine,direct_neighbor_ridge,endometrium,0,3,28,10.625002406216604,20.144758650031616,9492e163b6ef19b0563b1ce8302b8e8794e2e4c9c8031c62ff9774a3f63f6f58
lysine,direct_neighbor_ridge,kidney,0,3,23,9.130462405466504,21.05406925831663,9492e163b6ef19b0563b1ce8302b8e8794e2e4c9c8031c62ff9774a3f63f6f58
lysine,direct_neighbor_ridge,liver,0,3,25,22.022705693579717,20.762570854158188,9492e163b6ef19b0563b1ce8302b8e8794e2e4c9c8031c62ff9774a3f63f6f58
lysine,direct_neighbor_ridge,lung,0,4,176,109.99165836066965,145.2484867965145,cf9883e99ee1b956d01c2cb42a4d284b982ce23065d3616a5e1cced359e41fb5
lysine,direct_neighbor_ridge,bone,1,0,19,10.634564863244606,22.560972878549354,32d2e2f547f707a9f12d899e65a934275c9f49020e10d214973126d05910ec9c
lysine,direct_neighbor_ridge,ovary,1,0,45,24.5584874157336,36.49540102345699,32d2e2f547f707a9f12d899e65a934275c9f49020e10d214973126d05910ec9c
lysine,direct_neighbor_ridge,skin,1,0,52,33.74132531997724,49.953352794647785,32d2e2f547f707a9f12d899e65a934275c9f49020e10d214973126d05910ec9c
lysine,direct_neighbor_ridge,upper_aerodigestive_tract,1,0,30,24.834576010433267,35.79928940801969,32d2e2f547f707a9f12d899e65a934275c9f49020e10d214973126d05910ec9c
lysine,direct_neighbor_ridge,urinary_tract,1,0,25,14.81983117168722,23.29180798230164,32d2e2f547f707a9f12d899e65a934275c9f49020e10d214973126d05910ec9c
lysine,direct_neighbor_ridge,lung,1,1,176,109.99165836066965,145.2484867965145,cf9883e99ee1b956d01c2cb42a4d284b982ce23065d3616a5e1cced359e41fb5
lysine,direct_neighbor_ridge,autonomic_ganglia,1,2,16,13.21188240297068,15.940848678728294,db1ab3680dcfc2deb10e2511ec28b70b27966d5a436d724be48267bcbf200acf
lysine,direct_neighbor_ridge,haematopoietic_and_lymphoid_tissue,1,2,163,214.11006815205315,530.705065238699,db1ab3680dcfc2deb10e2511ec28b70b27966d5a436d724be48267bcbf200acf
lysine,direct_neighbor_ridge,large_intestine,1,3,55,37.60448182887987,55.1944754097135,659dce4f66bf4ee0228513d024a4e287e9f1aa3957152332b1483ab0af67cb42
lysine,direct_neighbor_ridge,oesophagus,1,3,25,11.029198552120922,9.474557672996117,659dce4f66bf4ee0228513d024a4e287e9f1aa3957152332b1483ab0af67cb42
lysine,direct_neighbor_ridge,pancreas,1,3,41,19.552656375776756,16.677010399278778,659dce4f66bf4ee0228513d024a4e287e9f1aa3957152332b1483ab0af67cb42
lysine,direct_neighbor_ridge,soft_tissue,1,3,18,8.13883472547008,9.477446160363295,659dce4f66bf4ee0228513d024a4e287e9f1aa3957152332b1483ab0af67cb42
lysine,direct_neighbor_ridge,stomach,1,3,37,18.19314102254536,26.715145832865183,659dce4f66bf4ee0228513d024a4e287e9f1aa3957152332b1483ab0af67cb42
lysine,direct_neighbor_ridge,breast,1,4,49,25.974444163378806,37.533509148430795,9492e163b6ef19b0563b1ce8302b8e8794e2e4c9c8031c62ff9774a3f63f6f58
lysine,direct_neighbor_ridge,central_nervous_system,1,4,49,28.091478468851115,46.24099357828537,9492e163b6ef19b0563b1ce8302b8e8794e2e4c9c8031c62ff9774a3f63f6f58
lysine,direct_neighbor_ridge,endometrium,1,4,28,10.625002406216604,20.144758650031616,9492e163b6ef19b0563b1ce8302b8e8794e2e4c9c8031c62ff9774a3f63f6f58
lysine,direct_neighbor_ridge,kidney,1,4,23,9.130462405466504,21.05406925831663,9492e163b6ef19b0563b1ce8302b8e8794e2e4c9c8031c62ff9774a3f63f6f58
lysine,direct_neighbor_ridge,liver,1,4,25,22.022705693579717,20.762570854158188,9492e163b6ef19b0563b1ce8302b8e8794e2e4c9c8031c62ff9774a3f63f6f58
malate,direct_neighbor_ridge,autonomic_ganglia,0,0,16,8.938021225089186,9.92060632129008,db1ab3680dcfc2deb10e2511ec28b70b27966d5a436d724be48267bcbf200acf
malate,direct_neighbor_ridge,haematopoietic_and_lymphoid_tissue,0,0,163,367.1001789597365,370.69924333134657,db1ab3680dcfc2deb10e2511ec28b70b27966d5a436d724be48267bcbf200acf
malate,direct_neighbor_ridge,bone,0,1,19,12.444342281753682,17.6456999427776,32d2e2f547f707a9f12d899e65a934275c9f49020e10d214973126d05910ec9c
malate,direct_neighbor_ridge,ovary,0,1,45,21.14289826426811,25.162215853368437,32d2e2f547f707a9f12d899e65a934275c9f49020e10d214973126d05910ec9c
malate,direct_neighbor_ridge,skin,0,1,52,17.105470252132534,23.51005087715004,32d2e2f547f707a9f12d899e65a934275c9f49020e10d214973126d05910ec9c
malate,direct_neighbor_ridge,upper_aerodigestive_tract,0,1,30,16.106536107349235,16.048501588303832,32d2e2f547f707a9f12d899e65a934275c9f49020e10d214973126d05910ec9c
malate,direct_neighbor_ridge,urinary_tract,0,1,25,12.835213283739947,16.180043416089575,32d2e2f547f707a9f12d899e65a934275c9f49020e10d214973126d05910ec9c
malate,direct_neighbor_ridge,large_intestine,0,2,55,29.058831704844394,41.40263020984443,659dce4f66bf4ee0228513d024a4e287e9f1aa3957152332b1483ab0af67cb42
malate,direct_neighbor_ridge,oesophagus,0,2,25,25.118470260062953,26.181586546874616,659dce4f66bf4ee0228513d024a4e287e9f1aa3957152332b1483ab0af67cb42
malate,direct_neighbor_ridge,pancreas,0,2,41,33.94981152243621,30.932323747430814,659dce4f66bf4ee0228513d024a4e287e9f1aa3957152332b1483ab0af67cb42
malate,direct_neighbor_ridge,soft_tissue,0,2,18,13.889097055430522,13.32752579038067,659dce4f66bf4ee0228513d024a4e287e9f1aa3957152332b1483ab0af67cb42
malate,direct_neighbor_ridge,stomach,0,2,37,18.818853434293363,26.761597283131284,659dce4f66bf4ee0228513d024a4e287e9f1aa3957152332b1483ab0af67cb42
malate,direct_neighbor_ridge,breast,0,3,49,37.9126604054008,55.876923265003704,9492e163b6ef19b0563b1ce8302b8e8794e2e4c9c8031c62ff9774a3f63f6f58
malate,direct_neighbor_ridge,central_nervous_system,0,3,49,56.17752650198519,75.75371685796141,9492e163b6ef19b0563b1ce8302b8e8794e2e4c9c8031c62ff9774a3f63f6f58
malate,direct_neighbor_ridge,endometrium,0,3,28,10.97289163044214,13.847446234122343,9492e163b6ef19b0563b1ce8302b8e8794e2e4c9c8031c62ff9774a3f63f6f58
malate,direct_neighbor_ridge,kidney,0,3,23,8.092809151501251,10.915540126197461,9492e163b6ef19b0563b1ce8302b8e8794e2e4c9c8031c62ff9774a3f63f6f58
malate,direct_neighbor_ridge,liver,0,3,25,22.371886102741325,35.370199106065506,9492e163b6ef19b0563b1ce8302b8e8794e2e4c9c8031c62ff9774a3f63f6f58
malate,direct_neighbor_ridge,lung,0,4,176,94.57904142621956,122.45356127275697,cf9883e99ee1b956d01c2cb42a4d284b982ce23065d3616a5e1cced359e41fb5
malate,direct_neighbor_ridge,bone,1,0,19,12.444342281753682,17.6456999427776,32d2e2f547f707a9f12d899e65a934275c9f49020e10d214973126d05910ec9c
malate,direct_neighbor_ridge,ovary,1,0,45,21.14289826426811,25.162215853368437,32d2e2f547f707a9f12d899e65a934275c9f49020e10d214973126d05910ec9c
malate,direct_neighbor_ridge,skin,1,0,52,17.105470252132534,23.51005087715004,32d2e2f547f707a9f12d899e65a934275c9f49020e10d214973126d05910ec9c
malate,direct_neighbor_ridge,upper_aerodigestive_tract,1,0,30,16.106536107349235,16.048501588303832,32d2e2f547f707a9f12d899e65a934275c9f49020e10d214973126d05910ec9c
malate,direct_neighbor_ridge,urinary_tract,1,0,25,12.835213283739947,16.180043416089575,32d2e2f547f707a9f12d899e65a934275c9f49020e10d214973126d05910ec9c
malate,direct_neighbor_ridge,lung,1,1,176,94.57904142621956,122.45356127275697,cf9883e99ee1b956d01c2cb42a4d284b982ce23065d3616a5e1cced359e41fb5
malate,direct_neighbor_ridge,autonomic_ganglia,1,2,16,8.938021225089186,9.92060632129008,db1ab3680dcfc2deb10e2511ec28b70b27966d5a436d724be48267bcbf200acf
malate,direct_neighbor_ridge,haematopoietic_and_lymphoid_tissue,1,2,163,367.1001789597365,370.69924333134657,db1ab3680dcfc2deb10e2511ec28b70b27966d5a436d724be48267bcbf200acf
malate,direct_neighbor_ridge,large_intestine,1,3,55,29.058831704844394,41.40263020984443,659dce4f66bf4ee0228513d024a4e287e9f1aa3957152332b1483ab0af67cb42
malate,direct_neighbor_ridge,oesophagus,1,3,25,25.118470260062953,26.181586546874616,659dce4f66bf4ee0228513d024a4e287e9f1aa3957152332b1483ab0af67cb42
malate,direct_neighbor_ridge,pancreas,1,3,41,33.94981152243621,30.932323747430814,659dce4f66bf4ee0228513d024a4e287e9f1aa3957152332b1483ab0af67cb42
malate,direct_neighbor_ridge,soft_tissue,1,3,18,13.889097055430522,13.32752579038067,659dce4f66bf4ee0228513d024a4e287e9f1aa3957152332b1483ab0af67cb42
malate,direct_neighbor_ridge,stomach,1,3,37,18.818853434293363,26.761597283131284,659dce4f66bf4ee0228513d024a4e287e9f1aa3957152332b1483ab0af67cb42
malate,direct_neighbor_ridge,breast,1,4,49,37.9126604054008,55.876923265003704,9492e163b6ef19b0563b1ce8302b8e8794e2e4c9c8031c62ff9774a3f63f6f58
malate,direct_neighbor_ridge,central_nervous_system,1,4,49,56.17752650198519,75.75371685796141,9492e163b6ef19b0563b1ce8302b8e8794e2e4c9c8031c62ff9774a3f63f6f58
malate,direct_neighbor_ridge,endometrium,1,4,28,10.97289163044214,13.847446234122343,9492e163b6ef19b0563b1ce8302b8e8794e2e4c9c8031c62ff9774a3f63f6f58
malate,direct_neighbor_ridge,kidney,1,4,23,8.092809151501251,10.915540126197461,9492e163b6ef19b0563b1ce8302b8e8794e2e4c9c8031c62ff9774a3f63f6f58
malate,direct_neighbor_ridge,liver,1,4,25,22.371886102741325,35.370199106065506,9492e163b6ef19b0563b1ce8302b8e8794e2e4c9c8031c62ff9774a3f63f6f58
methionine,direct_neighbor_ridge,autonomic_ganglia,0,0,16,9.922296909730175,14.456899458433872,db1ab3680dcfc2deb10e2511ec28b70b27966d5a436d724be48267bcbf200acf
methionine,direct_neighbor_ridge,haematopoietic_and_lymphoid_tissue,0,0,163,167.6724424519695,425.34168221894396,db1ab3680dcfc2deb10e2511ec28b70b27966d5a436d724be48267bcbf200acf
methionine,direct_neighbor_ridge,bone,0,1,19,6.879379530240746,14.5413672209433,32d2e2f547f707a9f12d899e65a934275c9f49020e10d214973126d05910ec9c
methionine,direct_neighbor_ridge,ovary,0,1,45,23.604132228983044,30.151370632853272,32d2e2f547f707a9f12d899e65a934275c9f49020e10d214973126d05910ec9c
methionine,direct_neighbor_ridge,skin,0,1,52,23.569353570081812,26.046631272991974,32d2e2f547f707a9f12d899e65a934275c9f49020e10d214973126d05910ec9c
methionine,direct_neighbor_ridge,upper_aerodigestive_tract,0,1,30,17.47120172611967,29.65178117388702,32d2e2f547f707a9f12d899e65a934275c9f49020e10d214973126d05910ec9c
methionine,direct_neighbor_ridge,urinary_tract,0,1,25,15.951148670959132,26.998991322130344,32d2e2f547f707a9f12d899e65a934275c9f49020e10d214973126d05910ec9c
methionine,direct_neighbor_ridge,large_intestine,0,2,55,49.75532447916671,80.3518481252007,659dce4f66bf4ee0228513d024a4e287e9f1aa3957152332b1483ab0af67cb42
methionine,direct_neighbor_ridge,oesophagus,0,2,25,22.400270331522496,17.497880848926307,659dce4f66bf4ee0228513d024a4e287e9f1aa3957152332b1483ab0af67cb42
methionine,direct_neighbor_ridge,pancreas,0,2,41,9.769758719242978,15.88155733920214,659dce4f66bf4ee0228513d024a4e287e9f1aa3957152332b1483ab0af67cb42
methionine,direct_neighbor_ridge,soft_tissue,0,2,18,7.223187799710065,8.504219388831045,659dce4f66bf4ee0228513d024a4e287e9f1aa3957152332b1483ab0af67cb42
methionine,direct_neighbor_ridge,stomach,0,2,37,24.762409293633077,23.893958245300627,659dce4f66bf4ee0228513d024a4e287e9f1aa3957152332b1483ab0af67cb42
methionine,direct_neighbor_ridge,breast,0,3,49,21.217423596528292,41.17723601408385,9492e163b6ef19b0563b1ce8302b8e8794e2e4c9c8031c62ff9774a3f63f6f58
methionine,direct_neighbor_ridge,central_nervous_system,0,3,49,21.271477479353056,40.66338817595697,9492e163b6ef19b0563b1ce8302b8e8794e2e4c9c8031c62ff9774a3f63f6f58
methionine,direct_neighbor_ridge,endometrium,0,3,28,13.121777496055925,17.490995847471304,9492e163b6ef19b0563b1ce8302b8e8794e2e4c9c8031c62ff9774a3f63f6f58
methionine,direct_neighbor_ridge,kidney,0,3,23,4.919939906636426,12.435770098545367,9492e163b6ef19b0563b1ce8302b8e8794e2e4c9c8031c62ff9774a3f63f6f58
methionine,direct_neighbor_ridge,liver,0,3,25,22.727904895288873,28.164634550097908,9492e163b6ef19b0563b1ce8302b8e8794e2e4c9c8031c62ff9774a3f63f6f58
methionine,direct_neighbor_ridge,lung,0,4,176,155.13148972718628,206.3038714858282,cf9883e99ee1b956d01c2cb42a4d284b982ce23065d3616a5e1cced359e41fb5
methionine,direct_neighbor_ridge,bone,1,0,19,6.879379530240746,14.5413672209433,32d2e2f547f707a9f12d899e65a934275c9f49020e10d214973126d05910ec9c
methionine,direct_neighbor_ridge,ovary,1,0,45,23.604132228983044,30.151370632853272,32d2e2f547f707a9f12d899e65a934275c9f49020e10d214973126d05910ec9c
methionine,direct_neighbor_ridge,skin,1,0,52,23.569353570081812,26.046631272991974,32d2e2f547f707a9f12d899e65a934275c9f49020e10d214973126d05910ec9c
methionine,direct_neighbor_ridge,upper_aerodigestive_tract,1,0,30,17.47120172611967,29.65178117388702,32d2e2f547f707a9f12d899e65a934275c9f49020e10d214973126d05910ec9c
methionine,direct_neighbor_ridge,urinary_tract,1,0,25,15.951148670959132,26.998991322130344,32d2e2f547f707a9f12d899e65a934275c9f49020e10d214973126d05910ec9c
methionine,direct_neighbor_ridge,lung,1,1,176,155.13148972718628,206.3038714858282,cf9883e99ee1b956d01c2cb42a4d284b982ce23065d3616a5e1cced359e41fb5
methionine,direct_neighbor_ridge,autonomic_ganglia,1,2,16,9.922296909730175,14.456899458433872,db1ab3680dcfc2deb10e2511ec28b70b27966d5a436d724be48267bcbf200acf
methionine,direct_neighbor_ridge,haematopoietic_and_lymphoid_tissue,1,2,163,167.6724424519695,425.34168221894396,db1ab3680dcfc2deb10e2511ec28b70b27966d5a436d724be48267bcbf200acf
methionine,direct_neighbor_ridge,large_intestine,1,3,55,49.75532447916671,80.3518481252007,659dce4f66bf4ee0228513d024a4e287e9f1aa3957152332b1483ab0af67cb42
methionine,direct_neighbor_ridge,oesophagus,1,3,25,22.400270331522496,17.497880848926307,659dce4f66bf4ee0228513d024a4e287e9f1aa3957152332b1483ab0af67cb42
methionine,direct_neighbor_ridge,pancreas,1,3,41,9.769758719242978,15.88155733920214,659dce4f66bf4ee0228513d024a4e287e9f1aa3957152332b1483ab0af67cb42
methionine,direct_neighbor_ridge,soft_tissue,1,3,18,7.223187799710065,8.504219388831045,659dce4f66bf4ee0228513d024a4e287e9f1aa3957152332b1483ab0af67cb42
methionine,direct_neighbor_ridge,stomach,1,3,37,24.762409293633077,23.893958245300627,659dce4f66bf4ee0228513d024a4e287e9f1aa3957152332b1483ab0af67cb42
methionine,direct_neighbor_ridge,breast,1,4,49,23.039069655305802,41.17723601408385,9492e163b6ef19b0563b1ce8302b8e8794e2e4c9c8031c62ff9774a3f63f6f58
methionine,direct_neighbor_ridge,central_nervous_system,1,4,49,21.898855696180732,40.66338817595697,9492e163b6ef19b0563b1ce8302b8e8794e2e4c9c8031c62ff9774a3f63f6f58
methionine,direct_neighbor_ridge,endometrium,1,4,28,13.029078942200723,17.490995847471304,9492e163b6ef19b0563b1ce8302b8e8794e2e4c9c8031c62ff9774a3f63f6f58
methionine,direct_neighbor_ridge,kidney,1,4,23,5.261017411382087,12.435770098545367,9492e163b6ef19b0563b1ce8302b8e8794e2e4c9c8031c62ff9774a3f63f6f58
methionine,direct_neighbor_ridge,liver,1,4,25,22.318719263808067,28.164634550097908,9492e163b6ef19b0563b1ce8302b8e8794e2e4c9c8031c62ff9774a3f63f6f58
ornithine,direct_neighbor_ridge,autonomic_ganglia,0,0,16,17.527921203956012,12.101165995763445,db1ab3680dcfc2deb10e2511ec28b70b27966d5a436d724be48267bcbf200acf
ornithine,direct_neighbor_ridge,haematopoietic_and_lymphoid_tissue,0,0,163,157.96455205853067,216.39959568073897,db1ab3680dcfc2deb10e2511ec28b70b27966d5a436d724be48267bcbf200acf
ornithine,direct_neighbor_ridge,bone,0,1,19,8.00893669920357,11.891195180227985,32d2e2f547f707a9f12d899e65a934275c9f49020e10d214973126d05910ec9c
ornithine,direct_neighbor_ridge,ovary,0,1,45,24.02098574633501,33.07131566294692,32d2e2f547f707a9f12d899e65a934275c9f49020e10d214973126d05910ec9c
ornithine,direct_neighbor_ridge,skin,0,1,52,29.401649980442567,35.73028626661878,32d2e2f547f707a9f12d899e65a934275c9f49020e10d214973126d05910ec9c
ornithine,direct_neighbor_ridge,upper_aerodigestive_tract,0,1,30,21.822457363928876,18.154869274274205,32d2e2f547f707a9f12d899e65a934275c9f49020e10d214973126d05910ec9c
ornithine,direct_neighbor_ridge,urinary_tract,0,1,25,17.805400342213197,20.205098721370604,32d2e2f547f707a9f12d899e65a934275c9f49020e10d214973126d05910ec9c
ornithine,direct_neighbor_ridge,large_intestine,0,2,55,43.396981252733745,53.591588912692124,659dce4f66bf4ee0228513d024a4e287e9f1aa3957152332b1483ab0af67cb42
ornithine,direct_neighbor_ridge,oesophagus,0,2,25,12.47930339910038,16.08942780048647,659dce4f66bf4ee0228513d024a4e287e9f1aa3957152332b1483ab0af67cb42
ornithine,direct_neighbor_ridge,pancreas,0,2,41,41.5348499499745,57.22594714600923,659dce4f66bf4ee0228513d024a4e287e9f1aa3957152332b1483ab0af67cb42
ornithine,direct_neighbor_ridge,soft_tissue,0,2,18,24.86262816763542,24.67995973235314,659dce4f66bf4ee0228513d024a4e287e9f1aa3957152332b1483ab0af67cb42
ornithine,direct_neighbor_ridge,stomach,0,2,37,30.400009492471938,40.729388189614454,659dce4f66bf4ee0228513d024a4e287e9f1aa3957152332b1483ab0af67cb42
ornithine,direct_neighbor_ridge,breast,0,3,49,40.74552462289194,68.32638842670497,9492e163b6ef19b0563b1ce8302b8e8794e2e4c9c8031c62ff9774a3f63f6f58
ornithine,direct_neighbor_ridge,central_nervous_system,0,3,49,29.171241368884363,37.56854982723059,9492e163b6ef19b0563b1ce8302b8e8794e2e4c9c8031c62ff9774a3f63f6f58
ornithine,direct_neighbor_ridge,endometrium,0,3,28,10.727380313514105,18.845296378180333,9492e163b6ef19b0563b1ce8302b8e8794e2e4c9c8031c62ff9774a3f63f6f58
ornithine,direct_neighbor_ridge,kidney,0,3,23,11.588125670992218,14.443637714137596,9492e163b6ef19b0563b1ce8302b8e8794e2e4c9c8031c62ff9774a3f63f6f58
ornithine,direct_neighbor_ridge,liver,0,3,25,19.458025086736235,24.70275226290169,9492e163b6ef19b0563b1ce8302b8e8794e2e4c9c8031c62ff9774a3f63f6f58
ornithine,direct_neighbor_ridge,lung,0,4,176,138.02088132684682,193.9862607274,cf9883e99ee1b956d01c2cb42a4d284b982ce23065d3616a5e1cced359e41fb5
ornithine,direct_neighbor_ridge,bone,1,0,19,8.00893669920357,11.891195180227985,32d2e2f547f707a9f12d899e65a934275c9f49020e10d214973126d05910ec9c
ornithine,direct_neighbor_ridge,ovary,1,0,45,24.02098574633501,33.07131566294692,32d2e2f547f707a9f12d899e65a934275c9f49020e10d214973126d05910ec9c
ornithine,direct_neighbor_ridge,skin,1,0,52,29.401649980442567,35.73028626661878,32d2e2f547f707a9f12d899e65a934275c9f49020e10d214973126d05910ec9c
ornithine,direct_neighbor_ridge,upper_aerodigestive_tract,1,0,30,21.822457363928876,18.154869274274205,32d2e2f547f707a9f12d899e65a934275c9f49020e10d214973126d05910ec9c
ornithine,direct_neighbor_ridge,urinary_tract,1,0,25,17.805400342213197,20.205098721370604,32d2e2f547f707a9f12d899e65a934275c9f49020e10d214973126d05910ec9c
ornithine,direct_neighbor_ridge,lung,1,1,176,138.02088132684682,193.9862607274,cf9883e99ee1b956d01c2cb42a4d284b982ce23065d3616a5e1cced359e41fb5
ornithine,direct_neighbor_ridge,autonomic_ganglia,1,2,16,16.36137582687504,12.101165995763445,db1ab3680dcfc2deb10e2511ec28b70b27966d5a436d724be48267bcbf200acf
ornithine,direct_neighbor_ridge,haematopoietic_and_lymphoid_tissue,1,2,163,147.03172202506204,216.39959568073897,db1ab3680dcfc2deb10e2511ec28b70b27966d5a436d724be48267bcbf200acf
ornithine,direct_neighbor_ridge,large_intestine,1,3,55,43.396981252733745,53.591588912692124,659dce4f66bf4ee0228513d024a4e287e9f1aa3957152332b1483ab0af67cb42
ornithine,direct_neighbor_ridge,oesophagus,1,3,25,12.47930339910038,16.08942780048647,659dce4f66bf4ee0228513d024a4e287e9f1aa3957152332b1483ab0af67cb42
ornithine,direct_neighbor_ridge,pancreas,1,3,41,41.5348499499745,57.22594714600923,659dce4f66bf4ee0228513d024a4e287e9f1aa3957152332b1483ab0af67cb42
ornithine,direct_neighbor_ridge,soft_tissue,1,3,18,24.86262816763542,24.67995973235314,659dce4f66bf4ee0228513d024a4e287e9f1aa3957152332b1483ab0af67cb42
ornithine,direct_neighbor_ridge,stomach,1,3,37,30.400009492471938,40.729388189614454,659dce4f66bf4ee0228513d024a4e287e9f1aa3957152332b1483ab0af67cb42
ornithine,direct_neighbor_ridge,breast,1,4,49,40.74552462289194,68.32638842670497,9492e163b6ef19b0563b1ce8302b8e8794e2e4c9c8031c62ff9774a3f63f6f58
ornithine,direct_neighbor_ridge,central_nervous_system,1,4,49,29.171241368884363,37.56854982723059,9492e163b6ef19b0563b1ce8302b8e8794e2e4c9c8031c62ff9774a3f63f6f58
ornithine,direct_neighbor_ridge,endometrium,1,4,28,10.727380313514105,18.845296378180333,9492e163b6ef19b0563b1ce8302b8e8794e2e4c9c8031c62ff9774a3f63f6f58
ornithine,direct_neighbor_ridge,kidney,1,4,23,11.588125670992218,14.443637714137596,9492e163b6ef19b0563b1ce8302b8e8794e2e4c9c8031c62ff9774a3f63f6f58
ornithine,direct_neighbor_ridge,liver,1,4,25,19.458025086736235,24.70275226290169,9492e163b6ef19b0563b1ce8302b8e8794e2e4c9c8031c62ff9774a3f63f6f58
oxalate,direct_neighbor_ridge,autonomic_ganglia,0,0,16,32.048754724269344,32.56685794157381,db1ab3680dcfc2deb10e2511ec28b70b27966d5a436d724be48267bcbf200acf
oxalate,direct_neighbor_ridge,haematopoietic_and_lymphoid_tissue,0,0,163,622.0576324868123,699.0905046093674,db1ab3680dcfc2deb10e2511ec28b70b27966d5a436d724be48267bcbf200acf
oxalate,direct_neighbor_ridge,bone,0,1,19,11.099983855047054,12.117990824252857,32d2e2f547f707a9f12d899e65a934275c9f49020e10d214973126d05910ec9c
oxalate,direct_neighbor_ridge,ovary,0,1,45,21.71933853871092,26.294778368924902,32d2e2f547f707a9f12d899e65a934275c9f49020e10d214973126d05910ec9c
oxalate,direct_neighbor_ridge,skin,0,1,52,36.927549889776515,39.860986946074554,32d2e2f547f707a9f12d899e65a934275c9f49020e10d214973126d05910ec9c
oxalate,direct_neighbor_ridge,upper_aerodigestive_tract,0,1,30,15.537724724552472,17.8882259877464,32d2e2f547f707a9f12d899e65a934275c9f49020e10d214973126d05910ec9c
oxalate,direct_neighbor_ridge,urinary_tract,0,1,25,6.780943705249747,7.143318274390969,32d2e2f547f707a9f12d899e65a934275c9f49020e10d214973126d05910ec9c
oxalate,direct_neighbor_ridge,large_intestine,0,2,55,31.779936352807336,31.877811526498263,659dce4f66bf4ee0228513d024a4e287e9f1aa3957152332b1483ab0af67cb42
oxalate,direct_neighbor_ridge,oesophagus,0,2,25,18.11120932343262,19.476141571023227,659dce4f66bf4ee0228513d024a4e287e9f1aa3957152332b1483ab0af67cb42
oxalate,direct_neighbor_ridge,pancreas,0,2,41,31.237162303320506,33.51720391968158,659dce4f66bf4ee0228513d024a4e287e9f1aa3957152332b1483ab0af67cb42
oxalate,direct_neighbor_ridge,soft_tissue,0,2,18,6.769459842302108,8.25359683307446,659dce4f66bf4ee0228513d024a4e287e9f1aa3957152332b1483ab0af67cb42
oxalate,direct_neighbor_ridge,stomach,0,2,37,33.04880761367422,30.273288293341732,659dce4f66bf4ee0228513d024a4e287e9f1aa3957152332b1483ab0af67cb42
oxalate,direct_neighbor_ridge,breast,0,3,49,24.312005642485694,25.91835838917653,9492e163b6ef19b0563b1ce8302b8e8794e2e4c9c8031c62ff9774a3f63f6f58
oxalate,direct_neighbor_ridge,central_nervous_system,0,3,49,29.149087912535702,32.08349580119337,9492e163b6ef19b0563b1ce8302b8e8794e2e4c9c8031c62ff9774a3f63f6f58
oxalate,direct_neighbor_ridge,endometrium,0,3,28,13.997868675663607,15.758124906939857,9492e163b6ef19b0563b1ce8302b8e8794e2e4c9c8031c62ff9774a3f63f6f58
oxalate,direct_neighbor_ridge,kidney,0,3,23,5.875342697778672,6.598095605085013,9492e163b6ef19b0563b1ce8302b8e8794e2e4c9c8031c62ff9774a3f63f6f58
oxalate,direct_neighbor_ridge,liver,0,3,25,15.551314590941319,17.08812083979891,9492e163b6ef19b0563b1ce8302b8e8794e2e4c9c8031c62ff9774a3f63f6f58
oxalate,direct_neighbor_ridge,lung,0,4,176,176.08471173400122,194.4675769908942,cf9883e99ee1b956d01c2cb42a4d284b982ce23065d3616a5e1cced359e41fb5
oxalate,direct_neighbor_ridge,bone,1,0,19,11.099983855047054,12.117990824252857,32d2e2f547f707a9f12d899e65a934275c9f49020e10d214973126d05910ec9c
oxalate,direct_neighbor_ridge,ovary,1,0,45,21.71933853871092,26.294778368924902,32d2e2f547f707a9f12d899e65a934275c9f49020e10d214973126d05910ec9c
oxalate,direct_neighbor_ridge,skin,1,0,52,36.927549889776515,39.860986946074554,32d2e2f547f707a9f12d899e65a934275c9f49020e10d214973126d05910ec9c
oxalate,direct_neighbor_ridge,upper_aerodigestive_tract,1,0,30,15.537724724552472,17.8882259877464,32d2e2f547f707a9f12d899e65a934275c9f49020e10d214973126d05910ec9c
oxalate,direct_neighbor_ridge,urinary_tract,1,0,25,6.780943705249747,7.143318274390969,32d2e2f547f707a9f12d899e65a934275c9f49020e10d214973126d05910ec9c
oxalate,direct_neighbor_ridge,lung,1,1,176,176.08471173400122,194.4675769908942,cf9883e99ee1b956d01c2cb42a4d284b982ce23065d3616a5e1cced359e41fb5
oxalate,direct_neighbor_ridge,autonomic_ganglia,1,2,16,32.048754724269344,32.56685794157381,db1ab3680dcfc2deb10e2511ec28b70b27966d5a436d724be48267bcbf200acf
oxalate,direct_neighbor_ridge,haematopoietic_and_lymphoid_tissue,1,2,163,622.0576324868123,699.0905046093674,db1ab3680dcfc2deb10e2511ec28b70b27966d5a436d724be48267bcbf200acf
oxalate,direct_neighbor_ridge,large_intestine,1,3,55,31.779936352807336,31.877811526498263,659dce4f66bf4ee0228513d024a4e287e9f1aa3957152332b1483ab0af67cb42
oxalate,direct_neighbor_ridge,oesophagus,1,3,25,18.11120932343262,19.476141571023227,659dce4f66bf4ee0228513d024a4e287e9f1aa3957152332b1483ab0af67cb42
oxalate,direct_neighbor_ridge,pancreas,1,3,41,31.237162303320506,33.51720391968158,659dce4f66bf4ee0228513d024a4e287e9f1aa3957152332b1483ab0af67cb42
oxalate,direct_neighbor_ridge,soft_tissue,1,3,18,6.769459842302108,8.25359683307446,659dce4f66bf4ee0228513d024a4e287e9f1aa3957152332b1483ab0af67cb42
oxalate,direct_neighbor_ridge,stomach,1,3,37,33.04880761367422,30.273288293341732,659dce4f66bf4ee0228513d024a4e287e9f1aa3957152332b1483ab0af67cb42
oxalate,direct_neighbor_ridge,breast,1,4,49,24.312005642485694,25.91835838917653,9492e163b6ef19b0563b1ce8302b8e8794e2e4c9c8031c62ff9774a3f63f6f58
oxalate,direct_neighbor_ridge,central_nervous_system,1,4,49,29.149087912535702,32.08349580119337,9492e163b6ef19b0563b1ce8302b8e8794e2e4c9c8031c62ff9774a3f63f6f58
oxalate,direct_neighbor_ridge,endometrium,1,4,28,13.997868675663607,15.758124906939857,9492e163b6ef19b0563b1ce8302b8e8794e2e4c9c8031c62ff9774a3f63f6f58
oxalate,direct_neighbor_ridge,kidney,1,4,23,5.875342697778672,6.598095605085013,9492e163b6ef19b0563b1ce8302b8e8794e2e4c9c8031c62ff9774a3f63f6f58
oxalate,direct_neighbor_ridge,liver,1,4,25,15.551314590941319,17.08812083979891,9492e163b6ef19b0563b1ce8302b8e8794e2e4c9c8031c62ff9774a3f63f6f58
phenylalanine,direct_neighbor_ridge,autonomic_ganglia,0,0,16,11.293523648711963,16.4419439025455,db1ab3680dcfc2deb10e2511ec28b70b27966d5a436d724be48267bcbf200acf
phenylalanine,direct_neighbor_ridge,haematopoietic_and_lymphoid_tissue,0,0,163,256.4748045089526,412.1982502190378,db1ab3680dcfc2deb10e2511ec28b70b27966d5a436d724be48267bcbf200acf
phenylalanine,direct_neighbor_ridge,bone,0,1,19,16.381795027873054,21.676745807928757,32d2e2f547f707a9f12d899e65a934275c9f49020e10d214973126d05910ec9c
phenylalanine,direct_neighbor_ridge,ovary,0,1,45,27.757892840342244,32.586056976385635,32d2e2f547f707a9f12d899e65a934275c9f49020e10d214973126d05910ec9c
phenylalanine,direct_neighbor_ridge,skin,0,1,52,37.886732050919676,46.160170187067145,32d2e2f547f707a9f12d899e65a934275c9f49020e10d214973126d05910ec9c
phenylalanine,direct_neighbor_ridge,upper_aerodigestive_tract,0,1,30,35.215052750489825,44.77084421405059,32d2e2f547f707a9f12d899e65a934275c9f49020e10d214973126d05910ec9c
phenylalanine,direct_neighbor_ridge,urinary_tract,0,1,25,26.387514545418238,33.548633975479774,32d2e2f547f707a9f12d899e65a934275c9f49020e10d214973126d05910ec9c
phenylalanine,direct_neighbor_ridge,large_intestine,0,2,55,48.938441273672005,61.14419776495575,659dce4f66bf4ee0228513d024a4e287e9f1aa3957152332b1483ab0af67cb42
phenylalanine,direct_neighbor_ridge,oesophagus,0,2,25,35.19096930733764,28.64542309082579,659dce4f66bf4ee0228513d024a4e287e9f1aa3957152332b1483ab0af67cb42
phenylalanine,direct_neighbor_ridge,pancreas,0,2,41,21.05265462927747,15.904514093305734,659dce4f66bf4ee0228513d024a4e287e9f1aa3957152332b1483ab0af67cb42
phenylalanine,direct_neighbor_ridge,soft_tissue,0,2,18,11.294414020456644,17.057506402218095,659dce4f66bf4ee0228513d024a4e287e9f1aa3957152332b1483ab0af67cb42
phenylalanine,direct_neighbor_ridge,stomach,0,2,37,27.745724380471845,22.038194873284663,659dce4f66bf4ee0228513d024a4e287e9f1aa3957152332b1483ab0af67cb42
phenylalanine,direct_neighbor_ridge,breast,0,3,49,28.56567271553306,39.6190628859427,9492e163b6ef19b0563b1ce8302b8e8794e2e4c9c8031c62ff9774a3f63f6f58
phenylalanine,direct_neighbor_ridge,central_nervous_system,0,3,49,54.4066090939032,48.55450037163914,9492e163b6ef19b0563b1ce8302b8e8794e2e4c9c8031c62ff9774a3f63f6f58
phenylalanine,direct_neighbor_ridge,endometrium,0,3,28,14.99460967353779,22.045060186924765,9492e163b6ef19b0563b1ce8302b8e8794e2e4c9c8031c62ff9774a3f63f6f58
phenylalanine,direct_neighbor_ridge,kidney,0,3,23,14.231216362665448,16.90123173081742,9492e163b6ef19b0563b1ce8302b8e8794e2e4c9c8031c62ff9774a3f63f6f58
phenylalanine,direct_neighbor_ridge,liver,0,3,25,24.118033067907547,25.354277090412925,9492e163b6ef19b0563b1ce8302b8e8794e2e4c9c8031c62ff9774a3f63f6f58
phenylalanine,direct_neighbor_ridge,lung,0,4,176,124.8340285916545,150.76161413694672,cf9883e99ee1b956d01c2cb42a4d284b982ce23065d3616a5e1cced359e41fb5
phenylalanine,direct_neighbor_ridge,bone,1,0,19,16.381795027873054,21.676745807928757,32d2e2f547f707a9f12d899e65a934275c9f49020e10d214973126d05910ec9c
phenylalanine,direct_neighbor_ridge,ovary,1,0,45,27.757892840342244,32.586056976385635,32d2e2f547f707a9f12d899e65a934275c9f49020e10d214973126d05910ec9c
phenylalanine,direct_neighbor_ridge,skin,1,0,52,37.886732050919676,46.160170187067145,32d2e2f547f707a9f12d899e65a934275c9f49020e10d214973126d05910ec9c
phenylalanine,direct_neighbor_ridge,upper_aerodigestive_tract,1,0,30,35.215052750489825,44.77084421405059,32d2e2f547f707a9f12d899e65a934275c9f49020e10d214973126d05910ec9c
phenylalanine,direct_neighbor_ridge,urinary_tract,1,0,25,26.387514545418238,33.548633975479774,32d2e2f547f707a9f12d899e65a934275c9f49020e10d214973126d05910ec9c
phenylalanine,direct_neighbor_ridge,lung,1,1,176,123.66451979671088,150.76161413694672,cf9883e99ee1b956d01c2cb42a4d284b982ce23065d3616a5e1cced359e41fb5
phenylalanine,direct_neighbor_ridge,autonomic_ganglia,1,2,16,11.293523648711963,16.4419439025455,db1ab3680dcfc2deb10e2511ec28b70b27966d5a436d724be48267bcbf200acf
phenylalanine,direct_neighbor_ridge,haematopoietic_and_lymphoid_tissue,1,2,163,256.4748045089526,412.1982502190378,db1ab3680dcfc2deb10e2511ec28b70b27966d5a436d724be48267bcbf200acf
phenylalanine,direct_neighbor_ridge,large_intestine,1,3,55,48.938441273672005,61.14419776495575,659dce4f66bf4ee0228513d024a4e287e9f1aa3957152332b1483ab0af67cb42
phenylalanine,direct_neighbor_ridge,oesophagus,1,3,25,35.19096930733764,28.64542309082579,659dce4f66bf4ee0228513d024a4e287e9f1aa3957152332b1483ab0af67cb42
phenylalanine,direct_neighbor_ridge,pancreas,1,3,41,21.05265462927747,15.904514093305734,659dce4f66bf4ee0228513d024a4e287e9f1aa3957152332b1483ab0af67cb42
phenylalanine,direct_neighbor_ridge,soft_tissue,1,3,18,11.294414020456644,17.057506402218095,659dce4f66bf4ee0228513d024a4e287e9f1aa3957152332b1483ab0af67cb42
phenylalanine,direct_neighbor_ridge,stomach,1,3,37,27.745724380471845,22.038194873284663,659dce4f66bf4ee0228513d024a4e287e9f1aa3957152332b1483ab0af67cb42
phenylalanine,direct_neighbor_ridge,breast,1,4,49,28.523864463333595,39.6190628859427,9492e163b6ef19b0563b1ce8302b8e8794e2e4c9c8031c62ff9774a3f63f6f58
phenylalanine,direct_neighbor_ridge,central_nervous_system,1,4,49,54.21195405694476,48.55450037163914,9492e163b6ef19b0563b1ce8302b8e8794e2e4c9c8031c62ff9774a3f63f6f58
phenylalanine,direct_neighbor_ridge,endometrium,1,4,28,14.9958209652868,22.045060186924765,9492e163b6ef19b0563b1ce8302b8e8794e2e4c9c8031c62ff9774a3f63f6f58
phenylalanine,direct_neighbor_ridge,kidney,1,4,23,14.241943728070519,16.90123173081742,9492e163b6ef19b0563b1ce8302b8e8794e2e4c9c8031c62ff9774a3f63f6f58
phenylalanine,direct_neighbor_ridge,liver,1,4,25,24.06208377464276,25.354277090412925,9492e163b6ef19b0563b1ce8302b8e8794e2e4c9c8031c62ff9774a3f63f6f58
proline,direct_neighbor_ridge,autonomic_ganglia,0,0,16,4.282658113052449,7.425671300102393,db1ab3680dcfc2deb10e2511ec28b70b27966d5a436d724be48267bcbf200acf
proline,direct_neighbor_ridge,haematopoietic_and_lymphoid_tissue,0,0,163,139.3593063149009,173.8993077836708,db1ab3680dcfc2deb10e2511ec28b70b27966d5a436d724be48267bcbf200acf
proline,direct_neighbor_ridge,bone,0,1,19,15.526464404713332,31.82134804256843,32d2e2f547f707a9f12d899e65a934275c9f49020e10d214973126d05910ec9c
proline,direct_neighbor_ridge,ovary,0,1,45,25.06749920811556,26.168595309285354,32d2e2f547f707a9f12d899e65a934275c9f49020e10d214973126d05910ec9c
proline,direct_neighbor_ridge,skin,0,1,52,29.499164356823616,38.63873514581818,32d2e2f547f707a9f12d899e65a934275c9f49020e10d214973126d05910ec9c
proline,direct_neighbor_ridge,upper_aerodigestive_tract,0,1,30,27.277165285140125,39.42406265501003,32d2e2f547f707a9f12d899e65a934275c9f49020e10d214973126d05910ec9c
proline,direct_neighbor_ridge,urinary_tract,0,1,25,25.933249704330255,42.92183473672115,32d2e2f547f707a9f12d899e65a934275c9f49020e10d214973126d05910ec9c
proline,direct_neighbor_ridge,large_intestine,0,2,55,41.856340125413695,50.542115535827946,659dce4f66bf4ee0228513d024a4e287e9f1aa3957152332b1483ab0af67cb42
proline,direct_neighbor_ridge,oesophagus,0,2,25,10.898284078390589,16.765268906942264,659dce4f66bf4ee0228513d024a4e287e9f1aa3957152332b1483ab0af67cb42
proline,direct_neighbor_ridge,pancreas,0,2,41,26.48850083961261,33.69248515103249,659dce4f66bf4ee0228513d024a4e287e9f1aa3957152332b1483ab0af67cb42
proline,direct_neighbor_ridge,soft_tissue,0,2,18,22.208715865050817,31.14311422066647,659dce4f66bf4ee0228513d024a4e287e9f1aa3957152332b1483ab0af67cb42
proline,direct_neighbor_ridge,stomach,0,2,37,15.787123113259838,23.35189025784756,659dce4f66bf4ee0228513d024a4e287e9f1aa3957152332b1483ab0af67cb42
proline,direct_neighbor_ridge,breast,0,3,49,41.655181126661056,65.18668673153131,9492e163b6ef19b0563b1ce8302b8e8794e2e4c9c8031c62ff9774a3f63f6f58
proline,direct_neighbor_ridge,central_nervous_system,0,3,49,30.65253135027638,45.40085383714989,9492e163b6ef19b0563b1ce8302b8e8794e2e4c9c8031c62ff9774a3f63f6f58
proline,direct_neighbor_ridge,endometrium,0,3,28,15.131459704650341,19.349892912493694,9492e163b6ef19b0563b1ce8302b8e8794e2e4c9c8031c62ff9774a3f63f6f58
proline,direct_neighbor_ridge,kidney,0,3,23,32.975683043832376,24.830275120686036,9492e163b6ef19b0563b1ce8302b8e8794e2e4c9c8031c62ff9774a3f63f6f58
proline,direct_neighbor_ridge,liver,0,3,25,47.74370014213697,72.2387837625973,9492e163b6ef19b0563b1ce8302b8e8794e2e4c9c8031c62ff9774a3f63f6f58
proline,direct_neighbor_ridge,lung,0,4,176,103.85618578332529,148.3660694649438,cf9883e99ee1b956d01c2cb42a4d284b982ce23065d3616a5e1cced359e41fb5
proline,direct_neighbor_ridge,bone,1,0,19,15.526464404713332,31.82134804256843,32d2e2f547f707a9f12d899e65a934275c9f49020e10d214973126d05910ec9c
proline,direct_neighbor_ridge,ovary,1,0,45,25.06749920811556,26.168595309285354,32d2e2f547f707a9f12d899e65a934275c9f49020e10d214973126d05910ec9c
proline,direct_neighbor_ridge,skin,1,0,52,29.499164356823616,38.63873514581818,32d2e2f547f707a9f12d899e65a934275c9f49020e10d214973126d05910ec9c
proline,direct_neighbor_ridge,upper_aerodigestive_tract,1,0,30,27.277165285140125,39.42406265501003,32d2e2f547f707a9f12d899e65a934275c9f49020e10d214973126d05910ec9c
proline,direct_neighbor_ridge,urinary_tract,1,0,25,25.933249704330255,42.92183473672115,32d2e2f547f707a9f12d899e65a934275c9f49020e10d214973126d05910ec9c
proline,direct_neighbor_ridge,lung,1,1,176,103.85618578332529,148.3660694649438,cf9883e99ee1b956d01c2cb42a4d284b982ce23065d3616a5e1cced359e41fb5
proline,direct_neighbor_ridge,autonomic_ganglia,1,2,16,4.282658113052449,7.425671300102393,db1ab3680dcfc2deb10e2511ec28b70b27966d5a436d724be48267bcbf200acf
proline,direct_neighbor_ridge,haematopoietic_and_lymphoid_tissue,1,2,163,139.3593063149009,173.8993077836708,db1ab3680dcfc2deb10e2511ec28b70b27966d5a436d724be48267bcbf200acf
proline,direct_neighbor_ridge,large_intestine,1,3,55,41.856340125413695,50.542115535827946,659dce4f66bf4ee0228513d024a4e287e9f1aa3957152332b1483ab0af67cb42
proline,direct_neighbor_ridge,oesophagus,1,3,25,10.898284078390589,16.765268906942264,659dce4f66bf4ee0228513d024a4e287e9f1aa3957152332b1483ab0af67cb42
proline,direct_neighbor_ridge,pancreas,1,3,41,26.48850083961261,33.69248515103249,659dce4f66bf4ee0228513d024a4e287e9f1aa3957152332b1483ab0af67cb42
proline,direct_neighbor_ridge,soft_tissue,1,3,18,22.208715865050817,31.14311422066647,659dce4f66bf4ee0228513d024a4e287e9f1aa3957152332b1483ab0af67cb42
proline,direct_neighbor_ridge,stomach,1,3,37,15.787123113259838,23.35189025784756,659dce4f66bf4ee0228513d024a4e287e9f1aa3957152332b1483ab0af67cb42
proline,direct_neighbor_ridge,breast,1,4,49,41.655181126661056,65.18668673153131,9492e163b6ef19b0563b1ce8302b8e8794e2e4c9c8031c62ff9774a3f63f6f58
proline,direct_neighbor_ridge,central_nervous_system,1,4,49,30.65253135027638,45.40085383714989,9492e163b6ef19b0563b1ce8302b8e8794e2e4c9c8031c62ff9774a3f63f6f58
proline,direct_neighbor_ridge,endometrium,1,4,28,15.131459704650341,19.349892912493694,9492e163b6ef19b0563b1ce8302b8e8794e2e4c9c8031c62ff9774a3f63f6f58
proline,direct_neighbor_ridge,kidney,1,4,23,32.975683043832376,24.830275120686036,9492e163b6ef19b0563b1ce8302b8e8794e2e4c9c8031c62ff9774a3f63f6f58
proline,direct_neighbor_ridge,liver,1,4,25,47.74370014213697,72.2387837625973,9492e163b6ef19b0563b1ce8302b8e8794e2e4c9c8031c62ff9774a3f63f6f58
putrescine,direct_neighbor_ridge,autonomic_ganglia,0,0,16,16.112564777712663,16.40282202580971,db1ab3680dcfc2deb10e2511ec28b70b27966d5a436d724be48267bcbf200acf
putrescine,direct_neighbor_ridge,haematopoietic_and_lymphoid_tissue,0,0,163,176.57186308450417,180.25607717101133,db1ab3680dcfc2deb10e2511ec28b70b27966d5a436d724be48267bcbf200acf
putrescine,direct_neighbor_ridge,bone,0,1,19,31.628576944428872,33.77172597964556,32d2e2f547f707a9f12d899e65a934275c9f49020e10d214973126d05910ec9c
putrescine,direct_neighbor_ridge,ovary,0,1,45,32.68326432760404,33.341874324935155,32d2e2f547f707a9f12d899e65a934275c9f49020e10d214973126d05910ec9c
putrescine,direct_neighbor_ridge,skin,0,1,52,89.35435188225874,94.07441847856595,32d2e2f547f707a9f12d899e65a934275c9f49020e10d214973126d05910ec9c
putrescine,direct_neighbor_ridge,upper_aerodigestive_tract,0,1,30,18.15785486122803,17.64244177177487,32d2e2f547f707a9f12d899e65a934275c9f49020e10d214973126d05910ec9c
putrescine,direct_neighbor_ridge,urinary_tract,0,1,25,38.681839931168774,38.82961729621603,32d2e2f547f707a9f12d899e65a934275c9f49020e10d214973126d05910ec9c
putrescine,direct_neighbor_ridge,large_intestine,0,2,55,37.971009353183504,37.355305407471754,659dce4f66bf4ee0228513d024a4e287e9f1aa3957152332b1483ab0af67cb42
putrescine,direct_neighbor_ridge,oesophagus,0,2,25,22.249929652944672,21.860634115144865,659dce4f66bf4ee0228513d024a4e287e9f1aa3957152332b1483ab0af67cb42
putrescine,direct_neighbor_ridge,pancreas,0,2,41,35.47981956015064,34.15765019602403,659dce4f66bf4ee0228513d024a4e287e9f1aa3957152332b1483ab0af67cb42
putrescine,direct_neighbor_ridge,soft_tissue,0,2,18,28.935963539434972,27.57996801954071,659dce4f66bf4ee0228513d024a4e287e9f1aa3957152332b1483ab0af67cb42
putrescine,direct_neighbor_ridge,stomach,0,2,37,21.160163719921496,21.093928303722297,659dce4f66bf4ee0228513d024a4e287e9f1aa3957152332b1483ab0af67cb42
putrescine,direct_neighbor_ridge,breast,0,3,49,60.36149715044196,61.67293701212611,9492e163b6ef19b0563b1ce8302b8e8794e2e4c9c8031c62ff9774a3f63f6f58
putrescine,direct_neighbor_ridge,central_nervous_system,0,3,49,30.98440270682645,33.398341962530665,9492e163b6ef19b0563b1ce8302b8e8794e2e4c9c8031c62ff9774a3f63f6f58
putrescine,direct_neighbor_ridge,endometrium,0,3,28,18.14522933239875,18.10716776004795,9492e163b6ef19b0563b1ce8302b8e8794e2e4c9c8031c62ff9774a3f63f6f58
putrescine,direct_neighbor_ridge,kidney,0,3,23,11.461639867123328,11.10409882530846,9492e163b6ef19b0563b1ce8302b8e8794e2e4c9c8031c62ff9774a3f63f6f58
putrescine,direct_neighbor_ridge,liver,0,3,25,17.294791287093545,16.32953384454946,9492e163b6ef19b0563b1ce8302b8e8794e2e4c9c8031c62ff9774a3f63f6f58
putrescine,direct_neighbor_ridge,lung,0,4,176,193.2149852919349,196.69092340115512,cf9883e99ee1b956d01c2cb42a4d284b982ce23065d3616a5e1cced359e41fb5
putrescine,direct_neighbor_ridge,bone,1,0,19,31.628576944428872,33.77172597964556,32d2e2f547f707a9f12d899e65a934275c9f49020e10d214973126d05910ec9c
putrescine,direct_neighbor_ridge,ovary,1,0,45,32.68326432760404,33.341874324935155,32d2e2f547f707a9f12d899e65a934275c9f49020e10d214973126d05910ec9c
putrescine,direct_neighbor_ridge,skin,1,0,52,89.35435188225874,94.07441847856595,32d2e2f547f707a9f12d899e65a934275c9f49020e10d214973126d05910ec9c
putrescine,direct_neighbor_ridge,upper_aerodigestive_tract,1,0,30,18.15785486122803,17.64244177177487,32d2e2f547f707a9f12d899e65a934275c9f49020e10d214973126d05910ec9c
putrescine,direct_neighbor_ridge,urinary_tract,1,0,25,38.681839931168774,38.82961729621603,32d2e2f547f707a9f12d899e65a934275c9f49020e10d214973126d05910ec9c
putrescine,direct_neighbor_ridge,lung,1,1,176,193.2149852919349,196.69092340115512,cf9883e99ee1b956d01c2cb42a4d284b982ce23065d3616a5e1cced359e41fb5
putrescine,direct_neighbor_ridge,autonomic_ganglia,1,2,16,16.130213474361565,16.40282202580971,db1ab3680dcfc2deb10e2511ec28b70b27966d5a436d724be48267bcbf200acf
putrescine,direct_neighbor_ridge,haematopoietic_and_lymphoid_tissue,1,2,163,175.494571963229,180.25607717101133,db1ab3680dcfc2deb10e2511ec28b70b27966d5a436d724be48267bcbf200acf
putrescine,direct_neighbor_ridge,large_intestine,1,3,55,37.971009353183504,37.355305407471754,659dce4f66bf4ee0228513d024a4e287e9f1aa3957152332b1483ab0af67cb42
putrescine,direct_neighbor_ridge,oesophagus,1,3,25,22.249929652944672,21.860634115144865,659dce4f66bf4ee0228513d024a4e287e9f1aa3957152332b1483ab0af67cb42
putrescine,direct_neighbor_ridge,pancreas,1,3,41,35.47981956015064,34.15765019602403,659dce4f66bf4ee0228513d024a4e287e9f1aa3957152332b1483ab0af67cb42
putrescine,direct_neighbor_ridge,soft_tissue,1,3,18,28.935963539434972,27.57996801954071,659dce4f66bf4ee0228513d024a4e287e9f1aa3957152332b1483ab0af67cb42
putrescine,direct_neighbor_ridge,stomach,1,3,37,21.160163719921496,21.093928303722297,659dce4f66bf4ee0228513d024a4e287e9f1aa3957152332b1483ab0af67cb42
putrescine,direct_neighbor_ridge,breast,1,4,49,60.376269741936525,61.67293701212611,9492e163b6ef19b0563b1ce8302b8e8794e2e4c9c8031c62ff9774a3f63f6f58
putrescine,direct_neighbor_ridge,central_nervous_system,1,4,49,31.010521827077483,33.398341962530665,9492e163b6ef19b0563b1ce8302b8e8794e2e4c9c8031c62ff9774a3f63f6f58
putrescine,direct_neighbor_ridge,endometrium,1,4,28,18.140812711690756,18.10716776004795,9492e163b6ef19b0563b1ce8302b8e8794e2e4c9c8031c62ff9774a3f63f6f58
putrescine,direct_neighbor_ridge,kidney,1,4,23,11.45368872263464,11.10409882530846,9492e163b6ef19b0563b1ce8302b8e8794e2e4c9c8031c62ff9774a3f63f6f58
putrescine,direct_neighbor_ridge,liver,1,4,25,17.27847402227198,16.32953384454946,9492e163b6ef19b0563b1ce8302b8e8794e2e4c9c8031c62ff9774a3f63f6f58
sarcosine,direct_neighbor_ridge,autonomic_ganglia,0,0,16,4.502899221677914,5.218286644251737,db1ab3680dcfc2deb10e2511ec28b70b27966d5a436d724be48267bcbf200acf
sarcosine,direct_neighbor_ridge,haematopoietic_and_lymphoid_tissue,0,0,163,138.72871984685366,133.00043906616986,db1ab3680dcfc2deb10e2511ec28b70b27966d5a436d724be48267bcbf200acf
sarcosine,direct_neighbor_ridge,bone,0,1,19,18.805482238929624,23.354550288018054,32d2e2f547f707a9f12d899e65a934275c9f49020e10d214973126d05910ec9c
sarcosine,direct_neighbor_ridge,ovary,0,1,45,15.78443647179135,15.420198656315334,32d2e2f547f707a9f12d899e65a934275c9f49020e10d214973126d05910ec9c
sarcosine,direct_neighbor_ridge,skin,0,1,52,63.43410403414492,65.0181360351421,32d2e2f547f707a9f12d899e65a934275c9f49020e10d214973126d05910ec9c
sarcosine,direct_neighbor_ridge,upper_aerodigestive_tract,0,1,30,28.203473843008055,31.318084988915345,32d2e2f547f707a9f12d899e65a934275c9f49020e10d214973126d05910ec9c
sarcosine,direct_neighbor_ridge,urinary_tract,0,1,25,28.543303239722086,32.900517165745704,32d2e2f547f707a9f12d899e65a934275c9f49020e10d214973126d05910ec9c
sarcosine,direct_neighbor_ridge,large_intestine,0,2,55,55.12691579863193,61.1644833656206,659dce4f66bf4ee0228513d024a4e287e9f1aa3957152332b1483ab0af67cb42
sarcosine,direct_neighbor_ridge,oesophagus,0,2,25,34.68477769407494,39.61253052981276,659dce4f66bf4ee0228513d024a4e287e9f1aa3957152332b1483ab0af67cb42
sarcosine,direct_neighbor_ridge,pancreas,0,2,41,36.15857035537484,39.899361555095965,659dce4f66bf4ee0228513d024a4e287e9f1aa3957152332b1483ab0af67cb42
sarcosine,direct_neighbor_ridge,soft_tissue,0,2,18,11.847336436076622,11.85988389853898,659dce4f66bf4ee0228513d024a4e287e9f1aa3957152332b1483ab0af67cb42
sarcosine,direct_neighbor_ridge,stomach,0,2,37,48.163029287960704,56.813018071437085,659dce4f66bf4ee0228513d024a4e287e9f1aa3957152332b1483ab0af67cb42
sarcosine,direct_neighbor_ridge,breast,0,3,49,62.97169825793616,57.24829289097584,9492e163b6ef19b0563b1ce8302b8e8794e2e4c9c8031c62ff9774a3f63f6f58
sarcosine,direct_neighbor_ridge,central_nervous_system,0,3,49,55.238899960983005,62.29015179504358,9492e163b6ef19b0563b1ce8302b8e8794e2e4c9c8031c62ff9774a3f63f6f58
sarcosine,direct_neighbor_ridge,endometrium,0,3,28,15.195557582693711,21.527312603132643,9492e163b6ef19b0563b1ce8302b8e8794e2e4c9c8031c62ff9774a3f63f6f58
sarcosine,direct_neighbor_ridge,kidney,0,3,23,32.59035437634378,21.945751100994567,9492e163b6ef19b0563b1ce8302b8e8794e2e4c9c8031c62ff9774a3f63f6f58
sarcosine,direct_neighbor_ridge,liver,0,3,25,33.76467150130148,32.45832713872948,9492e163b6ef19b0563b1ce8302b8e8794e2e4c9c8031c62ff9774a3f63f6f58
sarcosine,direct_neighbor_ridge,lung,0,4,176,177.37258580940596,179.14110283486013,cf9883e99ee1b956d01c2cb42a4d284b982ce23065d3616a5e1cced359e41fb5
sarcosine,direct_neighbor_ridge,bone,1,0,19,18.805482238929624,23.354550288018054,32d2e2f547f707a9f12d899e65a934275c9f49020e10d214973126d05910ec9c
sarcosine,direct_neighbor_ridge,ovary,1,0,45,15.78443647179135,15.420198656315334,32d2e2f547f707a9f12d899e65a934275c9f49020e10d214973126d05910ec9c
sarcosine,direct_neighbor_ridge,skin,1,0,52,63.43410403414492,65.0181360351421,32d2e2f547f707a9f12d899e65a934275c9f49020e10d214973126d05910ec9c
sarcosine,direct_neighbor_ridge,upper_aerodigestive_tract,1,0,30,28.203473843008055,31.318084988915345,32d2e2f547f707a9f12d899e65a934275c9f49020e10d214973126d05910ec9c
sarcosine,direct_neighbor_ridge,urinary_tract,1,0,25,28.543303239722086,32.900517165745704,32d2e2f547f707a9f12d899e65a934275c9f49020e10d214973126d05910ec9c
sarcosine,direct_neighbor_ridge,lung,1,1,176,177.37258580940596,179.14110283486013,cf9883e99ee1b956d01c2cb42a4d284b982ce23065d3616a5e1cced359e41fb5
sarcosine,direct_neighbor_ridge,autonomic_ganglia,1,2,16,4.502899221677914,5.218286644251737,db1ab3680dcfc2deb10e2511ec28b70b27966d5a436d724be48267bcbf200acf
sarcosine,direct_neighbor_ridge,haematopoietic_and_lymphoid_tissue,1,2,163,138.72871984685366,133.00043906616986,db1ab3680dcfc2deb10e2511ec28b70b27966d5a436d724be48267bcbf200acf
sarcosine,direct_neighbor_ridge,large_intestine,1,3,55,55.12691579863193,61.1644833656206,659dce4f66bf4ee0228513d024a4e287e9f1aa3957152332b1483ab0af67cb42
sarcosine,direct_neighbor_ridge,oesophagus,1,3,25,34.68477769407494,39.61253052981276,659dce4f66bf4ee0228513d024a4e287e9f1aa3957152332b1483ab0af67cb42
sarcosine,direct_neighbor_ridge,pancreas,1,3,41,36.15857035537484,39.899361555095965,659dce4f66bf4ee0228513d024a4e287e9f1aa3957152332b1483ab0af67cb42
sarcosine,direct_neighbor_ridge,soft_tissue,1,3,18,11.847336436076622,11.85988389853898,659dce4f66bf4ee0228513d024a4e287e9f1aa3957152332b1483ab0af67cb42
sarcosine,direct_neighbor_ridge,stomach,1,3,37,48.163029287960704,56.813018071437085,659dce4f66bf4ee0228513d024a4e287e9f1aa3957152332b1483ab0af67cb42
sarcosine,direct_neighbor_ridge,breast,1,4,49,62.97169825793616,57.24829289097584,9492e163b6ef19b0563b1ce8302b8e8794e2e4c9c8031c62ff9774a3f63f6f58
sarcosine,direct_neighbor_ridge,central_nervous_system,1,4,49,55.238899960983005,62.29015179504358,9492e163b6ef19b0563b1ce8302b8e8794e2e4c9c8031c62ff9774a3f63f6f58
sarcosine,direct_neighbor_ridge,endometrium,1,4,28,15.195557582693711,21.527312603132643,9492e163b6ef19b0563b1ce8302b8e8794e2e4c9c8031c62ff9774a3f63f6f58
sarcosine,direct_neighbor_ridge,kidney,1,4,23,32.59035437634378,21.945751100994567,9492e163b6ef19b0563b1ce8302b8e8794e2e4c9c8031c62ff9774a3f63f6f58
sarcosine,direct_neighbor_ridge,liver,1,4,25,33.76467150130148,32.45832713872948,9492e163b6ef19b0563b1ce8302b8e8794e2e4c9c8031c62ff9774a3f63f6f58
serine,direct_neighbor_ridge,autonomic_ganglia,0,0,16,8.65416564413929,11.228872559670311,db1ab3680dcfc2deb10e2511ec28b70b27966d5a436d724be48267bcbf200acf
serine,direct_neighbor_ridge,haematopoietic_and_lymphoid_tissue,0,0,163,107.23064661359439,159.81295967139175,db1ab3680dcfc2deb10e2511ec28b70b27966d5a436d724be48267bcbf200acf
serine,direct_neighbor_ridge,bone,0,1,19,28.822741646110636,37.10173924806623,32d2e2f547f707a9f12d899e65a934275c9f49020e10d214973126d05910ec9c
serine,direct_neighbor_ridge,ovary,0,1,45,19.87638227867327,30.225879688580417,32d2e2f547f707a9f12d899e65a934275c9f49020e10d214973126d05910ec9c
serine,direct_neighbor_ridge,skin,0,1,52,38.26347002181148,42.37738412615452,32d2e2f547f707a9f12d899e65a934275c9f49020e10d214973126d05910ec9c
serine,direct_neighbor_ridge,upper_aerodigestive_tract,0,1,30,14.834248471656174,19.98687228172756,32d2e2f547f707a9f12d899e65a934275c9f49020e10d214973126d05910ec9c
serine,direct_neighbor_ridge,urinary_tract,0,1,25,49.02242886614781,44.177552205406926,32d2e2f547f707a9f12d899e65a934275c9f49020e10d214973126d05910ec9c
serine,direct_neighbor_ridge,large_intestine,0,2,55,78.36108383359132,76.24262616526453,659dce4f66bf4ee0228513d024a4e287e9f1aa3957152332b1483ab0af67cb42
serine,direct_neighbor_ridge,oesophagus,0,2,25,9.474985514064956,14.943514647435636,659dce4f66bf4ee0228513d024a4e287e9f1aa3957152332b1483ab0af67cb42
serine,direct_neighbor_ridge,pancreas,0,2,41,31.681662842985048,35.02919647286584,659dce4f66bf4ee0228513d024a4e287e9f1aa3957152332b1483ab0af67cb42
serine,direct_neighbor_ridge,soft_tissue,0,2,18,18.499693554859046,22.488601894624896,659dce4f66bf4ee0228513d024a4e287e9f1aa3957152332b1483ab0af67cb42
serine,direct_neighbor_ridge,stomach,0,2,37,16.568967786242634,22.498184569258786,659dce4f66bf4ee0228513d024a4e287e9f1aa3957152332b1483ab0af67cb42
serine,direct_neighbor_ridge,breast,0,3,49,27.213771781383937,39.7164743786416,9492e163b6ef19b0563b1ce8302b8e8794e2e4c9c8031c62ff9774a3f63f6f58
serine,direct_neighbor_ridge,central_nervous_system,0,3,49,72.10282643720687,71.79291187195476,9492e163b6ef19b0563b1ce8302b8e8794e2e4c9c8031c62ff9774a3f63f6f58
serine,direct_neighbor_ridge,endometrium,0,3,28,23.02735561962623,24.278469633183665,9492e163b6ef19b0563b1ce8302b8e8794e2e4c9c8031c62ff9774a3f63f6f58
serine,direct_neighbor_ridge,kidney,0,3,23,14.313642455321467,12.946476031874647,9492e163b6ef19b0563b1ce8302b8e8794e2e4c9c8031c62ff9774a3f63f6f58
serine,direct_neighbor_ridge,liver,0,3,25,29.48698823476296,25.529589153218968,9492e163b6ef19b0563b1ce8302b8e8794e2e4c9c8031c62ff9774a3f63f6f58
serine,direct_neighbor_ridge,lung,0,4,176,176.91302908629342,195.89676978760377,cf9883e99ee1b956d01c2cb42a4d284b982ce23065d3616a5e1cced359e41fb5
serine,direct_neighbor_ridge,bone,1,0,19,28.822741646110636,37.10173924806623,32d2e2f547f707a9f12d899e65a934275c9f49020e10d214973126d05910ec9c
serine,direct_neighbor_ridge,ovary,1,0,45,19.87638227867327,30.225879688580417,32d2e2f547f707a9f12d899e65a934275c9f49020e10d214973126d05910ec9c
serine,direct_neighbor_ridge,skin,1,0,52,38.26347002181148,42.37738412615452,32d2e2f547f707a9f12d899e65a934275c9f49020e10d214973126d05910ec9c
serine,direct_neighbor_ridge,upper_aerodigestive_tract,1,0,30,14.834248471656174,19.98687228172756,32d2e2f547f707a9f12d899e65a934275c9f49020e10d214973126d05910ec9c
serine,direct_neighbor_ridge,urinary_tract,1,0,25,49.02242886614781,44.177552205406926,32d2e2f547f707a9f12d899e65a934275c9f49020e10d214973126d05910ec9c
serine,direct_neighbor_ridge,lung,1,1,176,176.94708318562652,195.89676978760377,cf9883e99ee1b956d01c2cb42a4d284b982ce23065d3616a5e1cced359e41fb5
serine,direct_neighbor_ridge,autonomic_ganglia,1,2,16,8.78138850047668,11.228872559670311,db1ab3680dcfc2deb10e2511ec28b70b27966d5a436d724be48267bcbf200acf
serine,direct_neighbor_ridge,haematopoietic_and_lymphoid_tissue,1,2,163,109.54295534895306,159.81295967139175,db1ab3680dcfc2deb10e2511ec28b70b27966d5a436d724be48267bcbf200acf
serine,direct_neighbor_ridge,large_intestine,1,3,55,79.4390823383675,76.24262616526453,659dce4f66bf4ee0228513d024a4e287e9f1aa3957152332b1483ab0af67cb42
serine,direct_neighbor_ridge,oesophagus,1,3,25,9.130853114416556,14.943514647435636,659dce4f66bf4ee0228513d024a4e287e9f1aa3957152332b1483ab0af67cb42
serine,direct_neighbor_ridge,pancreas,1,3,41,31.73114814402281,35.02919647286584,659dce4f66bf4ee0228513d024a4e287e9f1aa3957152332b1483ab0af67cb42
serine,direct_neighbor_ridge,soft_tissue,1,3,18,18.333875506091754,22.488601894624896,659dce4f66bf4ee0228513d024a4e287e9f1aa3957152332b1483ab0af67cb42
serine,direct_neighbor_ridge,stomach,1,3,37,16.62492258960878,22.498184569258786,659dce4f66bf4ee0228513d024a4e287e9f1aa3957152332b1483ab0af67cb42
serine,direct_neighbor_ridge,breast,1,4,49,26.729448202281414,39.7164743786416,9492e163b6ef19b0563b1ce8302b8e8794e2e4c9c8031c62ff9774a3f63f6f58
serine,direct_neighbor_ridge,central_nervous_system,1,4,49,72.71028203755768,71.79291187195476,9492e163b6ef19b0563b1ce8302b8e8794e2e4c9c8031c62ff9774a3f63f6f58
serine,direct_neighbor_ridge,endometrium,1,4,28,23.381556655658915,24.278469633183665,9492e163b6ef19b0563b1ce8302b8e8794e2e4c9c8031c62ff9774a3f63f6f58
serine,direct_neighbor_ridge,kidney,1,4,23,14.601942510097865,12.946476031874647,9492e163b6ef19b0563b1ce8302b8e8794e2e4c9c8031c62ff9774a3f63f6f58
serine,direct_neighbor_ridge,liver,1,4,25,30.369729065935317,25.529589153218968,9492e163b6ef19b0563b1ce8302b8e8794e2e4c9c8031c62ff9774a3f63f6f58
taurine,direct_neighbor_ridge,autonomic_ganglia,0,0,16,15.117157533741766,12.378526827851939,db1ab3680dcfc2deb10e2511ec28b70b27966d5a436d724be48267bcbf200acf
taurine,direct_neighbor_ridge,haematopoietic_and_lymphoid_tissue,0,0,163,201.38512962358735,197.04856273248282,db1ab3680dcfc2deb10e2511ec28b70b27966d5a436d724be48267bcbf200acf
taurine,direct_neighbor_ridge,bone,0,1,19,10.944102676726459,13.837355205968313,32d2e2f547f707a9f12d899e65a934275c9f49020e10d214973126d05910ec9c
taurine,direct_neighbor_ridge,ovary,0,1,45,74.27992936568884,73.47595553976697,32d2e2f547f707a9f12d899e65a934275c9f49020e10d214973126d05910ec9c
taurine,direct_neighbor_ridge,skin,0,1,52,26.762427909360767,31.709902611045486,32d2e2f547f707a9f12d899e65a934275c9f49020e10d214973126d05910ec9c
taurine,direct_neighbor_ridge,upper_aerodigestive_tract,0,1,30,59.8967409856986,58.17929608643423,32d2e2f547f707a9f12d899e65a934275c9f49020e10d214973126d05910ec9c
taurine,direct_neighbor_ridge,urinary_tract,0,1,25,28.81426094043101,30.278985731590122,32d2e2f547f707a9f12d899e65a934275c9f49020e10d214973126d05910ec9c
taurine,direct_neighbor_ridge,large_intestine,0,2,55,35.61683752327544,34.95406908619724,659dce4f66bf4ee0228513d024a4e287e9f1aa3957152332b1483ab0af67cb42
taurine,direct_neighbor_ridge,oesophagus,0,2,25,14.569159398816224,12.968285892280022,659dce4f66bf4ee0228513d024a4e287e9f1aa3957152332b1483ab0af67cb42
taurine,direct_neighbor_ridge,pancreas,0,2,41,26.5875430006705,31.284676709821056,659dce4f66bf4ee0228513d024a4e287e9f1aa3957152332b1483ab0af67cb42
taurine,direct_neighbor_ridge,soft_tissue,0,2,18,37.716669249396865,37.35434569381427,659dce4f66bf4ee0228513d024a4e287e9f1aa3957152332b1483ab0af67cb42
taurine,direct_neighbor_ridge,stomach,0,2,37,27.214712919439652,31.547379990852853,659dce4f66bf4ee0228513d024a4e287e9f1aa3957152332b1483ab0af67cb42
taurine,direct_neighbor_ridge,breast,0,3,49,56.47014960956567,65.42862424663743,9492e163b6ef19b0563b1ce8302b8e8794e2e4c9c8031c62ff9774a3f63f6f58
taurine,direct_neighbor_ridge,central_nervous_system,0,3,49,28.96656115838888,32.46847941948755,9492e163b6ef19b0563b1ce8302b8e8794e2e4c9c8031c62ff9774a3f63f6f58
taurine,direct_neighbor_ridge,endometrium,0,3,28,28.61871549444204,27.828550807583227,9492e163b6ef19b0563b1ce8302b8e8794e2e4c9c8031c62ff9774a3f63f6f58
taurine,direct_neighbor_ridge,kidney,0,3,23,12.762265471653658,18.5736861041395,9492e163b6ef19b0563b1ce8302b8e8794e2e4c9c8031c62ff9774a3f63f6f58
taurine,direct_neighbor_ridge,liver,0,3,25,34.4654568790006,38.608021109482095,9492e163b6ef19b0563b1ce8302b8e8794e2e4c9c8031c62ff9774a3f63f6f58
taurine,direct_neighbor_ridge,lung,0,4,176,134.82208638061985,155.33105335729724,cf9883e99ee1b956d01c2cb42a4d284b982ce23065d3616a5e1cced359e41fb5
taurine,direct_neighbor_ridge,bone,1,0,19,10.944102676726459,13.837355205968313,32d2e2f547f707a9f12d899e65a934275c9f49020e10d214973126d05910ec9c
taurine,direct_neighbor_ridge,ovary,1,0,45,74.27992936568884,73.47595553976697,32d2e2f547f707a9f12d899e65a934275c9f49020e10d214973126d05910ec9c
taurine,direct_neighbor_ridge,skin,1,0,52,26.762427909360767,31.709902611045486,32d2e2f547f707a9f12d899e65a934275c9f49020e10d214973126d05910ec9c
taurine,direct_neighbor_ridge,upper_aerodigestive_tract,1,0,30,59.8967409856986,58.17929608643423,32d2e2f547f707a9f12d899e65a934275c9f49020e10d214973126d05910ec9c
taurine,direct_neighbor_ridge,urinary_tract,1,0,25,28.81426094043101,30.278985731590122,32d2e2f547f707a9f12d899e65a934275c9f49020e10d214973126d05910ec9c
taurine,direct_neighbor_ridge,lung,1,1,176,134.82208638061985,155.33105335729724,cf9883e99ee1b956d01c2cb42a4d284b982ce23065d3616a5e1cced359e41fb5
taurine,direct_neighbor_ridge,autonomic_ganglia,1,2,16,15.117157533741766,12.378526827851939,db1ab3680dcfc2deb10e2511ec28b70b27966d5a436d724be48267bcbf200acf
taurine,direct_neighbor_ridge,haematopoietic_and_lymphoid_tissue,1,2,163,201.38512962358735,197.04856273248282,db1ab3680dcfc2deb10e2511ec28b70b27966d5a436d724be48267bcbf200acf
taurine,direct_neighbor_ridge,large_intestine,1,3,55,35.61683752327544,34.95406908619724,659dce4f66bf4ee0228513d024a4e287e9f1aa3957152332b1483ab0af67cb42
taurine,direct_neighbor_ridge,oesophagus,1,3,25,14.569159398816224,12.968285892280022,659dce4f66bf4ee0228513d024a4e287e9f1aa3957152332b1483ab0af67cb42
taurine,direct_neighbor_ridge,pancreas,1,3,41,26.5875430006705,31.284676709821056,659dce4f66bf4ee0228513d024a4e287e9f1aa3957152332b1483ab0af67cb42
taurine,direct_neighbor_ridge,soft_tissue,1,3,18,37.716669249396865,37.35434569381427,659dce4f66bf4ee0228513d024a4e287e9f1aa3957152332b1483ab0af67cb42
taurine,direct_neighbor_ridge,stomach,1,3,37,27.214712919439652,31.547379990852853,659dce4f66bf4ee0228513d024a4e287e9f1aa3957152332b1483ab0af67cb42
taurine,direct_neighbor_ridge,breast,1,4,49,56.47014960956567,65.42862424663743,9492e163b6ef19b0563b1ce8302b8e8794e2e4c9c8031c62ff9774a3f63f6f58
taurine,direct_neighbor_ridge,central_nervous_system,1,4,49,28.96656115838888,32.46847941948755,9492e163b6ef19b0563b1ce8302b8e8794e2e4c9c8031c62ff9774a3f63f6f58
taurine,direct_neighbor_ridge,endometrium,1,4,28,28.61871549444204,27.828550807583227,9492e163b6ef19b0563b1ce8302b8e8794e2e4c9c8031c62ff9774a3f63f6f58
taurine,direct_neighbor_ridge,kidney,1,4,23,12.762265471653658,18.5736861041395,9492e163b6ef19b0563b1ce8302b8e8794e2e4c9c8031c62ff9774a3f63f6f58
taurine,direct_neighbor_ridge,liver,1,4,25,34.4654568790006,38.608021109482095,9492e163b6ef19b0563b1ce8302b8e8794e2e4c9c8031c62ff9774a3f63f6f58
taurocholate,direct_neighbor_ridge,autonomic_ganglia,0,0,16,11.02073856261679,11.072078229791147,db1ab3680dcfc2deb10e2511ec28b70b27966d5a436d724be48267bcbf200acf
taurocholate,direct_neighbor_ridge,haematopoietic_and_lymphoid_tissue,0,0,163,326.2285165071992,324.34469059150825,db1ab3680dcfc2deb10e2511ec28b70b27966d5a436d724be48267bcbf200acf
taurocholate,direct_neighbor_ridge,bone,0,1,19,24.82025780265233,26.280575706437556,32d2e2f547f707a9f12d899e65a934275c9f49020e10d214973126d05910ec9c
taurocholate,direct_neighbor_ridge,ovary,0,1,45,42.24469239080677,42.992769773464026,32d2e2f547f707a9f12d899e65a934275c9f49020e10d214973126d05910ec9c
taurocholate,direct_neighbor_ridge,skin,0,1,52,34.16054261502474,33.581275036701946,32d2e2f547f707a9f12d899e65a934275c9f49020e10d214973126d05910ec9c
taurocholate,direct_neighbor_ridge,upper_aerodigestive_tract,0,1,30,10.555086959756538,10.581850765498796,32d2e2f547f707a9f12d899e65a934275c9f49020e10d214973126d05910ec9c
taurocholate,direct_neighbor_ridge,urinary_tract,0,1,25,20.72876229238002,19.473248576008626,32d2e2f547f707a9f12d899e65a934275c9f49020e10d214973126d05910ec9c
taurocholate,direct_neighbor_ridge,large_intestine,0,2,55,53.68714895617544,54.075607445028986,659dce4f66bf4ee0228513d024a4e287e9f1aa3957152332b1483ab0af67cb42
taurocholate,direct_neighbor_ridge,oesophagus,0,2,25,18.493376815789368,17.343451640072697,659dce4f66bf4ee0228513d024a4e287e9f1aa3957152332b1483ab0af67cb42
taurocholate,direct_neighbor_ridge,pancreas,0,2,41,41.868937810353046,40.615296903162005,659dce4f66bf4ee0228513d024a4e287e9f1aa3957152332b1483ab0af67cb42
taurocholate,direct_neighbor_ridge,soft_tissue,0,2,18,31.028579562286634,30.59965396908025,659dce4f66bf4ee0228513d024a4e287e9f1aa3957152332b1483ab0af67cb42
taurocholate,direct_neighbor_ridge,stomach,0,2,37,24.6470978810941,25.688363024853523,659dce4f66bf4ee0228513d024a4e287e9f1aa3957152332b1483ab0af67cb42
taurocholate,direct_neighbor_ridge,breast,0,3,49,28.658109595154684,29.055493293072594,9492e163b6ef19b0563b1ce8302b8e8794e2e4c9c8031c62ff9774a3f63f6f58
taurocholate,direct_neighbor_ridge,central_nervous_system,0,3,49,22.65665429975934,22.70338424064386,9492e163b6ef19b0563b1ce8302b8e8794e2e4c9c8031c62ff9774a3f63f6f58
taurocholate,direct_neighbor_ridge,endometrium,0,3,28,41.19053310822161,41.92548728648634,9492e163b6ef19b0563b1ce8302b8e8794e2e4c9c8031c62ff9774a3f63f6f58
taurocholate,direct_neighbor_ridge,kidney,0,3,23,16.409830205074083,16.78167980643672,9492e163b6ef19b0563b1ce8302b8e8794e2e4c9c8031c62ff9774a3f63f6f58
taurocholate,direct_neighbor_ridge,liver,0,3,25,17.115649913630982,18.193144499576814,9492e163b6ef19b0563b1ce8302b8e8794e2e4c9c8031c62ff9774a3f63f6f58
taurocholate,direct_neighbor_ridge,lung,0,4,176,150.4908160265632,150.7844681298777,cf9883e99ee1b956d01c2cb42a4d284b982ce23065d3616a5e1cced359e41fb5
taurocholate,direct_neighbor_ridge,bone,1,0,19,24.82025780265233,26.280575706437556,32d2e2f547f707a9f12d899e65a934275c9f49020e10d214973126d05910ec9c
taurocholate,direct_neighbor_ridge,ovary,1,0,45,42.24469239080677,42.992769773464026,32d2e2f547f707a9f12d899e65a934275c9f49020e10d214973126d05910ec9c
taurocholate,direct_neighbor_ridge,skin,1,0,52,34.16054261502474,33.581275036701946,32d2e2f547f707a9f12d899e65a934275c9f49020e10d214973126d05910ec9c
taurocholate,direct_neighbor_ridge,upper_aerodigestive_tract,1,0,30,10.555086959756538,10.581850765498796,32d2e2f547f707a9f12d899e65a934275c9f49020e10d214973126d05910ec9c
taurocholate,direct_neighbor_ridge,urinary_tract,1,0,25,20.72876229238002,19.473248576008626,32d2e2f547f707a9f12d899e65a934275c9f49020e10d214973126d05910ec9c
taurocholate,direct_neighbor_ridge,lung,1,1,176,150.4908160265632,150.7844681298777,cf9883e99ee1b956d01c2cb42a4d284b982ce23065d3616a5e1cced359e41fb5
taurocholate,direct_neighbor_ridge,autonomic_ganglia,1,2,16,11.02073856261679,11.072078229791147,db1ab3680dcfc2deb10e2511ec28b70b27966d5a436d724be48267bcbf200acf
taurocholate,direct_neighbor_ridge,haematopoietic_and_lymphoid_tissue,1,2,163,326.2285165071992,324.34469059150825,db1ab3680dcfc2deb10e2511ec28b70b27966d5a436d724be48267bcbf200acf
taurocholate,direct_neighbor_ridge,large_intestine,1,3,55,53.68714895617544,54.075607445028986,659dce4f66bf4ee0228513d024a4e287e9f1aa3957152332b1483ab0af67cb42
taurocholate,direct_neighbor_ridge,oesophagus,1,3,25,18.493376815789368,17.343451640072697,659dce4f66bf4ee0228513d024a4e287e9f1aa3957152332b1483ab0af67cb42
taurocholate,direct_neighbor_ridge,pancreas,1,3,41,41.868937810353046,40.615296903162005,659dce4f66bf4ee0228513d024a4e287e9f1aa3957152332b1483ab0af67cb42
taurocholate,direct_neighbor_ridge,soft_tissue,1,3,18,31.028579562286634,30.59965396908025,659dce4f66bf4ee0228513d024a4e287e9f1aa3957152332b1483ab0af67cb42
taurocholate,direct_neighbor_ridge,stomach,1,3,37,24.6470978810941,25.688363024853523,659dce4f66bf4ee0228513d024a4e287e9f1aa3957152332b1483ab0af67cb42
taurocholate,direct_neighbor_ridge,breast,1,4,49,28.658109595154684,29.055493293072594,9492e163b6ef19b0563b1ce8302b8e8794e2e4c9c8031c62ff9774a3f63f6f58
taurocholate,direct_neighbor_ridge,central_nervous_system,1,4,49,22.65665429975934,22.70338424064386,9492e163b6ef19b0563b1ce8302b8e8794e2e4c9c8031c62ff9774a3f63f6f58
taurocholate,direct_neighbor_ridge,endometrium,1,4,28,41.19053310822161,41.92548728648634,9492e163b6ef19b0563b1ce8302b8e8794e2e4c9c8031c62ff9774a3f63f6f58
taurocholate,direct_neighbor_ridge,kidney,1,4,23,16.409830205074083,16.78167980643672,9492e163b6ef19b0563b1ce8302b8e8794e2e4c9c8031c62ff9774a3f63f6f58
taurocholate,direct_neighbor_ridge,liver,1,4,25,17.115649913630982,18.193144499576814,9492e163b6ef19b0563b1ce8302b8e8794e2e4c9c8031c62ff9774a3f63f6f58
thymidine,direct_neighbor_ridge,autonomic_ganglia,0,0,16,18.61841940842293,21.579914318510323,db1ab3680dcfc2deb10e2511ec28b70b27966d5a436d724be48267bcbf200acf
thymidine,direct_neighbor_ridge,haematopoietic_and_lymphoid_tissue,0,0,163,190.5948972043209,231.1969653293342,db1ab3680dcfc2deb10e2511ec28b70b27966d5a436d724be48267bcbf200acf
thymidine,direct_neighbor_ridge,bone,0,1,19,11.925872456745179,15.826318498660871,32d2e2f547f707a9f12d899e65a934275c9f49020e10d214973126d05910ec9c
thymidine,direct_neighbor_ridge,ovary,0,1,45,43.47700539053574,46.8864040795497,32d2e2f547f707a9f12d899e65a934275c9f49020e10d214973126d05910ec9c
thymidine,direct_neighbor_ridge,skin,0,1,52,36.73434608700111,36.33078662930328,32d2e2f547f707a9f12d899e65a934275c9f49020e10d214973126d05910ec9c
thymidine,direct_neighbor_ridge,upper_aerodigestive_tract,0,1,30,34.89688716360397,28.19890185773284,32d2e2f547f707a9f12d899e65a934275c9f49020e10d214973126d05910ec9c
thymidine,direct_neighbor_ridge,urinary_tract,0,1,25,9.888760589697489,11.699729954385138,32d2e2f547f707a9f12d899e65a934275c9f49020e10d214973126d05910ec9c
thymidine,direct_neighbor_ridge,large_intestine,0,2,55,37.162896981868045,44.54818728416636,659dce4f66bf4ee0228513d024a4e287e9f1aa3957152332b1483ab0af67cb42
thymidine,direct_neighbor_ridge,oesophagus,0,2,25,16.679514105862715,15.483760970298665,659dce4f66bf4ee0228513d024a4e287e9f1aa3957152332b1483ab0af67cb42
thymidine,direct_neighbor_ridge,pancreas,0,2,41,35.04470277430452,32.660640478381765,659dce4f66bf4ee0228513d024a4e287e9f1aa3957152332b1483ab0af67cb42
thymidine,direct_neighbor_ridge,soft_tissue,0,2,18,21.23435575503022,18.523745967289095,659dce4f66bf4ee0228513d024a4e287e9f1aa3957152332b1483ab0af67cb42
thymidine,direct_neighbor_ridge,stomach,0,2,37,37.96008623194266,41.71508455220039,659dce4f66bf4ee0228513d024a4e287e9f1aa3957152332b1483ab0af67cb42
thymidine,direct_neighbor_ridge,breast,0,3,49,52.1502427316726,38.89734363994975,9492e163b6ef19b0563b1ce8302b8e8794e2e4c9c8031c62ff9774a3f63f6f58
thymidine,direct_neighbor_ridge,central_nervous_system,0,3,49,60.956928142202756,73.48269484074962,9492e163b6ef19b0563b1ce8302b8e8794e2e4c9c8031c62ff9774a3f63f6f58
thymidine,direct_neighbor_ridge,endometrium,0,3,28,48.81185953836599,58.05986597793249,9492e163b6ef19b0563b1ce8302b8e8794e2e4c9c8031c62ff9774a3f63f6f58
thymidine,direct_neighbor_ridge,kidney,0,3,23,13.858291259698133,13.260598781788293,9492e163b6ef19b0563b1ce8302b8e8794e2e4c9c8031c62ff9774a3f63f6f58
thymidine,direct_neighbor_ridge,liver,0,3,25,21.526592080621946,24.407807295445682,9492e163b6ef19b0563b1ce8302b8e8794e2e4c9c8031c62ff9774a3f63f6f58
thymidine,direct_neighbor_ridge,lung,0,4,176,141.37677502994285,152.10782001186678,cf9883e99ee1b956d01c2cb42a4d284b982ce23065d3616a5e1cced359e41fb5
thymidine,direct_neighbor_ridge,bone,1,0,19,11.925872456745179,15.826318498660871,32d2e2f547f707a9f12d899e65a934275c9f49020e10d214973126d05910ec9c
thymidine,direct_neighbor_ridge,ovary,1,0,45,43.47700539053574,46.8864040795497,32d2e2f547f707a9f12d899e65a934275c9f49020e10d214973126d05910ec9c
thymidine,direct_neighbor_ridge,skin,1,0,52,36.73434608700111,36.33078662930328,32d2e2f547f707a9f12d899e65a934275c9f49020e10d214973126d05910ec9c
thymidine,direct_neighbor_ridge,upper_aerodigestive_tract,1,0,30,34.89688716360397,28.19890185773284,32d2e2f547f707a9f12d899e65a934275c9f49020e10d214973126d05910ec9c
thymidine,direct_neighbor_ridge,urinary_tract,1,0,25,9.888760589697489,11.699729954385138,32d2e2f547f707a9f12d899e65a934275c9f49020e10d214973126d05910ec9c
thymidine,direct_neighbor_ridge,lung,1,1,176,141.37677502994285,152.10782001186678,cf9883e99ee1b956d01c2cb42a4d284b982ce23065d3616a5e1cced359e41fb5
thymidine,direct_neighbor_ridge,autonomic_ganglia,1,2,16,18.61841940842293,21.579914318510323,db1ab3680dcfc2deb10e2511ec28b70b27966d5a436d724be48267bcbf200acf
thymidine,direct_neighbor_ridge,haematopoietic_and_lymphoid_tissue,1,2,163,190.5948972043209,231.1969653293342,db1ab3680dcfc2deb10e2511ec28b70b27966d5a436d724be48267bcbf200acf
thymidine,direct_neighbor_ridge,large_intestine,1,3,55,37.162896981868045,44.54818728416636,659dce4f66bf4ee0228513d024a4e287e9f1aa3957152332b1483ab0af67cb42
thymidine,direct_neighbor_ridge,oesophagus,1,3,25,16.679514105862715,15.483760970298665,659dce4f66bf4ee0228513d024a4e287e9f1aa3957152332b1483ab0af67cb42
thymidine,direct_neighbor_ridge,pancreas,1,3,41,35.04470277430452,32.660640478381765,659dce4f66bf4ee0228513d024a4e287e9f1aa3957152332b1483ab0af67cb42
thymidine,direct_neighbor_ridge,soft_tissue,1,3,18,21.23435575503022,18.523745967289095,659dce4f66bf4ee0228513d024a4e287e9f1aa3957152332b1483ab0af67cb42
thymidine,direct_neighbor_ridge,stomach,1,3,37,37.96008623194266,41.71508455220039,659dce4f66bf4ee0228513d024a4e287e9f1aa3957152332b1483ab0af67cb42
thymidine,direct_neighbor_ridge,breast,1,4,49,52.12807737093953,38.89734363994975,9492e163b6ef19b0563b1ce8302b8e8794e2e4c9c8031c62ff9774a3f63f6f58
thymidine,direct_neighbor_ridge,central_nervous_system,1,4,49,60.96988417753662,73.48269484074962,9492e163b6ef19b0563b1ce8302b8e8794e2e4c9c8031c62ff9774a3f63f6f58
thymidine,direct_neighbor_ridge,endometrium,1,4,28,48.82170412127918,58.05986597793249,9492e163b6ef19b0563b1ce8302b8e8794e2e4c9c8031c62ff9774a3f63f6f58
thymidine,direct_neighbor_ridge,kidney,1,4,23,13.856701559571231,13.260598781788293,9492e163b6ef19b0563b1ce8302b8e8794e2e4c9c8031c62ff9774a3f63f6f58
thymidine,direct_neighbor_ridge,liver,1,4,25,21.52857373205439,24.407807295445682,9492e163b6ef19b0563b1ce8302b8e8794e2e4c9c8031c62ff9774a3f63f6f58
thymine,direct_neighbor_ridge,autonomic_ganglia,0,0,16,41.02046105685241,42.13931336335272,db1ab3680dcfc2deb10e2511ec28b70b27966d5a436d724be48267bcbf200acf
thymine,direct_neighbor_ridge,haematopoietic_and_lymphoid_tissue,0,0,163,140.44704211400676,142.7932765499095,db1ab3680dcfc2deb10e2511ec28b70b27966d5a436d724be48267bcbf200acf
thymine,direct_neighbor_ridge,bone,0,1,19,16.017773290004104,16.636504274411987,32d2e2f547f707a9f12d899e65a934275c9f49020e10d214973126d05910ec9c
thymine,direct_neighbor_ridge,ovary,0,1,45,32.36548966712669,32.49660839041837,32d2e2f547f707a9f12d899e65a934275c9f49020e10d214973126d05910ec9c
thymine,direct_neighbor_ridge,skin,0,1,52,41.39741610262598,37.34311088657257,32d2e2f547f707a9f12d899e65a934275c9f49020e10d214973126d05910ec9c
thymine,direct_neighbor_ridge,upper_aerodigestive_tract,0,1,30,31.54250723432187,31.23431525264369,32d2e2f547f707a9f12d899e65a934275c9f49020e10d214973126d05910ec9c
thymine,direct_neighbor_ridge,urinary_tract,0,1,25,25.23085707732935,24.768642182789232,32d2e2f547f707a9f12d899e65a934275c9f49020e10d214973126d05910ec9c
thymine,direct_neighbor_ridge,large_intestine,0,2,55,56.165051226835736,61.19542669443397,659dce4f66bf4ee0228513d024a4e287e9f1aa3957152332b1483ab0af67cb42
thymine,direct_neighbor_ridge,oesophagus,0,2,25,26.57311445359851,26.323345250115153,659dce4f66bf4ee0228513d024a4e287e9f1aa3957152332b1483ab0af67cb42
thymine,direct_neighbor_ridge,pancreas,0,2,41,55.54695945611631,57.484257388470745,659dce4f66bf4ee0228513d024a4e287e9f1aa3957152332b1483ab0af67cb42
thymine,direct_neighbor_ridge,soft_tissue,0,2,18,9.329423979320376,9.98681694541632,659dce4f66bf4ee0228513d024a4e287e9f1aa3957152332b1483ab0af67cb42
thymine,direct_neighbor_ridge,stomach,0,2,37,36.606539688778,37.547448950182805,659dce4f66bf4ee0228513d024a4e287e9f1aa3957152332b1483ab0af67cb42
thymine,direct_neighbor_ridge,breast,0,3,49,61.86529322065455,64.39717046419983,9492e163b6ef19b0563b1ce8302b8e8794e2e4c9c8031c62ff9774a3f63f6f58
thymine,direct_neighbor_ridge,central_nervous_system,0,3,49,48.83054835169362,49.381075630545894,9492e163b6ef19b0563b1ce8302b8e8794e2e4c9c8031c62ff9774a3f63f6f58
thymine,direct_neighbor_ridge,endometrium,0,3,28,48.888579817615025,48.807006206222724,9492e163b6ef19b0563b1ce8302b8e8794e2e4c9c8031c62ff9774a3f63f6f58
thymine,direct_neighbor_ridge,kidney,0,3,23,25.03830382304335,24.537842383914896,9492e163b6ef19b0563b1ce8302b8e8794e2e4c9c8031c62ff9774a3f63f6f58
thymine,direct_neighbor_ridge,liver,0,3,25,30.250917852895093,29.540717714900396,9492e163b6ef19b0563b1ce8302b8e8794e2e4c9c8031c62ff9774a3f63f6f58
thymine,direct_neighbor_ridge,lung,0,4,176,148.4671281716847,146.32009165738086,cf9883e99ee1b956d01c2cb42a4d284b982ce23065d3616a5e1cced359e41fb5
thymine,direct_neighbor_ridge,bone,1,0,19,16.017773290004104,16.636504274411987,32d2e2f547f707a9f12d899e65a934275c9f49020e10d214973126d05910ec9c
thymine,direct_neighbor_ridge,ovary,1,0,45,32.36548966712669,32.49660839041837,32d2e2f547f707a9f12d899e65a934275c9f49020e10d214973126d05910ec9c
thymine,direct_neighbor_ridge,skin,1,0,52,41.39741610262598,37.34311088657257,32d2e2f547f707a9f12d899e65a934275c9f49020e10d214973126d05910ec9c
thymine,direct_neighbor_ridge,upper_aerodigestive_tract,1,0,30,31.54250723432187,31.23431525264369,32d2e2f547f707a9f12d899e65a934275c9f49020e10d214973126d05910ec9c
thymine,direct_neighbor_ridge,urinary_tract,1,0,25,25.23085707732935,24.768642182789232,32d2e2f547f707a9f12d899e65a934275c9f49020e10d214973126d05910ec9c
thymine,direct_neighbor_ridge,lung,1,1,176,148.4671281716847,146.32009165738086,cf9883e99ee1b956d01c2cb42a4d284b982ce23065d3616a5e1cced359e41fb5
thymine,direct_neighbor_ridge,autonomic_ganglia,1,2,16,41.02046105685241,42.13931336335272,db1ab3680dcfc2deb10e2511ec28b70b27966d5a436d724be48267bcbf200acf
thymine,direct_neighbor_ridge,haematopoietic_and_lymphoid_tissue,1,2,163,140.44704211400676,142.7932765499095,db1ab3680dcfc2deb10e2511ec28b70b27966d5a436d724be48267bcbf200acf
thymine,direct_neighbor_ridge,large_intestine,1,3,55,56.165051226835736,61.19542669443397,659dce4f66bf4ee0228513d024a4e287e9f1aa3957152332b1483ab0af67cb42
thymine,direct_neighbor_ridge,oesophagus,1,3,25,26.57311445359851,26.323345250115153,659dce4f66bf4ee0228513d024a4e287e9f1aa3957152332b1483ab0af67cb42
thymine,direct_neighbor_ridge,pancreas,1,3,41,55.54695945611631,57.484257388470745,659dce4f66bf4ee0228513d024a4e287e9f1aa3957152332b1483ab0af67cb42
thymine,direct_neighbor_ridge,soft_tissue,1,3,18,9.329423979320376,9.98681694541632,659dce4f66bf4ee0228513d024a4e287e9f1aa3957152332b1483ab0af67cb42
thymine,direct_neighbor_ridge,stomach,1,3,37,36.606539688778,37.547448950182805,659dce4f66bf4ee0228513d024a4e287e9f1aa3957152332b1483ab0af67cb42
thymine,direct_neighbor_ridge,breast,1,4,49,61.86529322065455,64.39717046419983,9492e163b6ef19b0563b1ce8302b8e8794e2e4c9c8031c62ff9774a3f63f6f58
thymine,direct_neighbor_ridge,central_nervous_system,1,4,49,48.83054835169362,49.381075630545894,9492e163b6ef19b0563b1ce8302b8e8794e2e4c9c8031c62ff9774a3f63f6f58
thymine,direct_neighbor_ridge,endometrium,1,4,28,48.888579817615025,48.807006206222724,9492e163b6ef19b0563b1ce8302b8e8794e2e4c9c8031c62ff9774a3f63f6f58
thymine,direct_neighbor_ridge,kidney,1,4,23,25.03830382304335,24.537842383914896,9492e163b6ef19b0563b1ce8302b8e8794e2e4c9c8031c62ff9774a3f63f6f58
thymine,direct_neighbor_ridge,liver,1,4,25,30.250917852895093,29.540717714900396,9492e163b6ef19b0563b1ce8302b8e8794e2e4c9c8031c62ff9774a3f63f6f58
thyroxine,direct_neighbor_ridge,autonomic_ganglia,0,0,16,15.591167474170526,15.40492572771767,db1ab3680dcfc2deb10e2511ec28b70b27966d5a436d724be48267bcbf200acf
thyroxine,direct_neighbor_ridge,haematopoietic_and_lymphoid_tissue,0,0,163,408.807473649801,403.00036280182076,db1ab3680dcfc2deb10e2511ec28b70b27966d5a436d724be48267bcbf200acf
thyroxine,direct_neighbor_ridge,bone,0,1,19,16.202326695439098,13.788549408054706,32d2e2f547f707a9f12d899e65a934275c9f49020e10d214973126d05910ec9c
thyroxine,direct_neighbor_ridge,ovary,0,1,45,39.89208010648631,39.994568391613825,32d2e2f547f707a9f12d899e65a934275c9f49020e10d214973126d05910ec9c
thyroxine,direct_neighbor_ridge,skin,0,1,52,38.7282570782537,37.84583317975304,32d2e2f547f707a9f12d899e65a934275c9f49020e10d214973126d05910ec9c
thyroxine,direct_neighbor_ridge,upper_aerodigestive_tract,0,1,30,20.13103565021041,18.718161824870098,32d2e2f547f707a9f12d899e65a934275c9f49020e10d214973126d05910ec9c
thyroxine,direct_neighbor_ridge,urinary_tract,0,1,25,14.501669010486047,13.48843693475817,32d2e2f547f707a9f12d899e65a934275c9f49020e10d214973126d05910ec9c
thyroxine,direct_neighbor_ridge,large_intestine,0,2,55,60.39791459571327,58.978927431708655,659dce4f66bf4ee0228513d024a4e287e9f1aa3957152332b1483ab0af67cb42
thyroxine,direct_neighbor_ridge,oesophagus,0,2,25,13.344325286639204,13.560858961946117,659dce4f66bf4ee0228513d024a4e287e9f1aa3957152332b1483ab0af67cb42
thyroxine,direct_neighbor_ridge,pancreas,0,2,41,30.711775411568077,32.127641118309995,659dce4f66bf4ee0228513d024a4e287e9f1aa3957152332b1483ab0af67cb42
thyroxine,direct_neighbor_ridge,soft_tissue,0,2,18,14.012355852826603,14.328350831834657,659dce4f66bf4ee0228513d024a4e287e9f1aa3957152332b1483ab0af67cb42
thyroxine,direct_neighbor_ridge,stomach,0,2,37,64.57261255886411,59.42522439923218,659dce4f66bf4ee0228513d024a4e287e9f1aa3957152332b1483ab0af67cb42
thyroxine,direct_neighbor_ridge,breast,0,3,49,52.675737140964756,53.56313837767444,9492e163b6ef19b0563b1ce8302b8e8794e2e4c9c8031c62ff9774a3f63f6f58
thyroxine,direct_neighbor_ridge,central_nervous_system,0,3,49,47.23539518544695,42.31615127021579,9492e163b6ef19b0563b1ce8302b8e8794e2e4c9c8031c62ff9774a3f63f6f58
thyroxine,direct_neighbor_ridge,endometrium,0,3,28,30.63042753527354,32.39008430499126,9492e163b6ef19b0563b1ce8302b8e8794e2e4c9c8031c62ff9774a3f63f6f58
thyroxine,direct_neighbor_ridge,kidney,0,3,23,12.68279542361412,11.049388818373123,9492e163b6ef19b0563b1ce8302b8e8794e2e4c9c8031c62ff9774a3f63f6f58
thyroxine,direct_neighbor_ridge,liver,0,3,25,21.0919649388651,20.72671093334933,9492e163b6ef19b0563b1ce8302b8e8794e2e4c9c8031c62ff9774a3f63f6f58
thyroxine,direct_neighbor_ridge,lung,0,4,176,133.56667838458108,136.2879049959858,cf9883e99ee1b956d01c2cb42a4d284b982ce23065d3616a5e1cced359e41fb5
thyroxine,direct_neighbor_ridge,bone,1,0,19,16.202326695439098,13.788549408054706,32d2e2f547f707a9f12d899e65a934275c9f49020e10d214973126d05910ec9c
thyroxine,direct_neighbor_ridge,ovary,1,0,45,39.89208010648631,39.994568391613825,32d2e2f547f707a9f12d899e65a934275c9f49020e10d214973126d05910ec9c
thyroxine,direct_neighbor_ridge,skin,1,0,52,38.7282570782537,37.84583317975304,32d2e2f547f707a9f12d899e65a934275c9f49020e10d214973126d05910ec9c
thyroxine,direct_neighbor_ridge,upper_aerodigestive_tract,1,0,30,20.13103565021041,18.718161824870098,32d2e2f547f707a9f12d899e65a934275c9f49020e10d214973126d05910ec9c
thyroxine,direct_neighbor_ridge,urinary_tract,1,0,25,14.501669010486047,13.48843693475817,32d2e2f547f707a9f12d899e65a934275c9f49020e10d214973126d05910ec9c
thyroxine,direct_neighbor_ridge,lung,1,1,176,133.56667838458108,136.2879049959858,cf9883e99ee1b956d01c2cb42a4d284b982ce23065d3616a5e1cced359e41fb5
thyroxine,direct_neighbor_ridge,autonomic_ganglia,1,2,16,15.591167474170526,15.40492572771767,db1ab3680dcfc2deb10e2511ec28b70b27966d5a436d724be48267bcbf200acf
thyroxine,direct_neighbor_ridge,haematopoietic_and_lymphoid_tissue,1,2,163,408.807473649801,403.00036280182076,db1ab3680dcfc2deb10e2511ec28b70b27966d5a436d724be48267bcbf200acf
thyroxine,direct_neighbor_ridge,large_intestine,1,3,55,60.39791459571327,58.978927431708655,659dce4f66bf4ee0228513d024a4e287e9f1aa3957152332b1483ab0af67cb42
thyroxine,direct_neighbor_ridge,oesophagus,1,3,25,13.344325286639204,13.560858961946117,659dce4f66bf4ee0228513d024a4e287e9f1aa3957152332b1483ab0af67cb42
thyroxine,direct_neighbor_ridge,pancreas,1,3,41,30.711775411568077,32.127641118309995,659dce4f66bf4ee0228513d024a4e287e9f1aa3957152332b1483ab0af67cb42
thyroxine,direct_neighbor_ridge,soft_tissue,1,3,18,14.012355852826603,14.328350831834657,659dce4f66bf4ee0228513d024a4e287e9f1aa3957152332b1483ab0af67cb42
thyroxine,direct_neighbor_ridge,stomach,1,3,37,64.57261255886411,59.42522439923218,659dce4f66bf4ee0228513d024a4e287e9f1aa3957152332b1483ab0af67cb42
thyroxine,direct_neighbor_ridge,breast,1,4,49,52.675737140964756,53.56313837767444,9492e163b6ef19b0563b1ce8302b8e8794e2e4c9c8031c62ff9774a3f63f6f58
thyroxine,direct_neighbor_ridge,central_nervous_system,1,4,49,47.23539518544695,42.31615127021579,9492e163b6ef19b0563b1ce8302b8e8794e2e4c9c8031c62ff9774a3f63f6f58
thyroxine,direct_neighbor_ridge,endometrium,1,4,28,30.63042753527354,32.39008430499126,9492e163b6ef19b0563b1ce8302b8e8794e2e4c9c8031c62ff9774a3f63f6f58
thyroxine,direct_neighbor_ridge,kidney,1,4,23,12.68279542361412,11.049388818373123,9492e163b6ef19b0563b1ce8302b8e8794e2e4c9c8031c62ff9774a3f63f6f58
thyroxine,direct_neighbor_ridge,liver,1,4,25,21.0919649388651,20.72671093334933,9492e163b6ef19b0563b1ce8302b8e8794e2e4c9c8031c62ff9774a3f63f6f58
trimethylamine-N-oxide,direct_neighbor_ridge,autonomic_ganglia,0,0,16,16.33434146002574,16.042364743280093,db1ab3680dcfc2deb10e2511ec28b70b27966d5a436d724be48267bcbf200acf
trimethylamine-N-oxide,direct_neighbor_ridge,haematopoietic_and_lymphoid_tissue,0,0,163,360.0426989975217,322.5232551391506,db1ab3680dcfc2deb10e2511ec28b70b27966d5a436d724be48267bcbf200acf
trimethylamine-N-oxide,direct_neighbor_ridge,bone,0,1,19,8.360159510010389,8.354708986616746,32d2e2f547f707a9f12d899e65a934275c9f49020e10d214973126d05910ec9c
trimethylamine-N-oxide,direct_neighbor_ridge,ovary,0,1,45,24.570512936536662,24.5548292839874,32d2e2f547f707a9f12d899e65a934275c9f49020e10d214973126d05910ec9c
trimethylamine-N-oxide,direct_neighbor_ridge,skin,0,1,52,15.166812509069127,15.161771526238663,32d2e2f547f707a9f12d899e65a934275c9f49020e10d214973126d05910ec9c
trimethylamine-N-oxide,direct_neighbor_ridge,upper_aerodigestive_tract,0,1,30,10.289018141788992,10.280298171753588,32d2e2f547f707a9f12d899e65a934275c9f49020e10d214973126d05910ec9c
trimethylamine-N-oxide,direct_neighbor_ridge,urinary_tract,0,1,25,9.17014041935465,9.161731428672718,32d2e2f547f707a9f12d899e65a934275c9f49020e10d214973126d05910ec9c
trimethylamine-N-oxide,direct_neighbor_ridge,large_intestine,0,2,55,16.299019574597516,16.107369426224352,659dce4f66bf4ee0228513d024a4e287e9f1aa3957152332b1483ab0af67cb42
trimethylamine-N-oxide,direct_neighbor_ridge,oesophagus,0,2,25,12.039214958049339,12.128506705711338,659dce4f66bf4ee0228513d024a4e287e9f1aa3957152332b1483ab0af67cb42
trimethylamine-N-oxide,direct_neighbor_ridge,pancreas,0,2,41,21.08287114856401,20.98993669377335,659dce4f66bf4ee0228513d024a4e287e9f1aa3957152332b1483ab0af67cb42
trimethylamine-N-oxide,direct_neighbor_ridge,soft_tissue,0,2,18,8.478505606760425,8.641144832438014,659dce4f66bf4ee0228513d024a4e287e9f1aa3957152332b1483ab0af67cb42
trimethylamine-N-oxide,direct_neighbor_ridge,stomach,0,2,37,16.60962310662097,16.228104483554393,659dce4f66bf4ee0228513d024a4e287e9f1aa3957152332b1483ab0af67cb42
trimethylamine-N-oxide,direct_neighbor_ridge,breast,0,3,49,25.342929318600778,23.202762346140773,9492e163b6ef19b0563b1ce8302b8e8794e2e4c9c8031c62ff9774a3f63f6f58
trimethylamine-N-oxide,direct_neighbor_ridge,central_nervous_system,0,3,49,20.51415232975794,19.337048178611173,9492e163b6ef19b0563b1ce8302b8e8794e2e4c9c8031c62ff9774a3f63f6f58
trimethylamine-N-oxide,direct_neighbor_ridge,endometrium,0,3,28,9.685912889522191,9.199409058455924,9492e163b6ef19b0563b1ce8302b8e8794e2e4c9c8031c62ff9774a3f63f6f58
trimethylamine-N-oxide,direct_neighbor_ridge,kidney,0,3,23,7.681559825881906,7.5372756319292264,9492e163b6ef19b0563b1ce8302b8e8794e2e4c9c8031c62ff9774a3f63f6f58
trimethylamine-N-oxide,direct_neighbor_ridge,liver,0,3,25,8.466877915794251,7.854551247289013,9492e163b6ef19b0563b1ce8302b8e8794e2e4c9c8031c62ff9774a3f63f6f58
trimethylamine-N-oxide,direct_neighbor_ridge,lung,0,4,176,638.3693545945982,638.6174579923332,cf9883e99ee1b956d01c2cb42a4d284b982ce23065d3616a5e1cced359e41fb5
trimethylamine-N-oxide,direct_neighbor_ridge,bone,1,0,19,8.360159510010389,8.354708986616746,32d2e2f547f707a9f12d899e65a934275c9f49020e10d214973126d05910ec9c
trimethylamine-N-oxide,direct_neighbor_ridge,ovary,1,0,45,24.570512936536662,24.5548292839874,32d2e2f547f707a9f12d899e65a934275c9f49020e10d214973126d05910ec9c
trimethylamine-N-oxide,direct_neighbor_ridge,skin,1,0,52,15.166812509069127,15.161771526238663,32d2e2f547f707a9f12d899e65a934275c9f49020e10d214973126d05910ec9c
trimethylamine-N-oxide,direct_neighbor_ridge,upper_aerodigestive_tract,1,0,30,10.289018141788992,10.280298171753588,32d2e2f547f707a9f12d899e65a934275c9f49020e10d214973126d05910ec9c
trimethylamine-N-oxide,direct_neighbor_ridge,urinary_tract,1,0,25,9.17014041935465,9.161731428672718,32d2e2f547f707a9f12d899e65a934275c9f49020e10d214973126d05910ec9c
trimethylamine-N-oxide,direct_neighbor_ridge,lung,1,1,176,638.3693545945982,638.6174579923332,cf9883e99ee1b956d01c2cb42a4d284b982ce23065d3616a5e1cced359e41fb5
trimethylamine-N-oxide,direct_neighbor_ridge,autonomic_ganglia,1,2,16,16.33434146002574,16.042364743280093,db1ab3680dcfc2deb10e2511ec28b70b27966d5a436d724be48267bcbf200acf
trimethylamine-N-oxide,direct_neighbor_ridge,haematopoietic_and_lymphoid_tissue,1,2,163,360.0426989975217,322.5232551391506,db1ab3680dcfc2deb10e2511ec28b70b27966d5a436d724be48267bcbf200acf
trimethylamine-N-oxide,direct_neighbor_ridge,large_intestine,1,3,55,16.299019574597516,16.107369426224352,659dce4f66bf4ee0228513d024a4e287e9f1aa3957152332b1483ab0af67cb42
trimethylamine-N-oxide,direct_neighbor_ridge,oesophagus,1,3,25,12.039214958049339,12.128506705711338,659dce4f66bf4ee0228513d024a4e287e9f1aa3957152332b1483ab0af67cb42
trimethylamine-N-oxide,direct_neighbor_ridge,pancreas,1,3,41,21.08287114856401,20.98993669377335,659dce4f66bf4ee0228513d024a4e287e9f1aa3957152332b1483ab0af67cb42
trimethylamine-N-oxide,direct_neighbor_ridge,soft_tissue,1,3,18,8.478505606760425,8.641144832438014,659dce4f66bf4ee0228513d024a4e287e9f1aa3957152332b1483ab0af67cb42
trimethylamine-N-oxide,direct_neighbor_ridge,stomach,1,3,37,16.60962310662097,16.228104483554393,659dce4f66bf4ee0228513d024a4e287e9f1aa3957152332b1483ab0af67cb42
trimethylamine-N-oxide,direct_neighbor_ridge,breast,1,4,49,25.342929318600778,23.202762346140773,9492e163b6ef19b0563b1ce8302b8e8794e2e4c9c8031c62ff9774a3f63f6f58
trimethylamine-N-oxide,direct_neighbor_ridge,central_nervous_system,1,4,49,20.51415232975794,19.337048178611173,9492e163b6ef19b0563b1ce8302b8e8794e2e4c9c8031c62ff9774a3f63f6f58
trimethylamine-N-oxide,direct_neighbor_ridge,endometrium,1,4,28,9.685912889522191,9.199409058455924,9492e163b6ef19b0563b1ce8302b8e8794e2e4c9c8031c62ff9774a3f63f6f58
trimethylamine-N-oxide,direct_neighbor_ridge,kidney,1,4,23,7.681559825881906,7.5372756319292264,9492e163b6ef19b0563b1ce8302b8e8794e2e4c9c8031c62ff9774a3f63f6f58
trimethylamine-N-oxide,direct_neighbor_ridge,liver,1,4,25,8.466877915794251,7.854551247289013,9492e163b6ef19b0563b1ce8302b8e8794e2e4c9c8031c62ff9774a3f63f6f58
tyrosine,direct_neighbor_ridge,autonomic_ganglia,0,0,16,15.531433777204708,15.544642051099757,db1ab3680dcfc2deb10e2511ec28b70b27966d5a436d724be48267bcbf200acf
tyrosine,direct_neighbor_ridge,haematopoietic_and_lymphoid_tissue,0,0,163,412.7678407223859,413.40928155551467,db1ab3680dcfc2deb10e2511ec28b70b27966d5a436d724be48267bcbf200acf
tyrosine,direct_neighbor_ridge,bone,0,1,19,20.188210932282814,19.85395414079074,32d2e2f547f707a9f12d899e65a934275c9f49020e10d214973126d05910ec9c
tyrosine,direct_neighbor_ridge,ovary,0,1,45,27.840756988365833,27.97316390361615,32d2e2f547f707a9f12d899e65a934275c9f49020e10d214973126d05910ec9c
tyrosine,direct_neighbor_ridge,skin,0,1,52,36.22787111884532,37.452778840989815,32d2e2f547f707a9f12d899e65a934275c9f49020e10d214973126d05910ec9c
tyrosine,direct_neighbor_ridge,upper_aerodigestive_tract,0,1,30,39.73419973720051,40.284647236250194,32d2e2f547f707a9f12d899e65a934275c9f49020e10d214973126d05910ec9c
tyrosine,direct_neighbor_ridge,urinary_tract,0,1,25,33.06294694382845,33.073751329041045,32d2e2f547f707a9f12d899e65a934275c9f49020e10d214973126d05910ec9c
tyrosine,direct_neighbor_ridge,large_intestine,0,2,55,76.08816794283491,71.36971747198888,659dce4f66bf4ee0228513d024a4e287e9f1aa3957152332b1483ab0af67cb42
tyrosine,direct_neighbor_ridge,oesophagus,0,2,25,4.271568955447248,4.177262339914016,659dce4f66bf4ee0228513d024a4e287e9f1aa3957152332b1483ab0af67cb42
tyrosine,direct_neighbor_ridge,pancreas,0,2,41,22.84004161936225,23.851319522580063,659dce4f66bf4ee0228513d024a4e287e9f1aa3957152332b1483ab0af67cb42
tyrosine,direct_neighbor_ridge,soft_tissue,0,2,18,21.699807077963104,21.057053712439323,659dce4f66bf4ee0228513d024a4e287e9f1aa3957152332b1483ab0af67cb42
tyrosine,direct_neighbor_ridge,stomach,0,2,37,30.796087520035726,28.488603413286263,659dce4f66bf4ee0228513d024a4e287e9f1aa3957152332b1483ab0af67cb42
tyrosine,direct_neighbor_ridge,breast,0,3,49,36.11891888718635,36.24607981676664,9492e163b6ef19b0563b1ce8302b8e8794e2e4c9c8031c62ff9774a3f63f6f58
tyrosine,direct_neighbor_ridge,central_nervous_system,0,3,49,40.60503400451518,43.178128683923795,9492e163b6ef19b0563b1ce8302b8e8794e2e4c9c8031c62ff9774a3f63f6f58
tyrosine,direct_neighbor_ridge,endometrium,0,3,28,20.802534926444835,19.823761968507867,9492e163b6ef19b0563b1ce8302b8e8794e2e4c9c8031c62ff9774a3f63f6f58
tyrosine,direct_neighbor_ridge,kidney,0,3,23,14.371467546754019,14.146434777526645,9492e163b6ef19b0563b1ce8302b8e8794e2e4c9c8031c62ff9774a3f63f6f58
tyrosine,direct_neighbor_ridge,liver,0,3,25,29.225324047030014,28.20579672887086,9492e163b6ef19b0563b1ce8302b8e8794e2e4c9c8031c62ff9774a3f63f6f58
tyrosine,direct_neighbor_ridge,lung,0,4,176,174.2015389263821,175.1753960867859,cf9883e99ee1b956d01c2cb42a4d284b982ce23065d3616a5e1cced359e41fb5
tyrosine,direct_neighbor_ridge,bone,1,0,19,20.188210932282814,19.85395414079074,32d2e2f547f707a9f12d899e65a934275c9f49020e10d214973126d05910ec9c
tyrosine,direct_neighbor_ridge,ovary,1,0,45,27.840756988365833,27.97316390361615,32d2e2f547f707a9f12d899e65a934275c9f49020e10d214973126d05910ec9c
tyrosine,direct_neighbor_ridge,skin,1,0,52,36.22787111884532,37.452778840989815,32d2e2f547f707a9f12d899e65a934275c9f49020e10d214973126d05910ec9c
tyrosine,direct_neighbor_ridge,upper_aerodigestive_tract,1,0,30,39.73419973720051,40.284647236250194,32d2e2f547f707a9f12d899e65a934275c9f49020e10d214973126d05910ec9c
tyrosine,direct_neighbor_ridge,urinary_tract,1,0,25,33.06294694382845,33.073751329041045,32d2e2f547f707a9f12d899e65a934275c9f49020e10d214973126d05910ec9c
tyrosine,direct_neighbor_ridge,lung,1,1,176,174.2015389263821,175.1753960867859,cf9883e99ee1b956d01c2cb42a4d284b982ce23065d3616a5e1cced359e41fb5
tyrosine,direct_neighbor_ridge,autonomic_ganglia,1,2,16,15.531433777204708,15.544642051099757,db1ab3680dcfc2deb10e2511ec28b70b27966d5a436d724be48267bcbf200acf
tyrosine,direct_neighbor_ridge,haematopoietic_and_lymphoid_tissue,1,2,163,412.7678407223859,413.40928155551467,db1ab3680dcfc2deb10e2511ec28b70b27966d5a436d724be48267bcbf200acf
tyrosine,direct_neighbor_ridge,large_intestine,1,3,55,76.08816794283491,71.36971747198888,659dce4f66bf4ee0228513d024a4e287e9f1aa3957152332b1483ab0af67cb42
tyrosine,direct_neighbor_ridge,oesophagus,1,3,25,4.271568955447248,4.177262339914016,659dce4f66bf4ee0228513d024a4e287e9f1aa3957152332b1483ab0af67cb42
tyrosine,direct_neighbor_ridge,pancreas,1,3,41,22.84004161936225,23.851319522580063,659dce4f66bf4ee0228513d024a4e287e9f1aa3957152332b1483ab0af67cb42
tyrosine,direct_neighbor_ridge,soft_tissue,1,3,18,21.699807077963104,21.057053712439323,659dce4f66bf4ee0228513d024a4e287e9f1aa3957152332b1483ab0af67cb42
tyrosine,direct_neighbor_ridge,stomach,1,3,37,30.796087520035726,28.488603413286263,659dce4f66bf4ee0228513d024a4e287e9f1aa3957152332b1483ab0af67cb42
tyrosine,direct_neighbor_ridge,breast,1,4,49,36.11891888718635,36.24607981676664,9492e163b6ef19b0563b1ce8302b8e8794e2e4c9c8031c62ff9774a3f63f6f58
tyrosine,direct_neighbor_ridge,central_nervous_system,1,4,49,40.60503400451518,43.178128683923795,9492e163b6ef19b0563b1ce8302b8e8794e2e4c9c8031c62ff9774a3f63f6f58
tyrosine,direct_neighbor_ridge,endometrium,1,4,28,20.802534926444835,19.823761968507867,9492e163b6ef19b0563b1ce8302b8e8794e2e4c9c8031c62ff9774a3f63f6f58
tyrosine,direct_neighbor_ridge,kidney,1,4,23,14.371467546754019,14.146434777526645,9492e163b6ef19b0563b1ce8302b8e8794e2e4c9c8031c62ff9774a3f63f6f58
tyrosine,direct_neighbor_ridge,liver,1,4,25,29.225324047030014,28.20579672887086,9492e163b6ef19b0563b1ce8302b8e8794e2e4c9c8031c62ff9774a3f63f6f58
uracil,direct_neighbor_ridge,autonomic_ganglia,0,0,16,16.666414354380223,16.82185954687959,db1ab3680dcfc2deb10e2511ec28b70b27966d5a436d724be48267bcbf200acf
uracil,direct_neighbor_ridge,haematopoietic_and_lymphoid_tissue,0,0,163,390.9897024284689,499.46240894103335,db1ab3680dcfc2deb10e2511ec28b70b27966d5a436d724be48267bcbf200acf
uracil,direct_neighbor_ridge,bone,0,1,19,11.361357625529683,13.01795311399038,32d2e2f547f707a9f12d899e65a934275c9f49020e10d214973126d05910ec9c
uracil,direct_neighbor_ridge,ovary,0,1,45,21.055980383667574,31.211956103888646,32d2e2f547f707a9f12d899e65a934275c9f49020e10d214973126d05910ec9c
uracil,direct_neighbor_ridge,skin,0,1,52,30.391092734594558,29.39402785904294,32d2e2f547f707a9f12d899e65a934275c9f49020e10d214973126d05910ec9c
uracil,direct_neighbor_ridge,upper_aerodigestive_tract,0,1,30,32.431255356149734,23.783735421289588,32d2e2f547f707a9f12d899e65a934275c9f49020e10d214973126d05910ec9c
uracil,direct_neighbor_ridge,urinary_tract,0,1,25,16.08583835702095,16.40031026674138,32d2e2f547f707a9f12d899e65a934275c9f49020e10d214973126d05910ec9c
uracil,direct_neighbor_ridge,large_intestine,0,2,55,46.775635669551995,45.84466186871446,659dce4f66bf4ee0228513d024a4e287e9f1aa3957152332b1483ab0af67cb42
uracil,direct_neighbor_ridge,oesophagus,0,2,25,11.415092741834384,11.16378124041895,659dce4f66bf4ee0228513d024a4e287e9f1aa3957152332b1483ab0af67cb42
uracil,direct_neighbor_ridge,pancreas,0,2,41,39.4450240746753,49.286012332937624,659dce4f66bf4ee0228513d024a4e287e9f1aa3957152332b1483ab0af67cb42
uracil,direct_neighbor_ridge,soft_tissue,0,2,18,14.990694186252966,13.664384441281623,659dce4f66bf4ee0228513d024a4e287e9f1aa3957152332b1483ab0af67cb42
uracil,direct_neighbor_ridge,stomach,0,2,37,24.267417987424988,30.89146102242392,659dce4f66bf4ee0228513d024a4e287e9f1aa3957152332b1483ab0af67cb42
uracil,direct_neighbor_ridge,breast,0,3,49,24.507199409428015,46.008473116013214,9492e163b6ef19b0563b1ce8302b8e8794e2e4c9c8031c62ff9774a3f63f6f58
uracil,direct_neighbor_ridge,central_nervous_system,0,3,49,34.98022203532113,35.76234010271959,9492e163b6ef19b0563b1ce8302b8e8794e2e4c9c8031c62ff9774a3f63f6f58
uracil,direct_neighbor_ridge,endometrium,0,3,28,13.947637367704349,20.23602638942212,9492e163b6ef19b0563b1ce8302b8e8794e2e4c9c8031c62ff9774a3f63f6f58
uracil,direct_neighbor_ridge,kidney,0,3,23,12.132654411132075,12.109542677375716,9492e163b6ef19b0563b1ce8302b8e8794e2e4c9c8031c62ff9774a3f63f6f58
uracil,direct_neighbor_ridge,liver,0,3,25,17.428450116640796,20.53331403289586,9492e163b6ef19b0563b1ce8302b8e8794e2e4c9c8031c62ff9774a3f63f6f58
uracil,direct_neighbor_ridge,lung,0,4,176,135.10030855770717,167.93988247443946,cf9883e99ee1b956d01c2cb42a4d284b982ce23065d3616a5e1cced359e41fb5
uracil,direct_neighbor_ridge,bone,1,0,19,11.361357625529683,13.01795311399038,32d2e2f547f707a9f12d899e65a934275c9f49020e10d214973126d05910ec9c
uracil,direct_neighbor_ridge,ovary,1,0,45,21.055980383667574,31.211956103888646,32d2e2f547f707a9f12d899e65a934275c9f49020e10d214973126d05910ec9c
uracil,direct_neighbor_ridge,skin,1,0,52,30.391092734594558,29.39402785904294,32d2e2f547f707a9f12d899e65a934275c9f49020e10d214973126d05910ec9c
uracil,direct_neighbor_ridge,upper_aerodigestive_tract,1,0,30,32.431255356149734,23.783735421289588,32d2e2f547f707a9f12d899e65a934275c9f49020e10d214973126d05910ec9c
uracil,direct_neighbor_ridge,urinary_tract,1,0,25,16.08583835702095,16.40031026674138,32d2e2f547f707a9f12d899e65a934275c9f49020e10d214973126d05910ec9c
uracil,direct_neighbor_ridge,lung,1,1,176,135.10030855770717,167.93988247443946,cf9883e99ee1b956d01c2cb42a4d284b982ce23065d3616a5e1cced359e41fb5
uracil,direct_neighbor_ridge,autonomic_ganglia,1,2,16,16.666414354380223,16.82185954687959,db1ab3680dcfc2deb10e2511ec28b70b27966d5a436d724be48267bcbf200acf
uracil,direct_neighbor_ridge,haematopoietic_and_lymphoid_tissue,1,2,163,390.9897024284689,499.46240894103335,db1ab3680dcfc2deb10e2511ec28b70b27966d5a436d724be48267bcbf200acf
uracil,direct_neighbor_ridge,large_intestine,1,3,55,46.775635669551995,45.84466186871446,659dce4f66bf4ee0228513d024a4e287e9f1aa3957152332b1483ab0af67cb42
uracil,direct_neighbor_ridge,oesophagus,1,3,25,11.415092741834384,11.16378124041895,659dce4f66bf4ee0228513d024a4e287e9f1aa3957152332b1483ab0af67cb42
uracil,direct_neighbor_ridge,pancreas,1,3,41,39.4450240746753,49.286012332937624,659dce4f66bf4ee0228513d024a4e287e9f1aa3957152332b1483ab0af67cb42
uracil,direct_neighbor_ridge,soft_tissue,1,3,18,14.990694186252966,13.664384441281623,659dce4f66bf4ee0228513d024a4e287e9f1aa3957152332b1483ab0af67cb42
uracil,direct_neighbor_ridge,stomach,1,3,37,24.267417987424988,30.89146102242392,659dce4f66bf4ee0228513d024a4e287e9f1aa3957152332b1483ab0af67cb42
uracil,direct_neighbor_ridge,breast,1,4,49,23.033463363277267,46.008473116013214,9492e163b6ef19b0563b1ce8302b8e8794e2e4c9c8031c62ff9774a3f63f6f58
uracil,direct_neighbor_ridge,central_nervous_system,1,4,49,36.78195915337216,35.76234010271959,9492e163b6ef19b0563b1ce8302b8e8794e2e4c9c8031c62ff9774a3f63f6f58
uracil,direct_neighbor_ridge,endometrium,1,4,28,13.755033028266048,20.23602638942212,9492e163b6ef19b0563b1ce8302b8e8794e2e4c9c8031c62ff9774a3f63f6f58
uracil,direct_neighbor_ridge,kidney,1,4,23,12.602056662438663,12.109542677375716,9492e163b6ef19b0563b1ce8302b8e8794e2e4c9c8031c62ff9774a3f63f6f58
uracil,direct_neighbor_ridge,liver,1,4,25,17.817981626012372,20.53331403289586,9492e163b6ef19b0563b1ce8302b8e8794e2e4c9c8031c62ff9774a3f63f6f58
urate,direct_neighbor_ridge,autonomic_ganglia,0,0,16,11.820701204127783,16.037433759391128,db1ab3680dcfc2deb10e2511ec28b70b27966d5a436d724be48267bcbf200acf
urate,direct_neighbor_ridge,haematopoietic_and_lymphoid_tissue,0,0,163,154.68303599544987,209.1829177391799,db1ab3680dcfc2deb10e2511ec28b70b27966d5a436d724be48267bcbf200acf
urate,direct_neighbor_ridge,bone,0,1,19,8.242782903304288,12.742425990143293,32d2e2f547f707a9f12d899e65a934275c9f49020e10d214973126d05910ec9c
urate,direct_neighbor_ridge,ovary,0,1,45,52.20393074458339,57.00241033794912,32d2e2f547f707a9f12d899e65a934275c9f49020e10d214973126d05910ec9c
urate,direct_neighbor_ridge,skin,0,1,52,30.26393202847768,37.93269673529344,32d2e2f547f707a9f12d899e65a934275c9f49020e10d214973126d05910ec9c
urate,direct_neighbor_ridge,upper_aerodigestive_tract,0,1,30,11.0692288560589,16.88849122789896,32d2e2f547f707a9f12d899e65a934275c9f49020e10d214973126d05910ec9c
urate,direct_neighbor_ridge,urinary_tract,0,1,25,10.680046712241278,12.90358447950893,32d2e2f547f707a9f12d899e65a934275c9f49020e10d214973126d05910ec9c
urate,direct_neighbor_ridge,large_intestine,0,2,55,37.04253556203655,52.14990836746471,659dce4f66bf4ee0228513d024a4e287e9f1aa3957152332b1483ab0af67cb42
urate,direct_neighbor_ridge,oesophagus,0,2,25,15.798437674246827,15.727881724871766,659dce4f66bf4ee0228513d024a4e287e9f1aa3957152332b1483ab0af67cb42
urate,direct_neighbor_ridge,pancreas,0,2,41,18.333798738857332,24.771746925748683,659dce4f66bf4ee0228513d024a4e287e9f1aa3957152332b1483ab0af67cb42
urate,direct_neighbor_ridge,soft_tissue,0,2,18,16.62279698490433,18.376625011496078,659dce4f66bf4ee0228513d024a4e287e9f1aa3957152332b1483ab0af67cb42
urate,direct_neighbor_ridge,stomach,0,2,37,31.75194022115977,37.470714465867395,659dce4f66bf4ee0228513d024a4e287e9f1aa3957152332b1483ab0af67cb42
urate,direct_neighbor_ridge,breast,0,3,49,40.83076538679758,54.419075035178494,9492e163b6ef19b0563b1ce8302b8e8794e2e4c9c8031c62ff9774a3f63f6f58
urate,direct_neighbor_ridge,central_nervous_system,0,3,49,19.406504636917813,29.856703938707458,9492e163b6ef19b0563b1ce8302b8e8794e2e4c9c8031c62ff9774a3f63f6f58
urate,direct_neighbor_ridge,endometrium,0,3,28,16.42174624472972,22.61137262192783,9492e163b6ef19b0563b1ce8302b8e8794e2e4c9c8031c62ff9774a3f63f6f58
urate,direct_neighbor_ridge,kidney,0,3,23,16.693511007568087,19.98453296924873,9492e163b6ef19b0563b1ce8302b8e8794e2e4c9c8031c62ff9774a3f63f6f58
urate,direct_neighbor_ridge,liver,0,3,25,12.315920753019828,19.648263466404583,9492e163b6ef19b0563b1ce8302b8e8794e2e4c9c8031c62ff9774a3f63f6f58
urate,direct_neighbor_ridge,lung,0,4,176,235.55253407455865,283.27782387980596,cf9883e99ee1b956d01c2cb42a4d284b982ce23065d3616a5e1cced359e41fb5
urate,direct_neighbor_ridge,bone,1,0,19,8.242782903304288,12.742425990143293,32d2e2f547f707a9f12d899e65a934275c9f49020e10d214973126d05910ec9c
urate,direct_neighbor_ridge,ovary,1,0,45,52.20393074458339,57.00241033794912,32d2e2f547f707a9f12d899e65a934275c9f49020e10d214973126d05910ec9c
urate,direct_neighbor_ridge,skin,1,0,52,30.26393202847768,37.93269673529344,32d2e2f547f707a9f12d899e65a934275c9f49020e10d214973126d05910ec9c
urate,direct_neighbor_ridge,upper_aerodigestive_tract,1,0,30,11.0692288560589,16.88849122789896,32d2e2f547f707a9f12d899e65a934275c9f49020e10d214973126d05910ec9c
urate,direct_neighbor_ridge,urinary_tract,1,0,25,10.680046712241278,12.90358447950893,32d2e2f547f707a9f12d899e65a934275c9f49020e10d214973126d05910ec9c
urate,direct_neighbor_ridge,lung,1,1,176,235.55253407455865,283.27782387980596,cf9883e99ee1b956d01c2cb42a4d284b982ce23065d3616a5e1cced359e41fb5
urate,direct_neighbor_ridge,autonomic_ganglia,1,2,16,11.820701204127783,16.037433759391128,db1ab3680dcfc2deb10e2511ec28b70b27966d5a436d724be48267bcbf200acf
urate,direct_neighbor_ridge,haematopoietic_and_lymphoid_tissue,1,2,163,154.68303599544987,209.1829177391799,db1ab3680dcfc2deb10e2511ec28b70b27966d5a436d724be48267bcbf200acf
urate,direct_neighbor_ridge,large_intestine,1,3,55,37.04253556203655,52.14990836746471,659dce4f66bf4ee0228513d024a4e287e9f1aa3957152332b1483ab0af67cb42
urate,direct_neighbor_ridge,oesophagus,1,3,25,15.798437674246827,15.727881724871766,659dce4f66bf4ee0228513d024a4e287e9f1aa3957152332b1483ab0af67cb42
urate,direct_neighbor_ridge,pancreas,1,3,41,18.333798738857332,24.771746925748683,659dce4f66bf4ee0228513d024a4e287e9f1aa3957152332b1483ab0af67cb42
urate,direct_neighbor_ridge,soft_tissue,1,3,18,16.62279698490433,18.376625011496078,659dce4f66bf4ee0228513d024a4e287e9f1aa3957152332b1483ab0af67cb42
urate,direct_neighbor_ridge,stomach,1,3,37,31.75194022115977,37.470714465867395,659dce4f66bf4ee0228513d024a4e287e9f1aa3957152332b1483ab0af67cb42
urate,direct_neighbor_ridge,breast,1,4,49,40.83076538679758,54.419075035178494,9492e163b6ef19b0563b1ce8302b8e8794e2e4c9c8031c62ff9774a3f63f6f58
urate,direct_neighbor_ridge,central_nervous_system,1,4,49,19.406504636917813,29.856703938707458,9492e163b6ef19b0563b1ce8302b8e8794e2e4c9c8031c62ff9774a3f63f6f58
urate,direct_neighbor_ridge,endometrium,1,4,28,16.42174624472972,22.61137262192783,9492e163b6ef19b0563b1ce8302b8e8794e2e4c9c8031c62ff9774a3f63f6f58
urate,direct_neighbor_ridge,kidney,1,4,23,16.693511007568087,19.98453296924873,9492e163b6ef19b0563b1ce8302b8e8794e2e4c9c8031c62ff9774a3f63f6f58
urate,direct_neighbor_ridge,liver,1,4,25,12.315920753019828,19.648263466404583,9492e163b6ef19b0563b1ce8302b8e8794e2e4c9c8031c62ff9774a3f63f6f58
uridine,direct_neighbor_ridge,autonomic_ganglia,0,0,16,56.02956655141948,55.946004491412296,db1ab3680dcfc2deb10e2511ec28b70b27966d5a436d724be48267bcbf200acf
uridine,direct_neighbor_ridge,haematopoietic_and_lymphoid_tissue,0,0,163,520.5055698155436,522.1138611855528,db1ab3680dcfc2deb10e2511ec28b70b27966d5a436d724be48267bcbf200acf
uridine,direct_neighbor_ridge,bone,0,1,19,19.974855046858075,18.61792068168126,32d2e2f547f707a9f12d899e65a934275c9f49020e10d214973126d05910ec9c
uridine,direct_neighbor_ridge,ovary,0,1,45,22.437314971088703,22.5844845363011,32d2e2f547f707a9f12d899e65a934275c9f49020e10d214973126d05910ec9c
uridine,direct_neighbor_ridge,skin,0,1,52,17.518261272730374,18.817699150012256,32d2e2f547f707a9f12d899e65a934275c9f49020e10d214973126d05910ec9c
uridine,direct_neighbor_ridge,upper_aerodigestive_tract,0,1,30,10.126920996501852,10.432247565132,32d2e2f547f707a9f12d899e65a934275c9f49020e10d214973126d05910ec9c
uridine,direct_neighbor_ridge,urinary_tract,0,1,25,12.999660510325782,13.017015162067509,32d2e2f547f707a9f12d899e65a934275c9f49020e10d214973126d05910ec9c
uridine,direct_neighbor_ridge,large_intestine,0,2,55,58.375617080469304,56.88903722563451,659dce4f66bf4ee0228513d024a4e287e9f1aa3957152332b1483ab0af67cb42
uridine,direct_neighbor_ridge,oesophagus,0,2,25,10.743108944485204,10.544264585516814,659dce4f66bf4ee0228513d024a4e287e9f1aa3957152332b1483ab0af67cb42
uridine,direct_neighbor_ridge,pancreas,0,2,41,13.855177706382353,13.219255814162224,659dce4f66bf4ee0228513d024a4e287e9f1aa3957152332b1483ab0af67cb42
uridine,direct_neighbor_ridge,soft_tissue,0,2,18,16.50266528191439,16.54983361890276,659dce4f66bf4ee0228513d024a4e287e9f1aa3957152332b1483ab0af67cb42
uridine,direct_neighbor_ridge,stomach,0,2,37,34.63872231945062,33.116412693077834,659dce4f66bf4ee0228513d024a4e287e9f1aa3957152332b1483ab0af67cb42
uridine,direct_neighbor_ridge,breast,0,3,49,35.42071066758187,37.405554023092314,9492e163b6ef19b0563b1ce8302b8e8794e2e4c9c8031c62ff9774a3f63f6f58
uridine,direct_neighbor_ridge,central_nervous_system,0,3,49,17.27378283074835,17.790468564884293,9492e163b6ef19b0563b1ce8302b8e8794e2e4c9c8031c62ff9774a3f63f6f58
uridine,direct_neighbor_ridge,endometrium,0,3,28,24.35044352018375,25.054654360624554,9492e163b6ef19b0563b1ce8302b8e8794e2e4c9c8031c62ff9774a3f63f6f58
uridine,direct_neighbor_ridge,kidney,0,3,23,12.050569578485941,10.966289871625598,9492e163b6ef19b0563b1ce8302b8e8794e2e4c9c8031c62ff9774a3f63f6f58
uridine,direct_neighbor_ridge,liver,0,3,25,12.061819581502933,13.11021919044888,9492e163b6ef19b0563b1ce8302b8e8794e2e4c9c8031c62ff9774a3f63f6f58
uridine,direct_neighbor_ridge,lung,0,4,176,136.69529582007863,135.7546928193319,cf9883e99ee1b956d01c2cb42a4d284b982ce23065d3616a5e1cced359e41fb5
uridine,direct_neighbor_ridge,bone,1,0,19,19.974855046858075,18.61792068168126,32d2e2f547f707a9f12d899e65a934275c9f49020e10d214973126d05910ec9c
uridine,direct_neighbor_ridge,ovary,1,0,45,22.437314971088703,22.5844845363011,32d2e2f547f707a9f12d899e65a934275c9f49020e10d214973126d05910ec9c
uridine,direct_neighbor_ridge,skin,1,0,52,17.518261272730374,18.817699150012256,32d2e2f547f707a9f12d899e65a934275c9f49020e10d214973126d05910ec9c
uridine,direct_neighbor_ridge,upper_aerodigestive_tract,1,0,30,10.126920996501852,10.432247565132,32d2e2f547f707a9f12d899e65a934275c9f49020e10d214973126d05910ec9c
uridine,direct_neighbor_ridge,urinary_tract,1,0,25,12.999660510325782,13.017015162067509,32d2e2f547f707a9f12d899e65a934275c9f49020e10d214973126d05910ec9c
uridine,direct_neighbor_ridge,lung,1,1,176,136.69529582007863,135.7546928193319,cf9883e99ee1b956d01c2cb42a4d284b982ce23065d3616a5e1cced359e41fb5
uridine,direct_neighbor_ridge,autonomic_ganglia,1,2,16,56.02956655141948,55.946004491412296,db1ab3680dcfc2deb10e2511ec28b70b27966d5a436d724be48267bcbf200acf
uridine,direct_neighbor_ridge,haematopoietic_and_lymphoid_tissue,1,2,163,520.5055698155436,522.1138611855528,db1ab3680dcfc2deb10e2511ec28b70b27966d5a436d724be48267bcbf200acf
uridine,direct_neighbor_ridge,large_intestine,1,3,55,58.375617080469304,56.88903722563451,659dce4f66bf4ee0228513d024a4e287e9f1aa3957152332b1483ab0af67cb42
uridine,direct_neighbor_ridge,oesophagus,1,3,25,10.743108944485204,10.544264585516814,659dce4f66bf4ee0228513d024a4e287e9f1aa3957152332b1483ab0af67cb42
uridine,direct_neighbor_ridge,pancreas,1,3,41,13.855177706382353,13.219255814162224,659dce4f66bf4ee0228513d024a4e287e9f1aa3957152332b1483ab0af67cb42
uridine,direct_neighbor_ridge,soft_tissue,1,3,18,16.50266528191439,16.54983361890276,659dce4f66bf4ee0228513d024a4e287e9f1aa3957152332b1483ab0af67cb42
uridine,direct_neighbor_ridge,stomach,1,3,37,34.63872231945062,33.116412693077834,659dce4f66bf4ee0228513d024a4e287e9f1aa3957152332b1483ab0af67cb42
uridine,direct_neighbor_ridge,breast,1,4,49,35.42071066758187,37.405554023092314,9492e163b6ef19b0563b1ce8302b8e8794e2e4c9c8031c62ff9774a3f63f6f58
uridine,direct_neighbor_ridge,central_nervous_system,1,4,49,17.27378283074835,17.790468564884293,9492e163b6ef19b0563b1ce8302b8e8794e2e4c9c8031c62ff9774a3f63f6f58
uridine,direct_neighbor_ridge,endometrium,1,4,28,24.35044352018375,25.054654360624554,9492e163b6ef19b0563b1ce8302b8e8794e2e4c9c8031c62ff9774a3f63f6f58
uridine,direct_neighbor_ridge,kidney,1,4,23,12.050569578485941,10.966289871625598,9492e163b6ef19b0563b1ce8302b8e8794e2e4c9c8031c62ff9774a3f63f6f58
uridine,direct_neighbor_ridge,liver,1,4,25,12.061819581502933,13.11021919044888,9492e163b6ef19b0563b1ce8302b8e8794e2e4c9c8031c62ff9774a3f63f6f58
valine,direct_neighbor_ridge,autonomic_ganglia,0,0,16,14.348128556552709,14.749404555042048,db1ab3680dcfc2deb10e2511ec28b70b27966d5a436d724be48267bcbf200acf
valine,direct_neighbor_ridge,haematopoietic_and_lymphoid_tissue,0,0,163,307.9851719259091,305.66547902841853,db1ab3680dcfc2deb10e2511ec28b70b27966d5a436d724be48267bcbf200acf
valine,direct_neighbor_ridge,bone,0,1,19,25.31825095716235,25.746360066965646,32d2e2f547f707a9f12d899e65a934275c9f49020e10d214973126d05910ec9c
valine,direct_neighbor_ridge,ovary,0,1,45,34.619929211665045,35.22467884318992,32d2e2f547f707a9f12d899e65a934275c9f49020e10d214973126d05910ec9c
valine,direct_neighbor_ridge,skin,0,1,52,68.61145581090555,69.638587472986,32d2e2f547f707a9f12d899e65a934275c9f49020e10d214973126d05910ec9c
valine,direct_neighbor_ridge,upper_aerodigestive_tract,0,1,30,57.55451188387677,55.11968776989112,32d2e2f547f707a9f12d899e65a934275c9f49020e10d214973126d05910ec9c
valine,direct_neighbor_ridge,urinary_tract,0,1,25,36.01267669354552,35.37830108889244,32d2e2f547f707a9f12d899e65a934275c9f49020e10d214973126d05910ec9c
valine,direct_neighbor_ridge,large_intestine,0,2,55,62.70234494148311,63.42122120020647,659dce4f66bf4ee0228513d024a4e287e9f1aa3957152332b1483ab0af67cb42
valine,direct_neighbor_ridge,oesophagus,0,2,25,14.157531546323172,14.693053756718601,659dce4f66bf4ee0228513d024a4e287e9f1aa3957152332b1483ab0af67cb42
valine,direct_neighbor_ridge,pancreas,0,2,41,22.309399093993186,22.316113319775205,659dce4f66bf4ee0228513d024a4e287e9f1aa3957152332b1483ab0af67cb42
valine,direct_neighbor_ridge,soft_tissue,0,2,18,10.923135463577083,11.144271941300788,659dce4f66bf4ee0228513d024a4e287e9f1aa3957152332b1483ab0af67cb42
valine,direct_neighbor_ridge,stomach,0,2,37,25.253864616282492,25.423547483784045,659dce4f66bf4ee0228513d024a4e287e9f1aa3957152332b1483ab0af67cb42
valine,direct_neighbor_ridge,breast,0,3,49,40.16190647598354,37.683475247385836,9492e163b6ef19b0563b1ce8302b8e8794e2e4c9c8031c62ff9774a3f63f6f58
valine,direct_neighbor_ridge,central_nervous_system,0,3,49,52.62246576104177,54.38458456325798,9492e163b6ef19b0563b1ce8302b8e8794e2e4c9c8031c62ff9774a3f63f6f58
valine,direct_neighbor_ridge,endometrium,0,3,28,19.745228389325337,20.47180899759318,9492e163b6ef19b0563b1ce8302b8e8794e2e4c9c8031c62ff9774a3f63f6f58
valine,direct_neighbor_ridge,kidney,0,3,23,21.639145666534116,21.128323547624287,9492e163b6ef19b0563b1ce8302b8e8794e2e4c9c8031c62ff9774a3f63f6f58
valine,direct_neighbor_ridge,liver,0,3,25,24.36912923459332,22.929086975011735,9492e163b6ef19b0563b1ce8302b8e8794e2e4c9c8031c62ff9774a3f63f6f58
valine,direct_neighbor_ridge,lung,0,4,176,155.04724805335422,155.67495648545167,cf9883e99ee1b956d01c2cb42a4d284b982ce23065d3616a5e1cced359e41fb5
valine,direct_neighbor_ridge,bone,1,0,19,25.31825095716235,25.746360066965646,32d2e2f547f707a9f12d899e65a934275c9f49020e10d214973126d05910ec9c
valine,direct_neighbor_ridge,ovary,1,0,45,34.619929211665045,35.22467884318992,32d2e2f547f707a9f12d899e65a934275c9f49020e10d214973126d05910ec9c
valine,direct_neighbor_ridge,skin,1,0,52,68.61145581090555,69.638587472986,32d2e2f547f707a9f12d899e65a934275c9f49020e10d214973126d05910ec9c
valine,direct_neighbor_ridge,upper_aerodigestive_tract,1,0,30,57.55451188387677,55.11968776989112,32d2e2f547f707a9f12d899e65a934275c9f49020e10d214973126d05910ec9c
valine,direct_neighbor_ridge,urinary_tract,1,0,25,36.01267669354552,35.37830108889244,32d2e2f547f707a9f12d899e65a934275c9f49020e10d214973126d05910ec9c
valine,direct_neighbor_ridge,lung,1,1,176,155.04724805335422,155.67495648545167,cf9883e99ee1b956d01c2cb42a4d284b982ce23065d3616a5e1cced359e41fb5
valine,direct_neighbor_ridge,autonomic_ganglia,1,2,16,14.348128556552709,14.749404555042048,db1ab3680dcfc2deb10e2511ec28b70b27966d5a436d724be48267bcbf200acf
valine,direct_neighbor_ridge,haematopoietic_and_lymphoid_tissue,1,2,163,307.9851719259091,305.66547902841853,db1ab3680dcfc2deb10e2511ec28b70b27966d5a436d724be48267bcbf200acf
valine,direct_neighbor_ridge,large_intestine,1,3,55,62.70234494148311,63.42122120020647,659dce4f66bf4ee0228513d024a4e287e9f1aa3957152332b1483ab0af67cb42
valine,direct_neighbor_ridge,oesophagus,1,3,25,14.157531546323172,14.693053756718601,659dce4f66bf4ee0228513d024a4e287e9f1aa3957152332b1483ab0af67cb42
valine,direct_neighbor_ridge,pancreas,1,3,41,22.309399093993186,22.316113319775205,659dce4f66bf4ee0228513d024a4e287e9f1aa3957152332b1483ab0af67cb42
valine,direct_neighbor_ridge,soft_tissue,1,3,18,10.923135463577083,11.144271941300788,659dce4f66bf4ee0228513d024a4e287e9f1aa3957152332b1483ab0af67cb42
valine,direct_neighbor_ridge,stomach,1,3,37,25.253864616282492,25.423547483784045,659dce4f66bf4ee0228513d024a4e287e9f1aa3957152332b1483ab0af67cb42
valine,direct_neighbor_ridge,breast,1,4,49,40.16190647598354,37.683475247385836,9492e163b6ef19b0563b1ce8302b8e8794e2e4c9c8031c62ff9774a3f63f6f58
valine,direct_neighbor_ridge,central_nervous_system,1,4,49,52.62246576104177,54.38458456325798,9492e163b6ef19b0563b1ce8302b8e8794e2e4c9c8031c62ff9774a3f63f6f58
valine,direct_neighbor_ridge,endometrium,1,4,28,19.745228389325337,20.47180899759318,9492e163b6ef19b0563b1ce8302b8e8794e2e4c9c8031c62ff9774a3f63f6f58
valine,direct_neighbor_ridge,kidney,1,4,23,21.639145666534116,21.128323547624287,9492e163b6ef19b0563b1ce8302b8e8794e2e4c9c8031c62ff9774a3f63f6f58
valine,direct_neighbor_ridge,liver,1,4,25,24.36912923459332,22.929086975011735,9492e163b6ef19b0563b1ce8302b8e8794e2e4c9c8031c62ff9774a3f63f6f58
xanthine,direct_neighbor_ridge,autonomic_ganglia,0,0,16,28.47850888222353,33.11751451663089,db1ab3680dcfc2deb10e2511ec28b70b27966d5a436d724be48267bcbf200acf
xanthine,direct_neighbor_ridge,haematopoietic_and_lymphoid_tissue,0,0,163,189.036518010367,869.0735041883507,db1ab3680dcfc2deb10e2511ec28b70b27966d5a436d724be48267bcbf200acf
xanthine,direct_neighbor_ridge,bone,0,1,19,10.042006480799026,12.787957670491874,32d2e2f547f707a9f12d899e65a934275c9f49020e10d214973126d05910ec9c
xanthine,direct_neighbor_ridge,ovary,0,1,45,8.969982498990017,27.936624934023452,32d2e2f547f707a9f12d899e65a934275c9f49020e10d214973126d05910ec9c
xanthine,direct_neighbor_ridge,skin,0,1,52,11.139138339645081,17.9925231155266,32d2e2f547f707a9f12d899e65a934275c9f49020e10d214973126d05910ec9c
xanthine,direct_neighbor_ridge,upper_aerodigestive_tract,0,1,30,4.4724889303788595,12.328299719164939,32d2e2f547f707a9f12d899e65a934275c9f49020e10d214973126d05910ec9c
xanthine,direct_neighbor_ridge,urinary_tract,0,1,25,5.386480300103978,11.198277703007664,32d2e2f547f707a9f12d899e65a934275c9f49020e10d214973126d05910ec9c
xanthine,direct_neighbor_ridge,large_intestine,0,2,55,21.394743112265992,33.3462413234663,659dce4f66bf4ee0228513d024a4e287e9f1aa3957152332b1483ab0af67cb42
xanthine,direct_neighbor_ridge,oesophagus,0,2,25,3.750973226941266,8.017569257089496,659dce4f66bf4ee0228513d024a4e287e9f1aa3957152332b1483ab0af67cb42
xanthine,direct_neighbor_ridge,pancreas,0,2,41,11.036141066390583,24.314286851097215,659dce4f66bf4ee0228513d024a4e287e9f1aa3957152332b1483ab0af67cb42
xanthine,direct_neighbor_ridge,soft_tissue,0,2,18,7.696072878445288,16.90944806332515,659dce4f66bf4ee0228513d024a4e287e9f1aa3957152332b1483ab0af67cb42
xanthine,direct_neighbor_ridge,stomach,0,2,37,16.074715713819078,25.774907517052316,659dce4f66bf4ee0228513d024a4e287e9f1aa3957152332b1483ab0af67cb42
xanthine,direct_neighbor_ridge,breast,0,3,49,26.05076752950979,46.704159241409286,9492e163b6ef19b0563b1ce8302b8e8794e2e4c9c8031c62ff9774a3f63f6f58
xanthine,direct_neighbor_ridge,central_nervous_system,0,3,49,12.729563245272264,23.78334758500866,9492e163b6ef19b0563b1ce8302b8e8794e2e4c9c8031c62ff9774a3f63f6f58
xanthine,direct_neighbor_ridge,endometrium,0,3,28,6.256667381524595,21.2222000708111,9492e163b6ef19b0563b1ce8302b8e8794e2e4c9c8031c62ff9774a3f63f6f58
xanthine,direct_neighbor_ridge,kidney,0,3,23,2.7599329000735957,9.570696657651318,9492e163b6ef19b0563b1ce8302b8e8794e2e4c9c8031c62ff9774a3f63f6f58
xanthine,direct_neighbor_ridge,liver,0,3,25,2.2799069904840588,16.45648434616125,9492e163b6ef19b0563b1ce8302b8e8794e2e4c9c8031c62ff9774a3f63f6f58
xanthine,direct_neighbor_ridge,lung,0,4,176,69.4716537806388,160.4612116741083,cf9883e99ee1b956d01c2cb42a4d284b982ce23065d3616a5e1cced359e41fb5
xanthine,direct_neighbor_ridge,bone,1,0,19,10.042006480799026,12.787957670491874,32d2e2f547f707a9f12d899e65a934275c9f49020e10d214973126d05910ec9c
xanthine,direct_neighbor_ridge,ovary,1,0,45,8.969982498990017,27.936624934023452,32d2e2f547f707a9f12d899e65a934275c9f49020e10d214973126d05910ec9c
xanthine,direct_neighbor_ridge,skin,1,0,52,11.139138339645081,17.9925231155266,32d2e2f547f707a9f12d899e65a934275c9f49020e10d214973126d05910ec9c
xanthine,direct_neighbor_ridge,upper_aerodigestive_tract,1,0,30,4.4724889303788595,12.328299719164939,32d2e2f547f707a9f12d899e65a934275c9f49020e10d214973126d05910ec9c
xanthine,direct_neighbor_ridge,urinary_tract,1,0,25,5.386480300103978,11.198277703007664,32d2e2f547f707a9f12d899e65a934275c9f49020e10d214973126d05910ec9c
xanthine,direct_neighbor_ridge,lung,1,1,176,69.4716537806388,160.4612116741083,cf9883e99ee1b956d01c2cb42a4d284b982ce23065d3616a5e1cced359e41fb5
xanthine,direct_neighbor_ridge,autonomic_ganglia,1,2,16,28.47850888222353,33.11751451663089,db1ab3680dcfc2deb10e2511ec28b70b27966d5a436d724be48267bcbf200acf
xanthine,direct_neighbor_ridge,haematopoietic_and_lymphoid_tissue,1,2,163,189.036518010367,869.0735041883507,db1ab3680dcfc2deb10e2511ec28b70b27966d5a436d724be48267bcbf200acf
xanthine,direct_neighbor_ridge,large_intestine,1,3,55,21.394743112265992,33.3462413234663,659dce4f66bf4ee0228513d024a4e287e9f1aa3957152332b1483ab0af67cb42
xanthine,direct_neighbor_ridge,oesophagus,1,3,25,3.750973226941266,8.017569257089496,659dce4f66bf4ee0228513d024a4e287e9f1aa3957152332b1483ab0af67cb42
xanthine,direct_neighbor_ridge,pancreas,1,3,41,11.036141066390583,24.314286851097215,659dce4f66bf4ee0228513d024a4e287e9f1aa3957152332b1483ab0af67cb42
xanthine,direct_neighbor_ridge,soft_tissue,1,3,18,7.696072878445288,16.90944806332515,659dce4f66bf4ee0228513d024a4e287e9f1aa3957152332b1483ab0af67cb42
xanthine,direct_neighbor_ridge,stomach,1,3,37,16.074715713819078,25.774907517052316,659dce4f66bf4ee0228513d024a4e287e9f1aa3957152332b1483ab0af67cb42
xanthine,direct_neighbor_ridge,breast,1,4,49,26.05076752950979,46.704159241409286,9492e163b6ef19b0563b1ce8302b8e8794e2e4c9c8031c62ff9774a3f63f6f58
xanthine,direct_neighbor_ridge,central_nervous_system,1,4,49,12.729563245272264,23.78334758500866,9492e163b6ef19b0563b1ce8302b8e8794e2e4c9c8031c62ff9774a3f63f6f58
xanthine,direct_neighbor_ridge,endometrium,1,4,28,6.256667381524595,21.2222000708111,9492e163b6ef19b0563b1ce8302b8e8794e2e4c9c8031c62ff9774a3f63f6f58
xanthine,direct_neighbor_ridge,kidney,1,4,23,2.7599329000735957,9.570696657651318,9492e163b6ef19b0563b1ce8302b8e8794e2e4c9c8031c62ff9774a3f63f6f58
xanthine,direct_neighbor_ridge,liver,1,4,25,2.2799069904840588,16.45648434616125,9492e163b6ef19b0563b1ce8302b8e8794e2e4c9c8031c62ff9774a3f63f6f58
xanthosine,direct_neighbor_ridge,autonomic_ganglia,0,0,16,11.399348910478666,11.008198663553578,db1ab3680dcfc2deb10e2511ec28b70b27966d5a436d724be48267bcbf200acf
xanthosine,direct_neighbor_ridge,haematopoietic_and_lymphoid_tissue,0,0,163,423.04462992626475,441.2936332324988,db1ab3680dcfc2deb10e2511ec28b70b27966d5a436d724be48267bcbf200acf
xanthosine,direct_neighbor_ridge,bone,0,1,19,9.971428793805522,11.043281048783864,32d2e2f547f707a9f12d899e65a934275c9f49020e10d214973126d05910ec9c
xanthosine,direct_neighbor_ridge,ovary,0,1,45,25.15457388077873,26.26572238488897,32d2e2f547f707a9f12d899e65a934275c9f49020e10d214973126d05910ec9c
xanthosine,direct_neighbor_ridge,skin,0,1,52,13.748757655632012,13.472059766737333,32d2e2f547f707a9f12d899e65a934275c9f49020e10d214973126d05910ec9c
xanthosine,direct_neighbor_ridge,upper_aerodigestive_tract,0,1,30,9.68107636949777,10.642069353386418,32d2e2f547f707a9f12d899e65a934275c9f49020e10d214973126d05910ec9c
xanthosine,direct_neighbor_ridge,urinary_tract,0,1,25,8.691946369570816,8.25905430372015,32d2e2f547f707a9f12d899e65a934275c9f49020e10d214973126d05910ec9c
xanthosine,direct_neighbor_ridge,large_intestine,0,2,55,54.918906891695904,51.228898375660066,659dce4f66bf4ee0228513d024a4e287e9f1aa3957152332b1483ab0af67cb42
xanthosine,direct_neighbor_ridge,oesophagus,0,2,25,10.883688124208973,12.233475224941403,659dce4f66bf4ee0228513d024a4e287e9f1aa3957152332b1483ab0af67cb42
xanthosine,direct_neighbor_ridge,pancreas,0,2,41,17.252536619881603,18.04293717632629,659dce4f66bf4ee0228513d024a4e287e9f1aa3957152332b1483ab0af67cb42
xanthosine,direct_neighbor_ridge,soft_tissue,0,2,18,16.120816360741326,17.282931220467947,659dce4f66bf4ee0228513d024a4e287e9f1aa3957152332b1483ab0af67cb42
xanthosine,direct_neighbor_ridge,stomach,0,2,37,27.522047934335674,27.57073682162232,659dce4f66bf4ee0228513d024a4e287e9f1aa3957152332b1483ab0af67cb42
xanthosine,direct_neighbor_ridge,breast,0,3,49,65.99570878138421,64.26581063723616,9492e163b6ef19b0563b1ce8302b8e8794e2e4c9c8031c62ff9774a3f63f6f58
xanthosine,direct_neighbor_ridge,central_nervous_system,0,3,49,43.71420049670437,43.54806803670751,9492e163b6ef19b0563b1ce8302b8e8794e2e4c9c8031c62ff9774a3f63f6f58
xanthosine,direct_neighbor_ridge,endometrium,0,3,28,22.049638285890307,23.10768688402864,9492e163b6ef19b0563b1ce8302b8e8794e2e4c9c8031c62ff9774a3f63f6f58
xanthosine,direct_neighbor_ridge,kidney,0,3,23,16.716247908658968,15.300775390293909,9492e163b6ef19b0563b1ce8302b8e8794e2e4c9c8031c62ff9774a3f63f6f58
xanthosine,direct_neighbor_ridge,liver,0,3,25,33.78214861993118,34.01149625380925,9492e163b6ef19b0563b1ce8302b8e8794e2e4c9c8031c62ff9774a3f63f6f58
xanthosine,direct_neighbor_ridge,lung,0,4,176,183.82536487348344,192.0577103945816,cf9883e99ee1b956d01c2cb42a4d284b982ce23065d3616a5e1cced359e41fb5
xanthosine,direct_neighbor_ridge,bone,1,0,19,9.971428793805522,11.043281048783864,32d2e2f547f707a9f12d899e65a934275c9f49020e10d214973126d05910ec9c
xanthosine,direct_neighbor_ridge,ovary,1,0,45,25.15457388077873,26.26572238488897,32d2e2f547f707a9f12d899e65a934275c9f49020e10d214973126d05910ec9c
xanthosine,direct_neighbor_ridge,skin,1,0,52,13.748757655632012,13.472059766737333,32d2e2f547f707a9f12d899e65a934275c9f49020e10d214973126d05910ec9c
xanthosine,direct_neighbor_ridge,upper_aerodigestive_tract,1,0,30,9.68107636949777,10.642069353386418,32d2e2f547f707a9f12d899e65a934275c9f49020e10d214973126d05910ec9c
xanthosine,direct_neighbor_ridge,urinary_tract,1,0,25,8.691946369570816,8.25905430372015,32d2e2f547f707a9f12d899e65a934275c9f49020e10d214973126d05910ec9c
xanthosine,direct_neighbor_ridge,lung,1,1,176,183.82536487348344,192.0577103945816,cf9883e99ee1b956d01c2cb42a4d284b982ce23065d3616a5e1cced359e41fb5
xanthosine,direct_neighbor_ridge,autonomic_ganglia,1,2,16,11.399348910478666,11.008198663553578,db1ab3680dcfc2deb10e2511ec28b70b27966d5a436d724be48267bcbf200acf
xanthosine,direct_neighbor_ridge,haematopoietic_and_lymphoid_tissue,1,2,163,423.04462992626475,441.2936332324988,db1ab3680dcfc2deb10e2511ec28b70b27966d5a436d724be48267bcbf200acf
xanthosine,direct_neighbor_ridge,large_intestine,1,3,55,54.918906891695904,51.228898375660066,659dce4f66bf4ee0228513d024a4e287e9f1aa3957152332b1483ab0af67cb42
xanthosine,direct_neighbor_ridge,oesophagus,1,3,25,10.883688124208973,12.233475224941403,659dce4f66bf4ee0228513d024a4e287e9f1aa3957152332b1483ab0af67cb42
xanthosine,direct_neighbor_ridge,pancreas,1,3,41,17.252536619881603,18.04293717632629,659dce4f66bf4ee0228513d024a4e287e9f1aa3957152332b1483ab0af67cb42
xanthosine,direct_neighbor_ridge,soft_tissue,1,3,18,16.120816360741326,17.282931220467947,659dce4f66bf4ee0228513d024a4e287e9f1aa3957152332b1483ab0af67cb42
xanthosine,direct_neighbor_ridge,stomach,1,3,37,27.522047934335674,27.57073682162232,659dce4f66bf4ee0228513d024a4e287e9f1aa3957152332b1483ab0af67cb42
xanthosine,direct_neighbor_ridge,breast,1,4,49,65.99570878138421,64.26581063723616,9492e163b6ef19b0563b1ce8302b8e8794e2e4c9c8031c62ff9774a3f63f6f58
xanthosine,direct_neighbor_ridge,central_nervous_system,1,4,49,43.71420049670437,43.54806803670751,9492e163b6ef19b0563b1ce8302b8e8794e2e4c9c8031c62ff9774a3f63f6f58
xanthosine,direct_neighbor_ridge,endometrium,1,4,28,22.049638285890307,23.10768688402864,9492e163b6ef19b0563b1ce8302b8e8794e2e4c9c8031c62ff9774a3f63f6f58
xanthosine,direct_neighbor_ridge,kidney,1,4,23,16.716247908658968,15.300775390293909,9492e163b6ef19b0563b1ce8302b8e8794e2e4c9c8031c62ff9774a3f63f6f58
xanthosine,direct_neighbor_ridge,liver,1,4,25,33.78214861993118,34.01149625380925,9492e163b6ef19b0563b1ce8302b8e8794e2e4c9c8031c62ff9774a3f63f6f58
