mask,fold,inner_fold,model,alpha,group_mse,validation_groups,training_targets
0,0,0,structural_median,0.1,0.1226534273658396,30,103
0,0,0,structural_median,1.0,0.11994913127811459,30,103
0,0,0,structural_median,10.0,0.11752222899472664,30,103
0,0,0,structural_median,100.0,0.1355360620711686,30,103
0,0,0,descriptor_local_svd,0.1,0.07450374418818487,30,103
0,0,0,descriptor_local_svd,1.0,0.07730418779438215,30,103
0,0,0,descriptor_local_svd,10.0,0.08703404481463402,30,103
0,0,0,descriptor_local_svd,100.0,0.12001892885176413,30,103
0,0,0,degree_preserving_null,0.1,0.2359299468666511,30,103
0,0,0,degree_preserving_null,1.0,0.23163895374402751,30,103
0,0,0,degree_preserving_null,10.0,0.22620678221652707,30,103
0,0,0,degree_preserving_null,100.0,0.26015786756018566,30,103
0,0,0,family_median,0.1,0.5274294550321026,30,103
0,0,0,family_median,1.0,0.5274479724370603,30,103
0,0,0,family_median,10.0,0.5278518738248686,30,103
0,0,0,family_median,100.0,0.5443258369624698,30,103
0,0,0,all_visible_ridge,0.1,0.06012710960233027,30,103
0,0,0,all_visible_ridge,1.0,0.0518217895352631,30,103
0,0,0,all_visible_ridge,10.0,0.04763989977520663,30,103
0,0,0,all_visible_ridge,100.0,0.056335840535539215,30,103
0,0,0,pca_matched_dimension,0.1,0.0550613646075231,30,103
0,0,0,pca_matched_dimension,1.0,0.0550522521454534,30,103
0,0,0,pca_matched_dimension,10.0,0.05512433943745918,30,103
0,0,0,pca_matched_dimension,100.0,0.06880933774471673,30,103
0,0,0,descriptor_mean,0.1,0.07130536343796404,30,103
0,0,0,descriptor_mean,1.0,0.07520675307927231,30,103
0,0,0,descriptor_mean,10.0,0.08474138123763258,30,103
0,0,0,descriptor_mean,100.0,0.1179939444263782,30,103
0,0,0,null_mean,0.1,0.0759705924374587,30,103
0,0,0,null_mean,1.0,0.08100247593279801,30,103
0,0,0,null_mean,10.0,0.10387279017634353,30,103
0,0,0,null_mean,100.0,0.17160738120507327,30,103
0,0,0,null_local_svd,0.1,0.10128623443891889,30,103
0,0,0,null_local_svd,1.0,0.11140533638311463,30,103
0,0,0,null_local_svd,10.0,0.14382937208375543,30,103
0,0,0,null_local_svd,100.0,0.21958866476359268,30,103
0,0,1,structural_median,0.1,0.10736120046329324,31,103
0,0,1,structural_median,1.0,0.10484932420519319,31,103
0,0,1,structural_median,10.0,0.10156226958870053,31,103
0,0,1,structural_median,100.0,0.11480513664923742,31,103
0,0,1,descriptor_local_svd,0.1,0.0591480172501831,31,103
0,0,1,descriptor_local_svd,1.0,0.06167520359372185,31,103
0,0,1,descriptor_local_svd,10.0,0.06855351715605335,31,103
0,0,1,descriptor_local_svd,100.0,0.09675859425625186,31,103
0,0,1,degree_preserving_null,0.1,0.20141201818060867,31,103
0,0,1,degree_preserving_null,1.0,0.197157974222009,31,103
0,0,1,degree_preserving_null,10.0,0.1907295568582677,31,103
0,0,1,degree_preserving_null,100.0,0.21885438956582848,31,103
0,0,1,family_median,0.1,0.44416984743120513,31,103
0,0,1,family_median,1.0,0.44415467604920184,31,103
0,0,1,family_median,10.0,0.44435140014904756,31,103
0,0,1,family_median,100.0,0.46228053197723534,31,103
0,0,1,all_visible_ridge,0.1,0.04707188275937532,31,103
0,0,1,all_visible_ridge,1.0,0.03938610495559684,31,103
0,0,1,all_visible_ridge,10.0,0.03539567183488348,31,103
0,0,1,all_visible_ridge,100.0,0.04382736055877825,31,103
0,0,1,pca_matched_dimension,0.1,0.042340043720832735,31,103
0,0,1,pca_matched_dimension,1.0,0.04233665468763702,31,103
0,0,1,pca_matched_dimension,10.0,0.042429701465649054,31,103
0,0,1,pca_matched_dimension,100.0,0.05343863004755488,31,103
0,0,1,descriptor_mean,0.1,0.05825422323154343,31,103
0,0,1,descriptor_mean,1.0,0.061573068409577374,31,103
0,0,1,descriptor_mean,10.0,0.06830215999607295,31,103
0,0,1,descriptor_mean,100.0,0.09377900267752479,31,103
0,0,1,null_mean,0.1,0.058924422431031596,31,103
0,0,1,null_mean,1.0,0.060669911638696956,31,103
0,0,1,null_mean,10.0,0.07642344525791728,31,103
0,0,1,null_mean,100.0,0.13961155159610497,31,103
0,0,1,null_local_svd,0.1,0.08138353134154118,31,103
0,0,1,null_local_svd,1.0,0.09121537054776488,31,103
0,0,1,null_local_svd,10.0,0.12347981773204905,31,103
0,0,1,null_local_svd,100.0,0.19349770127167912,31,103
0,0,2,structural_median,0.1,0.12135041251377736,32,103
0,0,2,structural_median,1.0,0.11973528118590343,32,103
0,0,2,structural_median,10.0,0.11836071584168248,32,103
0,0,2,structural_median,100.0,0.13237703833875247,32,103
0,0,2,descriptor_local_svd,0.1,0.0736716827964613,32,103
0,0,2,descriptor_local_svd,1.0,0.07714475797618588,32,103
0,0,2,descriptor_local_svd,10.0,0.08669917720153136,32,103
0,0,2,descriptor_local_svd,100.0,0.11659406994290848,32,103
0,0,2,degree_preserving_null,0.1,0.22152297891214046,32,103
0,0,2,degree_preserving_null,1.0,0.21870710186211564,32,103
0,0,2,degree_preserving_null,10.0,0.21567107765942833,32,103
0,0,2,degree_preserving_null,100.0,0.2551739687332739,32,103
0,0,2,family_median,0.1,0.5076386201611519,32,103
0,0,2,family_median,1.0,0.5074344805434676,32,103
0,0,2,family_median,10.0,0.505833965974458,32,103
0,0,2,family_median,100.0,0.5113945505474629,32,103
0,0,2,all_visible_ridge,0.1,0.057139601533030215,32,103
0,0,2,all_visible_ridge,1.0,0.047659558964988004,32,103
0,0,2,all_visible_ridge,10.0,0.042855076783510956,32,103
0,0,2,all_visible_ridge,100.0,0.05183577067532148,32,103
0,0,2,pca_matched_dimension,0.1,0.05088813699893134,32,103
0,0,2,pca_matched_dimension,1.0,0.05086458733769059,32,103
0,0,2,pca_matched_dimension,10.0,0.050774460304675945,32,103
0,0,2,pca_matched_dimension,100.0,0.061435038247858266,32,103
0,0,2,descriptor_mean,0.1,0.07428487953464535,32,103
0,0,2,descriptor_mean,1.0,0.07787454796097834,32,103
0,0,2,descriptor_mean,10.0,0.08633818850596617,32,103
0,0,2,descriptor_mean,100.0,0.11368994101954558,32,103
0,0,2,null_mean,0.1,0.07053773047769898,32,103
0,0,2,null_mean,1.0,0.07383050691587559,32,103
0,0,2,null_mean,10.0,0.09336066835994848,32,103
0,0,2,null_mean,100.0,0.1569790004772757,32,103
0,0,2,null_local_svd,0.1,0.09743974598759311,32,103
0,0,2,null_local_svd,1.0,0.1066365244284537,32,103
0,0,2,null_local_svd,10.0,0.1438670465882636,32,103
0,0,2,null_local_svd,100.0,0.218065416062875,32,103
0,1,0,structural_median,0.1,0.10408323226354525,30,103
0,1,0,structural_median,1.0,0.10216785694371257,30,103
0,1,0,structural_median,10.0,0.1002795493943483,30,103
0,1,0,structural_median,100.0,0.11574996769568058,30,103
0,1,0,descriptor_local_svd,0.1,0.05921602170517459,30,103
0,1,0,descriptor_local_svd,1.0,0.06342896924204676,30,103
0,1,0,descriptor_local_svd,10.0,0.07254239144316867,30,103
0,1,0,descriptor_local_svd,100.0,0.10153785603061823,30,103
0,1,0,degree_preserving_null,0.1,0.18934045635556268,30,103
0,1,0,degree_preserving_null,1.0,0.18686503653897293,30,103
0,1,0,degree_preserving_null,10.0,0.18597328682261238,30,103
0,1,0,degree_preserving_null,100.0,0.22322253785306848,30,103
0,1,0,family_median,0.1,0.4517599712728543,30,103
0,1,0,family_median,1.0,0.45164948263493987,30,103
0,1,0,family_median,10.0,0.4509091159165133,30,103
0,1,0,family_median,100.0,0.4605861953780937,30,103
0,1,0,all_visible_ridge,0.1,0.04446128780120622,30,103
0,1,0,all_visible_ridge,1.0,0.03666327753788669,30,103
0,1,0,all_visible_ridge,10.0,0.03226179536165572,30,103
0,1,0,all_visible_ridge,100.0,0.0407897355967624,30,103
0,1,0,pca_matched_dimension,0.1,0.038165101890144486,30,103
0,1,0,pca_matched_dimension,1.0,0.03814832250104735,30,103
0,1,0,pca_matched_dimension,10.0,0.038115962870643706,30,103
0,1,0,pca_matched_dimension,100.0,0.04856082601214408,30,103
0,1,0,descriptor_mean,0.1,0.057985483304261884,30,103
0,1,0,descriptor_mean,1.0,0.06201728719074927,30,103
0,1,0,descriptor_mean,10.0,0.07090544838369682,30,103
0,1,0,descriptor_mean,100.0,0.09795628763886985,30,103
0,1,0,null_mean,0.1,0.0555218096045695,30,103
0,1,0,null_mean,1.0,0.058082372859160625,30,103
0,1,0,null_mean,10.0,0.07531375035246536,30,103
0,1,0,null_mean,100.0,0.1399037572181559,30,103
0,1,0,null_local_svd,0.1,0.07976568580582351,30,103
0,1,0,null_local_svd,1.0,0.08657381190242858,30,103
0,1,0,null_local_svd,10.0,0.1162733876875171,30,103
0,1,0,null_local_svd,100.0,0.18912899843357048,30,103
0,1,1,structural_median,0.1,0.10949414244368563,30,103
0,1,1,structural_median,1.0,0.10740993309682065,30,103
0,1,1,structural_median,10.0,0.10501328243726435,30,103
0,1,1,structural_median,100.0,0.12036864321012028,30,103
0,1,1,descriptor_local_svd,0.1,0.0640990931889944,30,103
0,1,1,descriptor_local_svd,1.0,0.06774335745010755,30,103
0,1,1,descriptor_local_svd,10.0,0.07627043624916224,30,103
0,1,1,descriptor_local_svd,100.0,0.10607546736997828,30,103
0,1,1,degree_preserving_null,0.1,0.19556573310706168,30,103
0,1,1,degree_preserving_null,1.0,0.19191248242957779,30,103
0,1,1,degree_preserving_null,10.0,0.18644623436129723,30,103
0,1,1,degree_preserving_null,100.0,0.21853500483688448,30,103
0,1,1,family_median,0.1,0.4971861538244882,30,103
0,1,1,family_median,1.0,0.49708800025836697,30,103
0,1,1,family_median,10.0,0.4965010415780279,30,103
0,1,1,family_median,100.0,0.5096982934786445,30,103
0,1,1,all_visible_ridge,0.1,0.05087929773540508,30,103
0,1,1,all_visible_ridge,1.0,0.042581432013322845,30,103
0,1,1,all_visible_ridge,10.0,0.038344767035632964,30,103
0,1,1,all_visible_ridge,100.0,0.046212937240843036,30,103
0,1,1,pca_matched_dimension,0.1,0.04446742664330327,30,103
0,1,1,pca_matched_dimension,1.0,0.04445586344998793,30,103
0,1,1,pca_matched_dimension,10.0,0.044483790639542234,30,103
0,1,1,pca_matched_dimension,100.0,0.056170279140138765,30,103
0,1,1,descriptor_mean,0.1,0.06357108303731379,30,103
0,1,1,descriptor_mean,1.0,0.06710151703636241,30,103
0,1,1,descriptor_mean,10.0,0.07518121391985332,30,103
0,1,1,descriptor_mean,100.0,0.10326267237043081,30,103
0,1,1,null_mean,0.1,0.062256401525861316,30,103
0,1,1,null_mean,1.0,0.06613094952816198,30,103
0,1,1,null_mean,10.0,0.08363223080991365,30,103
0,1,1,null_mean,100.0,0.1415857196531317,30,103
0,1,1,null_local_svd,0.1,0.0858664088358237,30,103
0,1,1,null_local_svd,1.0,0.09197008524384968,30,103
0,1,1,null_local_svd,10.0,0.11776193146555695,30,103
0,1,1,null_local_svd,100.0,0.1890247827343658,30,103
0,1,2,structural_median,0.1,0.153750356028298,29,103
0,1,2,structural_median,1.0,0.15105241680014883,29,103
0,1,2,structural_median,10.0,0.14800575257092152,29,103
0,1,2,structural_median,100.0,0.16682514311924201,29,103
0,1,2,descriptor_local_svd,0.1,0.10320216296600687,29,103
0,1,2,descriptor_local_svd,1.0,0.1081901952432377,29,103
0,1,2,descriptor_local_svd,10.0,0.11733817337942246,29,103
0,1,2,descriptor_local_svd,100.0,0.1499073038776548,29,103
0,1,2,degree_preserving_null,0.1,0.2670107740147973,29,103
0,1,2,degree_preserving_null,1.0,0.262501589239992,29,103
0,1,2,degree_preserving_null,10.0,0.2554014884039389,29,103
0,1,2,degree_preserving_null,100.0,0.2941699878938095,29,103
0,1,2,family_median,0.1,0.6021874186169138,29,103
0,1,2,family_median,1.0,0.602075506415809,29,103
0,1,2,family_median,10.0,0.6012838688470971,29,103
0,1,2,family_median,100.0,0.6108793362134102,29,103
0,1,2,all_visible_ridge,0.1,0.07501717759190708,29,103
0,1,2,all_visible_ridge,1.0,0.06607075204038682,29,103
0,1,2,all_visible_ridge,10.0,0.06026055422840145,29,103
0,1,2,all_visible_ridge,100.0,0.07162412550439005,29,103
0,1,2,pca_matched_dimension,0.1,0.07042473253101059,29,103
0,1,2,pca_matched_dimension,1.0,0.07040257935713744,29,103
0,1,2,pca_matched_dimension,10.0,0.07035005338620372,29,103
0,1,2,pca_matched_dimension,100.0,0.0832604205215949,29,103
0,1,2,descriptor_mean,0.1,0.09787860335945373,29,103
0,1,2,descriptor_mean,1.0,0.10385486388393364,29,103
0,1,2,descriptor_mean,10.0,0.11339096875276754,29,103
0,1,2,descriptor_mean,100.0,0.14590945049867024,29,103
0,1,2,null_mean,0.1,0.0924046980639123,29,103
0,1,2,null_mean,1.0,0.09742118796556264,29,103
0,1,2,null_mean,10.0,0.11954031606406368,29,103
0,1,2,null_mean,100.0,0.19220487078043882,29,103
0,1,2,null_local_svd,0.1,0.13321455692423118,29,103
0,1,2,null_local_svd,1.0,0.1388865803284885,29,103
0,1,2,null_local_svd,10.0,0.17068760403904257,29,103
0,1,2,null_local_svd,100.0,0.2506413531531057,29,103
0,2,0,structural_median,0.1,0.11521881392799706,31,103
0,2,0,structural_median,1.0,0.11307525079609089,31,103
0,2,0,structural_median,10.0,0.11190594924936123,31,103
0,2,0,structural_median,100.0,0.12845537858784783,31,103
0,2,0,descriptor_local_svd,0.1,0.06451265203836762,31,103
0,2,0,descriptor_local_svd,1.0,0.06929198944070088,31,103
0,2,0,descriptor_local_svd,10.0,0.07965218377286122,31,103
0,2,0,descriptor_local_svd,100.0,0.11092647112250069,31,103
0,2,0,degree_preserving_null,0.1,0.21543832424039827,31,103
0,2,0,degree_preserving_null,1.0,0.2120053308947528,31,103
0,2,0,degree_preserving_null,10.0,0.2070344841181587,31,103
0,2,0,degree_preserving_null,100.0,0.24071497221453686,31,103
0,2,0,family_median,0.1,0.5319727848338853,31,103
0,2,0,family_median,1.0,0.531910929661186,31,103
0,2,0,family_median,10.0,0.5317260144420457,31,103
0,2,0,family_median,100.0,0.5486552104052799,31,103
0,2,0,all_visible_ridge,0.1,0.051657944053438785,31,103
0,2,0,all_visible_ridge,1.0,0.04314267270498175,31,103
0,2,0,all_visible_ridge,10.0,0.038970385635890295,31,103
0,2,0,all_visible_ridge,100.0,0.049039669386538226,31,103
0,2,0,pca_matched_dimension,0.1,0.04586256307982898,31,103
0,2,0,pca_matched_dimension,1.0,0.04584839554407583,31,103
0,2,0,pca_matched_dimension,10.0,0.04584999947595383,31,103
0,2,0,pca_matched_dimension,100.0,0.05725107035550539,31,103
0,2,0,descriptor_mean,0.1,0.06605484473524531,31,103
0,2,0,descriptor_mean,1.0,0.07012164131426606,31,103
0,2,0,descriptor_mean,10.0,0.07904927147824686,31,103
0,2,0,descriptor_mean,100.0,0.10928094025687268,31,103
0,2,0,null_mean,0.1,0.07021857129326628,31,103
0,2,0,null_mean,1.0,0.07266755128150594,31,103
0,2,0,null_mean,10.0,0.09067531435185473,31,103
0,2,0,null_mean,100.0,0.15680936262355682,31,103
0,2,0,null_local_svd,0.1,0.08744635068341647,31,103
0,2,0,null_local_svd,1.0,0.09757471571495083,31,103
0,2,0,null_local_svd,10.0,0.1292646969664216,31,103
0,2,0,null_local_svd,100.0,0.20125820852752216,31,103
0,2,1,structural_median,0.1,0.11826463371065885,30,103
0,2,1,structural_median,1.0,0.11607657779895385,30,103
0,2,1,structural_median,10.0,0.11236235157034818,30,103
0,2,1,structural_median,100.0,0.12741767295238132,30,103
0,2,1,descriptor_local_svd,0.1,0.06512989522260429,30,103
0,2,1,descriptor_local_svd,1.0,0.06890921294054055,30,103
0,2,1,descriptor_local_svd,10.0,0.07773319058902788,30,103
0,2,1,descriptor_local_svd,100.0,0.1101103505656463,30,103
0,2,1,degree_preserving_null,0.1,0.21922994172436777,30,103
0,2,1,degree_preserving_null,1.0,0.2144252324310689,30,103
0,2,1,degree_preserving_null,10.0,0.20461087345844986,30,103
0,2,1,degree_preserving_null,100.0,0.2286805836055345,30,103
0,2,1,family_median,0.1,0.5355981168938023,30,103
0,2,1,family_median,1.0,0.5354092104893412,30,103
0,2,1,family_median,10.0,0.5339845829233852,30,103
0,2,1,family_median,100.0,0.5415999074752487,30,103
0,2,1,all_visible_ridge,0.1,0.048223711735188,30,103
0,2,1,all_visible_ridge,1.0,0.039932353692480944,30,103
0,2,1,all_visible_ridge,10.0,0.035505437121297105,30,103
0,2,1,all_visible_ridge,100.0,0.044521773275287314,30,103
0,2,1,pca_matched_dimension,0.1,0.04199238804447731,30,103
0,2,1,pca_matched_dimension,1.0,0.041974551115074595,30,103
0,2,1,pca_matched_dimension,10.0,0.041961959833598045,30,103
0,2,1,pca_matched_dimension,100.0,0.055014006191800593,30,103
0,2,1,descriptor_mean,0.1,0.06388077355360806,30,103
0,2,1,descriptor_mean,1.0,0.06804639095233168,30,103
0,2,1,descriptor_mean,10.0,0.07674131416653461,30,103
0,2,1,descriptor_mean,100.0,0.10715599065618903,30,103
0,2,1,null_mean,0.1,0.0640544363925665,30,103
0,2,1,null_mean,1.0,0.06709223005487526,30,103
0,2,1,null_mean,10.0,0.08540601805672976,30,103
0,2,1,null_mean,100.0,0.14466244500551656,30,103
0,2,1,null_local_svd,0.1,0.09532893930093385,30,103
0,2,1,null_local_svd,1.0,0.10140034582944119,30,103
0,2,1,null_local_svd,10.0,0.12892733027724382,30,103
0,2,1,null_local_svd,100.0,0.19764532896282638,30,103
0,2,2,structural_median,0.1,0.1535583912366187,27,103
0,2,2,structural_median,1.0,0.15142825940086183,27,103
0,2,2,structural_median,10.0,0.14943348040667123,27,103
0,2,2,structural_median,100.0,0.1668686535444422,27,103
0,2,2,descriptor_local_svd,0.1,0.10325622392097153,27,103
0,2,2,descriptor_local_svd,1.0,0.1069978726427367,27,103
0,2,2,descriptor_local_svd,10.0,0.11774060642383413,27,103
0,2,2,descriptor_local_svd,100.0,0.14961674743414927,27,103
0,2,2,degree_preserving_null,0.1,0.2513649054812754,27,103
0,2,2,degree_preserving_null,1.0,0.24966645147270233,27,103
0,2,2,degree_preserving_null,10.0,0.2511777154381928,27,103
0,2,2,degree_preserving_null,100.0,0.29546663022612,27,103
0,2,2,family_median,0.1,0.49991330443060317,27,103
0,2,2,family_median,1.0,0.49983928739941663,27,103
0,2,2,family_median,10.0,0.4994243150884696,27,103
0,2,2,family_median,100.0,0.5107628894547992,27,103
0,2,2,all_visible_ridge,0.1,0.08147695179680259,27,103
0,2,2,all_visible_ridge,1.0,0.07195996643014296,27,103
0,2,2,all_visible_ridge,10.0,0.06794189459367368,27,103
0,2,2,all_visible_ridge,100.0,0.07903162118871622,27,103
0,2,2,pca_matched_dimension,0.1,0.0754894297229681,27,103
0,2,2,pca_matched_dimension,1.0,0.07548958280365453,27,103
0,2,2,pca_matched_dimension,10.0,0.07562000904034419,27,103
0,2,2,pca_matched_dimension,100.0,0.08715402656893462,27,103
0,2,2,descriptor_mean,0.1,0.10115671358312114,27,103
0,2,2,descriptor_mean,1.0,0.10615796120077176,27,103
0,2,2,descriptor_mean,10.0,0.11655847646812208,27,103
0,2,2,descriptor_mean,100.0,0.14735785999088724,27,103
0,2,2,null_mean,0.1,0.09575480585265028,27,103
0,2,2,null_mean,1.0,0.10088800145871861,27,103
0,2,2,null_mean,10.0,0.1254935462816714,27,103
0,2,2,null_mean,100.0,0.19907021425490312,27,103
0,2,2,null_local_svd,0.1,0.12329249780491901,27,103
0,2,2,null_local_svd,1.0,0.13484871670991472,27,103
0,2,2,null_local_svd,10.0,0.17707107606234818,27,103
0,2,2,null_local_svd,100.0,0.2642473436618936,27,103
0,3,0,structural_median,0.1,0.14722073986357334,30,103
0,3,0,structural_median,1.0,0.1455750621425303,30,103
0,3,0,structural_median,10.0,0.14486305407020397,30,103
0,3,0,structural_median,100.0,0.16638411624554608,30,103
0,3,0,descriptor_local_svd,0.1,0.09119014704112867,30,103
0,3,0,descriptor_local_svd,1.0,0.09499980635370438,30,103
0,3,0,descriptor_local_svd,10.0,0.10839051250718354,30,103
0,3,0,descriptor_local_svd,100.0,0.1460395752454405,30,103
0,3,0,degree_preserving_null,0.1,0.25333619542627983,30,103
0,3,0,degree_preserving_null,1.0,0.2501891465201977,30,103
0,3,0,degree_preserving_null,10.0,0.24720753900709047,30,103
0,3,0,degree_preserving_null,100.0,0.28459717512463184,30,103
0,3,0,family_median,0.1,0.5503667507589903,30,103
0,3,0,family_median,1.0,0.5499944087770885,30,103
0,3,0,family_median,10.0,0.5468107811432483,30,103
0,3,0,family_median,100.0,0.5427389895227166,30,103
0,3,0,all_visible_ridge,0.1,0.07435314841141287,30,103
0,3,0,all_visible_ridge,1.0,0.06586081862663552,30,103
0,3,0,all_visible_ridge,10.0,0.06144652553379409,30,103
0,3,0,all_visible_ridge,100.0,0.07187616675746002,30,103
0,3,0,pca_matched_dimension,0.1,0.06691205885524096,30,103
0,3,0,pca_matched_dimension,1.0,0.0669115903509358,30,103
0,3,0,pca_matched_dimension,10.0,0.06705340576792472,30,103
0,3,0,pca_matched_dimension,100.0,0.0800992832571454,30,103
0,3,0,descriptor_mean,0.1,0.08905287020254048,30,103
0,3,0,descriptor_mean,1.0,0.09415066562854121,30,103
0,3,0,descriptor_mean,10.0,0.10739278148868242,30,103
0,3,0,descriptor_mean,100.0,0.14502223914008386,30,103
0,3,0,null_mean,0.1,0.0899538481966895,30,103
0,3,0,null_mean,1.0,0.09314583308903467,30,103
0,3,0,null_mean,10.0,0.11835632181744242,30,103
0,3,0,null_mean,100.0,0.1977042471845613,30,103
0,3,0,null_local_svd,0.1,0.1209420859259852,30,103
0,3,0,null_local_svd,1.0,0.1332598834870868,30,103
0,3,0,null_local_svd,10.0,0.16981341645490014,30,103
0,3,0,null_local_svd,100.0,0.2482703663551245,30,103
0,3,1,structural_median,0.1,0.0950983392840565,31,103
0,3,1,structural_median,1.0,0.09294033825149248,31,103
0,3,1,structural_median,10.0,0.09076257654018506,31,103
0,3,1,structural_median,100.0,0.10381619248362696,31,103
0,3,1,descriptor_local_svd,0.1,0.05512627849109349,31,103
0,3,1,descriptor_local_svd,1.0,0.056929114473670245,31,103
0,3,1,descriptor_local_svd,10.0,0.06324770509220416,31,103
0,3,1,descriptor_local_svd,100.0,0.08835195106879376,31,103
0,3,1,degree_preserving_null,0.1,0.19001624174125523,31,103
0,3,1,degree_preserving_null,1.0,0.18598644405356254,31,103
0,3,1,degree_preserving_null,10.0,0.18034315716686275,31,103
0,3,1,degree_preserving_null,100.0,0.2080737558194729,31,103
0,3,1,family_median,0.1,0.44117674494726206,31,103
0,3,1,family_median,1.0,0.44134027805266246,31,103
0,3,1,family_median,10.0,0.44320740371510686,31,103
0,3,1,family_median,100.0,0.4700114709241823,31,103
0,3,1,all_visible_ridge,0.1,0.04202826287460624,31,103
0,3,1,all_visible_ridge,1.0,0.03494156883838982,31,103
0,3,1,all_visible_ridge,10.0,0.031351608978286,31,103
0,3,1,all_visible_ridge,100.0,0.038762638939997984,31,103
0,3,1,pca_matched_dimension,0.1,0.036772553183951145,31,103
0,3,1,pca_matched_dimension,1.0,0.03675888885475182,31,103
0,3,1,pca_matched_dimension,10.0,0.03675562129465959,31,103
0,3,1,pca_matched_dimension,100.0,0.04732159275582913,31,103
0,3,1,descriptor_mean,0.1,0.05367572194284127,31,103
0,3,1,descriptor_mean,1.0,0.05602679599297348,31,103
0,3,1,descriptor_mean,10.0,0.06273447727159452,31,103
0,3,1,descriptor_mean,100.0,0.08697824436895468,31,103
0,3,1,null_mean,0.1,0.05437757151561049,31,103
0,3,1,null_mean,1.0,0.05681178992791774,31,103
0,3,1,null_mean,10.0,0.07326933568217821,31,103
0,3,1,null_mean,100.0,0.13001781421973393,31,103
0,3,1,null_local_svd,0.1,0.07409819165335978,31,103
0,3,1,null_local_svd,1.0,0.0818631600144021,31,103
0,3,1,null_local_svd,10.0,0.10948036432979721,31,103
0,3,1,null_local_svd,100.0,0.17256421517290726,31,103
0,3,2,structural_median,0.1,0.1077734362915088,27,103
0,3,2,structural_median,1.0,0.10582417722469062,27,103
0,3,2,structural_median,10.0,0.10340871825308418,27,103
0,3,2,structural_median,100.0,0.1184891625369041,27,103
0,3,2,descriptor_local_svd,0.1,0.06130972730566963,27,103
0,3,2,descriptor_local_svd,1.0,0.06640594356587291,27,103
0,3,2,descriptor_local_svd,10.0,0.07530241380747128,27,103
0,3,2,descriptor_local_svd,100.0,0.1050221227901814,27,103
0,3,2,degree_preserving_null,0.1,0.21136564466967903,27,103
0,3,2,degree_preserving_null,1.0,0.20788394318134762,27,103
0,3,2,degree_preserving_null,10.0,0.2029860612910724,27,103
0,3,2,degree_preserving_null,100.0,0.2348641405180151,27,103
0,3,2,family_median,0.1,0.4990380252733311,27,103
0,3,2,family_median,1.0,0.49916460873738405,27,103
0,3,2,family_median,10.0,0.5006871207369299,27,103
0,3,2,family_median,100.0,0.526647608317774,27,103
0,3,2,all_visible_ridge,0.1,0.045078907573745476,27,103
0,3,2,all_visible_ridge,1.0,0.037692234956499024,27,103
0,3,2,all_visible_ridge,10.0,0.03438336212525575,27,103
0,3,2,all_visible_ridge,100.0,0.04337860122713425,27,103
0,3,2,pca_matched_dimension,0.1,0.04068213874045374,27,103
0,3,2,pca_matched_dimension,1.0,0.04067129064414424,27,103
0,3,2,pca_matched_dimension,10.0,0.04072607344443762,27,103
0,3,2,pca_matched_dimension,100.0,0.05424416569342108,27,103
0,3,2,descriptor_mean,0.1,0.06136775917895165,27,103
0,3,2,descriptor_mean,1.0,0.06518965429853497,27,103
0,3,2,descriptor_mean,10.0,0.07353036988932654,27,103
0,3,2,descriptor_mean,100.0,0.10085154744365951,27,103
0,3,2,null_mean,0.1,0.06003654013598794,27,103
0,3,2,null_mean,1.0,0.06259670802273455,27,103
0,3,2,null_mean,10.0,0.07922774206685917,27,103
0,3,2,null_mean,100.0,0.14239364181753586,27,103
0,3,2,null_local_svd,0.1,0.0797087860176658,27,103
0,3,2,null_local_svd,1.0,0.08839808253136024,27,103
0,3,2,null_local_svd,10.0,0.12368366459396027,27,103
0,3,2,null_local_svd,100.0,0.20139744120216854,27,103
0,4,0,structural_median,0.1,0.1273144543359489,28,103
0,4,0,structural_median,1.0,0.12527045740766377,28,103
0,4,0,structural_median,10.0,0.12335644490193283,28,103
0,4,0,structural_median,100.0,0.1419078919696742,28,103
0,4,0,descriptor_local_svd,0.1,0.07250212181007927,28,103
0,4,0,descriptor_local_svd,1.0,0.07707336990767776,28,103
0,4,0,descriptor_local_svd,10.0,0.08947420439713927,28,103
0,4,0,descriptor_local_svd,100.0,0.12670351147203102,28,103
0,4,0,degree_preserving_null,0.1,0.23358486677497745,28,103
0,4,0,degree_preserving_null,1.0,0.2277523391124798,28,103
0,4,0,degree_preserving_null,10.0,0.21764423557869864,28,103
0,4,0,degree_preserving_null,100.0,0.2440692633327802,28,103
0,4,0,family_median,0.1,0.5486833679299672,28,103
0,4,0,family_median,1.0,0.5485912752189275,28,103
0,4,0,family_median,10.0,0.5479135145979893,28,103
0,4,0,family_median,100.0,0.5546916487041088,28,103
0,4,0,all_visible_ridge,0.1,0.053919382178727875,28,103
0,4,0,all_visible_ridge,1.0,0.045247730379704386,28,103
0,4,0,all_visible_ridge,10.0,0.040195418108498845,28,103
0,4,0,all_visible_ridge,100.0,0.05151260823926742,28,103
0,4,0,pca_matched_dimension,0.1,0.047723728686271075,28,103
0,4,0,pca_matched_dimension,1.0,0.04772095954683504,28,103
0,4,0,pca_matched_dimension,10.0,0.04785172656237528,28,103
0,4,0,pca_matched_dimension,100.0,0.061738858879737755,28,103
0,4,0,descriptor_mean,0.1,0.07134462332907147,28,103
0,4,0,descriptor_mean,1.0,0.07592633754125762,28,103
0,4,0,descriptor_mean,10.0,0.08781314487760818,28,103
0,4,0,descriptor_mean,100.0,0.12204278852391263,28,103
0,4,0,null_mean,0.1,0.06691937003372903,28,103
0,4,0,null_mean,1.0,0.07107065150235994,28,103
0,4,0,null_mean,10.0,0.09368138880199184,28,103
0,4,0,null_mean,100.0,0.16030212709708438,28,103
0,4,0,null_local_svd,0.1,0.09256031035896053,28,103
0,4,0,null_local_svd,1.0,0.10232053854168772,28,103
0,4,0,null_local_svd,10.0,0.13826238832524934,28,103
0,4,0,null_local_svd,100.0,0.21584630949376019,28,103
0,4,1,structural_median,0.1,0.110936287581028,32,103
0,4,1,structural_median,1.0,0.10855743869504345,32,103
0,4,1,structural_median,10.0,0.1055479430727948,32,103
0,4,1,structural_median,100.0,0.12039494731854565,32,103
0,4,1,descriptor_local_svd,0.1,0.06203073583058723,32,103
0,4,1,descriptor_local_svd,1.0,0.06671845578674651,32,103
0,4,1,descriptor_local_svd,10.0,0.07621522698891627,32,103
0,4,1,descriptor_local_svd,100.0,0.10687566053439801,32,103
0,4,1,degree_preserving_null,0.1,0.2103597982572715,32,103
0,4,1,degree_preserving_null,1.0,0.205618276062715,32,103
0,4,1,degree_preserving_null,10.0,0.2002278490312751,32,103
0,4,1,degree_preserving_null,100.0,0.2364582542648148,32,103
0,4,1,family_median,0.1,0.5164600846925795,32,103
0,4,1,family_median,1.0,0.5164669575721121,32,103
0,4,1,family_median,10.0,0.5169419094262638,32,103
0,4,1,family_median,100.0,0.538591358667393,32,103
0,4,1,all_visible_ridge,0.1,0.050996584466991755,32,103
0,4,1,all_visible_ridge,1.0,0.04326613950667978,32,103
0,4,1,all_visible_ridge,10.0,0.03954405365371655,32,103
0,4,1,all_visible_ridge,100.0,0.04819247162808339,32,103
0,4,1,pca_matched_dimension,0.1,0.044329580284782184,32,103
0,4,1,pca_matched_dimension,1.0,0.0443134178896203,32,103
0,4,1,pca_matched_dimension,10.0,0.044288541432241174,32,103
0,4,1,pca_matched_dimension,100.0,0.05491174321423637,32,103
0,4,1,descriptor_mean,0.1,0.06232985284821194,32,103
0,4,1,descriptor_mean,1.0,0.06684408407252898,32,103
0,4,1,descriptor_mean,10.0,0.07575587527589274,32,103
0,4,1,descriptor_mean,100.0,0.10510348711760797,32,103
0,4,1,null_mean,0.1,0.06446980385549164,32,103
0,4,1,null_mean,1.0,0.06718546151232635,32,103
0,4,1,null_mean,10.0,0.08522434826169305,32,103
0,4,1,null_mean,100.0,0.15404181066894157,32,103
0,4,1,null_local_svd,0.1,0.08103663576993889,32,103
0,4,1,null_local_svd,1.0,0.08895880808777479,32,103
0,4,1,null_local_svd,10.0,0.12033789543199008,32,103
0,4,1,null_local_svd,100.0,0.19445639623697508,32,103
0,4,2,structural_median,0.1,0.12721153838387111,30,103
0,4,2,structural_median,1.0,0.1249770919767752,30,103
0,4,2,structural_median,10.0,0.12213649877207139,30,103
0,4,2,structural_median,100.0,0.13872800007274208,30,103
0,4,2,descriptor_local_svd,0.1,0.08171286787253967,30,103
0,4,2,descriptor_local_svd,1.0,0.08578862440837627,30,103
0,4,2,descriptor_local_svd,10.0,0.09363997106597297,30,103
0,4,2,descriptor_local_svd,100.0,0.12258474463197473,30,103
0,4,2,degree_preserving_null,0.1,0.2312896001472883,30,103
0,4,2,degree_preserving_null,1.0,0.2287981619436664,30,103
0,4,2,degree_preserving_null,10.0,0.22747219506070257,30,103
0,4,2,degree_preserving_null,100.0,0.26470963712808565,30,103
0,4,2,family_median,0.1,0.47391265688808953,30,103
0,4,2,family_median,1.0,0.4736291299723588,30,103
0,4,2,family_median,10.0,0.47131286491293695,30,103
0,4,2,family_median,100.0,0.47479694289815627,30,103
0,4,2,all_visible_ridge,0.1,0.061585006004647974,30,103
0,4,2,all_visible_ridge,1.0,0.05175701790199292,30,103
0,4,2,all_visible_ridge,10.0,0.047385115962278256,30,103
0,4,2,all_visible_ridge,100.0,0.056897315842198815,30,103
0,4,2,pca_matched_dimension,0.1,0.05567556648188053,30,103
0,4,2,pca_matched_dimension,1.0,0.05565277734980456,30,103
0,4,2,pca_matched_dimension,10.0,0.0555873264702945,30,103
0,4,2,pca_matched_dimension,100.0,0.06785505189118712,30,103
0,4,2,descriptor_mean,0.1,0.07997507229938994,30,103
0,4,2,descriptor_mean,1.0,0.08506979000884907,30,103
0,4,2,descriptor_mean,10.0,0.09380437173965782,30,103
0,4,2,descriptor_mean,100.0,0.12235268915332205,30,103
0,4,2,null_mean,0.1,0.07441138017590031,30,103
0,4,2,null_mean,1.0,0.07801726964683568,30,103
0,4,2,null_mean,10.0,0.09995747274250717,30,103
0,4,2,null_mean,100.0,0.16901007477030883,30,103
0,4,2,null_local_svd,0.1,0.09445734476995712,30,103
0,4,2,null_local_svd,1.0,0.10659404906104206,30,103
0,4,2,null_local_svd,10.0,0.14315051638601856,30,103
0,4,2,null_local_svd,100.0,0.21624663111537631,30,103
1,0,0,structural_median,0.1,0.12030231121381002,30,100
1,0,0,structural_median,1.0,0.11838149181975567,30,100
1,0,0,structural_median,10.0,0.1173214010412408,30,100
1,0,0,structural_median,100.0,0.13561783449330472,30,100
1,0,0,descriptor_local_svd,0.1,0.07577027125200539,30,100
1,0,0,descriptor_local_svd,1.0,0.07951828348353969,30,100
1,0,0,descriptor_local_svd,10.0,0.08957440689894876,30,100
1,0,0,descriptor_local_svd,100.0,0.12023707309453466,30,100
1,0,0,degree_preserving_null,0.1,0.21168840373881861,30,100
1,0,0,degree_preserving_null,1.0,0.20777762587389745,30,100
1,0,0,degree_preserving_null,10.0,0.2000589165389324,30,100
1,0,0,degree_preserving_null,100.0,0.22624171479767993,30,100
1,0,0,family_median,0.1,0.5275597383160026,30,100
1,0,0,family_median,1.0,0.527542497345069,30,100
1,0,0,family_median,10.0,0.5275835723089116,30,100
1,0,0,family_median,100.0,0.5408014876317137,30,100
1,0,0,all_visible_ridge,0.1,0.05125238807609131,30,100
1,0,0,all_visible_ridge,1.0,0.043336794073067876,30,100
1,0,0,all_visible_ridge,10.0,0.04008515126286061,30,100
1,0,0,all_visible_ridge,100.0,0.0511395746484629,30,100
1,0,0,pca_matched_dimension,0.1,0.04751606652903297,30,100
1,0,0,pca_matched_dimension,1.0,0.04749755744082548,30,100
1,0,0,pca_matched_dimension,10.0,0.04747904214568235,30,100
1,0,0,pca_matched_dimension,100.0,0.060535932479152815,30,100
1,0,0,descriptor_mean,0.1,0.07313707564370109,30,100
1,0,0,descriptor_mean,1.0,0.07733604644861837,30,100
1,0,0,descriptor_mean,10.0,0.08895922951404285,30,100
1,0,0,descriptor_mean,100.0,0.12117885373168931,30,100
1,0,0,null_mean,0.1,0.07550479504074993,30,100
1,0,0,null_mean,1.0,0.08006836790700984,30,100
1,0,0,null_mean,10.0,0.10092858781717809,30,100
1,0,0,null_mean,100.0,0.1634091677936075,30,100
1,0,0,null_local_svd,0.1,0.10458633961039915,30,100
1,0,0,null_local_svd,1.0,0.11107556369038442,30,100
1,0,0,null_local_svd,10.0,0.14199125759022266,30,100
1,0,0,null_local_svd,100.0,0.2076820894428817,30,100
1,0,1,structural_median,0.1,0.10636880715974122,31,100
1,0,1,structural_median,1.0,0.10397522751497429,31,100
1,0,1,structural_median,10.0,0.10102857533045874,31,100
1,0,1,structural_median,100.0,0.11254983676084776,31,100
1,0,1,descriptor_local_svd,0.1,0.06518791694193272,31,100
1,0,1,descriptor_local_svd,1.0,0.06909044983942596,31,100
1,0,1,descriptor_local_svd,10.0,0.07576710203811059,31,100
1,0,1,descriptor_local_svd,100.0,0.09895948295616008,31,100
1,0,1,degree_preserving_null,0.1,0.17391782281816046,31,100
1,0,1,degree_preserving_null,1.0,0.16960606063413053,31,100
1,0,1,degree_preserving_null,10.0,0.161160296863103,31,100
1,0,1,degree_preserving_null,100.0,0.17894608380710905,31,100
1,0,1,family_median,0.1,0.4354381015443715,31,100
1,0,1,family_median,1.0,0.43536080231497054,31,100
1,0,1,family_median,10.0,0.43486449093689283,31,100
1,0,1,family_median,100.0,0.4435667693919773,31,100
1,0,1,all_visible_ridge,0.1,0.04406841946220472,31,100
1,0,1,all_visible_ridge,1.0,0.03649062805308597,31,100
1,0,1,all_visible_ridge,10.0,0.032359154178540635,31,100
1,0,1,all_visible_ridge,100.0,0.04108819399741801,31,100
1,0,1,pca_matched_dimension,0.1,0.038095300685368365,31,100
1,0,1,pca_matched_dimension,1.0,0.038080713412105914,31,100
1,0,1,pca_matched_dimension,10.0,0.038059237393942943,31,100
1,0,1,pca_matched_dimension,100.0,0.047734373243452574,31,100
1,0,1,descriptor_mean,0.1,0.0609057024316872,31,100
1,0,1,descriptor_mean,1.0,0.06534880858629374,31,100
1,0,1,descriptor_mean,10.0,0.07489318966959622,31,100
1,0,1,descriptor_mean,100.0,0.0984447439956299,31,100
1,0,1,null_mean,0.1,0.061982751608036735,31,100
1,0,1,null_mean,1.0,0.06615177673409811,31,100
1,0,1,null_mean,10.0,0.08430758082170714,31,100
1,0,1,null_mean,100.0,0.13273211969777224,31,100
1,0,1,null_local_svd,0.1,0.08032220913104701,31,100
1,0,1,null_local_svd,1.0,0.08551891268213428,31,100
1,0,1,null_local_svd,10.0,0.107761126827665,31,100
1,0,1,null_local_svd,100.0,0.1609019427968458,31,100
1,0,2,structural_median,0.1,0.126927382675733,32,100
1,0,2,structural_median,1.0,0.1248453053803616,32,100
1,0,2,structural_median,10.0,0.12424538240369098,32,100
1,0,2,structural_median,100.0,0.14567680022444823,32,100
1,0,2,descriptor_local_svd,0.1,0.0828515450309585,32,100
1,0,2,descriptor_local_svd,1.0,0.08588726845074185,32,100
1,0,2,descriptor_local_svd,10.0,0.0943379864763501,32,100
1,0,2,descriptor_local_svd,100.0,0.12888451114018504,32,100
1,0,2,degree_preserving_null,0.1,0.20378240827351093,32,100
1,0,2,degree_preserving_null,1.0,0.2018265589217624,32,100
1,0,2,degree_preserving_null,10.0,0.20059942548637455,32,100
1,0,2,degree_preserving_null,100.0,0.2315894217919734,32,100
1,0,2,family_median,0.1,0.5061956307673201,32,100
1,0,2,family_median,1.0,0.5059366472324092,32,100
1,0,2,family_median,10.0,0.503791114548684,32,100
1,0,2,family_median,100.0,0.5029487789545662,32,100
1,0,2,all_visible_ridge,0.1,0.059664035573238815,32,100
1,0,2,all_visible_ridge,1.0,0.05134429323312051,32,100
1,0,2,all_visible_ridge,10.0,0.04872050373444367,32,100
1,0,2,all_visible_ridge,100.0,0.06035120083197224,32,100
1,0,2,pca_matched_dimension,0.1,0.05681691191767616,32,100
1,0,2,pca_matched_dimension,1.0,0.05680176792208691,32,100
1,0,2,pca_matched_dimension,10.0,0.056789946554496026,32,100
1,0,2,pca_matched_dimension,100.0,0.06776744756071171,32,100
1,0,2,descriptor_mean,0.1,0.08321975468288315,32,100
1,0,2,descriptor_mean,1.0,0.0859295578506942,32,100
1,0,2,descriptor_mean,10.0,0.09424194612907336,32,100
1,0,2,descriptor_mean,100.0,0.126917235787525,32,100
1,0,2,null_mean,0.1,0.09059951298750357,32,100
1,0,2,null_mean,1.0,0.09511813473848507,32,100
1,0,2,null_mean,10.0,0.11335323545799511,32,100
1,0,2,null_mean,100.0,0.1721413440253116,32,100
1,0,2,null_local_svd,0.1,0.10709081181433378,32,100
1,0,2,null_local_svd,1.0,0.116186946980879,32,100
1,0,2,null_local_svd,10.0,0.14321147865023792,32,100
1,0,2,null_local_svd,100.0,0.20528017520678987,32,100
1,1,0,structural_median,0.1,0.10826186507287737,30,100
1,1,0,structural_median,1.0,0.10618073165312886,30,100
1,1,0,structural_median,10.0,0.10489254598495133,30,100
1,1,0,structural_median,100.0,0.12052776028147029,30,100
1,1,0,descriptor_local_svd,0.1,0.06518298213047688,30,100
1,1,0,descriptor_local_svd,1.0,0.06861762082300124,30,100
1,1,0,descriptor_local_svd,10.0,0.07796788814239021,30,100
1,1,0,descriptor_local_svd,100.0,0.1043662446692079,30,100
1,1,0,degree_preserving_null,0.1,0.17390085952724352,30,100
1,1,0,degree_preserving_null,1.0,0.17016689405023291,30,100
1,1,0,degree_preserving_null,10.0,0.1645779315977207,30,100
1,1,0,degree_preserving_null,100.0,0.18849430205794312,30,100
1,1,0,family_median,0.1,0.44695874052003987,30,100
1,1,0,family_median,1.0,0.44673073166494465,30,100
1,1,0,family_median,10.0,0.44491358755464394,30,100
1,1,0,family_median,100.0,0.447333751217626,30,100
1,1,0,all_visible_ridge,0.1,0.045768503913075895,30,100
1,1,0,all_visible_ridge,1.0,0.03803711577098344,30,100
1,1,0,all_visible_ridge,10.0,0.03470271811952148,30,100
1,1,0,all_visible_ridge,100.0,0.04462994997798274,30,100
1,1,0,pca_matched_dimension,0.1,0.04173203751310457,30,100
1,1,0,pca_matched_dimension,1.0,0.04171202018087732,30,100
1,1,0,pca_matched_dimension,10.0,0.04164492809185105,30,100
1,1,0,pca_matched_dimension,100.0,0.05155949122732769,30,100
1,1,0,descriptor_mean,0.1,0.06177162506222263,30,100
1,1,0,descriptor_mean,1.0,0.06586950923975857,30,100
1,1,0,descriptor_mean,10.0,0.07628874758230132,30,100
1,1,0,descriptor_mean,100.0,0.10292930072511584,30,100
1,1,0,null_mean,0.1,0.06461137945865376,30,100
1,1,0,null_mean,1.0,0.06858542990680022,30,100
1,1,0,null_mean,10.0,0.08759127716056675,30,100
1,1,0,null_mean,100.0,0.13856314498937605,30,100
1,1,0,null_local_svd,0.1,0.09331170599119959,30,100
1,1,0,null_local_svd,1.0,0.09602824544176962,30,100
1,1,0,null_local_svd,10.0,0.11551498735034048,30,100
1,1,0,null_local_svd,100.0,0.16574320827434527,30,100
1,1,1,structural_median,0.1,0.10770900526207546,30,100
1,1,1,structural_median,1.0,0.10584103376844996,30,100
1,1,1,structural_median,10.0,0.10414393032757975,30,100
1,1,1,structural_median,100.0,0.12061841537396853,30,100
1,1,1,descriptor_local_svd,0.1,0.06439754071896038,30,100
1,1,1,descriptor_local_svd,1.0,0.06808841967879502,30,100
1,1,1,descriptor_local_svd,10.0,0.0776488923036966,30,100
1,1,1,descriptor_local_svd,100.0,0.10658904742703161,30,100
1,1,1,degree_preserving_null,0.1,0.1807377148457065,30,100
1,1,1,degree_preserving_null,1.0,0.1774196992150766,30,100
1,1,1,degree_preserving_null,10.0,0.16968652776725815,30,100
1,1,1,degree_preserving_null,100.0,0.1914640778345155,30,100
1,1,1,family_median,0.1,0.5086387469742212,30,100
1,1,1,family_median,1.0,0.5085580769743407,30,100
1,1,1,family_median,10.0,0.5080347099069814,30,100
1,1,1,family_median,100.0,0.5175317942200514,30,100
1,1,1,all_visible_ridge,0.1,0.04776012646551308,30,100
1,1,1,all_visible_ridge,1.0,0.040003307319468134,30,100
1,1,1,all_visible_ridge,10.0,0.03600827267963428,30,100
1,1,1,all_visible_ridge,100.0,0.04444083618670883,30,100
1,1,1,pca_matched_dimension,0.1,0.04223019017615286,30,100
1,1,1,pca_matched_dimension,1.0,0.04221725628250441,30,100
1,1,1,pca_matched_dimension,10.0,0.042235570307566195,30,100
1,1,1,pca_matched_dimension,100.0,0.05415243755233643,30,100
1,1,1,descriptor_mean,0.1,0.06302585615760063,30,100
1,1,1,descriptor_mean,1.0,0.06726069711126156,30,100
1,1,1,descriptor_mean,10.0,0.07749637919855167,30,100
1,1,1,descriptor_mean,100.0,0.10610378552600631,30,100
1,1,1,null_mean,0.1,0.06278016008099238,30,100
1,1,1,null_mean,1.0,0.065820358458725,30,100
1,1,1,null_mean,10.0,0.08493783310099103,30,100
1,1,1,null_mean,100.0,0.1430125334947462,30,100
1,1,1,null_local_svd,0.1,0.08532374056642551,30,100
1,1,1,null_local_svd,1.0,0.09044727116248091,30,100
1,1,1,null_local_svd,10.0,0.11458873580932104,30,100
1,1,1,null_local_svd,100.0,0.17179358518402674,30,100
1,1,2,structural_median,0.1,0.15063785728691403,29,100
1,1,2,structural_median,1.0,0.1476938113136099,29,100
1,1,2,structural_median,10.0,0.14384248744067207,29,100
1,1,2,structural_median,100.0,0.1607830412182474,29,100
1,1,2,descriptor_local_svd,0.1,0.09168003209711009,29,100
1,1,2,descriptor_local_svd,1.0,0.09571356872514025,29,100
1,1,2,descriptor_local_svd,10.0,0.10519069923055185,29,100
1,1,2,descriptor_local_svd,100.0,0.14082211009506998,29,100
1,1,2,degree_preserving_null,0.1,0.2410195828346001,29,100
1,1,2,degree_preserving_null,1.0,0.23734697010630182,29,100
1,1,2,degree_preserving_null,10.0,0.22938269442651707,29,100
1,1,2,degree_preserving_null,100.0,0.2573302475195875,29,100
1,1,2,family_median,0.1,0.5777941837866187,29,100
1,1,2,family_median,1.0,0.5777123318332849,29,100
1,1,2,family_median,10.0,0.5771910919441902,29,100
1,1,2,family_median,100.0,0.5876164566195466,29,100
1,1,2,all_visible_ridge,0.1,0.06679569330424072,29,100
1,1,2,all_visible_ridge,1.0,0.05899351213985064,29,100
1,1,2,all_visible_ridge,10.0,0.05611431138820987,29,100
1,1,2,all_visible_ridge,100.0,0.06800645041092704,29,100
1,1,2,pca_matched_dimension,0.1,0.06614373053790426,29,100
1,1,2,pca_matched_dimension,1.0,0.06613424303485363,29,100
1,1,2,pca_matched_dimension,10.0,0.06620513535736254,29,100
1,1,2,pca_matched_dimension,100.0,0.08007793410881563,29,100
1,1,2,descriptor_mean,0.1,0.09328294540849903,29,100
1,1,2,descriptor_mean,1.0,0.09686985218707421,29,100
1,1,2,descriptor_mean,10.0,0.10749014622627544,29,100
1,1,2,descriptor_mean,100.0,0.14163906952968042,29,100
1,1,2,null_mean,0.1,0.10650885611254425,29,100
1,1,2,null_mean,1.0,0.1091907659423637,29,100
1,1,2,null_mean,10.0,0.12563434669581194,29,100
1,1,2,null_mean,100.0,0.1897099429738694,29,100
1,1,2,null_local_svd,0.1,0.12590797284263586,29,100
1,1,2,null_local_svd,1.0,0.13422879889627035,29,100
1,1,2,null_local_svd,10.0,0.16329892060613674,29,100
1,1,2,null_local_svd,100.0,0.23578354993471454,29,100
1,2,0,structural_median,0.1,0.11776788484397613,31,100
1,2,0,structural_median,1.0,0.1150240613145372,31,100
1,2,0,structural_median,10.0,0.11171833167964813,31,100
1,2,0,structural_median,100.0,0.12784597050206448,31,100
1,2,0,descriptor_local_svd,0.1,0.06845126631557404,31,100
1,2,0,descriptor_local_svd,1.0,0.07263923104558259,31,100
1,2,0,descriptor_local_svd,10.0,0.08186999947702302,31,100
1,2,0,descriptor_local_svd,100.0,0.11102914262539142,31,100
1,2,0,degree_preserving_null,0.1,0.2009903131789328,31,100
1,2,0,degree_preserving_null,1.0,0.19743950697912677,31,100
1,2,0,degree_preserving_null,10.0,0.1896676191556685,31,100
1,2,0,degree_preserving_null,100.0,0.2145449916698652,31,100
1,2,0,family_median,0.1,0.5373071311107479,31,100
1,2,0,family_median,1.0,0.5372104705585303,31,100
1,2,0,family_median,10.0,0.5365576002863699,31,100
1,2,0,family_median,100.0,0.5449955145506385,31,100
1,2,0,all_visible_ridge,0.1,0.04702330187154889,31,100
1,2,0,all_visible_ridge,1.0,0.039538037914279615,31,100
1,2,0,all_visible_ridge,10.0,0.03657573459636652,31,100
1,2,0,all_visible_ridge,100.0,0.04679557695643349,31,100
1,2,0,pca_matched_dimension,0.1,0.04425292895930892,31,100
1,2,0,pca_matched_dimension,1.0,0.04424108008638126,31,100
1,2,0,pca_matched_dimension,10.0,0.0442613564254619,31,100
1,2,0,pca_matched_dimension,100.0,0.05548826174918249,31,100
1,2,0,descriptor_mean,0.1,0.06768478851959894,31,100
1,2,0,descriptor_mean,1.0,0.07144560372993063,31,100
1,2,0,descriptor_mean,10.0,0.08157310345285752,31,100
1,2,0,descriptor_mean,100.0,0.11068616354371781,31,100
1,2,0,null_mean,0.1,0.0709889908665029,31,100
1,2,0,null_mean,1.0,0.07281349890761764,31,100
1,2,0,null_mean,10.0,0.09071726445389938,31,100
1,2,0,null_mean,100.0,0.15406303531899332,31,100
1,2,0,null_local_svd,0.1,0.09736974450189992,31,100
1,2,0,null_local_svd,1.0,0.10189771730630237,31,100
1,2,0,null_local_svd,10.0,0.1250300265568988,31,100
1,2,0,null_local_svd,100.0,0.18422626652264454,31,100
1,2,1,structural_median,0.1,0.11095642153382511,30,100
1,2,1,structural_median,1.0,0.10864913745084247,30,100
1,2,1,structural_median,10.0,0.10510811959307106,30,100
1,2,1,structural_median,100.0,0.11827907560686804,30,100
1,2,1,descriptor_local_svd,0.1,0.06529775050756632,30,100
1,2,1,descriptor_local_svd,1.0,0.06940086159963925,30,100
1,2,1,descriptor_local_svd,10.0,0.07808493202344334,30,100
1,2,1,descriptor_local_svd,100.0,0.10418863256909817,30,100
1,2,1,degree_preserving_null,0.1,0.18878477056165768,30,100
1,2,1,degree_preserving_null,1.0,0.1864654294901286,30,100
1,2,1,degree_preserving_null,10.0,0.18156404343810467,30,100
1,2,1,degree_preserving_null,100.0,0.20304715849578872,30,100
1,2,1,family_median,0.1,0.5156381554842718,30,100
1,2,1,family_median,1.0,0.5154810020715478,30,100
1,2,1,family_median,10.0,0.5143056282548003,30,100
1,2,1,family_median,100.0,0.521204041768548,30,100
1,2,1,all_visible_ridge,0.1,0.04754585624787547,30,100
1,2,1,all_visible_ridge,1.0,0.03939527842387391,30,100
1,2,1,all_visible_ridge,10.0,0.036064086330111184,30,100
1,2,1,all_visible_ridge,100.0,0.04509677138393786,30,100
1,2,1,pca_matched_dimension,0.1,0.04373996155090229,30,100
1,2,1,pca_matched_dimension,1.0,0.043701689252911645,30,100
1,2,1,pca_matched_dimension,10.0,0.04349032608746372,30,100
1,2,1,pca_matched_dimension,100.0,0.05502148641742488,30,100
1,2,1,descriptor_mean,0.1,0.06404262247041952,30,100
1,2,1,descriptor_mean,1.0,0.06806245708858222,30,100
1,2,1,descriptor_mean,10.0,0.07808858510470264,30,100
1,2,1,descriptor_mean,100.0,0.10458661661522693,30,100
1,2,1,null_mean,0.1,0.07311631165283468,30,100
1,2,1,null_mean,1.0,0.07534231764093666,30,100
1,2,1,null_mean,10.0,0.08923789352405175,30,100
1,2,1,null_mean,100.0,0.14072545755366753,30,100
1,2,1,null_local_svd,0.1,0.09427343240263512,30,100
1,2,1,null_local_svd,1.0,0.10057779758587632,30,100
1,2,1,null_local_svd,10.0,0.12189580596795828,30,100
1,2,1,null_local_svd,100.0,0.17610786409000614,30,100
1,2,2,structural_median,0.1,0.13025672895162302,27,100
1,2,2,structural_median,1.0,0.1273941673166148,27,100
1,2,2,structural_median,10.0,0.125704864705167,27,100
1,2,2,structural_median,100.0,0.1465014716734927,27,100
1,2,2,descriptor_local_svd,0.1,0.0837367835486489,27,100
1,2,2,descriptor_local_svd,1.0,0.08764688385123204,27,100
1,2,2,descriptor_local_svd,10.0,0.09937370375895622,27,100
1,2,2,descriptor_local_svd,100.0,0.13336481103193293,27,100
1,2,2,degree_preserving_null,0.1,0.2048657956972109,27,100
1,2,2,degree_preserving_null,1.0,0.2023142320910392,27,100
1,2,2,degree_preserving_null,10.0,0.19959704689991817,27,100
1,2,2,degree_preserving_null,100.0,0.22746000009711093,27,100
1,2,2,family_median,0.1,0.45941910985105056,27,100
1,2,2,family_median,1.0,0.45932121571473955,27,100
1,2,2,family_median,10.0,0.45860443376358156,27,100
1,2,2,family_median,100.0,0.4651736718763959,27,100
1,2,2,all_visible_ridge,0.1,0.05847471338442784,27,100
1,2,2,all_visible_ridge,1.0,0.049305547750316384,27,100
1,2,2,all_visible_ridge,10.0,0.04561095734165269,27,100
1,2,2,all_visible_ridge,100.0,0.05844908199178098,27,100
1,2,2,pca_matched_dimension,0.1,0.054914838733398315,27,100
1,2,2,pca_matched_dimension,1.0,0.054913043107599535,27,100
1,2,2,pca_matched_dimension,10.0,0.0550198044513789,27,100
1,2,2,pca_matched_dimension,100.0,0.06598786703668791,27,100
1,2,2,descriptor_mean,0.1,0.08226970310662889,27,100
1,2,2,descriptor_mean,1.0,0.08652311449786676,27,100
1,2,2,descriptor_mean,10.0,0.09882504541954029,27,100
1,2,2,descriptor_mean,100.0,0.13261005284508603,27,100
1,2,2,null_mean,0.1,0.09031864776748176,27,100
1,2,2,null_mean,1.0,0.09412119207884508,27,100
1,2,2,null_mean,10.0,0.11591852863271238,27,100
1,2,2,null_mean,100.0,0.1755347043567353,27,100
1,2,2,null_local_svd,0.1,0.1093259382630354,27,100
1,2,2,null_local_svd,1.0,0.11562776766218835,27,100
1,2,2,null_local_svd,10.0,0.14499749686484117,27,100
1,2,2,null_local_svd,100.0,0.20992982352414757,27,100
1,3,0,structural_median,0.1,0.1273386900986477,30,100
1,3,0,structural_median,1.0,0.125348041757007,30,100
1,3,0,structural_median,10.0,0.12397577103318741,30,100
1,3,0,structural_median,100.0,0.14595445783872787,30,100
1,3,0,descriptor_local_svd,0.1,0.08173404600377403,30,100
1,3,0,descriptor_local_svd,1.0,0.0861376356282073,30,100
1,3,0,descriptor_local_svd,10.0,0.09766318385652778,30,100
1,3,0,descriptor_local_svd,100.0,0.13084965875350804,30,100
1,3,0,degree_preserving_null,0.1,0.20716420685379786,30,100
1,3,0,degree_preserving_null,1.0,0.2041233788538836,30,100
1,3,0,degree_preserving_null,10.0,0.19975862093909083,30,100
1,3,0,degree_preserving_null,100.0,0.23429444635341062,30,100
1,3,0,family_median,0.1,0.5067507899938115,30,100
1,3,0,family_median,1.0,0.5065872598589446,30,100
1,3,0,family_median,10.0,0.5052986927559994,30,100
1,3,0,family_median,100.0,0.5092805767717197,30,100
1,3,0,all_visible_ridge,0.1,0.06325514580341436,30,100
1,3,0,all_visible_ridge,1.0,0.05192839718072969,30,100
1,3,0,all_visible_ridge,10.0,0.046915771138131536,30,100
1,3,0,all_visible_ridge,100.0,0.05738717300537594,30,100
1,3,0,pca_matched_dimension,0.1,0.05567452166565827,30,100
1,3,0,pca_matched_dimension,1.0,0.05566022260015636,30,100
1,3,0,pca_matched_dimension,10.0,0.05566543841415243,30,100
1,3,0,pca_matched_dimension,100.0,0.0674968450311044,30,100
1,3,0,descriptor_mean,0.1,0.08216460116834202,30,100
1,3,0,descriptor_mean,1.0,0.08628212317661571,30,100
1,3,0,descriptor_mean,10.0,0.09710655436152957,30,100
1,3,0,descriptor_mean,100.0,0.12972261727321935,30,100
1,3,0,null_mean,0.1,0.08260593915820959,30,100
1,3,0,null_mean,1.0,0.08503601094532244,30,100
1,3,0,null_mean,10.0,0.10508701384629647,30,100
1,3,0,null_mean,100.0,0.17509056430192563,30,100
1,3,0,null_local_svd,0.1,0.10303114562650656,30,100
1,3,0,null_local_svd,1.0,0.10972555369704128,30,100
1,3,0,null_local_svd,10.0,0.1435855945893313,30,100
1,3,0,null_local_svd,100.0,0.21398373183573063,30,100
1,3,1,structural_median,0.1,0.10174193294049987,31,100
1,3,1,structural_median,1.0,0.09982239501083064,31,100
1,3,1,structural_median,10.0,0.09822088010668628,31,100
1,3,1,structural_median,100.0,0.11526607291804793,31,100
1,3,1,descriptor_local_svd,0.1,0.05924838623878079,31,100
1,3,1,descriptor_local_svd,1.0,0.06328804210925351,31,100
1,3,1,descriptor_local_svd,10.0,0.07247680647424391,31,100
1,3,1,descriptor_local_svd,100.0,0.10050634898117951,31,100
1,3,1,degree_preserving_null,0.1,0.17515703022458845,31,100
1,3,1,degree_preserving_null,1.0,0.1719716956019634,31,100
1,3,1,degree_preserving_null,10.0,0.16615039068861726,31,100
1,3,1,degree_preserving_null,100.0,0.18646651544158394,31,100
1,3,1,family_median,0.1,0.44343338266412263,31,100
1,3,1,family_median,1.0,0.44352017921661,31,100
1,3,1,family_median,10.0,0.4445872534257448,31,100
1,3,1,family_median,100.0,0.4629342092060276,31,100
1,3,1,all_visible_ridge,0.1,0.04273763679354186,31,100
1,3,1,all_visible_ridge,1.0,0.03495030691050973,31,100
1,3,1,all_visible_ridge,10.0,0.031499076305729096,31,100
1,3,1,all_visible_ridge,100.0,0.04126517534811904,31,100
1,3,1,pca_matched_dimension,0.1,0.03718288538741605,31,100
1,3,1,pca_matched_dimension,1.0,0.03717646345424314,31,100
1,3,1,pca_matched_dimension,10.0,0.03724356490935636,31,100
1,3,1,pca_matched_dimension,100.0,0.04834171450123216,31,100
1,3,1,descriptor_mean,0.1,0.05754194850547218,31,100
1,3,1,descriptor_mean,1.0,0.06124176197678485,31,100
1,3,1,descriptor_mean,10.0,0.07190263359274258,31,100
1,3,1,descriptor_mean,100.0,0.10062679569990272,31,100
1,3,1,null_mean,0.1,0.06257474940353772,31,100
1,3,1,null_mean,1.0,0.06480208031747818,31,100
1,3,1,null_mean,10.0,0.08272041873384464,31,100
1,3,1,null_mean,100.0,0.1383951754389828,31,100
1,3,1,null_local_svd,0.1,0.08294961854694478,31,100
1,3,1,null_local_svd,1.0,0.08584957305897613,31,100
1,3,1,null_local_svd,10.0,0.1094295482272463,31,100
1,3,1,null_local_svd,100.0,0.1656615684616857,31,100
1,3,2,structural_median,0.1,0.11335739049794212,27,100
1,3,2,structural_median,1.0,0.11117519598373217,27,100
1,3,2,structural_median,10.0,0.10915368200090338,27,100
1,3,2,structural_median,100.0,0.12475214814989857,27,100
1,3,2,descriptor_local_svd,0.1,0.06603857189447507,27,100
1,3,2,descriptor_local_svd,1.0,0.07027009508460472,27,100
1,3,2,descriptor_local_svd,10.0,0.07979889375198886,27,100
1,3,2,descriptor_local_svd,100.0,0.10739244464536742,27,100
1,3,2,degree_preserving_null,0.1,0.19342043398198086,27,100
1,3,2,degree_preserving_null,1.0,0.18922152983676138,27,100
1,3,2,degree_preserving_null,10.0,0.18069110341889233,27,100
1,3,2,degree_preserving_null,100.0,0.20521855983780848,27,100
1,3,2,family_median,0.1,0.4844049577724999,27,100
1,3,2,family_median,1.0,0.48428016078692804,27,100
1,3,2,family_median,10.0,0.4834636788039783,27,100
1,3,2,family_median,100.0,0.49527372495389543,27,100
1,3,2,all_visible_ridge,0.1,0.047943134225636716,27,100
1,3,2,all_visible_ridge,1.0,0.03963793758538165,27,100
1,3,2,all_visible_ridge,10.0,0.035755449764177036,27,100
1,3,2,all_visible_ridge,100.0,0.045653059065263075,27,100
1,3,2,pca_matched_dimension,0.1,0.043064234980078046,27,100
1,3,2,pca_matched_dimension,1.0,0.04303286971462158,27,100
1,3,2,pca_matched_dimension,10.0,0.042885786574732125,27,100
1,3,2,pca_matched_dimension,100.0,0.054671506240624924,27,100
1,3,2,descriptor_mean,0.1,0.0634417700981616,27,100
1,3,2,descriptor_mean,1.0,0.06814076816625997,27,100
1,3,2,descriptor_mean,10.0,0.07971156548019093,27,100
1,3,2,descriptor_mean,100.0,0.10652195169795008,27,100
1,3,2,null_mean,0.1,0.0642310735580337,27,100
1,3,2,null_mean,1.0,0.06931547076380778,27,100
1,3,2,null_mean,10.0,0.09024301515818316,27,100
1,3,2,null_mean,100.0,0.14681228812695551,27,100
1,3,2,null_local_svd,0.1,0.09034470739787973,27,100
1,3,2,null_local_svd,1.0,0.09536535030786085,27,100
1,3,2,null_local_svd,10.0,0.12091392177457798,27,100
1,3,2,null_local_svd,100.0,0.17967723134412453,27,100
1,4,0,structural_median,0.1,0.11905879983135127,28,100
1,4,0,structural_median,1.0,0.116522087373465,28,100
1,4,0,structural_median,10.0,0.11397187950664077,28,100
1,4,0,structural_median,100.0,0.13067002356701854,28,100
1,4,0,descriptor_local_svd,0.1,0.07558352134183277,28,100
1,4,0,descriptor_local_svd,1.0,0.07835176242882737,28,100
1,4,0,descriptor_local_svd,10.0,0.08368455576117725,28,100
1,4,0,descriptor_local_svd,100.0,0.11206540130833006,28,100
1,4,0,degree_preserving_null,0.1,0.20399432039486692,28,100
1,4,0,degree_preserving_null,1.0,0.20010702402024935,28,100
1,4,0,degree_preserving_null,10.0,0.1918858218290485,28,100
1,4,0,degree_preserving_null,100.0,0.21513906738418678,28,100
1,4,0,family_median,0.1,0.5244059760675144,28,100
1,4,0,family_median,1.0,0.524290528273628,28,100
1,4,0,family_median,10.0,0.523438789159295,28,100
1,4,0,family_median,100.0,0.5307661925473787,28,100
1,4,0,all_visible_ridge,0.1,0.05122483414865347,28,100
1,4,0,all_visible_ridge,1.0,0.0439846803123678,28,100
1,4,0,all_visible_ridge,10.0,0.04011254849958545,28,100
1,4,0,all_visible_ridge,100.0,0.04900656482261332,28,100
1,4,0,pca_matched_dimension,0.1,0.048028471119692606,28,100
1,4,0,pca_matched_dimension,1.0,0.04799254849704574,28,100
1,4,0,pca_matched_dimension,10.0,0.0478006659709713,28,100
1,4,0,pca_matched_dimension,100.0,0.059205149581589324,28,100
1,4,0,descriptor_mean,0.1,0.07168555180988048,28,100
1,4,0,descriptor_mean,1.0,0.07508923014817448,28,100
1,4,0,descriptor_mean,10.0,0.08337165869771788,28,100
1,4,0,descriptor_mean,100.0,0.11199463172465883,28,100
1,4,0,null_mean,0.1,0.07703444101269771,28,100
1,4,0,null_mean,1.0,0.07809321918349099,28,100
1,4,0,null_mean,10.0,0.09594220587301298,28,100
1,4,0,null_mean,100.0,0.15671487938034617,28,100
1,4,0,null_local_svd,0.1,0.0977361544969149,28,100
1,4,0,null_local_svd,1.0,0.10238874306900067,28,100
1,4,0,null_local_svd,10.0,0.12865964445576755,28,100
1,4,0,null_local_svd,100.0,0.19384635100909864,28,100
1,4,1,structural_median,0.1,0.11087874380789325,32,100
1,4,1,structural_median,1.0,0.10895548789751425,32,100
1,4,1,structural_median,10.0,0.10791409753933426,32,100
1,4,1,structural_median,100.0,0.12447377211974343,32,100
1,4,1,descriptor_local_svd,0.1,0.061828601029263644,32,100
1,4,1,descriptor_local_svd,1.0,0.06700081828257214,32,100
1,4,1,descriptor_local_svd,10.0,0.07871920838804983,32,100
1,4,1,descriptor_local_svd,100.0,0.10772108182337219,32,100
1,4,1,degree_preserving_null,0.1,0.1795315293430667,32,100
1,4,1,degree_preserving_null,1.0,0.17590703910519787,32,100
1,4,1,degree_preserving_null,10.0,0.17001127226567458,32,100
1,4,1,degree_preserving_null,100.0,0.20420013156071548,32,100
1,4,1,family_median,0.1,0.5278012050821017,32,100
1,4,1,family_median,1.0,0.5276876456407746,32,100
1,4,1,family_median,10.0,0.5269685606534908,32,100
1,4,1,family_median,100.0,0.5383445411203882,32,100
1,4,1,all_visible_ridge,0.1,0.04331743028382252,32,100
1,4,1,all_visible_ridge,1.0,0.03590704540661789,32,100
1,4,1,all_visible_ridge,10.0,0.03254961260123222,32,100
1,4,1,all_visible_ridge,100.0,0.04326884081345636,32,100
1,4,1,pca_matched_dimension,0.1,0.03864134100193173,32,100
1,4,1,pca_matched_dimension,1.0,0.0386278733450411,32,100
1,4,1,pca_matched_dimension,10.0,0.03863029184232665,32,100
1,4,1,pca_matched_dimension,100.0,0.049550886676747743,32,100
1,4,1,descriptor_mean,0.1,0.06132604644471938,32,100
1,4,1,descriptor_mean,1.0,0.06657299139708184,32,100
1,4,1,descriptor_mean,10.0,0.07887211828740408,32,100
1,4,1,descriptor_mean,100.0,0.10813713823653087,32,100
1,4,1,null_mean,0.1,0.06328980085080191,32,100
1,4,1,null_mean,1.0,0.06731797563478678,32,100
1,4,1,null_mean,10.0,0.08855079829351471,32,100
1,4,1,null_mean,100.0,0.1528716978711654,32,100
1,4,1,null_local_svd,0.1,0.08745120195547022,32,100
1,4,1,null_local_svd,1.0,0.0914262865414891,32,100
1,4,1,null_local_svd,10.0,0.1156287958785236,32,100
1,4,1,null_local_svd,100.0,0.1796544254937001,32,100
1,4,2,structural_median,0.1,0.12327217781629282,30,100
1,4,2,structural_median,1.0,0.12093534332868601,30,100
1,4,2,structural_median,10.0,0.11932114119869454,30,100
1,4,2,structural_median,100.0,0.13931864245449693,30,100
1,4,2,descriptor_local_svd,0.1,0.07820449728472377,30,100
1,4,2,descriptor_local_svd,1.0,0.08148510438785815,30,100
1,4,2,descriptor_local_svd,10.0,0.09210279940515992,30,100
1,4,2,descriptor_local_svd,100.0,0.1255060657930647,30,100
1,4,2,degree_preserving_null,0.1,0.2117958085721977,30,100
1,4,2,degree_preserving_null,1.0,0.20928227742559494,30,100
1,4,2,degree_preserving_null,10.0,0.20585447345653649,30,100
1,4,2,degree_preserving_null,100.0,0.23572060157715008,30,100
1,4,2,family_median,0.1,0.457462923585453,30,100
1,4,2,family_median,1.0,0.45737781142058603,30,100
1,4,2,family_median,10.0,0.4568549055412128,30,100
1,4,2,family_median,100.0,0.46758127354727264,30,100
1,4,2,all_visible_ridge,0.1,0.05566794552295411,30,100
1,4,2,all_visible_ridge,1.0,0.046880242995108394,30,100
1,4,2,all_visible_ridge,10.0,0.04344733403640209,30,100
1,4,2,all_visible_ridge,100.0,0.05536892566277669,30,100
1,4,2,pca_matched_dimension,0.1,0.05088720837841958,30,100
1,4,2,pca_matched_dimension,1.0,0.050886199761964596,30,100
1,4,2,pca_matched_dimension,10.0,0.05103285857057657,30,100
1,4,2,pca_matched_dimension,100.0,0.06494419257106587,30,100
1,4,2,descriptor_mean,0.1,0.07711864852111812,30,100
1,4,2,descriptor_mean,1.0,0.08101723816506277,30,100
1,4,2,descriptor_mean,10.0,0.0920161020892063,30,100
1,4,2,descriptor_mean,100.0,0.12552009728590405,30,100
1,4,2,null_mean,0.1,0.08572204251223765,30,100
1,4,2,null_mean,1.0,0.08914650737342676,30,100
1,4,2,null_mean,10.0,0.10855795623955639,30,100
1,4,2,null_mean,100.0,0.1738337886360588,30,100
1,4,2,null_local_svd,0.1,0.10558606280249946,30,100
1,4,2,null_local_svd,1.0,0.1106861887295059,30,100
1,4,2,null_local_svd,10.0,0.14296595778510884,30,100
1,4,2,null_local_svd,100.0,0.2099797765106081,30,100
2,0,0,structural_median,0.1,0.11853447096000097,30,98
2,0,0,structural_median,1.0,0.11621333248736329,30,98
2,0,0,structural_median,10.0,0.11463273891221612,30,98
2,0,0,structural_median,100.0,0.13283176132365473,30,98
2,0,0,descriptor_local_svd,0.1,0.072305825575683,30,98
2,0,0,descriptor_local_svd,1.0,0.07646324754155448,30,98
2,0,0,descriptor_local_svd,10.0,0.08779363152886284,30,98
2,0,0,descriptor_local_svd,100.0,0.11675279846455063,30,98
2,0,0,degree_preserving_null,0.1,0.20916171055750302,30,98
2,0,0,degree_preserving_null,1.0,0.2055177022629116,30,98
2,0,0,degree_preserving_null,10.0,0.19963652268037466,30,98
2,0,0,degree_preserving_null,100.0,0.22582237852327228,30,98
2,0,0,family_median,0.1,0.498048906947381,30,98
2,0,0,family_median,1.0,0.4979533303638404,30,98
2,0,0,family_median,10.0,0.4972459023853676,30,98
2,0,0,family_median,100.0,0.5054243101848366,30,98
2,0,0,all_visible_ridge,0.1,0.054413405743525683,30,98
2,0,0,all_visible_ridge,1.0,0.04488802402027064,30,98
2,0,0,all_visible_ridge,10.0,0.039824371699458176,30,98
2,0,0,all_visible_ridge,100.0,0.050325132156839314,30,98
2,0,0,pca_matched_dimension,0.1,0.04802345321227223,30,98
2,0,0,pca_matched_dimension,1.0,0.04800925030490598,30,98
2,0,0,pca_matched_dimension,10.0,0.048029738873372724,30,98
2,0,0,pca_matched_dimension,100.0,0.06114958358991176,30,98
2,0,0,descriptor_mean,0.1,0.0697562781389221,30,98
2,0,0,descriptor_mean,1.0,0.075331646067611,30,98
2,0,0,descriptor_mean,10.0,0.08865153460896956,30,98
2,0,0,descriptor_mean,100.0,0.1191931397394866,30,98
2,0,0,null_mean,0.1,0.07176032023267997,30,98
2,0,0,null_mean,1.0,0.07445765560687775,30,98
2,0,0,null_mean,10.0,0.09568267225240892,30,98
2,0,0,null_mean,100.0,0.16008210473841178,30,98
2,0,0,null_local_svd,0.1,0.08841193389254512,30,98
2,0,0,null_local_svd,1.0,0.09707139981521176,30,98
2,0,0,null_local_svd,10.0,0.1309967052171815,30,98
2,0,0,null_local_svd,100.0,0.20465388676072574,30,98
2,0,1,structural_median,0.1,0.1070662026811719,31,98
2,0,1,structural_median,1.0,0.10499315205101137,31,98
2,0,1,structural_median,10.0,0.10371695693371721,31,98
2,0,1,structural_median,100.0,0.11879759583341984,31,98
2,0,1,descriptor_local_svd,0.1,0.06415547946752205,31,98
2,0,1,descriptor_local_svd,1.0,0.06721299123650729,31,98
2,0,1,descriptor_local_svd,10.0,0.07479030637294268,31,98
2,0,1,descriptor_local_svd,100.0,0.09916777620791031,31,98
2,0,1,degree_preserving_null,0.1,0.17804971723754176,31,98
2,0,1,degree_preserving_null,1.0,0.17428151597041058,31,98
2,0,1,degree_preserving_null,10.0,0.16765071289671976,31,98
2,0,1,degree_preserving_null,100.0,0.19222077120230846,31,98
2,0,1,family_median,0.1,0.4658412290572346,31,98
2,0,1,family_median,1.0,0.4657010462689427,31,98
2,0,1,family_median,10.0,0.46461585197879457,31,98
2,0,1,family_median,100.0,0.4705613086815915,31,98
2,0,1,all_visible_ridge,0.1,0.05243738113157561,31,98
2,0,1,all_visible_ridge,1.0,0.04312319827919763,31,98
2,0,1,all_visible_ridge,10.0,0.03829282842177374,31,98
2,0,1,all_visible_ridge,100.0,0.04617465734635335,31,98
2,0,1,pca_matched_dimension,0.1,0.04487673573256387,31,98
2,0,1,pca_matched_dimension,1.0,0.044866440630044746,31,98
2,0,1,pca_matched_dimension,10.0,0.044892710845229104,31,98
2,0,1,pca_matched_dimension,100.0,0.05542320858799083,31,98
2,0,1,descriptor_mean,0.1,0.06364201722273034,31,98
2,0,1,descriptor_mean,1.0,0.06731209180902023,31,98
2,0,1,descriptor_mean,10.0,0.07530427684577629,31,98
2,0,1,descriptor_mean,100.0,0.10104324702734059,31,98
2,0,1,null_mean,0.1,0.06457050668297395,31,98
2,0,1,null_mean,1.0,0.06581497167382493,31,98
2,0,1,null_mean,10.0,0.08021836282479418,31,98
2,0,1,null_mean,100.0,0.13258398075470873,31,98
2,0,1,null_local_svd,0.1,0.08364861782534837,31,98
2,0,1,null_local_svd,1.0,0.08950263440045278,31,98
2,0,1,null_local_svd,10.0,0.11508742216679876,31,98
2,0,1,null_local_svd,100.0,0.1781880847302535,31,98
2,0,2,structural_median,0.1,0.11650201814190489,32,98
2,0,2,structural_median,1.0,0.11496126877831543,32,98
2,0,2,structural_median,10.0,0.11545654651650683,32,98
2,0,2,structural_median,100.0,0.14047663974759123,32,98
2,0,2,descriptor_local_svd,0.1,0.06934575869652491,32,98
2,0,2,descriptor_local_svd,1.0,0.07242930381677633,32,98
2,0,2,descriptor_local_svd,10.0,0.08216932289639142,32,98
2,0,2,descriptor_local_svd,100.0,0.11878475541441719,32,98
2,0,2,degree_preserving_null,0.1,0.20032178473765866,32,98
2,0,2,degree_preserving_null,1.0,0.1973760492221486,32,98
2,0,2,degree_preserving_null,10.0,0.1937766333366357,32,98
2,0,2,degree_preserving_null,100.0,0.22934552927621008,32,98
2,0,2,family_median,0.1,0.5395271292410939,32,98
2,0,2,family_median,1.0,0.5393948958533035,32,98
2,0,2,family_median,10.0,0.538323534164984,32,98
2,0,2,family_median,100.0,0.5412170174211252,32,98
2,0,2,all_visible_ridge,0.1,0.05452474053650465,32,98
2,0,2,all_visible_ridge,1.0,0.0451261433323763,32,98
2,0,2,all_visible_ridge,10.0,0.03920016415590688,32,98
2,0,2,all_visible_ridge,100.0,0.049179727771333476,32,98
2,0,2,pca_matched_dimension,0.1,0.04606770097759651,32,98
2,0,2,pca_matched_dimension,1.0,0.04606548894159079,32,98
2,0,2,pca_matched_dimension,10.0,0.04619029867421521,32,98
2,0,2,pca_matched_dimension,100.0,0.05909913019821722,32,98
2,0,2,descriptor_mean,0.1,0.06807545670805111,32,98
2,0,2,descriptor_mean,1.0,0.07270185982175736,32,98
2,0,2,descriptor_mean,10.0,0.08479337618066395,32,98
2,0,2,descriptor_mean,100.0,0.12105743942390434,32,98
2,0,2,null_mean,0.1,0.0711884373507319,32,98
2,0,2,null_mean,1.0,0.07433351769358548,32,98
2,0,2,null_mean,10.0,0.09427370901122406,32,98
2,0,2,null_mean,100.0,0.15549018082852842,32,98
2,0,2,null_local_svd,0.1,0.08896659564774519,32,98
2,0,2,null_local_svd,1.0,0.09895691013737451,32,98
2,0,2,null_local_svd,10.0,0.12886776782145432,32,98
2,0,2,null_local_svd,100.0,0.20343922841082632,32,98
2,1,0,structural_median,0.1,0.10524441201935976,30,98
2,1,0,structural_median,1.0,0.10299437076761347,30,98
2,1,0,structural_median,10.0,0.10223021636536854,30,98
2,1,0,structural_median,100.0,0.1272556555592627,30,98
2,1,0,descriptor_local_svd,0.1,0.06145041045513989,30,98
2,1,0,descriptor_local_svd,1.0,0.06460339918358896,30,98
2,1,0,descriptor_local_svd,10.0,0.07426693408292041,30,98
2,1,0,descriptor_local_svd,100.0,0.1076563744000552,30,98
2,1,0,degree_preserving_null,0.1,0.18177898365648162,30,98
2,1,0,degree_preserving_null,1.0,0.17879118363293925,30,98
2,1,0,degree_preserving_null,10.0,0.17350121610998165,30,98
2,1,0,degree_preserving_null,100.0,0.20114363617538267,30,98
2,1,0,family_median,0.1,0.4621497388429944,30,98
2,1,0,family_median,1.0,0.4621770525295453,30,98
2,1,0,family_median,10.0,0.46263731326140645,30,98
2,1,0,family_median,100.0,0.47635035373813234,30,98
2,1,0,all_visible_ridge,0.1,0.0481013284504977,30,98
2,1,0,all_visible_ridge,1.0,0.038919184652489454,30,98
2,1,0,all_visible_ridge,10.0,0.03474473455726702,30,98
2,1,0,all_visible_ridge,100.0,0.04515520616100601,30,98
2,1,0,pca_matched_dimension,0.1,0.0412897094139206,30,98
2,1,0,pca_matched_dimension,1.0,0.04129235624842496,30,98
2,1,0,pca_matched_dimension,10.0,0.04145682819634761,30,98
2,1,0,pca_matched_dimension,100.0,0.05405127583756805,30,98
2,1,0,descriptor_mean,0.1,0.05976350627862945,30,98
2,1,0,descriptor_mean,1.0,0.06398864826523175,30,98
2,1,0,descriptor_mean,10.0,0.07523101540899323,30,98
2,1,0,descriptor_mean,100.0,0.1104696384594008,30,98
2,1,0,null_mean,0.1,0.06392579745821463,30,98
2,1,0,null_mean,1.0,0.06691167170701305,30,98
2,1,0,null_mean,10.0,0.08529524899480848,30,98
2,1,0,null_mean,100.0,0.14240646222972303,30,98
2,1,0,null_local_svd,0.1,0.08024268086895038,30,98
2,1,0,null_local_svd,1.0,0.0867597575461694,30,98
2,1,0,null_local_svd,10.0,0.11252206977370349,30,98
2,1,0,null_local_svd,100.0,0.17486943273964986,30,98
2,1,1,structural_median,0.1,0.10202742242300201,30,98
2,1,1,structural_median,1.0,0.10046320605391643,30,98
2,1,1,structural_median,10.0,0.10055892646287402,30,98
2,1,1,structural_median,100.0,0.12062162409533625,30,98
2,1,1,descriptor_local_svd,0.1,0.05698470040779751,30,98
2,1,1,descriptor_local_svd,1.0,0.0606852440128727,30,98
2,1,1,descriptor_local_svd,10.0,0.07068352200624989,30,98
2,1,1,descriptor_local_svd,100.0,0.10228728040047559,30,98
2,1,1,degree_preserving_null,0.1,0.18374678383104526,30,98
2,1,1,degree_preserving_null,1.0,0.17986724273915883,30,98
2,1,1,degree_preserving_null,10.0,0.17234349270459193,30,98
2,1,1,degree_preserving_null,100.0,0.19280480571820158,30,98
2,1,1,family_median,0.1,0.48030746900205884,30,98
2,1,1,family_median,1.0,0.4800907257152053,30,98
2,1,1,family_median,10.0,0.4783012445840553,30,98
2,1,1,family_median,100.0,0.48048492711108626,30,98
2,1,1,all_visible_ridge,0.1,0.046793118914891595,30,98
2,1,1,all_visible_ridge,1.0,0.03738672442251979,30,98
2,1,1,all_visible_ridge,10.0,0.03247761280611461,30,98
2,1,1,all_visible_ridge,100.0,0.04099119127470148,30,98
2,1,1,pca_matched_dimension,0.1,0.03856705857207536,30,98
2,1,1,pca_matched_dimension,1.0,0.03855419860970209,30,98
2,1,1,pca_matched_dimension,10.0,0.03856557866063911,30,98
2,1,1,pca_matched_dimension,100.0,0.049804020748561176,30,98
2,1,1,descriptor_mean,0.1,0.05942048767987403,30,98
2,1,1,descriptor_mean,1.0,0.06304479353085245,30,98
2,1,1,descriptor_mean,10.0,0.07348387811664084,30,98
2,1,1,descriptor_mean,100.0,0.1049665135093457,30,98
2,1,1,null_mean,0.1,0.05973211991103688,30,98
2,1,1,null_mean,1.0,0.06137317699637266,30,98
2,1,1,null_mean,10.0,0.0795709537143598,30,98
2,1,1,null_mean,100.0,0.13580219789411335,30,98
2,1,1,null_local_svd,0.1,0.07285673440131607,30,98
2,1,1,null_local_svd,1.0,0.07833916530996837,30,98
2,1,1,null_local_svd,10.0,0.10564416560900976,30,98
2,1,1,null_local_svd,100.0,0.16597382734017993,30,98
2,1,2,structural_median,0.1,0.1420975837967396,29,98
2,1,2,structural_median,1.0,0.1400089306746316,29,98
2,1,2,structural_median,10.0,0.1389861328704286,29,98
2,1,2,structural_median,100.0,0.15999936072487003,29,98
2,1,2,descriptor_local_svd,0.1,0.0876794682030381,29,98
2,1,2,descriptor_local_svd,1.0,0.09111866178852716,29,98
2,1,2,descriptor_local_svd,10.0,0.10002805669229112,29,98
2,1,2,descriptor_local_svd,100.0,0.1338669572862296,29,98
2,1,2,degree_preserving_null,0.1,0.23091337168206405,29,98
2,1,2,degree_preserving_null,1.0,0.2278606722688514,29,98
2,1,2,degree_preserving_null,10.0,0.224298007824098,29,98
2,1,2,degree_preserving_null,100.0,0.2599049922026617,29,98
2,1,2,family_median,0.1,0.5728939560580762,29,98
2,1,2,family_median,1.0,0.5726897713557196,29,98
2,1,2,family_median,10.0,0.5709571553921158,29,98
2,1,2,family_median,100.0,0.5715701715894628,29,98
2,1,2,all_visible_ridge,0.1,0.06459281953868025,29,98
2,1,2,all_visible_ridge,1.0,0.05483460983171485,29,98
2,1,2,all_visible_ridge,10.0,0.050623199518048174,29,98
2,1,2,all_visible_ridge,100.0,0.06275780209113414,29,98
2,1,2,pca_matched_dimension,0.1,0.06260236720852308,29,98
2,1,2,pca_matched_dimension,1.0,0.06258528110980163,29,98
2,1,2,pca_matched_dimension,10.0,0.06257968841728342,29,98
2,1,2,pca_matched_dimension,100.0,0.0756569181834736,29,98
2,1,2,descriptor_mean,0.1,0.08543845856509519,29,98
2,1,2,descriptor_mean,1.0,0.09109645217021836,29,98
2,1,2,descriptor_mean,10.0,0.1029762288628044,29,98
2,1,2,descriptor_mean,100.0,0.1370625374465622,29,98
2,1,2,null_mean,0.1,0.09474216946375044,29,98
2,1,2,null_mean,1.0,0.09758794993397023,29,98
2,1,2,null_mean,10.0,0.11955917195795607,29,98
2,1,2,null_mean,100.0,0.1841864885370767,29,98
2,1,2,null_local_svd,0.1,0.11187373716580357,29,98
2,1,2,null_local_svd,1.0,0.1239878092333974,29,98
2,1,2,null_local_svd,10.0,0.16166819645664007,29,98
2,1,2,null_local_svd,100.0,0.24144419761211824,29,98
2,2,0,structural_median,0.1,0.11529216756401497,31,98
2,2,0,structural_median,1.0,0.11351517848259549,31,98
2,2,0,structural_median,10.0,0.11316663761091543,31,98
2,2,0,structural_median,100.0,0.1359329204269412,31,98
2,2,0,descriptor_local_svd,0.1,0.06779384096497054,31,98
2,2,0,descriptor_local_svd,1.0,0.07324852313901928,31,98
2,2,0,descriptor_local_svd,10.0,0.08429239718472968,31,98
2,2,0,descriptor_local_svd,100.0,0.11900386016832044,31,98
2,2,0,degree_preserving_null,0.1,0.19672410599096893,31,98
2,2,0,degree_preserving_null,1.0,0.19341929089582513,31,98
2,2,0,degree_preserving_null,10.0,0.187585793679564,31,98
2,2,0,degree_preserving_null,100.0,0.21347116629740254,31,98
2,2,0,family_median,0.1,0.5333748149557346,31,98
2,2,0,family_median,1.0,0.5333188491400319,31,98
2,2,0,family_median,10.0,0.5330528544040685,31,98
2,2,0,family_median,100.0,0.54520953304758,31,98
2,2,0,all_visible_ridge,0.1,0.051300516781261254,31,98
2,2,0,all_visible_ridge,1.0,0.041898009094543706,31,98
2,2,0,all_visible_ridge,10.0,0.03750122794048681,31,98
2,2,0,all_visible_ridge,100.0,0.04862280336975354,31,98
2,2,0,pca_matched_dimension,0.1,0.0438289548569222,31,98
2,2,0,pca_matched_dimension,1.0,0.04382072789237321,31,98
2,2,0,pca_matched_dimension,10.0,0.0438836925739168,31,98
2,2,0,pca_matched_dimension,100.0,0.05604655166246584,31,98
2,2,0,descriptor_mean,0.1,0.06726974763438381,31,98
2,2,0,descriptor_mean,1.0,0.07234040257344383,31,98
2,2,0,descriptor_mean,10.0,0.0842826139823642,31,98
2,2,0,descriptor_mean,100.0,0.12007292819704937,31,98
2,2,0,null_mean,0.1,0.06882481954885873,31,98
2,2,0,null_mean,1.0,0.07148147726734205,31,98
2,2,0,null_mean,10.0,0.09044089097019188,31,98
2,2,0,null_mean,100.0,0.15611260762679535,31,98
2,2,0,null_local_svd,0.1,0.0787574472910814,31,98
2,2,0,null_local_svd,1.0,0.08560346847959721,31,98
2,2,0,null_local_svd,10.0,0.11792275780221721,31,98
2,2,0,null_local_svd,100.0,0.1908556050001503,31,98
2,2,1,structural_median,0.1,0.11421587327237402,30,98
2,2,1,structural_median,1.0,0.11263038454663847,30,98
2,2,1,structural_median,10.0,0.11208616252739059,30,98
2,2,1,structural_median,100.0,0.13180937088096017,30,98
2,2,1,descriptor_local_svd,0.1,0.06254699806192225,30,98
2,2,1,descriptor_local_svd,1.0,0.06655826532125221,30,98
2,2,1,descriptor_local_svd,10.0,0.0768795512083613,30,98
2,2,1,descriptor_local_svd,100.0,0.10960609316770561,30,98
2,2,1,degree_preserving_null,0.1,0.19525852957757894,30,98
2,2,1,degree_preserving_null,1.0,0.1923500671598385,30,98
2,2,1,degree_preserving_null,10.0,0.18851203353007692,30,98
2,2,1,degree_preserving_null,100.0,0.21671546991828705,30,98
2,2,1,family_median,0.1,0.5297553135503003,30,98
2,2,1,family_median,1.0,0.5295580853923353,30,98
2,2,1,family_median,10.0,0.5279735933405156,30,98
2,2,1,family_median,100.0,0.5309815077725365,30,98
2,2,1,all_visible_ridge,0.1,0.04869502769634716,30,98
2,2,1,all_visible_ridge,1.0,0.04074130191589557,30,98
2,2,1,all_visible_ridge,10.0,0.036621440838854914,30,98
2,2,1,all_visible_ridge,100.0,0.04617477945460714,30,98
2,2,1,pca_matched_dimension,0.1,0.04440790530357945,30,98
2,2,1,pca_matched_dimension,1.0,0.04440627987456236,30,98
2,2,1,pca_matched_dimension,10.0,0.04455469258688406,30,98
2,2,1,pca_matched_dimension,100.0,0.0591097004313782,30,98
2,2,1,descriptor_mean,0.1,0.06629041776823036,30,98
2,2,1,descriptor_mean,1.0,0.07026508018480287,30,98
2,2,1,descriptor_mean,10.0,0.08041912061039963,30,98
2,2,1,descriptor_mean,100.0,0.11276977023715189,30,98
2,2,1,null_mean,0.1,0.06641135739631089,30,98
2,2,1,null_mean,1.0,0.06867864058748517,30,98
2,2,1,null_mean,10.0,0.08843243336870138,30,98
2,2,1,null_mean,100.0,0.15134428765861016,30,98
2,2,1,null_local_svd,0.1,0.08392772581405107,30,98
2,2,1,null_local_svd,1.0,0.09108015472399827,30,98
2,2,1,null_local_svd,10.0,0.1188637528055551,30,98
2,2,1,null_local_svd,100.0,0.18656835732568652,30,98
2,2,2,structural_median,0.1,0.11687642482060674,27,98
2,2,2,structural_median,1.0,0.114704469676341,27,98
2,2,2,structural_median,10.0,0.1135511941421241,27,98
2,2,2,structural_median,100.0,0.13120254863883463,27,98
2,2,2,descriptor_local_svd,0.1,0.07410015912348927,27,98
2,2,2,descriptor_local_svd,1.0,0.07636244839525906,27,98
2,2,2,descriptor_local_svd,10.0,0.08508353118091205,27,98
2,2,2,descriptor_local_svd,100.0,0.11290468380725702,27,98
2,2,2,degree_preserving_null,0.1,0.20023524853469746,27,98
2,2,2,degree_preserving_null,1.0,0.1973087281370873,27,98
2,2,2,degree_preserving_null,10.0,0.19381052219738332,27,98
2,2,2,degree_preserving_null,100.0,0.22265202225146855,27,98
2,2,2,family_median,0.1,0.4630520991804113,27,98
2,2,2,family_median,1.0,0.4628982247615295,27,98
2,2,2,family_median,10.0,0.46158093077200263,27,98
2,2,2,family_median,100.0,0.46189214720096494,27,98
2,2,2,all_visible_ridge,0.1,0.06023104339470896,27,98
2,2,2,all_visible_ridge,1.0,0.049129318718656584,27,98
2,2,2,all_visible_ridge,10.0,0.04287682235096133,27,98
2,2,2,all_visible_ridge,100.0,0.051633414733437605,27,98
2,2,2,pca_matched_dimension,0.1,0.05065863658598358,27,98
2,2,2,pca_matched_dimension,1.0,0.050634904081745105,27,98
2,2,2,pca_matched_dimension,10.0,0.05052856294099666,27,98
2,2,2,pca_matched_dimension,100.0,0.0598885101498788,27,98
2,2,2,descriptor_mean,0.1,0.07079793888880981,27,98
2,2,2,descriptor_mean,1.0,0.07526457410753634,27,98
2,2,2,descriptor_mean,10.0,0.08656124771742739,27,98
2,2,2,descriptor_mean,100.0,0.11570062834667184,27,98
2,2,2,null_mean,0.1,0.07956977460047936,27,98
2,2,2,null_mean,1.0,0.08181073782996316,27,98
2,2,2,null_mean,10.0,0.10007735740993534,27,98
2,2,2,null_mean,100.0,0.15548537500618845,27,98
2,2,2,null_local_svd,0.1,0.0950061927749262,27,98
2,2,2,null_local_svd,1.0,0.10257764812009906,27,98
2,2,2,null_local_svd,10.0,0.13277058666151836,27,98
2,2,2,null_local_svd,100.0,0.19967523915300603,27,98
2,3,0,structural_median,0.1,0.12449245200111128,30,98
2,3,0,structural_median,1.0,0.12241562780641657,30,98
2,3,0,structural_median,10.0,0.12116190108965191,30,98
2,3,0,structural_median,100.0,0.14118603017137446,30,98
2,3,0,descriptor_local_svd,0.1,0.07583839450518573,30,98
2,3,0,descriptor_local_svd,1.0,0.07985125461255856,30,98
2,3,0,descriptor_local_svd,10.0,0.09085813898285292,30,98
2,3,0,descriptor_local_svd,100.0,0.12607838198841032,30,98
2,3,0,degree_preserving_null,0.1,0.20505576026524996,30,98
2,3,0,degree_preserving_null,1.0,0.20278440131703937,30,98
2,3,0,degree_preserving_null,10.0,0.20128012837057144,30,98
2,3,0,degree_preserving_null,100.0,0.23589982233546716,30,98
2,3,0,family_median,0.1,0.49086004759293467,30,98
2,3,0,family_median,1.0,0.4906035149969405,30,98
2,3,0,family_median,10.0,0.4884246740133081,30,98
2,3,0,family_median,100.0,0.4872665418124688,30,98
2,3,0,all_visible_ridge,0.1,0.0658440822424463,30,98
2,3,0,all_visible_ridge,1.0,0.05366688014628469,30,98
2,3,0,all_visible_ridge,10.0,0.04706187493343226,30,98
2,3,0,all_visible_ridge,100.0,0.056239749623392905,30,98
2,3,0,pca_matched_dimension,0.1,0.0550263626050418,30,98
2,3,0,pca_matched_dimension,1.0,0.05500106470500112,30,98
2,3,0,pca_matched_dimension,10.0,0.0549026749752204,30,98
2,3,0,pca_matched_dimension,100.0,0.06621742866135978,30,98
2,3,0,descriptor_mean,0.1,0.07300756586915177,30,98
2,3,0,descriptor_mean,1.0,0.07825785632218739,30,98
2,3,0,descriptor_mean,10.0,0.09218149381093868,30,98
2,3,0,descriptor_mean,100.0,0.12789424014548098,30,98
2,3,0,null_mean,0.1,0.08091082707074816,30,98
2,3,0,null_mean,1.0,0.08299950881368118,30,98
2,3,0,null_mean,10.0,0.10216315094724325,30,98
2,3,0,null_mean,100.0,0.17174351242113034,30,98
2,3,0,null_local_svd,0.1,0.09457700616956127,30,98
2,3,0,null_local_svd,1.0,0.10266493807330544,30,98
2,3,0,null_local_svd,10.0,0.13583298435112834,30,98
2,3,0,null_local_svd,100.0,0.20952164139912446,30,98
2,3,1,structural_median,0.1,0.0949111847760608,31,98
2,3,1,structural_median,1.0,0.09320778522356517,31,98
2,3,1,structural_median,10.0,0.09211558272409602,31,98
2,3,1,structural_median,100.0,0.10875579057055666,31,98
2,3,1,descriptor_local_svd,0.1,0.05480718990237141,31,98
2,3,1,descriptor_local_svd,1.0,0.057521786622231764,31,98
2,3,1,descriptor_local_svd,10.0,0.06526059637306358,31,98
2,3,1,descriptor_local_svd,100.0,0.0924824017094328,31,98
2,3,1,degree_preserving_null,0.1,0.17374190993733543,31,98
2,3,1,degree_preserving_null,1.0,0.16999962927343007,31,98
2,3,1,degree_preserving_null,10.0,0.1636895687914938,31,98
2,3,1,degree_preserving_null,100.0,0.18813318592530626,31,98
2,3,1,family_median,0.1,0.4521057884063955,31,98
2,3,1,family_median,1.0,0.4521312331282571,31,98
2,3,1,family_median,10.0,0.4525806999899806,31,98
2,3,1,family_median,100.0,0.4667582654048165,31,98
2,3,1,all_visible_ridge,0.1,0.04241142980671129,31,98
2,3,1,all_visible_ridge,1.0,0.034610588988777787,31,98
2,3,1,all_visible_ridge,10.0,0.03110845617656653,31,98
2,3,1,all_visible_ridge,100.0,0.03919904177950542,31,98
2,3,1,pca_matched_dimension,0.1,0.036016374866161736,31,98
2,3,1,pca_matched_dimension,1.0,0.03601126018305069,31,98
2,3,1,pca_matched_dimension,10.0,0.03609308040704205,31,98
2,3,1,pca_matched_dimension,100.0,0.047467513123966104,31,98
2,3,1,descriptor_mean,0.1,0.05519425940523515,31,98
2,3,1,descriptor_mean,1.0,0.05830286217516461,31,98
2,3,1,descriptor_mean,10.0,0.06686340745204161,31,98
2,3,1,descriptor_mean,100.0,0.0947574432475776,31,98
2,3,1,null_mean,0.1,0.05722261992785605,31,98
2,3,1,null_mean,1.0,0.05916717709139657,31,98
2,3,1,null_mean,10.0,0.07721399898380994,31,98
2,3,1,null_mean,100.0,0.13374852819425595,31,98
2,3,1,null_local_svd,0.1,0.0713329769450931,31,98
2,3,1,null_local_svd,1.0,0.07696694041220639,31,98
2,3,1,null_local_svd,10.0,0.10274621460816494,31,98
2,3,1,null_local_svd,100.0,0.16524212529935736,31,98
2,3,2,structural_median,0.1,0.10445150240204794,27,98
2,3,2,structural_median,1.0,0.10276488030766774,27,98
2,3,2,structural_median,10.0,0.10255112951239741,27,98
2,3,2,structural_median,100.0,0.12436142495527473,27,98
2,3,2,descriptor_local_svd,0.1,0.06340501662557048,27,98
2,3,2,descriptor_local_svd,1.0,0.06577191768282178,27,98
2,3,2,descriptor_local_svd,10.0,0.07455615688799692,27,98
2,3,2,descriptor_local_svd,100.0,0.10609008118203676,27,98
2,3,2,degree_preserving_null,0.1,0.17726734164312252,27,98
2,3,2,degree_preserving_null,1.0,0.17444426603164634,27,98
2,3,2,degree_preserving_null,10.0,0.17021529064434512,27,98
2,3,2,degree_preserving_null,100.0,0.2019367608901532,27,98
2,3,2,family_median,0.1,0.5061009889265589,27,98
2,3,2,family_median,1.0,0.5060411144867389,27,98
2,3,2,family_median,10.0,0.5057221410798002,27,98
2,3,2,family_median,100.0,0.5169782330389562,27,98
2,3,2,all_visible_ridge,0.1,0.049133748060405776,27,98
2,3,2,all_visible_ridge,1.0,0.041381288518561904,27,98
2,3,2,all_visible_ridge,10.0,0.037313694345904404,27,98
2,3,2,all_visible_ridge,100.0,0.04607540621232049,27,98
2,3,2,pca_matched_dimension,0.1,0.044323413792035575,27,98
2,3,2,pca_matched_dimension,1.0,0.044326484750462115,27,98
2,3,2,pca_matched_dimension,10.0,0.04451458235772671,27,98
2,3,2,pca_matched_dimension,100.0,0.05888325882248665,27,98
2,3,2,descriptor_mean,0.1,0.06183863332470409,27,98
2,3,2,descriptor_mean,1.0,0.06612169848981041,27,98
2,3,2,descriptor_mean,10.0,0.07641308655403496,27,98
2,3,2,descriptor_mean,100.0,0.10832437694506683,27,98
2,3,2,null_mean,0.1,0.06708559521033686,27,98
2,3,2,null_mean,1.0,0.06917365180594548,27,98
2,3,2,null_mean,10.0,0.0856888751666916,27,98
2,3,2,null_mean,100.0,0.13850316367752347,27,98
2,3,2,null_local_svd,0.1,0.08293069329102962,27,98
2,3,2,null_local_svd,1.0,0.0873792895671717,27,98
2,3,2,null_local_svd,10.0,0.11264808601118108,27,98
2,3,2,null_local_svd,100.0,0.17988876091231473,27,98
2,4,0,structural_median,0.1,0.12278201695315435,28,98
2,4,0,structural_median,1.0,0.12069506932103938,28,98
2,4,0,structural_median,10.0,0.11951155856408759,28,98
2,4,0,structural_median,100.0,0.13713938912960816,28,98
2,4,0,descriptor_local_svd,0.1,0.07132223592302564,28,98
2,4,0,descriptor_local_svd,1.0,0.07444237762850958,28,98
2,4,0,descriptor_local_svd,10.0,0.08450944216230864,28,98
2,4,0,descriptor_local_svd,100.0,0.11634113963478451,28,98
2,4,0,degree_preserving_null,0.1,0.20801569214877488,28,98
2,4,0,degree_preserving_null,1.0,0.2037783006336163,28,98
2,4,0,degree_preserving_null,10.0,0.19738831706722335,28,98
2,4,0,degree_preserving_null,100.0,0.22561733149553312,28,98
2,4,0,family_median,0.1,0.549117406084138,28,98
2,4,0,family_median,1.0,0.5488915633245736,28,98
2,4,0,family_median,10.0,0.5469052503452044,28,98
2,4,0,family_median,100.0,0.543527570759507,28,98
2,4,0,all_visible_ridge,0.1,0.05570498564014019,28,98
2,4,0,all_visible_ridge,1.0,0.04551735808742264,28,98
2,4,0,all_visible_ridge,10.0,0.04038179425809213,28,98
2,4,0,all_visible_ridge,100.0,0.05039692263447687,28,98
2,4,0,pca_matched_dimension,0.1,0.04785886578181887,28,98
2,4,0,pca_matched_dimension,1.0,0.04785240927110455,28,98
2,4,0,pca_matched_dimension,10.0,0.047945877803354346,28,98
2,4,0,pca_matched_dimension,100.0,0.061430612194573284,28,98
2,4,0,descriptor_mean,0.1,0.07028324807233437,28,98
2,4,0,descriptor_mean,1.0,0.07464289487752926,28,98
2,4,0,descriptor_mean,10.0,0.086366664635334,28,98
2,4,0,descriptor_mean,100.0,0.11893527373625003,28,98
2,4,0,null_mean,0.1,0.07163173863229723,28,98
2,4,0,null_mean,1.0,0.07593197031826528,28,98
2,4,0,null_mean,10.0,0.09689573759632134,28,98
2,4,0,null_mean,100.0,0.16045448602480003,28,98
2,4,0,null_local_svd,0.1,0.0909758194729967,28,98
2,4,0,null_local_svd,1.0,0.09954244285689506,28,98
2,4,0,null_local_svd,10.0,0.12844515470759024,28,98
2,4,0,null_local_svd,100.0,0.20251349867839094,28,98
2,4,1,structural_median,0.1,0.10108096399526648,32,98
2,4,1,structural_median,1.0,0.09894113069739077,32,98
2,4,1,structural_median,10.0,0.09743170343299917,32,98
2,4,1,structural_median,100.0,0.11857550990139379,32,98
2,4,1,descriptor_local_svd,0.1,0.05603621996608057,32,98
2,4,1,descriptor_local_svd,1.0,0.05948612349522621,32,98
2,4,1,descriptor_local_svd,10.0,0.06971357460652744,32,98
2,4,1,descriptor_local_svd,100.0,0.1014246107560181,32,98
2,4,1,degree_preserving_null,0.1,0.18329246451587736,32,98
2,4,1,degree_preserving_null,1.0,0.1788301893467547,32,98
2,4,1,degree_preserving_null,10.0,0.17099064896892696,32,98
2,4,1,degree_preserving_null,100.0,0.1964189161732585,32,98
2,4,1,family_median,0.1,0.49960277717790924,32,98
2,4,1,family_median,1.0,0.49951285713105326,32,98
2,4,1,family_median,10.0,0.4989649044772371,32,98
2,4,1,family_median,100.0,0.5105304832107629,32,98
2,4,1,all_visible_ridge,0.1,0.044345969279957057,32,98
2,4,1,all_visible_ridge,1.0,0.03614298484963761,32,98
2,4,1,all_visible_ridge,10.0,0.03145856453185679,32,98
2,4,1,all_visible_ridge,100.0,0.04012796636717802,32,98
2,4,1,pca_matched_dimension,0.1,0.03742781306480096,32,98
2,4,1,pca_matched_dimension,1.0,0.03741906742755937,32,98
2,4,1,pca_matched_dimension,10.0,0.03746343076596523,32,98
2,4,1,pca_matched_dimension,100.0,0.048379283723399516,32,98
2,4,1,descriptor_mean,0.1,0.05726778121919264,32,98
2,4,1,descriptor_mean,1.0,0.06073982940745874,32,98
2,4,1,descriptor_mean,10.0,0.07095408072721082,32,98
2,4,1,descriptor_mean,100.0,0.10335042938871238,32,98
2,4,1,null_mean,0.1,0.05801893929089571,32,98
2,4,1,null_mean,1.0,0.06130922711523791,32,98
2,4,1,null_mean,10.0,0.08068864168806274,32,98
2,4,1,null_mean,100.0,0.14013053936613223,32,98
2,4,1,null_local_svd,0.1,0.07139607176124169,32,98
2,4,1,null_local_svd,1.0,0.07806100999555904,32,98
2,4,1,null_local_svd,10.0,0.1068774022127263,32,98
2,4,1,null_local_svd,100.0,0.17308838583121328,32,98
2,4,2,structural_median,0.1,0.12138121553806333,30,98
2,4,2,structural_median,1.0,0.11950773310507806,30,98
2,4,2,structural_median,10.0,0.1185527637118388,30,98
2,4,2,structural_median,100.0,0.13880027454626767,30,98
2,4,2,descriptor_local_svd,0.1,0.07077708970043697,30,98
2,4,2,descriptor_local_svd,1.0,0.07472103735638957,30,98
2,4,2,descriptor_local_svd,10.0,0.08599018094643728,30,98
2,4,2,descriptor_local_svd,100.0,0.12057378381401866,30,98
2,4,2,degree_preserving_null,0.1,0.21152270570948642,30,98
2,4,2,degree_preserving_null,1.0,0.20904073841093523,30,98
2,4,2,degree_preserving_null,10.0,0.20715129933235685,30,98
2,4,2,degree_preserving_null,100.0,0.23889147678529574,30,98
2,4,2,family_median,0.1,0.46570294996412975,30,98
2,4,2,family_median,1.0,0.4655595312488501,30,98
2,4,2,family_median,10.0,0.4644556957448413,30,98
2,4,2,family_median,100.0,0.47127452868458974,30,98
2,4,2,all_visible_ridge,0.1,0.05729693265275195,30,98
2,4,2,all_visible_ridge,1.0,0.04599428132253088,30,98
2,4,2,all_visible_ridge,10.0,0.041132372880436106,30,98
2,4,2,all_visible_ridge,100.0,0.051785143960596275,30,98
2,4,2,pca_matched_dimension,0.1,0.04918949160792666,30,98
2,4,2,pca_matched_dimension,1.0,0.049181402314713435,30,98
2,4,2,pca_matched_dimension,10.0,0.049269829214145563,30,98
2,4,2,pca_matched_dimension,100.0,0.06360536700736327,30,98
2,4,2,descriptor_mean,0.1,0.07076930144796495,30,98
2,4,2,descriptor_mean,1.0,0.07594569611322528,30,98
2,4,2,descriptor_mean,10.0,0.08869692409300738,30,98
2,4,2,descriptor_mean,100.0,0.12380987900055608,30,98
2,4,2,null_mean,0.1,0.07659517906425492,30,98
2,4,2,null_mean,1.0,0.08107925570639751,30,98
2,4,2,null_mean,10.0,0.10232063509050794,30,98
2,4,2,null_mean,100.0,0.1651339944525627,30,98
2,4,2,null_local_svd,0.1,0.09575055431381911,30,98
2,4,2,null_local_svd,1.0,0.10334032860291797,30,98
2,4,2,null_local_svd,10.0,0.13587487724752814,30,98
2,4,2,null_local_svd,100.0,0.20481366822625444,30,98
3,0,0,structural_median,0.1,0.11311004050669515,30,96
3,0,0,structural_median,1.0,0.11086208006051695,30,96
3,0,0,structural_median,10.0,0.10894528519685615,30,96
3,0,0,structural_median,100.0,0.12560882768852358,30,96
3,0,0,descriptor_local_svd,0.1,0.05955111235569683,30,96
3,0,0,descriptor_local_svd,1.0,0.0646860501995174,30,96
3,0,0,descriptor_local_svd,10.0,0.07763736798334984,30,96
3,0,0,descriptor_local_svd,100.0,0.1082315825852727,30,96
3,0,0,degree_preserving_null,0.1,0.18018986957121688,30,96
3,0,0,degree_preserving_null,1.0,0.17565175455085627,30,96
3,0,0,degree_preserving_null,10.0,0.1683530906479228,30,96
3,0,0,degree_preserving_null,100.0,0.19763926449820285,30,96
3,0,0,family_median,0.1,0.4464186437927641,30,96
3,0,0,family_median,1.0,0.4462455315331017,30,96
3,0,0,family_median,10.0,0.4448337233292707,30,96
3,0,0,family_median,100.0,0.45020713623515163,30,96
3,0,0,all_visible_ridge,0.1,0.04092193809736393,30,96
3,0,0,all_visible_ridge,1.0,0.034122571454392056,30,96
3,0,0,all_visible_ridge,10.0,0.03089392950310337,30,96
3,0,0,all_visible_ridge,100.0,0.03969561248322121,30,96
3,0,0,pca_matched_dimension,0.1,0.03696647294675772,30,96
3,0,0,pca_matched_dimension,1.0,0.03696724711646809,30,96
3,0,0,pca_matched_dimension,10.0,0.037136755854055785,30,96
3,0,0,pca_matched_dimension,100.0,0.05166976731802698,30,96
3,0,0,descriptor_mean,0.1,0.061419953809733654,30,96
3,0,0,descriptor_mean,1.0,0.06534113980230337,30,96
3,0,0,descriptor_mean,10.0,0.07623776911999262,30,96
3,0,0,descriptor_mean,100.0,0.105775468248108,30,96
3,0,0,null_mean,0.1,0.05509909446877641,30,96
3,0,0,null_mean,1.0,0.05804159554831425,30,96
3,0,0,null_mean,10.0,0.07879553453708747,30,96
3,0,0,null_mean,100.0,0.14550724334070905,30,96
3,0,0,null_local_svd,0.1,0.07533497403802146,30,96
3,0,0,null_local_svd,1.0,0.08038969605175116,30,96
3,0,0,null_local_svd,10.0,0.1040378073196519,30,96
3,0,0,null_local_svd,100.0,0.16727566414696454,30,96
3,0,1,structural_median,0.1,0.09212195325241913,31,96
3,0,1,structural_median,1.0,0.09025533425262805,31,96
3,0,1,structural_median,10.0,0.08852692635445755,31,96
3,0,1,structural_median,100.0,0.10384845999951235,31,96
3,0,1,descriptor_local_svd,0.1,0.04877078839351623,31,96
3,0,1,descriptor_local_svd,1.0,0.051849527441784546,31,96
3,0,1,descriptor_local_svd,10.0,0.061992413770458485,31,96
3,0,1,descriptor_local_svd,100.0,0.08877574256463776,31,96
3,0,1,degree_preserving_null,0.1,0.15377283626557275,31,96
3,0,1,degree_preserving_null,1.0,0.1505454597832204,31,96
3,0,1,degree_preserving_null,10.0,0.1450779757194872,31,96
3,0,1,degree_preserving_null,100.0,0.16761526229335286,31,96
3,0,1,family_median,0.1,0.3618950878504522,31,96
3,0,1,family_median,1.0,0.36191580010776775,31,96
3,0,1,family_median,10.0,0.3623890121643221,31,96
3,0,1,family_median,100.0,0.3799422263949083,31,96
3,0,1,all_visible_ridge,0.1,0.03689021218130959,31,96
3,0,1,all_visible_ridge,1.0,0.03014769626075337,31,96
3,0,1,all_visible_ridge,10.0,0.02690612723163991,31,96
3,0,1,all_visible_ridge,100.0,0.032971956681679834,31,96
3,0,1,pca_matched_dimension,0.1,0.03177507924908455,31,96
3,0,1,pca_matched_dimension,1.0,0.03175055992010429,31,96
3,0,1,pca_matched_dimension,10.0,0.031633844405082226,31,96
3,0,1,pca_matched_dimension,100.0,0.04069206363994419,31,96
3,0,1,descriptor_mean,0.1,0.048516173708565556,31,96
3,0,1,descriptor_mean,1.0,0.051903705996545174,31,96
3,0,1,descriptor_mean,10.0,0.06019998439224011,31,96
3,0,1,descriptor_mean,100.0,0.0849858599536284,31,96
3,0,1,null_mean,0.1,0.04826858745343026,31,96
3,0,1,null_mean,1.0,0.050302063338755885,31,96
3,0,1,null_mean,10.0,0.0659998432015149,31,96
3,0,1,null_mean,100.0,0.11778592480688106,31,96
3,0,1,null_local_svd,0.1,0.061805533357654104,31,96
3,0,1,null_local_svd,1.0,0.06810062992553315,31,96
3,0,1,null_local_svd,10.0,0.09042989155129072,31,96
3,0,1,null_local_svd,100.0,0.1440049393350437,31,96
3,0,2,structural_median,0.1,0.1092204826242961,32,96
3,0,2,structural_median,1.0,0.10794917681064137,32,96
3,0,2,structural_median,10.0,0.10755564307453953,32,96
3,0,2,structural_median,100.0,0.12412144315112238,32,96
3,0,2,descriptor_local_svd,0.1,0.0633957218419098,32,96
3,0,2,descriptor_local_svd,1.0,0.06763684991842063,32,96
3,0,2,descriptor_local_svd,10.0,0.07956121425956195,32,96
3,0,2,descriptor_local_svd,100.0,0.11020705511725146,32,96
3,0,2,degree_preserving_null,0.1,0.1772904770801649,32,96
3,0,2,degree_preserving_null,1.0,0.17527850735259332,32,96
3,0,2,degree_preserving_null,10.0,0.17338378727119058,32,96
3,0,2,degree_preserving_null,100.0,0.20642987926875261,32,96
3,0,2,family_median,0.1,0.41364050028020405,32,96
3,0,2,family_median,1.0,0.41353851182766344,32,96
3,0,2,family_median,10.0,0.41283252349414884,32,96
3,0,2,family_median,100.0,0.4212170917955832,32,96
3,0,2,all_visible_ridge,0.1,0.0475784908213658,32,96
3,0,2,all_visible_ridge,1.0,0.03765005948657482,32,96
3,0,2,all_visible_ridge,10.0,0.03227845698499093,32,96
3,0,2,all_visible_ridge,100.0,0.039811544727639245,32,96
3,0,2,pca_matched_dimension,0.1,0.03842585456739767,32,96
3,0,2,pca_matched_dimension,1.0,0.03841241465899601,32,96
3,0,2,pca_matched_dimension,10.0,0.03842202886394738,32,96
3,0,2,pca_matched_dimension,100.0,0.04996059135022815,32,96
3,0,2,descriptor_mean,0.1,0.06412104635014589,32,96
3,0,2,descriptor_mean,1.0,0.06731430018860518,32,96
3,0,2,descriptor_mean,10.0,0.07804973570513739,32,96
3,0,2,descriptor_mean,100.0,0.10563748860902387,32,96
3,0,2,null_mean,0.1,0.059329288616787296,32,96
3,0,2,null_mean,1.0,0.061263173408398305,32,96
3,0,2,null_mean,10.0,0.07850369844798101,32,96
3,0,2,null_mean,100.0,0.1435019383931726,32,96
3,0,2,null_local_svd,0.1,0.07569273604043711,32,96
3,0,2,null_local_svd,1.0,0.08174992028041123,32,96
3,0,2,null_local_svd,10.0,0.11000942561883416,32,96
3,0,2,null_local_svd,100.0,0.180263239374055,32,96
3,1,0,structural_median,0.1,0.10089803321388903,30,96
3,1,0,structural_median,1.0,0.09891886567959493,30,96
3,1,0,structural_median,10.0,0.09694979750965874,30,96
3,1,0,structural_median,100.0,0.11295831295898202,30,96
3,1,0,descriptor_local_svd,0.1,0.05487334719773391,30,96
3,1,0,descriptor_local_svd,1.0,0.058535928259441844,30,96
3,1,0,descriptor_local_svd,10.0,0.07033359844997333,30,96
3,1,0,descriptor_local_svd,100.0,0.09828654341397848,30,96
3,1,0,degree_preserving_null,0.1,0.16116000667431005,30,96
3,1,0,degree_preserving_null,1.0,0.15779575939001667,30,96
3,1,0,degree_preserving_null,10.0,0.1528478519285415,30,96
3,1,0,degree_preserving_null,100.0,0.17772670027832033,30,96
3,1,0,family_median,0.1,0.3738164875311888,30,96
3,1,0,family_median,1.0,0.3736960008248738,30,96
3,1,0,family_median,10.0,0.372832720579496,30,96
3,1,0,family_median,100.0,0.38044445483002715,30,96
3,1,0,all_visible_ridge,0.1,0.03764042955722639,30,96
3,1,0,all_visible_ridge,1.0,0.030905561977026777,30,96
3,1,0,all_visible_ridge,10.0,0.027890775307838,30,96
3,1,0,all_visible_ridge,100.0,0.03555691760105187,30,96
3,1,0,pca_matched_dimension,0.1,0.032636372155381524,30,96
3,1,0,pca_matched_dimension,1.0,0.03262829880305955,30,96
3,1,0,pca_matched_dimension,10.0,0.032684991468695926,30,96
3,1,0,pca_matched_dimension,100.0,0.044168318405643864,30,96
3,1,0,descriptor_mean,0.1,0.05484906155474118,30,96
3,1,0,descriptor_mean,1.0,0.0588567425827843,30,96
3,1,0,descriptor_mean,10.0,0.06842763994128084,30,96
3,1,0,descriptor_mean,100.0,0.09367627384866947,30,96
3,1,0,null_mean,0.1,0.052779379063991425,30,96
3,1,0,null_mean,1.0,0.05643577486962655,30,96
3,1,0,null_mean,10.0,0.07479289396828387,30,96
3,1,0,null_mean,100.0,0.12717892575212228,30,96
3,1,0,null_local_svd,0.1,0.07533685144258495,30,96
3,1,0,null_local_svd,1.0,0.07816169476589074,30,96
3,1,0,null_local_svd,10.0,0.09977544998205283,30,96
3,1,0,null_local_svd,100.0,0.14992518699398946,30,96
3,1,1,structural_median,0.1,0.09847827475941436,30,96
3,1,1,structural_median,1.0,0.09652175433863104,30,96
3,1,1,structural_median,10.0,0.09430138224576953,30,96
3,1,1,structural_median,100.0,0.11072247543139487,30,96
3,1,1,descriptor_local_svd,0.1,0.04950563380652432,30,96
3,1,1,descriptor_local_svd,1.0,0.05280195089519623,30,96
3,1,1,descriptor_local_svd,10.0,0.06479097932114601,30,96
3,1,1,descriptor_local_svd,100.0,0.0970793577808455,30,96
3,1,1,degree_preserving_null,0.1,0.15966614603061674,30,96
3,1,1,degree_preserving_null,1.0,0.1576307516418824,30,96
3,1,1,degree_preserving_null,10.0,0.15468631868838925,30,96
3,1,1,degree_preserving_null,100.0,0.17996709195091593,30,96
3,1,1,family_median,0.1,0.39966335387731367,30,96
3,1,1,family_median,1.0,0.39954188866895424,30,96
3,1,1,family_median,10.0,0.39870915999043355,30,96
3,1,1,family_median,100.0,0.40909248425344685,30,96
3,1,1,all_visible_ridge,0.1,0.03918034681423269,30,96
3,1,1,all_visible_ridge,1.0,0.03139142501357407,30,96
3,1,1,all_visible_ridge,10.0,0.027467522462164242,30,96
3,1,1,all_visible_ridge,100.0,0.034409095041961144,30,96
3,1,1,pca_matched_dimension,0.1,0.03254201971322049,30,96
3,1,1,pca_matched_dimension,1.0,0.03253686204116684,30,96
3,1,1,pca_matched_dimension,10.0,0.03262689348763031,30,96
3,1,1,pca_matched_dimension,100.0,0.04477211617634766,30,96
3,1,1,descriptor_mean,0.1,0.05197194105438564,30,96
3,1,1,descriptor_mean,1.0,0.05617919464520282,30,96
3,1,1,descriptor_mean,10.0,0.06564394315053637,30,96
3,1,1,descriptor_mean,100.0,0.0933950842139167,30,96
3,1,1,null_mean,0.1,0.04987880126688052,30,96
3,1,1,null_mean,1.0,0.05235909593868786,30,96
3,1,1,null_mean,10.0,0.06850137004519997,30,96
3,1,1,null_mean,100.0,0.12758912194910307,30,96
3,1,1,null_local_svd,0.1,0.06373541171773348,30,96
3,1,1,null_local_svd,1.0,0.06788404472494805,30,96
3,1,1,null_local_svd,10.0,0.08944572399976108,30,96
3,1,1,null_local_svd,100.0,0.14429746789160508,30,96
3,1,2,structural_median,0.1,0.13150508344658923,29,96
3,1,2,structural_median,1.0,0.12949458720282742,29,96
3,1,2,structural_median,10.0,0.12791964288154933,29,96
3,1,2,structural_median,100.0,0.14608355529179987,29,96
3,1,2,descriptor_local_svd,0.1,0.07190368084150033,29,96
3,1,2,descriptor_local_svd,1.0,0.07825996081993054,29,96
3,1,2,descriptor_local_svd,10.0,0.09330231118808066,29,96
3,1,2,descriptor_local_svd,100.0,0.12671127715691527,29,96
3,1,2,degree_preserving_null,0.1,0.19550942530644538,29,96
3,1,2,degree_preserving_null,1.0,0.19230186397514962,29,96
3,1,2,degree_preserving_null,10.0,0.18840234343753723,29,96
3,1,2,degree_preserving_null,100.0,0.22236769587426955,29,96
3,1,2,family_median,0.1,0.4483550345169463,29,96
3,1,2,family_median,1.0,0.4482858665274197,29,96
3,1,2,family_median,10.0,0.4478605677503728,29,96
3,1,2,family_median,100.0,0.4585743772783905,29,96
3,1,2,all_visible_ridge,0.1,0.04833585872178124,29,96
3,1,2,all_visible_ridge,1.0,0.04117539228801853,29,96
3,1,2,all_visible_ridge,10.0,0.03687509644308452,29,96
3,1,2,all_visible_ridge,100.0,0.04600961108712171,29,96
3,1,2,pca_matched_dimension,0.1,0.045524533059856466,29,96
3,1,2,pca_matched_dimension,1.0,0.045506272867411275,29,96
3,1,2,pca_matched_dimension,10.0,0.0454851849049873,29,96
3,1,2,pca_matched_dimension,100.0,0.058110946842439525,29,96
3,1,2,descriptor_mean,0.1,0.0722890650819164,29,96
3,1,2,descriptor_mean,1.0,0.07636146644303389,29,96
3,1,2,descriptor_mean,10.0,0.08891229662768485,29,96
3,1,2,descriptor_mean,100.0,0.1218278493738372,29,96
3,1,2,null_mean,0.1,0.06817995722033646,29,96
3,1,2,null_mean,1.0,0.0720440795454163,29,96
3,1,2,null_mean,10.0,0.09521162258769694,29,96
3,1,2,null_mean,100.0,0.1657254640481781,29,96
3,1,2,null_local_svd,0.1,0.09179471820488434,29,96
3,1,2,null_local_svd,1.0,0.09862186961454146,29,96
3,1,2,null_local_svd,10.0,0.1295520976475314,29,96
3,1,2,null_local_svd,100.0,0.20561282656267482,29,96
3,2,0,structural_median,0.1,0.10811308924459116,31,96
3,2,0,structural_median,1.0,0.10601319809958296,31,96
3,2,0,structural_median,10.0,0.10385281282429412,31,96
3,2,0,structural_median,100.0,0.12081734704947597,31,96
3,2,0,descriptor_local_svd,0.1,0.05366839166952984,31,96
3,2,0,descriptor_local_svd,1.0,0.05855343727857935,31,96
3,2,0,descriptor_local_svd,10.0,0.0729385851953629,31,96
3,2,0,descriptor_local_svd,100.0,0.10582151797270116,31,96
3,2,0,degree_preserving_null,0.1,0.1692818862521517,31,96
3,2,0,degree_preserving_null,1.0,0.16659113200461126,31,96
3,2,0,degree_preserving_null,10.0,0.16333000267843584,31,96
3,2,0,degree_preserving_null,100.0,0.19354456438420636,31,96
3,2,0,family_median,0.1,0.42947896155154736,31,96
3,2,0,family_median,1.0,0.429372061105023,31,96
3,2,0,family_median,10.0,0.4287222730338625,31,96
3,2,0,family_median,100.0,0.4423528328382964,31,96
3,2,0,all_visible_ridge,0.1,0.03933831890441323,31,96
3,2,0,all_visible_ridge,1.0,0.03136368397192884,31,96
3,2,0,all_visible_ridge,10.0,0.027546130562588776,31,96
3,2,0,all_visible_ridge,100.0,0.035903270883468605,31,96
3,2,0,pca_matched_dimension,0.1,0.033311500178293846,31,96
3,2,0,pca_matched_dimension,1.0,0.033295707312615504,31,96
3,2,0,pca_matched_dimension,10.0,0.03327921662198373,31,96
3,2,0,pca_matched_dimension,100.0,0.044355140899404386,31,96
3,2,0,descriptor_mean,0.1,0.05525502657756223,31,96
3,2,0,descriptor_mean,1.0,0.06006859597450312,31,96
3,2,0,descriptor_mean,10.0,0.07150620330655086,31,96
3,2,0,descriptor_mean,100.0,0.10217619451360747,31,96
3,2,0,null_mean,0.1,0.05117351165361262,31,96
3,2,0,null_mean,1.0,0.054272282785724636,31,96
3,2,0,null_mean,10.0,0.07376780566365264,31,96
3,2,0,null_mean,100.0,0.13551585608811276,31,96
3,2,0,null_local_svd,0.1,0.06740096964526611,31,96
3,2,0,null_local_svd,1.0,0.0734773219578471,31,96
3,2,0,null_local_svd,10.0,0.09722854633167356,31,96
3,2,0,null_local_svd,100.0,0.15539173170902035,31,96
3,2,1,structural_median,0.1,0.10857418721779911,30,96
3,2,1,structural_median,1.0,0.1070600703024712,30,96
3,2,1,structural_median,10.0,0.10487691680735618,30,96
3,2,1,structural_median,100.0,0.12039445146766078,30,96
3,2,1,descriptor_local_svd,0.1,0.054778995949222795,30,96
3,2,1,descriptor_local_svd,1.0,0.05982817224199836,30,96
3,2,1,descriptor_local_svd,10.0,0.07384489874625379,30,96
3,2,1,descriptor_local_svd,100.0,0.10574608453818966,30,96
3,2,1,degree_preserving_null,0.1,0.1631297205827009,30,96
3,2,1,degree_preserving_null,1.0,0.1609214915510801,30,96
3,2,1,degree_preserving_null,10.0,0.15726316062857093,30,96
3,2,1,degree_preserving_null,100.0,0.18642852633647797,30,96
3,2,1,family_median,0.1,0.4261200272575448,30,96
3,2,1,family_median,1.0,0.4260380558749154,30,96
3,2,1,family_median,10.0,0.4254692886350441,30,96
3,2,1,family_median,100.0,0.433247238740187,30,96
3,2,1,all_visible_ridge,0.1,0.03864251688878263,30,96
3,2,1,all_visible_ridge,1.0,0.03147216417385391,30,96
3,2,1,all_visible_ridge,10.0,0.02853321461867793,30,96
3,2,1,all_visible_ridge,100.0,0.03672370956542885,30,96
3,2,1,pca_matched_dimension,0.1,0.033297243088346334,30,96
3,2,1,pca_matched_dimension,1.0,0.03330814237320599,30,96
3,2,1,pca_matched_dimension,10.0,0.03357677343774674,30,96
3,2,1,pca_matched_dimension,100.0,0.048920246150946124,30,96
3,2,1,descriptor_mean,0.1,0.05822076678590528,30,96
3,2,1,descriptor_mean,1.0,0.06305289506333961,30,96
3,2,1,descriptor_mean,10.0,0.07349438799099459,30,96
3,2,1,descriptor_mean,100.0,0.10215085582859111,30,96
3,2,1,null_mean,0.1,0.05218053846401802,30,96
3,2,1,null_mean,1.0,0.05428992356926108,30,96
3,2,1,null_mean,10.0,0.07202791409080399,30,96
3,2,1,null_mean,100.0,0.13339554137809248,30,96
3,2,1,null_local_svd,0.1,0.06899998308703661,30,96
3,2,1,null_local_svd,1.0,0.0742114809898402,30,96
3,2,1,null_local_svd,10.0,0.0979951168712927,30,96
3,2,1,null_local_svd,100.0,0.15647484665189124,30,96
3,2,2,structural_median,0.1,0.11073109279061212,27,96
3,2,2,structural_median,1.0,0.10882923632396971,27,96
3,2,2,structural_median,10.0,0.10798646188290795,27,96
3,2,2,structural_median,100.0,0.12475791717025791,27,96
3,2,2,descriptor_local_svd,0.1,0.06262182104959965,27,96
3,2,2,descriptor_local_svd,1.0,0.06618027437969538,27,96
3,2,2,descriptor_local_svd,10.0,0.07815094169098333,27,96
3,2,2,descriptor_local_svd,100.0,0.10742817376374364,27,96
3,2,2,degree_preserving_null,0.1,0.17350318562010003,27,96
3,2,2,degree_preserving_null,1.0,0.1713173752034161,27,96
3,2,2,degree_preserving_null,10.0,0.16926775399109062,27,96
3,2,2,degree_preserving_null,100.0,0.19708675059968794,27,96
3,2,2,family_median,0.1,0.37218732782272385,27,96
3,2,2,family_median,1.0,0.37203595767598213,27,96
3,2,2,family_median,10.0,0.37087431103886187,27,96
3,2,2,family_median,100.0,0.3775878825166225,27,96
3,2,2,all_visible_ridge,0.1,0.04823275219609619,27,96
3,2,2,all_visible_ridge,1.0,0.038508695945168335,27,96
3,2,2,all_visible_ridge,10.0,0.03300226294754882,27,96
3,2,2,all_visible_ridge,100.0,0.040134460270516266,27,96
3,2,2,pca_matched_dimension,0.1,0.03876559974927675,27,96
3,2,2,pca_matched_dimension,1.0,0.038748636423938304,27,96
3,2,2,pca_matched_dimension,10.0,0.03870861246178353,27,96
3,2,2,pca_matched_dimension,100.0,0.048614741373510045,27,96
3,2,2,descriptor_mean,0.1,0.06590954507383004,27,96
3,2,2,descriptor_mean,1.0,0.06926122219766212,27,96
3,2,2,descriptor_mean,10.0,0.07947966079435087,27,96
3,2,2,descriptor_mean,100.0,0.10669941643507296,27,96
3,2,2,null_mean,0.1,0.061885110516493605,27,96
3,2,2,null_mean,1.0,0.06415432589867992,27,96
3,2,2,null_mean,10.0,0.08236592960786021,27,96
3,2,2,null_mean,100.0,0.14241486747927623,27,96
3,2,2,null_local_svd,0.1,0.07594912915530437,27,96
3,2,2,null_local_svd,1.0,0.08286380347138962,27,96
3,2,2,null_local_svd,10.0,0.11234175114235428,27,96
3,2,2,null_local_svd,100.0,0.17897245844079926,27,96
3,3,0,structural_median,0.1,0.11483397977588658,30,96
3,3,0,structural_median,1.0,0.11309283876818015,30,96
3,3,0,structural_median,10.0,0.1118613847602498,30,96
3,3,0,structural_median,100.0,0.13203554437589657,30,96
3,3,0,descriptor_local_svd,0.1,0.05988224436120139,30,96
3,3,0,descriptor_local_svd,1.0,0.06475084705383577,30,96
3,3,0,descriptor_local_svd,10.0,0.08048714236852089,30,96
3,3,0,descriptor_local_svd,100.0,0.11831139347399303,30,96
3,3,0,degree_preserving_null,0.1,0.1806547437182468,30,96
3,3,0,degree_preserving_null,1.0,0.17790971223805638,30,96
3,3,0,degree_preserving_null,10.0,0.17637765000649328,30,96
3,3,0,degree_preserving_null,100.0,0.20905534817732999,30,96
3,3,0,family_median,0.1,0.41612371778106916,30,96
3,3,0,family_median,1.0,0.41602664285846597,30,96
3,3,0,family_median,10.0,0.41539307252562874,30,96
3,3,0,family_median,100.0,0.4257393839309795,30,96
3,3,0,all_visible_ridge,0.1,0.05119189666372601,30,96
3,3,0,all_visible_ridge,1.0,0.04175447281699811,30,96
3,3,0,all_visible_ridge,10.0,0.035229147400463526,30,96
3,3,0,all_visible_ridge,100.0,0.0420365081474952,30,96
3,3,0,pca_matched_dimension,0.1,0.04011586937497661,30,96
3,3,0,pca_matched_dimension,1.0,0.04010648158764132,30,96
3,3,0,pca_matched_dimension,10.0,0.0401652094224818,30,96
3,3,0,pca_matched_dimension,100.0,0.05287516058719899,30,96
3,3,0,descriptor_mean,0.1,0.06231781000189904,30,96
3,3,0,descriptor_mean,1.0,0.06587955834288128,30,96
3,3,0,descriptor_mean,10.0,0.07889320246585672,30,96
3,3,0,descriptor_mean,100.0,0.11416363516864697,30,96
3,3,0,null_mean,0.1,0.06055377627225624,30,96
3,3,0,null_mean,1.0,0.06405745342325081,30,96
3,3,0,null_mean,10.0,0.08653674677148522,30,96
3,3,0,null_mean,100.0,0.15543147968583698,30,96
3,3,0,null_local_svd,0.1,0.07667234554102755,30,96
3,3,0,null_local_svd,1.0,0.08629575416626177,30,96
3,3,0,null_local_svd,10.0,0.11349045851640395,30,96
3,3,0,null_local_svd,100.0,0.17886112050160702,30,96
3,3,1,structural_median,0.1,0.09331983474738482,31,96
3,3,1,structural_median,1.0,0.09148128097424318,31,96
3,3,1,structural_median,10.0,0.09000008242431709,31,96
3,3,1,structural_median,100.0,0.10504680830020806,31,96
3,3,1,descriptor_local_svd,0.1,0.04943009497583696,31,96
3,3,1,descriptor_local_svd,1.0,0.05277598052868673,31,96
3,3,1,descriptor_local_svd,10.0,0.06311553034111819,31,96
3,3,1,descriptor_local_svd,100.0,0.08998879468212105,31,96
3,3,1,degree_preserving_null,0.1,0.15666541358938338,31,96
3,3,1,degree_preserving_null,1.0,0.15364626479428006,31,96
3,3,1,degree_preserving_null,10.0,0.14856775760539234,31,96
3,3,1,degree_preserving_null,100.0,0.17375236292636448,31,96
3,3,1,family_median,0.1,0.3713726148179974,31,96
3,3,1,family_median,1.0,0.3712816323542774,31,96
3,3,1,family_median,10.0,0.3706991676176722,31,96
3,3,1,family_median,100.0,0.3808692751904561,31,96
3,3,1,all_visible_ridge,0.1,0.03686627232774254,31,96
3,3,1,all_visible_ridge,1.0,0.03040266645636915,31,96
3,3,1,all_visible_ridge,10.0,0.02656518959687497,31,96
3,3,1,all_visible_ridge,100.0,0.03317743418857959,31,96
3,3,1,pca_matched_dimension,0.1,0.03060474116539476,31,96
3,3,1,pca_matched_dimension,1.0,0.03058856240686608,31,96
3,3,1,pca_matched_dimension,10.0,0.030558497936705724,31,96
3,3,1,pca_matched_dimension,100.0,0.04072831171581774,31,96
3,3,1,descriptor_mean,0.1,0.04810571771678588,31,96
3,3,1,descriptor_mean,1.0,0.051411401132551084,31,96
3,3,1,descriptor_mean,10.0,0.06037682777214323,31,96
3,3,1,descriptor_mean,100.0,0.08627638662669625,31,96
3,3,1,null_mean,0.1,0.04592621433502235,31,96
3,3,1,null_mean,1.0,0.048889018250060784,31,96
3,3,1,null_mean,10.0,0.06668362037572854,31,96
3,3,1,null_mean,100.0,0.1240207434965206,31,96
3,3,1,null_local_svd,0.1,0.061004141584426595,31,96
3,3,1,null_local_svd,1.0,0.06583810345312885,31,96
3,3,1,null_local_svd,10.0,0.08748321636232019,31,96
3,3,1,null_local_svd,100.0,0.14035206917051063,31,96
3,3,2,structural_median,0.1,0.10454772108673988,27,96
3,3,2,structural_median,1.0,0.10275004358002746,27,96
3,3,2,structural_median,10.0,0.10126735603601762,27,96
3,3,2,structural_median,100.0,0.11562957768657564,27,96
3,3,2,descriptor_local_svd,0.1,0.055754319129936815,27,96
3,3,2,descriptor_local_svd,1.0,0.059669075393491706,27,96
3,3,2,descriptor_local_svd,10.0,0.0722455536134723,27,96
3,3,2,descriptor_local_svd,100.0,0.10117628377613298,27,96
3,3,2,degree_preserving_null,0.1,0.17303887628215206,27,96
3,3,2,degree_preserving_null,1.0,0.17027285815394338,27,96
3,3,2,degree_preserving_null,10.0,0.163728602898902,27,96
3,3,2,degree_preserving_null,100.0,0.18277946254136487,27,96
3,3,2,family_median,0.1,0.39040492538819493,27,96
3,3,2,family_median,1.0,0.3903187517580036,27,96
3,3,2,family_median,10.0,0.38987116549891987,27,96
3,3,2,family_median,100.0,0.40488948559359705,27,96
3,3,2,all_visible_ridge,0.1,0.038860857745218934,27,96
3,3,2,all_visible_ridge,1.0,0.031859760574860306,27,96
3,3,2,all_visible_ridge,10.0,0.028738497290490224,27,96
3,3,2,all_visible_ridge,100.0,0.03714687457531544,27,96
3,3,2,pca_matched_dimension,0.1,0.03382098343382009,27,96
3,3,2,pca_matched_dimension,1.0,0.033820410203211984,27,96
3,3,2,pca_matched_dimension,10.0,0.033971141696319436,27,96
3,3,2,pca_matched_dimension,100.0,0.04789705389341846,27,96
3,3,2,descriptor_mean,0.1,0.05563226810929245,27,96
3,3,2,descriptor_mean,1.0,0.06066122448651775,27,96
3,3,2,descriptor_mean,10.0,0.07112274684938182,27,96
3,3,2,descriptor_mean,100.0,0.09627466733121876,27,96
3,3,2,null_mean,0.1,0.054923698656808566,27,96
3,3,2,null_mean,1.0,0.056820588782735694,27,96
3,3,2,null_mean,10.0,0.0727762325306194,27,96
3,3,2,null_mean,100.0,0.1250243498842303,27,96
3,3,2,null_local_svd,0.1,0.06977663504605157,27,96
3,3,2,null_local_svd,1.0,0.07396439911839169,27,96
3,3,2,null_local_svd,10.0,0.09524955016477576,27,96
3,3,2,null_local_svd,100.0,0.15371185369378604,27,96
3,4,0,structural_median,0.1,0.11569430037519138,28,96
3,4,0,structural_median,1.0,0.11299861238109878,28,96
3,4,0,structural_median,10.0,0.10959160876535078,28,96
3,4,0,structural_median,100.0,0.1258540928016672,28,96
3,4,0,descriptor_local_svd,0.1,0.05966722054157537,28,96
3,4,0,descriptor_local_svd,1.0,0.06414150033410906,28,96
3,4,0,descriptor_local_svd,10.0,0.07652806984680427,28,96
3,4,0,descriptor_local_svd,100.0,0.10893365375870774,28,96
3,4,0,degree_preserving_null,0.1,0.18897248419114754,28,96
3,4,0,degree_preserving_null,1.0,0.18379471716751924,28,96
3,4,0,degree_preserving_null,10.0,0.17421727843290594,28,96
3,4,0,degree_preserving_null,100.0,0.20186851479269705,28,96
3,4,0,family_median,0.1,0.44045852833930416,28,96
3,4,0,family_median,1.0,0.44030993449519934,28,96
3,4,0,family_median,10.0,0.43909659562965686,28,96
3,4,0,family_median,100.0,0.4429541739677028,28,96
3,4,0,all_visible_ridge,0.1,0.042039894714693715,28,96
3,4,0,all_visible_ridge,1.0,0.034322867404423904,28,96
3,4,0,all_visible_ridge,10.0,0.03092862676628064,28,96
3,4,0,all_visible_ridge,100.0,0.03910170740378516,28,96
3,4,0,pca_matched_dimension,0.1,0.036770310147421346,28,96
3,4,0,pca_matched_dimension,1.0,0.03676772820512921,28,96
3,4,0,pca_matched_dimension,10.0,0.036902451832815195,28,96
3,4,0,pca_matched_dimension,100.0,0.0509943819093965,28,96
3,4,0,descriptor_mean,0.1,0.060792185565578465,28,96
3,4,0,descriptor_mean,1.0,0.06512626106191229,28,96
3,4,0,descriptor_mean,10.0,0.07568288467354742,28,96
3,4,0,descriptor_mean,100.0,0.10574102210821515,28,96
3,4,0,null_mean,0.1,0.0576481204283957,28,96
3,4,0,null_mean,1.0,0.06112464996791712,28,96
3,4,0,null_mean,10.0,0.07986201525268898,28,96
3,4,0,null_mean,100.0,0.14226629998874032,28,96
3,4,0,null_local_svd,0.1,0.07367802188815605,28,96
3,4,0,null_local_svd,1.0,0.07678844135573273,28,96
3,4,0,null_local_svd,10.0,0.10297688894734235,28,96
3,4,0,null_local_svd,100.0,0.16757719543492147,28,96
3,4,1,structural_median,0.1,0.10297131753744934,32,96
3,4,1,structural_median,1.0,0.10088714036045625,32,96
3,4,1,structural_median,10.0,0.09911477974182256,32,96
3,4,1,structural_median,100.0,0.11564915802225509,32,96
3,4,1,descriptor_local_svd,0.1,0.050774085350237204,32,96
3,4,1,descriptor_local_svd,1.0,0.055475145387411426,32,96
3,4,1,descriptor_local_svd,10.0,0.06788929778025513,32,96
3,4,1,descriptor_local_svd,100.0,0.09863550846103022,32,96
3,4,1,degree_preserving_null,0.1,0.17526886603652864,32,96
3,4,1,degree_preserving_null,1.0,0.17112526541218093,32,96
3,4,1,degree_preserving_null,10.0,0.16537193585501844,32,96
3,4,1,degree_preserving_null,100.0,0.19168246544718603,32,96
3,4,1,family_median,0.1,0.4147115520846628,32,96
3,4,1,family_median,1.0,0.4146753383502866,32,96
3,4,1,family_median,10.0,0.41477523148746576,32,96
3,4,1,family_median,100.0,0.4356962108795208,32,96
3,4,1,all_visible_ridge,0.1,0.037801057203730476,32,96
3,4,1,all_visible_ridge,1.0,0.030725403043271808,32,96
3,4,1,all_visible_ridge,10.0,0.027289981541103674,32,96
3,4,1,all_visible_ridge,100.0,0.034779014034611165,32,96
3,4,1,pca_matched_dimension,0.1,0.03242499172875665,32,96
3,4,1,pca_matched_dimension,1.0,0.03241585998913249,32,96
3,4,1,pca_matched_dimension,10.0,0.032457082872502284,32,96
3,4,1,pca_matched_dimension,100.0,0.043399170225766705,32,96
3,4,1,descriptor_mean,0.1,0.05232757697438309,32,96
3,4,1,descriptor_mean,1.0,0.057528797157215934,32,96
3,4,1,descriptor_mean,10.0,0.06786366154285248,32,96
3,4,1,descriptor_mean,100.0,0.09662529505240937,32,96
3,4,1,null_mean,0.1,0.04850210174402385,32,96
3,4,1,null_mean,1.0,0.05206349395949862,32,96
3,4,1,null_mean,10.0,0.07272808008547234,32,96
3,4,1,null_mean,100.0,0.13831543892748263,32,96
3,4,1,null_local_svd,0.1,0.06320793680798956,32,96
3,4,1,null_local_svd,1.0,0.06954598027702943,32,96
3,4,1,null_local_svd,10.0,0.0971638278377031,32,96
3,4,1,null_local_svd,100.0,0.15867507214449927,32,96
3,4,2,structural_median,0.1,0.1137600869633991,30,96
3,4,2,structural_median,1.0,0.11196771680081612,30,96
3,4,2,structural_median,10.0,0.11047796165104708,30,96
3,4,2,structural_median,100.0,0.1281801846478057,30,96
3,4,2,descriptor_local_svd,0.1,0.06267780064856723,30,96
3,4,2,descriptor_local_svd,1.0,0.06830151781056376,30,96
3,4,2,descriptor_local_svd,10.0,0.08319186399351906,30,96
3,4,2,descriptor_local_svd,100.0,0.11456039039410491,30,96
3,4,2,degree_preserving_null,0.1,0.1758710935408792,30,96
3,4,2,degree_preserving_null,1.0,0.17360987550093018,30,96
3,4,2,degree_preserving_null,10.0,0.17056133679846072,30,96
3,4,2,degree_preserving_null,100.0,0.19891270952724746,30,96
3,4,2,family_median,0.1,0.39403239291327247,30,96
3,4,2,family_median,1.0,0.3938240317452891,30,96
3,4,2,family_median,10.0,0.3921442459952271,30,96
3,4,2,family_median,100.0,0.39658935775191506,30,96
3,4,2,all_visible_ridge,0.1,0.044299587677291405,30,96
3,4,2,all_visible_ridge,1.0,0.037857606212449706,30,96
3,4,2,all_visible_ridge,10.0,0.034068029295080224,30,96
3,4,2,all_visible_ridge,100.0,0.0420686278347545,30,96
3,4,2,pca_matched_dimension,0.1,0.040064442525177414,30,96
3,4,2,pca_matched_dimension,1.0,0.04006161522466202,30,96
3,4,2,pca_matched_dimension,10.0,0.04019956124238043,30,96
3,4,2,pca_matched_dimension,100.0,0.054778003205971794,30,96
3,4,2,descriptor_mean,0.1,0.06552103224418812,30,96
3,4,2,descriptor_mean,1.0,0.07057975165551399,30,96
3,4,2,descriptor_mean,10.0,0.08190022423015883,30,96
3,4,2,descriptor_mean,100.0,0.11164358588512621,30,96
3,4,2,null_mean,0.1,0.05980212039578268,30,96
3,4,2,null_mean,1.0,0.0631812378997877,30,96
3,4,2,null_mean,10.0,0.08242949101210825,30,96
3,4,2,null_mean,100.0,0.1440068358512322,30,96
3,4,2,null_local_svd,0.1,0.07612883172579472,30,96
3,4,2,null_local_svd,1.0,0.08130642151426652,30,96
3,4,2,null_local_svd,10.0,0.10721454056829142,30,96
3,4,2,null_local_svd,100.0,0.16751382658705632,30,96
4,0,0,structural_median,0.1,0.09930647152499139,30,96
4,0,0,structural_median,1.0,0.09694815706955746,30,96
4,0,0,structural_median,10.0,0.09450952825802318,30,96
4,0,0,structural_median,100.0,0.11178564063764554,30,96
4,0,0,descriptor_local_svd,0.1,0.05472137776348421,30,96
4,0,0,descriptor_local_svd,1.0,0.06060727244086815,30,96
4,0,0,descriptor_local_svd,10.0,0.07109481549125797,30,96
4,0,0,descriptor_local_svd,100.0,0.09936751254251733,30,96
4,0,0,degree_preserving_null,0.1,0.1985706350221243,30,96
4,0,0,degree_preserving_null,1.0,0.1955377345816822,30,96
4,0,0,degree_preserving_null,10.0,0.19169808910312852,30,96
4,0,0,degree_preserving_null,100.0,0.22605158628360672,30,96
4,0,0,family_median,0.1,0.4465666320722361,30,96
4,0,0,family_median,1.0,0.4464721462979646,30,96
4,0,0,family_median,10.0,0.4458287699779902,30,96
4,0,0,family_median,100.0,0.45741615387340234,30,96
4,0,0,all_visible_ridge,0.1,0.035918845111167816,30,96
4,0,0,all_visible_ridge,1.0,0.030110266384754038,30,96
4,0,0,all_visible_ridge,10.0,0.027562717862823324,30,96
4,0,0,all_visible_ridge,100.0,0.03674357553123722,30,96
4,0,0,pca_matched_dimension,0.1,0.03499663901963175,30,96
4,0,0,pca_matched_dimension,1.0,0.03499928436205195,30,96
4,0,0,pca_matched_dimension,10.0,0.03519084906359112,30,96
4,0,0,pca_matched_dimension,100.0,0.050207657659828854,30,96
4,0,0,descriptor_mean,0.1,0.056195569536407315,30,96
4,0,0,descriptor_mean,1.0,0.060982879395288174,30,96
4,0,0,descriptor_mean,10.0,0.07150875571323435,30,96
4,0,0,descriptor_mean,100.0,0.1002752838691444,30,96
4,0,0,null_mean,0.1,0.051431219705579866,30,96
4,0,0,null_mean,1.0,0.053270830010213724,30,96
4,0,0,null_mean,10.0,0.07247148080665246,30,96
4,0,0,null_mean,100.0,0.14405685521556108,30,96
4,0,0,null_local_svd,0.1,0.07764563500945279,30,96
4,0,0,null_local_svd,1.0,0.08779213903397773,30,96
4,0,0,null_local_svd,10.0,0.12203316760822294,30,96
4,0,0,null_local_svd,100.0,0.20021674176958362,30,96
4,0,1,structural_median,0.1,0.08621701088759595,31,96
4,0,1,structural_median,1.0,0.08414928501562148,31,96
4,0,1,structural_median,10.0,0.08216930115957861,31,96
4,0,1,structural_median,100.0,0.09454100143538058,31,96
4,0,1,descriptor_local_svd,0.1,0.04718749298707176,31,96
4,0,1,descriptor_local_svd,1.0,0.0502760829196053,31,96
4,0,1,descriptor_local_svd,10.0,0.05826886754468583,31,96
4,0,1,descriptor_local_svd,100.0,0.08145609148927394,31,96
4,0,1,degree_preserving_null,0.1,0.16008665192336982,31,96
4,0,1,degree_preserving_null,1.0,0.15591668734540304,31,96
4,0,1,degree_preserving_null,10.0,0.14635996613717506,31,96
4,0,1,degree_preserving_null,100.0,0.16841900160475334,31,96
4,0,1,family_median,0.1,0.38965725109910426,31,96
4,0,1,family_median,1.0,0.3896078727046327,31,96
4,0,1,family_median,10.0,0.38934154046305297,31,96
4,0,1,family_median,100.0,0.39940614363683485,31,96
4,0,1,all_visible_ridge,0.1,0.03361005633607401,31,96
4,0,1,all_visible_ridge,1.0,0.027657715139622677,31,96
4,0,1,all_visible_ridge,10.0,0.024803401555069392,31,96
4,0,1,all_visible_ridge,100.0,0.03189020088555745,31,96
4,0,1,pca_matched_dimension,0.1,0.03018375657000153,31,96
4,0,1,pca_matched_dimension,1.0,0.03017868153067392,31,96
4,0,1,pca_matched_dimension,10.0,0.030250931432914383,31,96
4,0,1,pca_matched_dimension,100.0,0.04074140726768252,31,96
4,0,1,descriptor_mean,0.1,0.04621995527322994,31,96
4,0,1,descriptor_mean,1.0,0.04969116714053666,31,96
4,0,1,descriptor_mean,10.0,0.05850552170701408,31,96
4,0,1,descriptor_mean,100.0,0.08177078370825955,31,96
4,0,1,null_mean,0.1,0.04268215244392683,31,96
4,0,1,null_mean,1.0,0.0452662525189504,31,96
4,0,1,null_mean,10.0,0.05949829943003748,31,96
4,0,1,null_mean,100.0,0.11344479426784522,31,96
4,0,1,null_local_svd,0.1,0.06204332085342621,31,96
4,0,1,null_local_svd,1.0,0.0660555627683981,31,96
4,0,1,null_local_svd,10.0,0.0888636322696156,31,96
4,0,1,null_local_svd,100.0,0.15276699829713536,31,96
4,0,2,structural_median,0.1,0.10452975844537125,32,96
4,0,2,structural_median,1.0,0.10285305839153804,32,96
4,0,2,structural_median,10.0,0.10238865593510557,32,96
4,0,2,structural_median,100.0,0.12094076087585494,32,96
4,0,2,descriptor_local_svd,0.1,0.062184588864069024,32,96
4,0,2,descriptor_local_svd,1.0,0.06534316287189053,32,96
4,0,2,descriptor_local_svd,10.0,0.07563470805962208,32,96
4,0,2,descriptor_local_svd,100.0,0.10629265028416154,32,96
4,0,2,degree_preserving_null,0.1,0.19301278042779013,32,96
4,0,2,degree_preserving_null,1.0,0.19039240453151382,32,96
4,0,2,degree_preserving_null,10.0,0.18771956278021737,32,96
4,0,2,degree_preserving_null,100.0,0.22149767399661804,32,96
4,0,2,family_median,0.1,0.43321546138391864,32,96
4,0,2,family_median,1.0,0.43302249857246566,32,96
4,0,2,family_median,10.0,0.4313990093826043,32,96
4,0,2,family_median,100.0,0.43172196578009364,32,96
4,0,2,all_visible_ridge,0.1,0.04013637807096292,32,96
4,0,2,all_visible_ridge,1.0,0.033983505585191295,32,96
4,0,2,all_visible_ridge,10.0,0.03129014534749831,32,96
4,0,2,all_visible_ridge,100.0,0.04125439969540008,32,96
4,0,2,pca_matched_dimension,0.1,0.03690576099980145,32,96
4,0,2,pca_matched_dimension,1.0,0.03690060393074365,32,96
4,0,2,pca_matched_dimension,10.0,0.03698991095698335,32,96
4,0,2,pca_matched_dimension,100.0,0.04906693166840434,32,96
4,0,2,descriptor_mean,0.1,0.05918817480059976,32,96
4,0,2,descriptor_mean,1.0,0.06315779675765879,32,96
4,0,2,descriptor_mean,10.0,0.07487735933250682,32,96
4,0,2,descriptor_mean,100.0,0.10494777877201722,32,96
4,0,2,null_mean,0.1,0.05433007305951294,32,96
4,0,2,null_mean,1.0,0.05755846059640621,32,96
4,0,2,null_mean,10.0,0.07768218227928152,32,96
4,0,2,null_mean,100.0,0.14731152531647954,32,96
4,0,2,null_local_svd,0.1,0.0781155628590185,32,96
4,0,2,null_local_svd,1.0,0.08605321555132855,32,96
4,0,2,null_local_svd,10.0,0.1200293347759998,32,96
4,0,2,null_local_svd,100.0,0.20072811376590402,32,96
4,1,0,structural_median,0.1,0.08869629362921118,30,96
4,1,0,structural_median,1.0,0.08682213694026301,30,96
4,1,0,structural_median,10.0,0.08431948846404586,30,96
4,1,0,structural_median,100.0,0.0973513382400837,30,96
4,1,0,descriptor_local_svd,0.1,0.047786846474551045,30,96
4,1,0,descriptor_local_svd,1.0,0.05089865020507215,30,96
4,1,0,descriptor_local_svd,10.0,0.05858233237670209,30,96
4,1,0,descriptor_local_svd,100.0,0.0836879458972324,30,96
4,1,0,degree_preserving_null,0.1,0.1640119534522604,30,96
4,1,0,degree_preserving_null,1.0,0.1611129221510166,30,96
4,1,0,degree_preserving_null,10.0,0.15636960680678796,30,96
4,1,0,degree_preserving_null,100.0,0.18403044250128603,30,96
4,1,0,family_median,0.1,0.37171135372724873,30,96
4,1,0,family_median,1.0,0.3716075688609496,30,96
4,1,0,family_median,10.0,0.37085344329688297,30,96
4,1,0,family_median,100.0,0.3779687758521654,30,96
4,1,0,all_visible_ridge,0.1,0.030786531650783638,30,96
4,1,0,all_visible_ridge,1.0,0.025548126347070113,30,96
4,1,0,all_visible_ridge,10.0,0.023262386212134653,30,96
4,1,0,all_visible_ridge,100.0,0.030751858384006528,30,96
4,1,0,pca_matched_dimension,0.1,0.02823650285145874,30,96
4,1,0,pca_matched_dimension,1.0,0.028225051825828004,30,96
4,1,0,pca_matched_dimension,10.0,0.028245709710940006,30,96
4,1,0,pca_matched_dimension,100.0,0.03919341452932303,30,96
4,1,0,descriptor_mean,0.1,0.048331851101503336,30,96
4,1,0,descriptor_mean,1.0,0.05206353761162907,30,96
4,1,0,descriptor_mean,10.0,0.060154892872241544,30,96
4,1,0,descriptor_mean,100.0,0.0847543181810592,30,96
4,1,0,null_mean,0.1,0.043758755330503524,30,96
4,1,0,null_mean,1.0,0.04526040904080376,30,96
4,1,0,null_mean,10.0,0.06141910221759452,30,96
4,1,0,null_mean,100.0,0.12259828191448859,30,96
4,1,0,null_local_svd,0.1,0.06412069529303946,30,96
4,1,0,null_local_svd,1.0,0.06925433847505194,30,96
4,1,0,null_local_svd,10.0,0.09452720014502408,30,96
4,1,0,null_local_svd,100.0,0.161671461661369,30,96
4,1,1,structural_median,0.1,0.08896234171340221,30,96
4,1,1,structural_median,1.0,0.08691761000756483,30,96
4,1,1,structural_median,10.0,0.08555939479339414,30,96
4,1,1,structural_median,100.0,0.1040059239441524,30,96
4,1,1,descriptor_local_svd,0.1,0.04843057268372689,30,96
4,1,1,descriptor_local_svd,1.0,0.051629696621525646,30,96
4,1,1,descriptor_local_svd,10.0,0.061159726632865584,30,96
4,1,1,descriptor_local_svd,100.0,0.09086427897462304,30,96
4,1,1,degree_preserving_null,0.1,0.16310683098975967,30,96
4,1,1,degree_preserving_null,1.0,0.1596520405676409,30,96
4,1,1,degree_preserving_null,10.0,0.1541319369297069,30,96
4,1,1,degree_preserving_null,100.0,0.17911241176966258,30,96
4,1,1,family_median,0.1,0.43786880121587046,30,96
4,1,1,family_median,1.0,0.4378145598955419,30,96
4,1,1,family_median,10.0,0.43757111810663624,30,96
4,1,1,family_median,100.0,0.4509852847945003,30,96
4,1,1,all_visible_ridge,0.1,0.03321835120964502,30,96
4,1,1,all_visible_ridge,1.0,0.027031644942570064,30,96
4,1,1,all_visible_ridge,10.0,0.024187592374105078,30,96
4,1,1,all_visible_ridge,100.0,0.03189940940276637,30,96
4,1,1,pca_matched_dimension,0.1,0.03070631378470389,30,96
4,1,1,pca_matched_dimension,1.0,0.03070409776455468,30,96
4,1,1,pca_matched_dimension,10.0,0.03082897042985805,30,96
4,1,1,pca_matched_dimension,100.0,0.0437497129981791,30,96
4,1,1,descriptor_mean,0.1,0.04899046137055316,30,96
4,1,1,descriptor_mean,1.0,0.05273611686450077,30,96
4,1,1,descriptor_mean,10.0,0.06216952858803214,30,96
4,1,1,descriptor_mean,100.0,0.09072611577421258,30,96
4,1,1,null_mean,0.1,0.04518790699224609,30,96
4,1,1,null_mean,1.0,0.04783087936724772,30,96
4,1,1,null_mean,10.0,0.06462772110026797,30,96
4,1,1,null_mean,100.0,0.12522544489620216,30,96
4,1,1,null_local_svd,0.1,0.06729105537774238,30,96
4,1,1,null_local_svd,1.0,0.07364628025485835,30,96
4,1,1,null_local_svd,10.0,0.10215076442662786,30,96
4,1,1,null_local_svd,100.0,0.16697882146929993,30,96
4,1,2,structural_median,0.1,0.1241293014935409,29,96
4,1,2,structural_median,1.0,0.12184001672030506,29,96
4,1,2,structural_median,10.0,0.11974682459107636,29,96
4,1,2,structural_median,100.0,0.1376283782256728,29,96
4,1,2,descriptor_local_svd,0.1,0.07389229006217314,29,96
4,1,2,descriptor_local_svd,1.0,0.07852984245668547,29,96
4,1,2,descriptor_local_svd,10.0,0.08993787681110954,29,96
4,1,2,descriptor_local_svd,100.0,0.12154790562203421,29,96
4,1,2,degree_preserving_null,0.1,0.2170263056957219,29,96
4,1,2,degree_preserving_null,1.0,0.2149771584456581,29,96
4,1,2,degree_preserving_null,10.0,0.21362953479226499,29,96
4,1,2,degree_preserving_null,100.0,0.2509604838306333,29,96
4,1,2,family_median,0.1,0.4964453466415804,29,96
4,1,2,family_median,1.0,0.4963472029888246,29,96
4,1,2,family_median,10.0,0.4956281353688451,29,96
4,1,2,family_median,100.0,0.5035421468868193,29,96
4,1,2,all_visible_ridge,0.1,0.04630278609632707,29,96
4,1,2,all_visible_ridge,1.0,0.039186009786330404,29,96
4,1,2,all_visible_ridge,10.0,0.03683191171933609,29,96
4,1,2,all_visible_ridge,100.0,0.04982464772871299,29,96
4,1,2,pca_matched_dimension,0.1,0.044890194130091425,29,96
4,1,2,pca_matched_dimension,1.0,0.04489151684612049,29,96
4,1,2,pca_matched_dimension,10.0,0.04506606604387561,29,96
4,1,2,pca_matched_dimension,100.0,0.05961008891892174,29,96
4,1,2,descriptor_mean,0.1,0.07091727414431247,29,96
4,1,2,descriptor_mean,1.0,0.07623574674918787,29,96
4,1,2,descriptor_mean,10.0,0.09000005712314041,29,96
4,1,2,descriptor_mean,100.0,0.12354497399051433,29,96
4,1,2,null_mean,0.1,0.06509126943043622,29,96
4,1,2,null_mean,1.0,0.06962538464733665,29,96
4,1,2,null_mean,10.0,0.09226623065917362,29,96
4,1,2,null_mean,100.0,0.16948477251492014,29,96
4,1,2,null_local_svd,0.1,0.09214851536324882,29,96
4,1,2,null_local_svd,1.0,0.10119989766831998,29,96
4,1,2,null_local_svd,10.0,0.1395577445372177,29,96
4,1,2,null_local_svd,100.0,0.229776673608172,29,96
4,2,0,structural_median,0.1,0.09241548448265269,31,96
4,2,0,structural_median,1.0,0.09077762116556419,31,96
4,2,0,structural_median,10.0,0.09018399749501128,31,96
4,2,0,structural_median,100.0,0.10715957705782835,31,96
4,2,0,descriptor_local_svd,0.1,0.05298987164851677,31,96
4,2,0,descriptor_local_svd,1.0,0.05608121505775968,31,96
4,2,0,descriptor_local_svd,10.0,0.0647455068936938,31,96
4,2,0,descriptor_local_svd,100.0,0.09324051980644359,31,96
4,2,0,degree_preserving_null,0.1,0.17539032149443023,31,96
4,2,0,degree_preserving_null,1.0,0.1715461605257834,31,96
4,2,0,degree_preserving_null,10.0,0.16327836059076764,31,96
4,2,0,degree_preserving_null,100.0,0.18712798372583095,31,96
4,2,0,family_median,0.1,0.4320626238421866,31,96
4,2,0,family_median,1.0,0.4320384674999063,31,96
4,2,0,family_median,10.0,0.4321056688135587,31,96
4,2,0,family_median,100.0,0.44696552583705307,31,96
4,2,0,all_visible_ridge,0.1,0.034323119536001354,31,96
4,2,0,all_visible_ridge,1.0,0.028046678890478117,31,96
4,2,0,all_visible_ridge,10.0,0.025448011702244134,31,96
4,2,0,all_visible_ridge,100.0,0.03481239547760913,31,96
4,2,0,pca_matched_dimension,0.1,0.032192882093348085,31,96
4,2,0,pca_matched_dimension,1.0,0.03217563120968895,31,96
4,2,0,pca_matched_dimension,10.0,0.03214108570255046,31,96
4,2,0,pca_matched_dimension,100.0,0.042762470888939565,31,96
4,2,0,descriptor_mean,0.1,0.05163042752952023,31,96
4,2,0,descriptor_mean,1.0,0.05557042427827983,31,96
4,2,0,descriptor_mean,10.0,0.06522276813581891,31,96
4,2,0,descriptor_mean,100.0,0.09388502908309848,31,96
4,2,0,null_mean,0.1,0.04814790715338229,31,96
4,2,0,null_mean,1.0,0.05093435957108231,31,96
4,2,0,null_mean,10.0,0.06818296382144375,31,96
4,2,0,null_mean,100.0,0.13021781345680375,31,96
4,2,0,null_local_svd,0.1,0.06635669221445052,31,96
4,2,0,null_local_svd,1.0,0.07192742423020651,31,96
4,2,0,null_local_svd,10.0,0.10009143321662553,31,96
4,2,0,null_local_svd,100.0,0.16800765422504665,31,96
4,2,1,structural_median,0.1,0.09219541519076818,30,96
4,2,1,structural_median,1.0,0.09060575855085293,30,96
4,2,1,structural_median,10.0,0.08958675552213961,30,96
4,2,1,structural_median,100.0,0.10907607699602745,30,96
4,2,1,descriptor_local_svd,0.1,0.052594355101327886,30,96
4,2,1,descriptor_local_svd,1.0,0.05580836819589881,30,96
4,2,1,descriptor_local_svd,10.0,0.06582196764788094,30,96
4,2,1,descriptor_local_svd,100.0,0.09633553380177014,30,96
4,2,1,degree_preserving_null,0.1,0.16778198984154127,30,96
4,2,1,degree_preserving_null,1.0,0.16605883756729783,30,96
4,2,1,degree_preserving_null,10.0,0.16544104313515628,30,96
4,2,1,degree_preserving_null,100.0,0.19739712542374602,30,96
4,2,1,family_median,0.1,0.454140323413532,30,96
4,2,1,family_median,1.0,0.45405445552703855,30,96
4,2,1,family_median,10.0,0.45346476901958116,30,96
4,2,1,family_median,100.0,0.46192787794472934,30,96
4,2,1,all_visible_ridge,0.1,0.03425776490619385,30,96
4,2,1,all_visible_ridge,1.0,0.028543686745882983,30,96
4,2,1,all_visible_ridge,10.0,0.026521227574630424,30,96
4,2,1,all_visible_ridge,100.0,0.03518432260967596,30,96
4,2,1,pca_matched_dimension,0.1,0.033044097244196435,30,96
4,2,1,pca_matched_dimension,1.0,0.03304192871797,30,96
4,2,1,pca_matched_dimension,10.0,0.033185456007160836,30,96
4,2,1,pca_matched_dimension,100.0,0.04773554096594793,30,96
4,2,1,descriptor_mean,0.1,0.05330606770121836,30,96
4,2,1,descriptor_mean,1.0,0.057427675064828196,30,96
4,2,1,descriptor_mean,10.0,0.06762645737233389,30,96
4,2,1,descriptor_mean,100.0,0.09770353246948077,30,96
4,2,1,null_mean,0.1,0.05022431328250539,30,96
4,2,1,null_mean,1.0,0.05210631041852976,30,96
4,2,1,null_mean,10.0,0.06845595858615018,30,96
4,2,1,null_mean,100.0,0.13278508903641423,30,96
4,2,1,null_local_svd,0.1,0.07238771148767342,30,96
4,2,1,null_local_svd,1.0,0.07859824280624682,30,96
4,2,1,null_local_svd,10.0,0.10699560909749493,30,96
4,2,1,null_local_svd,100.0,0.1821375687260058,30,96
4,2,2,structural_median,0.1,0.10701591472249922,27,96
4,2,2,structural_median,1.0,0.10547256868081367,27,96
4,2,2,structural_median,10.0,0.10509061583711775,27,96
4,2,2,structural_median,100.0,0.12201323703773152,27,96
4,2,2,descriptor_local_svd,0.1,0.06690571340241737,27,96
4,2,2,descriptor_local_svd,1.0,0.07161759853621696,27,96
4,2,2,descriptor_local_svd,10.0,0.08115318345713769,27,96
4,2,2,descriptor_local_svd,100.0,0.10898344902201922,27,96
4,2,2,degree_preserving_null,0.1,0.1987688886524823,27,96
4,2,2,degree_preserving_null,1.0,0.19649575089489027,27,96
4,2,2,degree_preserving_null,10.0,0.19443158348655484,27,96
4,2,2,degree_preserving_null,100.0,0.23265324660397368,27,96
4,2,2,family_median,0.1,0.40466649069042193,27,96
4,2,2,family_median,1.0,0.40453316450589943,27,96
4,2,2,family_median,10.0,0.4034877007904529,27,96
4,2,2,family_median,100.0,0.40903721461185266,27,96
4,2,2,all_visible_ridge,0.1,0.04080782252116728,27,96
4,2,2,all_visible_ridge,1.0,0.0339308401454175,27,96
4,2,2,all_visible_ridge,10.0,0.031380382261563006,27,96
4,2,2,all_visible_ridge,100.0,0.04294281363482212,27,96
4,2,2,pca_matched_dimension,0.1,0.0388694534603561,27,96
4,2,2,pca_matched_dimension,1.0,0.03886888628645524,27,96
4,2,2,pca_matched_dimension,10.0,0.03899356135677266,27,96
4,2,2,pca_matched_dimension,100.0,0.05058609740434471,27,96
4,2,2,descriptor_mean,0.1,0.06458261470875365,27,96
4,2,2,descriptor_mean,1.0,0.06961315864066954,27,96
4,2,2,descriptor_mean,10.0,0.08107709929790999,27,96
4,2,2,descriptor_mean,100.0,0.11017414815078563,27,96
4,2,2,null_mean,0.1,0.058466117027815886,27,96
4,2,2,null_mean,1.0,0.06122998145092196,27,96
4,2,2,null_mean,10.0,0.08194708688383885,27,96
4,2,2,null_mean,100.0,0.15238426853508324,27,96
4,2,2,null_local_svd,0.1,0.08333261077933923,27,96
4,2,2,null_local_svd,1.0,0.08991062372057945,27,96
4,2,2,null_local_svd,10.0,0.11938294439430697,27,96
4,2,2,null_local_svd,100.0,0.20563528360878788,27,96
4,3,0,structural_median,0.1,0.10239046496789514,30,96
4,3,0,structural_median,1.0,0.10070051425454575,30,96
4,3,0,structural_median,10.0,0.10002517807510065,30,96
4,3,0,structural_median,100.0,0.12126133388630514,30,96
4,3,0,descriptor_local_svd,0.1,0.0606898532683206,30,96
4,3,0,descriptor_local_svd,1.0,0.06487104434886203,30,96
4,3,0,descriptor_local_svd,10.0,0.07526993001259852,30,96
4,3,0,descriptor_local_svd,100.0,0.10981386170061644,30,96
4,3,0,degree_preserving_null,0.1,0.20354677503090954,30,96
4,3,0,degree_preserving_null,1.0,0.19994612116734664,30,96
4,3,0,degree_preserving_null,10.0,0.19450428630643116,30,96
4,3,0,degree_preserving_null,100.0,0.23119394735423604,30,96
4,3,0,family_median,0.1,0.4384511837521156,30,96
4,3,0,family_median,1.0,0.4384066689765743,30,96
4,3,0,family_median,10.0,0.43822195968667904,30,96
4,3,0,family_median,100.0,0.4497246200456863,30,96
4,3,0,all_visible_ridge,0.1,0.0424240426470257,30,96
4,3,0,all_visible_ridge,1.0,0.03524069208088853,30,96
4,3,0,all_visible_ridge,10.0,0.03200068342819622,30,96
4,3,0,all_visible_ridge,100.0,0.04288966357893031,30,96
4,3,0,pca_matched_dimension,0.1,0.039217005237627264,30,96
4,3,0,pca_matched_dimension,1.0,0.039195685683117466,30,96
4,3,0,pca_matched_dimension,10.0,0.0391397145662266,30,96
4,3,0,pca_matched_dimension,100.0,0.05108315811760854,30,96
4,3,0,descriptor_mean,0.1,0.061366167387751434,30,96
4,3,0,descriptor_mean,1.0,0.06544239585533565,30,96
4,3,0,descriptor_mean,10.0,0.07639432616046744,30,96
4,3,0,descriptor_mean,100.0,0.11063336470396333,30,96
4,3,0,null_mean,0.1,0.056433810113697865,30,96
4,3,0,null_mean,1.0,0.05964481383925567,30,96
4,3,0,null_mean,10.0,0.07978720061644769,30,96
4,3,0,null_mean,100.0,0.15532061378294065,30,96
4,3,0,null_local_svd,0.1,0.07708741599848008,30,96
4,3,0,null_local_svd,1.0,0.08542293531612498,30,96
4,3,0,null_local_svd,10.0,0.12492806618638659,30,96
4,3,0,null_local_svd,100.0,0.21063763399885663,30,96
4,3,1,structural_median,0.1,0.07964375378906423,31,96
4,3,1,structural_median,1.0,0.07775303559319377,31,96
4,3,1,structural_median,10.0,0.07664420202129092,31,96
4,3,1,structural_median,100.0,0.09322884506179503,31,96
4,3,1,descriptor_local_svd,0.1,0.04503602490372594,31,96
4,3,1,descriptor_local_svd,1.0,0.047956584780682585,31,96
4,3,1,descriptor_local_svd,10.0,0.05505339252600871,31,96
4,3,1,descriptor_local_svd,100.0,0.08051327436502384,31,96
4,3,1,degree_preserving_null,0.1,0.14884603332610966,31,96
4,3,1,degree_preserving_null,1.0,0.1465511084186586,31,96
4,3,1,degree_preserving_null,10.0,0.14340161447340785,31,96
4,3,1,degree_preserving_null,100.0,0.16792513792360003,31,96
4,3,1,family_median,0.1,0.39683661835893885,31,96
4,3,1,family_median,1.0,0.39672998919210406,31,96
4,3,1,family_median,10.0,0.3959876200589656,31,96
4,3,1,family_median,100.0,0.405057777788315,31,96
4,3,1,all_visible_ridge,0.1,0.029137083673502474,31,96
4,3,1,all_visible_ridge,1.0,0.023941537642712278,31,96
4,3,1,all_visible_ridge,10.0,0.021673281352430882,31,96
4,3,1,all_visible_ridge,100.0,0.02911533919023845,31,96
4,3,1,pca_matched_dimension,0.1,0.026813156734588166,31,96
4,3,1,pca_matched_dimension,1.0,0.026805485086626748,31,96
4,3,1,pca_matched_dimension,10.0,0.026862055735228357,31,96
4,3,1,pca_matched_dimension,100.0,0.03801237664669585,31,96
4,3,1,descriptor_mean,0.1,0.044098240540445664,31,96
4,3,1,descriptor_mean,1.0,0.04787376340207664,31,96
4,3,1,descriptor_mean,10.0,0.05534360337209266,31,96
4,3,1,descriptor_mean,100.0,0.08038542783953319,31,96
4,3,1,null_mean,0.1,0.04097616865498672,31,96
4,3,1,null_mean,1.0,0.0431336003584539,31,96
4,3,1,null_mean,10.0,0.05880975937165413,31,96
4,3,1,null_mean,100.0,0.11439242068753874,31,96
4,3,1,null_local_svd,0.1,0.061391566939282036,31,96
4,3,1,null_local_svd,1.0,0.0645307377528916,31,96
4,3,1,null_local_svd,10.0,0.08692893344730176,31,96
4,3,1,null_local_svd,100.0,0.15116698974237638,31,96
4,3,2,structural_median,0.1,0.08877033974359477,27,96
4,3,2,structural_median,1.0,0.08669620426386503,27,96
4,3,2,structural_median,10.0,0.08495387471967975,27,96
4,3,2,structural_median,100.0,0.09877981883049192,27,96
4,3,2,descriptor_local_svd,0.1,0.05065934456689388,27,96
4,3,2,descriptor_local_svd,1.0,0.054544947559480854,27,96
4,3,2,descriptor_local_svd,10.0,0.06333207463119041,27,96
4,3,2,descriptor_local_svd,100.0,0.08703286481633839,27,96
4,3,2,degree_preserving_null,0.1,0.17389910768078,27,96
4,3,2,degree_preserving_null,1.0,0.1719646560184002,27,96
4,3,2,degree_preserving_null,10.0,0.16845980423168336,27,96
4,3,2,degree_preserving_null,100.0,0.19474926974130355,27,96
4,3,2,family_median,0.1,0.40259695776064425,27,96
4,3,2,family_median,1.0,0.4025009652906967,27,96
4,3,2,family_median,10.0,0.40189271410718513,27,96
4,3,2,family_median,100.0,0.41382211062136914,27,96
4,3,2,all_visible_ridge,0.1,0.03354759419479528,27,96
4,3,2,all_visible_ridge,1.0,0.02823924876927683,27,96
4,3,2,all_visible_ridge,10.0,0.02609253655688184,27,96
4,3,2,all_visible_ridge,100.0,0.03397003390790982,27,96
4,3,2,pca_matched_dimension,0.1,0.032921153445470946,27,96
4,3,2,pca_matched_dimension,1.0,0.03291756026304141,27,96
4,3,2,pca_matched_dimension,10.0,0.033039866760347474,27,96
4,3,2,pca_matched_dimension,100.0,0.04682588713129355,27,96
4,3,2,descriptor_mean,0.1,0.05141887456739987,27,96
4,3,2,descriptor_mean,1.0,0.05468254105175654,27,96
4,3,2,descriptor_mean,10.0,0.06370646549336333,27,96
4,3,2,descriptor_mean,100.0,0.08787665229845995,27,96
4,3,2,null_mean,0.1,0.04794482590926744,27,96
4,3,2,null_mean,1.0,0.05050730603719207,27,96
4,3,2,null_mean,10.0,0.06691434328429066,27,96
4,3,2,null_mean,100.0,0.12742592786021953,27,96
4,3,2,null_local_svd,0.1,0.06676525122143928,27,96
4,3,2,null_local_svd,1.0,0.07317006064415688,27,96
4,3,2,null_local_svd,10.0,0.10093188612328563,27,96
4,3,2,null_local_svd,100.0,0.16816493559118845,27,96
4,4,0,structural_median,0.1,0.10763894238284029,28,96
4,4,0,structural_median,1.0,0.10525482136772461,28,96
4,4,0,structural_median,10.0,0.10277950757242808,28,96
4,4,0,structural_median,100.0,0.12121879714092412,28,96
4,4,0,descriptor_local_svd,0.1,0.05696431268123774,28,96
4,4,0,descriptor_local_svd,1.0,0.0608081527656771,28,96
4,4,0,descriptor_local_svd,10.0,0.07268644885964737,28,96
4,4,0,descriptor_local_svd,100.0,0.107056078024134,28,96
4,4,0,degree_preserving_null,0.1,0.20257287897431872,28,96
4,4,0,degree_preserving_null,1.0,0.1993455546264215,28,96
4,4,0,degree_preserving_null,10.0,0.19476340991475777,28,96
4,4,0,degree_preserving_null,100.0,0.22959253439062927,28,96
4,4,0,family_median,0.1,0.4860793171027047,28,96
4,4,0,family_median,1.0,0.4859669264822345,28,96
4,4,0,family_median,10.0,0.48512213727085934,28,96
4,4,0,family_median,100.0,0.49298934725097737,28,96
4,4,0,all_visible_ridge,0.1,0.03892734415170622,28,96
4,4,0,all_visible_ridge,1.0,0.03263432821890823,28,96
4,4,0,all_visible_ridge,10.0,0.030041534901474175,28,96
4,4,0,all_visible_ridge,100.0,0.03970849043209036,28,96
4,4,0,pca_matched_dimension,0.1,0.03723887140222505,28,96
4,4,0,pca_matched_dimension,1.0,0.037236213174885104,28,96
4,4,0,pca_matched_dimension,10.0,0.037376885598808404,28,96
4,4,0,pca_matched_dimension,100.0,0.05206107012327354,28,96
4,4,0,descriptor_mean,0.1,0.0555629076957719,28,96
4,4,0,descriptor_mean,1.0,0.05976087357452583,28,96
4,4,0,descriptor_mean,10.0,0.07168284517012798,28,96
4,4,0,descriptor_mean,100.0,0.10568413905559815,28,96
4,4,0,null_mean,0.1,0.05402553085352481,28,96
4,4,0,null_mean,1.0,0.05657723128455238,28,96
4,4,0,null_mean,10.0,0.07838871225178536,28,96
4,4,0,null_mean,100.0,0.15394925894261485,28,96
4,4,0,null_local_svd,0.1,0.08261808115607909,28,96
4,4,0,null_local_svd,1.0,0.09074636591926312,28,96
4,4,0,null_local_svd,10.0,0.12418776959472828,28,96
4,4,0,null_local_svd,100.0,0.20831052640634543,28,96
4,4,1,structural_median,0.1,0.0913898693062058,32,96
4,4,1,structural_median,1.0,0.08930135255656757,32,96
4,4,1,structural_median,10.0,0.0880803381296304,32,96
4,4,1,structural_median,100.0,0.10462364276417757,32,96
4,4,1,descriptor_local_svd,0.1,0.04898409123098607,32,96
4,4,1,descriptor_local_svd,1.0,0.052261036624388524,32,96
4,4,1,descriptor_local_svd,10.0,0.06164286053432925,32,96
4,4,1,descriptor_local_svd,100.0,0.0906768399222497,32,96
4,4,1,degree_preserving_null,0.1,0.16827032669200054,32,96
4,4,1,degree_preserving_null,1.0,0.1642571919480085,32,96
4,4,1,degree_preserving_null,10.0,0.15621982131228687,32,96
4,4,1,degree_preserving_null,100.0,0.1844084142591741,32,96
4,4,1,family_median,0.1,0.4370438165003444,32,96
4,4,1,family_median,1.0,0.43691297532194795,32,96
4,4,1,family_median,10.0,0.4360390469448241,32,96
4,4,1,family_median,100.0,0.4477820186396438,32,96
4,4,1,all_visible_ridge,0.1,0.03196247016985637,32,96
4,4,1,all_visible_ridge,1.0,0.026425645262883272,32,96
4,4,1,all_visible_ridge,10.0,0.023647951211723337,32,96
4,4,1,all_visible_ridge,100.0,0.031889232203480916,32,96
4,4,1,pca_matched_dimension,0.1,0.02881163754986912,32,96
4,4,1,pca_matched_dimension,1.0,0.028813060922590984,32,96
4,4,1,pca_matched_dimension,10.0,0.028955757565464084,32,96
4,4,1,pca_matched_dimension,100.0,0.040576671070468966,32,96
4,4,1,descriptor_mean,0.1,0.05019733011552852,32,96
4,4,1,descriptor_mean,1.0,0.053648355655370863,32,96
4,4,1,descriptor_mean,10.0,0.06265952131419439,32,96
4,4,1,descriptor_mean,100.0,0.0915073779808038,32,96
4,4,1,null_mean,0.1,0.04477931894206168,32,96
4,4,1,null_mean,1.0,0.0477907366135462,32,96
4,4,1,null_mean,10.0,0.06454947446543721,32,96
4,4,1,null_mean,100.0,0.1283975054704028,32,96
4,4,1,null_local_svd,0.1,0.06869406457941918,32,96
4,4,1,null_local_svd,1.0,0.0746659498224384,32,96
4,4,1,null_local_svd,10.0,0.09803310588455894,32,96
4,4,1,null_local_svd,100.0,0.16498649487114928,32,96
4,4,2,structural_median,0.1,0.10112914209914849,30,96
4,4,2,structural_median,1.0,0.09976559780267363,30,96
4,4,2,structural_median,10.0,0.09948134305269751,30,96
4,4,2,structural_median,100.0,0.11617043374336482,30,96
4,4,2,descriptor_local_svd,0.1,0.06187449417381454,30,96
4,4,2,descriptor_local_svd,1.0,0.0657422403520579,30,96
4,4,2,descriptor_local_svd,10.0,0.07552229236446174,30,96
4,4,2,descriptor_local_svd,100.0,0.10437192310125536,30,96
4,4,2,degree_preserving_null,0.1,0.19763579996713712,30,96
4,4,2,degree_preserving_null,1.0,0.19592437773603097,30,96
4,4,2,degree_preserving_null,10.0,0.19495778329536761,30,96
4,4,2,degree_preserving_null,100.0,0.22589445305803443,30,96
4,4,2,family_median,0.1,0.3947469632200308,30,96
4,4,2,family_median,1.0,0.3945936896352872,30,96
4,4,2,family_median,10.0,0.39340657575325977,30,96
4,4,2,family_median,100.0,0.3999555780394646,30,96
4,4,2,all_visible_ridge,0.1,0.04077755868120991,30,96
4,4,2,all_visible_ridge,1.0,0.03417414421586032,30,96
4,4,2,all_visible_ridge,10.0,0.031416090929203375,30,96
4,4,2,all_visible_ridge,100.0,0.04213620491331851,30,96
4,4,2,pca_matched_dimension,0.1,0.03808762259381253,30,96
4,4,2,pca_matched_dimension,1.0,0.03806699044547567,30,96
4,4,2,pca_matched_dimension,10.0,0.038027283261995094,30,96
4,4,2,pca_matched_dimension,100.0,0.05088128784600933,30,96
4,4,2,descriptor_mean,0.1,0.06257067892634773,30,96
4,4,2,descriptor_mean,1.0,0.06686860198786676,30,96
4,4,2,descriptor_mean,10.0,0.07825828836759789,30,96
4,4,2,descriptor_mean,100.0,0.10806410205065144,30,96
4,4,2,null_mean,0.1,0.05738376151159559,30,96
4,4,2,null_mean,1.0,0.05979527906742816,30,96
4,4,2,null_mean,10.0,0.07954343787553819,30,96
4,4,2,null_mean,100.0,0.14795950005158184,30,96
4,4,2,null_local_svd,0.1,0.08089076071127538,30,96
4,4,2,null_local_svd,1.0,0.087089350380754,30,96
4,4,2,null_local_svd,10.0,0.11690131481316249,30,96
4,4,2,null_local_svd,100.0,0.1934176520527538,30,96
