target,model,lineage,repeat,fold,observations,squared_error_sum,truth_energy_sum,split_digest
AMP,direct_neighbor_ridge,autonomic_ganglia,0,0,16,14.34872796573164,19.331152678946303,db1ab3680dcfc2deb10e2511ec28b70b27966d5a436d724be48267bcbf200acf
AMP,direct_neighbor_ridge,haematopoietic_and_lymphoid_tissue,0,0,163,517.8636748255028,1041.764073605136,db1ab3680dcfc2deb10e2511ec28b70b27966d5a436d724be48267bcbf200acf
AMP,direct_neighbor_ridge,bone,0,1,19,8.833781714818901,20.281931600828614,32d2e2f547f707a9f12d899e65a934275c9f49020e10d214973126d05910ec9c
AMP,direct_neighbor_ridge,ovary,0,1,45,11.252196359557628,18.448573034606326,32d2e2f547f707a9f12d899e65a934275c9f49020e10d214973126d05910ec9c
AMP,direct_neighbor_ridge,skin,0,1,52,15.42075420720627,24.06701036058401,32d2e2f547f707a9f12d899e65a934275c9f49020e10d214973126d05910ec9c
AMP,direct_neighbor_ridge,upper_aerodigestive_tract,0,1,30,5.78377198372993,12.712771150868411,32d2e2f547f707a9f12d899e65a934275c9f49020e10d214973126d05910ec9c
AMP,direct_neighbor_ridge,urinary_tract,0,1,25,10.17523948398385,14.184833053366342,32d2e2f547f707a9f12d899e65a934275c9f49020e10d214973126d05910ec9c
AMP,direct_neighbor_ridge,large_intestine,0,2,55,28.078492007604645,53.301313545851336,659dce4f66bf4ee0228513d024a4e287e9f1aa3957152332b1483ab0af67cb42
AMP,direct_neighbor_ridge,oesophagus,0,2,25,7.192892396247621,4.250132417094257,659dce4f66bf4ee0228513d024a4e287e9f1aa3957152332b1483ab0af67cb42
AMP,direct_neighbor_ridge,pancreas,0,2,41,11.539794535163049,14.45773777795576,659dce4f66bf4ee0228513d024a4e287e9f1aa3957152332b1483ab0af67cb42
AMP,direct_neighbor_ridge,soft_tissue,0,2,18,8.807515723008537,13.169745223124597,659dce4f66bf4ee0228513d024a4e287e9f1aa3957152332b1483ab0af67cb42
AMP,direct_neighbor_ridge,stomach,0,2,37,13.844591916398752,21.498759575242826,659dce4f66bf4ee0228513d024a4e287e9f1aa3957152332b1483ab0af67cb42
AMP,direct_neighbor_ridge,breast,0,3,49,13.713665464265024,19.25748016311952,9492e163b6ef19b0563b1ce8302b8e8794e2e4c9c8031c62ff9774a3f63f6f58
AMP,direct_neighbor_ridge,central_nervous_system,0,3,49,11.064618675047546,26.476421875720458,9492e163b6ef19b0563b1ce8302b8e8794e2e4c9c8031c62ff9774a3f63f6f58
AMP,direct_neighbor_ridge,endometrium,0,3,28,7.447803331834529,16.640441145865417,9492e163b6ef19b0563b1ce8302b8e8794e2e4c9c8031c62ff9774a3f63f6f58
AMP,direct_neighbor_ridge,kidney,0,3,23,5.935456091157462,12.549564486823249,9492e163b6ef19b0563b1ce8302b8e8794e2e4c9c8031c62ff9774a3f63f6f58
AMP,direct_neighbor_ridge,liver,0,3,25,9.083383656269392,13.046140402502216,9492e163b6ef19b0563b1ce8302b8e8794e2e4c9c8031c62ff9774a3f63f6f58
AMP,direct_neighbor_ridge,lung,0,4,176,67.03121048073676,110.50587665542707,cf9883e99ee1b956d01c2cb42a4d284b982ce23065d3616a5e1cced359e41fb5
AMP,direct_neighbor_ridge,bone,1,0,19,8.833781714818901,20.281931600828614,32d2e2f547f707a9f12d899e65a934275c9f49020e10d214973126d05910ec9c
AMP,direct_neighbor_ridge,ovary,1,0,45,11.252196359557628,18.448573034606326,32d2e2f547f707a9f12d899e65a934275c9f49020e10d214973126d05910ec9c
AMP,direct_neighbor_ridge,skin,1,0,52,15.42075420720627,24.06701036058401,32d2e2f547f707a9f12d899e65a934275c9f49020e10d214973126d05910ec9c
AMP,direct_neighbor_ridge,upper_aerodigestive_tract,1,0,30,5.78377198372993,12.712771150868411,32d2e2f547f707a9f12d899e65a934275c9f49020e10d214973126d05910ec9c
AMP,direct_neighbor_ridge,urinary_tract,1,0,25,10.17523948398385,14.184833053366342,32d2e2f547f707a9f12d899e65a934275c9f49020e10d214973126d05910ec9c
AMP,direct_neighbor_ridge,lung,1,1,176,67.03121048073676,110.50587665542707,cf9883e99ee1b956d01c2cb42a4d284b982ce23065d3616a5e1cced359e41fb5
AMP,direct_neighbor_ridge,autonomic_ganglia,1,2,16,14.34872796573164,19.331152678946303,db1ab3680dcfc2deb10e2511ec28b70b27966d5a436d724be48267bcbf200acf
AMP,direct_neighbor_ridge,haematopoietic_and_lymphoid_tissue,1,2,163,517.8636748255028,1041.764073605136,db1ab3680dcfc2deb10e2511ec28b70b27966d5a436d724be48267bcbf200acf
AMP,direct_neighbor_ridge,large_intestine,1,3,55,28.078492007604645,53.301313545851336,659dce4f66bf4ee0228513d024a4e287e9f1aa3957152332b1483ab0af67cb42
AMP,direct_neighbor_ridge,oesophagus,1,3,25,7.192892396247621,4.250132417094257,659dce4f66bf4ee0228513d024a4e287e9f1aa3957152332b1483ab0af67cb42
AMP,direct_neighbor_ridge,pancreas,1,3,41,11.539794535163049,14.45773777795576,659dce4f66bf4ee0228513d024a4e287e9f1aa3957152332b1483ab0af67cb42
AMP,direct_neighbor_ridge,soft_tissue,1,3,18,8.807515723008537,13.169745223124597,659dce4f66bf4ee0228513d024a4e287e9f1aa3957152332b1483ab0af67cb42
AMP,direct_neighbor_ridge,stomach,1,3,37,13.844591916398752,21.498759575242826,659dce4f66bf4ee0228513d024a4e287e9f1aa3957152332b1483ab0af67cb42
AMP,direct_neighbor_ridge,breast,1,4,49,13.713665464265024,19.25748016311952,9492e163b6ef19b0563b1ce8302b8e8794e2e4c9c8031c62ff9774a3f63f6f58
AMP,direct_neighbor_ridge,central_nervous_system,1,4,49,11.064618675047546,26.476421875720458,9492e163b6ef19b0563b1ce8302b8e8794e2e4c9c8031c62ff9774a3f63f6f58
AMP,direct_neighbor_ridge,endometrium,1,4,28,7.447803331834529,16.640441145865417,9492e163b6ef19b0563b1ce8302b8e8794e2e4c9c8031c62ff9774a3f63f6f58
AMP,direct_neighbor_ridge,kidney,1,4,23,5.935456091157462,12.549564486823249,9492e163b6ef19b0563b1ce8302b8e8794e2e4c9c8031c62ff9774a3f63f6f58
AMP,direct_neighbor_ridge,liver,1,4,25,9.083383656269392,13.046140402502216,9492e163b6ef19b0563b1ce8302b8e8794e2e4c9c8031c62ff9774a3f63f6f58
CMP,direct_neighbor_ridge,autonomic_ganglia,0,0,16,7.860370678578801,10.619296314966352,db1ab3680dcfc2deb10e2511ec28b70b27966d5a436d724be48267bcbf200acf
CMP,direct_neighbor_ridge,haematopoietic_and_lymphoid_tissue,0,0,163,695.698146421731,919.7932594882664,db1ab3680dcfc2deb10e2511ec28b70b27966d5a436d724be48267bcbf200acf
CMP,direct_neighbor_ridge,bone,0,1,19,13.339159333331253,18.357026855775455,32d2e2f547f707a9f12d899e65a934275c9f49020e10d214973126d05910ec9c
CMP,direct_neighbor_ridge,ovary,0,1,45,14.119567206371839,19.907173192122308,32d2e2f547f707a9f12d899e65a934275c9f49020e10d214973126d05910ec9c
CMP,direct_neighbor_ridge,skin,0,1,52,20.82148915109508,23.644252920302684,32d2e2f547f707a9f12d899e65a934275c9f49020e10d214973126d05910ec9c
CMP,direct_neighbor_ridge,upper_aerodigestive_tract,0,1,30,11.191401844801002,15.173946751340207,32d2e2f547f707a9f12d899e65a934275c9f49020e10d214973126d05910ec9c
CMP,direct_neighbor_ridge,urinary_tract,0,1,25,10.220509250987295,9.244190442269007,32d2e2f547f707a9f12d899e65a934275c9f49020e10d214973126d05910ec9c
CMP,direct_neighbor_ridge,large_intestine,0,2,55,39.61131005145912,58.88378286647672,659dce4f66bf4ee0228513d024a4e287e9f1aa3957152332b1483ab0af67cb42
CMP,direct_neighbor_ridge,oesophagus,0,2,25,8.483556958307881,8.675521724548119,659dce4f66bf4ee0228513d024a4e287e9f1aa3957152332b1483ab0af67cb42
CMP,direct_neighbor_ridge,pancreas,0,2,41,19.613980872304396,18.514246013022614,659dce4f66bf4ee0228513d024a4e287e9f1aa3957152332b1483ab0af67cb42
CMP,direct_neighbor_ridge,soft_tissue,0,2,18,14.69063437016113,18.35326635934088,659dce4f66bf4ee0228513d024a4e287e9f1aa3957152332b1483ab0af67cb42
CMP,direct_neighbor_ridge,stomach,0,2,37,26.251928493769416,24.762099080308257,659dce4f66bf4ee0228513d024a4e287e9f1aa3957152332b1483ab0af67cb42
CMP,direct_neighbor_ridge,breast,0,3,49,14.678482217252105,15.430211423113436,9492e163b6ef19b0563b1ce8302b8e8794e2e4c9c8031c62ff9774a3f63f6f58
CMP,direct_neighbor_ridge,central_nervous_system,0,3,49,31.501898119045745,36.63025810310564,9492e163b6ef19b0563b1ce8302b8e8794e2e4c9c8031c62ff9774a3f63f6f58
CMP,direct_neighbor_ridge,endometrium,0,3,28,13.05744023332594,21.98040782704436,9492e163b6ef19b0563b1ce8302b8e8794e2e4c9c8031c62ff9774a3f63f6f58
CMP,direct_neighbor_ridge,kidney,0,3,23,15.791858668389802,16.92167848905961,9492e163b6ef19b0563b1ce8302b8e8794e2e4c9c8031c62ff9774a3f63f6f58
CMP,direct_neighbor_ridge,liver,0,3,25,16.916008885656783,15.280094486865654,9492e163b6ef19b0563b1ce8302b8e8794e2e4c9c8031c62ff9774a3f63f6f58
CMP,direct_neighbor_ridge,lung,0,4,176,98.97566239524537,102.16918696879448,cf9883e99ee1b956d01c2cb42a4d284b982ce23065d3616a5e1cced359e41fb5
CMP,direct_neighbor_ridge,bone,1,0,19,13.339159333331253,18.357026855775455,32d2e2f547f707a9f12d899e65a934275c9f49020e10d214973126d05910ec9c
CMP,direct_neighbor_ridge,ovary,1,0,45,14.119567206371839,19.907173192122308,32d2e2f547f707a9f12d899e65a934275c9f49020e10d214973126d05910ec9c
CMP,direct_neighbor_ridge,skin,1,0,52,20.82148915109508,23.644252920302684,32d2e2f547f707a9f12d899e65a934275c9f49020e10d214973126d05910ec9c
CMP,direct_neighbor_ridge,upper_aerodigestive_tract,1,0,30,11.191401844801002,15.173946751340207,32d2e2f547f707a9f12d899e65a934275c9f49020e10d214973126d05910ec9c
CMP,direct_neighbor_ridge,urinary_tract,1,0,25,10.220509250987295,9.244190442269007,32d2e2f547f707a9f12d899e65a934275c9f49020e10d214973126d05910ec9c
CMP,direct_neighbor_ridge,lung,1,1,176,95.68331739900754,102.16918696879448,cf9883e99ee1b956d01c2cb42a4d284b982ce23065d3616a5e1cced359e41fb5
CMP,direct_neighbor_ridge,autonomic_ganglia,1,2,16,7.842206505957812,10.619296314966352,db1ab3680dcfc2deb10e2511ec28b70b27966d5a436d724be48267bcbf200acf
CMP,direct_neighbor_ridge,haematopoietic_and_lymphoid_tissue,1,2,163,697.2620966396264,919.7932594882664,db1ab3680dcfc2deb10e2511ec28b70b27966d5a436d724be48267bcbf200acf
CMP,direct_neighbor_ridge,large_intestine,1,3,55,39.6581094419316,58.88378286647672,659dce4f66bf4ee0228513d024a4e287e9f1aa3957152332b1483ab0af67cb42
CMP,direct_neighbor_ridge,oesophagus,1,3,25,8.523761489929699,8.675521724548119,659dce4f66bf4ee0228513d024a4e287e9f1aa3957152332b1483ab0af67cb42
CMP,direct_neighbor_ridge,pancreas,1,3,41,19.769079155455625,18.514246013022614,659dce4f66bf4ee0228513d024a4e287e9f1aa3957152332b1483ab0af67cb42
CMP,direct_neighbor_ridge,soft_tissue,1,3,18,14.699431506529665,18.35326635934088,659dce4f66bf4ee0228513d024a4e287e9f1aa3957152332b1483ab0af67cb42
CMP,direct_neighbor_ridge,stomach,1,3,37,26.405445250353505,24.762099080308257,659dce4f66bf4ee0228513d024a4e287e9f1aa3957152332b1483ab0af67cb42
CMP,direct_neighbor_ridge,breast,1,4,49,14.678482217252105,15.430211423113436,9492e163b6ef19b0563b1ce8302b8e8794e2e4c9c8031c62ff9774a3f63f6f58
CMP,direct_neighbor_ridge,central_nervous_system,1,4,49,31.501898119045745,36.63025810310564,9492e163b6ef19b0563b1ce8302b8e8794e2e4c9c8031c62ff9774a3f63f6f58
CMP,direct_neighbor_ridge,endometrium,1,4,28,13.05744023332594,21.98040782704436,9492e163b6ef19b0563b1ce8302b8e8794e2e4c9c8031c62ff9774a3f63f6f58
CMP,direct_neighbor_ridge,kidney,1,4,23,15.791858668389802,16.92167848905961,9492e163b6ef19b0563b1ce8302b8e8794e2e4c9c8031c62ff9774a3f63f6f58
CMP,direct_neighbor_ridge,liver,1,4,25,16.916008885656783,15.280094486865654,9492e163b6ef19b0563b1ce8302b8e8794e2e4c9c8031c62ff9774a3f63f6f58
GMP,direct_neighbor_ridge,autonomic_ganglia,0,0,16,9.267749979787004,8.546399602781992,db1ab3680dcfc2deb10e2511ec28b70b27966d5a436d724be48267bcbf200acf
GMP,direct_neighbor_ridge,haematopoietic_and_lymphoid_tissue,0,0,163,365.67184240541417,608.4430702056142,db1ab3680dcfc2deb10e2511ec28b70b27966d5a436d724be48267bcbf200acf
GMP,direct_neighbor_ridge,bone,0,1,19,20.59897040705421,27.98915936526329,32d2e2f547f707a9f12d899e65a934275c9f49020e10d214973126d05910ec9c
GMP,direct_neighbor_ridge,ovary,0,1,45,13.746484059267154,23.080029883269088,32d2e2f547f707a9f12d899e65a934275c9f49020e10d214973126d05910ec9c
GMP,direct_neighbor_ridge,skin,0,1,52,26.776122397846287,42.41642868516463,32d2e2f547f707a9f12d899e65a934275c9f49020e10d214973126d05910ec9c
GMP,direct_neighbor_ridge,upper_aerodigestive_tract,0,1,30,9.842531494639937,10.731740695834306,32d2e2f547f707a9f12d899e65a934275c9f49020e10d214973126d05910ec9c
GMP,direct_neighbor_ridge,urinary_tract,0,1,25,12.277860401287718,14.28296123447715,32d2e2f547f707a9f12d899e65a934275c9f49020e10d214973126d05910ec9c
GMP,direct_neighbor_ridge,large_intestine,0,2,55,33.45892490441626,60.65901260059876,659dce4f66bf4ee0228513d024a4e287e9f1aa3957152332b1483ab0af67cb42
GMP,direct_neighbor_ridge,oesophagus,0,2,25,12.02237313953654,12.564477534049422,659dce4f66bf4ee0228513d024a4e287e9f1aa3957152332b1483ab0af67cb42
GMP,direct_neighbor_ridge,pancreas,0,2,41,14.707354488184789,27.80253675123588,659dce4f66bf4ee0228513d024a4e287e9f1aa3957152332b1483ab0af67cb42
GMP,direct_neighbor_ridge,soft_tissue,0,2,18,9.26827351283277,16.902606918307857,659dce4f66bf4ee0228513d024a4e287e9f1aa3957152332b1483ab0af67cb42
GMP,direct_neighbor_ridge,stomach,0,2,37,15.848122691104674,25.70922650906243,659dce4f66bf4ee0228513d024a4e287e9f1aa3957152332b1483ab0af67cb42
GMP,direct_neighbor_ridge,breast,0,3,49,27.333939488684518,24.03988855260463,9492e163b6ef19b0563b1ce8302b8e8794e2e4c9c8031c62ff9774a3f63f6f58
GMP,direct_neighbor_ridge,central_nervous_system,0,3,49,23.165840986034308,28.604174620901247,9492e163b6ef19b0563b1ce8302b8e8794e2e4c9c8031c62ff9774a3f63f6f58
GMP,direct_neighbor_ridge,endometrium,0,3,28,14.020305551154358,21.636443486500337,9492e163b6ef19b0563b1ce8302b8e8794e2e4c9c8031c62ff9774a3f63f6f58
GMP,direct_neighbor_ridge,kidney,0,3,23,9.811037648169078,10.68616134013791,9492e163b6ef19b0563b1ce8302b8e8794e2e4c9c8031c62ff9774a3f63f6f58
GMP,direct_neighbor_ridge,liver,0,3,25,10.244999261807413,21.696243488866838,9492e163b6ef19b0563b1ce8302b8e8794e2e4c9c8031c62ff9774a3f63f6f58
GMP,direct_neighbor_ridge,lung,0,4,176,92.95751714056544,120.36057784937742,cf9883e99ee1b956d01c2cb42a4d284b982ce23065d3616a5e1cced359e41fb5
GMP,direct_neighbor_ridge,bone,1,0,19,20.59897040705421,27.98915936526329,32d2e2f547f707a9f12d899e65a934275c9f49020e10d214973126d05910ec9c
GMP,direct_neighbor_ridge,ovary,1,0,45,13.746484059267154,23.080029883269088,32d2e2f547f707a9f12d899e65a934275c9f49020e10d214973126d05910ec9c
GMP,direct_neighbor_ridge,skin,1,0,52,26.776122397846287,42.41642868516463,32d2e2f547f707a9f12d899e65a934275c9f49020e10d214973126d05910ec9c
GMP,direct_neighbor_ridge,upper_aerodigestive_tract,1,0,30,9.842531494639937,10.731740695834306,32d2e2f547f707a9f12d899e65a934275c9f49020e10d214973126d05910ec9c
GMP,direct_neighbor_ridge,urinary_tract,1,0,25,12.277860401287718,14.28296123447715,32d2e2f547f707a9f12d899e65a934275c9f49020e10d214973126d05910ec9c
GMP,direct_neighbor_ridge,lung,1,1,176,93.00885464568184,120.36057784937742,cf9883e99ee1b956d01c2cb42a4d284b982ce23065d3616a5e1cced359e41fb5
GMP,direct_neighbor_ridge,autonomic_ganglia,1,2,16,9.267749979787004,8.546399602781992,db1ab3680dcfc2deb10e2511ec28b70b27966d5a436d724be48267bcbf200acf
GMP,direct_neighbor_ridge,haematopoietic_and_lymphoid_tissue,1,2,163,365.67184240541417,608.4430702056142,db1ab3680dcfc2deb10e2511ec28b70b27966d5a436d724be48267bcbf200acf
GMP,direct_neighbor_ridge,large_intestine,1,3,55,33.45892490441626,60.65901260059876,659dce4f66bf4ee0228513d024a4e287e9f1aa3957152332b1483ab0af67cb42
GMP,direct_neighbor_ridge,oesophagus,1,3,25,12.02237313953654,12.564477534049422,659dce4f66bf4ee0228513d024a4e287e9f1aa3957152332b1483ab0af67cb42
GMP,direct_neighbor_ridge,pancreas,1,3,41,14.707354488184789,27.80253675123588,659dce4f66bf4ee0228513d024a4e287e9f1aa3957152332b1483ab0af67cb42
GMP,direct_neighbor_ridge,soft_tissue,1,3,18,9.26827351283277,16.902606918307857,659dce4f66bf4ee0228513d024a4e287e9f1aa3957152332b1483ab0af67cb42
GMP,direct_neighbor_ridge,stomach,1,3,37,15.848122691104674,25.70922650906243,659dce4f66bf4ee0228513d024a4e287e9f1aa3957152332b1483ab0af67cb42
GMP,direct_neighbor_ridge,breast,1,4,49,27.333939488684518,24.03988855260463,9492e163b6ef19b0563b1ce8302b8e8794e2e4c9c8031c62ff9774a3f63f6f58
GMP,direct_neighbor_ridge,central_nervous_system,1,4,49,23.165840986034308,28.604174620901247,9492e163b6ef19b0563b1ce8302b8e8794e2e4c9c8031c62ff9774a3f63f6f58
GMP,direct_neighbor_ridge,endometrium,1,4,28,14.020305551154358,21.636443486500337,9492e163b6ef19b0563b1ce8302b8e8794e2e4c9c8031c62ff9774a3f63f6f58
GMP,direct_neighbor_ridge,kidney,1,4,23,9.811037648169078,10.68616134013791,9492e163b6ef19b0563b1ce8302b8e8794e2e4c9c8031c62ff9774a3f63f6f58
GMP,direct_neighbor_ridge,liver,1,4,25,10.244999261807413,21.696243488866838,9492e163b6ef19b0563b1ce8302b8e8794e2e4c9c8031c62ff9774a3f63f6f58
NAD,direct_neighbor_ridge,autonomic_ganglia,0,0,16,22.924099124736777,31.555142781536404,db1ab3680dcfc2deb10e2511ec28b70b27966d5a436d724be48267bcbf200acf
NAD,direct_neighbor_ridge,haematopoietic_and_lymphoid_tissue,0,0,163,261.8440182761449,353.72785671425265,db1ab3680dcfc2deb10e2511ec28b70b27966d5a436d724be48267bcbf200acf
NAD,direct_neighbor_ridge,bone,0,1,19,8.312746768294566,17.564020561368245,32d2e2f547f707a9f12d899e65a934275c9f49020e10d214973126d05910ec9c
NAD,direct_neighbor_ridge,ovary,0,1,45,15.05493808807705,21.71329688898827,32d2e2f547f707a9f12d899e65a934275c9f49020e10d214973126d05910ec9c
NAD,direct_neighbor_ridge,skin,0,1,52,20.343716672781294,27.66582813388921,32d2e2f547f707a9f12d899e65a934275c9f49020e10d214973126d05910ec9c
NAD,direct_neighbor_ridge,upper_aerodigestive_tract,0,1,30,8.500475184468096,10.483626321289343,32d2e2f547f707a9f12d899e65a934275c9f49020e10d214973126d05910ec9c
NAD,direct_neighbor_ridge,urinary_tract,0,1,25,13.674424497003326,24.22621702809371,32d2e2f547f707a9f12d899e65a934275c9f49020e10d214973126d05910ec9c
NAD,direct_neighbor_ridge,large_intestine,0,2,55,13.316607805728449,30.92729189625639,659dce4f66bf4ee0228513d024a4e287e9f1aa3957152332b1483ab0af67cb42
NAD,direct_neighbor_ridge,oesophagus,0,2,25,15.643813905740624,15.35140560521061,659dce4f66bf4ee0228513d024a4e287e9f1aa3957152332b1483ab0af67cb42
NAD,direct_neighbor_ridge,pancreas,0,2,41,21.734311361000465,33.7514510333678,659dce4f66bf4ee0228513d024a4e287e9f1aa3957152332b1483ab0af67cb42
NAD,direct_neighbor_ridge,soft_tissue,0,2,18,7.065172186458566,13.50738959139883,659dce4f66bf4ee0228513d024a4e287e9f1aa3957152332b1483ab0af67cb42
NAD,direct_neighbor_ridge,stomach,0,2,37,17.792154574303098,27.16864738671441,659dce4f66bf4ee0228513d024a4e287e9f1aa3957152332b1483ab0af67cb42
NAD,direct_neighbor_ridge,breast,0,3,49,47.46909615470234,59.64238591870666,9492e163b6ef19b0563b1ce8302b8e8794e2e4c9c8031c62ff9774a3f63f6f58
NAD,direct_neighbor_ridge,central_nervous_system,0,3,49,64.29424251990012,83.57354916071024,9492e163b6ef19b0563b1ce8302b8e8794e2e4c9c8031c62ff9774a3f63f6f58
NAD,direct_neighbor_ridge,endometrium,0,3,28,5.224252178603388,14.659195438831441,9492e163b6ef19b0563b1ce8302b8e8794e2e4c9c8031c62ff9774a3f63f6f58
NAD,direct_neighbor_ridge,kidney,0,3,23,11.361323764027023,10.057679618942638,9492e163b6ef19b0563b1ce8302b8e8794e2e4c9c8031c62ff9774a3f63f6f58
NAD,direct_neighbor_ridge,liver,0,3,25,12.805000446427835,15.479886027225865,9492e163b6ef19b0563b1ce8302b8e8794e2e4c9c8031c62ff9774a3f63f6f58
NAD,direct_neighbor_ridge,lung,0,4,176,101.25628123062216,147.72012824694912,cf9883e99ee1b956d01c2cb42a4d284b982ce23065d3616a5e1cced359e41fb5
NAD,direct_neighbor_ridge,bone,1,0,19,8.312746768294566,17.564020561368245,32d2e2f547f707a9f12d899e65a934275c9f49020e10d214973126d05910ec9c
NAD,direct_neighbor_ridge,ovary,1,0,45,15.05493808807705,21.71329688898827,32d2e2f547f707a9f12d899e65a934275c9f49020e10d214973126d05910ec9c
NAD,direct_neighbor_ridge,skin,1,0,52,20.343716672781294,27.66582813388921,32d2e2f547f707a9f12d899e65a934275c9f49020e10d214973126d05910ec9c
NAD,direct_neighbor_ridge,upper_aerodigestive_tract,1,0,30,8.500475184468096,10.483626321289343,32d2e2f547f707a9f12d899e65a934275c9f49020e10d214973126d05910ec9c
NAD,direct_neighbor_ridge,urinary_tract,1,0,25,13.674424497003326,24.22621702809371,32d2e2f547f707a9f12d899e65a934275c9f49020e10d214973126d05910ec9c
NAD,direct_neighbor_ridge,lung,1,1,176,101.25628123062216,147.72012824694912,cf9883e99ee1b956d01c2cb42a4d284b982ce23065d3616a5e1cced359e41fb5
NAD,direct_neighbor_ridge,autonomic_ganglia,1,2,16,22.16364285225776,31.555142781536404,db1ab3680dcfc2deb10e2511ec28b70b27966d5a436d724be48267bcbf200acf
NAD,direct_neighbor_ridge,haematopoietic_and_lymphoid_tissue,1,2,163,258.36012791357047,353.72785671425265,db1ab3680dcfc2deb10e2511ec28b70b27966d5a436d724be48267bcbf200acf
NAD,direct_neighbor_ridge,large_intestine,1,3,55,13.990871150583725,30.92729189625639,659dce4f66bf4ee0228513d024a4e287e9f1aa3957152332b1483ab0af67cb42
NAD,direct_neighbor_ridge,oesophagus,1,3,25,15.89439403485878,15.35140560521061,659dce4f66bf4ee0228513d024a4e287e9f1aa3957152332b1483ab0af67cb42
NAD,direct_neighbor_ridge,pancreas,1,3,41,21.61164401548789,33.7514510333678,659dce4f66bf4ee0228513d024a4e287e9f1aa3957152332b1483ab0af67cb42
NAD,direct_neighbor_ridge,soft_tissue,1,3,18,7.438618472463462,13.50738959139883,659dce4f66bf4ee0228513d024a4e287e9f1aa3957152332b1483ab0af67cb42
NAD,direct_neighbor_ridge,stomach,1,3,37,17.777995166626347,27.16864738671441,659dce4f66bf4ee0228513d024a4e287e9f1aa3957152332b1483ab0af67cb42
NAD,direct_neighbor_ridge,breast,1,4,49,47.46909615470234,59.64238591870666,9492e163b6ef19b0563b1ce8302b8e8794e2e4c9c8031c62ff9774a3f63f6f58
NAD,direct_neighbor_ridge,central_nervous_system,1,4,49,64.29424251990012,83.57354916071024,9492e163b6ef19b0563b1ce8302b8e8794e2e4c9c8031c62ff9774a3f63f6f58
NAD,direct_neighbor_ridge,endometrium,1,4,28,5.224252178603388,14.659195438831441,9492e163b6ef19b0563b1ce8302b8e8794e2e4c9c8031c62ff9774a3f63f6f58
NAD,direct_neighbor_ridge,kidney,1,4,23,11.361323764027023,10.057679618942638,9492e163b6ef19b0563b1ce8302b8e8794e2e4c9c8031c62ff9774a3f63f6f58
NAD,direct_neighbor_ridge,liver,1,4,25,12.805000446427835,15.479886027225865,9492e163b6ef19b0563b1ce8302b8e8794e2e4c9c8031c62ff9774a3f63f6f58
NADP,direct_neighbor_ridge,autonomic_ganglia,0,0,16,10.267102216770768,17.38946954342278,db1ab3680dcfc2deb10e2511ec28b70b27966d5a436d724be48267bcbf200acf
NADP,direct_neighbor_ridge,haematopoietic_and_lymphoid_tissue,0,0,163,145.25688493244533,176.72611095471686,db1ab3680dcfc2deb10e2511ec28b70b27966d5a436d724be48267bcbf200acf
NADP,direct_neighbor_ridge,bone,0,1,19,12.355816144200096,9.742086649828272,32d2e2f547f707a9f12d899e65a934275c9f49020e10d214973126d05910ec9c
NADP,direct_neighbor_ridge,ovary,0,1,45,26.611833216690314,28.88288927700806,32d2e2f547f707a9f12d899e65a934275c9f49020e10d214973126d05910ec9c
NADP,direct_neighbor_ridge,skin,0,1,52,43.56939209300415,45.59974699074407,32d2e2f547f707a9f12d899e65a934275c9f49020e10d214973126d05910ec9c
NADP,direct_neighbor_ridge,upper_aerodigestive_tract,0,1,30,12.505576121134453,15.114419604544697,32d2e2f547f707a9f12d899e65a934275c9f49020e10d214973126d05910ec9c
NADP,direct_neighbor_ridge,urinary_tract,0,1,25,13.177008683012545,20.055932791621395,32d2e2f547f707a9f12d899e65a934275c9f49020e10d214973126d05910ec9c
NADP,direct_neighbor_ridge,large_intestine,0,2,55,32.54566237007073,36.29407755705577,659dce4f66bf4ee0228513d024a4e287e9f1aa3957152332b1483ab0af67cb42
NADP,direct_neighbor_ridge,oesophagus,0,2,25,24.4158904926564,50.02230602605085,659dce4f66bf4ee0228513d024a4e287e9f1aa3957152332b1483ab0af67cb42
NADP,direct_neighbor_ridge,pancreas,0,2,41,26.271063722518278,34.90952197643074,659dce4f66bf4ee0228513d024a4e287e9f1aa3957152332b1483ab0af67cb42
NADP,direct_neighbor_ridge,soft_tissue,0,2,18,12.466208619288945,17.158488087488717,659dce4f66bf4ee0228513d024a4e287e9f1aa3957152332b1483ab0af67cb42
NADP,direct_neighbor_ridge,stomach,0,2,37,26.798482062530013,36.40971821081671,659dce4f66bf4ee0228513d024a4e287e9f1aa3957152332b1483ab0af67cb42
NADP,direct_neighbor_ridge,breast,0,3,49,50.22161846387957,58.99950319084255,9492e163b6ef19b0563b1ce8302b8e8794e2e4c9c8031c62ff9774a3f63f6f58
NADP,direct_neighbor_ridge,central_nervous_system,0,3,49,39.41752064319917,56.604244003653506,9492e163b6ef19b0563b1ce8302b8e8794e2e4c9c8031c62ff9774a3f63f6f58
NADP,direct_neighbor_ridge,endometrium,0,3,28,24.21679344541178,19.672502845922086,9492e163b6ef19b0563b1ce8302b8e8794e2e4c9c8031c62ff9774a3f63f6f58
NADP,direct_neighbor_ridge,kidney,0,3,23,20.02389592955875,27.167352298470774,9492e163b6ef19b0563b1ce8302b8e8794e2e4c9c8031c62ff9774a3f63f6f58
NADP,direct_neighbor_ridge,liver,0,3,25,14.614299327829897,20.917782303577926,9492e163b6ef19b0563b1ce8302b8e8794e2e4c9c8031c62ff9774a3f63f6f58
NADP,direct_neighbor_ridge,lung,0,4,176,203.56569400256404,259.7484734062067,cf9883e99ee1b956d01c2cb42a4d284b982ce23065d3616a5e1cced359e41fb5
NADP,direct_neighbor_ridge,bone,1,0,19,12.355816144200096,9.742086649828272,32d2e2f547f707a9f12d899e65a934275c9f49020e10d214973126d05910ec9c
NADP,direct_neighbor_ridge,ovary,1,0,45,26.611833216690314,28.88288927700806,32d2e2f547f707a9f12d899e65a934275c9f49020e10d214973126d05910ec9c
NADP,direct_neighbor_ridge,skin,1,0,52,43.56939209300415,45.59974699074407,32d2e2f547f707a9f12d899e65a934275c9f49020e10d214973126d05910ec9c
NADP,direct_neighbor_ridge,upper_aerodigestive_tract,1,0,30,12.505576121134453,15.114419604544697,32d2e2f547f707a9f12d899e65a934275c9f49020e10d214973126d05910ec9c
NADP,direct_neighbor_ridge,urinary_tract,1,0,25,13.177008683012545,20.055932791621395,32d2e2f547f707a9f12d899e65a934275c9f49020e10d214973126d05910ec9c
NADP,direct_neighbor_ridge,lung,1,1,176,203.56569400256404,259.7484734062067,cf9883e99ee1b956d01c2cb42a4d284b982ce23065d3616a5e1cced359e41fb5
NADP,direct_neighbor_ridge,autonomic_ganglia,1,2,16,10.267102216770768,17.38946954342278,db1ab3680dcfc2deb10e2511ec28b70b27966d5a436d724be48267bcbf200acf
NADP,direct_neighbor_ridge,haematopoietic_and_lymphoid_tissue,1,2,163,145.25688493244533,176.72611095471686,db1ab3680dcfc2deb10e2511ec28b70b27966d5a436d724be48267bcbf200acf
NADP,direct_neighbor_ridge,large_intestine,1,3,55,32.54566237007073,36.29407755705577,659dce4f66bf4ee0228513d024a4e287e9f1aa3957152332b1483ab0af67cb42
NADP,direct_neighbor_ridge,oesophagus,1,3,25,24.4158904926564,50.02230602605085,659dce4f66bf4ee0228513d024a4e287e9f1aa3957152332b1483ab0af67cb42
NADP,direct_neighbor_ridge,pancreas,1,3,41,26.271063722518278,34.90952197643074,659dce4f66bf4ee0228513d024a4e287e9f1aa3957152332b1483ab0af67cb42
NADP,direct_neighbor_ridge,soft_tissue,1,3,18,12.466208619288945,17.158488087488717,659dce4f66bf4ee0228513d024a4e287e9f1aa3957152332b1483ab0af67cb42
NADP,direct_neighbor_ridge,stomach,1,3,37,26.798482062530013,36.40971821081671,659dce4f66bf4ee0228513d024a4e287e9f1aa3957152332b1483ab0af67cb42
NADP,direct_neighbor_ridge,breast,1,4,49,50.22161846387957,58.99950319084255,9492e163b6ef19b0563b1ce8302b8e8794e2e4c9c8031c62ff9774a3f63f6f58
NADP,direct_neighbor_ridge,central_nervous_system,1,4,49,39.41752064319917,56.604244003653506,9492e163b6ef19b0563b1ce8302b8e8794e2e4c9c8031c62ff9774a3f63f6f58
NADP,direct_neighbor_ridge,endometrium,1,4,28,24.21679344541178,19.672502845922086,9492e163b6ef19b0563b1ce8302b8e8794e2e4c9c8031c62ff9774a3f63f6f58
NADP,direct_neighbor_ridge,kidney,1,4,23,20.02389592955875,27.167352298470774,9492e163b6ef19b0563b1ce8302b8e8794e2e4c9c8031c62ff9774a3f63f6f58
NADP,direct_neighbor_ridge,liver,1,4,25,14.614299327829897,20.917782303577926,9492e163b6ef19b0563b1ce8302b8e8794e2e4c9c8031c62ff9774a3f63f6f58
UMP,direct_neighbor_ridge,autonomic_ganglia,0,0,16,7.591861299766285,9.880494189320569,db1ab3680dcfc2deb10e2511ec28b70b27966d5a436d724be48267bcbf200acf
UMP,direct_neighbor_ridge,haematopoietic_and_lymphoid_tissue,0,0,163,580.5558551335927,975.3198836053457,db1ab3680dcfc2deb10e2511ec28b70b27966d5a436d724be48267bcbf200acf
UMP,direct_neighbor_ridge,bone,0,1,19,8.06478956669725,20.080995115721084,32d2e2f547f707a9f12d899e65a934275c9f49020e10d214973126d05910ec9c
UMP,direct_neighbor_ridge,ovary,0,1,45,20.73592393157798,20.765659165883925,32d2e2f547f707a9f12d899e65a934275c9f49020e10d214973126d05910ec9c
UMP,direct_neighbor_ridge,skin,0,1,52,13.01893119777024,26.94219743819132,32d2e2f547f707a9f12d899e65a934275c9f49020e10d214973126d05910ec9c
UMP,direct_neighbor_ridge,upper_aerodigestive_tract,0,1,30,11.285267814269831,15.882613030253962,32d2e2f547f707a9f12d899e65a934275c9f49020e10d214973126d05910ec9c
UMP,direct_neighbor_ridge,urinary_tract,0,1,25,10.777893916869122,13.294757222645966,32d2e2f547f707a9f12d899e65a934275c9f49020e10d214973126d05910ec9c
UMP,direct_neighbor_ridge,large_intestine,0,2,55,38.50400240999645,62.04282805011322,659dce4f66bf4ee0228513d024a4e287e9f1aa3957152332b1483ab0af67cb42
UMP,direct_neighbor_ridge,oesophagus,0,2,25,5.825937452360192,7.832806740940974,659dce4f66bf4ee0228513d024a4e287e9f1aa3957152332b1483ab0af67cb42
UMP,direct_neighbor_ridge,pancreas,0,2,41,12.946512080315912,18.113212499708695,659dce4f66bf4ee0228513d024a4e287e9f1aa3957152332b1483ab0af67cb42
UMP,direct_neighbor_ridge,soft_tissue,0,2,18,8.424581606396455,12.50383764383666,659dce4f66bf4ee0228513d024a4e287e9f1aa3957152332b1483ab0af67cb42
UMP,direct_neighbor_ridge,stomach,0,2,37,16.52109590357055,30.27308993781469,659dce4f66bf4ee0228513d024a4e287e9f1aa3957152332b1483ab0af67cb42
UMP,direct_neighbor_ridge,breast,0,3,49,16.838202502845007,14.591953499147234,9492e163b6ef19b0563b1ce8302b8e8794e2e4c9c8031c62ff9774a3f63f6f58
UMP,direct_neighbor_ridge,central_nervous_system,0,3,49,16.65112007450777,31.379037270505176,9492e163b6ef19b0563b1ce8302b8e8794e2e4c9c8031c62ff9774a3f63f6f58
UMP,direct_neighbor_ridge,endometrium,0,3,28,10.720736037695364,16.383443343494932,9492e163b6ef19b0563b1ce8302b8e8794e2e4c9c8031c62ff9774a3f63f6f58
UMP,direct_neighbor_ridge,kidney,0,3,23,9.56328860054352,12.558034671103556,9492e163b6ef19b0563b1ce8302b8e8794e2e4c9c8031c62ff9774a3f63f6f58
UMP,direct_neighbor_ridge,liver,0,3,25,8.129504732607208,12.204568514911688,9492e163b6ef19b0563b1ce8302b8e8794e2e4c9c8031c62ff9774a3f63f6f58
UMP,direct_neighbor_ridge,lung,0,4,176,72.47374694238245,102.98624906322237,cf9883e99ee1b956d01c2cb42a4d284b982ce23065d3616a5e1cced359e41fb5
UMP,direct_neighbor_ridge,bone,1,0,19,8.06478956669725,20.080995115721084,32d2e2f547f707a9f12d899e65a934275c9f49020e10d214973126d05910ec9c
UMP,direct_neighbor_ridge,ovary,1,0,45,20.73592393157798,20.765659165883925,32d2e2f547f707a9f12d899e65a934275c9f49020e10d214973126d05910ec9c
UMP,direct_neighbor_ridge,skin,1,0,52,13.01893119777024,26.94219743819132,32d2e2f547f707a9f12d899e65a934275c9f49020e10d214973126d05910ec9c
UMP,direct_neighbor_ridge,upper_aerodigestive_tract,1,0,30,11.285267814269831,15.882613030253962,32d2e2f547f707a9f12d899e65a934275c9f49020e10d214973126d05910ec9c
UMP,direct_neighbor_ridge,urinary_tract,1,0,25,10.777893916869122,13.294757222645966,32d2e2f547f707a9f12d899e65a934275c9f49020e10d214973126d05910ec9c
UMP,direct_neighbor_ridge,lung,1,1,176,72.47374694238245,102.98624906322237,cf9883e99ee1b956d01c2cb42a4d284b982ce23065d3616a5e1cced359e41fb5
UMP,direct_neighbor_ridge,autonomic_ganglia,1,2,16,7.591861299766285,9.880494189320569,db1ab3680dcfc2deb10e2511ec28b70b27966d5a436d724be48267bcbf200acf
UMP,direct_neighbor_ridge,haematopoietic_and_lymphoid_tissue,1,2,163,580.5558551335927,975.3198836053457,db1ab3680dcfc2deb10e2511ec28b70b27966d5a436d724be48267bcbf200acf
UMP,direct_neighbor_ridge,large_intestine,1,3,55,38.50400240999645,62.04282805011322,659dce4f66bf4ee0228513d024a4e287e9f1aa3957152332b1483ab0af67cb42
UMP,direct_neighbor_ridge,oesophagus,1,3,25,5.825937452360192,7.832806740940974,659dce4f66bf4ee0228513d024a4e287e9f1aa3957152332b1483ab0af67cb42
UMP,direct_neighbor_ridge,pancreas,1,3,41,12.946512080315912,18.113212499708695,659dce4f66bf4ee0228513d024a4e287e9f1aa3957152332b1483ab0af67cb42
UMP,direct_neighbor_ridge,soft_tissue,1,3,18,8.424581606396455,12.50383764383666,659dce4f66bf4ee0228513d024a4e287e9f1aa3957152332b1483ab0af67cb42
UMP,direct_neighbor_ridge,stomach,1,3,37,16.52109590357055,30.27308993781469,659dce4f66bf4ee0228513d024a4e287e9f1aa3957152332b1483ab0af67cb42
UMP,direct_neighbor_ridge,breast,1,4,49,17.071984474452442,14.591953499147234,9492e163b6ef19b0563b1ce8302b8e8794e2e4c9c8031c62ff9774a3f63f6f58
UMP,direct_neighbor_ridge,central_nervous_system,1,4,49,16.57284324823147,31.379037270505176,9492e163b6ef19b0563b1ce8302b8e8794e2e4c9c8031c62ff9774a3f63f6f58
UMP,direct_neighbor_ridge,endometrium,1,4,28,10.767459190622631,16.383443343494932,9492e163b6ef19b0563b1ce8302b8e8794e2e4c9c8031c62ff9774a3f63f6f58
UMP,direct_neighbor_ridge,kidney,1,4,23,9.53771230193423,12.558034671103556,9492e163b6ef19b0563b1ce8302b8e8794e2e4c9c8031c62ff9774a3f63f6f58
UMP,direct_neighbor_ridge,liver,1,4,25,8.193819087648967,12.204568514911688,9492e163b6ef19b0563b1ce8302b8e8794e2e4c9c8031c62ff9774a3f63f6f58
acetylcholine,direct_neighbor_ridge,autonomic_ganglia,0,0,16,9.764490724651385,9.536693780124253,db1ab3680dcfc2deb10e2511ec28b70b27966d5a436d724be48267bcbf200acf
acetylcholine,direct_neighbor_ridge,haematopoietic_and_lymphoid_tissue,0,0,163,165.735092864879,165.9483162017271,db1ab3680dcfc2deb10e2511ec28b70b27966d5a436d724be48267bcbf200acf
acetylcholine,direct_neighbor_ridge,bone,0,1,19,13.451770460434817,13.44972703782594,32d2e2f547f707a9f12d899e65a934275c9f49020e10d214973126d05910ec9c
acetylcholine,direct_neighbor_ridge,ovary,0,1,45,35.608410496651295,35.72681791044352,32d2e2f547f707a9f12d899e65a934275c9f49020e10d214973126d05910ec9c
acetylcholine,direct_neighbor_ridge,skin,0,1,52,70.24386940168722,70.41870128474085,32d2e2f547f707a9f12d899e65a934275c9f49020e10d214973126d05910ec9c
acetylcholine,direct_neighbor_ridge,upper_aerodigestive_tract,0,1,30,26.22796069696418,25.953648310298796,32d2e2f547f707a9f12d899e65a934275c9f49020e10d214973126d05910ec9c
acetylcholine,direct_neighbor_ridge,urinary_tract,0,1,25,26.1704032977626,26.263440613445898,32d2e2f547f707a9f12d899e65a934275c9f49020e10d214973126d05910ec9c
acetylcholine,direct_neighbor_ridge,large_intestine,0,2,55,42.6891054445812,42.66471377670273,659dce4f66bf4ee0228513d024a4e287e9f1aa3957152332b1483ab0af67cb42
acetylcholine,direct_neighbor_ridge,oesophagus,0,2,25,27.466754923856243,27.448923484842826,659dce4f66bf4ee0228513d024a4e287e9f1aa3957152332b1483ab0af67cb42
acetylcholine,direct_neighbor_ridge,pancreas,0,2,41,52.129916750794244,52.13899026580204,659dce4f66bf4ee0228513d024a4e287e9f1aa3957152332b1483ab0af67cb42
acetylcholine,direct_neighbor_ridge,soft_tissue,0,2,18,19.076333132272083,19.067213064164946,659dce4f66bf4ee0228513d024a4e287e9f1aa3957152332b1483ab0af67cb42
acetylcholine,direct_neighbor_ridge,stomach,0,2,37,19.981156434808526,19.968740423173298,659dce4f66bf4ee0228513d024a4e287e9f1aa3957152332b1483ab0af67cb42
acetylcholine,direct_neighbor_ridge,breast,0,3,49,61.43048664112206,61.05419980650625,9492e163b6ef19b0563b1ce8302b8e8794e2e4c9c8031c62ff9774a3f63f6f58
acetylcholine,direct_neighbor_ridge,central_nervous_system,0,3,49,58.752246280347755,58.820976576125155,9492e163b6ef19b0563b1ce8302b8e8794e2e4c9c8031c62ff9774a3f63f6f58
acetylcholine,direct_neighbor_ridge,endometrium,0,3,28,17.821123828821868,17.841223134514753,9492e163b6ef19b0563b1ce8302b8e8794e2e4c9c8031c62ff9774a3f63f6f58
acetylcholine,direct_neighbor_ridge,kidney,0,3,23,18.40142576464037,18.34749517138214,9492e163b6ef19b0563b1ce8302b8e8794e2e4c9c8031c62ff9774a3f63f6f58
acetylcholine,direct_neighbor_ridge,liver,0,3,25,22.502637289046874,22.534396624289847,9492e163b6ef19b0563b1ce8302b8e8794e2e4c9c8031c62ff9774a3f63f6f58
acetylcholine,direct_neighbor_ridge,lung,0,4,176,214.5526266698398,214.77608481823958,cf9883e99ee1b956d01c2cb42a4d284b982ce23065d3616a5e1cced359e41fb5
acetylcholine,direct_neighbor_ridge,bone,1,0,19,13.451770460434817,13.44972703782594,32d2e2f547f707a9f12d899e65a934275c9f49020e10d214973126d05910ec9c
acetylcholine,direct_neighbor_ridge,ovary,1,0,45,35.608410496651295,35.72681791044352,32d2e2f547f707a9f12d899e65a934275c9f49020e10d214973126d05910ec9c
acetylcholine,direct_neighbor_ridge,skin,1,0,52,70.24386940168722,70.41870128474085,32d2e2f547f707a9f12d899e65a934275c9f49020e10d214973126d05910ec9c
acetylcholine,direct_neighbor_ridge,upper_aerodigestive_tract,1,0,30,26.22796069696418,25.953648310298796,32d2e2f547f707a9f12d899e65a934275c9f49020e10d214973126d05910ec9c
acetylcholine,direct_neighbor_ridge,urinary_tract,1,0,25,26.1704032977626,26.263440613445898,32d2e2f547f707a9f12d899e65a934275c9f49020e10d214973126d05910ec9c
acetylcholine,direct_neighbor_ridge,lung,1,1,176,214.5526266698398,214.77608481823958,cf9883e99ee1b956d01c2cb42a4d284b982ce23065d3616a5e1cced359e41fb5
acetylcholine,direct_neighbor_ridge,autonomic_ganglia,1,2,16,9.799271490125719,9.536693780124253,db1ab3680dcfc2deb10e2511ec28b70b27966d5a436d724be48267bcbf200acf
acetylcholine,direct_neighbor_ridge,haematopoietic_and_lymphoid_tissue,1,2,163,165.72357504271775,165.9483162017271,db1ab3680dcfc2deb10e2511ec28b70b27966d5a436d724be48267bcbf200acf
acetylcholine,direct_neighbor_ridge,large_intestine,1,3,55,42.6891054445812,42.66471377670273,659dce4f66bf4ee0228513d024a4e287e9f1aa3957152332b1483ab0af67cb42
acetylcholine,direct_neighbor_ridge,oesophagus,1,3,25,27.466754923856243,27.448923484842826,659dce4f66bf4ee0228513d024a4e287e9f1aa3957152332b1483ab0af67cb42
acetylcholine,direct_neighbor_ridge,pancreas,1,3,41,52.129916750794244,52.13899026580204,659dce4f66bf4ee0228513d024a4e287e9f1aa3957152332b1483ab0af67cb42
acetylcholine,direct_neighbor_ridge,soft_tissue,1,3,18,19.076333132272083,19.067213064164946,659dce4f66bf4ee0228513d024a4e287e9f1aa3957152332b1483ab0af67cb42
acetylcholine,direct_neighbor_ridge,stomach,1,3,37,19.981156434808526,19.968740423173298,659dce4f66bf4ee0228513d024a4e287e9f1aa3957152332b1483ab0af67cb42
acetylcholine,direct_neighbor_ridge,breast,1,4,49,61.43048664112206,61.05419980650625,9492e163b6ef19b0563b1ce8302b8e8794e2e4c9c8031c62ff9774a3f63f6f58
acetylcholine,direct_neighbor_ridge,central_nervous_system,1,4,49,58.752246280347755,58.820976576125155,9492e163b6ef19b0563b1ce8302b8e8794e2e4c9c8031c62ff9774a3f63f6f58
acetylcholine,direct_neighbor_ridge,endometrium,1,4,28,17.821123828821868,17.841223134514753,9492e163b6ef19b0563b1ce8302b8e8794e2e4c9c8031c62ff9774a3f63f6f58
acetylcholine,direct_neighbor_ridge,kidney,1,4,23,18.40142576464037,18.34749517138214,9492e163b6ef19b0563b1ce8302b8e8794e2e4c9c8031c62ff9774a3f63f6f58
acetylcholine,direct_neighbor_ridge,liver,1,4,25,22.502637289046874,22.534396624289847,9492e163b6ef19b0563b1ce8302b8e8794e2e4c9c8031c62ff9774a3f63f6f58
aconitate,direct_neighbor_ridge,autonomic_ganglia,0,0,16,12.40152737797511,10.578069311990472,db1ab3680dcfc2deb10e2511ec28b70b27966d5a436d724be48267bcbf200acf
aconitate,direct_neighbor_ridge,haematopoietic_and_lymphoid_tissue,0,0,163,222.39963252044964,268.29336397325244,db1ab3680dcfc2deb10e2511ec28b70b27966d5a436d724be48267bcbf200acf
aconitate,direct_neighbor_ridge,bone,0,1,19,17.86729737817844,21.51171156850544,32d2e2f547f707a9f12d899e65a934275c9f49020e10d214973126d05910ec9c
aconitate,direct_neighbor_ridge,ovary,0,1,45,28.0673763484555,27.92016656745521,32d2e2f547f707a9f12d899e65a934275c9f49020e10d214973126d05910ec9c
aconitate,direct_neighbor_ridge,skin,0,1,52,42.18337163846506,44.196108630705154,32d2e2f547f707a9f12d899e65a934275c9f49020e10d214973126d05910ec9c
aconitate,direct_neighbor_ridge,upper_aerodigestive_tract,0,1,30,17.25622074079051,21.988080099662724,32d2e2f547f707a9f12d899e65a934275c9f49020e10d214973126d05910ec9c
aconitate,direct_neighbor_ridge,urinary_tract,0,1,25,19.08327079350944,17.64894845549087,32d2e2f547f707a9f12d899e65a934275c9f49020e10d214973126d05910ec9c
aconitate,direct_neighbor_ridge,large_intestine,0,2,55,42.83165085491961,46.71504864296144,659dce4f66bf4ee0228513d024a4e287e9f1aa3957152332b1483ab0af67cb42
aconitate,direct_neighbor_ridge,oesophagus,0,2,25,22.66365992571563,21.766534175865782,659dce4f66bf4ee0228513d024a4e287e9f1aa3957152332b1483ab0af67cb42
aconitate,direct_neighbor_ridge,pancreas,0,2,41,41.00779815860759,45.50221926146792,659dce4f66bf4ee0228513d024a4e287e9f1aa3957152332b1483ab0af67cb42
aconitate,direct_neighbor_ridge,soft_tissue,0,2,18,17.58243256825035,24.97931187917971,659dce4f66bf4ee0228513d024a4e287e9f1aa3957152332b1483ab0af67cb42
aconitate,direct_neighbor_ridge,stomach,0,2,37,39.80958977130305,48.743422607501344,659dce4f66bf4ee0228513d024a4e287e9f1aa3957152332b1483ab0af67cb42
aconitate,direct_neighbor_ridge,breast,0,3,49,45.760473184897165,56.54197766977886,9492e163b6ef19b0563b1ce8302b8e8794e2e4c9c8031c62ff9774a3f63f6f58
aconitate,direct_neighbor_ridge,central_nervous_system,0,3,49,50.82044051744128,57.57112191511692,9492e163b6ef19b0563b1ce8302b8e8794e2e4c9c8031c62ff9774a3f63f6f58
aconitate,direct_neighbor_ridge,endometrium,0,3,28,15.251338662029545,20.731095514163165,9492e163b6ef19b0563b1ce8302b8e8794e2e4c9c8031c62ff9774a3f63f6f58
aconitate,direct_neighbor_ridge,kidney,0,3,23,19.370831800446947,20.652668812063578,9492e163b6ef19b0563b1ce8302b8e8794e2e4c9c8031c62ff9774a3f63f6f58
aconitate,direct_neighbor_ridge,liver,0,3,25,25.585286343418694,34.43500747116181,9492e163b6ef19b0563b1ce8302b8e8794e2e4c9c8031c62ff9774a3f63f6f58
aconitate,direct_neighbor_ridge,lung,0,4,176,128.49790765767676,149.9690955053872,cf9883e99ee1b956d01c2cb42a4d284b982ce23065d3616a5e1cced359e41fb5
aconitate,direct_neighbor_ridge,bone,1,0,19,17.86729737817844,21.51171156850544,32d2e2f547f707a9f12d899e65a934275c9f49020e10d214973126d05910ec9c
aconitate,direct_neighbor_ridge,ovary,1,0,45,28.0673763484555,27.92016656745521,32d2e2f547f707a9f12d899e65a934275c9f49020e10d214973126d05910ec9c
aconitate,direct_neighbor_ridge,skin,1,0,52,42.18337163846506,44.196108630705154,32d2e2f547f707a9f12d899e65a934275c9f49020e10d214973126d05910ec9c
aconitate,direct_neighbor_ridge,upper_aerodigestive_tract,1,0,30,17.25622074079051,21.988080099662724,32d2e2f547f707a9f12d899e65a934275c9f49020e10d214973126d05910ec9c
aconitate,direct_neighbor_ridge,urinary_tract,1,0,25,19.08327079350944,17.64894845549087,32d2e2f547f707a9f12d899e65a934275c9f49020e10d214973126d05910ec9c
aconitate,direct_neighbor_ridge,lung,1,1,176,128.49790765767676,149.9690955053872,cf9883e99ee1b956d01c2cb42a4d284b982ce23065d3616a5e1cced359e41fb5
aconitate,direct_neighbor_ridge,autonomic_ganglia,1,2,16,12.40152737797511,10.578069311990472,db1ab3680dcfc2deb10e2511ec28b70b27966d5a436d724be48267bcbf200acf
aconitate,direct_neighbor_ridge,haematopoietic_and_lymphoid_tissue,1,2,163,222.39963252044964,268.29336397325244,db1ab3680dcfc2deb10e2511ec28b70b27966d5a436d724be48267bcbf200acf
aconitate,direct_neighbor_ridge,large_intestine,1,3,55,42.83165085491961,46.71504864296144,659dce4f66bf4ee0228513d024a4e287e9f1aa3957152332b1483ab0af67cb42
aconitate,direct_neighbor_ridge,oesophagus,1,3,25,22.66365992571563,21.766534175865782,659dce4f66bf4ee0228513d024a4e287e9f1aa3957152332b1483ab0af67cb42
aconitate,direct_neighbor_ridge,pancreas,1,3,41,41.00779815860759,45.50221926146792,659dce4f66bf4ee0228513d024a4e287e9f1aa3957152332b1483ab0af67cb42
aconitate,direct_neighbor_ridge,soft_tissue,1,3,18,17.58243256825035,24.97931187917971,659dce4f66bf4ee0228513d024a4e287e9f1aa3957152332b1483ab0af67cb42
aconitate,direct_neighbor_ridge,stomach,1,3,37,39.80958977130305,48.743422607501344,659dce4f66bf4ee0228513d024a4e287e9f1aa3957152332b1483ab0af67cb42
aconitate,direct_neighbor_ridge,breast,1,4,49,45.760473184897165,56.54197766977886,9492e163b6ef19b0563b1ce8302b8e8794e2e4c9c8031c62ff9774a3f63f6f58
aconitate,direct_neighbor_ridge,central_nervous_system,1,4,49,50.82044051744128,57.57112191511692,9492e163b6ef19b0563b1ce8302b8e8794e2e4c9c8031c62ff9774a3f63f6f58
aconitate,direct_neighbor_ridge,endometrium,1,4,28,15.251338662029545,20.731095514163165,9492e163b6ef19b0563b1ce8302b8e8794e2e4c9c8031c62ff9774a3f63f6f58
aconitate,direct_neighbor_ridge,kidney,1,4,23,19.370831800446947,20.652668812063578,9492e163b6ef19b0563b1ce8302b8e8794e2e4c9c8031c62ff9774a3f63f6f58
aconitate,direct_neighbor_ridge,liver,1,4,25,25.585286343418694,34.43500747116181,9492e163b6ef19b0563b1ce8302b8e8794e2e4c9c8031c62ff9774a3f63f6f58
adenine,direct_neighbor_ridge,autonomic_ganglia,0,0,16,26.681651016578463,28.949480932335938,db1ab3680dcfc2deb10e2511ec28b70b27966d5a436d724be48267bcbf200acf
adenine,direct_neighbor_ridge,haematopoietic_and_lymphoid_tissue,0,0,163,195.66718396583315,255.42632840432765,db1ab3680dcfc2deb10e2511ec28b70b27966d5a436d724be48267bcbf200acf
adenine,direct_neighbor_ridge,bone,0,1,19,14.082824699571503,11.631819820663015,32d2e2f547f707a9f12d899e65a934275c9f49020e10d214973126d05910ec9c
adenine,direct_neighbor_ridge,ovary,0,1,45,58.317449190769985,66.94301658515403,32d2e2f547f707a9f12d899e65a934275c9f49020e10d214973126d05910ec9c
adenine,direct_neighbor_ridge,skin,0,1,52,45.632707799770216,45.06335271336081,32d2e2f547f707a9f12d899e65a934275c9f49020e10d214973126d05910ec9c
adenine,direct_neighbor_ridge,upper_aerodigestive_tract,0,1,30,22.144253316185882,31.62908920209853,32d2e2f547f707a9f12d899e65a934275c9f49020e10d214973126d05910ec9c
adenine,direct_neighbor_ridge,urinary_tract,0,1,25,37.80590850995318,30.7035810565743,32d2e2f547f707a9f12d899e65a934275c9f49020e10d214973126d05910ec9c
adenine,direct_neighbor_ridge,large_intestine,0,2,55,58.32442284440695,69.37169076333967,659dce4f66bf4ee0228513d024a4e287e9f1aa3957152332b1483ab0af67cb42
adenine,direct_neighbor_ridge,oesophagus,0,2,25,13.37274650888415,12.551547124386165,659dce4f66bf4ee0228513d024a4e287e9f1aa3957152332b1483ab0af67cb42
adenine,direct_neighbor_ridge,pancreas,0,2,41,66.03610830944653,70.685926035948,659dce4f66bf4ee0228513d024a4e287e9f1aa3957152332b1483ab0af67cb42
adenine,direct_neighbor_ridge,soft_tissue,0,2,18,9.276471637256138,11.903492079265723,659dce4f66bf4ee0228513d024a4e287e9f1aa3957152332b1483ab0af67cb42
adenine,direct_neighbor_ridge,stomach,0,2,37,33.3405582742546,35.72531336745661,659dce4f66bf4ee0228513d024a4e287e9f1aa3957152332b1483ab0af67cb42
adenine,direct_neighbor_ridge,breast,0,3,49,46.4217716550751,52.376922267044236,9492e163b6ef19b0563b1ce8302b8e8794e2e4c9c8031c62ff9774a3f63f6f58
adenine,direct_neighbor_ridge,central_nervous_system,0,3,49,29.282107113862743,33.00792532451269,9492e163b6ef19b0563b1ce8302b8e8794e2e4c9c8031c62ff9774a3f63f6f58
adenine,direct_neighbor_ridge,endometrium,0,3,28,35.98003634616643,37.56367715639685,9492e163b6ef19b0563b1ce8302b8e8794e2e4c9c8031c62ff9774a3f63f6f58
adenine,direct_neighbor_ridge,kidney,0,3,23,17.16205025510064,19.959166875423698,9492e163b6ef19b0563b1ce8302b8e8794e2e4c9c8031c62ff9774a3f63f6f58
adenine,direct_neighbor_ridge,liver,0,3,25,14.515600729345607,14.613682358585953,9492e163b6ef19b0563b1ce8302b8e8794e2e4c9c8031c62ff9774a3f63f6f58
adenine,direct_neighbor_ridge,lung,0,4,176,108.38882351026398,101.77238516617106,cf9883e99ee1b956d01c2cb42a4d284b982ce23065d3616a5e1cced359e41fb5
adenine,direct_neighbor_ridge,bone,1,0,19,14.082824699571503,11.631819820663015,32d2e2f547f707a9f12d899e65a934275c9f49020e10d214973126d05910ec9c
adenine,direct_neighbor_ridge,ovary,1,0,45,58.317449190769985,66.94301658515403,32d2e2f547f707a9f12d899e65a934275c9f49020e10d214973126d05910ec9c
adenine,direct_neighbor_ridge,skin,1,0,52,45.632707799770216,45.06335271336081,32d2e2f547f707a9f12d899e65a934275c9f49020e10d214973126d05910ec9c
adenine,direct_neighbor_ridge,upper_aerodigestive_tract,1,0,30,22.144253316185882,31.62908920209853,32d2e2f547f707a9f12d899e65a934275c9f49020e10d214973126d05910ec9c
adenine,direct_neighbor_ridge,urinary_tract,1,0,25,37.80590850995318,30.7035810565743,32d2e2f547f707a9f12d899e65a934275c9f49020e10d214973126d05910ec9c
adenine,direct_neighbor_ridge,lung,1,1,176,108.42742923782102,101.77238516617106,cf9883e99ee1b956d01c2cb42a4d284b982ce23065d3616a5e1cced359e41fb5
adenine,direct_neighbor_ridge,autonomic_ganglia,1,2,16,26.681651016578463,28.949480932335938,db1ab3680dcfc2deb10e2511ec28b70b27966d5a436d724be48267bcbf200acf
adenine,direct_neighbor_ridge,haematopoietic_and_lymphoid_tissue,1,2,163,195.66718396583315,255.42632840432765,db1ab3680dcfc2deb10e2511ec28b70b27966d5a436d724be48267bcbf200acf
adenine,direct_neighbor_ridge,large_intestine,1,3,55,58.32442284440695,69.37169076333967,659dce4f66bf4ee0228513d024a4e287e9f1aa3957152332b1483ab0af67cb42
adenine,direct_neighbor_ridge,oesophagus,1,3,25,13.37274650888415,12.551547124386165,659dce4f66bf4ee0228513d024a4e287e9f1aa3957152332b1483ab0af67cb42
adenine,direct_neighbor_ridge,pancreas,1,3,41,66.03610830944653,70.685926035948,659dce4f66bf4ee0228513d024a4e287e9f1aa3957152332b1483ab0af67cb42
adenine,direct_neighbor_ridge,soft_tissue,1,3,18,9.276471637256138,11.903492079265723,659dce4f66bf4ee0228513d024a4e287e9f1aa3957152332b1483ab0af67cb42
adenine,direct_neighbor_ridge,stomach,1,3,37,33.3405582742546,35.72531336745661,659dce4f66bf4ee0228513d024a4e287e9f1aa3957152332b1483ab0af67cb42
adenine,direct_neighbor_ridge,breast,1,4,49,46.4217716550751,52.376922267044236,9492e163b6ef19b0563b1ce8302b8e8794e2e4c9c8031c62ff9774a3f63f6f58
adenine,direct_neighbor_ridge,central_nervous_system,1,4,49,29.282107113862743,33.00792532451269,9492e163b6ef19b0563b1ce8302b8e8794e2e4c9c8031c62ff9774a3f63f6f58
adenine,direct_neighbor_ridge,endometrium,1,4,28,35.98003634616643,37.56367715639685,9492e163b6ef19b0563b1ce8302b8e8794e2e4c9c8031c62ff9774a3f63f6f58
adenine,direct_neighbor_ridge,kidney,1,4,23,17.16205025510064,19.959166875423698,9492e163b6ef19b0563b1ce8302b8e8794e2e4c9c8031c62ff9774a3f63f6f58
adenine,direct_neighbor_ridge,liver,1,4,25,14.515600729345607,14.613682358585953,9492e163b6ef19b0563b1ce8302b8e8794e2e4c9c8031c62ff9774a3f63f6f58
adenosine,direct_neighbor_ridge,autonomic_ganglia,0,0,16,10.584453536299108,8.628870126383513,db1ab3680dcfc2deb10e2511ec28b70b27966d5a436d724be48267bcbf200acf
adenosine,direct_neighbor_ridge,haematopoietic_and_lymphoid_tissue,0,0,163,142.75354846555896,127.7992220777833,db1ab3680dcfc2deb10e2511ec28b70b27966d5a436d724be48267bcbf200acf
adenosine,direct_neighbor_ridge,bone,0,1,19,36.313745803179756,38.53636869262482,32d2e2f547f707a9f12d899e65a934275c9f49020e10d214973126d05910ec9c
adenosine,direct_neighbor_ridge,ovary,0,1,45,48.931141440589194,50.631509585846196,32d2e2f547f707a9f12d899e65a934275c9f49020e10d214973126d05910ec9c
adenosine,direct_neighbor_ridge,skin,0,1,52,69.89102327317205,77.56774336902923,32d2e2f547f707a9f12d899e65a934275c9f49020e10d214973126d05910ec9c
adenosine,direct_neighbor_ridge,upper_aerodigestive_tract,0,1,30,26.42700275545052,27.58647151101958,32d2e2f547f707a9f12d899e65a934275c9f49020e10d214973126d05910ec9c
adenosine,direct_neighbor_ridge,urinary_tract,0,1,25,32.62080594609265,34.9026141205212,32d2e2f547f707a9f12d899e65a934275c9f49020e10d214973126d05910ec9c
adenosine,direct_neighbor_ridge,large_intestine,0,2,55,51.049884575225676,55.35384043717885,659dce4f66bf4ee0228513d024a4e287e9f1aa3957152332b1483ab0af67cb42
adenosine,direct_neighbor_ridge,oesophagus,0,2,25,43.67399203049213,40.747301998602126,659dce4f66bf4ee0228513d024a4e287e9f1aa3957152332b1483ab0af67cb42
adenosine,direct_neighbor_ridge,pancreas,0,2,41,41.389139912455654,40.49333709639559,659dce4f66bf4ee0228513d024a4e287e9f1aa3957152332b1483ab0af67cb42
adenosine,direct_neighbor_ridge,soft_tissue,0,2,18,35.040912397693404,37.46964121628398,659dce4f66bf4ee0228513d024a4e287e9f1aa3957152332b1483ab0af67cb42
adenosine,direct_neighbor_ridge,stomach,0,2,37,37.02970201041714,34.045991745913305,659dce4f66bf4ee0228513d024a4e287e9f1aa3957152332b1483ab0af67cb42
adenosine,direct_neighbor_ridge,breast,0,3,49,42.814063891105015,46.12787611323165,9492e163b6ef19b0563b1ce8302b8e8794e2e4c9c8031c62ff9774a3f63f6f58
adenosine,direct_neighbor_ridge,central_nervous_system,0,3,49,45.526930793495865,40.79153917894358,9492e163b6ef19b0563b1ce8302b8e8794e2e4c9c8031c62ff9774a3f63f6f58
adenosine,direct_neighbor_ridge,endometrium,0,3,28,31.800941374136304,35.713541675914286,9492e163b6ef19b0563b1ce8302b8e8794e2e4c9c8031c62ff9774a3f63f6f58
adenosine,direct_neighbor_ridge,kidney,0,3,23,16.36218150625977,17.614189811306378,9492e163b6ef19b0563b1ce8302b8e8794e2e4c9c8031c62ff9774a3f63f6f58
adenosine,direct_neighbor_ridge,liver,0,3,25,31.699953440645917,33.640864718811734,9492e163b6ef19b0563b1ce8302b8e8794e2e4c9c8031c62ff9774a3f63f6f58
adenosine,direct_neighbor_ridge,lung,0,4,176,144.19701163940056,155.09988339345296,cf9883e99ee1b956d01c2cb42a4d284b982ce23065d3616a5e1cced359e41fb5
adenosine,direct_neighbor_ridge,bone,1,0,19,36.313745803179756,38.53636869262482,32d2e2f547f707a9f12d899e65a934275c9f49020e10d214973126d05910ec9c
adenosine,direct_neighbor_ridge,ovary,1,0,45,48.931141440589194,50.631509585846196,32d2e2f547f707a9f12d899e65a934275c9f49020e10d214973126d05910ec9c
adenosine,direct_neighbor_ridge,skin,1,0,52,69.89102327317205,77.56774336902923,32d2e2f547f707a9f12d899e65a934275c9f49020e10d214973126d05910ec9c
adenosine,direct_neighbor_ridge,upper_aerodigestive_tract,1,0,30,26.42700275545052,27.58647151101958,32d2e2f547f707a9f12d899e65a934275c9f49020e10d214973126d05910ec9c
adenosine,direct_neighbor_ridge,urinary_tract,1,0,25,32.62080594609265,34.9026141205212,32d2e2f547f707a9f12d899e65a934275c9f49020e10d214973126d05910ec9c
adenosine,direct_neighbor_ridge,lung,1,1,176,144.19701163940056,155.09988339345296,cf9883e99ee1b956d01c2cb42a4d284b982ce23065d3616a5e1cced359e41fb5
adenosine,direct_neighbor_ridge,autonomic_ganglia,1,2,16,10.584453536299108,8.628870126383513,db1ab3680dcfc2deb10e2511ec28b70b27966d5a436d724be48267bcbf200acf
adenosine,direct_neighbor_ridge,haematopoietic_and_lymphoid_tissue,1,2,163,142.75354846555896,127.7992220777833,db1ab3680dcfc2deb10e2511ec28b70b27966d5a436d724be48267bcbf200acf
adenosine,direct_neighbor_ridge,large_intestine,1,3,55,51.049884575225676,55.35384043717885,659dce4f66bf4ee0228513d024a4e287e9f1aa3957152332b1483ab0af67cb42
adenosine,direct_neighbor_ridge,oesophagus,1,3,25,43.67399203049213,40.747301998602126,659dce4f66bf4ee0228513d024a4e287e9f1aa3957152332b1483ab0af67cb42
adenosine,direct_neighbor_ridge,pancreas,1,3,41,41.389139912455654,40.49333709639559,659dce4f66bf4ee0228513d024a4e287e9f1aa3957152332b1483ab0af67cb42
adenosine,direct_neighbor_ridge,soft_tissue,1,3,18,35.040912397693404,37.46964121628398,659dce4f66bf4ee0228513d024a4e287e9f1aa3957152332b1483ab0af67cb42
adenosine,direct_neighbor_ridge,stomach,1,3,37,37.02970201041714,34.045991745913305,659dce4f66bf4ee0228513d024a4e287e9f1aa3957152332b1483ab0af67cb42
adenosine,direct_neighbor_ridge,breast,1,4,49,42.814063891105015,46.12787611323165,9492e163b6ef19b0563b1ce8302b8e8794e2e4c9c8031c62ff9774a3f63f6f58
adenosine,direct_neighbor_ridge,central_nervous_system,1,4,49,45.526930793495865,40.79153917894358,9492e163b6ef19b0563b1ce8302b8e8794e2e4c9c8031c62ff9774a3f63f6f58
adenosine,direct_neighbor_ridge,endometrium,1,4,28,31.800941374136304,35.713541675914286,9492e163b6ef19b0563b1ce8302b8e8794e2e4c9c8031c62ff9774a3f63f6f58
adenosine,direct_neighbor_ridge,kidney,1,4,23,16.36218150625977,17.614189811306378,9492e163b6ef19b0563b1ce8302b8e8794e2e4c9c8031c62ff9774a3f63f6f58
adenosine,direct_neighbor_ridge,liver,1,4,25,31.699953440645917,33.640864718811734,9492e163b6ef19b0563b1ce8302b8e8794e2e4c9c8031c62ff9774a3f63f6f58
alanine,direct_neighbor_ridge,autonomic_ganglia,0,0,16,7.656723038474541,11.544749915549557,db1ab3680dcfc2deb10e2511ec28b70b27966d5a436d724be48267bcbf200acf
alanine,direct_neighbor_ridge,haematopoietic_and_lymphoid_tissue,0,0,163,141.05186427687016,239.31555104190804,db1ab3680dcfc2deb10e2511ec28b70b27966d5a436d724be48267bcbf200acf
alanine,direct_neighbor_ridge,bone,0,1,19,5.036706192922746,13.321584381304366,32d2e2f547f707a9f12d899e65a934275c9f49020e10d214973126d05910ec9c
alanine,direct_neighbor_ridge,ovary,0,1,45,31.320325666686422,29.922840974684274,32d2e2f547f707a9f12d899e65a934275c9f49020e10d214973126d05910ec9c
alanine,direct_neighbor_ridge,skin,0,1,52,50.27549459268457,46.589964641155824,32d2e2f547f707a9f12d899e65a934275c9f49020e10d214973126d05910ec9c
alanine,direct_neighbor_ridge,upper_aerodigestive_tract,0,1,30,20.158548261880878,25.749991455769973,32d2e2f547f707a9f12d899e65a934275c9f49020e10d214973126d05910ec9c
alanine,direct_neighbor_ridge,urinary_tract,0,1,25,18.99386957768889,29.794767536726823,32d2e2f547f707a9f12d899e65a934275c9f49020e10d214973126d05910ec9c
alanine,direct_neighbor_ridge,large_intestine,0,2,55,56.77978736595183,82.44375933130256,659dce4f66bf4ee0228513d024a4e287e9f1aa3957152332b1483ab0af67cb42
alanine,direct_neighbor_ridge,oesophagus,0,2,25,17.023200848609374,17.175412105005332,659dce4f66bf4ee0228513d024a4e287e9f1aa3957152332b1483ab0af67cb42
alanine,direct_neighbor_ridge,pancreas,0,2,41,20.976729311258346,33.91009845618294,659dce4f66bf4ee0228513d024a4e287e9f1aa3957152332b1483ab0af67cb42
alanine,direct_neighbor_ridge,soft_tissue,0,2,18,10.172471331595622,14.024144522182421,659dce4f66bf4ee0228513d024a4e287e9f1aa3957152332b1483ab0af67cb42
alanine,direct_neighbor_ridge,stomach,0,2,37,21.657811487604295,39.37799468661974,659dce4f66bf4ee0228513d024a4e287e9f1aa3957152332b1483ab0af67cb42
alanine,direct_neighbor_ridge,breast,0,3,49,26.24581634585137,41.48456628584718,9492e163b6ef19b0563b1ce8302b8e8794e2e4c9c8031c62ff9774a3f63f6f58
alanine,direct_neighbor_ridge,central_nervous_system,0,3,49,28.32912985424326,42.76708633292772,9492e163b6ef19b0563b1ce8302b8e8794e2e4c9c8031c62ff9774a3f63f6f58
alanine,direct_neighbor_ridge,endometrium,0,3,28,19.00373757239539,30.476347144458053,9492e163b6ef19b0563b1ce8302b8e8794e2e4c9c8031c62ff9774a3f63f6f58
alanine,direct_neighbor_ridge,kidney,0,3,23,21.854284591583944,13.753106351347505,9492e163b6ef19b0563b1ce8302b8e8794e2e4c9c8031c62ff9774a3f63f6f58
alanine,direct_neighbor_ridge,liver,0,3,25,19.7101415772257,32.306850075916024,9492e163b6ef19b0563b1ce8302b8e8794e2e4c9c8031c62ff9774a3f63f6f58
alanine,direct_neighbor_ridge,lung,0,4,176,171.22250083716574,183.74509674343037,cf9883e99ee1b956d01c2cb42a4d284b982ce23065d3616a5e1cced359e41fb5
alanine,direct_neighbor_ridge,bone,1,0,19,5.036706192922746,13.321584381304366,32d2e2f547f707a9f12d899e65a934275c9f49020e10d214973126d05910ec9c
alanine,direct_neighbor_ridge,ovary,1,0,45,31.320325666686422,29.922840974684274,32d2e2f547f707a9f12d899e65a934275c9f49020e10d214973126d05910ec9c
alanine,direct_neighbor_ridge,skin,1,0,52,50.27549459268457,46.589964641155824,32d2e2f547f707a9f12d899e65a934275c9f49020e10d214973126d05910ec9c
alanine,direct_neighbor_ridge,upper_aerodigestive_tract,1,0,30,20.158548261880878,25.749991455769973,32d2e2f547f707a9f12d899e65a934275c9f49020e10d214973126d05910ec9c
alanine,direct_neighbor_ridge,urinary_tract,1,0,25,18.99386957768889,29.794767536726823,32d2e2f547f707a9f12d899e65a934275c9f49020e10d214973126d05910ec9c
alanine,direct_neighbor_ridge,lung,1,1,176,171.22250083716574,183.74509674343037,cf9883e99ee1b956d01c2cb42a4d284b982ce23065d3616a5e1cced359e41fb5
alanine,direct_neighbor_ridge,autonomic_ganglia,1,2,16,7.656723038474541,11.544749915549557,db1ab3680dcfc2deb10e2511ec28b70b27966d5a436d724be48267bcbf200acf
alanine,direct_neighbor_ridge,haematopoietic_and_lymphoid_tissue,1,2,163,141.05186427687016,239.31555104190804,db1ab3680dcfc2deb10e2511ec28b70b27966d5a436d724be48267bcbf200acf
alanine,direct_neighbor_ridge,large_intestine,1,3,55,58.278572108650245,82.44375933130256,659dce4f66bf4ee0228513d024a4e287e9f1aa3957152332b1483ab0af67cb42
alanine,direct_neighbor_ridge,oesophagus,1,3,25,16.84455953906397,17.175412105005332,659dce4f66bf4ee0228513d024a4e287e9f1aa3957152332b1483ab0af67cb42
alanine,direct_neighbor_ridge,pancreas,1,3,41,21.380453537849284,33.91009845618294,659dce4f66bf4ee0228513d024a4e287e9f1aa3957152332b1483ab0af67cb42
alanine,direct_neighbor_ridge,soft_tissue,1,3,18,10.298563989712017,14.024144522182421,659dce4f66bf4ee0228513d024a4e287e9f1aa3957152332b1483ab0af67cb42
alanine,direct_neighbor_ridge,stomach,1,3,37,22.332859184095497,39.37799468661974,659dce4f66bf4ee0228513d024a4e287e9f1aa3957152332b1483ab0af67cb42
alanine,direct_neighbor_ridge,breast,1,4,49,26.101630835149233,41.48456628584718,9492e163b6ef19b0563b1ce8302b8e8794e2e4c9c8031c62ff9774a3f63f6f58
alanine,direct_neighbor_ridge,central_nervous_system,1,4,49,28.750763202980664,42.76708633292772,9492e163b6ef19b0563b1ce8302b8e8794e2e4c9c8031c62ff9774a3f63f6f58
alanine,direct_neighbor_ridge,endometrium,1,4,28,19.241383687480734,30.476347144458053,9492e163b6ef19b0563b1ce8302b8e8794e2e4c9c8031c62ff9774a3f63f6f58
alanine,direct_neighbor_ridge,kidney,1,4,23,20.653012494601253,13.753106351347505,9492e163b6ef19b0563b1ce8302b8e8794e2e4c9c8031c62ff9774a3f63f6f58
alanine,direct_neighbor_ridge,liver,1,4,25,20.11685335712971,32.306850075916024,9492e163b6ef19b0563b1ce8302b8e8794e2e4c9c8031c62ff9774a3f63f6f58
arginine,direct_neighbor_ridge,autonomic_ganglia,0,0,16,5.379057129528106,10.209847798536021,db1ab3680dcfc2deb10e2511ec28b70b27966d5a436d724be48267bcbf200acf
arginine,direct_neighbor_ridge,haematopoietic_and_lymphoid_tissue,0,0,163,172.4560863951569,270.97973942036856,db1ab3680dcfc2deb10e2511ec28b70b27966d5a436d724be48267bcbf200acf
arginine,direct_neighbor_ridge,bone,0,1,19,5.0897338536798875,7.509489257923826,32d2e2f547f707a9f12d899e65a934275c9f49020e10d214973126d05910ec9c
arginine,direct_neighbor_ridge,ovary,0,1,45,17.360900383266294,18.81843732829082,32d2e2f547f707a9f12d899e65a934275c9f49020e10d214973126d05910ec9c
arginine,direct_neighbor_ridge,skin,0,1,52,22.102468274735163,30.303346220699442,32d2e2f547f707a9f12d899e65a934275c9f49020e10d214973126d05910ec9c
arginine,direct_neighbor_ridge,upper_aerodigestive_tract,0,1,30,8.35439467465743,12.42825082033878,32d2e2f547f707a9f12d899e65a934275c9f49020e10d214973126d05910ec9c
arginine,direct_neighbor_ridge,urinary_tract,0,1,25,19.732497512646457,19.362613572586575,32d2e2f547f707a9f12d899e65a934275c9f49020e10d214973126d05910ec9c
arginine,direct_neighbor_ridge,large_intestine,0,2,55,37.665533860789225,57.244040543182145,659dce4f66bf4ee0228513d024a4e287e9f1aa3957152332b1483ab0af67cb42
arginine,direct_neighbor_ridge,oesophagus,0,2,25,10.226027194842347,16.54747910294563,659dce4f66bf4ee0228513d024a4e287e9f1aa3957152332b1483ab0af67cb42
arginine,direct_neighbor_ridge,pancreas,0,2,41,26.398558888599478,40.54761820415739,659dce4f66bf4ee0228513d024a4e287e9f1aa3957152332b1483ab0af67cb42
arginine,direct_neighbor_ridge,soft_tissue,0,2,18,19.676612069186987,26.4850563519894,659dce4f66bf4ee0228513d024a4e287e9f1aa3957152332b1483ab0af67cb42
arginine,direct_neighbor_ridge,stomach,0,2,37,30.953267343286285,44.543154877494196,659dce4f66bf4ee0228513d024a4e287e9f1aa3957152332b1483ab0af67cb42
arginine,direct_neighbor_ridge,breast,0,3,49,32.70277154344062,45.586326160765154,9492e163b6ef19b0563b1ce8302b8e8794e2e4c9c8031c62ff9774a3f63f6f58
arginine,direct_neighbor_ridge,central_nervous_system,0,3,49,31.726816613957208,36.15083359890963,9492e163b6ef19b0563b1ce8302b8e8794e2e4c9c8031c62ff9774a3f63f6f58
arginine,direct_neighbor_ridge,endometrium,0,3,28,22.822547590807694,25.353222188410108,9492e163b6ef19b0563b1ce8302b8e8794e2e4c9c8031c62ff9774a3f63f6f58
arginine,direct_neighbor_ridge,kidney,0,3,23,10.870449515933622,10.405585186401641,9492e163b6ef19b0563b1ce8302b8e8794e2e4c9c8031c62ff9774a3f63f6f58
arginine,direct_neighbor_ridge,liver,0,3,25,24.916815934444383,30.72112453382109,9492e163b6ef19b0563b1ce8302b8e8794e2e4c9c8031c62ff9774a3f63f6f58
arginine,direct_neighbor_ridge,lung,0,4,176,173.1571077756443,236.43280617179482,cf9883e99ee1b956d01c2cb42a4d284b982ce23065d3616a5e1cced359e41fb5
arginine,direct_neighbor_ridge,bone,1,0,19,5.0897338536798875,7.509489257923826,32d2e2f547f707a9f12d899e65a934275c9f49020e10d214973126d05910ec9c
arginine,direct_neighbor_ridge,ovary,1,0,45,17.360900383266294,18.81843732829082,32d2e2f547f707a9f12d899e65a934275c9f49020e10d214973126d05910ec9c
arginine,direct_neighbor_ridge,skin,1,0,52,22.102468274735163,30.303346220699442,32d2e2f547f707a9f12d899e65a934275c9f49020e10d214973126d05910ec9c
arginine,direct_neighbor_ridge,upper_aerodigestive_tract,1,0,30,8.35439467465743,12.42825082033878,32d2e2f547f707a9f12d899e65a934275c9f49020e10d214973126d05910ec9c
arginine,direct_neighbor_ridge,urinary_tract,1,0,25,19.732497512646457,19.362613572586575,32d2e2f547f707a9f12d899e65a934275c9f49020e10d214973126d05910ec9c
arginine,direct_neighbor_ridge,lung,1,1,176,173.1571077756443,236.43280617179482,cf9883e99ee1b956d01c2cb42a4d284b982ce23065d3616a5e1cced359e41fb5
arginine,direct_neighbor_ridge,autonomic_ganglia,1,2,16,5.379057129528106,10.209847798536021,db1ab3680dcfc2deb10e2511ec28b70b27966d5a436d724be48267bcbf200acf
arginine,direct_neighbor_ridge,haematopoietic_and_lymphoid_tissue,1,2,163,172.4560863951569,270.97973942036856,db1ab3680dcfc2deb10e2511ec28b70b27966d5a436d724be48267bcbf200acf
arginine,direct_neighbor_ridge,large_intestine,1,3,55,37.98613177905805,57.244040543182145,659dce4f66bf4ee0228513d024a4e287e9f1aa3957152332b1483ab0af67cb42
arginine,direct_neighbor_ridge,oesophagus,1,3,25,10.757976776047716,16.54747910294563,659dce4f66bf4ee0228513d024a4e287e9f1aa3957152332b1483ab0af67cb42
arginine,direct_neighbor_ridge,pancreas,1,3,41,27.249404522108147,40.54761820415739,659dce4f66bf4ee0228513d024a4e287e9f1aa3957152332b1483ab0af67cb42
arginine,direct_neighbor_ridge,soft_tissue,1,3,18,19.80731690827037,26.4850563519894,659dce4f66bf4ee0228513d024a4e287e9f1aa3957152332b1483ab0af67cb42
arginine,direct_neighbor_ridge,stomach,1,3,37,31.66061407829089,44.543154877494196,659dce4f66bf4ee0228513d024a4e287e9f1aa3957152332b1483ab0af67cb42
arginine,direct_neighbor_ridge,breast,1,4,49,32.13322178582574,45.586326160765154,9492e163b6ef19b0563b1ce8302b8e8794e2e4c9c8031c62ff9774a3f63f6f58
arginine,direct_neighbor_ridge,central_nervous_system,1,4,49,32.272577884059174,36.15083359890963,9492e163b6ef19b0563b1ce8302b8e8794e2e4c9c8031c62ff9774a3f63f6f58
arginine,direct_neighbor_ridge,endometrium,1,4,28,23.054934880915567,25.353222188410108,9492e163b6ef19b0563b1ce8302b8e8794e2e4c9c8031c62ff9774a3f63f6f58
arginine,direct_neighbor_ridge,kidney,1,4,23,11.237789853307271,10.405585186401641,9492e163b6ef19b0563b1ce8302b8e8794e2e4c9c8031c62ff9774a3f63f6f58
arginine,direct_neighbor_ridge,liver,1,4,25,25.05127143149446,30.72112453382109,9492e163b6ef19b0563b1ce8302b8e8794e2e4c9c8031c62ff9774a3f63f6f58
asparagine,direct_neighbor_ridge,autonomic_ganglia,0,0,16,7.168285845436547,7.568421354348872,db1ab3680dcfc2deb10e2511ec28b70b27966d5a436d724be48267bcbf200acf
asparagine,direct_neighbor_ridge,haematopoietic_and_lymphoid_tissue,0,0,163,68.87766371769706,68.24445449929271,db1ab3680dcfc2deb10e2511ec28b70b27966d5a436d724be48267bcbf200acf
asparagine,direct_neighbor_ridge,bone,0,1,19,16.806068013471656,17.62296131777872,32d2e2f547f707a9f12d899e65a934275c9f49020e10d214973126d05910ec9c
asparagine,direct_neighbor_ridge,ovary,0,1,45,46.449161042120686,44.93339479168237,32d2e2f547f707a9f12d899e65a934275c9f49020e10d214973126d05910ec9c
asparagine,direct_neighbor_ridge,skin,0,1,52,78.31693181676022,77.21150365898102,32d2e2f547f707a9f12d899e65a934275c9f49020e10d214973126d05910ec9c
asparagine,direct_neighbor_ridge,upper_aerodigestive_tract,0,1,30,38.1272144815542,37.43290055834627,32d2e2f547f707a9f12d899e65a934275c9f49020e10d214973126d05910ec9c
asparagine,direct_neighbor_ridge,urinary_tract,0,1,25,44.750921904741176,42.74094579651123,32d2e2f547f707a9f12d899e65a934275c9f49020e10d214973126d05910ec9c
asparagine,direct_neighbor_ridge,large_intestine,0,2,55,97.8822128979038,98.70457249862505,659dce4f66bf4ee0228513d024a4e287e9f1aa3957152332b1483ab0af67cb42
asparagine,direct_neighbor_ridge,oesophagus,0,2,25,22.96779750362655,22.50071430639875,659dce4f66bf4ee0228513d024a4e287e9f1aa3957152332b1483ab0af67cb42
asparagine,direct_neighbor_ridge,pancreas,0,2,41,39.93471898454265,43.85463074965705,659dce4f66bf4ee0228513d024a4e287e9f1aa3957152332b1483ab0af67cb42
asparagine,direct_neighbor_ridge,soft_tissue,0,2,18,34.700890167498756,36.351972775086494,659dce4f66bf4ee0228513d024a4e287e9f1aa3957152332b1483ab0af67cb42
asparagine,direct_neighbor_ridge,stomach,0,2,37,26.521502693778224,28.503854116217187,659dce4f66bf4ee0228513d024a4e287e9f1aa3957152332b1483ab0af67cb42
asparagine,direct_neighbor_ridge,breast,0,3,49,48.82189097301916,53.329169315914356,9492e163b6ef19b0563b1ce8302b8e8794e2e4c9c8031c62ff9774a3f63f6f58
asparagine,direct_neighbor_ridge,central_nervous_system,0,3,49,93.92855301616676,95.07522744221602,9492e163b6ef19b0563b1ce8302b8e8794e2e4c9c8031c62ff9774a3f63f6f58
asparagine,direct_neighbor_ridge,endometrium,0,3,28,37.09508195031963,33.1102572266258,9492e163b6ef19b0563b1ce8302b8e8794e2e4c9c8031c62ff9774a3f63f6f58
asparagine,direct_neighbor_ridge,kidney,0,3,23,55.42827930790751,52.65544602730715,9492e163b6ef19b0563b1ce8302b8e8794e2e4c9c8031c62ff9774a3f63f6f58
asparagine,direct_neighbor_ridge,liver,0,3,25,19.831554586355484,24.19965544656071,9492e163b6ef19b0563b1ce8302b8e8794e2e4c9c8031c62ff9774a3f63f6f58
asparagine,direct_neighbor_ridge,lung,0,4,176,135.24540167518356,146.52321417596897,cf9883e99ee1b956d01c2cb42a4d284b982ce23065d3616a5e1cced359e41fb5
asparagine,direct_neighbor_ridge,bone,1,0,19,16.806068013471656,17.62296131777872,32d2e2f547f707a9f12d899e65a934275c9f49020e10d214973126d05910ec9c
asparagine,direct_neighbor_ridge,ovary,1,0,45,46.449161042120686,44.93339479168237,32d2e2f547f707a9f12d899e65a934275c9f49020e10d214973126d05910ec9c
asparagine,direct_neighbor_ridge,skin,1,0,52,78.31693181676022,77.21150365898102,32d2e2f547f707a9f12d899e65a934275c9f49020e10d214973126d05910ec9c
asparagine,direct_neighbor_ridge,upper_aerodigestive_tract,1,0,30,38.1272144815542,37.43290055834627,32d2e2f547f707a9f12d899e65a934275c9f49020e10d214973126d05910ec9c
asparagine,direct_neighbor_ridge,urinary_tract,1,0,25,44.750921904741176,42.74094579651123,32d2e2f547f707a9f12d899e65a934275c9f49020e10d214973126d05910ec9c
asparagine,direct_neighbor_ridge,lung,1,1,176,135.24540167518356,146.52321417596897,cf9883e99ee1b956d01c2cb42a4d284b982ce23065d3616a5e1cced359e41fb5
asparagine,direct_neighbor_ridge,autonomic_ganglia,1,2,16,7.168285845436547,7.568421354348872,db1ab3680dcfc2deb10e2511ec28b70b27966d5a436d724be48267bcbf200acf
asparagine,direct_neighbor_ridge,haematopoietic_and_lymphoid_tissue,1,2,163,68.87766371769706,68.24445449929271,db1ab3680dcfc2deb10e2511ec28b70b27966d5a436d724be48267bcbf200acf
asparagine,direct_neighbor_ridge,large_intestine,1,3,55,97.8822128979038,98.70457249862505,659dce4f66bf4ee0228513d024a4e287e9f1aa3957152332b1483ab0af67cb42
asparagine,direct_neighbor_ridge,oesophagus,1,3,25,22.96779750362655,22.50071430639875,659dce4f66bf4ee0228513d024a4e287e9f1aa3957152332b1483ab0af67cb42
asparagine,direct_neighbor_ridge,pancreas,1,3,41,39.93471898454265,43.85463074965705,659dce4f66bf4ee0228513d024a4e287e9f1aa3957152332b1483ab0af67cb42
asparagine,direct_neighbor_ridge,soft_tissue,1,3,18,34.700890167498756,36.351972775086494,659dce4f66bf4ee0228513d024a4e287e9f1aa3957152332b1483ab0af67cb42
asparagine,direct_neighbor_ridge,stomach,1,3,37,26.521502693778224,28.503854116217187,659dce4f66bf4ee0228513d024a4e287e9f1aa3957152332b1483ab0af67cb42
asparagine,direct_neighbor_ridge,breast,1,4,49,48.82189097301916,53.329169315914356,9492e163b6ef19b0563b1ce8302b8e8794e2e4c9c8031c62ff9774a3f63f6f58
asparagine,direct_neighbor_ridge,central_nervous_system,1,4,49,93.92855301616676,95.07522744221602,9492e163b6ef19b0563b1ce8302b8e8794e2e4c9c8031c62ff9774a3f63f6f58
asparagine,direct_neighbor_ridge,endometrium,1,4,28,37.09508195031963,33.1102572266258,9492e163b6ef19b0563b1ce8302b8e8794e2e4c9c8031c62ff9774a3f63f6f58
asparagine,direct_neighbor_ridge,kidney,1,4,23,55.42827930790751,52.65544602730715,9492e163b6ef19b0563b1ce8302b8e8794e2e4c9c8031c62ff9774a3f63f6f58
asparagine,direct_neighbor_ridge,liver,1,4,25,19.831554586355484,24.19965544656071,9492e163b6ef19b0563b1ce8302b8e8794e2e4c9c8031c62ff9774a3f63f6f58
aspartate,direct_neighbor_ridge,autonomic_ganglia,0,0,16,9.127285511031255,8.588115722931695,db1ab3680dcfc2deb10e2511ec28b70b27966d5a436d724be48267bcbf200acf
aspartate,direct_neighbor_ridge,haematopoietic_and_lymphoid_tissue,0,0,163,161.86087255046735,161.22415296854743,db1ab3680dcfc2deb10e2511ec28b70b27966d5a436d724be48267bcbf200acf
aspartate,direct_neighbor_ridge,bone,0,1,19,19.15702534754879,19.625873822433633,32d2e2f547f707a9f12d899e65a934275c9f49020e10d214973126d05910ec9c
aspartate,direct_neighbor_ridge,ovary,0,1,45,52.298561562091194,52.25761132081106,32d2e2f547f707a9f12d899e65a934275c9f49020e10d214973126d05910ec9c
aspartate,direct_neighbor_ridge,skin,0,1,52,43.62139792003627,43.50272784298975,32d2e2f547f707a9f12d899e65a934275c9f49020e10d214973126d05910ec9c
aspartate,direct_neighbor_ridge,upper_aerodigestive_tract,0,1,30,27.20108322926464,26.48956693098585,32d2e2f547f707a9f12d899e65a934275c9f49020e10d214973126d05910ec9c
aspartate,direct_neighbor_ridge,urinary_tract,0,1,25,16.015909462311036,17.932760421680403,32d2e2f547f707a9f12d899e65a934275c9f49020e10d214973126d05910ec9c
aspartate,direct_neighbor_ridge,large_intestine,0,2,55,66.53648662417697,74.8820187755852,659dce4f66bf4ee0228513d024a4e287e9f1aa3957152332b1483ab0af67cb42
aspartate,direct_neighbor_ridge,oesophagus,0,2,25,27.438212798759913,30.803372616088684,659dce4f66bf4ee0228513d024a4e287e9f1aa3957152332b1483ab0af67cb42
aspartate,direct_neighbor_ridge,pancreas,0,2,41,50.254158857352046,54.95746019780503,659dce4f66bf4ee0228513d024a4e287e9f1aa3957152332b1483ab0af67cb42
aspartate,direct_neighbor_ridge,soft_tissue,0,2,18,21.04747119175937,19.177757197443604,659dce4f66bf4ee0228513d024a4e287e9f1aa3957152332b1483ab0af67cb42
aspartate,direct_neighbor_ridge,stomach,0,2,37,30.80565977305277,34.068046037971705,659dce4f66bf4ee0228513d024a4e287e9f1aa3957152332b1483ab0af67cb42
aspartate,direct_neighbor_ridge,breast,0,3,49,49.59953584719805,56.710190807710674,9492e163b6ef19b0563b1ce8302b8e8794e2e4c9c8031c62ff9774a3f63f6f58
aspartate,direct_neighbor_ridge,central_nervous_system,0,3,49,50.42854852593606,58.29630876094749,9492e163b6ef19b0563b1ce8302b8e8794e2e4c9c8031c62ff9774a3f63f6f58
aspartate,direct_neighbor_ridge,endometrium,0,3,28,37.06259634510922,35.96659446778661,9492e163b6ef19b0563b1ce8302b8e8794e2e4c9c8031c62ff9774a3f63f6f58
aspartate,direct_neighbor_ridge,kidney,0,3,23,39.12945984420267,38.62003991776564,9492e163b6ef19b0563b1ce8302b8e8794e2e4c9c8031c62ff9774a3f63f6f58
aspartate,direct_neighbor_ridge,liver,0,3,25,27.664257291019798,35.67728922272117,9492e163b6ef19b0563b1ce8302b8e8794e2e4c9c8031c62ff9774a3f63f6f58
aspartate,direct_neighbor_ridge,lung,0,4,176,122.79033165678136,135.44656720784116,cf9883e99ee1b956d01c2cb42a4d284b982ce23065d3616a5e1cced359e41fb5
aspartate,direct_neighbor_ridge,bone,1,0,19,19.15702534754879,19.625873822433633,32d2e2f547f707a9f12d899e65a934275c9f49020e10d214973126d05910ec9c
aspartate,direct_neighbor_ridge,ovary,1,0,45,52.298561562091194,52.25761132081106,32d2e2f547f707a9f12d899e65a934275c9f49020e10d214973126d05910ec9c
aspartate,direct_neighbor_ridge,skin,1,0,52,43.62139792003627,43.50272784298975,32d2e2f547f707a9f12d899e65a934275c9f49020e10d214973126d05910ec9c
aspartate,direct_neighbor_ridge,upper_aerodigestive_tract,1,0,30,27.20108322926464,26.48956693098585,32d2e2f547f707a9f12d899e65a934275c9f49020e10d214973126d05910ec9c
aspartate,direct_neighbor_ridge,urinary_tract,1,0,25,16.015909462311036,17.932760421680403,32d2e2f547f707a9f12d899e65a934275c9f49020e10d214973126d05910ec9c
aspartate,direct_neighbor_ridge,lung,1,1,176,122.79033165678136,135.44656720784116,cf9883e99ee1b956d01c2cb42a4d284b982ce23065d3616a5e1cced359e41fb5
aspartate,direct_neighbor_ridge,autonomic_ganglia,1,2,16,9.095850864628387,8.588115722931695,db1ab3680dcfc2deb10e2511ec28b70b27966d5a436d724be48267bcbf200acf
aspartate,direct_neighbor_ridge,haematopoietic_and_lymphoid_tissue,1,2,163,161.4865638070615,161.22415296854743,db1ab3680dcfc2deb10e2511ec28b70b27966d5a436d724be48267bcbf200acf
aspartate,direct_neighbor_ridge,large_intestine,1,3,55,66.53648662417697,74.8820187755852,659dce4f66bf4ee0228513d024a4e287e9f1aa3957152332b1483ab0af67cb42
aspartate,direct_neighbor_ridge,oesophagus,1,3,25,27.438212798759913,30.803372616088684,659dce4f66bf4ee0228513d024a4e287e9f1aa3957152332b1483ab0af67cb42
aspartate,direct_neighbor_ridge,pancreas,1,3,41,50.254158857352046,54.95746019780503,659dce4f66bf4ee0228513d024a4e287e9f1aa3957152332b1483ab0af67cb42
aspartate,direct_neighbor_ridge,soft_tissue,1,3,18,21.04747119175937,19.177757197443604,659dce4f66bf4ee0228513d024a4e287e9f1aa3957152332b1483ab0af67cb42
aspartate,direct_neighbor_ridge,stomach,1,3,37,30.80565977305277,34.068046037971705,659dce4f66bf4ee0228513d024a4e287e9f1aa3957152332b1483ab0af67cb42
aspartate,direct_neighbor_ridge,breast,1,4,49,49.59953584719805,56.710190807710674,9492e163b6ef19b0563b1ce8302b8e8794e2e4c9c8031c62ff9774a3f63f6f58
aspartate,direct_neighbor_ridge,central_nervous_system,1,4,49,50.42854852593606,58.29630876094749,9492e163b6ef19b0563b1ce8302b8e8794e2e4c9c8031c62ff9774a3f63f6f58
aspartate,direct_neighbor_ridge,endometrium,1,4,28,37.06259634510922,35.96659446778661,9492e163b6ef19b0563b1ce8302b8e8794e2e4c9c8031c62ff9774a3f63f6f58
aspartate,direct_neighbor_ridge,kidney,1,4,23,39.12945984420267,38.62003991776564,9492e163b6ef19b0563b1ce8302b8e8794e2e4c9c8031c62ff9774a3f63f6f58
aspartate,direct_neighbor_ridge,liver,1,4,25,27.664257291019798,35.67728922272117,9492e163b6ef19b0563b1ce8302b8e8794e2e4c9c8031c62ff9774a3f63f6f58
beta-alanine,direct_neighbor_ridge,autonomic_ganglia,0,0,16,8.23362927732893,13.577790180289943,db1ab3680dcfc2deb10e2511ec28b70b27966d5a436d724be48267bcbf200acf
beta-alanine,direct_neighbor_ridge,haematopoietic_and_lymphoid_tissue,0,0,163,87.43337716836575,120.93997091886725,db1ab3680dcfc2deb10e2511ec28b70b27966d5a436d724be48267bcbf200acf
beta-alanine,direct_neighbor_ridge,bone,0,1,19,7.832474962498049,19.950675473861708,32d2e2f547f707a9f12d899e65a934275c9f49020e10d214973126d05910ec9c
beta-alanine,direct_neighbor_ridge,ovary,0,1,45,43.70376018371128,48.76264337730714,32d2e2f547f707a9f12d899e65a934275c9f49020e10d214973126d05910ec9c
beta-alanine,direct_neighbor_ridge,skin,0,1,52,24.156951850791785,36.08287963221976,32d2e2f547f707a9f12d899e65a934275c9f49020e10d214973126d05910ec9c
beta-alanine,direct_neighbor_ridge,upper_aerodigestive_tract,0,1,30,19.140463475376713,27.791121336192088,32d2e2f547f707a9f12d899e65a934275c9f49020e10d214973126d05910ec9c
beta-alanine,direct_neighbor_ridge,urinary_tract,0,1,25,8.201551450552994,21.31930843183077,32d2e2f547f707a9f12d899e65a934275c9f49020e10d214973126d05910ec9c
beta-alanine,direct_neighbor_ridge,large_intestine,0,2,55,38.46536133966927,50.61555655717088,659dce4f66bf4ee0228513d024a4e287e9f1aa3957152332b1483ab0af67cb42
beta-alanine,direct_neighbor_ridge,oesophagus,0,2,25,14.807346902087552,21.06827442271713,659dce4f66bf4ee0228513d024a4e287e9f1aa3957152332b1483ab0af67cb42
beta-alanine,direct_neighbor_ridge,pancreas,0,2,41,27.85237219328153,40.783945846024466,659dce4f66bf4ee0228513d024a4e287e9f1aa3957152332b1483ab0af67cb42
beta-alanine,direct_neighbor_ridge,soft_tissue,0,2,18,14.336649198489289,20.499952251988457,659dce4f66bf4ee0228513d024a4e287e9f1aa3957152332b1483ab0af67cb42
beta-alanine,direct_neighbor_ridge,stomach,0,2,37,29.281182628390237,48.282939068964176,659dce4f66bf4ee0228513d024a4e287e9f1aa3957152332b1483ab0af67cb42
beta-alanine,direct_neighbor_ridge,breast,0,3,49,60.1559678045443,78.67147017026082,9492e163b6ef19b0563b1ce8302b8e8794e2e4c9c8031c62ff9774a3f63f6f58
beta-alanine,direct_neighbor_ridge,central_nervous_system,0,3,49,33.26249906140499,46.39242523693296,9492e163b6ef19b0563b1ce8302b8e8794e2e4c9c8031c62ff9774a3f63f6f58
beta-alanine,direct_neighbor_ridge,endometrium,0,3,28,25.357547986702972,40.423925144681185,9492e163b6ef19b0563b1ce8302b8e8794e2e4c9c8031c62ff9774a3f63f6f58
beta-alanine,direct_neighbor_ridge,kidney,0,3,23,38.90737108498923,35.057033251511456,9492e163b6ef19b0563b1ce8302b8e8794e2e4c9c8031c62ff9774a3f63f6f58
beta-alanine,direct_neighbor_ridge,liver,0,3,25,19.282245737808186,26.565393490296824,9492e163b6ef19b0563b1ce8302b8e8794e2e4c9c8031c62ff9774a3f63f6f58
beta-alanine,direct_neighbor_ridge,lung,0,4,176,144.0186696280158,195.58540879505674,cf9883e99ee1b956d01c2cb42a4d284b982ce23065d3616a5e1cced359e41fb5
beta-alanine,direct_neighbor_ridge,bone,1,0,19,7.832474962498049,19.950675473861708,32d2e2f547f707a9f12d899e65a934275c9f49020e10d214973126d05910ec9c
beta-alanine,direct_neighbor_ridge,ovary,1,0,45,43.70376018371128,48.76264337730714,32d2e2f547f707a9f12d899e65a934275c9f49020e10d214973126d05910ec9c
beta-alanine,direct_neighbor_ridge,skin,1,0,52,24.156951850791785,36.08287963221976,32d2e2f547f707a9f12d899e65a934275c9f49020e10d214973126d05910ec9c
beta-alanine,direct_neighbor_ridge,upper_aerodigestive_tract,1,0,30,19.140463475376713,27.791121336192088,32d2e2f547f707a9f12d899e65a934275c9f49020e10d214973126d05910ec9c
beta-alanine,direct_neighbor_ridge,urinary_tract,1,0,25,8.201551450552994,21.31930843183077,32d2e2f547f707a9f12d899e65a934275c9f49020e10d214973126d05910ec9c
beta-alanine,direct_neighbor_ridge,lung,1,1,176,143.7056598805965,195.58540879505674,cf9883e99ee1b956d01c2cb42a4d284b982ce23065d3616a5e1cced359e41fb5
beta-alanine,direct_neighbor_ridge,autonomic_ganglia,1,2,16,8.23362927732893,13.577790180289943,db1ab3680dcfc2deb10e2511ec28b70b27966d5a436d724be48267bcbf200acf
beta-alanine,direct_neighbor_ridge,haematopoietic_and_lymphoid_tissue,1,2,163,87.43337716836575,120.93997091886725,db1ab3680dcfc2deb10e2511ec28b70b27966d5a436d724be48267bcbf200acf
beta-alanine,direct_neighbor_ridge,large_intestine,1,3,55,38.46536133966927,50.61555655717088,659dce4f66bf4ee0228513d024a4e287e9f1aa3957152332b1483ab0af67cb42
beta-alanine,direct_neighbor_ridge,oesophagus,1,3,25,14.807346902087552,21.06827442271713,659dce4f66bf4ee0228513d024a4e287e9f1aa3957152332b1483ab0af67cb42
beta-alanine,direct_neighbor_ridge,pancreas,1,3,41,27.85237219328153,40.783945846024466,659dce4f66bf4ee0228513d024a4e287e9f1aa3957152332b1483ab0af67cb42
beta-alanine,direct_neighbor_ridge,soft_tissue,1,3,18,14.336649198489289,20.499952251988457,659dce4f66bf4ee0228513d024a4e287e9f1aa3957152332b1483ab0af67cb42
beta-alanine,direct_neighbor_ridge,stomach,1,3,37,29.281182628390237,48.282939068964176,659dce4f66bf4ee0228513d024a4e287e9f1aa3957152332b1483ab0af67cb42
beta-alanine,direct_neighbor_ridge,breast,1,4,49,60.1559678045443,78.67147017026082,9492e163b6ef19b0563b1ce8302b8e8794e2e4c9c8031c62ff9774a3f63f6f58
beta-alanine,direct_neighbor_ridge,central_nervous_system,1,4,49,33.26249906140499,46.39242523693296,9492e163b6ef19b0563b1ce8302b8e8794e2e4c9c8031c62ff9774a3f63f6f58
beta-alanine,direct_neighbor_ridge,endometrium,1,4,28,25.357547986702972,40.423925144681185,9492e163b6ef19b0563b1ce8302b8e8794e2e4c9c8031c62ff9774a3f63f6f58
beta-alanine,direct_neighbor_ridge,kidney,1,4,23,38.90737108498923,35.057033251511456,9492e163b6ef19b0563b1ce8302b8e8794e2e4c9c8031c62ff9774a3f63f6f58
beta-alanine,direct_neighbor_ridge,liver,1,4,25,19.282245737808186,26.565393490296824,9492e163b6ef19b0563b1ce8302b8e8794e2e4c9c8031c62ff9774a3f63f6f58
betaine,direct_neighbor_ridge,autonomic_ganglia,0,0,16,8.499184833642342,15.797545588746235,db1ab3680dcfc2deb10e2511ec28b70b27966d5a436d724be48267bcbf200acf
betaine,direct_neighbor_ridge,haematopoietic_and_lymphoid_tissue,0,0,163,220.28151327735333,336.9165154166376,db1ab3680dcfc2deb10e2511ec28b70b27966d5a436d724be48267bcbf200acf
betaine,direct_neighbor_ridge,bone,0,1,19,8.20893039296424,14.2338731188444,32d2e2f547f707a9f12d899e65a934275c9f49020e10d214973126d05910ec9c
betaine,direct_neighbor_ridge,ovary,0,1,45,11.356138116420249,21.780515214116704,32d2e2f547f707a9f12d899e65a934275c9f49020e10d214973126d05910ec9c
betaine,direct_neighbor_ridge,skin,0,1,52,17.19012176551409,14.599490773707915,32d2e2f547f707a9f12d899e65a934275c9f49020e10d214973126d05910ec9c
betaine,direct_neighbor_ridge,upper_aerodigestive_tract,0,1,30,6.608907181931287,11.05950251322172,32d2e2f547f707a9f12d899e65a934275c9f49020e10d214973126d05910ec9c
betaine,direct_neighbor_ridge,urinary_tract,0,1,25,12.835615328138912,11.324168874355424,32d2e2f547f707a9f12d899e65a934275c9f49020e10d214973126d05910ec9c
betaine,direct_neighbor_ridge,large_intestine,0,2,55,82.35071814091894,93.31901446950648,659dce4f66bf4ee0228513d024a4e287e9f1aa3957152332b1483ab0af67cb42
betaine,direct_neighbor_ridge,oesophagus,0,2,25,17.121543833261,12.039585475706254,659dce4f66bf4ee0228513d024a4e287e9f1aa3957152332b1483ab0af67cb42
betaine,direct_neighbor_ridge,pancreas,0,2,41,17.105496493525866,25.106822916746427,659dce4f66bf4ee0228513d024a4e287e9f1aa3957152332b1483ab0af67cb42
betaine,direct_neighbor_ridge,soft_tissue,0,2,18,31.86508011670354,29.203007125910727,659dce4f66bf4ee0228513d024a4e287e9f1aa3957152332b1483ab0af67cb42
betaine,direct_neighbor_ridge,stomach,0,2,37,17.636077485022287,25.212757901459238,659dce4f66bf4ee0228513d024a4e287e9f1aa3957152332b1483ab0af67cb42
betaine,direct_neighbor_ridge,breast,0,3,49,45.8301106481308,57.066326460268954,9492e163b6ef19b0563b1ce8302b8e8794e2e4c9c8031c62ff9774a3f63f6f58
betaine,direct_neighbor_ridge,central_nervous_system,0,3,49,11.533831125906154,18.884067970156604,9492e163b6ef19b0563b1ce8302b8e8794e2e4c9c8031c62ff9774a3f63f6f58
betaine,direct_neighbor_ridge,endometrium,0,3,28,16.604764223540993,27.061515876720826,9492e163b6ef19b0563b1ce8302b8e8794e2e4c9c8031c62ff9774a3f63f6f58
betaine,direct_neighbor_ridge,kidney,0,3,23,3.0912480430918707,8.37401120154999,9492e163b6ef19b0563b1ce8302b8e8794e2e4c9c8031c62ff9774a3f63f6f58
betaine,direct_neighbor_ridge,liver,0,3,25,29.573620249713528,35.18228104177737,9492e163b6ef19b0563b1ce8302b8e8794e2e4c9c8031c62ff9774a3f63f6f58
betaine,direct_neighbor_ridge,lung,0,4,176,176.35260325950483,214.1791765892296,cf9883e99ee1b956d01c2cb42a4d284b982ce23065d3616a5e1cced359e41fb5
betaine,direct_neighbor_ridge,bone,1,0,19,8.20893039296424,14.2338731188444,32d2e2f547f707a9f12d899e65a934275c9f49020e10d214973126d05910ec9c
betaine,direct_neighbor_ridge,ovary,1,0,45,11.356138116420249,21.780515214116704,32d2e2f547f707a9f12d899e65a934275c9f49020e10d214973126d05910ec9c
betaine,direct_neighbor_ridge,skin,1,0,52,17.19012176551409,14.599490773707915,32d2e2f547f707a9f12d899e65a934275c9f49020e10d214973126d05910ec9c
betaine,direct_neighbor_ridge,upper_aerodigestive_tract,1,0,30,6.608907181931287,11.05950251322172,32d2e2f547f707a9f12d899e65a934275c9f49020e10d214973126d05910ec9c
betaine,direct_neighbor_ridge,urinary_tract,1,0,25,12.835615328138912,11.324168874355424,32d2e2f547f707a9f12d899e65a934275c9f49020e10d214973126d05910ec9c
betaine,direct_neighbor_ridge,lung,1,1,176,176.35260325950483,214.1791765892296,cf9883e99ee1b956d01c2cb42a4d284b982ce23065d3616a5e1cced359e41fb5
betaine,direct_neighbor_ridge,autonomic_ganglia,1,2,16,8.959438006746797,15.797545588746235,db1ab3680dcfc2deb10e2511ec28b70b27966d5a436d724be48267bcbf200acf
betaine,direct_neighbor_ridge,haematopoietic_and_lymphoid_tissue,1,2,163,226.87512687918542,336.9165154166376,db1ab3680dcfc2deb10e2511ec28b70b27966d5a436d724be48267bcbf200acf
betaine,direct_neighbor_ridge,large_intestine,1,3,55,82.33630038530846,93.31901446950648,659dce4f66bf4ee0228513d024a4e287e9f1aa3957152332b1483ab0af67cb42
betaine,direct_neighbor_ridge,oesophagus,1,3,25,16.99010983822897,12.039585475706254,659dce4f66bf4ee0228513d024a4e287e9f1aa3957152332b1483ab0af67cb42
betaine,direct_neighbor_ridge,pancreas,1,3,41,17.05686881231335,25.106822916746427,659dce4f66bf4ee0228513d024a4e287e9f1aa3957152332b1483ab0af67cb42
betaine,direct_neighbor_ridge,soft_tissue,1,3,18,31.83410346930056,29.203007125910727,659dce4f66bf4ee0228513d024a4e287e9f1aa3957152332b1483ab0af67cb42
betaine,direct_neighbor_ridge,stomach,1,3,37,17.629688468802147,25.212757901459238,659dce4f66bf4ee0228513d024a4e287e9f1aa3957152332b1483ab0af67cb42
betaine,direct_neighbor_ridge,breast,1,4,49,45.8301106481308,57.066326460268954,9492e163b6ef19b0563b1ce8302b8e8794e2e4c9c8031c62ff9774a3f63f6f58
betaine,direct_neighbor_ridge,central_nervous_system,1,4,49,11.533831125906154,18.884067970156604,9492e163b6ef19b0563b1ce8302b8e8794e2e4c9c8031c62ff9774a3f63f6f58
betaine,direct_neighbor_ridge,endometrium,1,4,28,16.604764223540993,27.061515876720826,9492e163b6ef19b0563b1ce8302b8e8794e2e4c9c8031c62ff9774a3f63f6f58
betaine,direct_neighbor_ridge,kidney,1,4,23,3.0912480430918707,8.37401120154999,9492e163b6ef19b0563b1ce8302b8e8794e2e4c9c8031c62ff9774a3f63f6f58
betaine,direct_neighbor_ridge,liver,1,4,25,29.573620249713528,35.18228104177737,9492e163b6ef19b0563b1ce8302b8e8794e2e4c9c8031c62ff9774a3f63f6f58
cAMP,direct_neighbor_ridge,autonomic_ganglia,0,0,16,10.93658276014877,10.148404280710627,db1ab3680dcfc2deb10e2511ec28b70b27966d5a436d724be48267bcbf200acf
cAMP,direct_neighbor_ridge,haematopoietic_and_lymphoid_tissue,0,0,163,262.6879244803915,251.94409413921323,db1ab3680dcfc2deb10e2511ec28b70b27966d5a436d724be48267bcbf200acf
cAMP,direct_neighbor_ridge,bone,0,1,19,17.574448143540383,17.749760315182847,32d2e2f547f707a9f12d899e65a934275c9f49020e10d214973126d05910ec9c
cAMP,direct_neighbor_ridge,ovary,0,1,45,41.185484615513616,41.55156942189127,32d2e2f547f707a9f12d899e65a934275c9f49020e10d214973126d05910ec9c
cAMP,direct_neighbor_ridge,skin,0,1,52,77.03190957681605,77.47432407894674,32d2e2f547f707a9f12d899e65a934275c9f49020e10d214973126d05910ec9c
cAMP,direct_neighbor_ridge,upper_aerodigestive_tract,0,1,30,22.410307888427255,22.380007106684058,32d2e2f547f707a9f12d899e65a934275c9f49020e10d214973126d05910ec9c
cAMP,direct_neighbor_ridge,urinary_tract,0,1,25,26.693470906034456,26.887434642967875,32d2e2f547f707a9f12d899e65a934275c9f49020e10d214973126d05910ec9c
cAMP,direct_neighbor_ridge,large_intestine,0,2,55,54.233722930730146,54.78013165482201,659dce4f66bf4ee0228513d024a4e287e9f1aa3957152332b1483ab0af67cb42
cAMP,direct_neighbor_ridge,oesophagus,0,2,25,14.246911779623153,14.300061675220697,659dce4f66bf4ee0228513d024a4e287e9f1aa3957152332b1483ab0af67cb42
cAMP,direct_neighbor_ridge,pancreas,0,2,41,26.270799003547857,26.81771091002462,659dce4f66bf4ee0228513d024a4e287e9f1aa3957152332b1483ab0af67cb42
cAMP,direct_neighbor_ridge,soft_tissue,0,2,18,9.943263981158061,10.248602899279938,659dce4f66bf4ee0228513d024a4e287e9f1aa3957152332b1483ab0af67cb42
cAMP,direct_neighbor_ridge,stomach,0,2,37,21.053692897968055,20.803779363900137,659dce4f66bf4ee0228513d024a4e287e9f1aa3957152332b1483ab0af67cb42
cAMP,direct_neighbor_ridge,breast,0,3,49,68.0497042185446,68.1921238847743,9492e163b6ef19b0563b1ce8302b8e8794e2e4c9c8031c62ff9774a3f63f6f58
cAMP,direct_neighbor_ridge,central_nervous_system,0,3,49,25.616874635418892,26.245272410368255,9492e163b6ef19b0563b1ce8302b8e8794e2e4c9c8031c62ff9774a3f63f6f58
cAMP,direct_neighbor_ridge,endometrium,0,3,28,25.08012354291194,25.994950343435544,9492e163b6ef19b0563b1ce8302b8e8794e2e4c9c8031c62ff9774a3f63f6f58
cAMP,direct_neighbor_ridge,kidney,0,3,23,14.948838652822959,14.705867162460194,9492e163b6ef19b0563b1ce8302b8e8794e2e4c9c8031c62ff9774a3f63f6f58
cAMP,direct_neighbor_ridge,liver,0,3,25,16.979258831771716,17.00768834352032,9492e163b6ef19b0563b1ce8302b8e8794e2e4c9c8031c62ff9774a3f63f6f58
cAMP,direct_neighbor_ridge,lung,0,4,176,193.29107082487235,189.07199366864256,cf9883e99ee1b956d01c2cb42a4d284b982ce23065d3616a5e1cced359e41fb5
cAMP,direct_neighbor_ridge,bone,1,0,19,17.574448143540383,17.749760315182847,32d2e2f547f707a9f12d899e65a934275c9f49020e10d214973126d05910ec9c
cAMP,direct_neighbor_ridge,ovary,1,0,45,41.185484615513616,41.55156942189127,32d2e2f547f707a9f12d899e65a934275c9f49020e10d214973126d05910ec9c
cAMP,direct_neighbor_ridge,skin,1,0,52,77.03190957681605,77.47432407894674,32d2e2f547f707a9f12d899e65a934275c9f49020e10d214973126d05910ec9c
cAMP,direct_neighbor_ridge,upper_aerodigestive_tract,1,0,30,22.410307888427255,22.380007106684058,32d2e2f547f707a9f12d899e65a934275c9f49020e10d214973126d05910ec9c
cAMP,direct_neighbor_ridge,urinary_tract,1,0,25,26.693470906034456,26.887434642967875,32d2e2f547f707a9f12d899e65a934275c9f49020e10d214973126d05910ec9c
cAMP,direct_neighbor_ridge,lung,1,1,176,193.29107082487235,189.07199366864256,cf9883e99ee1b956d01c2cb42a4d284b982ce23065d3616a5e1cced359e41fb5
cAMP,direct_neighbor_ridge,autonomic_ganglia,1,2,16,10.93658276014877,10.148404280710627,db1ab3680dcfc2deb10e2511ec28b70b27966d5a436d724be48267bcbf200acf
cAMP,direct_neighbor_ridge,haematopoietic_and_lymphoid_tissue,1,2,163,262.6879244803915,251.94409413921323,db1ab3680dcfc2deb10e2511ec28b70b27966d5a436d724be48267bcbf200acf
cAMP,direct_neighbor_ridge,large_intestine,1,3,55,54.164954174111585,54.78013165482201,659dce4f66bf4ee0228513d024a4e287e9f1aa3957152332b1483ab0af67cb42
cAMP,direct_neighbor_ridge,oesophagus,1,3,25,14.243894441607312,14.300061675220697,659dce4f66bf4ee0228513d024a4e287e9f1aa3957152332b1483ab0af67cb42
cAMP,direct_neighbor_ridge,pancreas,1,3,41,26.20279859361631,26.81771091002462,659dce4f66bf4ee0228513d024a4e287e9f1aa3957152332b1483ab0af67cb42
cAMP,direct_neighbor_ridge,soft_tissue,1,3,18,9.903712238853059,10.248602899279938,659dce4f66bf4ee0228513d024a4e287e9f1aa3957152332b1483ab0af67cb42
cAMP,direct_neighbor_ridge,stomach,1,3,37,21.097436326677204,20.803779363900137,659dce4f66bf4ee0228513d024a4e287e9f1aa3957152332b1483ab0af67cb42
cAMP,direct_neighbor_ridge,breast,1,4,49,68.0497042185446,68.1921238847743,9492e163b6ef19b0563b1ce8302b8e8794e2e4c9c8031c62ff9774a3f63f6f58
cAMP,direct_neighbor_ridge,central_nervous_system,1,4,49,25.616874635418892,26.245272410368255,9492e163b6ef19b0563b1ce8302b8e8794e2e4c9c8031c62ff9774a3f63f6f58
cAMP,direct_neighbor_ridge,endometrium,1,4,28,25.08012354291194,25.994950343435544,9492e163b6ef19b0563b1ce8302b8e8794e2e4c9c8031c62ff9774a3f63f6f58
cAMP,direct_neighbor_ridge,kidney,1,4,23,14.948838652822959,14.705867162460194,9492e163b6ef19b0563b1ce8302b8e8794e2e4c9c8031c62ff9774a3f63f6f58
cAMP,direct_neighbor_ridge,liver,1,4,25,16.979258831771716,17.00768834352032,9492e163b6ef19b0563b1ce8302b8e8794e2e4c9c8031c62ff9774a3f63f6f58
carnosine,direct_neighbor_ridge,autonomic_ganglia,0,0,16,14.642542289314665,14.64004523004322,db1ab3680dcfc2deb10e2511ec28b70b27966d5a436d724be48267bcbf200acf
carnosine,direct_neighbor_ridge,haematopoietic_and_lymphoid_tissue,0,0,163,620.6392835523967,606.2850387221021,db1ab3680dcfc2deb10e2511ec28b70b27966d5a436d724be48267bcbf200acf
carnosine,direct_neighbor_ridge,bone,0,1,19,22.190434603526324,22.533647704560707,32d2e2f547f707a9f12d899e65a934275c9f49020e10d214973126d05910ec9c
carnosine,direct_neighbor_ridge,ovary,0,1,45,37.802944004288534,43.1602109331529,32d2e2f547f707a9f12d899e65a934275c9f49020e10d214973126d05910ec9c
carnosine,direct_neighbor_ridge,skin,0,1,52,20.77495380125556,20.85336542466169,32d2e2f547f707a9f12d899e65a934275c9f49020e10d214973126d05910ec9c
carnosine,direct_neighbor_ridge,upper_aerodigestive_tract,0,1,30,9.959729266351903,10.476481017294612,32d2e2f547f707a9f12d899e65a934275c9f49020e10d214973126d05910ec9c
carnosine,direct_neighbor_ridge,urinary_tract,0,1,25,7.417995662438979,6.817342150472803,32d2e2f547f707a9f12d899e65a934275c9f49020e10d214973126d05910ec9c
carnosine,direct_neighbor_ridge,large_intestine,0,2,55,41.95195540057964,48.48124706891413,659dce4f66bf4ee0228513d024a4e287e9f1aa3957152332b1483ab0af67cb42
carnosine,direct_neighbor_ridge,oesophagus,0,2,25,11.385785408431808,7.783335181897872,659dce4f66bf4ee0228513d024a4e287e9f1aa3957152332b1483ab0af67cb42
carnosine,direct_neighbor_ridge,pancreas,0,2,41,34.51130764659767,30.7418922245237,659dce4f66bf4ee0228513d024a4e287e9f1aa3957152332b1483ab0af67cb42
carnosine,direct_neighbor_ridge,soft_tissue,0,2,18,20.213574868935122,21.254409758399255,659dce4f66bf4ee0228513d024a4e287e9f1aa3957152332b1483ab0af67cb42
carnosine,direct_neighbor_ridge,stomach,0,2,37,40.41050502107914,38.30408579609598,659dce4f66bf4ee0228513d024a4e287e9f1aa3957152332b1483ab0af67cb42
carnosine,direct_neighbor_ridge,breast,0,3,49,50.49442553745713,50.71843262842569,9492e163b6ef19b0563b1ce8302b8e8794e2e4c9c8031c62ff9774a3f63f6f58
carnosine,direct_neighbor_ridge,central_nervous_system,0,3,49,30.07481702803869,30.046831851215593,9492e163b6ef19b0563b1ce8302b8e8794e2e4c9c8031c62ff9774a3f63f6f58
carnosine,direct_neighbor_ridge,endometrium,0,3,28,18.062718739721284,19.463144855044238,9492e163b6ef19b0563b1ce8302b8e8794e2e4c9c8031c62ff9774a3f63f6f58
carnosine,direct_neighbor_ridge,kidney,0,3,23,8.194436755335806,8.044084250077429,9492e163b6ef19b0563b1ce8302b8e8794e2e4c9c8031c62ff9774a3f63f6f58
carnosine,direct_neighbor_ridge,liver,0,3,25,17.288530582763006,16.653284736894772,9492e163b6ef19b0563b1ce8302b8e8794e2e4c9c8031c62ff9774a3f63f6f58
carnosine,direct_neighbor_ridge,lung,0,4,176,151.4750787031631,155.23303382128285,cf9883e99ee1b956d01c2cb42a4d284b982ce23065d3616a5e1cced359e41fb5
carnosine,direct_neighbor_ridge,bone,1,0,19,22.190434603526324,22.533647704560707,32d2e2f547f707a9f12d899e65a934275c9f49020e10d214973126d05910ec9c
carnosine,direct_neighbor_ridge,ovary,1,0,45,37.802944004288534,43.1602109331529,32d2e2f547f707a9f12d899e65a934275c9f49020e10d214973126d05910ec9c
carnosine,direct_neighbor_ridge,skin,1,0,52,20.77495380125556,20.85336542466169,32d2e2f547f707a9f12d899e65a934275c9f49020e10d214973126d05910ec9c
carnosine,direct_neighbor_ridge,upper_aerodigestive_tract,1,0,30,9.959729266351903,10.476481017294612,32d2e2f547f707a9f12d899e65a934275c9f49020e10d214973126d05910ec9c
carnosine,direct_neighbor_ridge,urinary_tract,1,0,25,7.417995662438979,6.817342150472803,32d2e2f547f707a9f12d899e65a934275c9f49020e10d214973126d05910ec9c
carnosine,direct_neighbor_ridge,lung,1,1,176,151.4750787031631,155.23303382128285,cf9883e99ee1b956d01c2cb42a4d284b982ce23065d3616a5e1cced359e41fb5
carnosine,direct_neighbor_ridge,autonomic_ganglia,1,2,16,14.642542289314665,14.64004523004322,db1ab3680dcfc2deb10e2511ec28b70b27966d5a436d724be48267bcbf200acf
carnosine,direct_neighbor_ridge,haematopoietic_and_lymphoid_tissue,1,2,163,620.6392835523967,606.2850387221021,db1ab3680dcfc2deb10e2511ec28b70b27966d5a436d724be48267bcbf200acf
carnosine,direct_neighbor_ridge,large_intestine,1,3,55,41.95195540057964,48.48124706891413,659dce4f66bf4ee0228513d024a4e287e9f1aa3957152332b1483ab0af67cb42
carnosine,direct_neighbor_ridge,oesophagus,1,3,25,11.385785408431808,7.783335181897872,659dce4f66bf4ee0228513d024a4e287e9f1aa3957152332b1483ab0af67cb42
carnosine,direct_neighbor_ridge,pancreas,1,3,41,34.51130764659767,30.7418922245237,659dce4f66bf4ee0228513d024a4e287e9f1aa3957152332b1483ab0af67cb42
carnosine,direct_neighbor_ridge,soft_tissue,1,3,18,20.213574868935122,21.254409758399255,659dce4f66bf4ee0228513d024a4e287e9f1aa3957152332b1483ab0af67cb42
carnosine,direct_neighbor_ridge,stomach,1,3,37,40.41050502107914,38.30408579609598,659dce4f66bf4ee0228513d024a4e287e9f1aa3957152332b1483ab0af67cb42
carnosine,direct_neighbor_ridge,breast,1,4,49,50.49442553745713,50.71843262842569,9492e163b6ef19b0563b1ce8302b8e8794e2e4c9c8031c62ff9774a3f63f6f58
carnosine,direct_neighbor_ridge,central_nervous_system,1,4,49,30.07481702803869,30.046831851215593,9492e163b6ef19b0563b1ce8302b8e8794e2e4c9c8031c62ff9774a3f63f6f58
carnosine,direct_neighbor_ridge,endometrium,1,4,28,18.062718739721284,19.463144855044238,9492e163b6ef19b0563b1ce8302b8e8794e2e4c9c8031c62ff9774a3f63f6f58
carnosine,direct_neighbor_ridge,kidney,1,4,23,8.194436755335806,8.044084250077429,9492e163b6ef19b0563b1ce8302b8e8794e2e4c9c8031c62ff9774a3f63f6f58
carnosine,direct_neighbor_ridge,liver,1,4,25,17.288530582763006,16.653284736894772,9492e163b6ef19b0563b1ce8302b8e8794e2e4c9c8031c62ff9774a3f63f6f58
choline,direct_neighbor_ridge,autonomic_ganglia,0,0,16,4.284527619514236,5.224051425125382,db1ab3680dcfc2deb10e2511ec28b70b27966d5a436d724be48267bcbf200acf
choline,direct_neighbor_ridge,haematopoietic_and_lymphoid_tissue,0,0,163,194.47081224494337,118.85536816062502,db1ab3680dcfc2deb10e2511ec28b70b27966d5a436d724be48267bcbf200acf
choline,direct_neighbor_ridge,bone,0,1,19,29.264899645990827,30.033702508999294,32d2e2f547f707a9f12d899e65a934275c9f49020e10d214973126d05910ec9c
choline,direct_neighbor_ridge,ovary,0,1,45,27.1457918767389,28.66082729591255,32d2e2f547f707a9f12d899e65a934275c9f49020e10d214973126d05910ec9c
choline,direct_neighbor_ridge,skin,0,1,52,74.91853374235683,74.10701595599768,32d2e2f547f707a9f12d899e65a934275c9f49020e10d214973126d05910ec9c
choline,direct_neighbor_ridge,upper_aerodigestive_tract,0,1,30,17.838757370184318,18.17898413337493,32d2e2f547f707a9f12d899e65a934275c9f49020e10d214973126d05910ec9c
choline,direct_neighbor_ridge,urinary_tract,0,1,25,57.09053957668558,53.79026455396615,32d2e2f547f707a9f12d899e65a934275c9f49020e10d214973126d05910ec9c
choline,direct_neighbor_ridge,large_intestine,0,2,55,45.28249536974524,45.276141712627435,659dce4f66bf4ee0228513d024a4e287e9f1aa3957152332b1483ab0af67cb42
choline,direct_neighbor_ridge,oesophagus,0,2,25,16.740336337765534,15.907798531296415,659dce4f66bf4ee0228513d024a4e287e9f1aa3957152332b1483ab0af67cb42
choline,direct_neighbor_ridge,pancreas,0,2,41,62.43733395528983,60.91194598178431,659dce4f66bf4ee0228513d024a4e287e9f1aa3957152332b1483ab0af67cb42
choline,direct_neighbor_ridge,soft_tissue,0,2,18,9.725937120018814,9.625296649419298,659dce4f66bf4ee0228513d024a4e287e9f1aa3957152332b1483ab0af67cb42
choline,direct_neighbor_ridge,stomach,0,2,37,50.740870838551764,52.43442051094014,659dce4f66bf4ee0228513d024a4e287e9f1aa3957152332b1483ab0af67cb42
choline,direct_neighbor_ridge,breast,0,3,49,21.29347471315083,22.508365624049894,9492e163b6ef19b0563b1ce8302b8e8794e2e4c9c8031c62ff9774a3f63f6f58
choline,direct_neighbor_ridge,central_nervous_system,0,3,49,29.697185771487884,30.06033500314247,9492e163b6ef19b0563b1ce8302b8e8794e2e4c9c8031c62ff9774a3f63f6f58
choline,direct_neighbor_ridge,endometrium,0,3,28,51.83941587914702,52.37869540416895,9492e163b6ef19b0563b1ce8302b8e8794e2e4c9c8031c62ff9774a3f63f6f58
choline,direct_neighbor_ridge,kidney,0,3,23,10.134454830223245,11.273467784839237,9492e163b6ef19b0563b1ce8302b8e8794e2e4c9c8031c62ff9774a3f63f6f58
choline,direct_neighbor_ridge,liver,0,3,25,78.01843299506288,77.52635848983681,9492e163b6ef19b0563b1ce8302b8e8794e2e4c9c8031c62ff9774a3f63f6f58
choline,direct_neighbor_ridge,lung,0,4,176,195.74122869107902,194.46625657286125,cf9883e99ee1b956d01c2cb42a4d284b982ce23065d3616a5e1cced359e41fb5
choline,direct_neighbor_ridge,bone,1,0,19,29.264899645990827,30.033702508999294,32d2e2f547f707a9f12d899e65a934275c9f49020e10d214973126d05910ec9c
choline,direct_neighbor_ridge,ovary,1,0,45,27.1457918767389,28.66082729591255,32d2e2f547f707a9f12d899e65a934275c9f49020e10d214973126d05910ec9c
choline,direct_neighbor_ridge,skin,1,0,52,74.91853374235683,74.10701595599768,32d2e2f547f707a9f12d899e65a934275c9f49020e10d214973126d05910ec9c
choline,direct_neighbor_ridge,upper_aerodigestive_tract,1,0,30,17.838757370184318,18.17898413337493,32d2e2f547f707a9f12d899e65a934275c9f49020e10d214973126d05910ec9c
choline,direct_neighbor_ridge,urinary_tract,1,0,25,57.09053957668558,53.79026455396615,32d2e2f547f707a9f12d899e65a934275c9f49020e10d214973126d05910ec9c
choline,direct_neighbor_ridge,lung,1,1,176,195.74122869107902,194.46625657286125,cf9883e99ee1b956d01c2cb42a4d284b982ce23065d3616a5e1cced359e41fb5
choline,direct_neighbor_ridge,autonomic_ganglia,1,2,16,4.284527619514236,5.224051425125382,db1ab3680dcfc2deb10e2511ec28b70b27966d5a436d724be48267bcbf200acf
choline,direct_neighbor_ridge,haematopoietic_and_lymphoid_tissue,1,2,163,194.47081224494337,118.85536816062502,db1ab3680dcfc2deb10e2511ec28b70b27966d5a436d724be48267bcbf200acf
choline,direct_neighbor_ridge,large_intestine,1,3,55,45.28249536974524,45.276141712627435,659dce4f66bf4ee0228513d024a4e287e9f1aa3957152332b1483ab0af67cb42
choline,direct_neighbor_ridge,oesophagus,1,3,25,16.740336337765534,15.907798531296415,659dce4f66bf4ee0228513d024a4e287e9f1aa3957152332b1483ab0af67cb42
choline,direct_neighbor_ridge,pancreas,1,3,41,62.43733395528983,60.91194598178431,659dce4f66bf4ee0228513d024a4e287e9f1aa3957152332b1483ab0af67cb42
choline,direct_neighbor_ridge,soft_tissue,1,3,18,9.725937120018814,9.625296649419298,659dce4f66bf4ee0228513d024a4e287e9f1aa3957152332b1483ab0af67cb42
choline,direct_neighbor_ridge,stomach,1,3,37,50.740870838551764,52.43442051094014,659dce4f66bf4ee0228513d024a4e287e9f1aa3957152332b1483ab0af67cb42
choline,direct_neighbor_ridge,breast,1,4,49,21.29347471315083,22.508365624049894,9492e163b6ef19b0563b1ce8302b8e8794e2e4c9c8031c62ff9774a3f63f6f58
choline,direct_neighbor_ridge,central_nervous_system,1,4,49,29.697185771487884,30.06033500314247,9492e163b6ef19b0563b1ce8302b8e8794e2e4c9c8031c62ff9774a3f63f6f58
choline,direct_neighbor_ridge,endometrium,1,4,28,51.83941587914702,52.37869540416895,9492e163b6ef19b0563b1ce8302b8e8794e2e4c9c8031c62ff9774a3f63f6f58
choline,direct_neighbor_ridge,kidney,1,4,23,10.134454830223245,11.273467784839237,9492e163b6ef19b0563b1ce8302b8e8794e2e4c9c8031c62ff9774a3f63f6f58
choline,direct_neighbor_ridge,liver,1,4,25,78.01843299506288,77.52635848983681,9492e163b6ef19b0563b1ce8302b8e8794e2e4c9c8031c62ff9774a3f63f6f58
citrate,direct_neighbor_ridge,autonomic_ganglia,0,0,16,18.7111557976593,18.922157258138682,db1ab3680dcfc2deb10e2511ec28b70b27966d5a436d724be48267bcbf200acf
citrate,direct_neighbor_ridge,haematopoietic_and_lymphoid_tissue,0,0,163,363.6935459454703,376.187335327264,db1ab3680dcfc2deb10e2511ec28b70b27966d5a436d724be48267bcbf200acf
citrate,direct_neighbor_ridge,bone,0,1,19,14.455340201035742,18.176429040718432,32d2e2f547f707a9f12d899e65a934275c9f49020e10d214973126d05910ec9c
citrate,direct_neighbor_ridge,ovary,0,1,45,17.371641777176574,18.72210242151842,32d2e2f547f707a9f12d899e65a934275c9f49020e10d214973126d05910ec9c
citrate,direct_neighbor_ridge,skin,0,1,52,38.4854753014398,32.55426881521989,32d2e2f547f707a9f12d899e65a934275c9f49020e10d214973126d05910ec9c
citrate,direct_neighbor_ridge,upper_aerodigestive_tract,0,1,30,17.3962431766159,17.622456391503867,32d2e2f547f707a9f12d899e65a934275c9f49020e10d214973126d05910ec9c
citrate,direct_neighbor_ridge,urinary_tract,0,1,25,12.798287920292509,15.22585615120124,32d2e2f547f707a9f12d899e65a934275c9f49020e10d214973126d05910ec9c
citrate,direct_neighbor_ridge,large_intestine,0,2,55,48.98746780894559,49.15309479433493,659dce4f66bf4ee0228513d024a4e287e9f1aa3957152332b1483ab0af67cb42
citrate,direct_neighbor_ridge,oesophagus,0,2,25,14.128036628393241,14.971825445570532,659dce4f66bf4ee0228513d024a4e287e9f1aa3957152332b1483ab0af67cb42
citrate,direct_neighbor_ridge,pancreas,0,2,41,35.368282124901384,37.97264591369208,659dce4f66bf4ee0228513d024a4e287e9f1aa3957152332b1483ab0af67cb42
citrate,direct_neighbor_ridge,soft_tissue,0,2,18,14.8355062457751,16.86362278246952,659dce4f66bf4ee0228513d024a4e287e9f1aa3957152332b1483ab0af67cb42
citrate,direct_neighbor_ridge,stomach,0,2,37,41.44228000176248,40.83919946260039,659dce4f66bf4ee0228513d024a4e287e9f1aa3957152332b1483ab0af67cb42
citrate,direct_neighbor_ridge,breast,0,3,49,57.53163448246822,60.69860764437364,9492e163b6ef19b0563b1ce8302b8e8794e2e4c9c8031c62ff9774a3f63f6f58
citrate,direct_neighbor_ridge,central_nervous_system,0,3,49,48.587686581407326,49.828785145113514,9492e163b6ef19b0563b1ce8302b8e8794e2e4c9c8031c62ff9774a3f63f6f58
citrate,direct_neighbor_ridge,endometrium,0,3,28,14.782035033620467,17.147602983707497,9492e163b6ef19b0563b1ce8302b8e8794e2e4c9c8031c62ff9774a3f63f6f58
citrate,direct_neighbor_ridge,kidney,0,3,23,16.450131471238258,16.282552029430388,9492e163b6ef19b0563b1ce8302b8e8794e2e4c9c8031c62ff9774a3f63f6f58
citrate,direct_neighbor_ridge,liver,0,3,25,31.127130952097062,31.00022028572655,9492e163b6ef19b0563b1ce8302b8e8794e2e4c9c8031c62ff9774a3f63f6f58
citrate,direct_neighbor_ridge,lung,0,4,176,138.69409130627776,139.19463003596906,cf9883e99ee1b956d01c2cb42a4d284b982ce23065d3616a5e1cced359e41fb5
citrate,direct_neighbor_ridge,bone,1,0,19,14.455340201035742,18.176429040718432,32d2e2f547f707a9f12d899e65a934275c9f49020e10d214973126d05910ec9c
citrate,direct_neighbor_ridge,ovary,1,0,45,17.371641777176574,18.72210242151842,32d2e2f547f707a9f12d899e65a934275c9f49020e10d214973126d05910ec9c
citrate,direct_neighbor_ridge,skin,1,0,52,38.4854753014398,32.55426881521989,32d2e2f547f707a9f12d899e65a934275c9f49020e10d214973126d05910ec9c
citrate,direct_neighbor_ridge,upper_aerodigestive_tract,1,0,30,17.3962431766159,17.622456391503867,32d2e2f547f707a9f12d899e65a934275c9f49020e10d214973126d05910ec9c
citrate,direct_neighbor_ridge,urinary_tract,1,0,25,12.798287920292509,15.22585615120124,32d2e2f547f707a9f12d899e65a934275c9f49020e10d214973126d05910ec9c
citrate,direct_neighbor_ridge,lung,1,1,176,138.69409130627776,139.19463003596906,cf9883e99ee1b956d01c2cb42a4d284b982ce23065d3616a5e1cced359e41fb5
citrate,direct_neighbor_ridge,autonomic_ganglia,1,2,16,18.71064698947095,18.922157258138682,db1ab3680dcfc2deb10e2511ec28b70b27966d5a436d724be48267bcbf200acf
citrate,direct_neighbor_ridge,haematopoietic_and_lymphoid_tissue,1,2,163,363.62786575999405,376.187335327264,db1ab3680dcfc2deb10e2511ec28b70b27966d5a436d724be48267bcbf200acf
citrate,direct_neighbor_ridge,large_intestine,1,3,55,48.748970743093594,49.15309479433493,659dce4f66bf4ee0228513d024a4e287e9f1aa3957152332b1483ab0af67cb42
citrate,direct_neighbor_ridge,oesophagus,1,3,25,14.115229711085076,14.971825445570532,659dce4f66bf4ee0228513d024a4e287e9f1aa3957152332b1483ab0af67cb42
citrate,direct_neighbor_ridge,pancreas,1,3,41,35.4591152281454,37.97264591369208,659dce4f66bf4ee0228513d024a4e287e9f1aa3957152332b1483ab0af67cb42
citrate,direct_neighbor_ridge,soft_tissue,1,3,18,14.989283240646882,16.86362278246952,659dce4f66bf4ee0228513d024a4e287e9f1aa3957152332b1483ab0af67cb42
citrate,direct_neighbor_ridge,stomach,1,3,37,41.245884831940735,40.83919946260039,659dce4f66bf4ee0228513d024a4e287e9f1aa3957152332b1483ab0af67cb42
citrate,direct_neighbor_ridge,breast,1,4,49,57.52082958390309,60.69860764437364,9492e163b6ef19b0563b1ce8302b8e8794e2e4c9c8031c62ff9774a3f63f6f58
citrate,direct_neighbor_ridge,central_nervous_system,1,4,49,48.59398234345585,49.828785145113514,9492e163b6ef19b0563b1ce8302b8e8794e2e4c9c8031c62ff9774a3f63f6f58
citrate,direct_neighbor_ridge,endometrium,1,4,28,14.772369213658019,17.147602983707497,9492e163b6ef19b0563b1ce8302b8e8794e2e4c9c8031c62ff9774a3f63f6f58
citrate,direct_neighbor_ridge,kidney,1,4,23,16.46333100519856,16.282552029430388,9492e163b6ef19b0563b1ce8302b8e8794e2e4c9c8031c62ff9774a3f63f6f58
citrate,direct_neighbor_ridge,liver,1,4,25,31.151278826621763,31.00022028572655,9492e163b6ef19b0563b1ce8302b8e8794e2e4c9c8031c62ff9774a3f63f6f58
citrulline,direct_neighbor_ridge,autonomic_ganglia,0,0,16,9.493264211303833,13.478190217996879,db1ab3680dcfc2deb10e2511ec28b70b27966d5a436d724be48267bcbf200acf
citrulline,direct_neighbor_ridge,haematopoietic_and_lymphoid_tissue,0,0,163,236.4960216294948,302.9409497293624,db1ab3680dcfc2deb10e2511ec28b70b27966d5a436d724be48267bcbf200acf
citrulline,direct_neighbor_ridge,bone,0,1,19,9.91151743694145,12.838399312575158,32d2e2f547f707a9f12d899e65a934275c9f49020e10d214973126d05910ec9c
citrulline,direct_neighbor_ridge,ovary,0,1,45,29.37896105939058,39.984797150460864,32d2e2f547f707a9f12d899e65a934275c9f49020e10d214973126d05910ec9c
citrulline,direct_neighbor_ridge,skin,0,1,52,19.48127953885034,20.563689863644402,32d2e2f547f707a9f12d899e65a934275c9f49020e10d214973126d05910ec9c
citrulline,direct_neighbor_ridge,upper_aerodigestive_tract,0,1,30,16.391847480392705,14.898138569380418,32d2e2f547f707a9f12d899e65a934275c9f49020e10d214973126d05910ec9c
citrulline,direct_neighbor_ridge,urinary_tract,0,1,25,9.430648844171158,10.892896762573933,32d2e2f547f707a9f12d899e65a934275c9f49020e10d214973126d05910ec9c
citrulline,direct_neighbor_ridge,large_intestine,0,2,55,42.129800477659465,43.88903638982299,659dce4f66bf4ee0228513d024a4e287e9f1aa3957152332b1483ab0af67cb42
citrulline,direct_neighbor_ridge,oesophagus,0,2,25,20.47598287219022,15.031664306439458,659dce4f66bf4ee0228513d024a4e287e9f1aa3957152332b1483ab0af67cb42
citrulline,direct_neighbor_ridge,pancreas,0,2,41,24.21999688252741,32.078513313016224,659dce4f66bf4ee0228513d024a4e287e9f1aa3957152332b1483ab0af67cb42
citrulline,direct_neighbor_ridge,soft_tissue,0,2,18,12.212888803971765,17.500418440206914,659dce4f66bf4ee0228513d024a4e287e9f1aa3957152332b1483ab0af67cb42
citrulline,direct_neighbor_ridge,stomach,0,2,37,20.82616328686083,31.10666853693129,659dce4f66bf4ee0228513d024a4e287e9f1aa3957152332b1483ab0af67cb42
citrulline,direct_neighbor_ridge,breast,0,3,49,41.5733045230234,63.42870715180403,9492e163b6ef19b0563b1ce8302b8e8794e2e4c9c8031c62ff9774a3f63f6f58
citrulline,direct_neighbor_ridge,central_nervous_system,0,3,49,45.57143185295317,53.101841206015195,9492e163b6ef19b0563b1ce8302b8e8794e2e4c9c8031c62ff9774a3f63f6f58
citrulline,direct_neighbor_ridge,endometrium,0,3,28,14.98067438480125,26.57865425491243,9492e163b6ef19b0563b1ce8302b8e8794e2e4c9c8031c62ff9774a3f63f6f58
citrulline,direct_neighbor_ridge,kidney,0,3,23,13.27687836797708,16.092772517679883,9492e163b6ef19b0563b1ce8302b8e8794e2e4c9c8031c62ff9774a3f63f6f58
citrulline,direct_neighbor_ridge,liver,0,3,25,14.343803875302212,26.833947644053474,9492e163b6ef19b0563b1ce8302b8e8794e2e4c9c8031c62ff9774a3f63f6f58
citrulline,direct_neighbor_ridge,lung,0,4,176,153.9388024637901,195.6082319321508,cf9883e99ee1b956d01c2cb42a4d284b982ce23065d3616a5e1cced359e41fb5
citrulline,direct_neighbor_ridge,bone,1,0,19,9.91151743694145,12.838399312575158,32d2e2f547f707a9f12d899e65a934275c9f49020e10d214973126d05910ec9c
citrulline,direct_neighbor_ridge,ovary,1,0,45,29.37896105939058,39.984797150460864,32d2e2f547f707a9f12d899e65a934275c9f49020e10d214973126d05910ec9c
citrulline,direct_neighbor_ridge,skin,1,0,52,19.48127953885034,20.563689863644402,32d2e2f547f707a9f12d899e65a934275c9f49020e10d214973126d05910ec9c
citrulline,direct_neighbor_ridge,upper_aerodigestive_tract,1,0,30,16.391847480392705,14.898138569380418,32d2e2f547f707a9f12d899e65a934275c9f49020e10d214973126d05910ec9c
citrulline,direct_neighbor_ridge,urinary_tract,1,0,25,9.430648844171158,10.892896762573933,32d2e2f547f707a9f12d899e65a934275c9f49020e10d214973126d05910ec9c
citrulline,direct_neighbor_ridge,lung,1,1,176,153.9388024637901,195.6082319321508,cf9883e99ee1b956d01c2cb42a4d284b982ce23065d3616a5e1cced359e41fb5
citrulline,direct_neighbor_ridge,autonomic_ganglia,1,2,16,9.493264211303833,13.478190217996879,db1ab3680dcfc2deb10e2511ec28b70b27966d5a436d724be48267bcbf200acf
citrulline,direct_neighbor_ridge,haematopoietic_and_lymphoid_tissue,1,2,163,236.4960216294948,302.9409497293624,db1ab3680dcfc2deb10e2511ec28b70b27966d5a436d724be48267bcbf200acf
citrulline,direct_neighbor_ridge,large_intestine,1,3,55,42.129800477659465,43.88903638982299,659dce4f66bf4ee0228513d024a4e287e9f1aa3957152332b1483ab0af67cb42
citrulline,direct_neighbor_ridge,oesophagus,1,3,25,20.47598287219022,15.031664306439458,659dce4f66bf4ee0228513d024a4e287e9f1aa3957152332b1483ab0af67cb42
citrulline,direct_neighbor_ridge,pancreas,1,3,41,24.21999688252741,32.078513313016224,659dce4f66bf4ee0228513d024a4e287e9f1aa3957152332b1483ab0af67cb42
citrulline,direct_neighbor_ridge,soft_tissue,1,3,18,12.212888803971765,17.500418440206914,659dce4f66bf4ee0228513d024a4e287e9f1aa3957152332b1483ab0af67cb42
citrulline,direct_neighbor_ridge,stomach,1,3,37,20.82616328686083,31.10666853693129,659dce4f66bf4ee0228513d024a4e287e9f1aa3957152332b1483ab0af67cb42
citrulline,direct_neighbor_ridge,breast,1,4,49,43.88246613522672,63.42870715180403,9492e163b6ef19b0563b1ce8302b8e8794e2e4c9c8031c62ff9774a3f63f6f58
citrulline,direct_neighbor_ridge,central_nervous_system,1,4,49,45.150380910777116,53.101841206015195,9492e163b6ef19b0563b1ce8302b8e8794e2e4c9c8031c62ff9774a3f63f6f58
citrulline,direct_neighbor_ridge,endometrium,1,4,28,15.579036386263212,26.57865425491243,9492e163b6ef19b0563b1ce8302b8e8794e2e4c9c8031c62ff9774a3f63f6f58
citrulline,direct_neighbor_ridge,kidney,1,4,23,13.288276330725676,16.092772517679883,9492e163b6ef19b0563b1ce8302b8e8794e2e4c9c8031c62ff9774a3f63f6f58
citrulline,direct_neighbor_ridge,liver,1,4,25,15.178404629339067,26.833947644053474,9492e163b6ef19b0563b1ce8302b8e8794e2e4c9c8031c62ff9774a3f63f6f58
cytidine,direct_neighbor_ridge,autonomic_ganglia,0,0,16,44.10196826159546,44.26663567169584,db1ab3680dcfc2deb10e2511ec28b70b27966d5a436d724be48267bcbf200acf
cytidine,direct_neighbor_ridge,haematopoietic_and_lymphoid_tissue,0,0,163,279.00971330351956,440.6086978743965,db1ab3680dcfc2deb10e2511ec28b70b27966d5a436d724be48267bcbf200acf
cytidine,direct_neighbor_ridge,bone,0,1,19,10.184685880719341,14.514141423027208,32d2e2f547f707a9f12d899e65a934275c9f49020e10d214973126d05910ec9c
cytidine,direct_neighbor_ridge,ovary,0,1,45,26.439815428338076,29.101047348286006,32d2e2f547f707a9f12d899e65a934275c9f49020e10d214973126d05910ec9c
cytidine,direct_neighbor_ridge,skin,0,1,52,42.61875730682062,32.78297655566914,32d2e2f547f707a9f12d899e65a934275c9f49020e10d214973126d05910ec9c
cytidine,direct_neighbor_ridge,upper_aerodigestive_tract,0,1,30,29.196439811563973,38.030374007723225,32d2e2f547f707a9f12d899e65a934275c9f49020e10d214973126d05910ec9c
cytidine,direct_neighbor_ridge,urinary_tract,0,1,25,14.288840001399368,21.423543847325398,32d2e2f547f707a9f12d899e65a934275c9f49020e10d214973126d05910ec9c
cytidine,direct_neighbor_ridge,large_intestine,0,2,55,52.480498463227576,60.725711782105144,659dce4f66bf4ee0228513d024a4e287e9f1aa3957152332b1483ab0af67cb42
cytidine,direct_neighbor_ridge,oesophagus,0,2,25,23.30116267703844,27.704363915223354,659dce4f66bf4ee0228513d024a4e287e9f1aa3957152332b1483ab0af67cb42
cytidine,direct_neighbor_ridge,pancreas,0,2,41,34.914189889128394,40.23293126871523,659dce4f66bf4ee0228513d024a4e287e9f1aa3957152332b1483ab0af67cb42
cytidine,direct_neighbor_ridge,soft_tissue,0,2,18,18.466281183898047,15.936059202008233,659dce4f66bf4ee0228513d024a4e287e9f1aa3957152332b1483ab0af67cb42
cytidine,direct_neighbor_ridge,stomach,0,2,37,27.082767048896436,31.79442764399004,659dce4f66bf4ee0228513d024a4e287e9f1aa3957152332b1483ab0af67cb42
cytidine,direct_neighbor_ridge,breast,0,3,49,46.51299067445763,45.34669298209357,9492e163b6ef19b0563b1ce8302b8e8794e2e4c9c8031c62ff9774a3f63f6f58
cytidine,direct_neighbor_ridge,central_nervous_system,0,3,49,37.655746645842406,22.270222452538743,9492e163b6ef19b0563b1ce8302b8e8794e2e4c9c8031c62ff9774a3f63f6f58
cytidine,direct_neighbor_ridge,endometrium,0,3,28,11.7272479894319,19.391082464139533,9492e163b6ef19b0563b1ce8302b8e8794e2e4c9c8031c62ff9774a3f63f6f58
cytidine,direct_neighbor_ridge,kidney,0,3,23,10.785759138462138,11.605984244282299,9492e163b6ef19b0563b1ce8302b8e8794e2e4c9c8031c62ff9774a3f63f6f58
cytidine,direct_neighbor_ridge,liver,0,3,25,19.0459025290519,18.602150786983284,9492e163b6ef19b0563b1ce8302b8e8794e2e4c9c8031c62ff9774a3f63f6f58
cytidine,direct_neighbor_ridge,lung,0,4,176,115.18917099249734,128.82039392111292,cf9883e99ee1b956d01c2cb42a4d284b982ce23065d3616a5e1cced359e41fb5
cytidine,direct_neighbor_ridge,bone,1,0,19,10.184685880719341,14.514141423027208,32d2e2f547f707a9f12d899e65a934275c9f49020e10d214973126d05910ec9c
cytidine,direct_neighbor_ridge,ovary,1,0,45,26.439815428338076,29.101047348286006,32d2e2f547f707a9f12d899e65a934275c9f49020e10d214973126d05910ec9c
cytidine,direct_neighbor_ridge,skin,1,0,52,42.61875730682062,32.78297655566914,32d2e2f547f707a9f12d899e65a934275c9f49020e10d214973126d05910ec9c
cytidine,direct_neighbor_ridge,upper_aerodigestive_tract,1,0,30,29.196439811563973,38.030374007723225,32d2e2f547f707a9f12d899e65a934275c9f49020e10d214973126d05910ec9c
cytidine,direct_neighbor_ridge,urinary_tract,1,0,25,14.288840001399368,21.423543847325398,32d2e2f547f707a9f12d899e65a934275c9f49020e10d214973126d05910ec9c
cytidine,direct_neighbor_ridge,lung,1,1,176,115.6644239956492,128.82039392111292,cf9883e99ee1b956d01c2cb42a4d284b982ce23065d3616a5e1cced359e41fb5
cytidine,direct_neighbor_ridge,autonomic_ganglia,1,2,16,44.10196826159546,44.26663567169584,db1ab3680dcfc2deb10e2511ec28b70b27966d5a436d724be48267bcbf200acf
cytidine,direct_neighbor_ridge,haematopoietic_and_lymphoid_tissue,1,2,163,279.00971330351956,440.6086978743965,db1ab3680dcfc2deb10e2511ec28b70b27966d5a436d724be48267bcbf200acf
cytidine,direct_neighbor_ridge,large_intestine,1,3,55,52.25244408377026,60.725711782105144,659dce4f66bf4ee0228513d024a4e287e9f1aa3957152332b1483ab0af67cb42
cytidine,direct_neighbor_ridge,oesophagus,1,3,25,23.78364312898836,27.704363915223354,659dce4f66bf4ee0228513d024a4e287e9f1aa3957152332b1483ab0af67cb42
cytidine,direct_neighbor_ridge,pancreas,1,3,41,35.18936324951995,40.23293126871523,659dce4f66bf4ee0228513d024a4e287e9f1aa3957152332b1483ab0af67cb42
cytidine,direct_neighbor_ridge,soft_tissue,1,3,18,18.091018924874486,15.936059202008233,659dce4f66bf4ee0228513d024a4e287e9f1aa3957152332b1483ab0af67cb42
cytidine,direct_neighbor_ridge,stomach,1,3,37,26.91040500714888,31.79442764399004,659dce4f66bf4ee0228513d024a4e287e9f1aa3957152332b1483ab0af67cb42
cytidine,direct_neighbor_ridge,breast,1,4,49,46.51299067445763,45.34669298209357,9492e163b6ef19b0563b1ce8302b8e8794e2e4c9c8031c62ff9774a3f63f6f58
cytidine,direct_neighbor_ridge,central_nervous_system,1,4,49,37.655746645842406,22.270222452538743,9492e163b6ef19b0563b1ce8302b8e8794e2e4c9c8031c62ff9774a3f63f6f58
cytidine,direct_neighbor_ridge,endometrium,1,4,28,11.7272479894319,19.391082464139533,9492e163b6ef19b0563b1ce8302b8e8794e2e4c9c8031c62ff9774a3f63f6f58
cytidine,direct_neighbor_ridge,kidney,1,4,23,10.785759138462138,11.605984244282299,9492e163b6ef19b0563b1ce8302b8e8794e2e4c9c8031c62ff9774a3f63f6f58
cytidine,direct_neighbor_ridge,liver,1,4,25,19.0459025290519,18.602150786983284,9492e163b6ef19b0563b1ce8302b8e8794e2e4c9c8031c62ff9774a3f63f6f58
dimethylglycine,direct_neighbor_ridge,autonomic_ganglia,0,0,16,8.470118482061475,14.18789111718186,db1ab3680dcfc2deb10e2511ec28b70b27966d5a436d724be48267bcbf200acf
dimethylglycine,direct_neighbor_ridge,haematopoietic_and_lymphoid_tissue,0,0,163,158.55984653332928,364.2018681420492,db1ab3680dcfc2deb10e2511ec28b70b27966d5a436d724be48267bcbf200acf
dimethylglycine,direct_neighbor_ridge,bone,0,1,19,6.907946104468875,12.447158466530382,32d2e2f547f707a9f12d899e65a934275c9f49020e10d214973126d05910ec9c
dimethylglycine,direct_neighbor_ridge,ovary,0,1,45,31.029485111022097,44.28645020680482,32d2e2f547f707a9f12d899e65a934275c9f49020e10d214973126d05910ec9c
dimethylglycine,direct_neighbor_ridge,skin,0,1,52,15.450851402502039,18.626282904052868,32d2e2f547f707a9f12d899e65a934275c9f49020e10d214973126d05910ec9c
dimethylglycine,direct_neighbor_ridge,upper_aerodigestive_tract,0,1,30,12.113511219365185,14.771378934202376,32d2e2f547f707a9f12d899e65a934275c9f49020e10d214973126d05910ec9c
dimethylglycine,direct_neighbor_ridge,urinary_tract,0,1,25,4.7190584393437165,7.285483580317817,32d2e2f547f707a9f12d899e65a934275c9f49020e10d214973126d05910ec9c
dimethylglycine,direct_neighbor_ridge,large_intestine,0,2,55,19.613513599066376,45.938454149169814,659dce4f66bf4ee0228513d024a4e287e9f1aa3957152332b1483ab0af67cb42
dimethylglycine,direct_neighbor_ridge,oesophagus,0,2,25,7.312999424381656,10.813341644091352,659dce4f66bf4ee0228513d024a4e287e9f1aa3957152332b1483ab0af67cb42
dimethylglycine,direct_neighbor_ridge,pancreas,0,2,41,21.194820977635636,35.638788194866166,659dce4f66bf4ee0228513d024a4e287e9f1aa3957152332b1483ab0af67cb42
dimethylglycine,direct_neighbor_ridge,soft_tissue,0,2,18,22.798637875381825,15.081515078332563,659dce4f66bf4ee0228513d024a4e287e9f1aa3957152332b1483ab0af67cb42
dimethylglycine,direct_neighbor_ridge,stomach,0,2,37,14.638588759961813,37.38725560227037,659dce4f66bf4ee0228513d024a4e287e9f1aa3957152332b1483ab0af67cb42
dimethylglycine,direct_neighbor_ridge,breast,0,3,49,30.203294224291174,53.23604681669628,9492e163b6ef19b0563b1ce8302b8e8794e2e4c9c8031c62ff9774a3f63f6f58
dimethylglycine,direct_neighbor_ridge,central_nervous_system,0,3,49,30.222303524994775,48.21498979832058,9492e163b6ef19b0563b1ce8302b8e8794e2e4c9c8031c62ff9774a3f63f6f58
dimethylglycine,direct_neighbor_ridge,endometrium,0,3,28,24.87691252889408,24.31957434898333,9492e163b6ef19b0563b1ce8302b8e8794e2e4c9c8031c62ff9774a3f63f6f58
dimethylglycine,direct_neighbor_ridge,kidney,0,3,23,11.153698490531061,13.653902375490318,9492e163b6ef19b0563b1ce8302b8e8794e2e4c9c8031c62ff9774a3f63f6f58
dimethylglycine,direct_neighbor_ridge,liver,0,3,25,16.98528354830332,27.67200706385888,9492e163b6ef19b0563b1ce8302b8e8794e2e4c9c8031c62ff9774a3f63f6f58
dimethylglycine,direct_neighbor_ridge,lung,0,4,176,120.65060640260347,211.9305574295125,cf9883e99ee1b956d01c2cb42a4d284b982ce23065d3616a5e1cced359e41fb5
dimethylglycine,direct_neighbor_ridge,bone,1,0,19,6.907946104468875,12.447158466530382,32d2e2f547f707a9f12d899e65a934275c9f49020e10d214973126d05910ec9c
dimethylglycine,direct_neighbor_ridge,ovary,1,0,45,31.029485111022097,44.28645020680482,32d2e2f547f707a9f12d899e65a934275c9f49020e10d214973126d05910ec9c
dimethylglycine,direct_neighbor_ridge,skin,1,0,52,15.450851402502039,18.626282904052868,32d2e2f547f707a9f12d899e65a934275c9f49020e10d214973126d05910ec9c
dimethylglycine,direct_neighbor_ridge,upper_aerodigestive_tract,1,0,30,12.113511219365185,14.771378934202376,32d2e2f547f707a9f12d899e65a934275c9f49020e10d214973126d05910ec9c
dimethylglycine,direct_neighbor_ridge,urinary_tract,1,0,25,4.7190584393437165,7.285483580317817,32d2e2f547f707a9f12d899e65a934275c9f49020e10d214973126d05910ec9c
dimethylglycine,direct_neighbor_ridge,lung,1,1,176,120.65060640260347,211.9305574295125,cf9883e99ee1b956d01c2cb42a4d284b982ce23065d3616a5e1cced359e41fb5
dimethylglycine,direct_neighbor_ridge,autonomic_ganglia,1,2,16,8.470118482061475,14.18789111718186,db1ab3680dcfc2deb10e2511ec28b70b27966d5a436d724be48267bcbf200acf
dimethylglycine,direct_neighbor_ridge,haematopoietic_and_lymphoid_tissue,1,2,163,158.55984653332928,364.2018681420492,db1ab3680dcfc2deb10e2511ec28b70b27966d5a436d724be48267bcbf200acf
dimethylglycine,direct_neighbor_ridge,large_intestine,1,3,55,19.613513599066376,45.938454149169814,659dce4f66bf4ee0228513d024a4e287e9f1aa3957152332b1483ab0af67cb42
dimethylglycine,direct_neighbor_ridge,oesophagus,1,3,25,7.312999424381656,10.813341644091352,659dce4f66bf4ee0228513d024a4e287e9f1aa3957152332b1483ab0af67cb42
dimethylglycine,direct_neighbor_ridge,pancreas,1,3,41,21.194820977635636,35.638788194866166,659dce4f66bf4ee0228513d024a4e287e9f1aa3957152332b1483ab0af67cb42
dimethylglycine,direct_neighbor_ridge,soft_tissue,1,3,18,22.798637875381825,15.081515078332563,659dce4f66bf4ee0228513d024a4e287e9f1aa3957152332b1483ab0af67cb42
dimethylglycine,direct_neighbor_ridge,stomach,1,3,37,14.638588759961813,37.38725560227037,659dce4f66bf4ee0228513d024a4e287e9f1aa3957152332b1483ab0af67cb42
dimethylglycine,direct_neighbor_ridge,breast,1,4,49,30.203294224291174,53.23604681669628,9492e163b6ef19b0563b1ce8302b8e8794e2e4c9c8031c62ff9774a3f63f6f58
dimethylglycine,direct_neighbor_ridge,central_nervous_system,1,4,49,30.222303524994775,48.21498979832058,9492e163b6ef19b0563b1ce8302b8e8794e2e4c9c8031c62ff9774a3f63f6f58
dimethylglycine,direct_neighbor_ridge,endometrium,1,4,28,24.87691252889408,24.31957434898333,9492e163b6ef19b0563b1ce8302b8e8794e2e4c9c8031c62ff9774a3f63f6f58
dimethylglycine,direct_neighbor_ridge,kidney,1,4,23,11.153698490531061,13.653902375490318,9492e163b6ef19b0563b1ce8302b8e8794e2e4c9c8031c62ff9774a3f63f6f58
dimethylglycine,direct_neighbor_ridge,liver,1,4,25,16.98528354830332,27.67200706385888,9492e163b6ef19b0563b1ce8302b8e8794e2e4c9c8031c62ff9774a3f63f6f58
glucuronate,direct_neighbor_ridge,autonomic_ganglia,0,0,16,8.140058140258672,6.828466433852933,db1ab3680dcfc2deb10e2511ec28b70b27966d5a436d724be48267bcbf200acf
glucuronate,direct_neighbor_ridge,haematopoietic_and_lymphoid_tissue,0,0,163,496.5918166122498,525.998071474369,db1ab3680dcfc2deb10e2511ec28b70b27966d5a436d724be48267bcbf200acf
glucuronate,direct_neighbor_ridge,bone,0,1,19,8.022912682952693,9.82506552440301,32d2e2f547f707a9f12d899e65a934275c9f49020e10d214973126d05910ec9c
glucuronate,direct_neighbor_ridge,ovary,0,1,45,17.546111260951378,21.098023038180333,32d2e2f547f707a9f12d899e65a934275c9f49020e10d214973126d05910ec9c
glucuronate,direct_neighbor_ridge,skin,0,1,52,24.691382931373713,25.860512359695054,32d2e2f547f707a9f12d899e65a934275c9f49020e10d214973126d05910ec9c
glucuronate,direct_neighbor_ridge,upper_aerodigestive_tract,0,1,30,15.726565393142746,21.205203265176774,32d2e2f547f707a9f12d899e65a934275c9f49020e10d214973126d05910ec9c
glucuronate,direct_neighbor_ridge,urinary_tract,0,1,25,15.44567438922562,20.903138021521197,32d2e2f547f707a9f12d899e65a934275c9f49020e10d214973126d05910ec9c
glucuronate,direct_neighbor_ridge,large_intestine,0,2,55,27.977539121048352,28.454151983026623,659dce4f66bf4ee0228513d024a4e287e9f1aa3957152332b1483ab0af67cb42
glucuronate,direct_neighbor_ridge,oesophagus,0,2,25,8.481736524938734,12.567113890318588,659dce4f66bf4ee0228513d024a4e287e9f1aa3957152332b1483ab0af67cb42
glucuronate,direct_neighbor_ridge,pancreas,0,2,41,27.50097485503967,34.50411915597455,659dce4f66bf4ee0228513d024a4e287e9f1aa3957152332b1483ab0af67cb42
glucuronate,direct_neighbor_ridge,soft_tissue,0,2,18,10.865855572157681,10.607281726875682,659dce4f66bf4ee0228513d024a4e287e9f1aa3957152332b1483ab0af67cb42
glucuronate,direct_neighbor_ridge,stomach,0,2,37,19.16762013633154,24.88574101422555,659dce4f66bf4ee0228513d024a4e287e9f1aa3957152332b1483ab0af67cb42
glucuronate,direct_neighbor_ridge,breast,0,3,49,39.58175601575827,37.822538954555654,9492e163b6ef19b0563b1ce8302b8e8794e2e4c9c8031c62ff9774a3f63f6f58
glucuronate,direct_neighbor_ridge,central_nervous_system,0,3,49,35.642897619497006,39.33138377420948,9492e163b6ef19b0563b1ce8302b8e8794e2e4c9c8031c62ff9774a3f63f6f58
glucuronate,direct_neighbor_ridge,endometrium,0,3,28,18.663479375035465,20.179316242936036,9492e163b6ef19b0563b1ce8302b8e8794e2e4c9c8031c62ff9774a3f63f6f58
glucuronate,direct_neighbor_ridge,kidney,0,3,23,13.06066538877171,13.76941920623575,9492e163b6ef19b0563b1ce8302b8e8794e2e4c9c8031c62ff9774a3f63f6f58
glucuronate,direct_neighbor_ridge,liver,0,3,25,11.118588232211092,13.728820565671887,9492e163b6ef19b0563b1ce8302b8e8794e2e4c9c8031c62ff9774a3f63f6f58
glucuronate,direct_neighbor_ridge,lung,0,4,176,139.97946285943632,152.17508845246573,cf9883e99ee1b956d01c2cb42a4d284b982ce23065d3616a5e1cced359e41fb5
glucuronate,direct_neighbor_ridge,bone,1,0,19,8.022912682952693,9.82506552440301,32d2e2f547f707a9f12d899e65a934275c9f49020e10d214973126d05910ec9c
glucuronate,direct_neighbor_ridge,ovary,1,0,45,17.546111260951378,21.098023038180333,32d2e2f547f707a9f12d899e65a934275c9f49020e10d214973126d05910ec9c
glucuronate,direct_neighbor_ridge,skin,1,0,52,24.691382931373713,25.860512359695054,32d2e2f547f707a9f12d899e65a934275c9f49020e10d214973126d05910ec9c
glucuronate,direct_neighbor_ridge,upper_aerodigestive_tract,1,0,30,15.726565393142746,21.205203265176774,32d2e2f547f707a9f12d899e65a934275c9f49020e10d214973126d05910ec9c
glucuronate,direct_neighbor_ridge,urinary_tract,1,0,25,15.44567438922562,20.903138021521197,32d2e2f547f707a9f12d899e65a934275c9f49020e10d214973126d05910ec9c
glucuronate,direct_neighbor_ridge,lung,1,1,176,139.93840544095045,152.17508845246573,cf9883e99ee1b956d01c2cb42a4d284b982ce23065d3616a5e1cced359e41fb5
glucuronate,direct_neighbor_ridge,autonomic_ganglia,1,2,16,8.140058140258672,6.828466433852933,db1ab3680dcfc2deb10e2511ec28b70b27966d5a436d724be48267bcbf200acf
glucuronate,direct_neighbor_ridge,haematopoietic_and_lymphoid_tissue,1,2,163,496.5918166122498,525.998071474369,db1ab3680dcfc2deb10e2511ec28b70b27966d5a436d724be48267bcbf200acf
glucuronate,direct_neighbor_ridge,large_intestine,1,3,55,27.977539121048352,28.454151983026623,659dce4f66bf4ee0228513d024a4e287e9f1aa3957152332b1483ab0af67cb42
glucuronate,direct_neighbor_ridge,oesophagus,1,3,25,8.481736524938734,12.567113890318588,659dce4f66bf4ee0228513d024a4e287e9f1aa3957152332b1483ab0af67cb42
glucuronate,direct_neighbor_ridge,pancreas,1,3,41,27.50097485503967,34.50411915597455,659dce4f66bf4ee0228513d024a4e287e9f1aa3957152332b1483ab0af67cb42
glucuronate,direct_neighbor_ridge,soft_tissue,1,3,18,10.865855572157681,10.607281726875682,659dce4f66bf4ee0228513d024a4e287e9f1aa3957152332b1483ab0af67cb42
glucuronate,direct_neighbor_ridge,stomach,1,3,37,19.16762013633154,24.88574101422555,659dce4f66bf4ee0228513d024a4e287e9f1aa3957152332b1483ab0af67cb42
glucuronate,direct_neighbor_ridge,breast,1,4,49,39.58175601575827,37.822538954555654,9492e163b6ef19b0563b1ce8302b8e8794e2e4c9c8031c62ff9774a3f63f6f58
glucuronate,direct_neighbor_ridge,central_nervous_system,1,4,49,35.642897619497006,39.33138377420948,9492e163b6ef19b0563b1ce8302b8e8794e2e4c9c8031c62ff9774a3f63f6f58
glucuronate,direct_neighbor_ridge,endometrium,1,4,28,18.663479375035465,20.179316242936036,9492e163b6ef19b0563b1ce8302b8e8794e2e4c9c8031c62ff9774a3f63f6f58
glucuronate,direct_neighbor_ridge,kidney,1,4,23,13.06066538877171,13.76941920623575,9492e163b6ef19b0563b1ce8302b8e8794e2e4c9c8031c62ff9774a3f63f6f58
glucuronate,direct_neighbor_ridge,liver,1,4,25,11.118588232211092,13.728820565671887,9492e163b6ef19b0563b1ce8302b8e8794e2e4c9c8031c62ff9774a3f63f6f58
glutamate,direct_neighbor_ridge,autonomic_ganglia,0,0,16,8.482156056409588,8.942390323417182,db1ab3680dcfc2deb10e2511ec28b70b27966d5a436d724be48267bcbf200acf
glutamate,direct_neighbor_ridge,haematopoietic_and_lymphoid_tissue,0,0,163,223.0389996331865,230.32044558221963,db1ab3680dcfc2deb10e2511ec28b70b27966d5a436d724be48267bcbf200acf
glutamate,direct_neighbor_ridge,bone,0,1,19,14.19736960271615,15.344107861396134,32d2e2f547f707a9f12d899e65a934275c9f49020e10d214973126d05910ec9c
glutamate,direct_neighbor_ridge,ovary,0,1,45,28.376259927710514,26.883472169715642,32d2e2f547f707a9f12d899e65a934275c9f49020e10d214973126d05910ec9c
glutamate,direct_neighbor_ridge,skin,0,1,52,33.97984337611156,32.866303903699674,32d2e2f547f707a9f12d899e65a934275c9f49020e10d214973126d05910ec9c
glutamate,direct_neighbor_ridge,upper_aerodigestive_tract,0,1,30,21.098623483404157,14.4292912703579,32d2e2f547f707a9f12d899e65a934275c9f49020e10d214973126d05910ec9c
glutamate,direct_neighbor_ridge,urinary_tract,0,1,25,23.445887295577705,21.999014928587588,32d2e2f547f707a9f12d899e65a934275c9f49020e10d214973126d05910ec9c
glutamate,direct_neighbor_ridge,large_intestine,0,2,55,61.18473384148189,72.80719067430682,659dce4f66bf4ee0228513d024a4e287e9f1aa3957152332b1483ab0af67cb42
glutamate,direct_neighbor_ridge,oesophagus,0,2,25,6.119685922955084,6.289209639648834,659dce4f66bf4ee0228513d024a4e287e9f1aa3957152332b1483ab0af67cb42
glutamate,direct_neighbor_ridge,pancreas,0,2,41,22.92974641219806,24.54545854098612,659dce4f66bf4ee0228513d024a4e287e9f1aa3957152332b1483ab0af67cb42
glutamate,direct_neighbor_ridge,soft_tissue,0,2,18,8.75211890192131,9.027682630137301,659dce4f66bf4ee0228513d024a4e287e9f1aa3957152332b1483ab0af67cb42
glutamate,direct_neighbor_ridge,stomach,0,2,37,39.9510330264184,39.466339241100826,659dce4f66bf4ee0228513d024a4e287e9f1aa3957152332b1483ab0af67cb42
glutamate,direct_neighbor_ridge,breast,0,3,49,123.58336622933155,148.61726919336922,9492e163b6ef19b0563b1ce8302b8e8794e2e4c9c8031c62ff9774a3f63f6f58
glutamate,direct_neighbor_ridge,central_nervous_system,0,3,49,54.8758320031562,59.95848511166163,9492e163b6ef19b0563b1ce8302b8e8794e2e4c9c8031c62ff9774a3f63f6f58
glutamate,direct_neighbor_ridge,endometrium,0,3,28,19.575509482230924,21.50085310037275,9492e163b6ef19b0563b1ce8302b8e8794e2e4c9c8031c62ff9774a3f63f6f58
glutamate,direct_neighbor_ridge,kidney,0,3,23,27.263268183243294,26.377453296185802,9492e163b6ef19b0563b1ce8302b8e8794e2e4c9c8031c62ff9774a3f63f6f58
glutamate,direct_neighbor_ridge,liver,0,3,25,55.550612795284444,63.88129611603827,9492e163b6ef19b0563b1ce8302b8e8794e2e4c9c8031c62ff9774a3f63f6f58
glutamate,direct_neighbor_ridge,lung,0,4,176,107.59327050359946,123.89126694864252,cf9883e99ee1b956d01c2cb42a4d284b982ce23065d3616a5e1cced359e41fb5
glutamate,direct_neighbor_ridge,bone,1,0,19,14.19736960271615,15.344107861396134,32d2e2f547f707a9f12d899e65a934275c9f49020e10d214973126d05910ec9c
glutamate,direct_neighbor_ridge,ovary,1,0,45,28.376259927710514,26.883472169715642,32d2e2f547f707a9f12d899e65a934275c9f49020e10d214973126d05910ec9c
glutamate,direct_neighbor_ridge,skin,1,0,52,33.97984337611156,32.866303903699674,32d2e2f547f707a9f12d899e65a934275c9f49020e10d214973126d05910ec9c
glutamate,direct_neighbor_ridge,upper_aerodigestive_tract,1,0,30,21.098623483404157,14.4292912703579,32d2e2f547f707a9f12d899e65a934275c9f49020e10d214973126d05910ec9c
glutamate,direct_neighbor_ridge,urinary_tract,1,0,25,23.445887295577705,21.999014928587588,32d2e2f547f707a9f12d899e65a934275c9f49020e10d214973126d05910ec9c
glutamate,direct_neighbor_ridge,lung,1,1,176,107.59327050359946,123.89126694864252,cf9883e99ee1b956d01c2cb42a4d284b982ce23065d3616a5e1cced359e41fb5
glutamate,direct_neighbor_ridge,autonomic_ganglia,1,2,16,8.482156056409588,8.942390323417182,db1ab3680dcfc2deb10e2511ec28b70b27966d5a436d724be48267bcbf200acf
glutamate,direct_neighbor_ridge,haematopoietic_and_lymphoid_tissue,1,2,163,223.0389996331865,230.32044558221963,db1ab3680dcfc2deb10e2511ec28b70b27966d5a436d724be48267bcbf200acf
glutamate,direct_neighbor_ridge,large_intestine,1,3,55,61.18473384148189,72.80719067430682,659dce4f66bf4ee0228513d024a4e287e9f1aa3957152332b1483ab0af67cb42
glutamate,direct_neighbor_ridge,oesophagus,1,3,25,6.119685922955084,6.289209639648834,659dce4f66bf4ee0228513d024a4e287e9f1aa3957152332b1483ab0af67cb42
glutamate,direct_neighbor_ridge,pancreas,1,3,41,22.92974641219806,24.54545854098612,659dce4f66bf4ee0228513d024a4e287e9f1aa3957152332b1483ab0af67cb42
glutamate,direct_neighbor_ridge,soft_tissue,1,3,18,8.75211890192131,9.027682630137301,659dce4f66bf4ee0228513d024a4e287e9f1aa3957152332b1483ab0af67cb42
glutamate,direct_neighbor_ridge,stomach,1,3,37,39.9510330264184,39.466339241100826,659dce4f66bf4ee0228513d024a4e287e9f1aa3957152332b1483ab0af67cb42
glutamate,direct_neighbor_ridge,breast,1,4,49,123.58336622933155,148.61726919336922,9492e163b6ef19b0563b1ce8302b8e8794e2e4c9c8031c62ff9774a3f63f6f58
glutamate,direct_neighbor_ridge,central_nervous_system,1,4,49,54.8758320031562,59.95848511166163,9492e163b6ef19b0563b1ce8302b8e8794e2e4c9c8031c62ff9774a3f63f6f58
glutamate,direct_neighbor_ridge,endometrium,1,4,28,19.575509482230924,21.50085310037275,9492e163b6ef19b0563b1ce8302b8e8794e2e4c9c8031c62ff9774a3f63f6f58
glutamate,direct_neighbor_ridge,kidney,1,4,23,27.263268183243294,26.377453296185802,9492e163b6ef19b0563b1ce8302b8e8794e2e4c9c8031c62ff9774a3f63f6f58
glutamate,direct_neighbor_ridge,liver,1,4,25,55.550612795284444,63.88129611603827,9492e163b6ef19b0563b1ce8302b8e8794e2e4c9c8031c62ff9774a3f63f6f58
glutamine,direct_neighbor_ridge,autonomic_ganglia,0,0,16,8.265858427605078,8.869048467974174,db1ab3680dcfc2deb10e2511ec28b70b27966d5a436d724be48267bcbf200acf
glutamine,direct_neighbor_ridge,haematopoietic_and_lymphoid_tissue,0,0,163,157.13504539520278,216.0962377051654,db1ab3680dcfc2deb10e2511ec28b70b27966d5a436d724be48267bcbf200acf
glutamine,direct_neighbor_ridge,bone,0,1,19,15.445600835787449,16.66273226904172,32d2e2f547f707a9f12d899e65a934275c9f49020e10d214973126d05910ec9c
glutamine,direct_neighbor_ridge,ovary,0,1,45,34.4831877385932,38.883170288916055,32d2e2f547f707a9f12d899e65a934275c9f49020e10d214973126d05910ec9c
glutamine,direct_neighbor_ridge,skin,0,1,52,35.07737670482315,37.16120483395692,32d2e2f547f707a9f12d899e65a934275c9f49020e10d214973126d05910ec9c
glutamine,direct_neighbor_ridge,upper_aerodigestive_tract,0,1,30,19.62905432760968,23.886019433838257,32d2e2f547f707a9f12d899e65a934275c9f49020e10d214973126d05910ec9c
glutamine,direct_neighbor_ridge,urinary_tract,0,1,25,32.188182556113006,36.73673509582307,32d2e2f547f707a9f12d899e65a934275c9f49020e10d214973126d05910ec9c
glutamine,direct_neighbor_ridge,large_intestine,0,2,55,80.4565259368203,88.40901734383048,659dce4f66bf4ee0228513d024a4e287e9f1aa3957152332b1483ab0af67cb42
glutamine,direct_neighbor_ridge,oesophagus,0,2,25,5.107884566949001,5.1077462203693464,659dce4f66bf4ee0228513d024a4e287e9f1aa3957152332b1483ab0af67cb42
glutamine,direct_neighbor_ridge,pancreas,0,2,41,32.325551969763275,37.12045882885305,659dce4f66bf4ee0228513d024a4e287e9f1aa3957152332b1483ab0af67cb42
glutamine,direct_neighbor_ridge,soft_tissue,0,2,18,12.194102172965021,12.493243753422067,659dce4f66bf4ee0228513d024a4e287e9f1aa3957152332b1483ab0af67cb42
glutamine,direct_neighbor_ridge,stomach,0,2,37,43.71343127290529,53.465176548845626,659dce4f66bf4ee0228513d024a4e287e9f1aa3957152332b1483ab0af67cb42
glutamine,direct_neighbor_ridge,breast,0,3,49,21.016417293444032,30.26142810311018,9492e163b6ef19b0563b1ce8302b8e8794e2e4c9c8031c62ff9774a3f63f6f58
glutamine,direct_neighbor_ridge,central_nervous_system,0,3,49,46.65984267581609,49.31113417035929,9492e163b6ef19b0563b1ce8302b8e8794e2e4c9c8031c62ff9774a3f63f6f58
glutamine,direct_neighbor_ridge,endometrium,0,3,28,37.93771634195218,32.50097741482977,9492e163b6ef19b0563b1ce8302b8e8794e2e4c9c8031c62ff9774a3f63f6f58
glutamine,direct_neighbor_ridge,kidney,0,3,23,26.10436716855759,23.82651742928669,9492e163b6ef19b0563b1ce8302b8e8794e2e4c9c8031c62ff9774a3f63f6f58
glutamine,direct_neighbor_ridge,liver,0,3,25,52.18757687802818,46.96335393277766,9492e163b6ef19b0563b1ce8302b8e8794e2e4c9c8031c62ff9774a3f63f6f58
glutamine,direct_neighbor_ridge,lung,0,4,176,132.28287157993668,138.36471653147734,cf9883e99ee1b956d01c2cb42a4d284b982ce23065d3616a5e1cced359e41fb5
glutamine,direct_neighbor_ridge,bone,1,0,19,15.445600835787449,16.66273226904172,32d2e2f547f707a9f12d899e65a934275c9f49020e10d214973126d05910ec9c
glutamine,direct_neighbor_ridge,ovary,1,0,45,34.4831877385932,38.883170288916055,32d2e2f547f707a9f12d899e65a934275c9f49020e10d214973126d05910ec9c
glutamine,direct_neighbor_ridge,skin,1,0,52,35.07737670482315,37.16120483395692,32d2e2f547f707a9f12d899e65a934275c9f49020e10d214973126d05910ec9c
glutamine,direct_neighbor_ridge,upper_aerodigestive_tract,1,0,30,19.62905432760968,23.886019433838257,32d2e2f547f707a9f12d899e65a934275c9f49020e10d214973126d05910ec9c
glutamine,direct_neighbor_ridge,urinary_tract,1,0,25,32.188182556113006,36.73673509582307,32d2e2f547f707a9f12d899e65a934275c9f49020e10d214973126d05910ec9c
glutamine,direct_neighbor_ridge,lung,1,1,176,133.2072407500701,138.36471653147734,cf9883e99ee1b956d01c2cb42a4d284b982ce23065d3616a5e1cced359e41fb5
glutamine,direct_neighbor_ridge,autonomic_ganglia,1,2,16,8.265858427605078,8.869048467974174,db1ab3680dcfc2deb10e2511ec28b70b27966d5a436d724be48267bcbf200acf
glutamine,direct_neighbor_ridge,haematopoietic_and_lymphoid_tissue,1,2,163,157.13504539520278,216.0962377051654,db1ab3680dcfc2deb10e2511ec28b70b27966d5a436d724be48267bcbf200acf
glutamine,direct_neighbor_ridge,large_intestine,1,3,55,80.6330722410384,88.40901734383048,659dce4f66bf4ee0228513d024a4e287e9f1aa3957152332b1483ab0af67cb42
glutamine,direct_neighbor_ridge,oesophagus,1,3,25,5.094494043899418,5.1077462203693464,659dce4f66bf4ee0228513d024a4e287e9f1aa3957152332b1483ab0af67cb42
glutamine,direct_neighbor_ridge,pancreas,1,3,41,32.59289518022426,37.12045882885305,659dce4f66bf4ee0228513d024a4e287e9f1aa3957152332b1483ab0af67cb42
glutamine,direct_neighbor_ridge,soft_tissue,1,3,18,12.073748927833917,12.493243753422067,659dce4f66bf4ee0228513d024a4e287e9f1aa3957152332b1483ab0af67cb42
glutamine,direct_neighbor_ridge,stomach,1,3,37,44.37225119147438,53.465176548845626,659dce4f66bf4ee0228513d024a4e287e9f1aa3957152332b1483ab0af67cb42
glutamine,direct_neighbor_ridge,breast,1,4,49,21.016417293444032,30.26142810311018,9492e163b6ef19b0563b1ce8302b8e8794e2e4c9c8031c62ff9774a3f63f6f58
glutamine,direct_neighbor_ridge,central_nervous_system,1,4,49,46.65984267581609,49.31113417035929,9492e163b6ef19b0563b1ce8302b8e8794e2e4c9c8031c62ff9774a3f63f6f58
glutamine,direct_neighbor_ridge,endometrium,1,4,28,37.93771634195218,32.50097741482977,9492e163b6ef19b0563b1ce8302b8e8794e2e4c9c8031c62ff9774a3f63f6f58
glutamine,direct_neighbor_ridge,kidney,1,4,23,26.10436716855759,23.82651742928669,9492e163b6ef19b0563b1ce8302b8e8794e2e4c9c8031c62ff9774a3f63f6f58
glutamine,direct_neighbor_ridge,liver,1,4,25,52.18757687802818,46.96335393277766,9492e163b6ef19b0563b1ce8302b8e8794e2e4c9c8031c62ff9774a3f63f6f58
glycine,direct_neighbor_ridge,autonomic_ganglia,0,0,16,9.096894010448535,5.643099987690923,db1ab3680dcfc2deb10e2511ec28b70b27966d5a436d724be48267bcbf200acf
glycine,direct_neighbor_ridge,haematopoietic_and_lymphoid_tissue,0,0,163,95.90455505575702,94.55203935189977,db1ab3680dcfc2deb10e2511ec28b70b27966d5a436d724be48267bcbf200acf
glycine,direct_neighbor_ridge,bone,0,1,19,41.7829155567558,51.02579607966299,32d2e2f547f707a9f12d899e65a934275c9f49020e10d214973126d05910ec9c
glycine,direct_neighbor_ridge,ovary,0,1,45,23.96115285710552,30.26881900784008,32d2e2f547f707a9f12d899e65a934275c9f49020e10d214973126d05910ec9c
glycine,direct_neighbor_ridge,skin,0,1,52,39.84070040269968,46.890332640009966,32d2e2f547f707a9f12d899e65a934275c9f49020e10d214973126d05910ec9c
glycine,direct_neighbor_ridge,upper_aerodigestive_tract,0,1,30,15.483077880119405,23.334706348745186,32d2e2f547f707a9f12d899e65a934275c9f49020e10d214973126d05910ec9c
glycine,direct_neighbor_ridge,urinary_tract,0,1,25,41.315466574291136,46.84420099990984,32d2e2f547f707a9f12d899e65a934275c9f49020e10d214973126d05910ec9c
glycine,direct_neighbor_ridge,large_intestine,0,2,55,60.42743938034409,86.82333592942356,659dce4f66bf4ee0228513d024a4e287e9f1aa3957152332b1483ab0af67cb42
glycine,direct_neighbor_ridge,oesophagus,0,2,25,24.096872579947874,27.17768134293797,659dce4f66bf4ee0228513d024a4e287e9f1aa3957152332b1483ab0af67cb42
glycine,direct_neighbor_ridge,pancreas,0,2,41,30.700181702172358,35.82786460326161,659dce4f66bf4ee0228513d024a4e287e9f1aa3957152332b1483ab0af67cb42
glycine,direct_neighbor_ridge,soft_tissue,0,2,18,28.21388052940299,31.519252257037667,659dce4f66bf4ee0228513d024a4e287e9f1aa3957152332b1483ab0af67cb42
glycine,direct_neighbor_ridge,stomach,0,2,37,32.02249985155381,34.67093085037501,659dce4f66bf4ee0228513d024a4e287e9f1aa3957152332b1483ab0af67cb42
glycine,direct_neighbor_ridge,breast,0,3,49,28.90304675915844,26.549249137418087,9492e163b6ef19b0563b1ce8302b8e8794e2e4c9c8031c62ff9774a3f63f6f58
glycine,direct_neighbor_ridge,central_nervous_system,0,3,49,66.4215914018866,60.266685849474754,9492e163b6ef19b0563b1ce8302b8e8794e2e4c9c8031c62ff9774a3f63f6f58
glycine,direct_neighbor_ridge,endometrium,0,3,28,44.73082915465396,55.12089885090958,9492e163b6ef19b0563b1ce8302b8e8794e2e4c9c8031c62ff9774a3f63f6f58
glycine,direct_neighbor_ridge,kidney,0,3,23,26.59288467748733,32.787963652348274,9492e163b6ef19b0563b1ce8302b8e8794e2e4c9c8031c62ff9774a3f63f6f58
glycine,direct_neighbor_ridge,liver,0,3,25,52.70330496822424,55.73188107846979,9492e163b6ef19b0563b1ce8302b8e8794e2e4c9c8031c62ff9774a3f63f6f58
glycine,direct_neighbor_ridge,lung,0,4,176,121.23315594691651,154.22044268912924,cf9883e99ee1b956d01c2cb42a4d284b982ce23065d3616a5e1cced359e41fb5
glycine,direct_neighbor_ridge,bone,1,0,19,41.7829155567558,51.02579607966299,32d2e2f547f707a9f12d899e65a934275c9f49020e10d214973126d05910ec9c
glycine,direct_neighbor_ridge,ovary,1,0,45,23.96115285710552,30.26881900784008,32d2e2f547f707a9f12d899e65a934275c9f49020e10d214973126d05910ec9c
glycine,direct_neighbor_ridge,skin,1,0,52,39.84070040269968,46.890332640009966,32d2e2f547f707a9f12d899e65a934275c9f49020e10d214973126d05910ec9c
glycine,direct_neighbor_ridge,upper_aerodigestive_tract,1,0,30,15.483077880119405,23.334706348745186,32d2e2f547f707a9f12d899e65a934275c9f49020e10d214973126d05910ec9c
glycine,direct_neighbor_ridge,urinary_tract,1,0,25,41.315466574291136,46.84420099990984,32d2e2f547f707a9f12d899e65a934275c9f49020e10d214973126d05910ec9c
glycine,direct_neighbor_ridge,lung,1,1,176,120.82022311997716,154.22044268912924,cf9883e99ee1b956d01c2cb42a4d284b982ce23065d3616a5e1cced359e41fb5
glycine,direct_neighbor_ridge,autonomic_ganglia,1,2,16,9.918439830029264,5.643099987690923,db1ab3680dcfc2deb10e2511ec28b70b27966d5a436d724be48267bcbf200acf
glycine,direct_neighbor_ridge,haematopoietic_and_lymphoid_tissue,1,2,163,103.60313488893797,94.55203935189977,db1ab3680dcfc2deb10e2511ec28b70b27966d5a436d724be48267bcbf200acf
glycine,direct_neighbor_ridge,large_intestine,1,3,55,60.42743938034409,86.82333592942356,659dce4f66bf4ee0228513d024a4e287e9f1aa3957152332b1483ab0af67cb42
glycine,direct_neighbor_ridge,oesophagus,1,3,25,24.096872579947874,27.17768134293797,659dce4f66bf4ee0228513d024a4e287e9f1aa3957152332b1483ab0af67cb42
glycine,direct_neighbor_ridge,pancreas,1,3,41,30.700181702172358,35.82786460326161,659dce4f66bf4ee0228513d024a4e287e9f1aa3957152332b1483ab0af67cb42
glycine,direct_neighbor_ridge,soft_tissue,1,3,18,28.21388052940299,31.519252257037667,659dce4f66bf4ee0228513d024a4e287e9f1aa3957152332b1483ab0af67cb42
glycine,direct_neighbor_ridge,stomach,1,3,37,32.02249985155381,34.67093085037501,659dce4f66bf4ee0228513d024a4e287e9f1aa3957152332b1483ab0af67cb42
glycine,direct_neighbor_ridge,breast,1,4,49,28.90304675915844,26.549249137418087,9492e163b6ef19b0563b1ce8302b8e8794e2e4c9c8031c62ff9774a3f63f6f58
glycine,direct_neighbor_ridge,central_nervous_system,1,4,49,66.4215914018866,60.266685849474754,9492e163b6ef19b0563b1ce8302b8e8794e2e4c9c8031c62ff9774a3f63f6f58
glycine,direct_neighbor_ridge,endometrium,1,4,28,44.73082915465396,55.12089885090958,9492e163b6ef19b0563b1ce8302b8e8794e2e4c9c8031c62ff9774a3f63f6f58
glycine,direct_neighbor_ridge,kidney,1,4,23,26.59288467748733,32.787963652348274,9492e163b6ef19b0563b1ce8302b8e8794e2e4c9c8031c62ff9774a3f63f6f58
glycine,direct_neighbor_ridge,liver,1,4,25,52.70330496822424,55.73188107846979,9492e163b6ef19b0563b1ce8302b8e8794e2e4c9c8031c62ff9774a3f63f6f58
guanosine,direct_neighbor_ridge,autonomic_ganglia,0,0,16,25.83323517032538,26.112011277339,db1ab3680dcfc2deb10e2511ec28b70b27966d5a436d724be48267bcbf200acf
guanosine,direct_neighbor_ridge,haematopoietic_and_lymphoid_tissue,0,0,163,116.96247354562288,117.25754386444406,db1ab3680dcfc2deb10e2511ec28b70b27966d5a436d724be48267bcbf200acf
guanosine,direct_neighbor_ridge,bone,0,1,19,26.7058033924207,27.680141093285116,32d2e2f547f707a9f12d899e65a934275c9f49020e10d214973126d05910ec9c
guanosine,direct_neighbor_ridge,ovary,0,1,45,34.96129605023016,35.91574501899338,32d2e2f547f707a9f12d899e65a934275c9f49020e10d214973126d05910ec9c
guanosine,direct_neighbor_ridge,skin,0,1,52,105.69205307978682,102.07696259998039,32d2e2f547f707a9f12d899e65a934275c9f49020e10d214973126d05910ec9c
guanosine,direct_neighbor_ridge,upper_aerodigestive_tract,0,1,30,14.414245686226348,14.797382501537783,32d2e2f547f707a9f12d899e65a934275c9f49020e10d214973126d05910ec9c
guanosine,direct_neighbor_ridge,urinary_tract,0,1,25,21.51757440441472,21.849426149858342,32d2e2f547f707a9f12d899e65a934275c9f49020e10d214973126d05910ec9c
guanosine,direct_neighbor_ridge,large_intestine,0,2,55,65.63495470179252,65.79174279684685,659dce4f66bf4ee0228513d024a4e287e9f1aa3957152332b1483ab0af67cb42
guanosine,direct_neighbor_ridge,oesophagus,0,2,25,33.426397696242816,33.286326391814534,659dce4f66bf4ee0228513d024a4e287e9f1aa3957152332b1483ab0af67cb42
guanosine,direct_neighbor_ridge,pancreas,0,2,41,27.612527001691255,28.071289541567502,659dce4f66bf4ee0228513d024a4e287e9f1aa3957152332b1483ab0af67cb42
guanosine,direct_neighbor_ridge,soft_tissue,0,2,18,19.27225731829115,19.75563379077228,659dce4f66bf4ee0228513d024a4e287e9f1aa3957152332b1483ab0af67cb42
guanosine,direct_neighbor_ridge,stomach,0,2,37,43.92219593610858,44.58282155743533,659dce4f66bf4ee0228513d024a4e287e9f1aa3957152332b1483ab0af67cb42
guanosine,direct_neighbor_ridge,breast,0,3,49,41.242463999826946,41.373998255673136,9492e163b6ef19b0563b1ce8302b8e8794e2e4c9c8031c62ff9774a3f63f6f58
guanosine,direct_neighbor_ridge,central_nervous_system,0,3,49,81.24564205638822,81.21604267316265,9492e163b6ef19b0563b1ce8302b8e8794e2e4c9c8031c62ff9774a3f63f6f58
guanosine,direct_neighbor_ridge,endometrium,0,3,28,28.416439408660015,29.626039272118792,9492e163b6ef19b0563b1ce8302b8e8794e2e4c9c8031c62ff9774a3f63f6f58
guanosine,direct_neighbor_ridge,kidney,0,3,23,19.815013310346355,19.89822139145908,9492e163b6ef19b0563b1ce8302b8e8794e2e4c9c8031c62ff9774a3f63f6f58
guanosine,direct_neighbor_ridge,liver,0,3,25,23.92149176569521,24.114501106742317,9492e163b6ef19b0563b1ce8302b8e8794e2e4c9c8031c62ff9774a3f63f6f58
guanosine,direct_neighbor_ridge,lung,0,4,176,171.91546996367066,171.39072136160925,cf9883e99ee1b956d01c2cb42a4d284b982ce23065d3616a5e1cced359e41fb5
guanosine,direct_neighbor_ridge,bone,1,0,19,26.7058033924207,27.680141093285116,32d2e2f547f707a9f12d899e65a934275c9f49020e10d214973126d05910ec9c
guanosine,direct_neighbor_ridge,ovary,1,0,45,34.96129605023016,35.91574501899338,32d2e2f547f707a9f12d899e65a934275c9f49020e10d214973126d05910ec9c
guanosine,direct_neighbor_ridge,skin,1,0,52,105.69205307978682,102.07696259998039,32d2e2f547f707a9f12d899e65a934275c9f49020e10d214973126d05910ec9c
guanosine,direct_neighbor_ridge,upper_aerodigestive_tract,1,0,30,14.414245686226348,14.797382501537783,32d2e2f547f707a9f12d899e65a934275c9f49020e10d214973126d05910ec9c
guanosine,direct_neighbor_ridge,urinary_tract,1,0,25,21.51757440441472,21.849426149858342,32d2e2f547f707a9f12d899e65a934275c9f49020e10d214973126d05910ec9c
guanosine,direct_neighbor_ridge,lung,1,1,176,172.11764185374977,171.39072136160925,cf9883e99ee1b956d01c2cb42a4d284b982ce23065d3616a5e1cced359e41fb5
guanosine,direct_neighbor_ridge,autonomic_ganglia,1,2,16,25.83323517032538,26.112011277339,db1ab3680dcfc2deb10e2511ec28b70b27966d5a436d724be48267bcbf200acf
guanosine,direct_neighbor_ridge,haematopoietic_and_lymphoid_tissue,1,2,163,116.96247354562288,117.25754386444406,db1ab3680dcfc2deb10e2511ec28b70b27966d5a436d724be48267bcbf200acf
guanosine,direct_neighbor_ridge,large_intestine,1,3,55,65.63495470179252,65.79174279684685,659dce4f66bf4ee0228513d024a4e287e9f1aa3957152332b1483ab0af67cb42
guanosine,direct_neighbor_ridge,oesophagus,1,3,25,33.426397696242816,33.286326391814534,659dce4f66bf4ee0228513d024a4e287e9f1aa3957152332b1483ab0af67cb42
guanosine,direct_neighbor_ridge,pancreas,1,3,41,27.612527001691255,28.071289541567502,659dce4f66bf4ee0228513d024a4e287e9f1aa3957152332b1483ab0af67cb42
guanosine,direct_neighbor_ridge,soft_tissue,1,3,18,19.27225731829115,19.75563379077228,659dce4f66bf4ee0228513d024a4e287e9f1aa3957152332b1483ab0af67cb42
guanosine,direct_neighbor_ridge,stomach,1,3,37,43.92219593610858,44.58282155743533,659dce4f66bf4ee0228513d024a4e287e9f1aa3957152332b1483ab0af67cb42
guanosine,direct_neighbor_ridge,breast,1,4,49,41.242463999826946,41.373998255673136,9492e163b6ef19b0563b1ce8302b8e8794e2e4c9c8031c62ff9774a3f63f6f58
guanosine,direct_neighbor_ridge,central_nervous_system,1,4,49,81.24564205638822,81.21604267316265,9492e163b6ef19b0563b1ce8302b8e8794e2e4c9c8031c62ff9774a3f63f6f58
guanosine,direct_neighbor_ridge,endometrium,1,4,28,28.416439408660015,29.626039272118792,9492e163b6ef19b0563b1ce8302b8e8794e2e4c9c8031c62ff9774a3f63f6f58
guanosine,direct_neighbor_ridge,kidney,1,4,23,19.815013310346355,19.89822139145908,9492e163b6ef19b0563b1ce8302b8e8794e2e4c9c8031c62ff9774a3f63f6f58
guanosine,direct_neighbor_ridge,liver,1,4,25,23.92149176569521,24.114501106742317,9492e163b6ef19b0563b1ce8302b8e8794e2e4c9c8031c62ff9774a3f63f6f58
histidine,direct_neighbor_ridge,autonomic_ganglia,0,0,16,19.29258130075715,18.201758014936242,db1ab3680dcfc2deb10e2511ec28b70b27966d5a436d724be48267bcbf200acf
histidine,direct_neighbor_ridge,haematopoietic_and_lymphoid_tissue,0,0,163,487.9343239457828,459.60827310337277,db1ab3680dcfc2deb10e2511ec28b70b27966d5a436d724be48267bcbf200acf
histidine,direct_neighbor_ridge,bone,0,1,19,15.695297358031194,14.602079795616623,32d2e2f547f707a9f12d899e65a934275c9f49020e10d214973126d05910ec9c
histidine,direct_neighbor_ridge,ovary,0,1,45,25.26615362035668,29.48311005844533,32d2e2f547f707a9f12d899e65a934275c9f49020e10d214973126d05910ec9c
histidine,direct_neighbor_ridge,skin,0,1,52,33.50407506708308,33.528791338814095,32d2e2f547f707a9f12d899e65a934275c9f49020e10d214973126d05910ec9c
histidine,direct_neighbor_ridge,upper_aerodigestive_tract,0,1,30,17.151946555681914,20.44445538633654,32d2e2f547f707a9f12d899e65a934275c9f49020e10d214973126d05910ec9c
histidine,direct_neighbor_ridge,urinary_tract,0,1,25,24.596029824576117,27.82380176687191,32d2e2f547f707a9f12d899e65a934275c9f49020e10d214973126d05910ec9c
histidine,direct_neighbor_ridge,large_intestine,0,2,55,66.19978702368448,84.09069891916447,659dce4f66bf4ee0228513d024a4e287e9f1aa3957152332b1483ab0af67cb42
histidine,direct_neighbor_ridge,oesophagus,0,2,25,8.234699605413944,6.7898271304716635,659dce4f66bf4ee0228513d024a4e287e9f1aa3957152332b1483ab0af67cb42
histidine,direct_neighbor_ridge,pancreas,0,2,41,16.003510095270958,15.164668101083892,659dce4f66bf4ee0228513d024a4e287e9f1aa3957152332b1483ab0af67cb42
histidine,direct_neighbor_ridge,soft_tissue,0,2,18,19.99407559126063,21.72705319994349,659dce4f66bf4ee0228513d024a4e287e9f1aa3957152332b1483ab0af67cb42
histidine,direct_neighbor_ridge,stomach,0,2,37,27.784110188440323,24.19966687309697,659dce4f66bf4ee0228513d024a4e287e9f1aa3957152332b1483ab0af67cb42
histidine,direct_neighbor_ridge,breast,0,3,49,44.53124956161839,43.80047392373057,9492e163b6ef19b0563b1ce8302b8e8794e2e4c9c8031c62ff9774a3f63f6f58
histidine,direct_neighbor_ridge,central_nervous_system,0,3,49,59.471083743094155,38.444809278729956,9492e163b6ef19b0563b1ce8302b8e8794e2e4c9c8031c62ff9774a3f63f6f58
histidine,direct_neighbor_ridge,endometrium,0,3,28,18.71814936524628,21.66535338655448,9492e163b6ef19b0563b1ce8302b8e8794e2e4c9c8031c62ff9774a3f63f6f58
histidine,direct_neighbor_ridge,kidney,0,3,23,17.526695893893795,12.360960349468478,9492e163b6ef19b0563b1ce8302b8e8794e2e4c9c8031c62ff9774a3f63f6f58
histidine,direct_neighbor_ridge,liver,0,3,25,29.875276603531574,22.315841216367257,9492e163b6ef19b0563b1ce8302b8e8794e2e4c9c8031c62ff9774a3f63f6f58
histidine,direct_neighbor_ridge,lung,0,4,176,165.7511470461361,181.8531512344045,cf9883e99ee1b956d01c2cb42a4d284b982ce23065d3616a5e1cced359e41fb5
histidine,direct_neighbor_ridge,bone,1,0,19,15.695297358031194,14.602079795616623,32d2e2f547f707a9f12d899e65a934275c9f49020e10d214973126d05910ec9c
histidine,direct_neighbor_ridge,ovary,1,0,45,25.26615362035668,29.48311005844533,32d2e2f547f707a9f12d899e65a934275c9f49020e10d214973126d05910ec9c
histidine,direct_neighbor_ridge,skin,1,0,52,33.50407506708308,33.528791338814095,32d2e2f547f707a9f12d899e65a934275c9f49020e10d214973126d05910ec9c
histidine,direct_neighbor_ridge,upper_aerodigestive_tract,1,0,30,17.151946555681914,20.44445538633654,32d2e2f547f707a9f12d899e65a934275c9f49020e10d214973126d05910ec9c
histidine,direct_neighbor_ridge,urinary_tract,1,0,25,24.596029824576117,27.82380176687191,32d2e2f547f707a9f12d899e65a934275c9f49020e10d214973126d05910ec9c
histidine,direct_neighbor_ridge,lung,1,1,176,165.7511470461361,181.8531512344045,cf9883e99ee1b956d01c2cb42a4d284b982ce23065d3616a5e1cced359e41fb5
histidine,direct_neighbor_ridge,autonomic_ganglia,1,2,16,19.29258130075715,18.201758014936242,db1ab3680dcfc2deb10e2511ec28b70b27966d5a436d724be48267bcbf200acf
histidine,direct_neighbor_ridge,haematopoietic_and_lymphoid_tissue,1,2,163,487.9343239457828,459.60827310337277,db1ab3680dcfc2deb10e2511ec28b70b27966d5a436d724be48267bcbf200acf
histidine,direct_neighbor_ridge,large_intestine,1,3,55,66.19978702368448,84.09069891916447,659dce4f66bf4ee0228513d024a4e287e9f1aa3957152332b1483ab0af67cb42
histidine,direct_neighbor_ridge,oesophagus,1,3,25,8.234699605413944,6.7898271304716635,659dce4f66bf4ee0228513d024a4e287e9f1aa3957152332b1483ab0af67cb42
histidine,direct_neighbor_ridge,pancreas,1,3,41,16.003510095270958,15.164668101083892,659dce4f66bf4ee0228513d024a4e287e9f1aa3957152332b1483ab0af67cb42
histidine,direct_neighbor_ridge,soft_tissue,1,3,18,19.99407559126063,21.72705319994349,659dce4f66bf4ee0228513d024a4e287e9f1aa3957152332b1483ab0af67cb42
histidine,direct_neighbor_ridge,stomach,1,3,37,27.784110188440323,24.19966687309697,659dce4f66bf4ee0228513d024a4e287e9f1aa3957152332b1483ab0af67cb42
histidine,direct_neighbor_ridge,breast,1,4,49,43.725044371517214,43.80047392373057,9492e163b6ef19b0563b1ce8302b8e8794e2e4c9c8031c62ff9774a3f63f6f58
histidine,direct_neighbor_ridge,central_nervous_system,1,4,49,56.08997512685525,38.444809278729956,9492e163b6ef19b0563b1ce8302b8e8794e2e4c9c8031c62ff9774a3f63f6f58
histidine,direct_neighbor_ridge,endometrium,1,4,28,18.49350977910778,21.66535338655448,9492e163b6ef19b0563b1ce8302b8e8794e2e4c9c8031c62ff9774a3f63f6f58
histidine,direct_neighbor_ridge,kidney,1,4,23,16.327154626252547,12.360960349468478,9492e163b6ef19b0563b1ce8302b8e8794e2e4c9c8031c62ff9774a3f63f6f58
histidine,direct_neighbor_ridge,liver,1,4,25,28.205111259811428,22.315841216367257,9492e163b6ef19b0563b1ce8302b8e8794e2e4c9c8031c62ff9774a3f63f6f58
homocysteine,direct_neighbor_ridge,autonomic_ganglia,0,0,16,14.548605113042964,12.070715595099848,db1ab3680dcfc2deb10e2511ec28b70b27966d5a436d724be48267bcbf200acf
homocysteine,direct_neighbor_ridge,haematopoietic_and_lymphoid_tissue,0,0,163,231.0397434355117,167.10851193241774,db1ab3680dcfc2deb10e2511ec28b70b27966d5a436d724be48267bcbf200acf
homocysteine,direct_neighbor_ridge,bone,0,1,19,19.403350881894728,21.169607585103325,32d2e2f547f707a9f12d899e65a934275c9f49020e10d214973126d05910ec9c
homocysteine,direct_neighbor_ridge,ovary,0,1,45,32.593013221939806,32.48079522175995,32d2e2f547f707a9f12d899e65a934275c9f49020e10d214973126d05910ec9c
homocysteine,direct_neighbor_ridge,skin,0,1,52,74.97997564353918,82.313548126634,32d2e2f547f707a9f12d899e65a934275c9f49020e10d214973126d05910ec9c
homocysteine,direct_neighbor_ridge,upper_aerodigestive_tract,0,1,30,26.979159296764212,28.442779684057175,32d2e2f547f707a9f12d899e65a934275c9f49020e10d214973126d05910ec9c
homocysteine,direct_neighbor_ridge,urinary_tract,0,1,25,29.565182241936498,30.539777592843492,32d2e2f547f707a9f12d899e65a934275c9f49020e10d214973126d05910ec9c
homocysteine,direct_neighbor_ridge,large_intestine,0,2,55,71.81532760809304,75.76188618240998,659dce4f66bf4ee0228513d024a4e287e9f1aa3957152332b1483ab0af67cb42
homocysteine,direct_neighbor_ridge,oesophagus,0,2,25,23.10955499311352,21.067657624576864,659dce4f66bf4ee0228513d024a4e287e9f1aa3957152332b1483ab0af67cb42
homocysteine,direct_neighbor_ridge,pancreas,0,2,41,41.609766307195926,46.10354076464829,659dce4f66bf4ee0228513d024a4e287e9f1aa3957152332b1483ab0af67cb42
homocysteine,direct_neighbor_ridge,soft_tissue,0,2,18,22.538774017675124,23.367658091054064,659dce4f66bf4ee0228513d024a4e287e9f1aa3957152332b1483ab0af67cb42
homocysteine,direct_neighbor_ridge,stomach,0,2,37,52.73484945219582,49.80505404972986,659dce4f66bf4ee0228513d024a4e287e9f1aa3957152332b1483ab0af67cb42
homocysteine,direct_neighbor_ridge,breast,0,3,49,36.51073938541653,37.826876144727244,9492e163b6ef19b0563b1ce8302b8e8794e2e4c9c8031c62ff9774a3f63f6f58
homocysteine,direct_neighbor_ridge,central_nervous_system,0,3,49,43.276506635397766,48.7297646823673,9492e163b6ef19b0563b1ce8302b8e8794e2e4c9c8031c62ff9774a3f63f6f58
homocysteine,direct_neighbor_ridge,endometrium,0,3,28,21.902791531991944,21.99125278911121,9492e163b6ef19b0563b1ce8302b8e8794e2e4c9c8031c62ff9774a3f63f6f58
homocysteine,direct_neighbor_ridge,kidney,0,3,23,14.16034053296691,15.621998275805039,9492e163b6ef19b0563b1ce8302b8e8794e2e4c9c8031c62ff9774a3f63f6f58
homocysteine,direct_neighbor_ridge,liver,0,3,25,9.74135859982197,10.91743375820983,9492e163b6ef19b0563b1ce8302b8e8794e2e4c9c8031c62ff9774a3f63f6f58
homocysteine,direct_neighbor_ridge,lung,0,4,176,160.2877256148684,163.64898895049885,cf9883e99ee1b956d01c2cb42a4d284b982ce23065d3616a5e1cced359e41fb5
homocysteine,direct_neighbor_ridge,bone,1,0,19,19.403350881894728,21.169607585103325,32d2e2f547f707a9f12d899e65a934275c9f49020e10d214973126d05910ec9c
homocysteine,direct_neighbor_ridge,ovary,1,0,45,32.593013221939806,32.48079522175995,32d2e2f547f707a9f12d899e65a934275c9f49020e10d214973126d05910ec9c
homocysteine,direct_neighbor_ridge,skin,1,0,52,74.97997564353918,82.313548126634,32d2e2f547f707a9f12d899e65a934275c9f49020e10d214973126d05910ec9c
homocysteine,direct_neighbor_ridge,upper_aerodigestive_tract,1,0,30,26.979159296764212,28.442779684057175,32d2e2f547f707a9f12d899e65a934275c9f49020e10d214973126d05910ec9c
homocysteine,direct_neighbor_ridge,urinary_tract,1,0,25,29.565182241936498,30.539777592843492,32d2e2f547f707a9f12d899e65a934275c9f49020e10d214973126d05910ec9c
homocysteine,direct_neighbor_ridge,lung,1,1,176,160.2877256148684,163.64898895049885,cf9883e99ee1b956d01c2cb42a4d284b982ce23065d3616a5e1cced359e41fb5
homocysteine,direct_neighbor_ridge,autonomic_ganglia,1,2,16,15.007059867393597,12.070715595099848,db1ab3680dcfc2deb10e2511ec28b70b27966d5a436d724be48267bcbf200acf
homocysteine,direct_neighbor_ridge,haematopoietic_and_lymphoid_tissue,1,2,163,241.58466704161094,167.10851193241774,db1ab3680dcfc2deb10e2511ec28b70b27966d5a436d724be48267bcbf200acf
homocysteine,direct_neighbor_ridge,large_intestine,1,3,55,71.81532760809304,75.76188618240998,659dce4f66bf4ee0228513d024a4e287e9f1aa3957152332b1483ab0af67cb42
homocysteine,direct_neighbor_ridge,oesophagus,1,3,25,23.10955499311352,21.067657624576864,659dce4f66bf4ee0228513d024a4e287e9f1aa3957152332b1483ab0af67cb42
homocysteine,direct_neighbor_ridge,pancreas,1,3,41,41.609766307195926,46.10354076464829,659dce4f66bf4ee0228513d024a4e287e9f1aa3957152332b1483ab0af67cb42
homocysteine,direct_neighbor_ridge,soft_tissue,1,3,18,22.538774017675124,23.367658091054064,659dce4f66bf4ee0228513d024a4e287e9f1aa3957152332b1483ab0af67cb42
homocysteine,direct_neighbor_ridge,stomach,1,3,37,52.73484945219582,49.80505404972986,659dce4f66bf4ee0228513d024a4e287e9f1aa3957152332b1483ab0af67cb42
homocysteine,direct_neighbor_ridge,breast,1,4,49,36.51073938541653,37.826876144727244,9492e163b6ef19b0563b1ce8302b8e8794e2e4c9c8031c62ff9774a3f63f6f58
homocysteine,direct_neighbor_ridge,central_nervous_system,1,4,49,43.276506635397766,48.7297646823673,9492e163b6ef19b0563b1ce8302b8e8794e2e4c9c8031c62ff9774a3f63f6f58
homocysteine,direct_neighbor_ridge,endometrium,1,4,28,21.902791531991944,21.99125278911121,9492e163b6ef19b0563b1ce8302b8e8794e2e4c9c8031c62ff9774a3f63f6f58
homocysteine,direct_neighbor_ridge,kidney,1,4,23,14.16034053296691,15.621998275805039,9492e163b6ef19b0563b1ce8302b8e8794e2e4c9c8031c62ff9774a3f63f6f58
homocysteine,direct_neighbor_ridge,liver,1,4,25,9.74135859982197,10.91743375820983,9492e163b6ef19b0563b1ce8302b8e8794e2e4c9c8031c62ff9774a3f63f6f58
hypoxanthine,direct_neighbor_ridge,autonomic_ganglia,0,0,16,25.99117359318585,23.405015272234394,db1ab3680dcfc2deb10e2511ec28b70b27966d5a436d724be48267bcbf200acf
hypoxanthine,direct_neighbor_ridge,haematopoietic_and_lymphoid_tissue,0,0,163,192.01426226728688,208.65052583540233,db1ab3680dcfc2deb10e2511ec28b70b27966d5a436d724be48267bcbf200acf
hypoxanthine,direct_neighbor_ridge,bone,0,1,19,16.047855823638237,16.934739674429487,32d2e2f547f707a9f12d899e65a934275c9f49020e10d214973126d05910ec9c
hypoxanthine,direct_neighbor_ridge,ovary,0,1,45,36.5389537601239,36.71552821617147,32d2e2f547f707a9f12d899e65a934275c9f49020e10d214973126d05910ec9c
hypoxanthine,direct_neighbor_ridge,skin,0,1,52,45.325447648177864,50.123157417725594,32d2e2f547f707a9f12d899e65a934275c9f49020e10d214973126d05910ec9c
hypoxanthine,direct_neighbor_ridge,upper_aerodigestive_tract,0,1,30,30.124410310721863,36.2017451429795,32d2e2f547f707a9f12d899e65a934275c9f49020e10d214973126d05910ec9c
hypoxanthine,direct_neighbor_ridge,urinary_tract,0,1,25,12.731239135480163,15.235789890389869,32d2e2f547f707a9f12d899e65a934275c9f49020e10d214973126d05910ec9c
hypoxanthine,direct_neighbor_ridge,large_intestine,0,2,55,64.87293716306488,71.47148142114061,659dce4f66bf4ee0228513d024a4e287e9f1aa3957152332b1483ab0af67cb42
hypoxanthine,direct_neighbor_ridge,oesophagus,0,2,25,26.074256143261984,29.770335244915426,659dce4f66bf4ee0228513d024a4e287e9f1aa3957152332b1483ab0af67cb42
hypoxanthine,direct_neighbor_ridge,pancreas,0,2,41,36.67196777684157,40.45853694881586,659dce4f66bf4ee0228513d024a4e287e9f1aa3957152332b1483ab0af67cb42
hypoxanthine,direct_neighbor_ridge,soft_tissue,0,2,18,16.142666281981526,16.405253653887065,659dce4f66bf4ee0228513d024a4e287e9f1aa3957152332b1483ab0af67cb42
hypoxanthine,direct_neighbor_ridge,stomach,0,2,37,34.83996476987335,32.83337477883085,659dce4f66bf4ee0228513d024a4e287e9f1aa3957152332b1483ab0af67cb42
hypoxanthine,direct_neighbor_ridge,breast,0,3,49,38.31367841304199,38.54649927259684,9492e163b6ef19b0563b1ce8302b8e8794e2e4c9c8031c62ff9774a3f63f6f58
hypoxanthine,direct_neighbor_ridge,central_nervous_system,0,3,49,51.09829875843933,63.54086218694187,9492e163b6ef19b0563b1ce8302b8e8794e2e4c9c8031c62ff9774a3f63f6f58
hypoxanthine,direct_neighbor_ridge,endometrium,0,3,28,22.385191736748055,26.18174802733474,9492e163b6ef19b0563b1ce8302b8e8794e2e4c9c8031c62ff9774a3f63f6f58
hypoxanthine,direct_neighbor_ridge,kidney,0,3,23,12.768788412983392,14.263052988795064,9492e163b6ef19b0563b1ce8302b8e8794e2e4c9c8031c62ff9774a3f63f6f58
hypoxanthine,direct_neighbor_ridge,liver,0,3,25,21.830361983898023,21.338358535279756,9492e163b6ef19b0563b1ce8302b8e8794e2e4c9c8031c62ff9774a3f63f6f58
hypoxanthine,direct_neighbor_ridge,lung,0,4,176,168.33826105298766,176.29831895019274,cf9883e99ee1b956d01c2cb42a4d284b982ce23065d3616a5e1cced359e41fb5
hypoxanthine,direct_neighbor_ridge,bone,1,0,19,16.047855823638237,16.934739674429487,32d2e2f547f707a9f12d899e65a934275c9f49020e10d214973126d05910ec9c
hypoxanthine,direct_neighbor_ridge,ovary,1,0,45,36.5389537601239,36.71552821617147,32d2e2f547f707a9f12d899e65a934275c9f49020e10d214973126d05910ec9c
hypoxanthine,direct_neighbor_ridge,skin,1,0,52,45.325447648177864,50.123157417725594,32d2e2f547f707a9f12d899e65a934275c9f49020e10d214973126d05910ec9c
hypoxanthine,direct_neighbor_ridge,upper_aerodigestive_tract,1,0,30,30.124410310721863,36.2017451429795,32d2e2f547f707a9f12d899e65a934275c9f49020e10d214973126d05910ec9c
hypoxanthine,direct_neighbor_ridge,urinary_tract,1,0,25,12.731239135480163,15.235789890389869,32d2e2f547f707a9f12d899e65a934275c9f49020e10d214973126d05910ec9c
hypoxanthine,direct_neighbor_ridge,lung,1,1,176,168.33826105298766,176.29831895019274,cf9883e99ee1b956d01c2cb42a4d284b982ce23065d3616a5e1cced359e41fb5
hypoxanthine,direct_neighbor_ridge,autonomic_ganglia,1,2,16,25.53619592315675,23.405015272234394,db1ab3680dcfc2deb10e2511ec28b70b27966d5a436d724be48267bcbf200acf
hypoxanthine,direct_neighbor_ridge,haematopoietic_and_lymphoid_tissue,1,2,163,190.94460392959894,208.65052583540233,db1ab3680dcfc2deb10e2511ec28b70b27966d5a436d724be48267bcbf200acf
hypoxanthine,direct_neighbor_ridge,large_intestine,1,3,55,64.2578173355363,71.47148142114061,659dce4f66bf4ee0228513d024a4e287e9f1aa3957152332b1483ab0af67cb42
hypoxanthine,direct_neighbor_ridge,oesophagus,1,3,25,25.513337368294277,29.770335244915426,659dce4f66bf4ee0228513d024a4e287e9f1aa3957152332b1483ab0af67cb42
hypoxanthine,direct_neighbor_ridge,pancreas,1,3,41,36.64517612767346,40.45853694881586,659dce4f66bf4ee0228513d024a4e287e9f1aa3957152332b1483ab0af67cb42
hypoxanthine,direct_neighbor_ridge,soft_tissue,1,3,18,16.24740401289519,16.405253653887065,659dce4f66bf4ee0228513d024a4e287e9f1aa3957152332b1483ab0af67cb42
hypoxanthine,direct_neighbor_ridge,stomach,1,3,37,35.596272713204655,32.83337477883085,659dce4f66bf4ee0228513d024a4e287e9f1aa3957152332b1483ab0af67cb42
hypoxanthine,direct_neighbor_ridge,breast,1,4,49,38.31367841304199,38.54649927259684,9492e163b6ef19b0563b1ce8302b8e8794e2e4c9c8031c62ff9774a3f63f6f58
hypoxanthine,direct_neighbor_ridge,central_nervous_system,1,4,49,51.09829875843933,63.54086218694187,9492e163b6ef19b0563b1ce8302b8e8794e2e4c9c8031c62ff9774a3f63f6f58
hypoxanthine,direct_neighbor_ridge,endometrium,1,4,28,22.385191736748055,26.18174802733474,9492e163b6ef19b0563b1ce8302b8e8794e2e4c9c8031c62ff9774a3f63f6f58
hypoxanthine,direct_neighbor_ridge,kidney,1,4,23,12.768788412983392,14.263052988795064,9492e163b6ef19b0563b1ce8302b8e8794e2e4c9c8031c62ff9774a3f63f6f58
hypoxanthine,direct_neighbor_ridge,liver,1,4,25,21.830361983898023,21.338358535279756,9492e163b6ef19b0563b1ce8302b8e8794e2e4c9c8031c62ff9774a3f63f6f58
inosine,direct_neighbor_ridge,autonomic_ganglia,0,0,16,21.00476334209166,24.08752827213648,db1ab3680dcfc2deb10e2511ec28b70b27966d5a436d724be48267bcbf200acf
inosine,direct_neighbor_ridge,haematopoietic_and_lymphoid_tissue,0,0,163,185.20024514481662,199.74705192409857,db1ab3680dcfc2deb10e2511ec28b70b27966d5a436d724be48267bcbf200acf
inosine,direct_neighbor_ridge,bone,0,1,19,26.25781884882029,24.951886801068508,32d2e2f547f707a9f12d899e65a934275c9f49020e10d214973126d05910ec9c
inosine,direct_neighbor_ridge,ovary,0,1,45,20.768880388763776,20.017720865092322,32d2e2f547f707a9f12d899e65a934275c9f49020e10d214973126d05910ec9c
inosine,direct_neighbor_ridge,skin,0,1,52,49.351503552546845,44.55676209821314,32d2e2f547f707a9f12d899e65a934275c9f49020e10d214973126d05910ec9c
inosine,direct_neighbor_ridge,upper_aerodigestive_tract,0,1,30,15.012913813111862,15.428678063942657,32d2e2f547f707a9f12d899e65a934275c9f49020e10d214973126d05910ec9c
inosine,direct_neighbor_ridge,urinary_tract,0,1,25,14.988333003944794,18.523627696673863,32d2e2f547f707a9f12d899e65a934275c9f49020e10d214973126d05910ec9c
inosine,direct_neighbor_ridge,large_intestine,0,2,55,69.30809941802447,66.51995711572857,659dce4f66bf4ee0228513d024a4e287e9f1aa3957152332b1483ab0af67cb42
inosine,direct_neighbor_ridge,oesophagus,0,2,25,34.24622876691812,38.99678859873089,659dce4f66bf4ee0228513d024a4e287e9f1aa3957152332b1483ab0af67cb42
inosine,direct_neighbor_ridge,pancreas,0,2,41,33.434056821356364,35.82559732653049,659dce4f66bf4ee0228513d024a4e287e9f1aa3957152332b1483ab0af67cb42
inosine,direct_neighbor_ridge,soft_tissue,0,2,18,7.059659940783841,6.329538158059725,659dce4f66bf4ee0228513d024a4e287e9f1aa3957152332b1483ab0af67cb42
inosine,direct_neighbor_ridge,stomach,0,2,37,53.597547117616074,50.665628326870355,659dce4f66bf4ee0228513d024a4e287e9f1aa3957152332b1483ab0af67cb42
inosine,direct_neighbor_ridge,breast,0,3,49,35.56728723299073,36.60452839032729,9492e163b6ef19b0563b1ce8302b8e8794e2e4c9c8031c62ff9774a3f63f6f58
inosine,direct_neighbor_ridge,central_nervous_system,0,3,49,38.04093478581295,34.64401850718484,9492e163b6ef19b0563b1ce8302b8e8794e2e4c9c8031c62ff9774a3f63f6f58
inosine,direct_neighbor_ridge,endometrium,0,3,28,21.606046331313827,24.574192554172225,9492e163b6ef19b0563b1ce8302b8e8794e2e4c9c8031c62ff9774a3f63f6f58
inosine,direct_neighbor_ridge,kidney,0,3,23,23.6009557913144,19.636044710920388,9492e163b6ef19b0563b1ce8302b8e8794e2e4c9c8031c62ff9774a3f63f6f58
inosine,direct_neighbor_ridge,liver,0,3,25,19.726745608100913,20.19619804682301,9492e163b6ef19b0563b1ce8302b8e8794e2e4c9c8031c62ff9774a3f63f6f58
inosine,direct_neighbor_ridge,lung,0,4,176,212.62130174841565,225.98499345660028,cf9883e99ee1b956d01c2cb42a4d284b982ce23065d3616a5e1cced359e41fb5
inosine,direct_neighbor_ridge,bone,1,0,19,26.25781884882029,24.951886801068508,32d2e2f547f707a9f12d899e65a934275c9f49020e10d214973126d05910ec9c
inosine,direct_neighbor_ridge,ovary,1,0,45,20.768880388763776,20.017720865092322,32d2e2f547f707a9f12d899e65a934275c9f49020e10d214973126d05910ec9c
inosine,direct_neighbor_ridge,skin,1,0,52,49.351503552546845,44.55676209821314,32d2e2f547f707a9f12d899e65a934275c9f49020e10d214973126d05910ec9c
inosine,direct_neighbor_ridge,upper_aerodigestive_tract,1,0,30,15.012913813111862,15.428678063942657,32d2e2f547f707a9f12d899e65a934275c9f49020e10d214973126d05910ec9c
inosine,direct_neighbor_ridge,urinary_tract,1,0,25,14.988333003944794,18.523627696673863,32d2e2f547f707a9f12d899e65a934275c9f49020e10d214973126d05910ec9c
inosine,direct_neighbor_ridge,lung,1,1,176,212.62130174841565,225.98499345660028,cf9883e99ee1b956d01c2cb42a4d284b982ce23065d3616a5e1cced359e41fb5
inosine,direct_neighbor_ridge,autonomic_ganglia,1,2,16,21.00476334209166,24.08752827213648,db1ab3680dcfc2deb10e2511ec28b70b27966d5a436d724be48267bcbf200acf
inosine,direct_neighbor_ridge,haematopoietic_and_lymphoid_tissue,1,2,163,185.20024514481662,199.74705192409857,db1ab3680dcfc2deb10e2511ec28b70b27966d5a436d724be48267bcbf200acf
inosine,direct_neighbor_ridge,large_intestine,1,3,55,69.30809941802447,66.51995711572857,659dce4f66bf4ee0228513d024a4e287e9f1aa3957152332b1483ab0af67cb42
inosine,direct_neighbor_ridge,oesophagus,1,3,25,34.24622876691812,38.99678859873089,659dce4f66bf4ee0228513d024a4e287e9f1aa3957152332b1483ab0af67cb42
inosine,direct_neighbor_ridge,pancreas,1,3,41,33.434056821356364,35.82559732653049,659dce4f66bf4ee0228513d024a4e287e9f1aa3957152332b1483ab0af67cb42
inosine,direct_neighbor_ridge,soft_tissue,1,3,18,7.059659940783841,6.329538158059725,659dce4f66bf4ee0228513d024a4e287e9f1aa3957152332b1483ab0af67cb42
inosine,direct_neighbor_ridge,stomach,1,3,37,53.597547117616074,50.665628326870355,659dce4f66bf4ee0228513d024a4e287e9f1aa3957152332b1483ab0af67cb42
inosine,direct_neighbor_ridge,breast,1,4,49,35.66183245482975,36.60452839032729,9492e163b6ef19b0563b1ce8302b8e8794e2e4c9c8031c62ff9774a3f63f6f58
inosine,direct_neighbor_ridge,central_nervous_system,1,4,49,38.74028142197954,34.64401850718484,9492e163b6ef19b0563b1ce8302b8e8794e2e4c9c8031c62ff9774a3f63f6f58
inosine,direct_neighbor_ridge,endometrium,1,4,28,21.31212713591164,24.574192554172225,9492e163b6ef19b0563b1ce8302b8e8794e2e4c9c8031c62ff9774a3f63f6f58
inosine,direct_neighbor_ridge,kidney,1,4,23,24.200154114438934,19.636044710920388,9492e163b6ef19b0563b1ce8302b8e8794e2e4c9c8031c62ff9774a3f63f6f58
inosine,direct_neighbor_ridge,liver,1,4,25,19.817066230743766,20.19619804682301,9492e163b6ef19b0563b1ce8302b8e8794e2e4c9c8031c62ff9774a3f63f6f58
inositol,direct_neighbor_ridge,autonomic_ganglia,0,0,16,3.5319556033800144,3.7418816540964777,db1ab3680dcfc2deb10e2511ec28b70b27966d5a436d724be48267bcbf200acf
inositol,direct_neighbor_ridge,haematopoietic_and_lymphoid_tissue,0,0,163,197.11912235912922,191.2534505791486,db1ab3680dcfc2deb10e2511ec28b70b27966d5a436d724be48267bcbf200acf
inositol,direct_neighbor_ridge,bone,0,1,19,17.613436767635292,21.928223338151774,32d2e2f547f707a9f12d899e65a934275c9f49020e10d214973126d05910ec9c
inositol,direct_neighbor_ridge,ovary,0,1,45,45.7688964271204,49.08470587204176,32d2e2f547f707a9f12d899e65a934275c9f49020e10d214973126d05910ec9c
inositol,direct_neighbor_ridge,skin,0,1,52,86.85173556298993,82.33144429220296,32d2e2f547f707a9f12d899e65a934275c9f49020e10d214973126d05910ec9c
inositol,direct_neighbor_ridge,upper_aerodigestive_tract,0,1,30,16.127429230926094,16.489043473969158,32d2e2f547f707a9f12d899e65a934275c9f49020e10d214973126d05910ec9c
inositol,direct_neighbor_ridge,urinary_tract,0,1,25,29.105911341939233,32.43482073072242,32d2e2f547f707a9f12d899e65a934275c9f49020e10d214973126d05910ec9c
inositol,direct_neighbor_ridge,large_intestine,0,2,55,57.4351398378624,61.58729083177114,659dce4f66bf4ee0228513d024a4e287e9f1aa3957152332b1483ab0af67cb42
inositol,direct_neighbor_ridge,oesophagus,0,2,25,18.640826482276736,22.970624540200593,659dce4f66bf4ee0228513d024a4e287e9f1aa3957152332b1483ab0af67cb42
inositol,direct_neighbor_ridge,pancreas,0,2,41,34.099440143366714,38.97626850752479,659dce4f66bf4ee0228513d024a4e287e9f1aa3957152332b1483ab0af67cb42
inositol,direct_neighbor_ridge,soft_tissue,0,2,18,17.719996346953653,18.132065226333307,659dce4f66bf4ee0228513d024a4e287e9f1aa3957152332b1483ab0af67cb42
inositol,direct_neighbor_ridge,stomach,0,2,37,29.27779624697882,31.69018502471146,659dce4f66bf4ee0228513d024a4e287e9f1aa3957152332b1483ab0af67cb42
inositol,direct_neighbor_ridge,breast,0,3,49,51.26009511072754,55.60617267730623,9492e163b6ef19b0563b1ce8302b8e8794e2e4c9c8031c62ff9774a3f63f6f58
inositol,direct_neighbor_ridge,central_nervous_system,0,3,49,44.420002414385436,43.517372450503466,9492e163b6ef19b0563b1ce8302b8e8794e2e4c9c8031c62ff9774a3f63f6f58
inositol,direct_neighbor_ridge,endometrium,0,3,28,38.732859596897015,42.4241033759463,9492e163b6ef19b0563b1ce8302b8e8794e2e4c9c8031c62ff9774a3f63f6f58
inositol,direct_neighbor_ridge,kidney,0,3,23,15.717311827399708,14.513855954821098,9492e163b6ef19b0563b1ce8302b8e8794e2e4c9c8031c62ff9774a3f63f6f58
inositol,direct_neighbor_ridge,liver,0,3,25,40.286494887244245,40.282401769818414,9492e163b6ef19b0563b1ce8302b8e8794e2e4c9c8031c62ff9774a3f63f6f58
inositol,direct_neighbor_ridge,lung,0,4,176,128.92942550293125,126.5805982663731,cf9883e99ee1b956d01c2cb42a4d284b982ce23065d3616a5e1cced359e41fb5
inositol,direct_neighbor_ridge,bone,1,0,19,17.613436767635292,21.928223338151774,32d2e2f547f707a9f12d899e65a934275c9f49020e10d214973126d05910ec9c
inositol,direct_neighbor_ridge,ovary,1,0,45,45.7688964271204,49.08470587204176,32d2e2f547f707a9f12d899e65a934275c9f49020e10d214973126d05910ec9c
inositol,direct_neighbor_ridge,skin,1,0,52,86.85173556298993,82.33144429220296,32d2e2f547f707a9f12d899e65a934275c9f49020e10d214973126d05910ec9c
inositol,direct_neighbor_ridge,upper_aerodigestive_tract,1,0,30,16.127429230926094,16.489043473969158,32d2e2f547f707a9f12d899e65a934275c9f49020e10d214973126d05910ec9c
inositol,direct_neighbor_ridge,urinary_tract,1,0,25,29.105911341939233,32.43482073072242,32d2e2f547f707a9f12d899e65a934275c9f49020e10d214973126d05910ec9c
inositol,direct_neighbor_ridge,lung,1,1,176,128.92942550293125,126.5805982663731,cf9883e99ee1b956d01c2cb42a4d284b982ce23065d3616a5e1cced359e41fb5
inositol,direct_neighbor_ridge,autonomic_ganglia,1,2,16,3.5319556033800144,3.7418816540964777,db1ab3680dcfc2deb10e2511ec28b70b27966d5a436d724be48267bcbf200acf
inositol,direct_neighbor_ridge,haematopoietic_and_lymphoid_tissue,1,2,163,197.11912235912922,191.2534505791486,db1ab3680dcfc2deb10e2511ec28b70b27966d5a436d724be48267bcbf200acf
inositol,direct_neighbor_ridge,large_intestine,1,3,55,57.4351398378624,61.58729083177114,659dce4f66bf4ee0228513d024a4e287e9f1aa3957152332b1483ab0af67cb42
inositol,direct_neighbor_ridge,oesophagus,1,3,25,18.640826482276736,22.970624540200593,659dce4f66bf4ee0228513d024a4e287e9f1aa3957152332b1483ab0af67cb42
inositol,direct_neighbor_ridge,pancreas,1,3,41,34.099440143366714,38.97626850752479,659dce4f66bf4ee0228513d024a4e287e9f1aa3957152332b1483ab0af67cb42
inositol,direct_neighbor_ridge,soft_tissue,1,3,18,17.719996346953653,18.132065226333307,659dce4f66bf4ee0228513d024a4e287e9f1aa3957152332b1483ab0af67cb42
inositol,direct_neighbor_ridge,stomach,1,3,37,29.27779624697882,31.69018502471146,659dce4f66bf4ee0228513d024a4e287e9f1aa3957152332b1483ab0af67cb42
inositol,direct_neighbor_ridge,breast,1,4,49,51.26009511072754,55.60617267730623,9492e163b6ef19b0563b1ce8302b8e8794e2e4c9c8031c62ff9774a3f63f6f58
inositol,direct_neighbor_ridge,central_nervous_system,1,4,49,44.420002414385436,43.517372450503466,9492e163b6ef19b0563b1ce8302b8e8794e2e4c9c8031c62ff9774a3f63f6f58
inositol,direct_neighbor_ridge,endometrium,1,4,28,38.732859596897015,42.4241033759463,9492e163b6ef19b0563b1ce8302b8e8794e2e4c9c8031c62ff9774a3f63f6f58
inositol,direct_neighbor_ridge,kidney,1,4,23,15.717311827399708,14.513855954821098,9492e163b6ef19b0563b1ce8302b8e8794e2e4c9c8031c62ff9774a3f63f6f58
inositol,direct_neighbor_ridge,liver,1,4,25,40.286494887244245,40.282401769818414,9492e163b6ef19b0563b1ce8302b8e8794e2e4c9c8031c62ff9774a3f63f6f58
isocitrate,direct_neighbor_ridge,autonomic_ganglia,0,0,16,10.09844941618698,13.056106061256793,db1ab3680dcfc2deb10e2511ec28b70b27966d5a436d724be48267bcbf200acf
isocitrate,direct_neighbor_ridge,haematopoietic_and_lymphoid_tissue,0,0,163,341.11662949159756,326.5673134940628,db1ab3680dcfc2deb10e2511ec28b70b27966d5a436d724be48267bcbf200acf
isocitrate,direct_neighbor_ridge,bone,0,1,19,14.2987300724318,18.4382503119511,32d2e2f547f707a9f12d899e65a934275c9f49020e10d214973126d05910ec9c
isocitrate,direct_neighbor_ridge,ovary,0,1,45,19.747081081805227,24.515224992959162,32d2e2f547f707a9f12d899e65a934275c9f49020e10d214973126d05910ec9c
isocitrate,direct_neighbor_ridge,skin,0,1,52,41.59571154289794,36.45378032926265,32d2e2f547f707a9f12d899e65a934275c9f49020e10d214973126d05910ec9c
isocitrate,direct_neighbor_ridge,upper_aerodigestive_tract,0,1,30,17.35092493386536,19.64584420919523,32d2e2f547f707a9f12d899e65a934275c9f49020e10d214973126d05910ec9c
isocitrate,direct_neighbor_ridge,urinary_tract,0,1,25,19.32266900808905,17.839198653324715,32d2e2f547f707a9f12d899e65a934275c9f49020e10d214973126d05910ec9c
isocitrate,direct_neighbor_ridge,large_intestine,0,2,55,35.60182315253039,40.29910931557228,659dce4f66bf4ee0228513d024a4e287e9f1aa3957152332b1483ab0af67cb42
isocitrate,direct_neighbor_ridge,oesophagus,0,2,25,9.366092387078425,11.083634021584487,659dce4f66bf4ee0228513d024a4e287e9f1aa3957152332b1483ab0af67cb42
isocitrate,direct_neighbor_ridge,pancreas,0,2,41,38.80099839404033,41.60399083136787,659dce4f66bf4ee0228513d024a4e287e9f1aa3957152332b1483ab0af67cb42
isocitrate,direct_neighbor_ridge,soft_tissue,0,2,18,21.323850853025785,25.750109100336303,659dce4f66bf4ee0228513d024a4e287e9f1aa3957152332b1483ab0af67cb42
isocitrate,direct_neighbor_ridge,stomach,0,2,37,42.871505004832876,50.06667378943105,659dce4f66bf4ee0228513d024a4e287e9f1aa3957152332b1483ab0af67cb42
isocitrate,direct_neighbor_ridge,breast,0,3,49,45.34284497473445,53.55296785748065,9492e163b6ef19b0563b1ce8302b8e8794e2e4c9c8031c62ff9774a3f63f6f58
isocitrate,direct_neighbor_ridge,central_nervous_system,0,3,49,36.76939845850342,48.80360918933116,9492e163b6ef19b0563b1ce8302b8e8794e2e4c9c8031c62ff9774a3f63f6f58
isocitrate,direct_neighbor_ridge,endometrium,0,3,28,14.656783662670039,19.045059067980855,9492e163b6ef19b0563b1ce8302b8e8794e2e4c9c8031c62ff9774a3f63f6f58
isocitrate,direct_neighbor_ridge,kidney,0,3,23,17.22376348842057,20.32892867302293,9492e163b6ef19b0563b1ce8302b8e8794e2e4c9c8031c62ff9774a3f63f6f58
isocitrate,direct_neighbor_ridge,liver,0,3,25,17.903161915373982,25.618693783234377,9492e163b6ef19b0563b1ce8302b8e8794e2e4c9c8031c62ff9774a3f63f6f58
isocitrate,direct_neighbor_ridge,lung,0,4,176,120.5996933238099,138.79392411114173,cf9883e99ee1b956d01c2cb42a4d284b982ce23065d3616a5e1cced359e41fb5
isocitrate,direct_neighbor_ridge,bone,1,0,19,14.2987300724318,18.4382503119511,32d2e2f547f707a9f12d899e65a934275c9f49020e10d214973126d05910ec9c
isocitrate,direct_neighbor_ridge,ovary,1,0,45,19.747081081805227,24.515224992959162,32d2e2f547f707a9f12d899e65a934275c9f49020e10d214973126d05910ec9c
isocitrate,direct_neighbor_ridge,skin,1,0,52,41.59571154289794,36.45378032926265,32d2e2f547f707a9f12d899e65a934275c9f49020e10d214973126d05910ec9c
isocitrate,direct_neighbor_ridge,upper_aerodigestive_tract,1,0,30,17.35092493386536,19.64584420919523,32d2e2f547f707a9f12d899e65a934275c9f49020e10d214973126d05910ec9c
isocitrate,direct_neighbor_ridge,urinary_tract,1,0,25,19.32266900808905,17.839198653324715,32d2e2f547f707a9f12d899e65a934275c9f49020e10d214973126d05910ec9c
isocitrate,direct_neighbor_ridge,lung,1,1,176,120.68398419993188,138.79392411114173,cf9883e99ee1b956d01c2cb42a4d284b982ce23065d3616a5e1cced359e41fb5
isocitrate,direct_neighbor_ridge,autonomic_ganglia,1,2,16,9.876268885660686,13.056106061256793,db1ab3680dcfc2deb10e2511ec28b70b27966d5a436d724be48267bcbf200acf
isocitrate,direct_neighbor_ridge,haematopoietic_and_lymphoid_tissue,1,2,163,345.6479016313367,326.5673134940628,db1ab3680dcfc2deb10e2511ec28b70b27966d5a436d724be48267bcbf200acf
isocitrate,direct_neighbor_ridge,large_intestine,1,3,55,35.60182315253039,40.29910931557228,659dce4f66bf4ee0228513d024a4e287e9f1aa3957152332b1483ab0af67cb42
isocitrate,direct_neighbor_ridge,oesophagus,1,3,25,9.366092387078425,11.083634021584487,659dce4f66bf4ee0228513d024a4e287e9f1aa3957152332b1483ab0af67cb42
isocitrate,direct_neighbor_ridge,pancreas,1,3,41,38.80099839404033,41.60399083136787,659dce4f66bf4ee0228513d024a4e287e9f1aa3957152332b1483ab0af67cb42
isocitrate,direct_neighbor_ridge,soft_tissue,1,3,18,21.323850853025785,25.750109100336303,659dce4f66bf4ee0228513d024a4e287e9f1aa3957152332b1483ab0af67cb42
isocitrate,direct_neighbor_ridge,stomach,1,3,37,42.871505004832876,50.06667378943105,659dce4f66bf4ee0228513d024a4e287e9f1aa3957152332b1483ab0af67cb42
isocitrate,direct_neighbor_ridge,breast,1,4,49,45.483673798408624,53.55296785748065,9492e163b6ef19b0563b1ce8302b8e8794e2e4c9c8031c62ff9774a3f63f6f58
isocitrate,direct_neighbor_ridge,central_nervous_system,1,4,49,35.57891041363631,48.80360918933116,9492e163b6ef19b0563b1ce8302b8e8794e2e4c9c8031c62ff9774a3f63f6f58
isocitrate,direct_neighbor_ridge,endometrium,1,4,28,14.354000575657313,19.045059067980855,9492e163b6ef19b0563b1ce8302b8e8794e2e4c9c8031c62ff9774a3f63f6f58
isocitrate,direct_neighbor_ridge,kidney,1,4,23,17.093156264653434,20.32892867302293,9492e163b6ef19b0563b1ce8302b8e8794e2e4c9c8031c62ff9774a3f63f6f58
isocitrate,direct_neighbor_ridge,liver,1,4,25,17.422027336257035,25.618693783234377,9492e163b6ef19b0563b1ce8302b8e8794e2e4c9c8031c62ff9774a3f63f6f58
isoleucine,direct_neighbor_ridge,autonomic_ganglia,0,0,16,12.612708356295554,15.051636765149384,db1ab3680dcfc2deb10e2511ec28b70b27966d5a436d724be48267bcbf200acf
isoleucine,direct_neighbor_ridge,haematopoietic_and_lymphoid_tissue,0,0,163,193.68035300906453,313.52672518733675,db1ab3680dcfc2deb10e2511ec28b70b27966d5a436d724be48267bcbf200acf
isoleucine,direct_neighbor_ridge,bone,0,1,19,7.052319155908205,13.143052817677994,32d2e2f547f707a9f12d899e65a934275c9f49020e10d214973126d05910ec9c
isoleucine,direct_neighbor_ridge,ovary,0,1,45,34.23000406911297,40.85489567360125,32d2e2f547f707a9f12d899e65a934275c9f49020e10d214973126d05910ec9c
isoleucine,direct_neighbor_ridge,skin,0,1,52,22.212730864429588,30.308522508645083,32d2e2f547f707a9f12d899e65a934275c9f49020e10d214973126d05910ec9c
isoleucine,direct_neighbor_ridge,upper_aerodigestive_tract,0,1,30,19.409633692684615,27.18130792032544,32d2e2f547f707a9f12d899e65a934275c9f49020e10d214973126d05910ec9c
isoleucine,direct_neighbor_ridge,urinary_tract,0,1,25,38.53489687199971,42.512655621262894,32d2e2f547f707a9f12d899e65a934275c9f49020e10d214973126d05910ec9c
isoleucine,direct_neighbor_ridge,large_intestine,0,2,55,41.39308428388484,53.590098817507986,659dce4f66bf4ee0228513d024a4e287e9f1aa3957152332b1483ab0af67cb42
isoleucine,direct_neighbor_ridge,oesophagus,0,2,25,5.236259624436258,7.108350028980881,659dce4f66bf4ee0228513d024a4e287e9f1aa3957152332b1483ab0af67cb42
isoleucine,direct_neighbor_ridge,pancreas,0,2,41,31.805278097371037,36.30718693098434,659dce4f66bf4ee0228513d024a4e287e9f1aa3957152332b1483ab0af67cb42
isoleucine,direct_neighbor_ridge,soft_tissue,0,2,18,37.70359980898705,40.0988389410637,659dce4f66bf4ee0228513d024a4e287e9f1aa3957152332b1483ab0af67cb42
isoleucine,direct_neighbor_ridge,stomach,0,2,37,28.384466400394746,26.381553716746325,659dce4f66bf4ee0228513d024a4e287e9f1aa3957152332b1483ab0af67cb42
isoleucine,direct_neighbor_ridge,breast,0,3,49,28.003079617763536,35.053297023377844,9492e163b6ef19b0563b1ce8302b8e8794e2e4c9c8031c62ff9774a3f63f6f58
isoleucine,direct_neighbor_ridge,central_nervous_system,0,3,49,25.11914615606576,34.8984560533959,9492e163b6ef19b0563b1ce8302b8e8794e2e4c9c8031c62ff9774a3f63f6f58
isoleucine,direct_neighbor_ridge,endometrium,0,3,28,24.47767209834786,24.96635553062267,9492e163b6ef19b0563b1ce8302b8e8794e2e4c9c8031c62ff9774a3f63f6f58
isoleucine,direct_neighbor_ridge,kidney,0,3,23,5.900396516644359,12.391898330245557,9492e163b6ef19b0563b1ce8302b8e8794e2e4c9c8031c62ff9774a3f63f6f58
isoleucine,direct_neighbor_ridge,liver,0,3,25,24.670299346755396,22.41874180468613,9492e163b6ef19b0563b1ce8302b8e8794e2e4c9c8031c62ff9774a3f63f6f58
isoleucine,direct_neighbor_ridge,lung,0,4,176,185.75932535183395,220.48935856083602,cf9883e99ee1b956d01c2cb42a4d284b982ce23065d3616a5e1cced359e41fb5
isoleucine,direct_neighbor_ridge,bone,1,0,19,7.052319155908205,13.143052817677994,32d2e2f547f707a9f12d899e65a934275c9f49020e10d214973126d05910ec9c
isoleucine,direct_neighbor_ridge,ovary,1,0,45,34.23000406911297,40.85489567360125,32d2e2f547f707a9f12d899e65a934275c9f49020e10d214973126d05910ec9c
isoleucine,direct_neighbor_ridge,skin,1,0,52,22.212730864429588,30.308522508645083,32d2e2f547f707a9f12d899e65a934275c9f49020e10d214973126d05910ec9c
isoleucine,direct_neighbor_ridge,upper_aerodigestive_tract,1,0,30,19.409633692684615,27.18130792032544,32d2e2f547f707a9f12d899e65a934275c9f49020e10d214973126d05910ec9c
isoleucine,direct_neighbor_ridge,urinary_tract,1,0,25,38.53489687199971,42.512655621262894,32d2e2f547f707a9f12d899e65a934275c9f49020e10d214973126d05910ec9c
isoleucine,direct_neighbor_ridge,lung,1,1,176,185.75932535183395,220.48935856083602,cf9883e99ee1b956d01c2cb42a4d284b982ce23065d3616a5e1cced359e41fb5
isoleucine,direct_neighbor_ridge,autonomic_ganglia,1,2,16,12.612708356295554,15.051636765149384,db1ab3680dcfc2deb10e2511ec28b70b27966d5a436d724be48267bcbf200acf
isoleucine,direct_neighbor_ridge,haematopoietic_and_lymphoid_tissue,1,2,163,193.68035300906453,313.52672518733675,db1ab3680dcfc2deb10e2511ec28b70b27966d5a436d724be48267bcbf200acf
isoleucine,direct_neighbor_ridge,large_intestine,1,3,55,41.39308428388484,53.590098817507986,659dce4f66bf4ee0228513d024a4e287e9f1aa3957152332b1483ab0af67cb42
isoleucine,direct_neighbor_ridge,oesophagus,1,3,25,5.236259624436258,7.108350028980881,659dce4f66bf4ee0228513d024a4e287e9f1aa3957152332b1483ab0af67cb42
isoleucine,direct_neighbor_ridge,pancreas,1,3,41,31.805278097371037,36.30718693098434,659dce4f66bf4ee0228513d024a4e287e9f1aa3957152332b1483ab0af67cb42
isoleucine,direct_neighbor_ridge,soft_tissue,1,3,18,37.70359980898705,40.0988389410637,659dce4f66bf4ee0228513d024a4e287e9f1aa3957152332b1483ab0af67cb42
isoleucine,direct_neighbor_ridge,stomach,1,3,37,28.384466400394746,26.381553716746325,659dce4f66bf4ee0228513d024a4e287e9f1aa3957152332b1483ab0af67cb42
isoleucine,direct_neighbor_ridge,breast,1,4,49,28.003079617763536,35.053297023377844,9492e163b6ef19b0563b1ce8302b8e8794e2e4c9c8031c62ff9774a3f63f6f58
isoleucine,direct_neighbor_ridge,central_nervous_system,1,4,49,25.11914615606576,34.8984560533959,9492e163b6ef19b0563b1ce8302b8e8794e2e4c9c8031c62ff9774a3f63f6f58
isoleucine,direct_neighbor_ridge,endometrium,1,4,28,24.47767209834786,24.96635553062267,9492e163b6ef19b0563b1ce8302b8e8794e2e4c9c8031c62ff9774a3f63f6f58
isoleucine,direct_neighbor_ridge,kidney,1,4,23,5.900396516644359,12.391898330245557,9492e163b6ef19b0563b1ce8302b8e8794e2e4c9c8031c62ff9774a3f63f6f58
isoleucine,direct_neighbor_ridge,liver,1,4,25,24.670299346755396,22.41874180468613,9492e163b6ef19b0563b1ce8302b8e8794e2e4c9c8031c62ff9774a3f63f6f58
kynurenine,direct_neighbor_ridge,autonomic_ganglia,0,0,16,11.950544152679972,11.370178129649362,db1ab3680dcfc2deb10e2511ec28b70b27966d5a436d724be48267bcbf200acf
kynurenine,direct_neighbor_ridge,haematopoietic_and_lymphoid_tissue,0,0,163,146.6095554600409,148.2311183243819,db1ab3680dcfc2deb10e2511ec28b70b27966d5a436d724be48267bcbf200acf
kynurenine,direct_neighbor_ridge,bone,0,1,19,20.562317183794,21.128066171603024,32d2e2f547f707a9f12d899e65a934275c9f49020e10d214973126d05910ec9c
kynurenine,direct_neighbor_ridge,ovary,0,1,45,78.46289804298573,77.67482583438573,32d2e2f547f707a9f12d899e65a934275c9f49020e10d214973126d05910ec9c
kynurenine,direct_neighbor_ridge,skin,0,1,52,49.10866884147811,48.90641664902467,32d2e2f547f707a9f12d899e65a934275c9f49020e10d214973126d05910ec9c
kynurenine,direct_neighbor_ridge,upper_aerodigestive_tract,0,1,30,35.03712048314766,34.92559660666954,32d2e2f547f707a9f12d899e65a934275c9f49020e10d214973126d05910ec9c
kynurenine,direct_neighbor_ridge,urinary_tract,0,1,25,29.759103705806066,28.982831457614328,32d2e2f547f707a9f12d899e65a934275c9f49020e10d214973126d05910ec9c
kynurenine,direct_neighbor_ridge,large_intestine,0,2,55,51.8573740892006,51.39265866013526,659dce4f66bf4ee0228513d024a4e287e9f1aa3957152332b1483ab0af67cb42
kynurenine,direct_neighbor_ridge,oesophagus,0,2,25,15.527174502906067,16.284520011901282,659dce4f66bf4ee0228513d024a4e287e9f1aa3957152332b1483ab0af67cb42
kynurenine,direct_neighbor_ridge,pancreas,0,2,41,56.77455067057935,55.69074135507722,659dce4f66bf4ee0228513d024a4e287e9f1aa3957152332b1483ab0af67cb42
kynurenine,direct_neighbor_ridge,soft_tissue,0,2,18,9.115710834162188,8.439309096976867,659dce4f66bf4ee0228513d024a4e287e9f1aa3957152332b1483ab0af67cb42
kynurenine,direct_neighbor_ridge,stomach,0,2,37,31.589214158749634,31.211867261062334,659dce4f66bf4ee0228513d024a4e287e9f1aa3957152332b1483ab0af67cb42
kynurenine,direct_neighbor_ridge,breast,0,3,49,51.83949241339906,52.35108847031989,9492e163b6ef19b0563b1ce8302b8e8794e2e4c9c8031c62ff9774a3f63f6f58
kynurenine,direct_neighbor_ridge,central_nervous_system,0,3,49,83.90715844345016,83.624442254491,9492e163b6ef19b0563b1ce8302b8e8794e2e4c9c8031c62ff9774a3f63f6f58
kynurenine,direct_neighbor_ridge,endometrium,0,3,28,14.751174536349176,15.103564279627332,9492e163b6ef19b0563b1ce8302b8e8794e2e4c9c8031c62ff9774a3f63f6f58
kynurenine,direct_neighbor_ridge,kidney,0,3,23,20.131838408281023,20.555098596542848,9492e163b6ef19b0563b1ce8302b8e8794e2e4c9c8031c62ff9774a3f63f6f58
kynurenine,direct_neighbor_ridge,liver,0,3,25,40.371884780885345,40.88569611789683,9492e163b6ef19b0563b1ce8302b8e8794e2e4c9c8031c62ff9774a3f63f6f58
kynurenine,direct_neighbor_ridge,lung,0,4,176,137.7871313049242,137.82971445441763,cf9883e99ee1b956d01c2cb42a4d284b982ce23065d3616a5e1cced359e41fb5
kynurenine,direct_neighbor_ridge,bone,1,0,19,20.562317183794,21.128066171603024,32d2e2f547f707a9f12d899e65a934275c9f49020e10d214973126d05910ec9c
kynurenine,direct_neighbor_ridge,ovary,1,0,45,78.46289804298573,77.67482583438573,32d2e2f547f707a9f12d899e65a934275c9f49020e10d214973126d05910ec9c
kynurenine,direct_neighbor_ridge,skin,1,0,52,49.10866884147811,48.90641664902467,32d2e2f547f707a9f12d899e65a934275c9f49020e10d214973126d05910ec9c
kynurenine,direct_neighbor_ridge,upper_aerodigestive_tract,1,0,30,35.03712048314766,34.92559660666954,32d2e2f547f707a9f12d899e65a934275c9f49020e10d214973126d05910ec9c
kynurenine,direct_neighbor_ridge,urinary_tract,1,0,25,29.759103705806066,28.982831457614328,32d2e2f547f707a9f12d899e65a934275c9f49020e10d214973126d05910ec9c
kynurenine,direct_neighbor_ridge,lung,1,1,176,137.7871313049242,137.82971445441763,cf9883e99ee1b956d01c2cb42a4d284b982ce23065d3616a5e1cced359e41fb5
kynurenine,direct_neighbor_ridge,autonomic_ganglia,1,2,16,11.950544152679972,11.370178129649362,db1ab3680dcfc2deb10e2511ec28b70b27966d5a436d724be48267bcbf200acf
kynurenine,direct_neighbor_ridge,haematopoietic_and_lymphoid_tissue,1,2,163,146.6095554600409,148.2311183243819,db1ab3680dcfc2deb10e2511ec28b70b27966d5a436d724be48267bcbf200acf
kynurenine,direct_neighbor_ridge,large_intestine,1,3,55,51.8573740892006,51.39265866013526,659dce4f66bf4ee0228513d024a4e287e9f1aa3957152332b1483ab0af67cb42
kynurenine,direct_neighbor_ridge,oesophagus,1,3,25,15.527174502906067,16.284520011901282,659dce4f66bf4ee0228513d024a4e287e9f1aa3957152332b1483ab0af67cb42
kynurenine,direct_neighbor_ridge,pancreas,1,3,41,56.77455067057935,55.69074135507722,659dce4f66bf4ee0228513d024a4e287e9f1aa3957152332b1483ab0af67cb42
kynurenine,direct_neighbor_ridge,soft_tissue,1,3,18,9.115710834162188,8.439309096976867,659dce4f66bf4ee0228513d024a4e287e9f1aa3957152332b1483ab0af67cb42
kynurenine,direct_neighbor_ridge,stomach,1,3,37,31.589214158749634,31.211867261062334,659dce4f66bf4ee0228513d024a4e287e9f1aa3957152332b1483ab0af67cb42
kynurenine,direct_neighbor_ridge,breast,1,4,49,51.83949241339906,52.35108847031989,9492e163b6ef19b0563b1ce8302b8e8794e2e4c9c8031c62ff9774a3f63f6f58
kynurenine,direct_neighbor_ridge,central_nervous_system,1,4,49,83.90715844345016,83.624442254491,9492e163b6ef19b0563b1ce8302b8e8794e2e4c9c8031c62ff9774a3f63f6f58
kynurenine,direct_neighbor_ridge,endometrium,1,4,28,14.751174536349176,15.103564279627332,9492e163b6ef19b0563b1ce8302b8e8794e2e4c9c8031c62ff9774a3f63f6f58
kynurenine,direct_neighbor_ridge,kidney,1,4,23,20.131838408281023,20.555098596542848,9492e163b6ef19b0563b1ce8302b8e8794e2e4c9c8031c62ff9774a3f63f6f58
kynurenine,direct_neighbor_ridge,liver,1,4,25,40.371884780885345,40.88569611789683,9492e163b6ef19b0563b1ce8302b8e8794e2e4c9c8031c62ff9774a3f63f6f58
leucine,direct_neighbor_ridge,autonomic_ganglia,0,0,16,13.754355336467604,22.197007521902396,db1ab3680dcfc2deb10e2511ec28b70b27966d5a436d724be48267bcbf200acf
leucine,direct_neighbor_ridge,haematopoietic_and_lymphoid_tissue,0,0,163,131.44877988107686,483.4982277700393,db1ab3680dcfc2deb10e2511ec28b70b27966d5a436d724be48267bcbf200acf
leucine,direct_neighbor_ridge,bone,0,1,19,7.794945712510038,17.578364470120324,32d2e2f547f707a9f12d899e65a934275c9f49020e10d214973126d05910ec9c
leucine,direct_neighbor_ridge,ovary,0,1,45,16.874110879680867,27.149005504977413,32d2e2f547f707a9f12d899e65a934275c9f49020e10d214973126d05910ec9c
leucine,direct_neighbor_ridge,skin,0,1,52,18.77609393309203,32.65061924820619,32d2e2f547f707a9f12d899e65a934275c9f49020e10d214973126d05910ec9c
leucine,direct_neighbor_ridge,upper_aerodigestive_tract,0,1,30,17.639715516859408,30.995662947802412,32d2e2f547f707a9f12d899e65a934275c9f49020e10d214973126d05910ec9c
leucine,direct_neighbor_ridge,urinary_tract,0,1,25,19.389665224280414,25.04567379564736,32d2e2f547f707a9f12d899e65a934275c9f49020e10d214973126d05910ec9c
leucine,direct_neighbor_ridge,large_intestine,0,2,55,31.612367374045952,49.41060207023639,659dce4f66bf4ee0228513d024a4e287e9f1aa3957152332b1483ab0af67cb42
leucine,direct_neighbor_ridge,oesophagus,0,2,25,9.012952301188236,7.77647978097205,659dce4f66bf4ee0228513d024a4e287e9f1aa3957152332b1483ab0af67cb42
leucine,direct_neighbor_ridge,pancreas,0,2,41,13.670107224828978,19.602310507718396,659dce4f66bf4ee0228513d024a4e287e9f1aa3957152332b1483ab0af67cb42
leucine,direct_neighbor_ridge,soft_tissue,0,2,18,11.955202612789064,18.131674216254172,659dce4f66bf4ee0228513d024a4e287e9f1aa3957152332b1483ab0af67cb42
leucine,direct_neighbor_ridge,stomach,0,2,37,17.862235802831474,20.083674442210143,659dce4f66bf4ee0228513d024a4e287e9f1aa3957152332b1483ab0af67cb42
leucine,direct_neighbor_ridge,breast,0,3,49,19.88602891313215,44.84284250171215,9492e163b6ef19b0563b1ce8302b8e8794e2e4c9c8031c62ff9774a3f63f6f58
leucine,direct_neighbor_ridge,central_nervous_system,0,3,49,26.058401081682838,43.047138008427865,9492e163b6ef19b0563b1ce8302b8e8794e2e4c9c8031c62ff9774a3f63f6f58
leucine,direct_neighbor_ridge,endometrium,0,3,28,17.11518694855926,18.75194388875466,9492e163b6ef19b0563b1ce8302b8e8794e2e4c9c8031c62ff9774a3f63f6f58
leucine,direct_neighbor_ridge,kidney,0,3,23,4.893773740324269,15.151066059682847,9492e163b6ef19b0563b1ce8302b8e8794e2e4c9c8031c62ff9774a3f63f6f58
leucine,direct_neighbor_ridge,liver,0,3,25,15.005030582189038,29.858555420207885,9492e163b6ef19b0563b1ce8302b8e8794e2e4c9c8031c62ff9774a3f63f6f58
leucine,direct_neighbor_ridge,lung,0,4,176,98.44788198342266,187.4992838324203,cf9883e99ee1b956d01c2cb42a4d284b982ce23065d3616a5e1cced359e41fb5
leucine,direct_neighbor_ridge,bone,1,0,19,7.794945712510038,17.578364470120324,32d2e2f547f707a9f12d899e65a934275c9f49020e10d214973126d05910ec9c
leucine,direct_neighbor_ridge,ovary,1,0,45,16.874110879680867,27.149005504977413,32d2e2f547f707a9f12d899e65a934275c9f49020e10d214973126d05910ec9c
leucine,direct_neighbor_ridge,skin,1,0,52,18.77609393309203,32.65061924820619,32d2e2f547f707a9f12d899e65a934275c9f49020e10d214973126d05910ec9c
leucine,direct_neighbor_ridge,upper_aerodigestive_tract,1,0,30,17.639715516859408,30.995662947802412,32d2e2f547f707a9f12d899e65a934275c9f49020e10d214973126d05910ec9c
leucine,direct_neighbor_ridge,urinary_tract,1,0,25,19.389665224280414,25.04567379564736,32d2e2f547f707a9f12d899e65a934275c9f49020e10d214973126d05910ec9c
leucine,direct_neighbor_ridge,lung,1,1,176,98.44788198342266,187.4992838324203,cf9883e99ee1b956d01c2cb42a4d284b982ce23065d3616a5e1cced359e41fb5
leucine,direct_neighbor_ridge,autonomic_ganglia,1,2,16,13.754355336467604,22.197007521902396,db1ab3680dcfc2deb10e2511ec28b70b27966d5a436d724be48267bcbf200acf
leucine,direct_neighbor_ridge,haematopoietic_and_lymphoid_tissue,1,2,163,131.44877988107686,483.4982277700393,db1ab3680dcfc2deb10e2511ec28b70b27966d5a436d724be48267bcbf200acf
leucine,direct_neighbor_ridge,large_intestine,1,3,55,30.935890446790868,49.41060207023639,659dce4f66bf4ee0228513d024a4e287e9f1aa3957152332b1483ab0af67cb42
leucine,direct_neighbor_ridge,oesophagus,1,3,25,8.420343417787425,7.77647978097205,659dce4f66bf4ee0228513d024a4e287e9f1aa3957152332b1483ab0af67cb42
leucine,direct_neighbor_ridge,pancreas,1,3,41,13.095353182242432,19.602310507718396,659dce4f66bf4ee0228513d024a4e287e9f1aa3957152332b1483ab0af67cb42
leucine,direct_neighbor_ridge,soft_tissue,1,3,18,11.528786927646658,18.131674216254172,659dce4f66bf4ee0228513d024a4e287e9f1aa3957152332b1483ab0af67cb42
leucine,direct_neighbor_ridge,stomach,1,3,37,17.013018461291853,20.083674442210143,659dce4f66bf4ee0228513d024a4e287e9f1aa3957152332b1483ab0af67cb42
leucine,direct_neighbor_ridge,breast,1,4,49,20.634166456284973,44.84284250171215,9492e163b6ef19b0563b1ce8302b8e8794e2e4c9c8031c62ff9774a3f63f6f58
leucine,direct_neighbor_ridge,central_nervous_system,1,4,49,26.26614671312634,43.047138008427865,9492e163b6ef19b0563b1ce8302b8e8794e2e4c9c8031c62ff9774a3f63f6f58
leucine,direct_neighbor_ridge,endometrium,1,4,28,16.377072830130714,18.75194388875466,9492e163b6ef19b0563b1ce8302b8e8794e2e4c9c8031c62ff9774a3f63f6f58
leucine,direct_neighbor_ridge,kidney,1,4,23,5.112566440780085,15.151066059682847,9492e163b6ef19b0563b1ce8302b8e8794e2e4c9c8031c62ff9774a3f63f6f58
leucine,direct_neighbor_ridge,liver,1,4,25,16.24210209359709,29.858555420207885,9492e163b6ef19b0563b1ce8302b8e8794e2e4c9c8031c62ff9774a3f63f6f58
lysine,direct_neighbor_ridge,autonomic_ganglia,0,0,16,15.607424365823158,15.940848678728294,db1ab3680dcfc2deb10e2511ec28b70b27966d5a436d724be48267bcbf200acf
lysine,direct_neighbor_ridge,haematopoietic_and_lymphoid_tissue,0,0,163,587.7572075085884,530.705065238699,db1ab3680dcfc2deb10e2511ec28b70b27966d5a436d724be48267bcbf200acf
lysine,direct_neighbor_ridge,bone,0,1,19,23.19521115266062,22.560972878549354,32d2e2f547f707a9f12d899e65a934275c9f49020e10d214973126d05910ec9c
lysine,direct_neighbor_ridge,ovary,0,1,45,37.333999658357264,36.49540102345699,32d2e2f547f707a9f12d899e65a934275c9f49020e10d214973126d05910ec9c
lysine,direct_neighbor_ridge,skin,0,1,52,49.769400662735464,49.953352794647785,32d2e2f547f707a9f12d899e65a934275c9f49020e10d214973126d05910ec9c
lysine,direct_neighbor_ridge,upper_aerodigestive_tract,0,1,30,36.84129370149491,35.79928940801969,32d2e2f547f707a9f12d899e65a934275c9f49020e10d214973126d05910ec9c
lysine,direct_neighbor_ridge,urinary_tract,0,1,25,23.71299534735064,23.29180798230164,32d2e2f547f707a9f12d899e65a934275c9f49020e10d214973126d05910ec9c
lysine,direct_neighbor_ridge,large_intestine,0,2,55,55.182123630429864,55.1944754097135,659dce4f66bf4ee0228513d024a4e287e9f1aa3957152332b1483ab0af67cb42
lysine,direct_neighbor_ridge,oesophagus,0,2,25,9.548271509464278,9.474557672996117,659dce4f66bf4ee0228513d024a4e287e9f1aa3957152332b1483ab0af67cb42
lysine,direct_neighbor_ridge,pancreas,0,2,41,16.458469275538977,16.677010399278778,659dce4f66bf4ee0228513d024a4e287e9f1aa3957152332b1483ab0af67cb42
lysine,direct_neighbor_ridge,soft_tissue,0,2,18,9.496354036604252,9.477446160363295,659dce4f66bf4ee0228513d024a4e287e9f1aa3957152332b1483ab0af67cb42
lysine,direct_neighbor_ridge,stomach,0,2,37,27.463771951209107,26.715145832865183,659dce4f66bf4ee0228513d024a4e287e9f1aa3957152332b1483ab0af67cb42
lysine,direct_neighbor_ridge,breast,0,3,49,42.25084975323328,37.533509148430795,9492e163b6ef19b0563b1ce8302b8e8794e2e4c9c8031c62ff9774a3f63f6f58
lysine,direct_neighbor_ridge,central_nervous_system,0,3,49,50.07822674926011,46.24099357828537,9492e163b6ef19b0563b1ce8302b8e8794e2e4c9c8031c62ff9774a3f63f6f58
lysine,direct_neighbor_ridge,endometrium,0,3,28,18.58733867268085,20.144758650031616,9492e163b6ef19b0563b1ce8302b8e8794e2e4c9c8031c62ff9774a3f63f6f58
lysine,direct_neighbor_ridge,kidney,0,3,23,23.17179550875509,21.05406925831663,9492e163b6ef19b0563b1ce8302b8e8794e2e4c9c8031c62ff9774a3f63f6f58
lysine,direct_neighbor_ridge,liver,0,3,25,24.598022834009008,20.762570854158188,9492e163b6ef19b0563b1ce8302b8e8794e2e4c9c8031c62ff9774a3f63f6f58
lysine,direct_neighbor_ridge,lung,0,4,176,146.1483161625314,145.2484867965145,cf9883e99ee1b956d01c2cb42a4d284b982ce23065d3616a5e1cced359e41fb5
lysine,direct_neighbor_ridge,bone,1,0,19,23.19521115266062,22.560972878549354,32d2e2f547f707a9f12d899e65a934275c9f49020e10d214973126d05910ec9c
lysine,direct_neighbor_ridge,ovary,1,0,45,37.333999658357264,36.49540102345699,32d2e2f547f707a9f12d899e65a934275c9f49020e10d214973126d05910ec9c
lysine,direct_neighbor_ridge,skin,1,0,52,49.769400662735464,49.953352794647785,32d2e2f547f707a9f12d899e65a934275c9f49020e10d214973126d05910ec9c
lysine,direct_neighbor_ridge,upper_aerodigestive_tract,1,0,30,36.84129370149491,35.79928940801969,32d2e2f547f707a9f12d899e65a934275c9f49020e10d214973126d05910ec9c
lysine,direct_neighbor_ridge,urinary_tract,1,0,25,23.71299534735064,23.29180798230164,32d2e2f547f707a9f12d899e65a934275c9f49020e10d214973126d05910ec9c
lysine,direct_neighbor_ridge,lung,1,1,176,146.1483161625314,145.2484867965145,cf9883e99ee1b956d01c2cb42a4d284b982ce23065d3616a5e1cced359e41fb5
lysine,direct_neighbor_ridge,autonomic_ganglia,1,2,16,15.607424365823158,15.940848678728294,db1ab3680dcfc2deb10e2511ec28b70b27966d5a436d724be48267bcbf200acf
lysine,direct_neighbor_ridge,haematopoietic_and_lymphoid_tissue,1,2,163,587.7572075085884,530.705065238699,db1ab3680dcfc2deb10e2511ec28b70b27966d5a436d724be48267bcbf200acf
lysine,direct_neighbor_ridge,large_intestine,1,3,55,55.182123630429864,55.1944754097135,659dce4f66bf4ee0228513d024a4e287e9f1aa3957152332b1483ab0af67cb42
lysine,direct_neighbor_ridge,oesophagus,1,3,25,9.548271509464278,9.474557672996117,659dce4f66bf4ee0228513d024a4e287e9f1aa3957152332b1483ab0af67cb42
lysine,direct_neighbor_ridge,pancreas,1,3,41,16.458469275538977,16.677010399278778,659dce4f66bf4ee0228513d024a4e287e9f1aa3957152332b1483ab0af67cb42
lysine,direct_neighbor_ridge,soft_tissue,1,3,18,9.496354036604252,9.477446160363295,659dce4f66bf4ee0228513d024a4e287e9f1aa3957152332b1483ab0af67cb42
lysine,direct_neighbor_ridge,stomach,1,3,37,27.463771951209107,26.715145832865183,659dce4f66bf4ee0228513d024a4e287e9f1aa3957152332b1483ab0af67cb42
lysine,direct_neighbor_ridge,breast,1,4,49,42.25084975323328,37.533509148430795,9492e163b6ef19b0563b1ce8302b8e8794e2e4c9c8031c62ff9774a3f63f6f58
lysine,direct_neighbor_ridge,central_nervous_system,1,4,49,50.07822674926011,46.24099357828537,9492e163b6ef19b0563b1ce8302b8e8794e2e4c9c8031c62ff9774a3f63f6f58
lysine,direct_neighbor_ridge,endometrium,1,4,28,18.58733867268085,20.144758650031616,9492e163b6ef19b0563b1ce8302b8e8794e2e4c9c8031c62ff9774a3f63f6f58
lysine,direct_neighbor_ridge,kidney,1,4,23,23.17179550875509,21.05406925831663,9492e163b6ef19b0563b1ce8302b8e8794e2e4c9c8031c62ff9774a3f63f6f58
lysine,direct_neighbor_ridge,liver,1,4,25,24.598022834009008,20.762570854158188,9492e163b6ef19b0563b1ce8302b8e8794e2e4c9c8031c62ff9774a3f63f6f58
malate,direct_neighbor_ridge,autonomic_ganglia,0,0,16,8.938021225089186,9.92060632129008,db1ab3680dcfc2deb10e2511ec28b70b27966d5a436d724be48267bcbf200acf
malate,direct_neighbor_ridge,haematopoietic_and_lymphoid_tissue,0,0,163,367.1001789597365,370.69924333134657,db1ab3680dcfc2deb10e2511ec28b70b27966d5a436d724be48267bcbf200acf
malate,direct_neighbor_ridge,bone,0,1,19,12.444342281753682,17.6456999427776,32d2e2f547f707a9f12d899e65a934275c9f49020e10d214973126d05910ec9c
malate,direct_neighbor_ridge,ovary,0,1,45,21.14289826426811,25.162215853368437,32d2e2f547f707a9f12d899e65a934275c9f49020e10d214973126d05910ec9c
malate,direct_neighbor_ridge,skin,0,1,52,17.105470252132534,23.51005087715004,32d2e2f547f707a9f12d899e65a934275c9f49020e10d214973126d05910ec9c
malate,direct_neighbor_ridge,upper_aerodigestive_tract,0,1,30,16.106536107349235,16.048501588303832,32d2e2f547f707a9f12d899e65a934275c9f49020e10d214973126d05910ec9c
malate,direct_neighbor_ridge,urinary_tract,0,1,25,12.835213283739947,16.180043416089575,32d2e2f547f707a9f12d899e65a934275c9f49020e10d214973126d05910ec9c
malate,direct_neighbor_ridge,large_intestine,0,2,55,29.058831704844394,41.40263020984443,659dce4f66bf4ee0228513d024a4e287e9f1aa3957152332b1483ab0af67cb42
malate,direct_neighbor_ridge,oesophagus,0,2,25,25.118470260062953,26.181586546874616,659dce4f66bf4ee0228513d024a4e287e9f1aa3957152332b1483ab0af67cb42
malate,direct_neighbor_ridge,pancreas,0,2,41,33.94981152243621,30.932323747430814,659dce4f66bf4ee0228513d024a4e287e9f1aa3957152332b1483ab0af67cb42
malate,direct_neighbor_ridge,soft_tissue,0,2,18,13.889097055430522,13.32752579038067,659dce4f66bf4ee0228513d024a4e287e9f1aa3957152332b1483ab0af67cb42
malate,direct_neighbor_ridge,stomach,0,2,37,18.818853434293363,26.761597283131284,659dce4f66bf4ee0228513d024a4e287e9f1aa3957152332b1483ab0af67cb42
malate,direct_neighbor_ridge,breast,0,3,49,37.9126604054008,55.876923265003704,9492e163b6ef19b0563b1ce8302b8e8794e2e4c9c8031c62ff9774a3f63f6f58
malate,direct_neighbor_ridge,central_nervous_system,0,3,49,56.17752650198519,75.75371685796141,9492e163b6ef19b0563b1ce8302b8e8794e2e4c9c8031c62ff9774a3f63f6f58
malate,direct_neighbor_ridge,endometrium,0,3,28,10.97289163044214,13.847446234122343,9492e163b6ef19b0563b1ce8302b8e8794e2e4c9c8031c62ff9774a3f63f6f58
malate,direct_neighbor_ridge,kidney,0,3,23,8.092809151501251,10.915540126197461,9492e163b6ef19b0563b1ce8302b8e8794e2e4c9c8031c62ff9774a3f63f6f58
malate,direct_neighbor_ridge,liver,0,3,25,22.371886102741325,35.370199106065506,9492e163b6ef19b0563b1ce8302b8e8794e2e4c9c8031c62ff9774a3f63f6f58
malate,direct_neighbor_ridge,lung,0,4,176,94.57904142621956,122.45356127275697,cf9883e99ee1b956d01c2cb42a4d284b982ce23065d3616a5e1cced359e41fb5
malate,direct_neighbor_ridge,bone,1,0,19,12.444342281753682,17.6456999427776,32d2e2f547f707a9f12d899e65a934275c9f49020e10d214973126d05910ec9c
malate,direct_neighbor_ridge,ovary,1,0,45,21.14289826426811,25.162215853368437,32d2e2f547f707a9f12d899e65a934275c9f49020e10d214973126d05910ec9c
malate,direct_neighbor_ridge,skin,1,0,52,17.105470252132534,23.51005087715004,32d2e2f547f707a9f12d899e65a934275c9f49020e10d214973126d05910ec9c
malate,direct_neighbor_ridge,upper_aerodigestive_tract,1,0,30,16.106536107349235,16.048501588303832,32d2e2f547f707a9f12d899e65a934275c9f49020e10d214973126d05910ec9c
malate,direct_neighbor_ridge,urinary_tract,1,0,25,12.835213283739947,16.180043416089575,32d2e2f547f707a9f12d899e65a934275c9f49020e10d214973126d05910ec9c
malate,direct_neighbor_ridge,lung,1,1,176,94.57904142621956,122.45356127275697,cf9883e99ee1b956d01c2cb42a4d284b982ce23065d3616a5e1cced359e41fb5
malate,direct_neighbor_ridge,autonomic_ganglia,1,2,16,8.938021225089186,9.92060632129008,db1ab3680dcfc2deb10e2511ec28b70b27966d5a436d724be48267bcbf200acf
malate,direct_neighbor_ridge,haematopoietic_and_lymphoid_tissue,1,2,163,367.1001789597365,370.69924333134657,db1ab3680dcfc2deb10e2511ec28b70b27966d5a436d724be48267bcbf200acf
malate,direct_neighbor_ridge,large_intestine,1,3,55,29.058831704844394,41.40263020984443,659dce4f66bf4ee0228513d024a4e287e9f1aa3957152332b1483ab0af67cb42
malate,direct_neighbor_ridge,oesophagus,1,3,25,25.118470260062953,26.181586546874616,659dce4f66bf4ee0228513d024a4e287e9f1aa3957152332b1483ab0af67cb42
malate,direct_neighbor_ridge,pancreas,1,3,41,33.94981152243621,30.932323747430814,659dce4f66bf4ee0228513d024a4e287e9f1aa3957152332b1483ab0af67cb42
malate,direct_neighbor_ridge,soft_tissue,1,3,18,13.889097055430522,13.32752579038067,659dce4f66bf4ee0228513d024a4e287e9f1aa3957152332b1483ab0af67cb42
malate,direct_neighbor_ridge,stomach,1,3,37,18.818853434293363,26.761597283131284,659dce4f66bf4ee0228513d024a4e287e9f1aa3957152332b1483ab0af67cb42
malate,direct_neighbor_ridge,breast,1,4,49,37.9126604054008,55.876923265003704,9492e163b6ef19b0563b1ce8302b8e8794e2e4c9c8031c62ff9774a3f63f6f58
malate,direct_neighbor_ridge,central_nervous_system,1,4,49,56.17752650198519,75.75371685796141,9492e163b6ef19b0563b1ce8302b8e8794e2e4c9c8031c62ff9774a3f63f6f58
malate,direct_neighbor_ridge,endometrium,1,4,28,10.97289163044214,13.847446234122343,9492e163b6ef19b0563b1ce8302b8e8794e2e4c9c8031c62ff9774a3f63f6f58
malate,direct_neighbor_ridge,kidney,1,4,23,8.092809151501251,10.915540126197461,9492e163b6ef19b0563b1ce8302b8e8794e2e4c9c8031c62ff9774a3f63f6f58
malate,direct_neighbor_ridge,liver,1,4,25,22.371886102741325,35.370199106065506,9492e163b6ef19b0563b1ce8302b8e8794e2e4c9c8031c62ff9774a3f63f6f58
methionine,direct_neighbor_ridge,autonomic_ganglia,0,0,16,11.469619616238528,14.456899458433872,db1ab3680dcfc2deb10e2511ec28b70b27966d5a436d724be48267bcbf200acf
methionine,direct_neighbor_ridge,haematopoietic_and_lymphoid_tissue,0,0,163,222.15231560518453,425.34168221894396,db1ab3680dcfc2deb10e2511ec28b70b27966d5a436d724be48267bcbf200acf
methionine,direct_neighbor_ridge,bone,0,1,19,11.53987111686408,14.5413672209433,32d2e2f547f707a9f12d899e65a934275c9f49020e10d214973126d05910ec9c
methionine,direct_neighbor_ridge,ovary,0,1,45,28.413714061605667,30.151370632853272,32d2e2f547f707a9f12d899e65a934275c9f49020e10d214973126d05910ec9c
methionine,direct_neighbor_ridge,skin,0,1,52,25.763414184956744,26.046631272991974,32d2e2f547f707a9f12d899e65a934275c9f49020e10d214973126d05910ec9c
methionine,direct_neighbor_ridge,upper_aerodigestive_tract,0,1,30,26.306875036150004,29.65178117388702,32d2e2f547f707a9f12d899e65a934275c9f49020e10d214973126d05910ec9c
methionine,direct_neighbor_ridge,urinary_tract,0,1,25,19.829670598992692,26.998991322130344,32d2e2f547f707a9f12d899e65a934275c9f49020e10d214973126d05910ec9c
methionine,direct_neighbor_ridge,large_intestine,0,2,55,50.66946673711905,80.3518481252007,659dce4f66bf4ee0228513d024a4e287e9f1aa3957152332b1483ab0af67cb42
methionine,direct_neighbor_ridge,oesophagus,0,2,25,21.880049964551223,17.497880848926307,659dce4f66bf4ee0228513d024a4e287e9f1aa3957152332b1483ab0af67cb42
methionine,direct_neighbor_ridge,pancreas,0,2,41,13.028472225167338,15.88155733920214,659dce4f66bf4ee0228513d024a4e287e9f1aa3957152332b1483ab0af67cb42
methionine,direct_neighbor_ridge,soft_tissue,0,2,18,9.31097366225392,8.504219388831045,659dce4f66bf4ee0228513d024a4e287e9f1aa3957152332b1483ab0af67cb42
methionine,direct_neighbor_ridge,stomach,0,2,37,26.983402802749456,23.893958245300627,659dce4f66bf4ee0228513d024a4e287e9f1aa3957152332b1483ab0af67cb42
methionine,direct_neighbor_ridge,breast,0,3,49,25.15666813219809,41.17723601408385,9492e163b6ef19b0563b1ce8302b8e8794e2e4c9c8031c62ff9774a3f63f6f58
methionine,direct_neighbor_ridge,central_nervous_system,0,3,49,26.50707039808284,40.66338817595697,9492e163b6ef19b0563b1ce8302b8e8794e2e4c9c8031c62ff9774a3f63f6f58
methionine,direct_neighbor_ridge,endometrium,0,3,28,13.924735777570978,17.490995847471304,9492e163b6ef19b0563b1ce8302b8e8794e2e4c9c8031c62ff9774a3f63f6f58
methionine,direct_neighbor_ridge,kidney,0,3,23,7.8182984644798434,12.435770098545367,9492e163b6ef19b0563b1ce8302b8e8794e2e4c9c8031c62ff9774a3f63f6f58
methionine,direct_neighbor_ridge,liver,0,3,25,20.519296010665663,28.164634550097908,9492e163b6ef19b0563b1ce8302b8e8794e2e4c9c8031c62ff9774a3f63f6f58
methionine,direct_neighbor_ridge,lung,0,4,176,190.7766098565647,206.3038714858282,cf9883e99ee1b956d01c2cb42a4d284b982ce23065d3616a5e1cced359e41fb5
methionine,direct_neighbor_ridge,bone,1,0,19,11.53987111686408,14.5413672209433,32d2e2f547f707a9f12d899e65a934275c9f49020e10d214973126d05910ec9c
methionine,direct_neighbor_ridge,ovary,1,0,45,28.413714061605667,30.151370632853272,32d2e2f547f707a9f12d899e65a934275c9f49020e10d214973126d05910ec9c
methionine,direct_neighbor_ridge,skin,1,0,52,25.763414184956744,26.046631272991974,32d2e2f547f707a9f12d899e65a934275c9f49020e10d214973126d05910ec9c
methionine,direct_neighbor_ridge,upper_aerodigestive_tract,1,0,30,26.306875036150004,29.65178117388702,32d2e2f547f707a9f12d899e65a934275c9f49020e10d214973126d05910ec9c
methionine,direct_neighbor_ridge,urinary_tract,1,0,25,19.829670598992692,26.998991322130344,32d2e2f547f707a9f12d899e65a934275c9f49020e10d214973126d05910ec9c
methionine,direct_neighbor_ridge,lung,1,1,176,190.7766098565647,206.3038714858282,cf9883e99ee1b956d01c2cb42a4d284b982ce23065d3616a5e1cced359e41fb5
methionine,direct_neighbor_ridge,autonomic_ganglia,1,2,16,11.469619616238528,14.456899458433872,db1ab3680dcfc2deb10e2511ec28b70b27966d5a436d724be48267bcbf200acf
methionine,direct_neighbor_ridge,haematopoietic_and_lymphoid_tissue,1,2,163,222.15231560518453,425.34168221894396,db1ab3680dcfc2deb10e2511ec28b70b27966d5a436d724be48267bcbf200acf
methionine,direct_neighbor_ridge,large_intestine,1,3,55,50.66946673711905,80.3518481252007,659dce4f66bf4ee0228513d024a4e287e9f1aa3957152332b1483ab0af67cb42
methionine,direct_neighbor_ridge,oesophagus,1,3,25,21.880049964551223,17.497880848926307,659dce4f66bf4ee0228513d024a4e287e9f1aa3957152332b1483ab0af67cb42
methionine,direct_neighbor_ridge,pancreas,1,3,41,13.028472225167338,15.88155733920214,659dce4f66bf4ee0228513d024a4e287e9f1aa3957152332b1483ab0af67cb42
methionine,direct_neighbor_ridge,soft_tissue,1,3,18,9.31097366225392,8.504219388831045,659dce4f66bf4ee0228513d024a4e287e9f1aa3957152332b1483ab0af67cb42
methionine,direct_neighbor_ridge,stomach,1,3,37,26.983402802749456,23.893958245300627,659dce4f66bf4ee0228513d024a4e287e9f1aa3957152332b1483ab0af67cb42
methionine,direct_neighbor_ridge,breast,1,4,49,25.15666813219809,41.17723601408385,9492e163b6ef19b0563b1ce8302b8e8794e2e4c9c8031c62ff9774a3f63f6f58
methionine,direct_neighbor_ridge,central_nervous_system,1,4,49,26.50707039808284,40.66338817595697,9492e163b6ef19b0563b1ce8302b8e8794e2e4c9c8031c62ff9774a3f63f6f58
methionine,direct_neighbor_ridge,endometrium,1,4,28,13.924735777570978,17.490995847471304,9492e163b6ef19b0563b1ce8302b8e8794e2e4c9c8031c62ff9774a3f63f6f58
methionine,direct_neighbor_ridge,kidney,1,4,23,7.8182984644798434,12.435770098545367,9492e163b6ef19b0563b1ce8302b8e8794e2e4c9c8031c62ff9774a3f63f6f58
methionine,direct_neighbor_ridge,liver,1,4,25,20.519296010665663,28.164634550097908,9492e163b6ef19b0563b1ce8302b8e8794e2e4c9c8031c62ff9774a3f63f6f58
ornithine,direct_neighbor_ridge,autonomic_ganglia,0,0,16,12.156950603886811,12.101165995763445,db1ab3680dcfc2deb10e2511ec28b70b27966d5a436d724be48267bcbf200acf
ornithine,direct_neighbor_ridge,haematopoietic_and_lymphoid_tissue,0,0,163,169.05556673660726,216.39959568073897,db1ab3680dcfc2deb10e2511ec28b70b27966d5a436d724be48267bcbf200acf
ornithine,direct_neighbor_ridge,bone,0,1,19,11.168198602310282,11.891195180227985,32d2e2f547f707a9f12d899e65a934275c9f49020e10d214973126d05910ec9c
ornithine,direct_neighbor_ridge,ovary,0,1,45,30.31314608307289,33.07131566294692,32d2e2f547f707a9f12d899e65a934275c9f49020e10d214973126d05910ec9c
ornithine,direct_neighbor_ridge,skin,0,1,52,33.554075919458164,35.73028626661878,32d2e2f547f707a9f12d899e65a934275c9f49020e10d214973126d05910ec9c
ornithine,direct_neighbor_ridge,upper_aerodigestive_tract,0,1,30,22.75289339837888,18.154869274274205,32d2e2f547f707a9f12d899e65a934275c9f49020e10d214973126d05910ec9c
ornithine,direct_neighbor_ridge,urinary_tract,0,1,25,28.445080055787894,20.205098721370604,32d2e2f547f707a9f12d899e65a934275c9f49020e10d214973126d05910ec9c
ornithine,direct_neighbor_ridge,large_intestine,0,2,55,48.010724609511115,53.591588912692124,659dce4f66bf4ee0228513d024a4e287e9f1aa3957152332b1483ab0af67cb42
ornithine,direct_neighbor_ridge,oesophagus,0,2,25,18.729457773319854,16.08942780048647,659dce4f66bf4ee0228513d024a4e287e9f1aa3957152332b1483ab0af67cb42
ornithine,direct_neighbor_ridge,pancreas,0,2,41,48.692199533318124,57.22594714600923,659dce4f66bf4ee0228513d024a4e287e9f1aa3957152332b1483ab0af67cb42
ornithine,direct_neighbor_ridge,soft_tissue,0,2,18,22.02784364108861,24.67995973235314,659dce4f66bf4ee0228513d024a4e287e9f1aa3957152332b1483ab0af67cb42
ornithine,direct_neighbor_ridge,stomach,0,2,37,33.89868028160928,40.729388189614454,659dce4f66bf4ee0228513d024a4e287e9f1aa3957152332b1483ab0af67cb42
ornithine,direct_neighbor_ridge,breast,0,3,49,54.10853355221645,68.32638842670497,9492e163b6ef19b0563b1ce8302b8e8794e2e4c9c8031c62ff9774a3f63f6f58
ornithine,direct_neighbor_ridge,central_nervous_system,0,3,49,37.872009266667185,37.56854982723059,9492e163b6ef19b0563b1ce8302b8e8794e2e4c9c8031c62ff9774a3f63f6f58
ornithine,direct_neighbor_ridge,endometrium,0,3,28,15.275291436314145,18.845296378180333,9492e163b6ef19b0563b1ce8302b8e8794e2e4c9c8031c62ff9774a3f63f6f58
ornithine,direct_neighbor_ridge,kidney,0,3,23,16.514096202858557,14.443637714137596,9492e163b6ef19b0563b1ce8302b8e8794e2e4c9c8031c62ff9774a3f63f6f58
ornithine,direct_neighbor_ridge,liver,0,3,25,25.252337490950403,24.70275226290169,9492e163b6ef19b0563b1ce8302b8e8794e2e4c9c8031c62ff9774a3f63f6f58
ornithine,direct_neighbor_ridge,lung,0,4,176,151.64198219501753,193.9862607274,cf9883e99ee1b956d01c2cb42a4d284b982ce23065d3616a5e1cced359e41fb5
ornithine,direct_neighbor_ridge,bone,1,0,19,11.168198602310282,11.891195180227985,32d2e2f547f707a9f12d899e65a934275c9f49020e10d214973126d05910ec9c
ornithine,direct_neighbor_ridge,ovary,1,0,45,30.31314608307289,33.07131566294692,32d2e2f547f707a9f12d899e65a934275c9f49020e10d214973126d05910ec9c
ornithine,direct_neighbor_ridge,skin,1,0,52,33.554075919458164,35.73028626661878,32d2e2f547f707a9f12d899e65a934275c9f49020e10d214973126d05910ec9c
ornithine,direct_neighbor_ridge,upper_aerodigestive_tract,1,0,30,22.75289339837888,18.154869274274205,32d2e2f547f707a9f12d899e65a934275c9f49020e10d214973126d05910ec9c
ornithine,direct_neighbor_ridge,urinary_tract,1,0,25,28.445080055787894,20.205098721370604,32d2e2f547f707a9f12d899e65a934275c9f49020e10d214973126d05910ec9c
ornithine,direct_neighbor_ridge,lung,1,1,176,151.64198219501753,193.9862607274,cf9883e99ee1b956d01c2cb42a4d284b982ce23065d3616a5e1cced359e41fb5
ornithine,direct_neighbor_ridge,autonomic_ganglia,1,2,16,12.156950603886811,12.101165995763445,db1ab3680dcfc2deb10e2511ec28b70b27966d5a436d724be48267bcbf200acf
ornithine,direct_neighbor_ridge,haematopoietic_and_lymphoid_tissue,1,2,163,169.05556673660726,216.39959568073897,db1ab3680dcfc2deb10e2511ec28b70b27966d5a436d724be48267bcbf200acf
ornithine,direct_neighbor_ridge,large_intestine,1,3,55,48.010724609511115,53.591588912692124,659dce4f66bf4ee0228513d024a4e287e9f1aa3957152332b1483ab0af67cb42
ornithine,direct_neighbor_ridge,oesophagus,1,3,25,18.729457773319854,16.08942780048647,659dce4f66bf4ee0228513d024a4e287e9f1aa3957152332b1483ab0af67cb42
ornithine,direct_neighbor_ridge,pancreas,1,3,41,48.692199533318124,57.22594714600923,659dce4f66bf4ee0228513d024a4e287e9f1aa3957152332b1483ab0af67cb42
ornithine,direct_neighbor_ridge,soft_tissue,1,3,18,22.02784364108861,24.67995973235314,659dce4f66bf4ee0228513d024a4e287e9f1aa3957152332b1483ab0af67cb42
ornithine,direct_neighbor_ridge,stomach,1,3,37,33.89868028160928,40.729388189614454,659dce4f66bf4ee0228513d024a4e287e9f1aa3957152332b1483ab0af67cb42
ornithine,direct_neighbor_ridge,breast,1,4,49,54.10853355221645,68.32638842670497,9492e163b6ef19b0563b1ce8302b8e8794e2e4c9c8031c62ff9774a3f63f6f58
ornithine,direct_neighbor_ridge,central_nervous_system,1,4,49,37.872009266667185,37.56854982723059,9492e163b6ef19b0563b1ce8302b8e8794e2e4c9c8031c62ff9774a3f63f6f58
ornithine,direct_neighbor_ridge,endometrium,1,4,28,15.275291436314145,18.845296378180333,9492e163b6ef19b0563b1ce8302b8e8794e2e4c9c8031c62ff9774a3f63f6f58
ornithine,direct_neighbor_ridge,kidney,1,4,23,16.514096202858557,14.443637714137596,9492e163b6ef19b0563b1ce8302b8e8794e2e4c9c8031c62ff9774a3f63f6f58
ornithine,direct_neighbor_ridge,liver,1,4,25,25.252337490950403,24.70275226290169,9492e163b6ef19b0563b1ce8302b8e8794e2e4c9c8031c62ff9774a3f63f6f58
oxalate,direct_neighbor_ridge,autonomic_ganglia,0,0,16,32.43867883943379,32.56685794157381,db1ab3680dcfc2deb10e2511ec28b70b27966d5a436d724be48267bcbf200acf
oxalate,direct_neighbor_ridge,haematopoietic_and_lymphoid_tissue,0,0,163,744.7279054599727,699.0905046093674,db1ab3680dcfc2deb10e2511ec28b70b27966d5a436d724be48267bcbf200acf
oxalate,direct_neighbor_ridge,bone,0,1,19,12.74354860706684,12.117990824252857,32d2e2f547f707a9f12d899e65a934275c9f49020e10d214973126d05910ec9c
oxalate,direct_neighbor_ridge,ovary,0,1,45,26.68583825471164,26.294778368924902,32d2e2f547f707a9f12d899e65a934275c9f49020e10d214973126d05910ec9c
oxalate,direct_neighbor_ridge,skin,0,1,52,39.4782419260262,39.860986946074554,32d2e2f547f707a9f12d899e65a934275c9f49020e10d214973126d05910ec9c
oxalate,direct_neighbor_ridge,upper_aerodigestive_tract,0,1,30,18.242086598220194,17.8882259877464,32d2e2f547f707a9f12d899e65a934275c9f49020e10d214973126d05910ec9c
oxalate,direct_neighbor_ridge,urinary_tract,0,1,25,7.446698473265399,7.143318274390969,32d2e2f547f707a9f12d899e65a934275c9f49020e10d214973126d05910ec9c
oxalate,direct_neighbor_ridge,large_intestine,0,2,55,31.608187981286886,31.877811526498263,659dce4f66bf4ee0228513d024a4e287e9f1aa3957152332b1483ab0af67cb42
oxalate,direct_neighbor_ridge,oesophagus,0,2,25,19.468978041215554,19.476141571023227,659dce4f66bf4ee0228513d024a4e287e9f1aa3957152332b1483ab0af67cb42
oxalate,direct_neighbor_ridge,pancreas,0,2,41,33.20001978439775,33.51720391968158,659dce4f66bf4ee0228513d024a4e287e9f1aa3957152332b1483ab0af67cb42
oxalate,direct_neighbor_ridge,soft_tissue,0,2,18,8.461066623516185,8.25359683307446,659dce4f66bf4ee0228513d024a4e287e9f1aa3957152332b1483ab0af67cb42
oxalate,direct_neighbor_ridge,stomach,0,2,37,29.90989805337854,30.273288293341732,659dce4f66bf4ee0228513d024a4e287e9f1aa3957152332b1483ab0af67cb42
oxalate,direct_neighbor_ridge,breast,0,3,49,28.939873232144055,25.91835838917653,9492e163b6ef19b0563b1ce8302b8e8794e2e4c9c8031c62ff9774a3f63f6f58
oxalate,direct_neighbor_ridge,central_nervous_system,0,3,49,34.32963893785112,32.08349580119337,9492e163b6ef19b0563b1ce8302b8e8794e2e4c9c8031c62ff9774a3f63f6f58
oxalate,direct_neighbor_ridge,endometrium,0,3,28,15.743847473664534,15.758124906939857,9492e163b6ef19b0563b1ce8302b8e8794e2e4c9c8031c62ff9774a3f63f6f58
oxalate,direct_neighbor_ridge,kidney,0,3,23,7.5399857323585575,6.598095605085013,9492e163b6ef19b0563b1ce8302b8e8794e2e4c9c8031c62ff9774a3f63f6f58
oxalate,direct_neighbor_ridge,liver,0,3,25,18.580407997126287,17.08812083979891,9492e163b6ef19b0563b1ce8302b8e8794e2e4c9c8031c62ff9774a3f63f6f58
oxalate,direct_neighbor_ridge,lung,0,4,176,197.92743137492522,194.4675769908942,cf9883e99ee1b956d01c2cb42a4d284b982ce23065d3616a5e1cced359e41fb5
oxalate,direct_neighbor_ridge,bone,1,0,19,12.74354860706684,12.117990824252857,32d2e2f547f707a9f12d899e65a934275c9f49020e10d214973126d05910ec9c
oxalate,direct_neighbor_ridge,ovary,1,0,45,26.68583825471164,26.294778368924902,32d2e2f547f707a9f12d899e65a934275c9f49020e10d214973126d05910ec9c
oxalate,direct_neighbor_ridge,skin,1,0,52,39.4782419260262,39.860986946074554,32d2e2f547f707a9f12d899e65a934275c9f49020e10d214973126d05910ec9c
oxalate,direct_neighbor_ridge,upper_aerodigestive_tract,1,0,30,18.242086598220194,17.8882259877464,32d2e2f547f707a9f12d899e65a934275c9f49020e10d214973126d05910ec9c
oxalate,direct_neighbor_ridge,urinary_tract,1,0,25,7.446698473265399,7.143318274390969,32d2e2f547f707a9f12d899e65a934275c9f49020e10d214973126d05910ec9c
oxalate,direct_neighbor_ridge,lung,1,1,176,197.92743137492522,194.4675769908942,cf9883e99ee1b956d01c2cb42a4d284b982ce23065d3616a5e1cced359e41fb5
oxalate,direct_neighbor_ridge,autonomic_ganglia,1,2,16,32.43867883943379,32.56685794157381,db1ab3680dcfc2deb10e2511ec28b70b27966d5a436d724be48267bcbf200acf
oxalate,direct_neighbor_ridge,haematopoietic_and_lymphoid_tissue,1,2,163,744.7279054599727,699.0905046093674,db1ab3680dcfc2deb10e2511ec28b70b27966d5a436d724be48267bcbf200acf
oxalate,direct_neighbor_ridge,large_intestine,1,3,55,31.608187981286886,31.877811526498263,659dce4f66bf4ee0228513d024a4e287e9f1aa3957152332b1483ab0af67cb42
oxalate,direct_neighbor_ridge,oesophagus,1,3,25,19.468978041215554,19.476141571023227,659dce4f66bf4ee0228513d024a4e287e9f1aa3957152332b1483ab0af67cb42
oxalate,direct_neighbor_ridge,pancreas,1,3,41,33.20001978439775,33.51720391968158,659dce4f66bf4ee0228513d024a4e287e9f1aa3957152332b1483ab0af67cb42
oxalate,direct_neighbor_ridge,soft_tissue,1,3,18,8.461066623516185,8.25359683307446,659dce4f66bf4ee0228513d024a4e287e9f1aa3957152332b1483ab0af67cb42
oxalate,direct_neighbor_ridge,stomach,1,3,37,29.90989805337854,30.273288293341732,659dce4f66bf4ee0228513d024a4e287e9f1aa3957152332b1483ab0af67cb42
oxalate,direct_neighbor_ridge,breast,1,4,49,28.939873232144055,25.91835838917653,9492e163b6ef19b0563b1ce8302b8e8794e2e4c9c8031c62ff9774a3f63f6f58
oxalate,direct_neighbor_ridge,central_nervous_system,1,4,49,34.32963893785112,32.08349580119337,9492e163b6ef19b0563b1ce8302b8e8794e2e4c9c8031c62ff9774a3f63f6f58
oxalate,direct_neighbor_ridge,endometrium,1,4,28,15.743847473664534,15.758124906939857,9492e163b6ef19b0563b1ce8302b8e8794e2e4c9c8031c62ff9774a3f63f6f58
oxalate,direct_neighbor_ridge,kidney,1,4,23,7.5399857323585575,6.598095605085013,9492e163b6ef19b0563b1ce8302b8e8794e2e4c9c8031c62ff9774a3f63f6f58
oxalate,direct_neighbor_ridge,liver,1,4,25,18.580407997126287,17.08812083979891,9492e163b6ef19b0563b1ce8302b8e8794e2e4c9c8031c62ff9774a3f63f6f58
phenylalanine,direct_neighbor_ridge,autonomic_ganglia,0,0,16,14.731622492705988,16.4419439025455,db1ab3680dcfc2deb10e2511ec28b70b27966d5a436d724be48267bcbf200acf
phenylalanine,direct_neighbor_ridge,haematopoietic_and_lymphoid_tissue,0,0,163,379.81202741065584,412.1982502190378,db1ab3680dcfc2deb10e2511ec28b70b27966d5a436d724be48267bcbf200acf
phenylalanine,direct_neighbor_ridge,bone,0,1,19,23.247223710141746,21.676745807928757,32d2e2f547f707a9f12d899e65a934275c9f49020e10d214973126d05910ec9c
phenylalanine,direct_neighbor_ridge,ovary,0,1,45,30.3252457405674,32.586056976385635,32d2e2f547f707a9f12d899e65a934275c9f49020e10d214973126d05910ec9c
phenylalanine,direct_neighbor_ridge,skin,0,1,52,50.73665320728939,46.160170187067145,32d2e2f547f707a9f12d899e65a934275c9f49020e10d214973126d05910ec9c
phenylalanine,direct_neighbor_ridge,upper_aerodigestive_tract,0,1,30,39.8480572937492,44.77084421405059,32d2e2f547f707a9f12d899e65a934275c9f49020e10d214973126d05910ec9c
phenylalanine,direct_neighbor_ridge,urinary_tract,0,1,25,32.74889818733261,33.548633975479774,32d2e2f547f707a9f12d899e65a934275c9f49020e10d214973126d05910ec9c
phenylalanine,direct_neighbor_ridge,large_intestine,0,2,55,65.33029367318122,61.14419776495575,659dce4f66bf4ee0228513d024a4e287e9f1aa3957152332b1483ab0af67cb42
phenylalanine,direct_neighbor_ridge,oesophagus,0,2,25,32.42315616725797,28.64542309082579,659dce4f66bf4ee0228513d024a4e287e9f1aa3957152332b1483ab0af67cb42
phenylalanine,direct_neighbor_ridge,pancreas,0,2,41,17.39763990607761,15.904514093305734,659dce4f66bf4ee0228513d024a4e287e9f1aa3957152332b1483ab0af67cb42
phenylalanine,direct_neighbor_ridge,soft_tissue,0,2,18,15.244552927954068,17.057506402218095,659dce4f66bf4ee0228513d024a4e287e9f1aa3957152332b1483ab0af67cb42
phenylalanine,direct_neighbor_ridge,stomach,0,2,37,23.320546554132108,22.038194873284663,659dce4f66bf4ee0228513d024a4e287e9f1aa3957152332b1483ab0af67cb42
phenylalanine,direct_neighbor_ridge,breast,0,3,49,39.11856945006332,39.6190628859427,9492e163b6ef19b0563b1ce8302b8e8794e2e4c9c8031c62ff9774a3f63f6f58
phenylalanine,direct_neighbor_ridge,central_nervous_system,0,3,49,43.73086382228218,48.55450037163914,9492e163b6ef19b0563b1ce8302b8e8794e2e4c9c8031c62ff9774a3f63f6f58
phenylalanine,direct_neighbor_ridge,endometrium,0,3,28,20.132299811504637,22.045060186924765,9492e163b6ef19b0563b1ce8302b8e8794e2e4c9c8031c62ff9774a3f63f6f58
phenylalanine,direct_neighbor_ridge,kidney,0,3,23,13.958336802731242,16.90123173081742,9492e163b6ef19b0563b1ce8302b8e8794e2e4c9c8031c62ff9774a3f63f6f58
phenylalanine,direct_neighbor_ridge,liver,0,3,25,26.220790905051274,25.354277090412925,9492e163b6ef19b0563b1ce8302b8e8794e2e4c9c8031c62ff9774a3f63f6f58
phenylalanine,direct_neighbor_ridge,lung,0,4,176,134.3347204973514,150.76161413694672,cf9883e99ee1b956d01c2cb42a4d284b982ce23065d3616a5e1cced359e41fb5
phenylalanine,direct_neighbor_ridge,bone,1,0,19,23.247223710141746,21.676745807928757,32d2e2f547f707a9f12d899e65a934275c9f49020e10d214973126d05910ec9c
phenylalanine,direct_neighbor_ridge,ovary,1,0,45,30.3252457405674,32.586056976385635,32d2e2f547f707a9f12d899e65a934275c9f49020e10d214973126d05910ec9c
phenylalanine,direct_neighbor_ridge,skin,1,0,52,50.73665320728939,46.160170187067145,32d2e2f547f707a9f12d899e65a934275c9f49020e10d214973126d05910ec9c
phenylalanine,direct_neighbor_ridge,upper_aerodigestive_tract,1,0,30,39.8480572937492,44.77084421405059,32d2e2f547f707a9f12d899e65a934275c9f49020e10d214973126d05910ec9c
phenylalanine,direct_neighbor_ridge,urinary_tract,1,0,25,32.74889818733261,33.548633975479774,32d2e2f547f707a9f12d899e65a934275c9f49020e10d214973126d05910ec9c
phenylalanine,direct_neighbor_ridge,lung,1,1,176,134.3347204973514,150.76161413694672,cf9883e99ee1b956d01c2cb42a4d284b982ce23065d3616a5e1cced359e41fb5
phenylalanine,direct_neighbor_ridge,autonomic_ganglia,1,2,16,14.731622492705988,16.4419439025455,db1ab3680dcfc2deb10e2511ec28b70b27966d5a436d724be48267bcbf200acf
phenylalanine,direct_neighbor_ridge,haematopoietic_and_lymphoid_tissue,1,2,163,379.81202741065584,412.1982502190378,db1ab3680dcfc2deb10e2511ec28b70b27966d5a436d724be48267bcbf200acf
phenylalanine,direct_neighbor_ridge,large_intestine,1,3,55,65.41014594289081,61.14419776495575,659dce4f66bf4ee0228513d024a4e287e9f1aa3957152332b1483ab0af67cb42
phenylalanine,direct_neighbor_ridge,oesophagus,1,3,25,32.466408897964136,28.64542309082579,659dce4f66bf4ee0228513d024a4e287e9f1aa3957152332b1483ab0af67cb42
phenylalanine,direct_neighbor_ridge,pancreas,1,3,41,17.46341917284449,15.904514093305734,659dce4f66bf4ee0228513d024a4e287e9f1aa3957152332b1483ab0af67cb42
phenylalanine,direct_neighbor_ridge,soft_tissue,1,3,18,15.205903731545451,17.057506402218095,659dce4f66bf4ee0228513d024a4e287e9f1aa3957152332b1483ab0af67cb42
phenylalanine,direct_neighbor_ridge,stomach,1,3,37,23.35910428886365,22.038194873284663,659dce4f66bf4ee0228513d024a4e287e9f1aa3957152332b1483ab0af67cb42
phenylalanine,direct_neighbor_ridge,breast,1,4,49,38.814348220335425,39.6190628859427,9492e163b6ef19b0563b1ce8302b8e8794e2e4c9c8031c62ff9774a3f63f6f58
phenylalanine,direct_neighbor_ridge,central_nervous_system,1,4,49,44.35853913695429,48.55450037163914,9492e163b6ef19b0563b1ce8302b8e8794e2e4c9c8031c62ff9774a3f63f6f58
phenylalanine,direct_neighbor_ridge,endometrium,1,4,28,20.289100391078478,22.045060186924765,9492e163b6ef19b0563b1ce8302b8e8794e2e4c9c8031c62ff9774a3f63f6f58
phenylalanine,direct_neighbor_ridge,kidney,1,4,23,14.253084887757451,16.90123173081742,9492e163b6ef19b0563b1ce8302b8e8794e2e4c9c8031c62ff9774a3f63f6f58
phenylalanine,direct_neighbor_ridge,liver,1,4,25,25.889458406951665,25.354277090412925,9492e163b6ef19b0563b1ce8302b8e8794e2e4c9c8031c62ff9774a3f63f6f58
proline,direct_neighbor_ridge,autonomic_ganglia,0,0,16,4.282658113052449,7.425671300102393,db1ab3680dcfc2deb10e2511ec28b70b27966d5a436d724be48267bcbf200acf
proline,direct_neighbor_ridge,haematopoietic_and_lymphoid_tissue,0,0,163,139.3593063149009,173.8993077836708,db1ab3680dcfc2deb10e2511ec28b70b27966d5a436d724be48267bcbf200acf
proline,direct_neighbor_ridge,bone,0,1,19,15.526464404713332,31.82134804256843,32d2e2f547f707a9f12d899e65a934275c9f49020e10d214973126d05910ec9c
proline,direct_neighbor_ridge,ovary,0,1,45,25.06749920811556,26.168595309285354,32d2e2f547f707a9f12d899e65a934275c9f49020e10d214973126d05910ec9c
proline,direct_neighbor_ridge,skin,0,1,52,29.499164356823616,38.63873514581818,32d2e2f547f707a9f12d899e65a934275c9f49020e10d214973126d05910ec9c
proline,direct_neighbor_ridge,upper_aerodigestive_tract,0,1,30,27.277165285140125,39.42406265501003,32d2e2f547f707a9f12d899e65a934275c9f49020e10d214973126d05910ec9c
proline,direct_neighbor_ridge,urinary_tract,0,1,25,25.933249704330255,42.92183473672115,32d2e2f547f707a9f12d899e65a934275c9f49020e10d214973126d05910ec9c
proline,direct_neighbor_ridge,large_intestine,0,2,55,41.856340125413695,50.542115535827946,659dce4f66bf4ee0228513d024a4e287e9f1aa3957152332b1483ab0af67cb42
proline,direct_neighbor_ridge,oesophagus,0,2,25,10.898284078390589,16.765268906942264,659dce4f66bf4ee0228513d024a4e287e9f1aa3957152332b1483ab0af67cb42
proline,direct_neighbor_ridge,pancreas,0,2,41,26.48850083961261,33.69248515103249,659dce4f66bf4ee0228513d024a4e287e9f1aa3957152332b1483ab0af67cb42
proline,direct_neighbor_ridge,soft_tissue,0,2,18,22.208715865050817,31.14311422066647,659dce4f66bf4ee0228513d024a4e287e9f1aa3957152332b1483ab0af67cb42
proline,direct_neighbor_ridge,stomach,0,2,37,15.787123113259838,23.35189025784756,659dce4f66bf4ee0228513d024a4e287e9f1aa3957152332b1483ab0af67cb42
proline,direct_neighbor_ridge,breast,0,3,49,41.655181126661056,65.18668673153131,9492e163b6ef19b0563b1ce8302b8e8794e2e4c9c8031c62ff9774a3f63f6f58
proline,direct_neighbor_ridge,central_nervous_system,0,3,49,30.65253135027638,45.40085383714989,9492e163b6ef19b0563b1ce8302b8e8794e2e4c9c8031c62ff9774a3f63f6f58
proline,direct_neighbor_ridge,endometrium,0,3,28,15.131459704650341,19.349892912493694,9492e163b6ef19b0563b1ce8302b8e8794e2e4c9c8031c62ff9774a3f63f6f58
proline,direct_neighbor_ridge,kidney,0,3,23,32.975683043832376,24.830275120686036,9492e163b6ef19b0563b1ce8302b8e8794e2e4c9c8031c62ff9774a3f63f6f58
proline,direct_neighbor_ridge,liver,0,3,25,47.74370014213697,72.2387837625973,9492e163b6ef19b0563b1ce8302b8e8794e2e4c9c8031c62ff9774a3f63f6f58
proline,direct_neighbor_ridge,lung,0,4,176,103.85618578332529,148.3660694649438,cf9883e99ee1b956d01c2cb42a4d284b982ce23065d3616a5e1cced359e41fb5
proline,direct_neighbor_ridge,bone,1,0,19,15.526464404713332,31.82134804256843,32d2e2f547f707a9f12d899e65a934275c9f49020e10d214973126d05910ec9c
proline,direct_neighbor_ridge,ovary,1,0,45,25.06749920811556,26.168595309285354,32d2e2f547f707a9f12d899e65a934275c9f49020e10d214973126d05910ec9c
proline,direct_neighbor_ridge,skin,1,0,52,29.499164356823616,38.63873514581818,32d2e2f547f707a9f12d899e65a934275c9f49020e10d214973126d05910ec9c
proline,direct_neighbor_ridge,upper_aerodigestive_tract,1,0,30,27.277165285140125,39.42406265501003,32d2e2f547f707a9f12d899e65a934275c9f49020e10d214973126d05910ec9c
proline,direct_neighbor_ridge,urinary_tract,1,0,25,25.933249704330255,42.92183473672115,32d2e2f547f707a9f12d899e65a934275c9f49020e10d214973126d05910ec9c
proline,direct_neighbor_ridge,lung,1,1,176,103.85618578332529,148.3660694649438,cf9883e99ee1b956d01c2cb42a4d284b982ce23065d3616a5e1cced359e41fb5
proline,direct_neighbor_ridge,autonomic_ganglia,1,2,16,4.282658113052449,7.425671300102393,db1ab3680dcfc2deb10e2511ec28b70b27966d5a436d724be48267bcbf200acf
proline,direct_neighbor_ridge,haematopoietic_and_lymphoid_tissue,1,2,163,139.3593063149009,173.8993077836708,db1ab3680dcfc2deb10e2511ec28b70b27966d5a436d724be48267bcbf200acf
proline,direct_neighbor_ridge,large_intestine,1,3,55,41.856340125413695,50.542115535827946,659dce4f66bf4ee0228513d024a4e287e9f1aa3957152332b1483ab0af67cb42
proline,direct_neighbor_ridge,oesophagus,1,3,25,10.898284078390589,16.765268906942264,659dce4f66bf4ee0228513d024a4e287e9f1aa3957152332b1483ab0af67cb42
proline,direct_neighbor_ridge,pancreas,1,3,41,26.48850083961261,33.69248515103249,659dce4f66bf4ee0228513d024a4e287e9f1aa3957152332b1483ab0af67cb42
proline,direct_neighbor_ridge,soft_tissue,1,3,18,22.208715865050817,31.14311422066647,659dce4f66bf4ee0228513d024a4e287e9f1aa3957152332b1483ab0af67cb42
proline,direct_neighbor_ridge,stomach,1,3,37,15.787123113259838,23.35189025784756,659dce4f66bf4ee0228513d024a4e287e9f1aa3957152332b1483ab0af67cb42
proline,direct_neighbor_ridge,breast,1,4,49,41.655181126661056,65.18668673153131,9492e163b6ef19b0563b1ce8302b8e8794e2e4c9c8031c62ff9774a3f63f6f58
proline,direct_neighbor_ridge,central_nervous_system,1,4,49,30.65253135027638,45.40085383714989,9492e163b6ef19b0563b1ce8302b8e8794e2e4c9c8031c62ff9774a3f63f6f58
proline,direct_neighbor_ridge,endometrium,1,4,28,15.131459704650341,19.349892912493694,9492e163b6ef19b0563b1ce8302b8e8794e2e4c9c8031c62ff9774a3f63f6f58
proline,direct_neighbor_ridge,kidney,1,4,23,32.975683043832376,24.830275120686036,9492e163b6ef19b0563b1ce8302b8e8794e2e4c9c8031c62ff9774a3f63f6f58
proline,direct_neighbor_ridge,liver,1,4,25,47.74370014213697,72.2387837625973,9492e163b6ef19b0563b1ce8302b8e8794e2e4c9c8031c62ff9774a3f63f6f58
putrescine,direct_neighbor_ridge,autonomic_ganglia,0,0,16,16.574827980447214,16.40282202580971,db1ab3680dcfc2deb10e2511ec28b70b27966d5a436d724be48267bcbf200acf
putrescine,direct_neighbor_ridge,haematopoietic_and_lymphoid_tissue,0,0,163,180.96171503112305,180.25607717101133,db1ab3680dcfc2deb10e2511ec28b70b27966d5a436d724be48267bcbf200acf
putrescine,direct_neighbor_ridge,bone,0,1,19,33.811395941509524,33.77172597964556,32d2e2f547f707a9f12d899e65a934275c9f49020e10d214973126d05910ec9c
putrescine,direct_neighbor_ridge,ovary,0,1,45,33.23961667588038,33.341874324935155,32d2e2f547f707a9f12d899e65a934275c9f49020e10d214973126d05910ec9c
putrescine,direct_neighbor_ridge,skin,0,1,52,94.34947829587628,94.07441847856595,32d2e2f547f707a9f12d899e65a934275c9f49020e10d214973126d05910ec9c
putrescine,direct_neighbor_ridge,upper_aerodigestive_tract,0,1,30,17.642943830144397,17.64244177177487,32d2e2f547f707a9f12d899e65a934275c9f49020e10d214973126d05910ec9c
putrescine,direct_neighbor_ridge,urinary_tract,0,1,25,38.849274192966114,38.82961729621603,32d2e2f547f707a9f12d899e65a934275c9f49020e10d214973126d05910ec9c
putrescine,direct_neighbor_ridge,large_intestine,0,2,55,37.44735615288456,37.355305407471754,659dce4f66bf4ee0228513d024a4e287e9f1aa3957152332b1483ab0af67cb42
putrescine,direct_neighbor_ridge,oesophagus,0,2,25,21.870317288647986,21.860634115144865,659dce4f66bf4ee0228513d024a4e287e9f1aa3957152332b1483ab0af67cb42
putrescine,direct_neighbor_ridge,pancreas,0,2,41,34.20601058473925,34.15765019602403,659dce4f66bf4ee0228513d024a4e287e9f1aa3957152332b1483ab0af67cb42
putrescine,direct_neighbor_ridge,soft_tissue,0,2,18,27.53734438743118,27.57996801954071,659dce4f66bf4ee0228513d024a4e287e9f1aa3957152332b1483ab0af67cb42
putrescine,direct_neighbor_ridge,stomach,0,2,37,21.079203351013295,21.093928303722297,659dce4f66bf4ee0228513d024a4e287e9f1aa3957152332b1483ab0af67cb42
putrescine,direct_neighbor_ridge,breast,0,3,49,62.70169918728333,61.67293701212611,9492e163b6ef19b0563b1ce8302b8e8794e2e4c9c8031c62ff9774a3f63f6f58
putrescine,direct_neighbor_ridge,central_nervous_system,0,3,49,33.46903067654996,33.398341962530665,9492e163b6ef19b0563b1ce8302b8e8794e2e4c9c8031c62ff9774a3f63f6f58
putrescine,direct_neighbor_ridge,endometrium,0,3,28,18.3495465365118,18.10716776004795,9492e163b6ef19b0563b1ce8302b8e8794e2e4c9c8031c62ff9774a3f63f6f58
putrescine,direct_neighbor_ridge,kidney,0,3,23,11.035563830344511,11.10409882530846,9492e163b6ef19b0563b1ce8302b8e8794e2e4c9c8031c62ff9774a3f63f6f58
putrescine,direct_neighbor_ridge,liver,0,3,25,17.246423020342213,16.32953384454946,9492e163b6ef19b0563b1ce8302b8e8794e2e4c9c8031c62ff9774a3f63f6f58
putrescine,direct_neighbor_ridge,lung,0,4,176,197.5912164424717,196.69092340115512,cf9883e99ee1b956d01c2cb42a4d284b982ce23065d3616a5e1cced359e41fb5
putrescine,direct_neighbor_ridge,bone,1,0,19,33.811395941509524,33.77172597964556,32d2e2f547f707a9f12d899e65a934275c9f49020e10d214973126d05910ec9c
putrescine,direct_neighbor_ridge,ovary,1,0,45,33.23961667588038,33.341874324935155,32d2e2f547f707a9f12d899e65a934275c9f49020e10d214973126d05910ec9c
putrescine,direct_neighbor_ridge,skin,1,0,52,94.34947829587628,94.07441847856595,32d2e2f547f707a9f12d899e65a934275c9f49020e10d214973126d05910ec9c
putrescine,direct_neighbor_ridge,upper_aerodigestive_tract,1,0,30,17.642943830144397,17.64244177177487,32d2e2f547f707a9f12d899e65a934275c9f49020e10d214973126d05910ec9c
putrescine,direct_neighbor_ridge,urinary_tract,1,0,25,38.849274192966114,38.82961729621603,32d2e2f547f707a9f12d899e65a934275c9f49020e10d214973126d05910ec9c
putrescine,direct_neighbor_ridge,lung,1,1,176,197.5912164424717,196.69092340115512,cf9883e99ee1b956d01c2cb42a4d284b982ce23065d3616a5e1cced359e41fb5
putrescine,direct_neighbor_ridge,autonomic_ganglia,1,2,16,16.574827980447214,16.40282202580971,db1ab3680dcfc2deb10e2511ec28b70b27966d5a436d724be48267bcbf200acf
putrescine,direct_neighbor_ridge,haematopoietic_and_lymphoid_tissue,1,2,163,180.96171503112305,180.25607717101133,db1ab3680dcfc2deb10e2511ec28b70b27966d5a436d724be48267bcbf200acf
putrescine,direct_neighbor_ridge,large_intestine,1,3,55,37.43564447268914,37.355305407471754,659dce4f66bf4ee0228513d024a4e287e9f1aa3957152332b1483ab0af67cb42
putrescine,direct_neighbor_ridge,oesophagus,1,3,25,21.869033835138982,21.860634115144865,659dce4f66bf4ee0228513d024a4e287e9f1aa3957152332b1483ab0af67cb42
putrescine,direct_neighbor_ridge,pancreas,1,3,41,34.19981309030305,34.15765019602403,659dce4f66bf4ee0228513d024a4e287e9f1aa3957152332b1483ab0af67cb42
putrescine,direct_neighbor_ridge,soft_tissue,1,3,18,27.54258054885451,27.57996801954071,659dce4f66bf4ee0228513d024a4e287e9f1aa3957152332b1483ab0af67cb42
putrescine,direct_neighbor_ridge,stomach,1,3,37,21.08088844019864,21.093928303722297,659dce4f66bf4ee0228513d024a4e287e9f1aa3957152332b1483ab0af67cb42
putrescine,direct_neighbor_ridge,breast,1,4,49,62.70169918728333,61.67293701212611,9492e163b6ef19b0563b1ce8302b8e8794e2e4c9c8031c62ff9774a3f63f6f58
putrescine,direct_neighbor_ridge,central_nervous_system,1,4,49,33.46903067654996,33.398341962530665,9492e163b6ef19b0563b1ce8302b8e8794e2e4c9c8031c62ff9774a3f63f6f58
putrescine,direct_neighbor_ridge,endometrium,1,4,28,18.3495465365118,18.10716776004795,9492e163b6ef19b0563b1ce8302b8e8794e2e4c9c8031c62ff9774a3f63f6f58
putrescine,direct_neighbor_ridge,kidney,1,4,23,11.035563830344511,11.10409882530846,9492e163b6ef19b0563b1ce8302b8e8794e2e4c9c8031c62ff9774a3f63f6f58
putrescine,direct_neighbor_ridge,liver,1,4,25,17.246423020342213,16.32953384454946,9492e163b6ef19b0563b1ce8302b8e8794e2e4c9c8031c62ff9774a3f63f6f58
sarcosine,direct_neighbor_ridge,autonomic_ganglia,0,0,16,4.563144613877014,5.218286644251737,db1ab3680dcfc2deb10e2511ec28b70b27966d5a436d724be48267bcbf200acf
sarcosine,direct_neighbor_ridge,haematopoietic_and_lymphoid_tissue,0,0,163,137.0733642172348,133.00043906616986,db1ab3680dcfc2deb10e2511ec28b70b27966d5a436d724be48267bcbf200acf
sarcosine,direct_neighbor_ridge,bone,0,1,19,18.884248448467027,23.354550288018054,32d2e2f547f707a9f12d899e65a934275c9f49020e10d214973126d05910ec9c
sarcosine,direct_neighbor_ridge,ovary,0,1,45,15.935240858331642,15.420198656315334,32d2e2f547f707a9f12d899e65a934275c9f49020e10d214973126d05910ec9c
sarcosine,direct_neighbor_ridge,skin,0,1,52,63.40530483361653,65.0181360351421,32d2e2f547f707a9f12d899e65a934275c9f49020e10d214973126d05910ec9c
sarcosine,direct_neighbor_ridge,upper_aerodigestive_tract,0,1,30,27.914107756534364,31.318084988915345,32d2e2f547f707a9f12d899e65a934275c9f49020e10d214973126d05910ec9c
sarcosine,direct_neighbor_ridge,urinary_tract,0,1,25,28.015829356771036,32.900517165745704,32d2e2f547f707a9f12d899e65a934275c9f49020e10d214973126d05910ec9c
sarcosine,direct_neighbor_ridge,large_intestine,0,2,55,55.05875623322221,61.1644833656206,659dce4f66bf4ee0228513d024a4e287e9f1aa3957152332b1483ab0af67cb42
sarcosine,direct_neighbor_ridge,oesophagus,0,2,25,36.3702148937046,39.61253052981276,659dce4f66bf4ee0228513d024a4e287e9f1aa3957152332b1483ab0af67cb42
sarcosine,direct_neighbor_ridge,pancreas,0,2,41,36.046713423319886,39.899361555095965,659dce4f66bf4ee0228513d024a4e287e9f1aa3957152332b1483ab0af67cb42
sarcosine,direct_neighbor_ridge,soft_tissue,0,2,18,11.27961805343489,11.85988389853898,659dce4f66bf4ee0228513d024a4e287e9f1aa3957152332b1483ab0af67cb42
sarcosine,direct_neighbor_ridge,stomach,0,2,37,48.97457182416502,56.813018071437085,659dce4f66bf4ee0228513d024a4e287e9f1aa3957152332b1483ab0af67cb42
sarcosine,direct_neighbor_ridge,breast,0,3,49,62.20709200863371,57.24829289097584,9492e163b6ef19b0563b1ce8302b8e8794e2e4c9c8031c62ff9774a3f63f6f58
sarcosine,direct_neighbor_ridge,central_nervous_system,0,3,49,54.64576500374739,62.29015179504358,9492e163b6ef19b0563b1ce8302b8e8794e2e4c9c8031c62ff9774a3f63f6f58
sarcosine,direct_neighbor_ridge,endometrium,0,3,28,15.010450365953835,21.527312603132643,9492e163b6ef19b0563b1ce8302b8e8794e2e4c9c8031c62ff9774a3f63f6f58
sarcosine,direct_neighbor_ridge,kidney,0,3,23,33.27055280481794,21.945751100994567,9492e163b6ef19b0563b1ce8302b8e8794e2e4c9c8031c62ff9774a3f63f6f58
sarcosine,direct_neighbor_ridge,liver,0,3,25,31.47376329647455,32.45832713872948,9492e163b6ef19b0563b1ce8302b8e8794e2e4c9c8031c62ff9774a3f63f6f58
sarcosine,direct_neighbor_ridge,lung,0,4,176,178.3176902079028,179.14110283486013,cf9883e99ee1b956d01c2cb42a4d284b982ce23065d3616a5e1cced359e41fb5
sarcosine,direct_neighbor_ridge,bone,1,0,19,18.884248448467027,23.354550288018054,32d2e2f547f707a9f12d899e65a934275c9f49020e10d214973126d05910ec9c
sarcosine,direct_neighbor_ridge,ovary,1,0,45,15.935240858331642,15.420198656315334,32d2e2f547f707a9f12d899e65a934275c9f49020e10d214973126d05910ec9c
sarcosine,direct_neighbor_ridge,skin,1,0,52,63.40530483361653,65.0181360351421,32d2e2f547f707a9f12d899e65a934275c9f49020e10d214973126d05910ec9c
sarcosine,direct_neighbor_ridge,upper_aerodigestive_tract,1,0,30,27.914107756534364,31.318084988915345,32d2e2f547f707a9f12d899e65a934275c9f49020e10d214973126d05910ec9c
sarcosine,direct_neighbor_ridge,urinary_tract,1,0,25,28.015829356771036,32.900517165745704,32d2e2f547f707a9f12d899e65a934275c9f49020e10d214973126d05910ec9c
sarcosine,direct_neighbor_ridge,lung,1,1,176,178.3176902079028,179.14110283486013,cf9883e99ee1b956d01c2cb42a4d284b982ce23065d3616a5e1cced359e41fb5
sarcosine,direct_neighbor_ridge,autonomic_ganglia,1,2,16,4.563144613877014,5.218286644251737,db1ab3680dcfc2deb10e2511ec28b70b27966d5a436d724be48267bcbf200acf
sarcosine,direct_neighbor_ridge,haematopoietic_and_lymphoid_tissue,1,2,163,137.0733642172348,133.00043906616986,db1ab3680dcfc2deb10e2511ec28b70b27966d5a436d724be48267bcbf200acf
sarcosine,direct_neighbor_ridge,large_intestine,1,3,55,55.05875623322221,61.1644833656206,659dce4f66bf4ee0228513d024a4e287e9f1aa3957152332b1483ab0af67cb42
sarcosine,direct_neighbor_ridge,oesophagus,1,3,25,36.3702148937046,39.61253052981276,659dce4f66bf4ee0228513d024a4e287e9f1aa3957152332b1483ab0af67cb42
sarcosine,direct_neighbor_ridge,pancreas,1,3,41,36.046713423319886,39.899361555095965,659dce4f66bf4ee0228513d024a4e287e9f1aa3957152332b1483ab0af67cb42
sarcosine,direct_neighbor_ridge,soft_tissue,1,3,18,11.27961805343489,11.85988389853898,659dce4f66bf4ee0228513d024a4e287e9f1aa3957152332b1483ab0af67cb42
sarcosine,direct_neighbor_ridge,stomach,1,3,37,48.97457182416502,56.813018071437085,659dce4f66bf4ee0228513d024a4e287e9f1aa3957152332b1483ab0af67cb42
sarcosine,direct_neighbor_ridge,breast,1,4,49,62.20709200863371,57.24829289097584,9492e163b6ef19b0563b1ce8302b8e8794e2e4c9c8031c62ff9774a3f63f6f58
sarcosine,direct_neighbor_ridge,central_nervous_system,1,4,49,54.64576500374739,62.29015179504358,9492e163b6ef19b0563b1ce8302b8e8794e2e4c9c8031c62ff9774a3f63f6f58
sarcosine,direct_neighbor_ridge,endometrium,1,4,28,15.010450365953835,21.527312603132643,9492e163b6ef19b0563b1ce8302b8e8794e2e4c9c8031c62ff9774a3f63f6f58
sarcosine,direct_neighbor_ridge,kidney,1,4,23,33.27055280481794,21.945751100994567,9492e163b6ef19b0563b1ce8302b8e8794e2e4c9c8031c62ff9774a3f63f6f58
sarcosine,direct_neighbor_ridge,liver,1,4,25,31.47376329647455,32.45832713872948,9492e163b6ef19b0563b1ce8302b8e8794e2e4c9c8031c62ff9774a3f63f6f58
serine,direct_neighbor_ridge,autonomic_ganglia,0,0,16,8.448867335153002,11.228872559670311,db1ab3680dcfc2deb10e2511ec28b70b27966d5a436d724be48267bcbf200acf
serine,direct_neighbor_ridge,haematopoietic_and_lymphoid_tissue,0,0,163,107.70695534827506,159.81295967139175,db1ab3680dcfc2deb10e2511ec28b70b27966d5a436d724be48267bcbf200acf
serine,direct_neighbor_ridge,bone,0,1,19,27.799395522642666,37.10173924806623,32d2e2f547f707a9f12d899e65a934275c9f49020e10d214973126d05910ec9c
serine,direct_neighbor_ridge,ovary,0,1,45,18.604334493800593,30.225879688580417,32d2e2f547f707a9f12d899e65a934275c9f49020e10d214973126d05910ec9c
serine,direct_neighbor_ridge,skin,0,1,52,37.42005429259755,42.37738412615452,32d2e2f547f707a9f12d899e65a934275c9f49020e10d214973126d05910ec9c
serine,direct_neighbor_ridge,upper_aerodigestive_tract,0,1,30,13.341253344440528,19.98687228172756,32d2e2f547f707a9f12d899e65a934275c9f49020e10d214973126d05910ec9c
serine,direct_neighbor_ridge,urinary_tract,0,1,25,44.45411061979772,44.177552205406926,32d2e2f547f707a9f12d899e65a934275c9f49020e10d214973126d05910ec9c
serine,direct_neighbor_ridge,large_intestine,0,2,55,73.27335416601744,76.24262616526453,659dce4f66bf4ee0228513d024a4e287e9f1aa3957152332b1483ab0af67cb42
serine,direct_neighbor_ridge,oesophagus,0,2,25,10.778299727298082,14.943514647435636,659dce4f66bf4ee0228513d024a4e287e9f1aa3957152332b1483ab0af67cb42
serine,direct_neighbor_ridge,pancreas,0,2,41,35.88537900342021,35.02919647286584,659dce4f66bf4ee0228513d024a4e287e9f1aa3957152332b1483ab0af67cb42
serine,direct_neighbor_ridge,soft_tissue,0,2,18,17.25978098999384,22.488601894624896,659dce4f66bf4ee0228513d024a4e287e9f1aa3957152332b1483ab0af67cb42
serine,direct_neighbor_ridge,stomach,0,2,37,18.97015449561507,22.498184569258786,659dce4f66bf4ee0228513d024a4e287e9f1aa3957152332b1483ab0af67cb42
serine,direct_neighbor_ridge,breast,0,3,49,22.860359362613334,39.7164743786416,9492e163b6ef19b0563b1ce8302b8e8794e2e4c9c8031c62ff9774a3f63f6f58
serine,direct_neighbor_ridge,central_nervous_system,0,3,49,69.68265422342778,71.79291187195476,9492e163b6ef19b0563b1ce8302b8e8794e2e4c9c8031c62ff9774a3f63f6f58
serine,direct_neighbor_ridge,endometrium,0,3,28,25.820701117473156,24.278469633183665,9492e163b6ef19b0563b1ce8302b8e8794e2e4c9c8031c62ff9774a3f63f6f58
serine,direct_neighbor_ridge,kidney,0,3,23,12.909719363489408,12.946476031874647,9492e163b6ef19b0563b1ce8302b8e8794e2e4c9c8031c62ff9774a3f63f6f58
serine,direct_neighbor_ridge,liver,0,3,25,29.233015820050337,25.529589153218968,9492e163b6ef19b0563b1ce8302b8e8794e2e4c9c8031c62ff9774a3f63f6f58
serine,direct_neighbor_ridge,lung,0,4,176,178.93901507514676,195.89676978760377,cf9883e99ee1b956d01c2cb42a4d284b982ce23065d3616a5e1cced359e41fb5
serine,direct_neighbor_ridge,bone,1,0,19,27.799395522642666,37.10173924806623,32d2e2f547f707a9f12d899e65a934275c9f49020e10d214973126d05910ec9c
serine,direct_neighbor_ridge,ovary,1,0,45,18.604334493800593,30.225879688580417,32d2e2f547f707a9f12d899e65a934275c9f49020e10d214973126d05910ec9c
serine,direct_neighbor_ridge,skin,1,0,52,37.42005429259755,42.37738412615452,32d2e2f547f707a9f12d899e65a934275c9f49020e10d214973126d05910ec9c
serine,direct_neighbor_ridge,upper_aerodigestive_tract,1,0,30,13.341253344440528,19.98687228172756,32d2e2f547f707a9f12d899e65a934275c9f49020e10d214973126d05910ec9c
serine,direct_neighbor_ridge,urinary_tract,1,0,25,44.45411061979772,44.177552205406926,32d2e2f547f707a9f12d899e65a934275c9f49020e10d214973126d05910ec9c
serine,direct_neighbor_ridge,lung,1,1,176,178.94051076279402,195.89676978760377,cf9883e99ee1b956d01c2cb42a4d284b982ce23065d3616a5e1cced359e41fb5
serine,direct_neighbor_ridge,autonomic_ganglia,1,2,16,8.448867335153002,11.228872559670311,db1ab3680dcfc2deb10e2511ec28b70b27966d5a436d724be48267bcbf200acf
serine,direct_neighbor_ridge,haematopoietic_and_lymphoid_tissue,1,2,163,107.70695534827506,159.81295967139175,db1ab3680dcfc2deb10e2511ec28b70b27966d5a436d724be48267bcbf200acf
serine,direct_neighbor_ridge,large_intestine,1,3,55,73.27335416601744,76.24262616526453,659dce4f66bf4ee0228513d024a4e287e9f1aa3957152332b1483ab0af67cb42
serine,direct_neighbor_ridge,oesophagus,1,3,25,10.778299727298082,14.943514647435636,659dce4f66bf4ee0228513d024a4e287e9f1aa3957152332b1483ab0af67cb42
serine,direct_neighbor_ridge,pancreas,1,3,41,35.88537900342021,35.02919647286584,659dce4f66bf4ee0228513d024a4e287e9f1aa3957152332b1483ab0af67cb42
serine,direct_neighbor_ridge,soft_tissue,1,3,18,17.25978098999384,22.488601894624896,659dce4f66bf4ee0228513d024a4e287e9f1aa3957152332b1483ab0af67cb42
serine,direct_neighbor_ridge,stomach,1,3,37,18.97015449561507,22.498184569258786,659dce4f66bf4ee0228513d024a4e287e9f1aa3957152332b1483ab0af67cb42
serine,direct_neighbor_ridge,breast,1,4,49,22.860359362613334,39.7164743786416,9492e163b6ef19b0563b1ce8302b8e8794e2e4c9c8031c62ff9774a3f63f6f58
serine,direct_neighbor_ridge,central_nervous_system,1,4,49,69.68265422342778,71.79291187195476,9492e163b6ef19b0563b1ce8302b8e8794e2e4c9c8031c62ff9774a3f63f6f58
serine,direct_neighbor_ridge,endometrium,1,4,28,25.820701117473156,24.278469633183665,9492e163b6ef19b0563b1ce8302b8e8794e2e4c9c8031c62ff9774a3f63f6f58
serine,direct_neighbor_ridge,kidney,1,4,23,12.909719363489408,12.946476031874647,9492e163b6ef19b0563b1ce8302b8e8794e2e4c9c8031c62ff9774a3f63f6f58
serine,direct_neighbor_ridge,liver,1,4,25,29.233015820050337,25.529589153218968,9492e163b6ef19b0563b1ce8302b8e8794e2e4c9c8031c62ff9774a3f63f6f58
taurine,direct_neighbor_ridge,autonomic_ganglia,0,0,16,13.575252045817749,12.378526827851939,db1ab3680dcfc2deb10e2511ec28b70b27966d5a436d724be48267bcbf200acf
taurine,direct_neighbor_ridge,haematopoietic_and_lymphoid_tissue,0,0,163,173.9820618585223,197.04856273248282,db1ab3680dcfc2deb10e2511ec28b70b27966d5a436d724be48267bcbf200acf
taurine,direct_neighbor_ridge,bone,0,1,19,9.872950940610025,13.837355205968313,32d2e2f547f707a9f12d899e65a934275c9f49020e10d214973126d05910ec9c
taurine,direct_neighbor_ridge,ovary,0,1,45,71.40920012841649,73.47595553976697,32d2e2f547f707a9f12d899e65a934275c9f49020e10d214973126d05910ec9c
taurine,direct_neighbor_ridge,skin,0,1,52,26.692359016182163,31.709902611045486,32d2e2f547f707a9f12d899e65a934275c9f49020e10d214973126d05910ec9c
taurine,direct_neighbor_ridge,upper_aerodigestive_tract,0,1,30,54.439738493230585,58.17929608643423,32d2e2f547f707a9f12d899e65a934275c9f49020e10d214973126d05910ec9c
taurine,direct_neighbor_ridge,urinary_tract,0,1,25,25.912559085233777,30.278985731590122,32d2e2f547f707a9f12d899e65a934275c9f49020e10d214973126d05910ec9c
taurine,direct_neighbor_ridge,large_intestine,0,2,55,36.45825769391452,34.95406908619724,659dce4f66bf4ee0228513d024a4e287e9f1aa3957152332b1483ab0af67cb42
taurine,direct_neighbor_ridge,oesophagus,0,2,25,14.866967316727283,12.968285892280022,659dce4f66bf4ee0228513d024a4e287e9f1aa3957152332b1483ab0af67cb42
taurine,direct_neighbor_ridge,pancreas,0,2,41,26.38534568299414,31.284676709821056,659dce4f66bf4ee0228513d024a4e287e9f1aa3957152332b1483ab0af67cb42
taurine,direct_neighbor_ridge,soft_tissue,0,2,18,36.36759501829654,37.35434569381427,659dce4f66bf4ee0228513d024a4e287e9f1aa3957152332b1483ab0af67cb42
taurine,direct_neighbor_ridge,stomach,0,2,37,26.40194519586105,31.547379990852853,659dce4f66bf4ee0228513d024a4e287e9f1aa3957152332b1483ab0af67cb42
taurine,direct_neighbor_ridge,breast,0,3,49,55.80294991246072,65.42862424663743,9492e163b6ef19b0563b1ce8302b8e8794e2e4c9c8031c62ff9774a3f63f6f58
taurine,direct_neighbor_ridge,central_nervous_system,0,3,49,30.1482645126454,32.46847941948755,9492e163b6ef19b0563b1ce8302b8e8794e2e4c9c8031c62ff9774a3f63f6f58
taurine,direct_neighbor_ridge,endometrium,0,3,28,28.037754821754692,27.828550807583227,9492e163b6ef19b0563b1ce8302b8e8794e2e4c9c8031c62ff9774a3f63f6f58
taurine,direct_neighbor_ridge,kidney,0,3,23,15.557943902410825,18.5736861041395,9492e163b6ef19b0563b1ce8302b8e8794e2e4c9c8031c62ff9774a3f63f6f58
taurine,direct_neighbor_ridge,liver,0,3,25,34.10873870000823,38.608021109482095,9492e163b6ef19b0563b1ce8302b8e8794e2e4c9c8031c62ff9774a3f63f6f58
taurine,direct_neighbor_ridge,lung,0,4,176,142.8418456809546,155.33105335729724,cf9883e99ee1b956d01c2cb42a4d284b982ce23065d3616a5e1cced359e41fb5
taurine,direct_neighbor_ridge,bone,1,0,19,9.872950940610025,13.837355205968313,32d2e2f547f707a9f12d899e65a934275c9f49020e10d214973126d05910ec9c
taurine,direct_neighbor_ridge,ovary,1,0,45,71.40920012841649,73.47595553976697,32d2e2f547f707a9f12d899e65a934275c9f49020e10d214973126d05910ec9c
taurine,direct_neighbor_ridge,skin,1,0,52,26.692359016182163,31.709902611045486,32d2e2f547f707a9f12d899e65a934275c9f49020e10d214973126d05910ec9c
taurine,direct_neighbor_ridge,upper_aerodigestive_tract,1,0,30,54.439738493230585,58.17929608643423,32d2e2f547f707a9f12d899e65a934275c9f49020e10d214973126d05910ec9c
taurine,direct_neighbor_ridge,urinary_tract,1,0,25,25.912559085233777,30.278985731590122,32d2e2f547f707a9f12d899e65a934275c9f49020e10d214973126d05910ec9c
taurine,direct_neighbor_ridge,lung,1,1,176,143.43447139001762,155.33105335729724,cf9883e99ee1b956d01c2cb42a4d284b982ce23065d3616a5e1cced359e41fb5
taurine,direct_neighbor_ridge,autonomic_ganglia,1,2,16,13.571567002662416,12.378526827851939,db1ab3680dcfc2deb10e2511ec28b70b27966d5a436d724be48267bcbf200acf
taurine,direct_neighbor_ridge,haematopoietic_and_lymphoid_tissue,1,2,163,173.98689630170784,197.04856273248282,db1ab3680dcfc2deb10e2511ec28b70b27966d5a436d724be48267bcbf200acf
taurine,direct_neighbor_ridge,large_intestine,1,3,55,36.45825769391452,34.95406908619724,659dce4f66bf4ee0228513d024a4e287e9f1aa3957152332b1483ab0af67cb42
taurine,direct_neighbor_ridge,oesophagus,1,3,25,14.866967316727283,12.968285892280022,659dce4f66bf4ee0228513d024a4e287e9f1aa3957152332b1483ab0af67cb42
taurine,direct_neighbor_ridge,pancreas,1,3,41,26.38534568299414,31.284676709821056,659dce4f66bf4ee0228513d024a4e287e9f1aa3957152332b1483ab0af67cb42
taurine,direct_neighbor_ridge,soft_tissue,1,3,18,36.36759501829654,37.35434569381427,659dce4f66bf4ee0228513d024a4e287e9f1aa3957152332b1483ab0af67cb42
taurine,direct_neighbor_ridge,stomach,1,3,37,26.40194519586105,31.547379990852853,659dce4f66bf4ee0228513d024a4e287e9f1aa3957152332b1483ab0af67cb42
taurine,direct_neighbor_ridge,breast,1,4,49,55.80294991246072,65.42862424663743,9492e163b6ef19b0563b1ce8302b8e8794e2e4c9c8031c62ff9774a3f63f6f58
taurine,direct_neighbor_ridge,central_nervous_system,1,4,49,30.1482645126454,32.46847941948755,9492e163b6ef19b0563b1ce8302b8e8794e2e4c9c8031c62ff9774a3f63f6f58
taurine,direct_neighbor_ridge,endometrium,1,4,28,28.037754821754692,27.828550807583227,9492e163b6ef19b0563b1ce8302b8e8794e2e4c9c8031c62ff9774a3f63f6f58
taurine,direct_neighbor_ridge,kidney,1,4,23,15.557943902410825,18.5736861041395,9492e163b6ef19b0563b1ce8302b8e8794e2e4c9c8031c62ff9774a3f63f6f58
taurine,direct_neighbor_ridge,liver,1,4,25,34.10873870000823,38.608021109482095,9492e163b6ef19b0563b1ce8302b8e8794e2e4c9c8031c62ff9774a3f63f6f58
taurocholate,direct_neighbor_ridge,autonomic_ganglia,0,0,16,11.933043398146438,11.072078229791147,db1ab3680dcfc2deb10e2511ec28b70b27966d5a436d724be48267bcbf200acf
taurocholate,direct_neighbor_ridge,haematopoietic_and_lymphoid_tissue,0,0,163,307.97965246757497,324.34469059150825,db1ab3680dcfc2deb10e2511ec28b70b27966d5a436d724be48267bcbf200acf
taurocholate,direct_neighbor_ridge,bone,0,1,19,23.020167163843283,26.280575706437556,32d2e2f547f707a9f12d899e65a934275c9f49020e10d214973126d05910ec9c
taurocholate,direct_neighbor_ridge,ovary,0,1,45,41.36697126541844,42.992769773464026,32d2e2f547f707a9f12d899e65a934275c9f49020e10d214973126d05910ec9c
taurocholate,direct_neighbor_ridge,skin,0,1,52,30.69486063161449,33.581275036701946,32d2e2f547f707a9f12d899e65a934275c9f49020e10d214973126d05910ec9c
taurocholate,direct_neighbor_ridge,upper_aerodigestive_tract,0,1,30,7.528589837241771,10.581850765498796,32d2e2f547f707a9f12d899e65a934275c9f49020e10d214973126d05910ec9c
taurocholate,direct_neighbor_ridge,urinary_tract,0,1,25,19.838804929967957,19.473248576008626,32d2e2f547f707a9f12d899e65a934275c9f49020e10d214973126d05910ec9c
taurocholate,direct_neighbor_ridge,large_intestine,0,2,55,56.680319751847776,54.075607445028986,659dce4f66bf4ee0228513d024a4e287e9f1aa3957152332b1483ab0af67cb42
taurocholate,direct_neighbor_ridge,oesophagus,0,2,25,15.50121858958028,17.343451640072697,659dce4f66bf4ee0228513d024a4e287e9f1aa3957152332b1483ab0af67cb42
taurocholate,direct_neighbor_ridge,pancreas,0,2,41,37.2466389433906,40.615296903162005,659dce4f66bf4ee0228513d024a4e287e9f1aa3957152332b1483ab0af67cb42
taurocholate,direct_neighbor_ridge,soft_tissue,0,2,18,27.5746144085728,30.59965396908025,659dce4f66bf4ee0228513d024a4e287e9f1aa3957152332b1483ab0af67cb42
taurocholate,direct_neighbor_ridge,stomach,0,2,37,22.71075375702583,25.688363024853523,659dce4f66bf4ee0228513d024a4e287e9f1aa3957152332b1483ab0af67cb42
taurocholate,direct_neighbor_ridge,breast,0,3,49,27.381783397318774,29.055493293072594,9492e163b6ef19b0563b1ce8302b8e8794e2e4c9c8031c62ff9774a3f63f6f58
taurocholate,direct_neighbor_ridge,central_nervous_system,0,3,49,23.057056216887094,22.70338424064386,9492e163b6ef19b0563b1ce8302b8e8794e2e4c9c8031c62ff9774a3f63f6f58
taurocholate,direct_neighbor_ridge,endometrium,0,3,28,39.33459584638096,41.92548728648634,9492e163b6ef19b0563b1ce8302b8e8794e2e4c9c8031c62ff9774a3f63f6f58
taurocholate,direct_neighbor_ridge,kidney,0,3,23,15.303344683283878,16.78167980643672,9492e163b6ef19b0563b1ce8302b8e8794e2e4c9c8031c62ff9774a3f63f6f58
taurocholate,direct_neighbor_ridge,liver,0,3,25,17.600131988232995,18.193144499576814,9492e163b6ef19b0563b1ce8302b8e8794e2e4c9c8031c62ff9774a3f63f6f58
taurocholate,direct_neighbor_ridge,lung,0,4,176,154.91458461514588,150.7844681298777,cf9883e99ee1b956d01c2cb42a4d284b982ce23065d3616a5e1cced359e41fb5
taurocholate,direct_neighbor_ridge,bone,1,0,19,23.020167163843283,26.280575706437556,32d2e2f547f707a9f12d899e65a934275c9f49020e10d214973126d05910ec9c
taurocholate,direct_neighbor_ridge,ovary,1,0,45,41.36697126541844,42.992769773464026,32d2e2f547f707a9f12d899e65a934275c9f49020e10d214973126d05910ec9c
taurocholate,direct_neighbor_ridge,skin,1,0,52,30.69486063161449,33.581275036701946,32d2e2f547f707a9f12d899e65a934275c9f49020e10d214973126d05910ec9c
taurocholate,direct_neighbor_ridge,upper_aerodigestive_tract,1,0,30,7.528589837241771,10.581850765498796,32d2e2f547f707a9f12d899e65a934275c9f49020e10d214973126d05910ec9c
taurocholate,direct_neighbor_ridge,urinary_tract,1,0,25,19.838804929967957,19.473248576008626,32d2e2f547f707a9f12d899e65a934275c9f49020e10d214973126d05910ec9c
taurocholate,direct_neighbor_ridge,lung,1,1,176,154.91458461514588,150.7844681298777,cf9883e99ee1b956d01c2cb42a4d284b982ce23065d3616a5e1cced359e41fb5
taurocholate,direct_neighbor_ridge,autonomic_ganglia,1,2,16,11.933043398146438,11.072078229791147,db1ab3680dcfc2deb10e2511ec28b70b27966d5a436d724be48267bcbf200acf
taurocholate,direct_neighbor_ridge,haematopoietic_and_lymphoid_tissue,1,2,163,307.97965246757497,324.34469059150825,db1ab3680dcfc2deb10e2511ec28b70b27966d5a436d724be48267bcbf200acf
taurocholate,direct_neighbor_ridge,large_intestine,1,3,55,56.680319751847776,54.075607445028986,659dce4f66bf4ee0228513d024a4e287e9f1aa3957152332b1483ab0af67cb42
taurocholate,direct_neighbor_ridge,oesophagus,1,3,25,15.50121858958028,17.343451640072697,659dce4f66bf4ee0228513d024a4e287e9f1aa3957152332b1483ab0af67cb42
taurocholate,direct_neighbor_ridge,pancreas,1,3,41,37.2466389433906,40.615296903162005,659dce4f66bf4ee0228513d024a4e287e9f1aa3957152332b1483ab0af67cb42
taurocholate,direct_neighbor_ridge,soft_tissue,1,3,18,27.5746144085728,30.59965396908025,659dce4f66bf4ee0228513d024a4e287e9f1aa3957152332b1483ab0af67cb42
taurocholate,direct_neighbor_ridge,stomach,1,3,37,22.71075375702583,25.688363024853523,659dce4f66bf4ee0228513d024a4e287e9f1aa3957152332b1483ab0af67cb42
taurocholate,direct_neighbor_ridge,breast,1,4,49,27.381783397318774,29.055493293072594,9492e163b6ef19b0563b1ce8302b8e8794e2e4c9c8031c62ff9774a3f63f6f58
taurocholate,direct_neighbor_ridge,central_nervous_system,1,4,49,23.057056216887094,22.70338424064386,9492e163b6ef19b0563b1ce8302b8e8794e2e4c9c8031c62ff9774a3f63f6f58
taurocholate,direct_neighbor_ridge,endometrium,1,4,28,39.33459584638096,41.92548728648634,9492e163b6ef19b0563b1ce8302b8e8794e2e4c9c8031c62ff9774a3f63f6f58
taurocholate,direct_neighbor_ridge,kidney,1,4,23,15.303344683283878,16.78167980643672,9492e163b6ef19b0563b1ce8302b8e8794e2e4c9c8031c62ff9774a3f63f6f58
taurocholate,direct_neighbor_ridge,liver,1,4,25,17.600131988232995,18.193144499576814,9492e163b6ef19b0563b1ce8302b8e8794e2e4c9c8031c62ff9774a3f63f6f58
thymidine,direct_neighbor_ridge,autonomic_ganglia,0,0,16,19.695367081960555,21.579914318510323,db1ab3680dcfc2deb10e2511ec28b70b27966d5a436d724be48267bcbf200acf
thymidine,direct_neighbor_ridge,haematopoietic_and_lymphoid_tissue,0,0,163,204.31148442115338,231.1969653293342,db1ab3680dcfc2deb10e2511ec28b70b27966d5a436d724be48267bcbf200acf
thymidine,direct_neighbor_ridge,bone,0,1,19,13.084250937780464,15.826318498660871,32d2e2f547f707a9f12d899e65a934275c9f49020e10d214973126d05910ec9c
thymidine,direct_neighbor_ridge,ovary,0,1,45,43.40971427085252,46.8864040795497,32d2e2f547f707a9f12d899e65a934275c9f49020e10d214973126d05910ec9c
thymidine,direct_neighbor_ridge,skin,0,1,52,36.658095323687775,36.33078662930328,32d2e2f547f707a9f12d899e65a934275c9f49020e10d214973126d05910ec9c
thymidine,direct_neighbor_ridge,upper_aerodigestive_tract,0,1,30,35.76235338769398,28.19890185773284,32d2e2f547f707a9f12d899e65a934275c9f49020e10d214973126d05910ec9c
thymidine,direct_neighbor_ridge,urinary_tract,0,1,25,10.409875734034236,11.699729954385138,32d2e2f547f707a9f12d899e65a934275c9f49020e10d214973126d05910ec9c
thymidine,direct_neighbor_ridge,large_intestine,0,2,55,43.46925363995918,44.54818728416636,659dce4f66bf4ee0228513d024a4e287e9f1aa3957152332b1483ab0af67cb42
thymidine,direct_neighbor_ridge,oesophagus,0,2,25,16.78212282874568,15.483760970298665,659dce4f66bf4ee0228513d024a4e287e9f1aa3957152332b1483ab0af67cb42
thymidine,direct_neighbor_ridge,pancreas,0,2,41,31.905261566085056,32.660640478381765,659dce4f66bf4ee0228513d024a4e287e9f1aa3957152332b1483ab0af67cb42
thymidine,direct_neighbor_ridge,soft_tissue,0,2,18,18.31528528748373,18.523745967289095,659dce4f66bf4ee0228513d024a4e287e9f1aa3957152332b1483ab0af67cb42
thymidine,direct_neighbor_ridge,stomach,0,2,37,38.624133188080265,41.71508455220039,659dce4f66bf4ee0228513d024a4e287e9f1aa3957152332b1483ab0af67cb42
thymidine,direct_neighbor_ridge,breast,0,3,49,44.204352860902446,38.89734363994975,9492e163b6ef19b0563b1ce8302b8e8794e2e4c9c8031c62ff9774a3f63f6f58
thymidine,direct_neighbor_ridge,central_nervous_system,0,3,49,75.5006023673643,73.48269484074962,9492e163b6ef19b0563b1ce8302b8e8794e2e4c9c8031c62ff9774a3f63f6f58
thymidine,direct_neighbor_ridge,endometrium,0,3,28,53.80825684742683,58.05986597793249,9492e163b6ef19b0563b1ce8302b8e8794e2e4c9c8031c62ff9774a3f63f6f58
thymidine,direct_neighbor_ridge,kidney,0,3,23,14.097573630222827,13.260598781788293,9492e163b6ef19b0563b1ce8302b8e8794e2e4c9c8031c62ff9774a3f63f6f58
thymidine,direct_neighbor_ridge,liver,0,3,25,21.712053920906154,24.407807295445682,9492e163b6ef19b0563b1ce8302b8e8794e2e4c9c8031c62ff9774a3f63f6f58
thymidine,direct_neighbor_ridge,lung,0,4,176,146.56938495746545,152.10782001186678,cf9883e99ee1b956d01c2cb42a4d284b982ce23065d3616a5e1cced359e41fb5
thymidine,direct_neighbor_ridge,bone,1,0,19,13.084250937780464,15.826318498660871,32d2e2f547f707a9f12d899e65a934275c9f49020e10d214973126d05910ec9c
thymidine,direct_neighbor_ridge,ovary,1,0,45,43.40971427085252,46.8864040795497,32d2e2f547f707a9f12d899e65a934275c9f49020e10d214973126d05910ec9c
thymidine,direct_neighbor_ridge,skin,1,0,52,36.658095323687775,36.33078662930328,32d2e2f547f707a9f12d899e65a934275c9f49020e10d214973126d05910ec9c
thymidine,direct_neighbor_ridge,upper_aerodigestive_tract,1,0,30,35.76235338769398,28.19890185773284,32d2e2f547f707a9f12d899e65a934275c9f49020e10d214973126d05910ec9c
thymidine,direct_neighbor_ridge,urinary_tract,1,0,25,10.409875734034236,11.699729954385138,32d2e2f547f707a9f12d899e65a934275c9f49020e10d214973126d05910ec9c
thymidine,direct_neighbor_ridge,lung,1,1,176,146.56938495746545,152.10782001186678,cf9883e99ee1b956d01c2cb42a4d284b982ce23065d3616a5e1cced359e41fb5
thymidine,direct_neighbor_ridge,autonomic_ganglia,1,2,16,19.695367081960555,21.579914318510323,db1ab3680dcfc2deb10e2511ec28b70b27966d5a436d724be48267bcbf200acf
thymidine,direct_neighbor_ridge,haematopoietic_and_lymphoid_tissue,1,2,163,204.31148442115338,231.1969653293342,db1ab3680dcfc2deb10e2511ec28b70b27966d5a436d724be48267bcbf200acf
thymidine,direct_neighbor_ridge,large_intestine,1,3,55,43.46925363995918,44.54818728416636,659dce4f66bf4ee0228513d024a4e287e9f1aa3957152332b1483ab0af67cb42
thymidine,direct_neighbor_ridge,oesophagus,1,3,25,16.78212282874568,15.483760970298665,659dce4f66bf4ee0228513d024a4e287e9f1aa3957152332b1483ab0af67cb42
thymidine,direct_neighbor_ridge,pancreas,1,3,41,31.905261566085056,32.660640478381765,659dce4f66bf4ee0228513d024a4e287e9f1aa3957152332b1483ab0af67cb42
thymidine,direct_neighbor_ridge,soft_tissue,1,3,18,18.31528528748373,18.523745967289095,659dce4f66bf4ee0228513d024a4e287e9f1aa3957152332b1483ab0af67cb42
thymidine,direct_neighbor_ridge,stomach,1,3,37,38.624133188080265,41.71508455220039,659dce4f66bf4ee0228513d024a4e287e9f1aa3957152332b1483ab0af67cb42
thymidine,direct_neighbor_ridge,breast,1,4,49,44.09034468268208,38.89734363994975,9492e163b6ef19b0563b1ce8302b8e8794e2e4c9c8031c62ff9774a3f63f6f58
thymidine,direct_neighbor_ridge,central_nervous_system,1,4,49,75.44128382868463,73.48269484074962,9492e163b6ef19b0563b1ce8302b8e8794e2e4c9c8031c62ff9774a3f63f6f58
thymidine,direct_neighbor_ridge,endometrium,1,4,28,53.849684619711326,58.05986597793249,9492e163b6ef19b0563b1ce8302b8e8794e2e4c9c8031c62ff9774a3f63f6f58
thymidine,direct_neighbor_ridge,kidney,1,4,23,14.075350732121477,13.260598781788293,9492e163b6ef19b0563b1ce8302b8e8794e2e4c9c8031c62ff9774a3f63f6f58
thymidine,direct_neighbor_ridge,liver,1,4,25,21.731588440679875,24.407807295445682,9492e163b6ef19b0563b1ce8302b8e8794e2e4c9c8031c62ff9774a3f63f6f58
thymine,direct_neighbor_ridge,autonomic_ganglia,0,0,16,37.27789196642469,42.13931336335272,db1ab3680dcfc2deb10e2511ec28b70b27966d5a436d724be48267bcbf200acf
thymine,direct_neighbor_ridge,haematopoietic_and_lymphoid_tissue,0,0,163,108.82758363204694,142.7932765499095,db1ab3680dcfc2deb10e2511ec28b70b27966d5a436d724be48267bcbf200acf
thymine,direct_neighbor_ridge,bone,0,1,19,17.55090661393367,16.636504274411987,32d2e2f547f707a9f12d899e65a934275c9f49020e10d214973126d05910ec9c
thymine,direct_neighbor_ridge,ovary,0,1,45,31.27410593691784,32.49660839041837,32d2e2f547f707a9f12d899e65a934275c9f49020e10d214973126d05910ec9c
thymine,direct_neighbor_ridge,skin,0,1,52,40.989541649093184,37.34311088657257,32d2e2f547f707a9f12d899e65a934275c9f49020e10d214973126d05910ec9c
thymine,direct_neighbor_ridge,upper_aerodigestive_tract,0,1,30,30.68520758848353,31.23431525264369,32d2e2f547f707a9f12d899e65a934275c9f49020e10d214973126d05910ec9c
thymine,direct_neighbor_ridge,urinary_tract,0,1,25,23.639745963408075,24.768642182789232,32d2e2f547f707a9f12d899e65a934275c9f49020e10d214973126d05910ec9c
thymine,direct_neighbor_ridge,large_intestine,0,2,55,58.63819632371798,61.19542669443397,659dce4f66bf4ee0228513d024a4e287e9f1aa3957152332b1483ab0af67cb42
thymine,direct_neighbor_ridge,oesophagus,0,2,25,23.008641023889748,26.323345250115153,659dce4f66bf4ee0228513d024a4e287e9f1aa3957152332b1483ab0af67cb42
thymine,direct_neighbor_ridge,pancreas,0,2,41,54.48801957220813,57.484257388470745,659dce4f66bf4ee0228513d024a4e287e9f1aa3957152332b1483ab0af67cb42
thymine,direct_neighbor_ridge,soft_tissue,0,2,18,9.318396030269765,9.98681694541632,659dce4f66bf4ee0228513d024a4e287e9f1aa3957152332b1483ab0af67cb42
thymine,direct_neighbor_ridge,stomach,0,2,37,34.1696624717112,37.547448950182805,659dce4f66bf4ee0228513d024a4e287e9f1aa3957152332b1483ab0af67cb42
thymine,direct_neighbor_ridge,breast,0,3,49,60.28559069993058,64.39717046419983,9492e163b6ef19b0563b1ce8302b8e8794e2e4c9c8031c62ff9774a3f63f6f58
thymine,direct_neighbor_ridge,central_nervous_system,0,3,49,47.948630400399836,49.381075630545894,9492e163b6ef19b0563b1ce8302b8e8794e2e4c9c8031c62ff9774a3f63f6f58
thymine,direct_neighbor_ridge,endometrium,0,3,28,48.9727831135818,48.807006206222724,9492e163b6ef19b0563b1ce8302b8e8794e2e4c9c8031c62ff9774a3f63f6f58
thymine,direct_neighbor_ridge,kidney,0,3,23,28.01597837414415,24.537842383914896,9492e163b6ef19b0563b1ce8302b8e8794e2e4c9c8031c62ff9774a3f63f6f58
thymine,direct_neighbor_ridge,liver,0,3,25,26.338200523672658,29.540717714900396,9492e163b6ef19b0563b1ce8302b8e8794e2e4c9c8031c62ff9774a3f63f6f58
thymine,direct_neighbor_ridge,lung,0,4,176,130.55432422342454,146.32009165738086,cf9883e99ee1b956d01c2cb42a4d284b982ce23065d3616a5e1cced359e41fb5
thymine,direct_neighbor_ridge,bone,1,0,19,17.55090661393367,16.636504274411987,32d2e2f547f707a9f12d899e65a934275c9f49020e10d214973126d05910ec9c
thymine,direct_neighbor_ridge,ovary,1,0,45,31.27410593691784,32.49660839041837,32d2e2f547f707a9f12d899e65a934275c9f49020e10d214973126d05910ec9c
thymine,direct_neighbor_ridge,skin,1,0,52,40.989541649093184,37.34311088657257,32d2e2f547f707a9f12d899e65a934275c9f49020e10d214973126d05910ec9c
thymine,direct_neighbor_ridge,upper_aerodigestive_tract,1,0,30,30.68520758848353,31.23431525264369,32d2e2f547f707a9f12d899e65a934275c9f49020e10d214973126d05910ec9c
thymine,direct_neighbor_ridge,urinary_tract,1,0,25,23.639745963408075,24.768642182789232,32d2e2f547f707a9f12d899e65a934275c9f49020e10d214973126d05910ec9c
thymine,direct_neighbor_ridge,lung,1,1,176,130.55432422342454,146.32009165738086,cf9883e99ee1b956d01c2cb42a4d284b982ce23065d3616a5e1cced359e41fb5
thymine,direct_neighbor_ridge,autonomic_ganglia,1,2,16,37.27789196642469,42.13931336335272,db1ab3680dcfc2deb10e2511ec28b70b27966d5a436d724be48267bcbf200acf
thymine,direct_neighbor_ridge,haematopoietic_and_lymphoid_tissue,1,2,163,108.82758363204694,142.7932765499095,db1ab3680dcfc2deb10e2511ec28b70b27966d5a436d724be48267bcbf200acf
thymine,direct_neighbor_ridge,large_intestine,1,3,55,58.63819632371798,61.19542669443397,659dce4f66bf4ee0228513d024a4e287e9f1aa3957152332b1483ab0af67cb42
thymine,direct_neighbor_ridge,oesophagus,1,3,25,23.008641023889748,26.323345250115153,659dce4f66bf4ee0228513d024a4e287e9f1aa3957152332b1483ab0af67cb42
thymine,direct_neighbor_ridge,pancreas,1,3,41,54.48801957220813,57.484257388470745,659dce4f66bf4ee0228513d024a4e287e9f1aa3957152332b1483ab0af67cb42
thymine,direct_neighbor_ridge,soft_tissue,1,3,18,9.318396030269765,9.98681694541632,659dce4f66bf4ee0228513d024a4e287e9f1aa3957152332b1483ab0af67cb42
thymine,direct_neighbor_ridge,stomach,1,3,37,34.1696624717112,37.547448950182805,659dce4f66bf4ee0228513d024a4e287e9f1aa3957152332b1483ab0af67cb42
thymine,direct_neighbor_ridge,breast,1,4,49,60.28559069993058,64.39717046419983,9492e163b6ef19b0563b1ce8302b8e8794e2e4c9c8031c62ff9774a3f63f6f58
thymine,direct_neighbor_ridge,central_nervous_system,1,4,49,47.948630400399836,49.381075630545894,9492e163b6ef19b0563b1ce8302b8e8794e2e4c9c8031c62ff9774a3f63f6f58
thymine,direct_neighbor_ridge,endometrium,1,4,28,48.9727831135818,48.807006206222724,9492e163b6ef19b0563b1ce8302b8e8794e2e4c9c8031c62ff9774a3f63f6f58
thymine,direct_neighbor_ridge,kidney,1,4,23,28.01597837414415,24.537842383914896,9492e163b6ef19b0563b1ce8302b8e8794e2e4c9c8031c62ff9774a3f63f6f58
thymine,direct_neighbor_ridge,liver,1,4,25,26.338200523672658,29.540717714900396,9492e163b6ef19b0563b1ce8302b8e8794e2e4c9c8031c62ff9774a3f63f6f58
thyroxine,direct_neighbor_ridge,autonomic_ganglia,0,0,16,11.291685077903225,15.40492572771767,db1ab3680dcfc2deb10e2511ec28b70b27966d5a436d724be48267bcbf200acf
thyroxine,direct_neighbor_ridge,haematopoietic_and_lymphoid_tissue,0,0,163,145.95854114918123,403.00036280182076,db1ab3680dcfc2deb10e2511ec28b70b27966d5a436d724be48267bcbf200acf
thyroxine,direct_neighbor_ridge,bone,0,1,19,14.816515622989696,13.788549408054706,32d2e2f547f707a9f12d899e65a934275c9f49020e10d214973126d05910ec9c
thyroxine,direct_neighbor_ridge,ovary,0,1,45,26.62517606702346,39.994568391613825,32d2e2f547f707a9f12d899e65a934275c9f49020e10d214973126d05910ec9c
thyroxine,direct_neighbor_ridge,skin,0,1,52,30.698015212978785,37.84583317975304,32d2e2f547f707a9f12d899e65a934275c9f49020e10d214973126d05910ec9c
thyroxine,direct_neighbor_ridge,upper_aerodigestive_tract,0,1,30,11.886539187467557,18.718161824870098,32d2e2f547f707a9f12d899e65a934275c9f49020e10d214973126d05910ec9c
thyroxine,direct_neighbor_ridge,urinary_tract,0,1,25,6.579785765231895,13.48843693475817,32d2e2f547f707a9f12d899e65a934275c9f49020e10d214973126d05910ec9c
thyroxine,direct_neighbor_ridge,large_intestine,0,2,55,28.447408518916394,58.978927431708655,659dce4f66bf4ee0228513d024a4e287e9f1aa3957152332b1483ab0af67cb42
thyroxine,direct_neighbor_ridge,oesophagus,0,2,25,9.699608333669701,13.560858961946117,659dce4f66bf4ee0228513d024a4e287e9f1aa3957152332b1483ab0af67cb42
thyroxine,direct_neighbor_ridge,pancreas,0,2,41,22.516434279813303,32.127641118309995,659dce4f66bf4ee0228513d024a4e287e9f1aa3957152332b1483ab0af67cb42
thyroxine,direct_neighbor_ridge,soft_tissue,0,2,18,9.984910129988847,14.328350831834657,659dce4f66bf4ee0228513d024a4e287e9f1aa3957152332b1483ab0af67cb42
thyroxine,direct_neighbor_ridge,stomach,0,2,37,40.64991432715053,59.42522439923218,659dce4f66bf4ee0228513d024a4e287e9f1aa3957152332b1483ab0af67cb42
thyroxine,direct_neighbor_ridge,breast,0,3,49,40.795330678373176,53.56313837767444,9492e163b6ef19b0563b1ce8302b8e8794e2e4c9c8031c62ff9774a3f63f6f58
thyroxine,direct_neighbor_ridge,central_nervous_system,0,3,49,25.075547226286698,42.31615127021579,9492e163b6ef19b0563b1ce8302b8e8794e2e4c9c8031c62ff9774a3f63f6f58
thyroxine,direct_neighbor_ridge,endometrium,0,3,28,13.08168104941734,32.39008430499126,9492e163b6ef19b0563b1ce8302b8e8794e2e4c9c8031c62ff9774a3f63f6f58
thyroxine,direct_neighbor_ridge,kidney,0,3,23,9.671653766623836,11.049388818373123,9492e163b6ef19b0563b1ce8302b8e8794e2e4c9c8031c62ff9774a3f63f6f58
thyroxine,direct_neighbor_ridge,liver,0,3,25,13.255327064431253,20.72671093334933,9492e163b6ef19b0563b1ce8302b8e8794e2e4c9c8031c62ff9774a3f63f6f58
thyroxine,direct_neighbor_ridge,lung,0,4,176,78.49382983993223,136.2879049959858,cf9883e99ee1b956d01c2cb42a4d284b982ce23065d3616a5e1cced359e41fb5
thyroxine,direct_neighbor_ridge,bone,1,0,19,14.816515622989696,13.788549408054706,32d2e2f547f707a9f12d899e65a934275c9f49020e10d214973126d05910ec9c
thyroxine,direct_neighbor_ridge,ovary,1,0,45,26.62517606702346,39.994568391613825,32d2e2f547f707a9f12d899e65a934275c9f49020e10d214973126d05910ec9c
thyroxine,direct_neighbor_ridge,skin,1,0,52,30.698015212978785,37.84583317975304,32d2e2f547f707a9f12d899e65a934275c9f49020e10d214973126d05910ec9c
thyroxine,direct_neighbor_ridge,upper_aerodigestive_tract,1,0,30,11.886539187467557,18.718161824870098,32d2e2f547f707a9f12d899e65a934275c9f49020e10d214973126d05910ec9c
thyroxine,direct_neighbor_ridge,urinary_tract,1,0,25,6.579785765231895,13.48843693475817,32d2e2f547f707a9f12d899e65a934275c9f49020e10d214973126d05910ec9c
thyroxine,direct_neighbor_ridge,lung,1,1,176,78.49382983993223,136.2879049959858,cf9883e99ee1b956d01c2cb42a4d284b982ce23065d3616a5e1cced359e41fb5
thyroxine,direct_neighbor_ridge,autonomic_ganglia,1,2,16,11.291685077903225,15.40492572771767,db1ab3680dcfc2deb10e2511ec28b70b27966d5a436d724be48267bcbf200acf
thyroxine,direct_neighbor_ridge,haematopoietic_and_lymphoid_tissue,1,2,163,145.95854114918123,403.00036280182076,db1ab3680dcfc2deb10e2511ec28b70b27966d5a436d724be48267bcbf200acf
thyroxine,direct_neighbor_ridge,large_intestine,1,3,55,28.447408518916394,58.978927431708655,659dce4f66bf4ee0228513d024a4e287e9f1aa3957152332b1483ab0af67cb42
thyroxine,direct_neighbor_ridge,oesophagus,1,3,25,9.699608333669701,13.560858961946117,659dce4f66bf4ee0228513d024a4e287e9f1aa3957152332b1483ab0af67cb42
thyroxine,direct_neighbor_ridge,pancreas,1,3,41,22.516434279813303,32.127641118309995,659dce4f66bf4ee0228513d024a4e287e9f1aa3957152332b1483ab0af67cb42
thyroxine,direct_neighbor_ridge,soft_tissue,1,3,18,9.984910129988847,14.328350831834657,659dce4f66bf4ee0228513d024a4e287e9f1aa3957152332b1483ab0af67cb42
thyroxine,direct_neighbor_ridge,stomach,1,3,37,40.64991432715053,59.42522439923218,659dce4f66bf4ee0228513d024a4e287e9f1aa3957152332b1483ab0af67cb42
thyroxine,direct_neighbor_ridge,breast,1,4,49,40.795330678373176,53.56313837767444,9492e163b6ef19b0563b1ce8302b8e8794e2e4c9c8031c62ff9774a3f63f6f58
thyroxine,direct_neighbor_ridge,central_nervous_system,1,4,49,25.075547226286698,42.31615127021579,9492e163b6ef19b0563b1ce8302b8e8794e2e4c9c8031c62ff9774a3f63f6f58
thyroxine,direct_neighbor_ridge,endometrium,1,4,28,13.08168104941734,32.39008430499126,9492e163b6ef19b0563b1ce8302b8e8794e2e4c9c8031c62ff9774a3f63f6f58
thyroxine,direct_neighbor_ridge,kidney,1,4,23,9.671653766623836,11.049388818373123,9492e163b6ef19b0563b1ce8302b8e8794e2e4c9c8031c62ff9774a3f63f6f58
thyroxine,direct_neighbor_ridge,liver,1,4,25,13.255327064431253,20.72671093334933,9492e163b6ef19b0563b1ce8302b8e8794e2e4c9c8031c62ff9774a3f63f6f58
trimethylamine-N-oxide,direct_neighbor_ridge,autonomic_ganglia,0,0,16,16.33434146002574,16.042364743280093,db1ab3680dcfc2deb10e2511ec28b70b27966d5a436d724be48267bcbf200acf
trimethylamine-N-oxide,direct_neighbor_ridge,haematopoietic_and_lymphoid_tissue,0,0,163,360.0426989975217,322.5232551391506,db1ab3680dcfc2deb10e2511ec28b70b27966d5a436d724be48267bcbf200acf
trimethylamine-N-oxide,direct_neighbor_ridge,bone,0,1,19,8.360159510010389,8.354708986616746,32d2e2f547f707a9f12d899e65a934275c9f49020e10d214973126d05910ec9c
trimethylamine-N-oxide,direct_neighbor_ridge,ovary,0,1,45,24.570512936536662,24.5548292839874,32d2e2f547f707a9f12d899e65a934275c9f49020e10d214973126d05910ec9c
trimethylamine-N-oxide,direct_neighbor_ridge,skin,0,1,52,15.166812509069127,15.161771526238663,32d2e2f547f707a9f12d899e65a934275c9f49020e10d214973126d05910ec9c
trimethylamine-N-oxide,direct_neighbor_ridge,upper_aerodigestive_tract,0,1,30,10.289018141788992,10.280298171753588,32d2e2f547f707a9f12d899e65a934275c9f49020e10d214973126d05910ec9c
trimethylamine-N-oxide,direct_neighbor_ridge,urinary_tract,0,1,25,9.17014041935465,9.161731428672718,32d2e2f547f707a9f12d899e65a934275c9f49020e10d214973126d05910ec9c
trimethylamine-N-oxide,direct_neighbor_ridge,large_intestine,0,2,55,16.299019574597516,16.107369426224352,659dce4f66bf4ee0228513d024a4e287e9f1aa3957152332b1483ab0af67cb42
trimethylamine-N-oxide,direct_neighbor_ridge,oesophagus,0,2,25,12.039214958049339,12.128506705711338,659dce4f66bf4ee0228513d024a4e287e9f1aa3957152332b1483ab0af67cb42
trimethylamine-N-oxide,direct_neighbor_ridge,pancreas,0,2,41,21.08287114856401,20.98993669377335,659dce4f66bf4ee0228513d024a4e287e9f1aa3957152332b1483ab0af67cb42
trimethylamine-N-oxide,direct_neighbor_ridge,soft_tissue,0,2,18,8.478505606760425,8.641144832438014,659dce4f66bf4ee0228513d024a4e287e9f1aa3957152332b1483ab0af67cb42
trimethylamine-N-oxide,direct_neighbor_ridge,stomach,0,2,37,16.60962310662097,16.228104483554393,659dce4f66bf4ee0228513d024a4e287e9f1aa3957152332b1483ab0af67cb42
trimethylamine-N-oxide,direct_neighbor_ridge,breast,0,3,49,25.342929318600778,23.202762346140773,9492e163b6ef19b0563b1ce8302b8e8794e2e4c9c8031c62ff9774a3f63f6f58
trimethylamine-N-oxide,direct_neighbor_ridge,central_nervous_system,0,3,49,20.51415232975794,19.337048178611173,9492e163b6ef19b0563b1ce8302b8e8794e2e4c9c8031c62ff9774a3f63f6f58
trimethylamine-N-oxide,direct_neighbor_ridge,endometrium,0,3,28,9.685912889522191,9.199409058455924,9492e163b6ef19b0563b1ce8302b8e8794e2e4c9c8031c62ff9774a3f63f6f58
trimethylamine-N-oxide,direct_neighbor_ridge,kidney,0,3,23,7.681559825881906,7.5372756319292264,9492e163b6ef19b0563b1ce8302b8e8794e2e4c9c8031c62ff9774a3f63f6f58
trimethylamine-N-oxide,direct_neighbor_ridge,liver,0,3,25,8.466877915794251,7.854551247289013,9492e163b6ef19b0563b1ce8302b8e8794e2e4c9c8031c62ff9774a3f63f6f58
trimethylamine-N-oxide,direct_neighbor_ridge,lung,0,4,176,638.3693545945982,638.6174579923332,cf9883e99ee1b956d01c2cb42a4d284b982ce23065d3616a5e1cced359e41fb5
trimethylamine-N-oxide,direct_neighbor_ridge,bone,1,0,19,8.360159510010389,8.354708986616746,32d2e2f547f707a9f12d899e65a934275c9f49020e10d214973126d05910ec9c
trimethylamine-N-oxide,direct_neighbor_ridge,ovary,1,0,45,24.570512936536662,24.5548292839874,32d2e2f547f707a9f12d899e65a934275c9f49020e10d214973126d05910ec9c
trimethylamine-N-oxide,direct_neighbor_ridge,skin,1,0,52,15.166812509069127,15.161771526238663,32d2e2f547f707a9f12d899e65a934275c9f49020e10d214973126d05910ec9c
trimethylamine-N-oxide,direct_neighbor_ridge,upper_aerodigestive_tract,1,0,30,10.289018141788992,10.280298171753588,32d2e2f547f707a9f12d899e65a934275c9f49020e10d214973126d05910ec9c
trimethylamine-N-oxide,direct_neighbor_ridge,urinary_tract,1,0,25,9.17014041935465,9.161731428672718,32d2e2f547f707a9f12d899e65a934275c9f49020e10d214973126d05910ec9c
trimethylamine-N-oxide,direct_neighbor_ridge,lung,1,1,176,638.3693545945982,638.6174579923332,cf9883e99ee1b956d01c2cb42a4d284b982ce23065d3616a5e1cced359e41fb5
trimethylamine-N-oxide,direct_neighbor_ridge,autonomic_ganglia,1,2,16,16.33434146002574,16.042364743280093,db1ab3680dcfc2deb10e2511ec28b70b27966d5a436d724be48267bcbf200acf
trimethylamine-N-oxide,direct_neighbor_ridge,haematopoietic_and_lymphoid_tissue,1,2,163,360.0426989975217,322.5232551391506,db1ab3680dcfc2deb10e2511ec28b70b27966d5a436d724be48267bcbf200acf
trimethylamine-N-oxide,direct_neighbor_ridge,large_intestine,1,3,55,16.299019574597516,16.107369426224352,659dce4f66bf4ee0228513d024a4e287e9f1aa3957152332b1483ab0af67cb42
trimethylamine-N-oxide,direct_neighbor_ridge,oesophagus,1,3,25,12.039214958049339,12.128506705711338,659dce4f66bf4ee0228513d024a4e287e9f1aa3957152332b1483ab0af67cb42
trimethylamine-N-oxide,direct_neighbor_ridge,pancreas,1,3,41,21.08287114856401,20.98993669377335,659dce4f66bf4ee0228513d024a4e287e9f1aa3957152332b1483ab0af67cb42
trimethylamine-N-oxide,direct_neighbor_ridge,soft_tissue,1,3,18,8.478505606760425,8.641144832438014,659dce4f66bf4ee0228513d024a4e287e9f1aa3957152332b1483ab0af67cb42
trimethylamine-N-oxide,direct_neighbor_ridge,stomach,1,3,37,16.60962310662097,16.228104483554393,659dce4f66bf4ee0228513d024a4e287e9f1aa3957152332b1483ab0af67cb42
trimethylamine-N-oxide,direct_neighbor_ridge,breast,1,4,49,25.342929318600778,23.202762346140773,9492e163b6ef19b0563b1ce8302b8e8794e2e4c9c8031c62ff9774a3f63f6f58
trimethylamine-N-oxide,direct_neighbor_ridge,central_nervous_system,1,4,49,20.51415232975794,19.337048178611173,9492e163b6ef19b0563b1ce8302b8e8794e2e4c9c8031c62ff9774a3f63f6f58
trimethylamine-N-oxide,direct_neighbor_ridge,endometrium,1,4,28,9.685912889522191,9.199409058455924,9492e163b6ef19b0563b1ce8302b8e8794e2e4c9c8031c62ff9774a3f63f6f58
trimethylamine-N-oxide,direct_neighbor_ridge,kidney,1,4,23,7.681559825881906,7.5372756319292264,9492e163b6ef19b0563b1ce8302b8e8794e2e4c9c8031c62ff9774a3f63f6f58
trimethylamine-N-oxide,direct_neighbor_ridge,liver,1,4,25,8.466877915794251,7.854551247289013,9492e163b6ef19b0563b1ce8302b8e8794e2e4c9c8031c62ff9774a3f63f6f58
tyrosine,direct_neighbor_ridge,autonomic_ganglia,0,0,16,12.6549609885596,15.544642051099757,db1ab3680dcfc2deb10e2511ec28b70b27966d5a436d724be48267bcbf200acf
tyrosine,direct_neighbor_ridge,haematopoietic_and_lymphoid_tissue,0,0,163,221.38315179429583,413.40928155551467,db1ab3680dcfc2deb10e2511ec28b70b27966d5a436d724be48267bcbf200acf
tyrosine,direct_neighbor_ridge,bone,0,1,19,11.622701320253986,19.85395414079074,32d2e2f547f707a9f12d899e65a934275c9f49020e10d214973126d05910ec9c
tyrosine,direct_neighbor_ridge,ovary,0,1,45,24.437051814146667,27.97316390361615,32d2e2f547f707a9f12d899e65a934275c9f49020e10d214973126d05910ec9c
tyrosine,direct_neighbor_ridge,skin,0,1,52,29.901581723087848,37.452778840989815,32d2e2f547f707a9f12d899e65a934275c9f49020e10d214973126d05910ec9c
tyrosine,direct_neighbor_ridge,upper_aerodigestive_tract,0,1,30,29.261784168176433,40.284647236250194,32d2e2f547f707a9f12d899e65a934275c9f49020e10d214973126d05910ec9c
tyrosine,direct_neighbor_ridge,urinary_tract,0,1,25,25.726512575296038,33.073751329041045,32d2e2f547f707a9f12d899e65a934275c9f49020e10d214973126d05910ec9c
tyrosine,direct_neighbor_ridge,large_intestine,0,2,55,61.53025236559659,71.36971747198888,659dce4f66bf4ee0228513d024a4e287e9f1aa3957152332b1483ab0af67cb42
tyrosine,direct_neighbor_ridge,oesophagus,0,2,25,6.974564273839158,4.177262339914016,659dce4f66bf4ee0228513d024a4e287e9f1aa3957152332b1483ab0af67cb42
tyrosine,direct_neighbor_ridge,pancreas,0,2,41,24.70132764375611,23.851319522580063,659dce4f66bf4ee0228513d024a4e287e9f1aa3957152332b1483ab0af67cb42
tyrosine,direct_neighbor_ridge,soft_tissue,0,2,18,14.469555652533183,21.057053712439323,659dce4f66bf4ee0228513d024a4e287e9f1aa3957152332b1483ab0af67cb42
tyrosine,direct_neighbor_ridge,stomach,0,2,37,32.8445476632576,28.488603413286263,659dce4f66bf4ee0228513d024a4e287e9f1aa3957152332b1483ab0af67cb42
tyrosine,direct_neighbor_ridge,breast,0,3,49,27.121989163449108,36.24607981676664,9492e163b6ef19b0563b1ce8302b8e8794e2e4c9c8031c62ff9774a3f63f6f58
tyrosine,direct_neighbor_ridge,central_nervous_system,0,3,49,32.79687972870502,43.178128683923795,9492e163b6ef19b0563b1ce8302b8e8794e2e4c9c8031c62ff9774a3f63f6f58
tyrosine,direct_neighbor_ridge,endometrium,0,3,28,14.89224087305695,19.823761968507867,9492e163b6ef19b0563b1ce8302b8e8794e2e4c9c8031c62ff9774a3f63f6f58
tyrosine,direct_neighbor_ridge,kidney,0,3,23,11.125614667305522,14.146434777526645,9492e163b6ef19b0563b1ce8302b8e8794e2e4c9c8031c62ff9774a3f63f6f58
tyrosine,direct_neighbor_ridge,liver,0,3,25,28.192175086399384,28.20579672887086,9492e163b6ef19b0563b1ce8302b8e8794e2e4c9c8031c62ff9774a3f63f6f58
tyrosine,direct_neighbor_ridge,lung,0,4,176,142.94689440459035,175.1753960867859,cf9883e99ee1b956d01c2cb42a4d284b982ce23065d3616a5e1cced359e41fb5
tyrosine,direct_neighbor_ridge,bone,1,0,19,11.622701320253986,19.85395414079074,32d2e2f547f707a9f12d899e65a934275c9f49020e10d214973126d05910ec9c
tyrosine,direct_neighbor_ridge,ovary,1,0,45,24.437051814146667,27.97316390361615,32d2e2f547f707a9f12d899e65a934275c9f49020e10d214973126d05910ec9c
tyrosine,direct_neighbor_ridge,skin,1,0,52,29.901581723087848,37.452778840989815,32d2e2f547f707a9f12d899e65a934275c9f49020e10d214973126d05910ec9c
tyrosine,direct_neighbor_ridge,upper_aerodigestive_tract,1,0,30,29.261784168176433,40.284647236250194,32d2e2f547f707a9f12d899e65a934275c9f49020e10d214973126d05910ec9c
tyrosine,direct_neighbor_ridge,urinary_tract,1,0,25,25.726512575296038,33.073751329041045,32d2e2f547f707a9f12d899e65a934275c9f49020e10d214973126d05910ec9c
tyrosine,direct_neighbor_ridge,lung,1,1,176,142.94689440459035,175.1753960867859,cf9883e99ee1b956d01c2cb42a4d284b982ce23065d3616a5e1cced359e41fb5
tyrosine,direct_neighbor_ridge,autonomic_ganglia,1,2,16,12.688838533841777,15.544642051099757,db1ab3680dcfc2deb10e2511ec28b70b27966d5a436d724be48267bcbf200acf
tyrosine,direct_neighbor_ridge,haematopoietic_and_lymphoid_tissue,1,2,163,233.25680028784907,413.40928155551467,db1ab3680dcfc2deb10e2511ec28b70b27966d5a436d724be48267bcbf200acf
tyrosine,direct_neighbor_ridge,large_intestine,1,3,55,61.53025236559659,71.36971747198888,659dce4f66bf4ee0228513d024a4e287e9f1aa3957152332b1483ab0af67cb42
tyrosine,direct_neighbor_ridge,oesophagus,1,3,25,6.974564273839158,4.177262339914016,659dce4f66bf4ee0228513d024a4e287e9f1aa3957152332b1483ab0af67cb42
tyrosine,direct_neighbor_ridge,pancreas,1,3,41,24.70132764375611,23.851319522580063,659dce4f66bf4ee0228513d024a4e287e9f1aa3957152332b1483ab0af67cb42
tyrosine,direct_neighbor_ridge,soft_tissue,1,3,18,14.469555652533183,21.057053712439323,659dce4f66bf4ee0228513d024a4e287e9f1aa3957152332b1483ab0af67cb42
tyrosine,direct_neighbor_ridge,stomach,1,3,37,32.8445476632576,28.488603413286263,659dce4f66bf4ee0228513d024a4e287e9f1aa3957152332b1483ab0af67cb42
tyrosine,direct_neighbor_ridge,breast,1,4,49,27.121989163449108,36.24607981676664,9492e163b6ef19b0563b1ce8302b8e8794e2e4c9c8031c62ff9774a3f63f6f58
tyrosine,direct_neighbor_ridge,central_nervous_system,1,4,49,32.79687972870502,43.178128683923795,9492e163b6ef19b0563b1ce8302b8e8794e2e4c9c8031c62ff9774a3f63f6f58
tyrosine,direct_neighbor_ridge,endometrium,1,4,28,14.89224087305695,19.823761968507867,9492e163b6ef19b0563b1ce8302b8e8794e2e4c9c8031c62ff9774a3f63f6f58
tyrosine,direct_neighbor_ridge,kidney,1,4,23,11.125614667305522,14.146434777526645,9492e163b6ef19b0563b1ce8302b8e8794e2e4c9c8031c62ff9774a3f63f6f58
tyrosine,direct_neighbor_ridge,liver,1,4,25,28.192175086399384,28.20579672887086,9492e163b6ef19b0563b1ce8302b8e8794e2e4c9c8031c62ff9774a3f63f6f58
uracil,direct_neighbor_ridge,autonomic_ganglia,0,0,16,15.485514873319968,16.82185954687959,db1ab3680dcfc2deb10e2511ec28b70b27966d5a436d724be48267bcbf200acf
uracil,direct_neighbor_ridge,haematopoietic_and_lymphoid_tissue,0,0,163,483.56400372576337,499.46240894103335,db1ab3680dcfc2deb10e2511ec28b70b27966d5a436d724be48267bcbf200acf
uracil,direct_neighbor_ridge,bone,0,1,19,11.525237183312019,13.01795311399038,32d2e2f547f707a9f12d899e65a934275c9f49020e10d214973126d05910ec9c
uracil,direct_neighbor_ridge,ovary,0,1,45,23.22574304622881,31.211956103888646,32d2e2f547f707a9f12d899e65a934275c9f49020e10d214973126d05910ec9c
uracil,direct_neighbor_ridge,skin,0,1,52,32.452454484532176,29.39402785904294,32d2e2f547f707a9f12d899e65a934275c9f49020e10d214973126d05910ec9c
uracil,direct_neighbor_ridge,upper_aerodigestive_tract,0,1,30,26.823318462517562,23.783735421289588,32d2e2f547f707a9f12d899e65a934275c9f49020e10d214973126d05910ec9c
uracil,direct_neighbor_ridge,urinary_tract,0,1,25,15.189569456939644,16.40031026674138,32d2e2f547f707a9f12d899e65a934275c9f49020e10d214973126d05910ec9c
uracil,direct_neighbor_ridge,large_intestine,0,2,55,37.62516637110897,45.84466186871446,659dce4f66bf4ee0228513d024a4e287e9f1aa3957152332b1483ab0af67cb42
uracil,direct_neighbor_ridge,oesophagus,0,2,25,12.442798791165332,11.16378124041895,659dce4f66bf4ee0228513d024a4e287e9f1aa3957152332b1483ab0af67cb42
uracil,direct_neighbor_ridge,pancreas,0,2,41,45.05738075956578,49.286012332937624,659dce4f66bf4ee0228513d024a4e287e9f1aa3957152332b1483ab0af67cb42
uracil,direct_neighbor_ridge,soft_tissue,0,2,18,11.3740858911753,13.664384441281623,659dce4f66bf4ee0228513d024a4e287e9f1aa3957152332b1483ab0af67cb42
uracil,direct_neighbor_ridge,stomach,0,2,37,31.36950873081283,30.89146102242392,659dce4f66bf4ee0228513d024a4e287e9f1aa3957152332b1483ab0af67cb42
uracil,direct_neighbor_ridge,breast,0,3,49,39.700309454587796,46.008473116013214,9492e163b6ef19b0563b1ce8302b8e8794e2e4c9c8031c62ff9774a3f63f6f58
uracil,direct_neighbor_ridge,central_nervous_system,0,3,49,40.83029793216852,35.76234010271959,9492e163b6ef19b0563b1ce8302b8e8794e2e4c9c8031c62ff9774a3f63f6f58
uracil,direct_neighbor_ridge,endometrium,0,3,28,15.62342126767106,20.23602638942212,9492e163b6ef19b0563b1ce8302b8e8794e2e4c9c8031c62ff9774a3f63f6f58
uracil,direct_neighbor_ridge,kidney,0,3,23,11.106196524552354,12.109542677375716,9492e163b6ef19b0563b1ce8302b8e8794e2e4c9c8031c62ff9774a3f63f6f58
uracil,direct_neighbor_ridge,liver,0,3,25,22.946750823121842,20.53331403289586,9492e163b6ef19b0563b1ce8302b8e8794e2e4c9c8031c62ff9774a3f63f6f58
uracil,direct_neighbor_ridge,lung,0,4,176,192.7674252363132,167.93988247443946,cf9883e99ee1b956d01c2cb42a4d284b982ce23065d3616a5e1cced359e41fb5
uracil,direct_neighbor_ridge,bone,1,0,19,11.525237183312019,13.01795311399038,32d2e2f547f707a9f12d899e65a934275c9f49020e10d214973126d05910ec9c
uracil,direct_neighbor_ridge,ovary,1,0,45,23.22574304622881,31.211956103888646,32d2e2f547f707a9f12d899e65a934275c9f49020e10d214973126d05910ec9c
uracil,direct_neighbor_ridge,skin,1,0,52,32.452454484532176,29.39402785904294,32d2e2f547f707a9f12d899e65a934275c9f49020e10d214973126d05910ec9c
uracil,direct_neighbor_ridge,upper_aerodigestive_tract,1,0,30,26.823318462517562,23.783735421289588,32d2e2f547f707a9f12d899e65a934275c9f49020e10d214973126d05910ec9c
uracil,direct_neighbor_ridge,urinary_tract,1,0,25,15.189569456939644,16.40031026674138,32d2e2f547f707a9f12d899e65a934275c9f49020e10d214973126d05910ec9c
uracil,direct_neighbor_ridge,lung,1,1,176,192.7674252363132,167.93988247443946,cf9883e99ee1b956d01c2cb42a4d284b982ce23065d3616a5e1cced359e41fb5
uracil,direct_neighbor_ridge,autonomic_ganglia,1,2,16,15.485514873319968,16.82185954687959,db1ab3680dcfc2deb10e2511ec28b70b27966d5a436d724be48267bcbf200acf
uracil,direct_neighbor_ridge,haematopoietic_and_lymphoid_tissue,1,2,163,483.56400372576337,499.46240894103335,db1ab3680dcfc2deb10e2511ec28b70b27966d5a436d724be48267bcbf200acf
uracil,direct_neighbor_ridge,large_intestine,1,3,55,37.62516637110897,45.84466186871446,659dce4f66bf4ee0228513d024a4e287e9f1aa3957152332b1483ab0af67cb42
uracil,direct_neighbor_ridge,oesophagus,1,3,25,12.442798791165332,11.16378124041895,659dce4f66bf4ee0228513d024a4e287e9f1aa3957152332b1483ab0af67cb42
uracil,direct_neighbor_ridge,pancreas,1,3,41,45.05738075956578,49.286012332937624,659dce4f66bf4ee0228513d024a4e287e9f1aa3957152332b1483ab0af67cb42
uracil,direct_neighbor_ridge,soft_tissue,1,3,18,11.3740858911753,13.664384441281623,659dce4f66bf4ee0228513d024a4e287e9f1aa3957152332b1483ab0af67cb42
uracil,direct_neighbor_ridge,stomach,1,3,37,31.36950873081283,30.89146102242392,659dce4f66bf4ee0228513d024a4e287e9f1aa3957152332b1483ab0af67cb42
uracil,direct_neighbor_ridge,breast,1,4,49,40.173183755775575,46.008473116013214,9492e163b6ef19b0563b1ce8302b8e8794e2e4c9c8031c62ff9774a3f63f6f58
uracil,direct_neighbor_ridge,central_nervous_system,1,4,49,39.89340631135027,35.76234010271959,9492e163b6ef19b0563b1ce8302b8e8794e2e4c9c8031c62ff9774a3f63f6f58
uracil,direct_neighbor_ridge,endometrium,1,4,28,16.087925832620293,20.23602638942212,9492e163b6ef19b0563b1ce8302b8e8794e2e4c9c8031c62ff9774a3f63f6f58
uracil,direct_neighbor_ridge,kidney,1,4,23,11.1916699665088,12.109542677375716,9492e163b6ef19b0563b1ce8302b8e8794e2e4c9c8031c62ff9774a3f63f6f58
uracil,direct_neighbor_ridge,liver,1,4,25,22.3367742604183,20.53331403289586,9492e163b6ef19b0563b1ce8302b8e8794e2e4c9c8031c62ff9774a3f63f6f58
urate,direct_neighbor_ridge,autonomic_ganglia,0,0,16,17.087459462734223,16.037433759391128,db1ab3680dcfc2deb10e2511ec28b70b27966d5a436d724be48267bcbf200acf
urate,direct_neighbor_ridge,haematopoietic_and_lymphoid_tissue,0,0,163,222.70765440487895,209.1829177391799,db1ab3680dcfc2deb10e2511ec28b70b27966d5a436d724be48267bcbf200acf
urate,direct_neighbor_ridge,bone,0,1,19,11.938665669677466,12.742425990143293,32d2e2f547f707a9f12d899e65a934275c9f49020e10d214973126d05910ec9c
urate,direct_neighbor_ridge,ovary,0,1,45,57.57508956271938,57.00241033794912,32d2e2f547f707a9f12d899e65a934275c9f49020e10d214973126d05910ec9c
urate,direct_neighbor_ridge,skin,0,1,52,37.19526381618211,37.93269673529344,32d2e2f547f707a9f12d899e65a934275c9f49020e10d214973126d05910ec9c
urate,direct_neighbor_ridge,upper_aerodigestive_tract,0,1,30,18.864657995347258,16.88849122789896,32d2e2f547f707a9f12d899e65a934275c9f49020e10d214973126d05910ec9c
urate,direct_neighbor_ridge,urinary_tract,0,1,25,12.365948268975167,12.90358447950893,32d2e2f547f707a9f12d899e65a934275c9f49020e10d214973126d05910ec9c
urate,direct_neighbor_ridge,large_intestine,0,2,55,48.196137631280095,52.14990836746471,659dce4f66bf4ee0228513d024a4e287e9f1aa3957152332b1483ab0af67cb42
urate,direct_neighbor_ridge,oesophagus,0,2,25,15.337968141144156,15.727881724871766,659dce4f66bf4ee0228513d024a4e287e9f1aa3957152332b1483ab0af67cb42
urate,direct_neighbor_ridge,pancreas,0,2,41,24.78059146391994,24.771746925748683,659dce4f66bf4ee0228513d024a4e287e9f1aa3957152332b1483ab0af67cb42
urate,direct_neighbor_ridge,soft_tissue,0,2,18,18.38497853947164,18.376625011496078,659dce4f66bf4ee0228513d024a4e287e9f1aa3957152332b1483ab0af67cb42
urate,direct_neighbor_ridge,stomach,0,2,37,37.54538325580103,37.470714465867395,659dce4f66bf4ee0228513d024a4e287e9f1aa3957152332b1483ab0af67cb42
urate,direct_neighbor_ridge,breast,0,3,49,62.722990570973565,54.419075035178494,9492e163b6ef19b0563b1ce8302b8e8794e2e4c9c8031c62ff9774a3f63f6f58
urate,direct_neighbor_ridge,central_nervous_system,0,3,49,34.06096312410183,29.856703938707458,9492e163b6ef19b0563b1ce8302b8e8794e2e4c9c8031c62ff9774a3f63f6f58
urate,direct_neighbor_ridge,endometrium,0,3,28,21.414169558240204,22.61137262192783,9492e163b6ef19b0563b1ce8302b8e8794e2e4c9c8031c62ff9774a3f63f6f58
urate,direct_neighbor_ridge,kidney,0,3,23,19.21303969865773,19.98453296924873,9492e163b6ef19b0563b1ce8302b8e8794e2e4c9c8031c62ff9774a3f63f6f58
urate,direct_neighbor_ridge,liver,0,3,25,22.316268250674206,19.648263466404583,9492e163b6ef19b0563b1ce8302b8e8794e2e4c9c8031c62ff9774a3f63f6f58
urate,direct_neighbor_ridge,lung,0,4,176,280.35329169043996,283.27782387980596,cf9883e99ee1b956d01c2cb42a4d284b982ce23065d3616a5e1cced359e41fb5
urate,direct_neighbor_ridge,bone,1,0,19,11.938665669677466,12.742425990143293,32d2e2f547f707a9f12d899e65a934275c9f49020e10d214973126d05910ec9c
urate,direct_neighbor_ridge,ovary,1,0,45,57.57508956271938,57.00241033794912,32d2e2f547f707a9f12d899e65a934275c9f49020e10d214973126d05910ec9c
urate,direct_neighbor_ridge,skin,1,0,52,37.19526381618211,37.93269673529344,32d2e2f547f707a9f12d899e65a934275c9f49020e10d214973126d05910ec9c
urate,direct_neighbor_ridge,upper_aerodigestive_tract,1,0,30,18.864657995347258,16.88849122789896,32d2e2f547f707a9f12d899e65a934275c9f49020e10d214973126d05910ec9c
urate,direct_neighbor_ridge,urinary_tract,1,0,25,12.365948268975167,12.90358447950893,32d2e2f547f707a9f12d899e65a934275c9f49020e10d214973126d05910ec9c
urate,direct_neighbor_ridge,lung,1,1,176,280.35329169043996,283.27782387980596,cf9883e99ee1b956d01c2cb42a4d284b982ce23065d3616a5e1cced359e41fb5
urate,direct_neighbor_ridge,autonomic_ganglia,1,2,16,17.087459462734223,16.037433759391128,db1ab3680dcfc2deb10e2511ec28b70b27966d5a436d724be48267bcbf200acf
urate,direct_neighbor_ridge,haematopoietic_and_lymphoid_tissue,1,2,163,222.70765440487895,209.1829177391799,db1ab3680dcfc2deb10e2511ec28b70b27966d5a436d724be48267bcbf200acf
urate,direct_neighbor_ridge,large_intestine,1,3,55,48.196137631280095,52.14990836746471,659dce4f66bf4ee0228513d024a4e287e9f1aa3957152332b1483ab0af67cb42
urate,direct_neighbor_ridge,oesophagus,1,3,25,15.337968141144156,15.727881724871766,659dce4f66bf4ee0228513d024a4e287e9f1aa3957152332b1483ab0af67cb42
urate,direct_neighbor_ridge,pancreas,1,3,41,24.78059146391994,24.771746925748683,659dce4f66bf4ee0228513d024a4e287e9f1aa3957152332b1483ab0af67cb42
urate,direct_neighbor_ridge,soft_tissue,1,3,18,18.38497853947164,18.376625011496078,659dce4f66bf4ee0228513d024a4e287e9f1aa3957152332b1483ab0af67cb42
urate,direct_neighbor_ridge,stomach,1,3,37,37.54538325580103,37.470714465867395,659dce4f66bf4ee0228513d024a4e287e9f1aa3957152332b1483ab0af67cb42
urate,direct_neighbor_ridge,breast,1,4,49,62.722990570973565,54.419075035178494,9492e163b6ef19b0563b1ce8302b8e8794e2e4c9c8031c62ff9774a3f63f6f58
urate,direct_neighbor_ridge,central_nervous_system,1,4,49,34.06096312410183,29.856703938707458,9492e163b6ef19b0563b1ce8302b8e8794e2e4c9c8031c62ff9774a3f63f6f58
urate,direct_neighbor_ridge,endometrium,1,4,28,21.414169558240204,22.61137262192783,9492e163b6ef19b0563b1ce8302b8e8794e2e4c9c8031c62ff9774a3f63f6f58
urate,direct_neighbor_ridge,kidney,1,4,23,19.21303969865773,19.98453296924873,9492e163b6ef19b0563b1ce8302b8e8794e2e4c9c8031c62ff9774a3f63f6f58
urate,direct_neighbor_ridge,liver,1,4,25,22.316268250674206,19.648263466404583,9492e163b6ef19b0563b1ce8302b8e8794e2e4c9c8031c62ff9774a3f63f6f58
uridine,direct_neighbor_ridge,autonomic_ganglia,0,0,16,57.07495120363172,55.946004491412296,db1ab3680dcfc2deb10e2511ec28b70b27966d5a436d724be48267bcbf200acf
uridine,direct_neighbor_ridge,haematopoietic_and_lymphoid_tissue,0,0,163,521.873719350056,522.1138611855528,db1ab3680dcfc2deb10e2511ec28b70b27966d5a436d724be48267bcbf200acf
uridine,direct_neighbor_ridge,bone,0,1,19,19.311823577539837,18.61792068168126,32d2e2f547f707a9f12d899e65a934275c9f49020e10d214973126d05910ec9c
uridine,direct_neighbor_ridge,ovary,0,1,45,21.736010533324816,22.5844845363011,32d2e2f547f707a9f12d899e65a934275c9f49020e10d214973126d05910ec9c
uridine,direct_neighbor_ridge,skin,0,1,52,18.648889490885523,18.817699150012256,32d2e2f547f707a9f12d899e65a934275c9f49020e10d214973126d05910ec9c
uridine,direct_neighbor_ridge,upper_aerodigestive_tract,0,1,30,9.718562482788599,10.432247565132,32d2e2f547f707a9f12d899e65a934275c9f49020e10d214973126d05910ec9c
uridine,direct_neighbor_ridge,urinary_tract,0,1,25,12.894923563491123,13.017015162067509,32d2e2f547f707a9f12d899e65a934275c9f49020e10d214973126d05910ec9c
uridine,direct_neighbor_ridge,large_intestine,0,2,55,58.72127676489354,56.88903722563451,659dce4f66bf4ee0228513d024a4e287e9f1aa3957152332b1483ab0af67cb42
uridine,direct_neighbor_ridge,oesophagus,0,2,25,9.525931123817994,10.544264585516814,659dce4f66bf4ee0228513d024a4e287e9f1aa3957152332b1483ab0af67cb42
uridine,direct_neighbor_ridge,pancreas,0,2,41,13.778657129560065,13.219255814162224,659dce4f66bf4ee0228513d024a4e287e9f1aa3957152332b1483ab0af67cb42
uridine,direct_neighbor_ridge,soft_tissue,0,2,18,17.463061165308208,16.54983361890276,659dce4f66bf4ee0228513d024a4e287e9f1aa3957152332b1483ab0af67cb42
uridine,direct_neighbor_ridge,stomach,0,2,37,33.70324271976327,33.116412693077834,659dce4f66bf4ee0228513d024a4e287e9f1aa3957152332b1483ab0af67cb42
uridine,direct_neighbor_ridge,breast,0,3,49,39.021665140669086,37.405554023092314,9492e163b6ef19b0563b1ce8302b8e8794e2e4c9c8031c62ff9774a3f63f6f58
uridine,direct_neighbor_ridge,central_nervous_system,0,3,49,16.460498591890673,17.790468564884293,9492e163b6ef19b0563b1ce8302b8e8794e2e4c9c8031c62ff9774a3f63f6f58
uridine,direct_neighbor_ridge,endometrium,0,3,28,23.983586943554318,25.054654360624554,9492e163b6ef19b0563b1ce8302b8e8794e2e4c9c8031c62ff9774a3f63f6f58
uridine,direct_neighbor_ridge,kidney,0,3,23,10.725820812220226,10.966289871625598,9492e163b6ef19b0563b1ce8302b8e8794e2e4c9c8031c62ff9774a3f63f6f58
uridine,direct_neighbor_ridge,liver,0,3,25,13.282678006253459,13.11021919044888,9492e163b6ef19b0563b1ce8302b8e8794e2e4c9c8031c62ff9774a3f63f6f58
uridine,direct_neighbor_ridge,lung,0,4,176,137.55572439315205,135.7546928193319,cf9883e99ee1b956d01c2cb42a4d284b982ce23065d3616a5e1cced359e41fb5
uridine,direct_neighbor_ridge,bone,1,0,19,19.311823577539837,18.61792068168126,32d2e2f547f707a9f12d899e65a934275c9f49020e10d214973126d05910ec9c
uridine,direct_neighbor_ridge,ovary,1,0,45,21.736010533324816,22.5844845363011,32d2e2f547f707a9f12d899e65a934275c9f49020e10d214973126d05910ec9c
uridine,direct_neighbor_ridge,skin,1,0,52,18.648889490885523,18.817699150012256,32d2e2f547f707a9f12d899e65a934275c9f49020e10d214973126d05910ec9c
uridine,direct_neighbor_ridge,upper_aerodigestive_tract,1,0,30,9.718562482788599,10.432247565132,32d2e2f547f707a9f12d899e65a934275c9f49020e10d214973126d05910ec9c
uridine,direct_neighbor_ridge,urinary_tract,1,0,25,12.894923563491123,13.017015162067509,32d2e2f547f707a9f12d899e65a934275c9f49020e10d214973126d05910ec9c
uridine,direct_neighbor_ridge,lung,1,1,176,137.55572439315205,135.7546928193319,cf9883e99ee1b956d01c2cb42a4d284b982ce23065d3616a5e1cced359e41fb5
uridine,direct_neighbor_ridge,autonomic_ganglia,1,2,16,57.07495120363172,55.946004491412296,db1ab3680dcfc2deb10e2511ec28b70b27966d5a436d724be48267bcbf200acf
uridine,direct_neighbor_ridge,haematopoietic_and_lymphoid_tissue,1,2,163,521.873719350056,522.1138611855528,db1ab3680dcfc2deb10e2511ec28b70b27966d5a436d724be48267bcbf200acf
uridine,direct_neighbor_ridge,large_intestine,1,3,55,58.72127676489354,56.88903722563451,659dce4f66bf4ee0228513d024a4e287e9f1aa3957152332b1483ab0af67cb42
uridine,direct_neighbor_ridge,oesophagus,1,3,25,9.525931123817994,10.544264585516814,659dce4f66bf4ee0228513d024a4e287e9f1aa3957152332b1483ab0af67cb42
uridine,direct_neighbor_ridge,pancreas,1,3,41,13.778657129560065,13.219255814162224,659dce4f66bf4ee0228513d024a4e287e9f1aa3957152332b1483ab0af67cb42
uridine,direct_neighbor_ridge,soft_tissue,1,3,18,17.463061165308208,16.54983361890276,659dce4f66bf4ee0228513d024a4e287e9f1aa3957152332b1483ab0af67cb42
uridine,direct_neighbor_ridge,stomach,1,3,37,33.70324271976327,33.116412693077834,659dce4f66bf4ee0228513d024a4e287e9f1aa3957152332b1483ab0af67cb42
uridine,direct_neighbor_ridge,breast,1,4,49,39.021665140669086,37.405554023092314,9492e163b6ef19b0563b1ce8302b8e8794e2e4c9c8031c62ff9774a3f63f6f58
uridine,direct_neighbor_ridge,central_nervous_system,1,4,49,16.460498591890673,17.790468564884293,9492e163b6ef19b0563b1ce8302b8e8794e2e4c9c8031c62ff9774a3f63f6f58
uridine,direct_neighbor_ridge,endometrium,1,4,28,23.983586943554318,25.054654360624554,9492e163b6ef19b0563b1ce8302b8e8794e2e4c9c8031c62ff9774a3f63f6f58
uridine,direct_neighbor_ridge,kidney,1,4,23,10.725820812220226,10.966289871625598,9492e163b6ef19b0563b1ce8302b8e8794e2e4c9c8031c62ff9774a3f63f6f58
uridine,direct_neighbor_ridge,liver,1,4,25,13.282678006253459,13.11021919044888,9492e163b6ef19b0563b1ce8302b8e8794e2e4c9c8031c62ff9774a3f63f6f58
valine,direct_neighbor_ridge,autonomic_ganglia,0,0,16,14.348128556552709,14.749404555042048,db1ab3680dcfc2deb10e2511ec28b70b27966d5a436d724be48267bcbf200acf
valine,direct_neighbor_ridge,haematopoietic_and_lymphoid_tissue,0,0,163,307.9851719259091,305.66547902841853,db1ab3680dcfc2deb10e2511ec28b70b27966d5a436d724be48267bcbf200acf
valine,direct_neighbor_ridge,bone,0,1,19,25.31825095716235,25.746360066965646,32d2e2f547f707a9f12d899e65a934275c9f49020e10d214973126d05910ec9c
valine,direct_neighbor_ridge,ovary,0,1,45,34.619929211665045,35.22467884318992,32d2e2f547f707a9f12d899e65a934275c9f49020e10d214973126d05910ec9c
valine,direct_neighbor_ridge,skin,0,1,52,68.61145581090555,69.638587472986,32d2e2f547f707a9f12d899e65a934275c9f49020e10d214973126d05910ec9c
valine,direct_neighbor_ridge,upper_aerodigestive_tract,0,1,30,57.55451188387677,55.11968776989112,32d2e2f547f707a9f12d899e65a934275c9f49020e10d214973126d05910ec9c
valine,direct_neighbor_ridge,urinary_tract,0,1,25,36.01267669354552,35.37830108889244,32d2e2f547f707a9f12d899e65a934275c9f49020e10d214973126d05910ec9c
valine,direct_neighbor_ridge,large_intestine,0,2,55,62.70234494148311,63.42122120020647,659dce4f66bf4ee0228513d024a4e287e9f1aa3957152332b1483ab0af67cb42
valine,direct_neighbor_ridge,oesophagus,0,2,25,14.157531546323172,14.693053756718601,659dce4f66bf4ee0228513d024a4e287e9f1aa3957152332b1483ab0af67cb42
valine,direct_neighbor_ridge,pancreas,0,2,41,22.309399093993186,22.316113319775205,659dce4f66bf4ee0228513d024a4e287e9f1aa3957152332b1483ab0af67cb42
valine,direct_neighbor_ridge,soft_tissue,0,2,18,10.923135463577083,11.144271941300788,659dce4f66bf4ee0228513d024a4e287e9f1aa3957152332b1483ab0af67cb42
valine,direct_neighbor_ridge,stomach,0,2,37,25.253864616282492,25.423547483784045,659dce4f66bf4ee0228513d024a4e287e9f1aa3957152332b1483ab0af67cb42
valine,direct_neighbor_ridge,breast,0,3,49,40.16190647598354,37.683475247385836,9492e163b6ef19b0563b1ce8302b8e8794e2e4c9c8031c62ff9774a3f63f6f58
valine,direct_neighbor_ridge,central_nervous_system,0,3,49,52.62246576104177,54.38458456325798,9492e163b6ef19b0563b1ce8302b8e8794e2e4c9c8031c62ff9774a3f63f6f58
valine,direct_neighbor_ridge,endometrium,0,3,28,19.745228389325337,20.47180899759318,9492e163b6ef19b0563b1ce8302b8e8794e2e4c9c8031c62ff9774a3f63f6f58
valine,direct_neighbor_ridge,kidney,0,3,23,21.639145666534116,21.128323547624287,9492e163b6ef19b0563b1ce8302b8e8794e2e4c9c8031c62ff9774a3f63f6f58
valine,direct_neighbor_ridge,liver,0,3,25,24.36912923459332,22.929086975011735,9492e163b6ef19b0563b1ce8302b8e8794e2e4c9c8031c62ff9774a3f63f6f58
valine,direct_neighbor_ridge,lung,0,4,176,155.04724805335422,155.67495648545167,cf9883e99ee1b956d01c2cb42a4d284b982ce23065d3616a5e1cced359e41fb5
valine,direct_neighbor_ridge,bone,1,0,19,25.31825095716235,25.746360066965646,32d2e2f547f707a9f12d899e65a934275c9f49020e10d214973126d05910ec9c
valine,direct_neighbor_ridge,ovary,1,0,45,34.619929211665045,35.22467884318992,32d2e2f547f707a9f12d899e65a934275c9f49020e10d214973126d05910ec9c
valine,direct_neighbor_ridge,skin,1,0,52,68.61145581090555,69.638587472986,32d2e2f547f707a9f12d899e65a934275c9f49020e10d214973126d05910ec9c
valine,direct_neighbor_ridge,upper_aerodigestive_tract,1,0,30,57.55451188387677,55.11968776989112,32d2e2f547f707a9f12d899e65a934275c9f49020e10d214973126d05910ec9c
valine,direct_neighbor_ridge,urinary_tract,1,0,25,36.01267669354552,35.37830108889244,32d2e2f547f707a9f12d899e65a934275c9f49020e10d214973126d05910ec9c
valine,direct_neighbor_ridge,lung,1,1,176,155.04724805335422,155.67495648545167,cf9883e99ee1b956d01c2cb42a4d284b982ce23065d3616a5e1cced359e41fb5
valine,direct_neighbor_ridge,autonomic_ganglia,1,2,16,14.348128556552709,14.749404555042048,db1ab3680dcfc2deb10e2511ec28b70b27966d5a436d724be48267bcbf200acf
valine,direct_neighbor_ridge,haematopoietic_and_lymphoid_tissue,1,2,163,307.9851719259091,305.66547902841853,db1ab3680dcfc2deb10e2511ec28b70b27966d5a436d724be48267bcbf200acf
valine,direct_neighbor_ridge,large_intestine,1,3,55,62.70234494148311,63.42122120020647,659dce4f66bf4ee0228513d024a4e287e9f1aa3957152332b1483ab0af67cb42
valine,direct_neighbor_ridge,oesophagus,1,3,25,14.157531546323172,14.693053756718601,659dce4f66bf4ee0228513d024a4e287e9f1aa3957152332b1483ab0af67cb42
valine,direct_neighbor_ridge,pancreas,1,3,41,22.309399093993186,22.316113319775205,659dce4f66bf4ee0228513d024a4e287e9f1aa3957152332b1483ab0af67cb42
valine,direct_neighbor_ridge,soft_tissue,1,3,18,10.923135463577083,11.144271941300788,659dce4f66bf4ee0228513d024a4e287e9f1aa3957152332b1483ab0af67cb42
valine,direct_neighbor_ridge,stomach,1,3,37,25.253864616282492,25.423547483784045,659dce4f66bf4ee0228513d024a4e287e9f1aa3957152332b1483ab0af67cb42
valine,direct_neighbor_ridge,breast,1,4,49,40.16190647598354,37.683475247385836,9492e163b6ef19b0563b1ce8302b8e8794e2e4c9c8031c62ff9774a3f63f6f58
valine,direct_neighbor_ridge,central_nervous_system,1,4,49,52.62246576104177,54.38458456325798,9492e163b6ef19b0563b1ce8302b8e8794e2e4c9c8031c62ff9774a3f63f6f58
valine,direct_neighbor_ridge,endometrium,1,4,28,19.745228389325337,20.47180899759318,9492e163b6ef19b0563b1ce8302b8e8794e2e4c9c8031c62ff9774a3f63f6f58
valine,direct_neighbor_ridge,kidney,1,4,23,21.639145666534116,21.128323547624287,9492e163b6ef19b0563b1ce8302b8e8794e2e4c9c8031c62ff9774a3f63f6f58
valine,direct_neighbor_ridge,liver,1,4,25,24.36912923459332,22.929086975011735,9492e163b6ef19b0563b1ce8302b8e8794e2e4c9c8031c62ff9774a3f63f6f58
xanthine,direct_neighbor_ridge,autonomic_ganglia,0,0,16,28.032049471516757,33.11751451663089,db1ab3680dcfc2deb10e2511ec28b70b27966d5a436d724be48267bcbf200acf
xanthine,direct_neighbor_ridge,haematopoietic_and_lymphoid_tissue,0,0,163,511.13037852416085,869.0735041883507,db1ab3680dcfc2deb10e2511ec28b70b27966d5a436d724be48267bcbf200acf
xanthine,direct_neighbor_ridge,bone,0,1,19,5.299022075127922,12.787957670491874,32d2e2f547f707a9f12d899e65a934275c9f49020e10d214973126d05910ec9c
xanthine,direct_neighbor_ridge,ovary,0,1,45,15.2254989981963,27.936624934023452,32d2e2f547f707a9f12d899e65a934275c9f49020e10d214973126d05910ec9c
xanthine,direct_neighbor_ridge,skin,0,1,52,13.57102213006859,17.9925231155266,32d2e2f547f707a9f12d899e65a934275c9f49020e10d214973126d05910ec9c
xanthine,direct_neighbor_ridge,upper_aerodigestive_tract,0,1,30,6.6759608583858565,12.328299719164939,32d2e2f547f707a9f12d899e65a934275c9f49020e10d214973126d05910ec9c
xanthine,direct_neighbor_ridge,urinary_tract,0,1,25,8.989774958585182,11.198277703007664,32d2e2f547f707a9f12d899e65a934275c9f49020e10d214973126d05910ec9c
xanthine,direct_neighbor_ridge,large_intestine,0,2,55,28.06271803344036,33.3462413234663,659dce4f66bf4ee0228513d024a4e287e9f1aa3957152332b1483ab0af67cb42
xanthine,direct_neighbor_ridge,oesophagus,0,2,25,5.0663663380351185,8.017569257089496,659dce4f66bf4ee0228513d024a4e287e9f1aa3957152332b1483ab0af67cb42
xanthine,direct_neighbor_ridge,pancreas,0,2,41,16.387397426689958,24.314286851097215,659dce4f66bf4ee0228513d024a4e287e9f1aa3957152332b1483ab0af67cb42
xanthine,direct_neighbor_ridge,soft_tissue,0,2,18,7.806324156476396,16.90944806332515,659dce4f66bf4ee0228513d024a4e287e9f1aa3957152332b1483ab0af67cb42
xanthine,direct_neighbor_ridge,stomach,0,2,37,18.80727351734724,25.774907517052316,659dce4f66bf4ee0228513d024a4e287e9f1aa3957152332b1483ab0af67cb42
xanthine,direct_neighbor_ridge,breast,0,3,49,36.32391122432392,46.704159241409286,9492e163b6ef19b0563b1ce8302b8e8794e2e4c9c8031c62ff9774a3f63f6f58
xanthine,direct_neighbor_ridge,central_nervous_system,0,3,49,14.466213087010743,23.78334758500866,9492e163b6ef19b0563b1ce8302b8e8794e2e4c9c8031c62ff9774a3f63f6f58
xanthine,direct_neighbor_ridge,endometrium,0,3,28,13.390994551477077,21.2222000708111,9492e163b6ef19b0563b1ce8302b8e8794e2e4c9c8031c62ff9774a3f63f6f58
xanthine,direct_neighbor_ridge,kidney,0,3,23,4.104764011069777,9.570696657651318,9492e163b6ef19b0563b1ce8302b8e8794e2e4c9c8031c62ff9774a3f63f6f58
xanthine,direct_neighbor_ridge,liver,0,3,25,16.525880828701233,16.45648434616125,9492e163b6ef19b0563b1ce8302b8e8794e2e4c9c8031c62ff9774a3f63f6f58
xanthine,direct_neighbor_ridge,lung,0,4,176,118.67460886288634,160.4612116741083,cf9883e99ee1b956d01c2cb42a4d284b982ce23065d3616a5e1cced359e41fb5
xanthine,direct_neighbor_ridge,bone,1,0,19,5.299022075127922,12.787957670491874,32d2e2f547f707a9f12d899e65a934275c9f49020e10d214973126d05910ec9c
xanthine,direct_neighbor_ridge,ovary,1,0,45,15.2254989981963,27.936624934023452,32d2e2f547f707a9f12d899e65a934275c9f49020e10d214973126d05910ec9c
xanthine,direct_neighbor_ridge,skin,1,0,52,13.57102213006859,17.9925231155266,32d2e2f547f707a9f12d899e65a934275c9f49020e10d214973126d05910ec9c
xanthine,direct_neighbor_ridge,upper_aerodigestive_tract,1,0,30,6.6759608583858565,12.328299719164939,32d2e2f547f707a9f12d899e65a934275c9f49020e10d214973126d05910ec9c
xanthine,direct_neighbor_ridge,urinary_tract,1,0,25,8.989774958585182,11.198277703007664,32d2e2f547f707a9f12d899e65a934275c9f49020e10d214973126d05910ec9c
xanthine,direct_neighbor_ridge,lung,1,1,176,118.67460886288634,160.4612116741083,cf9883e99ee1b956d01c2cb42a4d284b982ce23065d3616a5e1cced359e41fb5
xanthine,direct_neighbor_ridge,autonomic_ganglia,1,2,16,28.032049471516757,33.11751451663089,db1ab3680dcfc2deb10e2511ec28b70b27966d5a436d724be48267bcbf200acf
xanthine,direct_neighbor_ridge,haematopoietic_and_lymphoid_tissue,1,2,163,511.13037852416085,869.0735041883507,db1ab3680dcfc2deb10e2511ec28b70b27966d5a436d724be48267bcbf200acf
xanthine,direct_neighbor_ridge,large_intestine,1,3,55,28.06271803344036,33.3462413234663,659dce4f66bf4ee0228513d024a4e287e9f1aa3957152332b1483ab0af67cb42
xanthine,direct_neighbor_ridge,oesophagus,1,3,25,5.0663663380351185,8.017569257089496,659dce4f66bf4ee0228513d024a4e287e9f1aa3957152332b1483ab0af67cb42
xanthine,direct_neighbor_ridge,pancreas,1,3,41,16.387397426689958,24.314286851097215,659dce4f66bf4ee0228513d024a4e287e9f1aa3957152332b1483ab0af67cb42
xanthine,direct_neighbor_ridge,soft_tissue,1,3,18,7.806324156476396,16.90944806332515,659dce4f66bf4ee0228513d024a4e287e9f1aa3957152332b1483ab0af67cb42
xanthine,direct_neighbor_ridge,stomach,1,3,37,18.80727351734724,25.774907517052316,659dce4f66bf4ee0228513d024a4e287e9f1aa3957152332b1483ab0af67cb42
xanthine,direct_neighbor_ridge,breast,1,4,49,36.32391122432392,46.704159241409286,9492e163b6ef19b0563b1ce8302b8e8794e2e4c9c8031c62ff9774a3f63f6f58
xanthine,direct_neighbor_ridge,central_nervous_system,1,4,49,14.466213087010743,23.78334758500866,9492e163b6ef19b0563b1ce8302b8e8794e2e4c9c8031c62ff9774a3f63f6f58
xanthine,direct_neighbor_ridge,endometrium,1,4,28,13.390994551477077,21.2222000708111,9492e163b6ef19b0563b1ce8302b8e8794e2e4c9c8031c62ff9774a3f63f6f58
xanthine,direct_neighbor_ridge,kidney,1,4,23,4.104764011069777,9.570696657651318,9492e163b6ef19b0563b1ce8302b8e8794e2e4c9c8031c62ff9774a3f63f6f58
xanthine,direct_neighbor_ridge,liver,1,4,25,16.525880828701233,16.45648434616125,9492e163b6ef19b0563b1ce8302b8e8794e2e4c9c8031c62ff9774a3f63f6f58
xanthosine,direct_neighbor_ridge,autonomic_ganglia,0,0,16,11.34499988101137,11.008198663553578,db1ab3680dcfc2deb10e2511ec28b70b27966d5a436d724be48267bcbf200acf
xanthosine,direct_neighbor_ridge,haematopoietic_and_lymphoid_tissue,0,0,163,424.8885030301276,441.2936332324988,db1ab3680dcfc2deb10e2511ec28b70b27966d5a436d724be48267bcbf200acf
xanthosine,direct_neighbor_ridge,bone,0,1,19,12.932565040915616,11.043281048783864,32d2e2f547f707a9f12d899e65a934275c9f49020e10d214973126d05910ec9c
xanthosine,direct_neighbor_ridge,ovary,0,1,45,23.51817356645929,26.26572238488897,32d2e2f547f707a9f12d899e65a934275c9f49020e10d214973126d05910ec9c
xanthosine,direct_neighbor_ridge,skin,0,1,52,13.604707802284496,13.472059766737333,32d2e2f547f707a9f12d899e65a934275c9f49020e10d214973126d05910ec9c
xanthosine,direct_neighbor_ridge,upper_aerodigestive_tract,0,1,30,10.128920886647494,10.642069353386418,32d2e2f547f707a9f12d899e65a934275c9f49020e10d214973126d05910ec9c
xanthosine,direct_neighbor_ridge,urinary_tract,0,1,25,6.970898578923549,8.25905430372015,32d2e2f547f707a9f12d899e65a934275c9f49020e10d214973126d05910ec9c
xanthosine,direct_neighbor_ridge,large_intestine,0,2,55,50.214753653265134,51.228898375660066,659dce4f66bf4ee0228513d024a4e287e9f1aa3957152332b1483ab0af67cb42
xanthosine,direct_neighbor_ridge,oesophagus,0,2,25,11.654534686593855,12.233475224941403,659dce4f66bf4ee0228513d024a4e287e9f1aa3957152332b1483ab0af67cb42
xanthosine,direct_neighbor_ridge,pancreas,0,2,41,20.660742766739435,18.04293717632629,659dce4f66bf4ee0228513d024a4e287e9f1aa3957152332b1483ab0af67cb42
xanthosine,direct_neighbor_ridge,soft_tissue,0,2,18,13.883111583490624,17.282931220467947,659dce4f66bf4ee0228513d024a4e287e9f1aa3957152332b1483ab0af67cb42
xanthosine,direct_neighbor_ridge,stomach,0,2,37,29.06156382407565,27.57073682162232,659dce4f66bf4ee0228513d024a4e287e9f1aa3957152332b1483ab0af67cb42
xanthosine,direct_neighbor_ridge,breast,0,3,49,57.82512681339078,64.26581063723616,9492e163b6ef19b0563b1ce8302b8e8794e2e4c9c8031c62ff9774a3f63f6f58
xanthosine,direct_neighbor_ridge,central_nervous_system,0,3,49,45.1632888166063,43.54806803670751,9492e163b6ef19b0563b1ce8302b8e8794e2e4c9c8031c62ff9774a3f63f6f58
xanthosine,direct_neighbor_ridge,endometrium,0,3,28,24.812491196293596,23.10768688402864,9492e163b6ef19b0563b1ce8302b8e8794e2e4c9c8031c62ff9774a3f63f6f58
xanthosine,direct_neighbor_ridge,kidney,0,3,23,13.140496285388311,15.300775390293909,9492e163b6ef19b0563b1ce8302b8e8794e2e4c9c8031c62ff9774a3f63f6f58
xanthosine,direct_neighbor_ridge,liver,0,3,25,32.29416884775341,34.01149625380925,9492e163b6ef19b0563b1ce8302b8e8794e2e4c9c8031c62ff9774a3f63f6f58
xanthosine,direct_neighbor_ridge,lung,0,4,176,187.71946669216908,192.0577103945816,cf9883e99ee1b956d01c2cb42a4d284b982ce23065d3616a5e1cced359e41fb5
xanthosine,direct_neighbor_ridge,bone,1,0,19,12.932565040915616,11.043281048783864,32d2e2f547f707a9f12d899e65a934275c9f49020e10d214973126d05910ec9c
xanthosine,direct_neighbor_ridge,ovary,1,0,45,23.51817356645929,26.26572238488897,32d2e2f547f707a9f12d899e65a934275c9f49020e10d214973126d05910ec9c
xanthosine,direct_neighbor_ridge,skin,1,0,52,13.604707802284496,13.472059766737333,32d2e2f547f707a9f12d899e65a934275c9f49020e10d214973126d05910ec9c
xanthosine,direct_neighbor_ridge,upper_aerodigestive_tract,1,0,30,10.128920886647494,10.642069353386418,32d2e2f547f707a9f12d899e65a934275c9f49020e10d214973126d05910ec9c
xanthosine,direct_neighbor_ridge,urinary_tract,1,0,25,6.970898578923549,8.25905430372015,32d2e2f547f707a9f12d899e65a934275c9f49020e10d214973126d05910ec9c
xanthosine,direct_neighbor_ridge,lung,1,1,176,187.60229200549435,192.0577103945816,cf9883e99ee1b956d01c2cb42a4d284b982ce23065d3616a5e1cced359e41fb5
xanthosine,direct_neighbor_ridge,autonomic_ganglia,1,2,16,11.34499988101137,11.008198663553578,db1ab3680dcfc2deb10e2511ec28b70b27966d5a436d724be48267bcbf200acf
xanthosine,direct_neighbor_ridge,haematopoietic_and_lymphoid_tissue,1,2,163,424.8885030301276,441.2936332324988,db1ab3680dcfc2deb10e2511ec28b70b27966d5a436d724be48267bcbf200acf
xanthosine,direct_neighbor_ridge,large_intestine,1,3,55,50.214753653265134,51.228898375660066,659dce4f66bf4ee0228513d024a4e287e9f1aa3957152332b1483ab0af67cb42
xanthosine,direct_neighbor_ridge,oesophagus,1,3,25,11.654534686593855,12.233475224941403,659dce4f66bf4ee0228513d024a4e287e9f1aa3957152332b1483ab0af67cb42
xanthosine,direct_neighbor_ridge,pancreas,1,3,41,20.660742766739435,18.04293717632629,659dce4f66bf4ee0228513d024a4e287e9f1aa3957152332b1483ab0af67cb42
xanthosine,direct_neighbor_ridge,soft_tissue,1,3,18,13.883111583490624,17.282931220467947,659dce4f66bf4ee0228513d024a4e287e9f1aa3957152332b1483ab0af67cb42
xanthosine,direct_neighbor_ridge,stomach,1,3,37,29.06156382407565,27.57073682162232,659dce4f66bf4ee0228513d024a4e287e9f1aa3957152332b1483ab0af67cb42
xanthosine,direct_neighbor_ridge,breast,1,4,49,57.82512681339078,64.26581063723616,9492e163b6ef19b0563b1ce8302b8e8794e2e4c9c8031c62ff9774a3f63f6f58
xanthosine,direct_neighbor_ridge,central_nervous_system,1,4,49,45.1632888166063,43.54806803670751,9492e163b6ef19b0563b1ce8302b8e8794e2e4c9c8031c62ff9774a3f63f6f58
xanthosine,direct_neighbor_ridge,endometrium,1,4,28,24.812491196293596,23.10768688402864,9492e163b6ef19b0563b1ce8302b8e8794e2e4c9c8031c62ff9774a3f63f6f58
xanthosine,direct_neighbor_ridge,kidney,1,4,23,13.140496285388311,15.300775390293909,9492e163b6ef19b0563b1ce8302b8e8794e2e4c9c8031c62ff9774a3f63f6f58
xanthosine,direct_neighbor_ridge,liver,1,4,25,32.29416884775341,34.01149625380925,9492e163b6ef19b0563b1ce8302b8e8794e2e4c9c8031c62ff9774a3f63f6f58
