model,selection_candidate_metabolites,raw_transcript_genes,expression_signatures,interaction_count,pca_requested_components,pca_training_rank,pca_rank_capped,raw_metabolites,selected_metabolites,selected_signatures,empty_training_features,constant_training_features,transform_learned_parameters,representation_dimension,coefficient_count,target,repeat,outer_fold,selected_alpha,training_samples,test_samples,training_groups,test_groups,target_center,target_scale,training_target_constant,split_digest,elapsed_seconds
direct_neighbor_ridge,0,0,0,0,0,0,False,15,"[""alanine"", ""betaine"", ""choline"", ""dimethylglycine"", ""glucuronate"", ""glutamate"", ""homocysteine"", ""hypoxanthine"", ""isocitrate"", ""isoleucine"", ""methionine"", ""ornithine"", ""serine"", ""uridine"", ""xanthine""]",[],0,0,30,15,16,AMP,0,0,100.0,697,179,16,2,5.876602736441894,0.3500566287910305,False,db1ab3680dcfc2deb10e2511ec28b70b27966d5a436d724be48267bcbf200acf,0.07145006093196571
direct_neighbor_ridge,0,0,0,0,0,0,False,15,"[""alanine"", ""betaine"", ""choline"", ""dimethylglycine"", ""glucuronate"", ""glutamate"", ""homocysteine"", ""hypoxanthine"", ""isocitrate"", ""isoleucine"", ""methionine"", ""ornithine"", ""serine"", ""uridine"", ""xanthine""]",[],0,0,30,15,16,AMP,0,1,10.0,705,171,13,5,6.0308758873758865,0.5084438756529834,False,32d2e2f547f707a9f12d899e65a934275c9f49020e10d214973126d05910ec9c,0.06711372500285506
direct_neighbor_ridge,0,0,0,0,0,0,False,15,"[""alanine"", ""betaine"", ""choline"", ""dimethylglycine"", ""glucuronate"", ""glutamate"", ""homocysteine"", ""hypoxanthine"", ""isocitrate"", ""isoleucine"", ""methionine"", ""ornithine"", ""serine"", ""uridine"", ""xanthine""]",[],0,0,30,15,16,AMP,0,2,1.0,700,176,13,5,6.004757570571429,0.5031283164328217,False,659dce4f66bf4ee0228513d024a4e287e9f1aa3957152332b1483ab0af67cb42,0.08434937102720141
direct_neighbor_ridge,0,0,0,0,0,0,False,15,"[""alanine"", ""betaine"", ""choline"", ""dimethylglycine"", ""glucuronate"", ""glutamate"", ""homocysteine"", ""hypoxanthine"", ""isocitrate"", ""isoleucine"", ""methionine"", ""ornithine"", ""serine"", ""uridine"", ""xanthine""]",[],0,0,30,15,16,AMP,0,3,10.0,702,174,13,5,6.036753952706553,0.5105127136917674,False,9492e163b6ef19b0563b1ce8302b8e8794e2e4c9c8031c62ff9774a3f63f6f58,0.06975922011770308
direct_neighbor_ridge,0,0,0,0,0,0,False,15,"[""alanine"", ""betaine"", ""choline"", ""dimethylglycine"", ""glucuronate"", ""glutamate"", ""homocysteine"", ""hypoxanthine"", ""isocitrate"", ""isoleucine"", ""methionine"", ""ornithine"", ""serine"", ""uridine"", ""xanthine""]",[],0,0,30,15,16,AMP,0,4,10.0,700,176,17,1,6.003706712428572,0.5019081462358086,False,cf9883e99ee1b956d01c2cb42a4d284b982ce23065d3616a5e1cced359e41fb5,0.07084057899191976
direct_neighbor_ridge,0,0,0,0,0,0,False,15,"[""alanine"", ""betaine"", ""choline"", ""dimethylglycine"", ""glucuronate"", ""glutamate"", ""homocysteine"", ""hypoxanthine"", ""isocitrate"", ""isoleucine"", ""methionine"", ""ornithine"", ""serine"", ""uridine"", ""xanthine""]",[],0,0,30,15,16,AMP,1,0,10.0,705,171,13,5,6.0308758873758865,0.5084438756529834,False,32d2e2f547f707a9f12d899e65a934275c9f49020e10d214973126d05910ec9c,0.06910464400425553
direct_neighbor_ridge,0,0,0,0,0,0,False,15,"[""alanine"", ""betaine"", ""choline"", ""dimethylglycine"", ""glucuronate"", ""glutamate"", ""homocysteine"", ""hypoxanthine"", ""isocitrate"", ""isoleucine"", ""methionine"", ""ornithine"", ""serine"", ""uridine"", ""xanthine""]",[],0,0,30,15,16,AMP,1,1,10.0,700,176,17,1,6.003706712428572,0.5019081462358086,False,cf9883e99ee1b956d01c2cb42a4d284b982ce23065d3616a5e1cced359e41fb5,0.08154062204994261
direct_neighbor_ridge,0,0,0,0,0,0,False,15,"[""alanine"", ""betaine"", ""choline"", ""dimethylglycine"", ""glucuronate"", ""glutamate"", ""homocysteine"", ""hypoxanthine"", ""isocitrate"", ""isoleucine"", ""methionine"", ""ornithine"", ""serine"", ""uridine"", ""xanthine""]",[],0,0,30,15,16,AMP,1,2,100.0,697,179,16,2,5.876602736441894,0.3500566287910305,False,db1ab3680dcfc2deb10e2511ec28b70b27966d5a436d724be48267bcbf200acf,0.0839209461119026
direct_neighbor_ridge,0,0,0,0,0,0,False,15,"[""alanine"", ""betaine"", ""choline"", ""dimethylglycine"", ""glucuronate"", ""glutamate"", ""homocysteine"", ""hypoxanthine"", ""isocitrate"", ""isoleucine"", ""methionine"", ""ornithine"", ""serine"", ""uridine"", ""xanthine""]",[],0,0,30,15,16,AMP,1,3,10.0,700,176,13,5,6.004757570571429,0.5031283164328217,False,659dce4f66bf4ee0228513d024a4e287e9f1aa3957152332b1483ab0af67cb42,0.08357829693704844
direct_neighbor_ridge,0,0,0,0,0,0,False,15,"[""alanine"", ""betaine"", ""choline"", ""dimethylglycine"", ""glucuronate"", ""glutamate"", ""homocysteine"", ""hypoxanthine"", ""isocitrate"", ""isoleucine"", ""methionine"", ""ornithine"", ""serine"", ""uridine"", ""xanthine""]",[],0,0,30,15,16,AMP,1,4,10.0,702,174,13,5,6.036753952706553,0.5105127136917674,False,9492e163b6ef19b0563b1ce8302b8e8794e2e4c9c8031c62ff9774a3f63f6f58,0.07512954878620803
direct_neighbor_ridge,0,0,0,0,0,0,False,5,"[""aspartate"", ""glutamate"", ""glutamine"", ""homocysteine"", ""urate""]",[],0,0,10,5,6,CMP,0,0,0.1,697,179,16,2,5.881799451219512,0.3375083671874914,False,db1ab3680dcfc2deb10e2511ec28b70b27966d5a436d724be48267bcbf200acf,0.05826412793248892
direct_neighbor_ridge,0,0,0,0,0,0,False,5,"[""aspartate"", ""glutamate"", ""glutamine"", ""homocysteine"", ""urate""]",[],0,0,10,5,6,CMP,0,1,10.0,705,171,13,5,6.017746583404255,0.47245130631595555,False,32d2e2f547f707a9f12d899e65a934275c9f49020e10d214973126d05910ec9c,0.05916549195535481
direct_neighbor_ridge,0,0,0,0,0,0,False,5,"[""aspartate"", ""glutamate"", ""glutamine"", ""homocysteine"", ""urate""]",[],0,0,10,5,6,CMP,0,2,10.0,700,176,13,5,6.0109321772857145,0.461104447843522,False,659dce4f66bf4ee0228513d024a4e287e9f1aa3957152332b1483ab0af67cb42,0.05989365093410015
direct_neighbor_ridge,0,0,0,0,0,0,False,5,"[""aspartate"", ""glutamate"", ""glutamine"", ""homocysteine"", ""urate""]",[],0,0,10,5,6,CMP,0,3,10.0,702,174,13,5,6.029179082051282,0.46845959043845226,False,9492e163b6ef19b0563b1ce8302b8e8794e2e4c9c8031c62ff9774a3f63f6f58,0.0648015399929136
direct_neighbor_ridge,0,0,0,0,0,0,False,5,"[""aspartate"", ""glutamate"", ""glutamine"", ""homocysteine"", ""urate""]",[],0,0,10,5,6,CMP,0,4,100.0,700,176,17,1,5.992087687857143,0.4681468933552064,False,cf9883e99ee1b956d01c2cb42a4d284b982ce23065d3616a5e1cced359e41fb5,0.05967018217779696
direct_neighbor_ridge,0,0,0,0,0,0,False,5,"[""aspartate"", ""glutamate"", ""glutamine"", ""homocysteine"", ""urate""]",[],0,0,10,5,6,CMP,1,0,10.0,705,171,13,5,6.017746583404255,0.47245130631595555,False,32d2e2f547f707a9f12d899e65a934275c9f49020e10d214973126d05910ec9c,0.058478625025600195
direct_neighbor_ridge,0,0,0,0,0,0,False,5,"[""aspartate"", ""glutamate"", ""glutamine"", ""homocysteine"", ""urate""]",[],0,0,10,5,6,CMP,1,1,100.0,700,176,17,1,5.992087687857143,0.4681468933552064,False,cf9883e99ee1b956d01c2cb42a4d284b982ce23065d3616a5e1cced359e41fb5,0.05877458699978888
direct_neighbor_ridge,0,0,0,0,0,0,False,5,"[""aspartate"", ""glutamate"", ""glutamine"", ""homocysteine"", ""urate""]",[],0,0,10,5,6,CMP,1,2,0.1,697,179,16,2,5.881799451219512,0.3375083671874914,False,db1ab3680dcfc2deb10e2511ec28b70b27966d5a436d724be48267bcbf200acf,0.06315601291134953
direct_neighbor_ridge,0,0,0,0,0,0,False,5,"[""aspartate"", ""glutamate"", ""glutamine"", ""homocysteine"", ""urate""]",[],0,0,10,5,6,CMP,1,3,10.0,700,176,13,5,6.0109321772857145,0.461104447843522,False,659dce4f66bf4ee0228513d024a4e287e9f1aa3957152332b1483ab0af67cb42,0.07367721595801413
direct_neighbor_ridge,0,0,0,0,0,0,False,5,"[""aspartate"", ""glutamate"", ""glutamine"", ""homocysteine"", ""urate""]",[],0,0,10,5,6,CMP,1,4,10.0,702,174,13,5,6.029179082051282,0.46845959043845226,False,9492e163b6ef19b0563b1ce8302b8e8794e2e4c9c8031c62ff9774a3f63f6f58,0.07135486602783203
direct_neighbor_ridge,0,0,0,0,0,0,False,5,"[""NAD"", ""alanine"", ""asparagine"", ""dimethylglycine"", ""glutamate""]",[],0,0,10,5,6,GMP,0,0,0.1,697,179,16,2,5.9022510956958385,0.3718471387264023,False,db1ab3680dcfc2deb10e2511ec28b70b27966d5a436d724be48267bcbf200acf,0.07781074498780072
direct_neighbor_ridge,0,0,0,0,0,0,False,5,"[""NAD"", ""alanine"", ""asparagine"", ""dimethylglycine"", ""glutamate""]",[],0,0,10,5,6,GMP,0,1,10.0,705,171,13,5,6.010947650212766,0.46377983172504383,False,32d2e2f547f707a9f12d899e65a934275c9f49020e10d214973126d05910ec9c,0.0697204228490591
direct_neighbor_ridge,0,0,0,0,0,0,False,5,"[""NAD"", ""alanine"", ""asparagine"", ""dimethylglycine"", ""glutamate""]",[],0,0,10,5,6,GMP,0,2,0.1,700,176,13,5,5.9920470568571425,0.45731235719204294,False,659dce4f66bf4ee0228513d024a4e287e9f1aa3957152332b1483ab0af67cb42,0.0695522571913898
direct_neighbor_ridge,0,0,0,0,0,0,False,5,"[""NAD"", ""alanine"", ""asparagine"", ""dimethylglycine"", ""glutamate""]",[],0,0,10,5,6,GMP,0,3,10.0,702,174,13,5,6.020292437606837,0.468773552378771,False,9492e163b6ef19b0563b1ce8302b8e8794e2e4c9c8031c62ff9774a3f63f6f58,0.07105440995655954
direct_neighbor_ridge,0,0,0,0,0,0,False,5,"[""NAD"", ""alanine"", ""asparagine"", ""dimethylglycine"", ""glutamate""]",[],0,0,10,5,6,GMP,0,4,0.1,700,176,17,1,5.976454316428572,0.4636214295380626,False,cf9883e99ee1b956d01c2cb42a4d284b982ce23065d3616a5e1cced359e41fb5,0.07235963991843164
direct_neighbor_ridge,0,0,0,0,0,0,False,5,"[""NAD"", ""alanine"", ""asparagine"", ""dimethylglycine"", ""glutamate""]",[],0,0,10,5,6,GMP,1,0,10.0,705,171,13,5,6.010947650212766,0.46377983172504383,False,32d2e2f547f707a9f12d899e65a934275c9f49020e10d214973126d05910ec9c,0.060282165883108974
direct_neighbor_ridge,0,0,0,0,0,0,False,5,"[""NAD"", ""alanine"", ""asparagine"", ""dimethylglycine"", ""glutamate""]",[],0,0,10,5,6,GMP,1,1,10.0,700,176,17,1,5.976454316428572,0.4636214295380626,False,cf9883e99ee1b956d01c2cb42a4d284b982ce23065d3616a5e1cced359e41fb5,0.05884542502462864
direct_neighbor_ridge,0,0,0,0,0,0,False,5,"[""NAD"", ""alanine"", ""asparagine"", ""dimethylglycine"", ""glutamate""]",[],0,0,10,5,6,GMP,1,2,0.1,697,179,16,2,5.9022510956958385,0.3718471387264023,False,db1ab3680dcfc2deb10e2511ec28b70b27966d5a436d724be48267bcbf200acf,0.09685756312683225
direct_neighbor_ridge,0,0,0,0,0,0,False,5,"[""NAD"", ""alanine"", ""asparagine"", ""dimethylglycine"", ""glutamate""]",[],0,0,10,5,6,GMP,1,3,0.1,700,176,13,5,5.9920470568571425,0.45731235719204294,False,659dce4f66bf4ee0228513d024a4e287e9f1aa3957152332b1483ab0af67cb42,0.08237443189136684
direct_neighbor_ridge,0,0,0,0,0,0,False,5,"[""NAD"", ""alanine"", ""asparagine"", ""dimethylglycine"", ""glutamate""]",[],0,0,10,5,6,GMP,1,4,0.1,702,174,13,5,6.020292437606837,0.468773552378771,False,9492e163b6ef19b0563b1ce8302b8e8794e2e4c9c8031c62ff9774a3f63f6f58,0.08243548311293125
direct_neighbor_ridge,0,0,0,0,0,0,False,15,"[""GMP"", ""adenine"", ""adenosine"", ""alanine"", ""aspartate"", ""citrate"", ""citrulline"", ""glycine"", ""histidine"", ""kynurenine"", ""methionine"", ""sarcosine"", ""uracil"", ""uridine"", ""valine""]",[],0,0,30,15,16,NAD,0,0,10.0,697,179,16,2,5.8592628566714495,0.273737772496672,False,db1ab3680dcfc2deb10e2511ec28b70b27966d5a436d724be48267bcbf200acf,0.07533669006079435
direct_neighbor_ridge,0,0,0,0,0,0,False,15,"[""GMP"", ""adenine"", ""adenosine"", ""alanine"", ""aspartate"", ""citrate"", ""citrulline"", ""glycine"", ""histidine"", ""kynurenine"", ""methionine"", ""sarcosine"", ""uracil"", ""uridine"", ""valine""]",[],0,0,30,15,16,NAD,0,1,100.0,705,171,13,5,5.83252649248227,0.3166483062230965,False,32d2e2f547f707a9f12d899e65a934275c9f49020e10d214973126d05910ec9c,0.07287332997657359
direct_neighbor_ridge,0,0,0,0,0,0,False,15,"[""GMP"", ""adenine"", ""adenosine"", ""alanine"", ""aspartate"", ""citrate"", ""citrulline"", ""glycine"", ""histidine"", ""kynurenine"", ""methionine"", ""sarcosine"", ""uracil"", ""uridine"", ""valine""]",[],0,0,30,15,16,NAD,0,2,100.0,700,176,13,5,5.829537320142857,0.3140293000367684,False,659dce4f66bf4ee0228513d024a4e287e9f1aa3957152332b1483ab0af67cb42,0.175716747995466
direct_neighbor_ridge,0,0,0,0,0,0,False,15,"[""GMP"", ""adenine"", ""adenosine"", ""alanine"", ""aspartate"", ""citrate"", ""citrulline"", ""glycine"", ""histidine"", ""kynurenine"", ""methionine"", ""sarcosine"", ""uracil"", ""uridine"", ""valine""]",[],0,0,30,15,16,NAD,0,3,100.0,702,174,13,5,5.849133417236467,0.30221474081553895,False,9492e163b6ef19b0563b1ce8302b8e8794e2e4c9c8031c62ff9774a3f63f6f58,0.10935962479561567
direct_neighbor_ridge,0,0,0,0,0,0,False,15,"[""GMP"", ""adenine"", ""adenosine"", ""alanine"", ""aspartate"", ""citrate"", ""citrulline"", ""glycine"", ""histidine"", ""kynurenine"", ""methionine"", ""sarcosine"", ""uracil"", ""uridine"", ""valine""]",[],0,0,30,15,16,NAD,0,4,100.0,700,176,17,1,5.835856427857143,0.30880467410775864,False,cf9883e99ee1b956d01c2cb42a4d284b982ce23065d3616a5e1cced359e41fb5,0.10118468897417188
direct_neighbor_ridge,0,0,0,0,0,0,False,15,"[""GMP"", ""adenine"", ""adenosine"", ""alanine"", ""aspartate"", ""citrate"", ""citrulline"", ""glycine"", ""histidine"", ""kynurenine"", ""methionine"", ""sarcosine"", ""uracil"", ""uridine"", ""valine""]",[],0,0,30,15,16,NAD,1,0,100.0,705,171,13,5,5.83252649248227,0.3166483062230965,False,32d2e2f547f707a9f12d899e65a934275c9f49020e10d214973126d05910ec9c,0.11454715300351381
direct_neighbor_ridge,0,0,0,0,0,0,False,15,"[""GMP"", ""adenine"", ""adenosine"", ""alanine"", ""aspartate"", ""citrate"", ""citrulline"", ""glycine"", ""histidine"", ""kynurenine"", ""methionine"", ""sarcosine"", ""uracil"", ""uridine"", ""valine""]",[],0,0,30,15,16,NAD,1,1,100.0,700,176,17,1,5.835856427857143,0.30880467410775864,False,cf9883e99ee1b956d01c2cb42a4d284b982ce23065d3616a5e1cced359e41fb5,0.11409126408398151
direct_neighbor_ridge,0,0,0,0,0,0,False,15,"[""GMP"", ""adenine"", ""adenosine"", ""alanine"", ""aspartate"", ""citrate"", ""citrulline"", ""glycine"", ""histidine"", ""kynurenine"", ""methionine"", ""sarcosine"", ""uracil"", ""uridine"", ""valine""]",[],0,0,30,15,16,NAD,1,2,10.0,697,179,16,2,5.8592628566714495,0.273737772496672,False,db1ab3680dcfc2deb10e2511ec28b70b27966d5a436d724be48267bcbf200acf,0.07262842706404626
direct_neighbor_ridge,0,0,0,0,0,0,False,15,"[""GMP"", ""adenine"", ""adenosine"", ""alanine"", ""aspartate"", ""citrate"", ""citrulline"", ""glycine"", ""histidine"", ""kynurenine"", ""methionine"", ""sarcosine"", ""uracil"", ""uridine"", ""valine""]",[],0,0,30,15,16,NAD,1,3,100.0,700,176,13,5,5.829537320142857,0.3140293000367684,False,659dce4f66bf4ee0228513d024a4e287e9f1aa3957152332b1483ab0af67cb42,0.06367667694576085
direct_neighbor_ridge,0,0,0,0,0,0,False,15,"[""GMP"", ""adenine"", ""adenosine"", ""alanine"", ""aspartate"", ""citrate"", ""citrulline"", ""glycine"", ""histidine"", ""kynurenine"", ""methionine"", ""sarcosine"", ""uracil"", ""uridine"", ""valine""]",[],0,0,30,15,16,NAD,1,4,10.0,702,174,13,5,5.849133417236467,0.30221474081553895,False,9492e163b6ef19b0563b1ce8302b8e8794e2e4c9c8031c62ff9774a3f63f6f58,0.06431526481173933
direct_neighbor_ridge,0,0,0,0,0,0,False,19,"[""AMP"", ""CMP"", ""UMP"", ""acetylcholine"", ""aconitate"", ""adenine"", ""adenosine"", ""alanine"", ""carnosine"", ""choline"", ""glycine"", ""histidine"", ""homocysteine"", ""hypoxanthine"", ""methionine"", ""ornithine"", ""oxalate"", ""taurine"", ""valine""]",[],0,0,38,19,20,NADP,0,0,100.0,697,179,16,2,5.964262021233859,0.3620365863705779,False,db1ab3680dcfc2deb10e2511ec28b70b27966d5a436d724be48267bcbf200acf,0.07041330519132316
direct_neighbor_ridge,0,0,0,0,0,0,False,19,"[""AMP"", ""CMP"", ""UMP"", ""acetylcholine"", ""aconitate"", ""adenine"", ""adenosine"", ""alanine"", ""carnosine"", ""choline"", ""glycine"", ""histidine"", ""homocysteine"", ""hypoxanthine"", ""methionine"", ""ornithine"", ""oxalate"", ""taurine"", ""valine""]",[],0,0,38,19,20,NADP,0,1,100.0,705,171,13,5,5.924742738723404,0.373625630639,False,32d2e2f547f707a9f12d899e65a934275c9f49020e10d214973126d05910ec9c,0.06867044907994568
direct_neighbor_ridge,0,0,0,0,0,0,False,19,"[""AMP"", ""CMP"", ""UMP"", ""acetylcholine"", ""aconitate"", ""adenine"", ""adenosine"", ""alanine"", ""carnosine"", ""choline"", ""glycine"", ""histidine"", ""homocysteine"", ""hypoxanthine"", ""methionine"", ""ornithine"", ""oxalate"", ""taurine"", ""valine""]",[],0,0,38,19,20,NADP,0,2,100.0,700,176,13,5,5.893307024142857,0.36362936668919077,False,659dce4f66bf4ee0228513d024a4e287e9f1aa3957152332b1483ab0af67cb42,0.0682377009652555
direct_neighbor_ridge,0,0,0,0,0,0,False,19,"[""AMP"", ""CMP"", ""UMP"", ""acetylcholine"", ""aconitate"", ""adenine"", ""adenosine"", ""alanine"", ""carnosine"", ""choline"", ""glycine"", ""histidine"", ""homocysteine"", ""hypoxanthine"", ""methionine"", ""ornithine"", ""oxalate"", ""taurine"", ""valine""]",[],0,0,38,19,20,NADP,0,3,100.0,702,174,13,5,5.922061383618234,0.3605050337536695,False,9492e163b6ef19b0563b1ce8302b8e8794e2e4c9c8031c62ff9774a3f63f6f58,0.13502701511606574
direct_neighbor_ridge,0,0,0,0,0,0,False,19,"[""AMP"", ""CMP"", ""UMP"", ""acetylcholine"", ""aconitate"", ""adenine"", ""adenosine"", ""alanine"", ""carnosine"", ""choline"", ""glycine"", ""histidine"", ""homocysteine"", ""hypoxanthine"", ""methionine"", ""ornithine"", ""oxalate"", ""taurine"", ""valine""]",[],0,0,38,19,20,NADP,0,4,100.0,700,176,17,1,5.8943222774285715,0.34709365585279683,False,cf9883e99ee1b956d01c2cb42a4d284b982ce23065d3616a5e1cced359e41fb5,0.06872683088295162
direct_neighbor_ridge,0,0,0,0,0,0,False,19,"[""AMP"", ""CMP"", ""UMP"", ""acetylcholine"", ""aconitate"", ""adenine"", ""adenosine"", ""alanine"", ""carnosine"", ""choline"", ""glycine"", ""histidine"", ""homocysteine"", ""hypoxanthine"", ""methionine"", ""ornithine"", ""oxalate"", ""taurine"", ""valine""]",[],0,0,38,19,20,NADP,1,0,100.0,705,171,13,5,5.924742738723404,0.373625630639,False,32d2e2f547f707a9f12d899e65a934275c9f49020e10d214973126d05910ec9c,0.11092503904365003
direct_neighbor_ridge,0,0,0,0,0,0,False,19,"[""AMP"", ""CMP"", ""UMP"", ""acetylcholine"", ""aconitate"", ""adenine"", ""adenosine"", ""alanine"", ""carnosine"", ""choline"", ""glycine"", ""histidine"", ""homocysteine"", ""hypoxanthine"", ""methionine"", ""ornithine"", ""oxalate"", ""taurine"", ""valine""]",[],0,0,38,19,20,NADP,1,1,100.0,700,176,17,1,5.8943222774285715,0.34709365585279683,False,cf9883e99ee1b956d01c2cb42a4d284b982ce23065d3616a5e1cced359e41fb5,0.0967326529789716
direct_neighbor_ridge,0,0,0,0,0,0,False,19,"[""AMP"", ""CMP"", ""UMP"", ""acetylcholine"", ""aconitate"", ""adenine"", ""adenosine"", ""alanine"", ""carnosine"", ""choline"", ""glycine"", ""histidine"", ""homocysteine"", ""hypoxanthine"", ""methionine"", ""ornithine"", ""oxalate"", ""taurine"", ""valine""]",[],0,0,38,19,20,NADP,1,2,100.0,697,179,16,2,5.964262021233859,0.3620365863705779,False,db1ab3680dcfc2deb10e2511ec28b70b27966d5a436d724be48267bcbf200acf,0.0688961239065975
direct_neighbor_ridge,0,0,0,0,0,0,False,19,"[""AMP"", ""CMP"", ""UMP"", ""acetylcholine"", ""aconitate"", ""adenine"", ""adenosine"", ""alanine"", ""carnosine"", ""choline"", ""glycine"", ""histidine"", ""homocysteine"", ""hypoxanthine"", ""methionine"", ""ornithine"", ""oxalate"", ""taurine"", ""valine""]",[],0,0,38,19,20,NADP,1,3,100.0,700,176,13,5,5.893307024142857,0.36362936668919077,False,659dce4f66bf4ee0228513d024a4e287e9f1aa3957152332b1483ab0af67cb42,0.09420946589671075
direct_neighbor_ridge,0,0,0,0,0,0,False,19,"[""AMP"", ""CMP"", ""UMP"", ""acetylcholine"", ""aconitate"", ""adenine"", ""adenosine"", ""alanine"", ""carnosine"", ""choline"", ""glycine"", ""histidine"", ""homocysteine"", ""hypoxanthine"", ""methionine"", ""ornithine"", ""oxalate"", ""taurine"", ""valine""]",[],0,0,38,19,20,NADP,1,4,100.0,702,174,13,5,5.922061383618234,0.3605050337536695,False,9492e163b6ef19b0563b1ce8302b8e8794e2e4c9c8031c62ff9774a3f63f6f58,0.11049722204916179
direct_neighbor_ridge,0,0,0,0,0,0,False,5,"[""NAD"", ""aspartate"", ""homocysteine"", ""proline"", ""taurine""]",[],0,0,10,5,6,UMP,0,0,100.0,697,179,16,2,5.8803286489239595,0.3673249774248067,False,db1ab3680dcfc2deb10e2511ec28b70b27966d5a436d724be48267bcbf200acf,0.09106671996414661
direct_neighbor_ridge,0,0,0,0,0,0,False,5,"[""NAD"", ""aspartate"", ""homocysteine"", ""proline"", ""taurine""]",[],0,0,10,5,6,UMP,0,1,100.0,705,171,13,5,6.046802519858156,0.5194126213200596,False,32d2e2f547f707a9f12d899e65a934275c9f49020e10d214973126d05910ec9c,0.06173816602677107
direct_neighbor_ridge,0,0,0,0,0,0,False,5,"[""NAD"", ""aspartate"", ""homocysteine"", ""proline"", ""taurine""]",[],0,0,10,5,6,UMP,0,2,100.0,700,176,13,5,6.0201290528571425,0.508479905148374,False,659dce4f66bf4ee0228513d024a4e287e9f1aa3957152332b1483ab0af67cb42,0.09165225690230727
direct_neighbor_ridge,0,0,0,0,0,0,False,5,"[""NAD"", ""aspartate"", ""homocysteine"", ""proline"", ""taurine""]",[],0,0,10,5,6,UMP,0,3,100.0,702,174,13,5,6.04453301980057,0.5234043492380395,False,9492e163b6ef19b0563b1ce8302b8e8794e2e4c9c8031c62ff9774a3f63f6f58,0.1406653211452067
direct_neighbor_ridge,0,0,0,0,0,0,False,5,"[""NAD"", ""aspartate"", ""homocysteine"", ""proline"", ""taurine""]",[],0,0,10,5,6,UMP,0,4,100.0,700,176,17,1,6.0070047598571445,0.5168236538621338,False,cf9883e99ee1b956d01c2cb42a4d284b982ce23065d3616a5e1cced359e41fb5,0.09666750393807888
direct_neighbor_ridge,0,0,0,0,0,0,False,5,"[""NAD"", ""aspartate"", ""homocysteine"", ""proline"", ""taurine""]",[],0,0,10,5,6,UMP,1,0,100.0,705,171,13,5,6.046802519858156,0.5194126213200596,False,32d2e2f547f707a9f12d899e65a934275c9f49020e10d214973126d05910ec9c,0.07338315201923251
direct_neighbor_ridge,0,0,0,0,0,0,False,5,"[""NAD"", ""aspartate"", ""homocysteine"", ""proline"", ""taurine""]",[],0,0,10,5,6,UMP,1,1,100.0,700,176,17,1,6.0070047598571445,0.5168236538621338,False,cf9883e99ee1b956d01c2cb42a4d284b982ce23065d3616a5e1cced359e41fb5,0.06862102588638663
direct_neighbor_ridge,0,0,0,0,0,0,False,5,"[""NAD"", ""aspartate"", ""homocysteine"", ""proline"", ""taurine""]",[],0,0,10,5,6,UMP,1,2,100.0,697,179,16,2,5.8803286489239595,0.3673249774248067,False,db1ab3680dcfc2deb10e2511ec28b70b27966d5a436d724be48267bcbf200acf,0.0674916380085051
direct_neighbor_ridge,0,0,0,0,0,0,False,5,"[""NAD"", ""aspartate"", ""homocysteine"", ""proline"", ""taurine""]",[],0,0,10,5,6,UMP,1,3,100.0,700,176,13,5,6.0201290528571425,0.508479905148374,False,659dce4f66bf4ee0228513d024a4e287e9f1aa3957152332b1483ab0af67cb42,0.06789083895273507
direct_neighbor_ridge,0,0,0,0,0,0,False,5,"[""NAD"", ""aspartate"", ""homocysteine"", ""proline"", ""taurine""]",[],0,0,10,5,6,UMP,1,4,100.0,702,174,13,5,6.04453301980057,0.5234043492380395,False,9492e163b6ef19b0563b1ce8302b8e8794e2e4c9c8031c62ff9774a3f63f6f58,0.08005173387937248
direct_neighbor_ridge,0,0,0,0,0,0,False,1,"[""thymine""]",[],0,0,2,1,2,acetylcholine,0,0,100.0,697,179,16,2,5.659545420659971,0.9034786933874055,False,db1ab3680dcfc2deb10e2511ec28b70b27966d5a436d724be48267bcbf200acf,0.06112942914478481
direct_neighbor_ridge,0,0,0,0,0,0,False,1,"[""thymine""]",[],0,0,2,1,2,acetylcholine,0,1,100.0,705,171,13,5,5.700987920851063,0.901549377737082,False,32d2e2f547f707a9f12d899e65a934275c9f49020e10d214973126d05910ec9c,0.06673088693059981
direct_neighbor_ridge,0,0,0,0,0,0,False,1,"[""thymine""]",[],0,0,2,1,2,acetylcholine,0,2,100.0,700,176,13,5,5.708044984285714,0.9098811471364079,False,659dce4f66bf4ee0228513d024a4e287e9f1aa3957152332b1483ab0af67cb42,0.08410689095035195
direct_neighbor_ridge,0,0,0,0,0,0,False,1,"[""thymine""]",[],0,0,2,1,2,acetylcholine,0,3,100.0,702,174,13,5,5.713083329344729,0.9000553995988789,False,9492e163b6ef19b0563b1ce8302b8e8794e2e4c9c8031c62ff9774a3f63f6f58,0.08206200692802668
direct_neighbor_ridge,0,0,0,0,0,0,False,1,"[""thymine""]",[],0,0,2,1,2,acetylcholine,0,4,100.0,700,176,17,1,5.586330824285715,0.8863693262476297,False,cf9883e99ee1b956d01c2cb42a4d284b982ce23065d3616a5e1cced359e41fb5,0.08143833000212908
direct_neighbor_ridge,0,0,0,0,0,0,False,1,"[""thymine""]",[],0,0,2,1,2,acetylcholine,1,0,100.0,705,171,13,5,5.700987920851063,0.901549377737082,False,32d2e2f547f707a9f12d899e65a934275c9f49020e10d214973126d05910ec9c,0.08524301811121404
direct_neighbor_ridge,0,0,0,0,0,0,False,1,"[""thymine""]",[],0,0,2,1,2,acetylcholine,1,1,100.0,700,176,17,1,5.586330824285715,0.8863693262476297,False,cf9883e99ee1b956d01c2cb42a4d284b982ce23065d3616a5e1cced359e41fb5,0.06893491395749152
direct_neighbor_ridge,0,0,0,0,0,0,False,1,"[""thymine""]",[],0,0,2,1,2,acetylcholine,1,2,100.0,697,179,16,2,5.659545420659971,0.9034786933874055,False,db1ab3680dcfc2deb10e2511ec28b70b27966d5a436d724be48267bcbf200acf,0.08001685701310635
direct_neighbor_ridge,0,0,0,0,0,0,False,1,"[""thymine""]",[],0,0,2,1,2,acetylcholine,1,3,100.0,700,176,13,5,5.708044984285714,0.9098811471364079,False,659dce4f66bf4ee0228513d024a4e287e9f1aa3957152332b1483ab0af67cb42,0.07848747307434678
direct_neighbor_ridge,0,0,0,0,0,0,False,1,"[""thymine""]",[],0,0,2,1,2,acetylcholine,1,4,100.0,702,174,13,5,5.713083329344729,0.9000553995988789,False,9492e163b6ef19b0563b1ce8302b8e8794e2e4c9c8031c62ff9774a3f63f6f58,0.06635947502218187
direct_neighbor_ridge,0,0,0,0,0,0,False,2,"[""malate"", ""phenylalanine""]",[],0,0,4,2,3,aconitate,0,0,10.0,697,179,16,2,5.869085316068866,0.29352602161706304,False,db1ab3680dcfc2deb10e2511ec28b70b27966d5a436d724be48267bcbf200acf,0.09124882007017732
direct_neighbor_ridge,0,0,0,0,0,0,False,2,"[""malate"", ""phenylalanine""]",[],0,0,4,2,3,aconitate,0,1,0.1,705,171,13,5,5.80245032141844,0.31475097153342196,False,32d2e2f547f707a9f12d899e65a934275c9f49020e10d214973126d05910ec9c,0.0753266247920692
direct_neighbor_ridge,0,0,0,0,0,0,False,2,"[""malate"", ""phenylalanine""]",[],0,0,4,2,3,aconitate,0,2,0.1,700,176,13,5,5.810027651857142,0.305354314605211,False,659dce4f66bf4ee0228513d024a4e287e9f1aa3957152332b1483ab0af67cb42,0.059275249019265175
direct_neighbor_ridge,0,0,0,0,0,0,False,2,"[""malate"", ""phenylalanine""]",[],0,0,4,2,3,aconitate,0,3,0.1,702,174,13,5,5.8194074274928775,0.30426103660559667,False,9492e163b6ef19b0563b1ce8302b8e8794e2e4c9c8031c62ff9774a3f63f6f58,0.06061479891650379
direct_neighbor_ridge,0,0,0,0,0,0,False,2,"[""malate"", ""phenylalanine""]",[],0,0,4,2,3,aconitate,0,4,0.1,700,176,17,1,5.833991273857143,0.3116707085063351,False,cf9883e99ee1b956d01c2cb42a4d284b982ce23065d3616a5e1cced359e41fb5,0.060831795912235975
direct_neighbor_ridge,0,0,0,0,0,0,False,2,"[""malate"", ""phenylalanine""]",[],0,0,4,2,3,aconitate,1,0,0.1,705,171,13,5,5.80245032141844,0.31475097153342196,False,32d2e2f547f707a9f12d899e65a934275c9f49020e10d214973126d05910ec9c,0.08304986706934869
direct_neighbor_ridge,0,0,0,0,0,0,False,2,"[""malate"", ""phenylalanine""]",[],0,0,4,2,3,aconitate,1,1,0.1,700,176,17,1,5.833991273857143,0.3116707085063351,False,cf9883e99ee1b956d01c2cb42a4d284b982ce23065d3616a5e1cced359e41fb5,0.06456812797114253
direct_neighbor_ridge,0,0,0,0,0,0,False,2,"[""malate"", ""phenylalanine""]",[],0,0,4,2,3,aconitate,1,2,10.0,697,179,16,2,5.869085316068866,0.29352602161706304,False,db1ab3680dcfc2deb10e2511ec28b70b27966d5a436d724be48267bcbf200acf,0.06691545201465487
direct_neighbor_ridge,0,0,0,0,0,0,False,2,"[""malate"", ""phenylalanine""]",[],0,0,4,2,3,aconitate,1,3,0.1,700,176,13,5,5.810027651857142,0.305354314605211,False,659dce4f66bf4ee0228513d024a4e287e9f1aa3957152332b1483ab0af67cb42,0.06494010891765356
direct_neighbor_ridge,0,0,0,0,0,0,False,2,"[""malate"", ""phenylalanine""]",[],0,0,4,2,3,aconitate,1,4,0.1,702,174,13,5,5.8194074274928775,0.30426103660559667,False,9492e163b6ef19b0563b1ce8302b8e8794e2e4c9c8031c62ff9774a3f63f6f58,0.06511136121116579
direct_neighbor_ridge,0,0,0,0,0,0,False,2,"[""NAD"", ""arginine""]",[],0,0,4,2,3,adenine,0,0,100.0,697,179,16,2,5.874204923529412,0.34214960869733474,False,db1ab3680dcfc2deb10e2511ec28b70b27966d5a436d724be48267bcbf200acf,0.0643209011759609
direct_neighbor_ridge,0,0,0,0,0,0,False,2,"[""NAD"", ""arginine""]",[],0,0,4,2,3,adenine,0,1,0.1,705,171,13,5,5.9312896307801415,0.3566075982980052,False,32d2e2f547f707a9f12d899e65a934275c9f49020e10d214973126d05910ec9c,0.08000516192987561
direct_neighbor_ridge,0,0,0,0,0,0,False,2,"[""NAD"", ""arginine""]",[],0,0,4,2,3,adenine,0,2,10.0,700,176,13,5,5.925568285714287,0.3546125934251921,False,659dce4f66bf4ee0228513d024a4e287e9f1aa3957152332b1483ab0af67cb42,0.10098453611135483
direct_neighbor_ridge,0,0,0,0,0,0,False,2,"[""NAD"", ""arginine""]",[],0,0,4,2,3,adenine,0,3,100.0,702,174,13,5,5.939394801851851,0.3634544913962929,False,9492e163b6ef19b0563b1ce8302b8e8794e2e4c9c8031c62ff9774a3f63f6f58,0.10556411906145513
direct_neighbor_ridge,0,0,0,0,0,0,False,2,"[""NAD"", ""arginine""]",[],0,0,4,2,3,adenine,0,4,100.0,700,176,17,1,5.922040124714285,0.3757034409504105,False,cf9883e99ee1b956d01c2cb42a4d284b982ce23065d3616a5e1cced359e41fb5,0.10643409006297588
direct_neighbor_ridge,0,0,0,0,0,0,False,2,"[""NAD"", ""arginine""]",[],0,0,4,2,3,adenine,1,0,0.1,705,171,13,5,5.9312896307801415,0.3566075982980052,False,32d2e2f547f707a9f12d899e65a934275c9f49020e10d214973126d05910ec9c,0.09533097012899816
direct_neighbor_ridge,0,0,0,0,0,0,False,2,"[""NAD"", ""arginine""]",[],0,0,4,2,3,adenine,1,1,100.0,700,176,17,1,5.922040124714285,0.3757034409504105,False,cf9883e99ee1b956d01c2cb42a4d284b982ce23065d3616a5e1cced359e41fb5,0.10035118903033435
direct_neighbor_ridge,0,0,0,0,0,0,False,2,"[""NAD"", ""arginine""]",[],0,0,4,2,3,adenine,1,2,100.0,697,179,16,2,5.874204923529412,0.34214960869733474,False,db1ab3680dcfc2deb10e2511ec28b70b27966d5a436d724be48267bcbf200acf,0.07108878088183701
direct_neighbor_ridge,0,0,0,0,0,0,False,2,"[""NAD"", ""arginine""]",[],0,0,4,2,3,adenine,1,3,10.0,700,176,13,5,5.925568285714287,0.3546125934251921,False,659dce4f66bf4ee0228513d024a4e287e9f1aa3957152332b1483ab0af67cb42,0.06552549405023456
direct_neighbor_ridge,0,0,0,0,0,0,False,2,"[""NAD"", ""arginine""]",[],0,0,4,2,3,adenine,1,4,100.0,702,174,13,5,5.939394801851851,0.3634544913962929,False,9492e163b6ef19b0563b1ce8302b8e8794e2e4c9c8031c62ff9774a3f63f6f58,0.08815596299245954
direct_neighbor_ridge,0,0,0,0,0,0,False,4,"[""NAD"", ""UMP"", ""glutamine"", ""urate""]",[],0,0,8,4,5,adenosine,0,0,100.0,697,179,16,2,5.889763096987087,0.5899105462602858,False,db1ab3680dcfc2deb10e2511ec28b70b27966d5a436d724be48267bcbf200acf,0.08614783803932369
direct_neighbor_ridge,0,0,0,0,0,0,False,4,"[""NAD"", ""UMP"", ""glutamine"", ""urate""]",[],0,0,8,4,5,adenosine,0,1,100.0,705,171,13,5,5.826710083829787,0.5566391017151358,False,32d2e2f547f707a9f12d899e65a934275c9f49020e10d214973126d05910ec9c,0.07982648001052439
direct_neighbor_ridge,0,0,0,0,0,0,False,4,"[""NAD"", ""UMP"", ""glutamine"", ""urate""]",[],0,0,8,4,5,adenosine,0,2,100.0,700,176,13,5,5.880261045142857,0.564616432252999,False,659dce4f66bf4ee0228513d024a4e287e9f1aa3957152332b1483ab0af67cb42,0.0666020680218935
direct_neighbor_ridge,0,0,0,0,0,0,False,4,"[""NAD"", ""UMP"", ""glutamine"", ""urate""]",[],0,0,8,4,5,adenosine,0,3,100.0,702,174,13,5,5.8464648170940166,0.5743075987654248,False,9492e163b6ef19b0563b1ce8302b8e8794e2e4c9c8031c62ff9774a3f63f6f58,0.09477395191788673
direct_neighbor_ridge,0,0,0,0,0,0,False,4,"[""NAD"", ""UMP"", ""glutamine"", ""urate""]",[],0,0,8,4,5,adenosine,0,4,100.0,700,176,17,1,5.822932310714286,0.5820115277556642,False,cf9883e99ee1b956d01c2cb42a4d284b982ce23065d3616a5e1cced359e41fb5,0.08387865009717643
direct_neighbor_ridge,0,0,0,0,0,0,False,4,"[""NAD"", ""UMP"", ""glutamine"", ""urate""]",[],0,0,8,4,5,adenosine,1,0,100.0,705,171,13,5,5.826710083829787,0.5566391017151358,False,32d2e2f547f707a9f12d899e65a934275c9f49020e10d214973126d05910ec9c,0.08147975499741733
direct_neighbor_ridge,0,0,0,0,0,0,False,4,"[""NAD"", ""UMP"", ""glutamine"", ""urate""]",[],0,0,8,4,5,adenosine,1,1,100.0,700,176,17,1,5.822932310714286,0.5820115277556642,False,cf9883e99ee1b956d01c2cb42a4d284b982ce23065d3616a5e1cced359e41fb5,0.10170832998119295
direct_neighbor_ridge,0,0,0,0,0,0,False,4,"[""NAD"", ""UMP"", ""glutamine"", ""urate""]",[],0,0,8,4,5,adenosine,1,2,10.0,697,179,16,2,5.889763096987087,0.5899105462602858,False,db1ab3680dcfc2deb10e2511ec28b70b27966d5a436d724be48267bcbf200acf,0.1652878220193088
direct_neighbor_ridge,0,0,0,0,0,0,False,4,"[""NAD"", ""UMP"", ""glutamine"", ""urate""]",[],0,0,8,4,5,adenosine,1,3,100.0,700,176,13,5,5.880261045142857,0.564616432252999,False,659dce4f66bf4ee0228513d024a4e287e9f1aa3957152332b1483ab0af67cb42,0.07985337683930993
direct_neighbor_ridge,0,0,0,0,0,0,False,4,"[""NAD"", ""UMP"", ""glutamine"", ""urate""]",[],0,0,8,4,5,adenosine,1,4,100.0,702,174,13,5,5.8464648170940166,0.5743075987654248,False,9492e163b6ef19b0563b1ce8302b8e8794e2e4c9c8031c62ff9774a3f63f6f58,0.10766137694008648
direct_neighbor_ridge,0,0,0,0,0,0,False,5,"[""NAD"", ""beta-alanine"", ""methionine"", ""urate"", ""uridine""]",[],0,0,10,5,6,alanine,0,0,10.0,697,179,16,2,5.909789567575323,0.3726797820270718,False,db1ab3680dcfc2deb10e2511ec28b70b27966d5a436d724be48267bcbf200acf,0.0785648669116199
direct_neighbor_ridge,0,0,0,0,0,0,False,5,"[""NAD"", ""beta-alanine"", ""methionine"", ""urate"", ""uridine""]",[],0,0,10,5,6,alanine,0,1,100.0,705,171,13,5,5.858488998156029,0.3904771460922022,False,32d2e2f547f707a9f12d899e65a934275c9f49020e10d214973126d05910ec9c,0.0977658738847822
direct_neighbor_ridge,0,0,0,0,0,0,False,5,"[""NAD"", ""beta-alanine"", ""methionine"", ""urate"", ""uridine""]",[],0,0,10,5,6,alanine,0,2,10.0,700,176,13,5,5.822541076857142,0.38433692877401887,False,659dce4f66bf4ee0228513d024a4e287e9f1aa3957152332b1483ab0af67cb42,0.058123072143644094
direct_neighbor_ridge,0,0,0,0,0,0,False,5,"[""NAD"", ""beta-alanine"", ""methionine"", ""urate"", ""uridine""]",[],0,0,10,5,6,alanine,0,3,10.0,702,174,13,5,5.857928736894587,0.3876645862607939,False,9492e163b6ef19b0563b1ce8302b8e8794e2e4c9c8031c62ff9774a3f63f6f58,0.058720154920592904
direct_neighbor_ridge,0,0,0,0,0,0,False,5,"[""NAD"", ""beta-alanine"", ""methionine"", ""urate"", ""uridine""]",[],0,0,10,5,6,alanine,0,4,100.0,700,176,17,1,5.8615306351428575,0.38301923456583287,False,cf9883e99ee1b956d01c2cb42a4d284b982ce23065d3616a5e1cced359e41fb5,0.07570752408355474
direct_neighbor_ridge,0,0,0,0,0,0,False,5,"[""NAD"", ""beta-alanine"", ""methionine"", ""urate"", ""uridine""]",[],0,0,10,5,6,alanine,1,0,100.0,705,171,13,5,5.858488998156029,0.3904771460922022,False,32d2e2f547f707a9f12d899e65a934275c9f49020e10d214973126d05910ec9c,0.07968391012400389
direct_neighbor_ridge,0,0,0,0,0,0,False,5,"[""NAD"", ""beta-alanine"", ""methionine"", ""urate"", ""uridine""]",[],0,0,10,5,6,alanine,1,1,100.0,700,176,17,1,5.8615306351428575,0.38301923456583287,False,cf9883e99ee1b956d01c2cb42a4d284b982ce23065d3616a5e1cced359e41fb5,0.08027051808312535
direct_neighbor_ridge,0,0,0,0,0,0,False,5,"[""NAD"", ""beta-alanine"", ""methionine"", ""urate"", ""uridine""]",[],0,0,10,5,6,alanine,1,2,10.0,697,179,16,2,5.909789567575323,0.3726797820270718,False,db1ab3680dcfc2deb10e2511ec28b70b27966d5a436d724be48267bcbf200acf,0.06554517103359103
direct_neighbor_ridge,0,0,0,0,0,0,False,5,"[""NAD"", ""beta-alanine"", ""methionine"", ""urate"", ""uridine""]",[],0,0,10,5,6,alanine,1,3,10.0,700,176,13,5,5.822541076857142,0.38433692877401887,False,659dce4f66bf4ee0228513d024a4e287e9f1aa3957152332b1483ab0af67cb42,0.08377618412487209
direct_neighbor_ridge,0,0,0,0,0,0,False,5,"[""NAD"", ""beta-alanine"", ""methionine"", ""urate"", ""uridine""]",[],0,0,10,5,6,alanine,1,4,100.0,702,174,13,5,5.857928736894587,0.3876645862607939,False,9492e163b6ef19b0563b1ce8302b8e8794e2e4c9c8031c62ff9774a3f63f6f58,0.07459519780240953
direct_neighbor_ridge,0,0,0,0,0,0,False,4,"[""NAD"", ""alanine"", ""beta-alanine"", ""betaine""]",[],0,0,8,4,5,arginine,0,0,100.0,697,179,16,2,5.863509545050215,0.2892319453010906,False,db1ab3680dcfc2deb10e2511ec28b70b27966d5a436d724be48267bcbf200acf,0.06093210889957845
direct_neighbor_ridge,0,0,0,0,0,0,False,4,"[""NAD"", ""alanine"", ""beta-alanine"", ""betaine""]",[],0,0,8,4,5,arginine,0,1,100.0,705,171,13,5,5.815171706666666,0.31845379830911313,False,32d2e2f547f707a9f12d899e65a934275c9f49020e10d214973126d05910ec9c,0.06970882508903742
direct_neighbor_ridge,0,0,0,0,0,0,False,4,"[""NAD"", ""alanine"", ""beta-alanine"", ""betaine""]",[],0,0,8,4,5,arginine,0,2,10.0,700,176,13,5,5.805769005428571,0.30185736890451725,False,659dce4f66bf4ee0228513d024a4e287e9f1aa3957152332b1483ab0af67cb42,0.16336269001476467
direct_neighbor_ridge,0,0,0,0,0,0,False,4,"[""NAD"", ""alanine"", ""beta-alanine"", ""betaine""]",[],0,0,8,4,5,arginine,0,3,100.0,702,174,13,5,5.817618240883191,0.30757781466220807,False,9492e163b6ef19b0563b1ce8302b8e8794e2e4c9c8031c62ff9774a3f63f6f58,0.16944057494401932
direct_neighbor_ridge,0,0,0,0,0,0,False,4,"[""NAD"", ""alanine"", ""beta-alanine"", ""betaine""]",[],0,0,8,4,5,arginine,0,4,100.0,700,176,17,1,5.814149637428571,0.29315784153849683,False,cf9883e99ee1b956d01c2cb42a4d284b982ce23065d3616a5e1cced359e41fb5,0.14858645107597113
direct_neighbor_ridge,0,0,0,0,0,0,False,4,"[""NAD"", ""alanine"", ""beta-alanine"", ""betaine""]",[],0,0,8,4,5,arginine,1,0,100.0,705,171,13,5,5.815171706666666,0.31845379830911313,False,32d2e2f547f707a9f12d899e65a934275c9f49020e10d214973126d05910ec9c,0.13136956910602748
direct_neighbor_ridge,0,0,0,0,0,0,False,4,"[""NAD"", ""alanine"", ""beta-alanine"", ""betaine""]",[],0,0,8,4,5,arginine,1,1,100.0,700,176,17,1,5.814149637428571,0.29315784153849683,False,cf9883e99ee1b956d01c2cb42a4d284b982ce23065d3616a5e1cced359e41fb5,0.14533259393647313
direct_neighbor_ridge,0,0,0,0,0,0,False,4,"[""NAD"", ""alanine"", ""beta-alanine"", ""betaine""]",[],0,0,8,4,5,arginine,1,2,100.0,697,179,16,2,5.863509545050215,0.2892319453010906,False,db1ab3680dcfc2deb10e2511ec28b70b27966d5a436d724be48267bcbf200acf,0.0718896531034261
direct_neighbor_ridge,0,0,0,0,0,0,False,4,"[""NAD"", ""alanine"", ""beta-alanine"", ""betaine""]",[],0,0,8,4,5,arginine,1,3,0.1,700,176,13,5,5.805769005428571,0.30185736890451725,False,659dce4f66bf4ee0228513d024a4e287e9f1aa3957152332b1483ab0af67cb42,0.07603833801113069
direct_neighbor_ridge,0,0,0,0,0,0,False,4,"[""NAD"", ""alanine"", ""beta-alanine"", ""betaine""]",[],0,0,8,4,5,arginine,1,4,100.0,702,174,13,5,5.817618240883191,0.30757781466220807,False,9492e163b6ef19b0563b1ce8302b8e8794e2e4c9c8031c62ff9774a3f63f6f58,0.11745835305191576
direct_neighbor_ridge,0,0,0,0,0,0,False,1,"[""betaine""]",[],0,0,2,1,2,asparagine,0,0,100.0,697,179,16,2,5.770933249067432,0.5547028758197723,False,db1ab3680dcfc2deb10e2511ec28b70b27966d5a436d724be48267bcbf200acf,0.060026444029062986
direct_neighbor_ridge,0,0,0,0,0,0,False,1,"[""betaine""]",[],0,0,2,1,2,asparagine,0,1,100.0,705,171,13,5,5.822742776737589,0.5073316430090837,False,32d2e2f547f707a9f12d899e65a934275c9f49020e10d214973126d05910ec9c,0.06641771807335317
direct_neighbor_ridge,0,0,0,0,0,0,False,1,"[""betaine""]",[],0,0,2,1,2,asparagine,0,2,100.0,700,176,13,5,5.760654128285714,0.5062160501130749,False,659dce4f66bf4ee0228513d024a4e287e9f1aa3957152332b1483ab0af67cb42,0.07185292802751064
direct_neighbor_ridge,0,0,0,0,0,0,False,1,"[""betaine""]",[],0,0,2,1,2,asparagine,0,3,100.0,702,174,13,5,5.834951135327635,0.4986691932677111,False,9492e163b6ef19b0563b1ce8302b8e8794e2e4c9c8031c62ff9774a3f63f6f58,0.08063154015690088
direct_neighbor_ridge,0,0,0,0,0,0,False,1,"[""betaine""]",[],0,0,2,1,2,asparagine,0,4,100.0,700,176,17,1,5.7793045951428565,0.5296973350103227,False,cf9883e99ee1b956d01c2cb42a4d284b982ce23065d3616a5e1cced359e41fb5,0.056010578060522676
direct_neighbor_ridge,0,0,0,0,0,0,False,1,"[""betaine""]",[],0,0,2,1,2,asparagine,1,0,100.0,705,171,13,5,5.822742776737589,0.5073316430090837,False,32d2e2f547f707a9f12d899e65a934275c9f49020e10d214973126d05910ec9c,0.07028463296592236
direct_neighbor_ridge,0,0,0,0,0,0,False,1,"[""betaine""]",[],0,0,2,1,2,asparagine,1,1,100.0,700,176,17,1,5.7793045951428565,0.5296973350103227,False,cf9883e99ee1b956d01c2cb42a4d284b982ce23065d3616a5e1cced359e41fb5,0.05754796392284334
direct_neighbor_ridge,0,0,0,0,0,0,False,1,"[""betaine""]",[],0,0,2,1,2,asparagine,1,2,100.0,697,179,16,2,5.770933249067432,0.5547028758197723,False,db1ab3680dcfc2deb10e2511ec28b70b27966d5a436d724be48267bcbf200acf,0.05700491787865758
direct_neighbor_ridge,0,0,0,0,0,0,False,1,"[""betaine""]",[],0,0,2,1,2,asparagine,1,3,100.0,700,176,13,5,5.760654128285714,0.5062160501130749,False,659dce4f66bf4ee0228513d024a4e287e9f1aa3957152332b1483ab0af67cb42,0.08765314216725528
direct_neighbor_ridge,0,0,0,0,0,0,False,1,"[""betaine""]",[],0,0,2,1,2,asparagine,1,4,100.0,702,174,13,5,5.834951135327635,0.4986691932677111,False,9492e163b6ef19b0563b1ce8302b8e8794e2e4c9c8031c62ff9774a3f63f6f58,0.06329975416883826
direct_neighbor_ridge,0,0,0,0,0,0,False,5,"[""NAD"", ""NADP"", ""betaine"", ""glycine"", ""isoleucine""]",[],0,0,10,5,6,aspartate,0,0,10.0,697,179,16,2,5.880295525824964,0.31459989253788373,False,db1ab3680dcfc2deb10e2511ec28b70b27966d5a436d724be48267bcbf200acf,0.12021599803119898
direct_neighbor_ridge,0,0,0,0,0,0,False,5,"[""NAD"", ""NADP"", ""betaine"", ""glycine"", ""isoleucine""]",[],0,0,10,5,6,aspartate,0,1,100.0,705,171,13,5,5.874632417021277,0.31483712856725005,False,32d2e2f547f707a9f12d899e65a934275c9f49020e10d214973126d05910ec9c,0.10225164401344955
direct_neighbor_ridge,0,0,0,0,0,0,False,5,"[""NAD"", ""NADP"", ""betaine"", ""glycine"", ""isoleucine""]",[],0,0,10,5,6,aspartate,0,2,100.0,700,176,13,5,5.847491705857142,0.3070662955662841,False,659dce4f66bf4ee0228513d024a4e287e9f1aa3957152332b1483ab0af67cb42,0.1397231889422983
direct_neighbor_ridge,0,0,0,0,0,0,False,5,"[""NAD"", ""NADP"", ""betaine"", ""glycine"", ""isoleucine""]",[],0,0,10,5,6,aspartate,0,3,100.0,702,174,13,5,5.891541375356125,0.30470940794430695,False,9492e163b6ef19b0563b1ce8302b8e8794e2e4c9c8031c62ff9774a3f63f6f58,0.14073281502351165
direct_neighbor_ridge,0,0,0,0,0,0,False,5,"[""NAD"", ""NADP"", ""betaine"", ""glycine"", ""isoleucine""]",[],0,0,10,5,6,aspartate,0,4,100.0,700,176,17,1,5.858449629857143,0.3205310760569602,False,cf9883e99ee1b956d01c2cb42a4d284b982ce23065d3616a5e1cced359e41fb5,0.1647278619930148
direct_neighbor_ridge,0,0,0,0,0,0,False,5,"[""NAD"", ""NADP"", ""betaine"", ""glycine"", ""isoleucine""]",[],0,0,10,5,6,aspartate,1,0,100.0,705,171,13,5,5.874632417021277,0.31483712856725005,False,32d2e2f547f707a9f12d899e65a934275c9f49020e10d214973126d05910ec9c,0.1122376851271838
direct_neighbor_ridge,0,0,0,0,0,0,False,5,"[""NAD"", ""NADP"", ""betaine"", ""glycine"", ""isoleucine""]",[],0,0,10,5,6,aspartate,1,1,100.0,700,176,17,1,5.858449629857143,0.3205310760569602,False,cf9883e99ee1b956d01c2cb42a4d284b982ce23065d3616a5e1cced359e41fb5,0.06573899183422327
direct_neighbor_ridge,0,0,0,0,0,0,False,5,"[""NAD"", ""NADP"", ""betaine"", ""glycine"", ""isoleucine""]",[],0,0,10,5,6,aspartate,1,2,10.0,697,179,16,2,5.880295525824964,0.31459989253788373,False,db1ab3680dcfc2deb10e2511ec28b70b27966d5a436d724be48267bcbf200acf,0.12013038503937423
direct_neighbor_ridge,0,0,0,0,0,0,False,5,"[""NAD"", ""NADP"", ""betaine"", ""glycine"", ""isoleucine""]",[],0,0,10,5,6,aspartate,1,3,100.0,700,176,13,5,5.847491705857142,0.3070662955662841,False,659dce4f66bf4ee0228513d024a4e287e9f1aa3957152332b1483ab0af67cb42,0.09378171199932694
direct_neighbor_ridge,0,0,0,0,0,0,False,5,"[""NAD"", ""NADP"", ""betaine"", ""glycine"", ""isoleucine""]",[],0,0,10,5,6,aspartate,1,4,100.0,702,174,13,5,5.891541375356125,0.30470940794430695,False,9492e163b6ef19b0563b1ce8302b8e8794e2e4c9c8031c62ff9774a3f63f6f58,0.07248476380482316
direct_neighbor_ridge,0,0,0,0,0,0,False,7,"[""GMP"", ""alanine"", ""choline"", ""glycine"", ""homocysteine"", ""ornithine"", ""thymine""]",[],0,0,14,7,8,beta-alanine,0,0,0.1,697,179,16,2,5.89606564619799,0.38552157905093615,False,db1ab3680dcfc2deb10e2511ec28b70b27966d5a436d724be48267bcbf200acf,0.06675038696266711
direct_neighbor_ridge,0,0,0,0,0,0,False,7,"[""GMP"", ""alanine"", ""choline"", ""glycine"", ""homocysteine"", ""ornithine"", ""thymine""]",[],0,0,14,7,8,beta-alanine,0,1,0.1,705,171,13,5,5.88588785106383,0.37906560080676954,False,32d2e2f547f707a9f12d899e65a934275c9f49020e10d214973126d05910ec9c,0.08325924421660602
direct_neighbor_ridge,0,0,0,0,0,0,False,7,"[""GMP"", ""alanine"", ""choline"", ""glycine"", ""homocysteine"", ""ornithine"", ""thymine""]",[],0,0,14,7,8,beta-alanine,0,2,0.1,700,176,13,5,5.858867382571429,0.37488335636279413,False,659dce4f66bf4ee0228513d024a4e287e9f1aa3957152332b1483ab0af67cb42,0.09570458205416799
direct_neighbor_ridge,0,0,0,0,0,0,False,7,"[""GMP"", ""alanine"", ""choline"", ""glycine"", ""homocysteine"", ""ornithine"", ""thymine""]",[],0,0,14,7,8,beta-alanine,0,3,10.0,702,174,13,5,5.889754005413106,0.3645264448798111,False,9492e163b6ef19b0563b1ce8302b8e8794e2e4c9c8031c62ff9774a3f63f6f58,0.12405380979180336
direct_neighbor_ridge,0,0,0,0,0,0,False,7,"[""GMP"", ""alanine"", ""choline"", ""glycine"", ""homocysteine"", ""ornithine"", ""thymine""]",[],0,0,14,7,8,beta-alanine,0,4,10.0,700,176,17,1,5.876934778285714,0.37122422318563114,False,cf9883e99ee1b956d01c2cb42a4d284b982ce23065d3616a5e1cced359e41fb5,0.07430905499495566
direct_neighbor_ridge,0,0,0,0,0,0,False,7,"[""GMP"", ""alanine"", ""choline"", ""glycine"", ""homocysteine"", ""ornithine"", ""thymine""]",[],0,0,14,7,8,beta-alanine,1,0,0.1,705,171,13,5,5.88588785106383,0.37906560080676954,False,32d2e2f547f707a9f12d899e65a934275c9f49020e10d214973126d05910ec9c,0.08577825804241002
direct_neighbor_ridge,0,0,0,0,0,0,False,7,"[""GMP"", ""alanine"", ""choline"", ""glycine"", ""homocysteine"", ""ornithine"", ""thymine""]",[],0,0,14,7,8,beta-alanine,1,1,10.0,700,176,17,1,5.876934778285714,0.37122422318563114,False,cf9883e99ee1b956d01c2cb42a4d284b982ce23065d3616a5e1cced359e41fb5,0.09748973697423935
direct_neighbor_ridge,0,0,0,0,0,0,False,7,"[""GMP"", ""alanine"", ""choline"", ""glycine"", ""homocysteine"", ""ornithine"", ""thymine""]",[],0,0,14,7,8,beta-alanine,1,2,0.1,697,179,16,2,5.89606564619799,0.38552157905093615,False,db1ab3680dcfc2deb10e2511ec28b70b27966d5a436d724be48267bcbf200acf,0.06717826798558235
direct_neighbor_ridge,0,0,0,0,0,0,False,7,"[""GMP"", ""alanine"", ""choline"", ""glycine"", ""homocysteine"", ""ornithine"", ""thymine""]",[],0,0,14,7,8,beta-alanine,1,3,0.1,700,176,13,5,5.858867382571429,0.37488335636279413,False,659dce4f66bf4ee0228513d024a4e287e9f1aa3957152332b1483ab0af67cb42,0.08107910910621285
direct_neighbor_ridge,0,0,0,0,0,0,False,7,"[""GMP"", ""alanine"", ""choline"", ""glycine"", ""homocysteine"", ""ornithine"", ""thymine""]",[],0,0,14,7,8,beta-alanine,1,4,10.0,702,174,13,5,5.889754005413106,0.3645264448798111,False,9492e163b6ef19b0563b1ce8302b8e8794e2e4c9c8031c62ff9774a3f63f6f58,0.09822698310017586
direct_neighbor_ridge,0,0,0,0,0,0,False,5,"[""AMP"", ""CMP"", ""adenosine"", ""citrulline"", ""glutamate""]",[],0,0,10,5,6,betaine,0,0,10.0,697,179,16,2,5.8714377137733145,0.18159899344090086,False,db1ab3680dcfc2deb10e2511ec28b70b27966d5a436d724be48267bcbf200acf,0.08117897203192115
direct_neighbor_ridge,0,0,0,0,0,0,False,5,"[""AMP"", ""CMP"", ""adenosine"", ""citrulline"", ""glutamate""]",[],0,0,10,5,6,betaine,0,1,100.0,705,171,13,5,5.844790105815603,0.2090158756680175,False,32d2e2f547f707a9f12d899e65a934275c9f49020e10d214973126d05910ec9c,0.08830676903016865
direct_neighbor_ridge,0,0,0,0,0,0,False,5,"[""AMP"", ""CMP"", ""adenosine"", ""citrulline"", ""glutamate""]",[],0,0,10,5,6,betaine,0,2,10.0,700,176,13,5,5.823641747,0.19709735634486064,False,659dce4f66bf4ee0228513d024a4e287e9f1aa3957152332b1483ab0af67cb42,0.06352746719494462
direct_neighbor_ridge,0,0,0,0,0,0,False,5,"[""AMP"", ""CMP"", ""adenosine"", ""citrulline"", ""glutamate""]",[],0,0,10,5,6,betaine,0,3,100.0,702,174,13,5,5.841853994301995,0.20015594660079908,False,9492e163b6ef19b0563b1ce8302b8e8794e2e4c9c8031c62ff9774a3f63f6f58,0.06063627218827605
direct_neighbor_ridge,0,0,0,0,0,0,False,5,"[""AMP"", ""CMP"", ""adenosine"", ""citrulline"", ""glutamate""]",[],0,0,10,5,6,betaine,0,4,100.0,700,176,17,1,5.841625063428572,0.19284290121241865,False,cf9883e99ee1b956d01c2cb42a4d284b982ce23065d3616a5e1cced359e41fb5,0.08370795589871705
direct_neighbor_ridge,0,0,0,0,0,0,False,5,"[""AMP"", ""CMP"", ""adenosine"", ""citrulline"", ""glutamate""]",[],0,0,10,5,6,betaine,1,0,100.0,705,171,13,5,5.844790105815603,0.2090158756680175,False,32d2e2f547f707a9f12d899e65a934275c9f49020e10d214973126d05910ec9c,0.06256061606109142
direct_neighbor_ridge,0,0,0,0,0,0,False,5,"[""AMP"", ""CMP"", ""adenosine"", ""citrulline"", ""glutamate""]",[],0,0,10,5,6,betaine,1,1,10.0,700,176,17,1,5.841625063428572,0.19284290121241865,False,cf9883e99ee1b956d01c2cb42a4d284b982ce23065d3616a5e1cced359e41fb5,0.056424622191116214
direct_neighbor_ridge,0,0,0,0,0,0,False,5,"[""AMP"", ""CMP"", ""adenosine"", ""citrulline"", ""glutamate""]",[],0,0,10,5,6,betaine,1,2,10.0,697,179,16,2,5.8714377137733145,0.18159899344090086,False,db1ab3680dcfc2deb10e2511ec28b70b27966d5a436d724be48267bcbf200acf,0.06499993405304849
direct_neighbor_ridge,0,0,0,0,0,0,False,5,"[""AMP"", ""CMP"", ""adenosine"", ""citrulline"", ""glutamate""]",[],0,0,10,5,6,betaine,1,3,10.0,700,176,13,5,5.823641747,0.19709735634486064,False,659dce4f66bf4ee0228513d024a4e287e9f1aa3957152332b1483ab0af67cb42,0.05654373089782894
direct_neighbor_ridge,0,0,0,0,0,0,False,5,"[""AMP"", ""CMP"", ""adenosine"", ""citrulline"", ""glutamate""]",[],0,0,10,5,6,betaine,1,4,100.0,702,174,13,5,5.841853994301995,0.20015594660079908,False,9492e163b6ef19b0563b1ce8302b8e8794e2e4c9c8031c62ff9774a3f63f6f58,0.05564736691303551
direct_neighbor_ridge,0,0,0,0,0,0,False,1,"[""glutamate""]",[],0,0,2,1,2,cAMP,0,0,100.0,697,179,16,2,5.950858155093256,0.2858460941092765,False,db1ab3680dcfc2deb10e2511ec28b70b27966d5a436d724be48267bcbf200acf,0.05241440003737807
direct_neighbor_ridge,0,0,0,0,0,0,False,1,"[""glutamate""]",[],0,0,2,1,2,cAMP,0,1,0.1,705,171,13,5,5.9900215581560285,0.2949595974021159,False,32d2e2f547f707a9f12d899e65a934275c9f49020e10d214973126d05910ec9c,0.0539660919457674
direct_neighbor_ridge,0,0,0,0,0,0,False,1,"[""glutamate""]",[],0,0,2,1,2,cAMP,0,2,100.0,700,176,13,5,5.979318919714286,0.3061051247886878,False,659dce4f66bf4ee0228513d024a4e287e9f1aa3957152332b1483ab0af67cb42,0.05129034700803459
direct_neighbor_ridge,0,0,0,0,0,0,False,1,"[""glutamate""]",[],0,0,2,1,2,cAMP,0,3,100.0,702,174,13,5,5.992108657692308,0.3013222098747822,False,9492e163b6ef19b0563b1ce8302b8e8794e2e4c9c8031c62ff9774a3f63f6f58,0.054719032952561975
direct_neighbor_ridge,0,0,0,0,0,0,False,1,"[""glutamate""]",[],0,0,2,1,2,cAMP,0,4,100.0,700,176,17,1,6.001160348428571,0.2957637599772958,False,cf9883e99ee1b956d01c2cb42a4d284b982ce23065d3616a5e1cced359e41fb5,0.054451257921755314
direct_neighbor_ridge,0,0,0,0,0,0,False,1,"[""glutamate""]",[],0,0,2,1,2,cAMP,1,0,0.1,705,171,13,5,5.9900215581560285,0.2949595974021159,False,32d2e2f547f707a9f12d899e65a934275c9f49020e10d214973126d05910ec9c,0.05461203586310148
direct_neighbor_ridge,0,0,0,0,0,0,False,1,"[""glutamate""]",[],0,0,2,1,2,cAMP,1,1,0.1,700,176,17,1,6.001160348428571,0.2957637599772958,False,cf9883e99ee1b956d01c2cb42a4d284b982ce23065d3616a5e1cced359e41fb5,0.06809501606039703
direct_neighbor_ridge,0,0,0,0,0,0,False,1,"[""glutamate""]",[],0,0,2,1,2,cAMP,1,2,10.0,697,179,16,2,5.950858155093256,0.2858460941092765,False,db1ab3680dcfc2deb10e2511ec28b70b27966d5a436d724be48267bcbf200acf,0.05045495997183025
direct_neighbor_ridge,0,0,0,0,0,0,False,1,"[""glutamate""]",[],0,0,2,1,2,cAMP,1,3,0.1,700,176,13,5,5.979318919714286,0.3061051247886878,False,659dce4f66bf4ee0228513d024a4e287e9f1aa3957152332b1483ab0af67cb42,0.08728723204694688
direct_neighbor_ridge,0,0,0,0,0,0,False,1,"[""glutamate""]",[],0,0,2,1,2,cAMP,1,4,100.0,702,174,13,5,5.992108657692308,0.3013222098747822,False,9492e163b6ef19b0563b1ce8302b8e8794e2e4c9c8031c62ff9774a3f63f6f58,0.05398835218511522
direct_neighbor_ridge,0,0,0,0,0,0,False,3,"[""NAD"", ""glycine"", ""proline""]",[],0,0,6,3,4,carnosine,0,0,100.0,697,179,16,2,5.848187210903874,0.3346815694032456,False,db1ab3680dcfc2deb10e2511ec28b70b27966d5a436d724be48267bcbf200acf,0.05656365305185318
direct_neighbor_ridge,0,0,0,0,0,0,False,3,"[""NAD"", ""glycine"", ""proline""]",[],0,0,6,3,4,carnosine,0,1,100.0,705,171,13,5,5.717911871205674,0.4169635505808757,False,32d2e2f547f707a9f12d899e65a934275c9f49020e10d214973126d05910ec9c,0.06900945515371859
direct_neighbor_ridge,0,0,0,0,0,0,False,3,"[""NAD"", ""glycine"", ""proline""]",[],0,0,6,3,4,carnosine,0,2,100.0,700,176,13,5,5.728871635,0.406759957033559,False,659dce4f66bf4ee0228513d024a4e287e9f1aa3957152332b1483ab0af67cb42,0.08603932987898588
direct_neighbor_ridge,0,0,0,0,0,0,False,3,"[""NAD"", ""glycine"", ""proline""]",[],0,0,6,3,4,carnosine,0,3,100.0,702,174,13,5,5.720513488319089,0.41215713156509043,False,9492e163b6ef19b0563b1ce8302b8e8794e2e4c9c8031c62ff9774a3f63f6f58,0.092377251945436
direct_neighbor_ridge,0,0,0,0,0,0,False,3,"[""NAD"", ""glycine"", ""proline""]",[],0,0,6,3,4,carnosine,0,4,100.0,700,176,17,1,5.747184804428572,0.40402742531557306,False,cf9883e99ee1b956d01c2cb42a4d284b982ce23065d3616a5e1cced359e41fb5,0.11842124001123011
direct_neighbor_ridge,0,0,0,0,0,0,False,3,"[""NAD"", ""glycine"", ""proline""]",[],0,0,6,3,4,carnosine,1,0,100.0,705,171,13,5,5.717911871205674,0.4169635505808757,False,32d2e2f547f707a9f12d899e65a934275c9f49020e10d214973126d05910ec9c,0.06720362207852304
direct_neighbor_ridge,0,0,0,0,0,0,False,3,"[""NAD"", ""glycine"", ""proline""]",[],0,0,6,3,4,carnosine,1,1,100.0,700,176,17,1,5.747184804428572,0.40402742531557306,False,cf9883e99ee1b956d01c2cb42a4d284b982ce23065d3616a5e1cced359e41fb5,0.08934072381816804
direct_neighbor_ridge,0,0,0,0,0,0,False,3,"[""NAD"", ""glycine"", ""proline""]",[],0,0,6,3,4,carnosine,1,2,100.0,697,179,16,2,5.848187210903874,0.3346815694032456,False,db1ab3680dcfc2deb10e2511ec28b70b27966d5a436d724be48267bcbf200acf,0.07797927083447576
direct_neighbor_ridge,0,0,0,0,0,0,False,3,"[""NAD"", ""glycine"", ""proline""]",[],0,0,6,3,4,carnosine,1,3,100.0,700,176,13,5,5.728871635,0.406759957033559,False,659dce4f66bf4ee0228513d024a4e287e9f1aa3957152332b1483ab0af67cb42,0.07057888992130756
direct_neighbor_ridge,0,0,0,0,0,0,False,3,"[""NAD"", ""glycine"", ""proline""]",[],0,0,6,3,4,carnosine,1,4,100.0,702,174,13,5,5.720513488319089,0.41215713156509043,False,9492e163b6ef19b0563b1ce8302b8e8794e2e4c9c8031c62ff9774a3f63f6f58,0.09263105504214764
direct_neighbor_ridge,0,0,0,0,0,0,False,3,"[""glutamate"", ""thymidine"", ""xanthine""]",[],0,0,6,3,4,choline,0,0,10.0,697,179,16,2,5.8239385981348635,0.338166872104974,False,db1ab3680dcfc2deb10e2511ec28b70b27966d5a436d724be48267bcbf200acf,0.07362059387378395
direct_neighbor_ridge,0,0,0,0,0,0,False,3,"[""glutamate"", ""thymidine"", ""xanthine""]",[],0,0,6,3,4,choline,0,1,100.0,705,171,13,5,5.859232645531915,0.32003460065194833,False,32d2e2f547f707a9f12d899e65a934275c9f49020e10d214973126d05910ec9c,0.11996296513825655
direct_neighbor_ridge,0,0,0,0,0,0,False,3,"[""glutamate"", ""thymidine"", ""xanthine""]",[],0,0,6,3,4,choline,0,2,100.0,700,176,13,5,5.867582237714285,0.32489858486978823,False,659dce4f66bf4ee0228513d024a4e287e9f1aa3957152332b1483ab0af67cb42,0.0885242591612041
direct_neighbor_ridge,0,0,0,0,0,0,False,3,"[""glutamate"", ""thymidine"", ""xanthine""]",[],0,0,6,3,4,choline,0,3,100.0,702,174,13,5,5.8625390531339026,0.3226075591600372,False,9492e163b6ef19b0563b1ce8302b8e8794e2e4c9c8031c62ff9774a3f63f6f58,0.05853606201708317
direct_neighbor_ridge,0,0,0,0,0,0,False,3,"[""glutamate"", ""thymidine"", ""xanthine""]",[],0,0,6,3,4,choline,0,4,100.0,700,176,17,1,5.852284691285713,0.32270601790601433,False,cf9883e99ee1b956d01c2cb42a4d284b982ce23065d3616a5e1cced359e41fb5,0.05575308413244784
direct_neighbor_ridge,0,0,0,0,0,0,False,3,"[""glutamate"", ""thymidine"", ""xanthine""]",[],0,0,6,3,4,choline,1,0,100.0,705,171,13,5,5.859232645531915,0.32003460065194833,False,32d2e2f547f707a9f12d899e65a934275c9f49020e10d214973126d05910ec9c,0.06260071299038827
direct_neighbor_ridge,0,0,0,0,0,0,False,3,"[""glutamate"", ""thymidine"", ""xanthine""]",[],0,0,6,3,4,choline,1,1,100.0,700,176,17,1,5.852284691285713,0.32270601790601433,False,cf9883e99ee1b956d01c2cb42a4d284b982ce23065d3616a5e1cced359e41fb5,0.06503827217966318
direct_neighbor_ridge,0,0,0,0,0,0,False,3,"[""glutamate"", ""thymidine"", ""xanthine""]",[],0,0,6,3,4,choline,1,2,100.0,697,179,16,2,5.8239385981348635,0.338166872104974,False,db1ab3680dcfc2deb10e2511ec28b70b27966d5a436d724be48267bcbf200acf,0.06097752903588116
direct_neighbor_ridge,0,0,0,0,0,0,False,3,"[""glutamate"", ""thymidine"", ""xanthine""]",[],0,0,6,3,4,choline,1,3,100.0,700,176,13,5,5.867582237714285,0.32489858486978823,False,659dce4f66bf4ee0228513d024a4e287e9f1aa3957152332b1483ab0af67cb42,0.058649010956287384
direct_neighbor_ridge,0,0,0,0,0,0,False,3,"[""glutamate"", ""thymidine"", ""xanthine""]",[],0,0,6,3,4,choline,1,4,100.0,702,174,13,5,5.8625390531339026,0.3226075591600372,False,9492e163b6ef19b0563b1ce8302b8e8794e2e4c9c8031c62ff9774a3f63f6f58,0.0840261708945036
direct_neighbor_ridge,0,0,0,0,0,0,False,2,"[""adenosine"", ""inosine""]",[],0,0,4,2,3,citrate,0,0,0.1,697,179,16,2,5.856802146628407,0.28662588456419313,False,db1ab3680dcfc2deb10e2511ec28b70b27966d5a436d724be48267bcbf200acf,0.09331889287568629
direct_neighbor_ridge,0,0,0,0,0,0,False,2,"[""adenosine"", ""inosine""]",[],0,0,4,2,3,citrate,0,1,0.1,705,171,13,5,5.791562419007092,0.33160955849208257,False,32d2e2f547f707a9f12d899e65a934275c9f49020e10d214973126d05910ec9c,0.1252915950026363
direct_neighbor_ridge,0,0,0,0,0,0,False,2,"[""adenosine"", ""inosine""]",[],0,0,4,2,3,citrate,0,2,0.1,700,176,13,5,5.796659042428571,0.3209738076981834,False,659dce4f66bf4ee0228513d024a4e287e9f1aa3957152332b1483ab0af67cb42,0.11219245381653309
direct_neighbor_ridge,0,0,0,0,0,0,False,2,"[""adenosine"", ""inosine""]",[],0,0,4,2,3,citrate,0,3,0.1,702,174,13,5,5.816074590598291,0.3172362249439492,False,9492e163b6ef19b0563b1ce8302b8e8794e2e4c9c8031c62ff9774a3f63f6f58,0.11777187301777303
direct_neighbor_ridge,0,0,0,0,0,0,False,2,"[""adenosine"", ""inosine""]",[],0,0,4,2,3,citrate,0,4,0.1,700,176,17,1,5.8187439961428575,0.3243083616569265,False,cf9883e99ee1b956d01c2cb42a4d284b982ce23065d3616a5e1cced359e41fb5,0.06525352201424539
direct_neighbor_ridge,0,0,0,0,0,0,False,2,"[""adenosine"", ""inosine""]",[],0,0,4,2,3,citrate,1,0,0.1,705,171,13,5,5.791562419007092,0.33160955849208257,False,32d2e2f547f707a9f12d899e65a934275c9f49020e10d214973126d05910ec9c,0.05549299600534141
direct_neighbor_ridge,0,0,0,0,0,0,False,2,"[""adenosine"", ""inosine""]",[],0,0,4,2,3,citrate,1,1,0.1,700,176,17,1,5.8187439961428575,0.3243083616569265,False,cf9883e99ee1b956d01c2cb42a4d284b982ce23065d3616a5e1cced359e41fb5,0.06408917694352567
direct_neighbor_ridge,0,0,0,0,0,0,False,2,"[""adenosine"", ""inosine""]",[],0,0,4,2,3,citrate,1,2,0.1,697,179,16,2,5.856802146628407,0.28662588456419313,False,db1ab3680dcfc2deb10e2511ec28b70b27966d5a436d724be48267bcbf200acf,0.06702422397211194
direct_neighbor_ridge,0,0,0,0,0,0,False,2,"[""adenosine"", ""inosine""]",[],0,0,4,2,3,citrate,1,3,0.1,700,176,13,5,5.796659042428571,0.3209738076981834,False,659dce4f66bf4ee0228513d024a4e287e9f1aa3957152332b1483ab0af67cb42,0.08512241812422872
direct_neighbor_ridge,0,0,0,0,0,0,False,2,"[""adenosine"", ""inosine""]",[],0,0,4,2,3,citrate,1,4,0.1,702,174,13,5,5.816074590598291,0.3172362249439492,False,9492e163b6ef19b0563b1ce8302b8e8794e2e4c9c8031c62ff9774a3f63f6f58,0.0862925190012902
direct_neighbor_ridge,0,0,0,0,0,0,False,5,"[""NAD"", ""UMP"", ""betaine"", ""glutamate"", ""xanthine""]",[],0,0,10,5,6,citrulline,0,0,10.0,697,179,16,2,5.850244435150646,0.2837581540578788,False,db1ab3680dcfc2deb10e2511ec28b70b27966d5a436d724be48267bcbf200acf,0.06074605602771044
direct_neighbor_ridge,0,0,0,0,0,0,False,5,"[""NAD"", ""UMP"", ""betaine"", ""glutamate"", ""xanthine""]",[],0,0,10,5,6,citrulline,0,1,100.0,705,171,13,5,5.795729869078015,0.31706795344862154,False,32d2e2f547f707a9f12d899e65a934275c9f49020e10d214973126d05910ec9c,0.060889479937031865
direct_neighbor_ridge,0,0,0,0,0,0,False,5,"[""NAD"", ""UMP"", ""betaine"", ""glutamate"", ""xanthine""]",[],0,0,10,5,6,citrulline,0,2,100.0,700,176,13,5,5.808392116714286,0.30975075225231685,False,659dce4f66bf4ee0228513d024a4e287e9f1aa3957152332b1483ab0af67cb42,0.06386108906008303
direct_neighbor_ridge,0,0,0,0,0,0,False,5,"[""NAD"", ""UMP"", ""betaine"", ""glutamate"", ""xanthine""]",[],0,0,10,5,6,citrulline,0,3,100.0,702,174,13,5,5.80420118960114,0.30130689878614486,False,9492e163b6ef19b0563b1ce8302b8e8794e2e4c9c8031c62ff9774a3f63f6f58,0.08291099010966718
direct_neighbor_ridge,0,0,0,0,0,0,False,5,"[""NAD"", ""UMP"", ""betaine"", ""glutamate"", ""xanthine""]",[],0,0,10,5,6,citrulline,0,4,100.0,700,176,17,1,5.817242098,0.2998443205544627,False,cf9883e99ee1b956d01c2cb42a4d284b982ce23065d3616a5e1cced359e41fb5,0.06984045007266104
direct_neighbor_ridge,0,0,0,0,0,0,False,5,"[""NAD"", ""UMP"", ""betaine"", ""glutamate"", ""xanthine""]",[],0,0,10,5,6,citrulline,1,0,100.0,705,171,13,5,5.795729869078015,0.31706795344862154,False,32d2e2f547f707a9f12d899e65a934275c9f49020e10d214973126d05910ec9c,0.06488217110745609
direct_neighbor_ridge,0,0,0,0,0,0,False,5,"[""NAD"", ""UMP"", ""betaine"", ""glutamate"", ""xanthine""]",[],0,0,10,5,6,citrulline,1,1,100.0,700,176,17,1,5.817242098,0.2998443205544627,False,cf9883e99ee1b956d01c2cb42a4d284b982ce23065d3616a5e1cced359e41fb5,0.07285836082883179
direct_neighbor_ridge,0,0,0,0,0,0,False,5,"[""NAD"", ""UMP"", ""betaine"", ""glutamate"", ""xanthine""]",[],0,0,10,5,6,citrulline,1,2,10.0,697,179,16,2,5.850244435150646,0.2837581540578788,False,db1ab3680dcfc2deb10e2511ec28b70b27966d5a436d724be48267bcbf200acf,0.079278321005404
direct_neighbor_ridge,0,0,0,0,0,0,False,5,"[""NAD"", ""UMP"", ""betaine"", ""glutamate"", ""xanthine""]",[],0,0,10,5,6,citrulline,1,3,100.0,700,176,13,5,5.808392116714286,0.30975075225231685,False,659dce4f66bf4ee0228513d024a4e287e9f1aa3957152332b1483ab0af67cb42,0.10390964709222317
direct_neighbor_ridge,0,0,0,0,0,0,False,5,"[""NAD"", ""UMP"", ""betaine"", ""glutamate"", ""xanthine""]",[],0,0,10,5,6,citrulline,1,4,100.0,702,174,13,5,5.80420118960114,0.30130689878614486,False,9492e163b6ef19b0563b1ce8302b8e8794e2e4c9c8031c62ff9774a3f63f6f58,0.05823749792762101
direct_neighbor_ridge,0,0,0,0,0,0,False,2,"[""homocysteine"", ""hypoxanthine""]",[],0,0,4,2,3,cytidine,0,0,100.0,697,179,16,2,5.821940568292683,0.4881534049700528,False,db1ab3680dcfc2deb10e2511ec28b70b27966d5a436d724be48267bcbf200acf,0.05975798098370433
direct_neighbor_ridge,0,0,0,0,0,0,False,2,"[""homocysteine"", ""hypoxanthine""]",[],0,0,4,2,3,cytidine,0,1,0.1,705,171,13,5,5.9433197194326235,0.5687678071111162,False,32d2e2f547f707a9f12d899e65a934275c9f49020e10d214973126d05910ec9c,0.05502339196391404
direct_neighbor_ridge,0,0,0,0,0,0,False,2,"[""homocysteine"", ""hypoxanthine""]",[],0,0,4,2,3,cytidine,0,2,100.0,700,176,13,5,5.986364081142857,0.5599634922930096,False,659dce4f66bf4ee0228513d024a4e287e9f1aa3957152332b1483ab0af67cb42,0.052681874949485064
direct_neighbor_ridge,0,0,0,0,0,0,False,2,"[""homocysteine"", ""hypoxanthine""]",[],0,0,4,2,3,cytidine,0,3,100.0,702,174,13,5,5.943676573361824,0.5762399457215668,False,9492e163b6ef19b0563b1ce8302b8e8794e2e4c9c8031c62ff9774a3f63f6f58,0.05748177599161863
direct_neighbor_ridge,0,0,0,0,0,0,False,2,"[""homocysteine"", ""hypoxanthine""]",[],0,0,4,2,3,cytidine,0,4,10.0,700,176,17,1,5.943439289714285,0.5728846534204469,False,cf9883e99ee1b956d01c2cb42a4d284b982ce23065d3616a5e1cced359e41fb5,0.06436471291817725
direct_neighbor_ridge,0,0,0,0,0,0,False,2,"[""homocysteine"", ""hypoxanthine""]",[],0,0,4,2,3,cytidine,1,0,0.1,705,171,13,5,5.9433197194326235,0.5687678071111162,False,32d2e2f547f707a9f12d899e65a934275c9f49020e10d214973126d05910ec9c,0.05525228218175471
direct_neighbor_ridge,0,0,0,0,0,0,False,2,"[""homocysteine"", ""hypoxanthine""]",[],0,0,4,2,3,cytidine,1,1,0.1,700,176,17,1,5.943439289714285,0.5728846534204469,False,cf9883e99ee1b956d01c2cb42a4d284b982ce23065d3616a5e1cced359e41fb5,0.05601922399364412
direct_neighbor_ridge,0,0,0,0,0,0,False,2,"[""homocysteine"", ""hypoxanthine""]",[],0,0,4,2,3,cytidine,1,2,100.0,697,179,16,2,5.821940568292683,0.4881534049700528,False,db1ab3680dcfc2deb10e2511ec28b70b27966d5a436d724be48267bcbf200acf,0.05565580818802118
direct_neighbor_ridge,0,0,0,0,0,0,False,2,"[""homocysteine"", ""hypoxanthine""]",[],0,0,4,2,3,cytidine,1,3,100.0,700,176,13,5,5.986364081142857,0.5599634922930096,False,659dce4f66bf4ee0228513d024a4e287e9f1aa3957152332b1483ab0af67cb42,0.06485606799833477
direct_neighbor_ridge,0,0,0,0,0,0,False,2,"[""homocysteine"", ""hypoxanthine""]",[],0,0,4,2,3,cytidine,1,4,0.1,702,174,13,5,5.943676573361824,0.5762399457215668,False,9492e163b6ef19b0563b1ce8302b8e8794e2e4c9c8031c62ff9774a3f63f6f58,0.06400802894495428
direct_neighbor_ridge,0,0,0,0,0,0,False,5,"[""CMP"", ""NAD"", ""citrulline"", ""isocitrate"", ""taurine""]",[],0,0,10,5,6,dimethylglycine,0,0,10.0,697,179,16,2,5.842713994691535,0.2412852905128361,False,db1ab3680dcfc2deb10e2511ec28b70b27966d5a436d724be48267bcbf200acf,0.06307903118431568
direct_neighbor_ridge,0,0,0,0,0,0,False,5,"[""CMP"", ""NAD"", ""citrulline"", ""isocitrate"", ""taurine""]",[],0,0,10,5,6,dimethylglycine,0,1,10.0,705,171,13,5,5.7773420750354605,0.2754153009172702,False,32d2e2f547f707a9f12d899e65a934275c9f49020e10d214973126d05910ec9c,0.0657182449940592
direct_neighbor_ridge,0,0,0,0,0,0,False,5,"[""CMP"", ""NAD"", ""citrulline"", ""isocitrate"", ""taurine""]",[],0,0,10,5,6,dimethylglycine,0,2,10.0,700,176,13,5,5.776686067571429,0.2684533693166957,False,659dce4f66bf4ee0228513d024a4e287e9f1aa3957152332b1483ab0af67cb42,0.10806840285658836
direct_neighbor_ridge,0,0,0,0,0,0,False,5,"[""CMP"", ""NAD"", ""citrulline"", ""isocitrate"", ""taurine""]",[],0,0,10,5,6,dimethylglycine,0,3,10.0,702,174,13,5,5.778814191452991,0.2645452231216455,False,9492e163b6ef19b0563b1ce8302b8e8794e2e4c9c8031c62ff9774a3f63f6f58,0.15310672810301185
direct_neighbor_ridge,0,0,0,0,0,0,False,5,"[""CMP"", ""NAD"", ""citrulline"", ""isocitrate"", ""taurine""]",[],0,0,10,5,6,dimethylglycine,0,4,10.0,700,176,17,1,5.798933204428572,0.25781198933068716,False,cf9883e99ee1b956d01c2cb42a4d284b982ce23065d3616a5e1cced359e41fb5,0.1299237769562751
direct_neighbor_ridge,0,0,0,0,0,0,False,5,"[""CMP"", ""NAD"", ""citrulline"", ""isocitrate"", ""taurine""]",[],0,0,10,5,6,dimethylglycine,1,0,10.0,705,171,13,5,5.7773420750354605,0.2754153009172702,False,32d2e2f547f707a9f12d899e65a934275c9f49020e10d214973126d05910ec9c,0.1283518150448799
direct_neighbor_ridge,0,0,0,0,0,0,False,5,"[""CMP"", ""NAD"", ""citrulline"", ""isocitrate"", ""taurine""]",[],0,0,10,5,6,dimethylglycine,1,1,10.0,700,176,17,1,5.798933204428572,0.25781198933068716,False,cf9883e99ee1b956d01c2cb42a4d284b982ce23065d3616a5e1cced359e41fb5,0.06524070212617517
direct_neighbor_ridge,0,0,0,0,0,0,False,5,"[""CMP"", ""NAD"", ""citrulline"", ""isocitrate"", ""taurine""]",[],0,0,10,5,6,dimethylglycine,1,2,100.0,697,179,16,2,5.842713994691535,0.2412852905128361,False,db1ab3680dcfc2deb10e2511ec28b70b27966d5a436d724be48267bcbf200acf,0.0549229399766773
direct_neighbor_ridge,0,0,0,0,0,0,False,5,"[""CMP"", ""NAD"", ""citrulline"", ""isocitrate"", ""taurine""]",[],0,0,10,5,6,dimethylglycine,1,3,10.0,700,176,13,5,5.776686067571429,0.2684533693166957,False,659dce4f66bf4ee0228513d024a4e287e9f1aa3957152332b1483ab0af67cb42,0.05787858203984797
direct_neighbor_ridge,0,0,0,0,0,0,False,5,"[""CMP"", ""NAD"", ""citrulline"", ""isocitrate"", ""taurine""]",[],0,0,10,5,6,dimethylglycine,1,4,10.0,702,174,13,5,5.778814191452991,0.2645452231216455,False,9492e163b6ef19b0563b1ce8302b8e8794e2e4c9c8031c62ff9774a3f63f6f58,0.06246905494481325
direct_neighbor_ridge,0,0,0,0,0,0,False,2,"[""AMP"", ""adenine""]",[],0,0,4,2,3,glucuronate,0,0,100.0,697,179,16,2,5.875591368579626,0.21436797356403015,False,db1ab3680dcfc2deb10e2511ec28b70b27966d5a436d724be48267bcbf200acf,0.05853194696828723
direct_neighbor_ridge,0,0,0,0,0,0,False,2,"[""AMP"", ""adenine""]",[],0,0,4,2,3,glucuronate,0,1,0.1,705,171,13,5,5.8372711251063825,0.264059395571085,False,32d2e2f547f707a9f12d899e65a934275c9f49020e10d214973126d05910ec9c,0.08682402595877647
direct_neighbor_ridge,0,0,0,0,0,0,False,2,"[""AMP"", ""adenine""]",[],0,0,4,2,3,glucuronate,0,2,100.0,700,176,13,5,5.841330032428572,0.2627256409648469,False,659dce4f66bf4ee0228513d024a4e287e9f1aa3957152332b1483ab0af67cb42,0.06874900800175965
direct_neighbor_ridge,0,0,0,0,0,0,False,2,"[""AMP"", ""adenine""]",[],0,0,4,2,3,glucuronate,0,3,100.0,702,174,13,5,5.840461464102564,0.26023183008970724,False,9492e163b6ef19b0563b1ce8302b8e8794e2e4c9c8031c62ff9774a3f63f6f58,0.1201267980504781
direct_neighbor_ridge,0,0,0,0,0,0,False,2,"[""AMP"", ""adenine""]",[],0,0,4,2,3,glucuronate,0,4,100.0,700,176,17,1,5.853340806857143,0.2561959379747985,False,cf9883e99ee1b956d01c2cb42a4d284b982ce23065d3616a5e1cced359e41fb5,0.0549899130128324
direct_neighbor_ridge,0,0,0,0,0,0,False,2,"[""AMP"", ""adenine""]",[],0,0,4,2,3,glucuronate,1,0,0.1,705,171,13,5,5.8372711251063825,0.264059395571085,False,32d2e2f547f707a9f12d899e65a934275c9f49020e10d214973126d05910ec9c,0.056418027030304074
direct_neighbor_ridge,0,0,0,0,0,0,False,2,"[""AMP"", ""adenine""]",[],0,0,4,2,3,glucuronate,1,1,100.0,700,176,17,1,5.853340806857143,0.2561959379747985,False,cf9883e99ee1b956d01c2cb42a4d284b982ce23065d3616a5e1cced359e41fb5,0.11169217992573977
direct_neighbor_ridge,0,0,0,0,0,0,False,2,"[""AMP"", ""adenine""]",[],0,0,4,2,3,glucuronate,1,2,100.0,697,179,16,2,5.875591368579626,0.21436797356403015,False,db1ab3680dcfc2deb10e2511ec28b70b27966d5a436d724be48267bcbf200acf,0.07223174115642905
direct_neighbor_ridge,0,0,0,0,0,0,False,2,"[""AMP"", ""adenine""]",[],0,0,4,2,3,glucuronate,1,3,100.0,700,176,13,5,5.841330032428572,0.2627256409648469,False,659dce4f66bf4ee0228513d024a4e287e9f1aa3957152332b1483ab0af67cb42,0.06924865604378283
direct_neighbor_ridge,0,0,0,0,0,0,False,2,"[""AMP"", ""adenine""]",[],0,0,4,2,3,glucuronate,1,4,10.0,702,174,13,5,5.840461464102564,0.26023183008970724,False,9492e163b6ef19b0563b1ce8302b8e8794e2e4c9c8031c62ff9774a3f63f6f58,0.06506628799252212
direct_neighbor_ridge,0,0,0,0,0,0,False,15,"[""AMP"", ""GMP"", ""UMP"", ""adenine"", ""betaine"", ""choline"", ""citrulline"", ""cytidine"", ""dimethylglycine"", ""histidine"", ""homocysteine"", ""isocitrate"", ""thymidine"", ""trimethylamine-N-oxide"", ""xanthine""]",[],0,0,30,15,16,glutamate,0,0,10.0,697,179,16,2,5.837754748206599,0.22300075523157906,False,db1ab3680dcfc2deb10e2511ec28b70b27966d5a436d724be48267bcbf200acf,0.08676319103688002
direct_neighbor_ridge,0,0,0,0,0,0,False,15,"[""AMP"", ""GMP"", ""UMP"", ""adenine"", ""betaine"", ""choline"", ""citrulline"", ""cytidine"", ""dimethylglycine"", ""histidine"", ""homocysteine"", ""isocitrate"", ""thymidine"", ""trimethylamine-N-oxide"", ""xanthine""]",[],0,0,30,15,16,glutamate,0,1,10.0,705,171,13,5,5.856274995319149,0.23737426526109665,False,32d2e2f547f707a9f12d899e65a934275c9f49020e10d214973126d05910ec9c,0.07656292105093598
direct_neighbor_ridge,0,0,0,0,0,0,False,15,"[""AMP"", ""GMP"", ""UMP"", ""adenine"", ""betaine"", ""choline"", ""citrulline"", ""cytidine"", ""dimethylglycine"", ""histidine"", ""homocysteine"", ""isocitrate"", ""thymidine"", ""trimethylamine-N-oxide"", ""xanthine""]",[],0,0,30,15,16,glutamate,0,2,10.0,700,176,13,5,5.877516673,0.23263179623229843,False,659dce4f66bf4ee0228513d024a4e287e9f1aa3957152332b1483ab0af67cb42,0.07568933186121285
direct_neighbor_ridge,0,0,0,0,0,0,False,15,"[""AMP"", ""GMP"", ""UMP"", ""adenine"", ""betaine"", ""choline"", ""citrulline"", ""cytidine"", ""dimethylglycine"", ""histidine"", ""homocysteine"", ""isocitrate"", ""thymidine"", ""trimethylamine-N-oxide"", ""xanthine""]",[],0,0,30,15,16,glutamate,0,3,10.0,702,174,13,5,5.872189215954415,0.2121533254343439,False,9492e163b6ef19b0563b1ce8302b8e8794e2e4c9c8031c62ff9774a3f63f6f58,0.09612363902851939
direct_neighbor_ridge,0,0,0,0,0,0,False,15,"[""AMP"", ""GMP"", ""UMP"", ""adenine"", ""betaine"", ""choline"", ""citrulline"", ""cytidine"", ""dimethylglycine"", ""histidine"", ""homocysteine"", ""isocitrate"", ""thymidine"", ""trimethylamine-N-oxide"", ""xanthine""]",[],0,0,30,15,16,glutamate,0,4,10.0,700,176,17,1,5.8762459510000005,0.2365122296350026,False,cf9883e99ee1b956d01c2cb42a4d284b982ce23065d3616a5e1cced359e41fb5,0.08299642195925117
direct_neighbor_ridge,0,0,0,0,0,0,False,15,"[""AMP"", ""GMP"", ""UMP"", ""adenine"", ""betaine"", ""choline"", ""citrulline"", ""cytidine"", ""dimethylglycine"", ""histidine"", ""homocysteine"", ""isocitrate"", ""thymidine"", ""trimethylamine-N-oxide"", ""xanthine""]",[],0,0,30,15,16,glutamate,1,0,10.0,705,171,13,5,5.856274995319149,0.23737426526109665,False,32d2e2f547f707a9f12d899e65a934275c9f49020e10d214973126d05910ec9c,0.08999535697512329
direct_neighbor_ridge,0,0,0,0,0,0,False,15,"[""AMP"", ""GMP"", ""UMP"", ""adenine"", ""betaine"", ""choline"", ""citrulline"", ""cytidine"", ""dimethylglycine"", ""histidine"", ""homocysteine"", ""isocitrate"", ""thymidine"", ""trimethylamine-N-oxide"", ""xanthine""]",[],0,0,30,15,16,glutamate,1,1,10.0,700,176,17,1,5.8762459510000005,0.2365122296350026,False,cf9883e99ee1b956d01c2cb42a4d284b982ce23065d3616a5e1cced359e41fb5,0.0891151949763298
direct_neighbor_ridge,0,0,0,0,0,0,False,15,"[""AMP"", ""GMP"", ""UMP"", ""adenine"", ""betaine"", ""choline"", ""citrulline"", ""cytidine"", ""dimethylglycine"", ""histidine"", ""homocysteine"", ""isocitrate"", ""thymidine"", ""trimethylamine-N-oxide"", ""xanthine""]",[],0,0,30,15,16,glutamate,1,2,10.0,697,179,16,2,5.837754748206599,0.22300075523157906,False,db1ab3680dcfc2deb10e2511ec28b70b27966d5a436d724be48267bcbf200acf,0.09300073701888323
direct_neighbor_ridge,0,0,0,0,0,0,False,15,"[""AMP"", ""GMP"", ""UMP"", ""adenine"", ""betaine"", ""choline"", ""citrulline"", ""cytidine"", ""dimethylglycine"", ""histidine"", ""homocysteine"", ""isocitrate"", ""thymidine"", ""trimethylamine-N-oxide"", ""xanthine""]",[],0,0,30,15,16,glutamate,1,3,10.0,700,176,13,5,5.877516673,0.23263179623229843,False,659dce4f66bf4ee0228513d024a4e287e9f1aa3957152332b1483ab0af67cb42,0.09586474811658263
direct_neighbor_ridge,0,0,0,0,0,0,False,15,"[""AMP"", ""GMP"", ""UMP"", ""adenine"", ""betaine"", ""choline"", ""citrulline"", ""cytidine"", ""dimethylglycine"", ""histidine"", ""homocysteine"", ""isocitrate"", ""thymidine"", ""trimethylamine-N-oxide"", ""xanthine""]",[],0,0,30,15,16,glutamate,1,4,10.0,702,174,13,5,5.872189215954415,0.2121533254343439,False,9492e163b6ef19b0563b1ce8302b8e8794e2e4c9c8031c62ff9774a3f63f6f58,0.10171339986845851
direct_neighbor_ridge,0,0,0,0,0,0,False,2,"[""NAD"", ""citrulline""]",[],0,0,4,2,3,glutamine,0,0,100.0,697,179,16,2,5.792856942180775,0.4999001304148671,False,db1ab3680dcfc2deb10e2511ec28b70b27966d5a436d724be48267bcbf200acf,0.059670376125723124
direct_neighbor_ridge,0,0,0,0,0,0,False,2,"[""NAD"", ""citrulline""]",[],0,0,4,2,3,glutamine,0,1,10.0,705,171,13,5,5.730142647375887,0.517307750185761,False,32d2e2f547f707a9f12d899e65a934275c9f49020e10d214973126d05910ec9c,0.05824466212652624
direct_neighbor_ridge,0,0,0,0,0,0,False,2,"[""NAD"", ""citrulline""]",[],0,0,4,2,3,glutamine,0,2,100.0,700,176,13,5,5.760236144285714,0.5055726521798546,False,659dce4f66bf4ee0228513d024a4e287e9f1aa3957152332b1483ab0af67cb42,0.05612969119101763
direct_neighbor_ridge,0,0,0,0,0,0,False,2,"[""NAD"", ""citrulline""]",[],0,0,4,2,3,glutamine,0,3,0.1,702,174,13,5,5.749858374216524,0.5089141907702129,False,9492e163b6ef19b0563b1ce8302b8e8794e2e4c9c8031c62ff9774a3f63f6f58,0.05290206288918853
direct_neighbor_ridge,0,0,0,0,0,0,False,2,"[""NAD"", ""citrulline""]",[],0,0,4,2,3,glutamine,0,4,100.0,700,176,17,1,5.742727689142857,0.5229622387958501,False,cf9883e99ee1b956d01c2cb42a4d284b982ce23065d3616a5e1cced359e41fb5,0.059047729009762406
direct_neighbor_ridge,0,0,0,0,0,0,False,2,"[""NAD"", ""citrulline""]",[],0,0,4,2,3,glutamine,1,0,10.0,705,171,13,5,5.730142647375887,0.517307750185761,False,32d2e2f547f707a9f12d899e65a934275c9f49020e10d214973126d05910ec9c,0.08925751689821482
direct_neighbor_ridge,0,0,0,0,0,0,False,2,"[""NAD"", ""citrulline""]",[],0,0,4,2,3,glutamine,1,1,10.0,700,176,17,1,5.742727689142857,0.5229622387958501,False,cf9883e99ee1b956d01c2cb42a4d284b982ce23065d3616a5e1cced359e41fb5,0.05322990007698536
direct_neighbor_ridge,0,0,0,0,0,0,False,2,"[""NAD"", ""citrulline""]",[],0,0,4,2,3,glutamine,1,2,100.0,697,179,16,2,5.792856942180775,0.4999001304148671,False,db1ab3680dcfc2deb10e2511ec28b70b27966d5a436d724be48267bcbf200acf,0.05542385205626488
direct_neighbor_ridge,0,0,0,0,0,0,False,2,"[""NAD"", ""citrulline""]",[],0,0,4,2,3,glutamine,1,3,100.0,700,176,13,5,5.760236144285714,0.5055726521798546,False,659dce4f66bf4ee0228513d024a4e287e9f1aa3957152332b1483ab0af67cb42,0.053674446884542704
direct_neighbor_ridge,0,0,0,0,0,0,False,2,"[""NAD"", ""citrulline""]",[],0,0,4,2,3,glutamine,1,4,0.1,702,174,13,5,5.749858374216524,0.5089141907702129,False,9492e163b6ef19b0563b1ce8302b8e8794e2e4c9c8031c62ff9774a3f63f6f58,0.05338633805513382
direct_neighbor_ridge,0,0,0,0,0,0,False,9,"[""NAD"", ""NADP"", ""betaine"", ""carnosine"", ""choline"", ""dimethylglycine"", ""isocitrate"", ""phenylalanine"", ""uridine""]",[],0,0,18,9,10,glycine,0,0,10.0,697,179,16,2,5.901400717790531,0.3232334686793832,False,db1ab3680dcfc2deb10e2511ec28b70b27966d5a436d724be48267bcbf200acf,0.06013345182873309
direct_neighbor_ridge,0,0,0,0,0,0,False,9,"[""NAD"", ""NADP"", ""betaine"", ""carnosine"", ""choline"", ""dimethylglycine"", ""isocitrate"", ""phenylalanine"", ""uridine""]",[],0,0,18,9,10,glycine,0,1,100.0,705,171,13,5,5.891562820992907,0.30388093169523356,False,32d2e2f547f707a9f12d899e65a934275c9f49020e10d214973126d05910ec9c,0.06075283698737621
direct_neighbor_ridge,0,0,0,0,0,0,False,9,"[""NAD"", ""NADP"", ""betaine"", ""carnosine"", ""choline"", ""dimethylglycine"", ""isocitrate"", ""phenylalanine"", ""uridine""]",[],0,0,18,9,10,glycine,0,2,0.1,700,176,13,5,5.895880774285714,0.3016342641672332,False,659dce4f66bf4ee0228513d024a4e287e9f1aa3957152332b1483ab0af67cb42,0.07479550689458847
direct_neighbor_ridge,0,0,0,0,0,0,False,9,"[""NAD"", ""NADP"", ""betaine"", ""carnosine"", ""choline"", ""dimethylglycine"", ""isocitrate"", ""phenylalanine"", ""uridine""]",[],0,0,18,9,10,glycine,0,3,10.0,702,174,13,5,5.919905869658121,0.29925995925495313,False,9492e163b6ef19b0563b1ce8302b8e8794e2e4c9c8031c62ff9774a3f63f6f58,0.1329586689826101
direct_neighbor_ridge,0,0,0,0,0,0,False,9,"[""NAD"", ""NADP"", ""betaine"", ""carnosine"", ""choline"", ""dimethylglycine"", ""isocitrate"", ""phenylalanine"", ""uridine""]",[],0,0,18,9,10,glycine,0,4,1.0,700,176,17,1,5.911124145142858,0.31233130965412215,False,cf9883e99ee1b956d01c2cb42a4d284b982ce23065d3616a5e1cced359e41fb5,0.06579369283281267
direct_neighbor_ridge,0,0,0,0,0,0,False,9,"[""NAD"", ""NADP"", ""betaine"", ""carnosine"", ""choline"", ""dimethylglycine"", ""isocitrate"", ""phenylalanine"", ""uridine""]",[],0,0,18,9,10,glycine,1,0,100.0,705,171,13,5,5.891562820992907,0.30388093169523356,False,32d2e2f547f707a9f12d899e65a934275c9f49020e10d214973126d05910ec9c,0.06470320303924382
direct_neighbor_ridge,0,0,0,0,0,0,False,9,"[""NAD"", ""NADP"", ""betaine"", ""carnosine"", ""choline"", ""dimethylglycine"", ""isocitrate"", ""phenylalanine"", ""uridine""]",[],0,0,18,9,10,glycine,1,1,1.0,700,176,17,1,5.911124145142858,0.31233130965412215,False,cf9883e99ee1b956d01c2cb42a4d284b982ce23065d3616a5e1cced359e41fb5,0.08129330002702773
direct_neighbor_ridge,0,0,0,0,0,0,False,9,"[""NAD"", ""NADP"", ""betaine"", ""carnosine"", ""choline"", ""dimethylglycine"", ""isocitrate"", ""phenylalanine"", ""uridine""]",[],0,0,18,9,10,glycine,1,2,10.0,697,179,16,2,5.901400717790531,0.3232334686793832,False,db1ab3680dcfc2deb10e2511ec28b70b27966d5a436d724be48267bcbf200acf,0.073245984967798
direct_neighbor_ridge,0,0,0,0,0,0,False,9,"[""NAD"", ""NADP"", ""betaine"", ""carnosine"", ""choline"", ""dimethylglycine"", ""isocitrate"", ""phenylalanine"", ""uridine""]",[],0,0,18,9,10,glycine,1,3,0.1,700,176,13,5,5.895880774285714,0.3016342641672332,False,659dce4f66bf4ee0228513d024a4e287e9f1aa3957152332b1483ab0af67cb42,0.060575994895771146
direct_neighbor_ridge,0,0,0,0,0,0,False,9,"[""NAD"", ""NADP"", ""betaine"", ""carnosine"", ""choline"", ""dimethylglycine"", ""isocitrate"", ""phenylalanine"", ""uridine""]",[],0,0,18,9,10,glycine,1,4,10.0,702,174,13,5,5.919905869658121,0.29925995925495313,False,9492e163b6ef19b0563b1ce8302b8e8794e2e4c9c8031c62ff9774a3f63f6f58,0.059773957123979926
direct_neighbor_ridge,0,0,0,0,0,0,False,1,"[""dimethylglycine""]",[],0,0,2,1,2,guanosine,0,0,0.1,697,179,16,2,5.952859866857963,0.40817502232841674,False,db1ab3680dcfc2deb10e2511ec28b70b27966d5a436d724be48267bcbf200acf,0.04920956306159496
direct_neighbor_ridge,0,0,0,0,0,0,False,1,"[""dimethylglycine""]",[],0,0,2,1,2,guanosine,0,1,0.1,705,171,13,5,5.946455211205673,0.3930879666913112,False,32d2e2f547f707a9f12d899e65a934275c9f49020e10d214973126d05910ec9c,0.05007928214035928
direct_neighbor_ridge,0,0,0,0,0,0,False,1,"[""dimethylglycine""]",[],0,0,2,1,2,guanosine,0,2,0.1,700,176,13,5,6.008024284285714,0.39823813293836846,False,659dce4f66bf4ee0228513d024a4e287e9f1aa3957152332b1483ab0af67cb42,0.05033212504349649
direct_neighbor_ridge,0,0,0,0,0,0,False,1,"[""dimethylglycine""]",[],0,0,2,1,2,guanosine,0,3,0.1,702,174,13,5,5.9592625129629635,0.3946489909296684,False,9492e163b6ef19b0563b1ce8302b8e8794e2e4c9c8031c62ff9774a3f63f6f58,0.05086645786650479
direct_neighbor_ridge,0,0,0,0,0,0,False,1,"[""dimethylglycine""]",[],0,0,2,1,2,guanosine,0,4,0.1,700,176,17,1,5.964684184857142,0.4006223332620162,False,cf9883e99ee1b956d01c2cb42a4d284b982ce23065d3616a5e1cced359e41fb5,0.05018899799324572
direct_neighbor_ridge,0,0,0,0,0,0,False,1,"[""dimethylglycine""]",[],0,0,2,1,2,guanosine,1,0,0.1,705,171,13,5,5.946455211205673,0.3930879666913112,False,32d2e2f547f707a9f12d899e65a934275c9f49020e10d214973126d05910ec9c,0.05142336408607662
direct_neighbor_ridge,0,0,0,0,0,0,False,1,"[""dimethylglycine""]",[],0,0,2,1,2,guanosine,1,1,0.1,700,176,17,1,5.964684184857142,0.4006223332620162,False,cf9883e99ee1b956d01c2cb42a4d284b982ce23065d3616a5e1cced359e41fb5,0.04759563482366502
direct_neighbor_ridge,0,0,0,0,0,0,False,1,"[""dimethylglycine""]",[],0,0,2,1,2,guanosine,1,2,0.1,697,179,16,2,5.952859866857963,0.40817502232841674,False,db1ab3680dcfc2deb10e2511ec28b70b27966d5a436d724be48267bcbf200acf,0.05245822295546532
direct_neighbor_ridge,0,0,0,0,0,0,False,1,"[""dimethylglycine""]",[],0,0,2,1,2,guanosine,1,3,0.1,700,176,13,5,6.008024284285714,0.39823813293836846,False,659dce4f66bf4ee0228513d024a4e287e9f1aa3957152332b1483ab0af67cb42,0.0493249970022589
direct_neighbor_ridge,0,0,0,0,0,0,False,1,"[""dimethylglycine""]",[],0,0,2,1,2,guanosine,1,4,0.1,702,174,13,5,5.9592625129629635,0.3946489909296684,False,9492e163b6ef19b0563b1ce8302b8e8794e2e4c9c8031c62ff9774a3f63f6f58,0.04907607799395919
direct_neighbor_ridge,0,0,0,0,0,0,False,3,"[""NAD"", ""glycine"", ""taurine""]",[],0,0,6,3,4,histidine,0,0,100.0,697,179,16,2,5.873915259110474,0.3291920204680799,False,db1ab3680dcfc2deb10e2511ec28b70b27966d5a436d724be48267bcbf200acf,0.05632157693617046
direct_neighbor_ridge,0,0,0,0,0,0,False,3,"[""NAD"", ""glycine"", ""taurine""]",[],0,0,6,3,4,histidine,0,1,100.0,705,171,13,5,5.74606351574468,0.3834823875863205,False,32d2e2f547f707a9f12d899e65a934275c9f49020e10d214973126d05910ec9c,0.0525850469712168
direct_neighbor_ridge,0,0,0,0,0,0,False,3,"[""NAD"", ""glycine"", ""taurine""]",[],0,0,6,3,4,histidine,0,2,100.0,700,176,13,5,5.773813457,0.3766527889621979,False,659dce4f66bf4ee0228513d024a4e287e9f1aa3957152332b1483ab0af67cb42,0.0503497589379549
direct_neighbor_ridge,0,0,0,0,0,0,False,3,"[""NAD"", ""glycine"", ""taurine""]",[],0,0,6,3,4,histidine,0,3,100.0,702,174,13,5,5.75916735968661,0.38002427826007085,False,9492e163b6ef19b0563b1ce8302b8e8794e2e4c9c8031c62ff9774a3f63f6f58,0.05176026816479862
direct_neighbor_ridge,0,0,0,0,0,0,False,3,"[""NAD"", ""glycine"", ""taurine""]",[],0,0,6,3,4,histidine,0,4,100.0,700,176,17,1,5.783386876285714,0.3699975084983585,False,cf9883e99ee1b956d01c2cb42a4d284b982ce23065d3616a5e1cced359e41fb5,0.06439601699821651
direct_neighbor_ridge,0,0,0,0,0,0,False,3,"[""NAD"", ""glycine"", ""taurine""]",[],0,0,6,3,4,histidine,1,0,100.0,705,171,13,5,5.74606351574468,0.3834823875863205,False,32d2e2f547f707a9f12d899e65a934275c9f49020e10d214973126d05910ec9c,0.05586720700375736
direct_neighbor_ridge,0,0,0,0,0,0,False,3,"[""NAD"", ""glycine"", ""taurine""]",[],0,0,6,3,4,histidine,1,1,100.0,700,176,17,1,5.783386876285714,0.3699975084983585,False,cf9883e99ee1b956d01c2cb42a4d284b982ce23065d3616a5e1cced359e41fb5,0.05338112381286919
direct_neighbor_ridge,0,0,0,0,0,0,False,3,"[""NAD"", ""glycine"", ""taurine""]",[],0,0,6,3,4,histidine,1,2,100.0,697,179,16,2,5.873915259110474,0.3291920204680799,False,db1ab3680dcfc2deb10e2511ec28b70b27966d5a436d724be48267bcbf200acf,0.052404088201001287
direct_neighbor_ridge,0,0,0,0,0,0,False,3,"[""NAD"", ""glycine"", ""taurine""]",[],0,0,6,3,4,histidine,1,3,100.0,700,176,13,5,5.773813457,0.3766527889621979,False,659dce4f66bf4ee0228513d024a4e287e9f1aa3957152332b1483ab0af67cb42,0.06948277517221868
direct_neighbor_ridge,0,0,0,0,0,0,False,3,"[""NAD"", ""glycine"", ""taurine""]",[],0,0,6,3,4,histidine,1,4,100.0,702,174,13,5,5.75916735968661,0.38002427826007085,False,9492e163b6ef19b0563b1ce8302b8e8794e2e4c9c8031c62ff9774a3f63f6f58,0.06728153699077666
direct_neighbor_ridge,0,0,0,0,0,0,False,5,"[""alanine"", ""aspartate"", ""isocitrate"", ""phenylalanine"", ""xanthine""]",[],0,0,10,5,6,homocysteine,0,0,1.0,697,179,16,2,5.966777393113342,0.42813016520146235,False,db1ab3680dcfc2deb10e2511ec28b70b27966d5a436d724be48267bcbf200acf,0.060774705838412046
direct_neighbor_ridge,0,0,0,0,0,0,False,5,"[""alanine"", ""aspartate"", ""isocitrate"", ""phenylalanine"", ""xanthine""]",[],0,0,10,5,6,homocysteine,0,1,100.0,705,171,13,5,5.930638070921986,0.4218160003765535,False,32d2e2f547f707a9f12d899e65a934275c9f49020e10d214973126d05910ec9c,0.07830432709306479
direct_neighbor_ridge,0,0,0,0,0,0,False,5,"[""alanine"", ""aspartate"", ""isocitrate"", ""phenylalanine"", ""xanthine""]",[],0,0,10,5,6,homocysteine,0,2,100.0,700,176,13,5,5.9298201530000005,0.4180998034350187,False,659dce4f66bf4ee0228513d024a4e287e9f1aa3957152332b1483ab0af67cb42,0.05151740205474198
direct_neighbor_ridge,0,0,0,0,0,0,False,5,"[""alanine"", ""aspartate"", ""isocitrate"", ""phenylalanine"", ""xanthine""]",[],0,0,10,5,6,homocysteine,0,3,100.0,702,174,13,5,5.9377934,0.4372468572375198,False,9492e163b6ef19b0563b1ce8302b8e8794e2e4c9c8031c62ff9774a3f63f6f58,0.05796007183380425
direct_neighbor_ridge,0,0,0,0,0,0,False,5,"[""alanine"", ""aspartate"", ""isocitrate"", ""phenylalanine"", ""xanthine""]",[],0,0,10,5,6,homocysteine,0,4,100.0,700,176,17,1,5.941327949571429,0.4304566272401467,False,cf9883e99ee1b956d01c2cb42a4d284b982ce23065d3616a5e1cced359e41fb5,0.06585488794371486
direct_neighbor_ridge,0,0,0,0,0,0,False,5,"[""alanine"", ""aspartate"", ""isocitrate"", ""phenylalanine"", ""xanthine""]",[],0,0,10,5,6,homocysteine,1,0,100.0,705,171,13,5,5.930638070921986,0.4218160003765535,False,32d2e2f547f707a9f12d899e65a934275c9f49020e10d214973126d05910ec9c,0.05468193185515702
direct_neighbor_ridge,0,0,0,0,0,0,False,5,"[""alanine"", ""aspartate"", ""isocitrate"", ""phenylalanine"", ""xanthine""]",[],0,0,10,5,6,homocysteine,1,1,100.0,700,176,17,1,5.941327949571429,0.4304566272401467,False,cf9883e99ee1b956d01c2cb42a4d284b982ce23065d3616a5e1cced359e41fb5,0.06023633200675249
direct_neighbor_ridge,0,0,0,0,0,0,False,5,"[""alanine"", ""aspartate"", ""isocitrate"", ""phenylalanine"", ""xanthine""]",[],0,0,10,5,6,homocysteine,1,2,0.1,697,179,16,2,5.966777393113342,0.42813016520146235,False,db1ab3680dcfc2deb10e2511ec28b70b27966d5a436d724be48267bcbf200acf,0.07947414903901517
direct_neighbor_ridge,0,0,0,0,0,0,False,5,"[""alanine"", ""aspartate"", ""isocitrate"", ""phenylalanine"", ""xanthine""]",[],0,0,10,5,6,homocysteine,1,3,100.0,700,176,13,5,5.9298201530000005,0.4180998034350187,False,659dce4f66bf4ee0228513d024a4e287e9f1aa3957152332b1483ab0af67cb42,0.08089640503749251
direct_neighbor_ridge,0,0,0,0,0,0,False,5,"[""alanine"", ""aspartate"", ""isocitrate"", ""phenylalanine"", ""xanthine""]",[],0,0,10,5,6,homocysteine,1,4,100.0,702,174,13,5,5.9377934,0.4372468572375198,False,9492e163b6ef19b0563b1ce8302b8e8794e2e4c9c8031c62ff9774a3f63f6f58,0.06695972313173115
direct_neighbor_ridge,0,0,0,0,0,0,False,3,"[""AMP"", ""adenosine"", ""urate""]",[],0,0,6,3,4,hypoxanthine,0,0,100.0,697,179,16,2,5.849323068723098,0.623036540019427,False,db1ab3680dcfc2deb10e2511ec28b70b27966d5a436d724be48267bcbf200acf,0.07370430487208068
direct_neighbor_ridge,0,0,0,0,0,0,False,3,"[""AMP"", ""adenosine"", ""urate""]",[],0,0,6,3,4,hypoxanthine,0,1,100.0,705,171,13,5,5.959764552482269,0.6436309456644432,False,32d2e2f547f707a9f12d899e65a934275c9f49020e10d214973126d05910ec9c,0.06239368603564799
direct_neighbor_ridge,0,0,0,0,0,0,False,3,"[""AMP"", ""adenosine"", ""urate""]",[],0,0,6,3,4,hypoxanthine,0,2,100.0,700,176,13,5,5.962295129857141,0.6325694182712881,False,659dce4f66bf4ee0228513d024a4e287e9f1aa3957152332b1483ab0af67cb42,0.05423873593099415
direct_neighbor_ridge,0,0,0,0,0,0,False,3,"[""AMP"", ""adenosine"", ""urate""]",[],0,0,6,3,4,hypoxanthine,0,3,100.0,702,174,13,5,5.94913957094017,0.6410585826307021,False,9492e163b6ef19b0563b1ce8302b8e8794e2e4c9c8031c62ff9774a3f63f6f58,0.05435645300894976
direct_neighbor_ridge,0,0,0,0,0,0,False,3,"[""AMP"", ""adenosine"", ""urate""]",[],0,0,6,3,4,hypoxanthine,0,4,100.0,700,176,17,1,5.912266724999999,0.6370004092718197,False,cf9883e99ee1b956d01c2cb42a4d284b982ce23065d3616a5e1cced359e41fb5,0.05519782495684922
direct_neighbor_ridge,0,0,0,0,0,0,False,3,"[""AMP"", ""adenosine"", ""urate""]",[],0,0,6,3,4,hypoxanthine,1,0,100.0,705,171,13,5,5.959764552482269,0.6436309456644432,False,32d2e2f547f707a9f12d899e65a934275c9f49020e10d214973126d05910ec9c,0.05467330804094672
direct_neighbor_ridge,0,0,0,0,0,0,False,3,"[""AMP"", ""adenosine"", ""urate""]",[],0,0,6,3,4,hypoxanthine,1,1,100.0,700,176,17,1,5.912266724999999,0.6370004092718197,False,cf9883e99ee1b956d01c2cb42a4d284b982ce23065d3616a5e1cced359e41fb5,0.055843980982899666
direct_neighbor_ridge,0,0,0,0,0,0,False,3,"[""AMP"", ""adenosine"", ""urate""]",[],0,0,6,3,4,hypoxanthine,1,2,100.0,697,179,16,2,5.849323068723098,0.623036540019427,False,db1ab3680dcfc2deb10e2511ec28b70b27966d5a436d724be48267bcbf200acf,0.057106524938717484
direct_neighbor_ridge,0,0,0,0,0,0,False,3,"[""AMP"", ""adenosine"", ""urate""]",[],0,0,6,3,4,hypoxanthine,1,3,100.0,700,176,13,5,5.962295129857141,0.6325694182712881,False,659dce4f66bf4ee0228513d024a4e287e9f1aa3957152332b1483ab0af67cb42,0.06504623219370842
direct_neighbor_ridge,0,0,0,0,0,0,False,3,"[""AMP"", ""adenosine"", ""urate""]",[],0,0,6,3,4,hypoxanthine,1,4,100.0,702,174,13,5,5.94913957094017,0.6410585826307021,False,9492e163b6ef19b0563b1ce8302b8e8794e2e4c9c8031c62ff9774a3f63f6f58,0.08154327305965126
direct_neighbor_ridge,0,0,0,0,0,0,False,2,"[""histidine"", ""xanthine""]",[],0,0,4,2,3,inosine,0,0,0.1,697,179,16,2,5.938844414203731,0.33789854266326597,False,db1ab3680dcfc2deb10e2511ec28b70b27966d5a436d724be48267bcbf200acf,0.06338546285405755
direct_neighbor_ridge,0,0,0,0,0,0,False,2,"[""histidine"", ""xanthine""]",[],0,0,4,2,3,inosine,0,1,100.0,705,171,13,5,5.956673833900711,0.3555685434234304,False,32d2e2f547f707a9f12d899e65a934275c9f49020e10d214973126d05910ec9c,0.07936580991372466
direct_neighbor_ridge,0,0,0,0,0,0,False,2,"[""histidine"", ""xanthine""]",[],0,0,4,2,3,inosine,0,2,100.0,700,176,13,5,5.990979952571428,0.3427823190075909,False,659dce4f66bf4ee0228513d024a4e287e9f1aa3957152332b1483ab0af67cb42,0.06774575705640018
direct_neighbor_ridge,0,0,0,0,0,0,False,2,"[""histidine"", ""xanthine""]",[],0,0,4,2,3,inosine,0,3,100.0,702,174,13,5,5.955585952849004,0.353629138206935,False,9492e163b6ef19b0563b1ce8302b8e8794e2e4c9c8031c62ff9774a3f63f6f58,0.05429028905928135
direct_neighbor_ridge,0,0,0,0,0,0,False,2,"[""histidine"", ""xanthine""]",[],0,0,4,2,3,inosine,0,4,100.0,700,176,17,1,5.959558305571428,0.3363091904878781,False,cf9883e99ee1b956d01c2cb42a4d284b982ce23065d3616a5e1cced359e41fb5,0.048852887004613876
direct_neighbor_ridge,0,0,0,0,0,0,False,2,"[""histidine"", ""xanthine""]",[],0,0,4,2,3,inosine,1,0,100.0,705,171,13,5,5.956673833900711,0.3555685434234304,False,32d2e2f547f707a9f12d899e65a934275c9f49020e10d214973126d05910ec9c,0.0542243670206517
direct_neighbor_ridge,0,0,0,0,0,0,False,2,"[""histidine"", ""xanthine""]",[],0,0,4,2,3,inosine,1,1,100.0,700,176,17,1,5.959558305571428,0.3363091904878781,False,cf9883e99ee1b956d01c2cb42a4d284b982ce23065d3616a5e1cced359e41fb5,0.05224960809573531
direct_neighbor_ridge,0,0,0,0,0,0,False,2,"[""histidine"", ""xanthine""]",[],0,0,4,2,3,inosine,1,2,10.0,697,179,16,2,5.938844414203731,0.33789854266326597,False,db1ab3680dcfc2deb10e2511ec28b70b27966d5a436d724be48267bcbf200acf,0.059288652148097754
direct_neighbor_ridge,0,0,0,0,0,0,False,2,"[""histidine"", ""xanthine""]",[],0,0,4,2,3,inosine,1,3,100.0,700,176,13,5,5.990979952571428,0.3427823190075909,False,659dce4f66bf4ee0228513d024a4e287e9f1aa3957152332b1483ab0af67cb42,0.07320696022361517
direct_neighbor_ridge,0,0,0,0,0,0,False,2,"[""histidine"", ""xanthine""]",[],0,0,4,2,3,inosine,1,4,100.0,702,174,13,5,5.955585952849004,0.353629138206935,False,9492e163b6ef19b0563b1ce8302b8e8794e2e4c9c8031c62ff9774a3f63f6f58,0.05760988290421665
direct_neighbor_ridge,0,0,0,0,0,0,False,2,"[""UMP"", ""inosine""]",[],0,0,4,2,3,inositol,0,0,100.0,697,179,16,2,5.888768051936872,0.3085624695175605,False,db1ab3680dcfc2deb10e2511ec28b70b27966d5a436d724be48267bcbf200acf,0.061817369889467955
direct_neighbor_ridge,0,0,0,0,0,0,False,2,"[""UMP"", ""inosine""]",[],0,0,4,2,3,inositol,0,1,100.0,705,171,13,5,5.914651623971631,0.30612678425281226,False,32d2e2f547f707a9f12d899e65a934275c9f49020e10d214973126d05910ec9c,0.05720545491203666
direct_neighbor_ridge,0,0,0,0,0,0,False,2,"[""UMP"", ""inosine""]",[],0,0,4,2,3,inositol,0,2,100.0,700,176,13,5,5.883116619857143,0.31208583026363,False,659dce4f66bf4ee0228513d024a4e287e9f1aa3957152332b1483ab0af67cb42,0.06503864913247526
direct_neighbor_ridge,0,0,0,0,0,0,False,2,"[""UMP"", ""inosine""]",[],0,0,4,2,3,inositol,0,3,0.1,702,174,13,5,5.90932381937322,0.30743427904961906,False,9492e163b6ef19b0563b1ce8302b8e8794e2e4c9c8031c62ff9774a3f63f6f58,0.10163010586984456
direct_neighbor_ridge,0,0,0,0,0,0,False,2,"[""UMP"", ""inosine""]",[],0,0,4,2,3,inositol,0,4,100.0,700,176,17,1,5.901945362571428,0.3203548605400837,False,cf9883e99ee1b956d01c2cb42a4d284b982ce23065d3616a5e1cced359e41fb5,0.1061644060537219
direct_neighbor_ridge,0,0,0,0,0,0,False,2,"[""UMP"", ""inosine""]",[],0,0,4,2,3,inositol,1,0,100.0,705,171,13,5,5.914651623971631,0.30612678425281226,False,32d2e2f547f707a9f12d899e65a934275c9f49020e10d214973126d05910ec9c,0.0782944040838629
direct_neighbor_ridge,0,0,0,0,0,0,False,2,"[""UMP"", ""inosine""]",[],0,0,4,2,3,inositol,1,1,0.1,700,176,17,1,5.901945362571428,0.3203548605400837,False,cf9883e99ee1b956d01c2cb42a4d284b982ce23065d3616a5e1cced359e41fb5,0.08905321918427944
direct_neighbor_ridge,0,0,0,0,0,0,False,2,"[""UMP"", ""inosine""]",[],0,0,4,2,3,inositol,1,2,100.0,697,179,16,2,5.888768051936872,0.3085624695175605,False,db1ab3680dcfc2deb10e2511ec28b70b27966d5a436d724be48267bcbf200acf,0.08035133290104568
direct_neighbor_ridge,0,0,0,0,0,0,False,2,"[""UMP"", ""inosine""]",[],0,0,4,2,3,inositol,1,3,100.0,700,176,13,5,5.883116619857143,0.31208583026363,False,659dce4f66bf4ee0228513d024a4e287e9f1aa3957152332b1483ab0af67cb42,0.07380360411480069
direct_neighbor_ridge,0,0,0,0,0,0,False,2,"[""UMP"", ""inosine""]",[],0,0,4,2,3,inositol,1,4,0.1,702,174,13,5,5.90932381937322,0.30743427904961906,False,9492e163b6ef19b0563b1ce8302b8e8794e2e4c9c8031c62ff9774a3f63f6f58,0.07463089702650905
direct_neighbor_ridge,0,0,0,0,0,0,False,4,"[""AMP"", ""glutamate"", ""inosine"", ""malate""]",[],0,0,8,4,5,isocitrate,0,0,100.0,697,179,16,2,5.851803350502152,0.2874344660326567,False,db1ab3680dcfc2deb10e2511ec28b70b27966d5a436d724be48267bcbf200acf,0.07201669202186167
direct_neighbor_ridge,0,0,0,0,0,0,False,4,"[""AMP"", ""glutamate"", ""inosine"", ""malate""]",[],0,0,8,4,5,isocitrate,0,1,0.1,705,171,13,5,5.801671359148936,0.3220998150747993,False,32d2e2f547f707a9f12d899e65a934275c9f49020e10d214973126d05910ec9c,0.07276071701198816
direct_neighbor_ridge,0,0,0,0,0,0,False,4,"[""AMP"", ""glutamate"", ""inosine"", ""malate""]",[],0,0,8,4,5,isocitrate,0,2,0.1,700,176,13,5,5.819626022285714,0.3125991244461808,False,659dce4f66bf4ee0228513d024a4e287e9f1aa3957152332b1483ab0af67cb42,0.06120032095350325
direct_neighbor_ridge,0,0,0,0,0,0,False,4,"[""AMP"", ""glutamate"", ""inosine"", ""malate""]",[],0,0,8,4,5,isocitrate,0,3,0.1,702,174,13,5,5.813583703703704,0.31261532643959306,False,9492e163b6ef19b0563b1ce8302b8e8794e2e4c9c8031c62ff9774a3f63f6f58,0.06308069685474038
direct_neighbor_ridge,0,0,0,0,0,0,False,4,"[""AMP"", ""glutamate"", ""inosine"", ""malate""]",[],0,0,8,4,5,isocitrate,0,4,10.0,700,176,17,1,5.8259869698571425,0.3181488605265445,False,cf9883e99ee1b956d01c2cb42a4d284b982ce23065d3616a5e1cced359e41fb5,0.06473611504770815
direct_neighbor_ridge,0,0,0,0,0,0,False,4,"[""AMP"", ""glutamate"", ""inosine"", ""malate""]",[],0,0,8,4,5,isocitrate,1,0,0.1,705,171,13,5,5.801671359148936,0.3220998150747993,False,32d2e2f547f707a9f12d899e65a934275c9f49020e10d214973126d05910ec9c,0.06572356098331511
direct_neighbor_ridge,0,0,0,0,0,0,False,4,"[""AMP"", ""glutamate"", ""inosine"", ""malate""]",[],0,0,8,4,5,isocitrate,1,1,10.0,700,176,17,1,5.8259869698571425,0.3181488605265445,False,cf9883e99ee1b956d01c2cb42a4d284b982ce23065d3616a5e1cced359e41fb5,0.06843789084814489
direct_neighbor_ridge,0,0,0,0,0,0,False,4,"[""AMP"", ""glutamate"", ""inosine"", ""malate""]",[],0,0,8,4,5,isocitrate,1,2,100.0,697,179,16,2,5.851803350502152,0.2874344660326567,False,db1ab3680dcfc2deb10e2511ec28b70b27966d5a436d724be48267bcbf200acf,0.07318470906466246
direct_neighbor_ridge,0,0,0,0,0,0,False,4,"[""AMP"", ""glutamate"", ""inosine"", ""malate""]",[],0,0,8,4,5,isocitrate,1,3,10.0,700,176,13,5,5.819626022285714,0.3125991244461808,False,659dce4f66bf4ee0228513d024a4e287e9f1aa3957152332b1483ab0af67cb42,0.04869104200042784
direct_neighbor_ridge,0,0,0,0,0,0,False,4,"[""AMP"", ""glutamate"", ""inosine"", ""malate""]",[],0,0,8,4,5,isocitrate,1,4,0.1,702,174,13,5,5.813583703703704,0.31261532643959306,False,9492e163b6ef19b0563b1ce8302b8e8794e2e4c9c8031c62ff9774a3f63f6f58,0.06906991987489164
direct_neighbor_ridge,0,0,0,0,0,0,False,1,"[""AMP""]",[],0,0,2,1,2,isoleucine,0,0,100.0,697,179,16,2,5.817292354949784,0.35729730334085963,False,db1ab3680dcfc2deb10e2511ec28b70b27966d5a436d724be48267bcbf200acf,0.06264688982628286
direct_neighbor_ridge,0,0,0,0,0,0,False,1,"[""AMP""]",[],0,0,2,1,2,isoleucine,0,1,0.1,705,171,13,5,5.704429871063829,0.3843932156639209,False,32d2e2f547f707a9f12d899e65a934275c9f49020e10d214973126d05910ec9c,0.05100539489649236
direct_neighbor_ridge,0,0,0,0,0,0,False,1,"[""AMP""]",[],0,0,2,1,2,isoleucine,0,2,0.1,700,176,13,5,5.724266333285715,0.38201203949617024,False,659dce4f66bf4ee0228513d024a4e287e9f1aa3957152332b1483ab0af67cb42,0.05194537900388241
direct_neighbor_ridge,0,0,0,0,0,0,False,1,"[""AMP""]",[],0,0,2,1,2,isoleucine,0,3,0.1,702,174,13,5,5.717218183618233,0.3896156708274436,False,9492e163b6ef19b0563b1ce8302b8e8794e2e4c9c8031c62ff9774a3f63f6f58,0.054988137912005186
direct_neighbor_ridge,0,0,0,0,0,0,False,1,"[""AMP""]",[],0,0,2,1,2,isoleucine,0,4,0.1,700,176,17,1,5.740546115571429,0.36965045572416955,False,cf9883e99ee1b956d01c2cb42a4d284b982ce23065d3616a5e1cced359e41fb5,0.053375308169052005
direct_neighbor_ridge,0,0,0,0,0,0,False,1,"[""AMP""]",[],0,0,2,1,2,isoleucine,1,0,0.1,705,171,13,5,5.704429871063829,0.3843932156639209,False,32d2e2f547f707a9f12d899e65a934275c9f49020e10d214973126d05910ec9c,0.05206573009490967
direct_neighbor_ridge,0,0,0,0,0,0,False,1,"[""AMP""]",[],0,0,2,1,2,isoleucine,1,1,0.1,700,176,17,1,5.740546115571429,0.36965045572416955,False,cf9883e99ee1b956d01c2cb42a4d284b982ce23065d3616a5e1cced359e41fb5,0.07257215888239443
direct_neighbor_ridge,0,0,0,0,0,0,False,1,"[""AMP""]",[],0,0,2,1,2,isoleucine,1,2,100.0,697,179,16,2,5.817292354949784,0.35729730334085963,False,db1ab3680dcfc2deb10e2511ec28b70b27966d5a436d724be48267bcbf200acf,0.13726099091582
direct_neighbor_ridge,0,0,0,0,0,0,False,1,"[""AMP""]",[],0,0,2,1,2,isoleucine,1,3,0.1,700,176,13,5,5.724266333285715,0.38201203949617024,False,659dce4f66bf4ee0228513d024a4e287e9f1aa3957152332b1483ab0af67cb42,0.05314283608458936
direct_neighbor_ridge,0,0,0,0,0,0,False,1,"[""AMP""]",[],0,0,2,1,2,isoleucine,1,4,0.1,702,174,13,5,5.717218183618233,0.3896156708274436,False,9492e163b6ef19b0563b1ce8302b8e8794e2e4c9c8031c62ff9774a3f63f6f58,0.1027992949821055
direct_neighbor_ridge,0,0,0,0,0,0,False,3,"[""AMP"", ""NAD"", ""UMP""]",[],0,0,6,3,4,kynurenine,0,0,100.0,697,179,16,2,5.934133664705882,0.43781396467582306,False,db1ab3680dcfc2deb10e2511ec28b70b27966d5a436d724be48267bcbf200acf,0.06299235206097364
direct_neighbor_ridge,0,0,0,0,0,0,False,3,"[""AMP"", ""NAD"", ""UMP""]",[],0,0,6,3,4,kynurenine,0,1,100.0,705,171,13,5,5.926552404964539,0.42337591229378796,False,32d2e2f547f707a9f12d899e65a934275c9f49020e10d214973126d05910ec9c,0.05249447701498866
direct_neighbor_ridge,0,0,0,0,0,0,False,3,"[""AMP"", ""NAD"", ""UMP""]",[],0,0,6,3,4,kynurenine,0,2,100.0,700,176,13,5,5.9390966704285715,0.43616254118090847,False,659dce4f66bf4ee0228513d024a4e287e9f1aa3957152332b1483ab0af67cb42,0.05327787483111024
direct_neighbor_ridge,0,0,0,0,0,0,False,3,"[""AMP"", ""NAD"", ""UMP""]",[],0,0,6,3,4,kynurenine,0,3,100.0,702,174,13,5,5.952286661396012,0.4239211231682899,False,9492e163b6ef19b0563b1ce8302b8e8794e2e4c9c8031c62ff9774a3f63f6f58,0.07712152786552906
direct_neighbor_ridge,0,0,0,0,0,0,False,3,"[""AMP"", ""NAD"", ""UMP""]",[],0,0,6,3,4,kynurenine,0,4,10.0,700,176,17,1,5.939905379142859,0.44267273159479614,False,cf9883e99ee1b956d01c2cb42a4d284b982ce23065d3616a5e1cced359e41fb5,0.07827339391224086
direct_neighbor_ridge,0,0,0,0,0,0,False,3,"[""AMP"", ""NAD"", ""UMP""]",[],0,0,6,3,4,kynurenine,1,0,100.0,705,171,13,5,5.926552404964539,0.42337591229378796,False,32d2e2f547f707a9f12d899e65a934275c9f49020e10d214973126d05910ec9c,0.06730143609456718
direct_neighbor_ridge,0,0,0,0,0,0,False,3,"[""AMP"", ""NAD"", ""UMP""]",[],0,0,6,3,4,kynurenine,1,1,10.0,700,176,17,1,5.939905379142859,0.44267273159479614,False,cf9883e99ee1b956d01c2cb42a4d284b982ce23065d3616a5e1cced359e41fb5,0.06301744002848864
direct_neighbor_ridge,0,0,0,0,0,0,False,3,"[""AMP"", ""NAD"", ""UMP""]",[],0,0,6,3,4,kynurenine,1,2,100.0,697,179,16,2,5.934133664705882,0.43781396467582306,False,db1ab3680dcfc2deb10e2511ec28b70b27966d5a436d724be48267bcbf200acf,0.13270186190493405
direct_neighbor_ridge,0,0,0,0,0,0,False,3,"[""AMP"", ""NAD"", ""UMP""]",[],0,0,6,3,4,kynurenine,1,3,100.0,700,176,13,5,5.9390966704285715,0.43616254118090847,False,659dce4f66bf4ee0228513d024a4e287e9f1aa3957152332b1483ab0af67cb42,0.10387286520563066
direct_neighbor_ridge,0,0,0,0,0,0,False,3,"[""AMP"", ""NAD"", ""UMP""]",[],0,0,6,3,4,kynurenine,1,4,100.0,702,174,13,5,5.952286661396012,0.4239211231682899,False,9492e163b6ef19b0563b1ce8302b8e8794e2e4c9c8031c62ff9774a3f63f6f58,0.09701063111424446
direct_neighbor_ridge,0,0,0,0,0,0,False,3,"[""AMP"", ""arginine"", ""beta-alanine""]",[],0,0,6,3,4,leucine,0,0,100.0,697,179,16,2,5.831542355954089,0.2951264468207581,False,db1ab3680dcfc2deb10e2511ec28b70b27966d5a436d724be48267bcbf200acf,0.06592051917687058
direct_neighbor_ridge,0,0,0,0,0,0,False,3,"[""AMP"", ""arginine"", ""beta-alanine""]",[],0,0,6,3,4,leucine,0,1,10.0,705,171,13,5,5.71278935716312,0.3461939858441402,False,32d2e2f547f707a9f12d899e65a934275c9f49020e10d214973126d05910ec9c,0.06278215907514095
direct_neighbor_ridge,0,0,0,0,0,0,False,3,"[""AMP"", ""arginine"", ""beta-alanine""]",[],0,0,6,3,4,leucine,0,2,10.0,700,176,13,5,5.738065795428572,0.3490973408490637,False,659dce4f66bf4ee0228513d024a4e287e9f1aa3957152332b1483ab0af67cb42,0.06540344492532313
direct_neighbor_ridge,0,0,0,0,0,0,False,3,"[""AMP"", ""arginine"", ""beta-alanine""]",[],0,0,6,3,4,leucine,0,3,10.0,702,174,13,5,5.729321187321937,0.341575517760423,False,9492e163b6ef19b0563b1ce8302b8e8794e2e4c9c8031c62ff9774a3f63f6f58,0.06357830506749451
direct_neighbor_ridge,0,0,0,0,0,0,False,3,"[""AMP"", ""arginine"", ""beta-alanine""]",[],0,0,6,3,4,leucine,0,4,0.1,700,176,17,1,5.747189129714286,0.3342929822214523,False,cf9883e99ee1b956d01c2cb42a4d284b982ce23065d3616a5e1cced359e41fb5,0.06549856695346534
direct_neighbor_ridge,0,0,0,0,0,0,False,3,"[""AMP"", ""arginine"", ""beta-alanine""]",[],0,0,6,3,4,leucine,1,0,10.0,705,171,13,5,5.71278935716312,0.3461939858441402,False,32d2e2f547f707a9f12d899e65a934275c9f49020e10d214973126d05910ec9c,0.0682176249101758
direct_neighbor_ridge,0,0,0,0,0,0,False,3,"[""AMP"", ""arginine"", ""beta-alanine""]",[],0,0,6,3,4,leucine,1,1,0.1,700,176,17,1,5.747189129714286,0.3342929822214523,False,cf9883e99ee1b956d01c2cb42a4d284b982ce23065d3616a5e1cced359e41fb5,0.07917739008553326
direct_neighbor_ridge,0,0,0,0,0,0,False,3,"[""AMP"", ""arginine"", ""beta-alanine""]",[],0,0,6,3,4,leucine,1,2,100.0,697,179,16,2,5.831542355954089,0.2951264468207581,False,db1ab3680dcfc2deb10e2511ec28b70b27966d5a436d724be48267bcbf200acf,0.07500354293733835
direct_neighbor_ridge,0,0,0,0,0,0,False,3,"[""AMP"", ""arginine"", ""beta-alanine""]",[],0,0,6,3,4,leucine,1,3,10.0,700,176,13,5,5.738065795428572,0.3490973408490637,False,659dce4f66bf4ee0228513d024a4e287e9f1aa3957152332b1483ab0af67cb42,0.1373822959139943
direct_neighbor_ridge,0,0,0,0,0,0,False,3,"[""AMP"", ""arginine"", ""beta-alanine""]",[],0,0,6,3,4,leucine,1,4,10.0,702,174,13,5,5.729321187321937,0.341575517760423,False,9492e163b6ef19b0563b1ce8302b8e8794e2e4c9c8031c62ff9774a3f63f6f58,0.06702104699797928
direct_neighbor_ridge,0,0,0,0,0,0,False,1,"[""NAD""]",[],0,0,2,1,2,lysine,0,0,100.0,697,179,16,2,5.934322607747489,0.4071035682376424,False,db1ab3680dcfc2deb10e2511ec28b70b27966d5a436d724be48267bcbf200acf,0.059438770869746804
direct_neighbor_ridge,0,0,0,0,0,0,False,1,"[""NAD""]",[],0,0,2,1,2,lysine,0,1,100.0,705,171,13,5,5.763875533617021,0.4753635421432698,False,32d2e2f547f707a9f12d899e65a934275c9f49020e10d214973126d05910ec9c,0.0589155089110136
direct_neighbor_ridge,0,0,0,0,0,0,False,1,"[""NAD""]",[],0,0,2,1,2,lysine,0,2,100.0,700,176,13,5,5.818256463428571,0.4878590191417011,False,659dce4f66bf4ee0228513d024a4e287e9f1aa3957152332b1483ab0af67cb42,0.05310623487457633
direct_neighbor_ridge,0,0,0,0,0,0,False,1,"[""NAD""]",[],0,0,2,1,2,lysine,0,3,100.0,702,174,13,5,5.772962760683761,0.4814261181271888,False,9492e163b6ef19b0563b1ce8302b8e8794e2e4c9c8031c62ff9774a3f63f6f58,0.0606037809047848
direct_neighbor_ridge,0,0,0,0,0,0,False,1,"[""NAD""]",[],0,0,2,1,2,lysine,0,4,100.0,700,176,17,1,5.809447613714285,0.47990437809288217,False,cf9883e99ee1b956d01c2cb42a4d284b982ce23065d3616a5e1cced359e41fb5,0.05845253705047071
direct_neighbor_ridge,0,0,0,0,0,0,False,1,"[""NAD""]",[],0,0,2,1,2,lysine,1,0,100.0,705,171,13,5,5.763875533617021,0.4753635421432698,False,32d2e2f547f707a9f12d899e65a934275c9f49020e10d214973126d05910ec9c,0.051715119974687696
direct_neighbor_ridge,0,0,0,0,0,0,False,1,"[""NAD""]",[],0,0,2,1,2,lysine,1,1,100.0,700,176,17,1,5.809447613714285,0.47990437809288217,False,cf9883e99ee1b956d01c2cb42a4d284b982ce23065d3616a5e1cced359e41fb5,0.0660527169238776
direct_neighbor_ridge,0,0,0,0,0,0,False,1,"[""NAD""]",[],0,0,2,1,2,lysine,1,2,100.0,697,179,16,2,5.934322607747489,0.4071035682376424,False,db1ab3680dcfc2deb10e2511ec28b70b27966d5a436d724be48267bcbf200acf,0.06699016387574375
direct_neighbor_ridge,0,0,0,0,0,0,False,1,"[""NAD""]",[],0,0,2,1,2,lysine,1,3,0.1,700,176,13,5,5.818256463428571,0.4878590191417011,False,659dce4f66bf4ee0228513d024a4e287e9f1aa3957152332b1483ab0af67cb42,0.06667600991204381
direct_neighbor_ridge,0,0,0,0,0,0,False,1,"[""NAD""]",[],0,0,2,1,2,lysine,1,4,100.0,702,174,13,5,5.772962760683761,0.4814261181271888,False,9492e163b6ef19b0563b1ce8302b8e8794e2e4c9c8031c62ff9774a3f63f6f58,0.06582589098252356
direct_neighbor_ridge,0,0,0,0,0,0,False,2,"[""AMP"", ""glutamate""]",[],0,0,4,2,3,malate,0,0,10.0,697,179,16,2,5.84539932697274,0.2374032760953075,False,db1ab3680dcfc2deb10e2511ec28b70b27966d5a436d724be48267bcbf200acf,0.0900006361771375
direct_neighbor_ridge,0,0,0,0,0,0,False,2,"[""AMP"", ""glutamate""]",[],0,0,4,2,3,malate,0,1,100.0,705,171,13,5,5.832756050070921,0.27493887360433295,False,32d2e2f547f707a9f12d899e65a934275c9f49020e10d214973126d05910ec9c,0.06567227793857455
direct_neighbor_ridge,0,0,0,0,0,0,False,2,"[""AMP"", ""glutamate""]",[],0,0,4,2,3,malate,0,2,100.0,700,176,13,5,5.831384746571429,0.2691691871484761,False,659dce4f66bf4ee0228513d024a4e287e9f1aa3957152332b1483ab0af67cb42,0.061254607047885656
direct_neighbor_ridge,0,0,0,0,0,0,False,2,"[""AMP"", ""glutamate""]",[],0,0,4,2,3,malate,0,3,100.0,702,174,13,5,5.846637076923078,0.260711235793023,False,9492e163b6ef19b0563b1ce8302b8e8794e2e4c9c8031c62ff9774a3f63f6f58,0.05135760805569589
direct_neighbor_ridge,0,0,0,0,0,0,False,2,"[""AMP"", ""glutamate""]",[],0,0,4,2,3,malate,0,4,100.0,700,176,17,1,5.840662609714286,0.2716781962373946,False,cf9883e99ee1b956d01c2cb42a4d284b982ce23065d3616a5e1cced359e41fb5,0.05589469498954713
direct_neighbor_ridge,0,0,0,0,0,0,False,2,"[""AMP"", ""glutamate""]",[],0,0,4,2,3,malate,1,0,100.0,705,171,13,5,5.832756050070921,0.27493887360433295,False,32d2e2f547f707a9f12d899e65a934275c9f49020e10d214973126d05910ec9c,0.052468033973127604
direct_neighbor_ridge,0,0,0,0,0,0,False,2,"[""AMP"", ""glutamate""]",[],0,0,4,2,3,malate,1,1,100.0,700,176,17,1,5.840662609714286,0.2716781962373946,False,cf9883e99ee1b956d01c2cb42a4d284b982ce23065d3616a5e1cced359e41fb5,0.050845354096964
direct_neighbor_ridge,0,0,0,0,0,0,False,2,"[""AMP"", ""glutamate""]",[],0,0,4,2,3,malate,1,2,10.0,697,179,16,2,5.84539932697274,0.2374032760953075,False,db1ab3680dcfc2deb10e2511ec28b70b27966d5a436d724be48267bcbf200acf,0.05997689091600478
direct_neighbor_ridge,0,0,0,0,0,0,False,2,"[""AMP"", ""glutamate""]",[],0,0,4,2,3,malate,1,3,100.0,700,176,13,5,5.831384746571429,0.2691691871484761,False,659dce4f66bf4ee0228513d024a4e287e9f1aa3957152332b1483ab0af67cb42,0.052978768944740295
direct_neighbor_ridge,0,0,0,0,0,0,False,2,"[""AMP"", ""glutamate""]",[],0,0,4,2,3,malate,1,4,100.0,702,174,13,5,5.846637076923078,0.260711235793023,False,9492e163b6ef19b0563b1ce8302b8e8794e2e4c9c8031c62ff9774a3f63f6f58,0.05409729201346636
direct_neighbor_ridge,0,0,0,0,0,0,False,4,"[""GMP"", ""NAD"", ""UMP"", ""citrulline""]",[],0,0,8,4,5,methionine,0,0,100.0,697,179,16,2,5.844706393113342,0.3516238559885935,False,db1ab3680dcfc2deb10e2511ec28b70b27966d5a436d724be48267bcbf200acf,0.07000287901610136
direct_neighbor_ridge,0,0,0,0,0,0,False,4,"[""GMP"", ""NAD"", ""UMP"", ""citrulline""]",[],0,0,8,4,5,methionine,0,1,10.0,705,171,13,5,5.710732257446809,0.4029734963810446,False,32d2e2f547f707a9f12d899e65a934275c9f49020e10d214973126d05910ec9c,0.06873610592447221
direct_neighbor_ridge,0,0,0,0,0,0,False,4,"[""GMP"", ""NAD"", ""UMP"", ""citrulline""]",[],0,0,8,4,5,methionine,0,2,10.0,700,176,13,5,5.740705925428571,0.3974252920124316,False,659dce4f66bf4ee0228513d024a4e287e9f1aa3957152332b1483ab0af67cb42,0.0700204239692539
direct_neighbor_ridge,0,0,0,0,0,0,False,4,"[""GMP"", ""NAD"", ""UMP"", ""citrulline""]",[],0,0,8,4,5,methionine,0,3,10.0,702,174,13,5,5.726730337464388,0.3991828927493059,False,9492e163b6ef19b0563b1ce8302b8e8794e2e4c9c8031c62ff9774a3f63f6f58,0.056845940882340074
direct_neighbor_ridge,0,0,0,0,0,0,False,4,"[""GMP"", ""NAD"", ""UMP"", ""citrulline""]",[],0,0,8,4,5,methionine,0,4,1.0,700,176,17,1,5.751831437428572,0.3837665333034442,False,cf9883e99ee1b956d01c2cb42a4d284b982ce23065d3616a5e1cced359e41fb5,0.05770229292102158
direct_neighbor_ridge,0,0,0,0,0,0,False,4,"[""GMP"", ""NAD"", ""UMP"", ""citrulline""]",[],0,0,8,4,5,methionine,1,0,10.0,705,171,13,5,5.710732257446809,0.4029734963810446,False,32d2e2f547f707a9f12d899e65a934275c9f49020e10d214973126d05910ec9c,0.05722143012098968
direct_neighbor_ridge,0,0,0,0,0,0,False,4,"[""GMP"", ""NAD"", ""UMP"", ""citrulline""]",[],0,0,8,4,5,methionine,1,1,10.0,700,176,17,1,5.751831437428572,0.3837665333034442,False,cf9883e99ee1b956d01c2cb42a4d284b982ce23065d3616a5e1cced359e41fb5,0.05898965406231582
direct_neighbor_ridge,0,0,0,0,0,0,False,4,"[""GMP"", ""NAD"", ""UMP"", ""citrulline""]",[],0,0,8,4,5,methionine,1,2,100.0,697,179,16,2,5.844706393113342,0.3516238559885935,False,db1ab3680dcfc2deb10e2511ec28b70b27966d5a436d724be48267bcbf200acf,0.06810456281527877
direct_neighbor_ridge,0,0,0,0,0,0,False,4,"[""GMP"", ""NAD"", ""UMP"", ""citrulline""]",[],0,0,8,4,5,methionine,1,3,10.0,700,176,13,5,5.740705925428571,0.3974252920124316,False,659dce4f66bf4ee0228513d024a4e287e9f1aa3957152332b1483ab0af67cb42,0.06731594610027969
direct_neighbor_ridge,0,0,0,0,0,0,False,4,"[""GMP"", ""NAD"", ""UMP"", ""citrulline""]",[],0,0,8,4,5,methionine,1,4,100.0,702,174,13,5,5.726730337464388,0.3991828927493059,False,9492e163b6ef19b0563b1ce8302b8e8794e2e4c9c8031c62ff9774a3f63f6f58,0.069446463836357
direct_neighbor_ridge,0,0,0,0,0,0,False,5,"[""AMP"", ""adenosine"", ""beta-alanine"", ""homocysteine"", ""isoleucine""]",[],0,0,10,5,6,ornithine,0,0,100.0,697,179,16,2,5.901764725107604,0.37091255999449113,False,db1ab3680dcfc2deb10e2511ec28b70b27966d5a436d724be48267bcbf200acf,0.06768955895677209
direct_neighbor_ridge,0,0,0,0,0,0,False,5,"[""AMP"", ""adenosine"", ""beta-alanine"", ""homocysteine"", ""isoleucine""]",[],0,0,10,5,6,ornithine,0,1,100.0,705,171,13,5,5.868419232765957,0.39189021898334747,False,32d2e2f547f707a9f12d899e65a934275c9f49020e10d214973126d05910ec9c,0.06219685007818043
direct_neighbor_ridge,0,0,0,0,0,0,False,5,"[""AMP"", ""adenosine"", ""beta-alanine"", ""homocysteine"", ""isoleucine""]",[],0,0,10,5,6,ornithine,0,2,100.0,700,176,13,5,5.857476163,0.37685730093351216,False,659dce4f66bf4ee0228513d024a4e287e9f1aa3957152332b1483ab0af67cb42,0.06974972179159522
direct_neighbor_ridge,0,0,0,0,0,0,False,5,"[""AMP"", ""adenosine"", ""beta-alanine"", ""homocysteine"", ""isoleucine""]",[],0,0,10,5,6,ornithine,0,3,100.0,702,174,13,5,5.870326695584046,0.38229349463561557,False,9492e163b6ef19b0563b1ce8302b8e8794e2e4c9c8031c62ff9774a3f63f6f58,0.1195456471759826
direct_neighbor_ridge,0,0,0,0,0,0,False,5,"[""AMP"", ""adenosine"", ""beta-alanine"", ""homocysteine"", ""isoleucine""]",[],0,0,10,5,6,ornithine,0,4,10.0,700,176,17,1,5.861688638714287,0.3763700504060924,False,cf9883e99ee1b956d01c2cb42a4d284b982ce23065d3616a5e1cced359e41fb5,0.09552638209424913
direct_neighbor_ridge,0,0,0,0,0,0,False,5,"[""AMP"", ""adenosine"", ""beta-alanine"", ""homocysteine"", ""isoleucine""]",[],0,0,10,5,6,ornithine,1,0,100.0,705,171,13,5,5.868419232765957,0.39189021898334747,False,32d2e2f547f707a9f12d899e65a934275c9f49020e10d214973126d05910ec9c,0.07994440291076899
direct_neighbor_ridge,0,0,0,0,0,0,False,5,"[""AMP"", ""adenosine"", ""beta-alanine"", ""homocysteine"", ""isoleucine""]",[],0,0,10,5,6,ornithine,1,1,10.0,700,176,17,1,5.861688638714287,0.3763700504060924,False,cf9883e99ee1b956d01c2cb42a4d284b982ce23065d3616a5e1cced359e41fb5,0.06626698584295809
direct_neighbor_ridge,0,0,0,0,0,0,False,5,"[""AMP"", ""adenosine"", ""beta-alanine"", ""homocysteine"", ""isoleucine""]",[],0,0,10,5,6,ornithine,1,2,100.0,697,179,16,2,5.901764725107604,0.37091255999449113,False,db1ab3680dcfc2deb10e2511ec28b70b27966d5a436d724be48267bcbf200acf,0.06790063320659101
direct_neighbor_ridge,0,0,0,0,0,0,False,5,"[""AMP"", ""adenosine"", ""beta-alanine"", ""homocysteine"", ""isoleucine""]",[],0,0,10,5,6,ornithine,1,3,100.0,700,176,13,5,5.857476163,0.37685730093351216,False,659dce4f66bf4ee0228513d024a4e287e9f1aa3957152332b1483ab0af67cb42,0.07161599700339139
direct_neighbor_ridge,0,0,0,0,0,0,False,5,"[""AMP"", ""adenosine"", ""beta-alanine"", ""homocysteine"", ""isoleucine""]",[],0,0,10,5,6,ornithine,1,4,1.0,702,174,13,5,5.870326695584046,0.38229349463561557,False,9492e163b6ef19b0563b1ce8302b8e8794e2e4c9c8031c62ff9774a3f63f6f58,0.07984994607977569
direct_neighbor_ridge,0,0,0,0,0,0,False,1,"[""glutamate""]",[],0,0,2,1,2,oxalate,0,0,100.0,697,179,16,2,5.8571481606886655,0.19123230688172624,False,db1ab3680dcfc2deb10e2511ec28b70b27966d5a436d724be48267bcbf200acf,0.06626833300106227
direct_neighbor_ridge,0,0,0,0,0,0,False,1,"[""glutamate""]",[],0,0,2,1,2,oxalate,0,1,100.0,705,171,13,5,5.943317970496454,0.24685378640027086,False,32d2e2f547f707a9f12d899e65a934275c9f49020e10d214973126d05910ec9c,0.06457960302941501
direct_neighbor_ridge,0,0,0,0,0,0,False,1,"[""glutamate""]",[],0,0,2,1,2,oxalate,0,2,100.0,700,176,13,5,5.94393518457143,0.24464424725957237,False,659dce4f66bf4ee0228513d024a4e287e9f1aa3957152332b1483ab0af67cb42,0.06502434588037431
direct_neighbor_ridge,0,0,0,0,0,0,False,1,"[""glutamate""]",[],0,0,2,1,2,oxalate,0,3,100.0,702,174,13,5,5.932151932336182,0.24734399059798892,False,9492e163b6ef19b0563b1ce8302b8e8794e2e4c9c8031c62ff9774a3f63f6f58,0.05363723309710622
direct_neighbor_ridge,0,0,0,0,0,0,False,1,"[""glutamate""]",[],0,0,2,1,2,oxalate,0,4,100.0,700,176,17,1,5.923174090142856,0.23355041846191812,False,cf9883e99ee1b956d01c2cb42a4d284b982ce23065d3616a5e1cced359e41fb5,0.05179653991945088
direct_neighbor_ridge,0,0,0,0,0,0,False,1,"[""glutamate""]",[],0,0,2,1,2,oxalate,1,0,100.0,705,171,13,5,5.943317970496454,0.24685378640027086,False,32d2e2f547f707a9f12d899e65a934275c9f49020e10d214973126d05910ec9c,0.047976594185456634
direct_neighbor_ridge,0,0,0,0,0,0,False,1,"[""glutamate""]",[],0,0,2,1,2,oxalate,1,1,100.0,700,176,17,1,5.923174090142856,0.23355041846191812,False,cf9883e99ee1b956d01c2cb42a4d284b982ce23065d3616a5e1cced359e41fb5,0.05359054706059396
direct_neighbor_ridge,0,0,0,0,0,0,False,1,"[""glutamate""]",[],0,0,2,1,2,oxalate,1,2,100.0,697,179,16,2,5.8571481606886655,0.19123230688172624,False,db1ab3680dcfc2deb10e2511ec28b70b27966d5a436d724be48267bcbf200acf,0.04555657901801169
direct_neighbor_ridge,0,0,0,0,0,0,False,1,"[""glutamate""]",[],0,0,2,1,2,oxalate,1,3,100.0,700,176,13,5,5.94393518457143,0.24464424725957237,False,659dce4f66bf4ee0228513d024a4e287e9f1aa3957152332b1483ab0af67cb42,0.05317490012384951
direct_neighbor_ridge,0,0,0,0,0,0,False,1,"[""glutamate""]",[],0,0,2,1,2,oxalate,1,4,100.0,702,174,13,5,5.932151932336182,0.24734399059798892,False,9492e163b6ef19b0563b1ce8302b8e8794e2e4c9c8031c62ff9774a3f63f6f58,0.08233278291299939
direct_neighbor_ridge,0,0,0,0,0,0,False,4,"[""NAD"", ""NADP"", ""glutamine"", ""hypoxanthine""]",[],0,0,8,4,5,phenylalanine,0,0,100.0,697,179,16,2,5.936915044619799,0.38787707730618587,False,db1ab3680dcfc2deb10e2511ec28b70b27966d5a436d724be48267bcbf200acf,0.09837712300941348
direct_neighbor_ridge,0,0,0,0,0,0,False,4,"[""NAD"", ""NADP"", ""glutamine"", ""hypoxanthine""]",[],0,0,8,4,5,phenylalanine,0,1,10.0,705,171,13,5,5.785095450496454,0.4305034051315013,False,32d2e2f547f707a9f12d899e65a934275c9f49020e10d214973126d05910ec9c,0.09336827206425369
direct_neighbor_ridge,0,0,0,0,0,0,False,4,"[""NAD"", ""NADP"", ""glutamine"", ""hypoxanthine""]",[],0,0,8,4,5,phenylalanine,0,2,1.0,700,176,13,5,5.836019977714286,0.43676103299292846,False,659dce4f66bf4ee0228513d024a4e287e9f1aa3957152332b1483ab0af67cb42,0.06861825985834002
direct_neighbor_ridge,0,0,0,0,0,0,False,4,"[""NAD"", ""NADP"", ""glutamine"", ""hypoxanthine""]",[],0,0,8,4,5,phenylalanine,0,3,0.1,702,174,13,5,5.804011151994302,0.4357928814395778,False,9492e163b6ef19b0563b1ce8302b8e8794e2e4c9c8031c62ff9774a3f63f6f58,0.0621284490916878
direct_neighbor_ridge,0,0,0,0,0,0,False,4,"[""NAD"", ""NADP"", ""glutamine"", ""hypoxanthine""]",[],0,0,8,4,5,phenylalanine,0,4,100.0,700,176,17,1,5.839300081428571,0.43520662066993177,False,cf9883e99ee1b956d01c2cb42a4d284b982ce23065d3616a5e1cced359e41fb5,0.058918447932228446
direct_neighbor_ridge,0,0,0,0,0,0,False,4,"[""NAD"", ""NADP"", ""glutamine"", ""hypoxanthine""]",[],0,0,8,4,5,phenylalanine,1,0,10.0,705,171,13,5,5.785095450496454,0.4305034051315013,False,32d2e2f547f707a9f12d899e65a934275c9f49020e10d214973126d05910ec9c,0.06525429710745811
direct_neighbor_ridge,0,0,0,0,0,0,False,4,"[""NAD"", ""NADP"", ""glutamine"", ""hypoxanthine""]",[],0,0,8,4,5,phenylalanine,1,1,100.0,700,176,17,1,5.839300081428571,0.43520662066993177,False,cf9883e99ee1b956d01c2cb42a4d284b982ce23065d3616a5e1cced359e41fb5,0.06798899499699473
direct_neighbor_ridge,0,0,0,0,0,0,False,4,"[""NAD"", ""NADP"", ""glutamine"", ""hypoxanthine""]",[],0,0,8,4,5,phenylalanine,1,2,100.0,697,179,16,2,5.936915044619799,0.38787707730618587,False,db1ab3680dcfc2deb10e2511ec28b70b27966d5a436d724be48267bcbf200acf,0.05710053304210305
direct_neighbor_ridge,0,0,0,0,0,0,False,4,"[""NAD"", ""NADP"", ""glutamine"", ""hypoxanthine""]",[],0,0,8,4,5,phenylalanine,1,3,10.0,700,176,13,5,5.836019977714286,0.43676103299292846,False,659dce4f66bf4ee0228513d024a4e287e9f1aa3957152332b1483ab0af67cb42,0.057508054189383984
direct_neighbor_ridge,0,0,0,0,0,0,False,4,"[""NAD"", ""NADP"", ""glutamine"", ""hypoxanthine""]",[],0,0,8,4,5,phenylalanine,1,4,10.0,702,174,13,5,5.804011151994302,0.4357928814395778,False,9492e163b6ef19b0563b1ce8302b8e8794e2e4c9c8031c62ff9774a3f63f6f58,0.057842617854475975
direct_neighbor_ridge,0,0,0,0,0,0,False,3,"[""AMP"", ""beta-alanine"", ""glutamate""]",[],0,0,6,3,4,proline,0,0,0.1,697,179,16,2,5.845378479196557,0.2597836119794736,False,db1ab3680dcfc2deb10e2511ec28b70b27966d5a436d724be48267bcbf200acf,0.05306868301704526
direct_neighbor_ridge,0,0,0,0,0,0,False,3,"[""AMP"", ""beta-alanine"", ""glutamate""]",[],0,0,6,3,4,proline,0,1,10.0,705,171,13,5,5.842336137872341,0.2589631265461561,False,32d2e2f547f707a9f12d899e65a934275c9f49020e10d214973126d05910ec9c,0.05659593897871673
direct_neighbor_ridge,0,0,0,0,0,0,False,3,"[""AMP"", ""beta-alanine"", ""glutamate""]",[],0,0,6,3,4,proline,0,2,0.1,700,176,13,5,5.830172965428571,0.2636424283030725,False,659dce4f66bf4ee0228513d024a4e287e9f1aa3957152332b1483ab0af67cb42,0.06936449510976672
direct_neighbor_ridge,0,0,0,0,0,0,False,3,"[""AMP"", ""beta-alanine"", ""glutamate""]",[],0,0,6,3,4,proline,0,3,0.1,702,174,13,5,5.858766810683761,0.2529611541886748,False,9492e163b6ef19b0563b1ce8302b8e8794e2e4c9c8031c62ff9774a3f63f6f58,0.06173577206209302
direct_neighbor_ridge,0,0,0,0,0,0,False,3,"[""AMP"", ""beta-alanine"", ""glutamate""]",[],0,0,6,3,4,proline,0,4,1.0,700,176,17,1,5.847336737571429,0.2643426691214404,False,cf9883e99ee1b956d01c2cb42a4d284b982ce23065d3616a5e1cced359e41fb5,0.059702943079173565
direct_neighbor_ridge,0,0,0,0,0,0,False,3,"[""AMP"", ""beta-alanine"", ""glutamate""]",[],0,0,6,3,4,proline,1,0,10.0,705,171,13,5,5.842336137872341,0.2589631265461561,False,32d2e2f547f707a9f12d899e65a934275c9f49020e10d214973126d05910ec9c,0.057632435811683536
direct_neighbor_ridge,0,0,0,0,0,0,False,3,"[""AMP"", ""beta-alanine"", ""glutamate""]",[],0,0,6,3,4,proline,1,1,1.0,700,176,17,1,5.847336737571429,0.2643426691214404,False,cf9883e99ee1b956d01c2cb42a4d284b982ce23065d3616a5e1cced359e41fb5,0.07845988287590444
direct_neighbor_ridge,0,0,0,0,0,0,False,3,"[""AMP"", ""beta-alanine"", ""glutamate""]",[],0,0,6,3,4,proline,1,2,0.1,697,179,16,2,5.845378479196557,0.2597836119794736,False,db1ab3680dcfc2deb10e2511ec28b70b27966d5a436d724be48267bcbf200acf,0.05268647102639079
direct_neighbor_ridge,0,0,0,0,0,0,False,3,"[""AMP"", ""beta-alanine"", ""glutamate""]",[],0,0,6,3,4,proline,1,3,0.1,700,176,13,5,5.830172965428571,0.2636424283030725,False,659dce4f66bf4ee0228513d024a4e287e9f1aa3957152332b1483ab0af67cb42,0.09507818194106221
direct_neighbor_ridge,0,0,0,0,0,0,False,3,"[""AMP"", ""beta-alanine"", ""glutamate""]",[],0,0,6,3,4,proline,1,4,0.1,702,174,13,5,5.858766810683761,0.2529611541886748,False,9492e163b6ef19b0563b1ce8302b8e8794e2e4c9c8031c62ff9774a3f63f6f58,0.09450006508268416
direct_neighbor_ridge,0,0,0,0,0,0,False,1,"[""aspartate""]",[],0,0,2,1,2,putrescine,0,0,0.1,697,179,16,2,5.834476610903874,0.34981390103904925,False,db1ab3680dcfc2deb10e2511ec28b70b27966d5a436d724be48267bcbf200acf,0.058764403918758035
direct_neighbor_ridge,0,0,0,0,0,0,False,1,"[""aspartate""]",[],0,0,2,1,2,putrescine,0,1,0.1,705,171,13,5,5.86676280468085,0.34453860408251974,False,32d2e2f547f707a9f12d899e65a934275c9f49020e10d214973126d05910ec9c,0.053640597965568304
direct_neighbor_ridge,0,0,0,0,0,0,False,1,"[""aspartate""]",[],0,0,2,1,2,putrescine,0,2,0.1,700,176,13,5,5.834921169142857,0.3603584147236382,False,659dce4f66bf4ee0228513d024a4e287e9f1aa3957152332b1483ab0af67cb42,0.04946807585656643
direct_neighbor_ridge,0,0,0,0,0,0,False,1,"[""aspartate""]",[],0,0,2,1,2,putrescine,0,3,0.1,702,174,13,5,5.858962787749288,0.360190081438807,False,9492e163b6ef19b0563b1ce8302b8e8794e2e4c9c8031c62ff9774a3f63f6f58,0.05056528700515628
direct_neighbor_ridge,0,0,0,0,0,0,False,1,"[""aspartate""]",[],0,0,2,1,2,putrescine,0,4,0.1,700,176,17,1,5.842789945571428,0.34901274084762085,False,cf9883e99ee1b956d01c2cb42a4d284b982ce23065d3616a5e1cced359e41fb5,0.05006622103974223
direct_neighbor_ridge,0,0,0,0,0,0,False,1,"[""aspartate""]",[],0,0,2,1,2,putrescine,1,0,0.1,705,171,13,5,5.86676280468085,0.34453860408251974,False,32d2e2f547f707a9f12d899e65a934275c9f49020e10d214973126d05910ec9c,0.05337307904846966
direct_neighbor_ridge,0,0,0,0,0,0,False,1,"[""aspartate""]",[],0,0,2,1,2,putrescine,1,1,0.1,700,176,17,1,5.842789945571428,0.34901274084762085,False,cf9883e99ee1b956d01c2cb42a4d284b982ce23065d3616a5e1cced359e41fb5,0.04817261383868754
direct_neighbor_ridge,0,0,0,0,0,0,False,1,"[""aspartate""]",[],0,0,2,1,2,putrescine,1,2,0.1,697,179,16,2,5.834476610903874,0.34981390103904925,False,db1ab3680dcfc2deb10e2511ec28b70b27966d5a436d724be48267bcbf200acf,0.05101855914108455
direct_neighbor_ridge,0,0,0,0,0,0,False,1,"[""aspartate""]",[],0,0,2,1,2,putrescine,1,3,0.1,700,176,13,5,5.834921169142857,0.3603584147236382,False,659dce4f66bf4ee0228513d024a4e287e9f1aa3957152332b1483ab0af67cb42,0.06664337986148894
direct_neighbor_ridge,0,0,0,0,0,0,False,1,"[""aspartate""]",[],0,0,2,1,2,putrescine,1,4,0.1,702,174,13,5,5.858962787749288,0.360190081438807,False,9492e163b6ef19b0563b1ce8302b8e8794e2e4c9c8031c62ff9774a3f63f6f58,0.04963226499967277
direct_neighbor_ridge,0,0,0,0,0,0,False,3,"[""AMP"", ""CMP"", ""beta-alanine""]",[],0,0,6,3,4,sarcosine,0,0,100.0,697,179,16,2,5.9369144758967005,0.2599483145796618,False,db1ab3680dcfc2deb10e2511ec28b70b27966d5a436d724be48267bcbf200acf,0.061046421993523836
direct_neighbor_ridge,0,0,0,0,0,0,False,3,"[""AMP"", ""CMP"", ""beta-alanine""]",[],0,0,6,3,4,sarcosine,0,1,100.0,705,171,13,5,5.9332476963120575,0.2541831682725793,False,32d2e2f547f707a9f12d899e65a934275c9f49020e10d214973126d05910ec9c,0.05416081799194217
direct_neighbor_ridge,0,0,0,0,0,0,False,3,"[""AMP"", ""CMP"", ""beta-alanine""]",[],0,0,6,3,4,sarcosine,0,2,100.0,700,176,13,5,5.912223672428571,0.24962732851458677,False,659dce4f66bf4ee0228513d024a4e287e9f1aa3957152332b1483ab0af67cb42,0.056629719911143184
direct_neighbor_ridge,0,0,0,0,0,0,False,3,"[""AMP"", ""CMP"", ""beta-alanine""]",[],0,0,6,3,4,sarcosine,0,3,10.0,702,174,13,5,5.933046833618233,0.2506930619362083,False,9492e163b6ef19b0563b1ce8302b8e8794e2e4c9c8031c62ff9774a3f63f6f58,0.07921906094998121
direct_neighbor_ridge,0,0,0,0,0,0,False,3,"[""AMP"", ""CMP"", ""beta-alanine""]",[],0,0,6,3,4,sarcosine,0,4,100.0,700,176,17,1,5.933609104142857,0.2533006462103011,False,cf9883e99ee1b956d01c2cb42a4d284b982ce23065d3616a5e1cced359e41fb5,0.1060572569258511
direct_neighbor_ridge,0,0,0,0,0,0,False,3,"[""AMP"", ""CMP"", ""beta-alanine""]",[],0,0,6,3,4,sarcosine,1,0,100.0,705,171,13,5,5.9332476963120575,0.2541831682725793,False,32d2e2f547f707a9f12d899e65a934275c9f49020e10d214973126d05910ec9c,0.10304265911690891
direct_neighbor_ridge,0,0,0,0,0,0,False,3,"[""AMP"", ""CMP"", ""beta-alanine""]",[],0,0,6,3,4,sarcosine,1,1,100.0,700,176,17,1,5.933609104142857,0.2533006462103011,False,cf9883e99ee1b956d01c2cb42a4d284b982ce23065d3616a5e1cced359e41fb5,0.09359103301540017
direct_neighbor_ridge,0,0,0,0,0,0,False,3,"[""AMP"", ""CMP"", ""beta-alanine""]",[],0,0,6,3,4,sarcosine,1,2,100.0,697,179,16,2,5.9369144758967005,0.2599483145796618,False,db1ab3680dcfc2deb10e2511ec28b70b27966d5a436d724be48267bcbf200acf,0.0654961911495775
direct_neighbor_ridge,0,0,0,0,0,0,False,3,"[""AMP"", ""CMP"", ""beta-alanine""]",[],0,0,6,3,4,sarcosine,1,3,100.0,700,176,13,5,5.912223672428571,0.24962732851458677,False,659dce4f66bf4ee0228513d024a4e287e9f1aa3957152332b1483ab0af67cb42,0.061128536937758327
direct_neighbor_ridge,0,0,0,0,0,0,False,3,"[""AMP"", ""CMP"", ""beta-alanine""]",[],0,0,6,3,4,sarcosine,1,4,100.0,702,174,13,5,5.933046833618233,0.2506930619362083,False,9492e163b6ef19b0563b1ce8302b8e8794e2e4c9c8031c62ff9774a3f63f6f58,0.05303806299343705
direct_neighbor_ridge,0,0,0,0,0,0,False,4,"[""CMP"", ""beta-alanine"", ""citrulline"", ""uracil""]",[],0,0,8,4,5,serine,0,0,0.1,697,179,16,2,5.8674860375896705,0.40389784825569003,False,db1ab3680dcfc2deb10e2511ec28b70b27966d5a436d724be48267bcbf200acf,0.07814323785714805
direct_neighbor_ridge,0,0,0,0,0,0,False,4,"[""CMP"", ""beta-alanine"", ""citrulline"", ""uracil""]",[],0,0,8,4,5,serine,0,1,100.0,705,171,13,5,5.829443674326242,0.40077940544884644,False,32d2e2f547f707a9f12d899e65a934275c9f49020e10d214973126d05910ec9c,0.059138240991160274
direct_neighbor_ridge,0,0,0,0,0,0,False,4,"[""CMP"", ""beta-alanine"", ""citrulline"", ""uracil""]",[],0,0,8,4,5,serine,0,2,10.0,700,176,13,5,5.840584020857143,0.40234808993882604,False,659dce4f66bf4ee0228513d024a4e287e9f1aa3957152332b1483ab0af67cb42,0.09251144481822848
direct_neighbor_ridge,0,0,0,0,0,0,False,4,"[""CMP"", ""beta-alanine"", ""citrulline"", ""uracil""]",[],0,0,8,4,5,serine,0,3,10.0,702,174,13,5,5.833095458831909,0.401278310400293,False,9492e163b6ef19b0563b1ce8302b8e8794e2e4c9c8031c62ff9774a3f63f6f58,0.06982126110233366
direct_neighbor_ridge,0,0,0,0,0,0,False,4,"[""CMP"", ""beta-alanine"", ""citrulline"", ""uracil""]",[],0,0,8,4,5,serine,0,4,0.1,700,176,17,1,5.839002695285714,0.3967722698628182,False,cf9883e99ee1b956d01c2cb42a4d284b982ce23065d3616a5e1cced359e41fb5,0.061134153977036476
direct_neighbor_ridge,0,0,0,0,0,0,False,4,"[""CMP"", ""beta-alanine"", ""citrulline"", ""uracil""]",[],0,0,8,4,5,serine,1,0,100.0,705,171,13,5,5.829443674326242,0.40077940544884644,False,32d2e2f547f707a9f12d899e65a934275c9f49020e10d214973126d05910ec9c,0.058491347124800086
direct_neighbor_ridge,0,0,0,0,0,0,False,4,"[""CMP"", ""beta-alanine"", ""citrulline"", ""uracil""]",[],0,0,8,4,5,serine,1,1,0.1,700,176,17,1,5.839002695285714,0.3967722698628182,False,cf9883e99ee1b956d01c2cb42a4d284b982ce23065d3616a5e1cced359e41fb5,0.06192423403263092
direct_neighbor_ridge,0,0,0,0,0,0,False,4,"[""CMP"", ""beta-alanine"", ""citrulline"", ""uracil""]",[],0,0,8,4,5,serine,1,2,10.0,697,179,16,2,5.8674860375896705,0.40389784825569003,False,db1ab3680dcfc2deb10e2511ec28b70b27966d5a436d724be48267bcbf200acf,0.06920767785049975
direct_neighbor_ridge,0,0,0,0,0,0,False,4,"[""CMP"", ""beta-alanine"", ""citrulline"", ""uracil""]",[],0,0,8,4,5,serine,1,3,0.1,700,176,13,5,5.840584020857143,0.40234808993882604,False,659dce4f66bf4ee0228513d024a4e287e9f1aa3957152332b1483ab0af67cb42,0.06248365598730743
direct_neighbor_ridge,0,0,0,0,0,0,False,4,"[""CMP"", ""beta-alanine"", ""citrulline"", ""uracil""]",[],0,0,8,4,5,serine,1,4,0.1,702,174,13,5,5.833095458831909,0.401278310400293,False,9492e163b6ef19b0563b1ce8302b8e8794e2e4c9c8031c62ff9774a3f63f6f58,0.06794829107820988
direct_neighbor_ridge,0,0,0,0,0,0,False,3,"[""NADP"", ""glutamate"", ""xanthosine""]",[],0,0,6,3,4,taurine,0,0,10.0,697,179,16,2,5.794030961836442,0.41554377802074033,False,db1ab3680dcfc2deb10e2511ec28b70b27966d5a436d724be48267bcbf200acf,0.056538372999057174
direct_neighbor_ridge,0,0,0,0,0,0,False,3,"[""NADP"", ""glutamate"", ""xanthosine""]",[],0,0,6,3,4,taurine,0,1,100.0,705,171,13,5,5.861509952340425,0.41422394247227196,False,32d2e2f547f707a9f12d899e65a934275c9f49020e10d214973126d05910ec9c,0.05875751585699618
direct_neighbor_ridge,0,0,0,0,0,0,False,3,"[""NADP"", ""glutamate"", ""xanthosine""]",[],0,0,6,3,4,taurine,0,2,100.0,700,176,13,5,5.818380698285715,0.4283518066690608,False,659dce4f66bf4ee0228513d024a4e287e9f1aa3957152332b1483ab0af67cb42,0.05934337992221117
direct_neighbor_ridge,0,0,0,0,0,0,False,3,"[""NADP"", ""glutamate"", ""xanthosine""]",[],0,0,6,3,4,taurine,0,3,100.0,702,174,13,5,5.834618115099715,0.4193170364031223,False,9492e163b6ef19b0563b1ce8302b8e8794e2e4c9c8031c62ff9774a3f63f6f58,0.05944414297118783
direct_neighbor_ridge,0,0,0,0,0,0,False,3,"[""NADP"", ""glutamate"", ""xanthosine""]",[],0,0,6,3,4,taurine,0,4,100.0,700,176,17,1,5.827953608571429,0.4264426525650688,False,cf9883e99ee1b956d01c2cb42a4d284b982ce23065d3616a5e1cced359e41fb5,0.058570733992382884
direct_neighbor_ridge,0,0,0,0,0,0,False,3,"[""NADP"", ""glutamate"", ""xanthosine""]",[],0,0,6,3,4,taurine,1,0,100.0,705,171,13,5,5.861509952340425,0.41422394247227196,False,32d2e2f547f707a9f12d899e65a934275c9f49020e10d214973126d05910ec9c,0.07175657991319895
direct_neighbor_ridge,0,0,0,0,0,0,False,3,"[""NADP"", ""glutamate"", ""xanthosine""]",[],0,0,6,3,4,taurine,1,1,100.0,700,176,17,1,5.827953608571429,0.4264426525650688,False,cf9883e99ee1b956d01c2cb42a4d284b982ce23065d3616a5e1cced359e41fb5,0.060262338956817985
direct_neighbor_ridge,0,0,0,0,0,0,False,3,"[""NADP"", ""glutamate"", ""xanthosine""]",[],0,0,6,3,4,taurine,1,2,1.0,697,179,16,2,5.794030961836442,0.41554377802074033,False,db1ab3680dcfc2deb10e2511ec28b70b27966d5a436d724be48267bcbf200acf,0.05876374803483486
direct_neighbor_ridge,0,0,0,0,0,0,False,3,"[""NADP"", ""glutamate"", ""xanthosine""]",[],0,0,6,3,4,taurine,1,3,100.0,700,176,13,5,5.818380698285715,0.4283518066690608,False,659dce4f66bf4ee0228513d024a4e287e9f1aa3957152332b1483ab0af67cb42,0.057995748007670045
direct_neighbor_ridge,0,0,0,0,0,0,False,3,"[""NADP"", ""glutamate"", ""xanthosine""]",[],0,0,6,3,4,taurine,1,4,100.0,702,174,13,5,5.834618115099715,0.4193170364031223,False,9492e163b6ef19b0563b1ce8302b8e8794e2e4c9c8031c62ff9774a3f63f6f58,0.07465272606350482
direct_neighbor_ridge,0,0,0,0,0,0,False,1,"[""leucine""]",[],0,0,2,1,2,taurocholate,0,0,0.1,697,179,16,2,5.911435611764705,0.34414844738965594,False,db1ab3680dcfc2deb10e2511ec28b70b27966d5a436d724be48267bcbf200acf,0.06586117413826287
direct_neighbor_ridge,0,0,0,0,0,0,False,1,"[""leucine""]",[],0,0,2,1,2,taurocholate,0,1,0.1,705,171,13,5,5.878043725106383,0.3820486809030721,False,32d2e2f547f707a9f12d899e65a934275c9f49020e10d214973126d05910ec9c,0.0764176279772073
direct_neighbor_ridge,0,0,0,0,0,0,False,1,"[""leucine""]",[],0,0,2,1,2,taurocholate,0,2,0.1,700,176,13,5,5.887844617428572,0.374976441178634,False,659dce4f66bf4ee0228513d024a4e287e9f1aa3957152332b1483ab0af67cb42,0.08015041798353195
direct_neighbor_ridge,0,0,0,0,0,0,False,1,"[""leucine""]",[],0,0,2,1,2,taurocholate,0,3,0.1,702,174,13,5,5.889667015669515,0.38335104763913297,False,9492e163b6ef19b0563b1ce8302b8e8794e2e4c9c8031c62ff9774a3f63f6f58,0.08055065688677132
direct_neighbor_ridge,0,0,0,0,0,0,False,1,"[""leucine""]",[],0,0,2,1,2,taurocholate,0,4,0.1,700,176,17,1,5.9090318879999995,0.3790101357978578,False,cf9883e99ee1b956d01c2cb42a4d284b982ce23065d3616a5e1cced359e41fb5,0.06999545614235103
direct_neighbor_ridge,0,0,0,0,0,0,False,1,"[""leucine""]",[],0,0,2,1,2,taurocholate,1,0,0.1,705,171,13,5,5.878043725106383,0.3820486809030721,False,32d2e2f547f707a9f12d899e65a934275c9f49020e10d214973126d05910ec9c,0.0680701790843159
direct_neighbor_ridge,0,0,0,0,0,0,False,1,"[""leucine""]",[],0,0,2,1,2,taurocholate,1,1,0.1,700,176,17,1,5.9090318879999995,0.3790101357978578,False,cf9883e99ee1b956d01c2cb42a4d284b982ce23065d3616a5e1cced359e41fb5,0.05223597912117839
direct_neighbor_ridge,0,0,0,0,0,0,False,1,"[""leucine""]",[],0,0,2,1,2,taurocholate,1,2,0.1,697,179,16,2,5.911435611764705,0.34414844738965594,False,db1ab3680dcfc2deb10e2511ec28b70b27966d5a436d724be48267bcbf200acf,0.0521908609662205
direct_neighbor_ridge,0,0,0,0,0,0,False,1,"[""leucine""]",[],0,0,2,1,2,taurocholate,1,3,0.1,700,176,13,5,5.887844617428572,0.374976441178634,False,659dce4f66bf4ee0228513d024a4e287e9f1aa3957152332b1483ab0af67cb42,0.0524693070910871
direct_neighbor_ridge,0,0,0,0,0,0,False,1,"[""leucine""]",[],0,0,2,1,2,taurocholate,1,4,0.1,702,174,13,5,5.889667015669515,0.38335104763913297,False,9492e163b6ef19b0563b1ce8302b8e8794e2e4c9c8031c62ff9774a3f63f6f58,0.051121911033988
direct_neighbor_ridge,0,0,0,0,0,0,False,1,"[""taurine""]",[],0,0,2,1,2,thymidine,0,0,0.1,697,179,16,2,5.962375816929699,0.5300513139536057,False,db1ab3680dcfc2deb10e2511ec28b70b27966d5a436d724be48267bcbf200acf,0.07500328309834003
direct_neighbor_ridge,0,0,0,0,0,0,False,1,"[""taurine""]",[],0,0,2,1,2,thymidine,0,1,0.1,705,171,13,5,5.908778622553192,0.5600769326427631,False,32d2e2f547f707a9f12d899e65a934275c9f49020e10d214973126d05910ec9c,0.05971879209391773
direct_neighbor_ridge,0,0,0,0,0,0,False,1,"[""taurine""]",[],0,0,2,1,2,thymidine,0,2,100.0,700,176,13,5,5.909023223714285,0.557115820969454,False,659dce4f66bf4ee0228513d024a4e287e9f1aa3957152332b1483ab0af67cb42,0.054468323942273855
direct_neighbor_ridge,0,0,0,0,0,0,False,1,"[""taurine""]",[],0,0,2,1,2,thymidine,0,3,100.0,702,174,13,5,5.886195089173788,0.5399623589888455,False,9492e163b6ef19b0563b1ce8302b8e8794e2e4c9c8031c62ff9774a3f63f6f58,0.05433609685860574
direct_neighbor_ridge,0,0,0,0,0,0,False,1,"[""taurine""]",[],0,0,2,1,2,thymidine,0,4,100.0,700,176,17,1,5.899427595285714,0.5575419702739152,False,cf9883e99ee1b956d01c2cb42a4d284b982ce23065d3616a5e1cced359e41fb5,0.05072427191771567
direct_neighbor_ridge,0,0,0,0,0,0,False,1,"[""taurine""]",[],0,0,2,1,2,thymidine,1,0,0.1,705,171,13,5,5.908778622553192,0.5600769326427631,False,32d2e2f547f707a9f12d899e65a934275c9f49020e10d214973126d05910ec9c,0.0540603487752378
direct_neighbor_ridge,0,0,0,0,0,0,False,1,"[""taurine""]",[],0,0,2,1,2,thymidine,1,1,100.0,700,176,17,1,5.899427595285714,0.5575419702739152,False,cf9883e99ee1b956d01c2cb42a4d284b982ce23065d3616a5e1cced359e41fb5,0.05283996998332441
direct_neighbor_ridge,0,0,0,0,0,0,False,1,"[""taurine""]",[],0,0,2,1,2,thymidine,1,2,0.1,697,179,16,2,5.962375816929699,0.5300513139536057,False,db1ab3680dcfc2deb10e2511ec28b70b27966d5a436d724be48267bcbf200acf,0.051035585114732385
direct_neighbor_ridge,0,0,0,0,0,0,False,1,"[""taurine""]",[],0,0,2,1,2,thymidine,1,3,0.1,700,176,13,5,5.909023223714285,0.557115820969454,False,659dce4f66bf4ee0228513d024a4e287e9f1aa3957152332b1483ab0af67cb42,0.05077777081169188
direct_neighbor_ridge,0,0,0,0,0,0,False,1,"[""taurine""]",[],0,0,2,1,2,thymidine,1,4,100.0,702,174,13,5,5.886195089173788,0.5399623589888455,False,9492e163b6ef19b0563b1ce8302b8e8794e2e4c9c8031c62ff9774a3f63f6f58,0.05276675894856453
direct_neighbor_ridge,0,0,0,0,0,0,False,3,"[""AMP"", ""glutamate"", ""lysine""]",[],0,0,6,3,4,thymine,0,0,100.0,697,179,16,2,5.970911329268292,0.3295812339804376,False,db1ab3680dcfc2deb10e2511ec28b70b27966d5a436d724be48267bcbf200acf,0.08378937700763345
direct_neighbor_ridge,0,0,0,0,0,0,False,3,"[""AMP"", ""glutamate"", ""lysine""]",[],0,0,6,3,4,thymine,0,1,100.0,705,171,13,5,5.980005672765958,0.33619117341695987,False,32d2e2f547f707a9f12d899e65a934275c9f49020e10d214973126d05910ec9c,0.07283199299126863
direct_neighbor_ridge,0,0,0,0,0,0,False,3,"[""AMP"", ""glutamate"", ""lysine""]",[],0,0,6,3,4,thymine,0,2,100.0,700,176,13,5,5.969867460571427,0.3276358116038228,False,659dce4f66bf4ee0228513d024a4e287e9f1aa3957152332b1483ab0af67cb42,0.07044582581147552
direct_neighbor_ridge,0,0,0,0,0,0,False,3,"[""AMP"", ""glutamate"", ""lysine""]",[],0,0,6,3,4,thymine,0,3,100.0,702,174,13,5,5.9758683723646735,0.32288297218963347,False,9492e163b6ef19b0563b1ce8302b8e8794e2e4c9c8031c62ff9774a3f63f6f58,0.089988071937114
direct_neighbor_ridge,0,0,0,0,0,0,False,3,"[""AMP"", ""glutamate"", ""lysine""]",[],0,0,6,3,4,thymine,0,4,100.0,700,176,17,1,5.984653504571428,0.3365079394697031,False,cf9883e99ee1b956d01c2cb42a4d284b982ce23065d3616a5e1cced359e41fb5,0.06491354503668845
direct_neighbor_ridge,0,0,0,0,0,0,False,3,"[""AMP"", ""glutamate"", ""lysine""]",[],0,0,6,3,4,thymine,1,0,100.0,705,171,13,5,5.980005672765958,0.33619117341695987,False,32d2e2f547f707a9f12d899e65a934275c9f49020e10d214973126d05910ec9c,0.06324685597792268
direct_neighbor_ridge,0,0,0,0,0,0,False,3,"[""AMP"", ""glutamate"", ""lysine""]",[],0,0,6,3,4,thymine,1,1,100.0,700,176,17,1,5.984653504571428,0.3365079394697031,False,cf9883e99ee1b956d01c2cb42a4d284b982ce23065d3616a5e1cced359e41fb5,0.06894118315540254
direct_neighbor_ridge,0,0,0,0,0,0,False,3,"[""AMP"", ""glutamate"", ""lysine""]",[],0,0,6,3,4,thymine,1,2,100.0,697,179,16,2,5.970911329268292,0.3295812339804376,False,db1ab3680dcfc2deb10e2511ec28b70b27966d5a436d724be48267bcbf200acf,0.07875073794275522
direct_neighbor_ridge,0,0,0,0,0,0,False,3,"[""AMP"", ""glutamate"", ""lysine""]",[],0,0,6,3,4,thymine,1,3,100.0,700,176,13,5,5.969867460571427,0.3276358116038228,False,659dce4f66bf4ee0228513d024a4e287e9f1aa3957152332b1483ab0af67cb42,0.05513736302964389
direct_neighbor_ridge,0,0,0,0,0,0,False,3,"[""AMP"", ""glutamate"", ""lysine""]",[],0,0,6,3,4,thymine,1,4,100.0,702,174,13,5,5.9758683723646735,0.32288297218963347,False,9492e163b6ef19b0563b1ce8302b8e8794e2e4c9c8031c62ff9774a3f63f6f58,0.05526303988881409
direct_neighbor_ridge,0,0,0,0,0,0,False,1,"[""AMP""]",[],0,0,2,1,2,thyroxine,0,0,10.0,697,179,16,2,5.855241731850789,0.22628691761232106,False,db1ab3680dcfc2deb10e2511ec28b70b27966d5a436d724be48267bcbf200acf,0.05623206915333867
direct_neighbor_ridge,0,0,0,0,0,0,False,1,"[""AMP""]",[],0,0,2,1,2,thyroxine,0,1,0.1,705,171,13,5,5.7866734052482265,0.25824962552561564,False,32d2e2f547f707a9f12d899e65a934275c9f49020e10d214973126d05910ec9c,0.07559266197495162
direct_neighbor_ridge,0,0,0,0,0,0,False,1,"[""AMP""]",[],0,0,2,1,2,thyroxine,0,2,10.0,700,176,13,5,5.796167202571429,0.25031687531324254,False,659dce4f66bf4ee0228513d024a4e287e9f1aa3957152332b1483ab0af67cb42,0.05436772317625582
direct_neighbor_ridge,0,0,0,0,0,0,False,1,"[""AMP""]",[],0,0,2,1,2,thyroxine,0,3,0.1,702,174,13,5,5.787326907122507,0.2531773542850331,False,9492e163b6ef19b0563b1ce8302b8e8794e2e4c9c8031c62ff9774a3f63f6f58,0.0541760940104723
direct_neighbor_ridge,0,0,0,0,0,0,False,1,"[""AMP""]",[],0,0,2,1,2,thyroxine,0,4,0.1,700,176,17,1,5.803289504,0.2563724684382436,False,cf9883e99ee1b956d01c2cb42a4d284b982ce23065d3616a5e1cced359e41fb5,0.051179792964830995
direct_neighbor_ridge,0,0,0,0,0,0,False,1,"[""AMP""]",[],0,0,2,1,2,thyroxine,1,0,0.1,705,171,13,5,5.7866734052482265,0.25824962552561564,False,32d2e2f547f707a9f12d899e65a934275c9f49020e10d214973126d05910ec9c,0.054963693022727966
direct_neighbor_ridge,0,0,0,0,0,0,False,1,"[""AMP""]",[],0,0,2,1,2,thyroxine,1,1,0.1,700,176,17,1,5.803289504,0.2563724684382436,False,cf9883e99ee1b956d01c2cb42a4d284b982ce23065d3616a5e1cced359e41fb5,0.058637473033741117
direct_neighbor_ridge,0,0,0,0,0,0,False,1,"[""AMP""]",[],0,0,2,1,2,thyroxine,1,2,10.0,697,179,16,2,5.855241731850789,0.22628691761232106,False,db1ab3680dcfc2deb10e2511ec28b70b27966d5a436d724be48267bcbf200acf,0.06596045289188623
direct_neighbor_ridge,0,0,0,0,0,0,False,1,"[""AMP""]",[],0,0,2,1,2,thyroxine,1,3,10.0,700,176,13,5,5.796167202571429,0.25031687531324254,False,659dce4f66bf4ee0228513d024a4e287e9f1aa3957152332b1483ab0af67cb42,0.061321057844907045
direct_neighbor_ridge,0,0,0,0,0,0,False,1,"[""AMP""]",[],0,0,2,1,2,thyroxine,1,4,0.1,702,174,13,5,5.787326907122507,0.2531773542850331,False,9492e163b6ef19b0563b1ce8302b8e8794e2e4c9c8031c62ff9774a3f63f6f58,0.06729026301763952
direct_neighbor_ridge,0,0,0,0,0,0,False,1,"[""glutamate""]",[],0,0,2,1,2,trimethylamine-N-oxide,0,0,100.0,697,179,16,2,5.856797537302725,0.2547969015671801,False,db1ab3680dcfc2deb10e2511ec28b70b27966d5a436d724be48267bcbf200acf,0.05162520497106016
direct_neighbor_ridge,0,0,0,0,0,0,False,1,"[""glutamate""]",[],0,0,2,1,2,trimethylamine-N-oxide,0,1,100.0,705,171,13,5,5.919379167092199,0.2899780925131509,False,32d2e2f547f707a9f12d899e65a934275c9f49020e10d214973126d05910ec9c,0.05956229194998741
direct_neighbor_ridge,0,0,0,0,0,0,False,1,"[""glutamate""]",[],0,0,2,1,2,trimethylamine-N-oxide,0,2,100.0,700,176,13,5,5.927241334714285,0.2901267256784374,False,659dce4f66bf4ee0228513d024a4e287e9f1aa3957152332b1483ab0af67cb42,0.05712166614830494
direct_neighbor_ridge,0,0,0,0,0,0,False,1,"[""glutamate""]",[],0,0,2,1,2,trimethylamine-N-oxide,0,3,100.0,702,174,13,5,5.907509206410257,0.2903992841751525,False,9492e163b6ef19b0563b1ce8302b8e8794e2e4c9c8031c62ff9774a3f63f6f58,0.053831234807148576
direct_neighbor_ridge,0,0,0,0,0,0,False,1,"[""glutamate""]",[],0,0,2,1,2,trimethylamine-N-oxide,0,4,100.0,700,176,17,1,5.932823168142856,0.22097707794343013,False,cf9883e99ee1b956d01c2cb42a4d284b982ce23065d3616a5e1cced359e41fb5,0.05294842110015452
direct_neighbor_ridge,0,0,0,0,0,0,False,1,"[""glutamate""]",[],0,0,2,1,2,trimethylamine-N-oxide,1,0,100.0,705,171,13,5,5.919379167092199,0.2899780925131509,False,32d2e2f547f707a9f12d899e65a934275c9f49020e10d214973126d05910ec9c,0.05160660692490637
direct_neighbor_ridge,0,0,0,0,0,0,False,1,"[""glutamate""]",[],0,0,2,1,2,trimethylamine-N-oxide,1,1,100.0,700,176,17,1,5.932823168142856,0.22097707794343013,False,cf9883e99ee1b956d01c2cb42a4d284b982ce23065d3616a5e1cced359e41fb5,0.052827921928837895
direct_neighbor_ridge,0,0,0,0,0,0,False,1,"[""glutamate""]",[],0,0,2,1,2,trimethylamine-N-oxide,1,2,100.0,697,179,16,2,5.856797537302725,0.2547969015671801,False,db1ab3680dcfc2deb10e2511ec28b70b27966d5a436d724be48267bcbf200acf,0.077334278030321
direct_neighbor_ridge,0,0,0,0,0,0,False,1,"[""glutamate""]",[],0,0,2,1,2,trimethylamine-N-oxide,1,3,100.0,700,176,13,5,5.927241334714285,0.2901267256784374,False,659dce4f66bf4ee0228513d024a4e287e9f1aa3957152332b1483ab0af67cb42,0.05858565215021372
direct_neighbor_ridge,0,0,0,0,0,0,False,1,"[""glutamate""]",[],0,0,2,1,2,trimethylamine-N-oxide,1,4,100.0,702,174,13,5,5.907509206410257,0.2903992841751525,False,9492e163b6ef19b0563b1ce8302b8e8794e2e4c9c8031c62ff9774a3f63f6f58,0.05482242815196514
direct_neighbor_ridge,0,0,0,0,0,0,False,2,"[""AMP"", ""methionine""]",[],0,0,4,2,3,tyrosine,0,0,0.1,697,179,16,2,5.917222123959827,0.3722744418302163,False,db1ab3680dcfc2deb10e2511ec28b70b27966d5a436d724be48267bcbf200acf,0.055031113093718886
direct_neighbor_ridge,0,0,0,0,0,0,False,2,"[""AMP"", ""methionine""]",[],0,0,4,2,3,tyrosine,0,1,1.0,705,171,13,5,5.773517087092199,0.41759768808280395,False,32d2e2f547f707a9f12d899e65a934275c9f49020e10d214973126d05910ec9c,0.054659364046528935
direct_neighbor_ridge,0,0,0,0,0,0,False,2,"[""AMP"", ""methionine""]",[],0,0,4,2,3,tyrosine,0,2,0.1,700,176,13,5,5.814119894,0.4182054905141444,False,659dce4f66bf4ee0228513d024a4e287e9f1aa3957152332b1483ab0af67cb42,0.07161516300402582
direct_neighbor_ridge,0,0,0,0,0,0,False,2,"[""AMP"", ""methionine""]",[],0,0,4,2,3,tyrosine,0,3,0.1,702,174,13,5,5.791375897720797,0.4207102216982868,False,9492e163b6ef19b0563b1ce8302b8e8794e2e4c9c8031c62ff9774a3f63f6f58,0.06871090410277247
direct_neighbor_ridge,0,0,0,0,0,0,False,2,"[""AMP"", ""methionine""]",[],0,0,4,2,3,tyrosine,0,4,10.0,700,176,17,1,5.8235101828571425,0.4117771377078516,False,cf9883e99ee1b956d01c2cb42a4d284b982ce23065d3616a5e1cced359e41fb5,0.0653944278601557
direct_neighbor_ridge,0,0,0,0,0,0,False,2,"[""AMP"", ""methionine""]",[],0,0,4,2,3,tyrosine,1,0,1.0,705,171,13,5,5.773517087092199,0.41759768808280395,False,32d2e2f547f707a9f12d899e65a934275c9f49020e10d214973126d05910ec9c,0.07946728100068867
direct_neighbor_ridge,0,0,0,0,0,0,False,2,"[""AMP"", ""methionine""]",[],0,0,4,2,3,tyrosine,1,1,10.0,700,176,17,1,5.8235101828571425,0.4117771377078516,False,cf9883e99ee1b956d01c2cb42a4d284b982ce23065d3616a5e1cced359e41fb5,0.06236998317763209
direct_neighbor_ridge,0,0,0,0,0,0,False,2,"[""AMP"", ""methionine""]",[],0,0,4,2,3,tyrosine,1,2,0.1,697,179,16,2,5.917222123959827,0.3722744418302163,False,db1ab3680dcfc2deb10e2511ec28b70b27966d5a436d724be48267bcbf200acf,0.07723566400818527
direct_neighbor_ridge,0,0,0,0,0,0,False,2,"[""AMP"", ""methionine""]",[],0,0,4,2,3,tyrosine,1,3,0.1,700,176,13,5,5.814119894,0.4182054905141444,False,659dce4f66bf4ee0228513d024a4e287e9f1aa3957152332b1483ab0af67cb42,0.06904404913075268
direct_neighbor_ridge,0,0,0,0,0,0,False,2,"[""AMP"", ""methionine""]",[],0,0,4,2,3,tyrosine,1,4,0.1,702,174,13,5,5.791375897720797,0.4207102216982868,False,9492e163b6ef19b0563b1ce8302b8e8794e2e4c9c8031c62ff9774a3f63f6f58,0.06332880887202919
direct_neighbor_ridge,0,0,0,0,0,0,False,3,"[""NAD"", ""leucine"", ""ornithine""]",[],0,0,6,3,4,uracil,0,0,100.0,697,179,16,2,5.845100508608321,0.3159661360177283,False,db1ab3680dcfc2deb10e2511ec28b70b27966d5a436d724be48267bcbf200acf,0.0549814379774034
direct_neighbor_ridge,0,0,0,0,0,0,False,3,"[""NAD"", ""leucine"", ""ornithine""]",[],0,0,6,3,4,uracil,0,1,1.0,705,171,13,5,5.727848015744681,0.3774054832536749,False,32d2e2f547f707a9f12d899e65a934275c9f49020e10d214973126d05910ec9c,0.059487445978447795
direct_neighbor_ridge,0,0,0,0,0,0,False,3,"[""NAD"", ""leucine"", ""ornithine""]",[],0,0,6,3,4,uracil,0,2,1.0,700,176,13,5,5.735356466142857,0.3695420163498155,False,659dce4f66bf4ee0228513d024a4e287e9f1aa3957152332b1483ab0af67cb42,0.05714082112535834
direct_neighbor_ridge,0,0,0,0,0,0,False,3,"[""NAD"", ""leucine"", ""ornithine""]",[],0,0,6,3,4,uracil,0,3,0.1,702,174,13,5,5.759301471225071,0.37150365774601596,False,9492e163b6ef19b0563b1ce8302b8e8794e2e4c9c8031c62ff9774a3f63f6f58,0.07384333806112409
direct_neighbor_ridge,0,0,0,0,0,0,False,3,"[""NAD"", ""leucine"", ""ornithine""]",[],0,0,6,3,4,uracil,0,4,10.0,700,176,17,1,5.755836698428571,0.3648126906194723,False,cf9883e99ee1b956d01c2cb42a4d284b982ce23065d3616a5e1cced359e41fb5,0.06141930399462581
direct_neighbor_ridge,0,0,0,0,0,0,False,3,"[""NAD"", ""leucine"", ""ornithine""]",[],0,0,6,3,4,uracil,1,0,1.0,705,171,13,5,5.727848015744681,0.3774054832536749,False,32d2e2f547f707a9f12d899e65a934275c9f49020e10d214973126d05910ec9c,0.05878084618598223
direct_neighbor_ridge,0,0,0,0,0,0,False,3,"[""NAD"", ""leucine"", ""ornithine""]",[],0,0,6,3,4,uracil,1,1,10.0,700,176,17,1,5.755836698428571,0.3648126906194723,False,cf9883e99ee1b956d01c2cb42a4d284b982ce23065d3616a5e1cced359e41fb5,0.06982497102580965
direct_neighbor_ridge,0,0,0,0,0,0,False,3,"[""NAD"", ""leucine"", ""ornithine""]",[],0,0,6,3,4,uracil,1,2,100.0,697,179,16,2,5.845100508608321,0.3159661360177283,False,db1ab3680dcfc2deb10e2511ec28b70b27966d5a436d724be48267bcbf200acf,0.05856236186809838
direct_neighbor_ridge,0,0,0,0,0,0,False,3,"[""NAD"", ""leucine"", ""ornithine""]",[],0,0,6,3,4,uracil,1,3,10.0,700,176,13,5,5.735356466142857,0.3695420163498155,False,659dce4f66bf4ee0228513d024a4e287e9f1aa3957152332b1483ab0af67cb42,0.05081401206552982
direct_neighbor_ridge,0,0,0,0,0,0,False,3,"[""NAD"", ""leucine"", ""ornithine""]",[],0,0,6,3,4,uracil,1,4,0.1,702,174,13,5,5.759301471225071,0.37150365774601596,False,9492e163b6ef19b0563b1ce8302b8e8794e2e4c9c8031c62ff9774a3f63f6f58,0.05223731300793588
direct_neighbor_ridge,0,0,0,0,0,0,False,2,"[""glutamate"", ""phenylalanine""]",[],0,0,4,2,3,urate,0,0,100.0,697,179,16,2,5.797735194404591,0.4578812329363871,False,db1ab3680dcfc2deb10e2511ec28b70b27966d5a436d724be48267bcbf200acf,0.05202660709619522
direct_neighbor_ridge,0,0,0,0,0,0,False,2,"[""glutamate"", ""phenylalanine""]",[],0,0,4,2,3,urate,0,1,10.0,705,171,13,5,5.702445728226951,0.4768405401686225,False,32d2e2f547f707a9f12d899e65a934275c9f49020e10d214973126d05910ec9c,0.05091869016177952
direct_neighbor_ridge,0,0,0,0,0,0,False,2,"[""glutamate"", ""phenylalanine""]",[],0,0,4,2,3,urate,0,2,1.0,700,176,13,5,5.725258205285715,0.4738774760521925,False,659dce4f66bf4ee0228513d024a4e287e9f1aa3957152332b1483ab0af67cb42,0.05673799500800669
direct_neighbor_ridge,0,0,0,0,0,0,False,2,"[""glutamate"", ""phenylalanine""]",[],0,0,4,2,3,urate,0,3,10.0,702,174,13,5,5.714262068091168,0.47434052084248074,False,9492e163b6ef19b0563b1ce8302b8e8794e2e4c9c8031c62ff9774a3f63f6f58,0.06025131302885711
direct_neighbor_ridge,0,0,0,0,0,0,False,2,"[""glutamate"", ""phenylalanine""]",[],0,0,4,2,3,urate,0,4,100.0,700,176,17,1,5.757721383428571,0.4403424910616518,False,cf9883e99ee1b956d01c2cb42a4d284b982ce23065d3616a5e1cced359e41fb5,0.05372955813072622
direct_neighbor_ridge,0,0,0,0,0,0,False,2,"[""glutamate"", ""phenylalanine""]",[],0,0,4,2,3,urate,1,0,10.0,705,171,13,5,5.702445728226951,0.4768405401686225,False,32d2e2f547f707a9f12d899e65a934275c9f49020e10d214973126d05910ec9c,0.05853471299633384
direct_neighbor_ridge,0,0,0,0,0,0,False,2,"[""glutamate"", ""phenylalanine""]",[],0,0,4,2,3,urate,1,1,10.0,700,176,17,1,5.757721383428571,0.4403424910616518,False,cf9883e99ee1b956d01c2cb42a4d284b982ce23065d3616a5e1cced359e41fb5,0.050109072122722864
direct_neighbor_ridge,0,0,0,0,0,0,False,2,"[""glutamate"", ""phenylalanine""]",[],0,0,4,2,3,urate,1,2,100.0,697,179,16,2,5.797735194404591,0.4578812329363871,False,db1ab3680dcfc2deb10e2511ec28b70b27966d5a436d724be48267bcbf200acf,0.054391494020819664
direct_neighbor_ridge,0,0,0,0,0,0,False,2,"[""glutamate"", ""phenylalanine""]",[],0,0,4,2,3,urate,1,3,0.1,700,176,13,5,5.725258205285715,0.4738774760521925,False,659dce4f66bf4ee0228513d024a4e287e9f1aa3957152332b1483ab0af67cb42,0.050928047858178616
direct_neighbor_ridge,0,0,0,0,0,0,False,2,"[""glutamate"", ""phenylalanine""]",[],0,0,4,2,3,urate,1,4,10.0,702,174,13,5,5.714262068091168,0.47434052084248074,False,9492e163b6ef19b0563b1ce8302b8e8794e2e4c9c8031c62ff9774a3f63f6f58,0.05226680194027722
direct_neighbor_ridge,0,0,0,0,0,0,False,3,"[""GMP"", ""hypoxanthine"", ""inositol""]",[],0,0,6,3,4,uridine,0,0,100.0,697,179,16,2,5.8853204464849345,0.41578380381128677,False,db1ab3680dcfc2deb10e2511ec28b70b27966d5a436d724be48267bcbf200acf,0.0553756810259074
direct_neighbor_ridge,0,0,0,0,0,0,False,3,"[""GMP"", ""hypoxanthine"", ""inositol""]",[],0,0,6,3,4,uridine,0,1,100.0,705,171,13,5,5.912085544539007,0.5282150813484331,False,32d2e2f547f707a9f12d899e65a934275c9f49020e10d214973126d05910ec9c,0.055482498137280345
direct_neighbor_ridge,0,0,0,0,0,0,False,3,"[""GMP"", ""hypoxanthine"", ""inositol""]",[],0,0,6,3,4,uridine,0,2,100.0,700,176,13,5,5.909856147857143,0.5147179309281458,False,659dce4f66bf4ee0228513d024a4e287e9f1aa3957152332b1483ab0af67cb42,0.05907810595817864
direct_neighbor_ridge,0,0,0,0,0,0,False,3,"[""GMP"", ""hypoxanthine"", ""inositol""]",[],0,0,6,3,4,uridine,0,3,100.0,702,174,13,5,5.934038315811966,0.5230206325839802,False,9492e163b6ef19b0563b1ce8302b8e8794e2e4c9c8031c62ff9774a3f63f6f58,0.056700190994888544
direct_neighbor_ridge,0,0,0,0,0,0,False,3,"[""GMP"", ""hypoxanthine"", ""inositol""]",[],0,0,6,3,4,uridine,0,4,100.0,700,176,17,1,5.898471694142857,0.5131303828795306,False,cf9883e99ee1b956d01c2cb42a4d284b982ce23065d3616a5e1cced359e41fb5,0.05357606499455869
direct_neighbor_ridge,0,0,0,0,0,0,False,3,"[""GMP"", ""hypoxanthine"", ""inositol""]",[],0,0,6,3,4,uridine,1,0,100.0,705,171,13,5,5.912085544539007,0.5282150813484331,False,32d2e2f547f707a9f12d899e65a934275c9f49020e10d214973126d05910ec9c,0.06252577807754278
direct_neighbor_ridge,0,0,0,0,0,0,False,3,"[""GMP"", ""hypoxanthine"", ""inositol""]",[],0,0,6,3,4,uridine,1,1,100.0,700,176,17,1,5.898471694142857,0.5131303828795306,False,cf9883e99ee1b956d01c2cb42a4d284b982ce23065d3616a5e1cced359e41fb5,0.053379954071715474
direct_neighbor_ridge,0,0,0,0,0,0,False,3,"[""GMP"", ""hypoxanthine"", ""inositol""]",[],0,0,6,3,4,uridine,1,2,100.0,697,179,16,2,5.8853204464849345,0.41578380381128677,False,db1ab3680dcfc2deb10e2511ec28b70b27966d5a436d724be48267bcbf200acf,0.052190217189490795
direct_neighbor_ridge,0,0,0,0,0,0,False,3,"[""GMP"", ""hypoxanthine"", ""inositol""]",[],0,0,6,3,4,uridine,1,3,100.0,700,176,13,5,5.909856147857143,0.5147179309281458,False,659dce4f66bf4ee0228513d024a4e287e9f1aa3957152332b1483ab0af67cb42,0.06348724709823728
direct_neighbor_ridge,0,0,0,0,0,0,False,3,"[""GMP"", ""hypoxanthine"", ""inositol""]",[],0,0,6,3,4,uridine,1,4,100.0,702,174,13,5,5.934038315811966,0.5230206325839802,False,9492e163b6ef19b0563b1ce8302b8e8794e2e4c9c8031c62ff9774a3f63f6f58,0.0589794940315187
direct_neighbor_ridge,0,0,0,0,0,0,False,1,"[""AMP""]",[],0,0,2,1,2,valine,0,0,0.1,697,179,16,2,5.952121997417504,0.36407681708229,False,db1ab3680dcfc2deb10e2511ec28b70b27966d5a436d724be48267bcbf200acf,0.05357077601365745
direct_neighbor_ridge,0,0,0,0,0,0,False,1,"[""AMP""]",[],0,0,2,1,2,valine,0,1,0.1,705,171,13,5,5.8379196573049645,0.3773248284035181,False,32d2e2f547f707a9f12d899e65a934275c9f49020e10d214973126d05910ec9c,0.05327060190029442
direct_neighbor_ridge,0,0,0,0,0,0,False,1,"[""AMP""]",[],0,0,2,1,2,valine,0,2,0.1,700,176,13,5,5.8849640270000005,0.3945943885573533,False,659dce4f66bf4ee0228513d024a4e287e9f1aa3957152332b1483ab0af67cb42,0.05230646091513336
direct_neighbor_ridge,0,0,0,0,0,0,False,1,"[""AMP""]",[],0,0,2,1,2,valine,0,3,0.1,702,174,13,5,5.848345252849003,0.390876603874631,False,9492e163b6ef19b0563b1ce8302b8e8794e2e4c9c8031c62ff9774a3f63f6f58,0.05372587312012911
direct_neighbor_ridge,0,0,0,0,0,0,False,1,"[""AMP""]",[],0,0,2,1,2,valine,0,4,0.1,700,176,17,1,5.877318387142858,0.3902412272704989,False,cf9883e99ee1b956d01c2cb42a4d284b982ce23065d3616a5e1cced359e41fb5,0.05172564508393407
direct_neighbor_ridge,0,0,0,0,0,0,False,1,"[""AMP""]",[],0,0,2,1,2,valine,1,0,0.1,705,171,13,5,5.8379196573049645,0.3773248284035181,False,32d2e2f547f707a9f12d899e65a934275c9f49020e10d214973126d05910ec9c,0.05255161295644939
direct_neighbor_ridge,0,0,0,0,0,0,False,1,"[""AMP""]",[],0,0,2,1,2,valine,1,1,0.1,700,176,17,1,5.877318387142858,0.3902412272704989,False,cf9883e99ee1b956d01c2cb42a4d284b982ce23065d3616a5e1cced359e41fb5,0.05154572008177638
direct_neighbor_ridge,0,0,0,0,0,0,False,1,"[""AMP""]",[],0,0,2,1,2,valine,1,2,0.1,697,179,16,2,5.952121997417504,0.36407681708229,False,db1ab3680dcfc2deb10e2511ec28b70b27966d5a436d724be48267bcbf200acf,0.0623340408783406
direct_neighbor_ridge,0,0,0,0,0,0,False,1,"[""AMP""]",[],0,0,2,1,2,valine,1,3,0.1,700,176,13,5,5.8849640270000005,0.3945943885573533,False,659dce4f66bf4ee0228513d024a4e287e9f1aa3957152332b1483ab0af67cb42,0.049898494966328144
direct_neighbor_ridge,0,0,0,0,0,0,False,1,"[""AMP""]",[],0,0,2,1,2,valine,1,4,0.1,702,174,13,5,5.848345252849003,0.390876603874631,False,9492e163b6ef19b0563b1ce8302b8e8794e2e4c9c8031c62ff9774a3f63f6f58,0.0721291839145124
direct_neighbor_ridge,0,0,0,0,0,0,False,4,"[""choline"", ""glutamate"", ""thymidine"", ""tyrosine""]",[],0,0,8,4,5,xanthine,0,0,100.0,697,179,16,2,5.8261626595408895,0.3226517288205138,False,db1ab3680dcfc2deb10e2511ec28b70b27966d5a436d724be48267bcbf200acf,0.05464211106300354
direct_neighbor_ridge,0,0,0,0,0,0,False,4,"[""choline"", ""glutamate"", ""thymidine"", ""tyrosine""]",[],0,0,8,4,5,xanthine,0,1,0.1,705,171,13,5,5.668218426241134,0.44533618503026734,False,32d2e2f547f707a9f12d899e65a934275c9f49020e10d214973126d05910ec9c,0.07710481504909694
direct_neighbor_ridge,0,0,0,0,0,0,False,4,"[""choline"", ""glutamate"", ""thymidine"", ""tyrosine""]",[],0,0,8,4,5,xanthine,0,2,0.1,700,176,13,5,5.675177004,0.4388265188264273,False,659dce4f66bf4ee0228513d024a4e287e9f1aa3957152332b1483ab0af67cb42,0.06597284600138664
direct_neighbor_ridge,0,0,0,0,0,0,False,4,"[""choline"", ""glutamate"", ""thymidine"", ""tyrosine""]",[],0,0,8,4,5,xanthine,0,3,1.0,702,174,13,5,5.677283422934472,0.4355980429993409,False,9492e163b6ef19b0563b1ce8302b8e8794e2e4c9c8031c62ff9774a3f63f6f58,0.07183674303814769
direct_neighbor_ridge,0,0,0,0,0,0,False,4,"[""choline"", ""glutamate"", ""thymidine"", ""tyrosine""]",[],0,0,8,4,5,xanthine,0,4,0.1,700,176,17,1,5.702935143571429,0.4239551919699778,False,cf9883e99ee1b956d01c2cb42a4d284b982ce23065d3616a5e1cced359e41fb5,0.07482170104049146
direct_neighbor_ridge,0,0,0,0,0,0,False,4,"[""choline"", ""glutamate"", ""thymidine"", ""tyrosine""]",[],0,0,8,4,5,xanthine,1,0,0.1,705,171,13,5,5.668218426241134,0.44533618503026734,False,32d2e2f547f707a9f12d899e65a934275c9f49020e10d214973126d05910ec9c,0.05232203705236316
direct_neighbor_ridge,0,0,0,0,0,0,False,4,"[""choline"", ""glutamate"", ""thymidine"", ""tyrosine""]",[],0,0,8,4,5,xanthine,1,1,0.1,700,176,17,1,5.702935143571429,0.4239551919699778,False,cf9883e99ee1b956d01c2cb42a4d284b982ce23065d3616a5e1cced359e41fb5,0.05780819081701338
direct_neighbor_ridge,0,0,0,0,0,0,False,4,"[""choline"", ""glutamate"", ""thymidine"", ""tyrosine""]",[],0,0,8,4,5,xanthine,1,2,100.0,697,179,16,2,5.8261626595408895,0.3226517288205138,False,db1ab3680dcfc2deb10e2511ec28b70b27966d5a436d724be48267bcbf200acf,0.11727176490239799
direct_neighbor_ridge,0,0,0,0,0,0,False,4,"[""choline"", ""glutamate"", ""thymidine"", ""tyrosine""]",[],0,0,8,4,5,xanthine,1,3,0.1,700,176,13,5,5.675177004,0.4388265188264273,False,659dce4f66bf4ee0228513d024a4e287e9f1aa3957152332b1483ab0af67cb42,0.16241979412734509
direct_neighbor_ridge,0,0,0,0,0,0,False,4,"[""choline"", ""glutamate"", ""thymidine"", ""tyrosine""]",[],0,0,8,4,5,xanthine,1,4,0.1,702,174,13,5,5.677283422934472,0.4355980429993409,False,9492e163b6ef19b0563b1ce8302b8e8794e2e4c9c8031c62ff9774a3f63f6f58,0.09658442484214902
direct_neighbor_ridge,0,0,0,0,0,0,False,1,"[""methionine""]",[],0,0,2,1,2,xanthosine,0,0,100.0,697,179,16,2,5.868730441750358,0.23648420012118596,False,db1ab3680dcfc2deb10e2511ec28b70b27966d5a436d724be48267bcbf200acf,0.05944142211228609
direct_neighbor_ridge,0,0,0,0,0,0,False,1,"[""methionine""]",[],0,0,2,1,2,xanthosine,0,1,10.0,705,171,13,5,5.809038896737588,0.28486213680139005,False,32d2e2f547f707a9f12d899e65a934275c9f49020e10d214973126d05910ec9c,0.07314936490729451
direct_neighbor_ridge,0,0,0,0,0,0,False,1,"[""methionine""]",[],0,0,2,1,2,xanthosine,0,2,0.1,700,176,13,5,5.8054182618571435,0.2760639029596894,False,659dce4f66bf4ee0228513d024a4e287e9f1aa3957152332b1483ab0af67cb42,0.05635892599821091
direct_neighbor_ridge,0,0,0,0,0,0,False,1,"[""methionine""]",[],0,0,2,1,2,xanthosine,0,3,10.0,702,174,13,5,5.81375750071225,0.26668885124187874,False,9492e163b6ef19b0563b1ce8302b8e8794e2e4c9c8031c62ff9774a3f63f6f58,0.05389707093127072
direct_neighbor_ridge,0,0,0,0,0,0,False,1,"[""methionine""]",[],0,0,2,1,2,xanthosine,0,4,10.0,700,176,17,1,5.830317585,0.2650109615358276,False,cf9883e99ee1b956d01c2cb42a4d284b982ce23065d3616a5e1cced359e41fb5,0.053480536909773946
direct_neighbor_ridge,0,0,0,0,0,0,False,1,"[""methionine""]",[],0,0,2,1,2,xanthosine,1,0,10.0,705,171,13,5,5.809038896737588,0.28486213680139005,False,32d2e2f547f707a9f12d899e65a934275c9f49020e10d214973126d05910ec9c,0.05388284893706441
direct_neighbor_ridge,0,0,0,0,0,0,False,1,"[""methionine""]",[],0,0,2,1,2,xanthosine,1,1,10.0,700,176,17,1,5.830317585,0.2650109615358276,False,cf9883e99ee1b956d01c2cb42a4d284b982ce23065d3616a5e1cced359e41fb5,0.04998477012850344
direct_neighbor_ridge,0,0,0,0,0,0,False,1,"[""methionine""]",[],0,0,2,1,2,xanthosine,1,2,100.0,697,179,16,2,5.868730441750358,0.23648420012118596,False,db1ab3680dcfc2deb10e2511ec28b70b27966d5a436d724be48267bcbf200acf,0.0630050899926573
direct_neighbor_ridge,0,0,0,0,0,0,False,1,"[""methionine""]",[],0,0,2,1,2,xanthosine,1,3,0.1,700,176,13,5,5.8054182618571435,0.2760639029596894,False,659dce4f66bf4ee0228513d024a4e287e9f1aa3957152332b1483ab0af67cb42,0.06955963908694685
direct_neighbor_ridge,0,0,0,0,0,0,False,1,"[""methionine""]",[],0,0,2,1,2,xanthosine,1,4,10.0,702,174,13,5,5.81375750071225,0.26668885124187874,False,9492e163b6ef19b0563b1ce8302b8e8794e2e4c9c8031c62ff9774a3f63f6f58,0.064810527022928
