model,selection_candidate_metabolites,raw_transcript_genes,expression_signatures,interaction_count,pca_requested_components,pca_training_rank,pca_rank_capped,raw_metabolites,selected_metabolites,selected_signatures,empty_training_features,constant_training_features,transform_learned_parameters,representation_dimension,coefficient_count,target,repeat,outer_fold,selected_alpha,training_samples,test_samples,training_groups,test_groups,target_center,target_scale,training_target_constant,split_digest,elapsed_seconds
direct_neighbor_ridge,0,0,0,0,0,0,False,15,"[""alanine"", ""arginine"", ""betaine"", ""dimethylglycine"", ""glutamate"", ""homocysteine"", ""isocitrate"", ""kynurenine"", ""methionine"", ""ornithine"", ""serine"", ""thymine"", ""thyroxine"", ""uracil"", ""urate""]",[],0,0,30,15,16,AMP,0,0,100.0,697,179,16,2,5.876602736441894,0.3500566287910305,False,db1ab3680dcfc2deb10e2511ec28b70b27966d5a436d724be48267bcbf200acf,0.06765055516734719
direct_neighbor_ridge,0,0,0,0,0,0,False,15,"[""alanine"", ""arginine"", ""betaine"", ""dimethylglycine"", ""glutamate"", ""homocysteine"", ""isocitrate"", ""kynurenine"", ""methionine"", ""ornithine"", ""serine"", ""thymine"", ""thyroxine"", ""uracil"", ""urate""]",[],0,0,30,15,16,AMP,0,1,10.0,705,171,13,5,6.0308758873758865,0.5084438756529834,False,32d2e2f547f707a9f12d899e65a934275c9f49020e10d214973126d05910ec9c,0.06182816298678517
direct_neighbor_ridge,0,0,0,0,0,0,False,15,"[""alanine"", ""arginine"", ""betaine"", ""dimethylglycine"", ""glutamate"", ""homocysteine"", ""isocitrate"", ""kynurenine"", ""methionine"", ""ornithine"", ""serine"", ""thymine"", ""thyroxine"", ""uracil"", ""urate""]",[],0,0,30,15,16,AMP,0,2,100.0,700,176,13,5,6.004757570571429,0.5031283164328217,False,659dce4f66bf4ee0228513d024a4e287e9f1aa3957152332b1483ab0af67cb42,0.06207029498182237
direct_neighbor_ridge,0,0,0,0,0,0,False,15,"[""alanine"", ""arginine"", ""betaine"", ""dimethylglycine"", ""glutamate"", ""homocysteine"", ""isocitrate"", ""kynurenine"", ""methionine"", ""ornithine"", ""serine"", ""thymine"", ""thyroxine"", ""uracil"", ""urate""]",[],0,0,30,15,16,AMP,0,3,10.0,702,174,13,5,6.036753952706553,0.5105127136917674,False,9492e163b6ef19b0563b1ce8302b8e8794e2e4c9c8031c62ff9774a3f63f6f58,0.06617614720016718
direct_neighbor_ridge,0,0,0,0,0,0,False,15,"[""alanine"", ""arginine"", ""betaine"", ""dimethylglycine"", ""glutamate"", ""homocysteine"", ""isocitrate"", ""kynurenine"", ""methionine"", ""ornithine"", ""serine"", ""thymine"", ""thyroxine"", ""uracil"", ""urate""]",[],0,0,30,15,16,AMP,0,4,100.0,700,176,17,1,6.003706712428572,0.5019081462358086,False,cf9883e99ee1b956d01c2cb42a4d284b982ce23065d3616a5e1cced359e41fb5,0.049958958057686687
direct_neighbor_ridge,0,0,0,0,0,0,False,15,"[""alanine"", ""arginine"", ""betaine"", ""dimethylglycine"", ""glutamate"", ""homocysteine"", ""isocitrate"", ""kynurenine"", ""methionine"", ""ornithine"", ""serine"", ""thymine"", ""thyroxine"", ""uracil"", ""urate""]",[],0,0,30,15,16,AMP,1,0,10.0,705,171,13,5,6.0308758873758865,0.5084438756529834,False,32d2e2f547f707a9f12d899e65a934275c9f49020e10d214973126d05910ec9c,0.06099699717015028
direct_neighbor_ridge,0,0,0,0,0,0,False,15,"[""alanine"", ""arginine"", ""betaine"", ""dimethylglycine"", ""glutamate"", ""homocysteine"", ""isocitrate"", ""kynurenine"", ""methionine"", ""ornithine"", ""serine"", ""thymine"", ""thyroxine"", ""uracil"", ""urate""]",[],0,0,30,15,16,AMP,1,1,100.0,700,176,17,1,6.003706712428572,0.5019081462358086,False,cf9883e99ee1b956d01c2cb42a4d284b982ce23065d3616a5e1cced359e41fb5,0.06890672398731112
direct_neighbor_ridge,0,0,0,0,0,0,False,15,"[""alanine"", ""arginine"", ""betaine"", ""dimethylglycine"", ""glutamate"", ""homocysteine"", ""isocitrate"", ""kynurenine"", ""methionine"", ""ornithine"", ""serine"", ""thymine"", ""thyroxine"", ""uracil"", ""urate""]",[],0,0,30,15,16,AMP,1,2,100.0,697,179,16,2,5.876602736441894,0.3500566287910305,False,db1ab3680dcfc2deb10e2511ec28b70b27966d5a436d724be48267bcbf200acf,0.21233006892725825
direct_neighbor_ridge,0,0,0,0,0,0,False,15,"[""alanine"", ""arginine"", ""betaine"", ""dimethylglycine"", ""glutamate"", ""homocysteine"", ""isocitrate"", ""kynurenine"", ""methionine"", ""ornithine"", ""serine"", ""thymine"", ""thyroxine"", ""uracil"", ""urate""]",[],0,0,30,15,16,AMP,1,3,100.0,700,176,13,5,6.004757570571429,0.5031283164328217,False,659dce4f66bf4ee0228513d024a4e287e9f1aa3957152332b1483ab0af67cb42,0.11429946194402874
direct_neighbor_ridge,0,0,0,0,0,0,False,15,"[""alanine"", ""arginine"", ""betaine"", ""dimethylglycine"", ""glutamate"", ""homocysteine"", ""isocitrate"", ""kynurenine"", ""methionine"", ""ornithine"", ""serine"", ""thymine"", ""thyroxine"", ""uracil"", ""urate""]",[],0,0,30,15,16,AMP,1,4,10.0,702,174,13,5,6.036753952706553,0.5105127136917674,False,9492e163b6ef19b0563b1ce8302b8e8794e2e4c9c8031c62ff9774a3f63f6f58,0.10505321994423866
direct_neighbor_ridge,0,0,0,0,0,0,False,5,"[""NAD"", ""aspartate"", ""citrate"", ""ornithine"", ""urate""]",[],0,0,10,5,6,CMP,0,0,100.0,697,179,16,2,5.881799451219512,0.3375083671874914,False,db1ab3680dcfc2deb10e2511ec28b70b27966d5a436d724be48267bcbf200acf,0.07849104516208172
direct_neighbor_ridge,0,0,0,0,0,0,False,5,"[""NAD"", ""aspartate"", ""citrate"", ""ornithine"", ""urate""]",[],0,0,10,5,6,CMP,0,1,0.1,705,171,13,5,6.017746583404255,0.47245130631595555,False,32d2e2f547f707a9f12d899e65a934275c9f49020e10d214973126d05910ec9c,0.05960359098389745
direct_neighbor_ridge,0,0,0,0,0,0,False,5,"[""NAD"", ""aspartate"", ""citrate"", ""ornithine"", ""urate""]",[],0,0,10,5,6,CMP,0,2,1.0,700,176,13,5,6.0109321772857145,0.461104447843522,False,659dce4f66bf4ee0228513d024a4e287e9f1aa3957152332b1483ab0af67cb42,0.059845181880518794
direct_neighbor_ridge,0,0,0,0,0,0,False,5,"[""NAD"", ""aspartate"", ""citrate"", ""ornithine"", ""urate""]",[],0,0,10,5,6,CMP,0,3,0.1,702,174,13,5,6.029179082051282,0.46845959043845226,False,9492e163b6ef19b0563b1ce8302b8e8794e2e4c9c8031c62ff9774a3f63f6f58,0.060430023120716214
direct_neighbor_ridge,0,0,0,0,0,0,False,5,"[""NAD"", ""aspartate"", ""citrate"", ""ornithine"", ""urate""]",[],0,0,10,5,6,CMP,0,4,10.0,700,176,17,1,5.992087687857143,0.4681468933552064,False,cf9883e99ee1b956d01c2cb42a4d284b982ce23065d3616a5e1cced359e41fb5,0.058655414963141084
direct_neighbor_ridge,0,0,0,0,0,0,False,5,"[""NAD"", ""aspartate"", ""citrate"", ""ornithine"", ""urate""]",[],0,0,10,5,6,CMP,1,0,0.1,705,171,13,5,6.017746583404255,0.47245130631595555,False,32d2e2f547f707a9f12d899e65a934275c9f49020e10d214973126d05910ec9c,0.057058793026953936
direct_neighbor_ridge,0,0,0,0,0,0,False,5,"[""NAD"", ""aspartate"", ""citrate"", ""ornithine"", ""urate""]",[],0,0,10,5,6,CMP,1,1,10.0,700,176,17,1,5.992087687857143,0.4681468933552064,False,cf9883e99ee1b956d01c2cb42a4d284b982ce23065d3616a5e1cced359e41fb5,0.07177923596464097
direct_neighbor_ridge,0,0,0,0,0,0,False,5,"[""NAD"", ""aspartate"", ""citrate"", ""ornithine"", ""urate""]",[],0,0,10,5,6,CMP,1,2,100.0,697,179,16,2,5.881799451219512,0.3375083671874914,False,db1ab3680dcfc2deb10e2511ec28b70b27966d5a436d724be48267bcbf200acf,0.07123122294433415
direct_neighbor_ridge,0,0,0,0,0,0,False,5,"[""NAD"", ""aspartate"", ""citrate"", ""ornithine"", ""urate""]",[],0,0,10,5,6,CMP,1,3,10.0,700,176,13,5,6.0109321772857145,0.461104447843522,False,659dce4f66bf4ee0228513d024a4e287e9f1aa3957152332b1483ab0af67cb42,0.0683305209968239
direct_neighbor_ridge,0,0,0,0,0,0,False,5,"[""NAD"", ""aspartate"", ""citrate"", ""ornithine"", ""urate""]",[],0,0,10,5,6,CMP,1,4,10.0,702,174,13,5,6.029179082051282,0.46845959043845226,False,9492e163b6ef19b0563b1ce8302b8e8794e2e4c9c8031c62ff9774a3f63f6f58,0.06844170903787017
direct_neighbor_ridge,0,0,0,0,0,0,False,5,"[""NAD"", ""betaine"", ""citrulline"", ""glutamate"", ""putrescine""]",[],0,0,10,5,6,GMP,0,0,0.1,697,179,16,2,5.9022510956958385,0.3718471387264023,False,db1ab3680dcfc2deb10e2511ec28b70b27966d5a436d724be48267bcbf200acf,0.07818463095463812
direct_neighbor_ridge,0,0,0,0,0,0,False,5,"[""NAD"", ""betaine"", ""citrulline"", ""glutamate"", ""putrescine""]",[],0,0,10,5,6,GMP,0,1,10.0,705,171,13,5,6.010947650212766,0.46377983172504383,False,32d2e2f547f707a9f12d899e65a934275c9f49020e10d214973126d05910ec9c,0.06275748601183295
direct_neighbor_ridge,0,0,0,0,0,0,False,5,"[""NAD"", ""betaine"", ""citrulline"", ""glutamate"", ""putrescine""]",[],0,0,10,5,6,GMP,0,2,100.0,700,176,13,5,5.9920470568571425,0.45731235719204294,False,659dce4f66bf4ee0228513d024a4e287e9f1aa3957152332b1483ab0af67cb42,0.059649936156347394
direct_neighbor_ridge,0,0,0,0,0,0,False,5,"[""NAD"", ""betaine"", ""citrulline"", ""glutamate"", ""putrescine""]",[],0,0,10,5,6,GMP,0,3,10.0,702,174,13,5,6.020292437606837,0.468773552378771,False,9492e163b6ef19b0563b1ce8302b8e8794e2e4c9c8031c62ff9774a3f63f6f58,0.07294932496733963
direct_neighbor_ridge,0,0,0,0,0,0,False,5,"[""NAD"", ""betaine"", ""citrulline"", ""glutamate"", ""putrescine""]",[],0,0,10,5,6,GMP,0,4,100.0,700,176,17,1,5.976454316428572,0.4636214295380626,False,cf9883e99ee1b956d01c2cb42a4d284b982ce23065d3616a5e1cced359e41fb5,0.07215706608258188
direct_neighbor_ridge,0,0,0,0,0,0,False,5,"[""NAD"", ""betaine"", ""citrulline"", ""glutamate"", ""putrescine""]",[],0,0,10,5,6,GMP,1,0,10.0,705,171,13,5,6.010947650212766,0.46377983172504383,False,32d2e2f547f707a9f12d899e65a934275c9f49020e10d214973126d05910ec9c,0.060954084154218435
direct_neighbor_ridge,0,0,0,0,0,0,False,5,"[""NAD"", ""betaine"", ""citrulline"", ""glutamate"", ""putrescine""]",[],0,0,10,5,6,GMP,1,1,100.0,700,176,17,1,5.976454316428572,0.4636214295380626,False,cf9883e99ee1b956d01c2cb42a4d284b982ce23065d3616a5e1cced359e41fb5,0.06042992090806365
direct_neighbor_ridge,0,0,0,0,0,0,False,5,"[""NAD"", ""betaine"", ""citrulline"", ""glutamate"", ""putrescine""]",[],0,0,10,5,6,GMP,1,2,1.0,697,179,16,2,5.9022510956958385,0.3718471387264023,False,db1ab3680dcfc2deb10e2511ec28b70b27966d5a436d724be48267bcbf200acf,0.05870247399434447
direct_neighbor_ridge,0,0,0,0,0,0,False,5,"[""NAD"", ""betaine"", ""citrulline"", ""glutamate"", ""putrescine""]",[],0,0,10,5,6,GMP,1,3,10.0,700,176,13,5,5.9920470568571425,0.45731235719204294,False,659dce4f66bf4ee0228513d024a4e287e9f1aa3957152332b1483ab0af67cb42,0.057760611874982715
direct_neighbor_ridge,0,0,0,0,0,0,False,5,"[""NAD"", ""betaine"", ""citrulline"", ""glutamate"", ""putrescine""]",[],0,0,10,5,6,GMP,1,4,10.0,702,174,13,5,6.020292437606837,0.468773552378771,False,9492e163b6ef19b0563b1ce8302b8e8794e2e4c9c8031c62ff9774a3f63f6f58,0.059770595049485564
direct_neighbor_ridge,0,0,0,0,0,0,False,15,"[""GMP"", ""alanine"", ""aspartate"", ""cAMP"", ""carnosine"", ""citrate"", ""citrulline"", ""cytidine"", ""glycine"", ""kynurenine"", ""leucine"", ""methionine"", ""sarcosine"", ""serine"", ""uracil""]",[],0,0,30,15,16,NAD,0,0,10.0,697,179,16,2,5.8592628566714495,0.273737772496672,False,db1ab3680dcfc2deb10e2511ec28b70b27966d5a436d724be48267bcbf200acf,0.06474113394506276
direct_neighbor_ridge,0,0,0,0,0,0,False,15,"[""GMP"", ""alanine"", ""aspartate"", ""cAMP"", ""carnosine"", ""citrate"", ""citrulline"", ""cytidine"", ""glycine"", ""kynurenine"", ""leucine"", ""methionine"", ""sarcosine"", ""serine"", ""uracil""]",[],0,0,30,15,16,NAD,0,1,100.0,705,171,13,5,5.83252649248227,0.3166483062230965,False,32d2e2f547f707a9f12d899e65a934275c9f49020e10d214973126d05910ec9c,0.06479752296581864
direct_neighbor_ridge,0,0,0,0,0,0,False,15,"[""GMP"", ""alanine"", ""aspartate"", ""cAMP"", ""carnosine"", ""citrate"", ""citrulline"", ""cytidine"", ""glycine"", ""kynurenine"", ""leucine"", ""methionine"", ""sarcosine"", ""serine"", ""uracil""]",[],0,0,30,15,16,NAD,0,2,100.0,700,176,13,5,5.829537320142857,0.3140293000367684,False,659dce4f66bf4ee0228513d024a4e287e9f1aa3957152332b1483ab0af67cb42,0.14902868890203536
direct_neighbor_ridge,0,0,0,0,0,0,False,15,"[""GMP"", ""alanine"", ""aspartate"", ""cAMP"", ""carnosine"", ""citrate"", ""citrulline"", ""cytidine"", ""glycine"", ""kynurenine"", ""leucine"", ""methionine"", ""sarcosine"", ""serine"", ""uracil""]",[],0,0,30,15,16,NAD,0,3,10.0,702,174,13,5,5.849133417236467,0.30221474081553895,False,9492e163b6ef19b0563b1ce8302b8e8794e2e4c9c8031c62ff9774a3f63f6f58,0.06945152790285647
direct_neighbor_ridge,0,0,0,0,0,0,False,15,"[""GMP"", ""alanine"", ""aspartate"", ""cAMP"", ""carnosine"", ""citrate"", ""citrulline"", ""cytidine"", ""glycine"", ""kynurenine"", ""leucine"", ""methionine"", ""sarcosine"", ""serine"", ""uracil""]",[],0,0,30,15,16,NAD,0,4,100.0,700,176,17,1,5.835856427857143,0.30880467410775864,False,cf9883e99ee1b956d01c2cb42a4d284b982ce23065d3616a5e1cced359e41fb5,0.0638866638764739
direct_neighbor_ridge,0,0,0,0,0,0,False,15,"[""GMP"", ""alanine"", ""aspartate"", ""cAMP"", ""carnosine"", ""citrate"", ""citrulline"", ""cytidine"", ""glycine"", ""kynurenine"", ""leucine"", ""methionine"", ""sarcosine"", ""serine"", ""uracil""]",[],0,0,30,15,16,NAD,1,0,100.0,705,171,13,5,5.83252649248227,0.3166483062230965,False,32d2e2f547f707a9f12d899e65a934275c9f49020e10d214973126d05910ec9c,0.06537609896622598
direct_neighbor_ridge,0,0,0,0,0,0,False,15,"[""GMP"", ""alanine"", ""aspartate"", ""cAMP"", ""carnosine"", ""citrate"", ""citrulline"", ""cytidine"", ""glycine"", ""kynurenine"", ""leucine"", ""methionine"", ""sarcosine"", ""serine"", ""uracil""]",[],0,0,30,15,16,NAD,1,1,100.0,700,176,17,1,5.835856427857143,0.30880467410775864,False,cf9883e99ee1b956d01c2cb42a4d284b982ce23065d3616a5e1cced359e41fb5,0.06743554188869894
direct_neighbor_ridge,0,0,0,0,0,0,False,15,"[""GMP"", ""alanine"", ""aspartate"", ""cAMP"", ""carnosine"", ""citrate"", ""citrulline"", ""cytidine"", ""glycine"", ""kynurenine"", ""leucine"", ""methionine"", ""sarcosine"", ""serine"", ""uracil""]",[],0,0,30,15,16,NAD,1,2,100.0,697,179,16,2,5.8592628566714495,0.273737772496672,False,db1ab3680dcfc2deb10e2511ec28b70b27966d5a436d724be48267bcbf200acf,0.07772578904405236
direct_neighbor_ridge,0,0,0,0,0,0,False,15,"[""GMP"", ""alanine"", ""aspartate"", ""cAMP"", ""carnosine"", ""citrate"", ""citrulline"", ""cytidine"", ""glycine"", ""kynurenine"", ""leucine"", ""methionine"", ""sarcosine"", ""serine"", ""uracil""]",[],0,0,30,15,16,NAD,1,3,10.0,700,176,13,5,5.829537320142857,0.3140293000367684,False,659dce4f66bf4ee0228513d024a4e287e9f1aa3957152332b1483ab0af67cb42,0.07746225781738758
direct_neighbor_ridge,0,0,0,0,0,0,False,15,"[""GMP"", ""alanine"", ""aspartate"", ""cAMP"", ""carnosine"", ""citrate"", ""citrulline"", ""cytidine"", ""glycine"", ""kynurenine"", ""leucine"", ""methionine"", ""sarcosine"", ""serine"", ""uracil""]",[],0,0,30,15,16,NAD,1,4,10.0,702,174,13,5,5.849133417236467,0.30221474081553895,False,9492e163b6ef19b0563b1ce8302b8e8794e2e4c9c8031c62ff9774a3f63f6f58,0.07980538508854806
direct_neighbor_ridge,0,0,0,0,0,0,False,19,"[""AMP"", ""CMP"", ""UMP"", ""adenosine"", ""alanine"", ""aspartate"", ""choline"", ""cytidine"", ""glycine"", ""histidine"", ""inositol"", ""leucine"", ""ornithine"", ""oxalate"", ""putrescine"", ""serine"", ""taurine"", ""thymidine"", ""uridine""]",[],0,0,38,19,20,NADP,0,0,100.0,697,179,16,2,5.964262021233859,0.3620365863705779,False,db1ab3680dcfc2deb10e2511ec28b70b27966d5a436d724be48267bcbf200acf,0.06608077511191368
direct_neighbor_ridge,0,0,0,0,0,0,False,19,"[""AMP"", ""CMP"", ""UMP"", ""adenosine"", ""alanine"", ""aspartate"", ""choline"", ""cytidine"", ""glycine"", ""histidine"", ""inositol"", ""leucine"", ""ornithine"", ""oxalate"", ""putrescine"", ""serine"", ""taurine"", ""thymidine"", ""uridine""]",[],0,0,38,19,20,NADP,0,1,100.0,705,171,13,5,5.924742738723404,0.373625630639,False,32d2e2f547f707a9f12d899e65a934275c9f49020e10d214973126d05910ec9c,0.07512989896349609
direct_neighbor_ridge,0,0,0,0,0,0,False,19,"[""AMP"", ""CMP"", ""UMP"", ""adenosine"", ""alanine"", ""aspartate"", ""choline"", ""cytidine"", ""glycine"", ""histidine"", ""inositol"", ""leucine"", ""ornithine"", ""oxalate"", ""putrescine"", ""serine"", ""taurine"", ""thymidine"", ""uridine""]",[],0,0,38,19,20,NADP,0,2,100.0,700,176,13,5,5.893307024142857,0.36362936668919077,False,659dce4f66bf4ee0228513d024a4e287e9f1aa3957152332b1483ab0af67cb42,0.07155580003745854
direct_neighbor_ridge,0,0,0,0,0,0,False,19,"[""AMP"", ""CMP"", ""UMP"", ""adenosine"", ""alanine"", ""aspartate"", ""choline"", ""cytidine"", ""glycine"", ""histidine"", ""inositol"", ""leucine"", ""ornithine"", ""oxalate"", ""putrescine"", ""serine"", ""taurine"", ""thymidine"", ""uridine""]",[],0,0,38,19,20,NADP,0,3,10.0,702,174,13,5,5.922061383618234,0.3605050337536695,False,9492e163b6ef19b0563b1ce8302b8e8794e2e4c9c8031c62ff9774a3f63f6f58,0.07439969200640917
direct_neighbor_ridge,0,0,0,0,0,0,False,19,"[""AMP"", ""CMP"", ""UMP"", ""adenosine"", ""alanine"", ""aspartate"", ""choline"", ""cytidine"", ""glycine"", ""histidine"", ""inositol"", ""leucine"", ""ornithine"", ""oxalate"", ""putrescine"", ""serine"", ""taurine"", ""thymidine"", ""uridine""]",[],0,0,38,19,20,NADP,0,4,100.0,700,176,17,1,5.8943222774285715,0.34709365585279683,False,cf9883e99ee1b956d01c2cb42a4d284b982ce23065d3616a5e1cced359e41fb5,0.09145057084970176
direct_neighbor_ridge,0,0,0,0,0,0,False,19,"[""AMP"", ""CMP"", ""UMP"", ""adenosine"", ""alanine"", ""aspartate"", ""choline"", ""cytidine"", ""glycine"", ""histidine"", ""inositol"", ""leucine"", ""ornithine"", ""oxalate"", ""putrescine"", ""serine"", ""taurine"", ""thymidine"", ""uridine""]",[],0,0,38,19,20,NADP,1,0,100.0,705,171,13,5,5.924742738723404,0.373625630639,False,32d2e2f547f707a9f12d899e65a934275c9f49020e10d214973126d05910ec9c,0.05995764979161322
direct_neighbor_ridge,0,0,0,0,0,0,False,19,"[""AMP"", ""CMP"", ""UMP"", ""adenosine"", ""alanine"", ""aspartate"", ""choline"", ""cytidine"", ""glycine"", ""histidine"", ""inositol"", ""leucine"", ""ornithine"", ""oxalate"", ""putrescine"", ""serine"", ""taurine"", ""thymidine"", ""uridine""]",[],0,0,38,19,20,NADP,1,1,100.0,700,176,17,1,5.8943222774285715,0.34709365585279683,False,cf9883e99ee1b956d01c2cb42a4d284b982ce23065d3616a5e1cced359e41fb5,0.06391978799365461
direct_neighbor_ridge,0,0,0,0,0,0,False,19,"[""AMP"", ""CMP"", ""UMP"", ""adenosine"", ""alanine"", ""aspartate"", ""choline"", ""cytidine"", ""glycine"", ""histidine"", ""inositol"", ""leucine"", ""ornithine"", ""oxalate"", ""putrescine"", ""serine"", ""taurine"", ""thymidine"", ""uridine""]",[],0,0,38,19,20,NADP,1,2,100.0,697,179,16,2,5.964262021233859,0.3620365863705779,False,db1ab3680dcfc2deb10e2511ec28b70b27966d5a436d724be48267bcbf200acf,0.055451428052037954
direct_neighbor_ridge,0,0,0,0,0,0,False,19,"[""AMP"", ""CMP"", ""UMP"", ""adenosine"", ""alanine"", ""aspartate"", ""choline"", ""cytidine"", ""glycine"", ""histidine"", ""inositol"", ""leucine"", ""ornithine"", ""oxalate"", ""putrescine"", ""serine"", ""taurine"", ""thymidine"", ""uridine""]",[],0,0,38,19,20,NADP,1,3,100.0,700,176,13,5,5.893307024142857,0.36362936668919077,False,659dce4f66bf4ee0228513d024a4e287e9f1aa3957152332b1483ab0af67cb42,0.06777356006205082
direct_neighbor_ridge,0,0,0,0,0,0,False,19,"[""AMP"", ""CMP"", ""UMP"", ""adenosine"", ""alanine"", ""aspartate"", ""choline"", ""cytidine"", ""glycine"", ""histidine"", ""inositol"", ""leucine"", ""ornithine"", ""oxalate"", ""putrescine"", ""serine"", ""taurine"", ""thymidine"", ""uridine""]",[],0,0,38,19,20,NADP,1,4,100.0,702,174,13,5,5.922061383618234,0.3605050337536695,False,9492e163b6ef19b0563b1ce8302b8e8794e2e4c9c8031c62ff9774a3f63f6f58,0.06812689686194062
direct_neighbor_ridge,0,0,0,0,0,0,False,5,"[""betaine"", ""choline"", ""dimethylglycine"", ""glutamate"", ""proline""]",[],0,0,10,5,6,UMP,0,0,1.0,697,179,16,2,5.8803286489239595,0.3673249774248067,False,db1ab3680dcfc2deb10e2511ec28b70b27966d5a436d724be48267bcbf200acf,0.06088129407726228
direct_neighbor_ridge,0,0,0,0,0,0,False,5,"[""betaine"", ""choline"", ""dimethylglycine"", ""glutamate"", ""proline""]",[],0,0,10,5,6,UMP,0,1,0.1,705,171,13,5,6.046802519858156,0.5194126213200596,False,32d2e2f547f707a9f12d899e65a934275c9f49020e10d214973126d05910ec9c,0.05476351291872561
direct_neighbor_ridge,0,0,0,0,0,0,False,5,"[""betaine"", ""choline"", ""dimethylglycine"", ""glutamate"", ""proline""]",[],0,0,10,5,6,UMP,0,2,0.1,700,176,13,5,6.0201290528571425,0.508479905148374,False,659dce4f66bf4ee0228513d024a4e287e9f1aa3957152332b1483ab0af67cb42,0.04794252198189497
direct_neighbor_ridge,0,0,0,0,0,0,False,5,"[""betaine"", ""choline"", ""dimethylglycine"", ""glutamate"", ""proline""]",[],0,0,10,5,6,UMP,0,3,10.0,702,174,13,5,6.04453301980057,0.5234043492380395,False,9492e163b6ef19b0563b1ce8302b8e8794e2e4c9c8031c62ff9774a3f63f6f58,0.05214622197672725
direct_neighbor_ridge,0,0,0,0,0,0,False,5,"[""betaine"", ""choline"", ""dimethylglycine"", ""glutamate"", ""proline""]",[],0,0,10,5,6,UMP,0,4,0.1,700,176,17,1,6.0070047598571445,0.5168236538621338,False,cf9883e99ee1b956d01c2cb42a4d284b982ce23065d3616a5e1cced359e41fb5,0.05854433379136026
direct_neighbor_ridge,0,0,0,0,0,0,False,5,"[""betaine"", ""choline"", ""dimethylglycine"", ""glutamate"", ""proline""]",[],0,0,10,5,6,UMP,1,0,0.1,705,171,13,5,6.046802519858156,0.5194126213200596,False,32d2e2f547f707a9f12d899e65a934275c9f49020e10d214973126d05910ec9c,0.060711695812642574
direct_neighbor_ridge,0,0,0,0,0,0,False,5,"[""betaine"", ""choline"", ""dimethylglycine"", ""glutamate"", ""proline""]",[],0,0,10,5,6,UMP,1,1,1.0,700,176,17,1,6.0070047598571445,0.5168236538621338,False,cf9883e99ee1b956d01c2cb42a4d284b982ce23065d3616a5e1cced359e41fb5,0.062595060095191
direct_neighbor_ridge,0,0,0,0,0,0,False,5,"[""betaine"", ""choline"", ""dimethylglycine"", ""glutamate"", ""proline""]",[],0,0,10,5,6,UMP,1,2,10.0,697,179,16,2,5.8803286489239595,0.3673249774248067,False,db1ab3680dcfc2deb10e2511ec28b70b27966d5a436d724be48267bcbf200acf,0.0752926180139184
direct_neighbor_ridge,0,0,0,0,0,0,False,5,"[""betaine"", ""choline"", ""dimethylglycine"", ""glutamate"", ""proline""]",[],0,0,10,5,6,UMP,1,3,0.1,700,176,13,5,6.0201290528571425,0.508479905148374,False,659dce4f66bf4ee0228513d024a4e287e9f1aa3957152332b1483ab0af67cb42,0.06553424103185534
direct_neighbor_ridge,0,0,0,0,0,0,False,5,"[""betaine"", ""choline"", ""dimethylglycine"", ""glutamate"", ""proline""]",[],0,0,10,5,6,UMP,1,4,10.0,702,174,13,5,6.04453301980057,0.5234043492380395,False,9492e163b6ef19b0563b1ce8302b8e8794e2e4c9c8031c62ff9774a3f63f6f58,0.05881697288714349
direct_neighbor_ridge,0,0,0,0,0,0,False,1,"[""carnosine""]",[],0,0,2,1,2,acetylcholine,0,0,100.0,697,179,16,2,5.659545420659971,0.9034786933874055,False,db1ab3680dcfc2deb10e2511ec28b70b27966d5a436d724be48267bcbf200acf,0.053801718866452575
direct_neighbor_ridge,0,0,0,0,0,0,False,1,"[""carnosine""]",[],0,0,2,1,2,acetylcholine,0,1,100.0,705,171,13,5,5.700987920851063,0.901549377737082,False,32d2e2f547f707a9f12d899e65a934275c9f49020e10d214973126d05910ec9c,0.050848077051341534
direct_neighbor_ridge,0,0,0,0,0,0,False,1,"[""carnosine""]",[],0,0,2,1,2,acetylcholine,0,2,100.0,700,176,13,5,5.708044984285714,0.9098811471364079,False,659dce4f66bf4ee0228513d024a4e287e9f1aa3957152332b1483ab0af67cb42,0.052521622041240335
direct_neighbor_ridge,0,0,0,0,0,0,False,1,"[""carnosine""]",[],0,0,2,1,2,acetylcholine,0,3,100.0,702,174,13,5,5.713083329344729,0.9000553995988789,False,9492e163b6ef19b0563b1ce8302b8e8794e2e4c9c8031c62ff9774a3f63f6f58,0.05126264411956072
direct_neighbor_ridge,0,0,0,0,0,0,False,1,"[""carnosine""]",[],0,0,2,1,2,acetylcholine,0,4,100.0,700,176,17,1,5.586330824285715,0.8863693262476297,False,cf9883e99ee1b956d01c2cb42a4d284b982ce23065d3616a5e1cced359e41fb5,0.05150474887341261
direct_neighbor_ridge,0,0,0,0,0,0,False,1,"[""carnosine""]",[],0,0,2,1,2,acetylcholine,1,0,100.0,705,171,13,5,5.700987920851063,0.901549377737082,False,32d2e2f547f707a9f12d899e65a934275c9f49020e10d214973126d05910ec9c,0.051666097017005086
direct_neighbor_ridge,0,0,0,0,0,0,False,1,"[""carnosine""]",[],0,0,2,1,2,acetylcholine,1,1,100.0,700,176,17,1,5.586330824285715,0.8863693262476297,False,cf9883e99ee1b956d01c2cb42a4d284b982ce23065d3616a5e1cced359e41fb5,0.09771896502934396
direct_neighbor_ridge,0,0,0,0,0,0,False,1,"[""carnosine""]",[],0,0,2,1,2,acetylcholine,1,2,100.0,697,179,16,2,5.659545420659971,0.9034786933874055,False,db1ab3680dcfc2deb10e2511ec28b70b27966d5a436d724be48267bcbf200acf,0.05342555698007345
direct_neighbor_ridge,0,0,0,0,0,0,False,1,"[""carnosine""]",[],0,0,2,1,2,acetylcholine,1,3,100.0,700,176,13,5,5.708044984285714,0.9098811471364079,False,659dce4f66bf4ee0228513d024a4e287e9f1aa3957152332b1483ab0af67cb42,0.06312359403818846
direct_neighbor_ridge,0,0,0,0,0,0,False,1,"[""carnosine""]",[],0,0,2,1,2,acetylcholine,1,4,100.0,702,174,13,5,5.713083329344729,0.9000553995988789,False,9492e163b6ef19b0563b1ce8302b8e8794e2e4c9c8031c62ff9774a3f63f6f58,0.051361609948799014
direct_neighbor_ridge,0,0,0,0,0,0,False,2,"[""inosine"", ""methionine""]",[],0,0,4,2,3,aconitate,0,0,0.1,697,179,16,2,5.869085316068866,0.29352602161706304,False,db1ab3680dcfc2deb10e2511ec28b70b27966d5a436d724be48267bcbf200acf,0.04807490389794111
direct_neighbor_ridge,0,0,0,0,0,0,False,2,"[""inosine"", ""methionine""]",[],0,0,4,2,3,aconitate,0,1,0.1,705,171,13,5,5.80245032141844,0.31475097153342196,False,32d2e2f547f707a9f12d899e65a934275c9f49020e10d214973126d05910ec9c,0.053771713050082326
direct_neighbor_ridge,0,0,0,0,0,0,False,2,"[""inosine"", ""methionine""]",[],0,0,4,2,3,aconitate,0,2,0.1,700,176,13,5,5.810027651857142,0.305354314605211,False,659dce4f66bf4ee0228513d024a4e287e9f1aa3957152332b1483ab0af67cb42,0.08166191098280251
direct_neighbor_ridge,0,0,0,0,0,0,False,2,"[""inosine"", ""methionine""]",[],0,0,4,2,3,aconitate,0,3,0.1,702,174,13,5,5.8194074274928775,0.30426103660559667,False,9492e163b6ef19b0563b1ce8302b8e8794e2e4c9c8031c62ff9774a3f63f6f58,0.07837463496252894
direct_neighbor_ridge,0,0,0,0,0,0,False,2,"[""inosine"", ""methionine""]",[],0,0,4,2,3,aconitate,0,4,0.1,700,176,17,1,5.833991273857143,0.3116707085063351,False,cf9883e99ee1b956d01c2cb42a4d284b982ce23065d3616a5e1cced359e41fb5,0.10315108182840049
direct_neighbor_ridge,0,0,0,0,0,0,False,2,"[""inosine"", ""methionine""]",[],0,0,4,2,3,aconitate,1,0,0.1,705,171,13,5,5.80245032141844,0.31475097153342196,False,32d2e2f547f707a9f12d899e65a934275c9f49020e10d214973126d05910ec9c,0.09783717500977218
direct_neighbor_ridge,0,0,0,0,0,0,False,2,"[""inosine"", ""methionine""]",[],0,0,4,2,3,aconitate,1,1,0.1,700,176,17,1,5.833991273857143,0.3116707085063351,False,cf9883e99ee1b956d01c2cb42a4d284b982ce23065d3616a5e1cced359e41fb5,0.07435554196126759
direct_neighbor_ridge,0,0,0,0,0,0,False,2,"[""inosine"", ""methionine""]",[],0,0,4,2,3,aconitate,1,2,0.1,697,179,16,2,5.869085316068866,0.29352602161706304,False,db1ab3680dcfc2deb10e2511ec28b70b27966d5a436d724be48267bcbf200acf,0.05369822192005813
direct_neighbor_ridge,0,0,0,0,0,0,False,2,"[""inosine"", ""methionine""]",[],0,0,4,2,3,aconitate,1,3,0.1,700,176,13,5,5.810027651857142,0.305354314605211,False,659dce4f66bf4ee0228513d024a4e287e9f1aa3957152332b1483ab0af67cb42,0.0597899928689003
direct_neighbor_ridge,0,0,0,0,0,0,False,2,"[""inosine"", ""methionine""]",[],0,0,4,2,3,aconitate,1,4,0.1,702,174,13,5,5.8194074274928775,0.30426103660559667,False,9492e163b6ef19b0563b1ce8302b8e8794e2e4c9c8031c62ff9774a3f63f6f58,0.06253463192842901
direct_neighbor_ridge,0,0,0,0,0,0,False,2,"[""NAD"", ""phenylalanine""]",[],0,0,4,2,3,adenine,0,0,10.0,697,179,16,2,5.874204923529412,0.34214960869733474,False,db1ab3680dcfc2deb10e2511ec28b70b27966d5a436d724be48267bcbf200acf,0.05879627889953554
direct_neighbor_ridge,0,0,0,0,0,0,False,2,"[""NAD"", ""phenylalanine""]",[],0,0,4,2,3,adenine,0,1,0.1,705,171,13,5,5.9312896307801415,0.3566075982980052,False,32d2e2f547f707a9f12d899e65a934275c9f49020e10d214973126d05910ec9c,0.05317472293972969
direct_neighbor_ridge,0,0,0,0,0,0,False,2,"[""NAD"", ""phenylalanine""]",[],0,0,4,2,3,adenine,0,2,100.0,700,176,13,5,5.925568285714287,0.3546125934251921,False,659dce4f66bf4ee0228513d024a4e287e9f1aa3957152332b1483ab0af67cb42,0.057627821108326316
direct_neighbor_ridge,0,0,0,0,0,0,False,2,"[""NAD"", ""phenylalanine""]",[],0,0,4,2,3,adenine,0,3,10.0,702,174,13,5,5.939394801851851,0.3634544913962929,False,9492e163b6ef19b0563b1ce8302b8e8794e2e4c9c8031c62ff9774a3f63f6f58,0.06128196511417627
direct_neighbor_ridge,0,0,0,0,0,0,False,2,"[""NAD"", ""phenylalanine""]",[],0,0,4,2,3,adenine,0,4,10.0,700,176,17,1,5.922040124714285,0.3757034409504105,False,cf9883e99ee1b956d01c2cb42a4d284b982ce23065d3616a5e1cced359e41fb5,0.05517507088370621
direct_neighbor_ridge,0,0,0,0,0,0,False,2,"[""NAD"", ""phenylalanine""]",[],0,0,4,2,3,adenine,1,0,0.1,705,171,13,5,5.9312896307801415,0.3566075982980052,False,32d2e2f547f707a9f12d899e65a934275c9f49020e10d214973126d05910ec9c,0.053867712151259184
direct_neighbor_ridge,0,0,0,0,0,0,False,2,"[""NAD"", ""phenylalanine""]",[],0,0,4,2,3,adenine,1,1,0.1,700,176,17,1,5.922040124714285,0.3757034409504105,False,cf9883e99ee1b956d01c2cb42a4d284b982ce23065d3616a5e1cced359e41fb5,0.0631887351628393
direct_neighbor_ridge,0,0,0,0,0,0,False,2,"[""NAD"", ""phenylalanine""]",[],0,0,4,2,3,adenine,1,2,10.0,697,179,16,2,5.874204923529412,0.34214960869733474,False,db1ab3680dcfc2deb10e2511ec28b70b27966d5a436d724be48267bcbf200acf,0.06223995401524007
direct_neighbor_ridge,0,0,0,0,0,0,False,2,"[""NAD"", ""phenylalanine""]",[],0,0,4,2,3,adenine,1,3,0.1,700,176,13,5,5.925568285714287,0.3546125934251921,False,659dce4f66bf4ee0228513d024a4e287e9f1aa3957152332b1483ab0af67cb42,0.05868453998118639
direct_neighbor_ridge,0,0,0,0,0,0,False,2,"[""NAD"", ""phenylalanine""]",[],0,0,4,2,3,adenine,1,4,0.1,702,174,13,5,5.939394801851851,0.3634544913962929,False,9492e163b6ef19b0563b1ce8302b8e8794e2e4c9c8031c62ff9774a3f63f6f58,0.0612109350040555
direct_neighbor_ridge,0,0,0,0,0,0,False,4,"[""NAD"", ""aconitate"", ""citrulline"", ""glucuronate""]",[],0,0,8,4,5,adenosine,0,0,10.0,697,179,16,2,5.889763096987087,0.5899105462602858,False,db1ab3680dcfc2deb10e2511ec28b70b27966d5a436d724be48267bcbf200acf,0.0656393610406667
direct_neighbor_ridge,0,0,0,0,0,0,False,4,"[""NAD"", ""aconitate"", ""citrulline"", ""glucuronate""]",[],0,0,8,4,5,adenosine,0,1,100.0,705,171,13,5,5.826710083829787,0.5566391017151358,False,32d2e2f547f707a9f12d899e65a934275c9f49020e10d214973126d05910ec9c,0.06772190192714334
direct_neighbor_ridge,0,0,0,0,0,0,False,4,"[""NAD"", ""aconitate"", ""citrulline"", ""glucuronate""]",[],0,0,8,4,5,adenosine,0,2,100.0,700,176,13,5,5.880261045142857,0.564616432252999,False,659dce4f66bf4ee0228513d024a4e287e9f1aa3957152332b1483ab0af67cb42,0.0803296270314604
direct_neighbor_ridge,0,0,0,0,0,0,False,4,"[""NAD"", ""aconitate"", ""citrulline"", ""glucuronate""]",[],0,0,8,4,5,adenosine,0,3,100.0,702,174,13,5,5.8464648170940166,0.5743075987654248,False,9492e163b6ef19b0563b1ce8302b8e8794e2e4c9c8031c62ff9774a3f63f6f58,0.06845299503766
direct_neighbor_ridge,0,0,0,0,0,0,False,4,"[""NAD"", ""aconitate"", ""citrulline"", ""glucuronate""]",[],0,0,8,4,5,adenosine,0,4,100.0,700,176,17,1,5.822932310714286,0.5820115277556642,False,cf9883e99ee1b956d01c2cb42a4d284b982ce23065d3616a5e1cced359e41fb5,0.05827522207982838
direct_neighbor_ridge,0,0,0,0,0,0,False,4,"[""NAD"", ""aconitate"", ""citrulline"", ""glucuronate""]",[],0,0,8,4,5,adenosine,1,0,100.0,705,171,13,5,5.826710083829787,0.5566391017151358,False,32d2e2f547f707a9f12d899e65a934275c9f49020e10d214973126d05910ec9c,0.060074273962527514
direct_neighbor_ridge,0,0,0,0,0,0,False,4,"[""NAD"", ""aconitate"", ""citrulline"", ""glucuronate""]",[],0,0,8,4,5,adenosine,1,1,100.0,700,176,17,1,5.822932310714286,0.5820115277556642,False,cf9883e99ee1b956d01c2cb42a4d284b982ce23065d3616a5e1cced359e41fb5,0.0580472641158849
direct_neighbor_ridge,0,0,0,0,0,0,False,4,"[""NAD"", ""aconitate"", ""citrulline"", ""glucuronate""]",[],0,0,8,4,5,adenosine,1,2,10.0,697,179,16,2,5.889763096987087,0.5899105462602858,False,db1ab3680dcfc2deb10e2511ec28b70b27966d5a436d724be48267bcbf200acf,0.05827687191776931
direct_neighbor_ridge,0,0,0,0,0,0,False,4,"[""NAD"", ""aconitate"", ""citrulline"", ""glucuronate""]",[],0,0,8,4,5,adenosine,1,3,100.0,700,176,13,5,5.880261045142857,0.564616432252999,False,659dce4f66bf4ee0228513d024a4e287e9f1aa3957152332b1483ab0af67cb42,0.058968028984963894
direct_neighbor_ridge,0,0,0,0,0,0,False,4,"[""NAD"", ""aconitate"", ""citrulline"", ""glucuronate""]",[],0,0,8,4,5,adenosine,1,4,100.0,702,174,13,5,5.8464648170940166,0.5743075987654248,False,9492e163b6ef19b0563b1ce8302b8e8794e2e4c9c8031c62ff9774a3f63f6f58,0.06465956312604249
direct_neighbor_ridge,0,0,0,0,0,0,False,5,"[""AMP"", ""beta-alanine"", ""hypoxanthine"", ""inositol"", ""xanthine""]",[],0,0,10,5,6,alanine,0,0,10.0,697,179,16,2,5.909789567575323,0.3726797820270718,False,db1ab3680dcfc2deb10e2511ec28b70b27966d5a436d724be48267bcbf200acf,0.07218058500438929
direct_neighbor_ridge,0,0,0,0,0,0,False,5,"[""AMP"", ""beta-alanine"", ""hypoxanthine"", ""inositol"", ""xanthine""]",[],0,0,10,5,6,alanine,0,1,10.0,705,171,13,5,5.858488998156029,0.3904771460922022,False,32d2e2f547f707a9f12d899e65a934275c9f49020e10d214973126d05910ec9c,0.05438197799958289
direct_neighbor_ridge,0,0,0,0,0,0,False,5,"[""AMP"", ""beta-alanine"", ""hypoxanthine"", ""inositol"", ""xanthine""]",[],0,0,10,5,6,alanine,0,2,10.0,700,176,13,5,5.822541076857142,0.38433692877401887,False,659dce4f66bf4ee0228513d024a4e287e9f1aa3957152332b1483ab0af67cb42,0.05708825006149709
direct_neighbor_ridge,0,0,0,0,0,0,False,5,"[""AMP"", ""beta-alanine"", ""hypoxanthine"", ""inositol"", ""xanthine""]",[],0,0,10,5,6,alanine,0,3,10.0,702,174,13,5,5.857928736894587,0.3876645862607939,False,9492e163b6ef19b0563b1ce8302b8e8794e2e4c9c8031c62ff9774a3f63f6f58,0.0592491130810231
direct_neighbor_ridge,0,0,0,0,0,0,False,5,"[""AMP"", ""beta-alanine"", ""hypoxanthine"", ""inositol"", ""xanthine""]",[],0,0,10,5,6,alanine,0,4,100.0,700,176,17,1,5.8615306351428575,0.38301923456583287,False,cf9883e99ee1b956d01c2cb42a4d284b982ce23065d3616a5e1cced359e41fb5,0.06124263582751155
direct_neighbor_ridge,0,0,0,0,0,0,False,5,"[""AMP"", ""beta-alanine"", ""hypoxanthine"", ""inositol"", ""xanthine""]",[],0,0,10,5,6,alanine,1,0,10.0,705,171,13,5,5.858488998156029,0.3904771460922022,False,32d2e2f547f707a9f12d899e65a934275c9f49020e10d214973126d05910ec9c,0.060510447015985847
direct_neighbor_ridge,0,0,0,0,0,0,False,5,"[""AMP"", ""beta-alanine"", ""hypoxanthine"", ""inositol"", ""xanthine""]",[],0,0,10,5,6,alanine,1,1,100.0,700,176,17,1,5.8615306351428575,0.38301923456583287,False,cf9883e99ee1b956d01c2cb42a4d284b982ce23065d3616a5e1cced359e41fb5,0.059551846934482455
direct_neighbor_ridge,0,0,0,0,0,0,False,5,"[""AMP"", ""beta-alanine"", ""hypoxanthine"", ""inositol"", ""xanthine""]",[],0,0,10,5,6,alanine,1,2,10.0,697,179,16,2,5.909789567575323,0.3726797820270718,False,db1ab3680dcfc2deb10e2511ec28b70b27966d5a436d724be48267bcbf200acf,0.05932786199264228
direct_neighbor_ridge,0,0,0,0,0,0,False,5,"[""AMP"", ""beta-alanine"", ""hypoxanthine"", ""inositol"", ""xanthine""]",[],0,0,10,5,6,alanine,1,3,10.0,700,176,13,5,5.822541076857142,0.38433692877401887,False,659dce4f66bf4ee0228513d024a4e287e9f1aa3957152332b1483ab0af67cb42,0.056023976067081094
direct_neighbor_ridge,0,0,0,0,0,0,False,5,"[""AMP"", ""beta-alanine"", ""hypoxanthine"", ""inositol"", ""xanthine""]",[],0,0,10,5,6,alanine,1,4,10.0,702,174,13,5,5.857928736894587,0.3876645862607939,False,9492e163b6ef19b0563b1ce8302b8e8794e2e4c9c8031c62ff9774a3f63f6f58,0.05828009406104684
direct_neighbor_ridge,0,0,0,0,0,0,False,4,"[""AMP"", ""UMP"", ""beta-alanine"", ""dimethylglycine""]",[],0,0,8,4,5,arginine,0,0,100.0,697,179,16,2,5.863509545050215,0.2892319453010906,False,db1ab3680dcfc2deb10e2511ec28b70b27966d5a436d724be48267bcbf200acf,0.05484219384379685
direct_neighbor_ridge,0,0,0,0,0,0,False,4,"[""AMP"", ""UMP"", ""beta-alanine"", ""dimethylglycine""]",[],0,0,8,4,5,arginine,0,1,100.0,705,171,13,5,5.815171706666666,0.31845379830911313,False,32d2e2f547f707a9f12d899e65a934275c9f49020e10d214973126d05910ec9c,0.056764509063214064
direct_neighbor_ridge,0,0,0,0,0,0,False,4,"[""AMP"", ""UMP"", ""beta-alanine"", ""dimethylglycine""]",[],0,0,8,4,5,arginine,0,2,100.0,700,176,13,5,5.805769005428571,0.30185736890451725,False,659dce4f66bf4ee0228513d024a4e287e9f1aa3957152332b1483ab0af67cb42,0.06346150091849267
direct_neighbor_ridge,0,0,0,0,0,0,False,4,"[""AMP"", ""UMP"", ""beta-alanine"", ""dimethylglycine""]",[],0,0,8,4,5,arginine,0,3,100.0,702,174,13,5,5.817618240883191,0.30757781466220807,False,9492e163b6ef19b0563b1ce8302b8e8794e2e4c9c8031c62ff9774a3f63f6f58,0.059649757109582424
direct_neighbor_ridge,0,0,0,0,0,0,False,4,"[""AMP"", ""UMP"", ""beta-alanine"", ""dimethylglycine""]",[],0,0,8,4,5,arginine,0,4,100.0,700,176,17,1,5.814149637428571,0.29315784153849683,False,cf9883e99ee1b956d01c2cb42a4d284b982ce23065d3616a5e1cced359e41fb5,0.0520137301646173
direct_neighbor_ridge,0,0,0,0,0,0,False,4,"[""AMP"", ""UMP"", ""beta-alanine"", ""dimethylglycine""]",[],0,0,8,4,5,arginine,1,0,100.0,705,171,13,5,5.815171706666666,0.31845379830911313,False,32d2e2f547f707a9f12d899e65a934275c9f49020e10d214973126d05910ec9c,0.0587843949906528
direct_neighbor_ridge,0,0,0,0,0,0,False,4,"[""AMP"", ""UMP"", ""beta-alanine"", ""dimethylglycine""]",[],0,0,8,4,5,arginine,1,1,10.0,700,176,17,1,5.814149637428571,0.29315784153849683,False,cf9883e99ee1b956d01c2cb42a4d284b982ce23065d3616a5e1cced359e41fb5,0.06923030083999038
direct_neighbor_ridge,0,0,0,0,0,0,False,4,"[""AMP"", ""UMP"", ""beta-alanine"", ""dimethylglycine""]",[],0,0,8,4,5,arginine,1,2,100.0,697,179,16,2,5.863509545050215,0.2892319453010906,False,db1ab3680dcfc2deb10e2511ec28b70b27966d5a436d724be48267bcbf200acf,0.06051117298193276
direct_neighbor_ridge,0,0,0,0,0,0,False,4,"[""AMP"", ""UMP"", ""beta-alanine"", ""dimethylglycine""]",[],0,0,8,4,5,arginine,1,3,100.0,700,176,13,5,5.805769005428571,0.30185736890451725,False,659dce4f66bf4ee0228513d024a4e287e9f1aa3957152332b1483ab0af67cb42,0.0659424071200192
direct_neighbor_ridge,0,0,0,0,0,0,False,4,"[""AMP"", ""UMP"", ""beta-alanine"", ""dimethylglycine""]",[],0,0,8,4,5,arginine,1,4,100.0,702,174,13,5,5.817618240883191,0.30757781466220807,False,9492e163b6ef19b0563b1ce8302b8e8794e2e4c9c8031c62ff9774a3f63f6f58,0.07767844898626208
direct_neighbor_ridge,0,0,0,0,0,0,False,1,"[""UMP""]",[],0,0,2,1,2,asparagine,0,0,100.0,697,179,16,2,5.770933249067432,0.5547028758197723,False,db1ab3680dcfc2deb10e2511ec28b70b27966d5a436d724be48267bcbf200acf,0.056815717136487365
direct_neighbor_ridge,0,0,0,0,0,0,False,1,"[""UMP""]",[],0,0,2,1,2,asparagine,0,1,100.0,705,171,13,5,5.822742776737589,0.5073316430090837,False,32d2e2f547f707a9f12d899e65a934275c9f49020e10d214973126d05910ec9c,0.06264529982581735
direct_neighbor_ridge,0,0,0,0,0,0,False,1,"[""UMP""]",[],0,0,2,1,2,asparagine,0,2,0.1,700,176,13,5,5.760654128285714,0.5062160501130749,False,659dce4f66bf4ee0228513d024a4e287e9f1aa3957152332b1483ab0af67cb42,0.06302330596372485
direct_neighbor_ridge,0,0,0,0,0,0,False,1,"[""UMP""]",[],0,0,2,1,2,asparagine,0,3,100.0,702,174,13,5,5.834951135327635,0.4986691932677111,False,9492e163b6ef19b0563b1ce8302b8e8794e2e4c9c8031c62ff9774a3f63f6f58,0.07255890592932701
direct_neighbor_ridge,0,0,0,0,0,0,False,1,"[""UMP""]",[],0,0,2,1,2,asparagine,0,4,100.0,700,176,17,1,5.7793045951428565,0.5296973350103227,False,cf9883e99ee1b956d01c2cb42a4d284b982ce23065d3616a5e1cced359e41fb5,0.052859798073768616
direct_neighbor_ridge,0,0,0,0,0,0,False,1,"[""UMP""]",[],0,0,2,1,2,asparagine,1,0,100.0,705,171,13,5,5.822742776737589,0.5073316430090837,False,32d2e2f547f707a9f12d899e65a934275c9f49020e10d214973126d05910ec9c,0.06001971196383238
direct_neighbor_ridge,0,0,0,0,0,0,False,1,"[""UMP""]",[],0,0,2,1,2,asparagine,1,1,100.0,700,176,17,1,5.7793045951428565,0.5296973350103227,False,cf9883e99ee1b956d01c2cb42a4d284b982ce23065d3616a5e1cced359e41fb5,0.06224925792776048
direct_neighbor_ridge,0,0,0,0,0,0,False,1,"[""UMP""]",[],0,0,2,1,2,asparagine,1,2,100.0,697,179,16,2,5.770933249067432,0.5547028758197723,False,db1ab3680dcfc2deb10e2511ec28b70b27966d5a436d724be48267bcbf200acf,0.0669864839874208
direct_neighbor_ridge,0,0,0,0,0,0,False,1,"[""UMP""]",[],0,0,2,1,2,asparagine,1,3,0.1,700,176,13,5,5.760654128285714,0.5062160501130749,False,659dce4f66bf4ee0228513d024a4e287e9f1aa3957152332b1483ab0af67cb42,0.05976253282278776
direct_neighbor_ridge,0,0,0,0,0,0,False,1,"[""UMP""]",[],0,0,2,1,2,asparagine,1,4,100.0,702,174,13,5,5.834951135327635,0.4986691932677111,False,9492e163b6ef19b0563b1ce8302b8e8794e2e4c9c8031c62ff9774a3f63f6f58,0.050502209924161434
direct_neighbor_ridge,0,0,0,0,0,0,False,5,"[""GMP"", ""NAD"", ""NADP"", ""cAMP"", ""glycine""]",[],0,0,10,5,6,aspartate,0,0,100.0,697,179,16,2,5.880295525824964,0.31459989253788373,False,db1ab3680dcfc2deb10e2511ec28b70b27966d5a436d724be48267bcbf200acf,0.05689749517478049
direct_neighbor_ridge,0,0,0,0,0,0,False,5,"[""GMP"", ""NAD"", ""NADP"", ""cAMP"", ""glycine""]",[],0,0,10,5,6,aspartate,0,1,100.0,705,171,13,5,5.874632417021277,0.31483712856725005,False,32d2e2f547f707a9f12d899e65a934275c9f49020e10d214973126d05910ec9c,0.04926656512543559
direct_neighbor_ridge,0,0,0,0,0,0,False,5,"[""GMP"", ""NAD"", ""NADP"", ""cAMP"", ""glycine""]",[],0,0,10,5,6,aspartate,0,2,100.0,700,176,13,5,5.847491705857142,0.3070662955662841,False,659dce4f66bf4ee0228513d024a4e287e9f1aa3957152332b1483ab0af67cb42,0.06253656186163425
direct_neighbor_ridge,0,0,0,0,0,0,False,5,"[""GMP"", ""NAD"", ""NADP"", ""cAMP"", ""glycine""]",[],0,0,10,5,6,aspartate,0,3,100.0,702,174,13,5,5.891541375356125,0.30470940794430695,False,9492e163b6ef19b0563b1ce8302b8e8794e2e4c9c8031c62ff9774a3f63f6f58,0.051994930021464825
direct_neighbor_ridge,0,0,0,0,0,0,False,5,"[""GMP"", ""NAD"", ""NADP"", ""cAMP"", ""glycine""]",[],0,0,10,5,6,aspartate,0,4,100.0,700,176,17,1,5.858449629857143,0.3205310760569602,False,cf9883e99ee1b956d01c2cb42a4d284b982ce23065d3616a5e1cced359e41fb5,0.053476588102057576
direct_neighbor_ridge,0,0,0,0,0,0,False,5,"[""GMP"", ""NAD"", ""NADP"", ""cAMP"", ""glycine""]",[],0,0,10,5,6,aspartate,1,0,100.0,705,171,13,5,5.874632417021277,0.31483712856725005,False,32d2e2f547f707a9f12d899e65a934275c9f49020e10d214973126d05910ec9c,0.07669826806522906
direct_neighbor_ridge,0,0,0,0,0,0,False,5,"[""GMP"", ""NAD"", ""NADP"", ""cAMP"", ""glycine""]",[],0,0,10,5,6,aspartate,1,1,100.0,700,176,17,1,5.858449629857143,0.3205310760569602,False,cf9883e99ee1b956d01c2cb42a4d284b982ce23065d3616a5e1cced359e41fb5,0.07243946101516485
direct_neighbor_ridge,0,0,0,0,0,0,False,5,"[""GMP"", ""NAD"", ""NADP"", ""cAMP"", ""glycine""]",[],0,0,10,5,6,aspartate,1,2,100.0,697,179,16,2,5.880295525824964,0.31459989253788373,False,db1ab3680dcfc2deb10e2511ec28b70b27966d5a436d724be48267bcbf200acf,0.0580411721020937
direct_neighbor_ridge,0,0,0,0,0,0,False,5,"[""GMP"", ""NAD"", ""NADP"", ""cAMP"", ""glycine""]",[],0,0,10,5,6,aspartate,1,3,100.0,700,176,13,5,5.847491705857142,0.3070662955662841,False,659dce4f66bf4ee0228513d024a4e287e9f1aa3957152332b1483ab0af67cb42,0.05543439998291433
direct_neighbor_ridge,0,0,0,0,0,0,False,5,"[""GMP"", ""NAD"", ""NADP"", ""cAMP"", ""glycine""]",[],0,0,10,5,6,aspartate,1,4,10.0,702,174,13,5,5.891541375356125,0.30470940794430695,False,9492e163b6ef19b0563b1ce8302b8e8794e2e4c9c8031c62ff9774a3f63f6f58,0.05767149804159999
direct_neighbor_ridge,0,0,0,0,0,0,False,7,"[""GMP"", ""alanine"", ""citrulline"", ""glycine"", ""hypoxanthine"", ""kynurenine"", ""ornithine""]",[],0,0,14,7,8,beta-alanine,0,0,100.0,697,179,16,2,5.89606564619799,0.38552157905093615,False,db1ab3680dcfc2deb10e2511ec28b70b27966d5a436d724be48267bcbf200acf,0.056368561927229166
direct_neighbor_ridge,0,0,0,0,0,0,False,7,"[""GMP"", ""alanine"", ""citrulline"", ""glycine"", ""hypoxanthine"", ""kynurenine"", ""ornithine""]",[],0,0,14,7,8,beta-alanine,0,1,100.0,705,171,13,5,5.88588785106383,0.37906560080676954,False,32d2e2f547f707a9f12d899e65a934275c9f49020e10d214973126d05910ec9c,0.06102609494701028
direct_neighbor_ridge,0,0,0,0,0,0,False,7,"[""GMP"", ""alanine"", ""citrulline"", ""glycine"", ""hypoxanthine"", ""kynurenine"", ""ornithine""]",[],0,0,14,7,8,beta-alanine,0,2,10.0,700,176,13,5,5.858867382571429,0.37488335636279413,False,659dce4f66bf4ee0228513d024a4e287e9f1aa3957152332b1483ab0af67cb42,0.06498335907235742
direct_neighbor_ridge,0,0,0,0,0,0,False,7,"[""GMP"", ""alanine"", ""citrulline"", ""glycine"", ""hypoxanthine"", ""kynurenine"", ""ornithine""]",[],0,0,14,7,8,beta-alanine,0,3,10.0,702,174,13,5,5.889754005413106,0.3645264448798111,False,9492e163b6ef19b0563b1ce8302b8e8794e2e4c9c8031c62ff9774a3f63f6f58,0.06730043515563011
direct_neighbor_ridge,0,0,0,0,0,0,False,7,"[""GMP"", ""alanine"", ""citrulline"", ""glycine"", ""hypoxanthine"", ""kynurenine"", ""ornithine""]",[],0,0,14,7,8,beta-alanine,0,4,10.0,700,176,17,1,5.876934778285714,0.37122422318563114,False,cf9883e99ee1b956d01c2cb42a4d284b982ce23065d3616a5e1cced359e41fb5,0.06446208897978067
direct_neighbor_ridge,0,0,0,0,0,0,False,7,"[""GMP"", ""alanine"", ""citrulline"", ""glycine"", ""hypoxanthine"", ""kynurenine"", ""ornithine""]",[],0,0,14,7,8,beta-alanine,1,0,100.0,705,171,13,5,5.88588785106383,0.37906560080676954,False,32d2e2f547f707a9f12d899e65a934275c9f49020e10d214973126d05910ec9c,0.0644378550350666
direct_neighbor_ridge,0,0,0,0,0,0,False,7,"[""GMP"", ""alanine"", ""citrulline"", ""glycine"", ""hypoxanthine"", ""kynurenine"", ""ornithine""]",[],0,0,14,7,8,beta-alanine,1,1,10.0,700,176,17,1,5.876934778285714,0.37122422318563114,False,cf9883e99ee1b956d01c2cb42a4d284b982ce23065d3616a5e1cced359e41fb5,0.05853652907535434
direct_neighbor_ridge,0,0,0,0,0,0,False,7,"[""GMP"", ""alanine"", ""citrulline"", ""glycine"", ""hypoxanthine"", ""kynurenine"", ""ornithine""]",[],0,0,14,7,8,beta-alanine,1,2,10.0,697,179,16,2,5.89606564619799,0.38552157905093615,False,db1ab3680dcfc2deb10e2511ec28b70b27966d5a436d724be48267bcbf200acf,0.06496698595583439
direct_neighbor_ridge,0,0,0,0,0,0,False,7,"[""GMP"", ""alanine"", ""citrulline"", ""glycine"", ""hypoxanthine"", ""kynurenine"", ""ornithine""]",[],0,0,14,7,8,beta-alanine,1,3,100.0,700,176,13,5,5.858867382571429,0.37488335636279413,False,659dce4f66bf4ee0228513d024a4e287e9f1aa3957152332b1483ab0af67cb42,0.06692075403407216
direct_neighbor_ridge,0,0,0,0,0,0,False,7,"[""GMP"", ""alanine"", ""citrulline"", ""glycine"", ""hypoxanthine"", ""kynurenine"", ""ornithine""]",[],0,0,14,7,8,beta-alanine,1,4,10.0,702,174,13,5,5.889754005413106,0.3645264448798111,False,9492e163b6ef19b0563b1ce8302b8e8794e2e4c9c8031c62ff9774a3f63f6f58,0.13069674302823842
direct_neighbor_ridge,0,0,0,0,0,0,False,5,"[""AMP"", ""GMP"", ""adenosine"", ""alanine"", ""glutamate""]",[],0,0,10,5,6,betaine,0,0,100.0,697,179,16,2,5.8714377137733145,0.18159899344090086,False,db1ab3680dcfc2deb10e2511ec28b70b27966d5a436d724be48267bcbf200acf,0.07256910903379321
direct_neighbor_ridge,0,0,0,0,0,0,False,5,"[""AMP"", ""GMP"", ""adenosine"", ""alanine"", ""glutamate""]",[],0,0,10,5,6,betaine,0,1,100.0,705,171,13,5,5.844790105815603,0.2090158756680175,False,32d2e2f547f707a9f12d899e65a934275c9f49020e10d214973126d05910ec9c,0.0696679821703583
direct_neighbor_ridge,0,0,0,0,0,0,False,5,"[""AMP"", ""GMP"", ""adenosine"", ""alanine"", ""glutamate""]",[],0,0,10,5,6,betaine,0,2,100.0,700,176,13,5,5.823641747,0.19709735634486064,False,659dce4f66bf4ee0228513d024a4e287e9f1aa3957152332b1483ab0af67cb42,0.060210806084796786
direct_neighbor_ridge,0,0,0,0,0,0,False,5,"[""AMP"", ""GMP"", ""adenosine"", ""alanine"", ""glutamate""]",[],0,0,10,5,6,betaine,0,3,100.0,702,174,13,5,5.841853994301995,0.20015594660079908,False,9492e163b6ef19b0563b1ce8302b8e8794e2e4c9c8031c62ff9774a3f63f6f58,0.08134368783794343
direct_neighbor_ridge,0,0,0,0,0,0,False,5,"[""AMP"", ""GMP"", ""adenosine"", ""alanine"", ""glutamate""]",[],0,0,10,5,6,betaine,0,4,100.0,700,176,17,1,5.841625063428572,0.19284290121241865,False,cf9883e99ee1b956d01c2cb42a4d284b982ce23065d3616a5e1cced359e41fb5,0.06502720806747675
direct_neighbor_ridge,0,0,0,0,0,0,False,5,"[""AMP"", ""GMP"", ""adenosine"", ""alanine"", ""glutamate""]",[],0,0,10,5,6,betaine,1,0,100.0,705,171,13,5,5.844790105815603,0.2090158756680175,False,32d2e2f547f707a9f12d899e65a934275c9f49020e10d214973126d05910ec9c,0.07130654994398355
direct_neighbor_ridge,0,0,0,0,0,0,False,5,"[""AMP"", ""GMP"", ""adenosine"", ""alanine"", ""glutamate""]",[],0,0,10,5,6,betaine,1,1,100.0,700,176,17,1,5.841625063428572,0.19284290121241865,False,cf9883e99ee1b956d01c2cb42a4d284b982ce23065d3616a5e1cced359e41fb5,0.06096226396039128
direct_neighbor_ridge,0,0,0,0,0,0,False,5,"[""AMP"", ""GMP"", ""adenosine"", ""alanine"", ""glutamate""]",[],0,0,10,5,6,betaine,1,2,100.0,697,179,16,2,5.8714377137733145,0.18159899344090086,False,db1ab3680dcfc2deb10e2511ec28b70b27966d5a436d724be48267bcbf200acf,0.06792733212932944
direct_neighbor_ridge,0,0,0,0,0,0,False,5,"[""AMP"", ""GMP"", ""adenosine"", ""alanine"", ""glutamate""]",[],0,0,10,5,6,betaine,1,3,10.0,700,176,13,5,5.823641747,0.19709735634486064,False,659dce4f66bf4ee0228513d024a4e287e9f1aa3957152332b1483ab0af67cb42,0.06804551417008042
direct_neighbor_ridge,0,0,0,0,0,0,False,5,"[""AMP"", ""GMP"", ""adenosine"", ""alanine"", ""glutamate""]",[],0,0,10,5,6,betaine,1,4,100.0,702,174,13,5,5.841853994301995,0.20015594660079908,False,9492e163b6ef19b0563b1ce8302b8e8794e2e4c9c8031c62ff9774a3f63f6f58,0.05884105386212468
direct_neighbor_ridge,0,0,0,0,0,0,False,1,"[""glutamate""]",[],0,0,2,1,2,cAMP,0,0,100.0,697,179,16,2,5.950858155093256,0.2858460941092765,False,db1ab3680dcfc2deb10e2511ec28b70b27966d5a436d724be48267bcbf200acf,0.06699411291629076
direct_neighbor_ridge,0,0,0,0,0,0,False,1,"[""glutamate""]",[],0,0,2,1,2,cAMP,0,1,0.1,705,171,13,5,5.9900215581560285,0.2949595974021159,False,32d2e2f547f707a9f12d899e65a934275c9f49020e10d214973126d05910ec9c,0.08952847099862993
direct_neighbor_ridge,0,0,0,0,0,0,False,1,"[""glutamate""]",[],0,0,2,1,2,cAMP,0,2,100.0,700,176,13,5,5.979318919714286,0.3061051247886878,False,659dce4f66bf4ee0228513d024a4e287e9f1aa3957152332b1483ab0af67cb42,0.06909970217384398
direct_neighbor_ridge,0,0,0,0,0,0,False,1,"[""glutamate""]",[],0,0,2,1,2,cAMP,0,3,100.0,702,174,13,5,5.992108657692308,0.3013222098747822,False,9492e163b6ef19b0563b1ce8302b8e8794e2e4c9c8031c62ff9774a3f63f6f58,0.0782954441383481
direct_neighbor_ridge,0,0,0,0,0,0,False,1,"[""glutamate""]",[],0,0,2,1,2,cAMP,0,4,100.0,700,176,17,1,6.001160348428571,0.2957637599772958,False,cf9883e99ee1b956d01c2cb42a4d284b982ce23065d3616a5e1cced359e41fb5,0.07066897698678076
direct_neighbor_ridge,0,0,0,0,0,0,False,1,"[""glutamate""]",[],0,0,2,1,2,cAMP,1,0,0.1,705,171,13,5,5.9900215581560285,0.2949595974021159,False,32d2e2f547f707a9f12d899e65a934275c9f49020e10d214973126d05910ec9c,0.0901242820546031
direct_neighbor_ridge,0,0,0,0,0,0,False,1,"[""glutamate""]",[],0,0,2,1,2,cAMP,1,1,0.1,700,176,17,1,6.001160348428571,0.2957637599772958,False,cf9883e99ee1b956d01c2cb42a4d284b982ce23065d3616a5e1cced359e41fb5,0.06033698283135891
direct_neighbor_ridge,0,0,0,0,0,0,False,1,"[""glutamate""]",[],0,0,2,1,2,cAMP,1,2,10.0,697,179,16,2,5.950858155093256,0.2858460941092765,False,db1ab3680dcfc2deb10e2511ec28b70b27966d5a436d724be48267bcbf200acf,0.06614954606629908
direct_neighbor_ridge,0,0,0,0,0,0,False,1,"[""glutamate""]",[],0,0,2,1,2,cAMP,1,3,0.1,700,176,13,5,5.979318919714286,0.3061051247886878,False,659dce4f66bf4ee0228513d024a4e287e9f1aa3957152332b1483ab0af67cb42,0.09610307984985411
direct_neighbor_ridge,0,0,0,0,0,0,False,1,"[""glutamate""]",[],0,0,2,1,2,cAMP,1,4,100.0,702,174,13,5,5.992108657692308,0.3013222098747822,False,9492e163b6ef19b0563b1ce8302b8e8794e2e4c9c8031c62ff9774a3f63f6f58,0.057832008926197886
direct_neighbor_ridge,0,0,0,0,0,0,False,3,"[""glutamate"", ""glycine"", ""uridine""]",[],0,0,6,3,4,carnosine,0,0,100.0,697,179,16,2,5.848187210903874,0.3346815694032456,False,db1ab3680dcfc2deb10e2511ec28b70b27966d5a436d724be48267bcbf200acf,0.0684038910549134
direct_neighbor_ridge,0,0,0,0,0,0,False,3,"[""glutamate"", ""glycine"", ""uridine""]",[],0,0,6,3,4,carnosine,0,1,100.0,705,171,13,5,5.717911871205674,0.4169635505808757,False,32d2e2f547f707a9f12d899e65a934275c9f49020e10d214973126d05910ec9c,0.05527333589270711
direct_neighbor_ridge,0,0,0,0,0,0,False,3,"[""glutamate"", ""glycine"", ""uridine""]",[],0,0,6,3,4,carnosine,0,2,100.0,700,176,13,5,5.728871635,0.406759957033559,False,659dce4f66bf4ee0228513d024a4e287e9f1aa3957152332b1483ab0af67cb42,0.06798628601245582
direct_neighbor_ridge,0,0,0,0,0,0,False,3,"[""glutamate"", ""glycine"", ""uridine""]",[],0,0,6,3,4,carnosine,0,3,100.0,702,174,13,5,5.720513488319089,0.41215713156509043,False,9492e163b6ef19b0563b1ce8302b8e8794e2e4c9c8031c62ff9774a3f63f6f58,0.06496307393535972
direct_neighbor_ridge,0,0,0,0,0,0,False,3,"[""glutamate"", ""glycine"", ""uridine""]",[],0,0,6,3,4,carnosine,0,4,100.0,700,176,17,1,5.747184804428572,0.40402742531557306,False,cf9883e99ee1b956d01c2cb42a4d284b982ce23065d3616a5e1cced359e41fb5,0.04849568801000714
direct_neighbor_ridge,0,0,0,0,0,0,False,3,"[""glutamate"", ""glycine"", ""uridine""]",[],0,0,6,3,4,carnosine,1,0,100.0,705,171,13,5,5.717911871205674,0.4169635505808757,False,32d2e2f547f707a9f12d899e65a934275c9f49020e10d214973126d05910ec9c,0.05170844797976315
direct_neighbor_ridge,0,0,0,0,0,0,False,3,"[""glutamate"", ""glycine"", ""uridine""]",[],0,0,6,3,4,carnosine,1,1,100.0,700,176,17,1,5.747184804428572,0.40402742531557306,False,cf9883e99ee1b956d01c2cb42a4d284b982ce23065d3616a5e1cced359e41fb5,0.0638361880555749
direct_neighbor_ridge,0,0,0,0,0,0,False,3,"[""glutamate"", ""glycine"", ""uridine""]",[],0,0,6,3,4,carnosine,1,2,100.0,697,179,16,2,5.848187210903874,0.3346815694032456,False,db1ab3680dcfc2deb10e2511ec28b70b27966d5a436d724be48267bcbf200acf,0.07887138915248215
direct_neighbor_ridge,0,0,0,0,0,0,False,3,"[""glutamate"", ""glycine"", ""uridine""]",[],0,0,6,3,4,carnosine,1,3,100.0,700,176,13,5,5.728871635,0.406759957033559,False,659dce4f66bf4ee0228513d024a4e287e9f1aa3957152332b1483ab0af67cb42,0.06388234999030828
direct_neighbor_ridge,0,0,0,0,0,0,False,3,"[""glutamate"", ""glycine"", ""uridine""]",[],0,0,6,3,4,carnosine,1,4,100.0,702,174,13,5,5.720513488319089,0.41215713156509043,False,9492e163b6ef19b0563b1ce8302b8e8794e2e4c9c8031c62ff9774a3f63f6f58,0.05576711497269571
direct_neighbor_ridge,0,0,0,0,0,0,False,3,"[""AMP"", ""phenylalanine"", ""valine""]",[],0,0,6,3,4,choline,0,0,100.0,697,179,16,2,5.8239385981348635,0.338166872104974,False,db1ab3680dcfc2deb10e2511ec28b70b27966d5a436d724be48267bcbf200acf,0.11210626782849431
direct_neighbor_ridge,0,0,0,0,0,0,False,3,"[""AMP"", ""phenylalanine"", ""valine""]",[],0,0,6,3,4,choline,0,1,100.0,705,171,13,5,5.859232645531915,0.32003460065194833,False,32d2e2f547f707a9f12d899e65a934275c9f49020e10d214973126d05910ec9c,0.0584832860622555
direct_neighbor_ridge,0,0,0,0,0,0,False,3,"[""AMP"", ""phenylalanine"", ""valine""]",[],0,0,6,3,4,choline,0,2,100.0,700,176,13,5,5.867582237714285,0.32489858486978823,False,659dce4f66bf4ee0228513d024a4e287e9f1aa3957152332b1483ab0af67cb42,0.05391657794825733
direct_neighbor_ridge,0,0,0,0,0,0,False,3,"[""AMP"", ""phenylalanine"", ""valine""]",[],0,0,6,3,4,choline,0,3,10.0,702,174,13,5,5.8625390531339026,0.3226075591600372,False,9492e163b6ef19b0563b1ce8302b8e8794e2e4c9c8031c62ff9774a3f63f6f58,0.0565573878120631
direct_neighbor_ridge,0,0,0,0,0,0,False,3,"[""AMP"", ""phenylalanine"", ""valine""]",[],0,0,6,3,4,choline,0,4,1.0,700,176,17,1,5.852284691285713,0.32270601790601433,False,cf9883e99ee1b956d01c2cb42a4d284b982ce23065d3616a5e1cced359e41fb5,0.05409394018352032
direct_neighbor_ridge,0,0,0,0,0,0,False,3,"[""AMP"", ""phenylalanine"", ""valine""]",[],0,0,6,3,4,choline,1,0,100.0,705,171,13,5,5.859232645531915,0.32003460065194833,False,32d2e2f547f707a9f12d899e65a934275c9f49020e10d214973126d05910ec9c,0.05420358898118138
direct_neighbor_ridge,0,0,0,0,0,0,False,3,"[""AMP"", ""phenylalanine"", ""valine""]",[],0,0,6,3,4,choline,1,1,0.1,700,176,17,1,5.852284691285713,0.32270601790601433,False,cf9883e99ee1b956d01c2cb42a4d284b982ce23065d3616a5e1cced359e41fb5,0.055213692132383585
direct_neighbor_ridge,0,0,0,0,0,0,False,3,"[""AMP"", ""phenylalanine"", ""valine""]",[],0,0,6,3,4,choline,1,2,100.0,697,179,16,2,5.8239385981348635,0.338166872104974,False,db1ab3680dcfc2deb10e2511ec28b70b27966d5a436d724be48267bcbf200acf,0.05294624203816056
direct_neighbor_ridge,0,0,0,0,0,0,False,3,"[""AMP"", ""phenylalanine"", ""valine""]",[],0,0,6,3,4,choline,1,3,10.0,700,176,13,5,5.867582237714285,0.32489858486978823,False,659dce4f66bf4ee0228513d024a4e287e9f1aa3957152332b1483ab0af67cb42,0.05421685101464391
direct_neighbor_ridge,0,0,0,0,0,0,False,3,"[""AMP"", ""phenylalanine"", ""valine""]",[],0,0,6,3,4,choline,1,4,10.0,702,174,13,5,5.8625390531339026,0.3226075591600372,False,9492e163b6ef19b0563b1ce8302b8e8794e2e4c9c8031c62ff9774a3f63f6f58,0.0499358179513365
direct_neighbor_ridge,0,0,0,0,0,0,False,2,"[""adenosine"", ""inosine""]",[],0,0,4,2,3,citrate,0,0,0.1,697,179,16,2,5.856802146628407,0.28662588456419313,False,db1ab3680dcfc2deb10e2511ec28b70b27966d5a436d724be48267bcbf200acf,0.052767265820875764
direct_neighbor_ridge,0,0,0,0,0,0,False,2,"[""adenosine"", ""inosine""]",[],0,0,4,2,3,citrate,0,1,0.1,705,171,13,5,5.791562419007092,0.33160955849208257,False,32d2e2f547f707a9f12d899e65a934275c9f49020e10d214973126d05910ec9c,0.06310426187701523
direct_neighbor_ridge,0,0,0,0,0,0,False,2,"[""adenosine"", ""inosine""]",[],0,0,4,2,3,citrate,0,2,0.1,700,176,13,5,5.796659042428571,0.3209738076981834,False,659dce4f66bf4ee0228513d024a4e287e9f1aa3957152332b1483ab0af67cb42,0.06364504783414304
direct_neighbor_ridge,0,0,0,0,0,0,False,2,"[""adenosine"", ""inosine""]",[],0,0,4,2,3,citrate,0,3,0.1,702,174,13,5,5.816074590598291,0.3172362249439492,False,9492e163b6ef19b0563b1ce8302b8e8794e2e4c9c8031c62ff9774a3f63f6f58,0.05545696197077632
direct_neighbor_ridge,0,0,0,0,0,0,False,2,"[""adenosine"", ""inosine""]",[],0,0,4,2,3,citrate,0,4,0.1,700,176,17,1,5.8187439961428575,0.3243083616569265,False,cf9883e99ee1b956d01c2cb42a4d284b982ce23065d3616a5e1cced359e41fb5,0.05724615906365216
direct_neighbor_ridge,0,0,0,0,0,0,False,2,"[""adenosine"", ""inosine""]",[],0,0,4,2,3,citrate,1,0,0.1,705,171,13,5,5.791562419007092,0.33160955849208257,False,32d2e2f547f707a9f12d899e65a934275c9f49020e10d214973126d05910ec9c,0.06542447512038052
direct_neighbor_ridge,0,0,0,0,0,0,False,2,"[""adenosine"", ""inosine""]",[],0,0,4,2,3,citrate,1,1,0.1,700,176,17,1,5.8187439961428575,0.3243083616569265,False,cf9883e99ee1b956d01c2cb42a4d284b982ce23065d3616a5e1cced359e41fb5,0.07296598213724792
direct_neighbor_ridge,0,0,0,0,0,0,False,2,"[""adenosine"", ""inosine""]",[],0,0,4,2,3,citrate,1,2,0.1,697,179,16,2,5.856802146628407,0.28662588456419313,False,db1ab3680dcfc2deb10e2511ec28b70b27966d5a436d724be48267bcbf200acf,0.0688799568451941
direct_neighbor_ridge,0,0,0,0,0,0,False,2,"[""adenosine"", ""inosine""]",[],0,0,4,2,3,citrate,1,3,0.1,700,176,13,5,5.796659042428571,0.3209738076981834,False,659dce4f66bf4ee0228513d024a4e287e9f1aa3957152332b1483ab0af67cb42,0.059197862865403295
direct_neighbor_ridge,0,0,0,0,0,0,False,2,"[""adenosine"", ""inosine""]",[],0,0,4,2,3,citrate,1,4,0.1,702,174,13,5,5.816074590598291,0.3172362249439492,False,9492e163b6ef19b0563b1ce8302b8e8794e2e4c9c8031c62ff9774a3f63f6f58,0.05169960390776396
direct_neighbor_ridge,0,0,0,0,0,0,False,5,"[""NAD"", ""UMP"", ""betaine"", ""glutamate"", ""methionine""]",[],0,0,10,5,6,citrulline,0,0,10.0,697,179,16,2,5.850244435150646,0.2837581540578788,False,db1ab3680dcfc2deb10e2511ec28b70b27966d5a436d724be48267bcbf200acf,0.06352904415689409
direct_neighbor_ridge,0,0,0,0,0,0,False,5,"[""NAD"", ""UMP"", ""betaine"", ""glutamate"", ""methionine""]",[],0,0,10,5,6,citrulline,0,1,100.0,705,171,13,5,5.795729869078015,0.31706795344862154,False,32d2e2f547f707a9f12d899e65a934275c9f49020e10d214973126d05910ec9c,0.0562590379267931
direct_neighbor_ridge,0,0,0,0,0,0,False,5,"[""NAD"", ""UMP"", ""betaine"", ""glutamate"", ""methionine""]",[],0,0,10,5,6,citrulline,0,2,100.0,700,176,13,5,5.808392116714286,0.30975075225231685,False,659dce4f66bf4ee0228513d024a4e287e9f1aa3957152332b1483ab0af67cb42,0.057667511980980635
direct_neighbor_ridge,0,0,0,0,0,0,False,5,"[""NAD"", ""UMP"", ""betaine"", ""glutamate"", ""methionine""]",[],0,0,10,5,6,citrulline,0,3,100.0,702,174,13,5,5.80420118960114,0.30130689878614486,False,9492e163b6ef19b0563b1ce8302b8e8794e2e4c9c8031c62ff9774a3f63f6f58,0.0583300800062716
direct_neighbor_ridge,0,0,0,0,0,0,False,5,"[""NAD"", ""UMP"", ""betaine"", ""glutamate"", ""methionine""]",[],0,0,10,5,6,citrulline,0,4,100.0,700,176,17,1,5.817242098,0.2998443205544627,False,cf9883e99ee1b956d01c2cb42a4d284b982ce23065d3616a5e1cced359e41fb5,0.05645843083038926
direct_neighbor_ridge,0,0,0,0,0,0,False,5,"[""NAD"", ""UMP"", ""betaine"", ""glutamate"", ""methionine""]",[],0,0,10,5,6,citrulline,1,0,100.0,705,171,13,5,5.795729869078015,0.31706795344862154,False,32d2e2f547f707a9f12d899e65a934275c9f49020e10d214973126d05910ec9c,0.05164079391397536
direct_neighbor_ridge,0,0,0,0,0,0,False,5,"[""NAD"", ""UMP"", ""betaine"", ""glutamate"", ""methionine""]",[],0,0,10,5,6,citrulline,1,1,100.0,700,176,17,1,5.817242098,0.2998443205544627,False,cf9883e99ee1b956d01c2cb42a4d284b982ce23065d3616a5e1cced359e41fb5,0.057661569910123944
direct_neighbor_ridge,0,0,0,0,0,0,False,5,"[""NAD"", ""UMP"", ""betaine"", ""glutamate"", ""methionine""]",[],0,0,10,5,6,citrulline,1,2,10.0,697,179,16,2,5.850244435150646,0.2837581540578788,False,db1ab3680dcfc2deb10e2511ec28b70b27966d5a436d724be48267bcbf200acf,0.05055080307647586
direct_neighbor_ridge,0,0,0,0,0,0,False,5,"[""NAD"", ""UMP"", ""betaine"", ""glutamate"", ""methionine""]",[],0,0,10,5,6,citrulline,1,3,100.0,700,176,13,5,5.808392116714286,0.30975075225231685,False,659dce4f66bf4ee0228513d024a4e287e9f1aa3957152332b1483ab0af67cb42,0.054936636006459594
direct_neighbor_ridge,0,0,0,0,0,0,False,5,"[""NAD"", ""UMP"", ""betaine"", ""glutamate"", ""methionine""]",[],0,0,10,5,6,citrulline,1,4,100.0,702,174,13,5,5.80420118960114,0.30130689878614486,False,9492e163b6ef19b0563b1ce8302b8e8794e2e4c9c8031c62ff9774a3f63f6f58,0.05839213891886175
direct_neighbor_ridge,0,0,0,0,0,0,False,2,"[""histidine"", ""ornithine""]",[],0,0,4,2,3,cytidine,0,0,100.0,697,179,16,2,5.821940568292683,0.4881534049700528,False,db1ab3680dcfc2deb10e2511ec28b70b27966d5a436d724be48267bcbf200acf,0.0423215429764241
direct_neighbor_ridge,0,0,0,0,0,0,False,2,"[""histidine"", ""ornithine""]",[],0,0,4,2,3,cytidine,0,1,100.0,705,171,13,5,5.9433197194326235,0.5687678071111162,False,32d2e2f547f707a9f12d899e65a934275c9f49020e10d214973126d05910ec9c,0.062102096155285835
direct_neighbor_ridge,0,0,0,0,0,0,False,2,"[""histidine"", ""ornithine""]",[],0,0,4,2,3,cytidine,0,2,100.0,700,176,13,5,5.986364081142857,0.5599634922930096,False,659dce4f66bf4ee0228513d024a4e287e9f1aa3957152332b1483ab0af67cb42,0.04966455698013306
direct_neighbor_ridge,0,0,0,0,0,0,False,2,"[""histidine"", ""ornithine""]",[],0,0,4,2,3,cytidine,0,3,10.0,702,174,13,5,5.943676573361824,0.5762399457215668,False,9492e163b6ef19b0563b1ce8302b8e8794e2e4c9c8031c62ff9774a3f63f6f58,0.05463187885470688
direct_neighbor_ridge,0,0,0,0,0,0,False,2,"[""histidine"", ""ornithine""]",[],0,0,4,2,3,cytidine,0,4,100.0,700,176,17,1,5.943439289714285,0.5728846534204469,False,cf9883e99ee1b956d01c2cb42a4d284b982ce23065d3616a5e1cced359e41fb5,0.06605296791531146
direct_neighbor_ridge,0,0,0,0,0,0,False,2,"[""histidine"", ""ornithine""]",[],0,0,4,2,3,cytidine,1,0,100.0,705,171,13,5,5.9433197194326235,0.5687678071111162,False,32d2e2f547f707a9f12d899e65a934275c9f49020e10d214973126d05910ec9c,0.060099405935034156
direct_neighbor_ridge,0,0,0,0,0,0,False,2,"[""histidine"", ""ornithine""]",[],0,0,4,2,3,cytidine,1,1,100.0,700,176,17,1,5.943439289714285,0.5728846534204469,False,cf9883e99ee1b956d01c2cb42a4d284b982ce23065d3616a5e1cced359e41fb5,0.057338102953508496
direct_neighbor_ridge,0,0,0,0,0,0,False,2,"[""histidine"", ""ornithine""]",[],0,0,4,2,3,cytidine,1,2,100.0,697,179,16,2,5.821940568292683,0.4881534049700528,False,db1ab3680dcfc2deb10e2511ec28b70b27966d5a436d724be48267bcbf200acf,0.06254429300315678
direct_neighbor_ridge,0,0,0,0,0,0,False,2,"[""histidine"", ""ornithine""]",[],0,0,4,2,3,cytidine,1,3,100.0,700,176,13,5,5.986364081142857,0.5599634922930096,False,659dce4f66bf4ee0228513d024a4e287e9f1aa3957152332b1483ab0af67cb42,0.0736911678686738
direct_neighbor_ridge,0,0,0,0,0,0,False,2,"[""histidine"", ""ornithine""]",[],0,0,4,2,3,cytidine,1,4,10.0,702,174,13,5,5.943676573361824,0.5762399457215668,False,9492e163b6ef19b0563b1ce8302b8e8794e2e4c9c8031c62ff9774a3f63f6f58,0.06835130602121353
direct_neighbor_ridge,0,0,0,0,0,0,False,5,"[""AMP"", ""UMP"", ""adenosine"", ""aspartate"", ""uridine""]",[],0,0,10,5,6,dimethylglycine,0,0,100.0,697,179,16,2,5.842713994691535,0.2412852905128361,False,db1ab3680dcfc2deb10e2511ec28b70b27966d5a436d724be48267bcbf200acf,0.07746737007983029
direct_neighbor_ridge,0,0,0,0,0,0,False,5,"[""AMP"", ""UMP"", ""adenosine"", ""aspartate"", ""uridine""]",[],0,0,10,5,6,dimethylglycine,0,1,100.0,705,171,13,5,5.7773420750354605,0.2754153009172702,False,32d2e2f547f707a9f12d899e65a934275c9f49020e10d214973126d05910ec9c,0.07763951295055449
direct_neighbor_ridge,0,0,0,0,0,0,False,5,"[""AMP"", ""UMP"", ""adenosine"", ""aspartate"", ""uridine""]",[],0,0,10,5,6,dimethylglycine,0,2,100.0,700,176,13,5,5.776686067571429,0.2684533693166957,False,659dce4f66bf4ee0228513d024a4e287e9f1aa3957152332b1483ab0af67cb42,0.08476694696582854
direct_neighbor_ridge,0,0,0,0,0,0,False,5,"[""AMP"", ""UMP"", ""adenosine"", ""aspartate"", ""uridine""]",[],0,0,10,5,6,dimethylglycine,0,3,100.0,702,174,13,5,5.778814191452991,0.2645452231216455,False,9492e163b6ef19b0563b1ce8302b8e8794e2e4c9c8031c62ff9774a3f63f6f58,0.06772380298934877
direct_neighbor_ridge,0,0,0,0,0,0,False,5,"[""AMP"", ""UMP"", ""adenosine"", ""aspartate"", ""uridine""]",[],0,0,10,5,6,dimethylglycine,0,4,100.0,700,176,17,1,5.798933204428572,0.25781198933068716,False,cf9883e99ee1b956d01c2cb42a4d284b982ce23065d3616a5e1cced359e41fb5,0.06107339495792985
direct_neighbor_ridge,0,0,0,0,0,0,False,5,"[""AMP"", ""UMP"", ""adenosine"", ""aspartate"", ""uridine""]",[],0,0,10,5,6,dimethylglycine,1,0,100.0,705,171,13,5,5.7773420750354605,0.2754153009172702,False,32d2e2f547f707a9f12d899e65a934275c9f49020e10d214973126d05910ec9c,0.05295930593274534
direct_neighbor_ridge,0,0,0,0,0,0,False,5,"[""AMP"", ""UMP"", ""adenosine"", ""aspartate"", ""uridine""]",[],0,0,10,5,6,dimethylglycine,1,1,100.0,700,176,17,1,5.798933204428572,0.25781198933068716,False,cf9883e99ee1b956d01c2cb42a4d284b982ce23065d3616a5e1cced359e41fb5,0.07547414186410606
direct_neighbor_ridge,0,0,0,0,0,0,False,5,"[""AMP"", ""UMP"", ""adenosine"", ""aspartate"", ""uridine""]",[],0,0,10,5,6,dimethylglycine,1,2,100.0,697,179,16,2,5.842713994691535,0.2412852905128361,False,db1ab3680dcfc2deb10e2511ec28b70b27966d5a436d724be48267bcbf200acf,0.08494650991633534
direct_neighbor_ridge,0,0,0,0,0,0,False,5,"[""AMP"", ""UMP"", ""adenosine"", ""aspartate"", ""uridine""]",[],0,0,10,5,6,dimethylglycine,1,3,100.0,700,176,13,5,5.776686067571429,0.2684533693166957,False,659dce4f66bf4ee0228513d024a4e287e9f1aa3957152332b1483ab0af67cb42,0.0540711919311434
direct_neighbor_ridge,0,0,0,0,0,0,False,5,"[""AMP"", ""UMP"", ""adenosine"", ""aspartate"", ""uridine""]",[],0,0,10,5,6,dimethylglycine,1,4,100.0,702,174,13,5,5.778814191452991,0.2645452231216455,False,9492e163b6ef19b0563b1ce8302b8e8794e2e4c9c8031c62ff9774a3f63f6f58,0.046634262194857
direct_neighbor_ridge,0,0,0,0,0,0,False,2,"[""glutamate"", ""glutamine""]",[],0,0,4,2,3,glucuronate,0,0,100.0,697,179,16,2,5.875591368579626,0.21436797356403015,False,db1ab3680dcfc2deb10e2511ec28b70b27966d5a436d724be48267bcbf200acf,0.04249730589799583
direct_neighbor_ridge,0,0,0,0,0,0,False,2,"[""glutamate"", ""glutamine""]",[],0,0,4,2,3,glucuronate,0,1,100.0,705,171,13,5,5.8372711251063825,0.264059395571085,False,32d2e2f547f707a9f12d899e65a934275c9f49020e10d214973126d05910ec9c,0.048577550100162625
direct_neighbor_ridge,0,0,0,0,0,0,False,2,"[""glutamate"", ""glutamine""]",[],0,0,4,2,3,glucuronate,0,2,100.0,700,176,13,5,5.841330032428572,0.2627256409648469,False,659dce4f66bf4ee0228513d024a4e287e9f1aa3957152332b1483ab0af67cb42,0.05630046711303294
direct_neighbor_ridge,0,0,0,0,0,0,False,2,"[""glutamate"", ""glutamine""]",[],0,0,4,2,3,glucuronate,0,3,100.0,702,174,13,5,5.840461464102564,0.26023183008970724,False,9492e163b6ef19b0563b1ce8302b8e8794e2e4c9c8031c62ff9774a3f63f6f58,0.05442488007247448
direct_neighbor_ridge,0,0,0,0,0,0,False,2,"[""glutamate"", ""glutamine""]",[],0,0,4,2,3,glucuronate,0,4,100.0,700,176,17,1,5.853340806857143,0.2561959379747985,False,cf9883e99ee1b956d01c2cb42a4d284b982ce23065d3616a5e1cced359e41fb5,0.054260791977867484
direct_neighbor_ridge,0,0,0,0,0,0,False,2,"[""glutamate"", ""glutamine""]",[],0,0,4,2,3,glucuronate,1,0,100.0,705,171,13,5,5.8372711251063825,0.264059395571085,False,32d2e2f547f707a9f12d899e65a934275c9f49020e10d214973126d05910ec9c,0.05405640695244074
direct_neighbor_ridge,0,0,0,0,0,0,False,2,"[""glutamate"", ""glutamine""]",[],0,0,4,2,3,glucuronate,1,1,100.0,700,176,17,1,5.853340806857143,0.2561959379747985,False,cf9883e99ee1b956d01c2cb42a4d284b982ce23065d3616a5e1cced359e41fb5,0.05133221112191677
direct_neighbor_ridge,0,0,0,0,0,0,False,2,"[""glutamate"", ""glutamine""]",[],0,0,4,2,3,glucuronate,1,2,10.0,697,179,16,2,5.875591368579626,0.21436797356403015,False,db1ab3680dcfc2deb10e2511ec28b70b27966d5a436d724be48267bcbf200acf,0.05226627294905484
direct_neighbor_ridge,0,0,0,0,0,0,False,2,"[""glutamate"", ""glutamine""]",[],0,0,4,2,3,glucuronate,1,3,100.0,700,176,13,5,5.841330032428572,0.2627256409648469,False,659dce4f66bf4ee0228513d024a4e287e9f1aa3957152332b1483ab0af67cb42,0.05075823306106031
direct_neighbor_ridge,0,0,0,0,0,0,False,2,"[""glutamate"", ""glutamine""]",[],0,0,4,2,3,glucuronate,1,4,100.0,702,174,13,5,5.840461464102564,0.26023183008970724,False,9492e163b6ef19b0563b1ce8302b8e8794e2e4c9c8031c62ff9774a3f63f6f58,0.05175077891908586
direct_neighbor_ridge,0,0,0,0,0,0,False,15,"[""AMP"", ""CMP"", ""UMP"", ""adenosine"", ""arginine"", ""betaine"", ""citrulline"", ""dimethylglycine"", ""histidine"", ""homocysteine"", ""malate"", ""taurine"", ""taurocholate"", ""urate"", ""xanthosine""]",[],0,0,30,15,16,glutamate,0,0,10.0,697,179,16,2,5.837754748206599,0.22300075523157906,False,db1ab3680dcfc2deb10e2511ec28b70b27966d5a436d724be48267bcbf200acf,0.05469888704828918
direct_neighbor_ridge,0,0,0,0,0,0,False,15,"[""AMP"", ""CMP"", ""UMP"", ""adenosine"", ""arginine"", ""betaine"", ""citrulline"", ""dimethylglycine"", ""histidine"", ""homocysteine"", ""malate"", ""taurine"", ""taurocholate"", ""urate"", ""xanthosine""]",[],0,0,30,15,16,glutamate,0,1,100.0,705,171,13,5,5.856274995319149,0.23737426526109665,False,32d2e2f547f707a9f12d899e65a934275c9f49020e10d214973126d05910ec9c,0.06919285305775702
direct_neighbor_ridge,0,0,0,0,0,0,False,15,"[""AMP"", ""CMP"", ""UMP"", ""adenosine"", ""arginine"", ""betaine"", ""citrulline"", ""dimethylglycine"", ""histidine"", ""homocysteine"", ""malate"", ""taurine"", ""taurocholate"", ""urate"", ""xanthosine""]",[],0,0,30,15,16,glutamate,0,2,100.0,700,176,13,5,5.877516673,0.23263179623229843,False,659dce4f66bf4ee0228513d024a4e287e9f1aa3957152332b1483ab0af67cb42,0.053177377907559276
direct_neighbor_ridge,0,0,0,0,0,0,False,15,"[""AMP"", ""CMP"", ""UMP"", ""adenosine"", ""arginine"", ""betaine"", ""citrulline"", ""dimethylglycine"", ""histidine"", ""homocysteine"", ""malate"", ""taurine"", ""taurocholate"", ""urate"", ""xanthosine""]",[],0,0,30,15,16,glutamate,0,3,100.0,702,174,13,5,5.872189215954415,0.2121533254343439,False,9492e163b6ef19b0563b1ce8302b8e8794e2e4c9c8031c62ff9774a3f63f6f58,0.05612151394598186
direct_neighbor_ridge,0,0,0,0,0,0,False,15,"[""AMP"", ""CMP"", ""UMP"", ""adenosine"", ""arginine"", ""betaine"", ""citrulline"", ""dimethylglycine"", ""histidine"", ""homocysteine"", ""malate"", ""taurine"", ""taurocholate"", ""urate"", ""xanthosine""]",[],0,0,30,15,16,glutamate,0,4,100.0,700,176,17,1,5.8762459510000005,0.2365122296350026,False,cf9883e99ee1b956d01c2cb42a4d284b982ce23065d3616a5e1cced359e41fb5,0.05331690493039787
direct_neighbor_ridge,0,0,0,0,0,0,False,15,"[""AMP"", ""CMP"", ""UMP"", ""adenosine"", ""arginine"", ""betaine"", ""citrulline"", ""dimethylglycine"", ""histidine"", ""homocysteine"", ""malate"", ""taurine"", ""taurocholate"", ""urate"", ""xanthosine""]",[],0,0,30,15,16,glutamate,1,0,100.0,705,171,13,5,5.856274995319149,0.23737426526109665,False,32d2e2f547f707a9f12d899e65a934275c9f49020e10d214973126d05910ec9c,0.06547893700189888
direct_neighbor_ridge,0,0,0,0,0,0,False,15,"[""AMP"", ""CMP"", ""UMP"", ""adenosine"", ""arginine"", ""betaine"", ""citrulline"", ""dimethylglycine"", ""histidine"", ""homocysteine"", ""malate"", ""taurine"", ""taurocholate"", ""urate"", ""xanthosine""]",[],0,0,30,15,16,glutamate,1,1,100.0,700,176,17,1,5.8762459510000005,0.2365122296350026,False,cf9883e99ee1b956d01c2cb42a4d284b982ce23065d3616a5e1cced359e41fb5,0.06587320007383823
direct_neighbor_ridge,0,0,0,0,0,0,False,15,"[""AMP"", ""CMP"", ""UMP"", ""adenosine"", ""arginine"", ""betaine"", ""citrulline"", ""dimethylglycine"", ""histidine"", ""homocysteine"", ""malate"", ""taurine"", ""taurocholate"", ""urate"", ""xanthosine""]",[],0,0,30,15,16,glutamate,1,2,1.0,697,179,16,2,5.837754748206599,0.22300075523157906,False,db1ab3680dcfc2deb10e2511ec28b70b27966d5a436d724be48267bcbf200acf,0.055634107906371355
direct_neighbor_ridge,0,0,0,0,0,0,False,15,"[""AMP"", ""CMP"", ""UMP"", ""adenosine"", ""arginine"", ""betaine"", ""citrulline"", ""dimethylglycine"", ""histidine"", ""homocysteine"", ""malate"", ""taurine"", ""taurocholate"", ""urate"", ""xanthosine""]",[],0,0,30,15,16,glutamate,1,3,100.0,700,176,13,5,5.877516673,0.23263179623229843,False,659dce4f66bf4ee0228513d024a4e287e9f1aa3957152332b1483ab0af67cb42,0.15350768202915788
direct_neighbor_ridge,0,0,0,0,0,0,False,15,"[""AMP"", ""CMP"", ""UMP"", ""adenosine"", ""arginine"", ""betaine"", ""citrulline"", ""dimethylglycine"", ""histidine"", ""homocysteine"", ""malate"", ""taurine"", ""taurocholate"", ""urate"", ""xanthosine""]",[],0,0,30,15,16,glutamate,1,4,100.0,702,174,13,5,5.872189215954415,0.2121533254343439,False,9492e163b6ef19b0563b1ce8302b8e8794e2e4c9c8031c62ff9774a3f63f6f58,0.07920121192000806
direct_neighbor_ridge,0,0,0,0,0,0,False,2,"[""AMP"", ""ornithine""]",[],0,0,4,2,3,glutamine,0,0,10.0,697,179,16,2,5.792856942180775,0.4999001304148671,False,db1ab3680dcfc2deb10e2511ec28b70b27966d5a436d724be48267bcbf200acf,0.07582506001926959
direct_neighbor_ridge,0,0,0,0,0,0,False,2,"[""AMP"", ""ornithine""]",[],0,0,4,2,3,glutamine,0,1,0.1,705,171,13,5,5.730142647375887,0.517307750185761,False,32d2e2f547f707a9f12d899e65a934275c9f49020e10d214973126d05910ec9c,0.06560492608696222
direct_neighbor_ridge,0,0,0,0,0,0,False,2,"[""AMP"", ""ornithine""]",[],0,0,4,2,3,glutamine,0,2,0.1,700,176,13,5,5.760236144285714,0.5055726521798546,False,659dce4f66bf4ee0228513d024a4e287e9f1aa3957152332b1483ab0af67cb42,0.06362952501513064
direct_neighbor_ridge,0,0,0,0,0,0,False,2,"[""AMP"", ""ornithine""]",[],0,0,4,2,3,glutamine,0,3,0.1,702,174,13,5,5.749858374216524,0.5089141907702129,False,9492e163b6ef19b0563b1ce8302b8e8794e2e4c9c8031c62ff9774a3f63f6f58,0.06588409002870321
direct_neighbor_ridge,0,0,0,0,0,0,False,2,"[""AMP"", ""ornithine""]",[],0,0,4,2,3,glutamine,0,4,100.0,700,176,17,1,5.742727689142857,0.5229622387958501,False,cf9883e99ee1b956d01c2cb42a4d284b982ce23065d3616a5e1cced359e41fb5,0.06791131501086056
direct_neighbor_ridge,0,0,0,0,0,0,False,2,"[""AMP"", ""ornithine""]",[],0,0,4,2,3,glutamine,1,0,0.1,705,171,13,5,5.730142647375887,0.517307750185761,False,32d2e2f547f707a9f12d899e65a934275c9f49020e10d214973126d05910ec9c,0.05812844098545611
direct_neighbor_ridge,0,0,0,0,0,0,False,2,"[""AMP"", ""ornithine""]",[],0,0,4,2,3,glutamine,1,1,10.0,700,176,17,1,5.742727689142857,0.5229622387958501,False,cf9883e99ee1b956d01c2cb42a4d284b982ce23065d3616a5e1cced359e41fb5,0.054190061055123806
direct_neighbor_ridge,0,0,0,0,0,0,False,2,"[""AMP"", ""ornithine""]",[],0,0,4,2,3,glutamine,1,2,100.0,697,179,16,2,5.792856942180775,0.4999001304148671,False,db1ab3680dcfc2deb10e2511ec28b70b27966d5a436d724be48267bcbf200acf,0.04798720101825893
direct_neighbor_ridge,0,0,0,0,0,0,False,2,"[""AMP"", ""ornithine""]",[],0,0,4,2,3,glutamine,1,3,100.0,700,176,13,5,5.760236144285714,0.5055726521798546,False,659dce4f66bf4ee0228513d024a4e287e9f1aa3957152332b1483ab0af67cb42,0.045271893963217735
direct_neighbor_ridge,0,0,0,0,0,0,False,2,"[""AMP"", ""ornithine""]",[],0,0,4,2,3,glutamine,1,4,0.1,702,174,13,5,5.749858374216524,0.5089141907702129,False,9492e163b6ef19b0563b1ce8302b8e8794e2e4c9c8031c62ff9774a3f63f6f58,0.05604965798556805
direct_neighbor_ridge,0,0,0,0,0,0,False,9,"[""CMP"", ""NAD"", ""NADP"", ""carnosine"", ""dimethylglycine"", ""histidine"", ""isocitrate"", ""taurine"", ""xanthine""]",[],0,0,18,9,10,glycine,0,0,10.0,697,179,16,2,5.901400717790531,0.3232334686793832,False,db1ab3680dcfc2deb10e2511ec28b70b27966d5a436d724be48267bcbf200acf,0.06327759497798979
direct_neighbor_ridge,0,0,0,0,0,0,False,9,"[""CMP"", ""NAD"", ""NADP"", ""carnosine"", ""dimethylglycine"", ""histidine"", ""isocitrate"", ""taurine"", ""xanthine""]",[],0,0,18,9,10,glycine,0,1,10.0,705,171,13,5,5.891562820992907,0.30388093169523356,False,32d2e2f547f707a9f12d899e65a934275c9f49020e10d214973126d05910ec9c,0.05747274705208838
direct_neighbor_ridge,0,0,0,0,0,0,False,9,"[""CMP"", ""NAD"", ""NADP"", ""carnosine"", ""dimethylglycine"", ""histidine"", ""isocitrate"", ""taurine"", ""xanthine""]",[],0,0,18,9,10,glycine,0,2,100.0,700,176,13,5,5.895880774285714,0.3016342641672332,False,659dce4f66bf4ee0228513d024a4e287e9f1aa3957152332b1483ab0af67cb42,0.069266885984689
direct_neighbor_ridge,0,0,0,0,0,0,False,9,"[""CMP"", ""NAD"", ""NADP"", ""carnosine"", ""dimethylglycine"", ""histidine"", ""isocitrate"", ""taurine"", ""xanthine""]",[],0,0,18,9,10,glycine,0,3,100.0,702,174,13,5,5.919905869658121,0.29925995925495313,False,9492e163b6ef19b0563b1ce8302b8e8794e2e4c9c8031c62ff9774a3f63f6f58,0.06192680192179978
direct_neighbor_ridge,0,0,0,0,0,0,False,9,"[""CMP"", ""NAD"", ""NADP"", ""carnosine"", ""dimethylglycine"", ""histidine"", ""isocitrate"", ""taurine"", ""xanthine""]",[],0,0,18,9,10,glycine,0,4,10.0,700,176,17,1,5.911124145142858,0.31233130965412215,False,cf9883e99ee1b956d01c2cb42a4d284b982ce23065d3616a5e1cced359e41fb5,0.06352709513157606
direct_neighbor_ridge,0,0,0,0,0,0,False,9,"[""CMP"", ""NAD"", ""NADP"", ""carnosine"", ""dimethylglycine"", ""histidine"", ""isocitrate"", ""taurine"", ""xanthine""]",[],0,0,18,9,10,glycine,1,0,10.0,705,171,13,5,5.891562820992907,0.30388093169523356,False,32d2e2f547f707a9f12d899e65a934275c9f49020e10d214973126d05910ec9c,0.07140869903378189
direct_neighbor_ridge,0,0,0,0,0,0,False,9,"[""CMP"", ""NAD"", ""NADP"", ""carnosine"", ""dimethylglycine"", ""histidine"", ""isocitrate"", ""taurine"", ""xanthine""]",[],0,0,18,9,10,glycine,1,1,10.0,700,176,17,1,5.911124145142858,0.31233130965412215,False,cf9883e99ee1b956d01c2cb42a4d284b982ce23065d3616a5e1cced359e41fb5,0.08349028578959405
direct_neighbor_ridge,0,0,0,0,0,0,False,9,"[""CMP"", ""NAD"", ""NADP"", ""carnosine"", ""dimethylglycine"", ""histidine"", ""isocitrate"", ""taurine"", ""xanthine""]",[],0,0,18,9,10,glycine,1,2,10.0,697,179,16,2,5.901400717790531,0.3232334686793832,False,db1ab3680dcfc2deb10e2511ec28b70b27966d5a436d724be48267bcbf200acf,0.059072783915326
direct_neighbor_ridge,0,0,0,0,0,0,False,9,"[""CMP"", ""NAD"", ""NADP"", ""carnosine"", ""dimethylglycine"", ""histidine"", ""isocitrate"", ""taurine"", ""xanthine""]",[],0,0,18,9,10,glycine,1,3,10.0,700,176,13,5,5.895880774285714,0.3016342641672332,False,659dce4f66bf4ee0228513d024a4e287e9f1aa3957152332b1483ab0af67cb42,0.05715089594013989
direct_neighbor_ridge,0,0,0,0,0,0,False,9,"[""CMP"", ""NAD"", ""NADP"", ""carnosine"", ""dimethylglycine"", ""histidine"", ""isocitrate"", ""taurine"", ""xanthine""]",[],0,0,18,9,10,glycine,1,4,10.0,702,174,13,5,5.919905869658121,0.29925995925495313,False,9492e163b6ef19b0563b1ce8302b8e8794e2e4c9c8031c62ff9774a3f63f6f58,0.06030531204305589
direct_neighbor_ridge,0,0,0,0,0,0,False,1,"[""CMP""]",[],0,0,2,1,2,guanosine,0,0,0.1,697,179,16,2,5.952859866857963,0.40817502232841674,False,db1ab3680dcfc2deb10e2511ec28b70b27966d5a436d724be48267bcbf200acf,0.05240628495812416
direct_neighbor_ridge,0,0,0,0,0,0,False,1,"[""CMP""]",[],0,0,2,1,2,guanosine,0,1,10.0,705,171,13,5,5.946455211205673,0.3930879666913112,False,32d2e2f547f707a9f12d899e65a934275c9f49020e10d214973126d05910ec9c,0.052553568966686726
direct_neighbor_ridge,0,0,0,0,0,0,False,1,"[""CMP""]",[],0,0,2,1,2,guanosine,0,2,100.0,700,176,13,5,6.008024284285714,0.39823813293836846,False,659dce4f66bf4ee0228513d024a4e287e9f1aa3957152332b1483ab0af67cb42,0.052881998009979725
direct_neighbor_ridge,0,0,0,0,0,0,False,1,"[""CMP""]",[],0,0,2,1,2,guanosine,0,3,1.0,702,174,13,5,5.9592625129629635,0.3946489909296684,False,9492e163b6ef19b0563b1ce8302b8e8794e2e4c9c8031c62ff9774a3f63f6f58,0.04966380400583148
direct_neighbor_ridge,0,0,0,0,0,0,False,1,"[""CMP""]",[],0,0,2,1,2,guanosine,0,4,100.0,700,176,17,1,5.964684184857142,0.4006223332620162,False,cf9883e99ee1b956d01c2cb42a4d284b982ce23065d3616a5e1cced359e41fb5,0.05478730099275708
direct_neighbor_ridge,0,0,0,0,0,0,False,1,"[""CMP""]",[],0,0,2,1,2,guanosine,1,0,10.0,705,171,13,5,5.946455211205673,0.3930879666913112,False,32d2e2f547f707a9f12d899e65a934275c9f49020e10d214973126d05910ec9c,0.051379829877987504
direct_neighbor_ridge,0,0,0,0,0,0,False,1,"[""CMP""]",[],0,0,2,1,2,guanosine,1,1,100.0,700,176,17,1,5.964684184857142,0.4006223332620162,False,cf9883e99ee1b956d01c2cb42a4d284b982ce23065d3616a5e1cced359e41fb5,0.05163477687165141
direct_neighbor_ridge,0,0,0,0,0,0,False,1,"[""CMP""]",[],0,0,2,1,2,guanosine,1,2,0.1,697,179,16,2,5.952859866857963,0.40817502232841674,False,db1ab3680dcfc2deb10e2511ec28b70b27966d5a436d724be48267bcbf200acf,0.055025446927174926
direct_neighbor_ridge,0,0,0,0,0,0,False,1,"[""CMP""]",[],0,0,2,1,2,guanosine,1,3,0.1,700,176,13,5,6.008024284285714,0.39823813293836846,False,659dce4f66bf4ee0228513d024a4e287e9f1aa3957152332b1483ab0af67cb42,0.05022682505659759
direct_neighbor_ridge,0,0,0,0,0,0,False,1,"[""CMP""]",[],0,0,2,1,2,guanosine,1,4,0.1,702,174,13,5,5.9592625129629635,0.3946489909296684,False,9492e163b6ef19b0563b1ce8302b8e8794e2e4c9c8031c62ff9774a3f63f6f58,0.0624533211812377
direct_neighbor_ridge,0,0,0,0,0,0,False,3,"[""NAD"", ""glycine"", ""sarcosine""]",[],0,0,6,3,4,histidine,0,0,100.0,697,179,16,2,5.873915259110474,0.3291920204680799,False,db1ab3680dcfc2deb10e2511ec28b70b27966d5a436d724be48267bcbf200acf,0.056549783097580075
direct_neighbor_ridge,0,0,0,0,0,0,False,3,"[""NAD"", ""glycine"", ""sarcosine""]",[],0,0,6,3,4,histidine,0,1,100.0,705,171,13,5,5.74606351574468,0.3834823875863205,False,32d2e2f547f707a9f12d899e65a934275c9f49020e10d214973126d05910ec9c,0.051156902918592095
direct_neighbor_ridge,0,0,0,0,0,0,False,3,"[""NAD"", ""glycine"", ""sarcosine""]",[],0,0,6,3,4,histidine,0,2,100.0,700,176,13,5,5.773813457,0.3766527889621979,False,659dce4f66bf4ee0228513d024a4e287e9f1aa3957152332b1483ab0af67cb42,0.06269879383035004
direct_neighbor_ridge,0,0,0,0,0,0,False,3,"[""NAD"", ""glycine"", ""sarcosine""]",[],0,0,6,3,4,histidine,0,3,100.0,702,174,13,5,5.75916735968661,0.38002427826007085,False,9492e163b6ef19b0563b1ce8302b8e8794e2e4c9c8031c62ff9774a3f63f6f58,0.0507373227737844
direct_neighbor_ridge,0,0,0,0,0,0,False,3,"[""NAD"", ""glycine"", ""sarcosine""]",[],0,0,6,3,4,histidine,0,4,100.0,700,176,17,1,5.783386876285714,0.3699975084983585,False,cf9883e99ee1b956d01c2cb42a4d284b982ce23065d3616a5e1cced359e41fb5,0.0600553909316659
direct_neighbor_ridge,0,0,0,0,0,0,False,3,"[""NAD"", ""glycine"", ""sarcosine""]",[],0,0,6,3,4,histidine,1,0,100.0,705,171,13,5,5.74606351574468,0.3834823875863205,False,32d2e2f547f707a9f12d899e65a934275c9f49020e10d214973126d05910ec9c,0.04755106009542942
direct_neighbor_ridge,0,0,0,0,0,0,False,3,"[""NAD"", ""glycine"", ""sarcosine""]",[],0,0,6,3,4,histidine,1,1,100.0,700,176,17,1,5.783386876285714,0.3699975084983585,False,cf9883e99ee1b956d01c2cb42a4d284b982ce23065d3616a5e1cced359e41fb5,0.05660702404566109
direct_neighbor_ridge,0,0,0,0,0,0,False,3,"[""NAD"", ""glycine"", ""sarcosine""]",[],0,0,6,3,4,histidine,1,2,100.0,697,179,16,2,5.873915259110474,0.3291920204680799,False,db1ab3680dcfc2deb10e2511ec28b70b27966d5a436d724be48267bcbf200acf,0.05627147085033357
direct_neighbor_ridge,0,0,0,0,0,0,False,3,"[""NAD"", ""glycine"", ""sarcosine""]",[],0,0,6,3,4,histidine,1,3,100.0,700,176,13,5,5.773813457,0.3766527889621979,False,659dce4f66bf4ee0228513d024a4e287e9f1aa3957152332b1483ab0af67cb42,0.052827242063358426
direct_neighbor_ridge,0,0,0,0,0,0,False,3,"[""NAD"", ""glycine"", ""sarcosine""]",[],0,0,6,3,4,histidine,1,4,100.0,702,174,13,5,5.75916735968661,0.38002427826007085,False,9492e163b6ef19b0563b1ce8302b8e8794e2e4c9c8031c62ff9774a3f63f6f58,0.06199610396288335
direct_neighbor_ridge,0,0,0,0,0,0,False,5,"[""CMP"", ""GMP"", ""arginine"", ""isocitrate"", ""phenylalanine""]",[],0,0,10,5,6,homocysteine,0,0,100.0,697,179,16,2,5.966777393113342,0.42813016520146235,False,db1ab3680dcfc2deb10e2511ec28b70b27966d5a436d724be48267bcbf200acf,0.07992641115561128
direct_neighbor_ridge,0,0,0,0,0,0,False,5,"[""CMP"", ""GMP"", ""arginine"", ""isocitrate"", ""phenylalanine""]",[],0,0,10,5,6,homocysteine,0,1,100.0,705,171,13,5,5.930638070921986,0.4218160003765535,False,32d2e2f547f707a9f12d899e65a934275c9f49020e10d214973126d05910ec9c,0.06730586616322398
direct_neighbor_ridge,0,0,0,0,0,0,False,5,"[""CMP"", ""GMP"", ""arginine"", ""isocitrate"", ""phenylalanine""]",[],0,0,10,5,6,homocysteine,0,2,100.0,700,176,13,5,5.9298201530000005,0.4180998034350187,False,659dce4f66bf4ee0228513d024a4e287e9f1aa3957152332b1483ab0af67cb42,0.10923797101713717
direct_neighbor_ridge,0,0,0,0,0,0,False,5,"[""CMP"", ""GMP"", ""arginine"", ""isocitrate"", ""phenylalanine""]",[],0,0,10,5,6,homocysteine,0,3,100.0,702,174,13,5,5.9377934,0.4372468572375198,False,9492e163b6ef19b0563b1ce8302b8e8794e2e4c9c8031c62ff9774a3f63f6f58,0.0911151128821075
direct_neighbor_ridge,0,0,0,0,0,0,False,5,"[""CMP"", ""GMP"", ""arginine"", ""isocitrate"", ""phenylalanine""]",[],0,0,10,5,6,homocysteine,0,4,100.0,700,176,17,1,5.941327949571429,0.4304566272401467,False,cf9883e99ee1b956d01c2cb42a4d284b982ce23065d3616a5e1cced359e41fb5,0.09975945996120572
direct_neighbor_ridge,0,0,0,0,0,0,False,5,"[""CMP"", ""GMP"", ""arginine"", ""isocitrate"", ""phenylalanine""]",[],0,0,10,5,6,homocysteine,1,0,100.0,705,171,13,5,5.930638070921986,0.4218160003765535,False,32d2e2f547f707a9f12d899e65a934275c9f49020e10d214973126d05910ec9c,0.06352321594022214
direct_neighbor_ridge,0,0,0,0,0,0,False,5,"[""CMP"", ""GMP"", ""arginine"", ""isocitrate"", ""phenylalanine""]",[],0,0,10,5,6,homocysteine,1,1,100.0,700,176,17,1,5.941327949571429,0.4304566272401467,False,cf9883e99ee1b956d01c2cb42a4d284b982ce23065d3616a5e1cced359e41fb5,0.05730580887757242
direct_neighbor_ridge,0,0,0,0,0,0,False,5,"[""CMP"", ""GMP"", ""arginine"", ""isocitrate"", ""phenylalanine""]",[],0,0,10,5,6,homocysteine,1,2,10.0,697,179,16,2,5.966777393113342,0.42813016520146235,False,db1ab3680dcfc2deb10e2511ec28b70b27966d5a436d724be48267bcbf200acf,0.054689894896000624
direct_neighbor_ridge,0,0,0,0,0,0,False,5,"[""CMP"", ""GMP"", ""arginine"", ""isocitrate"", ""phenylalanine""]",[],0,0,10,5,6,homocysteine,1,3,100.0,700,176,13,5,5.9298201530000005,0.4180998034350187,False,659dce4f66bf4ee0228513d024a4e287e9f1aa3957152332b1483ab0af67cb42,0.05302297486923635
direct_neighbor_ridge,0,0,0,0,0,0,False,5,"[""CMP"", ""GMP"", ""arginine"", ""isocitrate"", ""phenylalanine""]",[],0,0,10,5,6,homocysteine,1,4,100.0,702,174,13,5,5.9377934,0.4372468572375198,False,9492e163b6ef19b0563b1ce8302b8e8794e2e4c9c8031c62ff9774a3f63f6f58,0.05589634599164128
direct_neighbor_ridge,0,0,0,0,0,0,False,3,"[""AMP"", ""malate"", ""phenylalanine""]",[],0,0,6,3,4,hypoxanthine,0,0,100.0,697,179,16,2,5.849323068723098,0.623036540019427,False,db1ab3680dcfc2deb10e2511ec28b70b27966d5a436d724be48267bcbf200acf,0.054046009900048375
direct_neighbor_ridge,0,0,0,0,0,0,False,3,"[""AMP"", ""malate"", ""phenylalanine""]",[],0,0,6,3,4,hypoxanthine,0,1,0.1,705,171,13,5,5.959764552482269,0.6436309456644432,False,32d2e2f547f707a9f12d899e65a934275c9f49020e10d214973126d05910ec9c,0.05235530389472842
direct_neighbor_ridge,0,0,0,0,0,0,False,3,"[""AMP"", ""malate"", ""phenylalanine""]",[],0,0,6,3,4,hypoxanthine,0,2,10.0,700,176,13,5,5.962295129857141,0.6325694182712881,False,659dce4f66bf4ee0228513d024a4e287e9f1aa3957152332b1483ab0af67cb42,0.050696715945377946
direct_neighbor_ridge,0,0,0,0,0,0,False,3,"[""AMP"", ""malate"", ""phenylalanine""]",[],0,0,6,3,4,hypoxanthine,0,3,0.1,702,174,13,5,5.94913957094017,0.6410585826307021,False,9492e163b6ef19b0563b1ce8302b8e8794e2e4c9c8031c62ff9774a3f63f6f58,0.052914701867848635
direct_neighbor_ridge,0,0,0,0,0,0,False,3,"[""AMP"", ""malate"", ""phenylalanine""]",[],0,0,6,3,4,hypoxanthine,0,4,0.1,700,176,17,1,5.912266724999999,0.6370004092718197,False,cf9883e99ee1b956d01c2cb42a4d284b982ce23065d3616a5e1cced359e41fb5,0.05288841086439788
direct_neighbor_ridge,0,0,0,0,0,0,False,3,"[""AMP"", ""malate"", ""phenylalanine""]",[],0,0,6,3,4,hypoxanthine,1,0,0.1,705,171,13,5,5.959764552482269,0.6436309456644432,False,32d2e2f547f707a9f12d899e65a934275c9f49020e10d214973126d05910ec9c,0.05174110899679363
direct_neighbor_ridge,0,0,0,0,0,0,False,3,"[""AMP"", ""malate"", ""phenylalanine""]",[],0,0,6,3,4,hypoxanthine,1,1,10.0,700,176,17,1,5.912266724999999,0.6370004092718197,False,cf9883e99ee1b956d01c2cb42a4d284b982ce23065d3616a5e1cced359e41fb5,0.055430584819987416
direct_neighbor_ridge,0,0,0,0,0,0,False,3,"[""AMP"", ""malate"", ""phenylalanine""]",[],0,0,6,3,4,hypoxanthine,1,2,100.0,697,179,16,2,5.849323068723098,0.623036540019427,False,db1ab3680dcfc2deb10e2511ec28b70b27966d5a436d724be48267bcbf200acf,0.06020935392007232
direct_neighbor_ridge,0,0,0,0,0,0,False,3,"[""AMP"", ""malate"", ""phenylalanine""]",[],0,0,6,3,4,hypoxanthine,1,3,0.1,700,176,13,5,5.962295129857141,0.6325694182712881,False,659dce4f66bf4ee0228513d024a4e287e9f1aa3957152332b1483ab0af67cb42,0.074683025944978
direct_neighbor_ridge,0,0,0,0,0,0,False,3,"[""AMP"", ""malate"", ""phenylalanine""]",[],0,0,6,3,4,hypoxanthine,1,4,0.1,702,174,13,5,5.94913957094017,0.6410585826307021,False,9492e163b6ef19b0563b1ce8302b8e8794e2e4c9c8031c62ff9774a3f63f6f58,0.052222697995603085
direct_neighbor_ridge,0,0,0,0,0,0,False,2,"[""sarcosine"", ""xanthine""]",[],0,0,4,2,3,inosine,0,0,0.1,697,179,16,2,5.938844414203731,0.33789854266326597,False,db1ab3680dcfc2deb10e2511ec28b70b27966d5a436d724be48267bcbf200acf,0.053672512993216515
direct_neighbor_ridge,0,0,0,0,0,0,False,2,"[""sarcosine"", ""xanthine""]",[],0,0,4,2,3,inosine,0,1,100.0,705,171,13,5,5.956673833900711,0.3555685434234304,False,32d2e2f547f707a9f12d899e65a934275c9f49020e10d214973126d05910ec9c,0.052487230859696865
direct_neighbor_ridge,0,0,0,0,0,0,False,2,"[""sarcosine"", ""xanthine""]",[],0,0,4,2,3,inosine,0,2,100.0,700,176,13,5,5.990979952571428,0.3427823190075909,False,659dce4f66bf4ee0228513d024a4e287e9f1aa3957152332b1483ab0af67cb42,0.059514550026506186
direct_neighbor_ridge,0,0,0,0,0,0,False,2,"[""sarcosine"", ""xanthine""]",[],0,0,4,2,3,inosine,0,3,100.0,702,174,13,5,5.955585952849004,0.353629138206935,False,9492e163b6ef19b0563b1ce8302b8e8794e2e4c9c8031c62ff9774a3f63f6f58,0.07967658899724483
direct_neighbor_ridge,0,0,0,0,0,0,False,2,"[""sarcosine"", ""xanthine""]",[],0,0,4,2,3,inosine,0,4,100.0,700,176,17,1,5.959558305571428,0.3363091904878781,False,cf9883e99ee1b956d01c2cb42a4d284b982ce23065d3616a5e1cced359e41fb5,0.06815257389098406
direct_neighbor_ridge,0,0,0,0,0,0,False,2,"[""sarcosine"", ""xanthine""]",[],0,0,4,2,3,inosine,1,0,100.0,705,171,13,5,5.956673833900711,0.3555685434234304,False,32d2e2f547f707a9f12d899e65a934275c9f49020e10d214973126d05910ec9c,0.07016644696705043
direct_neighbor_ridge,0,0,0,0,0,0,False,2,"[""sarcosine"", ""xanthine""]",[],0,0,4,2,3,inosine,1,1,10.0,700,176,17,1,5.959558305571428,0.3363091904878781,False,cf9883e99ee1b956d01c2cb42a4d284b982ce23065d3616a5e1cced359e41fb5,0.06583308009430766
direct_neighbor_ridge,0,0,0,0,0,0,False,2,"[""sarcosine"", ""xanthine""]",[],0,0,4,2,3,inosine,1,2,0.1,697,179,16,2,5.938844414203731,0.33789854266326597,False,db1ab3680dcfc2deb10e2511ec28b70b27966d5a436d724be48267bcbf200acf,0.05975276604294777
direct_neighbor_ridge,0,0,0,0,0,0,False,2,"[""sarcosine"", ""xanthine""]",[],0,0,4,2,3,inosine,1,3,100.0,700,176,13,5,5.990979952571428,0.3427823190075909,False,659dce4f66bf4ee0228513d024a4e287e9f1aa3957152332b1483ab0af67cb42,0.13532512495294213
direct_neighbor_ridge,0,0,0,0,0,0,False,2,"[""sarcosine"", ""xanthine""]",[],0,0,4,2,3,inosine,1,4,100.0,702,174,13,5,5.955585952849004,0.353629138206935,False,9492e163b6ef19b0563b1ce8302b8e8794e2e4c9c8031c62ff9774a3f63f6f58,0.058806868037208915
direct_neighbor_ridge,0,0,0,0,0,0,False,2,"[""GMP"", ""glutamine""]",[],0,0,4,2,3,inositol,0,0,0.1,697,179,16,2,5.888768051936872,0.3085624695175605,False,db1ab3680dcfc2deb10e2511ec28b70b27966d5a436d724be48267bcbf200acf,0.05043480289168656
direct_neighbor_ridge,0,0,0,0,0,0,False,2,"[""GMP"", ""glutamine""]",[],0,0,4,2,3,inositol,0,1,100.0,705,171,13,5,5.914651623971631,0.30612678425281226,False,32d2e2f547f707a9f12d899e65a934275c9f49020e10d214973126d05910ec9c,0.07014569384045899
direct_neighbor_ridge,0,0,0,0,0,0,False,2,"[""GMP"", ""glutamine""]",[],0,0,4,2,3,inositol,0,2,100.0,700,176,13,5,5.883116619857143,0.31208583026363,False,659dce4f66bf4ee0228513d024a4e287e9f1aa3957152332b1483ab0af67cb42,0.07531152898445725
direct_neighbor_ridge,0,0,0,0,0,0,False,2,"[""GMP"", ""glutamine""]",[],0,0,4,2,3,inositol,0,3,0.1,702,174,13,5,5.90932381937322,0.30743427904961906,False,9492e163b6ef19b0563b1ce8302b8e8794e2e4c9c8031c62ff9774a3f63f6f58,0.06038113893009722
direct_neighbor_ridge,0,0,0,0,0,0,False,2,"[""GMP"", ""glutamine""]",[],0,0,4,2,3,inositol,0,4,0.1,700,176,17,1,5.901945362571428,0.3203548605400837,False,cf9883e99ee1b956d01c2cb42a4d284b982ce23065d3616a5e1cced359e41fb5,0.05759813613258302
direct_neighbor_ridge,0,0,0,0,0,0,False,2,"[""GMP"", ""glutamine""]",[],0,0,4,2,3,inositol,1,0,100.0,705,171,13,5,5.914651623971631,0.30612678425281226,False,32d2e2f547f707a9f12d899e65a934275c9f49020e10d214973126d05910ec9c,0.05696093779988587
direct_neighbor_ridge,0,0,0,0,0,0,False,2,"[""GMP"", ""glutamine""]",[],0,0,4,2,3,inositol,1,1,0.1,700,176,17,1,5.901945362571428,0.3203548605400837,False,cf9883e99ee1b956d01c2cb42a4d284b982ce23065d3616a5e1cced359e41fb5,0.06890413095243275
direct_neighbor_ridge,0,0,0,0,0,0,False,2,"[""GMP"", ""glutamine""]",[],0,0,4,2,3,inositol,1,2,0.1,697,179,16,2,5.888768051936872,0.3085624695175605,False,db1ab3680dcfc2deb10e2511ec28b70b27966d5a436d724be48267bcbf200acf,0.05436026700772345
direct_neighbor_ridge,0,0,0,0,0,0,False,2,"[""GMP"", ""glutamine""]",[],0,0,4,2,3,inositol,1,3,0.1,700,176,13,5,5.883116619857143,0.31208583026363,False,659dce4f66bf4ee0228513d024a4e287e9f1aa3957152332b1483ab0af67cb42,0.06712842197157443
direct_neighbor_ridge,0,0,0,0,0,0,False,2,"[""GMP"", ""glutamine""]",[],0,0,4,2,3,inositol,1,4,1.0,702,174,13,5,5.90932381937322,0.30743427904961906,False,9492e163b6ef19b0563b1ce8302b8e8794e2e4c9c8031c62ff9774a3f63f6f58,0.05946471216157079
direct_neighbor_ridge,0,0,0,0,0,0,False,4,"[""AMP"", ""glutamate"", ""inosine"", ""inositol""]",[],0,0,8,4,5,isocitrate,0,0,10.0,697,179,16,2,5.851803350502152,0.2874344660326567,False,db1ab3680dcfc2deb10e2511ec28b70b27966d5a436d724be48267bcbf200acf,0.05818345118314028
direct_neighbor_ridge,0,0,0,0,0,0,False,4,"[""AMP"", ""glutamate"", ""inosine"", ""inositol""]",[],0,0,8,4,5,isocitrate,0,1,10.0,705,171,13,5,5.801671359148936,0.3220998150747993,False,32d2e2f547f707a9f12d899e65a934275c9f49020e10d214973126d05910ec9c,0.05569319101050496
direct_neighbor_ridge,0,0,0,0,0,0,False,4,"[""AMP"", ""glutamate"", ""inosine"", ""inositol""]",[],0,0,8,4,5,isocitrate,0,2,100.0,700,176,13,5,5.819626022285714,0.3125991244461808,False,659dce4f66bf4ee0228513d024a4e287e9f1aa3957152332b1483ab0af67cb42,0.05930511397309601
direct_neighbor_ridge,0,0,0,0,0,0,False,4,"[""AMP"", ""glutamate"", ""inosine"", ""inositol""]",[],0,0,8,4,5,isocitrate,0,3,100.0,702,174,13,5,5.813583703703704,0.31261532643959306,False,9492e163b6ef19b0563b1ce8302b8e8794e2e4c9c8031c62ff9774a3f63f6f58,0.05511456704698503
direct_neighbor_ridge,0,0,0,0,0,0,False,4,"[""AMP"", ""glutamate"", ""inosine"", ""inositol""]",[],0,0,8,4,5,isocitrate,0,4,100.0,700,176,17,1,5.8259869698571425,0.3181488605265445,False,cf9883e99ee1b956d01c2cb42a4d284b982ce23065d3616a5e1cced359e41fb5,0.057509487960487604
direct_neighbor_ridge,0,0,0,0,0,0,False,4,"[""AMP"", ""glutamate"", ""inosine"", ""inositol""]",[],0,0,8,4,5,isocitrate,1,0,10.0,705,171,13,5,5.801671359148936,0.3220998150747993,False,32d2e2f547f707a9f12d899e65a934275c9f49020e10d214973126d05910ec9c,0.052321932977065444
direct_neighbor_ridge,0,0,0,0,0,0,False,4,"[""AMP"", ""glutamate"", ""inosine"", ""inositol""]",[],0,0,8,4,5,isocitrate,1,1,10.0,700,176,17,1,5.8259869698571425,0.3181488605265445,False,cf9883e99ee1b956d01c2cb42a4d284b982ce23065d3616a5e1cced359e41fb5,0.05414388584904373
direct_neighbor_ridge,0,0,0,0,0,0,False,4,"[""AMP"", ""glutamate"", ""inosine"", ""inositol""]",[],0,0,8,4,5,isocitrate,1,2,10.0,697,179,16,2,5.851803350502152,0.2874344660326567,False,db1ab3680dcfc2deb10e2511ec28b70b27966d5a436d724be48267bcbf200acf,0.05433098506182432
direct_neighbor_ridge,0,0,0,0,0,0,False,4,"[""AMP"", ""glutamate"", ""inosine"", ""inositol""]",[],0,0,8,4,5,isocitrate,1,3,100.0,700,176,13,5,5.819626022285714,0.3125991244461808,False,659dce4f66bf4ee0228513d024a4e287e9f1aa3957152332b1483ab0af67cb42,0.057553833816200495
direct_neighbor_ridge,0,0,0,0,0,0,False,4,"[""AMP"", ""glutamate"", ""inosine"", ""inositol""]",[],0,0,8,4,5,isocitrate,1,4,10.0,702,174,13,5,5.813583703703704,0.31261532643959306,False,9492e163b6ef19b0563b1ce8302b8e8794e2e4c9c8031c62ff9774a3f63f6f58,0.055466628866270185
direct_neighbor_ridge,0,0,0,0,0,0,False,1,"[""NAD""]",[],0,0,2,1,2,isoleucine,0,0,100.0,697,179,16,2,5.817292354949784,0.35729730334085963,False,db1ab3680dcfc2deb10e2511ec28b70b27966d5a436d724be48267bcbf200acf,0.048623993061482906
direct_neighbor_ridge,0,0,0,0,0,0,False,1,"[""NAD""]",[],0,0,2,1,2,isoleucine,0,1,100.0,705,171,13,5,5.704429871063829,0.3843932156639209,False,32d2e2f547f707a9f12d899e65a934275c9f49020e10d214973126d05910ec9c,0.0766282300464809
direct_neighbor_ridge,0,0,0,0,0,0,False,1,"[""NAD""]",[],0,0,2,1,2,isoleucine,0,2,100.0,700,176,13,5,5.724266333285715,0.38201203949617024,False,659dce4f66bf4ee0228513d024a4e287e9f1aa3957152332b1483ab0af67cb42,0.0505841919220984
direct_neighbor_ridge,0,0,0,0,0,0,False,1,"[""NAD""]",[],0,0,2,1,2,isoleucine,0,3,100.0,702,174,13,5,5.717218183618233,0.3896156708274436,False,9492e163b6ef19b0563b1ce8302b8e8794e2e4c9c8031c62ff9774a3f63f6f58,0.06113809300586581
direct_neighbor_ridge,0,0,0,0,0,0,False,1,"[""NAD""]",[],0,0,2,1,2,isoleucine,0,4,100.0,700,176,17,1,5.740546115571429,0.36965045572416955,False,cf9883e99ee1b956d01c2cb42a4d284b982ce23065d3616a5e1cced359e41fb5,0.06302631506696343
direct_neighbor_ridge,0,0,0,0,0,0,False,1,"[""NAD""]",[],0,0,2,1,2,isoleucine,1,0,100.0,705,171,13,5,5.704429871063829,0.3843932156639209,False,32d2e2f547f707a9f12d899e65a934275c9f49020e10d214973126d05910ec9c,0.05545232794247568
direct_neighbor_ridge,0,0,0,0,0,0,False,1,"[""NAD""]",[],0,0,2,1,2,isoleucine,1,1,100.0,700,176,17,1,5.740546115571429,0.36965045572416955,False,cf9883e99ee1b956d01c2cb42a4d284b982ce23065d3616a5e1cced359e41fb5,0.05367190786637366
direct_neighbor_ridge,0,0,0,0,0,0,False,1,"[""NAD""]",[],0,0,2,1,2,isoleucine,1,2,100.0,697,179,16,2,5.817292354949784,0.35729730334085963,False,db1ab3680dcfc2deb10e2511ec28b70b27966d5a436d724be48267bcbf200acf,0.053402127930894494
direct_neighbor_ridge,0,0,0,0,0,0,False,1,"[""NAD""]",[],0,0,2,1,2,isoleucine,1,3,100.0,700,176,13,5,5.724266333285715,0.38201203949617024,False,659dce4f66bf4ee0228513d024a4e287e9f1aa3957152332b1483ab0af67cb42,0.05746780498884618
direct_neighbor_ridge,0,0,0,0,0,0,False,1,"[""NAD""]",[],0,0,2,1,2,isoleucine,1,4,100.0,702,174,13,5,5.717218183618233,0.3896156708274436,False,9492e163b6ef19b0563b1ce8302b8e8794e2e4c9c8031c62ff9774a3f63f6f58,0.04951424687169492
direct_neighbor_ridge,0,0,0,0,0,0,False,3,"[""AMP"", ""NAD"", ""dimethylglycine""]",[],0,0,6,3,4,kynurenine,0,0,100.0,697,179,16,2,5.934133664705882,0.43781396467582306,False,db1ab3680dcfc2deb10e2511ec28b70b27966d5a436d724be48267bcbf200acf,0.06800970598123968
direct_neighbor_ridge,0,0,0,0,0,0,False,3,"[""AMP"", ""NAD"", ""dimethylglycine""]",[],0,0,6,3,4,kynurenine,0,1,100.0,705,171,13,5,5.926552404964539,0.42337591229378796,False,32d2e2f547f707a9f12d899e65a934275c9f49020e10d214973126d05910ec9c,0.05831551202572882
direct_neighbor_ridge,0,0,0,0,0,0,False,3,"[""AMP"", ""NAD"", ""dimethylglycine""]",[],0,0,6,3,4,kynurenine,0,2,100.0,700,176,13,5,5.9390966704285715,0.43616254118090847,False,659dce4f66bf4ee0228513d024a4e287e9f1aa3957152332b1483ab0af67cb42,0.05561017105355859
direct_neighbor_ridge,0,0,0,0,0,0,False,3,"[""AMP"", ""NAD"", ""dimethylglycine""]",[],0,0,6,3,4,kynurenine,0,3,100.0,702,174,13,5,5.952286661396012,0.4239211231682899,False,9492e163b6ef19b0563b1ce8302b8e8794e2e4c9c8031c62ff9774a3f63f6f58,0.05842893198132515
direct_neighbor_ridge,0,0,0,0,0,0,False,3,"[""AMP"", ""NAD"", ""dimethylglycine""]",[],0,0,6,3,4,kynurenine,0,4,100.0,700,176,17,1,5.939905379142859,0.44267273159479614,False,cf9883e99ee1b956d01c2cb42a4d284b982ce23065d3616a5e1cced359e41fb5,0.05717269005253911
direct_neighbor_ridge,0,0,0,0,0,0,False,3,"[""AMP"", ""NAD"", ""dimethylglycine""]",[],0,0,6,3,4,kynurenine,1,0,100.0,705,171,13,5,5.926552404964539,0.42337591229378796,False,32d2e2f547f707a9f12d899e65a934275c9f49020e10d214973126d05910ec9c,0.056834127055481076
direct_neighbor_ridge,0,0,0,0,0,0,False,3,"[""AMP"", ""NAD"", ""dimethylglycine""]",[],0,0,6,3,4,kynurenine,1,1,100.0,700,176,17,1,5.939905379142859,0.44267273159479614,False,cf9883e99ee1b956d01c2cb42a4d284b982ce23065d3616a5e1cced359e41fb5,0.05902518308721483
direct_neighbor_ridge,0,0,0,0,0,0,False,3,"[""AMP"", ""NAD"", ""dimethylglycine""]",[],0,0,6,3,4,kynurenine,1,2,100.0,697,179,16,2,5.934133664705882,0.43781396467582306,False,db1ab3680dcfc2deb10e2511ec28b70b27966d5a436d724be48267bcbf200acf,0.05199652398005128
direct_neighbor_ridge,0,0,0,0,0,0,False,3,"[""AMP"", ""NAD"", ""dimethylglycine""]",[],0,0,6,3,4,kynurenine,1,3,100.0,700,176,13,5,5.9390966704285715,0.43616254118090847,False,659dce4f66bf4ee0228513d024a4e287e9f1aa3957152332b1483ab0af67cb42,0.050276519963517785
direct_neighbor_ridge,0,0,0,0,0,0,False,3,"[""AMP"", ""NAD"", ""dimethylglycine""]",[],0,0,6,3,4,kynurenine,1,4,100.0,702,174,13,5,5.952286661396012,0.4239211231682899,False,9492e163b6ef19b0563b1ce8302b8e8794e2e4c9c8031c62ff9774a3f63f6f58,0.05214345618151128
direct_neighbor_ridge,0,0,0,0,0,0,False,3,"[""AMP"", ""beta-alanine"", ""serine""]",[],0,0,6,3,4,leucine,0,0,100.0,697,179,16,2,5.831542355954089,0.2951264468207581,False,db1ab3680dcfc2deb10e2511ec28b70b27966d5a436d724be48267bcbf200acf,0.0550450359005481
direct_neighbor_ridge,0,0,0,0,0,0,False,3,"[""AMP"", ""beta-alanine"", ""serine""]",[],0,0,6,3,4,leucine,0,1,10.0,705,171,13,5,5.71278935716312,0.3461939858441402,False,32d2e2f547f707a9f12d899e65a934275c9f49020e10d214973126d05910ec9c,0.055604455061256886
direct_neighbor_ridge,0,0,0,0,0,0,False,3,"[""AMP"", ""beta-alanine"", ""serine""]",[],0,0,6,3,4,leucine,0,2,100.0,700,176,13,5,5.738065795428572,0.3490973408490637,False,659dce4f66bf4ee0228513d024a4e287e9f1aa3957152332b1483ab0af67cb42,0.056573888985440135
direct_neighbor_ridge,0,0,0,0,0,0,False,3,"[""AMP"", ""beta-alanine"", ""serine""]",[],0,0,6,3,4,leucine,0,3,10.0,702,174,13,5,5.729321187321937,0.341575517760423,False,9492e163b6ef19b0563b1ce8302b8e8794e2e4c9c8031c62ff9774a3f63f6f58,0.05281192320398986
direct_neighbor_ridge,0,0,0,0,0,0,False,3,"[""AMP"", ""beta-alanine"", ""serine""]",[],0,0,6,3,4,leucine,0,4,0.1,700,176,17,1,5.747189129714286,0.3342929822214523,False,cf9883e99ee1b956d01c2cb42a4d284b982ce23065d3616a5e1cced359e41fb5,0.05607393803074956
direct_neighbor_ridge,0,0,0,0,0,0,False,3,"[""AMP"", ""beta-alanine"", ""serine""]",[],0,0,6,3,4,leucine,1,0,10.0,705,171,13,5,5.71278935716312,0.3461939858441402,False,32d2e2f547f707a9f12d899e65a934275c9f49020e10d214973126d05910ec9c,0.0540783170145005
direct_neighbor_ridge,0,0,0,0,0,0,False,3,"[""AMP"", ""beta-alanine"", ""serine""]",[],0,0,6,3,4,leucine,1,1,10.0,700,176,17,1,5.747189129714286,0.3342929822214523,False,cf9883e99ee1b956d01c2cb42a4d284b982ce23065d3616a5e1cced359e41fb5,0.05534621886909008
direct_neighbor_ridge,0,0,0,0,0,0,False,3,"[""AMP"", ""beta-alanine"", ""serine""]",[],0,0,6,3,4,leucine,1,2,100.0,697,179,16,2,5.831542355954089,0.2951264468207581,False,db1ab3680dcfc2deb10e2511ec28b70b27966d5a436d724be48267bcbf200acf,0.05405675410293043
direct_neighbor_ridge,0,0,0,0,0,0,False,3,"[""AMP"", ""beta-alanine"", ""serine""]",[],0,0,6,3,4,leucine,1,3,100.0,700,176,13,5,5.738065795428572,0.3490973408490637,False,659dce4f66bf4ee0228513d024a4e287e9f1aa3957152332b1483ab0af67cb42,0.05452979705296457
direct_neighbor_ridge,0,0,0,0,0,0,False,3,"[""AMP"", ""beta-alanine"", ""serine""]",[],0,0,6,3,4,leucine,1,4,10.0,702,174,13,5,5.729321187321937,0.341575517760423,False,9492e163b6ef19b0563b1ce8302b8e8794e2e4c9c8031c62ff9774a3f63f6f58,0.05372996092773974
direct_neighbor_ridge,0,0,0,0,0,0,False,1,"[""NAD""]",[],0,0,2,1,2,lysine,0,0,100.0,697,179,16,2,5.934322607747489,0.4071035682376424,False,db1ab3680dcfc2deb10e2511ec28b70b27966d5a436d724be48267bcbf200acf,0.06249091704376042
direct_neighbor_ridge,0,0,0,0,0,0,False,1,"[""NAD""]",[],0,0,2,1,2,lysine,0,1,100.0,705,171,13,5,5.763875533617021,0.4753635421432698,False,32d2e2f547f707a9f12d899e65a934275c9f49020e10d214973126d05910ec9c,0.06739321886561811
direct_neighbor_ridge,0,0,0,0,0,0,False,1,"[""NAD""]",[],0,0,2,1,2,lysine,0,2,100.0,700,176,13,5,5.818256463428571,0.4878590191417011,False,659dce4f66bf4ee0228513d024a4e287e9f1aa3957152332b1483ab0af67cb42,0.0387488198466599
direct_neighbor_ridge,0,0,0,0,0,0,False,1,"[""NAD""]",[],0,0,2,1,2,lysine,0,3,100.0,702,174,13,5,5.772962760683761,0.4814261181271888,False,9492e163b6ef19b0563b1ce8302b8e8794e2e4c9c8031c62ff9774a3f63f6f58,0.06308772414922714
direct_neighbor_ridge,0,0,0,0,0,0,False,1,"[""NAD""]",[],0,0,2,1,2,lysine,0,4,100.0,700,176,17,1,5.809447613714285,0.47990437809288217,False,cf9883e99ee1b956d01c2cb42a4d284b982ce23065d3616a5e1cced359e41fb5,0.05576417315751314
direct_neighbor_ridge,0,0,0,0,0,0,False,1,"[""NAD""]",[],0,0,2,1,2,lysine,1,0,100.0,705,171,13,5,5.763875533617021,0.4753635421432698,False,32d2e2f547f707a9f12d899e65a934275c9f49020e10d214973126d05910ec9c,0.040124802850186825
direct_neighbor_ridge,0,0,0,0,0,0,False,1,"[""NAD""]",[],0,0,2,1,2,lysine,1,1,100.0,700,176,17,1,5.809447613714285,0.47990437809288217,False,cf9883e99ee1b956d01c2cb42a4d284b982ce23065d3616a5e1cced359e41fb5,0.052600837079808116
direct_neighbor_ridge,0,0,0,0,0,0,False,1,"[""NAD""]",[],0,0,2,1,2,lysine,1,2,100.0,697,179,16,2,5.934322607747489,0.4071035682376424,False,db1ab3680dcfc2deb10e2511ec28b70b27966d5a436d724be48267bcbf200acf,0.05103334179148078
direct_neighbor_ridge,0,0,0,0,0,0,False,1,"[""NAD""]",[],0,0,2,1,2,lysine,1,3,0.1,700,176,13,5,5.818256463428571,0.4878590191417011,False,659dce4f66bf4ee0228513d024a4e287e9f1aa3957152332b1483ab0af67cb42,0.0523349498398602
direct_neighbor_ridge,0,0,0,0,0,0,False,1,"[""NAD""]",[],0,0,2,1,2,lysine,1,4,100.0,702,174,13,5,5.772962760683761,0.4814261181271888,False,9492e163b6ef19b0563b1ce8302b8e8794e2e4c9c8031c62ff9774a3f63f6f58,0.05030263913795352
direct_neighbor_ridge,0,0,0,0,0,0,False,2,"[""AMP"", ""glutamate""]",[],0,0,4,2,3,malate,0,0,10.0,697,179,16,2,5.84539932697274,0.2374032760953075,False,db1ab3680dcfc2deb10e2511ec28b70b27966d5a436d724be48267bcbf200acf,0.05431125918403268
direct_neighbor_ridge,0,0,0,0,0,0,False,2,"[""AMP"", ""glutamate""]",[],0,0,4,2,3,malate,0,1,100.0,705,171,13,5,5.832756050070921,0.27493887360433295,False,32d2e2f547f707a9f12d899e65a934275c9f49020e10d214973126d05910ec9c,0.05454923608340323
direct_neighbor_ridge,0,0,0,0,0,0,False,2,"[""AMP"", ""glutamate""]",[],0,0,4,2,3,malate,0,2,100.0,700,176,13,5,5.831384746571429,0.2691691871484761,False,659dce4f66bf4ee0228513d024a4e287e9f1aa3957152332b1483ab0af67cb42,0.05144801898859441
direct_neighbor_ridge,0,0,0,0,0,0,False,2,"[""AMP"", ""glutamate""]",[],0,0,4,2,3,malate,0,3,100.0,702,174,13,5,5.846637076923078,0.260711235793023,False,9492e163b6ef19b0563b1ce8302b8e8794e2e4c9c8031c62ff9774a3f63f6f58,0.05309815099462867
direct_neighbor_ridge,0,0,0,0,0,0,False,2,"[""AMP"", ""glutamate""]",[],0,0,4,2,3,malate,0,4,100.0,700,176,17,1,5.840662609714286,0.2716781962373946,False,cf9883e99ee1b956d01c2cb42a4d284b982ce23065d3616a5e1cced359e41fb5,0.060733372112736106
direct_neighbor_ridge,0,0,0,0,0,0,False,2,"[""AMP"", ""glutamate""]",[],0,0,4,2,3,malate,1,0,100.0,705,171,13,5,5.832756050070921,0.27493887360433295,False,32d2e2f547f707a9f12d899e65a934275c9f49020e10d214973126d05910ec9c,0.06455560401082039
direct_neighbor_ridge,0,0,0,0,0,0,False,2,"[""AMP"", ""glutamate""]",[],0,0,4,2,3,malate,1,1,100.0,700,176,17,1,5.840662609714286,0.2716781962373946,False,cf9883e99ee1b956d01c2cb42a4d284b982ce23065d3616a5e1cced359e41fb5,0.06077444204129279
direct_neighbor_ridge,0,0,0,0,0,0,False,2,"[""AMP"", ""glutamate""]",[],0,0,4,2,3,malate,1,2,10.0,697,179,16,2,5.84539932697274,0.2374032760953075,False,db1ab3680dcfc2deb10e2511ec28b70b27966d5a436d724be48267bcbf200acf,0.05748079787008464
direct_neighbor_ridge,0,0,0,0,0,0,False,2,"[""AMP"", ""glutamate""]",[],0,0,4,2,3,malate,1,3,100.0,700,176,13,5,5.831384746571429,0.2691691871484761,False,659dce4f66bf4ee0228513d024a4e287e9f1aa3957152332b1483ab0af67cb42,0.056370711186900735
direct_neighbor_ridge,0,0,0,0,0,0,False,2,"[""AMP"", ""glutamate""]",[],0,0,4,2,3,malate,1,4,100.0,702,174,13,5,5.846637076923078,0.260711235793023,False,9492e163b6ef19b0563b1ce8302b8e8794e2e4c9c8031c62ff9774a3f63f6f58,0.05844825319945812
direct_neighbor_ridge,0,0,0,0,0,0,False,4,"[""AMP"", ""GMP"", ""UMP"", ""ornithine""]",[],0,0,8,4,5,methionine,0,0,100.0,697,179,16,2,5.844706393113342,0.3516238559885935,False,db1ab3680dcfc2deb10e2511ec28b70b27966d5a436d724be48267bcbf200acf,0.10821554413996637
direct_neighbor_ridge,0,0,0,0,0,0,False,4,"[""AMP"", ""GMP"", ""UMP"", ""ornithine""]",[],0,0,8,4,5,methionine,0,1,100.0,705,171,13,5,5.710732257446809,0.4029734963810446,False,32d2e2f547f707a9f12d899e65a934275c9f49020e10d214973126d05910ec9c,0.06337536592036486
direct_neighbor_ridge,0,0,0,0,0,0,False,4,"[""AMP"", ""GMP"", ""UMP"", ""ornithine""]",[],0,0,8,4,5,methionine,0,2,100.0,700,176,13,5,5.740705925428571,0.3974252920124316,False,659dce4f66bf4ee0228513d024a4e287e9f1aa3957152332b1483ab0af67cb42,0.09269651584327221
direct_neighbor_ridge,0,0,0,0,0,0,False,4,"[""AMP"", ""GMP"", ""UMP"", ""ornithine""]",[],0,0,8,4,5,methionine,0,3,100.0,702,174,13,5,5.726730337464388,0.3991828927493059,False,9492e163b6ef19b0563b1ce8302b8e8794e2e4c9c8031c62ff9774a3f63f6f58,0.07318363315425813
direct_neighbor_ridge,0,0,0,0,0,0,False,4,"[""AMP"", ""GMP"", ""UMP"", ""ornithine""]",[],0,0,8,4,5,methionine,0,4,10.0,700,176,17,1,5.751831437428572,0.3837665333034442,False,cf9883e99ee1b956d01c2cb42a4d284b982ce23065d3616a5e1cced359e41fb5,0.10746016283519566
direct_neighbor_ridge,0,0,0,0,0,0,False,4,"[""AMP"", ""GMP"", ""UMP"", ""ornithine""]",[],0,0,8,4,5,methionine,1,0,100.0,705,171,13,5,5.710732257446809,0.4029734963810446,False,32d2e2f547f707a9f12d899e65a934275c9f49020e10d214973126d05910ec9c,0.0597822149284184
direct_neighbor_ridge,0,0,0,0,0,0,False,4,"[""AMP"", ""GMP"", ""UMP"", ""ornithine""]",[],0,0,8,4,5,methionine,1,1,10.0,700,176,17,1,5.751831437428572,0.3837665333034442,False,cf9883e99ee1b956d01c2cb42a4d284b982ce23065d3616a5e1cced359e41fb5,0.055839382112026215
direct_neighbor_ridge,0,0,0,0,0,0,False,4,"[""AMP"", ""GMP"", ""UMP"", ""ornithine""]",[],0,0,8,4,5,methionine,1,2,100.0,697,179,16,2,5.844706393113342,0.3516238559885935,False,db1ab3680dcfc2deb10e2511ec28b70b27966d5a436d724be48267bcbf200acf,0.04495978308841586
direct_neighbor_ridge,0,0,0,0,0,0,False,4,"[""AMP"", ""GMP"", ""UMP"", ""ornithine""]",[],0,0,8,4,5,methionine,1,3,10.0,700,176,13,5,5.740705925428571,0.3974252920124316,False,659dce4f66bf4ee0228513d024a4e287e9f1aa3957152332b1483ab0af67cb42,0.06962997000664473
direct_neighbor_ridge,0,0,0,0,0,0,False,4,"[""AMP"", ""GMP"", ""UMP"", ""ornithine""]",[],0,0,8,4,5,methionine,1,4,100.0,702,174,13,5,5.726730337464388,0.3991828927493059,False,9492e163b6ef19b0563b1ce8302b8e8794e2e4c9c8031c62ff9774a3f63f6f58,0.07579575292766094
direct_neighbor_ridge,0,0,0,0,0,0,False,5,"[""GMP"", ""NAD"", ""acetylcholine"", ""beta-alanine"", ""xanthine""]",[],0,0,10,5,6,ornithine,0,0,100.0,697,179,16,2,5.901764725107604,0.37091255999449113,False,db1ab3680dcfc2deb10e2511ec28b70b27966d5a436d724be48267bcbf200acf,0.05836454196833074
direct_neighbor_ridge,0,0,0,0,0,0,False,5,"[""GMP"", ""NAD"", ""acetylcholine"", ""beta-alanine"", ""xanthine""]",[],0,0,10,5,6,ornithine,0,1,100.0,705,171,13,5,5.868419232765957,0.39189021898334747,False,32d2e2f547f707a9f12d899e65a934275c9f49020e10d214973126d05910ec9c,0.0535110819619149
direct_neighbor_ridge,0,0,0,0,0,0,False,5,"[""GMP"", ""NAD"", ""acetylcholine"", ""beta-alanine"", ""xanthine""]",[],0,0,10,5,6,ornithine,0,2,100.0,700,176,13,5,5.857476163,0.37685730093351216,False,659dce4f66bf4ee0228513d024a4e287e9f1aa3957152332b1483ab0af67cb42,0.054160438012331724
direct_neighbor_ridge,0,0,0,0,0,0,False,5,"[""GMP"", ""NAD"", ""acetylcholine"", ""beta-alanine"", ""xanthine""]",[],0,0,10,5,6,ornithine,0,3,100.0,702,174,13,5,5.870326695584046,0.38229349463561557,False,9492e163b6ef19b0563b1ce8302b8e8794e2e4c9c8031c62ff9774a3f63f6f58,0.06339447316713631
direct_neighbor_ridge,0,0,0,0,0,0,False,5,"[""GMP"", ""NAD"", ""acetylcholine"", ""beta-alanine"", ""xanthine""]",[],0,0,10,5,6,ornithine,0,4,100.0,700,176,17,1,5.861688638714287,0.3763700504060924,False,cf9883e99ee1b956d01c2cb42a4d284b982ce23065d3616a5e1cced359e41fb5,0.0612224021460861
direct_neighbor_ridge,0,0,0,0,0,0,False,5,"[""GMP"", ""NAD"", ""acetylcholine"", ""beta-alanine"", ""xanthine""]",[],0,0,10,5,6,ornithine,1,0,100.0,705,171,13,5,5.868419232765957,0.39189021898334747,False,32d2e2f547f707a9f12d899e65a934275c9f49020e10d214973126d05910ec9c,0.057040415005758405
direct_neighbor_ridge,0,0,0,0,0,0,False,5,"[""GMP"", ""NAD"", ""acetylcholine"", ""beta-alanine"", ""xanthine""]",[],0,0,10,5,6,ornithine,1,1,100.0,700,176,17,1,5.861688638714287,0.3763700504060924,False,cf9883e99ee1b956d01c2cb42a4d284b982ce23065d3616a5e1cced359e41fb5,0.05922246794216335
direct_neighbor_ridge,0,0,0,0,0,0,False,5,"[""GMP"", ""NAD"", ""acetylcholine"", ""beta-alanine"", ""xanthine""]",[],0,0,10,5,6,ornithine,1,2,10.0,697,179,16,2,5.901764725107604,0.37091255999449113,False,db1ab3680dcfc2deb10e2511ec28b70b27966d5a436d724be48267bcbf200acf,0.06627397704869509
direct_neighbor_ridge,0,0,0,0,0,0,False,5,"[""GMP"", ""NAD"", ""acetylcholine"", ""beta-alanine"", ""xanthine""]",[],0,0,10,5,6,ornithine,1,3,100.0,700,176,13,5,5.857476163,0.37685730093351216,False,659dce4f66bf4ee0228513d024a4e287e9f1aa3957152332b1483ab0af67cb42,0.07309640385210514
direct_neighbor_ridge,0,0,0,0,0,0,False,5,"[""GMP"", ""NAD"", ""acetylcholine"", ""beta-alanine"", ""xanthine""]",[],0,0,10,5,6,ornithine,1,4,100.0,702,174,13,5,5.870326695584046,0.38229349463561557,False,9492e163b6ef19b0563b1ce8302b8e8794e2e4c9c8031c62ff9774a3f63f6f58,0.0701268098782748
direct_neighbor_ridge,0,0,0,0,0,0,False,1,"[""AMP""]",[],0,0,2,1,2,oxalate,0,0,100.0,697,179,16,2,5.8571481606886655,0.19123230688172624,False,db1ab3680dcfc2deb10e2511ec28b70b27966d5a436d724be48267bcbf200acf,0.048943919129669666
direct_neighbor_ridge,0,0,0,0,0,0,False,1,"[""AMP""]",[],0,0,2,1,2,oxalate,0,1,0.1,705,171,13,5,5.943317970496454,0.24685378640027086,False,32d2e2f547f707a9f12d899e65a934275c9f49020e10d214973126d05910ec9c,0.050699366023764014
direct_neighbor_ridge,0,0,0,0,0,0,False,1,"[""AMP""]",[],0,0,2,1,2,oxalate,0,2,0.1,700,176,13,5,5.94393518457143,0.24464424725957237,False,659dce4f66bf4ee0228513d024a4e287e9f1aa3957152332b1483ab0af67cb42,0.04470584006048739
direct_neighbor_ridge,0,0,0,0,0,0,False,1,"[""AMP""]",[],0,0,2,1,2,oxalate,0,3,0.1,702,174,13,5,5.932151932336182,0.24734399059798892,False,9492e163b6ef19b0563b1ce8302b8e8794e2e4c9c8031c62ff9774a3f63f6f58,0.06169330095872283
direct_neighbor_ridge,0,0,0,0,0,0,False,1,"[""AMP""]",[],0,0,2,1,2,oxalate,0,4,0.1,700,176,17,1,5.923174090142856,0.23355041846191812,False,cf9883e99ee1b956d01c2cb42a4d284b982ce23065d3616a5e1cced359e41fb5,0.05866933101788163
direct_neighbor_ridge,0,0,0,0,0,0,False,1,"[""AMP""]",[],0,0,2,1,2,oxalate,1,0,0.1,705,171,13,5,5.943317970496454,0.24685378640027086,False,32d2e2f547f707a9f12d899e65a934275c9f49020e10d214973126d05910ec9c,0.05029353988356888
direct_neighbor_ridge,0,0,0,0,0,0,False,1,"[""AMP""]",[],0,0,2,1,2,oxalate,1,1,0.1,700,176,17,1,5.923174090142856,0.23355041846191812,False,cf9883e99ee1b956d01c2cb42a4d284b982ce23065d3616a5e1cced359e41fb5,0.049361392157152295
direct_neighbor_ridge,0,0,0,0,0,0,False,1,"[""AMP""]",[],0,0,2,1,2,oxalate,1,2,100.0,697,179,16,2,5.8571481606886655,0.19123230688172624,False,db1ab3680dcfc2deb10e2511ec28b70b27966d5a436d724be48267bcbf200acf,0.0516615379601717
direct_neighbor_ridge,0,0,0,0,0,0,False,1,"[""AMP""]",[],0,0,2,1,2,oxalate,1,3,0.1,700,176,13,5,5.94393518457143,0.24464424725957237,False,659dce4f66bf4ee0228513d024a4e287e9f1aa3957152332b1483ab0af67cb42,0.05009809089824557
direct_neighbor_ridge,0,0,0,0,0,0,False,1,"[""AMP""]",[],0,0,2,1,2,oxalate,1,4,0.1,702,174,13,5,5.932151932336182,0.24734399059798892,False,9492e163b6ef19b0563b1ce8302b8e8794e2e4c9c8031c62ff9774a3f63f6f58,0.055252101039513946
direct_neighbor_ridge,0,0,0,0,0,0,False,4,"[""NAD"", ""NADP"", ""adenine"", ""uracil""]",[],0,0,8,4,5,phenylalanine,0,0,100.0,697,179,16,2,5.936915044619799,0.38787707730618587,False,db1ab3680dcfc2deb10e2511ec28b70b27966d5a436d724be48267bcbf200acf,0.053042184095829725
direct_neighbor_ridge,0,0,0,0,0,0,False,4,"[""NAD"", ""NADP"", ""adenine"", ""uracil""]",[],0,0,8,4,5,phenylalanine,0,1,0.1,705,171,13,5,5.785095450496454,0.4305034051315013,False,32d2e2f547f707a9f12d899e65a934275c9f49020e10d214973126d05910ec9c,0.05729976203292608
direct_neighbor_ridge,0,0,0,0,0,0,False,4,"[""NAD"", ""NADP"", ""adenine"", ""uracil""]",[],0,0,8,4,5,phenylalanine,0,2,0.1,700,176,13,5,5.836019977714286,0.43676103299292846,False,659dce4f66bf4ee0228513d024a4e287e9f1aa3957152332b1483ab0af67cb42,0.07239740993827581
direct_neighbor_ridge,0,0,0,0,0,0,False,4,"[""NAD"", ""NADP"", ""adenine"", ""uracil""]",[],0,0,8,4,5,phenylalanine,0,3,0.1,702,174,13,5,5.804011151994302,0.4357928814395778,False,9492e163b6ef19b0563b1ce8302b8e8794e2e4c9c8031c62ff9774a3f63f6f58,0.051767192082479596
direct_neighbor_ridge,0,0,0,0,0,0,False,4,"[""NAD"", ""NADP"", ""adenine"", ""uracil""]",[],0,0,8,4,5,phenylalanine,0,4,10.0,700,176,17,1,5.839300081428571,0.43520662066993177,False,cf9883e99ee1b956d01c2cb42a4d284b982ce23065d3616a5e1cced359e41fb5,0.0543714021332562
direct_neighbor_ridge,0,0,0,0,0,0,False,4,"[""NAD"", ""NADP"", ""adenine"", ""uracil""]",[],0,0,8,4,5,phenylalanine,1,0,0.1,705,171,13,5,5.785095450496454,0.4305034051315013,False,32d2e2f547f707a9f12d899e65a934275c9f49020e10d214973126d05910ec9c,0.06424321397207677
direct_neighbor_ridge,0,0,0,0,0,0,False,4,"[""NAD"", ""NADP"", ""adenine"", ""uracil""]",[],0,0,8,4,5,phenylalanine,1,1,100.0,700,176,17,1,5.839300081428571,0.43520662066993177,False,cf9883e99ee1b956d01c2cb42a4d284b982ce23065d3616a5e1cced359e41fb5,0.05628766003064811
direct_neighbor_ridge,0,0,0,0,0,0,False,4,"[""NAD"", ""NADP"", ""adenine"", ""uracil""]",[],0,0,8,4,5,phenylalanine,1,2,100.0,697,179,16,2,5.936915044619799,0.38787707730618587,False,db1ab3680dcfc2deb10e2511ec28b70b27966d5a436d724be48267bcbf200acf,0.057483534095808864
direct_neighbor_ridge,0,0,0,0,0,0,False,4,"[""NAD"", ""NADP"", ""adenine"", ""uracil""]",[],0,0,8,4,5,phenylalanine,1,3,0.1,700,176,13,5,5.836019977714286,0.43676103299292846,False,659dce4f66bf4ee0228513d024a4e287e9f1aa3957152332b1483ab0af67cb42,0.056980127934366465
direct_neighbor_ridge,0,0,0,0,0,0,False,4,"[""NAD"", ""NADP"", ""adenine"", ""uracil""]",[],0,0,8,4,5,phenylalanine,1,4,0.1,702,174,13,5,5.804011151994302,0.4357928814395778,False,9492e163b6ef19b0563b1ce8302b8e8794e2e4c9c8031c62ff9774a3f63f6f58,0.0564733708743006
direct_neighbor_ridge,0,0,0,0,0,0,False,3,"[""AMP"", ""beta-alanine"", ""glutamate""]",[],0,0,6,3,4,proline,0,0,0.1,697,179,16,2,5.845378479196557,0.2597836119794736,False,db1ab3680dcfc2deb10e2511ec28b70b27966d5a436d724be48267bcbf200acf,0.05898088915273547
direct_neighbor_ridge,0,0,0,0,0,0,False,3,"[""AMP"", ""beta-alanine"", ""glutamate""]",[],0,0,6,3,4,proline,0,1,10.0,705,171,13,5,5.842336137872341,0.2589631265461561,False,32d2e2f547f707a9f12d899e65a934275c9f49020e10d214973126d05910ec9c,0.056845261016860604
direct_neighbor_ridge,0,0,0,0,0,0,False,3,"[""AMP"", ""beta-alanine"", ""glutamate""]",[],0,0,6,3,4,proline,0,2,0.1,700,176,13,5,5.830172965428571,0.2636424283030725,False,659dce4f66bf4ee0228513d024a4e287e9f1aa3957152332b1483ab0af67cb42,0.05785114294849336
direct_neighbor_ridge,0,0,0,0,0,0,False,3,"[""AMP"", ""beta-alanine"", ""glutamate""]",[],0,0,6,3,4,proline,0,3,0.1,702,174,13,5,5.858766810683761,0.2529611541886748,False,9492e163b6ef19b0563b1ce8302b8e8794e2e4c9c8031c62ff9774a3f63f6f58,0.05493546207435429
direct_neighbor_ridge,0,0,0,0,0,0,False,3,"[""AMP"", ""beta-alanine"", ""glutamate""]",[],0,0,6,3,4,proline,0,4,1.0,700,176,17,1,5.847336737571429,0.2643426691214404,False,cf9883e99ee1b956d01c2cb42a4d284b982ce23065d3616a5e1cced359e41fb5,0.05552453198470175
direct_neighbor_ridge,0,0,0,0,0,0,False,3,"[""AMP"", ""beta-alanine"", ""glutamate""]",[],0,0,6,3,4,proline,1,0,10.0,705,171,13,5,5.842336137872341,0.2589631265461561,False,32d2e2f547f707a9f12d899e65a934275c9f49020e10d214973126d05910ec9c,0.08855362515896559
direct_neighbor_ridge,0,0,0,0,0,0,False,3,"[""AMP"", ""beta-alanine"", ""glutamate""]",[],0,0,6,3,4,proline,1,1,1.0,700,176,17,1,5.847336737571429,0.2643426691214404,False,cf9883e99ee1b956d01c2cb42a4d284b982ce23065d3616a5e1cced359e41fb5,0.05015942896716297
direct_neighbor_ridge,0,0,0,0,0,0,False,3,"[""AMP"", ""beta-alanine"", ""glutamate""]",[],0,0,6,3,4,proline,1,2,0.1,697,179,16,2,5.845378479196557,0.2597836119794736,False,db1ab3680dcfc2deb10e2511ec28b70b27966d5a436d724be48267bcbf200acf,0.045669034123420715
direct_neighbor_ridge,0,0,0,0,0,0,False,3,"[""AMP"", ""beta-alanine"", ""glutamate""]",[],0,0,6,3,4,proline,1,3,0.1,700,176,13,5,5.830172965428571,0.2636424283030725,False,659dce4f66bf4ee0228513d024a4e287e9f1aa3957152332b1483ab0af67cb42,0.042657485930249095
direct_neighbor_ridge,0,0,0,0,0,0,False,3,"[""AMP"", ""beta-alanine"", ""glutamate""]",[],0,0,6,3,4,proline,1,4,0.1,702,174,13,5,5.858766810683761,0.2529611541886748,False,9492e163b6ef19b0563b1ce8302b8e8794e2e4c9c8031c62ff9774a3f63f6f58,0.04416124103590846
direct_neighbor_ridge,0,0,0,0,0,0,False,1,"[""betaine""]",[],0,0,2,1,2,putrescine,0,0,100.0,697,179,16,2,5.834476610903874,0.34981390103904925,False,db1ab3680dcfc2deb10e2511ec28b70b27966d5a436d724be48267bcbf200acf,0.05148752289824188
direct_neighbor_ridge,0,0,0,0,0,0,False,1,"[""betaine""]",[],0,0,2,1,2,putrescine,0,1,100.0,705,171,13,5,5.86676280468085,0.34453860408251974,False,32d2e2f547f707a9f12d899e65a934275c9f49020e10d214973126d05910ec9c,0.04862553486600518
direct_neighbor_ridge,0,0,0,0,0,0,False,1,"[""betaine""]",[],0,0,2,1,2,putrescine,0,2,100.0,700,176,13,5,5.834921169142857,0.3603584147236382,False,659dce4f66bf4ee0228513d024a4e287e9f1aa3957152332b1483ab0af67cb42,0.0810119011439383
direct_neighbor_ridge,0,0,0,0,0,0,False,1,"[""betaine""]",[],0,0,2,1,2,putrescine,0,3,100.0,702,174,13,5,5.858962787749288,0.360190081438807,False,9492e163b6ef19b0563b1ce8302b8e8794e2e4c9c8031c62ff9774a3f63f6f58,0.058512632036581635
direct_neighbor_ridge,0,0,0,0,0,0,False,1,"[""betaine""]",[],0,0,2,1,2,putrescine,0,4,100.0,700,176,17,1,5.842789945571428,0.34901274084762085,False,cf9883e99ee1b956d01c2cb42a4d284b982ce23065d3616a5e1cced359e41fb5,0.10261946101672947
direct_neighbor_ridge,0,0,0,0,0,0,False,1,"[""betaine""]",[],0,0,2,1,2,putrescine,1,0,100.0,705,171,13,5,5.86676280468085,0.34453860408251974,False,32d2e2f547f707a9f12d899e65a934275c9f49020e10d214973126d05910ec9c,0.07154366513714194
direct_neighbor_ridge,0,0,0,0,0,0,False,1,"[""betaine""]",[],0,0,2,1,2,putrescine,1,1,100.0,700,176,17,1,5.842789945571428,0.34901274084762085,False,cf9883e99ee1b956d01c2cb42a4d284b982ce23065d3616a5e1cced359e41fb5,0.05987212806940079
direct_neighbor_ridge,0,0,0,0,0,0,False,1,"[""betaine""]",[],0,0,2,1,2,putrescine,1,2,100.0,697,179,16,2,5.834476610903874,0.34981390103904925,False,db1ab3680dcfc2deb10e2511ec28b70b27966d5a436d724be48267bcbf200acf,0.059923328924924135
direct_neighbor_ridge,0,0,0,0,0,0,False,1,"[""betaine""]",[],0,0,2,1,2,putrescine,1,3,100.0,700,176,13,5,5.834921169142857,0.3603584147236382,False,659dce4f66bf4ee0228513d024a4e287e9f1aa3957152332b1483ab0af67cb42,0.05398292583413422
direct_neighbor_ridge,0,0,0,0,0,0,False,1,"[""betaine""]",[],0,0,2,1,2,putrescine,1,4,100.0,702,174,13,5,5.858962787749288,0.360190081438807,False,9492e163b6ef19b0563b1ce8302b8e8794e2e4c9c8031c62ff9774a3f63f6f58,0.09994472516700625
direct_neighbor_ridge,0,0,0,0,0,0,False,3,"[""CMP"", ""beta-alanine"", ""glutamate""]",[],0,0,6,3,4,sarcosine,0,0,100.0,697,179,16,2,5.9369144758967005,0.2599483145796618,False,db1ab3680dcfc2deb10e2511ec28b70b27966d5a436d724be48267bcbf200acf,0.083703454118222
direct_neighbor_ridge,0,0,0,0,0,0,False,3,"[""CMP"", ""beta-alanine"", ""glutamate""]",[],0,0,6,3,4,sarcosine,0,1,100.0,705,171,13,5,5.9332476963120575,0.2541831682725793,False,32d2e2f547f707a9f12d899e65a934275c9f49020e10d214973126d05910ec9c,0.060825500171631575
direct_neighbor_ridge,0,0,0,0,0,0,False,3,"[""CMP"", ""beta-alanine"", ""glutamate""]",[],0,0,6,3,4,sarcosine,0,2,100.0,700,176,13,5,5.912223672428571,0.24962732851458677,False,659dce4f66bf4ee0228513d024a4e287e9f1aa3957152332b1483ab0af67cb42,0.04896036605350673
direct_neighbor_ridge,0,0,0,0,0,0,False,3,"[""CMP"", ""beta-alanine"", ""glutamate""]",[],0,0,6,3,4,sarcosine,0,3,0.1,702,174,13,5,5.933046833618233,0.2506930619362083,False,9492e163b6ef19b0563b1ce8302b8e8794e2e4c9c8031c62ff9774a3f63f6f58,0.0756485250312835
direct_neighbor_ridge,0,0,0,0,0,0,False,3,"[""CMP"", ""beta-alanine"", ""glutamate""]",[],0,0,6,3,4,sarcosine,0,4,100.0,700,176,17,1,5.933609104142857,0.2533006462103011,False,cf9883e99ee1b956d01c2cb42a4d284b982ce23065d3616a5e1cced359e41fb5,0.0548530500382185
direct_neighbor_ridge,0,0,0,0,0,0,False,3,"[""CMP"", ""beta-alanine"", ""glutamate""]",[],0,0,6,3,4,sarcosine,1,0,100.0,705,171,13,5,5.9332476963120575,0.2541831682725793,False,32d2e2f547f707a9f12d899e65a934275c9f49020e10d214973126d05910ec9c,0.05781291099265218
direct_neighbor_ridge,0,0,0,0,0,0,False,3,"[""CMP"", ""beta-alanine"", ""glutamate""]",[],0,0,6,3,4,sarcosine,1,1,100.0,700,176,17,1,5.933609104142857,0.2533006462103011,False,cf9883e99ee1b956d01c2cb42a4d284b982ce23065d3616a5e1cced359e41fb5,0.06071141012944281
direct_neighbor_ridge,0,0,0,0,0,0,False,3,"[""CMP"", ""beta-alanine"", ""glutamate""]",[],0,0,6,3,4,sarcosine,1,2,100.0,697,179,16,2,5.9369144758967005,0.2599483145796618,False,db1ab3680dcfc2deb10e2511ec28b70b27966d5a436d724be48267bcbf200acf,0.058513245079666376
direct_neighbor_ridge,0,0,0,0,0,0,False,3,"[""CMP"", ""beta-alanine"", ""glutamate""]",[],0,0,6,3,4,sarcosine,1,3,100.0,700,176,13,5,5.912223672428571,0.24962732851458677,False,659dce4f66bf4ee0228513d024a4e287e9f1aa3957152332b1483ab0af67cb42,0.14116283599287271
direct_neighbor_ridge,0,0,0,0,0,0,False,3,"[""CMP"", ""beta-alanine"", ""glutamate""]",[],0,0,6,3,4,sarcosine,1,4,0.1,702,174,13,5,5.933046833618233,0.2506930619362083,False,9492e163b6ef19b0563b1ce8302b8e8794e2e4c9c8031c62ff9774a3f63f6f58,0.05687737511470914
direct_neighbor_ridge,0,0,0,0,0,0,False,4,"[""CMP"", ""GMP"", ""beta-alanine"", ""histidine""]",[],0,0,8,4,5,serine,0,0,10.0,697,179,16,2,5.8674860375896705,0.40389784825569003,False,db1ab3680dcfc2deb10e2511ec28b70b27966d5a436d724be48267bcbf200acf,0.06732406094670296
direct_neighbor_ridge,0,0,0,0,0,0,False,4,"[""CMP"", ""GMP"", ""beta-alanine"", ""histidine""]",[],0,0,8,4,5,serine,0,1,100.0,705,171,13,5,5.829443674326242,0.40077940544884644,False,32d2e2f547f707a9f12d899e65a934275c9f49020e10d214973126d05910ec9c,0.05214781709946692
direct_neighbor_ridge,0,0,0,0,0,0,False,4,"[""CMP"", ""GMP"", ""beta-alanine"", ""histidine""]",[],0,0,8,4,5,serine,0,2,100.0,700,176,13,5,5.840584020857143,0.40234808993882604,False,659dce4f66bf4ee0228513d024a4e287e9f1aa3957152332b1483ab0af67cb42,0.05213228799402714
direct_neighbor_ridge,0,0,0,0,0,0,False,4,"[""CMP"", ""GMP"", ""beta-alanine"", ""histidine""]",[],0,0,8,4,5,serine,0,3,10.0,702,174,13,5,5.833095458831909,0.401278310400293,False,9492e163b6ef19b0563b1ce8302b8e8794e2e4c9c8031c62ff9774a3f63f6f58,0.06213840399868786
direct_neighbor_ridge,0,0,0,0,0,0,False,4,"[""CMP"", ""GMP"", ""beta-alanine"", ""histidine""]",[],0,0,8,4,5,serine,0,4,100.0,700,176,17,1,5.839002695285714,0.3967722698628182,False,cf9883e99ee1b956d01c2cb42a4d284b982ce23065d3616a5e1cced359e41fb5,0.07134342798963189
direct_neighbor_ridge,0,0,0,0,0,0,False,4,"[""CMP"", ""GMP"", ""beta-alanine"", ""histidine""]",[],0,0,8,4,5,serine,1,0,100.0,705,171,13,5,5.829443674326242,0.40077940544884644,False,32d2e2f547f707a9f12d899e65a934275c9f49020e10d214973126d05910ec9c,0.0644673309288919
direct_neighbor_ridge,0,0,0,0,0,0,False,4,"[""CMP"", ""GMP"", ""beta-alanine"", ""histidine""]",[],0,0,8,4,5,serine,1,1,100.0,700,176,17,1,5.839002695285714,0.3967722698628182,False,cf9883e99ee1b956d01c2cb42a4d284b982ce23065d3616a5e1cced359e41fb5,0.06643796898424625
direct_neighbor_ridge,0,0,0,0,0,0,False,4,"[""CMP"", ""GMP"", ""beta-alanine"", ""histidine""]",[],0,0,8,4,5,serine,1,2,100.0,697,179,16,2,5.8674860375896705,0.40389784825569003,False,db1ab3680dcfc2deb10e2511ec28b70b27966d5a436d724be48267bcbf200acf,0.0666835370939225
direct_neighbor_ridge,0,0,0,0,0,0,False,4,"[""CMP"", ""GMP"", ""beta-alanine"", ""histidine""]",[],0,0,8,4,5,serine,1,3,100.0,700,176,13,5,5.840584020857143,0.40234808993882604,False,659dce4f66bf4ee0228513d024a4e287e9f1aa3957152332b1483ab0af67cb42,0.06286163488402963
direct_neighbor_ridge,0,0,0,0,0,0,False,4,"[""CMP"", ""GMP"", ""beta-alanine"", ""histidine""]",[],0,0,8,4,5,serine,1,4,10.0,702,174,13,5,5.833095458831909,0.401278310400293,False,9492e163b6ef19b0563b1ce8302b8e8794e2e4c9c8031c62ff9774a3f63f6f58,0.05388873512856662
direct_neighbor_ridge,0,0,0,0,0,0,False,3,"[""NADP"", ""glutamate"", ""oxalate""]",[],0,0,6,3,4,taurine,0,0,10.0,697,179,16,2,5.794030961836442,0.41554377802074033,False,db1ab3680dcfc2deb10e2511ec28b70b27966d5a436d724be48267bcbf200acf,0.05612991703674197
direct_neighbor_ridge,0,0,0,0,0,0,False,3,"[""NADP"", ""glutamate"", ""oxalate""]",[],0,0,6,3,4,taurine,0,1,100.0,705,171,13,5,5.861509952340425,0.41422394247227196,False,32d2e2f547f707a9f12d899e65a934275c9f49020e10d214973126d05910ec9c,0.054091168101876974
direct_neighbor_ridge,0,0,0,0,0,0,False,3,"[""NADP"", ""glutamate"", ""oxalate""]",[],0,0,6,3,4,taurine,0,2,100.0,700,176,13,5,5.818380698285715,0.4283518066690608,False,659dce4f66bf4ee0228513d024a4e287e9f1aa3957152332b1483ab0af67cb42,0.05486581497825682
direct_neighbor_ridge,0,0,0,0,0,0,False,3,"[""NADP"", ""glutamate"", ""oxalate""]",[],0,0,6,3,4,taurine,0,3,100.0,702,174,13,5,5.834618115099715,0.4193170364031223,False,9492e163b6ef19b0563b1ce8302b8e8794e2e4c9c8031c62ff9774a3f63f6f58,0.059813742991536856
direct_neighbor_ridge,0,0,0,0,0,0,False,3,"[""NADP"", ""glutamate"", ""oxalate""]",[],0,0,6,3,4,taurine,0,4,100.0,700,176,17,1,5.827953608571429,0.4264426525650688,False,cf9883e99ee1b956d01c2cb42a4d284b982ce23065d3616a5e1cced359e41fb5,0.0523454190697521
direct_neighbor_ridge,0,0,0,0,0,0,False,3,"[""NADP"", ""glutamate"", ""oxalate""]",[],0,0,6,3,4,taurine,1,0,100.0,705,171,13,5,5.861509952340425,0.41422394247227196,False,32d2e2f547f707a9f12d899e65a934275c9f49020e10d214973126d05910ec9c,0.05445159203372896
direct_neighbor_ridge,0,0,0,0,0,0,False,3,"[""NADP"", ""glutamate"", ""oxalate""]",[],0,0,6,3,4,taurine,1,1,100.0,700,176,17,1,5.827953608571429,0.4264426525650688,False,cf9883e99ee1b956d01c2cb42a4d284b982ce23065d3616a5e1cced359e41fb5,0.04886525007896125
direct_neighbor_ridge,0,0,0,0,0,0,False,3,"[""NADP"", ""glutamate"", ""oxalate""]",[],0,0,6,3,4,taurine,1,2,10.0,697,179,16,2,5.794030961836442,0.41554377802074033,False,db1ab3680dcfc2deb10e2511ec28b70b27966d5a436d724be48267bcbf200acf,0.04916629591025412
direct_neighbor_ridge,0,0,0,0,0,0,False,3,"[""NADP"", ""glutamate"", ""oxalate""]",[],0,0,6,3,4,taurine,1,3,100.0,700,176,13,5,5.818380698285715,0.4283518066690608,False,659dce4f66bf4ee0228513d024a4e287e9f1aa3957152332b1483ab0af67cb42,0.06068895198404789
direct_neighbor_ridge,0,0,0,0,0,0,False,3,"[""NADP"", ""glutamate"", ""oxalate""]",[],0,0,6,3,4,taurine,1,4,100.0,702,174,13,5,5.834618115099715,0.4193170364031223,False,9492e163b6ef19b0563b1ce8302b8e8794e2e4c9c8031c62ff9774a3f63f6f58,0.056830768939107656
direct_neighbor_ridge,0,0,0,0,0,0,False,1,"[""proline""]",[],0,0,2,1,2,taurocholate,0,0,100.0,697,179,16,2,5.911435611764705,0.34414844738965594,False,db1ab3680dcfc2deb10e2511ec28b70b27966d5a436d724be48267bcbf200acf,0.0645448761060834
direct_neighbor_ridge,0,0,0,0,0,0,False,1,"[""proline""]",[],0,0,2,1,2,taurocholate,0,1,100.0,705,171,13,5,5.878043725106383,0.3820486809030721,False,32d2e2f547f707a9f12d899e65a934275c9f49020e10d214973126d05910ec9c,0.057478421134874225
direct_neighbor_ridge,0,0,0,0,0,0,False,1,"[""proline""]",[],0,0,2,1,2,taurocholate,0,2,100.0,700,176,13,5,5.887844617428572,0.374976441178634,False,659dce4f66bf4ee0228513d024a4e287e9f1aa3957152332b1483ab0af67cb42,0.056808658875525
direct_neighbor_ridge,0,0,0,0,0,0,False,1,"[""proline""]",[],0,0,2,1,2,taurocholate,0,3,100.0,702,174,13,5,5.889667015669515,0.38335104763913297,False,9492e163b6ef19b0563b1ce8302b8e8794e2e4c9c8031c62ff9774a3f63f6f58,0.053398562129586935
direct_neighbor_ridge,0,0,0,0,0,0,False,1,"[""proline""]",[],0,0,2,1,2,taurocholate,0,4,100.0,700,176,17,1,5.9090318879999995,0.3790101357978578,False,cf9883e99ee1b956d01c2cb42a4d284b982ce23065d3616a5e1cced359e41fb5,0.054168432019650936
direct_neighbor_ridge,0,0,0,0,0,0,False,1,"[""proline""]",[],0,0,2,1,2,taurocholate,1,0,100.0,705,171,13,5,5.878043725106383,0.3820486809030721,False,32d2e2f547f707a9f12d899e65a934275c9f49020e10d214973126d05910ec9c,0.05047528282739222
direct_neighbor_ridge,0,0,0,0,0,0,False,1,"[""proline""]",[],0,0,2,1,2,taurocholate,1,1,100.0,700,176,17,1,5.9090318879999995,0.3790101357978578,False,cf9883e99ee1b956d01c2cb42a4d284b982ce23065d3616a5e1cced359e41fb5,0.05069483001716435
direct_neighbor_ridge,0,0,0,0,0,0,False,1,"[""proline""]",[],0,0,2,1,2,taurocholate,1,2,10.0,697,179,16,2,5.911435611764705,0.34414844738965594,False,db1ab3680dcfc2deb10e2511ec28b70b27966d5a436d724be48267bcbf200acf,0.04908753396011889
direct_neighbor_ridge,0,0,0,0,0,0,False,1,"[""proline""]",[],0,0,2,1,2,taurocholate,1,3,100.0,700,176,13,5,5.887844617428572,0.374976441178634,False,659dce4f66bf4ee0228513d024a4e287e9f1aa3957152332b1483ab0af67cb42,0.0488872230052948
direct_neighbor_ridge,0,0,0,0,0,0,False,1,"[""proline""]",[],0,0,2,1,2,taurocholate,1,4,100.0,702,174,13,5,5.889667015669515,0.38335104763913297,False,9492e163b6ef19b0563b1ce8302b8e8794e2e4c9c8031c62ff9774a3f63f6f58,0.050451690098270774
direct_neighbor_ridge,0,0,0,0,0,0,False,1,"[""proline""]",[],0,0,2,1,2,thymidine,0,0,0.1,697,179,16,2,5.962375816929699,0.5300513139536057,False,db1ab3680dcfc2deb10e2511ec28b70b27966d5a436d724be48267bcbf200acf,0.0524232538882643
direct_neighbor_ridge,0,0,0,0,0,0,False,1,"[""proline""]",[],0,0,2,1,2,thymidine,0,1,100.0,705,171,13,5,5.908778622553192,0.5600769326427631,False,32d2e2f547f707a9f12d899e65a934275c9f49020e10d214973126d05910ec9c,0.04901966918259859
direct_neighbor_ridge,0,0,0,0,0,0,False,1,"[""proline""]",[],0,0,2,1,2,thymidine,0,2,100.0,700,176,13,5,5.909023223714285,0.557115820969454,False,659dce4f66bf4ee0228513d024a4e287e9f1aa3957152332b1483ab0af67cb42,0.049178937915712595
direct_neighbor_ridge,0,0,0,0,0,0,False,1,"[""proline""]",[],0,0,2,1,2,thymidine,0,3,100.0,702,174,13,5,5.886195089173788,0.5399623589888455,False,9492e163b6ef19b0563b1ce8302b8e8794e2e4c9c8031c62ff9774a3f63f6f58,0.05506367399357259
direct_neighbor_ridge,0,0,0,0,0,0,False,1,"[""proline""]",[],0,0,2,1,2,thymidine,0,4,100.0,700,176,17,1,5.899427595285714,0.5575419702739152,False,cf9883e99ee1b956d01c2cb42a4d284b982ce23065d3616a5e1cced359e41fb5,0.04915836313739419
direct_neighbor_ridge,0,0,0,0,0,0,False,1,"[""proline""]",[],0,0,2,1,2,thymidine,1,0,100.0,705,171,13,5,5.908778622553192,0.5600769326427631,False,32d2e2f547f707a9f12d899e65a934275c9f49020e10d214973126d05910ec9c,0.0497845308855176
direct_neighbor_ridge,0,0,0,0,0,0,False,1,"[""proline""]",[],0,0,2,1,2,thymidine,1,1,100.0,700,176,17,1,5.899427595285714,0.5575419702739152,False,cf9883e99ee1b956d01c2cb42a4d284b982ce23065d3616a5e1cced359e41fb5,0.03877261211164296
direct_neighbor_ridge,0,0,0,0,0,0,False,1,"[""proline""]",[],0,0,2,1,2,thymidine,1,2,100.0,697,179,16,2,5.962375816929699,0.5300513139536057,False,db1ab3680dcfc2deb10e2511ec28b70b27966d5a436d724be48267bcbf200acf,0.054512126138433814
direct_neighbor_ridge,0,0,0,0,0,0,False,1,"[""proline""]",[],0,0,2,1,2,thymidine,1,3,100.0,700,176,13,5,5.909023223714285,0.557115820969454,False,659dce4f66bf4ee0228513d024a4e287e9f1aa3957152332b1483ab0af67cb42,0.04957104893401265
direct_neighbor_ridge,0,0,0,0,0,0,False,1,"[""proline""]",[],0,0,2,1,2,thymidine,1,4,100.0,702,174,13,5,5.886195089173788,0.5399623589888455,False,9492e163b6ef19b0563b1ce8302b8e8794e2e4c9c8031c62ff9774a3f63f6f58,0.04677652521058917
direct_neighbor_ridge,0,0,0,0,0,0,False,3,"[""AMP"", ""glutamate"", ""guanosine""]",[],0,0,6,3,4,thymine,0,0,100.0,697,179,16,2,5.970911329268292,0.3295812339804376,False,db1ab3680dcfc2deb10e2511ec28b70b27966d5a436d724be48267bcbf200acf,0.05372935999184847
direct_neighbor_ridge,0,0,0,0,0,0,False,3,"[""AMP"", ""glutamate"", ""guanosine""]",[],0,0,6,3,4,thymine,0,1,100.0,705,171,13,5,5.980005672765958,0.33619117341695987,False,32d2e2f547f707a9f12d899e65a934275c9f49020e10d214973126d05910ec9c,0.05845913593657315
direct_neighbor_ridge,0,0,0,0,0,0,False,3,"[""AMP"", ""glutamate"", ""guanosine""]",[],0,0,6,3,4,thymine,0,2,100.0,700,176,13,5,5.969867460571427,0.3276358116038228,False,659dce4f66bf4ee0228513d024a4e287e9f1aa3957152332b1483ab0af67cb42,0.0628112459089607
direct_neighbor_ridge,0,0,0,0,0,0,False,3,"[""AMP"", ""glutamate"", ""guanosine""]",[],0,0,6,3,4,thymine,0,3,100.0,702,174,13,5,5.9758683723646735,0.32288297218963347,False,9492e163b6ef19b0563b1ce8302b8e8794e2e4c9c8031c62ff9774a3f63f6f58,0.05891071818768978
direct_neighbor_ridge,0,0,0,0,0,0,False,3,"[""AMP"", ""glutamate"", ""guanosine""]",[],0,0,6,3,4,thymine,0,4,100.0,700,176,17,1,5.984653504571428,0.3365079394697031,False,cf9883e99ee1b956d01c2cb42a4d284b982ce23065d3616a5e1cced359e41fb5,0.047828275011852384
direct_neighbor_ridge,0,0,0,0,0,0,False,3,"[""AMP"", ""glutamate"", ""guanosine""]",[],0,0,6,3,4,thymine,1,0,100.0,705,171,13,5,5.980005672765958,0.33619117341695987,False,32d2e2f547f707a9f12d899e65a934275c9f49020e10d214973126d05910ec9c,0.05295181507244706
direct_neighbor_ridge,0,0,0,0,0,0,False,3,"[""AMP"", ""glutamate"", ""guanosine""]",[],0,0,6,3,4,thymine,1,1,100.0,700,176,17,1,5.984653504571428,0.3365079394697031,False,cf9883e99ee1b956d01c2cb42a4d284b982ce23065d3616a5e1cced359e41fb5,0.054029043996706605
direct_neighbor_ridge,0,0,0,0,0,0,False,3,"[""AMP"", ""glutamate"", ""guanosine""]",[],0,0,6,3,4,thymine,1,2,100.0,697,179,16,2,5.970911329268292,0.3295812339804376,False,db1ab3680dcfc2deb10e2511ec28b70b27966d5a436d724be48267bcbf200acf,0.05392104107886553
direct_neighbor_ridge,0,0,0,0,0,0,False,3,"[""AMP"", ""glutamate"", ""guanosine""]",[],0,0,6,3,4,thymine,1,3,100.0,700,176,13,5,5.969867460571427,0.3276358116038228,False,659dce4f66bf4ee0228513d024a4e287e9f1aa3957152332b1483ab0af67cb42,0.05230872402898967
direct_neighbor_ridge,0,0,0,0,0,0,False,3,"[""AMP"", ""glutamate"", ""guanosine""]",[],0,0,6,3,4,thymine,1,4,100.0,702,174,13,5,5.9758683723646735,0.32288297218963347,False,9492e163b6ef19b0563b1ce8302b8e8794e2e4c9c8031c62ff9774a3f63f6f58,0.05279852915555239
direct_neighbor_ridge,0,0,0,0,0,0,False,1,"[""AMP""]",[],0,0,2,1,2,thyroxine,0,0,10.0,697,179,16,2,5.855241731850789,0.22628691761232106,False,db1ab3680dcfc2deb10e2511ec28b70b27966d5a436d724be48267bcbf200acf,0.048641882138326764
direct_neighbor_ridge,0,0,0,0,0,0,False,1,"[""AMP""]",[],0,0,2,1,2,thyroxine,0,1,0.1,705,171,13,5,5.7866734052482265,0.25824962552561564,False,32d2e2f547f707a9f12d899e65a934275c9f49020e10d214973126d05910ec9c,0.06486546783708036
direct_neighbor_ridge,0,0,0,0,0,0,False,1,"[""AMP""]",[],0,0,2,1,2,thyroxine,0,2,10.0,700,176,13,5,5.796167202571429,0.25031687531324254,False,659dce4f66bf4ee0228513d024a4e287e9f1aa3957152332b1483ab0af67cb42,0.05155972996726632
direct_neighbor_ridge,0,0,0,0,0,0,False,1,"[""AMP""]",[],0,0,2,1,2,thyroxine,0,3,0.1,702,174,13,5,5.787326907122507,0.2531773542850331,False,9492e163b6ef19b0563b1ce8302b8e8794e2e4c9c8031c62ff9774a3f63f6f58,0.05261912499554455
direct_neighbor_ridge,0,0,0,0,0,0,False,1,"[""AMP""]",[],0,0,2,1,2,thyroxine,0,4,0.1,700,176,17,1,5.803289504,0.2563724684382436,False,cf9883e99ee1b956d01c2cb42a4d284b982ce23065d3616a5e1cced359e41fb5,0.07268158416263759
direct_neighbor_ridge,0,0,0,0,0,0,False,1,"[""AMP""]",[],0,0,2,1,2,thyroxine,1,0,0.1,705,171,13,5,5.7866734052482265,0.25824962552561564,False,32d2e2f547f707a9f12d899e65a934275c9f49020e10d214973126d05910ec9c,0.05578299495391548
direct_neighbor_ridge,0,0,0,0,0,0,False,1,"[""AMP""]",[],0,0,2,1,2,thyroxine,1,1,0.1,700,176,17,1,5.803289504,0.2563724684382436,False,cf9883e99ee1b956d01c2cb42a4d284b982ce23065d3616a5e1cced359e41fb5,0.06991863902658224
direct_neighbor_ridge,0,0,0,0,0,0,False,1,"[""AMP""]",[],0,0,2,1,2,thyroxine,1,2,10.0,697,179,16,2,5.855241731850789,0.22628691761232106,False,db1ab3680dcfc2deb10e2511ec28b70b27966d5a436d724be48267bcbf200acf,0.07962591503746808
direct_neighbor_ridge,0,0,0,0,0,0,False,1,"[""AMP""]",[],0,0,2,1,2,thyroxine,1,3,10.0,700,176,13,5,5.796167202571429,0.25031687531324254,False,659dce4f66bf4ee0228513d024a4e287e9f1aa3957152332b1483ab0af67cb42,0.05817544995807111
direct_neighbor_ridge,0,0,0,0,0,0,False,1,"[""AMP""]",[],0,0,2,1,2,thyroxine,1,4,0.1,702,174,13,5,5.787326907122507,0.2531773542850331,False,9492e163b6ef19b0563b1ce8302b8e8794e2e4c9c8031c62ff9774a3f63f6f58,0.05943915084935725
direct_neighbor_ridge,0,0,0,0,0,0,False,1,"[""NAD""]",[],0,0,2,1,2,trimethylamine-N-oxide,0,0,10.0,697,179,16,2,5.856797537302725,0.2547969015671801,False,db1ab3680dcfc2deb10e2511ec28b70b27966d5a436d724be48267bcbf200acf,0.051731899147853255
direct_neighbor_ridge,0,0,0,0,0,0,False,1,"[""NAD""]",[],0,0,2,1,2,trimethylamine-N-oxide,0,1,0.1,705,171,13,5,5.919379167092199,0.2899780925131509,False,32d2e2f547f707a9f12d899e65a934275c9f49020e10d214973126d05910ec9c,0.052197652868926525
direct_neighbor_ridge,0,0,0,0,0,0,False,1,"[""NAD""]",[],0,0,2,1,2,trimethylamine-N-oxide,0,2,0.1,700,176,13,5,5.927241334714285,0.2901267256784374,False,659dce4f66bf4ee0228513d024a4e287e9f1aa3957152332b1483ab0af67cb42,0.04948045406490564
direct_neighbor_ridge,0,0,0,0,0,0,False,1,"[""NAD""]",[],0,0,2,1,2,trimethylamine-N-oxide,0,3,0.1,702,174,13,5,5.907509206410257,0.2903992841751525,False,9492e163b6ef19b0563b1ce8302b8e8794e2e4c9c8031c62ff9774a3f63f6f58,0.04938881704583764
direct_neighbor_ridge,0,0,0,0,0,0,False,1,"[""NAD""]",[],0,0,2,1,2,trimethylamine-N-oxide,0,4,0.1,700,176,17,1,5.932823168142856,0.22097707794343013,False,cf9883e99ee1b956d01c2cb42a4d284b982ce23065d3616a5e1cced359e41fb5,0.05159159284085035
direct_neighbor_ridge,0,0,0,0,0,0,False,1,"[""NAD""]",[],0,0,2,1,2,trimethylamine-N-oxide,1,0,0.1,705,171,13,5,5.919379167092199,0.2899780925131509,False,32d2e2f547f707a9f12d899e65a934275c9f49020e10d214973126d05910ec9c,0.052010141080245376
direct_neighbor_ridge,0,0,0,0,0,0,False,1,"[""NAD""]",[],0,0,2,1,2,trimethylamine-N-oxide,1,1,0.1,700,176,17,1,5.932823168142856,0.22097707794343013,False,cf9883e99ee1b956d01c2cb42a4d284b982ce23065d3616a5e1cced359e41fb5,0.05181405507028103
direct_neighbor_ridge,0,0,0,0,0,0,False,1,"[""NAD""]",[],0,0,2,1,2,trimethylamine-N-oxide,1,2,10.0,697,179,16,2,5.856797537302725,0.2547969015671801,False,db1ab3680dcfc2deb10e2511ec28b70b27966d5a436d724be48267bcbf200acf,0.049518806859850883
direct_neighbor_ridge,0,0,0,0,0,0,False,1,"[""NAD""]",[],0,0,2,1,2,trimethylamine-N-oxide,1,3,10.0,700,176,13,5,5.927241334714285,0.2901267256784374,False,659dce4f66bf4ee0228513d024a4e287e9f1aa3957152332b1483ab0af67cb42,0.05021255509927869
direct_neighbor_ridge,0,0,0,0,0,0,False,1,"[""NAD""]",[],0,0,2,1,2,trimethylamine-N-oxide,1,4,0.1,702,174,13,5,5.907509206410257,0.2903992841751525,False,9492e163b6ef19b0563b1ce8302b8e8794e2e4c9c8031c62ff9774a3f63f6f58,0.05545173306018114
direct_neighbor_ridge,0,0,0,0,0,0,False,2,"[""AMP"", ""arginine""]",[],0,0,4,2,3,tyrosine,0,0,0.1,697,179,16,2,5.917222123959827,0.3722744418302163,False,db1ab3680dcfc2deb10e2511ec28b70b27966d5a436d724be48267bcbf200acf,0.09935844107531011
direct_neighbor_ridge,0,0,0,0,0,0,False,2,"[""AMP"", ""arginine""]",[],0,0,4,2,3,tyrosine,0,1,0.1,705,171,13,5,5.773517087092199,0.41759768808280395,False,32d2e2f547f707a9f12d899e65a934275c9f49020e10d214973126d05910ec9c,0.05915678711608052
direct_neighbor_ridge,0,0,0,0,0,0,False,2,"[""AMP"", ""arginine""]",[],0,0,4,2,3,tyrosine,0,2,0.1,700,176,13,5,5.814119894,0.4182054905141444,False,659dce4f66bf4ee0228513d024a4e287e9f1aa3957152332b1483ab0af67cb42,0.05759671190753579
direct_neighbor_ridge,0,0,0,0,0,0,False,2,"[""AMP"", ""arginine""]",[],0,0,4,2,3,tyrosine,0,3,0.1,702,174,13,5,5.791375897720797,0.4207102216982868,False,9492e163b6ef19b0563b1ce8302b8e8794e2e4c9c8031c62ff9774a3f63f6f58,0.05750173679552972
direct_neighbor_ridge,0,0,0,0,0,0,False,2,"[""AMP"", ""arginine""]",[],0,0,4,2,3,tyrosine,0,4,0.1,700,176,17,1,5.8235101828571425,0.4117771377078516,False,cf9883e99ee1b956d01c2cb42a4d284b982ce23065d3616a5e1cced359e41fb5,0.06371361785568297
direct_neighbor_ridge,0,0,0,0,0,0,False,2,"[""AMP"", ""arginine""]",[],0,0,4,2,3,tyrosine,1,0,0.1,705,171,13,5,5.773517087092199,0.41759768808280395,False,32d2e2f547f707a9f12d899e65a934275c9f49020e10d214973126d05910ec9c,0.05681865382939577
direct_neighbor_ridge,0,0,0,0,0,0,False,2,"[""AMP"", ""arginine""]",[],0,0,4,2,3,tyrosine,1,1,0.1,700,176,17,1,5.8235101828571425,0.4117771377078516,False,cf9883e99ee1b956d01c2cb42a4d284b982ce23065d3616a5e1cced359e41fb5,0.06272802012972534
direct_neighbor_ridge,0,0,0,0,0,0,False,2,"[""AMP"", ""arginine""]",[],0,0,4,2,3,tyrosine,1,2,10.0,697,179,16,2,5.917222123959827,0.3722744418302163,False,db1ab3680dcfc2deb10e2511ec28b70b27966d5a436d724be48267bcbf200acf,0.0637013369705528
direct_neighbor_ridge,0,0,0,0,0,0,False,2,"[""AMP"", ""arginine""]",[],0,0,4,2,3,tyrosine,1,3,0.1,700,176,13,5,5.814119894,0.4182054905141444,False,659dce4f66bf4ee0228513d024a4e287e9f1aa3957152332b1483ab0af67cb42,0.0633559909183532
direct_neighbor_ridge,0,0,0,0,0,0,False,2,"[""AMP"", ""arginine""]",[],0,0,4,2,3,tyrosine,1,4,0.1,702,174,13,5,5.791375897720797,0.4207102216982868,False,9492e163b6ef19b0563b1ce8302b8e8794e2e4c9c8031c62ff9774a3f63f6f58,0.062049396103248
direct_neighbor_ridge,0,0,0,0,0,0,False,3,"[""GMP"", ""NAD"", ""leucine""]",[],0,0,6,3,4,uracil,0,0,100.0,697,179,16,2,5.845100508608321,0.3159661360177283,False,db1ab3680dcfc2deb10e2511ec28b70b27966d5a436d724be48267bcbf200acf,0.051247237948700786
direct_neighbor_ridge,0,0,0,0,0,0,False,3,"[""GMP"", ""NAD"", ""leucine""]",[],0,0,6,3,4,uracil,0,1,10.0,705,171,13,5,5.727848015744681,0.3774054832536749,False,32d2e2f547f707a9f12d899e65a934275c9f49020e10d214973126d05910ec9c,0.05493735708296299
direct_neighbor_ridge,0,0,0,0,0,0,False,3,"[""GMP"", ""NAD"", ""leucine""]",[],0,0,6,3,4,uracil,0,2,10.0,700,176,13,5,5.735356466142857,0.3695420163498155,False,659dce4f66bf4ee0228513d024a4e287e9f1aa3957152332b1483ab0af67cb42,0.05318459402769804
direct_neighbor_ridge,0,0,0,0,0,0,False,3,"[""GMP"", ""NAD"", ""leucine""]",[],0,0,6,3,4,uracil,0,3,10.0,702,174,13,5,5.759301471225071,0.37150365774601596,False,9492e163b6ef19b0563b1ce8302b8e8794e2e4c9c8031c62ff9774a3f63f6f58,0.05343123315833509
direct_neighbor_ridge,0,0,0,0,0,0,False,3,"[""GMP"", ""NAD"", ""leucine""]",[],0,0,6,3,4,uracil,0,4,10.0,700,176,17,1,5.755836698428571,0.3648126906194723,False,cf9883e99ee1b956d01c2cb42a4d284b982ce23065d3616a5e1cced359e41fb5,0.05269004590809345
direct_neighbor_ridge,0,0,0,0,0,0,False,3,"[""GMP"", ""NAD"", ""leucine""]",[],0,0,6,3,4,uracil,1,0,10.0,705,171,13,5,5.727848015744681,0.3774054832536749,False,32d2e2f547f707a9f12d899e65a934275c9f49020e10d214973126d05910ec9c,0.06056091096252203
direct_neighbor_ridge,0,0,0,0,0,0,False,3,"[""GMP"", ""NAD"", ""leucine""]",[],0,0,6,3,4,uracil,1,1,10.0,700,176,17,1,5.755836698428571,0.3648126906194723,False,cf9883e99ee1b956d01c2cb42a4d284b982ce23065d3616a5e1cced359e41fb5,0.05484108394011855
direct_neighbor_ridge,0,0,0,0,0,0,False,3,"[""GMP"", ""NAD"", ""leucine""]",[],0,0,6,3,4,uracil,1,2,100.0,697,179,16,2,5.845100508608321,0.3159661360177283,False,db1ab3680dcfc2deb10e2511ec28b70b27966d5a436d724be48267bcbf200acf,0.05407850514166057
direct_neighbor_ridge,0,0,0,0,0,0,False,3,"[""GMP"", ""NAD"", ""leucine""]",[],0,0,6,3,4,uracil,1,3,10.0,700,176,13,5,5.735356466142857,0.3695420163498155,False,659dce4f66bf4ee0228513d024a4e287e9f1aa3957152332b1483ab0af67cb42,0.06640747981145978
direct_neighbor_ridge,0,0,0,0,0,0,False,3,"[""GMP"", ""NAD"", ""leucine""]",[],0,0,6,3,4,uracil,1,4,10.0,702,174,13,5,5.759301471225071,0.37150365774601596,False,9492e163b6ef19b0563b1ce8302b8e8794e2e4c9c8031c62ff9774a3f63f6f58,0.07842117780819535
direct_neighbor_ridge,0,0,0,0,0,0,False,2,"[""adenosine"", ""glutamate""]",[],0,0,4,2,3,urate,0,0,100.0,697,179,16,2,5.797735194404591,0.4578812329363871,False,db1ab3680dcfc2deb10e2511ec28b70b27966d5a436d724be48267bcbf200acf,0.06124024302698672
direct_neighbor_ridge,0,0,0,0,0,0,False,2,"[""adenosine"", ""glutamate""]",[],0,0,4,2,3,urate,0,1,100.0,705,171,13,5,5.702445728226951,0.4768405401686225,False,32d2e2f547f707a9f12d899e65a934275c9f49020e10d214973126d05910ec9c,0.05700245103798807
direct_neighbor_ridge,0,0,0,0,0,0,False,2,"[""adenosine"", ""glutamate""]",[],0,0,4,2,3,urate,0,2,100.0,700,176,13,5,5.725258205285715,0.4738774760521925,False,659dce4f66bf4ee0228513d024a4e287e9f1aa3957152332b1483ab0af67cb42,0.06292977510020137
direct_neighbor_ridge,0,0,0,0,0,0,False,2,"[""adenosine"", ""glutamate""]",[],0,0,4,2,3,urate,0,3,100.0,702,174,13,5,5.714262068091168,0.47434052084248074,False,9492e163b6ef19b0563b1ce8302b8e8794e2e4c9c8031c62ff9774a3f63f6f58,0.06344099203124642
direct_neighbor_ridge,0,0,0,0,0,0,False,2,"[""adenosine"", ""glutamate""]",[],0,0,4,2,3,urate,0,4,100.0,700,176,17,1,5.757721383428571,0.4403424910616518,False,cf9883e99ee1b956d01c2cb42a4d284b982ce23065d3616a5e1cced359e41fb5,0.06594089302234352
direct_neighbor_ridge,0,0,0,0,0,0,False,2,"[""adenosine"", ""glutamate""]",[],0,0,4,2,3,urate,1,0,100.0,705,171,13,5,5.702445728226951,0.4768405401686225,False,32d2e2f547f707a9f12d899e65a934275c9f49020e10d214973126d05910ec9c,0.05354278185404837
direct_neighbor_ridge,0,0,0,0,0,0,False,2,"[""adenosine"", ""glutamate""]",[],0,0,4,2,3,urate,1,1,100.0,700,176,17,1,5.757721383428571,0.4403424910616518,False,cf9883e99ee1b956d01c2cb42a4d284b982ce23065d3616a5e1cced359e41fb5,0.14208737784065306
direct_neighbor_ridge,0,0,0,0,0,0,False,2,"[""adenosine"", ""glutamate""]",[],0,0,4,2,3,urate,1,2,100.0,697,179,16,2,5.797735194404591,0.4578812329363871,False,db1ab3680dcfc2deb10e2511ec28b70b27966d5a436d724be48267bcbf200acf,0.0902535270433873
direct_neighbor_ridge,0,0,0,0,0,0,False,2,"[""adenosine"", ""glutamate""]",[],0,0,4,2,3,urate,1,3,100.0,700,176,13,5,5.725258205285715,0.4738774760521925,False,659dce4f66bf4ee0228513d024a4e287e9f1aa3957152332b1483ab0af67cb42,0.058277098927646875
direct_neighbor_ridge,0,0,0,0,0,0,False,2,"[""adenosine"", ""glutamate""]",[],0,0,4,2,3,urate,1,4,100.0,702,174,13,5,5.714262068091168,0.47434052084248074,False,9492e163b6ef19b0563b1ce8302b8e8794e2e4c9c8031c62ff9774a3f63f6f58,0.08969311998225749
direct_neighbor_ridge,0,0,0,0,0,0,False,3,"[""adenine"", ""betaine"", ""thymine""]",[],0,0,6,3,4,uridine,0,0,100.0,697,179,16,2,5.8853204464849345,0.41578380381128677,False,db1ab3680dcfc2deb10e2511ec28b70b27966d5a436d724be48267bcbf200acf,0.08552996115759015
direct_neighbor_ridge,0,0,0,0,0,0,False,3,"[""adenine"", ""betaine"", ""thymine""]",[],0,0,6,3,4,uridine,0,1,100.0,705,171,13,5,5.912085544539007,0.5282150813484331,False,32d2e2f547f707a9f12d899e65a934275c9f49020e10d214973126d05910ec9c,0.07982052606530488
direct_neighbor_ridge,0,0,0,0,0,0,False,3,"[""adenine"", ""betaine"", ""thymine""]",[],0,0,6,3,4,uridine,0,2,100.0,700,176,13,5,5.909856147857143,0.5147179309281458,False,659dce4f66bf4ee0228513d024a4e287e9f1aa3957152332b1483ab0af67cb42,0.1271017799153924
direct_neighbor_ridge,0,0,0,0,0,0,False,3,"[""adenine"", ""betaine"", ""thymine""]",[],0,0,6,3,4,uridine,0,3,0.1,702,174,13,5,5.934038315811966,0.5230206325839802,False,9492e163b6ef19b0563b1ce8302b8e8794e2e4c9c8031c62ff9774a3f63f6f58,0.07529413816519082
direct_neighbor_ridge,0,0,0,0,0,0,False,3,"[""adenine"", ""betaine"", ""thymine""]",[],0,0,6,3,4,uridine,0,4,100.0,700,176,17,1,5.898471694142857,0.5131303828795306,False,cf9883e99ee1b956d01c2cb42a4d284b982ce23065d3616a5e1cced359e41fb5,0.05562488501891494
direct_neighbor_ridge,0,0,0,0,0,0,False,3,"[""adenine"", ""betaine"", ""thymine""]",[],0,0,6,3,4,uridine,1,0,100.0,705,171,13,5,5.912085544539007,0.5282150813484331,False,32d2e2f547f707a9f12d899e65a934275c9f49020e10d214973126d05910ec9c,0.0751764290034771
direct_neighbor_ridge,0,0,0,0,0,0,False,3,"[""adenine"", ""betaine"", ""thymine""]",[],0,0,6,3,4,uridine,1,1,100.0,700,176,17,1,5.898471694142857,0.5131303828795306,False,cf9883e99ee1b956d01c2cb42a4d284b982ce23065d3616a5e1cced359e41fb5,0.12281629699282348
direct_neighbor_ridge,0,0,0,0,0,0,False,3,"[""adenine"", ""betaine"", ""thymine""]",[],0,0,6,3,4,uridine,1,2,100.0,697,179,16,2,5.8853204464849345,0.41578380381128677,False,db1ab3680dcfc2deb10e2511ec28b70b27966d5a436d724be48267bcbf200acf,0.06267634499818087
direct_neighbor_ridge,0,0,0,0,0,0,False,3,"[""adenine"", ""betaine"", ""thymine""]",[],0,0,6,3,4,uridine,1,3,100.0,700,176,13,5,5.909856147857143,0.5147179309281458,False,659dce4f66bf4ee0228513d024a4e287e9f1aa3957152332b1483ab0af67cb42,0.062010368099436164
direct_neighbor_ridge,0,0,0,0,0,0,False,3,"[""adenine"", ""betaine"", ""thymine""]",[],0,0,6,3,4,uridine,1,4,0.1,702,174,13,5,5.934038315811966,0.5230206325839802,False,9492e163b6ef19b0563b1ce8302b8e8794e2e4c9c8031c62ff9774a3f63f6f58,0.06921179499477148
direct_neighbor_ridge,0,0,0,0,0,0,False,1,"[""NAD""]",[],0,0,2,1,2,valine,0,0,100.0,697,179,16,2,5.952121997417504,0.36407681708229,False,db1ab3680dcfc2deb10e2511ec28b70b27966d5a436d724be48267bcbf200acf,0.054364528972655535
direct_neighbor_ridge,0,0,0,0,0,0,False,1,"[""NAD""]",[],0,0,2,1,2,valine,0,1,100.0,705,171,13,5,5.8379196573049645,0.3773248284035181,False,32d2e2f547f707a9f12d899e65a934275c9f49020e10d214973126d05910ec9c,0.06406928692013025
direct_neighbor_ridge,0,0,0,0,0,0,False,1,"[""NAD""]",[],0,0,2,1,2,valine,0,2,100.0,700,176,13,5,5.8849640270000005,0.3945943885573533,False,659dce4f66bf4ee0228513d024a4e287e9f1aa3957152332b1483ab0af67cb42,0.07992087700404227
direct_neighbor_ridge,0,0,0,0,0,0,False,1,"[""NAD""]",[],0,0,2,1,2,valine,0,3,100.0,702,174,13,5,5.848345252849003,0.390876603874631,False,9492e163b6ef19b0563b1ce8302b8e8794e2e4c9c8031c62ff9774a3f63f6f58,0.055824622977524996
direct_neighbor_ridge,0,0,0,0,0,0,False,1,"[""NAD""]",[],0,0,2,1,2,valine,0,4,100.0,700,176,17,1,5.877318387142858,0.3902412272704989,False,cf9883e99ee1b956d01c2cb42a4d284b982ce23065d3616a5e1cced359e41fb5,0.04955588304437697
direct_neighbor_ridge,0,0,0,0,0,0,False,1,"[""NAD""]",[],0,0,2,1,2,valine,1,0,100.0,705,171,13,5,5.8379196573049645,0.3773248284035181,False,32d2e2f547f707a9f12d899e65a934275c9f49020e10d214973126d05910ec9c,0.05409781611524522
direct_neighbor_ridge,0,0,0,0,0,0,False,1,"[""NAD""]",[],0,0,2,1,2,valine,1,1,100.0,700,176,17,1,5.877318387142858,0.3902412272704989,False,cf9883e99ee1b956d01c2cb42a4d284b982ce23065d3616a5e1cced359e41fb5,0.05253803380765021
direct_neighbor_ridge,0,0,0,0,0,0,False,1,"[""NAD""]",[],0,0,2,1,2,valine,1,2,100.0,697,179,16,2,5.952121997417504,0.36407681708229,False,db1ab3680dcfc2deb10e2511ec28b70b27966d5a436d724be48267bcbf200acf,0.05056977109052241
direct_neighbor_ridge,0,0,0,0,0,0,False,1,"[""NAD""]",[],0,0,2,1,2,valine,1,3,100.0,700,176,13,5,5.8849640270000005,0.3945943885573533,False,659dce4f66bf4ee0228513d024a4e287e9f1aa3957152332b1483ab0af67cb42,0.05305823590606451
direct_neighbor_ridge,0,0,0,0,0,0,False,1,"[""NAD""]",[],0,0,2,1,2,valine,1,4,100.0,702,174,13,5,5.848345252849003,0.390876603874631,False,9492e163b6ef19b0563b1ce8302b8e8794e2e4c9c8031c62ff9774a3f63f6f58,0.05438471003435552
direct_neighbor_ridge,0,0,0,0,0,0,False,4,"[""AMP"", ""acetylcholine"", ""carnosine"", ""citrate""]",[],0,0,8,4,5,xanthine,0,0,100.0,697,179,16,2,5.8261626595408895,0.3226517288205138,False,db1ab3680dcfc2deb10e2511ec28b70b27966d5a436d724be48267bcbf200acf,0.05916321789845824
direct_neighbor_ridge,0,0,0,0,0,0,False,4,"[""AMP"", ""acetylcholine"", ""carnosine"", ""citrate""]",[],0,0,8,4,5,xanthine,0,1,10.0,705,171,13,5,5.668218426241134,0.44533618503026734,False,32d2e2f547f707a9f12d899e65a934275c9f49020e10d214973126d05910ec9c,0.06104167900048196
direct_neighbor_ridge,0,0,0,0,0,0,False,4,"[""AMP"", ""acetylcholine"", ""carnosine"", ""citrate""]",[],0,0,8,4,5,xanthine,0,2,10.0,700,176,13,5,5.675177004,0.4388265188264273,False,659dce4f66bf4ee0228513d024a4e287e9f1aa3957152332b1483ab0af67cb42,0.05920058605261147
direct_neighbor_ridge,0,0,0,0,0,0,False,4,"[""AMP"", ""acetylcholine"", ""carnosine"", ""citrate""]",[],0,0,8,4,5,xanthine,0,3,10.0,702,174,13,5,5.677283422934472,0.4355980429993409,False,9492e163b6ef19b0563b1ce8302b8e8794e2e4c9c8031c62ff9774a3f63f6f58,0.05432306695729494
direct_neighbor_ridge,0,0,0,0,0,0,False,4,"[""AMP"", ""acetylcholine"", ""carnosine"", ""citrate""]",[],0,0,8,4,5,xanthine,0,4,1.0,700,176,17,1,5.702935143571429,0.4239551919699778,False,cf9883e99ee1b956d01c2cb42a4d284b982ce23065d3616a5e1cced359e41fb5,0.05754934693686664
direct_neighbor_ridge,0,0,0,0,0,0,False,4,"[""AMP"", ""acetylcholine"", ""carnosine"", ""citrate""]",[],0,0,8,4,5,xanthine,1,0,10.0,705,171,13,5,5.668218426241134,0.44533618503026734,False,32d2e2f547f707a9f12d899e65a934275c9f49020e10d214973126d05910ec9c,0.061163787031546235
direct_neighbor_ridge,0,0,0,0,0,0,False,4,"[""AMP"", ""acetylcholine"", ""carnosine"", ""citrate""]",[],0,0,8,4,5,xanthine,1,1,0.1,700,176,17,1,5.702935143571429,0.4239551919699778,False,cf9883e99ee1b956d01c2cb42a4d284b982ce23065d3616a5e1cced359e41fb5,0.05336279887706041
direct_neighbor_ridge,0,0,0,0,0,0,False,4,"[""AMP"", ""acetylcholine"", ""carnosine"", ""citrate""]",[],0,0,8,4,5,xanthine,1,2,100.0,697,179,16,2,5.8261626595408895,0.3226517288205138,False,db1ab3680dcfc2deb10e2511ec28b70b27966d5a436d724be48267bcbf200acf,0.06349543109536171
direct_neighbor_ridge,0,0,0,0,0,0,False,4,"[""AMP"", ""acetylcholine"", ""carnosine"", ""citrate""]",[],0,0,8,4,5,xanthine,1,3,10.0,700,176,13,5,5.675177004,0.4388265188264273,False,659dce4f66bf4ee0228513d024a4e287e9f1aa3957152332b1483ab0af67cb42,0.06537993717938662
direct_neighbor_ridge,0,0,0,0,0,0,False,4,"[""AMP"", ""acetylcholine"", ""carnosine"", ""citrate""]",[],0,0,8,4,5,xanthine,1,4,10.0,702,174,13,5,5.677283422934472,0.4355980429993409,False,9492e163b6ef19b0563b1ce8302b8e8794e2e4c9c8031c62ff9774a3f63f6f58,0.053023824002593756
direct_neighbor_ridge,0,0,0,0,0,0,False,1,"[""serine""]",[],0,0,2,1,2,xanthosine,0,0,100.0,697,179,16,2,5.868730441750358,0.23648420012118596,False,db1ab3680dcfc2deb10e2511ec28b70b27966d5a436d724be48267bcbf200acf,0.05620647198520601
direct_neighbor_ridge,0,0,0,0,0,0,False,1,"[""serine""]",[],0,0,2,1,2,xanthosine,0,1,0.1,705,171,13,5,5.809038896737588,0.28486213680139005,False,32d2e2f547f707a9f12d899e65a934275c9f49020e10d214973126d05910ec9c,0.047411045990884304
direct_neighbor_ridge,0,0,0,0,0,0,False,1,"[""serine""]",[],0,0,2,1,2,xanthosine,0,2,0.1,700,176,13,5,5.8054182618571435,0.2760639029596894,False,659dce4f66bf4ee0228513d024a4e287e9f1aa3957152332b1483ab0af67cb42,0.05692276591435075
direct_neighbor_ridge,0,0,0,0,0,0,False,1,"[""serine""]",[],0,0,2,1,2,xanthosine,0,3,0.1,702,174,13,5,5.81375750071225,0.26668885124187874,False,9492e163b6ef19b0563b1ce8302b8e8794e2e4c9c8031c62ff9774a3f63f6f58,0.08703685412183404
direct_neighbor_ridge,0,0,0,0,0,0,False,1,"[""serine""]",[],0,0,2,1,2,xanthosine,0,4,0.1,700,176,17,1,5.830317585,0.2650109615358276,False,cf9883e99ee1b956d01c2cb42a4d284b982ce23065d3616a5e1cced359e41fb5,0.054502580082044005
direct_neighbor_ridge,0,0,0,0,0,0,False,1,"[""serine""]",[],0,0,2,1,2,xanthosine,1,0,0.1,705,171,13,5,5.809038896737588,0.28486213680139005,False,32d2e2f547f707a9f12d899e65a934275c9f49020e10d214973126d05910ec9c,0.058827262837439775
direct_neighbor_ridge,0,0,0,0,0,0,False,1,"[""serine""]",[],0,0,2,1,2,xanthosine,1,1,100.0,700,176,17,1,5.830317585,0.2650109615358276,False,cf9883e99ee1b956d01c2cb42a4d284b982ce23065d3616a5e1cced359e41fb5,0.04964427603408694
direct_neighbor_ridge,0,0,0,0,0,0,False,1,"[""serine""]",[],0,0,2,1,2,xanthosine,1,2,100.0,697,179,16,2,5.868730441750358,0.23648420012118596,False,db1ab3680dcfc2deb10e2511ec28b70b27966d5a436d724be48267bcbf200acf,0.05019340896978974
direct_neighbor_ridge,0,0,0,0,0,0,False,1,"[""serine""]",[],0,0,2,1,2,xanthosine,1,3,0.1,700,176,13,5,5.8054182618571435,0.2760639029596894,False,659dce4f66bf4ee0228513d024a4e287e9f1aa3957152332b1483ab0af67cb42,0.051108265994116664
direct_neighbor_ridge,0,0,0,0,0,0,False,1,"[""serine""]",[],0,0,2,1,2,xanthosine,1,4,0.1,702,174,13,5,5.81375750071225,0.26668885124187874,False,9492e163b6ef19b0563b1ce8302b8e8794e2e4c9c8031c62ff9774a3f63f6f58,0.049802152905613184
