target,model,lineage,squared_error_sum,truth_energy_sum,observations,mean_squared_error
AMP,direct_neighbor_ridge,autonomic_ganglia,29.88289057575839,38.662305357892606,32,0.9338403304924496
AMP,direct_neighbor_ridge,bone,15.770276102294861,40.56386320165723,38,0.41500726584986475
AMP,direct_neighbor_ridge,breast,34.38946234803048,38.51496032623904,98,0.3509128811023518
AMP,direct_neighbor_ridge,central_nervous_system,31.279476902400507,52.952843751440916,98,0.3191783357387807
AMP,direct_neighbor_ridge,endometrium,12.459079797076711,33.28088229173083,56,0.22248356780494127
AMP,direct_neighbor_ridge,haematopoietic_and_lymphoid_tissue,1000.5332852956021,2083.528147210272,326,3.0691205070417245
AMP,direct_neighbor_ridge,kidney,11.753695344990177,25.099128973646497,46,0.25551511619543865
AMP,direct_neighbor_ridge,large_intestine,44.07221000812421,106.60262709170267,110,0.400656454619311
AMP,direct_neighbor_ridge,liver,17.452991004098138,26.09228080500443,50,0.34905982008196274
AMP,direct_neighbor_ridge,lung,133.14544902745018,221.01175331085415,352,0.3782541165552562
AMP,direct_neighbor_ridge,oesophagus,15.25794047174627,8.500264834188513,50,0.3051588094349254
AMP,direct_neighbor_ridge,ovary,18.549402335971966,36.89714606921265,90,0.20610447039968852
AMP,direct_neighbor_ridge,pancreas,21.061531518787834,28.91547555591152,82,0.25684794535107114
AMP,direct_neighbor_ridge,skin,29.58252430342509,48.13402072116802,104,0.2844473490713951
AMP,direct_neighbor_ridge,soft_tissue,16.379780304757894,26.339490446249194,36,0.45499389735438595
AMP,direct_neighbor_ridge,stomach,30.20929987255442,42.99751915048565,74,0.40823378206154626
AMP,direct_neighbor_ridge,upper_aerodigestive_tract,12.908887133190778,25.425542301736822,60,0.21514811888651295
AMP,direct_neighbor_ridge,urinary_tract,13.82339187522529,28.369666106732684,50,0.2764678375045058
CMP,direct_neighbor_ridge,autonomic_ganglia,18.370646973038717,21.238592629932704,32,0.5740827179074599
CMP,direct_neighbor_ridge,bone,24.55349836074395,36.71405371155091,38,0.6461446937037882
CMP,direct_neighbor_ridge,breast,20.272549425820902,30.86042284622687,98,0.20686274924307044
CMP,direct_neighbor_ridge,central_nervous_system,54.891302623778266,73.26051620621128,98,0.5601153328956966
CMP,direct_neighbor_ridge,endometrium,24.426968405120835,43.96081565408872,56,0.4361958643771578
CMP,direct_neighbor_ridge,haematopoietic_and_lymphoid_tissue,1312.7919893972094,1839.5865189765327,326,4.0269692926294764
CMP,direct_neighbor_ridge,kidney,27.572509553574037,33.84335697811922,46,0.5994023815994356
CMP,direct_neighbor_ridge,large_intestine,71.06134366944838,117.76756573295344,110,0.6460122151768034
CMP,direct_neighbor_ridge,liver,29.154512388893654,30.560188973731307,50,0.5830902477778731
CMP,direct_neighbor_ridge,lung,170.54630153630126,204.33837393758895,352,0.4845065384554013
CMP,direct_neighbor_ridge,oesophagus,13.26361442785262,17.351043449096238,50,0.26527228855705237
CMP,direct_neighbor_ridge,ovary,32.92882224407189,39.814346384244615,90,0.3658758027119099
CMP,direct_neighbor_ridge,pancreas,19.080094342633796,37.02849202604523,82,0.23268407734919264
CMP,direct_neighbor_ridge,skin,37.163073778529494,47.28850584060537,104,0.3573372478704759
CMP,direct_neighbor_ridge,soft_tissue,37.79352472538921,36.70653271868176,36,1.0498201312608115
CMP,direct_neighbor_ridge,stomach,32.03327720604441,49.524198160616514,74,0.43288212440600554
CMP,direct_neighbor_ridge,upper_aerodigestive_tract,23.37746329252093,30.347893502680414,60,0.38962438820868217
CMP,direct_neighbor_ridge,urinary_tract,28.889056523523372,18.488380884538014,50,0.5777811304704674
GMP,direct_neighbor_ridge,autonomic_ganglia,16.78682393779347,17.092799205563985,32,0.524588248056046
GMP,direct_neighbor_ridge,bone,33.20934355393112,55.97831873052658,38,0.8739300935245031
GMP,direct_neighbor_ridge,breast,41.59424409836201,48.07977710520926,98,0.4244310622281838
GMP,direct_neighbor_ridge,central_nervous_system,36.157331947129826,57.208349241802495,98,0.3689523668074472
GMP,direct_neighbor_ridge,endometrium,25.363989539195686,43.27288697300067,56,0.4529283846284944
GMP,direct_neighbor_ridge,haematopoietic_and_lymphoid_tissue,687.719859418155,1216.8861404112283,326,2.109570120914586
GMP,direct_neighbor_ridge,kidney,13.618255401817535,21.37232268027582,46,0.29604903047429426
GMP,direct_neighbor_ridge,large_intestine,61.61089294004339,121.31802520119751,110,0.5600990267276672
GMP,direct_neighbor_ridge,liver,21.783166270902722,43.392486977733675,50,0.4356633254180544
GMP,direct_neighbor_ridge,lung,207.5787427842104,240.72115569875484,352,0.5897123374551432
GMP,direct_neighbor_ridge,oesophagus,26.948044049435325,25.128955068098843,50,0.5389608809887065
GMP,direct_neighbor_ridge,ovary,23.83851237042638,46.160059766538176,90,0.2648723596714042
GMP,direct_neighbor_ridge,pancreas,45.08564923361676,55.60507350247176,82,0.5498249906538629
GMP,direct_neighbor_ridge,skin,49.40395381316353,84.83285737032926,104,0.4750380174342647
GMP,direct_neighbor_ridge,soft_tissue,27.382883279657747,33.805213836615714,36,0.7606356466571597
GMP,direct_neighbor_ridge,stomach,25.88210388579156,51.41845301812486,74,0.3497581606188049
GMP,direct_neighbor_ridge,upper_aerodigestive_tract,16.769389214756,21.463481391668612,60,0.27948982024593333
GMP,direct_neighbor_ridge,urinary_tract,20.598321450789637,28.5659224689543,50,0.4119664290157927
NAD,direct_neighbor_ridge,autonomic_ganglia,41.24306168798077,63.11028556307281,32,1.288845677749399
NAD,direct_neighbor_ridge,bone,15.093891776339047,35.12804112273649,38,0.39720767832471177
NAD,direct_neighbor_ridge,breast,84.99233845661996,119.28477183741332,98,0.8672687597614281
NAD,direct_neighbor_ridge,central_nervous_system,164.80260745977108,167.1470983214205,98,1.6816592597935824
NAD,direct_neighbor_ridge,endometrium,14.869463167789608,29.318390877662882,56,0.265526127996243
NAD,direct_neighbor_ridge,haematopoietic_and_lymphoid_tissue,448.3061326374201,707.4557134285053,326,1.3751721860043562
NAD,direct_neighbor_ridge,kidney,16.830841751127295,20.115359237885276,46,0.3658878641549412
NAD,direct_neighbor_ridge,large_intestine,42.157279391899024,61.85458379251278,110,0.3832479944718093
NAD,direct_neighbor_ridge,liver,20.5162380049713,30.95977205445173,50,0.410324760099426
NAD,direct_neighbor_ridge,lung,183.66373326484228,295.44025649389823,352,0.5217719695023928
NAD,direct_neighbor_ridge,oesophagus,26.22834290619967,30.70281121042122,50,0.5245668581239934
NAD,direct_neighbor_ridge,ovary,22.929440611938226,43.42659377797654,90,0.2547715623548692
NAD,direct_neighbor_ridge,pancreas,40.41332203965307,67.5029020667356,82,0.4928453907274764
NAD,direct_neighbor_ridge,skin,47.01587555020663,55.33165626777842,104,0.4520757264442945
NAD,direct_neighbor_ridge,soft_tissue,12.294599747571123,27.01477918279766,36,0.3415166596547534
NAD,direct_neighbor_ridge,stomach,44.43948393416637,54.33729477342882,74,0.6005335666779239
NAD,direct_neighbor_ridge,upper_aerodigestive_tract,17.77358447154166,20.967252642578686,60,0.29622640785902765
NAD,direct_neighbor_ridge,urinary_tract,25.50445806677655,48.45243405618742,50,0.510089161335531
NADP,direct_neighbor_ridge,autonomic_ganglia,26.175510170324795,34.77893908684556,32,0.8179846928226499
NADP,direct_neighbor_ridge,bone,21.561266323035184,19.484173299656543,38,0.5674017453430311
NADP,direct_neighbor_ridge,breast,99.07639942297286,117.9990063816851,98,1.0109836675813557
NADP,direct_neighbor_ridge,central_nervous_system,95.09398118469775,113.20848800730701,98,0.9703467467826301
NADP,direct_neighbor_ridge,endometrium,41.60236928389148,39.34500569184417,56,0.7428994514980621
NADP,direct_neighbor_ridge,haematopoietic_and_lymphoid_tissue,369.9275278422655,353.4522219094337,326,1.1347470179210597
NADP,direct_neighbor_ridge,kidney,44.0982650654226,54.33470459694155,46,0.9586579362048392
NADP,direct_neighbor_ridge,large_intestine,66.11978389628295,72.58815511411154,110,0.6010889445116632
NADP,direct_neighbor_ridge,liver,26.495943545102342,41.83556460715585,50,0.5299188709020468
NADP,direct_neighbor_ridge,lung,433.6752417972035,519.4969468124134,352,1.2320319369238737
NADP,direct_neighbor_ridge,oesophagus,75.0044384519101,100.0446120521017,50,1.500088769038202
NADP,direct_neighbor_ridge,ovary,52.86155823580974,57.76577855401612,90,0.5873506470645526
NADP,direct_neighbor_ridge,pancreas,54.78679452596559,69.81904395286148,82,0.668131640560556
NADP,direct_neighbor_ridge,skin,86.79163157759037,91.19949398148815,104,0.834534919015292
NADP,direct_neighbor_ridge,soft_tissue,27.781523920644563,34.316976174977434,36,0.7717089977956824
NADP,direct_neighbor_ridge,stomach,47.35067049188089,72.81943642163343,74,0.639873925565958
NADP,direct_neighbor_ridge,upper_aerodigestive_tract,32.15177748469,30.228839209089394,60,0.5358629580781666
NADP,direct_neighbor_ridge,urinary_tract,30.583936146003342,40.11186558324279,50,0.6116787229200669
UMP,direct_neighbor_ridge,autonomic_ganglia,18.238743589267248,19.760988378641137,32,0.5699607371646015
UMP,direct_neighbor_ridge,bone,30.085463307597188,40.16199023144217,38,0.7917227186209786
UMP,direct_neighbor_ridge,breast,30.359796094863846,29.183906998294468,98,0.3097938377026923
UMP,direct_neighbor_ridge,central_nervous_system,53.07012045002561,62.75807454101035,98,0.541531841326792
UMP,direct_neighbor_ridge,endometrium,21.378026069043234,32.766886686989864,56,0.3817504655186292
UMP,direct_neighbor_ridge,haematopoietic_and_lymphoid_tissue,1609.3727400726573,1950.6397672106914,326,4.936726196541893
UMP,direct_neighbor_ridge,kidney,39.82242161764639,25.116069342207112,46,0.8657048177749216
UMP,direct_neighbor_ridge,large_intestine,90.62798612326235,124.08565610022644,110,0.8238907829387486
UMP,direct_neighbor_ridge,liver,18.308411773549835,24.409137029823377,50,0.3661682354709967
UMP,direct_neighbor_ridge,lung,162.9321918521549,205.97249812644475,352,0.46287554503453093
UMP,direct_neighbor_ridge,oesophagus,10.539464552031504,15.665613481881948,50,0.21078929104063007
UMP,direct_neighbor_ridge,ovary,39.79202314162129,41.53131833176785,90,0.4421335904624588
UMP,direct_neighbor_ridge,pancreas,36.95574069066562,36.22642499941739,82,0.45067976452031244
UMP,direct_neighbor_ridge,skin,52.22000448342543,53.88439487638264,104,0.5021154277252445
UMP,direct_neighbor_ridge,soft_tissue,12.705249783420019,25.00767528767332,36,0.35292360509500054
UMP,direct_neighbor_ridge,stomach,49.512512320921644,60.54617987562938,74,0.669088004336779
UMP,direct_neighbor_ridge,upper_aerodigestive_tract,53.72863050082028,31.765226060507924,60,0.8954771750136713
UMP,direct_neighbor_ridge,urinary_tract,40.153968164329726,26.589514445291933,50,0.8030793632865945
acetylcholine,direct_neighbor_ridge,autonomic_ganglia,18.142070305813796,19.073387560248506,32,0.5669396970566811
acetylcholine,direct_neighbor_ridge,bone,26.78110601867063,26.89945407565188,38,0.7047659478597534
acetylcholine,direct_neighbor_ridge,breast,121.94277564843152,122.1083996130125,98,1.244314037228893
acetylcholine,direct_neighbor_ridge,central_nervous_system,117.32618338180542,117.64195315225031,98,1.1972059528755654
acetylcholine,direct_neighbor_ridge,endometrium,35.647678851817496,35.682446269029505,56,0.6365656937824553
acetylcholine,direct_neighbor_ridge,haematopoietic_and_lymphoid_tissue,344.5236928935158,331.8966324034542,326,1.0568211438451405
acetylcholine,direct_neighbor_ridge,kidney,36.77961191367136,36.69499034276428,46,0.7995567807319861
acetylcholine,direct_neighbor_ridge,large_intestine,85.35549013080747,85.32942755340547,110,0.7759590011891588
acetylcholine,direct_neighbor_ridge,liver,45.258132825988696,45.068793248579695,50,0.9051626565197739
acetylcholine,direct_neighbor_ridge,lung,430.2873890748302,429.55216963647916,352,1.222407355326222
acetylcholine,direct_neighbor_ridge,oesophagus,54.909550895373854,54.89784696968565,50,1.0981910179074772
acetylcholine,direct_neighbor_ridge,ovary,71.4731277772415,71.45363582088704,90,0.7941458641915722
acetylcholine,direct_neighbor_ridge,pancreas,104.32151632332892,104.27798053160409,82,1.272213613699133
acetylcholine,direct_neighbor_ridge,skin,140.69426595664876,140.8374025694817,104,1.352829480352392
acetylcholine,direct_neighbor_ridge,soft_tissue,38.149413081095275,38.13442612832989,36,1.0597059189193132
acetylcholine,direct_neighbor_ridge,stomach,39.947235513493744,39.937480846346595,74,0.5398275069391046
acetylcholine,direct_neighbor_ridge,upper_aerodigestive_tract,51.864240827688725,51.90729662059759,60,0.8644040137948121
acetylcholine,direct_neighbor_ridge,urinary_tract,52.490633688877956,52.526881226891796,50,1.049812673777559
aconitate,direct_neighbor_ridge,autonomic_ganglia,17.449176263147105,21.156138623980944,32,0.545286758223347
aconitate,direct_neighbor_ridge,bone,40.22171920804819,43.02342313701088,38,1.0584662949486365
aconitate,direct_neighbor_ridge,breast,105.99027125357625,113.08395533955772,98,1.0815333801385332
aconitate,direct_neighbor_ridge,central_nervous_system,97.57993575508117,115.14224383023384,98,0.9957136301538895
aconitate,direct_neighbor_ridge,endometrium,31.82655172159332,41.46219102832633,56,0.5683312807427379
aconitate,direct_neighbor_ridge,haematopoietic_and_lymphoid_tissue,585.2415043038161,536.5867279465049,326,1.7952193383552641
aconitate,direct_neighbor_ridge,kidney,40.06621902505293,41.305337624127155,46,0.8710047614141941
aconitate,direct_neighbor_ridge,large_intestine,90.78895319847052,93.43009728592288,110,0.8253541199860956
aconitate,direct_neighbor_ridge,liver,63.334173016061705,68.87001494232362,50,1.266683460321234
aconitate,direct_neighbor_ridge,lung,256.894849616953,299.9381910107744,352,0.7298149136845257
aconitate,direct_neighbor_ridge,oesophagus,37.12218950805068,43.533068351731565,50,0.7424437901610136
aconitate,direct_neighbor_ridge,ovary,46.94941152872811,55.84033313491042,90,0.521660128096979
aconitate,direct_neighbor_ridge,pancreas,72.08980161860379,91.00443852293584,82,0.879143922178095
aconitate,direct_neighbor_ridge,skin,84.99148205246311,88.39221726141031,104,0.8172257889659915
aconitate,direct_neighbor_ridge,soft_tissue,41.128452977888344,49.95862375835942,36,1.142457027163565
aconitate,direct_neighbor_ridge,stomach,101.21274702476474,97.48684521500269,74,1.367739824658983
aconitate,direct_neighbor_ridge,upper_aerodigestive_tract,35.38765620531632,43.97616019932545,60,0.5897942700886053
aconitate,direct_neighbor_ridge,urinary_tract,30.655144461472354,35.29789691098174,50,0.6131028892294471
adenine,direct_neighbor_ridge,autonomic_ganglia,53.36330203315693,57.898961864671875,32,1.667603188536154
adenine,direct_neighbor_ridge,bone,28.165649399143007,23.26363964132603,38,0.7412012999774475
adenine,direct_neighbor_ridge,breast,92.8435433101502,104.75384453408847,98,0.9473830950015326
adenine,direct_neighbor_ridge,central_nervous_system,58.564214227725486,66.01585064902538,98,0.5975940227318928
adenine,direct_neighbor_ridge,endometrium,71.96007269233286,75.1273543127937,56,1.2850012980773724
adenine,direct_neighbor_ridge,haematopoietic_and_lymphoid_tissue,391.3343679316663,510.8526568086553,326,1.2004121715695284
adenine,direct_neighbor_ridge,kidney,34.32410051020128,39.918333750847395,46,0.746176098047854
adenine,direct_neighbor_ridge,large_intestine,116.6488456888139,138.74338152667934,110,1.0604440517164901
adenine,direct_neighbor_ridge,liver,29.031201458691214,29.227364717171906,50,0.5806240291738243
adenine,direct_neighbor_ridge,lung,216.816252748085,203.54477033234213,352,0.6159552634888779
adenine,direct_neighbor_ridge,oesophagus,26.7454930177683,25.10309424877233,50,0.534909860355366
adenine,direct_neighbor_ridge,ovary,116.63489838153997,133.88603317030805,90,1.295943315350444
adenine,direct_neighbor_ridge,pancreas,132.07221661889307,141.371852071896,82,1.6106367880352812
adenine,direct_neighbor_ridge,skin,91.26541559954043,90.12670542672161,104,0.8775520730725042
adenine,direct_neighbor_ridge,soft_tissue,18.552943274512277,23.806984158531446,36,0.5153595354031189
adenine,direct_neighbor_ridge,stomach,66.6811165485092,71.45062673491321,74,0.9010961695744486
adenine,direct_neighbor_ridge,upper_aerodigestive_tract,44.288506632371764,63.25817840419706,60,0.7381417772061961
adenine,direct_neighbor_ridge,urinary_tract,75.61181701990635,61.4071621131486,50,1.5122363403981272
adenosine,direct_neighbor_ridge,autonomic_ganglia,16.983936800749706,17.257740252767025,32,0.5307480250234283
adenosine,direct_neighbor_ridge,bone,67.20380071990657,77.07273738524964,38,1.7685210715764885
adenosine,direct_neighbor_ridge,breast,85.26218028012534,92.2557522264633,98,0.8700222477563809
adenosine,direct_neighbor_ridge,central_nervous_system,75.48106380649372,81.58307835788716,98,0.7702149368009563
adenosine,direct_neighbor_ridge,endometrium,67.49782987361182,71.42708335182857,56,1.2053183906002112
adenosine,direct_neighbor_ridge,haematopoietic_and_lymphoid_tissue,263.7727755631269,255.5984441555666,326,0.8091189434451745
adenosine,direct_neighbor_ridge,kidney,32.877347493723065,35.228379622612756,46,0.7147249455157187
adenosine,direct_neighbor_ridge,large_intestine,105.38568240828505,110.7076808743577,110,0.9580516582571368
adenosine,direct_neighbor_ridge,liver,65.5010500524906,67.28172943762347,50,1.310021001049812
adenosine,direct_neighbor_ridge,lung,302.91189586338453,310.1997667869059,352,0.8605451587027969
adenosine,direct_neighbor_ridge,oesophagus,80.60776259477572,81.49460399720425,50,1.6121552518955145
adenosine,direct_neighbor_ridge,ovary,106.16153847687546,101.26301917169239,90,1.1795726497430608
adenosine,direct_neighbor_ridge,pancreas,82.1730527180335,80.98667419279118,82,1.0021103990004085
adenosine,direct_neighbor_ridge,skin,151.20592553965784,155.13548673805846,104,1.4539031301890177
adenosine,direct_neighbor_ridge,soft_tissue,73.95424432076933,74.93928243256796,36,2.054284564465815
adenosine,direct_neighbor_ridge,stomach,68.99439416214945,68.09198349182661,74,0.9323566778668845
adenosine,direct_neighbor_ridge,upper_aerodigestive_tract,48.548248211115364,55.17294302203916,60,0.8091374701852561
adenosine,direct_neighbor_ridge,urinary_tract,70.19186679801663,69.8052282410424,50,1.4038373359603327
alanine,direct_neighbor_ridge,autonomic_ganglia,19.43291996911866,23.089499831099115,32,0.6072787490349582
alanine,direct_neighbor_ridge,bone,14.748679803054909,26.64316876260873,38,0.3881231527119713
alanine,direct_neighbor_ridge,breast,77.88542389245632,82.96913257169436,98,0.7947492233924114
alanine,direct_neighbor_ridge,central_nervous_system,37.985164107603936,85.53417266585544,98,0.38760371538371363
alanine,direct_neighbor_ridge,endometrium,27.990832526008518,60.952694288916106,56,0.49983629510729494
alanine,direct_neighbor_ridge,haematopoietic_and_lymphoid_tissue,403.227441856048,478.6311020838161,326,1.2368939934234602
alanine,direct_neighbor_ridge,kidney,15.545490289182606,27.50621270269501,46,0.33794544106918706
alanine,direct_neighbor_ridge,large_intestine,85.94534148399842,164.88751866260512,110,0.7813212862181674
alanine,direct_neighbor_ridge,liver,41.01290290598075,64.61370015183205,50,0.820258058119615
alanine,direct_neighbor_ridge,lung,180.48697808381408,367.49019348686073,352,0.5127470968290173
alanine,direct_neighbor_ridge,oesophagus,38.72044974343812,34.350824210010664,50,0.7744089948687624
alanine,direct_neighbor_ridge,ovary,62.851176417614866,59.84568194936855,90,0.6983464046401652
alanine,direct_neighbor_ridge,pancreas,23.218052403850958,67.82019691236589,82,0.2831469805347678
alanine,direct_neighbor_ridge,skin,47.65362480517168,93.17992928231165,104,0.4582079308189585
alanine,direct_neighbor_ridge,soft_tissue,12.475737690611977,28.048289044364843,36,0.34654826918366605
alanine,direct_neighbor_ridge,stomach,17.225761909743436,78.75598937323949,74,0.23278056634788427
alanine,direct_neighbor_ridge,upper_aerodigestive_tract,44.00558875352328,51.499982911539945,60,0.733426479225388
alanine,direct_neighbor_ridge,urinary_tract,16.712995476254477,59.589535073453646,50,0.33425990952508955
arginine,direct_neighbor_ridge,autonomic_ganglia,10.790103544252553,20.419695597072042,32,0.33719073575789227
arginine,direct_neighbor_ridge,bone,10.611056774987219,15.018978515847651,38,0.27923833618387417
arginine,direct_neighbor_ridge,breast,50.01571014236132,91.17265232153031,98,0.5103643892077686
arginine,direct_neighbor_ridge,central_nervous_system,49.56903063522526,72.30166719781926,98,0.505806435053319
arginine,direct_neighbor_ridge,endometrium,53.70684459043839,50.706444376820215,56,0.9590507962578284
arginine,direct_neighbor_ridge,haematopoietic_and_lymphoid_tissue,262.9200760922406,541.9594788407371,326,0.8065033008964436
arginine,direct_neighbor_ridge,kidney,18.23615188050535,20.811170372803282,46,0.39643808435881195
arginine,direct_neighbor_ridge,large_intestine,63.27001261066603,114.48808108636429,110,0.5751819328242366
arginine,direct_neighbor_ridge,liver,45.28988411863727,61.44224906764218,50,0.9057976823727454
arginine,direct_neighbor_ridge,lung,257.1110388499061,472.86561234358965,352,0.7304290876417787
arginine,direct_neighbor_ridge,oesophagus,17.522280451977092,33.09495820589126,50,0.35044560903954186
arginine,direct_neighbor_ridge,ovary,32.704890463733825,37.63687465658164,90,0.36338767181926473
arginine,direct_neighbor_ridge,pancreas,47.61114196395498,81.09523640831478,82,0.5806236824872558
arginine,direct_neighbor_ridge,skin,43.30456938410168,60.606692441398884,104,0.41639009023174695
arginine,direct_neighbor_ridge,soft_tissue,45.95256739430611,52.9701127039788,36,1.276460205397392
arginine,direct_neighbor_ridge,stomach,42.19702150093906,89.08630975498839,74,0.5702300202829602
arginine,direct_neighbor_ridge,upper_aerodigestive_tract,24.07100066625887,24.85650164067756,60,0.4011833444376478
arginine,direct_neighbor_ridge,urinary_tract,28.135848695631967,38.72522714517315,50,0.5627169739126393
asparagine,direct_neighbor_ridge,autonomic_ganglia,14.962514292535923,15.136842708697744,32,0.4675785716417476
asparagine,direct_neighbor_ridge,bone,34.94259005988591,35.24592263555744,38,0.9195418436812082
asparagine,direct_neighbor_ridge,breast,108.78893032503184,106.65833863182871,98,1.110091125765631
asparagine,direct_neighbor_ridge,central_nervous_system,190.4299960572395,190.15045488443204,98,1.9431632250738724
asparagine,direct_neighbor_ridge,endometrium,65.72359220672757,66.2205144532516,56,1.1736355751201353
asparagine,direct_neighbor_ridge,haematopoietic_and_lymphoid_tissue,142.7987772535713,136.48890899858543,326,0.43803305906003465
asparagine,direct_neighbor_ridge,kidney,105.45311602253076,105.3108920546143,46,2.29245904396806
asparagine,direct_neighbor_ridge,large_intestine,198.3327671229238,197.4091449972501,110,1.8030251556629435
asparagine,direct_neighbor_ridge,liver,48.65299586193914,48.39931089312142,50,0.9730599172387828
asparagine,direct_neighbor_ridge,lung,292.96502298307,293.04642835193795,352,0.8322869971109944
asparagine,direct_neighbor_ridge,oesophagus,46.686166012369945,45.0014286127975,50,0.9337233202473989
asparagine,direct_neighbor_ridge,ovary,89.6223448766663,89.86678958336473,90,0.995803831962959
asparagine,direct_neighbor_ridge,pancreas,87.42901106329099,87.7092614993141,82,1.0662074519913536
asparagine,direct_neighbor_ridge,skin,154.6805664722244,154.42300731796203,104,1.487313139156004
asparagine,direct_neighbor_ridge,soft_tissue,73.25767748242791,72.70394555017299,36,2.0349354856229973
asparagine,direct_neighbor_ridge,stomach,59.05235971363665,57.007708232434375,74,0.7980048609950898
asparagine,direct_neighbor_ridge,upper_aerodigestive_tract,74.88910435048913,74.86580111669254,60,1.248151739174819
asparagine,direct_neighbor_ridge,urinary_tract,85.56187390216763,85.48189159302245,50,1.7112374780433526
aspartate,direct_neighbor_ridge,autonomic_ganglia,19.009156648474132,17.17623144586339,32,0.5940361452648166
aspartate,direct_neighbor_ridge,bone,42.76908887507203,39.251747644867265,38,1.125502338817685
aspartate,direct_neighbor_ridge,breast,110.11889676895522,113.42038161542135,98,1.1236622119281146
aspartate,direct_neighbor_ridge,central_nervous_system,100.237258832542,116.59261752189498,98,1.0228291717606326
aspartate,direct_neighbor_ridge,endometrium,65.84352823896658,71.93318893557321,56,1.1757772899815462
aspartate,direct_neighbor_ridge,haematopoietic_and_lymphoid_tissue,336.13305501222237,322.44830593709486,326,1.0310829908350378
aspartate,direct_neighbor_ridge,kidney,73.79587505659778,77.24007983553128,46,1.6042581534042994
aspartate,direct_neighbor_ridge,large_intestine,143.53752545334953,149.7640375511704,110,1.3048865950304502
aspartate,direct_neighbor_ridge,liver,65.70203459048207,71.35457844544234,50,1.3140406918096414
aspartate,direct_neighbor_ridge,lung,265.16543690921446,270.8931344156823,352,0.7533109003102684
aspartate,direct_neighbor_ridge,oesophagus,56.20428278031548,61.60674523217737,50,1.1240856556063097
aspartate,direct_neighbor_ridge,ovary,106.30156810916976,104.51522264162212,90,1.1811285345463307
aspartate,direct_neighbor_ridge,pancreas,103.43905774877287,109.91492039561005,82,1.2614519237655228
aspartate,direct_neighbor_ridge,skin,88.89318093308009,87.0054556859795,104,0.8547421243565393
aspartate,direct_neighbor_ridge,soft_tissue,39.72805807987348,38.35551439488721,36,1.1035571688853745
aspartate,direct_neighbor_ridge,stomach,70.52494134699637,68.13609207594341,74,0.9530397479323834
aspartate,direct_neighbor_ridge,upper_aerodigestive_tract,54.44725271730782,52.9791338619717,60,0.9074542119551303
aspartate,direct_neighbor_ridge,urinary_tract,32.26631860329167,35.865520843360805,50,0.6453263720658334
beta-alanine,direct_neighbor_ridge,autonomic_ganglia,23.85769404173304,27.155580360579886,32,0.7455529388041575
beta-alanine,direct_neighbor_ridge,bone,27.07607114788428,39.901350947723415,38,0.712528188102218
beta-alanine,direct_neighbor_ridge,breast,130.1658597865749,157.34294034052164,98,1.3282230590466828
beta-alanine,direct_neighbor_ridge,central_nervous_system,70.63468687859601,92.78485047386592,98,0.7207621110060818
beta-alanine,direct_neighbor_ridge,endometrium,72.69171937872251,80.84785028936237,56,1.2980664174771877
beta-alanine,direct_neighbor_ridge,haematopoietic_and_lymphoid_tissue,218.46117026713324,241.8799418377345,326,0.6701262891629854
beta-alanine,direct_neighbor_ridge,kidney,91.39254980875728,70.11406650302291,46,1.986794561059941
beta-alanine,direct_neighbor_ridge,large_intestine,97.61151157588155,101.23111311434177,110,0.8873773779625596
beta-alanine,direct_neighbor_ridge,liver,43.978775664679794,53.13078698059365,50,0.8795755132935958
beta-alanine,direct_neighbor_ridge,lung,326.15270628791086,391.1708175901135,352,0.9265701883179286
beta-alanine,direct_neighbor_ridge,oesophagus,39.8055335926411,42.13654884543426,50,0.7961106718528219
beta-alanine,direct_neighbor_ridge,ovary,89.80302050026145,97.52528675461429,90,0.997811338891794
beta-alanine,direct_neighbor_ridge,pancreas,63.88734179537123,81.56789169204893,82,0.7791139243337954
beta-alanine,direct_neighbor_ridge,skin,44.45760270205685,72.16575926443952,104,0.42747694905823896
beta-alanine,direct_neighbor_ridge,soft_tissue,33.16742562915278,40.999904503976914,36,0.9213173785875772
beta-alanine,direct_neighbor_ridge,stomach,77.25908666798635,96.56587813792835,74,1.0440417117295453
beta-alanine,direct_neighbor_ridge,upper_aerodigestive_tract,38.315575162295985,55.582242672384176,60,0.6385929193715998
beta-alanine,direct_neighbor_ridge,urinary_tract,34.815991454173194,42.63861686366154,50,0.6963198290834639
betaine,direct_neighbor_ridge,autonomic_ganglia,27.035908083537173,31.59509117749247,32,0.8448721276105366
betaine,direct_neighbor_ridge,bone,19.356009254494825,28.4677462376888,38,0.5093686645919691
betaine,direct_neighbor_ridge,breast,97.32818901314891,114.13265292053791,98,0.9931447858484583
betaine,direct_neighbor_ridge,central_nervous_system,36.4435871010578,37.76813594031321,98,0.37187333776589593
betaine,direct_neighbor_ridge,endometrium,54.815546695289854,54.12303175344165,56,0.9788490481301759
betaine,direct_neighbor_ridge,haematopoietic_and_lymphoid_tissue,540.8175266546548,673.8330308332752,326,1.6589494682658121
betaine,direct_neighbor_ridge,kidney,15.30425644460343,16.74802240309998,46,0.3327012270565963
betaine,direct_neighbor_ridge,large_intestine,156.68761770330988,186.63802893901297,110,1.424432888211908
betaine,direct_neighbor_ridge,liver,59.278280667722356,70.36456208355474,50,1.1855656133544472
betaine,direct_neighbor_ridge,lung,409.1381288722266,428.3583531784592,352,1.1623242297506438
betaine,direct_neighbor_ridge,oesophagus,17.306278556380818,24.079170951412507,50,0.3461255711276163
betaine,direct_neighbor_ridge,ovary,34.56441714055977,43.56103042823341,90,0.384049079339553
betaine,direct_neighbor_ridge,pancreas,37.70615892292648,50.213645833492855,82,0.45983120637715214
betaine,direct_neighbor_ridge,skin,27.378939853115433,29.19898154741583,104,0.26325903704918685
betaine,direct_neighbor_ridge,soft_tissue,81.53843101867645,58.40601425182145,36,2.264956417185457
betaine,direct_neighbor_ridge,stomach,36.64830191221836,50.425515802918476,74,0.4952473231380859
betaine,direct_neighbor_ridge,upper_aerodigestive_tract,22.823497835626046,22.11900502644344,60,0.38039163059376746
betaine,direct_neighbor_ridge,urinary_tract,22.274716859820654,22.648337748710848,50,0.44549433719641307
cAMP,direct_neighbor_ridge,autonomic_ganglia,20.4451725239581,20.296808561421255,32,0.6389116413736906
cAMP,direct_neighbor_ridge,bone,36.227201553124395,35.499520630365694,38,0.9533474092927472
cAMP,direct_neighbor_ridge,breast,136.07507602147842,136.3842477695486,98,1.388521183892637
cAMP,direct_neighbor_ridge,central_nervous_system,52.438082617737315,52.49054482073651,98,0.535082475691197
cAMP,direct_neighbor_ridge,endometrium,51.1542799352173,51.98990068687109,56,0.9134692845574518
cAMP,direct_neighbor_ridge,haematopoietic_and_lymphoid_tissue,501.34982453442444,503.88818827842647,326,1.5378828973448602
cAMP,direct_neighbor_ridge,kidney,29.498736108086003,29.41173432492039,46,0.6412768719149131
cAMP,direct_neighbor_ridge,large_intestine,108.92626917391907,109.56026330964401,110,0.9902388106719915
cAMP,direct_neighbor_ridge,liver,33.85042953145547,34.01537668704064,50,0.6770085906291093
cAMP,direct_neighbor_ridge,lung,377.4645269288782,378.1439873372851,352,1.0723424060479494
cAMP,direct_neighbor_ridge,oesophagus,28.37800076540524,28.600123350441393,50,0.5675600153081048
cAMP,direct_neighbor_ridge,ovary,81.7291107541593,83.10313884378255,90,0.90810123060177
cAMP,direct_neighbor_ridge,pancreas,52.67120492585963,53.63542182004924,82,0.642331767388532
cAMP,direct_neighbor_ridge,skin,157.7336123468973,154.94864815789347,104,1.5166693494893972
cAMP,direct_neighbor_ridge,soft_tissue,20.245174998911295,20.497205798559875,36,0.5623659721919805
cAMP,direct_neighbor_ridge,stomach,42.428655757923444,41.607558727800274,74,0.5733602129449114
cAMP,direct_neighbor_ridge,upper_aerodigestive_tract,45.50665956410679,44.760014213368116,60,0.7584443260684465
cAMP,direct_neighbor_ridge,urinary_tract,54.28966539322926,53.77486928593575,50,1.0857933078645852
carnosine,direct_neighbor_ridge,autonomic_ganglia,29.84390402081645,29.28009046008644,32,0.932622000650514
carnosine,direct_neighbor_ridge,bone,48.177401862797694,45.067295409121414,38,1.2678263648104657
carnosine,direct_neighbor_ridge,breast,99.96320884547015,101.43686525685138,98,1.020032743321124
carnosine,direct_neighbor_ridge,central_nervous_system,74.46177824892494,60.093663702431186,98,0.7598140637645402
carnosine,direct_neighbor_ridge,endometrium,38.60995523349319,38.926289710088476,56,0.6894634863123784
carnosine,direct_neighbor_ridge,haematopoietic_and_lymphoid_tissue,1300.531125022307,1212.5700774442041,326,3.9893592792095305
carnosine,direct_neighbor_ridge,kidney,18.421469824503987,16.088168500154858,46,0.4004667353153041
carnosine,direct_neighbor_ridge,large_intestine,88.84265846438399,96.96249413782826,110,0.8076605314943999
carnosine,direct_neighbor_ridge,liver,43.95449368104644,33.306569473789544,50,0.8790898736209288
carnosine,direct_neighbor_ridge,lung,299.8006430082708,310.4660676425657,352,0.8517063721825875
carnosine,direct_neighbor_ridge,oesophagus,19.44004549726867,15.566670363795744,50,0.3888009099453734
carnosine,direct_neighbor_ridge,ovary,80.56059581641875,86.3204218663058,90,0.8951177312935417
carnosine,direct_neighbor_ridge,pancreas,63.73660530164316,61.4837844490474,82,0.7772756744102824
carnosine,direct_neighbor_ridge,skin,40.80316609845825,41.70673084932338,104,0.39233813556209857
carnosine,direct_neighbor_ridge,soft_tissue,39.657023441314166,42.50881951679851,36,1.101583984480949
carnosine,direct_neighbor_ridge,stomach,83.52433539733748,76.60817159219197,74,1.1287072350991552
carnosine,direct_neighbor_ridge,upper_aerodigestive_tract,20.202875249143535,20.952962034589223,60,0.3367145874857256
carnosine,direct_neighbor_ridge,urinary_tract,15.700219936390253,13.634684300945606,50,0.31400439872780506
choline,direct_neighbor_ridge,autonomic_ganglia,8.726182382438349,10.448102850250764,32,0.2726931994511984
choline,direct_neighbor_ridge,bone,60.285095789985746,60.06740501799859,38,1.5864498892101513
choline,direct_neighbor_ridge,breast,42.406231396165786,45.01673124809979,98,0.4327166468996509
choline,direct_neighbor_ridge,central_nervous_system,58.717216344746134,60.12067000628494,98,0.5991552688239401
choline,direct_neighbor_ridge,endometrium,103.16042667750531,104.7573908083379,56,1.8421504763840235
choline,direct_neighbor_ridge,haematopoietic_and_lymphoid_tissue,421.0471674060269,237.71073632125004,326,1.2915557282393464
choline,direct_neighbor_ridge,kidney,21.01962197592364,22.546935569678475,46,0.45694830382442697
choline,direct_neighbor_ridge,large_intestine,89.21816759473684,90.55228342525487,110,0.811074250861244
choline,direct_neighbor_ridge,liver,160.4372519596604,155.05271697967362,50,3.2087450391932077
choline,direct_neighbor_ridge,lung,396.5283964591282,388.9325131457225,352,1.1265011263043414
choline,direct_neighbor_ridge,oesophagus,35.12446239388335,31.81559706259283,50,0.702489247877667
choline,direct_neighbor_ridge,ovary,55.70129566928103,57.3216545918251,90,0.6189032852142337
choline,direct_neighbor_ridge,pancreas,117.3934557891997,121.82389196356861,82,1.4316275096243867
choline,direct_neighbor_ridge,skin,143.39564388755878,148.21403191199536,104,1.3788042681496036
choline,direct_neighbor_ridge,soft_tissue,19.30250805894828,19.250593298838595,36,0.53618077941523
choline,direct_neighbor_ridge,stomach,105.02366839831869,104.86884102188029,74,1.4192387621394418
choline,direct_neighbor_ridge,upper_aerodigestive_tract,36.61280863757925,36.35796826674986,60,0.6102134772929875
choline,direct_neighbor_ridge,urinary_tract,105.52814228760055,107.5805291079323,50,2.110562845752011
citrate,direct_neighbor_ridge,autonomic_ganglia,39.755701387716954,37.844314516277365,32,1.2423656683661548
citrate,direct_neighbor_ridge,bone,27.664527408023904,36.352858081436864,38,0.7280138791585238
citrate,direct_neighbor_ridge,breast,115.42024322569837,121.39721528874728,98,1.1777575839356977
citrate,direct_neighbor_ridge,central_nervous_system,101.01380561185404,99.65757029022703,98,1.0307531184883065
citrate,direct_neighbor_ridge,endometrium,34.911136195062674,34.295205967414994,56,0.6234131463404049
citrate,direct_neighbor_ridge,haematopoietic_and_lymphoid_tissue,705.7414026574,752.374670654528,326,2.1648509283969326
citrate,direct_neighbor_ridge,kidney,25.462644298295963,32.565104058860776,46,0.5535357456151296
citrate,direct_neighbor_ridge,large_intestine,88.01805597638423,98.30618958866987,110,0.8001641452398567
citrate,direct_neighbor_ridge,liver,55.977683282995265,62.0004405714531,50,1.1195536656599052
citrate,direct_neighbor_ridge,lung,258.30204859329217,278.3892600719381,352,0.7338126380491254
citrate,direct_neighbor_ridge,oesophagus,22.862282480986277,29.943650891141065,50,0.4572456496197255
citrate,direct_neighbor_ridge,ovary,39.587228744489934,37.44420484303684,90,0.4398580971609993
citrate,direct_neighbor_ridge,pancreas,69.66378653086447,75.94529182738415,82,0.8495583723276154
citrate,direct_neighbor_ridge,skin,77.85798066347313,65.10853763043978,104,0.7486344294564724
citrate,direct_neighbor_ridge,soft_tissue,31.704863303712195,33.72724556493904,36,0.8806906473253387
citrate,direct_neighbor_ridge,stomach,79.33635505430694,81.67839892520078,74,1.072112906139283
citrate,direct_neighbor_ridge,upper_aerodigestive_tract,28.003346211533078,35.244912783007734,60,0.46672243685888465
citrate,direct_neighbor_ridge,urinary_tract,22.373260545050783,30.45171230240248,50,0.44746521090101565
citrulline,direct_neighbor_ridge,autonomic_ganglia,8.561422152229573,26.956380435993758,32,0.26754444225717416
citrulline,direct_neighbor_ridge,bone,12.463465059779526,25.676798625150315,38,0.327985922625777
citrulline,direct_neighbor_ridge,breast,55.2780425371535,126.85741430360807,98,0.5640616585423827
citrulline,direct_neighbor_ridge,central_nervous_system,67.87357639738578,106.20368241203039,98,0.6925875142590385
citrulline,direct_neighbor_ridge,endometrium,23.41491478975536,53.15730850982486,56,0.41812347838848857
citrulline,direct_neighbor_ridge,haematopoietic_and_lymphoid_tissue,381.75284784821616,605.8818994587248,326,1.1710210056693748
citrulline,direct_neighbor_ridge,kidney,12.710777066651556,32.185545035359766,46,0.2763212405793816
citrulline,direct_neighbor_ridge,large_intestine,76.39081334489099,87.77807277964598,110,0.6944619394990089
citrulline,direct_neighbor_ridge,liver,30.446044967743134,53.66789528810695,50,0.6089208993548627
citrulline,direct_neighbor_ridge,lung,216.74399928022657,391.2164638643016,352,0.6157499979551891
citrulline,direct_neighbor_ridge,oesophagus,39.29573607906319,30.063328612878916,50,0.7859147215812637
citrulline,direct_neighbor_ridge,ovary,34.973403698279846,79.96959430092173,90,0.3885933744253316
citrulline,direct_neighbor_ridge,pancreas,34.78880365974884,64.15702662603245,82,0.42425370316766875
citrulline,direct_neighbor_ridge,skin,27.28170942415396,41.127379727288805,104,0.26232412907840347
citrulline,direct_neighbor_ridge,soft_tissue,17.073301404426218,35.00083688041383,36,0.4742583723451727
citrulline,direct_neighbor_ridge,stomach,35.67181561354173,62.21333707386258,74,0.48205156234515856
citrulline,direct_neighbor_ridge,upper_aerodigestive_tract,23.897468584753163,29.796277138760836,60,0.39829114307921937
citrulline,direct_neighbor_ridge,urinary_tract,17.59610838519242,21.785793525147866,50,0.3519221677038484
cytidine,direct_neighbor_ridge,autonomic_ganglia,89.1249435171221,88.53327134339168,32,2.785154484910066
cytidine,direct_neighbor_ridge,bone,28.82167344942431,29.028282846054417,38,0.7584650907743239
cytidine,direct_neighbor_ridge,breast,94.62066761169355,90.69338596418714,98,0.9655170164458525
cytidine,direct_neighbor_ridge,central_nervous_system,43.25440056390009,44.540444905077486,98,0.4413714343255111
cytidine,direct_neighbor_ridge,endometrium,40.68885937160113,38.782164928279066,56,0.7265867744928773
cytidine,direct_neighbor_ridge,haematopoietic_and_lymphoid_tissue,868.3038615944237,881.217395748793,326,2.6635087778970052
cytidine,direct_neighbor_ridge,kidney,30.4078662985685,23.211968488564597,46,0.6610405717080109
cytidine,direct_neighbor_ridge,large_intestine,130.63900521975643,121.45142356421029,110,1.187627320179604
cytidine,direct_neighbor_ridge,liver,38.02883077350057,37.20430157396657,50,0.7605766154700114
cytidine,direct_neighbor_ridge,lung,266.388310781561,257.64078784222585,352,0.7567849738112529
cytidine,direct_neighbor_ridge,oesophagus,56.77701915008135,55.40872783044671,50,1.135540383001627
cytidine,direct_neighbor_ridge,ovary,58.00975465791781,58.20209469657201,90,0.6445528295324201
cytidine,direct_neighbor_ridge,pancreas,80.11376386973316,80.46586253743045,82,0.9769971203625996
cytidine,direct_neighbor_ridge,skin,67.03415701110323,65.56595311133827,104,0.6445592020298387
cytidine,direct_neighbor_ridge,soft_tissue,31.267491159337787,31.872118404016465,36,0.8685414210927163
cytidine,direct_neighbor_ridge,stomach,64.19244442513528,63.58885528798008,74,0.8674654652045308
cytidine,direct_neighbor_ridge,upper_aerodigestive_tract,71.6979402809876,76.06074801544645,60,1.1949656713497931
cytidine,direct_neighbor_ridge,urinary_tract,40.56326497852924,42.847087694650796,50,0.8112652995705848
dimethylglycine,direct_neighbor_ridge,autonomic_ganglia,19.262162858401,28.37578223436372,32,0.6019425893250312
dimethylglycine,direct_neighbor_ridge,bone,8.854252980883366,24.894316933060765,38,0.23300665739166754
dimethylglycine,direct_neighbor_ridge,breast,50.07967899589692,106.47209363339256,98,0.5110171326111931
dimethylglycine,direct_neighbor_ridge,central_nervous_system,56.16400966895694,96.42997959664116,98,0.5731021394791525
dimethylglycine,direct_neighbor_ridge,endometrium,25.56935409805896,48.63914869796666,56,0.45659560889391
dimethylglycine,direct_neighbor_ridge,haematopoietic_and_lymphoid_tissue,462.9095638920023,728.4037362840984,326,1.41996798739878
dimethylglycine,direct_neighbor_ridge,kidney,26.639449998682316,27.307804750980637,46,0.5791184782322243
dimethylglycine,direct_neighbor_ridge,large_intestine,50.75653158454394,91.87690829833963,110,0.46142301440494493
dimethylglycine,direct_neighbor_ridge,liver,37.10784206345389,55.34401412771776,50,0.7421568412690778
dimethylglycine,direct_neighbor_ridge,lung,286.19766238193625,423.861114859025,352,0.8130615408577735
dimethylglycine,direct_neighbor_ridge,oesophagus,23.409176848694532,21.626683288182704,50,0.46818353697389065
dimethylglycine,direct_neighbor_ridge,ovary,50.71730865059178,88.57290041360964,90,0.563525651673242
dimethylglycine,direct_neighbor_ridge,pancreas,48.40114976088718,71.27757638973233,82,0.5902579239132583
dimethylglycine,direct_neighbor_ridge,skin,33.73387808433717,37.252565808105736,104,0.3243642123493959
dimethylglycine,direct_neighbor_ridge,soft_tissue,37.88365049045449,30.163030156665126,36,1.052323624734847
dimethylglycine,direct_neighbor_ridge,stomach,39.340467901458474,74.77451120454074,74,0.5316279446143037
dimethylglycine,direct_neighbor_ridge,upper_aerodigestive_tract,28.1622920039541,29.542757868404752,60,0.469371533399235
dimethylglycine,direct_neighbor_ridge,urinary_tract,15.031362014722466,14.570967160635634,50,0.3006272402944493
glucuronate,direct_neighbor_ridge,autonomic_ganglia,12.11041641937346,13.656932867705866,32,0.3784505131054206
glucuronate,direct_neighbor_ridge,bone,16.843777385318045,19.65013104880602,38,0.44325729961363275
glucuronate,direct_neighbor_ridge,breast,72.79239631616382,75.64507790911131,98,0.7427795542465696
glucuronate,direct_neighbor_ridge,central_nervous_system,60.10265382812498,78.66276754841896,98,0.6132923860012753
glucuronate,direct_neighbor_ridge,endometrium,31.86756839928196,40.35863248587207,56,0.5690637214157493
glucuronate,direct_neighbor_ridge,haematopoietic_and_lymphoid_tissue,1023.9319708188094,1051.996142948738,326,3.140895616008618
glucuronate,direct_neighbor_ridge,kidney,24.916394976034837,27.5388384124715,46,0.5416607603485835
glucuronate,direct_neighbor_ridge,large_intestine,52.74995060870197,56.908303966053246,110,0.4795450055336543
glucuronate,direct_neighbor_ridge,liver,24.73315270786447,27.457641131343774,50,0.4946630541572894
glucuronate,direct_neighbor_ridge,lung,263.6008887683918,304.35017690493146,352,0.7488661612738404
glucuronate,direct_neighbor_ridge,oesophagus,19.271073178570184,25.134227780637175,50,0.38542146357140367
glucuronate,direct_neighbor_ridge,ovary,35.695129452444725,42.196046076360666,90,0.39661254947160807
glucuronate,direct_neighbor_ridge,pancreas,51.79399761466546,69.0082383119491,82,0.6316341172520178
glucuronate,direct_neighbor_ridge,skin,45.42952618794606,51.72102471939011,104,0.436822367191789
glucuronate,direct_neighbor_ridge,soft_tissue,14.42641050260172,21.214563453751364,36,0.40073362507227
glucuronate,direct_neighbor_ridge,stomach,50.877482965161576,49.7714820284511,74,0.6875335535832645
glucuronate,direct_neighbor_ridge,upper_aerodigestive_tract,33.85551179720804,42.41040653035355,60,0.5642585299534673
glucuronate,direct_neighbor_ridge,urinary_tract,32.25871236724527,41.806276043042395,50,0.6451742473449055
glutamate,direct_neighbor_ridge,autonomic_ganglia,18.11139417669335,17.884780646834365,32,0.5659810680216671
glutamate,direct_neighbor_ridge,bone,21.619243530881484,30.68821572279227,38,0.5689274613389864
glutamate,direct_neighbor_ridge,breast,248.4344260909955,297.23453838673845,98,2.5350451641938316
glutamate,direct_neighbor_ridge,central_nervous_system,104.44729087266133,119.91697022332326,98,1.0657886823740952
glutamate,direct_neighbor_ridge,endometrium,38.307462054771875,43.0017062007455,56,0.6840618224066406
glutamate,direct_neighbor_ridge,haematopoietic_and_lymphoid_tissue,535.5437533273775,460.64089116443927,326,1.6427722494704833
glutamate,direct_neighbor_ridge,kidney,56.44960704304879,52.754906592371604,46,1.2271653705010608
glutamate,direct_neighbor_ridge,large_intestine,127.70571401402759,145.61438134861365,110,1.16096103649116
glutamate,direct_neighbor_ridge,liver,114.22055256811608,127.76259223207654,50,2.2844110513623215
glutamate,direct_neighbor_ridge,lung,211.1320823863315,247.78253389728505,352,0.5998070522338963
glutamate,direct_neighbor_ridge,oesophagus,13.698935100806334,12.578419279297668,50,0.2739787020161267
glutamate,direct_neighbor_ridge,ovary,57.13853662648424,53.766944339431284,90,0.6348726291831582
glutamate,direct_neighbor_ridge,pancreas,50.04794043362352,49.09091708197224,82,0.6103407369954088
glutamate,direct_neighbor_ridge,skin,67.22570930723025,65.73260780739935,104,0.64640105103106
glutamate,direct_neighbor_ridge,soft_tissue,20.924357010693246,18.055365260274602,36,0.5812321391859235
glutamate,direct_neighbor_ridge,stomach,82.09686619432088,78.93267848220165,74,1.109417110734066
glutamate,direct_neighbor_ridge,upper_aerodigestive_tract,37.19331554149259,28.8585825407158,60,0.6198885923582098
glutamate,direct_neighbor_ridge,urinary_tract,36.75925502699667,43.998029857175176,50,0.7351851005399334
glutamine,direct_neighbor_ridge,autonomic_ganglia,16.531716855210156,17.73809693594835,32,0.5166161517253174
glutamine,direct_neighbor_ridge,bone,30.891201671574898,33.32546453808344,38,0.8129263597782868
glutamine,direct_neighbor_ridge,breast,42.032834586888065,60.52285620622036,98,0.4289064753764088
glutamine,direct_neighbor_ridge,central_nervous_system,93.31968535163217,98.62226834071858,98,0.9522416872615528
glutamine,direct_neighbor_ridge,endometrium,75.87543268390436,65.00195482965954,56,1.3549184407840065
glutamine,direct_neighbor_ridge,haematopoietic_and_lymphoid_tissue,314.27009079040556,432.1924754103308,326,0.964018683406152
glutamine,direct_neighbor_ridge,kidney,52.20873433711518,47.65303485857338,46,1.1349724855894605
glutamine,direct_neighbor_ridge,large_intestine,161.0895981778587,176.81803468766097,110,1.4644508925259883
glutamine,direct_neighbor_ridge,liver,104.37515375605636,93.92670786555531,50,2.0875030751211274
glutamine,direct_neighbor_ridge,lung,265.4901123300068,276.7294330629547,352,0.7542332736647921
glutamine,direct_neighbor_ridge,oesophagus,10.20237861084842,10.215492440738693,50,0.2040475722169684
glutamine,direct_neighbor_ridge,ovary,68.9663754771864,77.76634057783211,90,0.7662930608576267
glutamine,direct_neighbor_ridge,pancreas,64.91844714998754,74.2409176577061,82,0.7916883798778969
glutamine,direct_neighbor_ridge,skin,70.1547534096463,74.32240966791385,104,0.6745649366312144
glutamine,direct_neighbor_ridge,soft_tissue,24.267851100798936,24.986487506844135,36,0.6741069750221926
glutamine,direct_neighbor_ridge,stomach,88.08568246437967,106.93035309769125,74,1.190347060329455
glutamine,direct_neighbor_ridge,upper_aerodigestive_tract,39.25810865521936,47.772038867676514,60,0.6543018109203227
glutamine,direct_neighbor_ridge,urinary_tract,64.37636511222601,73.47347019164614,50,1.2875273022445202
glycine,direct_neighbor_ridge,autonomic_ganglia,13.64936114712167,11.286199975381846,32,0.4265425358475522
glycine,direct_neighbor_ridge,bone,89.1000199437186,102.05159215932598,38,2.344737366939963
glycine,direct_neighbor_ridge,breast,49.360810559481365,53.098498274836174,98,0.5036817404028711
glycine,direct_neighbor_ridge,central_nervous_system,117.80331525019544,120.53337169894951,98,1.2020746454101576
glycine,direct_neighbor_ridge,endometrium,108.30774448125842,110.24179770181917,56,1.9340668657367577
glycine,direct_neighbor_ridge,haematopoietic_and_lymphoid_tissue,186.04846673480375,189.10407870379953,326,0.5707008182049195
glycine,direct_neighbor_ridge,kidney,67.59052950345155,65.57592730469655,46,1.4693593370315554
glycine,direct_neighbor_ridge,large_intestine,169.83532281701054,173.64667185884713,110,1.5439574801546412
glycine,direct_neighbor_ridge,liver,100.49423372069764,111.46376215693958,50,2.0098846744139527
glycine,direct_neighbor_ridge,lung,295.3304123952922,308.4408853782585,352,0.8390068533957166
glycine,direct_neighbor_ridge,oesophagus,58.4498942214927,54.35536268587594,50,1.1689978844298539
glycine,direct_neighbor_ridge,ovary,59.52737788096328,60.53763801568016,90,0.6614153097884808
glycine,direct_neighbor_ridge,pancreas,68.03593046059555,71.65572920652322,82,0.829706469031653
glycine,direct_neighbor_ridge,skin,92.56980476012853,93.78066528001993,104,0.8900942765396974
glycine,direct_neighbor_ridge,soft_tissue,67.82123418296499,63.038504514075335,36,1.8839231717490275
glycine,direct_neighbor_ridge,stomach,75.36077462790767,69.34186170075002,74,1.0183888463230766
glycine,direct_neighbor_ridge,upper_aerodigestive_tract,38.12606606218545,46.66941269749037,60,0.6354344343697576
glycine,direct_neighbor_ridge,urinary_tract,88.21400622818211,93.68840199981967,50,1.7642801245636424
guanosine,direct_neighbor_ridge,autonomic_ganglia,52.39901630428823,52.224022554678,32,1.6374692595090072
guanosine,direct_neighbor_ridge,bone,55.06694916731221,55.36028218657023,38,1.4491302412450582
guanosine,direct_neighbor_ridge,breast,82.72120307797486,82.74799651134627,98,0.8440939089589272
guanosine,direct_neighbor_ridge,central_nervous_system,160.7446449158547,162.4320853463253,98,1.6402514787332112
guanosine,direct_neighbor_ridge,endometrium,60.497687625674224,59.252078544237584,56,1.0803158504584682
guanosine,direct_neighbor_ridge,haematopoietic_and_lymphoid_tissue,233.2118867762075,234.51508772888812,326,0.7153738858165875
guanosine,direct_neighbor_ridge,kidney,39.26164679137916,39.79644278291816,46,0.8535140606821556
guanosine,direct_neighbor_ridge,large_intestine,134.15915329113355,131.5834855936937,110,1.2196286662830322
guanosine,direct_neighbor_ridge,liver,48.38222914899818,48.229002213484634,50,0.9676445829799636
guanosine,direct_neighbor_ridge,lung,344.18520767651836,342.7814427232185,352,0.9777988854446544
guanosine,direct_neighbor_ridge,oesophagus,73.34881160804511,66.57265278362907,50,1.4669762321609021
guanosine,direct_neighbor_ridge,ovary,71.49931497192252,71.83149003798675,90,0.7944368330213613
guanosine,direct_neighbor_ridge,pancreas,54.646378294597774,56.142579083135004,82,0.6664192474950948
guanosine,direct_neighbor_ridge,skin,203.18136774776494,204.15392519996078,104,1.9536669975746628
guanosine,direct_neighbor_ridge,soft_tissue,39.48274863347214,39.51126758154456,36,1.0967430175964483
guanosine,direct_neighbor_ridge,stomach,95.08695191395093,89.16564311487066,74,1.2849588096479856
guanosine,direct_neighbor_ridge,upper_aerodigestive_tract,29.740727816818765,29.594765003075565,60,0.4956787969469794
guanosine,direct_neighbor_ridge,urinary_tract,43.69762759279536,43.698852299716684,50,0.8739525518559071
histidine,direct_neighbor_ridge,autonomic_ganglia,28.18265370660483,36.403516029872485,32,0.880707928331401
histidine,direct_neighbor_ridge,bone,30.472321075122608,29.204159591233246,38,0.8019031861874371
histidine,direct_neighbor_ridge,breast,53.818718669777496,87.60094784746114,98,0.549170598671199
histidine,direct_neighbor_ridge,central_nervous_system,129.2913847618621,76.88961855745991,98,1.319299844508797
histidine,direct_neighbor_ridge,endometrium,18.40224939397989,43.33070677310896,56,0.32861159632106945
histidine,direct_neighbor_ridge,haematopoietic_and_lymphoid_tissue,565.2353947613221,919.2165462067455,326,1.7338509041758348
histidine,direct_neighbor_ridge,kidney,22.415112973640014,24.721920698936955,46,0.4872850646443481
histidine,direct_neighbor_ridge,large_intestine,113.27942899260154,168.18139783832893,110,1.029812990841832
histidine,direct_neighbor_ridge,liver,42.12415888282642,44.631682432734515,50,0.8424831776565285
histidine,direct_neighbor_ridge,lung,261.13161797680795,363.706302468809,352,0.7418511874341135
histidine,direct_neighbor_ridge,oesophagus,17.333068075401542,13.579654260943327,50,0.34666136150803084
histidine,direct_neighbor_ridge,ovary,41.52144282814904,58.96622011689066,90,0.46134936475721156
histidine,direct_neighbor_ridge,pancreas,41.56214981722535,30.329336202167784,82,0.5068554855759189
histidine,direct_neighbor_ridge,skin,42.72290051012684,67.05758267762819,104,0.4107971202896812
histidine,direct_neighbor_ridge,soft_tissue,40.962379097270855,43.45410639988698,36,1.1378438638130792
histidine,direct_neighbor_ridge,stomach,44.95328645815583,48.39933374619394,74,0.6074768440291328
histidine,direct_neighbor_ridge,upper_aerodigestive_tract,38.14161145634181,40.88891077267308,60,0.6356935242723636
histidine,direct_neighbor_ridge,urinary_tract,41.096003923604066,55.64760353374382,50,0.8219200784720813
homocysteine,direct_neighbor_ridge,autonomic_ganglia,27.698859922546802,24.141431190199697,32,0.8655893725795876
homocysteine,direct_neighbor_ridge,bone,39.24117788941821,42.33921517020665,38,1.0326625760373214
homocysteine,direct_neighbor_ridge,breast,76.13164298015806,75.65375228945449,98,0.7768534997975313
homocysteine,direct_neighbor_ridge,central_nervous_system,84.99192395677065,97.4595293647346,98,0.867264530171129
homocysteine,direct_neighbor_ridge,endometrium,43.62030405745645,43.98250557822242,56,0.7789340010260081
homocysteine,direct_neighbor_ridge,haematopoietic_and_lymphoid_tissue,444.7041568972554,334.2170238648355,326,1.3641231806664276
homocysteine,direct_neighbor_ridge,kidney,28.941967672259263,31.243996551610078,46,0.6291732102665057
homocysteine,direct_neighbor_ridge,large_intestine,142.81302216029383,151.52377236481996,110,1.2983002014572167
homocysteine,direct_neighbor_ridge,liver,20.242854858272278,21.83486751641966,50,0.40485709716544555
homocysteine,direct_neighbor_ridge,lung,325.71521089181533,327.2979779009977,352,0.9253273036699299
homocysteine,direct_neighbor_ridge,oesophagus,40.15657924867618,42.13531524915373,50,0.8031315849735237
homocysteine,direct_neighbor_ridge,ovary,68.20112545218807,64.9615904435199,90,0.7577902828020896
homocysteine,direct_neighbor_ridge,pancreas,89.65176676472512,92.20708152929657,82,1.0933142288381112
homocysteine,direct_neighbor_ridge,skin,159.1227799411587,164.627096253268,104,1.5300267302034491
homocysteine,direct_neighbor_ridge,soft_tissue,47.39487165153742,46.73531618210813,36,1.3165242125427061
homocysteine,direct_neighbor_ridge,stomach,99.26391351977789,99.61010809945972,74,1.3414042367537553
homocysteine,direct_neighbor_ridge,upper_aerodigestive_tract,52.85467053000611,56.88555936811435,60,0.8809111755001019
homocysteine,direct_neighbor_ridge,urinary_tract,59.47143326661331,61.079555185686985,50,1.189428665332266
hypoxanthine,direct_neighbor_ridge,autonomic_ganglia,48.54671875501529,46.81003054446879,32,1.5170849610942279
hypoxanthine,direct_neighbor_ridge,bone,32.71447802989524,33.869479348858974,38,0.8609073165761906
hypoxanthine,direct_neighbor_ridge,breast,82.08865012732846,77.09299854519368,98,0.8376392870135557
hypoxanthine,direct_neighbor_ridge,central_nervous_system,116.45341775912601,127.08172437388374,98,1.1883001812155716
hypoxanthine,direct_neighbor_ridge,endometrium,47.31534446219468,52.36349605466948,56,0.8449168653963336
hypoxanthine,direct_neighbor_ridge,haematopoietic_and_lymphoid_tissue,377.9242498886265,417.30105167080467,326,1.159276840149161
hypoxanthine,direct_neighbor_ridge,kidney,30.851272462620614,28.526105977590127,46,0.6706798361439263
hypoxanthine,direct_neighbor_ridge,large_intestine,134.26878314674212,142.94296284228122,110,1.2206253013340194
hypoxanthine,direct_neighbor_ridge,liver,44.64054821128508,42.67671707055951,50,0.8928109642257016
hypoxanthine,direct_neighbor_ridge,lung,359.8874053073731,352.5966379003855,352,1.0224074014414009
hypoxanthine,direct_neighbor_ridge,oesophagus,57.05085428959959,59.54067048983085,50,1.141017085791992
hypoxanthine,direct_neighbor_ridge,ovary,72.03597750750791,73.43105643234294,90,0.8003997500834212
hypoxanthine,direct_neighbor_ridge,pancreas,75.32202130261305,80.91707389763172,82,0.9185612353977202
hypoxanthine,direct_neighbor_ridge,skin,101.21779902012958,100.24631483545119,104,0.9732480675012459
hypoxanthine,direct_neighbor_ridge,soft_tissue,30.63883992910626,32.81050730777413,36,0.8510788869196184
hypoxanthine,direct_neighbor_ridge,stomach,65.16010213891052,65.6667495576617,74,0.8805419207960881
hypoxanthine,direct_neighbor_ridge,upper_aerodigestive_tract,63.47148105492918,72.403490285959,60,1.057858017582153
hypoxanthine,direct_neighbor_ridge,urinary_tract,27.672559442567746,30.471579780779738,50,0.5534511888513549
inosine,direct_neighbor_ridge,autonomic_ganglia,49.034264097672256,48.17505654427296,32,1.532320753052258
inosine,direct_neighbor_ridge,bone,49.62071280164411,49.903773602137015,38,1.3058082316222135
inosine,direct_neighbor_ridge,breast,74.09015138459105,73.20905678065458,98,0.7560219529039903
inosine,direct_neighbor_ridge,central_nervous_system,77.94864097334063,69.28803701436968,98,0.795394295646333
inosine,direct_neighbor_ridge,endometrium,43.89364613846052,49.14838510834445,56,0.7838151096153664
inosine,direct_neighbor_ridge,haematopoietic_and_lymphoid_tissue,375.22463419910315,399.49410384819714,326,1.1509958104266969
inosine,direct_neighbor_ridge,kidney,47.57320812128196,39.272089421840775,46,1.0342001765496078
inosine,direct_neighbor_ridge,large_intestine,127.13945869229016,133.03991423145715,110,1.1558132608390015
inosine,direct_neighbor_ridge,liver,39.92744442207225,40.39239609364602,50,0.798548888441445
inosine,direct_neighbor_ridge,lung,438.15530399731193,451.96998691320056,352,1.2447593863559998
inosine,direct_neighbor_ridge,oesophagus,78.57532469026523,77.99357719746178,50,1.5715064938053047
inosine,direct_neighbor_ridge,ovary,40.6504065724375,40.035441730184644,90,0.4516711841381944
inosine,direct_neighbor_ridge,pancreas,66.28708980890246,71.65119465306098,82,0.8083791440110056
inosine,direct_neighbor_ridge,skin,100.014215285399,89.11352419642628,104,0.9616751469749905
inosine,direct_neighbor_ridge,soft_tissue,12.294398898373093,12.65907631611945,36,0.34151108051036366
inosine,direct_neighbor_ridge,stomach,100.6878715760403,101.33125665374071,74,1.3606469131897336
inosine,direct_neighbor_ridge,upper_aerodigestive_tract,29.299463963552956,30.857356127885314,60,0.4883243993925493
inosine,direct_neighbor_ridge,urinary_tract,33.9515490965741,37.047255393347726,50,0.6790309819314819
inositol,direct_neighbor_ridge,autonomic_ganglia,6.95983713858065,7.483763308192955,32,0.21749491058064532
inositol,direct_neighbor_ridge,bone,34.55541862906297,43.85644667630355,38,0.9093531218174465
inositol,direct_neighbor_ridge,breast,105.65884948221115,111.21234535461247,98,1.0781515253286853
inositol,direct_neighbor_ridge,central_nervous_system,84.53024771800963,87.03474490100693,98,0.8625535481429555
inositol,direct_neighbor_ridge,endometrium,70.8330559088909,84.8482067518926,56,1.2648759983730518
inositol,direct_neighbor_ridge,haematopoietic_and_lymphoid_tissue,405.9528727073741,382.5069011582972,326,1.2452542107588163
inositol,direct_neighbor_ridge,kidney,32.18485351581249,29.027711909642196,46,0.6996707286046194
inositol,direct_neighbor_ridge,large_intestine,111.98277778707231,123.17458166354228,110,1.0180252526097482
inositol,direct_neighbor_ridge,liver,80.50649058770136,80.56480353963683,50,1.6101298117540273
inositol,direct_neighbor_ridge,lung,241.44336902588148,253.1611965327462,352,0.6859186620053451
inositol,direct_neighbor_ridge,oesophagus,37.24226682264833,45.941249080401185,50,0.7448453364529667
inositol,direct_neighbor_ridge,ovary,92.3742951242215,98.16941174408352,90,1.0263810569357945
inositol,direct_neighbor_ridge,pancreas,72.8096807906345,77.95253701504959,82,0.8879229364711525
inositol,direct_neighbor_ridge,skin,167.03238306066228,164.66288858440592,104,1.606080606352522
inositol,direct_neighbor_ridge,soft_tissue,33.879217515499676,36.26413045266661,36,0.9410893754305465
inositol,direct_neighbor_ridge,stomach,58.242033844040805,63.38037004942292,74,0.7870545114059568
inositol,direct_neighbor_ridge,upper_aerodigestive_tract,32.10529148607769,32.978086947938316,60,0.5350881914346282
inositol,direct_neighbor_ridge,urinary_tract,61.44136863605155,64.86964146144484,50,1.228827372721031
isocitrate,direct_neighbor_ridge,autonomic_ganglia,26.376188386046678,26.112212122513586,32,0.8242558870639587
isocitrate,direct_neighbor_ridge,bone,23.405877819119837,36.8765006239022,38,0.6159441531347326
isocitrate,direct_neighbor_ridge,breast,80.32039176994314,107.1059357149613,98,0.819595834387175
isocitrate,direct_neighbor_ridge,central_nervous_system,70.2011393287015,97.60721837866232,98,0.7163381564153214
isocitrate,direct_neighbor_ridge,endometrium,28.15983181046664,38.09011813596171,56,0.5028541394726186
isocitrate,direct_neighbor_ridge,haematopoietic_and_lymphoid_tissue,636.053838373183,653.1346269881255,326,1.95108539378277
isocitrate,direct_neighbor_ridge,kidney,35.3856251271869,40.65785734604586,46,0.7692527201562369
isocitrate,direct_neighbor_ridge,large_intestine,58.19977521052392,80.59821863114456,110,0.5290888655502174
isocitrate,direct_neighbor_ridge,liver,27.089498124045736,51.237387566468755,50,0.5417899624809147
isocitrate,direct_neighbor_ridge,lung,222.36629071117335,277.58784822228347,352,0.6317224167931061
isocitrate,direct_neighbor_ridge,oesophagus,21.551909931763223,22.167268043168974,50,0.4310381986352645
isocitrate,direct_neighbor_ridge,ovary,43.61782037024379,49.030449985918324,90,0.4846424485582643
isocitrate,direct_neighbor_ridge,pancreas,73.54767316193309,83.20798166273573,82,0.8969228434382084
isocitrate,direct_neighbor_ridge,skin,66.32442579722115,72.9075606585253,104,0.6377348634348188
isocitrate,direct_neighbor_ridge,soft_tissue,37.07031226857358,51.500218200672606,36,1.0297308963492662
isocitrate,direct_neighbor_ridge,stomach,71.95731533400507,100.1333475788621,74,0.9723961531622307
isocitrate,direct_neighbor_ridge,upper_aerodigestive_tract,33.52343347415484,39.29168841839046,60,0.558723891235914
isocitrate,direct_neighbor_ridge,urinary_tract,31.84345746065618,35.67839730664943,50,0.6368691492131235
isoleucine,direct_neighbor_ridge,autonomic_ganglia,25.22541671259111,30.103273530298768,32,0.7882942722684722
isoleucine,direct_neighbor_ridge,bone,14.10463831181641,26.286105635355987,38,0.3711746924162213
isoleucine,direct_neighbor_ridge,breast,56.00615923552707,70.10659404675569,98,0.5714914207706844
isoleucine,direct_neighbor_ridge,central_nervous_system,50.23829231213152,69.7969121067918,98,0.5126356358380767
isoleucine,direct_neighbor_ridge,endometrium,48.95534419669572,49.93271106124534,56,0.874202574940995
isoleucine,direct_neighbor_ridge,haematopoietic_and_lymphoid_tissue,387.36070601812906,627.0534503746735,326,1.188223024595488
isoleucine,direct_neighbor_ridge,kidney,11.800793033288718,24.783796660491113,46,0.25653897898453737
isoleucine,direct_neighbor_ridge,large_intestine,82.78616856776968,107.18019763501597,110,0.7526015324342697
isoleucine,direct_neighbor_ridge,liver,49.34059869351079,44.83748360937226,50,0.9868119738702158
isoleucine,direct_neighbor_ridge,lung,371.5186507036679,440.97871712167205,352,1.0554507122263292
isoleucine,direct_neighbor_ridge,oesophagus,10.472519248872516,14.216700057961763,50,0.2094503849774503
isoleucine,direct_neighbor_ridge,ovary,68.46000813822594,81.7097913472025,90,0.7606667570913994
isoleucine,direct_neighbor_ridge,pancreas,63.610556194742074,72.61437386196867,82,0.7757384901797814
isoleucine,direct_neighbor_ridge,skin,44.425461728859176,60.61704501729017,104,0.42716790123903053
isoleucine,direct_neighbor_ridge,soft_tissue,75.4071996179741,80.1976778821274,36,2.094644433832614
isoleucine,direct_neighbor_ridge,stomach,56.76893280078949,52.76310743349265,74,0.7671477405512094
isoleucine,direct_neighbor_ridge,upper_aerodigestive_tract,38.81926738536923,54.36261584065088,60,0.6469877897561538
isoleucine,direct_neighbor_ridge,urinary_tract,77.06979374399943,85.02531124252579,50,1.5413958748799885
kynurenine,direct_neighbor_ridge,autonomic_ganglia,23.878660383229445,22.740356259298725,32,0.7462081369759201
kynurenine,direct_neighbor_ridge,bone,41.59430971044186,42.25613234320605,38,1.0945870976432068
kynurenine,direct_neighbor_ridge,breast,102.62507947096888,104.70217694063977,98,1.0471946884792744
kynurenine,direct_neighbor_ridge,central_nervous_system,168.0450362624829,167.248884508982,98,1.7147452679845194
kynurenine,direct_neighbor_ridge,endometrium,29.544224604951317,30.207128559254663,56,0.5275754393741307
kynurenine,direct_neighbor_ridge,haematopoietic_and_lymphoid_tissue,291.1026853067287,296.4622366487638,326,0.8929530224132782
kynurenine,direct_neighbor_ridge,kidney,40.51664877434322,41.110197193085696,46,0.8807967124857221
kynurenine,direct_neighbor_ridge,large_intestine,102.4177859124328,102.78531732027052,110,0.9310707810221164
kynurenine,direct_neighbor_ridge,liver,79.33614371718583,81.77139223579366,50,1.5867228743437167
kynurenine,direct_neighbor_ridge,lung,277.41112386947304,275.65942890883525,352,0.7880997837200939
kynurenine,direct_neighbor_ridge,oesophagus,30.771361934970155,32.569040023802565,50,0.6154272386994031
kynurenine,direct_neighbor_ridge,ovary,158.79959509217963,155.34965166877146,90,1.7644399454686626
kynurenine,direct_neighbor_ridge,pancreas,113.1555345106378,111.38148271015444,82,1.3799455428126561
kynurenine,direct_neighbor_ridge,skin,98.893887642163,97.81283329804934,104,0.9509027657900287
kynurenine,direct_neighbor_ridge,soft_tissue,17.826964217071044,16.878618193953734,36,0.49519345047419566
kynurenine,direct_neighbor_ridge,stomach,63.464585774979724,62.42373452212467,74,0.857629537499726
kynurenine,direct_neighbor_ridge,upper_aerodigestive_tract,70.6169220571208,69.85119321333907,60,1.1769487009520134
kynurenine,direct_neighbor_ridge,urinary_tract,59.4153177413315,57.965662915228656,50,1.18830635482663
leucine,direct_neighbor_ridge,autonomic_ganglia,4.21819462475516,44.39401504380479,32,0.13181858202359875
leucine,direct_neighbor_ridge,bone,2.7098836188905593,35.15672894024065,38,0.07131272681290945
leucine,direct_neighbor_ridge,breast,5.433757621526018,89.6856850034243,98,0.05544650634210223
leucine,direct_neighbor_ridge,central_nervous_system,3.7273114518985797,86.09427601685573,98,0.03803379032549571
leucine,direct_neighbor_ridge,endometrium,6.7934507976693705,37.50388777750932,56,0.12131162138695305
leucine,direct_neighbor_ridge,haematopoietic_and_lymphoid_tissue,43.001367907909795,966.9964555400786,326,0.13190603652733066
leucine,direct_neighbor_ridge,kidney,2.143434753879763,30.302132119365695,46,0.04659640769303833
leucine,direct_neighbor_ridge,large_intestine,23.787915123710352,98.82120414047279,110,0.2162537738519123
leucine,direct_neighbor_ridge,liver,4.063740360147717,59.71711084041577,50,0.08127480720295434
leucine,direct_neighbor_ridge,lung,47.31303276740333,374.9985676648406,352,0.13441202490739582
leucine,direct_neighbor_ridge,oesophagus,15.662484029046002,15.5529595619441,50,0.31324968058092006
leucine,direct_neighbor_ridge,ovary,8.464410786153863,54.29801100995483,90,0.09404900873504292
leucine,direct_neighbor_ridge,pancreas,4.671288051728366,39.20462101543679,82,0.056966927460102026
leucine,direct_neighbor_ridge,skin,4.220983904795998,65.30123849641238,104,0.040586383699961516
leucine,direct_neighbor_ridge,soft_tissue,9.972967518408902,36.263348432508344,36,0.2770268755113584
leucine,direct_neighbor_ridge,stomach,11.548198325403307,40.167348884420285,74,0.15605673412707172
leucine,direct_neighbor_ridge,upper_aerodigestive_tract,1.8143873212341797,61.991325895604824,60,0.030239788687236327
leucine,direct_neighbor_ridge,urinary_tract,15.682472869782318,50.09134759129472,50,0.31364945739564637
lysine,direct_neighbor_ridge,autonomic_ganglia,30.197792623684737,31.881697357456588,32,0.943681019490148
lysine,direct_neighbor_ridge,bone,42.44477555567005,45.12194575709871,38,1.1169677777807907
lysine,direct_neighbor_ridge,breast,84.74719053838993,75.06701829686159,98,0.864767250391734
lysine,direct_neighbor_ridge,central_nervous_system,90.39000779694462,92.48198715657074,98,0.9223470183361695
lysine,direct_neighbor_ridge,endometrium,35.885099966948246,40.28951730006323,56,0.6408053565526473
lysine,direct_neighbor_ridge,haematopoietic_and_lymphoid_tissue,1052.5286858903528,1061.410130477398,326,3.228615600890653
lysine,direct_neighbor_ridge,kidney,45.74833237276119,42.10813851663326,46,0.9945289646252433
lysine,direct_neighbor_ridge,large_intestine,103.3398271363045,110.388950819427,110,0.9394529739664046
lysine,direct_neighbor_ridge,liver,45.72874147980945,41.525141708316376,50,0.914574829596189
lysine,direct_neighbor_ridge,lung,282.3177774123657,290.496973593029,352,0.8020391403760389
lysine,direct_neighbor_ridge,oesophagus,15.426252096271146,18.949115345992233,50,0.3085250419254229
lysine,direct_neighbor_ridge,ovary,69.01869833659482,72.99080204691398,90,0.7668744259621647
lysine,direct_neighbor_ridge,pancreas,33.619983926584624,33.354020798557556,82,0.40999980398273933
lysine,direct_neighbor_ridge,skin,96.21803007854055,99.90670558929557,104,0.9251733661398129
lysine,direct_neighbor_ridge,soft_tissue,16.554662815398032,18.95489232072659,36,0.45985174487216757
lysine,direct_neighbor_ridge,stomach,49.52954420629342,53.430291665730365,74,0.6693181649499111
lysine,direct_neighbor_ridge,upper_aerodigestive_tract,79.46243783625373,71.59857881603938,60,1.324373963937562
lysine,direct_neighbor_ridge,urinary_tract,48.58361128522325,46.58361596460328,50,0.971672225704465
malate,direct_neighbor_ridge,autonomic_ganglia,17.87604245017837,19.84121264258016,32,0.5586263265680741
malate,direct_neighbor_ridge,bone,24.888684563507365,35.2913998855552,38,0.6549653832501938
malate,direct_neighbor_ridge,breast,75.8253208108016,111.75384653000741,98,0.7737277633755265
malate,direct_neighbor_ridge,central_nervous_system,112.35505300397038,151.50743371592282,98,1.1464801326935754
malate,direct_neighbor_ridge,endometrium,21.94578326088428,27.694892468244685,56,0.391888986801505
malate,direct_neighbor_ridge,haematopoietic_and_lymphoid_tissue,734.200357919473,741.3984866626931,326,2.2521483371762976
malate,direct_neighbor_ridge,kidney,16.185618303002503,21.831080252394923,46,0.35186126745657614
malate,direct_neighbor_ridge,large_intestine,58.11766340968879,82.80526041968886,110,0.5283423946335344
malate,direct_neighbor_ridge,liver,44.74377220548265,70.74039821213101,50,0.894875444109653
malate,direct_neighbor_ridge,lung,189.15808285243912,244.90712254551394,352,0.5373809171944294
malate,direct_neighbor_ridge,oesophagus,50.236940520125906,52.36317309374923,50,1.0047388104025181
malate,direct_neighbor_ridge,ovary,42.28579652853622,50.324431706736874,90,0.4698421836504024
malate,direct_neighbor_ridge,pancreas,67.89962304487241,61.86464749486163,82,0.8280441834740538
malate,direct_neighbor_ridge,skin,34.21094050426507,47.02010175430008,104,0.32895135100254874
malate,direct_neighbor_ridge,soft_tissue,27.778194110861044,26.65505158076134,36,0.7716165030794735
malate,direct_neighbor_ridge,stomach,37.637706868586726,53.52319456626257,74,0.5086176603863071
malate,direct_neighbor_ridge,upper_aerodigestive_tract,32.21307221469847,32.097003176607664,60,0.5368845369116412
malate,direct_neighbor_ridge,urinary_tract,25.670426567479893,32.36008683217915,50,0.5134085313495979
methionine,direct_neighbor_ridge,autonomic_ganglia,24.137144330179684,28.913798916867744,32,0.7542857603181151
methionine,direct_neighbor_ridge,bone,17.13834516676889,29.0827344418866,38,0.4510090833360234
methionine,direct_neighbor_ridge,breast,60.33784138140365,82.3544720281677,98,0.6156922589939148
methionine,direct_neighbor_ridge,central_nervous_system,64.3485482950893,81.32677635191394,98,0.6566178397458092
methionine,direct_neighbor_ridge,endometrium,30.01011449930379,34.98199169494261,56,0.5358949017732819
methionine,direct_neighbor_ridge,haematopoietic_and_lymphoid_tissue,419.8394894924518,850.6833644378879,326,1.287851194762122
methionine,direct_neighbor_ridge,kidney,12.351472072776028,24.871540197090734,46,0.26851026245165277
methionine,direct_neighbor_ridge,large_intestine,107.7962045440935,160.7036962504014,110,0.9799654958553955
methionine,direct_neighbor_ridge,liver,43.75611727866194,56.329269100195816,50,0.8751223455732388
methionine,direct_neighbor_ridge,lung,327.00028581411357,412.6077429716564,352,0.9289780846991863
methionine,direct_neighbor_ridge,oesophagus,43.849169294330025,34.995761697852615,50,0.8769833858866005
methionine,direct_neighbor_ridge,ovary,48.911068827567085,60.302741265706544,90,0.543456320306301
methionine,direct_neighbor_ridge,pancreas,19.875595346085,31.76311467840428,82,0.24238530909859757
methionine,direct_neighbor_ridge,skin,40.85112449837765,52.09326254598395,104,0.392799274022862
methionine,direct_neighbor_ridge,soft_tissue,15.73869614628992,17.00843877766209,36,0.43718600406360886
methionine,direct_neighbor_ridge,stomach,51.02366461555767,47.787916490601255,74,0.6895089812913199
methionine,direct_neighbor_ridge,upper_aerodigestive_tract,39.57599193589248,59.30356234777404,60,0.659599865598208
methionine,direct_neighbor_ridge,urinary_tract,42.127492036243794,53.99798264426069,50,0.8425498407248759
ornithine,direct_neighbor_ridge,autonomic_ganglia,21.922912507251365,24.20233199152689,32,0.6850910158516051
ornithine,direct_neighbor_ridge,bone,23.572863729111955,23.78239036045597,38,0.6203385191871567
ornithine,direct_neighbor_ridge,breast,116.39170886414617,136.65277685340993,98,1.1876704986137363
ornithine,direct_neighbor_ridge,central_nervous_system,84.79754738003956,75.13709965446118,98,0.8652810957146894
ornithine,direct_neighbor_ridge,endometrium,34.34111914865622,37.690592756360665,56,0.6132342705117182
ornithine,direct_neighbor_ridge,haematopoietic_and_lymphoid_tissue,377.9644119493547,432.79919136147794,326,1.1594000366544623
ornithine,direct_neighbor_ridge,kidney,26.922089827768747,28.887275428275192,46,0.5852628223427988
ornithine,direct_neighbor_ridge,large_intestine,91.50148397929487,107.18317782538425,110,0.8318316725390443
ornithine,direct_neighbor_ridge,liver,57.7451865933206,49.40550452580338,50,1.154903731866412
ornithine,direct_neighbor_ridge,lung,331.7742813427999,387.9725214548,352,0.9425405719965906
ornithine,direct_neighbor_ridge,oesophagus,33.93066873363162,32.17885560097294,50,0.6786133746726324
ornithine,direct_neighbor_ridge,ovary,50.22031235995071,66.14263132589384,90,0.558003470666119
ornithine,direct_neighbor_ridge,pancreas,110.28613057032055,114.45189429201847,82,1.3449528118331775
ornithine,direct_neighbor_ridge,skin,72.75120469184111,71.46057253323757,104,0.699530814344626
ornithine,direct_neighbor_ridge,soft_tissue,46.8359572095925,49.35991946470628,36,1.3009988113775695
ornithine,direct_neighbor_ridge,stomach,76.21982007678659,81.45877637922891,74,1.0299975686052243
ornithine,direct_neighbor_ridge,upper_aerodigestive_tract,33.87318311261966,36.30973854854841,60,0.5645530518769942
ornithine,direct_neighbor_ridge,urinary_tract,45.09721177181649,40.41019744274121,50,0.9019442354363298
oxalate,direct_neighbor_ridge,autonomic_ganglia,64.09750944853869,65.13371588314762,32,2.003047170266834
oxalate,direct_neighbor_ridge,bone,22.199967710094107,24.235981648505714,38,0.5842096765814239
oxalate,direct_neighbor_ridge,breast,48.62401128497139,51.83671677835306,98,0.4961633804588917
oxalate,direct_neighbor_ridge,central_nervous_system,58.298175825071404,64.16699160238674,98,0.5948793451537898
oxalate,direct_neighbor_ridge,endometrium,27.995737351327215,31.516249813879714,56,0.49992388127370024
oxalate,direct_neighbor_ridge,haematopoietic_and_lymphoid_tissue,1244.1152649736246,1398.1810092187347,326,3.8163044937841244
oxalate,direct_neighbor_ridge,kidney,11.750685395557344,13.196191210170026,46,0.2554496825121162
oxalate,direct_neighbor_ridge,large_intestine,63.55987270561467,63.755623052996526,110,0.577817024596497
oxalate,direct_neighbor_ridge,liver,31.102629181882637,34.17624167959782,50,0.6220525836376527
oxalate,direct_neighbor_ridge,lung,352.16942346800244,388.9351539817884,352,1.0004813166704614
oxalate,direct_neighbor_ridge,oesophagus,36.22241864686524,38.952283142046454,50,0.7244483729373049
oxalate,direct_neighbor_ridge,ovary,43.43867707742184,52.589556737849804,90,0.48265196752690936
oxalate,direct_neighbor_ridge,pancreas,62.47432460664101,67.03440783936315,82,0.7618820073980611
oxalate,direct_neighbor_ridge,skin,73.85509977955303,79.72197389214911,104,0.7101451901880099
oxalate,direct_neighbor_ridge,soft_tissue,13.538919684604217,16.50719366614892,36,0.37608110235011716
oxalate,direct_neighbor_ridge,stomach,66.09761522734844,60.546576586683464,74,0.8932110165857897
oxalate,direct_neighbor_ridge,upper_aerodigestive_tract,31.075449449104944,35.7764519754928,60,0.5179241574850824
oxalate,direct_neighbor_ridge,urinary_tract,13.561887410499494,14.286636548781939,50,0.2712377482099899
phenylalanine,direct_neighbor_ridge,autonomic_ganglia,19.409577437257454,32.883887805091,32,0.6065492949142954
phenylalanine,direct_neighbor_ridge,bone,21.100322158373583,43.353491615857514,38,0.5552716357466733
phenylalanine,direct_neighbor_ridge,breast,54.69684341822313,79.2381257718854,98,0.5581310552879911
phenylalanine,direct_neighbor_ridge,central_nervous_system,66.33713847936038,97.10900074327829,98,0.6769095763200038
phenylalanine,direct_neighbor_ridge,endometrium,39.551322971254535,44.09012037384953,56,0.7062736244866882
phenylalanine,direct_neighbor_ridge,haematopoietic_and_lymphoid_tissue,320.65448096888997,824.3965004380756,326,0.9836027023585582
phenylalanine,direct_neighbor_ridge,kidney,21.49086716192756,33.80246346163484,46,0.46719276438972956
phenylalanine,direct_neighbor_ridge,large_intestine,68.24828095336052,122.2883955299115,110,0.6204389177578229
phenylalanine,direct_neighbor_ridge,liver,24.03312046849743,50.70855418082585,50,0.4806624093699486
phenylalanine,direct_neighbor_ridge,lung,187.54324965130832,301.52322827389344,352,0.5327933228730349
phenylalanine,direct_neighbor_ridge,oesophagus,73.50937966604748,57.29084618165158,50,1.4701875933209496
phenylalanine,direct_neighbor_ridge,ovary,47.86770444473107,65.17211395277127,90,0.5318633827192341
phenylalanine,direct_neighbor_ridge,pancreas,43.619059138489426,31.809028186611467,82,0.5319397455913345
phenylalanine,direct_neighbor_ridge,skin,65.34545845560135,92.32034037413429,104,0.6283217159192437
phenylalanine,direct_neighbor_ridge,soft_tissue,13.91175553568336,34.11501280443619,36,0.3864376537689822
phenylalanine,direct_neighbor_ridge,stomach,45.40782948334496,44.076389746569326,74,0.6136193173424995
phenylalanine,direct_neighbor_ridge,upper_aerodigestive_tract,54.03628423367453,89.54168842810118,60,0.9006047372279088
phenylalanine,direct_neighbor_ridge,urinary_tract,55.094437208864946,67.09726795095955,50,1.1018887441772989
proline,direct_neighbor_ridge,autonomic_ganglia,8.565316226104898,14.851342600204786,32,0.26766613206577805
proline,direct_neighbor_ridge,bone,31.052928809426664,63.64269608513686,38,0.8171823370901754
proline,direct_neighbor_ridge,breast,83.31036225332211,130.37337346306262,98,0.850105737278797
proline,direct_neighbor_ridge,central_nervous_system,61.30506270055276,90.80170767429978,98,0.6255618642913547
proline,direct_neighbor_ridge,endometrium,30.262919409300682,38.69978582498739,56,0.5404092751660836
proline,direct_neighbor_ridge,haematopoietic_and_lymphoid_tissue,278.7186126298018,347.7986155673416,326,0.8549650694165699
proline,direct_neighbor_ridge,kidney,65.95136608766475,49.66055024137207,46,1.4337253497318425
proline,direct_neighbor_ridge,large_intestine,83.71268025082739,101.08423107165589,110,0.7610243659166126
proline,direct_neighbor_ridge,liver,95.48740028427395,144.4775675251946,50,1.909748005685479
proline,direct_neighbor_ridge,lung,207.71237156665057,296.7321389298876,352,0.5900919646779846
proline,direct_neighbor_ridge,oesophagus,21.796568156781177,33.53053781388453,50,0.43593136313562353
proline,direct_neighbor_ridge,ovary,50.13499841623112,52.33719061857071,90,0.5570555379581236
proline,direct_neighbor_ridge,pancreas,52.97700167922522,67.38497030206499,82,0.6460609960881124
proline,direct_neighbor_ridge,skin,58.99832871364723,77.27747029163636,104,0.567291622246608
proline,direct_neighbor_ridge,soft_tissue,44.41743173010163,62.28622844133294,36,1.2338175480583786
proline,direct_neighbor_ridge,stomach,31.574246226519676,46.70378051569512,74,0.4266790030610767
proline,direct_neighbor_ridge,upper_aerodigestive_tract,54.55433057028025,78.84812531002007,60,0.9092388428380042
proline,direct_neighbor_ridge,urinary_tract,51.86649940866051,85.8436694734423,50,1.03732998817321
putrescine,direct_neighbor_ridge,autonomic_ganglia,31.625506518541478,32.80564405161942,32,0.9882970787044212
putrescine,direct_neighbor_ridge,bone,65.667506109352,67.54345195929112,38,1.728092266035579
putrescine,direct_neighbor_ridge,breast,117.98647326235255,123.34587402425223,98,1.203943604717883
putrescine,direct_neighbor_ridge,central_nervous_system,64.59588758294538,66.79668392506133,98,0.659141710030055
putrescine,direct_neighbor_ridge,endometrium,34.40300499333309,36.2143355200959,56,0.614339374880948
putrescine,direct_neighbor_ridge,haematopoietic_and_lymphoid_tissue,392.2908107821215,360.51215434202265,326,1.203346045343931
putrescine,direct_neighbor_ridge,kidney,22.358160248956025,22.20819765061692,46,0.4860469619338266
putrescine,direct_neighbor_ridge,large_intestine,73.4546799630849,74.71061081494351,110,0.6677698178462264
putrescine,direct_neighbor_ridge,liver,29.654636238617186,32.65906768909892,50,0.5930927247723438
putrescine,direct_neighbor_ridge,lung,396.13674546217237,393.38184680231024,352,1.125388481426626
putrescine,direct_neighbor_ridge,oesophagus,44.49939695600692,43.72126823028973,50,0.8899879391201384
putrescine,direct_neighbor_ridge,ovary,64.86336637063775,66.68374864987031,90,0.7207040707848639
putrescine,direct_neighbor_ridge,pancreas,63.02375539268509,68.31530039204806,82,0.768582382837623
putrescine,direct_neighbor_ridge,skin,179.4061746310417,188.1488369571319,104,1.725059371452324
putrescine,direct_neighbor_ridge,soft_tissue,54.2652403796635,55.15993603908142,36,1.5073677883239862
putrescine,direct_neighbor_ridge,stomach,38.815390784896344,42.187856607444594,74,0.5245323079040046
putrescine,direct_neighbor_ridge,upper_aerodigestive_tract,38.127316520267634,35.28488354354974,60,0.6354552753377939
putrescine,direct_neighbor_ridge,urinary_tract,76.0435341663973,77.65923459243206,50,1.520870683327946
sarcosine,direct_neighbor_ridge,autonomic_ganglia,8.945489294759216,10.436573288503475,32,0.2795465404612255
sarcosine,direct_neighbor_ridge,bone,36.615236564138904,46.70910057603611,38,0.9635588569510238
sarcosine,direct_neighbor_ridge,breast,125.26593049623585,114.49658578195168,98,1.2782237805738352
sarcosine,direct_neighbor_ridge,central_nervous_system,108.06035890613842,124.58030359008715,98,1.1026567235320246
sarcosine,direct_neighbor_ridge,endometrium,23.878101361475665,43.054625206265285,56,0.4263946671692083
sarcosine,direct_neighbor_ridge,haematopoietic_and_lymphoid_tissue,269.4753737932729,266.0008781323397,326,0.8266115760529844
sarcosine,direct_neighbor_ridge,kidney,60.73406849160054,43.891502201989134,46,1.3203058367739247
sarcosine,direct_neighbor_ridge,large_intestine,102.3565982352345,122.3289667312412,110,0.9305145294112227
sarcosine,direct_neighbor_ridge,liver,66.09137654308483,64.91665427745896,50,1.3218275308616967
sarcosine,direct_neighbor_ridge,lung,344.4626924832563,358.28220566972027,352,0.9785871945547054
sarcosine,direct_neighbor_ridge,oesophagus,64.47457142324086,79.22506105962552,50,1.2894914284648171
sarcosine,direct_neighbor_ridge,ovary,32.154331395711495,30.840397312630667,90,0.3572703488412388
sarcosine,direct_neighbor_ridge,pancreas,69.01230641000318,79.79872311019193,82,0.8416134928049168
sarcosine,direct_neighbor_ridge,skin,118.95257401816693,130.0362720702842,104,1.143774750174682
sarcosine,direct_neighbor_ridge,soft_tissue,19.440403756525555,23.71976779707796,36,0.5400112154590432
sarcosine,direct_neighbor_ridge,stomach,97.65186062607786,113.62603614287417,74,1.3196197381902415
sarcosine,direct_neighbor_ridge,upper_aerodigestive_tract,55.60534178900775,62.63616997783069,60,0.9267556964834626
sarcosine,direct_neighbor_ridge,urinary_tract,55.066747223654524,65.80103433149141,50,1.1013349444730904
serine,direct_neighbor_ridge,autonomic_ganglia,17.436591463007098,22.457745119340622,32,0.5448934832189718
serine,direct_neighbor_ridge,bone,63.63500483930521,74.20347849613246,38,1.6746053905080318
serine,direct_neighbor_ridge,breast,46.893411143904544,79.4329487572832,98,0.4785041953459647
serine,direct_neighbor_ridge,central_nervous_system,149.23001260192095,143.58582374390951,98,1.5227552306318464
serine,direct_neighbor_ridge,endometrium,46.415924919455456,48.55693926636733,56,0.8288558021331331
serine,direct_neighbor_ridge,haematopoietic_and_lymphoid_tissue,244.87605600163394,319.6259193427835,326,0.751153546017282
serine,direct_neighbor_ridge,kidney,29.976922740066986,25.892952063749295,46,0.651672233479717
serine,direct_neighbor_ridge,large_intestine,160.65549343329425,152.48525233052905,110,1.4605044857572205
serine,direct_neighbor_ridge,liver,65.05729481412035,51.059178306437936,50,1.3011458962824072
serine,direct_neighbor_ridge,lung,362.87192543108074,391.79353957520755,352,1.030886151792843
serine,direct_neighbor_ridge,oesophagus,19.562164672357635,29.887029294871272,50,0.3912432934471527
serine,direct_neighbor_ridge,ovary,38.71116871685223,60.45175937716083,90,0.4301240968539136
serine,direct_neighbor_ridge,pancreas,65.88506370000788,70.05839294573168,82,0.8034763865854619
serine,direct_neighbor_ridge,skin,77.18107432878824,84.75476825230903,104,0.742125714699887
serine,direct_neighbor_ridge,soft_tissue,43.79720524673413,44.97720378924979,36,1.2165890346315036
serine,direct_neighbor_ridge,stomach,36.18917853600507,44.99636913851757,74,0.4890429531892577
serine,direct_neighbor_ridge,upper_aerodigestive_tract,28.822650890267084,39.97374456345512,60,0.48037751483778474
serine,direct_neighbor_ridge,urinary_tract,89.02449388110996,88.35510441081385,50,1.7804898776221991
taurine,direct_neighbor_ridge,autonomic_ganglia,30.307595439026656,24.757053655703878,32,0.947112357469583
taurine,direct_neighbor_ridge,bone,21.975499746033766,27.674710411936626,38,0.5783026248956255
taurine,direct_neighbor_ridge,breast,113.38239466568025,130.85724849327485,98,1.1569632108742882
taurine,direct_neighbor_ridge,central_nervous_system,57.219154484585154,64.9369588389751,98,0.5838689233120934
taurine,direct_neighbor_ridge,endometrium,57.237813687108776,55.657101615166454,56,1.0221038158412281
taurine,direct_neighbor_ridge,haematopoietic_and_lymphoid_tissue,404.9545132173148,394.09712546496564,326,1.2421917583353215
taurine,direct_neighbor_ridge,kidney,25.161725314324343,37.147372208279,46,0.5469940285722683
taurine,direct_neighbor_ridge,large_intestine,72.24079906537501,69.90813817239447,110,0.6567345369579547
taurine,direct_neighbor_ridge,liver,69.31727668993732,77.21604221896419,50,1.3863455337987463
taurine,direct_neighbor_ridge,lung,274.1525608622319,310.6621067145945,352,0.7788425024495225
taurine,direct_neighbor_ridge,oesophagus,29.37099520984455,25.936571784560044,50,0.587419904196891
taurine,direct_neighbor_ridge,ovary,149.0921611220782,146.95191107953394,90,1.6565795680230913
taurine,direct_neighbor_ridge,pancreas,53.41084303471066,62.56935341964211,82,0.6513517443257397
taurine,direct_neighbor_ridge,skin,53.428856105237315,63.41980522209097,104,0.5137390010118973
taurine,direct_neighbor_ridge,soft_tissue,77.50954483150544,74.70869138762853,36,2.153042911986262
taurine,direct_neighbor_ridge,stomach,55.53967802098766,63.09475998170571,74,0.7505361894728062
taurine,direct_neighbor_ridge,upper_aerodigestive_tract,121.26731597435764,116.35859217286846,60,2.021121932905961
taurine,direct_neighbor_ridge,urinary_tract,57.172756435544066,60.557971463180245,50,1.1434551287108814
taurocholate,direct_neighbor_ridge,autonomic_ganglia,22.04147712523358,22.144156459582295,32,0.6887961601635494
taurocholate,direct_neighbor_ridge,bone,49.64051560530466,52.56115141287511,38,1.3063293580343331
taurocholate,direct_neighbor_ridge,breast,57.31621919030937,58.11098658614519,98,0.5848593794929527
taurocholate,direct_neighbor_ridge,central_nervous_system,45.31330859951868,45.40676848128772,98,0.4623806999950886
taurocholate,direct_neighbor_ridge,endometrium,82.38106621644322,83.85097457297267,56,1.4710904681507717
taurocholate,direct_neighbor_ridge,haematopoietic_and_lymphoid_tissue,652.4570330143983,648.6893811830165,326,2.001401941761958
taurocholate,direct_neighbor_ridge,kidney,32.81966041014817,33.56335961287344,46,0.7134708784814819
taurocholate,direct_neighbor_ridge,large_intestine,107.37429791235088,108.15121489005797,110,0.9761299810213717
taurocholate,direct_neighbor_ridge,liver,34.231299827261964,36.38628899915363,50,0.6846259965452393
taurocholate,direct_neighbor_ridge,lung,300.9816320531264,301.5689362597554,352,0.8550614546963818
taurocholate,direct_neighbor_ridge,oesophagus,36.986753631578736,34.686903280145394,50,0.7397350726315747
taurocholate,direct_neighbor_ridge,ovary,84.48938478161354,85.98553954692805,90,0.9387709420179282
taurocholate,direct_neighbor_ridge,pancreas,83.73787562070609,81.23059380632401,82,1.0211936051305621
taurocholate,direct_neighbor_ridge,skin,68.32108523004948,67.16255007340389,104,0.6569335118273988
taurocholate,direct_neighbor_ridge,soft_tissue,62.05715912457327,61.1993079381605,36,1.7238099756825909
taurocholate,direct_neighbor_ridge,stomach,49.2941957621882,51.376726049707045,74,0.6661377805701109
taurocholate,direct_neighbor_ridge,upper_aerodigestive_tract,21.110173919513077,21.163701530997592,60,0.35183623199188463
taurocholate,direct_neighbor_ridge,urinary_tract,41.45752458476004,38.94649715201725,50,0.8291504916952007
thymidine,direct_neighbor_ridge,autonomic_ganglia,43.85197445407536,43.159828637020645,32,1.370374201689855
thymidine,direct_neighbor_ridge,bone,30.36778836933619,31.652636997321743,38,0.7991523255088471
thymidine,direct_neighbor_ridge,breast,79.21203479552706,77.7946872798995,98,0.8082860693421129
thymidine,direct_neighbor_ridge,central_nervous_system,147.76493889849144,146.96538968149923,98,1.5078054989641982
thymidine,direct_neighbor_ridge,endometrium,112.05776273974635,116.11973195586498,56,2.0010314774954705
thymidine,direct_neighbor_ridge,haematopoietic_and_lymphoid_tissue,456.22304193294354,462.3939306586684,326,1.3994571838433851
thymidine,direct_neighbor_ridge,kidney,26.32819329710874,26.521197563576585,46,0.5723520281980161
thymidine,direct_neighbor_ridge,large_intestine,86.9720131395951,89.09637456833272,110,0.79065466490541
thymidine,direct_neighbor_ridge,liver,47.095283418962,48.815614590891364,50,0.94190566837924
thymidine,direct_neighbor_ridge,lung,299.6151969283294,304.21564002373356,352,0.8511795367282086
thymidine,direct_neighbor_ridge,oesophagus,34.63560224708579,30.96752194059733,50,0.6927120449417159
thymidine,direct_neighbor_ridge,ovary,95.96038183777179,93.7728081590994,90,1.066226464864131
thymidine,direct_neighbor_ridge,pancreas,62.34449358580463,65.32128095676353,82,0.7602987022659101
thymidine,direct_neighbor_ridge,skin,71.71764418045345,72.66157325860657,104,0.68959273250436
thymidine,direct_neighbor_ridge,soft_tissue,35.76216190375146,37.04749193457819,36,0.9933933862153184
thymidine,direct_neighbor_ridge,stomach,86.33588143322962,83.43016910440078,74,1.1667011004490488
thymidine,direct_neighbor_ridge,upper_aerodigestive_tract,55.29078217880252,56.39780371546568,60,0.9215130363133753
thymidine,direct_neighbor_ridge,urinary_tract,24.253921005241835,23.399459908770275,50,0.4850784201048367
thymine,direct_neighbor_ridge,autonomic_ganglia,91.99869573040009,84.27862672670544,32,2.8749592415750027
thymine,direct_neighbor_ridge,bone,30.939071348579837,33.273008548823974,38,0.8141860881205221
thymine,direct_neighbor_ridge,breast,117.98206273169512,128.79434092839966,98,1.2038985993030114
thymine,direct_neighbor_ridge,central_nervous_system,98.67577346036431,98.76215126109179,98,1.006895647554738
thymine,direct_neighbor_ridge,endometrium,94.01817572613476,97.61401241244545,56,1.6788959951095492
thymine,direct_neighbor_ridge,haematopoietic_and_lymphoid_tissue,292.8175593172499,285.586553099819,326,0.8982133721388034
thymine,direct_neighbor_ridge,kidney,47.51487847299089,49.07568476782979,46,1.0329321407171932
thymine,direct_neighbor_ridge,large_intestine,108.95792515220374,122.39085338886794,110,0.9905265922927613
thymine,direct_neighbor_ridge,liver,59.459456288160325,59.08143542980079,50,1.1891891257632066
thymine,direct_neighbor_ridge,lung,283.6557379121973,292.6401833147617,352,0.8058401645232878
thymine,direct_neighbor_ridge,oesophagus,54.61438480326258,52.64669050023031,50,1.0922876960652517
thymine,direct_neighbor_ridge,ovary,65.77374545827583,64.99321678083675,90,0.7308193939808425
thymine,direct_neighbor_ridge,pancreas,106.29390705751197,114.96851477694149,82,1.2962671592379509
thymine,direct_neighbor_ridge,skin,81.6693029527229,74.68622177314514,104,0.7852817591607971
thymine,direct_neighbor_ridge,soft_tissue,17.886608033371818,19.97363389083264,36,0.4968502231492172
thymine,direct_neighbor_ridge,stomach,72.94899395166192,75.09489790036561,74,0.9857972155629989
thymine,direct_neighbor_ridge,upper_aerodigestive_tract,60.43704087293437,62.46863050528738,60,1.0072840145489061
thymine,direct_neighbor_ridge,urinary_tract,49.831475943174055,49.537284365578465,50,0.9966295188634811
thyroxine,direct_neighbor_ridge,autonomic_ganglia,22.58337015580645,30.80985145543534,32,0.7057303173689515
thyroxine,direct_neighbor_ridge,bone,29.633031245979392,27.577098816109412,38,0.7798166117362998
thyroxine,direct_neighbor_ridge,breast,81.59066135674635,107.12627675534888,98,0.8325577689463913
thyroxine,direct_neighbor_ridge,central_nervous_system,50.151094452573396,84.63230254043158,98,0.511745861760953
thyroxine,direct_neighbor_ridge,endometrium,26.16336209883468,64.78016860998252,56,0.46720289462204784
thyroxine,direct_neighbor_ridge,haematopoietic_and_lymphoid_tissue,291.91708229836246,806.0007256036415,326,0.8954511726943634
thyroxine,direct_neighbor_ridge,kidney,19.34330753324767,22.098777636746245,46,0.42050668550538417
thyroxine,direct_neighbor_ridge,large_intestine,56.89481703783279,117.95785486341731,110,0.5172256094348435
thyroxine,direct_neighbor_ridge,liver,26.510654128862505,41.45342186669866,50,0.5302130825772501
thyroxine,direct_neighbor_ridge,lung,156.98765967986446,272.5758099919716,352,0.4459876695450695
thyroxine,direct_neighbor_ridge,oesophagus,19.399216667339402,27.121717923892234,50,0.38798433334678806
thyroxine,direct_neighbor_ridge,ovary,53.25035213404692,79.98913678322765,90,0.591670579267188
thyroxine,direct_neighbor_ridge,pancreas,45.03286855962661,64.25528223661999,82,0.5491813238978854
thyroxine,direct_neighbor_ridge,skin,61.39603042595757,75.69166635950609,104,0.5903464464034381
thyroxine,direct_neighbor_ridge,soft_tissue,19.969820259977695,28.656701663669313,36,0.5547172294438248
thyroxine,direct_neighbor_ridge,stomach,81.29982865430107,118.85044879846436,74,1.0986463331662306
thyroxine,direct_neighbor_ridge,upper_aerodigestive_tract,23.773078374935114,37.436323649740196,60,0.39621797291558525
thyroxine,direct_neighbor_ridge,urinary_tract,13.15957153046379,26.97687386951634,50,0.2631914306092758
trimethylamine-N-oxide,direct_neighbor_ridge,autonomic_ganglia,21.70226415020833,32.084729486560185,32,0.6781957546940103
trimethylamine-N-oxide,direct_neighbor_ridge,bone,11.321859876514079,16.709417973233492,38,0.2979436809608968
trimethylamine-N-oxide,direct_neighbor_ridge,breast,34.01637284427499,46.405524692281546,98,0.3471058453497448
trimethylamine-N-oxide,direct_neighbor_ridge,central_nervous_system,36.21806897275255,38.674096357222346,98,0.369572132375026
trimethylamine-N-oxide,direct_neighbor_ridge,endometrium,19.507562016927995,18.398818116911848,56,0.34834932173085703
trimethylamine-N-oxide,direct_neighbor_ridge,haematopoietic_and_lymphoid_tissue,580.1772629690847,645.0465102783012,326,1.7796848557333886
trimethylamine-N-oxide,direct_neighbor_ridge,kidney,13.428379347739293,15.074551263858453,46,0.2919212901682455
trimethylamine-N-oxide,direct_neighbor_ridge,large_intestine,27.22373874781872,32.214738852448704,110,0.2474885340710793
trimethylamine-N-oxide,direct_neighbor_ridge,liver,12.123766864118965,15.709102494578026,50,0.2424753372823793
trimethylamine-N-oxide,direct_neighbor_ridge,lung,1191.993323159316,1277.2349159846665,352,3.386344668066239
trimethylamine-N-oxide,direct_neighbor_ridge,oesophagus,15.558712571500735,24.257013411422676,50,0.3111742514300147
trimethylamine-N-oxide,direct_neighbor_ridge,ovary,51.05387109449352,49.1096585679748,90,0.5672652343832614
trimethylamine-N-oxide,direct_neighbor_ridge,pancreas,29.946592844092947,41.9798733875467,82,0.3652023517572311
trimethylamine-N-oxide,direct_neighbor_ridge,skin,23.905492869851177,30.323543052477326,104,0.2298605083639536
trimethylamine-N-oxide,direct_neighbor_ridge,soft_tissue,14.318026272392354,17.28228966487603,36,0.3977229520108987
trimethylamine-N-oxide,direct_neighbor_ridge,stomach,27.76525849542677,32.456208967108786,74,0.37520619588414555
trimethylamine-N-oxide,direct_neighbor_ridge,upper_aerodigestive_tract,15.353458106331916,20.560596343507175,60,0.2558909684388653
trimethylamine-N-oxide,direct_neighbor_ridge,urinary_tract,15.295231276058416,18.323462857345437,50,0.3059046255211683
tyrosine,direct_neighbor_ridge,autonomic_ganglia,21.151278350785365,31.089284102199514,32,0.6609774484620426
tyrosine,direct_neighbor_ridge,bone,26.107739526473033,39.70790828158148,38,0.6870457770124482
tyrosine,direct_neighbor_ridge,breast,53.3036917060233,72.49215963353328,98,0.5439152214900337
tyrosine,direct_neighbor_ridge,central_nervous_system,56.28950798102825,86.35625736784759,98,0.5743827345002883
tyrosine,direct_neighbor_ridge,endometrium,24.98215580500559,39.647523937015734,56,0.4461099250893855
tyrosine,direct_neighbor_ridge,haematopoietic_and_lymphoid_tissue,246.43527296594726,826.8185631110293,326,0.7559364201409425
tyrosine,direct_neighbor_ridge,kidney,15.865073635900123,28.29286955505329,46,0.34489290512826354
tyrosine,direct_neighbor_ridge,large_intestine,113.5736932041577,142.73943494397776,110,1.0324881200377973
tyrosine,direct_neighbor_ridge,liver,29.615362583544865,56.41159345774172,50,0.5923072516708973
tyrosine,direct_neighbor_ridge,lung,259.10283146723145,350.3507921735718,352,0.7360875893955439
tyrosine,direct_neighbor_ridge,oesophagus,16.473175002334436,8.354524679828032,50,0.32946350004668873
tyrosine,direct_neighbor_ridge,ovary,38.41062025319742,55.9463278072323,90,0.42678466947997135
tyrosine,direct_neighbor_ridge,pancreas,50.66387512728073,47.702639045160126,82,0.6178521356985455
tyrosine,direct_neighbor_ridge,skin,53.78964255540074,74.90555768197963,104,0.5172081014942379
tyrosine,direct_neighbor_ridge,soft_tissue,29.19241665953382,42.11410742487865,36,0.8109004627648283
tyrosine,direct_neighbor_ridge,stomach,60.58722129341132,56.97720682657253,74,0.8187462336947475
tyrosine,direct_neighbor_ridge,upper_aerodigestive_tract,54.25854006281799,80.56929447250039,60,0.9043090010469665
tyrosine,direct_neighbor_ridge,urinary_tract,52.17765580381211,66.14750265808209,50,1.0435531160762421
uracil,direct_neighbor_ridge,autonomic_ganglia,33.451470223290485,33.64371909375918,32,1.0453584444778277
uracil,direct_neighbor_ridge,bone,30.32329926082233,26.03590622798076,38,0.7979815594953245
uracil,direct_neighbor_ridge,breast,87.45335698714321,92.01694623202643,98,0.8923811937463593
uracil,direct_neighbor_ridge,central_nervous_system,78.31890501650592,71.52468020543918,98,0.7991725001684278
uracil,direct_neighbor_ridge,endometrium,43.246146256698026,40.47205277884424,56,0.7722526117267504
uracil,direct_neighbor_ridge,haematopoietic_and_lymphoid_tissue,906.6856450143193,998.9248178820667,326,2.781244309859875
uracil,direct_neighbor_ridge,kidney,40.900511917398866,24.21908535475143,46,0.8891415634217145
uracil,direct_neighbor_ridge,large_intestine,67.20792050158924,91.68932373742892,110,0.6109810954689932
uracil,direct_neighbor_ridge,liver,37.850125733407275,41.06662806579172,50,0.7570025146681455
uracil,direct_neighbor_ridge,lung,322.9792567615959,335.8797649488789,352,0.9175547067090792
uracil,direct_neighbor_ridge,oesophagus,17.88034552808837,22.3275624808379,50,0.3576069105617674
uracil,direct_neighbor_ridge,ovary,62.81166627143478,62.42391220777729,90,0.697907403015942
uracil,direct_neighbor_ridge,pancreas,92.83668836412963,98.57202466587525,82,1.1321547361479223
uracil,direct_neighbor_ridge,skin,56.266060199733325,58.78805571808588,104,0.5410198096128205
uracil,direct_neighbor_ridge,soft_tissue,23.011279364921148,27.328768882563246,36,0.639202204581143
uracil,direct_neighbor_ridge,stomach,61.79842311405019,61.78292204484784,74,0.8351138258655431
uracil,direct_neighbor_ridge,upper_aerodigestive_tract,60.238508632737165,47.567470842579176,60,1.0039751438789528
uracil,direct_neighbor_ridge,urinary_tract,35.04549964569165,32.80062053348276,50,0.7009099929138329
urate,direct_neighbor_ridge,autonomic_ganglia,23.02748945543892,32.074867518782256,32,0.7196090454824663
urate,direct_neighbor_ridge,bone,14.686832832773879,25.484851980286585,38,0.3864956008624705
urate,direct_neighbor_ridge,breast,102.04144455699458,108.83815007035699,98,1.0412392301734141
urate,direct_neighbor_ridge,central_nervous_system,38.92042218933957,59.713407877414916,98,0.39714716519734256
urate,direct_neighbor_ridge,endometrium,28.96328926017874,45.22274524385566,56,0.5172015939317632
urate,direct_neighbor_ridge,haematopoietic_and_lymphoid_tissue,379.94497135663005,418.3658354783598,326,1.1654753722596014
urate,direct_neighbor_ridge,kidney,32.91632133279877,39.96906593849746,46,0.7155722028869299
urate,direct_neighbor_ridge,large_intestine,79.09639856577692,104.29981673492942,110,0.7190581687797902
urate,direct_neighbor_ridge,liver,36.8054367163534,39.296526932809165,50,0.7361087343270679
urate,direct_neighbor_ridge,lung,474.5045320665938,566.5556477596119,352,1.3480242388255506
urate,direct_neighbor_ridge,oesophagus,29.636159051302656,31.455763449743532,50,0.5927231810260531
urate,direct_neighbor_ridge,ovary,93.97875434234038,114.00482067589824,90,1.0442083815815597
urate,direct_neighbor_ridge,pancreas,37.79274213857342,49.54349385149737,82,0.4608870992508954
urate,direct_neighbor_ridge,skin,59.29133878056937,75.86539347058688,104,0.570109026736244
urate,direct_neighbor_ridge,soft_tissue,26.913289770396766,36.753250022992155,36,0.7475913825110213
urate,direct_neighbor_ridge,stomach,61.6747238176206,74.94142893173479,74,0.8334422137516297
urate,direct_neighbor_ridge,upper_aerodigestive_tract,28.865873742911408,33.77698245579792,60,0.4810978957151901
urate,direct_neighbor_ridge,urinary_tract,22.732910096336784,25.80716895901786,50,0.45465820192673567
uridine,direct_neighbor_ridge,autonomic_ganglia,108.75550918733666,111.89200898282459,32,3.3986096621042705
uridine,direct_neighbor_ridge,bone,27.563849214766243,37.23584136336252,38,0.7253644530201643
uridine,direct_neighbor_ridge,breast,82.20984394292104,74.81110804618463,98,0.8388759586012351
uridine,direct_neighbor_ridge,central_nervous_system,41.33285193822739,35.580937129768586,98,0.4217637952880346
uridine,direct_neighbor_ridge,endometrium,36.2661538539156,50.10930872124911,56,0.6476098902484928
uridine,direct_neighbor_ridge,haematopoietic_and_lymphoid_tissue,778.6063202775363,1044.2277223711055,326,2.388362945636614
uridine,direct_neighbor_ridge,kidney,19.124328443370647,21.932579743251196,46,0.41574627050805757
uridine,direct_neighbor_ridge,large_intestine,92.89108633777833,113.77807445126902,110,0.8444644212525303
uridine,direct_neighbor_ridge,liver,27.04452269160089,26.22043838089776,50,0.5408904538320178
uridine,direct_neighbor_ridge,lung,267.3170573613756,271.5093856386638,352,0.7594234584129989
uridine,direct_neighbor_ridge,oesophagus,23.605820663952755,21.088529171033628,50,0.4721164132790551
uridine,direct_neighbor_ridge,ovary,43.24051208078694,45.1689690726022,90,0.48045013423096605
uridine,direct_neighbor_ridge,pancreas,31.412963833245833,26.43851162832445,82,0.3830849247956809
uridine,direct_neighbor_ridge,skin,32.83281537696979,37.63539830002451,104,0.31570014785547873
uridine,direct_neighbor_ridge,soft_tissue,53.2813923881425,33.09966723780552,36,1.4800386774484027
uridine,direct_neighbor_ridge,stomach,58.60367591985874,66.23282538615567,74,0.7919415664845776
uridine,direct_neighbor_ridge,upper_aerodigestive_tract,25.587113915278238,20.864495130264,60,0.4264518985879706
uridine,direct_neighbor_ridge,urinary_tract,24.234932855998576,26.034030324135017,50,0.4846986571199715
valine,direct_neighbor_ridge,autonomic_ganglia,26.557488060166317,29.498809110084096,32,0.8299215018801974
valine,direct_neighbor_ridge,bone,35.009808705590636,51.49272013393129,38,0.9213107554102798
valine,direct_neighbor_ridge,breast,63.02584344505069,75.36695049477167,98,0.6431208514801091
valine,direct_neighbor_ridge,central_nervous_system,84.92399485531391,108.76916912651596,98,0.8665713760746317
valine,direct_neighbor_ridge,endometrium,31.294930819478143,40.94361799518636,56,0.558838050347824
valine,direct_neighbor_ridge,haematopoietic_and_lymphoid_tissue,340.92458656556767,611.3309580568371,326,1.045780940385177
valine,direct_neighbor_ridge,kidney,26.19653199892808,42.256647095248574,46,0.569489826063654
valine,direct_neighbor_ridge,large_intestine,100.76438346391998,126.84244240041293,110,0.9160398496719998
valine,direct_neighbor_ridge,liver,51.94151841450556,45.85817395002347,50,1.0388303682901112
valine,direct_neighbor_ridge,lung,299.46056100129067,311.34991297090335,352,0.850740230117303
valine,direct_neighbor_ridge,oesophagus,32.21695686037047,29.386107513437203,50,0.6443391372074094
valine,direct_neighbor_ridge,ovary,54.96962669867315,70.44935768637984,90,0.6107736299852573
valine,direct_neighbor_ridge,pancreas,50.11776151961696,44.63222663955041,82,0.6111922136538654
valine,direct_neighbor_ridge,skin,120.29210639670917,139.277174945972,104,1.1566548691991267
valine,direct_neighbor_ridge,soft_tissue,22.28290128379127,22.288543882601576,36,0.618969480105313
valine,direct_neighbor_ridge,stomach,49.720313489184015,50.84709496756809,74,0.6718961282322164
valine,direct_neighbor_ridge,upper_aerodigestive_tract,90.38256897995556,110.23937553978224,60,1.506376149665926
valine,direct_neighbor_ridge,urinary_tract,57.93556951023781,70.75660217778488,50,1.1587113902047563
xanthine,direct_neighbor_ridge,autonomic_ganglia,51.22635524809749,66.23502903326178,32,1.6008236015030466
xanthine,direct_neighbor_ridge,bone,19.316540420032638,25.575915340983748,38,0.5083300110534905
xanthine,direct_neighbor_ridge,breast,70.90563612911912,93.40831848281857,98,0.7235268992767256
xanthine,direct_neighbor_ridge,central_nervous_system,27.54115830744538,47.56669517001732,98,0.28103222762699365
xanthine,direct_neighbor_ridge,endometrium,12.010948308061927,42.4444001416222,56,0.21448121978682014
xanthine,direct_neighbor_ridge,haematopoietic_and_lymphoid_tissue,628.3483520785733,1738.1470083767015,326,1.9274489327563598
xanthine,direct_neighbor_ridge,kidney,6.953005288761749,19.141393315302636,46,0.15115228888612497
xanthine,direct_neighbor_ridge,large_intestine,49.491727867589844,66.6924826469326,110,0.4499247987962713
xanthine,direct_neighbor_ridge,liver,7.663872421772553,32.9129686923225,50,0.15327744843545107
xanthine,direct_neighbor_ridge,lung,140.07873589197703,320.9224233482166,352,0.39795095423857113
xanthine,direct_neighbor_ridge,oesophagus,7.572876146677876,16.035138514178993,50,0.15145752293355752
xanthine,direct_neighbor_ridge,ovary,23.488106621497728,55.873249868046905,90,0.2609789624610859
xanthine,direct_neighbor_ridge,pancreas,25.82161997595402,48.62857370219443,82,0.31489780458480515
xanthine,direct_neighbor_ridge,skin,30.25434124133866,35.9850462310532,104,0.29090712732056406
xanthine,direct_neighbor_ridge,soft_tissue,14.846047718457429,33.8188961266503,36,0.41239021440159523
xanthine,direct_neighbor_ridge,stomach,35.10862514647104,51.54981503410463,74,0.47444088035771675
xanthine,direct_neighbor_ridge,upper_aerodigestive_tract,11.480397704219493,24.656599438329877,60,0.19133996173699155
xanthine,direct_neighbor_ridge,urinary_tract,10.851430462304004,22.396555406015327,50,0.21702860924608008
xanthosine,direct_neighbor_ridge,autonomic_ganglia,22.798697820957333,22.016397327107157,32,0.7124593069049167
xanthosine,direct_neighbor_ridge,bone,19.942857587611044,22.08656209756773,38,0.524812041779238
xanthosine,direct_neighbor_ridge,breast,131.99141756276842,128.53162127447231,98,1.3468511996200858
xanthosine,direct_neighbor_ridge,central_nervous_system,87.42840099340874,87.09613607341502,98,0.8921265407490688
xanthosine,direct_neighbor_ridge,endometrium,44.099276571780614,46.21537376805728,56,0.7874870816389395
xanthosine,direct_neighbor_ridge,haematopoietic_and_lymphoid_tissue,846.0892598525295,882.5872664649976,326,2.5953658277684952
xanthosine,direct_neighbor_ridge,kidney,33.432495817317935,30.601550780587818,46,0.7267933873329986
xanthosine,direct_neighbor_ridge,large_intestine,109.83781378339181,102.45779675132013,110,0.9985255798490165
xanthosine,direct_neighbor_ridge,liver,67.56429723986236,68.0229925076185,50,1.3512859447972472
xanthosine,direct_neighbor_ridge,lung,367.6507297469669,384.1154207891632,352,1.0444623004175195
xanthosine,direct_neighbor_ridge,oesophagus,21.767376248417946,24.466950449882805,50,0.43534752496835893
xanthosine,direct_neighbor_ridge,ovary,50.30914776155746,52.53144476977794,90,0.5589905306839718
xanthosine,direct_neighbor_ridge,pancreas,34.505073239763206,36.08587435265258,82,0.42079357609467327
xanthosine,direct_neighbor_ridge,skin,27.497515311264024,26.944119533474666,104,0.264399185685231
xanthosine,direct_neighbor_ridge,soft_tissue,32.24163272148265,34.565862440935895,36,0.8956009089300737
xanthosine,direct_neighbor_ridge,stomach,55.04409586867135,55.14147364324464,74,0.7438391333604236
xanthosine,direct_neighbor_ridge,upper_aerodigestive_tract,19.36215273899554,21.284138706772836,60,0.3227025456499257
xanthosine,direct_neighbor_ridge,urinary_tract,17.383892739141633,16.5181086074403,50,0.34767785478283264
